uid,label,pred,prob_ai
e8c2575a58f9a4e4ae6357edb9934718,0,0,7.4297255e-05
2887b6dcf46ef22e6a01732080ff0971,0,0,0.00015132623
8ff3047ffd7afd495bec6bf107c7f2fb,1,1,0.9999423
0e97246c3bb29059e4c6c3ef059b5ecd,1,1,0.9999429
4a20a605ae840a73fbc721591ffc8dc1,0,0,6.7153574e-05
33a7eae4bc8dd2ed6342f3f947879482,0,0,6.508326e-05
d68c08dafe5e5fcc03d5b17980aeb1c3,0,0,0.0004672741
04852a5cb7b45190e8a5be89c9d1090d,0,0,6.730711e-05
6c1c33f072ac0c34f79d5ef3f5771bbf,0,0,0.01393988
e058f8ab88ad00ee27579504ca668040,0,0,0.0019689428
8fb7be934395a193db4485c2654cab6f,1,1,0.9999255
970c17dd64075d46a7a43f63e061cdb9,1,1,0.999946
5c1491ef62d8c43c6f1fd1fe8a88d889,1,1,0.9999447
b66b973cf2685f3593c29f1d9f8c7ed6,1,1,0.99994206
86b07bf0919fd833fb1980ce93659f1d,0,0,6.485285e-05
37d9a6a9d345b73f35d3a607fdc30807,0,0,0.0006189311
ef45768b5902d73ac3b7c7b1339dcba4,1,1,0.999943
a3d4193b0253ef486f967eea12941451,0,0,0.0053181923
4210eb8e67887607f1aae2d45ae38893,0,1,0.9999484
6215834dc51ba14622826cd13304e104,1,1,0.99994576
972b5efe808edfd3c0f4538f1246b483,1,1,0.9999385
e705612eb0f06fec6daa4aa973049de3,0,0,6.433966e-05
17c112634a300edf9c31f383d41a0ec3,0,1,0.9997061
465a7a7bc4428754761e41d1eea424e7,1,1,0.999941
d9d08b0f5678da822e106163c419df87,1,1,0.99994075
d2102cb60a2838223c38d5abb167d0bd,1,1,0.99994147
18e4fa0d20f8e66d95e4ca71b568b6eb,0,0,0.0010334246
8a10a9989da41d21a3ec7ab0204aed54,0,0,0.00047922457
3fc5272bc87e71ade05dd2552e4957f2,0,0,6.508301e-05
cd1bc6a53c88fe6d5dbf4036f41f1185,1,1,0.9999212
f002491597a86454171dcfad2075d9b4,1,1,0.9999436
7e65a4c38f0211df7ccaa9897719b2d9,1,1,0.99994445
789f7562c200f3ecc4bd29c3d8374933,0,0,6.730615e-05
dc5be0f600ff434d616c881a3282c006,1,1,0.9999316
dfabc11e12c0c27bfb5db7b9303a4d7e,0,0,6.483906e-05
457aac51bc1d03ebd285bf765319615a,0,0,9.1729606e-05
40fdc1dba5aabbcd3defa89bd998f074,0,0,6.646664e-05
2174e82d2b7abf0cdbc2a9049cbffc02,0,0,8.685639e-05
1cf5d91994f725d09ad49455334dc7d0,0,0,0.0002519231
a48c025258a4d16a28af78159d415625,0,0,6.451378e-05
1493c5c5c7b971a53affb96303c141a9,1,1,0.99994326
d72329c33979c7fc0a5956c30e7f5988,1,1,0.9999466
b3107e6c8f23a42da1fab5cb9cfd2ff4,0,0,6.917116e-05
d3421fb87903e5f8e7e1b9e968eb8e07,0,0,6.643338e-05
0b620c3e39f7f840339b948b422c4302,0,0,6.881299e-05
1e0594945d7fcd5ca277403cdbae0537,1,1,0.999936
aebc7dce15727c2c20ce78b23e34b2ea,1,1,0.9999466
40b6198471c15802fb6f0f26b70985fd,0,0,6.496185e-05
ba2084988f1df4b78cf06053bc002cfb,0,0,6.490921e-05
f5eab0ec0e9193f9cb84d56d496cc69f,1,1,0.99994755
2c7cbfd80f3248e07c6b6ee174042c0c,1,1,0.99994373
13e755b7297f04b7b1d9bf6c106b3ef9,1,1,0.99956113
980caebfd5bd2bdc60fa1bab87db2533,0,0,6.598012e-05
c03c159be59df11b99fdfd02fb9f6830,1,1,0.9999392
507df9566083a063956c218da6a56497,1,1,0.9999448
7ff50ba3f98d6fc3a06fe57ee5b814e2,1,1,0.99994516
331b6eb9fc4bbd6835add6188900cdc5,1,1,0.9999378
d64a9c76d6e92cf72217459eb1d72f16,1,1,0.99994457
ee36c11106c6cb5c46759f997320a0d9,1,1,0.9999473
c4759ef1e258046e8165b60807689bc9,1,1,0.9999467
71478e1f2b9adfbfb501c7641ff3ab96,1,1,0.9999429
260e74385c6fee468a62f4b319669b4f,0,0,0.00024771164
f1dbe67f70450987621b19f1ed0db8e9,0,0,6.511306e-05
43bd28c9541ff257a40e7099ffe1167c,1,1,0.9999434
dc841bf92f64ad2e16f70ffa82cb231e,1,1,0.9999398
d76fe8f474fc587f888850b24d11905a,1,1,0.99994195
d293ca483e06b1383b40460375e7a98b,1,1,0.99992037
9f5e3f638a666af583f54252312aa777,1,1,0.9999465
5c7456bc856a72a7250f789fd1fad131,1,1,0.9999368
1943f852d211e0137b1300b1a6d69dbb,0,0,0.14431569
cb736ed808cfa67f745863b40f4bdaa7,1,1,0.9999455
ccd39a983676ea062ed487bc66528ee0,0,0,6.476658e-05
1055b74a9faafaa15626f3f2a4ff2564,1,1,0.99994004
db435d57c9a37bc52113715dfbb5e395,0,0,6.580206e-05
79aafab45047df93eb22547eba78e247,1,1,0.99993575
a5af78d19fba8987e30c7d6481d99d03,0,0,9.6786556e-05
760c56cfa431b3d26b58349b4375fc3f,1,1,0.9999435
8eab25bc7adbe2f1103113d23b2a098a,1,1,0.9999356
da9c0dd57e436be990598121f315ff71,1,1,0.99994767
2333ac5e5e2e50a82efcf80038ec3704,0,0,6.517834e-05
501b5e1b252c9ea56d96d7412afac8dd,1,1,0.99994624
659d3356e297a5161cae7b41274dfbde,0,0,6.5569664e-05
7d450854762718bcbf501037b2c9ee4c,0,0,0.003922416
c6dc3a57f68e2bbdcb565d0c3c7ed08b,0,1,0.9892644
71b75a3907985cffbc2b4f47ee5dee6b,1,1,0.99992657
951477cb567f8e5c2439dea4a890c81a,0,0,6.737936e-05
a51c4186733f4039f4da0ed3cceeea3a,0,0,6.643369e-05
aa51f06db0278c8a07474665185286d3,1,1,0.9999336
d671199bc122ba668906fdee31e70129,0,0,6.705245e-05
4a6b4c2bbedc73ceb29762ab7543b48d,0,0,6.555778e-05
01f25ebc68e01acacc3bb67dd782e63d,0,0,6.9442925e-05
150b5d3e111c7474a60403b6c1853027,0,0,6.526511e-05
44b46e9e1112b605c6a4bd809f716b9e,1,1,0.99993944
bc3bf3c9ee291fd864ae61e0204b6f73,1,1,0.999933
40f014011dd62b1b7e57fdc22fb9e1dc,1,1,0.9999374
d4fb10ed84e33c3f35dbe8558cfc1468,1,1,0.99994564
a2dcd08dd83d777bea5773907f7cb5d0,0,0,0.00020211382
b0853e6c257f87243c29485ca0f711af,0,0,6.454381e-05
b4b6791900c709b40eca3411382f8168,0,0,6.969782e-05
888efc4a2b7b5fbd616fb1aba5a01b0f,1,1,0.99991906
d63de1e00be0ba5d14d28fb88a6b3e93,0,0,6.482552e-05
cdde6832a0d97e5a195844cea3f15997,0,0,7.012743e-05
5c68bab27c3008006cba43c6404f5046,1,1,0.99994457
44ae485c4936121a25b8da418c24a6f9,0,0,6.5215034e-05
29f1ca1e095e3d0b0a6cd2391e67a23c,0,0,6.520378e-05
9c19172a554572d0df4cb76ccbeacc06,0,0,6.465988e-05
370541ce90ac1d53a033866b38236e23,0,0,6.663914e-05
0ff6c11711ae6ecc10c045b2b6f834dd,0,0,0.0005664228
cce3c76a49c249565ca483e78dd7fa01,1,1,0.9999435
c588122e7897bdf9ff9758735d420e21,0,0,6.5070846e-05
95204b988c1891619ced8ee58806920e,1,1,0.99994123
5687e15c7a44493b0bc7541021ef68dd,0,0,6.480116e-05
45a00c2191efb07003ca1d9b891f07b2,0,0,0.00055983337
1c34b0b36aafc618fb0180451a95a944,1,1,0.9999471
ee06f5fe58dd89642ecb8b0db553592e,0,0,0.009587396
79d28ea5f0c829a3ab4fc546d25e4484,0,0,6.560444e-05
9b94cc9ab2b7d10823bb33149a6423f4,1,1,0.9999397
df6faadb5eb242179063198a5b06f43f,1,1,0.9999354
5a2b0ce9c20966dd0a14862d81c63a03,1,1,0.99991906
8e43e11392e1e1ac664505d3fa2e8b1f,0,0,6.510871e-05
6ae19585bb140964babd158c77504e6e,0,0,0.00019448742
4c7cc4d9f89461f1453b1eefe5efd10f,1,1,0.9999429
6069720dd2eccf1ff0cb6c9989d26dbb,1,1,0.99993956
f67715721b5497168a88d9149c4b1a60,1,1,0.9999217
9421b22b2cc6e6ad3fae81a0c128b148,0,0,6.812059e-05
25322c250c3a182ce24173e399f2c6cc,1,1,0.99994075
5e51c688a7b95e3c66e28b2e9bce0947,1,1,0.9999398
01266140fc4c037eb9d39d2739252eeb,1,1,0.99993837
16f6d6b3991c4d66665da0928d7a9b73,0,0,0.00012439938
dc3ac125fa5b6b199c0659de6b761d8f,0,0,6.54305e-05
aa1cae3339cb3b22a5d72dfc9930ef6d,0,0,7.613667e-05
149b92d580cdc3805fdfeddf86b48d80,0,0,6.521988e-05
e239a489fc300d29204d8c7f2a911c75,1,1,0.99993575
c5eebadb13f46942db277bdf55cab112,0,0,6.60621e-05
6ad71bb3478898843b96861a1879acbc,1,1,0.99994767
11f7813cdfa40af247bc0aac3f3316e0,0,0,6.753567e-05
aec5c26c0682f1cee6ecd93b2e4359df,1,1,0.99994135
41e52c5ee23d03cf445f9b0f40cc4088,0,0,0.2914775
deb5796c396af64367e3853f4d70ed34,1,1,0.9999453
67362cf97609eced40db57bf464334d2,1,1,0.99993825
d80defe9bfada0445ae726453737a20e,0,0,6.678482e-05
617f88b82fbeed58157c9921787be2be,1,1,0.99994516
7a55230c6f020797e39a46034b376b2f,0,0,7.395372e-05
ca4d0e5ebd3435c45c6791d2a207ebdd,1,1,0.9999422
9ff6ab88b201dbfb8af45d8b962ad424,1,1,0.99994326
47b893f01932afb28f5dada3d2604aeb,1,1,0.9999454
00c8196411d0a328bbb8a3cf72cd5177,1,1,0.9999422
68a3ca35f36708c8b0cfb0db9d3a39b6,1,1,0.9999448
dc5dedc15c0013c95f5d01c247bc0d55,0,0,6.739851e-05
741427f807dad4831e09ec5238b1d6f2,1,1,0.9999422
08952ba80c48fdca37d044ef0a45de24,1,1,0.9999434
c95b16b2360946df404b9eefe01d36a3,0,0,6.4979824e-05
ab8f0e31f2bb239f7a5f6f525ec607c7,0,0,0.0074366294
2ac03db1a4240b3562352d893fb801e2,1,1,0.9999465
80da3a10fc14b9625d1c425d2773ec20,0,0,8.8111476e-05
b630b759eb25d4d91fd01cdf284f9d8c,0,0,7.447003e-05
a2c4ab20abad96073c90ed5d100d7993,0,0,6.482027e-05
36419e8897f7b3a86248b5ed797b463d,0,0,7.010804e-05
855743b8111e009fc3976a183c1baf68,1,1,0.99993885
b5b8f626509785ad8b2b08e4c4bc4208,0,0,6.524557e-05
1d3c802a4ba826e29cc6cdc48f20849a,0,0,6.606342e-05
72293ded2c6c871f162d008f5a9c4f8a,1,1,0.99994063
c2892d30a7ff88b210c8e9bd6e004bdf,0,0,8.633764e-05
2f806b91caa53807ef97c2cc51e20367,1,1,0.9999418
ef267ef386bab433067c578eb0ec97de,1,1,0.99994326
b8d20b195e11a5dc2d826e9295592fb5,1,1,0.9999447
f415bc3ad517b189328e996b08d3990e,0,0,6.748868e-05
3c096d637dff8ea494d47df2ff0eb636,0,0,6.558061e-05
e201789bd6c6a770fe690fa2980e55f0,1,1,0.99993193
12d55e067555f107a28ad5cf2e31f2f0,0,0,8.206061e-05
787e5866b773683f2f4e12765c88ec11,1,1,0.9999417
e8d64921b18fe9fe4fd67d172962b561,0,0,0.009032469
b4b1f14679f38efe33c18223908ac209,0,0,0.00019485383
4e592488f9a554a38d7328534ae3e5b0,0,0,6.749048e-05
fe7bb0461e1093b4f1c9a0c0cec4bdb2,0,0,6.59488e-05
e6062eec04dd4f85b2b2028396d16f78,1,1,0.99994445
deb046d535a7c53f51d7ef1c9bfc3bbe,0,0,0.0003360321
83e4262453203c6f47be9c6ae3784a95,0,0,6.8147805e-05
5cc25ff32c9a232ef50aa5489cfbce43,1,1,0.9999298
f533398a6d5aabca6c29c57ba082572d,1,1,0.9999442
b275acf8e30c7c857ddfc4e215dd5d8e,1,1,0.9999399
20ca05f4154449a8988afcac9e713454,1,1,0.99994564
fe5b7d0b280fbe65d2f4fc60a65fb820,1,1,0.99994206
c3fcea665df829991a312cf91b51f3d3,1,1,0.9999411
34e48d398b2c8b4e41d2a5b0085fa1ad,1,1,0.99994016
b49b05856ec04a50638d06a25ebebc41,1,1,0.99994373
1e760cb4d6db7cd1f1189f86af54a361,0,0,6.504851e-05
839b2d30d043680b560925cead69e407,1,1,0.9999473
ff2f60893312eca3483b95e91d545698,0,1,0.999948
ac50434758a1fe82f91ac9dad4598a15,0,0,0.025336
4a9bd511fadab2a464c6c5af4aa496d6,1,1,0.99993896
20f7f4c2826d1b752d1ea90648f04528,1,1,0.9999429
4fc10b5a24e1d135bc91020f4950ec10,0,0,6.83297e-05
8752e44237f0687b07f292a397b6a3e5,0,0,6.673682e-05
bbc6888e96c3fd5fba00571608333b17,0,0,6.723328e-05
db137355f06261258052529c868861e4,1,1,0.9999379
2b77b9c69c13402b65e00090b17797b3,1,1,0.99994504
9b2679e128c83c61bf859f5f67ebd2bc,0,0,6.443066e-05
379b23b6b5d9403eb481d3b737048183,0,0,6.577934e-05
e07dff2b3cad02d5368d73bb2ecda8d1,0,0,0.38646454
041077c00852e164eac8d286f50eb336,1,1,0.99994135
810e9fda74d31e060cf46e62d652b5d3,1,1,0.99994516
ed930e7322bdfd2d3793395ffb562416,1,1,0.9999176
83739cd910d6eee59ea3dd17f18f3a30,1,1,0.9999424
acbe5fea8d21384c25d11e147747ab35,1,1,0.99994504
b878d586c73a903226d31e4d9d78644d,1,1,0.9999459
3c1eae5ef456fe25b04e099e4de120d4,0,0,6.488323e-05
2ac698bd64b18a8d2a6df9100aebc99f,1,1,0.99993587
bee162281bf18608ab9afd64a81406e8,1,1,0.99994624
d6406e39ad9b26216792f4b771512275,1,1,0.99994457
11d82c110990d4ca2b1b5a4cb369a768,0,0,6.725828e-05
a2ce43371699eeda1c2d837574816540,1,1,0.99994504
4200cac72b4ab91a00bec24b99201b90,0,0,6.525223e-05
45276167101083bc11a1e83c1776de37,0,0,0.00012775551
6c74f826a4c1e8ab1490ef8582363fdb,1,1,0.9999372
e806d45eabe8798f9a5e7df2ed283f2f,1,1,0.9999434
66eb9e07bc47d65674a372b27ead262a,0,0,0.0005611717
37f4f278d275155bb658fd8ed162536c,1,1,0.9999447
733a1447aa49f08f5dcebbcbd0dfc558,0,0,6.479387e-05
97346aba6d8d5ae44d16aaba8107ee13,0,0,0.017843131
35352379bcf64ec4d2f48f4506f03a4b,0,0,9.644936e-05
dd48ef8a8f879a76ee60ea1524e09e67,0,0,0.0049502095
61e741a95be4f61289ee68184bfc1e5e,0,0,0.00032013803
2cf0dfd30e33354fc54a4bbdef532d10,1,1,0.99994195
cf30ab5de90d2e5c5c61cb8a7b54a0f8,0,1,0.9988758
d63466783a664e7810fb1eb7431aa9f2,0,0,7.017319e-05
18678d37eee8621de2a9a961a875b43f,1,1,0.9999443
09b0bcda098f7b7820da6ccf652283ea,0,0,6.590618e-05
ff256080669aaaeb30e3b4186dc23ae6,0,0,6.6532215e-05
3e408f403ece67885873fbe69be2d11c,0,0,6.503722e-05
320d94a2ed6eeca341d431be639f7441,0,1,0.99687
1ee56276e27478a58773b2f03c56dfbc,0,0,6.6517365e-05
eb9c1017ba227dd647c0f48966757ec4,0,0,6.483758e-05
dd227b0963c160ad1f75d30a285bc208,0,0,7.693886e-05
e86f8ffe06ea480eb62822d3059db2e9,1,1,0.9999417
bfae8750afebf45ed79c3a0ffe877663,1,1,0.9999349
0254a8669af9d8a631141461842c268a,0,0,6.5185e-05
3055ee988c2b757c63ad4c00a3c96052,1,1,0.99994016
7f2efee97334995a6c179e3a00c31450,1,1,0.9999386
0f86e949dd66ca8998f13c7a27681485,0,0,8.54853e-05
af6c81b3b0c052ae5c4babf32d601033,0,0,7.0444796e-05
bb44bba59dbcd2e98b5723c436b8f886,1,1,0.99994636
621caaa7cba56f619c1142d7f154b902,0,0,6.7895155e-05
a9a7c7731a76da530827f646934d6d46,1,1,0.9999436
94f82adcf64e367816950fc2eda57d91,0,0,0.0017022142
296bff49e226e667842ed3f770c56d5f,1,1,0.99994326
6cc77ec681d113997d762574619a52db,0,0,6.593862e-05
d5c7c6e646ea1336e3f2b0b49ecdc109,1,1,0.9999442
c141ee424d2eb9943db70bb72867ae3f,1,1,0.9999424
140255b0591a3921042bd1b431c9dbc5,0,0,0.002288466
e025f9e05c059ace3e2f4a60b544a9a1,1,1,0.9999441
b19ba0cfd235339d63bc92a0595b402e,1,1,0.99994445
6f7585479122b6e7e369fd8b77796d7c,0,0,0.00023777013
e1db9652dd7d3d83509bf24a32e1a124,0,0,6.5583044e-05
0b0974f0555bad1a3d110f7d3ddb4d9e,1,1,0.9999442
b8fc3e4e4ff4db7cdb37ef666f8d8603,1,1,0.99994135
69b2a56efbc7095a5bacc571d7a60008,0,0,0.0011167247
1cae0efccde4361e623e7ddb19086766,0,1,0.68683666
6cb5df4581da9da29baa0f68f59113a8,1,1,0.9999306
2ac5a1d95484ce24e5f54a32ab216cec,1,1,0.99994624
ddba3ce704e3429b231edbcb69afbd2a,0,0,6.539607e-05
0f6cbe4bfba418b2acdd876ffc3e6378,0,0,7.803346e-05
6f7a9b26c317ca4700dff7f826bdc89c,1,1,0.99994373
8182d87d669e82821f3c6bdf7abfce7e,0,0,6.7674286e-05
db7fb49788b3689ab1a7f061fae14e49,0,0,0.0013414455
17875d3e9e041ef487bd79ebecfcc790,1,1,0.9999423
3d081b59ab72f066b89bb91ba1892283,1,1,0.99993765
6f826aca7009b778fad13172b3da94ec,1,1,0.9999391
4c23ac16d17393fb5d680d36139e07a2,0,0,0.0003684092
053d1fd20b5d535cafd3fea0fe532f52,0,0,6.693325e-05
e6991fbc8ac5801fc33ea50385f6df6c,1,1,0.99993825
659ad0b5a9faac4577394b5d506df5de,1,1,0.999944
3b9dc05b5e479187555cafd82e3e1784,1,1,0.99993587
ea0710c15c50ebd137403de961eef341,1,1,0.99994576
bf3a9409c178536338e750484be432ac,1,1,0.99994683
cf7e2043de63a0d9baf11ce1e1c01af8,1,1,0.99992955
a0d43ab28d3a9fb8ca7c0835c222ee9e,1,1,0.9999442
6f193e58048b614663888fb0edd8124b,0,0,6.478493e-05
a4310fe3b8513b5697d18cf0525e1655,1,1,0.9999404
be2b4a6f24c3b0a62438bf5527bd0313,0,1,0.99994695
d55c82808cf965bb4d7fed814092b5a1,1,1,0.99993265
de9e3e002b7227545850fd359df1c002,0,0,6.823639e-05
f342a62171b944668f386cf744a05ccd,0,0,6.760198e-05
e8c15c7b364416b49010fe77ecbc804a,0,0,0.0007811551
49ca6c256cc5c770ee08b3fa287cbec4,1,1,0.9999467
2ae04ef850c655b07b0bba4dd357b25b,0,0,8.5827545e-05
4d1259cb4e7ec780e65f2794a8b69127,1,1,0.99994266
a80d681f9cbfec53b8d65289780493be,1,1,0.9999417
0fac53053db6a23ac82d6407e7d7de59,0,0,0.00037077628
c166014becb8a6cef402d4585ed785c4,0,0,0.005889346
8f05980515f66a62c30fdb8d36c103a6,0,0,0.00068253867
3566f14cd9fcd72f4499f0b969de1efc,1,1,0.99994457
7ec5e48f9ce0a118b14f17e8c057ef87,0,0,0.00014670297
991d570b54ce0e694926a7a0a455209e,1,1,0.9999306
46873d9663381a3cabf1de75db44c1cc,0,0,6.571251e-05
083c054025cc938248458e076675e0cb,1,1,0.99993837
8d6d2b23aa7436e65f2f1de0046cabd7,1,1,0.99994314
e1dcb29ef7f1c67e81785a41458b39f3,0,0,0.0001280442
93eb9662a7cfff4721c2c49be765199e,1,1,0.9999455
b941351a6a8610201725f115d185ea7c,0,0,6.512038e-05
9d49a7a830ba033515b45d2499d7ac73,0,0,6.691098e-05
f43d16d5c1135fb65f435dd0ac55701c,1,1,0.9999455
69edcd577a55ec7eba67f5ff4b457021,1,1,0.99994314
7eb07d3d2bc393f3675887282f9721df,1,1,0.9999281
4d3397b7ee5f8bedaa81e690c913f832,0,0,6.5530905e-05
bb9d08c380f1cc428674a14f3049c58b,1,1,0.9999161
f870337e13757c327f5de7e3b715e531,0,0,6.67889e-05
9a9dfc6ebd2035252572482dce877830,0,0,6.5363274e-05
7e01469cf569e571b8cdc203d2215128,1,1,0.9999398
26a3be183ac32c1ce33fc2a406ef870f,0,0,6.79915e-05
0ab5d8f55b5051e9d5198b8a7687b2df,0,0,6.52656e-05
cc5563177a86447abbb0a1f85cb8453f,1,1,0.9999466
32842f7b20401e3ca42c942db4403e7a,1,1,0.9999329
361e919eea0e253fe41a591229656d9f,1,1,0.9999442
c4506edb4acc05605e57b7d6aac12d86,1,1,0.9999443
736de6f1477f1ac991fc555ba6d6374d,1,1,0.99993384
330bd5ec0a2b6e5ebe95ab51576fd694,1,1,0.9999448
4f531d36fd9f7567abcce66e19ec6ed2,1,1,0.99992955
7e7034f82935b6a23b55758288de61d8,0,0,6.921193e-05
0dfe554ca316bec516b247da327c0381,1,1,0.9999417
860d95b7e716bbb09f11e13d41cc473b,1,1,0.9997086
a941e9e012f4bed29ae9944b1443efb0,1,1,0.9999423
245e2f11df67d33e597315f5559ba197,0,0,6.5994594e-05
7464529f8f585c6c95f199f29a8e1fb8,0,0,7.258847e-05
801a483ede96353a2df6cc7b8857d2ee,1,1,0.9999368
f025e761aa70ff2c4b346ee348a7f551,0,0,6.601386e-05
f08f89fb5a8008efa4fe7260e4883032,0,0,6.614683e-05
65797e0d589e3f7fc8661354351a1208,1,1,0.99994445
1a2840d71870fcc1017c30d88c6bc21f,0,0,6.470835e-05
e9ba2c5c4b7f6c1b99ccca3c7736ce11,1,1,0.99993753
049c55ce5d7d9878e8c756ea8028f81c,1,1,0.99993885
4748bf9b72615a2dee2ad9b8e5f81df9,0,0,0.0012419146
e9b8a84ed04eae5fb3da12729a6700d7,1,1,0.99992967
e358f31419520aa1748bc9c829721554,1,1,0.99994636
695ad2fbb9f9316fa04534867d1baf7d,0,0,6.550254e-05
2572c10c1134f086e66e516e111fb468,0,0,6.5147266e-05
293ba0a49bc38e12136d98456c50e351,0,0,6.5277185e-05
e4d20389bb70fbda5062dd747aab1f7a,1,1,0.9999293
b00485c8cabb5b19331ebd7a5b49a9d8,1,1,0.99993455
7d03b83b6a687050ff3c25f4ba6440e3,1,1,0.9999455
aabbf5fd18d90165b2ee38532cf78ec0,0,0,6.606052e-05
cfa456ac891c0d7cd8d2c33d34693c1c,0,0,6.435808e-05
8fe9a9f2b9f7a84ef73d5c50085ec5e0,1,1,0.9999224
f5ae9c2163e89c1d572249fdf39de190,0,0,6.512523e-05
bc412cd307bb26138f216c50e0e9aa9f,1,1,0.99992764
c91ad5d2adb1450952fa472edffeb1a7,1,1,0.9999391
d8a1ba4beca2a5cd8ee4068e7219c14a,1,1,0.99994135
395621687dd1621f1f1844f7837a4f7b,0,0,6.498615e-05
0d783c86d60e44ba708989651c4585c0,0,0,0.00016321894
bb5de14dc2b1c1b2f33c8463b4796624,0,0,0.019395044
db8da94bbfacdf016f8195370af758b7,0,0,6.73773e-05
a6a2a6719cb43a16ea5c7efaba31e57a,1,1,0.99994254
b14fc6cba0e04ad959fa84638f0b8643,1,1,0.9999455
5987b0fc6995bfddf8f821ebda933d71,0,0,6.544622e-05
dc459beebc78d561328d90e1b593fccd,1,1,0.99994636
dbaa2505bba346eff7f9b729cc5d8f0f,1,1,0.99993956
a379de09cad5b86ebefb6d59a364b44b,1,1,0.999946
aeb0a90fdc28043accf0f1cd2dac2033,0,0,6.522088e-05
27b80a7932ddd72771485f24c4658d79,1,1,0.9999429
a07b2e6c2f6ef0507742bc2e6f0f1ff6,0,0,6.565074e-05
1783fdb6f8c3b835dcb9cd01c51d63df,1,1,0.99994147
666775095ca28193f5db60fc2ea6c7e3,0,0,0.00028119344
d7c1fa9c463646e79f3596fadd1103bb,1,1,0.9999443
0e1d06a2c160f8914a5bcbf5eaadae19,0,1,0.9853461
189c05170084f2452a7366c0fb9534df,1,1,0.9999417
9278323c2d4941e9d67f5136bb578319,1,1,0.9999287
9fb0edfa2572a06f0d2707fd51b6d66b,0,0,6.501663e-05
401f48d796ce3f315acd23bb5f3d66e4,0,0,7.6751334e-05
5db35cc1376b6e8c0c78557d974e581d,0,0,6.585892e-05
d153d6afc87c5a47541b3c987dce1d62,0,0,0.00035038116
da42ca4a01674a59c78b309b391334f3,1,1,0.99992704
8017c216a9ab93af14944f467528e336,1,1,0.9999405
6658d8932c8baf8aeafc97fbc6a1e0a9,0,0,6.45685e-05
13548a4cedb845e4c28acb5e146f5efc,0,0,6.556722e-05
eec1be870b5a3546d6fa701d519eea24,0,0,0.058610056
eeb8348654eab6e3f42b4662077bd44a,0,0,0.0017486893
e0357293ca50e18d341b342eaab56f9f,1,1,0.999943
1eb19a6fbf28e4a359f9842f2e8fc9fa,0,0,6.527276e-05
5e4fffecf482a48bf478054bd0c44e75,1,1,0.9999404
393b65f89f3a047254504ab1f2bb4acb,0,0,6.413984e-05
fa557ec007834c5ea75d9c028c29c1ad,0,0,6.470502e-05
7413fc44a2bab09a52e6b18644647ddb,0,0,6.782366e-05
e7405245ddfe74495e3964f9e831f6e2,1,1,0.9999261
79edf4ae5bc455f1222544b2d633583b,1,1,0.99993
c2a7c864fddc186388ebe5400b18dbc9,1,1,0.99992716
d82c46383ee4b6537e6e5a1999906d3b,0,0,6.45336e-05
11c27e4e5eb03d500de3de14c43f1bb5,1,1,0.9999417
eaf7054e6c6daa693d402336efd553c1,0,0,0.003104178
fc25bf59e8873966790b51f04c64fce0,1,1,0.9999217
bc3eef5e67fe59357d526191a5b4580b,1,1,0.9999323
1f191355f46bd6814767cbe25d74ea7d,1,1,0.99993706
cd2d9e4d0dc5b2edefd927f1c6343a1f,0,0,6.621366e-05
97735203dd46b9b1972daa5a5ab8482d,1,1,0.99994254
f589c7014d25a0e6423e685d45b9c4d5,0,0,7.2758536e-05
44605dbb2526a0af8e0a0933674eb618,1,1,0.99989486
c94acf94c5dcbc376752b60dbbc9a136,1,1,0.9999386
0110059c39f4416b3b916d888183f0f1,0,0,0.00014116845
3638b1f0cf7bbdaf8e810af6f1ab73d0,1,1,0.9999461
2e16d682f018351e831fb375575c15f8,1,1,0.99994755
ea14034ae4eb9893c4aa012dc58aa8df,1,1,0.9999399
1fabe7fdc27bc302b056117b55941dac,0,0,6.5865584e-05
44f33dac929b10ce3d3bcd24c791eefb,0,0,6.633526e-05
68f5aff1f704a840737d2758fed0a739,1,1,0.99993277
961a2c1e10209ef3904e59b50d147071,1,1,0.99993944
65df92b06a0cdcc2cf875fdb689289a5,0,0,9.670141e-05
989040beb9c47838c8aab59a60c067f8,0,0,7.529809e-05
892a85e09a2bca44ec823aa787fc446a,0,0,6.51753e-05
901569e85c03ac347546d7895a6a9362,0,0,6.819162e-05
4009151a6925a033371f21acd0a06fe6,1,1,0.99993014
f48576649160011d99ff0ca425c9c494,0,0,7.254528e-05
2e9aae0dca668725d74e644aae4594bd,0,1,0.5194588
961a2bb3af32f3a0772424d58cda0241,0,0,7.145212e-05
d11ae591b95c184a8b324563d5a0679b,0,0,0.013285161
c682fc4feff521518f10d893ac2770d5,0,0,0.00080829195
cebb530632d9d89dbee849fc6200762e,0,0,7.915178e-05
ef6c03d8aa55d16a2c328e7cb21716f3,0,0,6.46896e-05
809c9a07009d2475e41fc0da24349793,0,0,6.4912616e-05
f5c351ed4bae702374f4eef2c1f4b801,1,1,0.99994195
b3f1fece17586769d8ca98cada8928f3,0,0,6.5479566e-05
afce0d93ddbfe37e407e63c9e6bdcaee,0,0,0.000936091
d6f6ee8830e814fbb653ad1a82f55722,0,0,0.0027439506
81b59315f82431c53791c04290c6ea28,0,0,8.221005e-05
1fade18b46a45bf00ce8cfed0a0c38f7,0,0,7.368172e-05
4049af22684b38a7de2a3fbaa2f81693,0,0,6.466087e-05
182356d0ec970778f43890ce2dfe00b5,0,0,6.658045e-05
3437bba34ba319dff6c9b04ff4c8a196,1,1,0.9999429
e05ae718853f8eb4e20ff832d89c2a9b,0,0,6.4775406e-05
66c7ec9150365eac57d9cb05df149171,0,0,0.00010365791
4b3ce348821a494be75794e7707b9f23,1,1,0.99993706
51b360108085feef43666972b817675b,1,1,0.9999349
f0a671aa265b38ae39b480f91f5d14a3,0,0,6.537275e-05
a7c1ca091a5f707a8a53314021b1b112,0,0,6.620413e-05
034ecd17297438571ee76846eeb73313,1,1,0.9999473
51c809eec2f3c1c565b117b10a669278,1,1,0.99994254
87b7aac312034676f053a9e623c04bd6,0,0,0.001299436
0935a6aa8490f6c0394034d2860efc42,0,0,6.835844e-05
dc6050ebcf14820eb8fdf8f075f342d1,0,0,6.460219e-05
33db25360f5db2b62690ba8eb4503c23,0,0,7.0485046e-05
d6aacd32690a036f123054ba84b7fc5e,0,0,6.456646e-05
6b0ab079640f08347e8915d7c39725ee,0,0,6.54993e-05
96c759df83aef09f306930a94fa58d99,1,1,0.9999459
f6f5b5f25a2890ae289fad463a2e226a,1,1,0.9999348
4fc0e00115baf73be4f6e16409ef8b2a,1,1,0.9999428
bc0188360f8684be8c9520f6d95116a8,0,1,0.999936
638f3ff41dbbc238e62ab88bef397d6d,0,0,6.5138396e-05
4cd7e19431fc445fe8e72f36fe6d87c7,1,1,0.9999447
0d849a38e3b30a34c6de272f9a48da60,0,0,6.756897e-05
36e327318d289382d636b9051a64b667,0,0,6.745225e-05
0337fc55d398ae03d59f7b212912bcaf,1,1,0.999946
520bd3698ba29b952643b7084c636b8d,0,0,0.0021105816
3624aa7b50d7b9a44d94f0515d131d93,1,1,0.9999356
f95c0c6b20a18b348625551ba3f8d57c,0,0,6.695616e-05
69cfbfa5e0c6e645d83c85f3f92a817d,0,0,0.007867917
372df5aeb01b5c4f8c57f24057349ceb,1,1,0.99993277
eddca3a81cc4e8dca950852481521c16,0,0,6.467468e-05
5150b5d6c0aa97ec8959dacca1c868f1,0,0,0.00012304162
3d7af0e2b9345ee46212c4a5901023ff,1,1,0.999946
3728955cf94f6ddb9436f127b5b33417,1,1,0.999944
b750bc72f1b348f01fbc300f36a7ea3f,1,1,0.99993145
0164fa072376e4f6e126a495a6a7a0e7,1,1,0.9999304
3abd9c75bee75f2a3f245261a1f1b57b,1,1,0.99994445
a85e88a4be4ec9afbb5870c0c49231fb,1,1,0.9999472
85c6b63e62f931158387a2d2b89f4548,0,0,8.540772e-05
084b5283b2077830dd81d1b935142bbc,0,0,6.506936e-05
21a80c38840b25af752ba40749593ebc,1,1,0.9999411
fca486677a4f9e5b2770baaa7d8eaa15,1,1,0.99994254
67bcc2dec923a4b54f30a19f783243ea,0,0,6.604937e-05
0f173e1c6fd8c4e7fa91152dcc47c709,1,1,0.999941
e9498491ca5547e779baeaa31b238987,0,0,6.624865e-05
3f15bcad002ee836006d8ab7bd2b2b3c,1,1,0.9999467
2d6a58580725f451b6b1a2b9a3837d4d,1,1,0.9999399
4292f8511cee53b35fa424a3591b5abf,1,1,0.9999461
28c3577f6c12502e0a0bd9a1cc3aef3d,0,0,6.5120876e-05
bb6b719bb23543498f3a0cfe4b7f1b3c,1,1,0.99994004
8215b4570f491ec695279448bdd47556,0,0,8.582918e-05
725a4549d836f18140373a6d0ba07488,1,1,0.99993944
98c15af06a69181ae63d1f966dfbf048,0,0,0.0001521315
c59a2963e3e8d0ecda921a43e47b52dc,1,1,0.9999473
893c8e83a5f059fb19d533716aebfcf3,0,0,6.885756e-05
25b73fc17e01c3d9eb60e29833e37158,0,0,6.655487e-05
6acd832f79fae942b3232e890daac0b3,1,1,0.9999367
8e7c96bbf8e6b21313114fa94f4dc702,1,1,0.9999341
7b5c23780efb301ee0859f4e52364476,1,1,0.9999459
199974dceab0eda104acc838b495ebc1,1,1,0.9999442
58a5293a1b3f0496384284671f9b3c90,1,1,0.9999422
9aa25dd96b294798f8926626676b81d4,0,0,6.5855165e-05
191b50798238619f2dfd465d56e1b428,1,1,0.9999374
7822f2724112fe82df58fe610cb68a4a,1,1,0.99994075
970e00e6b785286c116270e60420c463,0,0,6.530738e-05
4e2a3360c6d70a0129e7c1e6da81bd76,0,0,6.4187254e-05
4403e89f72adb53bea6c6c01b144e993,0,0,6.461216e-05
b81eb4e29b2a74b17d79f108e5729068,1,1,0.99994195
729cad4577cfd45352625f41d838d6e9,1,1,0.9999441
3536a34b73bef54daef8e54285d3e882,0,0,7.331851e-05
f78984d0e0aa3ad65a6fab1a8aa1175e,1,1,0.999925
a60e694a80d6e84a4ba05b53e5bcc15a,1,1,0.99994767
ea1417e3caa755cd463e50a283daa649,1,1,0.99994147
81d40835b116068d5c395c824a64f750,0,0,6.5382716e-05
7bd615ba219f75e579026352b926d3fc,1,1,0.9999379
24138f3c994678835cb315d3b902d7df,1,1,0.9999454
29c2effeb075125693c958594e3fffd1,1,1,0.9999459
e84c1e64ca40de78167cc1f33a10c5b2,0,0,0.0013432135
6e32c2b1b2b3bff8b0c14f81c870b4aa,0,0,6.5188855e-05
7cbe25030f7306f7fc31670e88940242,0,0,7.257953e-05
549dd03f97a3dc65035baa992a4ffba8,1,1,0.99994683
090057c926979fb3079c6aed6cd669f2,1,1,0.99994314
bc2bd6e7ae80f8958ae8dc98147733e2,0,0,6.792294e-05
9a3737343cf362705db9004aa70c5c4c,1,1,0.9999435
a655e1c871c6e261a9fd943bedb96f92,0,0,6.8349305e-05
32788b1ffa729a4b6217ceffe72f5f9c,0,0,6.4655935e-05
f732032c69b04ec7caecca089a562f87,1,1,0.99994326
d4fc6e3e9d6f02548f481e98b1d5b38b,0,0,0.00023887286
cd216b78b92afe82fede119cbf25778e,0,0,0.27769667
23d06ebb12ff0eeccedb5ee16bc74839,1,1,0.99994636
5261f581fca22152f43e1eb9889c672c,1,1,0.99994504
9c01ab4a5b479ada9f2250c24c447fe2,0,0,0.00016613032
48cd525678423e5878eb4bc14531a129,0,1,0.99992704
e7d47442dc5e77db68940eb5ae771654,1,1,0.99993837
8d798cad30344b33daa32e4b4f66610c,1,1,0.9999448
0bd8f278c593ff973ce72944c0a21524,0,0,7.19956e-05
f822c6d994cd4f9e86d4bc8c7307e5eb,1,1,0.99994564
0ca3cb75f031ee82bd8396f8da3b06f5,1,1,0.9999454
13db01c5103dccfc25399e0b4a26b802,1,1,0.99993694
b2ddb8bc7908c0f873f7b09e0386edea,1,1,0.99994373
bc4921309b485bb62559ccf6f8b80f44,1,1,0.99994636
6d62b87f11cc2dedc1bf67645310cfa4,0,0,6.803703e-05
d1d560424db7e740638d35ab4f362abb,1,1,0.999943
b88f4e50dfd3902c84a1d88e306f471f,1,1,0.9999416
cedce28594c228655c4505cb3e68c745,1,1,0.999946
5f2e083ed48f4e7bb5399301e7902030,1,1,0.99994266
146ddd4e0cf3a53955acb6b6360daa7d,1,1,0.9999443
cb554413e4a0359b08aeacd11b4dde42,1,1,0.9999317
54e43c522b76a4c091d652ac5845e522,1,1,0.99994564
b7e916952739154b15bd05fb2bce362b,1,1,0.9999465
26fc76a216a7cc80e4c83ebdc3848eff,1,1,0.99993837
614bbd7897c740bec9935711dbc1775b,0,0,0.0009440986
2f31b8240c0e36636d2aaede83a03ed2,0,0,6.5289016e-05
dd3f901ad85baee99adcdade78849969,0,0,6.509152e-05
e7092d263904f1b28e54e1faf9411924,0,0,0.013222455
ea493048cd6bd5af5b2237fa989aaca2,0,0,0.00013824327
bc90cfe2ef698e89ea6e330e9c7c288b,0,0,6.8490495e-05
1b3ca074cd2467b47f10a35bdc9adac3,0,0,0.0021489216
23a5de85265bcf2048bf45b8aeeda89d,0,0,0.012802206
16d966a7c2c1f6459c9ca4a16659da8c,0,0,6.509716e-05
e9e349f2523529537e91ee27d9b2bb5d,1,1,0.99991703
9abae88340593ebb8cbc50f316682990,0,0,6.6689805e-05
fb96fa2c3de8854994f869e39e7943fc,1,1,0.99994564
640c043f714d8b7f14fabc33e4222bc6,1,1,0.999944
959992d2d8574e2c84cc40ee2cc7c723,0,0,0.0022488732
ce708fb4c98ef76352008c110074ec14,1,1,0.99994326
037919eb93976a577ef5e1b8a11135f8,1,1,0.9999428
c452dce4c13d5f798143b10555624e97,1,1,0.99994373
bc6c654dba7d994a05c5cc9d71eb3fb9,1,1,0.9999392
ce4ce085a4bd0c938ef3f67c014484bf,0,0,6.657435e-05
6df0605803bc6ee0933c355271e5cf46,1,1,0.999944
99ef32c6e9482bf83d58dd0500852fa5,0,0,6.579597e-05
ebb6a22b594639b45c433605b749a87a,0,0,0.034202114
50e7de7f8432ae84da70c74ba7fc28c3,0,0,6.571809e-05
596501cf8219f6e7bd5d096eb2d88fd4,0,0,6.614027e-05
656ccec95d9e088f6bb2181de22b4a14,0,0,0.018664451
d9d3ba72ee813859d97740c7ec44f04d,0,0,6.516144e-05
c8299c805504116da21ccdec5cf9385a,1,1,0.9999443
079c33f28249df7c2fcb9764e03fd9f1,1,1,0.99993646
fab94916292f78139accf216835d9c4f,1,1,0.9999325
7c8769448a79d4d2464d5fef63884c1a,1,1,0.99994564
eb5610854a7054f7e960f8bf25def2d3,1,1,0.9999385
608f536b8f567a18dd49ae6fb10e84b4,1,1,0.9999478
0fd2781ef4424249ae7e52a1cfde7ed1,0,0,7.372641e-05
49c38e0724a16054342b38d1ac257bfd,1,1,0.99994445
af9873bf6799767498b13c0b54029ed8,1,1,0.9999472
c1fbe36aa89b759b885cc7c41755be6c,0,0,0.0001562223
916d07bacb18d222d72f2755456d237b,0,0,6.9620626e-05
4ab04db6ce327d939e1efde8f4a7aff2,1,1,0.9999435
8a21681d5034251b95256520ec7897bb,1,1,0.9999454
176b4e5374910f3157b45fbef8d6ebbd,0,0,7.017265e-05
e9bfbaefa009f2069fbd69696178dcab,1,1,0.9999336
e2ca5c5f38fbe36e5f9ade7469572156,1,1,0.99993455
66f007a84a07a75d494dddef1f64b44f,0,0,6.6189736e-05
619e59cb2c5599c4ba03c04ca9e616e8,1,1,0.9999424
eb7d33111827f5c413eff852cc8ac937,1,1,0.9999454
4ea85033eaa6efedab72942aa5a5afca,1,1,0.99994135
3afa436dfb2e418cf992d3cfbaded085,0,0,0.00030736162
5527a6da56c710b282bcbea150316a59,0,0,6.7293826e-05
8467a7391e6dc4d2c37378c4b927d81a,0,0,7.465106e-05
f1dc9bf21de7d7bc05932bf9160d8754,1,1,0.99994326
10e8cbb794598a75aaf9d0fc3f564db1,1,1,0.9999398
22d329ad84ffa97bff17c42fcc622df4,1,1,0.9999428
577993bc118a587f0f42a3ed4d5d0014,1,1,0.9999424
22318032769ad94d9466b2fbe3a727d1,1,1,0.9999399
c81abed933b2b6c0fbc89648e245d224,1,1,0.9999399
fe6a20d0dce2a1882856c4537630adee,0,0,0.0047673564
ad5cd3f0a07fc5d2d273d390235c3f11,0,0,0.00068626984
8265f5a1cf36d1f3ed6f65bd0706270d,1,1,0.9999454
8282ccc9c9e2526b73fd15e514ba346b,1,1,0.9999455
1943a5cc58c058bd6c777a99ee6df514,1,1,0.99994457
52fb24792956b03cd2d8957f949caa8f,1,1,0.99994576
28ecfa96bb248b83765da64b9afcd980,1,1,0.99994576
9310651f27f1bdd4b1bcb22110f586b4,1,1,0.9999471
c7b4bfab2823042d141f7c97f29c1b3c,0,0,0.0009811653
1ba43e63e890560933bff7b66d9d0676,0,0,6.579741e-05
a5a099964f6cc5e65cfe89ca4a616d47,0,0,0.0005191421
c7c8e1346ddb9b10d1ffaaa3e757f521,1,1,0.99994564
314e168318d4c5fdf56686481bfe923b,0,0,6.520148e-05
39100f1cd977cdff226a8f25a8b147fb,0,0,6.602532e-05
e3cd0552121277d9ff5da563fe4e860c,1,1,0.99994874
1420e7f5306e7a7832d7d9edf1258863,0,0,0.00023428613
faac9c9f89b53aa4caa4e6fe1da0273c,1,1,0.99993336
36d72977969f58594e2a2f256eb8a21e,1,1,0.99992514
1283eaa1e88d56d47d32c7460e16579f,0,0,6.484833e-05
547736b3ee8a93e0ba62b70aaafb6c0e,1,1,0.9999378
2137d4267ed4a8ff6612b8f5c09ce6df,0,0,7.184142e-05
ec21178dd8b5c0346ee56a6a98552efa,1,1,0.9999392
36f67358e6102d1e4c5620499bb37f2e,1,1,0.9999459
85f2197c3613f6935de962be4b7497f2,0,0,6.564524e-05
0a14e5208c287be822e2e050c92f2989,0,0,6.794154e-05
b996a52e3a67527d018d07d59711076f,0,0,6.566584e-05
7a882fd63941b14a776ad4c38a9a0437,1,1,0.9999453
d5333af09079c092f3abee7d38121457,0,0,6.465821e-05
a6a4bafad28a7eb5da1b276ca247a7be,0,0,6.761339e-05
c64c40bf4b0c59fff26369310eefdfc1,0,0,6.899105e-05
7f2008eef4a7b1857c65fdb1f4987f12,0,0,7.318453e-05
af804d45831ed2ef6b85df792deacf16,1,1,0.99994135
658a632488b4036d28dabba3cf37b5b9,1,1,0.9999391
cb574bd345b9f31cd7486e002f737973,1,1,0.99994373
a41405ca3f2d2a4ee52a1d0f774a034f,1,1,0.99994373
5be45d4bdd44ab333e44a7623d9369d0,1,1,0.9999443
a0ab1f8cbebdb3e516afcdb22db28dc9,1,1,0.99994373
2a272acf8cec3a511edb74d94d18d60c,0,0,0.24262866
095491082e08ae9128d6aef048ed8d83,0,0,6.870389e-05
740193b6745d2c40ba89adbbba7ffaf9,1,1,0.9999459
371adf72a7ae2eec625ab6b0182d270b,0,0,6.464305e-05
340946eb85d0d4854bd6812430d6785e,0,0,8.088251e-05
be0b4dfb4baa25c94cbfc868a9bfdee4,1,1,0.9999455
3275fb5a12923559a9ecfc0bdfa721a0,0,0,0.0030125426
6a768a870db0fe20ed3cfe3d3e425c9c,1,1,0.99993515
ebf002f5aa04dfadde14bba86bd7eeec,1,1,0.9999367
f0e02db67c4be8e8ffe1ce6bedd7f61d,0,0,6.914992e-05
1b6207b3b3c9eac4995a6bfaa77d92c2,0,0,6.541946e-05
637f0e2790416d781e7f7c7bbbb5ceae,0,0,9.366075e-05
20ca8b4abfc698699d8950fb27078282,1,1,0.9999459
c6f5dff9aeb69b8ac91bb7e7a9c6ae27,0,0,6.4806416e-05
2862eed4caccca769a1f61d436a7627a,1,1,0.9999447
629eb9f732882a975ed7b863493dd8e0,1,1,0.9999409
d30d44800cdd4095b3dfc60f82cab083,0,0,6.4728476e-05
106faaf3866a993a3c7935adc5fe6909,0,0,6.4745334e-05
30b4a073ac0f830f24c551eb9b09b582,0,0,6.8178684e-05
971089964c2afd53f577bef91af3c965,0,0,6.496693e-05
3c1f81f9dec97df6e86a6e88bcbcb7b4,0,0,6.795812e-05
a344c1c60cd56976fba71a1f0dad2007,0,0,6.5798034e-05
f3a60b7bf136b58231d22d40b91bd91b,0,0,6.756092e-05
5401fc1f3f01ddeab0f5325d55db48d1,0,0,0.00091423036
ce27c490419343022a4f5098903c1398,1,1,0.9999362
a2db6a044f8c4c297ffe189a1a95e7b9,0,0,6.695247e-05
47f6110d99c0e77ed0d3b4b5e178f515,0,0,8.1317616e-05
1686f5d2374142cacd203f100e683b69,1,1,0.9999385
10fe633793a0f863e06f91145734c6ac,1,1,0.99993587
29c8d95d7aa6c7f845350b41970bb796,0,0,0.00030213
70c6280a315a453609dbde4d8d0da7ad,0,0,7.788737e-05
625166853eb5eed7de4693d71a040efb,1,1,0.9999379
eb587c183785546aff53451146fb3fd2,0,0,6.542039e-05
612d6e4d0da0258f01b8fb46991a01a3,1,1,0.9999174
945ebc96e5f527026896b31d77082b0d,1,1,0.9999331
fb0e7f3f10f3c7857201bb568fa90d3c,1,1,0.9999391
f44888d8d85e85049d44527afa3ca8c8,0,0,6.4697924e-05
cdce63c40765cc578693ba4de608b165,0,0,6.747491e-05
41f60e1896f96083cd945f0e157e5a48,1,1,0.9999466
f18cfa6728bc64d1117fadab02d6a124,1,1,0.99994373
f7e0200a6f66d82ec2486dc097b96d24,0,0,6.5480184e-05
e00a47116b6f1bf40fadacfe14e5ba59,0,0,6.554315e-05
f849601caa3f64bbb8436e958a4e541b,1,1,0.99994445
0eb3669ab9bebdb59cf16b02ad37e677,1,1,0.9999417
7206ab145257873b551dd5df18389c9f,1,1,0.9999386
784a9095eb41507fc54b8c7e4069648b,1,1,0.99994576
4feb0b22ff217f000c0ab49724b20414,0,0,6.760334e-05
308908de385d946c91dec008792896de,1,1,0.9999113
1e50d5956ef547fbe430bcc3d2e4d231,1,1,0.9999448
80f696b1f7f696a4d3a764faf736b4a4,0,0,6.6130364e-05
9d4b9e584433f70b4e38dd5ae3e6b334,1,1,0.9999323
4ace4c1c769646169bf7656c9dfa2272,1,1,0.9999386
8d9533b53c8137f7ddcad64f1673bb20,1,1,0.99994504
4c5f6606f6b8ece414822e2ad957836c,0,0,0.0001631959
5d5ec38187f89cf1164f954702278755,1,1,0.99992955
1ed3b1167363fb758ead3fa4bcbfc460,0,0,9.463699e-05
eeba993e77b74c1003bd8f2070a9db3f,1,1,0.9999429
df7aefcb2a1b4c9978735e3ef1bee73c,1,1,0.99992955
4722752be82812533652c8bff336a717,1,1,0.99994457
1e82bea0ed9fa31e00d644de3f03e426,1,1,0.9999429
49ab9c14515a77a092a742d5f93e2f98,0,0,6.4550026e-05
5893e690a68e0a38334e1d3d65c42d51,1,1,0.999944
29b449fed4b1d247f251362de50eaa19,0,0,6.534358e-05
d1a2d3ce6218da21cf6ef03d658a4a82,1,1,0.9999348
4c541a3e4232cf7359148908d37c37d3,1,1,0.99993646
469da91a758a5dda2928d8df6445e092,1,1,0.99994254
6afefa4879d0d59eab73de0eed3d36c5,0,0,0.095544524
0f8c08631dabe5c3f5cab5b2a9d729fe,0,0,0.00016473871
e59ded3b915a218c4a30340ce6cfba05,1,1,0.99994576
e8146ff8947db168cd29fd47a71ad7dd,1,1,0.9999442
972cd6e9acebb9738f54b6fc8dcda850,0,0,6.949579e-05
00047e79dc5b8a769d3bee778e4dc1eb,1,1,0.99994695
2f73a74f10979e52c3b1d0b1d6de4752,1,1,0.99994135
a3467d933c5cf3d625c8230656773927,1,1,0.9999347
f2bac9f86879d9885cac456fa270da64,0,0,0.4932255
13614a05e3aca1eae280e428a1cfc358,0,0,7.893734e-05
8bd8580c539b54a734d458e368372fc7,1,1,0.9999386
c7af69d70d88722694535e30005e6557,0,0,6.579233e-05
9db2a064e08ca04d11cbeed094866089,1,1,0.9999429
ca372b169f016d0e7a1c56ae57bcdd1d,0,0,6.559643e-05
3b57265a1aa3cbd214a963e75dbc7e9e,0,0,6.6806104e-05
88fd93715ed0e377a53a5ebbdadf5a58,0,0,0.010422277
b44fb0ea903ec33593e4ea5af64219d8,1,1,0.99992514
1c9f037d150a86022c24df9fbeb696bd,1,1,0.99994063
45e3118db296f899e85d295970a92167,1,1,0.99994683
7e7fdde26e9affcd5da78570208bba77,1,1,0.9999479
a87ef578a426e9d9c6c92397e7292945,1,1,0.99994004
de01b4e7755fedf08bcbe8c056993e2e,0,0,0.00024415224
7b6a917b73e428f8c374c48485836b0e,0,0,6.5044536e-05
497a9d8b5899c95dae6fa7328cd5c205,1,1,0.99994314
dcfcaa8897894614cf73f015cc76502a,1,1,0.9999343
939f8409ea2e4c48ffb9f352acdf932c,1,1,0.9999461
c61d8799d62dea2606716982396ce959,1,1,0.99994576
239d7d1ef54f80cf4d4142cbcbb9f91a,0,0,0.0053124726
8344132aa5067bd25b44d666e26ce557,0,0,0.00032205498
0fb5293c6d60b71275ca63ce3b5e71bd,0,0,0.018214848
68ad98f56b9ab99e2c8cc7af30b4cd6a,1,1,0.9999448
0e2b1c876e1549d50958835551faa9aa,0,0,0.0018649687
dce126d90205e9665777a30deaa99b30,1,1,0.99994314
0821e94419fb176bc6e89c4bdb022f5b,1,1,0.9999435
6f4472ea4f4717d385b26be2fa55c35d,0,0,0.0001262542
39cb82eca4fa67b5aa324c531781c7a4,1,1,0.99991655
e9472f177065a4764c7339e687eeee2c,1,1,0.9999428
05ef65b3f91302a602c3a1eb26851c8a,0,0,0.00014888193
f050f1231584882607b1ce023f6048ce,1,1,0.99993825
832015dc624dbe71c34ab1a329c74f05,0,0,6.7048946e-05
086fcf894cc3af8fa7b84dd314ba4ec2,1,1,0.9999454
bbdadd5d63b61d752011ddfaf57ef0eb,0,0,6.540554e-05
f55b45b49814fd9249ddb77f837214b8,1,1,0.9980888
b4b26d34d8bce4b56e65067ca35caafa,0,0,6.53907e-05
13c7c238d202f6ec4d03a720988dd413,1,1,0.9999461
8cb5f41307cc19d3c6ce3d4ab2fbf887,0,1,0.910974
a910c115e6a56dc9db812f63cd191c18,0,1,0.99992657
4ed4c64cf95e08dc1fe636b679380e99,1,1,0.99993336
4d83d41034645627ffd1768352d26d90,1,1,0.9999378
83d9dd5f540ab354f061d34bab9e76cc,1,1,0.9999465
1c96370d98b3d0d4339fd81f004fffef,0,0,0.0007224108
d297265d910adf1933bc8c16596dbec0,0,0,0.00012657592
61dad89c421df5baff8c00bf9013b27e,0,0,0.0029898582
c2c5c7bb6f25e1ec201c3c38e7e11353,0,0,7.4247946e-05
99f6d02b010ea95704a9667a127665e5,0,0,6.5726614e-05
40947b761c6289cec13ce52431fabc03,0,0,8.2092774e-05
3b1dae11caffbba850d1932a01a3ac48,1,1,0.9999324
4131121ab44142a99001f232d0363743,1,1,0.9999429
fa3d7aeccd5437e22ab13c97319b06aa,0,0,9.922746e-05
d8cac9114233e6ee6dd3346fdf039e43,0,0,6.483832e-05
af5ac4b7ff61e56262bc8d363f41c53c,0,0,0.0002566702
32990dfbb737d6c28842b5b8886ec44b,1,1,0.99993587
2e0fe5ee0d41e7a65bfcdde9b8dc3213,0,1,0.5137916
c2f003dd5cc59b03061e3735c1b593d5,0,0,0.0014156225
82895dd5fd5cf0ca97cd0f448f20a2e1,1,1,0.99994457
c92fe72eb60c4578db7d7d0a738e972f,0,0,6.509245e-05
a8585ccd7d2356b2e017634da0f7c10e,0,0,0.0072127506
b8082ff6fb5a246eeb51dcced6fadd12,0,0,6.541054e-05
71e6acbddfbd63afd61ebfc61287ccfd,0,0,6.472082e-05
4c220198b2edee4f5def6670a2da6a22,0,0,0.37457356
83be3614f21504fb20b1398d22f123b1,0,0,7.268294e-05
a6dfe7cb7ff98e8054e344716e196d86,0,0,6.50693e-05
90f64af014312fcea3da5f9ca502de99,0,0,7.758271e-05
9b0d1cc675d8c98c49747d1878c39fd9,1,1,0.9999448
917ce65d1c9132dd3b5c60f5e0b8bb66,1,1,0.99994123
d137060435ad774ff062e9978275421f,1,1,0.99994636
7c486f3eecb520fd4d3c20ddf9b915e3,0,0,7.71676e-05
e7c8def0fbf3453b1cdad5983029d594,0,0,6.4924934e-05
ad46dd62560e1772723304fd1a8ff520,1,1,0.9999442
5561857893fa302ee60f8e9cc4f5cb68,0,0,7.410111e-05
0bbddf41adbc8a56a3078e1085b2f186,0,0,0.00012653632
1997070c711e8d4a73ad8e20ee0cdcaa,0,0,6.8224675e-05
72629477e262a04fbe678befb29f4d11,1,1,0.9999455
30478cee7949249216077910eda2e8f7,0,0,0.006679866
0fd94fc16915108f227e0348c72707d9,0,0,0.10652369
a1618a8236594b9abe509bcb7a425ee1,0,0,0.004330065
ad07fb775cec9691a8bd8874183ac6d9,0,0,6.782508e-05
fe3f08d56b1e82f0dc27959f501f8a3a,0,0,6.457977e-05
22f5299d9de505a9b9ac9b0313bf7943,0,0,6.5795524e-05
85c0ac681f74e0616183e24ef442deef,1,1,0.9999448
c415d22a6a134498c988d9a709d4bcd5,0,1,0.92682534
c54a27e2c161ed42c5541765b7f9739d,1,1,0.9999449
6d2a58257eb7fb6ea3614c40abb6b538,0,0,0.00018575069
045366ef23613f7393f0d576352b90bc,0,0,6.59273e-05
7b28136171f5f4af77078c66b9041668,0,0,6.563772e-05
bba3b8daf549b4df16a0a25d14ca1879,1,1,0.9999405
5ea15468477549596124fec434fc403c,0,0,6.619838e-05
6a761240ba7216158b95110ee0ebe546,1,1,0.9999459
d6e8e5b3c58691f47729fffb0383bf57,0,0,6.4846725e-05
ecec94d17b932661f83f9f4eb6bbb787,1,1,0.9999479
8b2b079f583bd40c8605c2909cb697c9,1,1,0.99994385
055ec42f09f2f1ac52159cbd60dae7d4,0,0,0.0020531388
0fa5eb8ee43b0c452e3638a0b9a7f5bd,0,0,6.519768e-05
48073860fb0903b7f006d6f89a2008d3,1,1,0.9999385
632297448720c0ba2aa5723fe8c1eeaa,0,0,0.0008301811
fab52b05e9a647f348019da021071fc4,1,1,0.9999361
8b6d5f2ccdb281d00f9e35aade481050,0,0,0.00018366963
3dd70e85483ebf70dd9426c36b7b79a8,0,0,6.501416e-05
820d1cb6d581781cba21eadce5d9c354,1,1,0.99994445
b565bf272da619a4a4faa3996a5e572b,0,0,7.978492e-05
6c8af54eaacd3fb33e110b827943ac30,0,0,0.0036190245
adc7123d8c086581b4209eedfeda5746,0,0,7.776551e-05
fcb462b9b9cc373a65980c47adcb145d,1,1,0.9999379
d65ab56d9085adc308400a1267ff1f90,0,1,0.9915855
3a37ef77cc6757666eaa5479e14ee31f,1,1,0.9999409
125c5f6ac5c64011dbf85dc0c5d4c4e9,1,1,0.99994624
3b115f6ea5580f8affceb82f2730df25,1,1,0.99994063
360bf58f1effae6146e903775c07fd93,0,0,6.473261e-05
5d512b59558198ec5745ffe89b32e95f,0,0,6.431967e-05
9af8f0a699eb719c918e2007cc6c5d98,1,1,0.9999373
add91a96025ca4db77af766a5149396b,1,1,0.99993503
b3d2a9ad810f3788d690ecdc9bad424f,0,0,6.6025634e-05
fd3e9c4d352994f23ba469b48a1edf92,0,0,6.5229644e-05
955f1a064fb645eb47a6ae5f90159c3c,1,1,0.9999436
bafa4df5c27489afa905e360e412670e,1,1,0.99994504
c20a782619042584b7f4987c84a5d0c2,0,0,6.8806694e-05
51240380d346a31844bd7e53a65d4cc8,0,0,0.00077122205
fe0af7fc104cd93d7df7d53fed4cc61d,1,1,0.99994266
57e98423c5fd2fb8b958ba63b3826b7d,0,0,6.665694e-05
543b49a053bff8cd4701f17022588c56,1,1,0.9999434
bb6255a6e9c08b43f0f7e29e6846b337,1,1,0.9999449
5a3fa1fca70e11aa11772008ef879352,1,1,0.99994385
ab376822a5c40a045df4b0ea85770193,0,0,9.2826536e-05
b97d5f01ce0b06e9cb9605be9cba58b2,0,0,6.7527624e-05
bcf99b706d250b79a9869b848045f931,1,1,0.99994385
ffa2266cc8d598acad1955af2de1a430,1,1,0.9999435
7afebc30f54478f33e8081a740f45ec5,1,1,0.9999366
f409a276e4a34fb67ed66d6f1b61a660,1,1,0.99994063
52c4202fb1887e73c4b4a96a88d13653,0,0,0.0001687652
69b45708690a7321525c03bee0d21100,0,0,0.09505422
ca0b753e382adb4cb2973000621a874b,1,1,0.9999443
fc61b0f9fd7be94a6efd10c4ea41bc7c,0,0,7.80133e-05
80351c6e93af2aeb2db3865744e3f01c,1,1,0.9998276
5f5d85fe3fd48ea1d053fb37410045f3,1,1,0.9999435
22a5c6383bceabf54bec3fb198d08231,1,1,0.99994564
3b3c3955258368ec03be52987d136830,1,1,0.9999459
84e0a49d0ffec494f2d026a50da60be2,1,1,0.9999467
b9240ddf99e94d6bbd9cabc196c57809,1,1,0.9999434
dc1f2dd68bab56ff7d45e5c05e6105b1,0,0,9.0301226e-05
9f6a7697b27e107246e28224a93f4342,1,1,0.9999471
18ee1489c545b97f97ae819df0158195,0,0,0.00026685136
dd1b5296a6454d20499f7e8bdbb4824e,1,1,0.9999424
cba4dbff3716872c045c75cce8a54330,0,0,0.031319648
507c2957658ea0cd4efad75ef2fc3d65,0,0,6.432604e-05
acd91fe4e5102246b54ca53f7d7d6c15,0,0,6.4462125e-05
dc72a592f8ab43d965cc90034063b706,0,0,6.8742025e-05
15dc75c0e2004b7563cbfd128b61b2de,1,1,0.9999409
2eb4d3a143ad092e05992bb032b5f0fe,0,0,6.826124e-05
96474706265698b5835cd29d32d51cdf,1,1,0.99994195
c8e62cbd85f04327685dc266ddd65e9f,0,0,0.0267942
1cfb7f83ebf1ea7c8b872d63204f5904,0,0,6.538521e-05
bc9900ef674984e2bb58bf9b2b120e2f,1,1,0.999946
60b841e95f12d0d9a6e11d263e5496db,0,0,6.510151e-05
438b3010c2834cdf7540579fe349e9bc,1,1,0.99994624
a21ff86dbdd50ec9518177de9b9a1b67,1,1,0.9999465
24c847d20e90afa107e92d291e54c3ff,0,0,6.68168e-05
9e4ef2c3511cae42fa9c196534dc5158,1,1,0.9999461
1e5c1c8b4767f0d38e5630b2416b7a67,1,1,0.99994326
fd5a0d0ca89093235e1659dbd24fe7d5,1,1,0.9999391
c19758cf38537af6199f7554f7bb4477,1,1,0.9999461
ad903722f2befcb1e6beb21d30a76057,1,1,0.9999467
898bce94a8f3a75bb00a59bd03055528,0,0,0.4533744
837adda45b499d286138f33641c5f5e6,0,0,6.8054425e-05
b9c505505ae5adced9cc436250832da6,1,1,0.9999466
fa68c3e2a0e30dfb612ff3ce38792bb9,1,1,0.99994063
f1a5a853ce325759de6723d5e2c7dd56,0,0,8.511649e-05
35d99c7f7d02828bda7a846078a68f2c,0,0,6.636112e-05
e4acdad6bb7f5f7918b5084f0870c1b1,0,0,0.00023548424
a14d985150c22392199fc288092ebb27,1,1,0.9999428
782a287f70c9ca4dcbd6250908281b00,0,0,6.52274e-05
6c9716947e0ee7fb9d5a783f5864d099,0,0,7.027303e-05
f35daa96b3a2bd748e338d7007045117,1,1,0.9999435
ae3636f997eb0568954663586a9b0a8c,0,0,0.00010668524
599d4f6d1f6f53ab9e1be899f07f1b5e,0,0,6.528179e-05
01f12c3d6d0c40f361902faf4c5588ea,1,1,0.999943
3859cc3ad85ce1d03a4db423ffd403ee,1,1,0.9999486
a8050ad571373fb307e6a06ebcd992eb,0,0,0.00808594
64a44933615280dd9ea9a685a4848658,0,0,6.823073e-05
7314e59132f690b136b8ca26ee770d61,1,1,0.999933
8622ff998741a8cdad83a52f28219f79,1,1,0.9999392
26dee6423d2495695d50541a5e3b4713,1,1,0.99994123
991c521499d129fa8ace6983d6dd7de6,0,0,0.000122068624
f8689721bae8bd07fdc08c3650c87ead,1,1,0.9999449
a2063871080dba19cde96d6b7defc043,0,0,0.0022906272
e7ee22e2c6916f1016ad7e0d43697ccd,1,1,0.99993324
328036412b4e0c20a8b40faae31163c8,0,0,7.177959e-05
a2c71753bd0af19942e04733d707ba79,1,1,0.9999466
96f797477ec322aabb356b9221581f48,0,0,6.4998356e-05
740ea58572b6ed40950c344200c7b574,1,1,0.99994457
be6402a6dbde32720cf34459849b1b75,1,1,0.9999461
f5dd0930c7bb4f5bf4aab9dac6ad810b,0,0,0.0003722042
3a4684d728ec07a9589e266ec7eb83e9,0,0,6.511914e-05
cc11940d82daf9796d59150440744b7e,0,0,6.465439e-05
eae13cd29da9619ade34cbc448dc76db,0,0,0.0024121008
b673463b424daf30a560de45fa90cf1a,0,0,6.503573e-05
e85ae90fdfc7d802ef9f30922d0b81c5,1,1,0.99993193
8ec6b6bcf394d134e03c175b8f5d08ea,0,0,6.493918e-05
dc3346d10fa4fdc94cdb0883d5c6558a,0,0,0.0001144812
cc145007f3e576ef334298f52f65f941,1,1,0.9999373
b3082c7c1aaddfd6489f8b7a6257214e,0,0,0.357017
dd98611afc90b0d5a4d6f55a0847a953,0,0,6.535704e-05
bef826b9a0393dc883fedf199833629c,0,0,6.4816064e-05
03a98b1d7d179a9cef328955712287a6,1,1,0.99994564
70f83142d06eb8f5f8091115084a08ca,0,0,6.560738e-05
9cf241ade2b5c3cf20ec12bca9e79269,0,0,6.468627e-05
e4358597550a0e051aba091c5bc53e32,1,1,0.9999434
be8665922735e49402106fde7809f9b5,1,1,0.99993277
7f440454f06a2c206e04a1808f466b76,0,0,6.7666406e-05
3576e84ea29013906265352d49755fba,1,1,0.99994576
7460a7914e03e5891feb0a17936f2abd,1,1,0.9999448
6bac9953b87ea2525554c7d2d7b573a5,0,0,6.539581e-05
eafd69201c6afbfe754255aa4d34d0b9,1,1,0.99993813
b475dcb255235908d56978d30ba4d9de,1,1,0.9999366
c3b79a11b3a8322a333a67ac1d21e2cc,1,1,0.99994135
786b74a7b6577c33d9b28c85c558a1ad,0,0,0.047751352
888ab5ac7cb6b1519fe6abefe6d290b6,0,0,0.00014995276
adcc7faf261e8e1b92302d6457426d73,0,0,6.555341e-05
65154aa2c1ffc8dbf8ebb5e01d87da9c,0,0,6.487222e-05
704c5535bff3122fe50795d2c6a1c9ce,0,0,0.0028928032
b4c83c56f28c74d7b558d64351f179c1,0,0,6.573865e-05
2e06f43ab0ca4ead5b5d329c589cc1bd,0,0,6.599674e-05
193f1f1eabcfd7719e0a72037eb7ed32,1,1,0.99993503
4aa2711f19be12d3e383b7479d2a0a50,1,1,0.9999436
7ce4a3694dceb898e8d06784a5da93d8,1,1,0.99994373
e270ead7210414ea496bdb8786459934,1,1,0.9999163
1e823cd708ec63fa4efc836b991aaf4b,1,1,0.9999441
90e9657886f471a8e39f59758f94c8f3,0,0,0.0060029477
10578cc9491fa41cd6d435b3e7e29029,0,0,0.00011606323
d18c11052c7bb1ca061c9e912cff15ad,1,1,0.99994385
36300940eff6ae43e6b56c5f399e3dd2,0,0,6.8787536e-05
b2d9d9e4389bdce8f5bb19875d40adde,1,1,0.9999422
c6d9e16acdb4bdd6114510e409418987,0,0,6.888836e-05
cd8cb2e30c148720b725a9065d2f95ee,0,0,6.593636e-05
516a464882957a83d40b5d3c38e682fe,1,1,0.99994445
25e4e594ad9025e8a27244150d931a6b,0,0,6.536302e-05
101af99bebde5392a2aed1895b80fdfb,0,0,6.637479e-05
ce67b285dbd6aadff93294a20292e630,0,0,6.8082074e-05
f34e72248c325feb6cf732623116a06f,0,0,6.613061e-05
80d103f47e2958265042e299a871aa6a,0,0,6.598617e-05
e26473f186a92b3179a69d6732082bdf,1,1,0.99994576
6ec2d94c8cf18705a8b1b02eface4f1c,0,0,8.2688864e-05
7ef8a4474d91a01034a4714cb08aa07c,1,1,0.99993336
22c2529d147d364d1d1645e99c08f187,0,0,6.53351e-05
a6629d6fe02a98fef030671d2f1c382b,1,1,0.99994445
2f9622375847225ce8aa47a2d41e96bb,0,0,6.436348e-05
7019d4eb938aaa460090bef0a915eeff,0,0,6.492419e-05
0337894c27735aa8d4e297f926e98ffb,1,1,0.99992406
46d8474883877e502aaca7adbe3eb9ac,1,1,0.99994123
a99d7fb64c9dd9610565845965d5da3f,0,0,6.555641e-05
de108a0791c79148bf8c8ecc396dd21f,0,0,6.484302e-05
a9377532bf681d3e7a611f43c5f56393,1,1,0.99994457
dccf143b92c185559ddd4be06d5dc734,1,1,0.9999436
db5fe8eb6f0a9ce8b566378434916d8e,1,1,0.9999336
16cf1bd10bc23b0f2911572c54a23e3f,1,1,0.9999391
e6462c9bb131f4e7427126056c6b1bf9,1,1,0.99994135
f6c4a4ea4924af37f769749e5d3dc8ca,0,0,6.566865e-05
84fa3df0ec655f37fa9f652a031ee823,0,0,9.4364754e-05
c14f4cb6875f483c3cb2d260d08afa87,0,0,8.5933425e-05
2ca1a843e23a2651d6b275059f1495d0,1,1,0.9999231
88bdd1e8352d33a707117085ede1d09c,0,0,0.000131684
d05664ad73f38e236a1564c59eb31e00,1,1,0.99993277
3c4dd712bcf45b64d04dc53248b591ef,0,0,6.722648e-05
ee5e2a29c8ac87d21ebfc1bc70664e3e,1,1,0.999944
6271776e9d312381f69f19ef711ddbb7,1,1,0.9999434
033cecaaa7b775d1292ec5ef0d336bea,0,0,6.593346e-05
1d5703d0e04aa8b1f12f2100308ff99b,1,1,0.9999435
7faf3acfe76f584ca8e8f3f08ee25ac9,1,1,0.9999459
0f1f674670c7862dc7769134a3a737b8,0,0,7.465847e-05
7b8f4ef72928e7233bd3309187a692a3,0,0,6.473372e-05
df7827ec6954ad8caa8d1a4e5ac1ebc3,1,1,0.99994636
3a15dbf4411eb81ae08d631efd02a713,0,0,6.526604e-05
c03d6905a9444f71c6f5aba025b017b9,0,0,6.508196e-05
83170fd1efd89488f1ecae5463db5f09,0,0,6.507519e-05
78b6c4ae2396ec49ded20f1529fbd080,1,1,0.9999411
0c75099511023eb454fd0d81115df035,1,1,0.99994445
df4bc6c0436459716d67237a02e405fd,0,0,6.508264e-05
c8cfe158640438b58479877514250ce2,1,1,0.9999372
98093cc35405918d522626f210155b2b,0,0,6.91153e-05
c3637c2725e3deb4bbcde2798aaf2ec7,1,1,0.9999441
c08690f5f5b50fef5371a6107da4de52,0,0,6.680266e-05
9b262c07e005f6e049d1edd824057a46,1,1,0.99994016
3b1cb46d55ca337ad643a80a0a1a0645,1,1,0.9999449
664466c23b00250cfab4d2573699976b,1,1,0.9999405
ab9dce5cabe9f4f570c610374b4333cb,1,1,0.9999193
c2d1024be778db68a1d54ce9fb6e04c2,1,1,0.999946
ce2389ef92f785cbff34987e0548292a,1,1,0.9999436
aa65f0645f82d56cd12e8ca9eeaa5030,1,1,0.9999372
3f121ef4808bed7247f19c56378e7e16,0,0,6.98975e-05
09bfec7e2dd46423fbbaf6745628d765,0,0,7.256846e-05
11e1a9ba3099362733a9eab9c910d2e3,0,0,9.494395e-05
cd5ca89a6a59be048d9ab6bb7aada3bd,0,0,0.000717164
2e638ecf50df015ae80371b5866c61ee,1,1,0.9999474
2ea993f5245b67580482dc880237ab47,1,1,0.99993825
d39c7f8c0f30f20e91bdc009d9bfb195,1,1,0.99994504
63afcdb8467c9d0586d847fc03ba7c11,0,0,6.4992586e-05
8ed14ebc934f72b541e9bb593b9df5c1,0,0,8.101745e-05
ab64bd12d1b95538583a46e95ae94d75,1,1,0.99993896
2609b0372641093229c3f1526966bbd9,1,1,0.9999409
2ff30ad88925f9a4c62b7505b8fe3849,0,0,7.780564e-05
a217fdf5f3e998ab4fb1c05b5f291f3f,0,0,0.00083084474
5863f12c60c9eb2b201be99046755cfc,1,1,0.99994326
eaf585ce7148b61587f3f96275a8fd8a,0,0,6.7892244e-05
22717bf9dbb152dd69b2b01e15c3e3b2,0,0,6.732162e-05
16a0768b7d4724d919f572ef5b916fe4,0,0,6.587513e-05
9c32f4a1dc993d625327c682e749b45a,0,0,0.001433477
3df0b1541dbb9c2dc209ea35895b32ff,0,0,7.32443e-05
990217a3819fccf0777526b3b3c6fe61,1,1,0.9999348
3e979e3948c1170d772a20b5b58f3df4,0,0,7.5522024e-05
6259655dffe53c0a7b5931ebe6e0e1be,1,1,0.99994636
1b1ef87efc417a830ba6cdc69e38351e,0,0,0.0022600861
f1ca81f8d7d9a122a1bc1d2c3a749921,1,1,0.9999244
3138f8544c564303fc49dba040cb2dcc,1,1,0.99994516
2e32bd41b25af89424e9126f0f5b3bb4,1,1,0.99994826
f56a0ce8caea1b4067e9c15a83329bef,0,0,7.072663e-05
a5c1bd2891851d3ba5dfa89310c21e28,1,1,0.999946
9247f16704b0accb3fbf56ce1a900486,1,1,0.99994516
ac6d8f8faca0b4dd7ffcfc3a495d619d,1,1,0.9999453
75e61ba4cc89027a0d7d30f8ca20d745,1,1,0.99994385
dd23593207aa50622a8dbf385ec08f87,1,1,0.9999347
0f03a7ca91a648bbf0b59699d3d7ffcc,1,1,0.9999324
fc7bdd7e0e80b0c9b27cbe9d17ffdfd6,1,1,0.9999471
922b1bb32573071a9c5637f57a50b3d4,0,0,0.0052878936
f45abda69f076e772db2c8669c752c8d,0,0,6.581222e-05
50f636a4a4a266be6aa89bafa5f8cf2d,0,0,6.5125474e-05
9279f67a38d68dd052d2eab9c1c43a49,0,0,6.485836e-05
f43e31fe8fa7f914e3257dbbd3ec5bc5,1,1,0.99994636
9d881584e05c39843bb481a26b558d04,1,1,0.9999434
993f41e6ee930162c7fe6cb538d5a90d,1,1,0.99993885
5da0f67abc52762da37531dbe3d48400,0,1,0.5448795
c142e50c6c6ff0a985cc1f2c3ede1985,1,1,0.9999443
35cbc619172083ba1cfc18b51fc5a4e1,0,0,6.4931875e-05
0fc60d81e3432342c7f31d092e590ac1,0,0,6.615338e-05
f54d6f12cf229f1d3ea3c24413383acf,1,1,0.99994373
2015c524ca6715be3d28319e5e83303d,1,1,0.99994004
f7b63364f1e0161ea5f2f7ae3ac9b341,0,0,0.0014074317
79185d1ad6b8dd74becb477b6acc9978,0,0,0.012869357
14b5ace9edaf9008db57ca3616b427df,0,0,6.682011e-05
ca828fd30eef5d7c585aa2fe7d419fbe,0,0,6.5519285e-05
e032cbd54425163c9e600a51b57bbc84,0,0,6.557967e-05
6f6af38d26b7e2932e295bdb71603f61,0,0,7.167056e-05
0ca96144ebdac48ee3da6494e5e733ab,1,1,0.99994636
af18fba842737fe77d378b6759619b9c,0,0,6.741663e-05
19e0badb55aa5953146f4d19d76334cf,0,0,6.925286e-05
6bb8815c41efab74b8f7e15dc80e1434,0,0,6.492896e-05
e399eeaf5b01c241b0b92ab9525bbe93,0,0,0.2519379
a155329bb4c812a2f1619adce9cf1488,0,0,0.010126501
2d02293182abaf38b7ae469173abed76,1,1,0.9999453
9a6a98b76f6e3e4755091d1d998b025a,0,0,6.626804e-05
8d0b5e3a27a110de86e8990d39452924,1,1,0.9999335
04cb52531933b7b956fc9c7a660e51f8,1,1,0.99994016
d08c4b0994bc19ed5dd5b8f1d3dce91c,1,1,0.9999403
52339d08ac0722d63882c50208ab63b0,1,1,0.99994206
5ce4636dfb677bd7d74956e2a4a3184c,1,1,0.9999391
04d222a8474309390fb6b2bd396ba4ea,0,0,6.666819e-05
be1c942c042a9d82ee7064a111fc398f,1,1,0.99994457
b0612a8e3f479ed537234c32e4dc9eeb,0,0,6.5870794e-05
45664e219cb6be76a0a920f6eaa8d0c7,1,1,0.9999448
3c369bf888b886997a34c6a7db2c3bc9,0,0,8.430579e-05
0bbacfa012317ccc1ca0736bd9d700b2,1,1,0.99994016
0ba691246f806cc38ee857d7af21f575,1,1,0.9999422
00af55b827f2cfe0b05b2e93e695dc64,1,1,0.9999455
d337a72851805ac3ea5e436be2161191,0,0,0.00024187329
e5576fcd0b20e1af8d297cfea2eeefe7,1,1,0.9999349
7b5909bdf7e250e5dd041f1f8a6b4725,1,1,0.99994135
f9be03b6f8c31e108d08b1f880f33569,0,0,0.0007327913
a39718f437434f54f97c893cb09a62da,1,1,0.999946
6faa4bcdaf9bf18993e9d459d626111b,0,0,0.00036396497
697ccf02e34101299b346b8609b39bdb,1,1,0.9999206
1dc2e2115626d948f68dfa27846d345a,0,0,9.1234455e-05
0dcedfac5f777189ff0b4343e917f089,1,1,0.9999459
e2bd140f1728cd68f0b2f61df4f5e343,1,1,0.9999323
a171fd20f76dd0bc2740eb92dd07c08b,0,0,0.00105447
f7ef473741670a297c5ed24ac6aef256,0,0,6.6566296e-05
88695b310ca904d782c4d1c7c9808a09,0,0,0.0037869466
ed4723623af4a60efc1f7dc28b7b2251,0,0,6.7460365e-05
5fd516ec125a579a23e8197eee34a432,1,1,0.9999418
ed64d98d4a49fee5dd9958fe19d9f991,1,1,0.99994135
f286cbf7b1d6f7428849cdd31782b395,0,0,6.7506706e-05
9bbe632caa4af86fc6a2af5c484be058,1,1,0.99994516
37be25902de176017bcd6511bb2302c4,1,1,0.9999447
829691f274eb001ba19a385aef2e76d7,0,0,6.500214e-05
6c018289dcbaccb554909763bb4a2c4a,0,0,0.00039852486
3d1b285b21937f310dc9190d5c32738e,0,0,6.498317e-05
3a2355e40e4cb36a0179fb07ff2ccba2,1,1,0.99994004
85041bd4551bdd05529bb481b124b92c,0,0,6.613723e-05
72a9f550a3b8c82354af1e0cde321380,1,1,0.9999422
3988de6ef31a8de146aa0bc9986a795b,0,0,6.506495e-05
3008dce6e193efb325432af89e4a73fc,0,0,6.742036e-05
a50788f10930364135811db5b279ee26,0,0,6.5190594e-05
6e3cfe234844a6f50cac1ea39150a9a9,1,1,0.99991965
6d49773507cad37621c758a9faa30c3f,0,0,6.506551e-05
95ae721bbf6e2fb8e082766fb3dda8bb,1,1,0.9999418
bd434f734ba68a5f07cc9ff24f314c32,0,0,6.5249864e-05
639bdf3d5fc07b2a2f00dab8f77430f8,1,1,0.99994195
be1248533aab1282255583251b444724,1,1,0.99994314
73c4ae96ca3f16bcae324ec34773cc0c,1,1,0.9999349
27e33c2acc44af36c0de39a89c22ec70,0,0,6.472008e-05
68bc6a08efeb1af519604d8a81f72432,1,1,0.9999436
d34e21ba24991f949b6cec16de6d66cb,0,0,6.695955e-05
3e71a57378774a64df20fce391d4789b,0,0,6.491144e-05
31f4a35334634863e62a9ac7a4ead457,0,0,9.899892e-05
0aefeca6e04eb92ed06055544fbee573,1,1,0.99994254
ea6664c621d3e0bf042a3765425563c5,1,1,0.99994016
5c8a8f5a3a5b6bae03455812134a31e4,1,1,0.99994254
17b2796d0c07912a48a860995ce45ad2,0,0,6.589612e-05
aedf509ef4356bb6f3fa487403d1dc9b,0,0,6.750129e-05
7451505758175eb1efd7131c4b5127fd,1,1,0.99992454
090ccbdf9502c65579cb5c551ba98801,1,1,0.9999306
6fc34fb111504f3dc981db6a2a1e8f50,0,0,6.488991e-05
f901daf9f7589febb4c5b8cd37f6a041,1,1,0.9999467
3653d32e4018e1ac9f0cba3af0e78d93,1,1,0.9999223
87dda2f3ba43110b49e06ae3bec764ea,1,1,0.999946
12d0ab606c590f996e5178d16145f288,0,0,6.5542656e-05
aac49082c10937a6cde38bae042a2529,1,1,0.99994075
403bced6e6d3a3f3af9906c713e37934,1,1,0.99993145
c8a741e01dabc72307f917027328df33,1,1,0.99993765
8f60c0e6435695ed19ba8a69e94cff04,1,1,0.99994695
b132ef853fcd2208c81fc7f222cef8d4,1,1,0.99993503
b5ae5c7385bdf89120f9335010be6dd0,0,0,6.574246e-05
0aeccb5ef932c8d2ecc9a02464a0381b,0,0,6.551666e-05
a04bd8257e2787a392956b069b7e2566,1,1,0.99994266
c5a593305ca597d5a391574b0af295b2,1,1,0.99991643
d6c96570575077b705be30db5272856e,1,1,0.99993765
43ea86ac2198aa13707d143791491935,1,1,0.99993575
92866f409cb737d95be9f810dd737fd1,0,0,0.0001777353
e4e2bfe3dd0050fd52dcd44f67c91b37,1,1,0.9999428
4014d65c86345a8f3f655ee34c6bd35e,0,0,6.853584e-05
acd9bd7a78bbf0c98b9e64969d5b8a6e,1,1,0.999944
24ab997d108a1a55359cef0985006ae5,1,1,0.99994576
6ba6da6787badb29009dbd9d4524f3a2,1,1,0.9999355
f3732d527684fc49b11ef0ceec3577c4,1,1,0.9999465
d7e66ea980bdb8bc903fd1a30c729496,0,0,0.00010729983
fa1150aabbb0b83642cd198cfb001304,1,1,0.99994457
d595c55de89c18accbc9b23ddc356fa3,1,1,0.9999448
82487a67db063f5b413f41d691085589,1,1,0.999946
ff99da66216966a1c87e14f1b4bcc561,1,1,0.99994385
d05f357b93be78b59903c3349f44e62c,0,0,0.0001668921
550ab62917918458040581cb829d4644,0,0,9.360057e-05
e542732a2b67fb13c9b734a8b567225f,0,1,0.9999136
d6c9b995ca6998bac5a3b3b7fe54c885,1,1,0.99993646
43599cdeb65b9314bc7def6af54afaf2,0,0,6.508463e-05
5e92be362c67b05442663f683c7b7dce,0,0,6.8871086e-05
993149d248ac14ce909695d7fa15dc69,0,1,0.9997949
edb465af6981aa41fb5e02bb43d79f14,0,0,7.0592876e-05
3be6d04a48ac905b82d6c37c24bfb639,0,0,6.7737434e-05
277d25c0037456b8f62fb78374877d9d,1,1,0.9999368
f39520b24d22fb63751aec86003ea032,1,1,0.99994314
93085fc6b02ef3ff426f73c12c5c1b92,1,1,0.9999435
fdf5f3d330e96b075e9c8b87580fe280,0,0,6.564092e-05
09b69826838ce9a1783e5be2e8bf03b1,1,1,0.9999459
f8b499190dccf8e1491c60c22fa206be,1,1,0.99993455
4660d66acee49cdd2f01daacd4c2fb48,0,0,6.660725e-05
1def6f39e96e1082a657f69a8d27556b,0,0,0.26804304
1692751e149ec65ec68ad05e418e1766,1,1,0.99993527
e200aae933135c2e7479cce6567cf72c,1,1,0.99993324
aa707b0cf18fccb7f973931c85988750,1,1,0.9999449
99394e5e485c1a95d7659f9a4241aa42,0,0,0.027018728
17eee0145dd6ee406d8ee6d1469a89b7,1,1,0.99992776
0cb937b9dd4ca91c941f30feae31bd81,1,1,0.9999379
9abd84ffd653f9cc6a7668aecb328988,0,0,0.013105346
77b0275deee4e62e4c57a7ffbde14ee0,0,0,0.00072715635
194c2ae7791dd800070223bec2a818f0,1,1,0.9999411
39520739679b9487eca6473ed769c16c,1,1,0.9999397
ea86a02245197f6c7e5fcb508d6bd0af,1,1,0.99994266
b374f7512d6a797679c66a9482191b40,0,0,0.00039123572
d5bcff9faed6666d98af87ec571ee93a,0,0,6.737898e-05
209cd5d33607029ec77081b4be868240,0,0,6.5436485e-05
75ca1b3694d664b2eea16596a1ce8ae4,0,0,0.00046006247
a79c54c2e12822d5c7002d9f3504ca6c,0,0,6.723148e-05
0d97cebb677c851cf84f2ce7d2084aa8,1,1,0.9999461
80b8cbdb567645e4fa78dac38cca44f1,0,0,0.39718655
63a9c0c39e4b9ae1fa91222eacf205b0,1,1,0.9999411
47795e58c078c0bca2a81866bd6dc05b,0,1,0.9999131
89d42c3efb98f2ad4d48c6dc313371a5,1,1,0.999946
20029dfa4c832e17edcedbde8e8fba2a,1,1,0.9999393
3965f7553130987b97ab5dccc3a3181c,1,1,0.99994016
4e7b93a2ec9e79e19c4cb0ac4a5a7fb1,1,1,0.99994147
122d9545393176dc0296c417228b4fa7,0,0,0.00015458257
6d52c16e2acf1ffca2a673d7310332fd,0,0,8.1938946e-05
4a86961a7d42e47ab3fcf776469ffd6c,0,0,6.604749e-05
d87e83e5072651480abc3b95c479ce81,0,0,6.4877604e-05
e3539c3955615e96c496c124bf952229,0,0,6.5131746e-05
9555f818046c57fe0b897d2a6607f805,0,0,6.5997556e-05
4f5ffdfe46aeff442eec82d96472c82c,1,1,0.9999454
f576a83a2a93444af0ede224c554400e,0,0,7.2019146e-05
d78dd006f5b7caab407196750d08a671,0,0,6.755229e-05
8aecad2c7bdfe6cbe53149a57afd974e,0,0,0.00016170823
5d7daaafe79bd27e4e3286337fec6788,1,1,0.99994457
95152c7b82bfc55fbc600cdfc6651f50,1,1,0.9999441
2c92f85346cde296120215a2aba2cdaa,0,0,0.00033949217
d918339c045c1de01faa9c2fab3f40e3,0,0,0.0046106265
042f0b880dff299d594b39bb198f1ea1,0,0,6.569954e-05
0604b5d095348140b2457e832dece6ce,0,0,6.722315e-05
7f7f553c44ca5e29d304b6a0b08fbb8c,0,0,7.087989e-05
a01d9c17a5e52d291d385742aa604e52,0,0,6.4841784e-05
fa9302eab0fd6c80a374c718df6c867e,0,0,0.00045565004
80b25c5542299d94e4b71966fa0c2b51,0,0,8.362097e-05
17d51ee240e4e96828a817fec06665a8,0,1,0.9986456
9fe78990e5539a4ac6ef682353bf80c0,0,0,0.00042333535
cd246ee7bae736f7da43c1c218812a67,1,1,0.9999435
b9e1b9d4306a9628753f76b94e9ea74e,0,0,6.515647e-05
5541263a9c794a9f1f8b66e2501e4645,1,1,0.99994123
9c6da669ee38c38444aad1ebec02d492,1,1,0.99994206
873b666315645b67b9384b68fdb0edf5,1,1,0.9999387
4a0a386e90e5a38da112041fe96ae2ab,1,1,0.9999441
5b9b9555d930752d915f90273ccf9b3e,0,0,0.00010668005
9413c6595fab58bfedab35a8f4fe201b,0,0,6.490019e-05
d25226a09c1c8ea540de0c96c7323336,1,1,0.9999447
f44c785e62a30d069b1345ec7251cc66,0,0,6.5548404e-05
24a7d22a54cd4f6e826f209e81ad6daa,1,1,0.9999449
3be769a01ea9c0c772b6e16564348da6,1,1,0.999928
cf426f6fb24a1cd77554e9730cfb0b52,1,1,0.99994624
715d2cc9ba10394637112f27f5975cf8,1,1,0.9999374
b5b2613600fd2c14bb5530afb0ccc1c3,1,1,0.99993646
375f0ac326d59835070fd96baf739932,1,1,0.9999256
efd1ab56aade86ecc4f5d3591ade7d8f,1,1,0.9999471
251bee3aea222424cf4ce6a7b9f2b964,0,0,0.00033767152
bdd1c9d454e7e3d133a8e82b9223946c,1,1,0.99993706
e276a1eb63a3aa5f695a4c40d7794989,0,0,6.5027045e-05
bd9f4d42ea5d0bd3c3a2c6b85a4e457c,1,1,0.9999467
6d6e0359432474f26ce3a473fa67b1b5,0,0,0.0005573276
33394469741ea1fe5b577bc1aac8bbed,0,0,9.60884e-05
59cb07f6a2730767bf3f83b151636e1e,1,1,0.9999341
e15e87e059fa4dd17c7277eaf85f683d,1,1,0.99994624
411ea90f8db90510511c5d68190237d0,1,1,0.99993694
5f8a4bdf1690ac6b61290b6fb99a38f1,1,1,0.9999416
4cde8cd07d773db9b366fd8290f00aa6,1,1,0.9999453
9c189cf606791294d738fbe9d4dad018,1,1,0.99994624
11640aa4932bd6dabc1952627fb04a52,0,0,0.00026933532
64df467517b345c98a5a1bf846e83fc3,0,0,6.460532e-05
9e85350014e0ffa1718974ec76ac5a02,1,1,0.99994135
46d3062b3568c9e32c9bc7c1eb74e4e0,0,0,6.465778e-05
fdea9650c4c3592a51e73ea92b7e0eba,0,0,0.00011180288
0aa1b415a87a007ac41169eed1d90e7d,1,1,0.9999448
0ff73a6f8a48be0583fd0d1428b88409,0,0,6.8394555e-05
60988522e69af058a66da22498c5271a,1,1,0.99994826
04502eb6d12b663669d5a4d9f7b4cb56,0,0,6.522392e-05
ee3d70699909583ec4344f9e14d98848,0,0,0.00010051464
f5f20d3df3a7e45324fc48ad442b8a04,1,1,0.9999404
cdd8357c4957ae104d1ad03d809b9681,0,0,6.6069915e-05
499d42c525c298d8c8002352e5e5dc01,0,0,6.466721e-05
9854730d5efcc68f5970dd02baad68e8,1,1,0.99994373
b9ceefede0b1911ec1b5cf1b7999195f,0,0,0.010022177
f1b9d6571ee79f36c5b1d496cdaf6d33,1,1,0.99994063
a0d776e4133d4fafadb8b442d2a39fe6,0,0,6.492048e-05
a4c0fd264f625f415972871fe2dc94ff,1,1,0.99994123
0a8a10be40075a9e9e55b240193c624e,0,0,6.504603e-05
9e96464b4effa946a47778def6789a74,1,1,0.99993753
b6e86c31c844db10500600739817d8bf,0,0,0.00013204172
f03d77052f8a62f975e20defa7f9d433,1,1,0.99992096
fd03a544c90e35e1f2ab00312ff91dec,1,1,0.9999471
328c35364c1991fced4353431b5c5b15,1,1,0.99993837
f530ca9bb6ec637751f6d8dcf350ab35,0,0,6.761713e-05
f3d0ff103bf0e8117b06ad275f8e510a,0,0,6.824392e-05
b8336ad38a718873e0133de7c6540933,1,1,0.99994504
1c1de98ef3cc3d1ca9c4868366cadf82,0,0,6.4282205e-05
d9a77ff33aed8e7a05e2ea46fb9fc480,0,0,6.488385e-05
41afc70fb8101fb9664b9cb2c20a7b40,0,0,7.752931e-05
edc5a84ebe39607a2c999aa95a956261,0,0,6.874208e-05
8a996556ab87f0b593b3220fe552e458,1,1,0.9999461
84a70867ba28cf87fcac6b0385443943,0,0,0.00059094245
1461e8698dff176e05ba46015e749d26,0,0,7.389654e-05
92e44090553e88c984d7ad1b2c4e5028,0,0,6.494302e-05
d90b9108fe86dc360431e55c56fd6f50,1,1,0.9999361
73d675084c1d978118e351902dcbf28f,0,0,6.625869e-05
2faa26c53614556a0ded68473fe30c05,1,1,0.9999465
39584c1a98958ef6d5707e575f75e4da,0,0,0.013383289
a2d77092a410a292740337edc283b8d6,0,0,0.0012755103
a1d992f8dd9620aa3fda22c08f7995f3,1,1,0.99993694
30646c065f476bd148ea1fb64b2847ff,1,1,0.99994147
a9ec6ec8b742af21d4db32dfe67b5085,1,1,0.99994373
af14d244212e6d55df39efd642674ed8,1,1,0.9999416
5fc8ecf7d58d9c7bba7caebe64144413,1,1,0.9999422
2b311b11ccc48a823f0fa61c87044f0e,0,0,9.527736e-05
df4caa1adfe310d9e478dea0830dabd7,1,1,0.9999453
e038bdd8601b072483b7bc63af9b7559,0,0,0.00076278474
a00a147b7477c06b74bd7c37ff73c9dd,0,0,0.0026621344
44383e28a0066de41f874cfbd1318f3e,1,1,0.99994123
6654a2cddfd418ad15c37599544c5e07,0,0,6.4506705e-05
4d638868cfc32c5fc9a9614bc7aec4e1,0,0,7.3096795e-05
116c5ed46be173e872f3f80c7ec0c17c,0,0,0.0025075818
c5ae7c1f660e20ca33dbe7e58e09b192,1,1,0.9999436
27815e822d356824060c1b605077c54e,0,0,6.543811e-05
543aa42a17bd4769a9ee7f5463432744,0,0,0.00072366005
9d2c3a2a92758038a08ae48d5a63363f,1,1,0.9999423
d1eee2ae2ed053feb5d3a6332b7999b3,0,0,6.8155605e-05
3c616e8632b0e2471a57dc90fb21b5da,1,1,0.99994683
9384a23ca442b436419a5fd5a3e24a04,1,1,0.99993956
d5e1c4d0b16fb0eeed8c8914ab1fc036,0,0,0.011193664
27f7425d16d7303b7a50ecb5281e4cc8,1,1,0.99994373
e47aeaca8520521388f535132d361c22,1,1,0.9999409
12650a43832d3ba8dec36bdc953c5a8d,0,0,6.538939e-05
6eac9d7581574c5b1a17f60d49cb7d37,0,0,6.736992e-05
f1e0bf60b054a85679376889e43e44b0,0,0,6.534245e-05
ca9bd6b2b13ee2ebbe628e192f4ebb75,0,0,6.470107e-05
2d839ed1665e36d2f8f300cdf7437c34,1,1,0.9999418
bffb413ac16f6a3da4803cfeedda3484,1,1,0.99993086
559dbb38a142a83840488eef2f1fedcf,0,0,0.0012292549
e3d7da21226d77313bc5f6f58f77c8e5,1,1,0.9999416
9fe144008454e510bfbc2cfd45079a22,0,0,0.0005734445
753b526574f9ee7f839e981270e521e1,1,1,0.9999286
8674300ffdbc8ffa8447602f602fd0be,1,1,0.9999304
2d76d887fa2a11538e3cf0557f3c5d3b,0,0,6.4716005e-05
fb39d24e480a17641acd2aea7a99257a,0,0,6.569177e-05
42995af70012c40e98201ded6ff3f466,0,0,0.0008565737
4ee80848319b537825b86a52aef17a9e,0,0,6.617332e-05
23a6bf88941b3bee0641223a23993115,0,0,0.0074975584
a1c8152118a0d4c0cb666d98c2c33bfe,0,0,9.991288e-05
ab23f3e85f9a3f5c49005a9ec774fb36,1,1,0.99994147
b1a1bc53c42d677664e85f6f5826cd87,0,0,0.02781301
c931adc48e6aa8ce25427821dbb4de1b,1,1,0.9999393
debf19c11730b8759f8820e439417caa,0,0,6.825056e-05
7e0a9c5f837695fe4b848ae23698363d,1,1,0.99993813
362a9c3c6c650881fd1975f3d0eaa84b,0,0,6.711528e-05
68bd0447bc86cadd64c8be3f87c7ce4a,0,0,0.00025711308
ee34dcc0b0084cdf5d5b2396b3f645c8,1,1,0.99994147
70fbb986498f41800c5fa022ce06f73f,1,1,0.9999454
86974ceb5fe3cb5ac9b7f61422cb6235,0,0,6.55196e-05
5ca3ab483fb148516f4a95ea3ee3a46d,1,1,0.9999435
36be010a4abd29ea427c20e64dd9417f,1,1,0.9999325
b2eed03f7d9fa68dafecebaf6d25d595,1,1,0.99993813
88f38af4831956458941d9d9a63564bb,0,0,6.632261e-05
a2cf542ea9470355fa0dd87fe5bfaf34,1,1,0.99994254
1ebd3574c2a0d80e8e24268afb25851c,1,1,0.99993706
6fd059f7bc415281b33d0b718309ea7d,0,0,6.684816e-05
e70efa5953f7b49be501d9dc1ca77afa,0,1,0.99969256
0794ef62b16cca83f7ff359f22751f4c,0,0,0.0020053936
26cd60bdc36a639c7655f501ffacd7db,0,0,6.454947e-05
53711b9e20d17991694c6b34fcb6c3e3,1,1,0.9999405
da9890ef55245e1d8be654395925ad42,1,1,0.99993515
068e9d760db72e7f067ac8e4bb6c1e0b,0,0,6.477511e-05
b35dc52f7c6dd161d96852a0a887829e,0,0,0.00048760095
528b03dc03edd84839a342333a767ba5,0,0,0.00018695324
c5681d8810b2aa594ad03301b8e8507a,1,1,0.9999429
4332592a7103db8686024aee20c902d3,1,1,0.9999453
e058e9e4909fa3e8d52eb566a192d725,0,0,6.597811e-05
2f8975987b2f1129c9243e4c36e0c0c9,1,1,0.9999465
68f1650c5a4a229324863d66036447a6,0,0,6.519407e-05
6d08bd366a4179893e3835b58cb4bf6e,0,0,6.830233e-05
42222549f187a79dff97fcfa8d8b9b3c,1,1,0.99993706
bfcdfae8b06b277ba0aaa76f02e2ac77,0,1,0.9999236
99ed011fc38307179e94bde0692d0c4b,0,0,6.6667744e-05
f4d38cdd0e1bb1dca75860537778b7c7,0,1,0.99519956
87678ac59cc40905d4c1d900413b2928,1,1,0.9999448
10363a697cffbf5237f3bbc9af4d2af1,1,1,0.9999385
d8d14caa32899718d968b4d220e457c5,0,0,6.686633e-05
7b8e4e261bf08e1d858f89f2ea83503a,1,1,0.9999459
3a10841dc343c17e1a950c0e86b2dd34,0,0,6.710798e-05
881df7dfcd7775bd3613e7d2a961b624,1,1,0.9999471
a123253ee994ecd69b23989982c42628,1,1,0.9999461
11009c55d35c1b28c7c3548a10b509dd,0,0,8.2633924e-05
483b1155f13d9c34ddd781b77d03d044,0,0,6.527183e-05
c8164c92eb36eafb45a2e7bf1f9a8f31,0,0,7.022755e-05
4378c60a5916789e003064eb2d262fd6,0,0,6.506849e-05
d56230aa33b89d59b069d6b5c697a4f8,0,0,6.592265e-05
f2a04455a55c96d98fcbc8fff3b113bf,0,0,0.00036587624
6b6a2714249f69be5b80bcc6f2c37307,1,1,0.9999411
ac66fbe342c53d639505e9686695f26b,1,1,0.9999403
e3777363be614558ef53923ddc162d92,0,0,7.34781e-05
c6b9e9710a6bdedff05c532a3df4e076,0,0,0.005102884
84004c5f8d1caac32774ad19f3b26a30,0,0,6.496891e-05
648851c56f0fd7c7790821ec2888eac0,1,1,0.9999435
7db5c8bdf8928056dca148690f4d8a52,0,0,6.480185e-05
07526d2fb83bc4fc7fbf70dd5a7f893a,1,1,0.9999455
490669696ab69dc4008c6d5ffa9e6058,0,1,0.9992182
9b562687e42dc19670afa4902d04fb5b,1,1,0.99993587
4a41f854ff01ea133e8be7792fa49c18,0,0,6.475626e-05
4f139f1d6f74174c85ded4bd3f306859,1,1,0.99992335
9967997d640475c118e76e4df3ee3dd9,0,0,0.0030276102
9c65512deec2e46086059535b568bdfe,0,0,6.511777e-05
39a0fa51e9037b00ed3ff69c2b4a4a51,0,0,6.9835536e-05
091b7af18fa8256a5a4c344a2480b134,0,0,6.722956e-05
0a30ba48b2201c47944269a2df8d2781,1,1,0.9999454
69414d3b88943ff2a057b1c8d5721702,0,0,6.8705725e-05
3f1d9708f259b0d16f0c566a635e55db,1,1,0.999943
ccb81b0f4291414bee724ce8cae6984e,1,1,0.9999417
f9527943d33b5236620277d9b6bfdc83,0,0,6.552054e-05
cf094edc45f1bf93fad41ce97819aabd,1,1,0.9999331
eb64c5e51f37c5e30ebbebd2f88b6ef0,1,1,0.99993515
128948f5818e78540fabf3891db9f2a8,1,1,0.9999478
d90c2915bc51a9fd2605fab5a2cf2215,0,0,7.868182e-05
9b47e34bffafc0388e539a8d5fe2b472,1,1,0.9999397
a66bb4f361a5290e87c30fb0aaa48d80,0,1,0.99672675
40c14697ae4fcf02886b08e958fb5827,1,1,0.99993
918249a717eb8e69dfc9b83032091f1e,1,1,0.9999409
6f01c8b7222315d32599fe722840f863,0,0,6.5129694e-05
9fa574a7ab98e2fcd60f4c9610f70958,0,0,7.263056e-05
b9a24c54b79cdb1b60a26687f6085d3c,1,1,0.99992275
facaa8d2236ff7c015fcb36379e4ba56,1,1,0.99994683
87675528feb8d4fbb45b49d76ff816c9,1,1,0.9999418
a70b152408996cd3037ebe8c1b1ee213,1,1,0.99994516
52de17905494555c8f85338d56f3e01b,0,0,6.601934e-05
bd47328f2c0b87f6806734fc5bb86fd0,0,0,0.022148404
5fcada2e98d02d08125d6b30f497692a,0,0,0.00024314034
68ac325fd1c2a2b5a34833763d80f049,0,0,6.525428e-05
85eaac77eda76eb58de3ff3c7e8804e6,0,0,0.020013321
012c64c80dee6ee53c94d8ea07ee5b1d,0,0,0.03444544
3c7bdac500191cb591aa444b2b7ac49a,1,1,0.99994564
2332dc00cc19c079ee6ade3b64181e3e,0,0,0.15026146
f1b66eb3952a3a6b624f83c1e68bc719,0,0,0.0009878144
2c4cf1f8ff5a1e16e16e49da7cb03969,0,0,0.27947563
6e7ba18a03702350c78a3cd87e9959b9,0,0,6.5217704e-05
32c5cd1e2273e24cd366cc869bb6847f,1,1,0.9999378
d164fe11897a4c794786d1e2aa43c87d,1,1,0.99993825
d027e500aefa8aee2bbf24b93a05b1e7,0,0,0.00013631421
ca214b36dd7d723621d895b6b3f72b0a,0,0,6.5278924e-05
56808a480787abcdd68fe1912d21101a,0,0,6.5817745e-05
4a6fe510d7fceafdb3875c7950d6a5ff,1,1,0.99994016
b3b2cf228e88bc6162ac2606c7a1a8e2,1,1,0.999944
8dfba40af83caaf4846fad91ebeadd14,0,0,0.000140932
6ba80c788c8f05a8f98c54682bb9989d,0,0,6.493497e-05
195f73deea4b195f98e4d8ef07c45922,1,1,0.99992764
c1223840876f4d2252858afdcc06b32f,0,0,0.000107594904
7e10c3a35d59ca5070c5f04669a2ffde,0,0,6.46769e-05
7971354b0420c8d5c241f4e4613e6552,1,1,0.9999335
d730754a5f1e0e6174aab7bb75391d58,1,1,0.9999124
4b7515857e92099d01378c24a7f6824a,0,0,6.6509376e-05
cdd8aad71824a974d0dd4afb296e194c,0,0,7.010925e-05
da84a290c5bdcdba707799325316003c,1,1,0.99994254
1bf014e7ac3a6770114cef10f00eb899,1,1,0.9999399
6a4c04175c435269b407bcff4994bee5,1,1,0.99993086
534925e56268521667b2a3dad7164588,1,1,0.99993193
5b92c0724ef028d3e423f2de22a9ee2f,1,1,0.99994373
a8356527b68ade8e3b856fe47154707a,1,1,0.999946
481fe7f48049036d9a86441ed2229289,0,0,6.722315e-05
b702d652cb1691d7decf24d5edc1ae5a,0,1,0.989312
2b0fea3597962b8aa753654cae2d0080,1,1,0.999944
5aa62ebc4b542ea4654d5a891be0d152,0,0,6.632071e-05
1af982eaaff4497ad4b4c6501aefba6e,0,0,0.0018595293
905b4959ff5dae47be573f54ba26df5a,1,1,0.9999229
b99fd8937add5f77c87b7d6f9514dd17,0,0,6.5259264e-05
cb95a1593c0747c3b81784493999f1aa,1,1,0.99994636
95c4278d4f73f01bdd07bef45bc522b4,1,1,0.9999411
2c8d6678baa8561622ad7e27ff424618,1,1,0.9999448
1442aab234e877aa97c63c2b886b3669,1,1,0.999938
8232661b824b66b4df582063be8624dd,0,0,0.00019773631
e9f73f03e2a0ce60c3f2ee52362270cd,0,0,6.717553e-05
fb7e544f8db8f7977840c2a0f55ef373,1,1,0.9999424
f1f2c8c1e424d902e20c060f0d8fb6bc,1,1,0.9999398
08ea8ffc27c248809701c4ab5e2de8c9,0,0,0.00070038135
6aad0f72e8e6a1a2958d8a26284dd99c,0,0,6.6298766e-05
f0ea1d29420257f1ff71cffae8a50617,1,1,0.999944
5311181d8d7e5ed2b5dc985cb39a6019,0,0,6.597195e-05
73c4fa54b98d7ddda51d79447b80afce,0,0,6.587186e-05
b0aaf9450f63f91cfbaa082f69c49bff,0,0,6.4711014e-05
3002a1e04a7aa8905e44c0fba21e89d3,0,0,0.005097124
23db773f5af4591ed21fdf42346bf297,1,1,0.99993384
5ae5c883f552251be246cd1d72f83dd2,1,1,0.99994266
c294f97b30573ef149b619fbab3c4feb,1,1,0.99994326
563e271f7d4e18ce9100ffab6839cc8a,1,1,0.99994147
7077bca2180354091661150719d1688d,1,1,0.99994457
f1240e727915c75ea1c26d62212dd4cb,1,1,0.9999454
b3ef7d361b23b28ac783d641a33e502d,1,1,0.9999465
46a68652d19108769eb3d48575dcaeab,1,1,0.99992204
2aaf8078f47564daaa40e7a09e3d9937,1,1,0.9999471
830e2f9fa4f144eb69919d01ab2d9f6c,1,1,0.9999465
a5c41c4212e801871d735d23eabdf7ce,1,1,0.99994624
a8137a89ddbdec90693e4917c3a4d255,1,1,0.9999443
83446a2b1fa2d33219bd893e562eb788,1,1,0.9999367
bc83c46fbc4a4e0607198989f4b24fde,1,1,0.9999428
e1bf06dc95849df80519d95f196486e7,1,1,0.9999391
8703984a183c45e9127bafc993b841d2,1,1,0.99994123
b04ac9192cae82b7e51b78782ecc8b11,1,1,0.9999461
b5823a35edf24406271a5fef3222d631,1,1,0.9999453
916228719ab1f2b120ca3abd65d19c8a,0,0,6.5356915e-05
8e43dc89e1c93a40b0c11695fe09c3ba,0,0,6.784513e-05
118a7640e1f94901c4c43f61a3611cfb,1,1,0.9999467
2d934de534706fd2e98e10defad3dc44,0,0,8.313336e-05
e5e0957eb15a6f9ebebe5eee93e9e9ad,1,1,0.999948
9827350bd21abeec16ab4209ddd9270f,0,0,9.163815e-05
80afdb0993ebd12b264fc1944e3f7d63,1,1,0.99993944
6f87837f04c0e86f67483314b4b8ed8b,0,0,6.50446e-05
7ab0720483b0bfa7059c623b65ff6f57,1,1,0.99994564
a53510a191ea1185ca64c4df3eaf20c1,1,1,0.9999391
02a58e05947072640b68c6ac24bafa55,1,1,0.999944
e5015034db040ab31eee7f5f104c1948,0,0,0.00011194103
b876d0fc32bb8976fd7053477a1541db,1,1,0.9999434
4c42eb9c6cda1393c3592fa54496cc35,1,1,0.99994004
9f429e4072f5ff81ed0456eb655b516e,1,1,0.9999392
594aad6ba4089e74ecdc86478c1ef7bc,0,0,6.562045e-05
f2090992804da022acdb2b036cbfaa5b,0,0,6.491491e-05
c52dcbb677b964760f9384ff560f53ac,0,0,8.388605e-05
f361a839f5698d42e88bfcc77e76ad9d,0,0,6.752177e-05
a6d08502be508c7a5ed42f9204d14778,1,1,0.9999323
fe8aa215b5898785e14cc06ba8a60a0c,1,1,0.9999387
6b73ce5e507bbaa04494240b0a18b1f2,1,1,0.999946
63e6108a580fc836edadaf7c4e2adcd7,1,1,0.9999368
c7217df6abf69a2a00b55024f181dcc9,0,0,6.4859596e-05
6f4bd5fc78d392f5a5e59ee06b5bdcce,1,1,0.9999217
74a1b27cd4ce27a010cca37e64c2a798,0,1,0.62129664
95de461eb3dc2059f25fed1b31470372,1,1,0.99994826
cfc589bda669c37825572c5ac7708a9b,0,0,8.629845e-05
563eee2917f0e203bba3a893ebc38b0e,0,0,7.8958496e-05
38c3b06cafff728af81b118228bc59fa,0,0,6.658934e-05
e454f62efc035749dccbb1c9a0e7fa9f,1,1,0.9999423
551204773d4f6709ca4a201b1f38c1c1,1,1,0.9999447
422126d4084b64bc4d08aa7125d7bd61,0,0,6.5009015e-05
1267a1b688ee434456d8a8d478922890,0,0,6.799916e-05
ea62fc3cfec8fd5b08adf665eb982d67,1,1,0.9999409
eeb7a9e90f7ba27ec80abe6273ff2c06,1,1,0.9999459
bddf9cc51a3a06cb8811b6edac265a89,1,1,0.99994063
9f65733af59a0560ce586d86af253420,1,1,0.9999325
bfa6fb7ace08d971b9631443ff7b93f7,1,1,0.9999449
cda89f6311340e916dee4a37a2edc447,0,0,0.006165698
c35e4f7a6170cac7751ebf2544242fd6,1,1,0.9999443
f6648c431a715268bd01741d6e5544bf,0,0,6.605e-05
9ce57ed28e01d2c9e29ec8622b726ae2,0,0,6.799604e-05
277910841100033e9f500863f82e1910,1,1,0.99994195
3dd867ea79013f79a7f551a9ca377c7e,1,1,0.9999416
d2818ab361ea42587ee1eee8fb71f83c,0,0,6.5359156e-05
4aa6de028f79ff8165cf0902c12d833c,0,0,0.013220812
bf8020fe3fd81b44be7610714f932396,1,1,0.9999347
639e47cbb7022b8b185c38b7f107f777,1,1,0.99993455
18c4de2422f9e425ba5d7a09801984e6,1,1,0.99994004
1a1d06699261ddf60a48dee649b5faae,0,0,8.786037e-05
85af18576efea0010a291dbdc01a179d,1,1,0.9999411
de8038c74ccd34a3ed58066c6b64c137,1,1,0.9999435
b7731421c8d1a5d6cf9bcf7ce8334cd6,1,1,0.99994373
f7092a54f3102f3d74e14731d2a87342,0,0,6.60359e-05
52d4cf7f761a8225cea44e9460c1a9d3,1,1,0.99992955
958063b0c4b0191c54c9b95260f07293,1,1,0.99994385
b5bdc8bcc14bccbc585cd98f0b7dac35,0,0,0.0020100065
cacdad32c55972027ae627395d0dacbe,1,1,0.999938
1b2cd860df1e86d53d6174e0b35e98bd,0,0,6.518226e-05
bbe4139f496d09d47e0508a422a16de5,0,0,6.5473e-05
15e90a9c2215beaf8a04f4f7f1a1cca6,0,0,0.0033764646
d8773cb8bc18cc6785d7c6bc2ef9ab86,0,0,6.6680586e-05
003d35445be34127f8df56e6063452e2,1,1,0.9999403
65acaf90e147fa411b663c47217703ff,0,0,6.591692e-05
4ca588a9973875be77e367145102a26b,0,0,6.429545e-05
8b83f573e65a3d92855a0bb584e83971,0,0,6.502433e-05
bfe7e0f018fbfb2f3ecc6cdd7e5d4f46,0,0,6.556266e-05
fe00c7aad244419a947ecd546d1c4571,1,1,0.99988556
20df09e04a6c073c689b36b495987b99,1,1,0.9999471
3d34b22b46bddd0b59d233cf050bfa48,0,0,6.973784e-05
137252ee8dfd4b632f520028d401b7f7,0,0,6.646943e-05
11fb2105892322cc1e02e555fa41ab1c,1,1,0.9999418
bcdf6e87a0cc104a1e367dafa03fee7b,0,0,6.67367e-05
ee93d7b8d09c66c45893126a9dbd29f8,0,0,0.014652345
386b8e2e7d7cacdf665d19cf96768c57,1,1,0.9999461
5484a0aac0250a27c34f52174a6208bf,1,1,0.99993384
ac10169466095be5bac6ee98579a825b,1,1,0.99993503
a9da5662b100f507db873082e204986c,1,1,0.99994123
9227d96461892eb540eb5af27071e873,1,1,0.99993265
444310af23bde302fee14ffac2b13dc9,0,0,7.435451e-05
ee6c3dea30de30bc96aef626c655db18,0,0,6.632381e-05
4eea9733672764f2bb62404b98a5de16,0,1,0.9506635
caecd45423bbeea72dd1784a0df17ace,1,1,0.99993753
5b87b133cd5fd93426d82cb7ba4c681a,0,1,0.99987507
025914a1f34b8250c6696413e372661e,1,1,0.9999466
78b7a993321346cb06a68b5d65c13aa7,0,0,0.00058920454
ddb57e67b5162e49d90de6ddfc3f5543,1,1,0.99994826
6eb4b72c22eae5ce564fe5c77f688fc9,1,1,0.9999474
ee6ba10e5651da68d9b63318625dd107,0,0,7.4891774e-05
269b49abfb67d80d6decdf8ce0bf864e,0,0,6.8600064e-05
9191a864cebec6bd6c0d05d41ab7a5d9,0,0,6.506365e-05
e2881a6193462ab0ee13e5edbfb0e541,0,0,6.506079e-05
1589469fab3aa14d9b8b4dccbc91ef9c,1,1,0.9999348
139c787c7b176fd1685ae92d0187f02b,0,0,0.0001220024
a8a0204d162d956d55f4941e0ecc08e2,1,1,0.99994326
649dc5f2063d871f37888afff63072ff,0,0,6.561145e-05
d835ddd1d71f7c33a9f4bcb6359631e4,0,0,6.499792e-05
54550a6eb35109aaa04ead78cf28870a,0,0,6.538484e-05
35a72355cd8570e66d7ce2cce7502c4d,0,0,6.594277e-05
3678bd3ed79ad20cc0000672620c6679,0,0,6.580268e-05
ce3fa9d63b0aaf0ce97d5df5c375d473,1,1,0.99990976
0e6f74daed99d2620922269491024f5a,1,1,0.9999454
e85f5f65337a92741771f448476f3d25,1,1,0.9999461
08b48f283112a0b2532c11b68628c7ac,0,0,6.568757e-05
808c40a454e3764eda771d10c28a5859,0,0,0.38647753
9baa6d5e82a7895d98fe578e75899c2a,1,1,0.9999392
756bc0f2f7fea00f0e1406459b9dc0ac,0,0,6.4873144e-05
f1105caa6d61b737e8722be43a7c82be,1,1,0.9999393
41a23d840fee03c055d4921820c6ce71,0,0,6.587664e-05
49756e50ed2de07ebf453bddf4e0e43e,1,1,0.9999467
e7e267081af6040ba13f80163c8b648b,1,1,0.99994504
5cc2b1bab97bc59e34017279e456db2c,0,0,0.00016669315
5d8c657e368888226c5d117cca0bb245,0,0,7.96342e-05
ee1edc67cb74335a1dcf6d2855a744e3,1,1,0.99994206
0bad2a7ecd921da274ee6f6a835b5fed,1,1,0.99991834
453162e6181100366a073508ec4c3bf6,0,0,6.4555745e-05
810f7b406b52a01ec8365338072ea347,0,0,6.592202e-05
3905a847e46c17a81cecea0f85c8169f,0,0,0.0004336414
dde80b06c54da9496a3096ea48d135e2,1,1,0.99993515
ab5d94dc3c4f2517e616eb37f0ed52cb,1,1,0.9999422
8c434c6edcf75d7994e80e85fe6019d9,0,0,0.0003579785
b5180d7c0492c3add30c62f4d93b39ed,1,1,0.9999263
b6c12526c1cfb43e7bd10801051b1237,0,0,6.5124485e-05
9e57e31dcce2f70a0664e15079008ef9,0,0,0.0008047863
b4357eb1f6ca25601b04ad8d1c92f7db,0,0,6.558361e-05
561c0c5ce1ba38896381a9e4e8fb2ae0,1,1,0.99994326
627de727449518675b13914e592a4b6d,1,1,0.9999403
b07ca33ed550a8205db979509ea1dc74,0,0,0.07117931
d1bc9e944d2c6b88750645685b0b41b1,1,1,0.99994683
fe7b479a00baa8217d0d60f2ecbc7106,1,1,0.9999386
620f0817e08ba7e76ecbffff22b646fc,0,0,8.2150655e-05
4f5740c08f060376c58f63dc0cf34e56,0,0,6.5256274e-05
2d529e8a98c0090f91b129e25d6a4d6b,1,1,0.9999459
3caac40f3b96c40a74acc9084f91327a,0,1,0.8074736
bbad4f6eebfbfafb2d54e37e868697e0,0,0,8.168826e-05
8960180c415fd24ea0ec8ac1046fa270,0,0,7.181732e-05
25342c0084ad77b8df9de6e57fe3a207,0,0,0.0004727582
e10769a4d98fce7290c59c4aec13a9ff,0,0,6.582415e-05
b94780696c48cc66ba805cf657ca6c74,0,0,6.5398184e-05
4ccd806df61dbd802b6be453e6c8a5ba,0,1,0.9999205
90fa1f040dbcdd13e25c28957af40bf2,1,1,0.9999372
0b1a6d60c24bd61ce6826c4bc558f06b,0,0,6.463731e-05
fb1acfdaf9eea0c3372cff5539c75ae5,1,1,0.9999403
ef2a42544de4274161a6b3ee113f5585,0,1,0.9998436
2a08efbfeb7a8aad867dbe59a3970f2f,0,0,6.505335e-05
17dcec609f06c15e44420db70761e457,1,1,0.99994135
a47692709999247ed96d6265090ecc65,0,0,0.00036132988
d749d3e423236e0837bfa7ff980c9b0d,1,1,0.99994326
83be457b47549fa5dab71188c3c17dcd,0,0,6.557967e-05
cfc3641d300fe94035e2f30cded8c465,1,1,0.99994385
ef54d0e7c759758474c29df744437fa9,0,0,7.9537436e-05
bb7a93109dafc55d8d0dc39d9a18e5b5,1,1,0.99994516
f507ec5ff11dde62787c238bb7f6b531,0,0,6.615502e-05
92437abc32002eab9e11dba54036a6d3,0,0,6.622888e-05
8df4099d1720b18b0cee64b4ea4339ab,0,0,6.477899e-05
4504415f3b8cfae97d77a32233a355a6,0,0,6.4560554e-05
c6107b489627a9767b431e3d21a80872,1,1,0.99993443
dcaa3c52b916a112af4eb3d7892ffbeb,0,0,9.963382e-05
3904e0f30074a9b83737736bc00e8710,1,1,0.99993825
8bbcb2df8f57dd3c8ea8635e6fde8592,0,0,6.934485e-05
20a36d824fc924c3bcb9e6be9ddccabb,0,0,6.688323e-05
3f72ff733dbd5279090d7d821fd2995e,1,1,0.9999423
1ed1fee5daf143a37a32ae787adfe06f,0,0,7.72446e-05
cc58c06ef5998377de184a76910ac507,1,1,0.999944
72e5ef9382e0cbc83c4dafc1c0c71b5c,1,1,0.99993503
b5f367e83563e021ec69c638f447b4fd,0,0,6.687653e-05
97352cd7de4dd69e43b379d75e605789,1,1,0.9999292
3023b47950ce2bce6bbcd4efaa2093d2,1,1,0.9999417
917186aafd49317b120c2db04b1c6853,0,0,6.568945e-05
c3f5b8ad02dd470db7fffd96680eb76f,0,0,6.474169e-05
c30d3a14540bfc3792cb0cf8ced68c4e,0,0,6.4987194e-05
8df76cc505ec912af11559b140c78232,1,1,0.99994504
cf690e3b22531d24c437515384c6e7af,0,0,6.620621e-05
6814eadf17ba5478a8ecabb48842952d,0,0,6.669712e-05
d135113ee9bcd5da8680955026de9e7f,0,0,6.849625e-05
bff82400f19a74bccfe74414f00d93e1,1,1,0.99993145
89476391b337435eafab59d630c05488,1,1,0.99992585
3935ac4bb84cc695e78599a7cf88b6af,0,0,6.5056694e-05
68bb0a3739d32cb07f271c93bb7e9f71,0,0,6.517753e-05
e0f7c6e5f7f59d568315478578b206f5,1,1,0.9999374
d4e104ea1d5eec6c99035435024b1b31,0,0,6.514863e-05
be1bd10f6fa6342bef9135cd281e4b7e,0,0,0.0002005518
36c17d57567f8cf286fbc73c398f05b2,1,1,0.9999422
9e7f3e9d9a93ada18c5b9dba49fdb0bc,0,0,0.007827375
96a22677d2cd38e09c4abf201c978f3a,0,0,6.6501765e-05
ffbb69eb40a4228ce58e93d7641e6df7,1,1,0.9999459
31106d2fe5266be3bbb5b56d5953f92c,0,0,0.00014779464
2ce37a046f463270077e9489e42a2bb9,1,1,0.9999399
320a5673bf7a6e245bbcd56e23c78095,1,1,0.99994624
44010c8d88b7b87e715c43234ca45fcf,0,0,6.500387e-05
d0d122e5ef3e941b653a63e40636cfa7,1,1,0.99994385
76f3469afb34ae7de5f294964972494c,1,1,0.9999417
f75a33c1842ab22fb6a84490b5f4bee7,1,1,0.9999423
078cae2adc63d0698aac2e1dfb81d457,1,1,0.99994564
21a2e194df7415621874e39db3545859,1,1,0.9999428
bdb31d72e1e0329eaea1b851a500daea,0,1,0.99892527
49f3ef53a37c18081993faca338ca6b6,1,1,0.9999361
4ec691a873af3b01b0c1837ce1c0b777,0,0,6.525565e-05
b8a8498563cb590902e394ff72fe5d7f,1,1,0.9999403
0d48fe7bc01e81c51ac9de41a62c6b2f,0,0,6.5840846e-05
d29d5233bfd89d323a3a9aefd721d611,0,0,0.0001778304
d84fd0f8efd71f13220467b156f3120c,0,0,6.4925676e-05
7df04671639a4f0171364d1cfd60eec8,1,1,0.99994695
033d6adca89d7d84086c044299579b20,1,1,0.99993956
05b98fffef80f389608408907c3c3008,0,0,6.49398e-05
cae47f21f796903f0082b771f6cd2fe4,1,1,0.9999443
4085efb9f0d19b99dc7e83ae464474d8,0,0,6.470119e-05
c2c28555ce7c1c8ce323743c7166b7cb,0,0,7.3022726e-05
096f3225174d754a535a1643164ab065,1,1,0.9999422
f51895b118e843c88e65287fe96e58b4,1,1,0.9999453
3759c5e5a77c9cbe69b104f08e1f2d8a,0,0,6.5163615e-05
ff3568bac420340f9de0d1c238628f0b,1,1,0.999944
234893d409d217eb86891cf86fc8e657,1,1,0.99994683
d6c3998db7ece0db2795096bb68bf644,1,1,0.99993205
6fd87b591b653b4b7c56cfe4eb7591bf,0,0,0.00064916315
9de77715761af31420af508573a02710,1,1,0.9999417
aa626c8affda95ca08643fc776102f41,0,0,6.505645e-05
24c283b9e40bb97dc815e14ac8991431,0,0,6.6576315e-05
f88224d7e59b5fa89d1a95f380da14f0,1,1,0.9999455
6209525a4d5b5fc85dbae212f5605f1f,0,1,0.9998481
c52c4b928427f1da6dbd571d5a3fd9a7,0,0,0.0052525094
73b9369e28de6b2ef03ef9f493403502,1,1,0.9999465
97431cbc371aac1566b3c038bc1494aa,1,1,0.9999324
1adca5bbf8453493f86ae9b2cf14a48a,1,1,0.9999323
c6937976a56f8f688716cabf5202990a,1,1,0.9999461
8e8d49062e14adcf47896fdb4a15bfec,0,0,0.26850778
2dd306442c7b47c7199766035d23cd49,1,1,0.99994254
3c6ca99cce62eaf540262c13c58df4e5,0,0,6.868895e-05
bfd8a48efa1bce5ad57f330949dac1d0,0,0,6.700107e-05
758fa7040a62a4f589a88b0906e00690,1,1,0.9999417
36bdd6fc1f95cb14683fdda8d85925a5,1,1,0.99992955
4d94b8113c69a85774decbf7b2ae6c84,0,0,0.021044152
40212548a0ce1ae9ca5f565764c88440,1,1,0.99994683
bcf9b1b1275a013216427b66e71d993d,0,0,0.020831361
ddad949d5c7f84f20b56aa0b821450bf,1,1,0.9999442
e8a75819444928c065b268ff6512402b,0,0,6.526486e-05
a3e5e1f04a4575bad08059b0be786b28,0,0,6.835218e-05
b05a6ec092c2f2c83f5a3875fc512048,0,0,7.419317e-05
b60d1b0fcb1d0d292304704ece0930d4,1,1,0.9999062
94d531938aef28104d0debc788cdf916,0,0,6.546058e-05
9c755a88d080d2b7174a97e7b11b3ecd,0,0,6.7230845e-05
b3cd599c291959d817505490a6a507f1,1,1,0.9999434
28c8db1f3053ab90f9825acb143b3c7d,1,1,0.9999447
b1c9cb3994810d5d60d65aa292dbe56c,1,1,0.9999391
0e765b619cc4bc4e4889be5b0626fe4e,0,0,6.5218075e-05
a1e30639b845ba2ef4b55f6ba3cd5029,0,0,6.5476e-05
4a0207dfdae89f4ff6b3a6cb752b242e,0,0,0.00014886432
0cecc5713da8edc59492cc8df63c941a,0,0,6.523798e-05
5e240d213e3f59235f9946ddb1d88353,0,0,6.5895365e-05
d1cb4e83f3f2631eb80fdf1f9dc5b79c,0,0,6.5571294e-05
0ed56ca6bada9415d98740ab57d5f85c,1,1,0.9999429
3f37026e6157d6f0a8358d23a7289267,0,0,7.4144365e-05
023f9d546b7cdda9231b8abe7d0c41e9,0,0,6.627708e-05
09ebdb93570deed1c3c8e6d2435c6012,1,1,0.999943
498439109f6173cb819b52b6e98ebc87,1,1,0.999944
c88922ac65651b851f35b50668c3f1d4,1,1,0.9999424
62de6139919a6124b27a03d3f202ceb1,0,0,7.343046e-05
5d839205e364b2bfc2d8f7c824842e88,0,0,6.501868e-05
961a60bbd1f8622283f81a10facfaf3f,1,1,0.9999367
5ed0b9bd2a691dd8df10f390550f876c,1,1,0.9999422
78ec67c9725284472b52fe07d2b71e33,1,1,0.99993885
b4c4771a4d0febef8f8d2813cf8d0f86,1,1,0.9999311
78c212eb75259c53a0ac5a4833605a8a,1,1,0.9998579
acffec68b7848557c461ee0a2944e514,0,0,6.485743e-05
71de6fc29838981ed20a2ca7e987373a,0,0,6.530571e-05
a42586c82d085f75ca246282da01660a,0,0,6.605895e-05
13e378d651ad84707e76441a5309c446,1,1,0.99994266
848135feee20e62f6ba6441c2eead543,1,1,0.999946
4c2707d8c7698068da23a7c859de9714,1,1,0.9999435
6f9c6ef1bd178accb12fdbbc19bd4e52,0,1,0.99991
e4ac3408b1b32617535d08b68bd7c126,1,1,0.99993074
692e4d92363a95d7ba589471e89b1672,0,0,6.4934415e-05
160a760831e2f456da173e9e46899d88,0,0,0.00019295102
a9c618c1a1d88e40c0a5919b36f1fe52,1,1,0.99993014
2e9926136f6c4024306cd84f3e99a51e,0,0,0.029897025
6f6d15b8f2a61f09c68f90a7c13ec8b1,1,1,0.999941
aee67c25d5d802858f5c12663c4054aa,1,1,0.9999387
4ffa5196212fd9378d747bd7223102e4,1,1,0.9999349
d29f2d5f1208c51c64d7fbf01e3bd0a2,1,1,0.999946
1cf61d6963c45ec6619b77e753eabdb0,0,0,9.19724e-05
cbe904ca9e7980ef205911ae763e4f8c,1,1,0.9996432
3c312ab91f6ba0b7a635b1b4c22c7997,1,1,0.9999348
048896c68dfeda678d460b4754b457be,0,0,6.521404e-05
18ab5abaa2551d28666297c3af43fa73,0,0,6.801038e-05
91c2e2532f8b1ffa9e8511cab9203315,0,0,0.0064636036
1fd84ba1ff16688d0629a4726f7ab225,1,1,0.9999455
9b86447115d0286478a610bc6c23609c,1,1,0.99994576
438eab18eda6e80f11c3301e68d4014f,1,1,0.9999472
f0aab0dd01847972e78d7c47a9f78521,0,0,6.52136e-05
df81338dfab8b521a74e3db34df2ad73,1,1,0.9999286
7408454da3f0d87e51b9ffd1d7c6fbc7,0,0,6.637714e-05
5142f34402d8b56515296b9385cb5180,1,1,0.9999409
be4e4697a2f6d9aea09a429612325472,0,0,0.00017083451
4894049551ff61074f731caa2ad304d2,1,1,0.9999455
f4d812de0113864c57d07115c77f7b04,0,0,0.00011048173
2b50c4b732aa85b7620e09a64b051e47,0,0,0.0010690128
f7c92527e8b16c84f8a756458a21cbcc,1,1,0.9999422
636499eb5dc31129945be17e3205cc4f,1,1,0.99994075
9b034c96cc4cc21e4d3d149d6ccb6c50,0,0,6.5024076e-05
22148866e011e5c362e22945e7c8bc6c,0,0,6.5931636e-05
def340a67b0e6ef9fd2b4f99ec2c8cec,0,0,0.004438609
435513f9a0c3486daf093df946ee4091,0,0,6.6379354e-05
46eb8d7ccee549494bc7643e3805acff,1,1,0.9999422
fe84e9fa4f38237dd9d11429562df480,0,0,6.7556284e-05
72bcb768baca6dd53d95dfd140b4b32d,0,0,6.496805e-05
c340b289b0055d86f8468400c7d1c8d8,1,1,0.9999455
50fcb717a6e30caa9a11456b15b9ef13,1,1,0.99993885
0be321f86371528352e7cd8d92729654,1,1,0.9999254
c8364b5eb5012010047620c6db8ce115,1,1,0.9999461
d547fa12befd3932c79f6a09d4f1bf46,1,1,0.9999225
b199a5820f751933ad539ceaa6bdfba5,0,0,6.496991e-05
f1921bfb8a5688eb73ee11c53b840b4f,1,1,0.99994624
360884ed3cac8677ff30037e24b4500d,1,1,0.99993885
a85494ccc469aa767a7ce0a5f541e3e3,0,0,6.7004396e-05
9d308e70e1e4a6e32f1621488770b211,1,1,0.9999418
ca89ae4b7c95f8c7e963cfed8b0f1c96,1,1,0.9999479
31a24e5d4b56030157fd49b4c69e07d6,0,0,0.08605449
2750edbfb9aeb774d95b47c49a06ea7b,1,1,0.9999472
68914b022709117fa1420be1bc653d61,0,0,6.9439215e-05
28b8b44fef69735d0171c7fbc47d9006,0,0,6.5851644e-05
43b68e6681727665bd2b009479367e20,1,1,0.9999236
7e7e178c3afe1bce165c09d121f39c04,1,1,0.9999248
2545899f4a3516587ab7257c18926ca2,0,0,6.481791e-05
39e0b589427df3e93bdd0fc7f584f324,1,1,0.99994564
6526cb4db375067c3565ecf59b0a38e7,1,1,0.9999428
5765e217285335aaccd2d65104a74d98,0,0,6.594955e-05
bad6c474e29fc0652a6f555a5a8bb2bf,1,1,0.99994636
e2a219cac9f614693098d16a481b5496,1,1,0.9999263
66c1d360f9919cc45a0512bb76892d5b,1,1,0.99994516
dfa02f1b05b73d74c1334cef1d839c9f,1,1,0.9999461
15be06fd07c5f2fccc25de2b3cd47740,0,0,0.00012518774
c14fd2f52fb5984e7492d7010e35eeb6,0,0,6.602501e-05
bf2a25ae291091b9a87f4a097713c395,1,1,0.9999274
eb4ee0326b19a2a4750a43536cb9e911,1,1,0.9999416
b76cb74ca8ff800bc672fbb0aacc7372,0,0,6.570612e-05
0684e0f64edc53ef615ff8b516a09d85,1,1,0.9999335
7cba443fafdfe9b12e968c9aeaace8ee,1,1,0.999943
6880a41bad3bf540cb57982260aaab1e,1,1,0.9999474
b5439d08ede7e0823ce439bb9b3aee24,0,0,6.449557e-05
306a30d4bb8c4ac41fb9c2cd940f0757,0,0,0.00010514063
e6ffc9be0efea61e1ad2d1f4888ee148,0,0,6.469861e-05
232eaab79855c46558f7c1cca28b9689,1,1,0.999943
193ba909413d19d9dbcf45500fe48ca1,0,0,7.4587304e-05
7389f7b39ea7cefa2b39a11bcffa070f,0,0,6.5926164e-05
bd5109c70e61820518b048f8a6e8c3f8,0,0,6.778395e-05
2fb65535aeb230a41fe54b094d6ef8f4,0,0,6.51379e-05
418fd71b64583caf16ebc5e6817408e4,1,1,0.9999411
ca6887118ff81a98be710a6388887318,1,1,0.99993575
6b8ec998242222b710d5e18151e0ccbb,0,0,6.620804e-05
7d235579fa97cd993a3c5d67aecdb4fb,1,1,0.99994576
e55816ae619afc869f478d9828560976,0,0,6.5405795e-05
81c2dfe4e9014f048f53b653f9dd41c4,0,0,6.78452e-05
be9cc06e33c12afb0509918ce5f4777c,0,0,6.896592e-05
1990dce0cea109deae312fe4362a86f7,0,0,6.5248685e-05
d73224305470810f2c6d951ef9d479fc,0,0,8.0114434e-05
fee0ef52daaa6f6ec8654627af844eeb,0,0,6.5130065e-05
1ac5bc56795f27bd10016e3f831bcf79,1,1,0.99994254
998addb7d7451d8e90440f3adcef3370,0,0,6.494352e-05
8e5d755e802308f5e05a63f5e642350f,0,0,0.0005746646
2be271feea180ed708bc49c8b2fda513,1,1,0.9999391
b7fe38be987f7751c36e4faf69360fae,0,0,0.00068145746
10a2da5df3509120a0f3aeb56c1beaed,0,0,6.710415e-05
a506b1dcc6ba19e4aece8f3ac65d9018,0,0,8.553756e-05
49b5006971e7a512c0eceb4cab44eebf,0,0,9.296527e-05
b4beb2f34245d8835d3d1b36441b6ca6,1,1,0.9999466
3cc4f3e9882e7c26078c477e8049a05f,1,1,0.99994564
88f4a29bf29f241620c906f61c50358c,0,0,6.477319e-05
b45ed4f3a868d1426a046b8017e5d1f2,1,1,0.999938
5eb6bec37cd19657b467ba27075d8ca3,1,1,0.9999436
cc4a25c94757b632cc435efbc3bb551a,1,1,0.99994516
abad51e25deb87ff80a8a43ca721fff7,1,1,0.9999486
b2fa07c927b62f769abf7458b464fbe1,0,0,6.497065e-05
2d5726fc1e8b95deb3ecb228fef21a74,1,1,0.9999459
2a8e2fb89c60290072171caf95292b53,0,0,6.47764e-05
93579da1769699c5a79bd346b31dd681,1,1,0.9999443
89d029a84ad2c544396f9d7a1fac3731,0,0,7.3789575e-05
f4383b6fd872afa4054d9801dde6be11,0,0,7.234232e-05
37098db0a77f9e35b3cf0ead651d038e,1,1,0.99994385
f469a2ccd9b4973e7b7121cd04847ab7,0,0,0.002078795
d8503e6be2aca136a43d8d66e57d54cd,0,1,0.84683204
739f7b743f86d6ec54416b65877c5118,1,1,0.99994254
67ec56838904d0f2ecdcfe93ca016112,1,1,0.9999467
bbc6a64e4f4c6eeadcf001a2de4257a1,0,0,9.17317e-05
349d4d502061a4ca478b6fd3ece9a073,1,1,0.9999447
d5a89e7cea925d5657aee69dc6aa3edc,0,0,6.475336e-05
7296b1533962dcc014696c7e5fd8e73d,1,1,0.9999442
a170d68efb7d23af42e2798c6cd33a7b,0,0,6.665071e-05
2cb4295ed77db2de3b72e64f79548330,0,1,0.99994254
b8b597ff79a9625941f84a5aea0a107d,1,1,0.9999449
924bd9f5fbe8e990652af8a3d4c62bf0,1,1,0.9999449
f1fe91076bf3ea902bb60e782c8b7b20,1,1,0.9999461
c80f1a3c3a0238fcc93495d998f18471,0,1,0.9980774
1dcf6f3b68621b87c7b313c756c7405c,1,1,0.9999447
04bb840b2337a68528996eb5de1bb0ad,0,0,6.531355e-05
8d36d960b3399fd3ea8e9aea4ed8c214,1,1,0.99994147
5cbb30fb65570ca637b95811c9b8d91b,0,0,6.459196e-05
1f35c0c9d5ccc087b3bab20cb0f914eb,0,0,6.546183e-05
8198d0bf9baa66241e2a7f080e842520,0,0,6.4715634e-05
be45b607ac89a666593b15d727e2d177,1,1,0.99993944
832237127e7ebc97bcff2a7146031b51,0,0,0.0014890714
5b6ba729879103062c96473312736674,0,0,6.7226996e-05
22255cd39482442ab248bafe76171e6d,1,1,0.99994504
762baa30d469bb2f6020d52903d8ce93,1,1,0.99994254
3d9db56eee670d5bace10a70726d2da7,0,0,6.602041e-05
9bb753f2106c6f1bf516871bfe682b64,0,0,6.480933e-05
a87371c3c22f53ff1a180c853d5446aa,1,1,0.99993837
f6f7ea612681057ddda82fd057c0232a,1,1,0.9999361
468cb6c555c0adbb745b843fa89c3b0d,0,0,0.000101064
c4ce91a1a00c50d4f987221923d1f480,0,0,8.45083e-05
bf07d3d82dc2223534c6c1427a1b5e64,0,0,0.00010554848
22887796c64c25d38da5178fcc552abc,0,0,6.533491e-05
e1e55d2962f4cb585a47f9753b5444af,1,1,0.99994576
7114cb9185436f100d5119d3540cd2b7,0,1,0.99989486
1d3e49b0de1b7e56199faaf1bcec6293,0,0,6.671678e-05
07db5dd37a428dc7e25b53e4d7dc5724,0,0,6.573307e-05
69b5a5f6ecae3daa671d0c94a37b3dc3,0,0,7.088706e-05
d73d1fa6907f9a6d209c2ecec9e50a6c,0,0,0.00010275036
3c8bed5630f735bc5ab45646da4b345c,0,0,6.635518e-05
d470d13ac9cbfef8cd9aae5e7db478bb,1,1,0.99994075
432b7fef11a731d9f8200c1c0d610311,0,0,0.012661344
8e36729d6f4228cff8dcae72c5025714,0,0,6.6513814e-05
7d1ac7d51e4e77cc60dfce52358c4865,1,1,0.99994624
cecadf2008c91ec2b62adaa8ad454eae,1,1,0.9999379
5efe2de0d0f4e1c62682c76ea0b8b979,1,1,0.999923
3bd016f9ce8a314b84d6bf150efd6bfe,1,1,0.9999417
480a2344fb4028572fb838f9eb613b6c,1,1,0.99994314
884f8092eb851c8d62ab9a6f0525d2da,0,0,6.4811116e-05
1981d6fc4a58238d6618f3a73d96eb7e,1,1,0.9999435
1674a3bd718ab7584c3f94087c0ef906,0,0,6.639519e-05
1d2643612e7205c1e1886ccc90609c29,1,1,0.99993944
2adece030a923560fd226b3b12678908,1,1,0.9999287
540b8a948ab3a07d82d430a1e711b05b,1,1,0.999946
124eb12aeb5ef702d241492defbe56cd,0,0,6.601033e-05
6fd414109e346ff03d42dab2ecd07e7b,0,0,6.738322e-05
1886210ba0f9135e7175dc9153373d52,0,0,6.594415e-05
6f6d5eacd8105137958b330d0ecf165c,0,0,9.270729e-05
c51616bce8ea190d52fe22b984fe222e,0,0,0.00019751998
9fb43b7fe17a68b3a282a526e29e02be,1,1,0.9999286
070a9572152a1f53b7ae1ce8284bb9e9,0,1,0.6847628
1cc3797c3a7270a1964f71a26481c71f,1,1,0.9999428
8dea8296be8059776fb9f782736305d3,1,1,0.9999428
78edfd755060645ff978f5cb3153b9ba,1,1,0.99993396
d0b929f82b44fb25f0eb3e76856428ab,0,0,0.00020699699
6bfa8f991d6beb3da7ab5c33bd20972d,0,0,0.0053749694
a63f608c25812f024bc5d1580b4211cf,1,1,0.99994314
85b2c45629b21177c665c63bd45f2b6d,0,0,0.00018931266
264b98166b3965615870388dc7c32162,0,0,7.286449e-05
4194e4121a638f72f0a5cf60b288d1a4,0,0,6.58823e-05
f41c0d8108005abbf4ac724102e88434,1,1,0.99994195
d0b66c6073f0d138017114ec755c53cf,1,1,0.9999347
c3992f91db9f1040123a40b99e8e7872,1,1,0.9999417
fd6ff6fc8ee03fdbc627342aef9c06ef,1,1,0.9999422
03baa6124bdbfdeefe823cfde6480b0c,0,0,7.461299e-05
d7e3751e65eb80722a79253e3f55ef2f,0,0,0.0014822262
98fe8a780142e61bcd33e001431323fe,0,0,0.035530522
7d208c671b5f95aa40b9302d5fda7859,1,1,0.9999435
ad26d86eb3b0f99a10e5ef5ab2628553,0,0,0.0038073831
d69915617e0d40a42422e9c8e19badba,0,0,6.511951e-05
93af96dfca1751cdff6d3af1ecd213a5,0,0,6.714077e-05
15b0d26eb387b59c317c2939c6464bc7,1,1,0.99994135
f6ad6191abd5d26c1fd81ba529a5043a,1,1,0.99994326
dbe3abb87e756ef534bc8665a4358669,1,1,0.9999473
deccbdb527a3d19192f9c20dfef70b60,1,1,0.9999113
be6518e5715a8d1a1f105f289197804a,1,1,0.99993813
fdb6b25f63ebaf7c4f68b78cd99aa1ff,1,1,0.9999192
e781b23d52fa7cac4e7e6d1b6d8e4f04,0,0,0.00010718898
3d713ebd0b75d8ab3e059ca124bb2f37,1,1,0.9999374
e3f2463662f03fc7184b82e2a0ac399c,1,1,0.99994504
76f00a4e5765e13166a340b2a5fbab47,1,1,0.99994457
dbf70a9d4dba39d462caf60d8ca4fb3b,1,1,0.999944
71288068d7fa832a9c4ef7f766dbf8ae,1,1,0.9999429
530d1f663866cf2e619e45f5e9341572,1,1,0.99992454
369a8b118bbe6944afda3e5de009f878,0,0,6.615123e-05
3689741863f4dfc2c0822f103fbbe357,1,1,0.99994516
891e39d5fdb28756494d3480714c5119,1,1,0.9999459
fe25cc45d71680ef7b00aef9b2e52365,1,1,0.99993575
d16b5f7eddc3ff2553fde91e18c32e6b,0,0,0.00018192842
f2a1b9631dc7da38aa80bf4f37f2b10c,1,1,0.999944
7f131d24718e38acfe72dd470b19a824,0,0,7.514961e-05
f03fc137e4c9df30a53be26ef2c50442,0,0,0.00010519748
7efcf915324e7dcf0cdac36d32b67f48,1,1,0.9999403
08a3a6a7517d12ff5af0ae7feb22f997,1,1,0.9999448
a98dba894ee33272b323136ec9bafb8b,0,0,6.717418e-05
8e8be302c8e066d2260d32ad1bac0e49,1,1,0.99994445
34c64abe64ade4d1250b5e8b9c78b5c1,0,0,6.610192e-05
28ef10366374d0b9a807331e39ba441f,1,1,0.99994755
81dbbf3c8891a9480e9a3d74fa016d51,0,0,0.00019245785
7fa8d0b034d789b5a7ad48a823e5502c,1,1,0.99994326
146ff529a2938ce50b57530c2287f5d9,1,1,0.9999428
22fbfbd8d07f4eac0e7dc9cdd9e203de,1,1,0.9999473
283c59f41a281f44f60c880783523638,0,0,0.0016915825
5bc4b1b4a0448bb0b53f45c8d46f9a28,1,1,0.9999418
ff02053cda2798344a53fc2904931bf7,0,0,6.5798726e-05
d1331446061fde5f0c8fd19a2358d38a,1,1,0.9999418
ae87f59163148de0d2afa62b9587a42b,1,1,0.9999454
fd258bf216af58b426cda8d82e676c15,1,1,0.9999362
a3753f91d77048f47999394d03509bab,1,1,0.9999443
44db89871eea180ce8f1e7278fe441d6,0,0,6.488236e-05
e960f63c35726bd00d8d279d9fbcb1c5,0,0,0.034773257
cf8945d21d11811be8857bd744c26d5c,0,0,9.630571e-05
09d6e5a67ce416aec6c8893a77a06dfc,0,0,0.00033803322
992db137b4a0c3fbb045a258c1a448d1,1,1,0.9999411
da139f5d62c9e4b2d6073097cc9b65ea,0,0,0.00036385932
e794d299cdce4f8a7611a8cb50f04f9c,0,0,0.0017175047
c66d3c228325002f2b692e16baa2adf9,0,0,0.0007268379
40fd9e64d382a7d99b88b7b58b24848e,1,1,0.99994254
22b8e83575d253d30a10e92f178b93ad,1,1,0.99994373
9716290e5c51146dcf9644ca6988bf19,1,1,0.99994445
fdd061f2e096736c2b165cb24bf76b4f,0,0,0.0037773028
66101789fdf0c6315f24dd0a7bdc8ba7,0,0,0.00010350957
fe7a1e2f0949e669186b72bfb84c560d,0,0,6.62405e-05
ec655a07a9af0da10285271665582cf4,1,1,0.9999418
b604486dfb5485b53f1fda15e8f799eb,1,1,0.99994385
d860a0e738208a89004ce4e71978111d,0,0,6.723501e-05
d35deb80290eae6ea35299904f1b85a2,0,0,0.055144973
166261f68ef2fb45545a768e49a6871c,1,1,0.99994683
692822927561bdb7671d4947f59eaa38,0,0,0.0005101959
2e454d28dd39ad8e7ece56a03bf43141,0,0,6.513914e-05
dc0e129733d65f5036f37c980fb37645,0,0,7.425928e-05
073a7f988133f720e638e82aa1f2ea9d,1,1,0.9999443
81e7fd1cd62761592850ec07caa2f1ce,1,1,0.99994075
8101f870e1911927a6e7bc850ffd4606,0,0,6.502804e-05
18e4e066b41d23bbdf8ed4ddcba2ec98,1,1,0.99994373
246b374e4176f26b55df73735ff930a3,0,0,8.065408e-05
de06d48de7fecd2cb0a0f1793b7c5c36,1,1,0.99994373
a8ba5056e18f1631a0d5a52e84580a72,1,1,0.9999418
58a151e7f7c899a2de97a44d67b49336,1,1,0.99993837
6e138db41f146e3bbda5c8ac594b1dda,0,0,0.00045404574
c98ab687a36093ae2a13a84e8ffdba3c,1,1,0.9999405
47b33d45435a5fce4e0b01f62d7079e5,1,1,0.99994385
be3c031c6d67dc22d3bc0d3e57974bbe,0,0,7.459008e-05
548faaeb4adf6d5a167a3399bc627872,1,1,0.999946
ebedb3247cb3e68d0abed255f24f1820,0,0,7.017667e-05
70ff822f1baaefcd47df924d06e34ba2,1,1,0.99993694
17f7f6c85cc6bfed01e2b8eadee4f52a,1,1,0.9999448
640959049263745cb2c1fd3e9db315bf,1,1,0.999941
762fec6c2494c463b562e1f25b62c87f,0,0,6.4586166e-05
c4867e444e24f0ccc3e27b58c304c08d,1,1,0.99994266
f089f007fce62ae58ecc8ec1ca16260b,0,0,0.00039913904
e031d6f97fef0d2d33f2e089a400ded2,0,0,6.8637215e-05
8c29549da88583675b2eff071a7777bb,0,0,0.00020257397
6fbdaa32d7c412f311cf1f56fb24df8d,1,1,0.999936
bf3d1960d414336ccdd0cb7e83826093,0,0,6.520048e-05
14f7a160c22e555575e769633ddb7805,1,1,0.99994576
c7eb7b1a7579be1b4952656f04e196f5,1,1,0.999941
83c2c1ce8afb28eba1e577b3dac1c6a4,1,1,0.9999454
f909d2f0190b7a95fef0a8a3dc02cff7,0,0,6.6087305e-05
132a0c242cf9312ca7f2903d16d7ba55,1,1,0.9999399
89e62c6d69dc1515a934308f5312275a,0,0,6.466555e-05
2dd77c6ccb85a18029eea85e8cf9218c,1,1,0.9999424
7fd43bf0d1fb38bb2c5cc57c02c04473,1,1,0.9999455
10682a2cd854556cc4a576d42d3527c4,0,0,6.493546e-05
bb938f6926e0b6c6e151d161b8a7fa73,1,1,0.9999399
8fb560085831069b71809360f360c0b9,1,1,0.9999424
f5af38256ce1ea96336b27be785e4844,0,0,6.52513e-05
8735608dc41a14dd8b938f08338518ea,0,0,6.583256e-05
74221ad8c44d7d2969b2e3a86ee8b930,1,1,0.9999356
717aad0fd071915f24b03c1bd109ff08,1,1,0.99994326
c98847e769924e23508b5d9fa90a57b7,0,0,0.04058736
894c80d8daa524bba2ff1f394fb1d4df,0,0,0.00020596929
77a8c0644be13204895fd368f4ab8c1e,1,1,0.99994624
981db11046e5a8460a8be981049cc131,1,1,0.9999422
12857a987d6d88413a4e2ca18c2bc8ba,1,1,0.9999336
e41da35d329c98783973ecd1b8b0edf3,0,0,6.619264e-05
a2799efda65193e1636eac7930ba4e0c,0,0,0.0033593297
14280af71baee9b8c48ea6088e544cf9,0,0,6.4768e-05
29e14e237bea0d8cd77c5511c3f7201e,1,1,0.99994814
abb8b9df1e8835b07da06a9a76eec780,1,1,0.99993396
fcffbf580c7c6a782833b3177c2b31a7,1,1,0.9999374
ea3025b4a93696a7d4b478991048353e,1,1,0.9999455
ccfab4799e49e9f076589f0a66c5f1c1,1,1,0.999946
d4ae46ce398772116e1df0f08e0c3c70,0,0,6.540854e-05
8d138ecef238dc03ce2808b6437e647b,0,0,6.527407e-05
4bb209056c1468ecea9f27a6831c2f93,0,0,0.00010136243
bacb664a6cd9e6bbd67c984b0ee4b6f8,0,0,6.518637e-05
7c9e7b845a067a3cf9f524764937bcc2,1,1,0.9999454
b5406413d7e5f2f5e148b1533bb9d18c,1,1,0.99994385
c675a5415de703bca3da126779768c76,1,1,0.9999455
390c39d90f8c666876d226bfcc8ce264,0,0,8.489252e-05
c07c1115bbf327f8f5e32dc1630d13bc,1,1,0.9999447
20a42db12d4c270a70932cac0c470eb8,1,1,0.9999448
fb04e9639faa8b6804c7f9bb24e0815c,1,1,0.99994326
08e4014c333ed5d29eee29ff57d0c259,1,1,0.99994314
f1c801831eb62dcb9cb3765d16345ab2,0,0,7.0396505e-05
24d43095154ed42be6952b95bf20c8e8,1,1,0.9999391
68f33815e97be10ae80d48d048b52ad2,1,1,0.9999447
ab5aa96a947eaca4f5c7f0f3f51d5f7d,0,0,6.484091e-05
725c6d0d11c030b18be09773f55ee681,0,0,0.00012132662
2b04b9d0130491b0871b0ba1d83f6de9,1,1,0.99994266
fda2ac2a1644615953540d26bf4ecefc,0,0,0.0014697579
ec26fc2ade760caca14bb37b62f7b797,1,1,0.9999393
6d41c98ab4253f36c51584a6c54ad048,1,1,0.99994624
714d6a889d611f3f7191890af0fab308,0,0,6.5209184e-05
37669e9231be6d147db19c9c8b417dd0,1,1,0.99994385
131554310084703667f725f43d4c9061,0,0,6.483337e-05
3752edcd242fbfa964b5a4fb8f303b7f,0,0,6.496427e-05
ecb22c340d4f8797c05f804e387a8caf,1,1,0.99993527
322d2986f0ae5459b9e25b69ad8fe957,1,1,0.999941
0809fe2464783b48b3dd678fcf7dfd14,1,1,0.9999435
085553733585ae020c4d2efdf882b822,0,0,6.49673e-05
470b29467f1abce7e8b613267e8883a7,1,1,0.9999113
6b643fbd66e0f244929709bf7ccb2771,1,1,0.999941
bbef5cd655e938317784c03b7886dc86,1,1,0.9999273
762a833692bcf5704de4a70fb4a6b7d6,0,0,6.698919e-05
39ab4841f25ac93aa72d2f1cbcf581f5,0,0,6.731244e-05
f4d0c1de304cd5f4b07450c94d6b3573,1,1,0.9999403
d3124f025f5abc1d5edf1e266f9f37dc,1,1,0.99992573
f0ccd27c84bee71374465f29fb68e246,0,0,9.407061e-05
05028e3a015f4677d58bc3330d73a047,0,0,9.257663e-05
c963ae4faa99cd4069c7f4b053f653d0,1,1,0.99994063
1ca9c2c8777d93fd586ab8358ad49c43,1,1,0.9999349
ce4ba14058c14f3d378d8903a07723b0,1,1,0.9999342
167533db77cdf503322bc9d0218b769d,1,1,0.99993706
130e3018d2dd373f95a46ab5099ad36d,0,0,6.497412e-05
f2716441f3951b6022842e01b4765820,1,1,0.9999454
2e8c4b08138727f0b1fdd3d897b8ce16,1,1,0.99992394
cdcfb299eb56e4d8aea5b83e605c1a99,0,0,0.00031791496
d9bcf357ddd8781e7cfb84cf91ed566e,0,0,0.0041118953
04cc5bfae80d149937a1abc37d39a124,1,1,0.9999399
64973a0f657294c04c80b6c727682378,0,0,6.547157e-05
b75e6452117f195aedbf92f9d499c4af,1,1,0.9999404
4916adf72b5204cd7b956f6914c39313,0,0,6.494363e-05
f25d2127508ebc2553c6d76e8a19f4cd,1,1,0.9999404
db23ad261cb17723df240dd5626b24c4,1,1,0.9999417
289ef629250a0adfd00637b135a6fdac,0,0,6.53798e-05
e5b71291ed8cc28cb96a44c6eb5b51b3,0,0,7.055667e-05
088342d55e406053939a912235b95dfa,1,1,0.99994373
6d256e5a954b6133baa2d601a5056333,1,1,0.9999435
0f85a3cd243d269a939734166fba6c5c,0,0,6.4872955e-05
ba8f99ad2f9a9f920687e7fe256657e7,1,1,0.9999441
6f10d7bab8502a5f44e2377cce3c393a,0,0,6.59566e-05
34921b5d068eac50027c075f0467797d,0,0,6.4910884e-05
cf71c8fe83f1f7340373979778be52cd,1,1,0.9999429
e752aee9afbb825497340deb5be18b28,1,1,0.9999454
be670f80acedcff7ff35d10a36fdfcde,1,1,0.99993074
119b45343469c800cb91ca3c3d66531d,1,1,0.9999291
77ce66e059f042e60c8dd8914792b09b,1,1,0.99994314
79d31a0d5932e64d6975e633721e69b4,0,0,0.00069324335
b8ba030c3bdb5ee0a325e70fb0082db7,0,0,6.513131e-05
07ef99328f2f6da7591ca478971b7b16,0,0,0.008965629
ad37033d75a353c27b10e420b5760096,1,1,0.9999372
f214e567456a3bacf61a5b90b131e3c3,0,0,7.332242e-05
edf5a478e156e274844a3fd233605b0a,0,0,7.1256356e-05
266a7f2457e3e29f39e9fab2ccf1044a,0,0,6.6879016e-05
35f3a13e799f0c59bb6221535bf3b424,0,0,6.508822e-05
ffb4fd1ce3fbf99658eee9e5fb66447a,0,0,6.536445e-05
49642dda3cf48764b0480691be8597e8,0,0,6.519159e-05
5b4e660161634efc000a52369e69fd0e,1,1,0.9999434
caec292b8add730e98ac12b1b0d3a903,0,0,6.683184e-05
655e83aa33fcb76ed9ef329ff519c854,0,0,0.000103012695
1e166d9aeb2907778bb73918fdc66ec8,1,1,0.99994206
c2cfb4ab1575b7331c6908d52c2b8ede,0,0,0.001824975
c893079f793c3fd41499cae94721ca4a,1,1,0.9999366
ab9307c64de1d7f9a0f12f9d28630943,0,0,0.00034122332
6da9938ee1970d61ea36ef6f810f85db,1,1,0.99994135
5b247ec7be083caf40e89930015b8d89,0,0,6.4994696e-05
c6dad1a83af71a48b11d7963c2f4d12a,0,1,0.57142156
fb54cd349f7dc37160dce1b85c313cb5,0,0,6.472218e-05
00fa618aa78b4f7a850bb1734563dc71,0,0,0.0070332284
a524f2c18eeb2f4577e580a1e6eca1ae,1,1,0.99994636
26a7216bdbcd568ae16f329627dddbb8,0,0,9.5402735e-05
0e3054ba8b03606b03831bf9fa34347e,1,1,0.99993896
5895dd1c359c7d8797313e5617a3bcd5,0,0,6.660763e-05
b88a8b2bb0cdf05975daacaef94782c7,0,0,0.0070848395
2edf6413a70fec3533a876425d1afed0,0,0,6.651065e-05
6a9e09169f467ccd5ed873f36e62eae0,1,1,0.99994016
b58e3282c222c7900ac16820b04689dc,1,1,0.9999366
938caa6c22fe38e690e8edd468d3e54b,0,0,6.4260756e-05
cf33d215babd71c9f82d192b7c846c35,0,0,0.00015574053
b21d52a6f01feef9c8ccf301245100b3,1,1,0.9999423
f9a8fe68e5e2d94b0c1e044870220075,0,0,6.601084e-05
16319697020587f86d4d1276c311afd0,0,0,6.612412e-05
b98d8b7516d4f7d2fed05d277d2452c4,0,0,0.033906773
9c453253c171fe963f7389e255173a22,1,1,0.9999378
3633d60a8b7dc8d14d4cd5c0ef841d55,1,1,0.999928
1a486f610e83642f24298b444dd13c54,0,0,0.019266674
be2ea2c6186883627ad15aa472e1caad,1,1,0.9999423
70e5e7ad81d47c3e526eb8de95810c42,1,1,0.99992883
1f826f6808aa4fa3a68a7e9efabba16f,1,1,0.99994266
5f8d766b22ccd9e992a4efa08d03d558,0,0,6.759521e-05
371cabec24a3ac48468816536f35c836,0,0,6.6066765e-05
38f50a8d0273f987fcc98820c28662a8,1,1,0.99994373
7d33fd5c164f56562f1d37350f79d5a8,1,1,0.999946
79b12e68d919a4be48b6bf338721be4b,1,1,0.99994886
ab733991ba11792bca6f24ee2e9e0238,0,0,6.582534e-05
378588908c5ad4028635aac43a7bf4cb,0,0,8.504145e-05
9fc2cafa6010914af760c1a61369656d,0,0,6.522765e-05
ce5017079f319acde0ce7c23f71c728c,0,0,6.611126e-05
e8d3b2885ebe107fac9df937470a01cf,0,0,6.478276e-05
b77886b9c16aa93942bf362738b708a7,0,0,0.0016887698
6366558a5f8cabcf85c8f40c87f9111b,0,0,7.3703435e-05
aea0501608d9d6ec916752d3a7d56d1d,0,0,6.5072214e-05
8a8d82a0d8a137cbfcc9967641539294,1,1,0.999944
f58cb40d1a51d8926b248ec771e84985,0,0,6.760733e-05
47270a64444898f6b6064d084667bde7,0,0,6.4979824e-05
c7bd0e76b94afa6a319144fd268c9759,1,1,0.9999304
0bd9d351a785b4e2814769625786d4b1,0,0,0.026998715
39df8d215c7462a2ea3bfd350a82c846,0,0,9.7231794e-05
d5ca0c691352702199cf32c6ee011fd2,0,0,0.00018080798
4dad626b2a290dd65e4606cd1b49ecd1,0,0,6.49237e-05
39cc20ca7679586fbbb2a7f12a984199,1,1,0.9999329
d6c7fb77e562f424a13e6c2e8d7dc734,1,1,0.9999393
65647838d2eaa2783cd8a276e375550f,1,1,0.9999449
330662ca4f36dd5f68b98af6a4dfbc36,0,0,6.482675e-05
14788798a249c3883724b128c904d425,1,1,0.99993706
87e350630902c8b554d1c779be106ba6,0,0,6.5678556e-05
eacbb7056bdc1bca7c666f5cbb3b6d63,0,0,6.725957e-05
992c163453af37a55aec16aae11868a1,0,0,6.68706e-05
4f356c6f1735c6a4a13626f8e9ebe8ee,0,0,6.637075e-05
4cac26bf758b11f12f758c32e8c8140e,1,1,0.99994206
3d53cca81a74c9924b0f7a0433f8f217,1,1,0.99994445
e4137787ea5b8c2210ee7e7dc5c43fd8,1,1,0.999943
14d3926bf827a1fcd4369a9223a2b005,1,1,0.9999405
9e2c6ed428d800c2ae30cd8186d5107e,0,0,8.5975975e-05
18e0753fb1275c2538555538eca41817,0,0,6.7242516e-05
13b846d215ba1c466b3b56fe15b558d0,1,1,0.99994564
71b214f3456bf8a03c648affbeba3d70,0,0,6.634942e-05
01b9e78985c4cac4865ab9e5fd2bfb13,1,1,0.99992824
8ae91b8aced8ca2b07c4a83577edd2f5,1,1,0.99994075
503592aaeb90894243b7407913e93c44,0,0,6.556259e-05
82cea7f96e3b17ced10866dc6b349622,1,1,0.99994516
9f76fdd31f649543a8b3cc183ba5bda8,1,1,0.99993646
8e82edd6aea1c5d8bcc187214bcaf78c,1,1,0.9999397
6ba3a59b10e17dd2bc7bfc2c23d61735,0,0,0.004319115
c05f4738da9ad07274e25c9d4a5e6ca5,0,0,0.00026084512
87b6dec0460a90e9b16ed53250f4d0c2,1,1,0.9999466
90529e6a8ffdf264a09ade1e691afd50,0,0,9.744287e-05
fb9449a9c2f4d11962db3dc00ca43717,1,1,0.9999404
e018832309a919bc167ebab68a9a7b32,1,1,0.99994814
1ba5528e79afb260eaf04cc25fae2250,0,0,0.00017591273
560631e987ceff848c33fbff650e57c8,1,1,0.99994004
ae138e6355dbf90544a4c0812d16d233,1,1,0.99991906
a09ba014363e3f7cfbb08b74563121ba,1,1,0.9999447
a8ef95ed8e0a1214cf5497885a4c01b8,0,0,0.000119782446
075c0ac347e31cc43026d85295ecdf5e,0,0,6.486046e-05
92a4a5a189d94c1a315545c7a27a8a76,1,1,0.9999471
5cd51b20b66d61eebd3d379aa413fdf1,0,0,7.889413e-05
80156b05ac64a7329979bf33654ff933,0,0,6.481903e-05
c917ac7bd5530d164f3efaf11dc74ea9,0,0,6.5669534e-05
902315f105eb5788271bf2e96c26f4fa,1,1,0.9999423
d06a26c3ee4bf949e532e8715c112422,0,0,6.701852e-05
5832ca366cdf6079612faec97c39e66c,1,1,0.9999417
c900a3890b9c21221aac9b663c362e9a,0,1,0.84022236
23c2e20c38c74c7fda884503c1b72eb9,1,1,0.9999385
0ddeb1f107aa667fc0384637922d3f2c,0,0,6.943524e-05
adf1c7ad07a624acef673a3e402f4eed,1,1,0.9999443
00a8168d5307f50663adc48cf57e572a,1,1,0.99992824
3b82ebae9c70b3958de32af8423646c4,0,1,0.99988115
ca175861174edb222ea28b199e778526,0,0,0.0010956874
1ed9a6485a2fa178c4c733f5ae5c7905,0,0,0.00038332777
d2cbb10783d098f5d625bc6251ef54f4,1,1,0.9999454
aed67aa8a713dd0dd162439a54c0a448,0,0,0.034505997
ac57291f8e239a2702c8864039c38709,1,1,0.999941
2dc4b84b2b5b365f0e1bed46d70fbfbb,0,0,7.036068e-05
a756fa8c7fc6c3393aad3fedb5a63933,0,0,6.8012254e-05
c8c99af4924b6542884e48f86ef0516d,1,1,0.9999435
4b98e57e480402d1fe033e5d73baa234,1,1,0.99994254
5e84aa80bcb391c2e060cd09910afb41,0,1,0.56615984
ab6d02e3d2d9547a121ba8c1e09caf4a,1,1,0.9999449
04f2537411ef2d2e775fca96bfccb83d,1,1,0.9999441
55e8f2ad36cc695a6c5a0cdac61e229e,0,0,7.1743314e-05
e2a6989c76dae675374469f8224ca85c,1,1,0.999944
7d3d469e01a1ee9856a33994d65320f3,1,1,0.999946
281e4c90a7c370b74696a863d48e0fc8,1,1,0.9999337
da9bc3469cf5d9c8a631e813ecafa4f0,0,0,6.4869615e-05
4c462087d7dba049f7c7ca32a68185d5,1,1,0.9999442
0c6e082e0ea72ee584c50bd6f761b5ea,1,1,0.99993825
790b0706c9323459e64c966ea970496f,0,0,6.5359345e-05
be34d27cb12eb3854d7862442bda6b99,1,1,0.9999428
787325907d444ab27044c2edb1ec4a08,0,0,7.015606e-05
4ed33e2ea1021d4ee1bdee1ea256b706,0,0,6.5987486e-05
a077911afb3e12ba9c285108f29ac1f1,0,0,9.01811e-05
828d17e2611eb9aae83cecf18187b131,0,0,6.57194e-05
25b410b3b4d2b7c2b746d578283304aa,1,1,0.9999405
2e9d16fd68151859d261b303ce80eefd,1,1,0.99994254
c5fb108d643539bea21bba5a038b09dc,0,0,6.46925e-05
ff56c5386eae2b2c2d2755d15c2fec29,0,0,6.52228e-05
d88ef3af08ace47350a98b648948d4d3,1,1,0.9999435
91360bd0c122987af0423720e38dbea7,1,1,0.99994075
cbd25bd456ed68cddb338a2da2e760cd,1,1,0.9999443
060b5e5b46f299ed34f5d9dbfb9c9462,1,1,0.9999293
4b0a00787d2cd9d0402cd26d52412f69,1,1,0.9999392
6bfd727a24d661e47c5011831c5bbe60,0,0,6.4771026e-05
e23fad0da3c1dc2897c8140f64ac7837,1,1,0.9999455
8ee84cb795fef5f667afbab89bedd9b6,0,0,6.513268e-05
691ac38d1d1514c423103acabec5ab88,0,0,6.721975e-05
b9d05cd58da40c295181571ee1fc91ce,1,1,0.9999317
16a501fe2065d152efbba9a0abd6a879,1,1,0.9999428
7b5752341785995167c4aa491a8efc6b,0,0,0.00021895695
e89760634e23400799f4c7a4a8680d43,0,0,0.010152939
7266117a8ab946fb1b06e1c9c9c22c51,0,0,6.52039e-05
a15f6ca0cf7134d30ea19d02efbcfb94,1,1,0.99994326
4ba9cc98c251b77cc72e8842631989c8,1,1,0.99994326
08e2e83a6f46cd7deea9243139e13acb,0,0,0.00019128952
e3fa664dd8e4791b4f0e892f53794772,1,1,0.999944
3ec06755b93d6a438e4b10f2d609fe56,1,1,0.9999434
9c96cb59cb21674e2fe6830325a55064,1,1,0.9999478
300da7026e9fd68c246bc505bc82c957,1,1,0.99994457
2b4b01b8b689500565e43b43c129b348,0,0,6.48113e-05
da1e1557063ae8d0ac7a24b1e58bb58c,0,0,6.5328495e-05
a4c86b5e78acc0bc607665ce651be773,0,0,0.045131154
efdd08ccff6aa084cbb37655a302b40b,1,1,0.99993646
1302b1a1f35cd36aa47885a15b9182e8,1,1,0.99993885
d32ad449bf17ac8cff6be23b4bb817b4,1,1,0.9999325
754b50a0122396e3210c5978ee6ea4b3,0,0,6.6336324e-05
97470c6d41a7ba531b5612049be01ba6,1,1,0.9999434
5846652ecbed27e1d8be1a3cba0b7ce8,0,1,0.9999113
f54c68ee926592ab6394033edd4a7f90,0,0,0.0011857637
a4c5238c1fc16cb99b7791a6e1994eea,1,1,0.99992347
635f7a51c78a2818ab1b8341fb6c4e25,1,1,0.9999362
7a6507232b38160617e05188fff9fb3b,0,0,6.493398e-05
81d8bb7933ac8039cc4c8445b70ad77b,0,0,8.962198e-05
10c68913481484f349ae378c0473ec4e,0,0,7.691274e-05
fe86dd87c739e87600ba46efd999334f,1,1,0.99993134
5f6d1e3c5a4890485de79cb0c6d38255,1,1,0.9999455
a086527dcbde900ee6766b22d5f743fd,0,0,6.552529e-05
b352ef447d5edfc468c249a680c9b8b4,0,0,6.6822664e-05
9e25b03d8e217f81a916341afb655154,1,1,0.9999466
21afa06e678115add966502652b20f34,1,1,0.9999386
44ea6a3ad743475865df3f72aae32f47,1,1,0.99993384
0ce6d815bfb25a3b6dbb31eb6941c626,0,0,6.568087e-05
8ed48e67fd0c704b3a47e9efddc8b0a1,1,1,0.99994326
0237b6b692f1511eccd9e5e4be43f458,0,0,7.1709735e-05
d39f40dd7e1ef5356415046bb2005b65,0,0,0.11765834
9a505ea4247fbede8f6a5462136c3a02,1,1,0.99994254
f581fd3b0cc53c94ac1c51e82959d757,0,0,6.653018e-05
895c172feeff098b4bd2290ea1af2bb0,0,0,6.518736e-05
cec9b1289559cad31b62fe770fb8c157,0,1,0.9999385
2c283b2c4904c0ddfae6c19dec4d4820,1,1,0.9999455
0e97f1b4df2df97bf000b5a27b73361d,0,0,6.5048196e-05
55d65f655b81bee034f0da7fb1fea039,1,1,0.9999448
bfd47b4368dd8c111f64db7f34d55c29,0,0,6.581335e-05
e6e6fe5435d77ec9653629924c868f82,0,0,6.9820744e-05
453485932e248197e7fd7201fbbe3571,1,1,0.9999453
e410069dbe0e9d25cf0c25c956f2b22e,1,1,0.9999403
1f496dce136b8cf16f9ee7b3324b727e,1,1,0.9999435
3f5cb084240e7b286291395adbf7e85e,1,1,0.9999448
4dbc89b8352771d369613d817649133e,1,1,0.99994564
41d0d3b993393a27c0cecba96271fd48,1,1,0.999949
9e5a4e70b0631e4c485cbdcc23774930,0,0,0.0006412468
af342fd89485ee470dfb846f57984888,0,0,0.00013872235
0dc8ce2630c354f9b93eee92c2ad9603,1,1,0.99994504
4848e10ce44c424fd18a5b39ee5e2110,0,0,6.7939014e-05
c0b83b555ef781b8631b084d55d78667,1,1,0.99994445
921a1d73632742d6a171b1d9904c9dfd,1,1,0.9999454
f255e869349cfa3f2a92c3eca828ec78,0,0,0.0022045928
6c2eb075c4f80c1094216c60b301f60a,1,1,0.9999453
5c44a692ae79f68e522fc27e4c884cd6,1,1,0.99994576
b7891c37e66e4ac5e7e9b3ea805670b8,0,0,6.551691e-05
ea3fda0637a05322fbd638d22d514215,0,0,6.5066626e-05
ea4b1b06fd5249b979f0eb910cf44372,1,1,0.9999362
836452eb112af2b9a28db03c52543297,1,1,0.99994564
ca64036cbfbb165464dcbe48440c2ab9,1,1,0.9999443
22f9bc2f32eb813ffd24fcbc379813b8,1,1,0.9999416
83b48bcd69ac45946c51281a305274d5,0,0,6.4711814e-05
7bed72a5aef9ad26781392810f637c3d,0,0,6.513181e-05
f1633f1d2d4dcd5acc62a2b9aa55fa88,0,0,6.603426e-05
da9a23a8feb2e936591db6275f5eb407,0,0,7.833639e-05
45db4b13bfb63c4abf223049b3f88d6b,0,0,6.484624e-05
67b2b2c8a7af61fd8b5cb620bfe3f636,1,1,0.9999436
dca5a1ccb1499a5d328e496127b2fb23,1,1,0.99994516
c0e309f1c741041291e783d2dc3b1422,1,1,0.999946
f831313dead005bbe424ca28c734f836,1,1,0.99994326
a0a0afaa41c79d9804d697276c716762,1,1,0.999946
c698673da15247438474c40b58114e02,1,1,0.99994373
4c0b2e27b1283380be252e096b77adac,1,1,0.9999459
9b3edb97959ed5024ef7ff9ffe309af3,1,1,0.9999416
127a88b9ac615dca7affca1f27f0c567,1,1,0.99994636
408b5e13a2d7693bee616dfe9b70d5c9,0,1,0.99993193
7ba5ff047096a00af33b80534b75e757,0,0,6.742512e-05
9c79a126620f53a0a7c022aa8c2c74f9,0,0,6.9058064e-05
99da51907861a3ebb1f073fbb236f8d7,1,1,0.9999478
1390ef4d166958fd4882c5d5305fe431,0,0,0.00991977
ae39304c06328a140e1a82e77dc95eb4,1,1,0.9999156
343d8008a59165c26115f223194e2cef,0,0,8.207852e-05
0458cae4c4c7ed6e13573c1d7138eb3b,0,0,8.784159e-05
771f5eb9364d753198a923935df2f2ed,0,0,6.517685e-05
f0e497c93560f520882e7fc402ff4958,1,1,0.9999411
17b5892ac1eaffcb9ae09bb2d913a522,0,0,0.00028930782
9f46fc569afa55f18cd93630e11f14a3,1,1,0.99993944
4e70fda850e403e72eeba41e93d86673,0,0,6.6057626e-05
5837ed037e0c1916b4279aa865135e5b,0,0,0.38750815
b3afd9024fc128a473ccdd9e5073232b,0,0,6.484333e-05
c2b199d26ba1c77b2cb6b7b53e8062b9,0,0,6.651166e-05
57e9c638211781ce31475c5908f34c96,1,1,0.9999465
bc81d649319504b4848bded92af6d5e6,1,1,0.9999435
f67b51aa55a478f3155e2cf2e226c76c,1,1,0.9999355
c964aacb86099690d5e2f23ecd81c0e2,0,0,8.0914e-05
e4cca9107ad61d39d4eecd25798ca70b,0,0,0.00042942574
96aee899eda9a091e41f101a218c8a2f,1,1,0.9999443
090711749ee8fba81b02487a69d6a622,1,1,0.99994683
a9886b3c54fffa55d6662e0fef59ff1a,1,1,0.99993646
82d4eb85a76d840f136a9e0c43ab5b3f,1,1,0.99993944
dc33bbd5acd2117db6babe409ea3e3d3,1,1,0.9999356
87a621e97b5bf223106094a9fc7d2f79,0,0,6.517542e-05
b0107b6ae229e70a345b668d8237dcb9,1,1,0.999946
2db6978574e678e3a8a5e6a3437c33c1,1,1,0.9999409
38e1006fb563ec9385bf9aa1b8e1047d,1,1,0.9999424
71291d6494e85fcd376016c92f19736c,1,1,0.9999386
6f79507d0adc081385969c9a55af475b,1,1,0.9999372
240b66761a031ea0be9b9c6e2c8acdd9,0,0,9.115063e-05
f8cb716cdaf20badf273c131c37f6859,0,0,6.7495894e-05
9301e08892fffd544dd6186973a48841,1,1,0.99992955
dc3a98327d67429452bf66907be531e5,1,1,0.99994445
bf40c8ace5933a2206c7592611d0deb8,0,0,6.65298e-05
66581295fae26f0d00828ea0f050559c,1,1,0.99992144
0c2c63d3897db5f3873e1c77710264ed,1,1,0.9999393
baa0d69cd4bd122d61858bcae1926ca7,0,0,0.090154424
d02a8adfea55d2ab3fddd612264afbb4,0,0,0.00402705
b528a87bf26b5e3810e60fd2185e8358,1,1,0.99994385
8f34412955fb426680102e6e01e88f08,0,0,6.4979075e-05
f4f14c0e3472e377d23b43dce6c18986,1,1,0.9999373
539162413d0df806f50cf16e86d34060,1,1,0.9999459
7541421bb1762b3b3b7eb5b4437c2677,1,1,0.9999418
e9e1aa07bfd4e15060bd64d8062fc5c8,1,1,0.9999355
7a76056c4540001e2024cac9b3d9b096,0,0,6.796318e-05
73787c76c330088727a818d06c2fdb9f,0,0,0.00017611563
b0c0c7cc3db3aa32228e4b78900cf85b,1,1,0.99993694
18d74d614e2075912e001f0d82c6dd71,1,1,0.9999331
9ef747a467149bbc8c92360fa66550a6,1,1,0.99994385
96663bb85948d83204841cb12c922ba2,1,1,0.99993443
3f03505b56f3199db6a90e991af1935f,0,0,0.00016051183
38d6c97a0740e4db2ac6ffff5221a532,1,1,0.9999403
a2fb8fd0bd68b17e72fc08e09fdafac5,0,0,6.59136e-05
23b667206d9bf2a07b773e83c05d33a6,0,0,0.00019618416
6801a930a2d8dc8f6fa98deef23e3bdb,0,1,0.94284743
262ec78065e078e6f7122420dfe8dca7,1,1,0.999948
ce45d11b29f138434577ef624fa6556b,1,1,0.9999455
d3300fdaf6c4a350ed411862d3c565ea,0,0,6.5100765e-05
9e0efa0a516edab42dc987e089581c19,1,1,0.99994147
c7aea071a7854ad5b9944bde4dacc8f3,1,1,0.99994314
a8c94d9f8e142c7caf596dcf00dab9c4,1,1,0.9999335
e03e066541746576f4b24f4737fe6f21,1,1,0.99994373
ba33aaf85b7549e10bcf82122a67f972,1,1,0.99993575
3190ecab572114090164e840aa46ca11,1,1,0.99994147
a21cfbe360c1207b26b8b2f378ea024e,1,1,0.9999466
4bc036e384788289720577537510b55b,0,0,0.0001391305
926e8f6487cdc8384ca678402b1b7d07,0,0,7.367539e-05
43840c73d8049e789eb28ea594a20dc7,1,1,0.99994636
71ea48afa1c1703954c8b8ff9f3b4682,1,1,0.9999428
1c6b97cbaa793c14e6f680b250525abb,1,1,0.9999287
420548d06bc8e18ca9fa6c4610566e17,0,0,6.662745e-05
6b6ad50cc136cda89cb9e4063e9917d2,0,0,0.0045700623
a186d914d8c135a75b05d8874350fb10,0,0,0.0012998657
5c413ea8b0d644b3efeffe238403e7f3,1,1,0.99993324
388fff13d8a9f363a87fb276e7a4c6af,0,0,6.492902e-05
7ba1074161c0ef4cbd5df1c23a2a0ea3,0,0,6.6922665e-05
38685e07ec2d41ee2d0cf42b74061555,0,0,0.101236045
0d16a47bb1c6abe73199234414ff84cc,1,1,0.9999424
d020b1ad495d23bf742519619ffeb2bd,1,1,0.99994195
ce54ffeb95773a0c374b357717aa8d80,1,1,0.99994683
3de62fd4723fc76d3607ee709acd1e50,0,0,0.00050237885
90bd6fc86a4b012a257172d0b9594031,1,1,0.9999441
69e035682b2b564f8f4ef62edf40104a,1,1,0.9999403
6fa0e06b84031dc7a59a36388c3e93d6,0,0,6.542257e-05
59731b6f95e6257b62cc61e3a1427cd9,0,0,7.1644936e-05
96a0beb23cfe3ed95135a1e32f1b5cd2,1,1,0.9999434
c60db3807f9fef4b2117d11e7dd4c52e,0,0,6.725598e-05
29eacd574bd9fb9315f3b5331b1b9e65,0,0,0.011750857
1673dded5629a52ec00b923c87e5cae0,1,1,0.9999194
82a3ff364752b954d99ceeeeb8cc1684,1,1,0.99994004
e4103885b17a32cca7bdbfc0376130e9,0,0,6.59722e-05
e77d11bb6124e262ef41db5197d7e270,1,1,0.9999471
171d629af39980688d28f95542dae189,1,1,0.99993896
6176b89640d3b1dcd9026d7df4e05e52,0,0,6.519184e-05
474dcb5eb3ff7c2576af31b7c8e96c6f,0,0,0.00017622851
aeee3e295e2f4943964191ecc74ed11b,0,0,6.589662e-05
78bf9f62331cbcda32c1706f2f7c48cc,0,0,0.00020695003
c02dd2849a76e64fda5a771a8c03029c,0,0,6.516604e-05
db8d97edb27c92f4be9ece4ae5003101,1,1,0.99994063
7de66fa38f6a7f6e5f6acc66e2d3f6f3,0,0,6.8409696e-05
b068a8165ff556e2760f62b48543b866,1,1,0.99993527
36a42ac428ddc5551b2742cf871c99c1,0,0,0.0009821933
ae91b00c643a8e5b5be80276ce4f0f65,0,0,6.468257e-05
767e5ba94f27b23f8a9b30ea97cba3cf,0,0,6.493125e-05
88af77e82a23ba49b329c57c75d7308b,0,0,6.5905544e-05
caab80c6417f55e9a4d60b81b01c1d59,0,0,0.013193264
813820e3daad8c976816fbf996ccca75,0,0,6.525111e-05
fd4b00c6f879622032d524ad00baa345,1,1,0.9999466
e440edf05eb1b21047a21288fd99e274,1,1,0.9999343
587b1e653ef11f682cda35a3492ff7b9,0,0,6.4781714e-05
fc139992a07607805aa38fd734e7349f,1,1,0.99992025
3c6f5845e4202a0b58c1f349d8988dbd,0,0,0.31775647
598528dd30f10b7a9094493c91c5681c,0,0,8.6027474e-05
70f4f66bc863f6f62d2c1950db9a387d,0,0,6.857023e-05
ec547a0d8eb15f2f9df8e6f6abd0081b,0,0,6.500412e-05
87094f83114dd068d509b23605120b17,0,0,6.523736e-05
b81a00163c7c4a5d9a93dfb612aa08ad,0,0,6.5713015e-05
24265cfcdd82836b74a434ba07b7bbd4,1,1,0.99993885
94bd658b2f1911d3e5fe0a0eb701cfa1,0,0,6.44309e-05
279388c81c84e30c37b73b9e922b5164,1,1,0.9999449
ed4ef9b2aeddaaae9460a72eec522684,0,0,0.004821007
dae2e5c46ab255d2d451b774b2ffae52,0,0,6.6206776e-05
d90ca171dbba260dda7bb8ae75d67ef3,1,1,0.99993956
4ee5044b9d0efa3660e9d0dc8c001448,0,0,6.748076e-05
295aaefd99eb73120f03ed1e6cd5520c,1,1,0.99994373
79126b176beab8e68fcbde7bc2424899,0,0,9.423319e-05
345f8430504bc9a0c10969b4ffd84459,1,1,0.9999443
4967f7a1d07d716a3f7ce94df47acaee,1,1,0.99994385
bcc3e117b2810ac2e543c656b361e5fa,0,0,7.834236e-05
b4907805443daa3685b113b95cb3a3a1,0,0,6.781356e-05
e85a7dd1421d31fc32e2f537d778a12b,1,1,0.9999373
75dcf17de37f44cd29adf232e5263329,0,0,0.012127927
adbc11ae9d7216d45ce04236d01b736f,0,0,0.001509614
af011aeca47ff79b8f45969b2a09d603,0,0,6.5198554e-05
e9ca028ca73ed780c72e167cb66cfcc7,1,1,0.99994195
85c3658ddf03aa676a9c017e0599a3c9,1,1,0.9999417
f4eb227fe161c329058fbcbec6511a1b,1,1,0.9999294
b014d08d1056c8de63cd2a60853f8537,0,0,6.529854e-05
5fedc6d7a4e3bfc6d91fae7533e214e4,0,0,0.00826716
e55556d3b263fd7f3c91d25d6645fa31,1,1,0.9999448
296ed7895f703fa3805a39c010e6ab74,1,1,0.99994767
40183a496e2e3ef10092e0c2f93ccdf0,1,1,0.999933
edfb09328b31dcc3bd481991884dd3ca,1,1,0.99994564
227dd91b1741eb80494c805975b37ba6,1,1,0.99994195
b0e9567da80ab9d6f9fba7578fcd5a27,0,0,0.0001456723
9d47364a118fe824d387890f3b8f5a00,1,1,0.99994195
d16b729b570403eabf878c57ec589811,0,0,6.512647e-05
88be99cf6165d9997b17825f655804f2,1,1,0.99994195
573ab2c97e918f3448e246db6452b3db,0,0,0.00010139364
75b5b0410ec26bb235ac605b8be5b78a,0,0,0.013577169
945362d3a2a937277268ade9c9fdd4f5,0,0,7.2233124e-05
ae60f9bfe789a776e0b0f43a2b00184d,1,1,0.99994075
5eade2fac5458bc023822303351fc4bc,0,0,6.710671e-05
189bc7d53c7dda8af48e14a00c42bab1,0,0,7.104555e-05
1943108d7f50adcd17b9a26ef05079f8,1,1,0.9999442
b86bca9c21ee710c553be5d12c0a2225,0,0,0.00022213426
724cfa0d3bcf41a579fcb6a8d8e8f774,0,0,0.019719534
aceb2bfd517e44658c83f79c0ff489e2,1,1,0.99993145
fb46d69e6ab4d5f35bce77dcdbb18c44,0,1,0.7968728
85ed0a2acdf82ad7aae1ad6e5eff0540,1,1,0.99993694
d052cac65336e66e36a03151b98ba6a8,0,0,7.526737e-05
ab15220086ec0a320db4ba41152f3756,0,0,0.000103867686
8bdd45b1e11aca7a719c2378ec558457,1,1,0.99994516
2229d21523bb875521dc3f5e652a6c06,1,1,0.999925
ffbc52230c068341e715cc23ff01c9dd,0,0,0.00013031831
ca6e6c35ea944b2808cc40240841a730,1,1,0.9999467
8c8c92d70e2c2f46980f89cf031c93bb,1,1,0.9999459
b07baafd01730f7e26dc56a5b2efbe78,0,0,6.545883e-05
f00dbd59e26e7cbc209b5918426e36b0,0,0,9.816144e-05
8c22fa6bb001590fd3d91043ca92cfca,0,0,6.7641e-05
5a1b620fa96f843ce4d4777c3e82d381,0,0,0.0010191227
7dddd0e75e18d988323a4172932dd32c,1,1,0.9999465
7af9c34bfde7bdae5c47e0de7dea213f,0,0,6.725072e-05
c0a51319ffb9461632bf547146bad320,1,1,0.99994636
cee5768b11222dd1c30e196775ac6025,0,0,6.478616e-05
f2068ddb759968247c02714d22ab1bac,0,0,6.518879e-05
64f342baefe5e89e4604abee88ffb24f,0,0,6.5202286e-05
6998fc3c2f533d009610c9744819c6b1,1,1,0.99994385
402d3c11a040fd54ba9c07cbf4635cd7,1,1,0.9999443
5a6e3a0a3e7d2f5b48914334a67cdd67,1,1,0.999946
d0ab1f272160d6fa27f109e979c0456c,0,0,0.00042541328
1e547cc7026597ee08e8f2d771185d85,1,1,0.99994767
44c2f2fddac9838927f28ea512089151,0,0,0.016454965
06f0114a6029606e781ac9e3ac412546,0,0,6.4615306e-05
5ea978e9e9e7de01cdda83921ad8b180,0,0,6.482818e-05
72c1e4f190b119d80d27c7ddd5b2bdc3,1,1,0.999941
73194f248982607c6218cd434f722354,0,0,0.00010297242
6e4daf6886f6d5bcc9d885d71d4aa0c1,1,1,0.99994254
ce24ebecbb608a14b9aee01303b2e400,0,0,7.264171e-05
51d2f4dde4d47a08f899018cd5bb0ad5,0,0,9.443921e-05
ce69dbb2d9217f2107100e6922af23f0,1,1,0.9999459
0ca70606704bf050041f9a6a8bf40baa,1,1,0.99994636
f9b51c3b64c9e5470b760e2738feebf9,0,0,6.4696505e-05
f046f97a7ac918c1a20ddb679a7a8a13,1,1,0.9999212
02d80ad39a1352fd85b042359ffe433e,0,0,6.498032e-05
36495286c505de78a2d41fddd228a0ee,0,0,0.0009490317
4dde53cdbba729b93d4cfb12389dacf8,1,1,0.9999372
3f989b4500de9f87cbe44dda854ebb1f,1,1,0.99993014
e50ccd870b27bc6cc9e82f03f3515ebe,0,0,0.0001982447
72c6b3d955e8d18cbbb69234d4237221,0,0,0.00023918894
a993e6d3c03fc1a8c0fc46767ef916d7,1,1,0.99994516
fc97580aaead37f6f4ab37cff300e9aa,1,1,0.99994504
dcc0f3bf15b691bf714fbe324865a2bf,1,1,0.9999385
0ebc2e57ff34963a21626b98f1dfc921,0,0,8.460409e-05
6685c15ac97bac126bbc3b4b6f569c99,1,1,0.9999242
e98ddb59090556496568f4938c9187c4,0,0,0.00015666804
e14d0e1be61e97be3c2bb9d15690dd54,1,1,0.99994767
3cff80b1f98f221911ba7c64cbfde8d2,1,1,0.99992037
ff0df9250b6ae20b41ebb124870b7f88,1,1,0.9999219
9a8a56bff2bdc1058fce12ec41581bd7,1,1,0.9999441
f0d4137a80efb669692d6c66ff21e4b7,0,0,0.00013579814
1dae00591cad9f0efaea09d29f8e3614,1,1,0.9999454
6fa5012d3e1dfcc47bc30ffb27ed31ef,1,1,0.9999403
d5ff23b6d36c3f09c50da80e55123554,1,1,0.9999398
e165d1177131435d6a0c35495e6486b6,0,0,0.00010719715
2f4790b03522e5c501705be954211608,0,0,6.734641e-05
6284eabd7329c9470eb375730804d5f7,0,0,0.010526259
3c899d0702738a440f4edd51c7b0f7a0,1,1,0.9999479
f9602b055889c35fa333ecc70b124673,1,1,0.99994564
bdebd7b5093548a205c34abd5424dd7c,1,1,0.9999459
9a2d8cbae4c04aaafa79520b21af94a6,1,1,0.9999416
c0c6f08f2570cf2906433d9b2c7d676b,0,0,0.0003029633
c1a49a945af225afd26cb894f215d58b,1,1,0.99993527
5cd2e4a061c484ef90a199c4f1568efb,1,1,0.9999474
e3a2b54bebe6be7a0f056214992585c6,0,0,7.597262e-05
9b1ec263fa2ed065b12400785517a904,1,1,0.99994624
3093684195b382e5011889e866d85d6a,1,1,0.99994016
adbfce3bbb72401324b6077b6cbf8315,0,0,7.1164e-05
9c5a458f2dd35fe1e70412815ad3fc72,0,0,6.5507855e-05
0fd6aafda8e89b5a37f080411e778d55,0,0,7.0365306e-05
962b97a59141403c54668e142ec377ae,0,0,0.0002267941
03a79fa5dc5092147dbe2fe801845fc4,0,0,6.497084e-05
3b25ac6f6680db1f13c1e427b391965b,0,0,6.516026e-05
1d49a5695759e8448bc0f34b3210af2a,1,1,0.9999459
79ec5e6942bb9d5af627ebfc11ad17ff,1,1,0.9999269
ea6abbeafe0860c0a76a1e9068995369,1,1,0.9999424
e7b28187109dbbe1725a646d84641c70,0,0,0.0034792125
c8874c22edbba81438a2543077f792ab,1,1,0.9999466
8b97e3e1d00bafdcf1adc4e22ec3618e,1,1,0.99994016
1a32938cab3c573ba5f5544e294b6d8a,0,0,6.756427e-05
7df3c60caaf974d853a8bcab62a57512,1,1,0.9999459
a256cc0758c77535d78f878992e699c4,1,1,0.99994326
176926e340fbae13fe070d91e9670faf,0,0,6.497958e-05
cdc9d1f1d991847bc7dea48ec6f11664,1,1,0.9999436
ac41337908e10a2d96ad4893f0100c93,0,0,6.5183194e-05
bb46b552fef38b9b0f2e8918535d950c,0,0,6.494661e-05
235949b246fdaac85f46d908b0a8097d,0,0,6.5256645e-05
5ddc80efdbd9235b558c2db2eb49940e,0,0,6.5663204e-05
2958d92337c7b4268f6d1c73a0c07714,1,1,0.99994063
43d326f7d39d146b21b9a93032e50db5,1,1,0.99994445
2ad27015cb0deba170d781dcd5bf4549,1,1,0.999944
82330c885d7a8e4dad2c0831f4170cd4,1,1,0.9999368
ef981d09d860a35fa7b847de1abfaddf,1,1,0.9999422
b3e99d7d02962f1554568c633d67247f,0,0,6.783258e-05
cc0a05c2eae8c542d4e152be15320c92,1,1,0.9999467
9b1bbe29fc87bd14ef188d0a364b1a17,0,0,6.698216e-05
95a7def5dbd75f3d171f31c9e812f04a,0,0,0.0033805592
354f1ac4b92d8b5a49eeba60cfc1bfad,0,0,0.00083967106
144393217c56595b244347c25e79a984,0,0,6.6262735e-05
cf5836d42265b94a974be5685425b340,0,0,6.652257e-05
c6e9b8dfcf244651fe2ca89ff213b944,1,1,0.9999374
cef2cb7f4d5633d44a8c4d44d994eae2,1,1,0.9999472
c923c85aeb5878062561ace011b9fefa,1,1,0.9999434
adf7ccbb4d8ba459778a09f07673d707,1,1,0.99994504
27917bb1baa9d94154efd90ceebcf7ca,1,1,0.9999355
9484dc79f3cb2e63d5c117d69f7a78cf,0,0,6.55696e-05
e5fcb94d5d80dfd6ff3c4daafc9699e5,0,0,6.5109336e-05
d8fbdb38ec8cf79ab08c5cd4ea6f4785,0,0,6.4968175e-05
006ecb3ef57fd237e030a2e786faec00,1,1,0.9999461
d21b927f500ade77616e5146f7033cc2,0,0,0.00018490337
cd4be5f352424102c5733d68bf6931cb,1,1,0.9999459
513ba7b6b837493ae7ee5902e39af198,0,0,0.00010186045
188a84f61e249ef7dc051fc17af957b1,0,0,6.540592e-05
8585ff93072160cb448fd0ad96f3b0ec,0,0,6.473774e-05
1d136f4a40310ff45b2455b10cf26799,1,1,0.99994564
74faa9165ba66218739034bd632c3273,0,0,6.624252e-05
a938e4ae4e5534b7bb1c06088f75ae29,0,0,0.000103828956
9b27c8d1fa056e1137dade9a16db68ef,1,1,0.9999409
485e707376c31eec653957b6de1141a1,0,0,6.430225e-05
e5e9fb23f735648cfc069cbc5e2da264,0,0,0.0016276296
6b6797c2a843fe06297b85d6fd63714f,0,1,0.5783068
434c869ae9714c02f5894a599556e3e8,1,1,0.999943
e88737b35f4d1b44a23170c0cca0b545,0,0,6.512628e-05
c1c1fab2307715e405c01b0a9b5d356b,0,0,6.699494e-05
6bcbc9cc0a69bb7f5dc145e986d3d0ce,1,1,0.99992406
bf26a26d7e326194105d022d264b7dd5,0,0,6.525565e-05
90db63ced6b472352640f8045c1e739e,1,1,0.9999467
49a231e8780a519c1d627cd70da63238,0,0,6.8143774e-05
22b68c8d5d257b8dad2c4b69c11620ef,0,0,7.634904e-05
7f64091b9ca98412bcb7988b863565f3,0,0,6.6515466e-05
b2942a5dbe7b7b70725710df92009e1f,0,0,7.169825e-05
dccba10708248c54c0ca1c8ac37226de,0,0,6.5585176e-05
e18cb0b36e7ca2890b5c50c3ebecc813,0,0,0.005664499
a1a1ab57b5396dd30efd703cb74bb502,0,0,0.0015563293
d1dde3fba54195fefde66874572a8c0d,1,1,0.9999372
c46004d528498a619e534dba10fa688e,0,0,6.4940665e-05
986c51ccfe1f060f23bf8ecd5e53fcff,0,0,6.583658e-05
e3f15635c737c24c7102ff3556e73dc8,0,0,6.506812e-05
f4ada1063a9478299643c1ecf086ac04,1,1,0.999941
d52a3b687169c6c1dcce8653bf2329d6,0,0,7.161495e-05
f84fa2e03676ce7bbca69b8965fd4f45,1,1,0.9999424
887e3feb767f1b8e19c5e16b4dd871e8,1,1,0.9999405
666b5fe53dfa5e3d187ebad28d9bf29e,0,0,6.513808e-05
ee8a16ea39abae824b376fa63bd6809f,1,1,0.99994564
a0c017e83d87d995954532df9912b364,0,0,0.16571566
f995b8b441a35b62218646bd7bf33999,1,1,0.99993753
523e8864cd260e00c59197a8643c1d4e,1,1,0.99994373
a1e90f7309c3827aab7c1b04fcc61bf8,0,0,6.599346e-05
17cd80f93c697a6f2d7a862146cc362f,0,0,6.716362e-05
55033a48ee78d7af87e4126a09d942ed,1,1,0.999944
d4560ae0d51309fac84e5202d58ed38e,0,0,0.017067894
26dceb2cca9c645d8aad41eb8aa7a5a7,1,1,0.99994314
2aa984d0020638bf69e88d96ae3138ee,0,0,8.922783e-05
05ba575c1aa8783fb2481a91772bc115,0,0,0.00011071058
af9730dd8eef3ce8577e4558b2ef94cb,0,0,7.19921e-05
272bc33e073c8e933a74719c0426a9bb,0,0,6.6108034e-05
28199a503dee4b09a1f0d28989ec4f1d,0,0,6.626526e-05
35eaca5d0cca58360f6a06c95b472c97,1,1,0.99994314
be458c2912b91279af30057960c62a1f,0,0,6.614102e-05
7f594a62e8c5e168ee0cfb687a831f4d,1,1,0.99994326
591217e1673a3289ffab0e79365f6eb5,1,1,0.9999472
eed603452d84047e9efb2723ae081396,1,1,0.9999374
ca78b421776d4e23a497563992e144b4,1,1,0.9999449
acfdc80935031a2221a78b0c62de36ea,1,1,0.9999429
5ad7366489daf552bd572555ac4dfe9a,1,1,0.99993813
b0893b224be2e2984360adc907a0f8cf,1,1,0.9999374
b7d2071abf347a92349fc9cdb70e145f,0,0,0.00010152706
a67c03486c5aca85ce596b60b94a5ec4,1,1,0.99994004
b1b3289cbee033e45c1150a63dfc54d2,0,0,0.0654879
354f5f1691c6872ed35c9f666f2a407a,1,1,0.99993813
88ae255394c3fc2cb9a00326a6ebbdd0,1,1,0.999943
3babcd23fd9f8920776c431a160bcf0b,0,0,0.00014424391
f14e194d17f631bc3b7f7fe328c25a22,0,0,0.16105787
1c4ce9feacdbfdabcebc9fb9ab08e137,0,0,0.00018617872
07fb051a828b2a7b591ee8181631cbf2,1,1,0.999943
4c14959dc7cc55644f062b2983602b19,0,0,0.38538873
2c8c0a04ca7ebd3c3d671e1eb4d0c1dc,1,1,0.99993956
1b15c46eb242a67ff0007965c3d262e0,1,1,0.9999418
d06929f01f4ec8070bbe86fe0e1c89bc,0,0,6.494389e-05
ec7d4f5b8f14ce524b87adf77baa3519,0,0,6.467967e-05
aa679aa8861aa254cd159974e2166bc3,0,0,7.534874e-05
e81494631a193f4bcbd2ac6068ed4981,1,1,0.9999354
a3625e6ec7332a3a8f058db0eaa5f594,0,0,6.4866275e-05
4a23c0c5847bbf5e0ae00977d22ae61d,1,1,0.99994624
679c28784ad006d259e82e20515f9cde,1,1,0.99994206
b1af9b8e988c7670fd9482db7ebfaca7,1,1,0.9999467
ebef6a477071c16cd71a467ac4c03806,1,1,0.99992716
341c7fadfa4a7173a6569b77fc30c617,0,0,0.00047453324
cf130c3fa4f5720681347f9f685d243a,1,1,0.9999461
cdd65374dbb3280e07fc0f625de34c75,1,1,0.999943
0781d87d6dfdb23f9bba200f1ba5ffbf,1,1,0.9999442
4f59842a491da79e3a109c474e957ab2,1,1,0.99993825
7199d661de1c157d57e1241916361506,1,1,0.9999447
b92cc0d3fe13d7a9f66c2a386ade323c,0,0,6.4806045e-05
cef5159c81089e47da613a24371de7fd,1,1,0.9999416
ad57e2b691308e06e9bb64cdf01cca17,0,0,6.4866894e-05
b84690f1be6d118e268853b0352b3301,1,1,0.9999459
b5012f4a3c103b29282deb376360e958,0,0,6.539394e-05
26e6c8ae7711be9d63dd758d2424b49d,1,1,0.9999455
6bebb32c1cdb5c3ebda7f65f5cac3a71,0,0,6.500276e-05
73cd5b87e075d938aabf3d4b9d754d14,0,0,0.00010884356
6fd20a663561d4129a800cd542223db9,0,0,0.00043713875
d8369fc4664a284e51ba55324a87fc58,1,1,0.99994075
bead4b52fe21fba23e4a97b9f4efa5ca,1,1,0.9999449
e61b4278ffcfb557f972acbdf3fa0b60,0,0,0.021547979
ed2da3d56ea536c67182aaf121c0c0c4,0,0,6.55161e-05
73d09b154b452b820b5122313c9ffcb3,1,1,0.99994755
214483cada7c211317d220f7cd49ff91,1,1,0.999933
9d65f188eaf77264968eb4ea8a39afb1,0,0,6.490019e-05
01b25dd6b4072c6ee99b01e794c0478b,1,1,0.9999428
a3b983768cf39b2907fd0defe91b572d,0,0,0.0002671357
1388db3e44d560ae96d1d2c5f05eedd1,1,1,0.9999448
924a09a3a2b08b0b380f522a2cdd6ea8,0,0,6.667143e-05
61fcaefa946565b1b47142409ab6f556,1,1,0.9999424
e983b0cf65174333b251fe3ae908cd68,0,0,6.880433e-05
528f960d5d6aee7f07f165173085d276,0,0,6.80107e-05
668649b31b5e462d71de09cd52d69e52,1,1,0.9999417
e2b0dea4afb62f5fe487601c6af74c0c,1,1,0.99994063
f44b9898c2c79db9c467f9b53747be66,1,1,0.99994147
dab3e94e30d1e32a9a7637104a2c19e3,1,1,0.9999403
44b0d1e07aac3c2971eb01dc09cbcf02,1,1,0.9999417
65e70e3b561413056fbcb5983f1100bc,0,0,0.0022010219
f11d51d8db8b0c76f16dab292ac1e4c9,0,0,0.00010278642
00081acd958775d05f116d3449f4b5fc,0,0,0.0001714422
6b2b26b035e6e4d15bce88eb3325ce73,1,1,0.99994516
931a69a4898878cc3217755fbb3e20b9,0,0,0.0003156999
5345a364d5601117ab0c788ea29f617f,0,0,6.536801e-05
325709517305a39311f6e7bc0872b0d6,1,1,0.99994576
cc2158181f24afaa07cb8910659c332e,1,1,0.9999428
c223c4d266824aa8aaeb6953634b3e68,1,1,0.9999459
440aeb6f8e67fdd3f0c1373e59ff183d,1,1,0.9999398
386e15607655732e7c5b16b766e79bcb,0,0,6.692739e-05
4a54ef3bb84388da91cf01b635f5995d,0,0,6.6339875e-05
f3dded8e46d7a593f7c7abc68ae573ff,1,1,0.9999435
b8803cf4a9eeed2dbb60a643f56e2506,1,1,0.99994624
d0d2a0fe882918dac900af4a0e56660b,0,0,6.448512e-05
b8641047483d2dd5663baedd866b9a10,1,1,0.9999466
31bc2ce003b7847602678266d98a3aca,0,0,6.540068e-05
f9aeba57dbd5c908f2cd79996ce629e4,0,0,7.186883e-05
3de14ac92fcf3228895ed7962e46f011,1,1,0.999946
b4ec5421d2c072565d9814a11d1596f0,1,1,0.99994636
1d032284941996a0e1c08ca76b2ca529,1,1,0.999941
fb3c0400a66c6a47994d9c3af1376cee,0,0,0.4484322
a2594ab0e69b010a34be771db2d53229,1,1,0.99994624
a6e5351e43e9be70726ad2d17c6b0fb6,1,1,0.99993145
a3ab7130fcc34af7c7891fd11fd43724,1,1,0.9999447
79fe2666a48991d3dda798205e320a7f,1,1,0.99994564
ab94c3b0a2f3db5dd17144a1bb7820f4,0,0,6.8266316e-05
56492b6dee03cad44de7dc1a8738c9cc,1,1,0.9999454
666c61ee2a28bdd40b92651910c9d768,0,0,0.00010177948
02430539e02b703499f0605b579525e5,0,0,7.451565e-05
5eb331b6f7a0dd69982c2481ca7dab0d,1,1,0.9999435
469714840252537bb735f64f739bd595,0,0,0.0012107262
02beb9c0da935f4c9230b34af86fffbe,1,1,0.99993813
21d763398b17e205f45124acefe3c87d,0,0,6.44016e-05
c63b8ed880f6537570435858c3e32d73,1,1,0.99994075
bdf67b6cd28187d4577c38efe73c3ccd,1,1,0.9999453
ff405c7b6b8d47ce6a9086a9a2113622,1,1,0.99994075
9f8f5ee6164e1fc1b549579721364296,0,0,6.475898e-05
016edaca517b105ce776cd718f0afa49,1,1,0.9999387
1af578006a55acc6ad39f65589ff29d8,0,0,6.5149696e-05
abd866ee16721dbc25a8af68748d7c81,1,1,0.99993145
15b3208e5d41a1419a6808b69d185b94,1,1,0.99994504
8852a345ac4fbade104ff1f05b37f5bc,0,0,0.013783394
92300a6ce88cc168bab757d5fe2cb28d,0,0,0.000104916886
7fd1896ff5383f006f485cad3ddb8dd2,0,0,0.00016703317
0079886dc649770b657381c1e6c6ae2b,0,0,0.0002116241
fcba5d4cea7dc4db9c4546bee1dcdd7b,0,0,9.690893e-05
b10ecf4715c73111d16c15a512d97564,0,0,8.2120176e-05
458d55d43cc4e1fc9e83b5360cdb3ca9,0,0,8.618191e-05
1a1ab5258a9f14d4ee34abe5a15fa164,0,0,6.519743e-05
2cea4c06417dc186351c691a0e99da33,1,1,0.9999473
319d195b661cc2b47498c2d397c762cb,1,1,0.99993503
4b7ef0ccb3307f8dae54a570ac9ced08,0,0,6.552835e-05
9c5242eef319ac8e6fb9fc6481c0b414,1,1,0.99994206
4a1e165256b8cd3d24ed19f45879a947,0,0,7.035095e-05
e23e1e6e5fdc09d4c67f3a6c6197cabf,1,1,0.999946
26ab05ac2ad739ab92c2954bb10f00e8,0,0,8.8247114e-05
54f7d340760e8b7d19f058bee42e0eba,0,0,6.479246e-05
caf0ff930061e5a7aac87b25d56ddf8f,1,1,0.9999435
111ce43169b80a383394a5f5033ef8a3,1,1,0.99994564
83e8d83f8b4fedab8315170b55d56875,0,0,7.9585225e-05
c06e3664eb8cc13ac514c0ad0399c2a2,1,1,0.99993896
948a6799e33c38dc4f2fd3ff5ee5a88a,0,0,0.0007653186
ee6bec43301017b41276dcae54f0d9ad,1,1,0.99994826
98f7dc0620e89c8822e191af284b3b31,1,1,0.99993646
8fb6dd8bb231d2c9b0087dcc1ac2b58b,1,1,0.9999416
a374fb10bb793824c6579d672388a0dc,0,0,6.541147e-05
4c7b9e9deb257b13648d525a29167669,0,0,0.0007026859
eb73f6c3a630354d41bc0f514a201c2b,0,0,6.4879765e-05
cabeb4ef31c5d8b394dd8c68db71a206,0,0,0.0018389523
c5317587714168d532d84868ae104b44,1,1,0.99994457
347217a536a703145dfb355b35eef4fa,0,0,0.00015130661
9bfd6fc17f68e2096071eefb56d1c4ed,0,0,6.875022e-05
9fe8c9cdacaaf7f5776238df9612d01c,0,0,0.005657907
b828bf26bc221cfb94cf5bc88ba7b4bf,0,1,0.99993956
473e79fc463afd655205ae6dcc5ad24f,0,0,6.57577e-05
b7eb5363c50fa0c45a58fc9d534577a1,1,1,0.99994445
476f629ebe039adb30ad121612dfa524,0,0,6.593107e-05
cacd60d84ae3239ae4a7321e92834fe3,1,1,0.99994504
b0707c5b6f9a952d7a6d1b2d6c2857fc,0,0,7.291953e-05
790073f7d58c82bc5b55f92b6f3dce0d,0,0,7.026238e-05
1ed2f31bb26e1f7c5092ea3cff5b139a,0,0,6.561127e-05
596c5351f3e87701d2e2569ff5d43ed8,0,0,0.0002022752
26b24a6a66d64b4c43b1db0eb782837a,0,0,6.65908e-05
c5ba2ef1f656a00084ca2d04a67706a2,1,1,0.9999405
26588db2a7f820eb8d4dae27adc061af,1,1,0.9999453
ce4b3079c026174169a8f5bda287da55,1,1,0.99994624
7f91eed072e42efd848a7a6736cfbdc2,0,0,6.498094e-05
27bc95580e445b450c48a85923f86169,0,0,6.5140506e-05
82d8c21bb76e4cdfff6c81b6619b5a67,1,1,0.9999392
c85c48bd4c33a2c8fd6c061e725af170,1,1,0.99994445
7f8105a3df3a23f8d77f4901a3b904df,1,1,0.99993455
