uid,label,pred,prob_ai
f2f704ec9e5b6c456ad8441da603725b,1,1,0.99999213
ac37b9df9e2d45a945e97ab408264c11,1,1,0.9999925
26dd825a5cb23f2e6d1767afa17363fa,1,1,0.9999629
33e046fb0b05dcb6a28b2852104430fe,0,0,0.00040191086
65ecc5989db168833f061c9b39c6041b,0,0,0.00029679408
7c9718766e0bd0d3d01f6253c18ca140,1,1,0.9999974
1412e793b8a0d156f0d2531c208bb882,1,1,0.9999974
546aa1bec884e1dab2a04ee14a1c453a,1,1,0.9999974
2c7ce5cf73acbb85ba74049a9edeafdf,0,0,0.0006871226
3b0349ce3534bfc79e6e3d4ca3a262ed,1,1,0.9999933
410a1f3cec714297b585fb47f30fb8fd,1,1,0.99999726
21dd265c6327d957c7834bf769964554,0,0,0.00022612952
044832a1e12bddc52507b4c1b815534d,0,0,0.0003444845
7cba2e704262c9002583e564112fa0fa,0,0,0.0008077234
2b75ea8e0db0743a4918e310623709f3,1,1,0.9999974
942a6656d70e66311ed19ef196965572,1,1,0.99998724
f5407678ed85290bc06bdf4dbdaa67de,0,0,0.00031970793
65b751d910bec65999dd153f504f75c0,0,0,0.0013353068
c024839860a2e2759817e189a16cf186,0,0,0.0003365467
609b42e72970b89f74461728cdb91483,0,0,0.00054262264
eab653c8b87ee13c76db8a2c138cda82,1,1,0.9999975
36bf5e3aaf3edd827ba261404f3fff12,0,0,0.0004381995
48f0eb56a4ed90112abc6bb9eee50da5,0,0,0.002914062
5e3785b289cda2f8ae54bd4b2d838ff7,1,1,0.99999046
7108faccdc1437d9ede8324c31b0534a,1,1,0.9999975
c61ec69116c868d2b99abff8793a23d3,1,1,0.9999895
0477f63f4c522a1d5eabbfbb7ba3cd3f,1,1,0.99999726
a31c3647374d49165be3ddb63404f10a,0,0,0.00045444196
7846dbbc7bab2271f233c10af0f17d66,1,1,0.99999714
8b7ec0f5388774c613141e2fbf4bb669,1,1,0.99999595
c7111eb12847d56e2b618d11ea6c936b,0,0,0.00023959867
d9d5b3186e36ada1c8320a61040dc12f,0,0,0.0050656525
1c806039caa4d17fd6635e6f8292b9ad,0,0,0.00024725948
06d4325b7e68d8c655d26371e4dd4a5e,1,1,0.9999975
69bbdae4358ba22415a86be6d0652665,0,0,0.0012152056
1c4f51aa1ae53a9951f7463bac4a4295,1,1,0.9999858
74ac9dc320fe13bec9a010ca001c4a87,1,1,0.999997
17a7fc416ed40fb0b83aed70ac451049,0,0,0.00030012557
7e1057792cc82fc37151598157491e68,1,1,0.99999726
4a7f3775e51b39e82831ed98ca745a16,1,1,0.99999714
5ae0933272c19df2ea021db996d3a65f,0,0,0.00033496955
4cbd095f9260747f1f8c6fbea41bf631,0,0,0.0010353038
ce28c8ae8ad60211f69403f89ad81db7,1,1,0.99998844
e4e2417c517efc26a97ea8a47f4fc37c,1,1,0.99999726
a1bf8da98b180d211e133416677ada94,0,1,0.6529797
7ada640d7979ac7219b66186173fa7a8,0,0,0.00067070837
914ae32b7b0a20ec091e6daa0bea2bce,0,0,0.002550181
103caee8bf583830e16a647f9f39151d,0,0,0.00034710512
644b4dc40bd3245b37e5546f31b0240d,0,0,0.0002749783
303055b17a3b1530925a5adef588827a,1,1,0.999997
cd69235c43a4220df3c309cd288df926,0,0,0.0016887118
c4496d2d249c6a7534eddc9d53723f0a,0,0,0.00032592082
ae86cff55c5af256d6afc4946ca87082,1,1,0.9999968
57d17c9f040d2fec52d6cf7065855920,1,1,0.9999969
9919abee1c11f653bb77f5c3727e0aac,0,0,0.0003763423
f361aabca20d0e3a1f8790420d99d628,0,0,0.0004127615
9ea8f8977186373c4d0fd35748efeee6,0,0,0.00042410786
29fb238ad64491178103f546b39d3131,0,0,0.0008141572
ee6c1b02c6e0114688dd788bed7e45db,1,1,0.9999974
e6f267af05e078d7d9cd42c39ba11814,1,1,0.99999714
dcc76e63e8adf39dda4db6cd2c364436,1,1,0.9999975
0c4921713d21148b1f7be5f414fc1da3,0,0,0.0004124938
0f6972582d34d97245cc7587ad65937f,1,1,0.9999975
c2dcfc29ecc8a668ddf470f5664c324e,0,0,0.0003134691
bdb1ff0e9229be1180f0cb41a8437549,1,1,0.9999956
966c67164427a580bac0b87aabf682cc,1,1,0.9999975
6fd5da4f4a098b52f9b56bb5fc941571,1,1,0.9999975
c4a23bfd670f6999b58bc3d0ac3380cc,1,1,0.9999975
1cd25e63ca4e74d3725292911642a610,1,1,0.99999726
ff42c9725487bb655067036499b38852,1,1,0.9999968
cb31a2d9aa854121f339b580bbfd1f52,0,0,0.0006761895
047ee79b88318c2bb9bf465c50c68ad9,1,1,0.999997
14f86558b5656f7896dc8186c4fffe59,1,1,0.99998283
a5b9a53890afe6e345c30c909ac116a8,1,1,0.9999975
04a1a5b848f4ca48ca96b76fca7b68d0,0,0,0.00034786327
da5ec5e8c72471a9caf2358a3e672239,1,1,0.99999714
f727f1f4c0144564bb4c21d59ae4617b,0,0,0.00029059467
162dce7eec730e75af48bb369344ae6d,0,0,0.0002718066
5b15c47ee8a6642fd858a7e7608b07a7,0,0,0.00023989833
e32c76538a7ca0da03e69ef42315f4e9,0,0,0.0013854502
5c08f00ad2adae0b0863b467a1f2ad50,1,1,0.9999951
14b060ead53e708b83aefc31a7c047cd,0,0,0.010685251
967e23338b6b4f5dccb8abeb5998f294,1,1,0.9999975
a16a65ef98f691e1ab5c579e6dafbe5f,1,1,0.9999974
d406de2c0115d7e195bbf778d4ee889a,1,1,0.9999975
a1bd334b2522bb4a94b661755da9c733,0,0,0.0003809344
c9542d542cbccb37191d574564ff0639,1,1,0.9999975
e739f237256e917e79f893bf8b75ee33,1,1,0.9999969
ca5c1cf5108f076055e1b1748e9ddc22,0,0,0.0003087228
df58f229f0b0e0bd4883780c7c6c9314,1,1,0.99942136
fd5ba67322c7b71fd64c57656e0a6ad4,0,0,0.0002665127
53cd28e1f0d0020c19bc43c4fd4eb496,1,1,0.9999974
6c994551b37dc1d45cddc50b52cb0c29,1,1,0.9999881
db77345964d9e95d7a1eed1adcfbc4b3,0,0,0.00044389328
c8e58c73e9842eb4d824664cedb36f86,0,0,0.00025619028
d3045dd6453e82b3337f0fa7c017dba4,0,0,0.00040601383
05ff3a59723e2672823d38bc46da8dba,0,0,0.012493624
22716e113c5aa3aaabc529004f8f0e89,0,0,0.0009317798
e8596025a836e0e8aef85ce09eb0e669,0,0,0.00040991744
9640a2a58dea2f52f06189f061823c6b,0,0,0.00041651374
01e0c781470d36fefc3f39bab2d21b0b,1,1,0.99999464
eb322cf819f510b6597f5d3f89450efe,1,1,0.9999975
94c0a1edf5213c13b6d0c0f307ce84a1,1,1,0.99995995
12c0af90d028a146ddc309a8e913ae23,1,1,0.9997038
a024c9e035a3c513f90a7f644a8e2d3e,0,0,0.00038765423
1a465462a94faed186d4f4991e6b3a27,1,1,0.9999975
f7ee5521c80ae3daad199a75d85e96a5,1,1,0.9999919
31a194c156c2fe1f99926cb99edbad7d,1,1,0.99999726
565583238228795a4611b4d49e768fab,1,0,0.0008127116
0d9f8d4a7aa851fe76fcb589a57af0fa,1,1,0.559809
bbf64f9bd6b3f070c0d86a545410b45e,0,0,0.00088596524
790a422768a4e1edd9fdbb315da99cd2,1,1,0.99999666
f83d5cebcf40cc3fc130a75686f6affd,0,0,0.00034512585
73e03dbfa2b69ec008f457a8e8269396,1,1,0.9999974
8e0bd93c76964583f06d99e9c2703f80,0,0,0.0011688143
7dcecea8d862e9fb18d89ac8480d2be7,0,0,0.00031306947
bc01e885225b1e31d0f0664bd09063c2,1,1,0.9999969
fbf20d4aff75fa081bd6c2e9c97a85b9,1,1,0.9999975
63d5394c3a5c62b9376b0318f1704ec8,0,0,0.0004493705
7d8de5119c7f6eb254a3ce702f167693,1,1,0.9999974
90c9b61fd20ed9a03c658d27d3614ff7,0,0,0.0010757918
5834bc6b97eb2436a8c596203bf5960d,1,1,0.99999714
2b7f79ae3e4ef6ff71a7e19956a7815c,1,1,0.99999726
415760c02600bdb24d59f29b524b10c3,0,0,0.0005738113
0793d425761c561a4b8a93a2abdd6b49,0,0,0.00057613105
444e947bfe7bb7885b86a2292f62ca69,0,0,0.00041079646
5651f15aa8e5f4f2d31c351a10b29f29,0,0,0.0067432458
ab22133ea880f678e2725327d09893f6,1,1,0.99998856
bac3d9c0859cab66ea1e979031e7c6b7,0,0,0.00048493597
32deecca21f4d04466be3820b0cd4909,1,1,0.99999714
a5ac90d86d1cfd475f72943754b65ce1,0,0,0.002048397
864d4fb6324e867a03bff8e1c6d9d962,0,0,0.0015161149
59a8efa461521b62886f07a30ff491c6,0,0,0.0004636023
a0ce76347303c83e02d8ba6af425c530,0,0,0.005828043
0b355cb373be090a83516780761d0dc3,1,1,0.999997
5c302ab70afbbe1e21ac881031b62360,0,0,0.00023419879
6eee94c0c2717bab8c72ead07db54cc7,1,1,0.99999714
728546653a53748a5a627c13ce090973,1,1,0.9999974
f26996dd2dc6560ed858f76a5b9e7b67,1,1,0.99999654
10a0cfc48ac1b18478e75a94a9f2072f,0,0,0.004573775
afb32c6105cd4f24a1954102956385be,0,0,0.0003578584
b6183fa8208555986105d87243dc7073,1,1,0.9999975
c038fcb232dbc0df97fc80f8eb77a4bd,1,1,0.99999714
2330e103688e1d593de8e1d6629b77e8,0,0,0.0004808955
f19c9dd3602f3c23192e16b4744077b5,1,1,0.9999976
068cb90a6c42373057b76ff354a4a3c3,0,0,0.00028501614
dc51ba67cfddd52a311b9e6a23468f8d,0,0,0.0003467691
3b3d125e638f929842d8249088dbc4e1,1,1,0.9999862
3b653bf7c55fb676a25fbfd3dfcd35f3,0,0,0.00049000705
ea8f4b9b291d62e288a06e202acb73a0,0,0,0.0010613508
730b10c78a0cb95f5abc2f248cf29952,1,1,0.9999975
41408a1689f632e1fef25c68a6ade22a,0,0,0.004772422
c28cfa040ff77145052d0e21498e54fd,0,0,0.0009836172
bb5aef9c9ef79cf85409f8b22c24afa9,0,0,0.0005427535
35e1ee40fe16458ecbb7a91cb2686897,1,1,0.99999726
373f1a2181a8a7c2c2253ac693f0020a,0,0,0.0003237996
dd4313d072b0d9c0b8f42bca8a2bb890,0,0,0.000680092
b6aa9f343790c1afe48a0edf1947dd27,1,1,0.9999975
99e908f485c8823b7ee54f092ff6da4c,1,1,0.9999975
19c678961d2c92e112edb5d017902bff,0,0,0.0007690881
4f4753054e04a5647cbb08ace6973b31,0,0,0.0022181082
ee65e0a7572df4b32793d12e6bd24337,0,0,0.0011398961
9817e6e5ba7f4097ac5502626ab50072,0,0,0.0003153729
8844fb664e97cabb6e8d3ca1b3e56214,1,1,0.9999974
3d18b74c4deadda411c61960ae0a2d89,0,0,0.0019658625
7fdc81b9ce74b4e8bc3080f015cd89fd,1,1,0.9999962
aeb4e9c81418adc16dfc2083683b5157,1,1,0.9999976
406dc89bdd53775c2e0fbfd69a11c39b,1,1,0.99999666
a6ec53831f018b76adad107623a9a566,0,0,0.0017662378
9f392b79bc05fda54ec42999e7eac82a,1,1,0.99999416
2878d65aecd7bcc529d0b97382228806,0,0,0.0004944248
bacc9a8b684c2fb60efa734ea682b77b,1,1,0.999997
920fc60fcbf333941804ab2581679e9c,1,1,0.99999714
e560742786e45514312f0fb0e789a36a,0,0,0.00071264023
11098b87c10de7b58bbb2cec502c2f34,0,0,0.0030381498
d256b2debacc5f2851133b68847a8dfc,0,0,0.00033791564
90927a5c755cc53a7618fb0001af4fae,0,0,0.00031154533
d374e2f3eb7126561686104432e6aded,0,0,0.0005468349
8e5a7f73286735f6d7c92d3f05875965,0,0,0.00050369895
599dcffa852bfe1fed09651bc07cc3e5,1,1,0.9999976
3aa3cc94e402d5cf7ecbacf7a39f8e4f,0,0,0.00047721775
cbc8f814c73edf3dab6445839745e78e,1,1,0.9999974
315d7c614a18c617a8d9c8b3ef4f8b6f,1,1,0.9981988
4cac173f6a0ca03a16b1bf86a8673b64,0,0,0.0008011712
e8bfa83a6d2fc260a6c377196cd48dfe,1,1,0.9999658
c97e853110579e2d2d5975852a05d108,1,1,0.9999975
a01813f031d41efca6ec335f4f39e697,0,0,0.00082481647
ed44e7df28ed0162b562a93eac249b4d,0,0,0.00036442222
c115c9154a7fd943729289e7bec6dd63,0,0,0.0009188184
e29eb2127582c198be8eef976faeaccb,0,0,0.050588276
3e75c473378edc801e93450c4a824199,1,1,0.9999976
25dc77ba2e77d1cd54a416282b0a9e79,0,0,0.00082791504
06a429e08d78ed494398522ad8adbd91,0,0,0.00070699357
5013013c1058b2bfedf6b77c902a0a5c,0,0,0.0002985804
746665716505eea436980bad68655ad5,0,0,0.00047979798
01385c96663710d2c75e5885bfbfe543,0,0,0.0002901122
083fb34a283025b1f1482f59d6c2566d,1,1,0.9999968
7b4f1b7e4d0f9b1335094d220efc21a0,1,1,0.9999968
118ad0096e98d18b0ad593380c2c1812,0,0,0.00031919297
aab0d8be68d497e9b0afe186e2ffbf03,0,0,0.001001395
96c080cccf8cc79c987f3b307cee133c,0,0,0.004434671
fb3d62d7dc833c31bcebc7ee1bcb48fc,0,0,0.005809768
c45012f38498116458f48295d258ac56,0,0,0.0003244618
54ca4134a763739b8b978d57bb85464f,0,0,0.0012264432
0d10801ac237da5e4cfe7c49c744faab,1,1,0.9999975
8075d79cf5bb08a5d940da7e87bdbaef,0,0,0.0009162631
77aee1635ec2f89b74bcb63d2cf3e70a,0,0,0.006678294
17b6229a7aa1363189f6dfa708cbe89e,1,1,0.9999974
deb0a417cbfa01083d179dc32807a5d2,0,0,0.0019967698
fa742224b6e28982b55b4a91321af3a3,1,1,0.99999654
8b1aabbded811f9e32ba423c84ad534a,0,0,0.00040241887
4a42bdbcd7f11cd2e87232a4585a5230,0,0,0.00040344542
4b49da133349c54ffdca11a8cba92586,1,1,0.9999975
4975bb7fdbdb90412816b63ec476c830,0,0,0.00036266234
809c5b7150fdb16250eb3ec8f39afd5f,0,0,0.0002970726
aeb4074beefa27e1d120b373e5acf476,1,1,0.9999949
edce2502360859bafb66503717efc88c,1,1,0.9999968
aa673941c0b40360d10deed389fb034c,0,0,0.0006873072
32587cbcab4b0549c65227ea5684cd19,1,1,0.9999975
727bd378c0aa99b8f6906a7a84e7e692,1,1,0.9999958
eec999e4db7835289eee7478ba75ccf5,0,0,0.0005279407
78804351c366ab86a498baabc4c86f11,1,1,0.9999974
4da46d2dfac15097700f7ba9265faa01,1,1,0.99999714
d93d1d90af9f9646389a601f2f5e8823,1,1,0.9999963
73d04d920a788ec527cd94dfc7c7df57,0,0,0.0003380107
5626ec6054e95f81eff19f19d97f2a23,1,1,0.99999416
ef8aea64281e7f1b873a9d46c405f8b4,1,1,0.99998224
b64592343474b8186b58a7619596432b,1,1,0.9999975
019f7aeeebaeba498d894d49e6ad26d0,1,1,0.9999974
01b35d9cfa1acd610cd43e7376afeacb,1,1,0.99999726
694e90b9bb2875f8988ec3aa3d903402,1,1,0.9999974
3781c33c8bdbcf3daee6a30ccafe1115,1,1,0.99999726
09c0599ad8727efec0f87c227de4ac01,1,1,0.9999974
3972bc5b78ebea4786ed54ae44cc88ac,0,0,0.0022244533
e0ccd6d2dd9076959ba12753545621fd,1,1,0.99999595
2e7402ba93aecda744fc03e228323907,0,0,0.00075870845
0f54d84b02fde8deb6075f54de92d1f7,0,0,0.00041705486
14a39e63d8f5bc2ad79e509fd055335a,0,0,0.00037024802
0d840915119ab55892339d6f4d4474c8,0,0,0.0058395346
56807576fee1e0efe843ab8b97182432,1,1,0.9998204
4e2ba8d7e0b0275b64e146c27eceb6ba,0,0,0.00043103631
eaa39de5484ed6fe407270dbf0c6d669,1,1,0.81426907
7d972ee06eee9af6eed5b9e713f7b8e0,0,0,0.003462505
fded13e76c1ed002fe8e6567ae2c44ec,0,0,0.00070978
5e65426678634aee874cfeca47da05c3,1,1,0.999997
dcf9553d1930e4a6dc6fc682261d2169,1,1,0.9999964
196906253b46c21b6f7f46d98653ee0d,0,0,0.0013122502
b21f6dce911d5d61507292ad7832e5e2,1,1,0.9999964
4b48f6c293eea2d8343f86ff867241da,1,1,0.9999974
c691aef87f14f5997cdaae21a5cfba7c,0,0,0.00025847918
e0fa4034520b6f5c3ce99cbafb728ec1,0,0,0.0030560598
ef9f0b8886cbe7143b06ac1d2fa3f167,1,1,0.9999975
fff1ccfc007e5c4adced6bb4f7cbd8a3,1,1,0.99998486
ad3b0472b60c88e2ee9af139e7309167,0,0,0.00023379094
18fb02f6ee5a70682765a96407ffe2c4,0,0,0.00025905744
acb397a7569a0cb5fa244176ca140159,1,1,0.99998486
0a7a087514aaff576a12759563961077,1,1,0.9999975
61f123de2630237ce9df5da5c73a8660,1,1,0.9999974
7dfc90f5ed7abd45bbb9eb2b9a657f0d,1,1,0.9999962
9057273f287365bd3d65a711776e99cc,1,1,0.9999975
0973c4baa067c24b6c133c70e68ab2a2,0,0,0.00031730573
e32355c803217df7b76ae14e4bc9096e,1,1,0.9999968
04f9f31b1ba24406bffba784ff4b83dc,0,0,0.0003955492
a355e28f5e57949f84889419e2aff19e,0,0,0.0013997728
776db426c1ef4170c3c0c709592ee0cb,0,0,0.00082753086
3d439ba1226fec6e8f2937b2e0e57511,0,0,0.000745257
5bf1c340360ae512bcb8918cc591a818,1,1,0.99999714
e8212bd1c1a74793168de94270afd25c,1,1,0.9999958
5b5cf43bbf8111df66273501e6e085d5,0,0,0.00021711754
e38aa783e1f1c2d04e2637a9f4c83e7c,1,1,0.9999975
d22e71f7337c6d0d77e11bda780109ec,1,1,0.9999974
0be57b74c2bf31d03bb937833b900a70,0,0,0.00031008327
6efec093474ae2d36fd0a1863411fd45,0,0,0.0008584351
911c3d7962c992632efe8c52c9d6f30f,1,1,0.99999726
737e6d162ef13b3cb2794faf18ab8832,0,0,0.0015986642
bf0a2267a2606ba3aa1a1753f7cbe010,0,0,0.00041955427
ff0008180435f1f718099dc011104142,1,1,0.9999969
715e3b5f5170189fa60cff8c1f145ea6,1,1,0.9999745
431f6b0876ba07085ecbea28b6cd7a87,1,1,0.99999726
e27456236127cfe3a11954edc6cc68d8,0,0,0.00057105196
d81c589055b08bdbf240eb5d59015470,0,0,0.0024602953
5ff1fe49afff11bfff6226f2efb7e51d,1,1,0.99999654
2867541076f8d4edd62c5b3935d15001,1,1,0.9999975
f46d2d945b95de6edc81d3e2ddd29df2,1,1,0.9999937
1362573e33d8d14409da5a4bf82f2bac,0,0,0.00028832647
0e47d9e8b4e7ab579f5ef8faec617bb3,1,1,0.99999666
a20f00ad91a8c14e927a0faa79d6ac06,1,1,0.9999975
4e7fab62b3fbeb004e299bdd78303afa,1,1,0.99999666
7d03c09ba8b911bc8e871d03d0885400,1,1,0.9999974
033c98f92236efa6019d748a13fcf0bb,1,1,0.9110716
a33bab594cefaddfbfc1b2d53e1a6909,1,1,0.99999726
737dae647ea934f6942d350d27d71e7e,0,0,0.00039617257
3ef042839bcbbe6eb9d1afe1542d9564,0,0,0.0023356245
4b95b1df77f590e9cb6dd521df9119b9,0,0,0.0004358956
40ff3b1429f5e929b0ef2a88bcfcf915,1,1,0.9999974
fd0efdda0e2c6c7bbe690a3b8f190143,0,0,0.0003812648
e23ddc5c6370c08d9fe8a3ff0273b29b,0,0,0.00039864227
f078c6b22e0e75081475bd487315f602,1,1,0.9999974
353d99011c8b142ca9b34436c5178398,0,0,0.00042846403
f6a14a51e4b627c871b5a3928bfa266b,1,1,0.99999404
fe10953b17bc8e12181fec726ae619f4,1,1,0.9999964
1ab3097f012387da5510778af70ea24e,0,0,0.0028748587
24be67730fd69dac72a6b9e4c91bf98c,1,1,0.9999076
af789545f0993a617e87d5d086138c78,0,0,0.0044401977
78f575ac08310bdc710c7a21c15b933a,0,0,0.005250392
c7973a6a0a28bf29b7abd1312b219f06,1,1,0.9999975
0689144974114bef471b10737c5c96ba,0,0,0.00073324755
3c84b5803a33b536060b1930a533e69c,0,0,0.002279222
105a03a20f9c253ecc11cd7d09a7f64c,0,0,0.00032530213
e207749b9116524d3791b84839b0dfe0,1,1,0.9999963
4c49faef2595b9b080dfb86ede43f46c,1,1,0.9999974
1c40cf582a27198e4575dd94c912caa0,1,1,0.9999969
c4ff1c262004c257356e5edb1e4a4ec6,1,1,0.9999958
41568808eb9586729a52088b008d9030,0,0,0.0005438585
a0f50194dfdd5465a098dfe9cffce25c,1,1,0.99999666
be6e1dc0da5368618ed745fa34f50b3f,0,0,0.00049234193
bd77e60d22b3eaaae8fe5f14c998b33b,1,1,0.99999595
06deb1af768cf58df4cfada9e949242f,0,0,0.007886342
48a873bf65d608897970700a7320a9bb,0,0,0.00023776943
d4b0e1d9a86478e79af2757fed35fc3c,0,0,0.017427536
6052ae053f3975e198421de487e259a3,1,1,0.99999726
e24747dbad714f1b05d085703062102e,0,0,0.00049873075
af4f73f4148892f2ea257e7d7fbf64dc,0,0,0.027946828
161bc365f569e2721fd9e1ab9d2f2100,0,0,0.0003514113
44abcc6ba2e9e19d2dc508467813bea2,1,1,0.9999968
1db8b51619603e5c6bd7bb12cdbb07d4,0,0,0.00046333767
d969c22f69e01543c761eda0300d96ec,1,1,0.99999714
9fbc2f2c728b104dc753b414636fe437,1,1,0.99999607
7ba6193ffec248fa47f2c6fbbe46a36c,1,1,0.99999726
ea5920f80338d1eeacce54471eee07bc,1,1,0.99999714
b52d5f147bff6202e75fc4a907523520,1,1,0.99999666
a6d6a387ea6e67f8ddc779eb10c7e989,1,1,0.9999974
b77de943161d90bc01f810dad11dbe9a,0,0,0.0013372157
30b692f471a89f42cf1654b81454a810,1,1,0.99989593
e342775858fe5e1f1fe410718d643094,0,0,0.07613107
b24889739bf646711556211b01df2a35,1,1,0.99999726
1574318e1dba592611da5e28d7d989e5,1,1,0.9999975
2c1e9bd21d9aa695f0c66698f11cdcb3,0,0,0.00063816184
b48ae1257daf69c45ee0eb34b1ccfe8e,1,1,0.9999852
cc17944fb6affdd8d7ee3d247e4fe10a,1,1,0.99999726
d29d45b50a28c3e3affbeb675d89253f,1,1,0.9999974
145e87d649047e08bf1930003cca09c0,0,0,0.00028832484
3dd8f188c3a6c556bc678a29fc4a3c90,1,1,0.9998932
430a86d50ecd042de6847858c6873d19,1,1,0.9999968
6c5ec0ad53525ba9bf88ecf5ae04346d,0,0,0.010353171
e59aad087ebb6407f4764efeefa40ec3,1,1,0.9999969
256f3f2f0c257dfa6f36b8c8d3eb2d15,0,0,0.0015609412
40bd51c80f75231579adb96bc5c72f01,0,0,0.0018590443
f2fb38d2e41e17b1440a97c7063ed973,1,1,0.99999726
0056c460cd812868430fb786425a9029,0,0,0.001701994
fea25c724448cf54666b910e307e8fd1,1,1,0.9999975
3e5791c7d02b0dbd35f886bb446c398c,0,0,0.00030759818
63e0dc3a6fe1b626f25d265f8db7a30f,0,0,0.00035588976
00f32336288495a0aa5c5306ab4c9acd,0,0,0.00043464664
a89c7d1b223c5df6d94a9e8d6c93dfa1,1,1,0.9999975
fe16985f86e960b5a3d9151dbcdf33af,0,0,0.0006407739
37c44a1e593ea6e71a3c9294f594b4e9,0,0,0.0006138895
273b3499a67285bf96bf978865ef4343,1,1,0.9999975
af23e36062d7605852d269e0c7004c8e,0,0,0.0017403754
cd135b1e6d6b18ce3c96fd7eae225d12,0,0,0.0003665004
21e84b4151faf29557ce381f1a39df65,1,1,0.9651871
f279492d8eed0c6f071b0474a6b9252e,0,0,0.00088212796
1f7771f78b842d376b53727af3a968b5,0,0,0.00032512573
630aa8ce46c2e9cc41a3617db483fee3,0,0,0.00041498904
ea382323d672dbdb45c24c685ebb0383,0,0,0.0030330992
3ed4ed1770556031802c604fa242daf5,0,0,0.00028449704
ce2a9fa22546e76ed75e4d2b423ebc3c,1,1,0.9999957
0330fceb1bb21ba8784a4fee1eed5f6f,0,0,0.00093970035
3286b66675c1423f7aa94ed4d16afc73,1,1,0.9999976
a284ffe42b3e411f5a982de9e225caad,1,1,0.9999975
e62b16c306578d859eb4a4eae48a3100,0,0,0.00048276022
c0accc9d790ca9dbb95aaa53ae661757,0,0,0.0005413533
a8ffaf6268202e8172ddce3c9708f083,0,0,0.0005510705
3d74106e8310a4ff9ac12c5c17a1b0af,0,0,0.02397744
2a7f8cf91851891d78d1e699fa86eded,1,1,0.99999285
007697c75a702dad792d2c5ddc71d6b3,1,1,0.99999595
546c0c1143e964b95598775540a8662e,1,1,0.9999975
efec3314ba9169f0bf56c321779529d9,1,1,0.9999974
9fe5cda83ee723a9f482e235e2999790,1,1,0.9999956
620495ca14e992b93060d7afbcfd8674,1,1,0.9999976
a19eeea3cea8549be2c7978128fcc80d,0,0,0.055940628
e9516f2aec3e29091e3471afe51fc017,1,1,0.9999974
e18302a3b1773fad8bbab1337c2ee4b8,1,1,0.9999969
a29b78cd9bed52a77169ed45c1ae28a6,1,1,0.99999726
e960183d29145a4631e2ecddb52b691c,1,1,0.99999726
6d9eb41a18d601489d55333508f27fc3,1,1,0.9999974
8d77e28124ccd9ccad10d9ffc238008a,0,0,0.00035279946
22d58d4c59598fd3cc64396d2b5452d3,0,0,0.0005119806
503bcbc570cec4d20f07af2af582550a,1,1,0.9999974
a8097d7e188d985031194f5e82332f1b,0,0,0.000283385
9ac0fdc6d774d90076653320d9f00a9d,1,1,0.99999714
a1be4cebedc9ad278e589ccc703bce27,1,1,0.9999974
61495a462d9c99af8243d5f105472569,0,0,0.00031791162
3b285cc52c096cfe08a44ff95822a59d,1,1,0.99999595
6ad8ab839da583cbae18370c43787d3d,1,1,0.9999975
719874e39222fe70095aeef0532434c2,0,0,0.00040345595
fa6b9828fa03b464ce1dfa0c4bbf5dd3,1,1,0.999874
ff32dc7edd56349421449a7254280420,0,0,0.0019732162
1fcf4be959a7f2cc3e3d79015bf93ca9,0,0,0.001120253
f986f7d5f49da2132980bb9b50cc53b4,0,0,0.0011705534
593441194d0b11082d3c260b14230845,0,0,0.00023918303
6501b725a1b2664db67132b19c3b102a,1,0,0.06482481
3644f53d75601190c4647098f600e90d,0,0,0.0071292347
42eaf1fd113dceb4a8c4c4a79bdf35d0,1,1,0.99999166
ff0b007cac674bf7f208251764fdf72e,0,0,0.0018681634
d5689d79efd63a37c69cebcab34bb879,0,0,0.04627692
da6968a92be9884d08820ffa74969ade,0,0,0.00024337485
b33c8bb19967b3e47b36a0d08530b7bc,0,0,0.0006545126
2ce871e801346fb2c136403bddfaf17d,1,1,0.9999968
4b0d37b739fe718b99fb9ce8e740756d,1,1,0.9999968
20374ecf954200d7b1fd80ed6c8a5d19,0,0,0.06162723
bd5bbfcc992b82fd48aead6835401a01,0,0,0.00060787366
05d1211ddbd265eeb16a8108ff31cb66,1,1,0.99999714
3c49b8d111c171223ce8fa2d0a4171e9,0,0,0.0005123323
d4be28d67d52c9cfbf44133877d7e2bd,1,1,0.9999974
1c733455027ba3e6b3852b751556e13c,0,0,0.00040174733
b4581faaefc8302cc1ef7bc498ceafd4,1,0,0.00033467848
176e6cb6d80b2e896a04fbd60093126b,0,0,0.00030079295
f7dd54f3293daaa8f4976e4980e8250d,0,0,0.005724354
717303843e34e6b9648257e5726d6122,1,1,0.999997
2a279fd28f99b9d588f9c2cc0d406ea2,1,1,0.9999975
e1b8f3391c625144dcf23dac351a3894,0,0,0.021677077
3334dfb5caa00f866415f48213d962f1,1,1,0.9999975
67059649fc672ca041c0a3e5e829330a,1,0,0.049136914
51922acab2f02ccdb94388435b884d61,0,0,0.00028368557
7cc28cbec34ac51943cbc92f85d4d67b,1,1,0.9999974
8ca2cc3f2701116b9389924d96acb9e6,0,0,0.0006615464
3c337223219ac80498239e00c4f69942,0,0,0.00070256507
50c5fc55d651c1e7ed075db7f2ed53a9,1,1,0.9999975
54295771a7056a75ec2dbc0ab1642ecd,0,0,0.000378495
229b968d184eda0d06b67bec2363e9cb,1,1,0.9999975
0b32e2d79ee9189b28f5cf0fd3b8f9fa,1,1,0.9999974
5b4666e3171c45b11e4bf642961fd0f0,0,0,0.0006228336
b0e7458429ea4a677a66a7f6ca3429dd,1,1,0.99999666
fade0810271e108551a72f7ccfff0df2,0,0,0.002096221
2e3e9ebcdfb3ce385bc85c3d15ebc0d0,0,0,0.0002824404
94874838e1d5a55edcf568c43614d650,0,0,0.00027664806
a9552f5d374cd27103457c9fb5217026,0,0,0.000410704
d00dd4e01f45f90d8f6d4d2eb35934ad,0,0,0.00041401587
c0ebe960f296e66a8b20771b851b9fc6,0,0,0.002328687
79a2593b08e2ff134a3fd92163cbe1d5,1,1,0.9999962
74785f352ea1934384e02d45a2944174,0,0,0.0021300793
d39e71b8748b7da9fa77b27c073be937,1,1,0.999997
0c82f48590ceb9cc43079f22cd76955d,1,1,0.99885774
95c077eb87dfc722fd2562cefe9a19c3,0,0,0.0008830282
871d130e74df58a4fd85f95fab1ecf36,1,1,0.9999974
a3412249106945d30e7e47b39f834857,1,1,0.9999975
5f531be0e75863bea07f4d36bcf4af90,0,0,0.00035509822
06db330646b3b01cc0171c4189b6a720,0,0,0.00027872846
61ffa5956425eed20042f0a7d3b2b660,1,1,0.9999974
872cd79f14f005c416d4de09b8e3f22c,1,1,0.999995
e67bc17ba20104030d3b5a681796fd52,1,1,0.99999726
276dbcc37afd6f70ca361f3ed5f8a271,0,0,0.0005673029
5e3c0a2527d0210bd37244b9d0f4dc72,1,1,0.9999919
334619b0027f96330bf98eaca4df6b3f,0,0,0.00039165703
f3408e083d622a700f994eb3d103b150,0,0,0.0008810028
8c6a1f12bbd0ea9e97f9bb445d9e957b,0,1,0.5979403
e7e0917768cad10f2892d5e45bf31b98,0,0,0.0004536638
861f69b7379ca71e7669848d89721bc5,1,1,0.9999974
212433f83da58a478979d0107ac80b65,0,0,0.0002961259
c71511b39a0a059c9d1c8ae4229a794f,1,1,0.9999969
e5f523ffdc9453f6dba04dfce641a073,1,1,0.9999976
8c352dc44f61988f163ba56cd207cba7,0,0,0.0002541891
d91ae4c6305e3b3b32bc19721bcaa46d,1,1,0.9999975
e49bba259d58d672dc7459db6c60bd6e,1,1,0.999997
4f64380615b4339c4313888151383d54,0,0,0.0003863062
7b664f63f0e2ce16ab84e8f2992d81cb,1,1,0.9999937
7e8619540f54c3c3b667769e15cd8589,0,0,0.0002911496
e79a7dfb0f8baaa154ae1f7b1c9785fd,0,0,0.0003579611
0ba32b1d6fe3d1d144d66ef9751b0ca8,1,1,0.9999975
0e654a30ee931b3922d7ee6e088f2eab,1,0,0.0008011712
a42a5846abb883e546f8f053cc3a88f0,0,0,0.00027958705
da2e3883e4a9f84075f993e92caacd7d,0,0,0.00067979656
662655305270fc0df22701caee38557e,0,0,0.00053157524
d3e3d64add3731411c8734797169771e,1,1,0.99999666
10dac210a6fd7a26b5ff53640ce38cba,1,1,0.9999962
a1fe165e1458e7a4b9b6017fe10560f3,0,0,0.0003078229
31d7af5de7b3c843b0e7e981cea3a4b6,0,0,0.0027056048
45c13e6cb1409ca4ba1dee0758adccac,0,0,0.00032004277
fcebb1a33908e3da036d795edea81af5,1,1,0.9999975
8e9d7a1d6ac0cedeeaad93b824b82c55,1,1,0.9999974
e0b94045d74401aadf174e2ea7369ab1,1,1,0.9999975
5974ed0f156202eaeebf774fd5ec518f,0,0,0.009066442
c76fb607ef8bae3b8f829bff994ed3d6,0,0,0.00030643793
33a7119fc13610c2fc61ae59191da76a,1,1,0.9999914
459a29c85a9980bb3913437804a55028,1,1,0.9999968
711e9f0f94a0b41e1e0368832876c2ea,0,0,0.001770695
6918703c6541b9c32adcb02872b5ac88,0,0,0.004436483
f26604e2b1de9617b588a474b6b8d634,1,1,0.999997
41a4289e5f1e7c35e06ac813375180fa,1,1,0.9999664
f3ced8f3b586d53ef31485f954576fd0,0,0,0.00033314596
b6f0e39bd0614b93bfdd63743a738b3d,1,1,0.9999975
f73b6ddb44f1be518efb28f36cca73f2,1,1,0.9999964
f4819ca2599bec741fc8b01cb7747293,1,1,0.9999974
d7df06f1fcd1ca32d1751017690efa74,1,1,0.9999975
94d27bd87a119f59f0a46f9f8ef7ebf7,1,1,0.99999654
b36d22d2ada2cf430e31752216fcf7d7,0,0,0.0006938735
2df452b53204acbbd7fbf4dfea3fd03e,0,0,0.0004390261
db9efd625de1cf4b79442cd5aa24b31e,0,0,0.00048143743
d3566d7958a1f3c2e288d512a9ab8dbc,0,0,0.00123229
53881cb0d748798a3427f3532fba1e27,0,0,0.0010793611
4c91b95c290c157a7aa436e09a3c4a95,1,1,0.9999974
7a4a4f232629750c0e5fddf35a34eb37,1,1,0.9999975
0b7e24b413adeac740af95f8eeb0ebaa,1,1,0.9999974
06e2429b28812bbdbf5ed2a713d1ec9c,0,0,0.0029950792
0e507193fe48eec9830c2d00afe33d99,1,1,0.9999652
8f36f42c5a43f5a86a426fb252002bbe,0,0,0.00044262438
1c6392a092f1f0b47ea3d513718408d9,1,1,0.9999968
8aacd83866c467c05d27aae0931ee5e3,1,1,0.99999726
311be92ca0bac5ee4200b6dadc1b9615,0,0,0.000949821
4ca0fc6319ccfd51c12bdd0513c3df25,1,1,0.9975962
84d4588a5fcd8246b81c51e1480d5960,1,1,0.9999974
b4b3b657271be95772d3104183eb45f0,1,1,0.9999974
415c0365d0a7f270e09cd841a731319a,1,1,0.999979
13f11874926b6039bdc93cdc123f6872,1,1,0.9999944
93e30b865885317b8e8a392d7245e01f,0,0,0.00034322016
0fd4983b4940df7d5ddcea558a6a4914,1,1,0.999997
f9c59c0c0fd5bad1ceb3b73e79118591,0,0,0.00022053023
c8d3016937a89e8975909fbac9c666d1,0,0,0.0026180919
937d921798108cab7785f0d1de17d47f,1,1,0.99999714
05d43ebd6bf6a3c413dfa069151917a1,0,0,0.004726429
9050c9c40922e45ae03c766378421e93,0,0,0.00022629171
3b04a0cee2958cfc3314e7490d1a9c1e,1,1,0.9999969
62ce058b6b6998816a7a36153888e9b9,1,1,0.9998287
277f6bc3aeb774ecb39f5478753e67ac,1,1,0.99999714
b01ab8b01ad660faf19e82cf7abe74ad,0,0,0.00055116136
bc0e57872912c7da41cd36908865756a,1,1,0.9999975
29945d4805ed22aac712e006c17bec8f,0,0,0.0004175609
41a6fcdd5af381a906f9b366337a3133,1,1,0.9999975
0a9d051543adef1324512cac687ffe8b,0,0,0.00043105765
258a3d67ab3cc042380b4272b4733c09,1,1,0.9999974
7f2df40a9d70d5a837fed42688cc52c7,1,1,0.9999969
74ea14e7b6563530311158ba77cde350,0,0,0.00048269398
83c7282cb71140aa358ac8f05429b45f,0,0,0.0009771562
87646fc2c20a3c5e39fcfdb43860c6f8,0,0,0.0017383395
a24e4fc4f9dd351dc4d1275001e9345d,1,1,0.9999968
10a70bfb340fa11420250c5cdda3e6d1,1,1,0.99999726
464da83cc0640abdfa9691ea681431ea,0,0,0.00037175915
5387adf6f7517f17a69edd0014c4f34e,0,0,0.0010393017
d4ad335499c97c86480b8a146d15bbe8,0,0,0.00093958306
e7ab436594e54e5c0f940b43ee8e4582,1,1,0.999977
2053920de5141224b03127b5727476d2,0,0,0.012638028
6867af790d1d481634afa2093c2b597d,0,0,0.0027001065
7687ba97c76658b0384f566c39da7996,1,1,0.9999974
4e036874db4a2f9dccb9c35e44ca799b,0,0,0.00038261403
da2af05971c1bc51b2d0ab4fedca78da,1,1,0.9999968
b0a22be0278a2577540e3cc9fc55feb6,0,0,0.0030623202
10a795d8890009c86e24777840417bab,0,0,0.00025096413
e75b4f9b49e72f97e69cda692a33e6bc,1,1,0.9999974
b97ec0a74f1dcc3341dcef9e154867c7,0,0,0.0004188973
953ab67d3e0e57ba8a07c09d574f40fd,0,0,0.0002855073
3137cc250d8ad4fa489184d285ead37d,0,0,0.0002837072
9f1cc9f5120afc036711c5b6afaa2dd5,0,0,0.0008192917
ffbb034d4b40fe72eeefc19932179187,0,0,0.009344705
2420e94d66014a03b1d21c55e943d982,0,0,0.00046061733
e533cb33e189c75e8e2c3b3e46116500,1,1,0.9999974
9be926d800eb22c6066a4342fee177ef,0,0,0.00027955987
2641c83d6a8bb7685b81dfe42557d92e,0,0,0.0006216547
ed0a1bef7bf4188fffa4a9e9c710fdc9,1,1,0.99998856
ea17e163e0a990609ad9dfe56fae2ad9,1,1,0.9999957
1cc34f67aaecadf2d994277d3830712e,0,0,0.00036637744
453fedf5c1ea0a9b0c57568ba793573d,1,1,0.9999864
86c024b47af000eaa1450e51efc32b1e,0,0,0.0014334414
63b69da2c12bc387e02ab99ec5a4de40,0,0,0.00034040725
4e320d4f67c74ff15f83460a9c5fbde4,1,1,0.9999976
40c8c71f4cc06adc347952f3d764d2f3,0,0,0.00080069416
54d59f3720cc2c0b34bf8c8d77e317ed,1,1,0.99999535
54767b264c4e4df2aceaf51d61b87a51,1,1,0.9999976
e7877de512fa9e95512128d2c856f18a,0,0,0.00026020853
b4bfed2c08594b5bea8cfc3e284f25cc,0,0,0.003379271
7dd292c9755dd22e8f9069d4d1462eca,0,0,0.00022119081
60fe12a9a0cc53be056d008a62eaaf3f,0,0,0.00040454473
37c778a8e368a4242a777d5bf81fd4f5,1,1,0.9999547
fab5cc2ee35aaa08aa664261e1c74641,1,1,0.9999924
57b410eb34c8c56bb89ddcb0198a69bc,1,1,0.9999949
4a8ae6c61f212bdd183c2135852731f0,1,1,0.9999949
b7c389e8d8b819fd964c52850cb4badb,0,0,0.00071820844
792e9b0b06540b6a37a6e019d41b8bc7,1,1,0.9999976
609bb9d8447c21e1c66690170bc8645d,1,1,0.9999974
bdd03b3b361cddd73d29e19eb88fcea5,1,1,0.9999975
e8c005feb8da69d9166eaef4fa9ae916,1,1,0.9999963
181cf04b7897d9a271e27eba2a82d73f,0,0,0.00028765516
37d69a3c7f98ea7cdb1ad2c7ed3d3ba1,0,0,0.000396937
1f18b22a6760d003fd1a163901ae9186,0,0,0.00563007
baffd1109827edf381132b83abdd6d9f,1,1,0.9999968
10fc09620dc4a2e75506172f04f746b8,0,0,0.00023422335
ee3d2b4845d4feca63a6e2e22da0a749,0,0,0.2805167
9368b95143a3fafc4a98f66a9f905929,0,0,0.0005853374
38332adff07c5b976dbc7cde1a6b93e9,1,1,0.9999963
b96eaf84135634b6afee799a22ea3ab6,0,0,0.031126387
ef498107e4a912c36dfbfec7350f087a,0,0,0.023960542
3ae740afc002929ad649cbce71528dde,0,0,0.0010596688
88b86fa93b8dca614a7e9e0d5361eb65,1,1,0.99999714
27cb1f812ae8da47b095e6a044f90496,0,0,0.00026503517
c84a8d80dc08431f27a47165a70b9c31,0,0,0.00024538772
c3902f0787e8a56c3d22cd1a75b9b577,0,0,0.00037277662
f66286743132ba7aa31f6a4a673d88e7,0,0,0.00046112103
a3ebb8016a0b0a965d480a763afb4ff8,1,1,0.9999889
089a319bbe2a77c6b0f4b97c11461f59,1,1,0.9935548
0f354a2ea5a5e54e4d83917d75e198fe,0,0,0.001428141
127025d6d1f2299235158f4e9e3ab3d6,1,1,0.9999958
94d72545b11e024f5ff3a3de1de9086d,0,0,0.000669226
a2b49e47caa3c2b93d5cef99881c4ea0,0,0,0.06106183
0645cd9023ca5dad065b91194fd3b530,1,1,0.9999974
91374488e49f39f4e05ed63c104149f6,1,1,0.99999595
15d11f2482a512d550ba2be7d364cfec,0,0,0.00096606184
118f1cb7da29b5aa489b8ae442708c39,1,1,0.99999714
d59441fa4172776cd17b59664cb4a99d,1,1,0.9999968
b60f2381e0cae0ea6b275c4fd22caec2,0,0,0.0013766045
b67d3676fef92e3d585b92ac48833d23,0,0,0.0034464642
a4bf7c5553aa68666627d459d952ef4d,0,0,0.0003497384
0037ba581e57d5d0261f6e1445b94aea,0,0,0.00023124901
0447bb8329b92946785029579cc6ea82,0,0,0.00033454035
226bb001ff603a87fd6ebce0e0b0fbb3,0,0,0.00045115905
bd1ab799c3332316a637887256fb9e08,1,1,0.9999969
35c6c15839d66075f86385f49ee4e453,0,0,0.0002795732
b93a6558022fa9b839bb176653fe65f9,1,1,0.9999975
fc109b074186f6b1fdc720eaa5421198,0,0,0.000979849
96dfdbe116994358fc6a2e6ea2cc8caa,1,1,0.9999974
8c39046651378d0f9c9941148ef3eb82,1,1,0.999997
0bbae694159fd4705289422b6f0ac88a,1,1,0.9999968
33f2d35d05d56c6373abe452bfea09de,1,1,0.9999969
5ff8de8e9f54807c87bf4a4ad46e7dd9,0,0,0.0007852992
fd692a662d660b3c108c35536f59fa25,0,0,0.00029989443
c1c10db1232c4a8bb33f33edbeb49b12,0,0,0.0003766833
5cab78e10b53128823e28f4828f8b42c,0,0,0.0010095595
d45e8ede5af3d3b8de1a939411bb9f7c,1,1,0.9999974
f23bfb8192bdd56001fd0896c8d11e94,1,1,0.9999968
b645af2f68050c0f03b215f8be7179b3,0,0,0.00030745217
322252372b5e4e763d4678718190b5f1,0,0,0.00044984752
22e64632e9aa453e161fca3fbaefefdb,1,1,0.9999974
e82d31dc572e356b363f653f996e2ad5,0,0,0.0040619913
2ad58b86236b84322c8f64a51662b3a1,0,0,0.00076140783
589ca8bb76358c328d3f40fa6eaf7a2a,0,0,0.0009840549
7650df8d3fcc795f6933f5cbf97e9ca4,0,0,0.0004980359
46917fb1060327d5764697128786288a,1,1,0.99999535
16b51aa3a40edca7a66641cfc47abaa9,1,1,0.99999726
1d739137cd209d4b4b4f1a4ef2fd04a7,1,1,0.9999944
3e90d22850943d75419f94742cdf39b7,1,1,0.9999975
22f18fae918e42eb706c9b780d3c2d51,1,1,0.9999963
e5cb958355a081b3ef93a9fd7e497a25,1,1,0.9999348
1eddc3d4b2dd757e2e57e03e0eb44934,1,1,0.9999968
202a4f779530abbc584257ec8deae25c,0,0,0.0003813341
15062fec70f6a623decc55a5366fe99c,1,1,0.9999969
368c07f001608b3d71bcb846ac012eca,0,0,0.001489614
ea416a2c00e46a1b974c97fa99eaae28,0,0,0.00026936765
10938621efa3c5d0f434ff8c2246c135,1,1,0.9999975
6642fcdc53e76dc6783a3a1e49aed559,1,1,0.99998796
d89eee58839965606a4714c3fefc305d,0,0,0.0004085421
3bd0f94314c52e085a75ce7d928e3f4d,1,1,0.9999975
d60ad505ef0b7fe4209f33c9bc129e63,0,0,0.00025804923
1433357b39b48e3ed1c8860f2eeeaa50,1,1,0.9999975
84e5b03cd2a5453af0cfaf8447458071,0,0,0.0010462472
dae4c6567a2347ad17d4e1e910df83f5,1,1,0.9999975
217a95609bf060ca79cd39c6f531f4d0,0,0,0.00038647972
e853265488fee6083aede71fedcbb3ce,1,1,0.9999975
fe8b8188ce8d03a337b84fc8c5add8f1,0,0,0.0002865247
86087a36d4201095df40c57c7cfde6ea,1,1,0.99999714
b4193d822dbcdcafec5d8ed76d3a5342,1,1,0.999997
355170e46ea13c03c1ce8932d2c1a617,1,1,0.9999976
2ed084c0c08d1a79c0a6a489e571051e,0,0,0.0004453148
2415e01a62d6351c1f27e0e98dfe19c5,0,0,0.00025924252
8d86ba1289d358d3d8defbfa0f37df80,1,1,0.9999951
c12be047f34e6da24f42df7b68509670,0,0,0.0004400392
df7e6968481b10b58dc9a3d08f177692,1,1,0.9999968
adda5645a7f5480c00a360447189a176,0,0,0.0017499852
223bc09a880500d9a1e7f0a08a689312,1,1,0.9999975
7ef59f8b71fa0d2dc5ef7bf2a146f754,0,0,0.00026011275
3a2d5a8809e25726283a689810666920,1,1,0.999997
9cb46edbee056c13e73bf29ae2ce6404,0,0,0.00035220027
80c62577b4fdcbae2bee71478e9b5896,0,0,0.00052832323
f6add1822912b58b9d8e568405a599c1,0,0,0.00025085674
c82e80e2ea7cfceb756e2ed43a500ef7,0,0,0.0013628418
f5380188799e600d2ed1a5180511d06a,0,0,0.00041901233
3ba851591a5ad59c44faec5ff43c620e,1,1,0.99999726
8293e6c8e1f152fdc255daea95e06780,1,1,0.9999821
77efa87f04408f259cc74114e5ecc62e,0,0,0.00046657646
5630693e5274a199d8bb9ad04701646f,0,0,0.009221841
dd47c70514574f2eaced789f75bcd5d5,1,1,0.99999523
f66d46e30d2f7541cfe732ed20abc042,0,0,0.00044551346
73da16d846494b73da1f1ab423418c4f,0,0,0.0060510803
47bccf0cbbbe1b5df22539f22eb2ee49,1,1,0.99999654
d6635efee41ee9db12a37b8e5c1c9272,0,0,0.00043167983
af1d635660cdd5be48abf05e57fcde8d,1,1,0.9999974
9a5f55e37bd8bd9abe76c5896c29b2f9,1,1,0.9999975
7835f381a07b896e2277b9bbbd0e4093,0,0,0.017753918
8efb85d1a6c0ce047db4dd41f8b83355,0,0,0.00043000493
d5293fafa39c263ddc9b120e6dbf0c0f,0,0,0.00031810295
46040a10c7137f47fd317288daa78cda,1,1,0.9999975
99ffba0977ef7d81a91a560127ee4b86,0,0,0.0006005805
ec8f608089cf5c32d1305f9f8ff137e0,1,1,0.99998236
65ec96e679f2e6fd7bfeba5e5f3bccfa,1,1,0.99997985
2dbf57556fc1e6ab0ea287923a0496fe,0,0,0.0004591783
e96b164b15828e3e64b9d85b4f47f7e6,0,0,0.0053260983
eb8e7b08a3b6fad988eac0f2b85b2c9c,0,0,0.0003954594
8cc708800539b6ff0244f972e3cbafbd,0,0,0.00030826987
e974d16b4f5fcf2c7817430613579e04,1,1,0.9999964
7293bdcccac02f9eb846745fc14eee7b,0,0,0.00028171748
5d1e781b1527e7843754ff59c7d87d78,0,0,0.0005041389
23f924d3ae8bf886d5b92a54c05f8354,1,1,0.9999968
f945c845a5eb63da600aed5f803da71e,0,0,0.00039320617
51e36a3aa0d2f7b5382bd2bc0f807a59,0,0,0.0031595707
009d4d71fce3d3d872fb81482d8db5a6,1,1,0.9998708
97ceb3d6744ce02df27a1bb03d957c7d,0,0,0.0004713152
1af6f72f7b910cc40c5a73085f3ccdf8,0,0,0.0008706507
faae9429d3de47ba230deac98ebb9dc9,0,0,0.00034464058
584e59ece76d003d8d2e5e753ef242e4,0,0,0.0007985545
cecca8a798323ad966b2be03e841ea73,0,0,0.0005333826
0b7a5189554c261415c477b51937b9a8,1,1,0.9582782
332dbddd1c8ff8049a71a392b2534d85,1,1,0.9999975
c7500373a53d7c11004e4db40589ec0a,0,0,0.0045211823
3cf0dcf82e2517bda153836a5e00e246,0,0,0.015175374
42eb6a7b87ae97e95f5e6f2138944b8c,1,1,0.9999974
31138ee1717c241ae41f5031af1cc15d,1,1,0.9999975
42cd0cfef58d15b40164e95ad7390c39,0,0,0.00032320162
d3e193c71240c95f690b1d8337d8caa2,0,0,0.0003496247
70c431d86cef5fe27f9fa4c7c76a369d,0,0,0.00040005468
915a4c5180b4bdb9fabd9ad55875a507,0,1,0.56081665
909ef675c231ce721c6056ead38b43fb,0,0,0.00028375702
3683af524dd63e50239b3c616f38a5f8,0,0,0.00070696353
ffaecfdc785cadb57ab64d8ee97fd947,1,1,0.9999976
12d229097924d78c5dd1071e0f124e01,0,0,0.0016549936
fda1883b92d1516df7b6bd525c9334d9,0,0,0.00033515968
1d8c5c2d14b19d5b1c5bfb5b902d22be,0,0,0.0011162907
d5b16131459fc80b4190c0b348cb2fde,0,0,0.20584229
a27ba0e9c6a3a04f7ef06b7133e012b9,1,1,0.99999094
acd305597418d722c2a061f46b34317e,1,1,0.9999969
a7318eae414418aa59f81351df003c9c,1,1,0.99999547
7289e641649a22aec9b42d5907a2780b,1,1,0.9999975
6f76da4331230522cf04446805ec0364,0,0,0.00030072875
95da99906fecd9659f604e741d19cdda,1,1,0.9999974
fcd9adaab05bade05924377b74838dda,0,0,0.00058143487
fdbb51fd08f43b552f6f917dcebc6508,1,1,0.99999726
d3a2eebb657e9f491df5a53e2865955c,0,0,0.0004607076
b1cc2322b40024f1a3107b2235739176,1,1,0.9999968
7dba6c32e47de03735b83d97f16c8e0b,0,0,0.00032293177
e52314c331cf7504ee7f859c6a16e4fd,1,1,0.9999974
e7200098d6f60496cb624a634dcc0e1e,1,1,0.99989414
bfc79f7009849c23c39352e0c8d46e9c,1,1,0.99999666
20ed0aa73ffeaeda5a4966d671b8567f,0,0,0.000385176
f740ddb19f58c26d0690a0e5b2b11378,0,0,0.00026434544
f87d2004c13dde9776fbdf27087933a9,1,1,0.9999974
ff718530090570543371aa3a5fb812d2,0,0,0.00022110647
35341af1101d7efab3c3f61a70890c4d,0,0,0.00045972713
d15b4abc4c080e56b36ce57e6d87cd44,1,1,0.999997
425be71c2c749ee6c8c424ab2a9d159c,1,1,0.9999974
f1e3135126e10acd233c8002b6592f3e,1,1,0.9999974
e3d9e300564d59e1d179f3376d7e6a8f,1,1,0.9999962
086ee30019ffea439184dc73a7d46626,0,0,0.00028218335
7a34ccbcf818952d6b5d55cd931d4b8f,0,0,0.0008343923
abdaf7214519961cc3432d6ae07eea50,0,0,0.00032406428
0c9e7e160999bec23c636dcd3f139eef,1,1,0.99999726
508c21c3c3dce74eeaa31446718840bf,1,1,0.9999949
35eb50c573516f064e1d5104f7a51875,0,0,0.0002681564
63c234a723e577af714b4c282a151d57,0,0,0.00042153004
81473a36766c3415c8128d0fb036fccc,0,0,0.00069080776
db23441c17a40a45ce51c2bd381b5dbf,0,0,0.0011209768
c5db515a0503e19584d2c54de1289dbb,0,0,0.00027652492
f98f8a366a89ca9ec81cebb49b28d49d,0,0,0.0004703877
fb934ac19dd01d0fa0019a1056e7cc52,0,0,0.023481084
b76b887f43075596076ea41673f9bcbc,1,1,0.99999654
a1d48a644ef25c10fa80f7a78f2c84d2,0,0,0.0004443433
bb4d12f48741dfcd6be93409017072da,0,0,0.000607325
f9c902d1602861fff9107d9007800ea1,1,1,0.99999726
5fbc9eb6f634a90fb202d12f1b637079,1,1,0.9999912
1375d855081f550b010ed81fe252f39b,0,0,0.18138866
2cd21e64c13f630f27ad3420a278354f,1,1,0.9999975
619839f8dee6a904715c1115495c6fa5,0,0,0.00025988967
17ea2b6df1ee9ea7a4188184ba4b3437,0,0,0.0013020228
d52bd6a6b3af72e5707f08579c8223a2,0,0,0.0022271262
8573bada20d2defb847f6dbb39b6e4d1,1,1,0.99999714
dc970b9c3cc06637120b6ccf44d17a3a,0,0,0.00048015392
a9406ad031a4edf26a753b09283b7490,1,1,0.99914944
a786bf721f7e198dbd37ebf33ea51a60,0,0,0.00026294033
e3eb87bf8cf7c4c4b18536922dbf9d76,1,1,0.89280003
eff54db2d202b61f3bed5c02b1710561,0,0,0.27795213
7894f95f2dff03de8527cbff9ea0fcfc,0,0,0.0014025064
8e578d6866442aa7cf4ec9efb32af791,1,1,0.99999154
f8100bc5edf752656a708b1afe1c4a33,1,1,0.9999957
4af2c6c1d3ddb1faf37b15afa641fc8d,0,0,0.0002879663
7706164a1dd214e2744e2925172a450c,1,1,0.9999968
c5018a53f86e93c46528d90c137d9eda,1,1,0.99999726
08c08498953fe57c0fa115919c4824a7,0,0,0.00042641614
42c8259dc10595b56c6e05ccb430edcb,1,1,0.99999714
a9c48101da6c08f8ecdef19f50fd1dfc,0,0,0.0002696349
48a851b2fd63da8857b5dd311b52f9c1,1,1,0.99992824
9e7aa835cdacac39566c5b3c8aaaaf53,1,1,0.9999974
dc8dd324f47237fe0cdca78358eb716d,0,0,0.0031280066
0dd21a551f512d5cea8b98f5b2f103ba,1,1,0.9999975
bd2c851d0234f6ad6cdc7facb0686e9f,1,1,0.9999974
831146d1d3459fdec97c9778cafd9cb8,0,0,0.0004380335
d2fe99c87317cc57c58d20c9040863bd,1,1,0.9999975
3921711a2f3f4223ae78a39b0755c54b,1,1,0.9999975
0e16bd4419a4f1775f70cdd44ac9ea80,1,1,0.9999969
afd8fc6de0bab529a0fb34a9fda12fcf,0,0,0.00027749393
0b1a699ee4d06654dd0a557422e0d1c9,1,1,0.99999714
f6eeaaa442005cf3032e01c6eaf9d124,0,0,0.00050190836
5a608cf86b1020092b43f325916360d3,0,0,0.00030717324
6b587d1eb16cd13b1a01f75f8b788a16,0,0,0.0006836011
993bb5afb1c20742c57b7cce837242b3,1,1,0.999997
6ef46e7f6d9900ed12060e3a22f7617a,0,0,0.00025705496
851acaf54a46c25f8de6e5f29cb4e2c5,1,1,0.99999726
76b414598d72088fd547dd4e8d57dc99,1,1,0.99999726
8c523d9a4ed0a38d66e7ef458ed3fdb3,0,0,0.00043034245
8e8eba415b7abd006454f2b2414a6f4f,0,0,0.00026656708
646a6337d90505e787e2be78e77dca92,0,0,0.0013018256
840ebf8248c0db5a18a3789414906dc7,1,1,0.9999975
fde7a2dc681a902998b447e03f64f8ff,1,1,0.99997926
824062c434da5e94cdd5d5bd08ff34e5,0,0,0.00037583036
7f4ddd1cee964c0cd02c38585033032a,1,1,0.9999974
7f04b757e8285988b870e9659eeb8273,0,0,0.06864912
7db5424f75d1cfb3569d9a7aed86e4e8,1,1,0.9999974
6ca133646de2878b1f4229340d57b278,1,1,0.99999464
300450237e0c418bddeeb0a307cbc52f,0,0,0.00029684327
e4d62ff94109771dc690956d49555508,1,1,0.9999975
696df669715326e7a863fa1f13e24863,1,1,0.999997
01a4db2f7998ff8446e605ae6c150247,1,1,0.99999726
5cf2691d190d9825fb19f17bdab04d3d,0,0,0.001197705
b24fb7cd12a268fce8875c9378209461,1,1,0.9999932
11e7a5e039c7cc44637a01a8335e2e4e,0,0,0.00060889137
910947498cb5bbdd17f70908493f3088,0,0,0.0003415219
018c9b3c825d8b630c9c96761c66648a,1,1,0.9999969
a4fbb483ca9e74b5fd3d3eac7ae9e034,1,1,0.9999975
23827abc25b13adb9f6b1a890cdb961a,1,1,0.9999969
68d5d8cfc62423bd8828ee55dd5dc56a,1,1,0.9999974
b9b144ce0a3a023430decdc205815717,0,0,0.0008518513
61f2552ac82549af04aa74fc8995bee2,0,0,0.00028485857
6932ac9bd33a6d1c21c18fe15e4a7ea3,1,1,0.99999714
30594118b057c2dec3f6a70eea7bd76f,0,1,0.7458507
5ae2fe0414e9f14f5cba0000b3b5f8ef,0,0,0.00025867982
e7f1594524c1676ffb9bad9eb7059287,1,1,0.9999974
607496f8747b55cbbe78d44ff1e8cbc6,1,1,0.99999094
4260cb409f052c97db6e4e1245d894e8,0,0,0.00086975185
e53205b2f3928d708e2dd995256562aa,1,1,0.9999975
95650763e66e3fbe18967e0cec97b198,0,0,0.0008943813
67f13793f15f30729cff9a6cfc6a0956,1,1,0.9999975
56f12da74a961445c947516ec8ce8921,1,1,0.9999969
9b42a3c07321e0d82ce18a53882be51d,1,1,0.99999726
cc45929999d7c03db6898a9735358f32,0,0,0.0005525958
8f21e9f187b309aa82595809b2bf3294,0,0,0.0060096085
cac9b875fc08461ebb647742db41e414,1,1,0.9999919
07f0b2a515d540ceeb33d4a42f5f9228,1,1,0.9999974
4026e0a07894e4e907d3317ffae49fab,1,1,0.9999974
f34f7612400b78191cdd191e1b5d1e95,1,1,0.9999974
fe24e12517050dcc8fe11d23b616979f,0,0,0.00020631838
68e78f03024a770e0656f839e44688eb,0,0,0.0024245451
0fa68bfaca6faa98300f249e16e2e25f,0,0,0.00033306945
9d37abe0bf944cb481c5cba563ef4417,0,0,0.0003272731
e2810f12ce82dc95de8717561a8a9520,1,1,0.9999974
28c38d8cc67889c6cef8c162e8853c7b,0,0,0.00028778953
d017e678b193f4fc75252da905bcb873,1,1,0.9999939
c10c5664ea553eb95a28ad2089ba33e8,1,1,0.99999726
75ae2f39b41ec46f9f26af7b57385cd5,0,0,0.03596637
25674b135ea61311153fbe9fed23fa0a,1,1,0.99999714
e831564699f2169c21f6b6f54c2b8be2,1,1,0.9999281
a69511ed0a797da29e8db6cb8b7ad5e0,0,0,0.00033961728
80129bc041a7c44dce046ee8456755bb,0,0,0.0002954846
6d94f8a304ee8dcafda9b18894766bc8,1,1,0.9995295
9de122a6f41d705a3be64a8459e1fd67,1,1,0.9999974
facd545c954f7f9ddd098893e82fdff7,0,0,0.00075367594
8dc1dbdce97db32dcdb9bce22cb0df20,0,0,0.00039204667
ce1cbf6ec7458d09e76baac91a6c1c20,0,0,0.00024698573
d1194ecd290fee747065a2f25f94a95a,1,1,0.9999869
0d14fca6be489e409a10547723a65fbe,0,0,0.00039070277
192b421e076b63e3213681557e811b45,1,1,0.9999958
4a9cc582e07d17960a21a028f4dcf3ae,1,1,0.9999975
724e7b8cf06d81b0bb669526e1279f07,1,1,0.9999919
fee4cc5ba238c5c6df63e6e416ccbc00,0,0,0.00050382613
1b4322bea18babb09e8e45801b495d05,0,0,0.0010865679
b45b855be347257168d152ef403f631e,1,1,0.9999931
fffb5c92827538c9cc20bd9f0c53249e,1,1,0.999997
756c483db03bb3fffec26517b71afde7,0,0,0.0003989951
64c932bfead886ce042394353e00e388,0,0,0.0003652986
77223502fcdc4adcedb31864b364c9ea,0,0,0.0003367839
1346dfa08ec1871c0f1c8d6ded1d0799,0,0,0.00042482608
472d7816f901446b82039defa5b77139,1,1,0.9999975
3f3ea41070cb81f0934b8c6b37119623,0,0,0.0003531703
a49f0ae67081b9702b3c592d2947ae36,1,1,0.9999975
b4f1e064e8d9b40370f72db8d7dab76f,1,1,0.999997
f5674ccfd32529e4160dc05f41a4e758,1,1,0.99994886
e533921410c46734edd9d769b6d3ba56,1,1,0.99999416
ecd937f5675965070422fbfbded3dc35,1,1,0.99999666
e18e1bed5ab5de0663812a057b0d7a28,1,1,0.9999974
df7200d83fa58798df646f8e546f7819,1,1,0.99986947
7f72411f6078a9d73985794e93a3e0ab,1,1,0.99999726
273f09912d0c1daa607934978942a5f2,1,1,0.99999714
32a9b975f4b08bcaadc62ee6ea02d5da,1,1,0.9999975
7f8fef3a2a1186b7b3907bd9b71c79d6,0,0,0.0010390428
7d7099f741a51bc0c4545d165e2e85bb,1,1,0.99999726
abeb2af822614b914407c6693bbf1a9e,1,1,0.9999962
486a61e43c674c1b7b7e327586b98981,1,1,0.9999957
27e7d6e40bd5825be8fa985a860b0077,0,0,0.0003065653
01b10d33241369e8137bea43131a0be7,0,0,0.00051789946
2aab405eeb6f862796785a9cf4686f22,1,1,0.9999974
cd929eb748aca7d2af9033603df9cc61,0,0,0.00032598982
7e83cb74e10f3675b5aa1fb7dbbb57f1,0,0,0.00064551143
634226f3ae439981c94b50c78c263e9a,0,0,0.0003493813
590515f13fbbdb5c9cf97e5e90c982c6,0,0,0.00027641444
080d28bb35d738e5c2c5408475e8f36c,1,1,0.9999976
cc13b2c1a56b8c6ce89dfe92b8968faf,0,0,0.1197166
3bd8f75a6355714139a19b3ac7118684,1,1,0.9999962
2eb5cbe8e23f80f66fbf480be7e077f1,1,1,0.9999975
b8f1bd1181ac9c0c7bd864a633ebb49d,0,0,0.00033135977
7b90df1d6bc5ba8048cb522aa908cd5b,1,1,0.99999714
96069c9aaa74af34be80a5d5368961ed,1,1,0.9999902
bd5c0d51b1481103bc35f484be80b4ae,0,0,0.00057449425
33956d56ae3d4e7b61b4ea4a31272616,0,0,0.018350465
d263c918bac5cf1d2d1b9fad3a853daf,1,1,0.99999595
2874e7e855c3e55b9c9c6caefe7a265f,0,0,0.0003070239
20e30d599e45b3dc1f9103ac572ffea3,1,1,0.9999975
5116cbf99e7fe1698d5cb3496cf639ba,0,0,0.00026539093
7d98c7aeea3c3138ea1972540eeeb42c,1,1,0.9999975
dd52f384bbc59eeb48442c08da4ff58b,0,0,0.00054679165
e43e79e0c88739ebc964c611eb6998ac,0,0,0.00035620132
e64a1de4400d004012c5ced2e613b55c,0,0,0.0024080744
2f02cc72a7148dd472c7040c8b0c39d3,0,0,0.00024230262
a0013fe27272fd7bc62100d6c509a7c2,1,1,0.9999974
0c980ec140571dfdd5183606e65844a6,1,1,0.9999918
b90142233e2e1f1facf7ccc987dc8638,0,0,0.00026559772
fa45dcf2922d9ac921b3a694006e5ca7,0,0,0.00038873815
4d3796778af87562398fabfa4aa333c3,0,0,0.0002577286
0af8e75b1ac8bed560a3b87ff07949cc,1,1,0.9999933
100c9fa61288adbe849e692a94558e10,1,1,0.9999974
45a524fd6e2b0461401b43c4cf672ed4,1,1,0.9999975
13ea237cc08dc377b1689937b516dc1c,0,0,0.01722246
94447d171416175455b6cef6d7f0a25b,0,0,0.0015282976
c15d23629240ac352c76409dc695bfb4,1,1,0.9999974
726564a66d4904064513782caa9fad0f,1,1,0.9999908
1863bee9cc5f5464b73883a545e136da,1,1,0.9999963
f2fa69578257a228ac3e54f516067c95,1,1,0.9999968
86889a570e974e8b37a46e5fece14073,0,0,0.0005845145
c676837b80752c6d023838a4df1694ff,1,1,0.9999975
fdab36588beb8cf8e73b980757d0e013,1,1,0.9999968
1ef3169239f4dd50d35bed34f280a213,0,0,0.0017689446
131d196706e81e77377dbfd0e1fa36e0,0,0,0.001974712
fd1a02f4443f0c999dc200eab5ff8d4d,0,0,0.0003741876
99eaa905cc497092432a58999862135e,0,0,0.00031471992
5e17b33e2c6dc49da967346b7399ae27,0,0,0.00040399173
a4b51e8737974ba6a7e3dfea98f84c4b,0,0,0.00036072294
5cb55fd8fc9fd638fc1a1a7a981f7e81,1,1,0.9999974
0f74c754d70aaa48281ccda28d004ae0,1,1,0.9999975
8d0a3b2879376607e2a0e8ba549fd5eb,0,0,0.0002775945
4e31fd40776cf3c356dfc1c250908520,1,1,0.99999726
22f1cf63787a64d4138c79a862c0bc93,0,0,0.00040666515
b45d481e13589688a1c3d5f72c1d4871,1,1,0.99999726
233bec459dc2217a015c87c89e972624,0,0,0.00030231784
dadfa194268068a191259011ee47e1aa,1,1,0.99999726
8b6ab330599e760cc57d41a197a116ee,1,1,0.9999974
dc8a2341f786d85920273761525ecb8c,0,0,0.00029956576
24bad3257c44262e9a540317f53a39be,1,1,0.99999535
58cc5eb40e439f15fd2c62b0e2970bd9,1,1,0.99999475
504ea78da1b03b52b2fd03b4e00e5c24,0,0,0.0071849525
bae3b90273e68d945d9f6aa486407869,0,0,0.00028133419
b29dc511cc0ea3a3594a3d373e08075d,0,0,0.00027036387
a424e04d379d187cc2f94f5208ec4e1c,1,1,0.99999654
0dda87808bf01f02ca2343c2ab3d5d19,0,0,0.00086621207
9a4a42e86170e7f8c739c817acf7063d,0,0,0.002769676
b886ed454923fe0e03638cc187bb9f09,0,0,0.0003870946
38cfa6cc846efeab0be7c821cc74c116,0,0,0.000481895
9e3e9c58b99b6b4592089e2581a52a00,1,1,0.99996877
7c7633df4609500ac088a00031823053,1,1,0.99999714
5e901b4d84b38d01c37b08d583541577,0,0,0.00067851396
16ce5cc9238d0f5222cb6c31883476ab,0,0,0.000649514
cbc7ffa299de9b7244012d4de6472dfd,0,0,0.001402266
6aa987e7d79cd429fce1f391d1629b3d,0,0,0.0007007001
11758cd617f67efa05e7b7349405ad90,1,1,0.99998224
6c9269257bb347ed6cb6dfd64db4f7dc,0,0,0.00025596298
aafebd40cc1c74a18e81714d8727cce0,0,0,0.0031390542
deb9b51352bf8fcd8bb7281f8a7c904f,1,1,0.999997
7768240a72ff39d3481513319062648e,0,0,0.00028970145
b8ebb8656e41dcd53f1606b74a9d0c28,0,0,0.00091831485
936577b0d27516088aa38097a38ee998,1,1,0.9999974
04d3460ae2891268a4bc4f4bc84ecb0f,1,1,0.999997
a6f5440a0a811bde41b4a14ff2ccd391,0,0,0.0017628468
6ca961001b32cbcba9c4ca99af59e77b,1,1,0.9999975
5f47cb27e91f9cb0983bd316f2dfb297,1,1,0.9999975
ecf9c08eadce91b31636b507e6778c8c,1,1,0.99999726
73bcb4c760cce50025d2256ae0bb2901,1,1,0.9999975
4d41f39ecae19707d3a3160ffcafd37c,1,1,0.999997
10d7e02ef74e362ee60243e113ee3b1d,1,1,0.999997
c7736361c8d2ad23b216bb20788fe2ca,1,1,0.9999944
cc59f52742b2c5a17df166277c425a23,0,0,0.0009995108
f80dbfc96945bea1c3a0cd0335550731,0,0,0.0004502126
dcaf7002ae991af47bf456fbf9ffc127,1,1,0.9999974
2f056c9c6c183097e9583f2fd0b17cfb,0,0,0.00030640166
5da403240a1dbf41fdd3c008c61b192e,1,1,0.9999975
b4a7f7a7b87354fc7f62b96c77ad47e3,1,1,0.9999975
b631af09ae0aa6fe8b6d0c4b98715757,1,1,0.999997
bfefe7fd22dc85feaff545f1fb679d0a,0,0,0.0037491305
d74baaa228563cd3d4f45a1e279f592c,0,0,0.00044633984
be4acbc757092ae9f2939b9d0da7f81e,1,1,0.9999975
295469a9e429376b2dc601b2edaaeba0,0,0,0.0002540377
adc303571689a74cc211d152e66eba61,1,1,0.9999974
a5fe1093aee28d9f7f2bdf2fdbb708b5,0,0,0.013787491
c1b6d773238674d97581db358e1789a2,0,0,0.005955426
8ade156e44b5233ff004cd0a62a4f058,1,1,0.99999714
fdb794c69349b9e75e8694f4dfdf1165,0,0,0.0005220041
5500fa89b51bb9336cc81eafffec6c77,0,0,0.0003241375
3a3a85f51348d12d60f8a58cc4522e99,1,1,0.9999976
fd53de350899191e803d3b027295827c,1,1,0.9999975
788f6d4af2120353fc544dab45c341f3,0,0,0.006806745
3ed32fd97201c4e5ac6c28db86efb382,0,0,0.0018312765
fbb8add24483b67ad3ab8c0c60e98357,0,0,0.08648745
5b880421b45b4e49d6a72a6afbb64e04,1,1,0.9999962
f55293368c39597619e30836ca697666,0,0,0.00078828883
9a89171e6979abd13f73388f8eef139b,0,0,0.00037465844
daddcf0deda88e598ce163a1faf579be,1,1,0.99998844
d0c977ae9e4a557eb58761620fdb4210,0,0,0.0007672647
a16e64f39a4e457d20b80d3d39f2266c,0,0,0.00046015237
89125db0a0f8ffa4268b1832d6fa3162,0,0,0.00031806988
bb62c0b023c2cbdf7ed258a91ae7f325,1,1,0.99998677
a71683f4c09a6ce9df7ea6b0906788f8,0,0,0.00067513087
ca84aa70a88ff55d667b9d5daece75a5,0,0,0.00029021013
8d82f734691c909cda96ccafbc1592ce,0,0,0.0010325739
40cc1c987b1b0486d213c9541635672f,0,0,0.0007134451
e69716d408c15dddba682b327d1a0cb1,0,0,0.0008329747
0044b38e56d95121dbf9e51e0761b04b,0,0,0.0006183907
0b088b79a45627d400cadfd543985368,1,0,0.0005455727
052e0ada9c53b83bfa5ddf662010de97,1,1,0.9999865
9cab2e0549e7a73af9ca8dbca1f318e0,1,1,0.9999949
fd59255e47567cf14854e76398a0701b,0,0,0.0014317279
965e941879ab72411a13a9b691ae8f39,1,1,0.9999975
a5410458c54ac28c6fb6ba012a76d27b,0,0,0.0003799494
f1911db71914d6df25a30899e8fdf5d6,0,0,0.0018372987
785c3cdb8acd4c55cc5791a64ff08f9a,0,0,0.0007188599
0684c0380e6db0f0425ff812e9118f77,1,1,0.99998844
0c3d9b23bb057a4f2613c1a0ed329e88,0,0,0.018649742
afd34246aedd971901f9ecec4cd359c2,0,0,0.025960673
4792fcd8976a34a70f39d4f17353766a,0,0,0.0024459825
2006aed3da80a9d5f9c6850b800827e9,0,0,0.00036173314
e931062ca418720d8ed569a7fa2167ac,1,1,0.99999547
85ab909f777d4b85bc0bd9f3a3551f1b,0,0,0.0003151036
46b626ac7a58ca132c386255b6f3adf7,1,1,0.99999654
0913142a0169c731e7e6006a60feaecc,0,0,0.00031454174
995c0517126f73a553cf5c3511480c4c,1,1,0.9999962
b3afc005d31eacf84871121b2a4e1788,0,0,0.00025372565
d6a8a590748b8c9408371b06813d61b0,1,1,0.9999671
c98965f7bb873f1256695dd723b4b8db,0,0,0.0002371561
6960fdb237e952318ccd8bae65f4ea4e,1,1,0.9999976
776300ba00423ffda3dbe1c647863a24,0,0,0.010460564
33d3f196176e09dd27c2d405ce7941c7,0,0,0.00072036975
4e52c5081d8a852e8f746122c3a2e834,0,0,0.0004180954
e47d4386f8f7d9a5c126e7fca9ea39ef,0,0,0.004525606
03a8f4f0463dde7688b8985bce902b7a,1,1,0.9999969
c1ff9f13845ceec02d54c8481f153d81,1,1,0.99999106
cc413653c6dbdb3f32d36b72f31d51a1,0,0,0.001940735
7e0fbc15646ab60d72b646e791ce6e58,1,1,0.99998856
a2a9eba8d9598a2091331a874d81450f,0,0,0.00046097004
6d7f9fdc2738ab2cb880b5d7a8b467b9,1,1,0.99999595
afde535683274c40ddf6fed115aac0a6,0,0,0.00067713356
19560bb21e82ec7e720a9595fd65573e,0,0,0.00055608945
4c8513927a334f0fc69ab84103542f05,1,1,0.9999974
b08913d307258e9608d82fc5710a8038,1,1,0.9999975
019b95635b338c00cc84774c7a21d2f7,0,0,0.00028096614
05d2fdad710a6596b194daf3c6b8e0b2,1,1,0.999997
aca140219fd1e04de5cec30008932a02,0,0,0.00029931054
2859262d36fdd9368c60b10c3e30aa0d,0,0,0.00044465726
2c8ae16da7dd8ba7ffbfce09614b2a90,0,0,0.00041215165
f2f56f732fa5ac77efb39be30ba50f49,0,0,0.00028795368
76967fd24e8768bd4aa7fd253a91acbe,0,0,0.00822495
e5159975038d2035e69786a897796c71,0,0,0.00042598444
32ec7c118c4cdaba0062a281759f8667,0,0,0.0008270785
06db80ab858185b656f8084afca5b349,1,1,0.9999968
09a40ae251035356ae9632f5301e6e02,1,1,0.99999726
eacab681c3fa8175569ae2a4b32c7cc1,1,1,0.9999919
a22ef8e549c4fe388a25bad164f30e5d,0,0,0.000461103
0fe569aa9342d663fb728506650fd75f,0,0,0.000910842
123c7182adca7966a68dd927d113cbae,1,1,0.999997
027c3c304cd447351784b098032fc694,1,1,0.999997
ff1015673ba548f284c52b1487c223b4,0,0,0.00028092467
5f33b74b9cf2411375e70f9f76eb52c6,1,1,0.999997
3496c5e5d3146bdbf6805582b9d9632a,0,0,0.0007602272
f99080a7fc1e656ce6e693f9b10a41be,1,1,0.9999596
685c2b1ff7e60a6c43aff36690fe248d,0,0,0.00058248016
099af9364d854433cb500415c17610b6,0,0,0.00096234406
62ac0b7b86c1cc5bfcdb44db5b04e326,1,1,0.9999975
0f1cb3fc30c10f83204ca1f52a395f59,0,0,0.00023493146
e958c6576ec43808ca42ab444ac6a6fc,1,1,0.9999856
f5bf8d6e9bac2df6c689754ee9ce3abf,1,1,0.9999976
8f875ddb7cf4208eb1c61c0c573df630,0,0,0.0005428005
7c1ce7da6c40a87aa30b5765f3b9fd58,1,1,0.99999726
00c72ac066af384b004ab8221d0ab43e,1,1,0.99999714
fd3e0f4965992f9225c2f94f13aa7e01,0,0,0.00060492294
603be3828ae36a0496f0084a0c513247,1,1,0.9999974
83542fdc4aea75307afd39c2b44dd995,0,0,0.0034010266
a89a77b0a1f0842dfd428f58b45e5e5a,1,1,0.9997738
0c499d460657cf71d8eeb02aa38dc8f4,1,1,0.9999976
2836571758c926f85ca4d8ecfa9de84c,0,0,0.00027615606
b845f0b4faf78269c739e8d5d62ee49b,1,1,0.99999726
704dec7c081c9854db39378bd2e66d0d,0,0,0.00036490822
c924b26585d87e6a8e1230adf02f39ff,1,1,0.99999726
ec5526a2787a2a443304b75707032f49,0,0,0.0016834995
8031c3aeb147ac77236013b828fea1ae,1,1,0.9999975
40e3aa42433ae117776eb4e03b34f96c,0,0,0.00079055614
68303ab9906226d3ab051f2b3827f403,1,1,0.9999974
c846af022adc288a4f4cf76052281730,0,0,0.0011597035
9556751f6f85878b7cd5ecf8b8a2330a,0,0,0.0007449098
1787f9549b885e11dfbf69057a8e07c4,1,1,0.9999975
43da3d77a2b3340820f6bb0d5feb7253,1,1,0.99999034
de90010dd6d44463cba06aee80919052,0,0,0.00038615783
8b7528a318a830a93c9e8b5588c520d6,1,1,0.99914455
8af959d8201fd47438bc1dfae5632cbc,0,0,0.0016230998
3a0f82edff8fea7c88d49c0a2ff43be8,0,0,0.0029558558
2d50432d6176815badb18f9391bf8a8b,0,0,0.00053962594
e7d48e918a64cf4b003adcef0890059e,0,0,0.0002923027
337debb0fad0f8d9de0d29f7eaf28473,1,1,0.9999974
6a4ca9770f11eb9421f6fab9cb1c938a,1,1,0.99999726
1f5cb1ef1b095a160b4a18b3e3a840ec,0,0,0.0007518063
ffa7ca28753903e1f1ec27ed123c8748,1,1,0.9999938
4413988666cc5d35fda8acbbc1c885d0,1,1,0.9999974
14627ada69d1299bd20ce3ccce00112a,0,1,0.9382313
49a5bb7a4ab295246924da652cdcdb02,1,1,0.72875744
dc9051c6e471e1b7bef9e4bf2c905bc7,1,1,0.99999726
da2f1d48d486e2e84b9719150377e671,1,1,0.99999726
f417ae212c3b1734f5b1491e6c4ad375,0,0,0.00030865514
298c6dd5dc0d2ab9e73399dbd419b434,1,1,0.9999975
748d6e34612a4d46fa393c7a0f462513,0,0,0.00037063455
1f52760742db7fa889ea8d4632a0f088,1,1,0.9999969
a0c7ce4ec48065b1e0eb762b1f3b0d3d,0,0,0.00046688237
c73a6ffbab45d8939019638a9c5b1126,1,1,0.9999975
0d22e4c06d0aa64fa570605dca154ae4,0,0,0.014140503
1014296e763253ea5767b0170b70f1d5,0,0,0.0005358342
abd6d01cff4cc530e637df7af90dab31,1,1,0.99999726
245a2ca85c208994292ea1cbdfb68f86,0,0,0.0005596968
2be47f549dbc3b0e089c7fa3c884c12d,1,1,0.99999726
94428f82ef3e6da8f021042a32e655a3,1,1,0.9999974
c2f815cd4d772a15689e51d5519fb9f3,0,0,0.0009242068
15045a0b80c05d2c16d728a859bc3ac9,0,0,0.0004620886
3c5f7568264b9e2cbac8d2ed39018bdc,1,1,0.99999046
73e4333c6b55ad690bb5bcbf8c8f46b4,0,0,0.0014196266
4c644534d95074183e2398b6ea942239,0,0,0.0010402304
494287a2bff5ac70abf4818817169a2d,1,1,0.9999969
d8d57e9b3cf86341def45441710ecc0e,0,0,0.00040951476
2a27579353ff4514dcc12d36b6f37da3,0,0,0.00024564992
50c850f53ead5dfcc20130e42e120d14,0,0,0.002627772
942573c4394a7faf22b88dcb46cd48f3,0,0,0.0024483057
b3cc7d9174ef3a2515f6e5c8aeceb2a8,0,0,0.0012186413
6a8c6e7ee95b4b78c620d6c757d91c68,1,1,0.99999726
f3be96558812acf7157a202cc738a414,0,0,0.00055479474
6a2eb07e408b8a0bf211ce4a55df84f5,1,1,0.9999975
1458b8549be6b09f0985d793ad639fca,1,1,0.999997
66da8825030ab8173eae16e59519b71b,1,1,0.9999964
6fea39efb995d54da9f4e9af0654fbfd,1,1,0.99999726
b93b7922458c177fd2fa9b09f52518ce,0,0,0.0004000394
1ea1734ac8545a2d3dc5afe2b816f906,1,1,0.9999974
c0986e783403fb096bc98f7964c07480,0,0,0.00023816152
31e7aa5437ac92ddf8354008ffb74107,1,1,0.999997
f51460b0311459d85a14fe0b3afa1772,1,1,0.9999883
2143672ec31466c59220dbe8efb2d6fc,1,1,0.9999974
533790e7a90dd7450f11c5a476c56432,1,1,0.9999975
7699b598eb2b0c34ff62bd96796536ff,1,1,0.999997
902a8a75b01429dab10fb33abebbbfe1,1,1,0.99999726
97ccfedbe8435d7ceea71c4d2199992f,0,0,0.0003973294
69acdee539584e1763890cd46526c5d7,0,0,0.00048594637
c19a59f26b71e2ca4b788ce98a4b0efb,1,1,0.9999248
ec5c00604a457bba645a2ae6e9137656,0,0,0.0005573507
a16d2d397fbd25b350dbe6c183ff4f5d,1,1,0.9999975
3f09f59927038420f403fd3555a95fc0,1,1,0.9999974
31357cd19c43e825c022bdc751d0fed6,1,1,0.9999975
bb23a9e15dbdd3ad6845651118da931d,0,0,0.00040915515
7d128153163756e20511e6d621a35b7a,0,0,0.001016353
c828eb4a2bda9e20e5ed5a969ce1d921,0,0,0.000464507
fa3da5965c4ced39271533ff81dcf6fa,1,1,0.99999714
7588f6fdc1aee38d41d23cf0b2f48fa0,0,0,0.00067940017
d90134b97fa73e98af1dbb8c03eddf8d,0,0,0.003935895
1c8806baa232ef2ddd925d1e384b5cd1,0,0,0.0002616771
e4184add49554cc4761caa4ab42f5bf2,0,0,0.001586805
4769b085a7d77fcfe5667f5ac33b139a,1,1,0.9999976
16c46d13c75915b30e172f8edf2a2a21,1,1,0.9999851
f87904ee536156125975e152e165f374,1,1,0.99999714
881080563b4050da914493e2b65e939d,0,0,0.0021589508
57bc03850e2d227d74197688568459d6,0,0,0.0028880318
bf08960a2c946c9105bfcbf4697fbdf2,0,0,0.00027077406
2ba61964eebfca14f792e19f5dd7813c,1,1,0.9999974
cec18237b93219797be7e0c18a5e1bed,1,1,0.99999714
fd8617bbcf8dcc25c529b230c793717e,0,0,0.013540922
02ada3b5c9d1c24fe8ba123cce5c653d,0,0,0.0002674535
0055bfa687879a02a3aea6a3e2a3a1b5,1,1,0.9999974
e6fe83e58cfe92a60350a6b722a9a31c,0,0,0.00055394217
88a8a586b220ecde123ae9e2bdc84d48,0,1,0.66659194
6442440b3134484b2006e53dce28537b,0,0,0.0007618516
0de2ecddc146b265cdd27f74aabaac57,0,0,0.00049713504
3119a7e5d39c6b579b84ae5ff21ef990,1,1,0.9999974
4420fb042575e2f57fb8bf50f838dc5b,1,1,0.99999714
336c5a9654b7ee54ea3d2084d390b4a6,0,0,0.0011034218
47b400c75a15f6181cc592a5f918f2f5,0,0,0.0003840795
00ef18f454e88a63d529f59e6aeee676,1,1,0.9999974
51e61d8508e1f087c2d7e47abbc48c75,0,0,0.00052493095
dc79ba3d02d9815c14ed1748227248bc,1,1,0.99999714
c2bed727777597b3c2dd12e061128d50,0,0,0.0002735959
6f36a5079f1e2126f98d6bd4ba3d365a,1,1,0.9999963
e6bf2c8a125d87649b57d6f9bff546e0,1,1,0.99999726
78c50ae87e15641b65d3c3f5de034d46,1,1,0.99999726
51a568dfc5dda1f2af45da95b47fea50,0,0,0.008100555
8094a6e8202ec2473d8ee077cc1795e8,0,0,0.00082332845
25fa6bdc929b1af9e74ebe6a830eda23,0,0,0.0003863228
36517ab46bd932cccb26ce2d34232d1c,1,1,0.9999975
2eb366da89c4665fe116f16de4243eb1,0,0,0.0003792076
3ba9559604bd253f3e5db95114b1052c,0,0,0.00039452896
a5288adfc446f1d5a9d1b76359929965,1,1,0.9999938
a01e413fbaa709c427ec694fee330c80,1,1,0.9999975
c494463d56f5c6d01aa64ae5dccabbfd,0,0,0.0017095585
967d12f6dcda5a533e16584d4ab011c0,0,0,0.0008269511
704fab9e91f7df7ebfcaca5c013d5cd5,0,0,0.00023414765
eae8a0ad10a0383bb40c00ba2a776455,0,0,0.00029794397
33f0ce817cb7fc12904cd2e80dd68331,1,1,0.999997
aeca5828fc2cdeec461733ab16af4e0d,1,1,0.9999863
abecd3a7d7051d783187d1b970c9c918,1,1,0.999984
da1b60eb82e6145703e22407219ce22f,0,0,0.00082392216
46768fa7e341411bf6e218109a9cdec5,0,0,0.0003172749
9ec77e45371346427b4555ba6ba98123,1,1,0.99999726
d1f4f78dcab5bb2f61a89883f0bfe0cf,0,0,0.0011287493
15030b904424e1e2347e3dca6dbe2ee3,1,1,0.9999937
db1cfbd43fb66dc57a24d40723f2029a,0,0,0.00044277337
b9dcc61f9ce583b79fa4d4a117cee14d,0,0,0.00864287
9d131d7881e7989fded3a533c7ffd4ec,1,1,0.99999726
e6e8cda006e2f4d6ee1c3081596eec7f,1,1,0.9999975
3496bf426c7ac2ed38f58943465212e9,1,1,0.99917454
f93e76d8d31c0ed53a380260edb5b18a,1,1,0.99999714
9127b5353b0ce75d9aaa23330c38c822,0,0,0.0002956359
19c8ee6213a7c8345925719bed4eeab1,1,1,0.9999963
b8d91a2cfe5361adb89f3d5e92d1bc2c,1,1,0.9999975
5bd41cf233904e34e57fb162822b55b3,1,1,0.9999974
450bace18f477a89c4bbf0c336defd03,0,0,0.000273157
98a7bc1008fd689922b2e8eefd5608b3,0,0,0.00027707723
2bda4d60358ddd831f3e455049345a0b,0,0,0.00046438084
09626a58fe67fbcd3d13acb4b48cf8b6,1,1,0.99999714
cf12eb83f3ed156703b54bdad74bcc61,0,0,0.00031163087
7f80b367ff9773ddee1fb74798733d39,0,0,0.00085937785
cdb94f2e9d242bc36dd097f4b8b0ecaa,1,1,0.9999974
ab1b8f1789cb01aeee7332b5e3b747d3,1,1,0.9999937
40d2087da07adeddfeb7abfad9830044,1,1,0.9999975
c7d13fc88eb35dd438392226a0757ffd,0,0,0.0032846436
54e8d7198aa43bf52d84db4603f2b104,1,1,0.99999714
39887b53b3d3cfde7f0d9c0a37622990,1,1,0.99999714
bdf2343569f8cca7628945038b011053,1,1,0.9999969
300364494afa29e913deac6e3af58a8d,0,0,0.0017521189
e34d892de513c1a6141daa262aac6a35,0,0,0.0012442636
81683d5a132c294e7cdd21e3fedc134d,0,0,0.00039125478
93289dae147ee00478f3e4456787189f,1,1,0.9999975
981978ac69d495f1d4928a44d29d14b8,0,0,0.0003251527
d76f650ac7cdd71f7a649ec6034ff824,0,0,0.0013255852
aadf722b0d4064c460af0c09c8b59bbf,1,1,0.9999975
3d6b7fb0ffffc9996df87653e87020cb,1,1,0.999997
4660c3efadfe78bcdb4d211d8bbb359b,0,0,0.0002497487
871dc7258cae2cafde66e97730bb012c,1,1,0.99998975
0f6d5fb6e4b1cae464eeb5e60ff1216a,1,0,0.0042369557
371554b82b7edc398f032057d115f1f1,1,1,0.9999974
303c177a0d31b937acfe321604b7d8cf,1,1,0.9999975
960729efca4f0d8c7be8d22cdcd38933,0,0,0.00026756572
a06acbd0b91bca9b07aaaa26b68e9de6,0,0,0.0002550412
107f0e483bca5cb4c822a30a14333eef,0,0,0.006416555
8789c0b305eb68df83602421f35a4de7,0,0,0.00024914037
3aca336e6c7f800085610296a644fbda,0,0,0.0003103293
93f1b6b660622b20224f9f986b7b6960,0,0,0.012195627
5c0e908bc4b301b4dae2fcb6521995b5,0,0,0.0016713056
3ca034c053321c5ab05aeb42a7295f67,0,0,0.00037599914
b230a6842b4f90530b1f719ddc308e7d,1,1,0.9999969
9b6969f6ab2dc90044a29053c0aaf4c4,1,1,0.99999726
ddc13a68ef53bb0f0a28d026176948a0,0,0,0.00027624902
069efb8d0dfd872798bd0c15df0f4413,0,0,0.00025540715
f1e6f98c0043eea58b396f1b05ac703d,0,0,0.0017698522
5f64e376605065f342445c7b949b22bb,1,1,0.9999975
1bc65b8c9cd1a9219dab1d02e9db5c30,1,1,0.9999975
2293f69f669a124af8ca134115810449,0,0,0.006824382
604768810ade72095b022046397a5f19,1,1,0.99999714
3fdbb0d8de1ed7b6ff812c1e7f171c68,0,0,0.00032027566
a12496d64c7df1cc552a5c9b1379e59a,1,1,0.99999714
0d3ad052b3c35d35fff5a8a70fe4238b,0,0,0.00046161047
bcf5221197378a2d18ed38ed11d4dd5b,1,1,0.999997
7404aee987b2b84d676f2f74e8e9f06a,0,0,0.00028295413
f04778be1172a9ac1559f927181eed13,1,1,0.99999654
045bda160da2548e72e3d3d63ca7d370,0,0,0.0006366076
e52530b58fa0f14105484a04566cba29,0,0,0.000930547
1b36805543bfeb240e5e532729f6f63b,0,0,0.0012520875
9cb777cb3987723d0ea185136c1e5d52,0,0,0.00051049626
69f701b1f76662569167eb392137efd3,1,1,0.9999975
ca26800593bf7570eb27e619fa3a979a,0,0,0.0003269846
cecb1760fecf8e9ff06105aeb529f6bf,1,1,0.9999975
9874a5968099eb17f69457774832e9eb,1,1,0.9999974
e9ad26cf1c2220849a2db214d9f46a1d,1,1,0.9999974
bdbb6a2ea4868a303d17b6f87a98933a,1,1,0.99999654
bf92775bd48c7eddc6b70b72261aabfc,1,1,0.9999974
52cd8f7a001839b7f16565a3c2274bb6,1,1,0.9999974
5ef04b0b4925afad85c8527046da0121,0,0,0.00021707058
559c98dcec4b7b24346053f7b24c175f,0,0,0.00039232295
a391a90899b9c2a75c0d937b3fd135d6,1,1,0.9999968
c2518183012134906560facb42690fde,1,1,0.9999976
529674e64c88c091e7c0e6e24f936f56,1,1,0.99999726
546ce5824f1f2410e313c7353ef408a2,0,0,0.00025466798
a41587ac8e5d8b1b4ffeebd9508c918e,0,0,0.0005602906
b0115de4e66bcced3e8f1af9e1a01132,1,1,0.9999974
7569ac6c6f4740c9a0286a81176b87a1,0,0,0.00068483676
df73ac98e5aba30636587dc92777667f,0,0,0.00035184974
1a3c79450c0a25b205de4d6b37ec580e,0,0,0.0005658913
6f872e145e58e5670ed4e22efd6ce523,1,1,0.9999629
8057f519ee68fe59a8171164bd891d73,0,0,0.000341832
cf8890801e88331ea6cba4e7de212fda,0,0,0.0004103037
b8c4010667414fd669365260106b8c59,1,1,0.9999974
0bd944497cca290840c1e943885ed431,0,0,0.00025668883
f29ef4dc222a41824c4fcdcd4596d0f6,1,0,0.019804433
6e745b284dbf433d690b3c2cd60bbf54,0,1,0.57880473
55d0d01286db0d95418a224d6cabfa05,0,0,0.00033431014
4a10e29ea07b264cad6e5ce03554a7b6,1,1,0.99999726
0cd8a4d0db72cff544ad9b73190f9fc4,0,0,0.00027620952
c9a5d13376754aa7fae1691a460c1b69,0,0,0.0016934582
6a628bedc637028216b820a921359003,1,1,0.99999726
da5349426c52b3f46ad3edc721e96bd7,0,0,0.00042105294
8600c8a3351ed6a43f9e538c4b344a58,1,1,0.99999714
79e922f745d0b333c9797be6b2206782,1,1,0.9999901
25855da805688ae5ebf53d2995d058e0,1,1,0.99999714
ef1cd8c01983eb05f76f9569561e3aba,0,0,0.00025950643
876e0bafe5f0eecef7e608f9528d2f86,0,0,0.00037217225
44711dbd31859da603d715f54ae790b3,0,0,0.00027248438
28b3259fde1f4a834c273ab84a46cdff,0,0,0.0002992398
6b7e07affbfe9226c1d5c9b136728c09,1,1,0.70962995
64e88b895b519f3c5f279b439df00a42,1,1,0.9999974
b9d01bf5cbca50a5b58d17655a10031a,1,1,0.9999975
1ff201c2b09c004325a4ef17ffe4f6a8,0,0,0.0007262324
fe53be22ded1ec03e0921bc257b4f400,1,1,0.9999975
171571404661b813bd61bee65cb55137,1,1,0.9999968
988e20575a63149470ea5e5a9b197704,0,0,0.00042471048
840417a33e5e4199fe7130ecf0c4b341,0,0,0.00024185622
9c7cdf3c1826634e8fdeea48785b2af2,0,0,0.0002908411
007d348f3025fad93ef58b03980fd7d2,0,0,0.0014016003
95f2fcea4962a6c0837a512142b3f99e,1,1,0.99999726
223173f3ce5fd8741dda75d59e105989,1,1,0.9999974
3651d179cd4eed7e278f34a749cf2339,1,1,0.99999714
b2ce0e327a137a6160a39d323701829f,1,1,0.99999726
bec61cb6eecc15e57ae4c90f58fc7b34,1,1,0.9999974
9acba4d6ba3327607ecf69ccbf27f392,1,1,0.99999595
f24d855dd8e3006587e607728c2033b3,0,0,0.0028359527
ae2c43a1936341b806d70aad0aa7095f,1,1,0.9999975
fbcf5ab286ff7c286451f0e9bca3a646,0,0,0.0009821033
8e30cd3cec6e5315d491429fbe812916,1,0,0.117979966
0528782b77cb2a54fb44bffd77988037,0,0,0.00073550246
b6638f8710e3ac8529c0d1eeccb48c43,0,0,0.00034477367
359785a985362b647b4f678d2204f714,1,1,0.99999523
76b0436b84e54eb28b4e94da55416110,1,1,0.9999974
719b713a9074e611d5112bc1724d62aa,1,1,0.99999535
4fc8cded9fc323815e2db801566e7ab4,0,0,0.00045336006
591d5a2169764438fef3fd1f7a29b0fb,1,1,0.99999714
b4ebb8b5deb5ee4cbcbdae02e025a6cb,1,1,0.9999975
97a0d269856e8a91dd5ce6cd32f46bff,1,1,0.99999106
8abc206ffcf0021f5820d38691c2a44c,1,1,0.99999714
45c247176cf2305eea053d4537a84f43,0,0,0.00064101943
5b6207a4cf4ccccaa5abffa14cc4a450,1,0,0.009138365
0bb78bf7d4b329147b72b065ded86fcc,0,0,0.0029196506
66b63e3736ffc7a34973414bf0630001,1,1,0.9999976
7e6d6342b43d371d27ceced475a3eb39,0,0,0.0002619305
33dcc73fcd7d1be36fe118403d99b466,0,0,0.00041629715
64596fe93a198e7cf41175cb1e3017df,1,1,0.9999975
b6bdb829edbdbd04a5d998a00f14f938,1,1,0.9999969
1f619e527521f5537823b41ef472b70c,1,1,0.9999974
dcc17322213be983793763f34833175d,1,1,0.99998105
2a36c6ec002433968ad2328262b86dbc,0,0,0.0007916085
27604bf9154b7e828d6959f5b5114f83,0,0,0.00031419168
3e2e1862eed16f2bc2658bb9ccb81da8,0,0,0.0005004198
7d183e802ecdd179c68c8be97a4bbaa8,0,0,0.0004445471
a4cab7c6feb9316779c9706b60a6d27f,1,1,0.9999974
a395bf08e6f61f88cdadc8396409d2c3,1,1,0.9999975
fd829b758a05b33ea1157de573aaea73,1,1,0.9999974
2f04c4abe8fed2ac7d89369ec22cfe4f,0,0,0.0016214828
9338131ac144d3096cd3a15441b01af5,1,1,0.999997
cec59f116a4d7ce0fc873f139cd4b9b7,0,0,0.00039602292
ad6f1f56b710e2e2050ced369aa1f0c2,1,1,0.9996823
d18c9641579aea3c220e8633a2a7de0c,0,1,0.99031645
05e33aac7460b9e6fff2dfeeaef677be,0,0,0.00035174933
97aac947d8ed4251c205a5fcbc5cb749,1,1,0.9999969
9198ba29f7dcd14566f00e07b803627f,0,0,0.00032253642
e4e26c442954dffdb4c6d6ed21c19690,1,1,0.999997
cbced3eb833d34db7deba3db5a2cda92,1,1,0.9999913
660f6ebfe0c6fe44c0f3849ae8bcd21d,1,1,0.9999949
cb2317266210471a2dbd56b8f256a556,1,1,0.9999939
eee46095ad3e8a2cad83796d7ee83cd0,1,1,0.99999726
5bc9992b3e8d6dd48de030a8bb19350d,1,1,0.999997
a48acbecff0d35750ed8b7130a291bea,1,1,0.99999666
832c10dd452fbcb33083ac6bb654c608,0,0,0.0010924309
63e59e67503500dbb45cc6bebae08bc2,0,0,0.002402949
e456c8418377764afed47d4bbded5483,0,0,0.00021909438
c0771402ef1239874d0e3b072eb9aa48,1,1,0.9999975
a5677b6ce41eac2d44e1e66128cee38a,0,0,0.00069619657
411b7ab9b664f4d062e623a1d3a6edd0,0,0,0.010327655
0fb3a9207591c9c1900f18972e42745b,1,1,0.99999714
d310b5c854e2f056ac820420fa16ac32,0,0,0.00559728
39603459c84bcad910f4a717c0b38c0d,0,0,0.0017004472
7861cd0b2fb7d91fd183eb570b0bd632,0,0,0.000933706
19f47cb9f6d3d5e9a522aed1512a3af2,0,0,0.0002960333
6c2e91b43d7b9fb7fa0842b8bea70129,0,0,0.0013621703
d0b3061a861efb2c1b25be4075f64add,1,1,0.9999609
53c4e16737a3b07a3dfe4c51fd90563c,1,1,0.9999974
7a0f62efb9ba305dc810cf2552d22015,1,1,0.99997747
04ff8612c7beb29c30a41bb30088c001,0,0,0.0017896072
fd26d020eee2e6f996e09d9b6b8dc5cb,0,0,0.00047697895
9453a18e17e171973cfd34548d54ca96,1,1,0.9999963
44975acec1b07eb533422e83f06c6219,0,0,0.00050724845
e1c8b8fe544ca87160a12dcad3da4a5d,0,0,0.0009137575
03b3f646eaa6b4c96880ebb6d2b2b64c,1,1,0.9999974
0c8fd818fc7ec6ae1ae4b39aa03876f3,1,1,0.9999964
fcfcccaa2ae18ba4d425185d844561b7,1,1,0.999995
ed854abeb3bd88dc6561de5ea6c01cf0,1,1,0.9999949
df35aa12840b1007e682fa4146a144ae,1,1,0.9999969
bbb854e5afc742e8667827919bff55c5,1,1,0.9999975
6c8773a9f14ee68b795ac3e2d89274c5,1,1,0.99999416
699e1fc48c6d2860ed826ebda4931146,1,1,0.99999404
c1bc5e8bce35d6b195a2f023eedc84f3,0,0,0.0012029267
6f235dc62622e713eb75a2523c84ad63,1,1,0.9999975
57567ad1bcbc2bfd2b9d01d8e74757dd,0,0,0.0018076436
072249758f80e4fc67790027768a9de1,1,1,0.9999974
fdef32214699ddbfdf7945236259e743,0,0,0.00023500156
8655dee6ec4ed0c895c47d9d9c5bf08c,1,1,0.9999945
0660bcafc66c585d2ac03979124d5e82,1,1,0.9999969
991de23eba37a307b75a4456ea7ad8e6,1,1,0.9999975
2f6651ec9ea231df77c5078d3d0efac0,0,0,0.00026641312
815af1b083f790653cb5b2db36fa2f04,0,0,0.0002396265
ed07290f5fcf00fde97c2986346e54d5,0,0,0.00039896733
af0dc75c4651b7a5cd9766db8f13a25b,1,1,0.9999968
bd8c3035d7473466a877001c5e57f8d2,1,1,0.9999968
8c849cab7312bb7086df795926307c3b,0,0,0.00029023556
c3bccc59219df32e8de2fc15fde5fe06,1,1,0.9999975
62491a2286c5f5c23b6984ef319458c4,0,0,0.0007178259
0ef17d806c8c63619366973f489a9681,0,0,0.0072765294
74455cb78ce6ceff8c805b16977caef2,1,1,0.99999666
1f0e26c891d1e8788b3c67c7db828c32,0,0,0.00074817165
8e3a5134abad6d3e36f2723d3734ae63,0,0,0.00025481492
93bf770fe3cdfd3dec4a8eff97cd0032,0,0,0.0012888361
cb9b1497d44a86c11084a96d05d15bf6,0,0,0.004618453
7a661d8d809bef77ce341f489ccd14b1,1,1,0.9999814
fc769badfcfe4fe49d6437785c86fa15,0,0,0.4629294
815597a413b4ec8b1eb217b9d1eb087c,0,0,0.0008426507
4eb964b0f9c9f1fcec1f2789f06a83bb,0,0,0.00043475913
e9aea816629ef9314bd2bf7810535024,0,0,0.00030899106
a625b7ea5eeca08c386de3c4b635c7a1,1,1,0.99999726
6d3b37aa0fbe25a915b6f14b81a30623,1,1,0.99999726
9c55315517d48d5b049de2ec92b09dcc,1,1,0.99999666
b173c3799bd48e7b3e90a668000ff07d,0,0,0.000296262
f8a0a88601b6bf8709e4fec531f98269,0,0,0.0005146869
e7462d9e444e069b4fb38f124bc1aaa5,1,1,0.9999969
644acc9115e1dfb2fe522e29766c2ad8,0,0,0.00038674727
eab68b40f1f99f294faa36bc5e280a96,0,0,0.0017266923
d7f3a5093f6805e8176e06d49a047b12,0,0,0.00022596226
60789daf9d8022ef295afccdca96ece1,0,0,0.00040931941
40b1c08cb6db5e34b6fc493740206b66,1,1,0.9999933
dd133021456076094ad7937171959054,0,0,0.0007682527
55f6e11488c6a6402ca59330569c1e33,0,0,0.0003655339
a3b9bccd6d7953cfc9f2bbf05bd43a9c,1,1,0.999997
6275c2b3ba2a130247b5db6274a16d5b,1,1,0.999997
f9e4129c82a7a2f3f9309e6e17d2f350,1,1,0.99999607
fa6786260a9388e81a906c559bed69f0,1,1,0.999997
792ca9147f33090750116df091ee14be,0,0,0.00027611156
6fedf07d4f57248a63e95e7990910453,1,1,0.99999654
1d175b1bf49bb6f563351c622369ac72,0,0,0.0003772412
d49df296fe4a02e070e4605d30912e38,0,0,0.00040961083
f8c92994e1ae6a6480189b1b0029a2b0,1,1,0.999997
44bb4a202462cf033e8ea02754d03089,0,0,0.0004876372
3970bece225f70c871aac233f0bd8019,1,1,0.9999646
5ea55b30093d0a50efe9361fbb6c7e68,0,0,0.00056595495
9cc67c3714a649b7b08060e30f3da9d1,1,1,0.9999975
10e921b16889d8c2a4ba80b4800f8571,1,1,0.99998677
ccf378fceb9b1b763d275d4c385f3948,1,1,0.9999975
77b121f78f765c564cba4f3cf5905f82,1,1,0.9983444
5422931990c2dcf2d9195d51ebdb2756,0,0,0.00024020758
b0eff379434963a45379c89ff75928c6,0,0,0.00041283015
fd314e234420ffd60e0b48e955d48c4e,1,1,0.999997
9e93e0560c004b1ec1786f51f5ea84a3,0,0,0.00034578284
08408e6ac6eeefdc027906e7b8d4812d,1,1,0.9999975
318efcb6fd4f569d50c5384d3a69c084,1,1,0.9999975
0e63b60977fd646e42849c8c7340be33,1,1,0.9999974
41b8e8df57d9145b0a51ec32128fa3cd,0,0,0.00073761377
880f6c4cd588b0205f0dc019d01b2694,0,0,0.0013905666
c8f33a42ced503ced937d1f2651c4f72,0,0,0.002458821
ac815f010e955c114737486c126104d2,1,1,0.99999654
d4d96c6342458efe75df773263833801,1,1,0.99999714
8fb87507bd5ae65c0a78f5684e5f9d36,1,1,0.9999974
ae84fb038b6f22869a9c8e2a7d09663a,0,0,0.0017638961
14007b316c99c3769fb58017af7ded38,0,0,0.00045785875
cce78481897b1166486f68aaefde739d,0,0,0.0011208107
e7f9d3b966961d934147baf9fcd72064,1,1,0.9999974
fe2731d5f8d13e64c8087093199b1748,0,0,0.00025722288
9fa84ba0b1ac9b0fd83fdefacdc9b042,0,0,0.00035722728
42fe14019326381fdd28755c2343281a,1,1,0.99999726
46959fcbc045a3b68b8c6de141251c6b,1,1,0.892022
d4590fc7df97957323e7801baf59ad6b,1,1,0.99999714
98ba9ef2803b3eee0fccef8a613e69c1,0,0,0.0003656369
8eadb452d653be3ed0207ccedd26e19b,0,0,0.0006744504
ed2481b248bfa94519a8b9f742b3d94b,1,1,0.9999974
10a4cdf501d8f4d5b6df11e59d18ba01,1,1,0.9999975
90c4b4226cf13634907c462e666138dc,1,1,0.99999726
076efa178a6b3d7bc538444d174d159c,1,1,0.99999607
1da5ac50cfdd3b218d3ff86b41b4432d,0,0,0.25417367
1c8c4840e284030bd154bddc3b85889e,1,1,0.9999975
70b72892ad187822d500f0d0fbf62b57,0,0,0.00036541806
9feb252bd901c1e794394b68389d36d3,0,0,0.0016623558
fea7379286aa481c5a2e46d143f312e1,0,0,0.00051979284
1a1fdfe474963dce1be7738efd82a7f8,1,1,0.999997
e236caff66eea4dd33c3c759f7676e07,1,1,0.99999404
7695abcc6fe67be1ba2406992701b6c3,1,1,0.9999938
47fc94c509bf28cdac76b150dd420dcb,1,1,0.9999201
12abab639dbae9cbe5185c83bea17333,0,0,0.00043159613
ec74b6ff7a5c521cd81e912e3fb3cd3c,0,0,0.0009500106
8b4bc43b6ae34aa2702b2165f2591eff,1,1,0.9999964
461bd24ad97b32b0ad364a4abe36aec7,1,1,0.9999974
520aeadf6dfcaecb999823207dab662f,1,1,0.9999969
ea89af223ad3ee0111fc96a8e721a553,1,1,0.99999714
2816558da9d06fb41ffa3f6aadcd901b,1,1,0.99999726
aa30e05fc23bbac1df99b48bdd39a670,1,1,0.9999944
2065013d4d4e89336d00a6fc73cb1b3d,1,1,0.99999726
3fd11941f59fef576ef9c84dd41ec2b0,1,1,0.9999931
4c28f0a15cae22659c26fae8afbe088d,0,0,0.036414977
aea4cf431f087bb88e5e6b80cad6c7ad,1,1,0.9999746
bba62ad4d1fc6ebb20e9b100057d1a7b,1,1,0.99999714
f5ec289ddef99e9157b63b4780aaa789,1,1,0.9999975
fbb6387632e23b917366f7e86f005fc6,1,1,0.9999851
191bfe3a045814c507fd6edd45a65383,1,1,0.9999975
cfb0f1f3c41d78bfbc1bb99c2f2aa965,1,1,0.9999975
2f2ad979fe0a8285d9a7486cf6c2be7f,0,0,0.00031207027
edcad902f4d6bca0a7f83456fc766107,0,0,0.00029996078
4e8b71837042ba35b667529834b35229,1,1,0.9999974
a462841b91820ca19b066377beac2742,0,0,0.0008127197
284848575158651979524e33e5f0bb2e,0,0,0.0015214743
1c177182878f36cc08abea4b4a0365aa,1,1,0.9999975
c18860b9b143cd8b8bea378dea98e7fe,1,1,0.9999975
f629a543af406416f967bcd2d71e5e0d,0,0,0.00023457692
c51b5fd1c9aaefc33764c8c0d7597ab7,0,0,0.00023612096
d451c7638f8cc40a937ae5c446cdd879,0,0,0.000284509
dbb71798b781dbd40c0f2463dbc39ac1,1,1,0.9999975
2db7fdf975f66f2de705e20310277b04,0,0,0.00056640315
7900969848d06358c5864868414ebab7,0,0,0.00027886135
f12b9c63482f947158082172d31b93f9,1,1,0.99999714
47c6e9b39ed3582442dd935924319d4e,0,0,0.0003336708
23c2f996988a7b6c05579da3c396fe6c,0,0,0.0005120445
ae201a9c5a394dff5ef6de24837580a7,1,1,0.99997723
955557c6a732a45be52a3db0b01b3308,0,0,0.0002615043
d15bef3431d8b2b3656d876c809b132c,0,0,0.0034957577
4b1395ed4f097b60b77f52c376358d7b,1,1,0.9999975
17b4ae56384bedaacda60817db92f153,0,0,0.00037581456
9d2164a9b28d9bfd8b9d59578a7d5db7,0,0,0.00029499424
02922e0408602d4c6c3902878b885648,0,0,0.00029203919
f887d770245009ab29667aec0383a907,1,1,0.99999726
ae0b0f6e76d2ad46b208e332f51d1af1,0,0,0.00062491867
d13a4c137377953fd8e7f040790c5a58,1,1,0.9999975
daa54b6969f9423bf219867af767a221,0,0,0.00030229392
febe57a706e77abe5b2df0681455d83a,0,0,0.00053939095
8970e80bb49284d7cae17ca8ac06dfd6,1,1,0.99999726
d0cce145d45f05784982a78df6537d7a,0,0,0.0012937881
25fc2d33b23b3be6d85f9b76fc663173,0,0,0.0013170632
69f783be0d26ab754912a3b7b18ea18b,1,1,0.9999975
f451c328652d5a5dd98b06e4a0597f44,0,0,0.00078525103
551b303694c1fdd17f98bd2dcdcdb0ae,0,0,0.0002653454
10d343b0f9a19640f058f41f0fd6e5d0,1,1,0.9999975
edecb056a54515d1f7800c12a976c5ac,0,0,0.00028301968
a992b0a10795c8efd1b00ce66ea89d43,1,1,0.99999726
414c1e0ef107ae95d54901f8ed6ba18e,0,0,0.005165834
5e2302af3047017942d5a7bb7c770e3c,1,1,0.9999975
0e6d3e34a0a032d7eaa3256ca4ff7da0,0,0,0.003948918
6b1f5128a5c3aadc6872211ecded42d9,1,1,0.9999974
692e57342e43298e6b76b82792f288aa,0,0,0.0003325659
30dc45a57abc3a76f6aa9d3e8dbccea1,0,0,0.0005849437
fdd8633e32b25f67a75c43ec7c28af34,0,0,0.0002894273
126303e5f9602e060f715869017f5bca,0,0,0.004633803
7fef260a5be43bff75c41a359feae386,1,1,0.9999975
a2997d896b31f8ad44cf2dd80896601a,1,1,0.9999974
c8b739936e73be805b1536288d1c3f36,1,1,0.9999968
67d077846321d7eab74dacf6361517e8,1,1,0.9997873
4e2b5524de0fa464eecb9e425b388eec,0,0,0.0004270945
6c96f98ee514269efadb25b95a950bf0,1,1,0.9999975
2e4d4227209c5ac337b2867b44c7340f,1,1,0.9999951
01685a5fb72f9a2434c952efe82dd304,0,0,0.00064195605
dd633caa187d9687171de1905cad2bd2,1,1,0.99998116
5fc985b19f749555a48ad73a9a64def6,0,0,0.00039532335
4dba55e0ba4402bc66798797d628a505,0,0,0.015343663
95fcd32a61c10c87eacc20464b23b090,1,1,0.999997
3c03d9e4e947d5aedb9b3c498956c3b1,0,0,0.00026441328
0326cc2fca5ae17dce7d9384d7cddd6e,1,1,0.99999726
c22d4cd8ab4c6d84af8c53052947c318,0,0,0.00038774274
f10c45a04a947e20aea5dff9a1d7d2ef,1,1,0.9999975
ba4e42a1f65a8479093539378d41acec,0,0,0.000647248
4fcb7f0e9d91100d3fe3c1d189842c3e,1,1,0.99999475
0495ed8d681d179a1b0fe3272d0ae76a,1,1,0.9999968
f119a6a180a88cfabc9e88f92d636db2,0,0,0.00090877106
27fc9707465ba2b9169e166f2d3549f9,1,1,0.9999975
51d5e39f58f4fb47fab32f7b3ff73b8f,0,0,0.0011292296
6c2e8e98f6286b211435b7a118a7811f,1,1,0.9999976
39d0fd52b9aba25453d729ce0e1b55bd,1,1,0.9999968
b2d84135cc11005200595b88296f10a9,0,0,0.00024274377
d862574fd7444dff80a985d3b1ceb9bd,0,0,0.00029511296
b46825006f19d139284ef667bab8834f,0,0,0.0017992954
139ae0a770577088b861a8b0a6296075,0,0,0.00034349514
7a942ce3d8325fa0d90aaced2900a0e7,0,0,0.0003542043
d549df2b22e797e68444e0f95a4d9ba1,0,0,0.0008394959
867c94e45c06218ff616faf3f92acee6,0,0,0.00038071204
8abcbe6d995ecd86cbbae123cfb525d2,0,0,0.08475891
628ccfb0f4429f1225242260869479ee,0,0,0.00082315505
96b8c5228fc4bb984cde5959de8f70fa,1,1,0.9999964
859c44b20b948970919b6da9a0924fe9,1,1,0.99999475
49fb05c4d41784302674d5f06ce35544,1,1,0.9999927
7a872c9ec893615c7cf6b8fa85f3acd1,0,0,0.0022090739
785632e7e7c04d73c6bdb34c9fa8757b,1,1,0.9999975
4e88020d60b3de53bb6d2d4a94e75f4e,0,0,0.00043301293
9f21e243630c304d388ea526eb15169d,1,1,0.9999975
f770b6f153a33c660ef59b3f78aa5010,0,0,0.0018801445
0f88a42a65e9c023870a49e32830a659,0,0,0.003647879
298436f9ef863ac7cceab9678555fdf9,1,1,0.9999976
c00a0650bd06be8450179100b11905cc,1,1,0.999997
0439ef2ab1b85235e8cd32140f3f51c1,0,0,0.00026174026
11bd4cfdcc8cd729da778d95dfeb6c34,0,0,0.002287972
f9bcddc2e995eb7e5c3228b5cf3e3c4c,1,1,0.99999
d7a7f551145954f244e02dd98c5e292d,1,1,0.9999399
fa84fb5071b57efd3fbb989f9c2100ad,1,1,0.9999975
7f7f36dcad434ef8328a51b4b681e1f9,0,0,0.0002691105
9a1b7bf2bdb53fbf46c1321d7385718c,1,1,0.9999975
f12ef63d32d4010d63ea234278d650bf,1,1,0.9999976
298358d23e83c043c7984329f3bb549e,0,0,0.00029664216
5e2a930a74ad481880a55458ab690b19,0,0,0.0005570753
5482407c66412ad2f4a53c9487be4764,1,1,0.9999975
9861fe2b82a58aee03f2df3001c8b87e,1,1,0.9999975
d0911baa1c6eaf9fcaf25cf609a6a6a8,0,0,0.0008252474
339106b93312728bf58407b4f99bc4c1,0,0,0.0008980733
98cebb6a450c060314c390c962431c03,0,0,0.0003802857
713e63e4af8e433ee329f4afce560b72,1,1,0.9999968
5ba59f5022b3e16185fa1da84658422f,0,0,0.0003522384
459b2141402b9ecb36a66dc7f32b18bf,1,1,0.9999974
cc1642c62b490c54556d3dc8310ca669,1,1,0.9999975
471608378a15b4e97a05c63dcd753eff,1,1,0.9999932
bbe2b3926a371cee29bf0cfd6e6103ca,0,0,0.0002580586
5a0bd7afef23e04376221f2cbdb2418e,1,1,0.99999666
2ba57cfd7d11aec523e16e156507ffc6,0,0,0.0002896302
830bc849ddffc98ffd1bc53c567cc394,1,1,0.9999975
ca5cd1e939b012f3b227d8005d0ffff9,0,0,0.0002710985
b23f1799212a023eb675c1feab662404,1,1,0.9999974
c7fc6caff356f259f287c08ebe87e5fc,0,0,0.00030563463
cb719cc5d1cc2d8d851de85dddc3ea79,1,1,0.99999726
2d3f3187d18501ff39fa672d5c31bf23,0,0,0.00057285716
84f7b00f5631e37e30ffdcb927ac6531,1,1,0.9999975
80b560a2beef54b26443d4a9eb435c37,0,0,0.00038997934
5fe6587052879d654d621a4fc409a765,0,0,0.0013360534
a731ee19b93af105e7bf9755603f8b15,0,0,0.00025705423
fedc2a256b993562fb3bc1dbf9bce48a,1,1,0.9999964
11a2b5c212434ae244f927a43cb18930,1,1,0.99989605
97cc44887e4be94c3355fb7d3f78f821,1,1,0.9999975
cecb35a2c1b6410775b62f8920da9329,1,1,0.9999975
ff46f9bcbb948e5f69174755b43f42e7,0,0,0.0002607872
c72453026d774359022345a4b35622ee,1,1,0.99999607
8c25486bff025b442af7208cf6c97bad,0,0,0.0072133145
5e608d74a2d4adb47158e0b11766277e,0,0,0.0007946415
0e3fbb452e1d74d8ef78ad99ddf2fb38,0,0,0.00090594613
15674c90e6d0339229826ac4c2a11e80,1,1,0.9999974
8c0cc23e22f04def202d32ddc77ca415,1,1,0.999997
44a2d0a75792695f07726afa789cada7,0,0,0.0007650392
0e5d55f96fa64633af3e8f1c13637199,0,0,0.00040132014
adf5ec462ef19ecaacca17032241b276,0,0,0.00092751044
26b83ccc22b1ab40313205e04043d7e7,1,1,0.99999654
1f8d8b3c7ddedf89a6c5c1c4242d8924,1,1,0.9999951
e3411b4167d7c15029c24e902d76f579,1,1,0.99999726
4a020e44ceed0adf64cf33883be09aa0,1,1,0.99999714
413adc9bed807c95df029eaea67db13e,1,0,0.22467898
849c6a11f0bdc6bb69a93c82f08d70e7,1,1,0.9999963
7364342dd625fac8f33cfcd58f584f18,1,1,0.9999963
6595812fec636a286b8c99c73f6b408c,1,1,0.99999726
e3e1ab9a31a703ccaa35f4a7ee15689b,1,1,0.99998677
821862157a08e259d3c75d5bab11f2ab,1,1,0.9999914
cd83f8a37b830ec055077bfdf080c5ba,1,1,0.99999726
f04655343f99cb56e0e9ff477afcbe7e,1,1,0.81669533
cbfd9f80ae386f51df14d3aba21ac368,1,1,0.9999974
29ab83f791d7b85da56f95db7aecfe57,1,1,0.99999714
b2ba2cd27e705b30a4c448993ff91575,0,0,0.0004709315
d80a291a0e9e62be04fd63faf361f8fd,1,1,0.99999654
37a8710498830c8df8460c6ca96b1de6,0,0,0.00026884323
04e2513498713323481bb6b82af7806e,0,0,0.00054733653
d77fabf9ad7e54ba9e470c66ad05f0eb,1,1,0.9999974
ee5b10cd1e53f9b1f80bb17c59f0f762,0,0,0.0009608196
52d89ff87887e2c76daa33aa95df703c,0,0,0.0037609127
672e7b748461a9958a5c241186b687a8,1,1,0.9999974
3ffe181b79d717ed046580dd5a1ed611,1,1,0.9999963
2d398e493a9228e5fdd0a465e4e741c0,1,1,0.9999974
5c2809381b24491e3aeae4c7da823261,1,1,0.999992
4b1c8d33ad72a36d3c03dbe77d44cd0d,0,0,0.0003115177
9a6d370f0386c313c8853262fffee56d,0,0,0.00037415605
f070f098b8b043f64c91a288e4ab1442,1,1,0.9999974
abb6f389f82357c4b4c4986a164d2e59,0,0,0.0004896909
3a180c327f5acea05c422efa075407aa,0,0,0.0015240345
14447681c02feb49c321e0b74d3e621f,1,1,0.9999975
03ecf3d2d151f48df4dfba6c9e5080d0,1,1,0.9999974
05d3dd9bfc8af636234083df1b0230fc,0,0,0.00046780895
5ea3fcf980d128c5b43dec73ef21ca37,0,0,0.00072541484
0cc05f5d48c23fce1b891b389adc7b9a,1,1,0.9999516
1d1e2aa5f8656a49eddb0f71f2977883,1,1,0.9999975
84cea9f7d5882b89d268822326ed453b,1,1,0.99999714
81374032232b929bfc45d70f691ae842,0,0,0.003653995
0df242b82555fef5cbd543811fe0d3b2,1,1,0.9999962
e41c1fed676c02b4716b24dca8625826,0,0,0.0005910388
d9a2f1865c35324b5ebc6576105d94b4,0,0,0.000649866
36ccbaeace2d148959225de1b04232c6,0,0,0.00033952892
d2cfc7b9bca72671df2bf87e56f56155,1,1,0.99999726
dc4f1208513754f6ae45c4474290320e,0,0,0.00081500213
29a2fe265cef30814f2316e3b65254b2,0,0,0.00030319998
472002bf03e11879c09441074b2fb588,0,0,0.00065851695
4347744e0ebfae7928ec16b41eb7d10e,0,0,0.0014522176
674b4389dd1956757bc88a51f3b3a58f,0,0,0.00043775231
6b59ae9cf38b39a36952d83d922beb15,1,1,0.99999726
e60c399f35e231050703be85d4de890f,1,1,0.99999714
cdaa7b5b2211cb178101891e5ea6782d,1,1,0.99999094
38909c8386e8d553e176208550af3a42,0,0,0.0017198118
142fe93be6952f9927f7309e2568a5e4,0,0,0.00091014284
cc78dc06e36952bd1330dec7e501fd6f,1,1,0.99999726
c13668e285424f492f237dd4e63fd5b2,1,1,0.99997663
113c6bc6d548199dd9d15451993eb66f,1,1,0.9999913
26a7d04a3e38a46b4d01e5fb37949689,0,0,0.00040825966
f46105ecda6ff68b3f7420ab830b05a8,0,0,0.00046629863
00869611082da3699aec46ac436aa712,1,1,0.99999726
1161b254070fd0b527db42bf27625991,1,1,0.9999963
0f441c6a82c50e9c8430b8fc61dfd641,1,1,0.9999975
14f15183b479e1b83acb0cdbdc1eaedd,1,1,0.93068993
35b8ca6d37c7f6d59cf06cf48fbf42fe,1,1,0.9999927
b814368bb175f3f8cdfe5cc6e3a186b1,0,0,0.00022526896
e96cbfcd40befeac8777790b790b9286,1,1,0.999997
b4027cf3ee46731d4db28d80201db5df,1,1,0.99999714
1043072ebe80b80098f3951ed0d5302c,0,0,0.0009438809
d5c4df6ab4104f490acab633aa24f793,1,1,0.9999974
5b7820ad9c808e89007a50263d8a0873,0,0,0.00026911483
99951103880d3e33c9e3f58c20255f5c,0,0,0.00048934284
8966445a53d7f1285829738788359571,0,0,0.0013097624
e375b8e0de40a664d3c65dac68e7e35f,1,1,0.9999895
d3ba593baa30c09264402f479b7da89f,0,0,0.0006017648
674d7e3b400e5e2dcd1d5056e013db44,0,0,0.00027208173
ea00871b3a5c88fdf4f81e32fbc5c6fe,0,0,0.00025742335
5b742685f3ba97daa9990c5f89884a33,1,1,0.9999975
ad8ae9e1d93070f45be471eecf08e009,0,0,0.00038176053
603c53566c8a659aa8c9a49a99ed6d63,1,1,0.9999975
b803e0282e1c88e92e9135b7f0ffdf31,1,1,0.9999976
98acd6d6ad3fd296c867d44cf8f35bf6,1,1,0.9999974
c102c103e53cc061bb7e88fa5787b029,1,1,0.9999974
88fa83f16d7e4ff1a9b3db959a50a598,0,0,0.0006239887
9bef02a8c366acb58d1497c8fdff6add,0,0,0.00038247777
f2204495c92f1b2dbc8f05ca02f5d87b,0,0,0.001113165
5822e7e6b53a121f852e82947dc0cd17,1,1,0.99926084
f014a3a808794b0e7693c02209b57b10,1,1,0.99999535
5d73cd1e70320524f195b97f519adc11,1,1,0.9999974
7dc13badc063715d01dd140568e036a8,1,1,0.99999654
00cd093b242903cd3cc9337311c520f3,1,1,0.9999976
53400010e542828dc95ae953427e9c47,1,1,0.99999464
c3c7e55a27825270fe23eaf6dc3baf32,0,0,0.00059982593
ba2e7caa2ceebfbf52be7d4553f086ca,0,0,0.0003874174
0005c16c331fdd1e7ef3cc5a3618f6d4,0,0,0.00040581202
a29070adec037edb116e2f6508f808d7,0,0,0.00084240467
0f0a353e920e0d1cdf411f4fef027f23,1,1,0.9999964
d787ad32d8406e3af8899679232f822a,0,0,0.00035737446
a632ca667ca5a44be5aafc99cea08e3c,1,1,0.9999975
7f52ee1b34d4eeb5ea8e1ecdfe5f631b,1,1,0.9999974
9349f6b5b639ed7efa85735b9613c01b,0,0,0.0008733777
61941cc1bf4cef635c7b4cdebdfd9852,0,0,0.0002132268
f181303d7203e9bf51cfd290c7e21c97,0,0,0.00038759247
b4f12626073e6cb384aad690e2f6be28,1,1,0.99999726
a4ba8c47192d8972eb4d0b981313a2f6,0,0,0.0010927209
a0f999084e9c54308bd33c199c26e5b4,0,0,0.0002789712
89012bf3e6587591b3e12a0bb8ab2b96,0,0,0.0004142395
12cb91d4c9b2279751b776d709f72e79,0,0,0.0002304909
89d8b76a2891334c40bfb92eb85ab02f,1,1,0.9999975
32c0ae34e47f5f3ac26ede53091d1112,0,0,0.00041493846
78813748ba19da39177ecafd3fc514e4,1,1,0.9999964
6ca24232109406f552c1c96950157c3e,0,0,0.00025277023
33307f30aa027d685425f446ea94a525,1,1,0.9999975
8d4e3c891283ddef2d574bbaa6eda3e9,1,1,0.99999714
413c8af90a238dfba5d504b84bfc76b5,0,0,0.0003317299
e87b2ffb23c4e7b40c7726f16e578395,0,0,0.0003270865
f873b3b65fe7f2dc75a2eb66cbc3cd09,1,1,0.9999974
0c383722ea4958e754d03d72e46b8d2d,0,0,0.00029814686
59d6e977e6b4ed638b2d9c7acbc0c8ed,1,1,0.99999547
d090606950059595fde1167eb1cf9c03,0,0,0.0006441382
8bf8c55d3c99ee04dda52f4a3a494029,0,0,0.0281203
c65749420720e33b969fea00e9e2930f,1,1,0.99999726
cd66569fe03ebaaee911c86a780ebef4,1,1,0.9999974
54b6f2dfce40fde714923f9603246a40,0,0,0.00036955174
4bbbac1dd71a87b8db6cd7f360aec0f8,1,1,0.9999974
35380d75ac8eefa88470974ad46bc0f6,1,1,0.99997413
035e8b57780785cc263bc15ad88d2e29,0,0,0.009434586
d0f38d53e219bab8e26d52124adf9459,1,1,0.99999726
99f970bcd3f8b9defc1945a8ec1fb685,1,1,0.99999726
406a7fa3768f037275eb4529d470336e,1,1,0.9999975
5684572bc8e7c2115ca1c97b60707e65,0,0,0.001760251
e7d36a710f36a6ad345c3d10b9b7d26c,0,0,0.00033218222
2c5e43926910e8eb434483234ef21564,1,1,0.99999726
cd873ac8d018eaba758390bee27b1789,0,0,0.0032103765
bfa019f769ca9d9535b878ea338df09f,1,1,0.99999726
1da2dfaeb9e8d3a6210fac6ebe469ca4,0,0,0.014152647
34f32c30ad7d1317066bb1da72f9a4f3,0,0,0.0008452643
e0a106af6d5ba3c797c45d530af3d02a,0,0,0.0013879813
ae1b74ab209704087216e8c8175389e6,1,1,0.99999714
9ed1134feb043fc6fb5873cccb61b9cb,1,1,0.9999974
42f152e0a4b85a67a9b9e60f3951678a,0,0,0.041678213
b16236bf8652c3ae17a86af374695421,1,1,0.9999969
a1a1a75e4bc9d2e883c8769bf9706590,1,1,0.9172873
399fadbb1b41ea1ba84c900056b9e720,1,1,0.9999974
8f394f48ebd8cc5a3aa595e8d6f5b227,1,1,0.9998745
c60c1c50041d7d1875e00ff67a4845d1,0,0,0.002111361
c167afa8ede203febddb5e1a907e2a6f,0,0,0.0009178813
954b788c4c8d0b1acb5ca70f1f66dc9b,0,0,0.00023926375
8e6b7bf9903fa6d4a50b65380c894723,1,1,0.9999969
0f3bfa42dffc5567c58501db07707d0e,1,1,0.9999974
4cb06639c15985182a674300b0b99494,0,0,0.007609823
e11e055b7f779786d42bbb10ebe01015,1,1,0.99998796
40c41ae58bfdd7b370acc9d049028451,1,1,0.9999919
9e83799331741b4488fde7488bc5402a,1,1,0.99999607
ab3f7e629d17fd69a5c492f828795d1b,0,0,0.0007281506
e1f470b2c08b195df937aac8d03a71b5,0,0,0.00036495866
0d003885350a61f44919a3d4bd1b4d2d,0,0,0.0003137259
3eb957555d4e1b7bf167619cbc6db27a,1,1,0.9999924
cb20b95a1a9e429767c72f82f8028ed3,0,0,0.00045567524
115b29cd74238b17fdc67aea7521e03e,0,0,0.0017114118
91bc1c9f4482717ad83c71fd612ceb16,1,1,0.9999969
c266099167ec965a073d5e004b77ff59,1,1,0.999997
760426f161518597e6b36e0b15b16e65,0,0,0.0002899026
0526399a687201a7492769be511f7479,1,1,0.9999975
c32c936fe8b59706ae6f57cd20582442,0,0,0.039933093
a6200404720b74fb8f3343a9f00515e7,1,1,0.99999726
869baf8ef8565e91ff28689c60041f73,0,0,0.0030568503
9401835d3e42c280639ac0b249dd2415,0,0,0.0009126655
d2013583df51cd3325e9d893116e47a1,1,1,0.9999976
78aa0efffdaf198ca5b78088ff84c454,1,1,0.99994326
8410b8c684b60bb04c21012e6654e516,1,1,0.9385555
cbc29f043e6c29967f81fb238efc1734,1,1,0.9999578
8f5a2f46a7924a09bf82444912175701,0,0,0.00027377074
b083ddb42caf1515ebb42d9cca49fb5e,1,1,0.9999964
8e480c24f5e96a31f14068249afc1d22,0,0,0.0002778561
86136f05366edc9f3559c7c4fca9fc41,1,1,0.9999975
5541210c4d89dfdc1bcabd0802141253,0,0,0.00072864105
ad4cef7084b7d26a67ce8e39ef0967e6,1,1,0.9999975
19cefcaa264d0bd95079862fda28c9c7,1,1,0.9999969
1e82397f562d1e5b3e15cbeffa0b3d0e,1,1,0.9999975
03237327494f3384c548b792f5515885,1,1,0.9999969
d13b920d2258d532b5539966766412da,1,1,0.999997
2257aa8dfd82965e12231c5e5336208b,1,1,0.99999666
be6d264890b55f59962fc2add10cf35a,0,0,0.0012906311
27631d5c1fe92f7f6102e05a9fa93f28,1,1,0.9999975
86c71d68650b6a6f6fdff77b099b5c0c,0,0,0.00062620285
68505f9afdd1608d577eb7fd534651f5,1,1,0.9999964
667af9c1cf2146906568bd44eaa93ca1,0,0,0.010907645
426277dafb4fb8991d27d0143b408820,0,0,0.0010127018
b8082adc7083bfca120bec1d781e0003,1,0,0.37290972
a60957d8dfb5443de55e63f2394d9eeb,1,1,0.99999726
2e32e860c50aaacd28e4e76adc4c9bbf,1,1,0.9999975
f1fbb7e1d4764ffdbc05c0d3a3a53349,1,1,0.99999726
8fe798d091351340fd46a2032b2bded6,1,1,0.9999976
af3aaf4b424d5169014c2df4ea4488cc,0,0,0.00025259462
18a85fdb84dc2d57feecefa0b190bbb8,1,1,0.9999974
4a9044c334a6f26cd4eb8efdfa52a9d0,1,1,0.99999726
cc2ef643643e7f1d0b659a4a21a28bb5,0,1,0.85704184
a55ac5dec8164c5a75b0056c76770c45,0,0,0.0013701324
6dc36e3d9048d8bc53344d6a24a4c901,1,1,0.999985
1f20947cb01972764262231f3bb18972,0,0,0.00030358668
4ca556a07267838474f82849d2ddd4e9,0,0,0.0024593088
b333646b36dda3d2987b648ba707e643,0,0,0.0010396943
ba2ce97f5a24fd16d305bc864fefcfbd,1,1,0.99999535
77c1ce8eb12b1d552fad93bf139846e0,0,0,0.00043676075
2d3e46941008013a59146b2ceff2bed7,0,0,0.0002853027
6aa6a116bfc98c30c4a07271d0c58ee4,0,0,0.00041428235
9e6e6f1d8978a05454017dd7847cb61d,0,0,0.000494241
3953a6ec47d14b0990325a3c88035f71,1,1,0.9999968
77f78b47a43f15f324475e2dad314e93,1,1,0.9940929
c7c956cddaa565aabca101d7b28f7f31,0,0,0.00022430277
1faf421c7350298975bb6691f9746350,1,1,0.99999726
34c94f6ef0b6b8bc2abf42b7bc560a9f,1,1,0.9999974
dc8e5331e6ecc3fa8dea7d8c4cd234b4,0,1,0.65708077
adf2f1803d0a4c913fb13d42ca21ae0e,0,0,0.001036143
aedfca6d8dd5162e91a1de645b2cef56,1,1,0.9999975
9ea2343e7f17d603bf5de17c5908a6a1,0,0,0.00031292715
a51f66dda7266ceb40f3167047bd6c16,0,0,0.00041510636
2c6fd135210f187206d85e34005cae8c,1,1,0.99999714
36bd53adc743f4d2835f9e3d53e9b65b,1,1,0.9999944
4a6516cc9b08f81fc97017e0ac9eb4c0,0,0,0.00033146786
f09724288784ace60c50539f4c003fe8,0,0,0.00033381107
e36bd8631af8a1fbc443a0cb955b627e,1,1,0.99998915
d26211b7d60e2ce494955b09b27da673,0,0,0.04531025
7d4208cc915c39324fc53972d09ddaa7,1,1,0.9999976
1de668b2edb17779d704ea80af6a2b7b,0,0,0.0002643858
cca148cffc80c1c1b5c98d68853fadcc,1,1,0.99999714
a183b89137503abfd496c9f0105e1a9c,0,0,0.00032094296
2433794d835c146efaabbd519ca802db,0,0,0.0004644153
c6bdfdae28b8440fbb6163e9057f5f01,1,1,0.9999975
2ad68e5b1eec61ea6c001955d33be6cb,1,1,0.9999962
59454b664e59a6f4270a9d30231d2dad,1,1,0.9999975
44c70ce5120eaa781f084dba15c37357,1,1,0.99999714
8ac2f23eaaf9bc702fbe6934e8d23c43,0,0,0.0016327151
36b3f60044fffca6f35211715ff3009f,0,0,0.0014975871
0ab5cf7d9cc6b6f159b025ee00a9cc64,1,1,0.9999974
6e04642094a366a2309c9d21fb33dcf5,1,1,0.9998348
bf53f88b7d5c9d70e3eb65768af82136,0,0,0.0010913741
37ba9f7d4d6037fa3ea3e18e6dbd158d,0,0,0.00031850318
9613a8c5716ade78817f596deca41d0f,0,0,0.00030705438
8ec519db59cdd3c57be72d4bea7a54b3,0,0,0.00033105322
e518299a20d3864cb5caf12870159485,0,0,0.0037254628
662143d2c3e5d9b2ff344801af2c9546,1,1,0.9566509
689edb7318b560c7bca68293e598c60d,0,0,0.004515259
76fe2a43a51c67bd2c5c4b953f0c2622,0,0,0.45860887
2a4b2dc4e51428a42562b821901b37e9,0,0,0.006201977
7eded2f4ddb114562b2247dd053db644,0,0,0.00025518544
09e885d27251d78d13342acaede270cf,1,1,0.99999726
f6f4131918f1da95df38db797d8b947d,1,1,0.9999975
ab53bc03986260f88d45831727fdf6fb,1,1,0.999997
83ca8291e04dae2fa668402545694e13,0,0,0.0015132949
72d5da4d563ff43afaed38d8ab369034,0,0,0.00034328166
645075d286fc4e49b1e1d971e15c19ed,1,1,0.9999974
614a0ae9f87ae833df0b91960da75108,0,0,0.00059329666
4560f2055f92fd2ecd98e8fdcc4b3deb,1,1,0.98741317
77de86f4a0e6dc48c55932b022d49af9,1,1,0.99999726
ba084f06781ead44e5c8252e29c55510,0,0,0.00027834257
424f2e9525f8fbd2904104e5057efe51,1,1,0.99999654
40ba046be259ea0daa55daa62657eddb,1,1,0.9999975
af365570a0732c047ddb27cf40b5b1d4,1,1,0.9999974
631ab1553438add148131d3958c98a78,0,0,0.00034997752
87df692821d7901cb811fea6969ded09,0,0,0.00033736616
dcf6842634f9f56500af480d407fe3f9,1,1,0.9999969
017a7ad6ad1e4f66c2249f321a9687a8,1,1,0.9999975
acaf9026f53f48392baa79a50ff28ab5,1,1,0.9999974
db20f0c9af1e889ff99f1edeeb83481f,1,1,0.9999975
55b40ac8ebf5cda62c7c5ec44450de64,1,1,0.9999974
a5929b5eaf3e0453d4f387ff2e7c5027,0,0,0.00047849948
abb755dc177cb5a5e5e4465c588c6a37,0,0,0.00024467308
c77e1af57eed73a28c26c933d013a91f,1,1,0.9999956
b7fbc9631059f9f1c951d73ac333b789,1,1,0.9999975
56740cf3f543193e1d73a9449379fe34,0,0,0.0003449842
6dd9ef307759209755393097479266e3,0,0,0.0027598944
159a7b957a001666d84a7e3da8cfe24c,0,0,0.05724819
618bf6e035339984817a696183cdf060,0,0,0.00053932
7aa07418a6aa517c9c5a58aa4df6725e,1,1,0.9999975
c25bf0d917f1805be51e3a330adfe3ed,0,0,0.00020816454
d09fff0b2a1fd94648febe9b484b1f81,1,1,0.9999974
726e9a8656d412934594d9890ffe8d7b,0,0,0.00025241307
a89ce862a809bf0b95060f3912fe0045,1,1,0.99911827
c00184c1e705107610f4bbbecb637e4c,1,1,0.9999969
f01da023cc2dfd5b4701a3e43202ba78,0,0,0.0003226856
eb31251d96df615b4d1ef69e4299d578,1,1,0.99999714
a043182f333c12f40bcf489f3c1b368f,1,1,0.99999726
6bfbd42fd4492de2e7440c7b3409bcff,1,1,0.9999596
15d05fa52dcf09e8ccf6d3552273249e,1,1,0.9999975
2bbc57192d52e50aaa00083c97acd997,1,0,0.046821095
112639eb7ccc463f3ad5940c971ff19d,1,1,0.999938
510ae49353ce526b06d3456fa308b7d7,1,1,0.99999714
7730b9a5b0499ec90aaf631771036bdf,0,0,0.000572319
0ea4a5bbee9c7e62a902e2a0ee69e258,0,0,0.00048235268
1a8150565e2a7b3636e7c5fae01c4f29,1,1,0.999997
2b5337a08ab1a336e305f260cf3ee5be,0,0,0.00091892004
88659f69d852aa97744c8c67e4dbe333,1,1,0.9999974
56e32c9e12f439d06016eaa6142594fa,1,1,0.9999975
047bf91c428bbf65d3cca488dabaccae,1,1,0.99999726
1aafb063ca45554af42727fd84c8d2cd,1,1,0.9999974
c80e60802dc35910d11296f80e6763ce,0,0,0.0013854892
b78f8e011f76edcea3910908c3d26a73,1,1,0.9999975
911630b8762476d2292b5aa08329f5ee,0,0,0.0005935698
2949af0751b015a0e540c173f8dd103b,1,1,0.99999726
322f08a4f1539dd018f20c7f61359aa3,1,1,0.9999975
add328a4bae74120b84809e06e00ccdd,1,1,0.9999974
101156a6f5f0a01f46406f2447bec375,1,1,0.9999975
a61cdbc00029ec034d2136f2b99dd519,1,1,0.9999975
71b8698a841e068d3cbdf14194885d89,1,1,0.9999976
d292f8ff291de4b2564c3f1b1c2be8f2,1,1,0.9999958
6c7805d5555c6f8b1a4b356e9ad0b76b,1,1,0.99999654
16d5dfb791ab1077c745f68cac1d18ea,0,0,0.0072843106
05ea22d66212a4d70115b078cb2e0ce1,1,1,0.9999974
016cf13fe597a483685444557b79a237,0,0,0.001045256
28887513cae854ab3cdd8f97d80815e9,0,0,0.0024198515
2a326b3aebf949ece80adb9a51506bde,0,0,0.00040830928
00a72d80321e3c12e39aa87f683fc7b7,1,1,0.99999714
d2d53a627a8ae1abd983037a0bf331bb,0,0,0.0003008853
bd6f45444a4a9af3759ba022a9b9dd15,0,0,0.0015748776
ecb84912203780799a1a3309cc6bd0d2,1,1,0.9999974
dc4d52ae7a02d9bb699deca337ad694f,0,0,0.00026502708
b75f776170ff49215f6f443dd7c5c140,1,1,0.99999714
2245aa7f81ed834468fc816a74333bf2,0,0,0.00026808126
8e77a61f523f87b3210c598f76ac0f81,1,1,0.9999976
d08583bd9ee6a6868c9592e5ef3e3076,0,0,0.00031612423
3720b46e9f6a938548e2546e3fbd1b14,1,1,0.9999964
08aaa23eb592cbf3e17bcb86eb58e9a7,1,1,0.99999726
ca870694fc5230a1417fd65b69cf957b,0,0,0.00026127152
61413b176ef5ad46f25714e99e5bea7d,1,1,0.99999714
7cd5bb1450f932e4f96c424fbf11f16a,1,1,0.99999726
a2a5df3acb63d90dc265326f0030c51f,1,1,0.99999726
812e713f0c5e97ac9424e1ec97697193,0,0,0.00027864028
c2e0dd9ef6bb75e4c9fed4603ce601d9,0,0,0.0003281488
5c56bd5906284f818bbbb9c543891c37,1,1,0.99999726
88809091331783648b87299297fb3bad,0,0,0.00029515373
b130c6dda50b2b5c011b34330435e0f5,0,0,0.0006851308
3b99e43360faff5f7d06e37bc5555570,1,1,0.99999726
a2b145f23bfc02e322cd6aac63e9ebf0,1,1,0.9999975
b586d1f6b7cc3f93da37f38c7dd87861,1,1,0.99999714
6f1f81733447cbf74b70adcc8a80ce5c,0,0,0.00029366193
781ed16e650b2634affb2572bdab34b5,1,1,0.99999666
e255f42870191ae6870cb2a5c5184b25,1,1,0.999997
be16886f2c35c28f6ca9656c0c675ef4,0,0,0.009104637
fbc9fcf66b44e960a3dc01499e87e6c0,1,1,0.9999975
696496dc9842b0d274ca1fbea8902264,1,1,0.9999974
96a4b2605536a66596ff37f5e6db1599,1,1,0.9999974
3ef5a99a639d56d825321c1e4ab443d7,0,0,0.0014537183
590ecafd7342abe4a5e523e543d12d17,0,0,0.00027134054
a2cddc2a3a0eb1ef641cd207d27a1e11,1,1,0.9999968
3ffca3094df924aaf33194de3d206929,0,0,0.0010098963
9f924122e0c8a61bb6e3f5ca6e3670ac,1,1,0.9999975
d6f9149b086ef4e996f274eb46efcbaa,1,1,0.9999974
fea0d50f1e48214aa59bebb539488efd,0,0,0.0046502366
544e76ce222a6022932fc483cb7a5b21,1,1,0.9999975
c0a5c575c48a9dccf6951f3e53b96c05,0,0,0.0066181887
e872d6d02b06ad21cf3bdda9d39be556,0,0,0.00035209992
8f586786318388facdbc591f6c48e3e7,0,0,0.0005025335
4de56b9c5651f5d8cf899ac3f0f6abab,0,0,0.000410351
8b7ec367cbc6936cfd5a0a057d54b25f,0,0,0.00041890884
625977dcf684dd1d62b72da045cb91d9,1,1,0.9999974
84257d845bd8f571f5d9e8de4af8a18c,1,1,0.99999726
34bad9a0e9e22cce03433ed8ecb8154b,1,1,0.99999166
ac58275cf424a9ab4a32845556b2cbca,0,0,0.0026467694
38ea14db04ee4ed52d43a19e659045e5,0,0,0.0038061466
5084aa16fd0b7d00b083bf8feba1c951,0,0,0.00033398138
8d510315a6e5447dd7f5ce0922c8124a,0,0,0.00074825395
39f260fca23b2bc5a2d3b0ce8976701f,1,1,0.9997055
4cdb422fb343f7be80ef02414ce0179b,0,0,0.007742301
95010b261eac737e3dafea2cb0d9ca3e,1,1,0.9999974
0f84bffa50ed7ab8f2a74bf477382347,0,0,0.0004558008
f208bbb1d225b657f2ad5ab1e922da6b,0,0,0.00061661034
a286bbd92336a3b0a868a5fc78b39a80,0,0,0.00028376892
a03ac3d682affdc031e521617b4f3152,1,1,0.9981889
245b07a8263720586118caebea923ff0,1,1,0.9999739
94153e920aed9e71c582f1e974da64b0,0,0,0.00077680364
929565fa82cc427ec678a028e1feace5,1,1,0.9999975
5ceedc087b5a04f3c22876a1cb2adaab,0,0,0.00030539464
c06eb404b49f70ba59e7ae1de77d9a4f,1,1,0.9999975
e96ae01053ef73da18dc251be5e508cf,0,0,0.0003905791
f580a0416e3ea36f00b8bf919190f415,0,0,0.00037023087
af6409de267c2e27c8aa8d0b1a737fdc,1,1,0.9999974
867512e8b5a8d8c9503827f409ec9c33,0,0,0.0002890903
280d7fb15c87b6a7442f76d03d033d4e,1,1,0.99999726
57660d2e1f1aedaa5e780e87b9a78a0d,0,0,0.0007449527
18bfcb0ebd95f909da6599894e19ba41,0,0,0.00048663453
49e4b5cac9fd55f150842b49f49d4aa8,0,0,0.0008515903
4548a595915b5304ace19beb1ab54063,0,0,0.0011047934
c8431e5770b7fbf1f604a06622188e01,0,0,0.011930245
cb521f7f6f46681be7a5a52aa0245eb5,0,0,0.00036263742
b467f58a956d962709faa19311b2edf3,0,0,0.000563166
d87df3af4bc51e815947e930780b92de,1,1,0.99999666
dbb481da7119a1a18ad9aeac4bcac9dd,0,0,0.00028609886
fd79f2a64a077ac15b98b34910319441,1,1,0.99999475
0c5aa692f794b9ef64a38ab1b627a1af,1,1,0.9999964
150dea85565ef3da438fcf2e40e71f14,0,0,0.03350923
f5c56d67f57b1c07c3c07f8418447959,1,1,0.9805
bdd937ba9f58c4dfc4aff1a117c605e1,1,1,0.99999726
09991b72f2984f186d73e2288ffe7e31,1,1,0.99998665
6aa883c4d29bc8a77f1f5e978315cb0f,1,1,0.9999975
149bfdc08abcbc71bf3ed47faddadc80,0,1,0.89197004
a756b4ac5493d21dac4302e5aa877dfa,1,1,0.99999046
d92ece7d6633e4176af23a1e48464930,1,1,0.99999714
49c1ed762c7e8673bb0aee6a83957dad,1,1,0.999997
a1b66dd3fa0adce1ef2dd8baa5c07fd7,0,0,0.00030453433
57cb7090f43792a9b025bee9815f7d93,1,1,0.9999975
cca909221bf5ba0072b7a6b6c98ec110,1,1,0.9999975
215f56fd53010ca858965e226c38898c,1,1,0.9999696
3fd222bc5b029974853e66acb1c1784e,1,1,0.99999654
3f0a37685effc0b50f2ee61cbbc2759e,1,1,0.9999974
6f1b49795159168e5e86e7ecf63e95ce,0,0,0.0038160998
cf0926e38b4bf5bddfcf8a6b246f2b03,1,1,0.9999975
78490551e52092a59ff4ebd608246a35,1,1,0.9999975
52fcf7b47fd0d3cdb241d55e8ac9f9de,1,1,0.99999714
adaee213dd7833d55f8fabadcb93cb94,0,0,0.00039169175
0af29d8c26ef51d19f0e40d8c87e7d42,1,1,0.9999864
dcfdb2e4767273e07925337c46d6b1aa,1,1,0.9999975
84bd8609aa0c353e806f10d87327eb46,1,1,0.999995
343f8d41fa04c1923c23f1b6b1ff861b,0,0,0.0005073756
913990dc173e6d74fbd89ddb6befb6a0,1,1,0.9999974
91ff9124236fc8f608efe1a5e952849e,0,0,0.0058685862
0706d2880b9575097cd19b8f7af8a51e,1,1,0.9999975
cead37a0ca8a90536b8443f402433c0c,1,1,0.9998828
4e4446563a38a29891e2234ede931679,1,1,0.99999714
8186db723a90d95399d4b9774bf1cd3c,1,1,0.9999975
892657f972f3662b16ceab1fc3fc5833,0,0,0.0003131068
83876aac199d3c888df8b67d89af98fa,0,0,0.00037805285
6bac11ed1c5f8718c4e304f433c245ae,0,0,0.00027113367
4e30261d1e079e35a0e83a911b5fce28,1,1,0.9981187
1e02f341ff960cc4dc216301a6704e3d,0,0,0.00054836686
b5b836dd2dee23b2dfc5d8cb80494ab9,0,0,0.0022132085
58f7262f690d712013f9e2ae980ea625,1,1,0.99999404
6503037e50f4e2293dfa2704d252b874,0,0,0.00023076577
d7661343e82c8afebde94586f31134a4,1,1,0.9999913
a0ba645281a3512fb3234fe8dc60184b,0,0,0.00045584224
766accd62c769dabbbd3f2ede564579a,1,1,0.9999974
b5dad0136464ea383eb1dde2576691c9,1,1,0.9999975
7db9ed2f1b368fd70e6dc03520eb0b7d,0,0,0.00053250435
85232f046d1c1422b89c7d76c53a2331,1,1,0.99999595
ddbd849981ab65a571c50217c7f84154,1,1,0.9999974
e1a72cb2de3eb52ca86a73942006c9ff,1,1,0.9999975
82f071eeb6e34438abc4536bcc6e4ccd,0,0,0.0004590291
67a57d155689dc0398794cf0fef440f9,0,0,0.0005456874
c73a072f8d5b06e004bd02cdcbc6fdc5,1,1,0.9999893
65813c0b01c4a92082105df7351d29b5,0,0,0.0024949803
39910164e2386ab60647ab61fe229900,0,0,0.00038349043
c5afe12ba86f516d382a51cd488e1be3,0,0,0.00024792712
86e7a63521dc3a8c14931c58d8fbf704,1,1,0.9999964
9acadf9d65f072ab8a5bcdfde8e06385,0,0,0.00027005194
8a89dfbd7f9734a91efbbe196e5a34b1,0,0,0.014156525
0caf68f74a95c8e04df4dc380b77e610,0,0,0.0012227696
bd9734ad31aa93d476614db70553205f,0,0,0.0002486183
515564966c5b3d38f39700cfeaab0442,0,0,0.00086966314
09e7b45135fd622407df2368e24e2a56,0,0,0.00077956775
30df1dd456ffd5e96f7ca8c9d2ea5d2c,0,0,0.07304823
33e8c36c3642892faf942794835d05db,1,1,0.9999958
92f027475d4abbcb1e3da1634387aa82,1,1,0.99999607
29ca75dbd1d5e8ec8844bda36006b3db,0,0,0.0005468063
4ba62fe659ce3c5eb27a8cd6432cc95a,0,0,0.00048919965
42f45a41f5796cff3042dd712cbc7cc6,1,1,0.99999535
4945bab3ebd1fa7ef71eee6df7d1c713,0,0,0.00063917955
10d897794a97997e2b5297b5b9c2d923,1,1,0.99999726
2a40616ca75a929075893eafb2c33fac,1,1,0.9999969
ed1ada2118bb3dc4ad021749cbb7db37,1,1,0.99999726
03dce008a10d7bb6d7b152e22b59b229,0,0,0.0008727437
91d0637e21d9006d406633ffc7308e4f,0,0,0.00026462588
b3b97559b6b57e487c55e6d3d65aba9f,1,1,0.99999714
ace0465ee2d1638d3ff7ebd243a76ab2,0,0,0.00031779648
40b7597fa470fe5d021175a4753438ce,0,0,0.0011865507
cf53cb4bc32d3785c54e433544977622,1,1,0.99999726
c0e459b2a0fcb3382da4aaa38499e58c,1,1,0.98895663
c426319aff96a613df365f45822d3b8c,0,0,0.0002817696
2f36bf498d0b235c40e6a6cb57b29e57,0,0,0.000316202
cfa5f8185365f528c0b6c10461e90267,0,0,0.00097085343
fe79a6001fc713f652c837e093161b7d,0,0,0.0002407629
4515cb01b57a4a45766cf3d1886d8ba9,0,0,0.00081152376
4caca28e02fbbef60cb477bee569c030,1,1,0.9999974
98bdbf3e03318dae00d205746b22668c,0,0,0.00047353646
7d80db8be6a6f0c999ec3d8edd28641e,1,1,0.99996555
98249c0e7776b9d17f47c655bd35bc62,1,0,0.34192407
9b20a36bb235b15394272b519a7376ef,0,0,0.0002536553
79d2d749cc6fa706364c949634871d5d,1,1,0.9999951
0019ae6c0ecbeaa2bd387741e97865ca,1,1,0.9999975
1425603f529dae078628848b918925b3,0,0,0.00047077483
fa93580747d26afbfae6d5eb5a78c315,0,0,0.001125065
ed97a094e2453b079b2507ff4cacbe9d,0,0,0.00036748845
9f0d2f6b604ec5171f027b9ce964074e,0,0,0.00027422424
97cdd311d8daad1669833e9fa2640217,0,0,0.00042542952
4d72a03765fd1e121a78b3bc7b3612ac,1,1,0.99999714
c47532c28fc8f3c8dec51428ae4bb7b9,1,1,0.9999924
bd6404e7ffacc809d1447329490235c9,1,1,0.99999475
76fb192124a5cc3505fc63465b2a389d,1,1,0.99999726
c4c0b7ebbca9070b446dfa6b70ef6eb7,1,1,0.9999938
b2101a8c639fa835df41bf06b82df482,1,1,0.9999963
df7815657f4a94f7da8e2ef883d52e35,0,0,0.0005881842
430156a0f539bbd4a7df0f9c91976f0e,1,1,0.9999976
871dd786957a4965a7dc7e27276f32ad,0,0,0.0024443204
5a92c3f39c0dc70d28362660b5bf30bb,0,0,0.0004336141
ceab62e140d61fc45cb79d2d143cc412,0,0,0.00036624304
1f253b901dc4c4f5e102bfdd75e687e4,1,1,0.9999975
6106ca1804e399fd1e263e72d7c6adfb,0,0,0.00088146876
ab95760db373ffd675a8e7d060a3d50e,0,0,0.0007175018
5f579a495c78227338fdfa2c58405029,1,1,0.9999975
ddfe0bf7b36bfb564d0680531473930a,1,1,0.99999607
d2c0addfe536ac1af4005917a63cca89,1,1,0.99999714
a54ca192758f899a863dece9e0d276b0,1,1,0.99999535
05184d34b78ebe7a773934980dd1aa1f,1,1,0.99969006
102f510f8b17e721a88f89d028aa7b80,0,0,0.00024103302
24fb69b65e6a316c60c2ce8998928c96,0,0,0.0021923669
5eadc732427fc9db19f35924293e7996,1,1,0.99999356
3e63af367a66e0c385a8f628b9dba66d,1,1,0.9999651
4fa48632cc289a75b9218f96097adbe3,0,0,0.004154612
faf57415337b2f992ae99c8105c34e44,0,0,0.016503911
d78c884ad695cf8c4fdadafbc3b18d47,1,1,0.999997
1137acbccd815c6c534c5440694c0917,0,0,0.00024290402
d5a6cb60999214fa7763ddf9a306ff5d,0,0,0.00032335942
adf48688edc74a3a43af1f6fef6075ff,1,1,0.9999963
91543abc8fda0724f828e5acb4c33a8f,1,1,0.9999976
a2cf6c4e5074448aeb2b66769132d2af,1,1,0.9880433
305080a3aeb8c2514060f6905bd0556e,0,0,0.00024191271
ff83ac0066e058ce54c35002f7bb31f7,0,0,0.00027721783
716a71829395cacfb1a65128294333e8,0,0,0.0010746472
04bd07731f276d5b756b262fff4e0ee2,0,0,0.0005313848
517552da8d578157f3daee7ac2f615b4,1,1,0.99999654
b69c99063de3ca82064fea5b73413f69,0,0,0.0015441506
4186477a027945560fad7eda4c6e69d7,0,0,0.00044015245
aa315f4fcd1746e819ad70b669d88fab,0,0,0.0003482389
be2a4628b0852620ea3fba733a61b521,1,1,0.9999957
d926c8137f9029cdb8a901fd75f25068,0,0,0.0002433472
6f11f84a45b0b311695002ab5db50778,1,1,0.9999974
b2746b333817d0fc88b5c235e840b634,1,1,0.99999714
e018da9bce6e5056fe2ac9d700ec6d4f,1,1,0.99999714
79ddd414f3657fdf772f7a6c6caf7a06,1,1,0.9999969
c8440e0ce293957c0176c9f3647f9599,1,1,0.99999595
8d05432d3c8b5497db29f2d7b0ba0239,0,0,0.00038024943
c1430f952890e0f21bcc2a65fdbe6746,1,1,0.99999666
3f3e0830f9483c65e9a3640bcbc69884,0,0,0.0018890899
abb566bbec34d883e68324bb243e0088,0,0,0.0007173841
20263c8fa1b977bf45a49b5bb46c4a93,1,1,0.999997
620363ec0e6e6da238c6dd122d41aa6d,1,1,0.99999714
333535c74818ea92b0d9ce5c8a10fb26,1,1,0.9999938
2fc0fc0a7eb0189f9068b47128c78cb7,1,1,0.9999974
35abbf06700d9b55bd3561fff595b662,0,0,0.000354997
dac2245dbe4dcb384fe038a5f13478ec,1,1,0.9999975
aae9038c825aa95ab9bfecf35295787c,1,1,0.9999975
d156dff6cb182b52e96fd77219b37ad2,0,0,0.00038875392
1ee7befd36cef046246439ddb2ac7fc7,0,0,0.0006186389
dabdf41fdec00c6f06036e3715a8df22,0,0,0.007984519
13c48d5732e16479a816164c12500662,1,1,0.9999974
a956550108d8ad70720550037b56e387,0,0,0.0026389093
dd60a2a015d357db735c01aa240b40ac,1,1,0.99999666
53d30e315566b1c0a9a96d622feceb0c,0,0,0.001922587
808fe334f54bdb6c225848847ab72fac,0,0,0.0009227748
219f0c1871695f17b4fd514744b03373,0,0,0.002276294
fccfd43ec84401d2b98d406453d1a275,1,1,0.9999964
b4b7d64bb5b691d881f7648141cfc68b,1,1,0.9999975
454adc7f6b40aa20066ed6d25bb40c7a,0,0,0.00055367086
f6a8a935a553e1beaab85711cf667c25,1,1,0.9999975
8980c88bd718317e1a4525e5b4193a2a,0,0,0.00024275582
5d669425038b90ea2285ae9512b25aa8,0,0,0.0018561541
26ac579090e5b79a432777196154b2ab,1,1,0.99999726
bca0aee11bc31b3135d5737871a43c8b,1,1,0.99999654
de058233b710b5928531c78821f28d7b,0,0,0.00040485026
8f62a26be2aec5dd9286b0edf068afd4,1,1,0.9999968
40a42e2511933e2f7eac2af3ee9251ff,0,0,0.0002730625
f011ee23b466cd9ead011421393acabb,1,1,0.9999974
ab457170d0fe1696a37820e0112f707f,0,0,0.000382248
8709eca7d39d0a3490b715feceaa854c,1,1,0.9999975
01634d72ce00d494fd8b54986a434d13,1,1,0.9999975
7ca9e57dfdb90cbabccc8528734fca6b,0,0,0.00040854135
ff66e697b8506db3d2a40b98ba51eeec,0,0,0.00037354892
b84f6f5ce1e9d11eefb0efc5a03fe3db,0,0,0.0004018737
55e4c040f70192e6328e9d7a3f85ac4b,0,0,0.023885261
3a1e9eeed11e5558cbd7425813703456,0,0,0.00068482466
3752d825637d57a571e573f3c3f7fbbe,1,1,0.99999607
5a409a17440b818192d285c4f8e767d4,1,1,0.9999703
a21fb45f4cad273475e703ddad93bcc1,0,0,0.00064302643
8f4f34d7bb79cad50ccdbc93109f6e48,1,1,0.9999975
25cfb8ca2b413ebb9a9bbfb06ef24a2a,0,0,0.0011462965
b25da514715add521747a53022859db5,1,1,0.999997
127bd02bfe2de784a601a039d906e685,1,1,0.9999974
fd9aceabaf3918f7335d5ff4a313b22f,0,0,0.0004932158
f8872b68f03795976f824c4d7a6ac650,1,1,0.99999726
ba41d88b03379752810791d597d3b5ec,0,0,0.00034314464
5c23f5c2451c0a5bddd91a3ee6f0d3a9,0,0,0.0037135454
9e47e99728b1e8662ef3c681aeaa27a8,0,0,0.0002711239
237319a6d3d154f8e9968c583e918c18,0,0,0.0003120545
f57c95fa700e884269cae94f27091e67,0,0,0.0005906192
223410a2ff66e5845fc42e4fc4a74050,1,1,0.99999607
31ad4e3183b25bb74b771df0835e6eb6,0,0,0.0009389405
3b8163b26478ecf7c2bb307d65418c74,1,1,0.9999975
8981f6757469414b18588dc5830fa3ba,0,0,0.00030845744
fec4825865401e7b9235c08c77bad273,1,1,0.9999975
3e6dfd4b940fdf15c6c24c66c650e0e0,1,1,0.999997
233851b09beb41405933b1d4e57d85bc,1,1,0.9999974
bf427590c956dcca50ecfea7f0b2a64c,1,1,0.9999975
f0c7f551287d6bc4cab691834234307f,0,0,0.00094233186
6c63ac379a0b7676e0020b6325750f42,0,0,0.0002635985
0f398e13adb0ab62acc334f26623f823,0,0,0.00027922317
3964ff8529485487d06a5a67a266dd86,0,0,0.00025477068
28b55de0621cf60e3e059b03e481d3cf,1,1,0.9999975
0820ae4bdded353e0b02c3d180a55d97,0,0,0.0008228974
4a2c5a5d28d5d2c957ecdf87a2e85d6f,1,1,0.9999976
c029c67572cb9f5a023e056d3b7b2434,0,0,0.00036398563
a196c47922e113f066b0e42cfcd3425c,0,0,0.0020813418
28d336e926badfce4a3e72cbc0f063c7,0,0,0.0015732918
9b4fff154a55177cb56665d3df2b6300,1,1,0.9999975
fb7ad409db378bd4c723f5e019854c41,1,1,0.99999523
d1fd904d782a88bcbfcc1c60d22e8a5b,0,0,0.0005220041
f9198c01ade350686000825e404747d4,1,1,0.9999975
6b8148ff3d0cafc3f5ab16da67e9616c,0,0,0.00037126013
f2d51693c63e78682621dfdc4e9b92a8,0,0,0.0011016803
a28a81c87969b42da77b044eb57a9fd5,0,0,0.000410762
c3421d7eebbdfc02f6fc41bf30f5235e,1,1,0.9999975
f87cea564ddbbbec4c757ab9adefbc54,0,0,0.0010909776
7ac52404134b0f68b2df49f4bd687c27,1,1,0.999997
8239fa0476221116fedd1a0add7287ee,1,1,0.99998844
0416d24dad357b4b9b8090570478dc3e,0,0,0.00067986496
5bd3c9cbb9d301bd757c7248d46a8b53,1,1,0.999997
2bc8a94febf69845bb668da501346eda,1,1,0.99999714
11c5c1d6e10cef03901b10ba202ca329,1,1,0.99999595
e2081e910ac72e04705456d1f1709e15,0,0,0.0015730059
9355257672534e99085759d73c6b81a9,0,0,0.0005723889
450f40499febd4e211ceceae3d9ddb6d,0,0,0.00026325285
c3ae6913332a2056e0b9c7510c05871d,1,1,0.9999974
c27670be168a1e8c27fdc94c418f292c,0,0,0.00061382167
4cf50b5d2d88a1d6dc40c513c1d68446,1,1,0.9999924
1e992584d9b1f46e3d148b9efe1d549f,1,1,0.9999969
ca5eedf0d2da6c40e52f79037b36f718,1,0,0.115430355
7fb39696cb1eb19b4dc10631a018bc5c,1,1,0.99999523
8a07b059bb571354b726262131b3ec28,0,0,0.064536594
687c4c56d8c00bfc0433259ec5e8bf81,1,1,0.9999975
2ed897d64f1d5f40f428e9632d4a67a6,0,0,0.0011265638
567807d1c52bb245908e5efb9a9c696a,1,1,0.99999523
d036f883ff5e491cd1ccb4f60fc5e1f4,0,0,0.00036507973
4eaa73c5e420cc1f12ac694d81283b5c,0,0,0.0005344029
c4c35e3ca776771501853cceff753400,1,1,0.9999975
f8ab6711f2be40a4264f8a2b01ee5944,1,1,0.9999914
833b629fe7ed5aa9ecb3f3264b220128,1,1,0.9999964
8efc4520c8cb0121d5e6b8c47a052c63,0,0,0.00031784436
98aaec915790bbcf4ac1ebaa80f2d5cd,1,1,0.99999714
b12b64f7886cbf1ef9823c135224566b,0,0,0.00040106886
e9b7a1c79e20416df84c95bdbd4b3304,1,1,0.9999975
41f9b8a70d924c4310c9cc9b75a42ab8,1,1,0.9994729
95e932ba8ef23e5ef8bb8f468cea236e,0,0,0.004834177
8e721d24b1a65637ce9dfff03c53c2bf,0,0,0.0002688535
0a710c2979806858905de14d05c06e6f,0,0,0.00037925545
6aa27708b9db20a12470d008806be02a,1,1,0.9999975
31e57051644257b2603e689c0dd693a5,0,0,0.00028495147
99132d0b0a389c0d23e630646ed6f4f1,0,0,0.00054089684
ad6bff956595b12205f5ec601025e8f4,0,0,0.00055715046
b998c5ba05c03a567c1ae89901b22743,0,0,0.00040103676
8ea9c8a6913d179bf89413ad0f07711a,0,0,0.0002533418
2885254d9ea82260653b1e41a3f92cc8,0,0,0.0014617793
280931a0bb47f1764291b575eb96b5ab,1,1,0.99999714
7674e0034b1338043bd4fbe66581de8f,1,1,0.9999975
5953fac1f9454482c3a2ec10c75ab55a,1,1,0.99999726
d8cf9b928567ddbc075c380fb9d9e930,0,0,0.0003988578
908e5ff71037871e635b62a9681f6b56,0,0,0.00041125744
8bf34a6e35c96335402036eb514736aa,0,0,0.00041003275
f2fa182d84a38980d234c554b42bc457,0,0,0.00027519278
deaaf6ae3b7f36e765b037646cbc7435,0,0,0.00046486332
a3d8e84cbbb828d8d1e0510194b2f562,0,0,0.0021924984
b1dc87e739fca311165bacbc5d0d036e,0,0,0.0025090137
6d87b2c71f5cb3dbbf3b7143fa355c92,1,1,0.99999464
5e4ad207cc3b1cfc4d7cb7ecd12bebb3,0,0,0.0003105125
6f464f8a2f2c47d0c6c16a5871f3e0c0,0,0,0.0006914338
1ad18d371b9e557baf31f4204200af8e,0,0,0.00062822277
186ecf8b4c3d9794a2af00d326bb3e3f,1,1,0.999997
81d75cd004793bce7f089b9c5d8307c3,1,1,0.9999974
0cb74c7223beac4d29b6e2be6cab3aa1,0,0,0.00031513392
da40e3ee3c7996f5314d01b5ac60f489,1,1,0.99999666
28d80f4ac6cafa3b51bf30b73794edd2,1,1,0.9999974
3232b8a23c00d0603490165f19d00921,1,1,0.99987245
be566e0d5ff0c5abf41d5c1df0520b6c,1,0,0.22661135
d2a7584924f06dffd676247bbdfe1421,0,0,0.0013292852
77322efc6ce7db3e613bc01bb9a6f574,1,1,0.9999974
fa466d7114d3e357eae5ea1af7191f91,0,0,0.00049590546
18f75d002a2e5a5513d3eb59248965a0,1,1,0.9999974
70aa7901467a073d7958ab794201849e,1,1,0.999997
636cc014cf06e41fca29c8f525ce7746,0,0,0.00030772373
7558dc8ddbdb9218a6a9ee61274a022a,1,1,0.99999285
7f730620a62167c047430b5d83cd571c,0,0,0.000581714
189809a753accf66bfcc5a9efb73bf26,1,1,0.9999974
881b5de7eef1c84d97af309d3fc77f84,0,1,0.99480814
1cce8bdfe5f3ee4d6ae8589454653a35,1,1,0.99999595
b37c1ccf6c164e662e1bb9ef8731ebab,1,1,0.9999975
f223fc855e05801a3ec6461f47efbf2f,0,0,0.00031906363
f2947d0bb7f4a0df6994f5295cede58d,1,1,0.99999714
3b140bb3e96b917668b9fef2ea7b8c50,1,1,0.99999726
4ea28900c368f10c1af3e1c0aef20b81,0,0,0.00035763351
53df4ebe321e9f90bb7a44c4c115adf2,1,1,0.9999975
791deddb327747201865f2da15374a9f,0,0,0.0009893931
2b30d6a7656cad0bde66fa9802783d03,0,0,0.0006561089
e7bb95f4c8f91a09d66e7814e543bed2,1,1,0.99999166
079cbaeb2930d406d28c5a5ce86d6bcf,0,0,0.00024793655
61057fb13d9710151893f71baba8b52b,0,0,0.00068569323
d48d47b7bbadd0200447ef18a6499684,0,0,0.0016223954
ae489d71fcfb3396df587ec2df93eca0,1,1,0.9999975
091b409a01aefe4743929cb1d49efceb,1,1,0.9999968
8f4059207e8f30f46107e539786edfa0,1,1,0.9999974
a1e6ee282f711e7f07129fbf7b153f77,0,0,0.00032216613
b03ad2fa8845ed87573052fa0c063e73,0,0,0.0010348068
6858d99ad9961e299b88a07376d1e6bd,0,0,0.0016374221
82c33d83cff002f197bb3494113fca22,0,0,0.00040044307
0136c089c763fb0a3042cde15bc280e3,0,0,0.00061183894
7308e5156303f9f4a914ba1621a4735e,0,0,0.00088324735
584932b109bbd5f9fdc330e4bcca4dc1,1,1,0.99999607
29db0ffdf7fa24841034e647b5d3e1b2,0,0,0.00040809388
cc55c0c153367d92c467ceb56316b72a,1,1,0.99999464
d957e8913bb4ef31d77668e73052820c,1,1,0.99999726
4f3b9fd451607a710c0dc1a5cba62614,0,0,0.02171485
acc912f2c50aa1414d220ac919a22b4f,0,0,0.00037543607
948803515cd34584ff8811f5711d4d0b,1,1,0.99999714
102df24e5b8a35860b27f95fd41a6553,0,0,0.00026689412
b9dd87b48714b8dbeb64d639f42615a8,0,0,0.4097676
2c318005d1555b075f3ca909f1b2156a,0,0,0.0033534819
f7ff99ae4c3c76f8e99ae7d81438cdde,1,0,0.13113761
28c4e4bdfa0a448516a08290e5dc62d7,0,0,0.000289878
3e96628b6e7193bbbf0ea2d24fdee9ee,0,0,0.00044246454
ad37c991b8e362c7aeb2ee61f47178e1,0,0,0.0050034714
73d98de7c01f5805d489e99adfd2f724,1,1,0.9999976
be282560dfe98176a1f7686ce13f34d0,0,0,0.0010315547
5680d198859e62b4e74a8d69ffe766bd,0,0,0.0005568357
3afb2255e524ecc64612e9d9cd33710a,1,1,0.999997
782ecf20e5848f3179310f1b3a1be044,0,0,0.00025800787
f8698e6155a3dfc3ca904a4712ba42c8,0,0,0.00025645446
fccbef9db147d67ee94adb855e4927cc,1,1,0.9999975
0ad809f0ebadc1d571d96e4fc24f481b,0,0,0.0002744895
0c44ad3f75cf11748e59ae4a0d38559d,0,0,0.00055353466
398f90b08b16d891f8aa452717b71f8a,1,1,0.9999975
c42118b38c2ca2b5b402ef80a9b1fd84,1,1,0.9999964
a4ec371534d1ede98c77721ccb8e7ec8,0,0,0.0003064589
42c9f3ab5f69364f74155f66c3d5c4bc,1,1,0.9999974
fd005d37e5e8652d4a19f832879ac85a,0,0,0.0006327378
366495d0b78c28c223d9872d17357347,1,1,0.9999974
38f076b16e8e93532508417c189b8400,0,0,0.0037297546
6a2e73c28ff6a6cdb6ac9db86849ec02,1,1,0.9999957
78250fc71f12b0b3dc760092c74504dc,0,0,0.0011747074
96826b181c24048f1d9b1414f7765d60,1,1,0.9999969
5e01f394eb9ba4d4abe5f74e83f1c1e8,0,0,0.00049313426
85b5fa9f5b3380055922b24aab652e91,1,1,0.9999975
87e688eadbbf4ebe7c0f74294a5717fa,1,1,0.9999974
1d7bdf6ed5f69ab4dab490d4fdc6942b,1,1,0.9997342
85f94cd2496a504fd9a473678e2d41e1,0,0,0.0005877353
3e2efceae1fcb6eb9250f0ce95c362c1,0,0,0.00045935213
43ee9e71f49ec87d83e3530d0f96e4aa,0,0,0.00045646992
88e09b67b892b6f677ed910a66258e69,0,0,0.00040605696
224544a01b8349d0e5a5992425197595,0,0,0.00025634983
43ecc6f1396f14fc4dcd69e5c7f0bf97,1,1,0.99999726
9a2272171499d9035c4cd06eaf2d4ee9,0,0,0.00023437926
c65a5e6370ad6fea4487be0096beda13,1,1,0.9999975
2df76ab49a723183a3771b15e30da3f9,1,1,0.9999975
2632b00cbf044a678d456718cc302dd5,0,0,0.03832129
ce406c5f751da12dbce41f25cb56ab4e,1,1,0.9999963
1c4008ad1584b736632813f4744046ba,0,0,0.0004122827
82be2dd9a60623038b5ca09956f0ebb0,1,1,0.9999974
cef1cf55774e36823ae29c26ca75359e,1,1,0.99999726
f01e8e2190cee9e0681de7c983f42759,1,1,0.99999523
13560c62f6764b0d3cb48d4ccee58f51,1,1,0.99999475
1c6239e6626213018f27b735f935e7dd,1,1,0.9999974
b54c19d13e6c172138754a1ad58b8566,0,0,0.005679893
8df0ea8d25c99dcef01707fa8a7ae86c,0,0,0.00042802133
4a8d418b99dc4d7e5c9faf1dde94be41,1,1,0.9999975
f3d53de1c20e5a2f4b18c0805204a0b6,1,1,0.99999714
609b53cb92116b506d90ce65416879f7,0,0,0.0011155605
298a49168c13809c7f4fba47824a2381,0,0,0.0005107134
3a740ee18d9bc914061437e1d93afc4b,1,1,0.99999726
64148d082e591294065f8aad9ed5b4f1,1,1,0.9999943
22dd83849529463859bf4dd29d73e8ee,0,0,0.00027715438
902b0000943ac1c6719c5c0eac4456aa,0,0,0.0003167339
e95805b0b8e4b82093d3918a4beea291,1,1,0.9999969
9f139e7c1d570d38675aed8a9e7655bd,0,0,0.0005085517
73584832ed3dff7b7de3b7206cf62b99,1,0,0.08935282
8499dedb35d59950a31b8729634614a0,1,1,0.9999974
42270d6857ece3fdb158a3a829e9731e,0,0,0.00048309928
49b0dd9316241ec9ea219baf209810c7,0,0,0.0016853493
9fbf757af62046567923f22b2b5461e5,1,1,0.9999974
bb2a43b1bc1a9b892335475586c02c36,0,0,0.0009901879
495fde05b5f46073e95fd631ac8c9152,0,0,0.0003966321
8500918a1e2db171d85c9b5040999e37,1,1,0.9999975
b4fa162d1de6b783f4f5d9ebcc27c21c,1,1,0.9999975
fd49fc531b7be520898daf0ab7623aa7,1,1,0.99999535
725c170d1bc4a79819d059f05af13499,1,1,0.99999416
ac026a883683cb304c74ddc8eef48e5a,1,1,0.99999726
fc2dcabe902486e9f966bbc01819bbc5,1,1,0.99264765
8e616daaf15c129baa9161d0b221bd34,0,0,0.0016910062
6ae1f6668f93a0d070e901351baf6812,1,1,0.99997056
dc6cd9dae203d6a4cc80275aa8f4c0d1,1,1,0.9999969
b90d7b0c156cba9b1d42ab46bc5e3beb,0,0,0.00025446215
903df902a58f665b252d92dc3846deb2,1,1,0.9999974
e2929923b0c77ca7d149c8835f3959c1,1,1,0.9999975
744d2df14a72334d7de4c811b1014329,0,0,0.00073879986
dfa884d0ded912e1e6ba324cec8700ce,1,1,0.99999714
601124d7b31ac9777573eaf5386298cc,1,1,0.99990785
c8195af901f39c05ea5096d72fd44db8,1,1,0.9999975
cd4bf1166a28e7191f7795ebd9e586d7,0,0,0.00024903347
b1d1d8e544ef1d2e0e41f6fc06e7ed76,1,1,0.9999826
89ee5ac714115fbdd7de47871f40d84f,0,0,0.00032900553
5cd17f014106fabd40896ed16a27345d,0,0,0.00035770662
aa5ddbf7aa5eb969bf9e6fad0c1cedfd,0,0,0.0010733104
ada3561f3edec6d51f12936064ae075a,1,1,0.9992061
cd4101e5ee290f50dc19b9c014c69ba4,0,1,0.7494707
a47537387f69ee7083258d77f6819039,0,0,0.0004440268
e95734f1cd574c88fb342730a052c03d,1,1,0.99999714
b1010307801b49c1d0763f7fdf32ebd7,1,1,0.99994135
8fad2e0d2aac2a3ea786ab5d5895bec5,0,0,0.0005778053
a8de686059320f2b2e5c4c0cc8209b16,1,1,0.9999969
1239cb4383f8961b4e4c160eea000ad3,1,1,0.9999969
317350b7208069b93ec8af5f342e62fe,1,1,0.99999726
7e047d856d92bee1785811b421c2c5b1,0,0,0.00052039896
69b82eff91cff4b14f85f2f6922a3b0a,1,1,0.9999975
40d979d331333cc7c08e1ef7ead1c7db,1,1,0.9999976
8d359f9481717851688e30b3054c6e57,1,1,0.9999975
60c2c9aa08cd3b04525aa88b4fd8bb91,1,1,0.99999714
a1a5821adebb63fdcd6df3c5e3680ebc,0,0,0.00026055708
f81839c25db00238bc9985eaab696885,0,0,0.00042063152
4198694b2fa7e7bacc49331b1f743f0a,0,0,0.0004117256
e36584a241fe9fd1158c6ebfda50533a,0,0,0.00041987473
e94e5cd3a58e8484e16bef8e8d251b8a,0,0,0.00035672027
88838a98c692902a3b7a64e024484fe2,0,0,0.0065523875
3215a521c9d49d2f0bbbcd3d57f68e10,0,0,0.0375656
6db99bb07f821b7a85e50b60cf1ffb02,0,0,0.0021938654
1dc7942a6636fea3de1fc211f24e00c8,1,1,0.9999876
5ac9ecad3a8d0c320a4797f6824c2ba5,1,1,0.99999714
d8b24c72dbc913027ac96bfdfbe64433,1,1,0.9999974
8598701929f38b63211d213a38a6a44a,1,1,0.9999975
245451efadd2245f80061a628238b8a7,1,1,0.99999714
3bcd4bc8e5cdd2a010470d6d97e74dd1,1,1,0.9999975
b43adc13f4592f9213e975399e869c9c,0,0,0.00055891636
0653a78fbbece94c5f58509fd61db914,1,1,0.9999975
ab83a352e81c0daa7bd97a30aef78bc0,0,0,0.00035955803
95dc3a422a0fbf1c70116abf0c67e6e0,1,1,0.999997
4e55de3f204af54d51d4851a49c0878b,0,0,0.0007677378
97c1d8223eecc391888e0567b49f9f26,0,0,0.0006514582
eea9c37efc6fa668ec61680921c27b2e,0,0,0.00028965506
8d247afa817d98b84657ce663b39f701,1,1,0.99999726
54ebf754ba82add25889470153847583,0,0,0.00024874305
7754561a4cb56c161cbdf36d9820a140,1,1,0.99999726
5e995f9d19613df4a5ca8ec3840815d6,0,0,0.0011097875
933c4b4f26ea33380a21441b6f85cdff,1,1,0.9999975
13dddb0b9a39a6b695c12f0a258693e5,1,1,0.9999932
c0c4623bc39599f6136088acca73df1a,1,1,0.9999975
661cad698908123fcbce13abf30d630d,0,1,0.5324678
6594a96d487026d91acd988ce522a23f,0,0,0.0011247847
37835663d20c46ed27730517a8b6800f,0,0,0.00070140295
a27865eb2c941f78c6f07bf719ad295c,0,0,0.00028219115
4f4fdac3b267543831340e8fa0340699,1,1,0.99999666
f7efa02ce8ecc23c78dd861243977578,1,1,0.9999975
d4a64137e087d062adcd1878c1848371,1,1,0.9999975
454f716b9bd49ffb94a6601fd2a0df63,0,0,0.00028051971
5f51a0f5e7d45d01bcf22242ee42cfc5,1,1,0.9999975
2f252d4b648ac5bf9fb40fdef5a71df9,1,0,0.0117544625
d0be94732a10ef82d430e3f5a97cd976,0,0,0.00062197086
7889dfc99855b103cbe4cccc20874119,0,0,0.00047529693
d307d6845faedb8ef87329560bdd4e89,0,0,0.00028325207
d25ca889cce58d99d0fff3158e90e862,0,0,0.00039877286
4a00e9f1dfd7dc6dcd798713c1884880,1,1,0.9977945
dd6f88f3790ea1d4bd75572b79e2c3ef,0,0,0.0006211595
00c3d7ef00620241132e707f1fc5870c,1,1,0.9999975
0355f887089f248811b27f07fba89e5f,1,1,0.9999964
a2c4d446b0c5b6d682072d694bd3fe47,0,0,0.0004426818
29b4352860c35e47560e49ffd9429a11,0,0,0.00034071863
1ac41b8043410f962e148e6dd6857cdc,1,1,0.99999714
d8c8cff905cb4731d7990bad41292187,1,1,0.76305896
b116a2be27728fe6049edb396bda09a3,0,0,0.0074428297
5f88ff2d04a081c48748c7e00fdbfc80,1,1,0.99999714
4e631f8f6b7dc83fb9b16548d372f2fd,1,1,0.99999607
a0f62ad0b9e2a75db18de09b455d55e1,0,0,0.00038149353
0098ceff52958f2e42e08ba67be91e03,1,1,0.9999758
cc943d071941f16be79ef6e0e7259694,0,0,0.00038187922
5c46cef563d23216b7c90f926b7368c6,0,0,0.0016208877
6359868d46afc5bfdc8b5726047028bc,0,0,0.0007339459
b2d0ae4b12c4b0cef2dfc5fb962d6b2d,1,1,0.99999666
5fa8d5bd58d92a78f3f320f87934a39b,0,0,0.00029564011
ae3fe1be6ea599a565c2650a8747a442,1,1,0.9999975
01fc9f18b0def6ed837c4859e1b2bb41,0,0,0.00088751566
b8d6b7e28a2bdc30c397131892d11861,1,1,0.9999969
cd10464b260db33442eb72b42b08448b,1,1,0.999997
cbf587ab7fc00d4e38d531e33d4d56ff,1,1,0.9999974
48ce3602a599f9d0f16e1c95b9cf08ba,1,1,0.9975553
11e5366f466e46518cdf76588afeea0d,0,0,0.00062275206
72d6e0811ab9655f3d655be4506ae3b5,0,0,0.00039324895
1a25f63fb2969f89977e7ae78cdc73fa,1,1,0.99999726
27ab3c7ca8c5476d12f572845803cf3c,1,1,0.9999975
28502c065341db9400f25cb94ea86d8d,1,1,0.9999975
d73754672499f8f43f6c7788b02b99a6,0,0,0.00029823894
a979de9efe17e0f37e66585b10e3e567,0,0,0.00033214482
728b7ebe4880f842917abcaacd5a323a,1,1,0.9999763
9482c553d264a831314ca53e9a0df542,1,1,0.99996746
27ce1d7fe8cdbe73b7bbd8c644f57b09,1,1,0.999997
4ceabc0c3da7f30507c4b6b9867bf012,1,1,0.9999974
225ddc31a15eb5af7c66497b49d9e90f,0,0,0.0009093605
05c3bcca8fbae6cc49cf7a974720f6df,1,1,0.99999595
d1b2bebdd93b66b0e79658a15602932e,1,1,0.99999726
e960cf71476925833d854a8ae8776ddc,0,0,0.00039792506
f7f3d41c5750ca9fcf9ce623715d7be9,1,1,0.9999974
755506c9b58cac4a82d782d3497d32cd,0,0,0.0024434181
586cacf514ac4753f2433dd09235f576,1,1,0.999997
0a973b81e91c7d0915ff421e168846d9,1,1,0.9999887
bf83671aade5fbc139ed1687e4f41e96,1,1,0.9999893
2edd2e7708eb49ca2220c5cdfe196347,1,1,0.99999714
a0c2e5a087a2c65fccc4cca64fd9232d,0,0,0.0005777626
35a5e6db0a4cc746454129a37eb0f47f,0,0,0.00091739785
c3526f4c4282548b1f1795dda11428f6,1,1,0.99999714
995874f9cc1b6e44556b7fd8d50841a3,0,0,0.00047186928
80295ea10bff5a5a7160c1048155b988,1,1,0.99999475
5a7aff808634547db2a026488cd0fe7b,1,1,0.999997
d07b5ef4f786e7188c01194b49a831ae,1,1,0.99999726
6af8b696aaf7518fae0ecf38ea045afd,0,0,0.00043918155
576cabd23b1b4b902ad795b8dff93d0e,0,0,0.0016762487
7659c60c1c20e7929c5449e6d5e87623,1,1,0.9999974
07b533af2009485ab42d8db26672b4ea,1,1,0.9999975
46224b311a60f6fd53a6ba5a0c08ca4b,0,0,0.0003492969
8fc284fa86865713b0cb8f13b4c991fc,0,0,0.0004679847
f1699c47d69e8d6b5376341508189e9c,0,0,0.00071131036
73b79142368d42cb21a6ac4283872f58,0,0,0.00042613532
1299daeb8375c8e6669d49d65c620f70,1,1,0.99999464
dce8987e3f3f477be8ddcabf8fe5398a,0,0,0.00024924774
eb86b6fe4b947d1ca3eae3b33cc1bdc7,0,0,0.00032017918
700eaa9bb8413cc847b68968da2715e2,0,0,0.0005430862
d1c57721b3b5014d3f2f4880dcc9ba93,1,1,0.9999974
4210a9ec5c48600079bcc5c4d2dee073,1,1,0.9999969
4b2184c32c7e2b12702dd68d809466ae,0,0,0.0021244779
82f8c02bdfc2de82d5faf479d6d8bf94,1,1,0.99999595
d7bde3ac9ed43f789aae4782a36d631b,1,1,0.9999968
73aa2777d4b418e1d115fcaa49dcbbec,0,0,0.0003789922
3d4403f60ab832fd0bfcae7b7589b43b,0,0,0.0003127959
a40d9c2e98df2cd92df667d1ca503e5c,0,0,0.0003337268
f19359d22ca02a8dc544c161f42927f9,1,1,0.9999975
cab8fa09fe0dc2e7d35747afaf074045,0,0,0.0017164586
e8be74c7a43d0fb92033702b4d718314,1,1,0.999997
97cd00fde7e62ca61478d5ebe33a77b4,1,1,0.9999975
e357f1226ed69aa2b41566dfb7380cbb,0,0,0.0026238807
06838bd2afca353c72fd9278a33f1e9d,1,1,0.9999925
769ad3aa67158d496bb24e64493898ff,1,1,0.99999666
2367102f3f58277e5bf1bf6a2ea80e46,0,0,0.010072346
1813045f4e03468949b531aa3d2a5059,1,1,0.9999975
f0be70b10759743d0ee0dd259bf8c8c4,0,0,0.00061605906
6913fb0f0febca580a25c2e60af9fe49,0,0,0.00023809975
c2eac0697047db0be77f8a2de4998f69,0,0,0.00026469448
47868ade48523f840ffcce3c33631032,0,0,0.00024360024
71dbc88566e35bba1cd042b0d4479c56,0,0,0.00025711747
9e895fc28a2e1fa429c99b3d6436b8e1,0,0,0.0002935936
1ddcb16103265ceef1b9ad7b64532fe5,1,1,0.99999464
368e4439737994c3cb3c506289073ec0,0,0,0.0048306338
b1b94bb18722263ba20bdccc9e527ac7,1,0,0.01674995
90ed398592fd2a51c55f89fa21819864,1,1,0.99999607
3e74da1d3326edd2b4d1096985b819ae,0,0,0.00033440645
6ceee979e914fad9de3c0a74ffb286d0,1,1,0.99999726
1f0f19e828632ce144aa213439b38775,0,0,0.00036829893
9cc12f9e7dd8b62ce21b89e92911b39c,1,1,0.99999654
841c6f6eed5f768d546c7a106a0d0aed,0,0,0.00092506665
1e6a282e8dcad2479243fe71f46d1017,1,1,0.99991894
c6449c84cb25614d933b07a376926e9d,1,1,0.9999944
b4e184b8077d3732f9d16f547fb9bb9a,1,1,0.999997
8e087595bb23356e2c345afb7580c3a8,1,1,0.9967817
dddf97061951966a7f86e6eabd856819,1,1,0.99997866
5a62302bc6d071c334fb0c6ec3cf4eda,1,1,0.99999654
f71c50ead8b175790ade0bb7bbb1cdc6,0,0,0.0033004151
898f728f1fff00c15a04474f0cddaef3,0,0,0.00039779744
8ad52a6b999660e7b05dc6f7085a536e,1,1,0.99993134
a777521adb5645aaa00169d8f6b0e2ee,1,1,0.999997
f896c5c05b9532842cd595f3f28406d0,0,0,0.0005919924
c592b8c76d22735b21b7d9086406974e,1,1,0.9999969
b31b4d4d137218ec712458895fd3157c,0,0,0.0114468755
15264fe0dbc9994d1d45ff2f7df017a8,1,1,0.9999654
07b738747b20c99dab2d79ea999fad5b,1,1,0.9999975
7bb97df8fb014a936ebfa2be89bf5129,0,0,0.009545449
82c937c18de27e0cbfda5c33cfab58d9,1,1,0.9999974
4fdcbc409c9c71d5775d7f885cbf267d,1,1,0.9999975
98e9582dabd569f195bcea8da1ad27c8,1,1,0.999997
19dcde553114bd998d53bd75bf2f93ad,0,0,0.0008827186
e5363d0a695ae251140cc3824c53388f,0,0,0.0002487205
6124565578cfedd96297a78b55872639,0,0,0.00028144795
60df3e102d3b3212689b1ce1ed8ec74a,1,1,0.9999975
9311586283b4706588de941dbd7e9886,1,1,0.9999969
22da2084086aa362988e86d6c5d3eb91,1,1,0.9999912
1e871013ec407e5e1af829a675501e10,1,1,0.99999714
db08bad063078ae7b0318f916b8e019e,1,1,0.9999975
655f19306501e2062fb77e6de5dc9fc8,1,1,0.99999535
6b0794bf080f86fbdb56182009c6dd12,0,0,0.00031116122
560cee2faf72ae0099635d868f3a5892,1,1,0.9999974
3027206772c990464ff8d15214f88e81,0,0,0.0026360129
c17309da3ab1d179e6c2339c91132710,0,0,0.0007181331
6c6a3d534fe3b5d8f4d2d4cb564828c9,0,0,0.007335726
9a595b26d1746c4072f71462ee3ead7a,1,1,0.99999726
10599112a9587a099fa1887cf82f3cb4,0,0,0.0003672801
b81e52bcd9174fa3cf24f150aaea8b3d,0,0,0.0003443253
97f7e358a2220c512d8c82172f3deb59,1,1,0.9999975
2ebd85e8420fdc7a31e5625cda5333b0,0,0,0.00038113206
1b2dae30532e4d5b5a34a850d09fb245,0,0,0.057703927
bd3c91a7573f424299a74463dee2f61e,1,1,0.9915924
bb853e318d2d1ec741b3885cd77dcec4,0,0,0.0096982485
f4002e67ebff9100e2eb09e0bd7a5390,0,0,0.00039380716
ff106d187104b561213c84c1171417e2,0,0,0.00049219595
cb303bedace36fd8d9fdf575b26ace57,1,1,0.9999974
ebff76aa51c7aa9c2a031efdf1433026,0,0,0.00044488112
4ceb8ceee07846c1814cb81534d7be9f,0,0,0.00034062547
ef30130f5d0d2d449b3b2910a2b04d3e,0,0,0.00036456576
b83fbe2e76f2f029835c0513d510662f,0,0,0.0007825804
849b4effa2fd1ceb53d733ee3c44150b,1,1,0.9999361
acf51e9dd23c469ebcbd1c0ad9bcf568,0,0,0.0007721725
c786236b1cd22b0220afdcd6c8d537ae,0,0,0.0049621323
47c4b22f3717e21a19068add1b6a8d36,1,1,0.99970907
e967d405d0e2381cccdc281e292af1e2,1,1,0.9999962
dfabae1f0cb3dc5acb8bbd14b33b22a4,1,1,0.999997
9df5e843e5cdbef204610f8bf6902588,1,1,0.99998856
a912640ba1642b420b93272871e71d31,0,0,0.00023953104
244e09e8441302199568fd525c2e7bd1,0,0,0.000686092
7eb3f14984b59029eb4e69c6ab8d040e,0,0,0.0014394753
1fd334a2c1c8cbd91fd8bcd9c1a482e3,0,0,0.0004726282
828aa7d491d5c4780de5f9054cc1a92b,0,0,0.00023452324
a5f233421bb67ecc9223634d7845982d,1,1,0.99898833
859557df7ab86c3b4804e79cec69f1d6,0,0,0.00040761565
569be43ca5376c5bed97dbe84348cdf5,0,0,0.00028354308
9fe9c9cacec3aa9b02dd2ea13f583cbc,0,0,0.0006014695
94993a82be1d57f54630c9ad0412b943,0,0,0.00032917218
79104128fde08f1950aee3e2efa0d49d,0,0,0.0009509496
58fb5ca8ae9b1066e47e2ab6918a8208,1,1,0.9954072
0e518a9266fe8199a0e3cbfe3768b873,1,1,0.99999666
e5f6fd5352399a2ef52b1b0ca8ea161f,0,0,0.00029979262
28ea171add0da17431558c2894ac9d02,1,1,0.99999714
75ca1d2c6ffcf3c2cf5f195c2f764ebc,1,1,0.99999714
946d5a6e6427eb2ace9fab0a2ba97494,0,0,0.00025553774
8b95b4aab573df918efcae89683ffae6,0,0,0.00029706358
729c3712526b84d9869585c926a81710,0,0,0.0057159257
5b003a2a53c6b8ba070fc06e390400eb,0,0,0.0007209215
9070c1f73ba48fadb1bc88c1778ffceb,0,0,0.06723821
0a0c62744c54760b4c4c619c8f3c4c51,1,1,0.9999969
ec00d35fc90ac0cfce87135de88e2460,0,0,0.00033477516
6397610df5ad1e8d97e072edc82f058f,0,0,0.00046713522
456c21207cf96a3b4716c424430f5867,0,0,0.00047978378
578f74ca8ddf01bfe9cf42f51b04be87,1,1,0.9999976
a2e8e92cf5bf010e200a24ace66e998d,1,1,0.99999726
8f0bbde0ffe21e23d197eeff6019916e,1,1,0.9999975
5c193e0b11fe951102b58c718ce56b07,1,1,0.9999974
1581cfae3701ad878b9214443c3abcf3,0,0,0.0008185442
5a6a98c88c8db23d781eee66d69b8ce4,1,1,0.9999974
d4723712c07cb5a3e10c6c15b931382c,0,0,0.00035636438
707404239c70fb54e22b57378fd2ac3c,1,1,0.99999726
44344567aa47425f41928b8eae92429d,1,1,0.9999945
68b4e67a7af2e0bbd417d87e4a15e62c,0,0,0.0009814042
fa060d168d2591748764947a25bdeec0,0,0,0.0011475158
9c65f11b8e8c12005f380eb825db2883,0,0,0.00031161512
c0ed6e06bff027226145e9ac4d1c2943,1,1,0.9999962
3100164d7120ec32aaf552c49671b329,1,1,0.9999968
136e818ab90d6b9e8e2358c3b7c451fc,0,0,0.0006761727
86a955402bb16675d909581d5b9e2c85,0,0,0.0004377144
1f3abef11ee9d0a4d420c1a7f18bd76b,1,1,0.999997
726de2b1965731bcef67232b73512380,0,0,0.00028162726
d36a10551ad39925fb80e0d7e11180a2,0,0,0.0026213515
45172686e44eb9141232f6ac6a5668db,0,0,0.00060791103
d925b233a41edd705de1ec26d425b814,1,1,0.9999975
078e5ceb4800f17bdbf4f2e8846f332b,1,1,0.99999726
80872e655866bd5d2df32edc26c79527,0,0,0.00038854397
fe0561cd9743647c4aec7a66b045ebe0,1,1,0.9999974
3c1d9bd4efa4a28fc960dabb0106b857,1,1,0.9999974
13252b5b839705b6e65132137324a905,1,1,0.9999969
c9064152c10120359eb3b89503a23ea2,0,0,0.0005285721
f652cdcbc1c6c74b0ffa4d13c0dfb84d,0,0,0.00057446683
df3199bdc63a1cdc420051d87a204ee7,1,1,0.99865496
b6880b43b55d13163aec4e4539e4ac0f,1,1,0.9999974
1ce0dc0eb2c64681e184de43782d8f6b,0,0,0.00035910838
9bc60ce1ec62cbc61c7c4637a14c1926,0,0,0.0003043445
247e7da8d3f5829f422312c6c35993e0,0,0,0.00021848398
f70cec8ce36fc42f2a091f46994c93dc,1,1,0.9999877
88454fc5972a86988d262eaf67e7e4f7,0,1,0.9910314
d9a2f3d98443a242b9dcf2ce919b3cee,1,1,0.9999974
07938697ac217f6ee81e0294825151ff,0,0,0.00035124816
b47e680f5a89216a5b7824298e977397,1,1,0.9999399
4ddcee87a61a9e21cb86df954d1f4b21,0,0,0.00024898743
7e0b6b5f24132eac52aa66c75e4fe590,0,0,0.00027069898
2fa12fa3dac6d5de5ce2a988e7484f7b,1,1,0.99996614
a4e91090c022682962f3611f4a8d2458,1,1,0.9999969
313f3dd000893ea5ce941b912358e703,0,0,0.0011755795
466c81e5a0935d431ae0ea0ba5b4e6e3,1,1,0.99999714
e0f6b6e0ca001a2d93fb69c54b6f213a,0,0,0.00035689032
9dc6f65de2ce94a5b6399484c8914105,1,1,0.98611826
37367823a11132042051e79b215f3a21,1,1,0.9999975
3898ca3f2ae3694be9c5b7dcd2576733,0,0,0.0007285744
806526b1425ccdddb0640ea599d31aed,0,0,0.0067937146
284be535ace8cee58a47857bc9d8e11f,0,0,0.0025789216
66786b6ddeb3bfae0c01d503e139fae8,0,0,0.00061757077
8ca9caaeea159beddccadd147a53c9b5,0,0,0.0006707499
7d0e8ec40cd82dbf0c29861a2eb5eb49,0,0,0.00077664555
fba32b9fddcbb2c8187f104612a6ffa1,0,0,0.00025131664
222e890f74274f206dcc2d874c4fb068,0,0,0.011141303
4ae0e091ad689c3219611aa295e7f2f6,1,1,0.9999968
d931e465ae4f1da1b069dc38506f1b40,1,1,0.9999974
5f668a379fb1faa0d7dca6f3b77473b3,0,0,0.00025134298
c09b22c46e9663168146bfb722f1f109,0,0,0.00024915888
6f9507b67e359a7cf270c5dfc8f53393,1,1,0.9999908
c6c1a4d20eb1b95d5eca8301f27c3f02,0,0,0.0006401248
5dba871f43c7bcfa93a6174052805b99,0,0,0.0010689705
ecad5bb86a0dc0724f7446e631a09760,1,1,0.9999975
41dc85db7e5e44dd481e6ba7de4dfeca,0,0,0.00035169066
744ae2b88b1d50923cd07b3304c2b2e4,1,1,0.99999714
f61ca28d2083503b33539137d9cd0739,0,0,0.00050485827
5e4bf2048de3a1af40a43fd2e2bc2810,0,0,0.00039179315
a2c164becee8d9a7238af1331e09c2e1,0,0,0.000960595
f2ff871965ae18f565583391b948cf65,0,0,0.000262679
911ba5f56261cfa1458002b402fab764,0,0,0.009315217
61309775eda6dc4470c67d6ab64e5ec0,1,1,0.9999974
a07b21b229b42434d2c7b4eb94d84c9d,0,0,0.0005322881
edb69a1ca2ea8f19c00ab595bee22461,1,1,0.999997
0f2c6896c67a4b5dfad6980d7a0c7fa0,1,1,0.9999944
182e84a7397f1d859f75c33805210049,1,1,0.9999968
8e06275fe4ea7b4e80dece5c1bc63c6b,1,1,0.9999975
3cb80407f1b358a01e4fd4e8f4f49248,0,0,0.0004511414
57d5d93071e6ea8ed6a99f79ac522601,0,0,0.00029537195
6ce4bb722baa51dcd15e1f5f2943fce5,0,0,0.0008521436
e0d4cdc8bfed6376e7c629153674d99f,1,1,0.9999945
77f521464359fea3b6dbb66960b1efaa,0,0,0.00026381368
77cd5c51e88ce07d24cefe81c69589d7,1,1,0.9999969
03af16dd69d60541dc84fc86eb5e8497,1,0,0.0014272708
54a3524890c8ba980a5680c71a618c81,0,0,0.0012457769
a5facf5caf303b64967b51b7dcd71044,1,1,0.9999974
304ef2572030aff7bc19e5cb4f8f75e4,0,0,0.0006267186
ac5d4bf9dd3a45a0b1987e6e780d38f0,0,0,0.00032185172
0c02cfbf83bf940578a3f3baaa612ce0,0,0,0.00048116033
289daae215dc8558b43bd043795c6e0e,0,0,0.0013307426
1e5b16bbfe4e1245cc1f398cc10f8ef2,1,1,0.99999475
1fb674adb5d3b2f914dae978952c48f5,1,1,0.99999607
af686b0abcf3779e0d29a90d69812bdc,1,1,0.9999902
dd69efb144468d916a2d76acc332cae3,1,1,0.9999975
5aa97979579ee7ff089bd3594e02451c,0,0,0.0005615012
0cf4486a98cc414b9b2aa710559ac6dc,0,0,0.0004261731
148ac8fa658e67806f12471e30c69b9e,0,0,0.0059203054
155b6a8a91f3879d13c6f86a5d11f2e7,1,1,0.9991304
813a216dacb12f7e55f8c575c8194419,0,0,0.0026379817
559b7491b6031f4951e070f3fd8cc8cc,0,0,0.0006410751
7a3437444f71ef9626a6c3279db76e67,0,0,0.00082718045
600daeddb41ff36b74393a7d7825d4b0,0,0,0.00045194564
2b6758e4762e17cebe2962001c3253e0,1,1,0.9999976
15904323f756364989f1d77dc2b2a067,0,0,0.00043164118
d30dc58f18813694ea965b3a8591736d,1,1,0.99999654
c88f0530d4fcf66b5112e90e869b9703,0,0,0.0006169842
09620a97d11c20d9aedf91cc2e152e0b,0,1,0.6354931
f774f1cea39191231a486ae243edd1d3,1,1,0.9999913
b2621f4ca985054f131ebf4d6a6e3047,1,1,0.99906796
0f76aab7638d208d2ce66fa3f0ef0213,0,0,0.0024452682
ee47eb3fdddf614330b6b4f93e445d9f,1,1,0.99999547
92d9c893877ebd46f8c0512da0b0423a,1,1,0.999997
0dff2948b8f5279742aa1828354ecc85,0,0,0.0011073581
e7c73c5252dc0c6ab8c9f3b663c64cff,1,1,0.99999607
cf8854ee50670998f8d695b9c4365dc2,0,0,0.00025528885
ece8c95d10d04e4d169f35bff163f697,1,1,0.9999975
b09f0edb1b3a4954c0a7a51ab06b240c,1,1,0.9993742
3721422e21680a26d0db00b58ceac53b,0,0,0.0003111173
31c5f03f43d52bdbfa4b49c15efaae88,0,0,0.00026734284
9f2a657f89325d2e10d2739872b49c9f,1,1,0.9999975
22d1f3e5c1adc57ad1df9fa2a94967eb,1,1,0.9999827
82b2649fc6b42b2230550a23c3e08401,0,0,0.00057489524
61ead9066cd2e145f6c5ebd607f5d068,0,0,0.0004341944
d3ccd9c3ef72025b1226f73303653a8d,0,0,0.0004675642
dc05b69d22c250e125c6f6f32a94f93c,1,1,0.99999726
fddeac90e34275f6cb138231cdfb7eea,0,0,0.00033677844
e8b1205f8c28ec0e57ad337be01d744c,1,1,0.99999714
a3c5fbbc5e8c11df549ae1f48319643c,1,1,0.9999969
e2c54c92b3a459988a5f3f5a56847cff,1,1,0.9999968
bcc3d359d86b02bb76d5a9762672fd53,1,1,0.99999666
2a5dde15a11808915d4b2f391a3cd938,1,1,0.99999666
f4d4ec2e3bb3362ca20901eeb766eae0,0,0,0.001904479
7e6090ef76b8249fb7d7689d2b79d39a,1,1,0.9999975
cfd7667ac51a69697d1b0a29dd81232b,0,0,0.0005574591
bdcee5a76cbf5ae42d6bc430305db1b2,0,0,0.0002461744
7c4b9da3f256b3421f3c4c80e1772a66,1,1,0.99999714
cdc46b7b3d0dabbf789f38054950fcdf,1,1,0.999997
c8322c05a5376d7a3fa126fad16c4703,1,1,0.99999726
ae02e285cd250a3b54b62ee596cf62c8,1,1,0.9999975
4d8c33a4f7b3c154c9d686209ea710b3,1,1,0.9999975
5ced0425bdc81e314ec416a1346041ae,1,1,0.999997
7ec670727a283a9df544ca8544858c69,1,1,0.9999974
201f6f46c2e84a14b4700bcba82bf1de,1,1,0.9888362
737c854927a48ecbb5b449ca3a8873d9,1,1,0.99999726
23ef285daf7d7e747ef27ac61d0b5c14,1,1,0.9999962
4b62ae5703b6e60b8f4a55a83122f323,0,0,0.00065605703
3e0032fa66008ffdc39ea1a4cc6539af,1,1,0.9999552
ad347df6e26ab7641476b1d4f981b8d5,1,1,0.99999714
fadeb081c75f6dae1e20b55369940b11,0,0,0.000290539
4954dcdd7407b9631d9c24b6b4a87b4f,0,0,0.006758215
25a4384f0cad733ebb48fa8562b3bf60,1,1,0.99999714
1eb4c0c6084b4979b9cd999378002a26,1,1,0.9999969
1550ccbf1bb34ba1f8c1f0d3c5ef936b,0,0,0.0002781885
698d537c31a4ec4b5a075dca67e77218,1,1,0.99999726
a59006466cb2dbfa01ee1916352b0e78,1,1,0.9999974
fbcbc62b7b1074171d32ec96ac3ff43e,0,0,0.00043856114
5bf156a7a64541900afb0c344bb86b99,1,1,0.9999975
dc0045bb1c975dbf4e76e8baad49580f,1,1,0.9999943
5a81627f758e95386b5337253f0b14d2,1,1,0.99999547
145ec5978cab4f6fe55ef6b669299949,1,1,0.99999344
4113322e2024df65a80ddc8ab6481ac9,0,0,0.0004021489
e1a8c323f359dc98279416c5f279baf2,0,0,0.00020136786
a0770710d762bc48ad9635efe6b2f520,1,1,0.99999726
a3aac85dc2a9ab65b1e251cfa9b6136b,1,1,0.9999912
d8ca2029067c69ec5777bc78cc0e84ed,1,1,0.99999
b97d41742238782714076eb62508e24b,0,0,0.0013223409
93f5e2b61c358b5f6cece986cc1a4fbe,0,0,0.016560342
ac6f639e16a6a743215806f5801fe223,1,1,0.99990726
51287c6908a1f4ac846cc48655a6cf6a,1,1,0.9999974
30d9b5f2f6c16bb81de383bd683a5a92,0,0,0.0014543474
66cf72b7d3ad2a599c0535afe92ef263,1,1,0.999997
3c79769b0a8cc7adbad2588f926e3fee,1,1,0.99988806
8e2b36996829cfb9eb17a57c1b5f21c5,0,0,0.0008463576
5ad335371afb67828ae37e34eb105067,1,1,0.99999714
830d828119bdafe48b391ee25b8a81a4,0,0,0.018681543
fd6d094c10b5cb3649999a3a794ceaff,0,0,0.00042480056
2ffa70d7cdb1df83f02258e4e76a1674,1,1,0.99999654
212b7c2c3fdaa21722511c55c3ade9af,1,1,0.9999975
a27034f59cef15b1796394c247c6862e,0,0,0.00023883094
3678df8ef5c9b5cac7308c19df01ce21,0,0,0.00031258992
10b51721ad0a43de0d4d64a01cec9afc,0,0,0.0002816133
45a74069c311e92974bf47b228641e9c,1,1,0.99995315
d694a8711521e1b97a8f5ffdf8f92480,0,0,0.0117544625
4ebcd7999d873f516dc3a16793a49857,1,0,0.2584739
7b31d33ad3e1ae339d12978693297cb5,0,0,0.0018757079
580bd74f79ca8f8415e4c874a3a500b0,0,0,0.00040687187
95acd24aaa63388b0d270ea008121d47,0,0,0.00040622076
6c322ff91a2c2aaa1090b3a216ff4e78,0,0,0.0007407361
ceae106ecaa700717f9a91abf1a8d42f,1,1,0.9999937
3645b16fbaea5c1fc21627f536c4b37c,1,1,0.9999974
77b851b5bad83ea5595b23b555a6ca9f,0,0,0.009553694
aa0627db50257dab64915ec75c12c47d,0,0,0.00027255918
5edab83bfa76bdf91bb074f1b488c86e,0,0,0.01178396
15b0efe264dfae1f8918b39c9e2d9756,1,1,0.9999975
f31233c3a9988d8941efff070158ffda,1,1,0.9999975
b6298929fc6b873bf4fffa380058ddbc,1,1,0.999997
0664ab087bf58570653df3b21797d8c6,0,0,0.00074341905
b3748aa785b0a544c87b1e20d00513be,0,0,0.0006789167
9fe988063416fc9f0a687f596c9bc794,0,0,0.00027696634
214845d44db90d56eea624e882a6d9ed,0,0,0.00026000614
cb3281cf768229f825d6b64bbbe3dc0b,1,1,0.9999975
9260beb70fe78ee1ee3c4d60b2365aed,1,1,0.9999933
f47943869af1404ab0879d47d0970f87,0,0,0.000610881
56a90e3514149d7a6cdf280efc856b9d,0,0,0.00022249164
8f3e4ec224b75f94580e478b13f3606a,1,1,0.9998797
da7c0af0108278363462c931bc3d1020,1,1,0.99696296
6caacb14de9476e2795ddc3d008e94f2,1,1,0.9999976
99e4deafd7f8d5e0cbae755f7ef90f5f,1,1,0.99999666
611a850074b64ef5f6a4264a7ffa8451,1,1,0.9999975
e82fc2d0f4bf8abb34d87d7c590b2d41,0,0,0.00024840437
71bcca1a0bb473c7ac14e15836119893,1,1,0.6212407
30624f21fb9e5137ad9d9b3d0011522b,0,0,0.00067473843
a5ff31204a567ba7cb87c136286ed44f,1,1,0.99997115
11af947b9127bbc55267168be1b7636e,0,0,0.2895072
36a8856d541c885c0a85dc4fb8a0ffe2,1,1,0.99999726
811ca58264c1d70285977dc91487b948,0,0,0.001414463
6c649141913886f2938b196c487413cd,0,0,0.003103405
cfe231c071e4164d59c196a4ffc46973,1,1,0.9999974
d680d5c033165db8ba793050d8194710,0,0,0.0015813481
66dd60e8f759e80b21b9aada116898f0,1,1,0.999997
169b619c8e60671cb2c16aafecdf95e0,1,1,0.9999975
8e11bfb7127d0c676ad6da8999a9a1ad,0,0,0.20538326
8a131fd0d304d34b4d72d54f1850e6d1,1,1,0.9999975
30e9366d0c20069d68a552ea4f6eec90,0,0,0.00037273412
521f6010ea4472b6b61a7cc1bbb42de3,1,1,0.9999975
2390fbcbec58a50b7222f43f8231ea0d,1,1,0.9999974
c275729a19fddc1db35680a03bbdd52b,0,0,0.0008546465
2dc1abf3399c96c6c12a69fb9c09c3ce,0,0,0.001694196
bcc2b02ce97ee9367410231f81b4ffd4,0,0,0.0006337953
a6e4dc6b0fda46cdee4d5c7d1c9d47f0,1,1,0.99999654
13cd8117c69fb4f6e5e6638edb1c9b57,1,1,0.9999975
be3772b89895c207b392c19adecfa5bf,1,1,0.9999951
656d1cbcc66d0fd41a82680b8ee52866,1,1,0.9999975
57765289214f36d2c9a5363d7d960bcc,0,0,0.00041646528
05d704f7f33d5eef0b2653951eda5701,1,1,0.9999975
339c507d4a53347a433fa42bcddeb94f,0,0,0.0002873216
96854baaf090aecdc47791f1f92a48ff,1,1,0.99999654
22bc4cfcf724e0ff3eb7e5343bf4b26f,1,1,0.9999975
3456bb5825d9d20c08a99a2da1c3abfb,1,1,0.99999726
c0b195a8cc52704fe5511423a2dacbaf,1,1,0.9999975
cc71235127e556d4d6fba3808befdd7d,1,1,0.99999714
c144c31bf1619ce3ce80322a1b4f2ad8,1,1,0.9999963
ea56cc328a60bde37aa353883ec8914c,0,0,0.011124191
27effae4956b7c2dc79f0b7e5c7e249a,1,1,0.9999975
8ecbe98a5e9d4bc53360f18c952224f0,0,0,0.0003376023
96a507d9c49f86d4a95cb91e036214c7,0,0,0.016017621
e1c772d8531a9d2bb8f734787b7e7a11,1,1,0.9999975
85abbcb02e7744d19e636b03ac6f8b2d,1,1,0.999997
2ef6569107515402bb131b200d18c6c0,1,1,0.99999726
cea52719e7bca566b58a66ceea6db073,0,0,0.00026699234
f10eea4cd78c864ee311bb8fe806b3fc,0,0,0.00024320757
0ea695aca704dadf4f2db952194b8b44,1,1,0.9999969
9108cbd7ab592bfc8d44ce81d1487653,0,0,0.11839669
8ec24501f827f888d6735cd613e5aa22,1,1,0.9999975
2275c3f7a09997f68e3d32bcf6bf3972,0,0,0.0008429893
aa370615862b81b8c67b26f0d367a4ef,1,1,0.9999938
aa0af3ce6605ca979e50b6de717babbd,1,1,0.99999046
5c4c8b3d2ad6541df1009c1c66b47a8a,0,0,0.0003603031
d2c7e90f44ccfc9fbffb7e3566941272,0,0,0.000804494
567652d47db3bbcac0659b3e4f35a0cc,0,0,0.003562106
1f1c91903410fd22fd3883dc4419b08f,0,0,0.00040309323
4108b52f9b86cfb2744f7e97fdd4d20b,0,0,0.0002844846
c668211b3c0c780f395d7491d7d762bf,0,0,0.010120796
f1fce06cac5f909ae9ace94d079b946c,1,1,0.9999975
b080971d3a0616bd1e85795f01adfe45,0,0,0.00030323636
447eccad6fce819376ad9b3f3a4b1628,1,1,0.9999975
d8284f2c0e3057410781937a0297da7f,0,0,0.00030996295
a62e3339b969e2a3d248f7f775ffdcc1,0,0,0.0007954851
9613924e59dceff1ed8bfb77e24c5163,0,0,0.00054321904
ce3064737aba66943a6ec68d8a98c332,0,0,0.0007132075
8c52a78947f4fa98fd08fda3b9a396ab,1,1,0.9999975
82ffad98bd2ba9864060380bf0a596c4,1,1,0.9999975
ae056f2ddb9c21dedeaf614a3bcfb105,0,0,0.0005011554
7bd3b0e4fd295e27ea4a5b9574009285,0,0,0.00023854329
2508637cd0e69ed10434aed2555e943f,1,1,0.9999957
d5784b333408b02421ef27b0bb1f0053,0,0,0.00028476032
eecfd76e3572c756e687d97726184120,1,1,0.9999974
f0a0ee392ccf1309e57d1a9266b7ff09,1,1,0.99999714
30fc60b9c1dea00180084870963c8912,0,0,0.00033396835
024a2082395971cc85714545505feff5,0,0,0.0004621639
80110a763757148344278293e91fd017,1,1,0.9999516
115fc071b41aa1b89f2fded39b775250,1,1,0.99999726
8705a68ac42c3e4fcadd9c13c0521d8b,0,0,0.00029724007
cc2da7599b7541e639c76f4b73ebd562,0,0,0.00067389733
d4e8f6aa71841049fc6f723abb18fffd,1,1,0.99999714
4bdccd991cb6e49165c64b0cb6a34846,0,0,0.00030132514
f9710d5247595ddf318cbfe533b9249a,0,0,0.00059988396
613d6a597f62fe29cbb428a9557b8217,0,0,0.00037758786
4db6b6f0f4e1537be6b964064cd781e6,1,1,0.9999974
4f1192ba2c4665fce389841e61a23fcb,1,1,0.99999714
9167626156c9307e8ecf656321ed1e7f,0,0,0.00045269894
1ade7e25c94c1dd13ff6dfb2cc9bf3e1,1,1,0.999997
0b7b2bf3a25d1df19507b9c22db73231,1,1,0.99999726
44502f845625e1479378fb14a73ca03d,0,0,0.00056563865
3891d4a01961e39016c2786ee3760c5f,0,0,0.11189658
fafe2da1ef89e498c7fdbd3b4981e16a,0,0,0.00062308594
0af773844f599f1efa599adc18a6e7f9,0,0,0.0005753252
4d6ab9f9bf81a3ee27f8a934e38c776d,1,1,0.99999475
87571a800df786ee617154c050c34087,0,0,0.0006693202
8e8f00e8149cd6d623ccebf3ad227837,1,1,0.9999614
453145a8cdec527b3b28ac31e35526b9,1,1,0.9999975
a8c74275cf779d254f1e8cac7e3ffffc,0,0,0.00066591805
01aa3fff6e1304f0b6ca17cc9edcdd1c,1,1,0.9999975
7aec0f8c6ed14141ba9b2148eb75040e,0,0,0.00039323955
184bd5fa95d943d8212cc4c882f43dde,0,0,0.0005425122
c92cf26da726e1144513697027911b93,1,1,0.9999939
0e15eb2b02bdfa87942d5366af4cbb03,1,1,0.9999888
e2bb2fe747a081de086e408af3843dfc,0,0,0.0010550523
cdcdd0daac5ec101b5ff3da03b9800c1,1,1,0.99999595
e23f899750f56a32ca2365b379199e58,0,0,0.0008102407
ce5c5def755396dd95e08e902646a587,1,1,0.9999976
4fc600fe4256886bfd34191a4d450b22,0,0,0.0018555905
0e935864a56418df471341fea1f636b1,1,1,0.9999957
2e209de63d3a05f31703695b8315f101,0,0,0.00047819313
d334bd96097e9982c28a7d5ebbc6a812,1,1,0.9999974
a79f187829411ec471df9a5d806dc7b9,1,1,0.9999975
200626f4cf8f3bc66d50ed0917ad14bf,0,0,0.004519784
c1d538e1c1a50423def4e91accaefcf4,0,0,0.0015864433
1e0475e450d664b671bcc9bd9e47cd60,0,0,0.00042273107
43d8a17f7d123c89fa66da8be9e22848,1,1,0.999997
e54fdb8da8257c23544645032db5e2e8,1,1,0.99999106
4ae45799a9d3c2bb15a64f76f92c2123,0,0,0.0031696383
2d7620367895b9de3ef97af47f6df6db,0,0,0.013344817
d2ca5bb2e46e22cfd5f8ca8b47a23bcd,1,1,0.99999714
80f5de888bdab578625d50ab6d39e3f3,0,0,0.00034655727
35bb7db0fd55ae86bceab57cc8593f0b,1,1,0.9999975
2b137c684021ce3d832d1be70ff795fd,0,0,0.02260322
5dfa6eb833c9b33d6fdd1f7e9a7294f5,0,0,0.00048099636
eb278272a362e371fd3e7168b0718d36,0,0,0.00031719744
06eaaa01e5fc90e2c9105e93e0c5e0aa,1,1,0.99999595
4a86dde9d9adfffac18899312930368f,0,0,0.00032229943
fc41bf0ab32b90e882a66ba51e98d4ee,0,0,0.00035472555
804ffd6c892c660ddf123cb0c127101c,1,1,0.99999666
2d3b0e2c73c149de0392e832f02950c3,0,0,0.00023758093
65e9069a4b31bac1fd53ec77bfbac652,0,0,0.012186164
780abc215f1edcf6a8f9767a27096c20,0,0,0.0034559285
7a8d05e518ee59ae38759d6cda0e41b7,1,1,0.9999974
a03a24069c9e0c607828e7c34a3843e6,1,1,0.99999607
d290df96a6262ff64bb9fdef2fcd6b1f,1,1,0.99999654
87d053cf625c6bd87fa0c4ac53a5f67d,0,0,0.000904209
8e2c082324a83efc2748be8fc5631a2e,0,0,0.0040072734
64c9b42c4944f9e277206f2ac1b0ca6a,1,1,0.99999666
d72263d20742f03e8263cd21ff26c677,1,1,0.693179
7e96b9ae5226de3b76f5647e9d2e1ee3,1,1,0.9999976
3ac1784223a4c944ca16c98b26f3f728,1,1,0.9999975
ca8de60304e96cfd2379171b648d635b,0,0,0.0003457957
03b39431bf06c7b5ce09620e75e441bc,1,1,0.99999726
fe620572946d237cbeb9ecf765afeb0b,0,0,0.00035252416
af614ec00b61e84cbdd676c077b937a1,0,0,0.0015609933
99808c2d73fa7a5c18514620794d5ca8,0,0,0.006057496
f094eb155fe773478418e32c2da2182c,1,1,0.9999974
c335f894244f113da783692d6d496867,1,1,0.9999962
61dc97b060d7f73f89546c182ce5601a,1,1,0.9999974
caae2e3791180f0e53f51c565b55f6d7,1,1,0.94495285
5cf898c05e01ea5b283b665698c88dec,0,0,0.0017126097
ae92e36c13935aa70703481bc26e4c04,1,1,0.9999975
7cab1b835b26fbd5adf84af6cbc1088d,0,0,0.00033813916
73110d5f95bc804cab00deed473144a8,1,1,0.99993706
52508f7aead74316c01772db766d1d80,1,1,0.9999974
f5f3bbd0213216bc3b1dacb5be590e42,1,1,0.99999547
dee1838a2c0a7c365ca7d80dbc3e0316,1,1,0.99998057
df363ee3d96aab7e8cd20ad68e0ef6ca,0,0,0.002395891
f6db21810caaa77dd258d12d86974fe7,1,1,0.9968264
19f15ca3ec17e02c877b68baccb0871b,1,1,0.9999958
b5a0c00b026892443760efb2cef23daa,1,1,0.9999975
179c1e46ee4797266b05887ed69eb565,1,1,0.99999654
ad35024729955beb0ecb2a51ec2c0629,1,1,0.9999975
007b1c39922faddad3bb750a78b4884e,0,0,0.0022917031
31bdb1e0e41e2944daf37ae0413c3b40,1,1,0.99956745
702d54194eb283a14feffeffa5640f2e,1,1,0.9999974
f2dcc791a97b941f3c832db8f838f5ec,0,0,0.00034861424
72c5910982500362db1729a0c259d392,0,0,0.00042510475
925d621dcc78d24dde445d11f2094e0f,1,1,0.9999888
2a8bc05096812f629a3546ed583f733e,1,1,0.999997
4e9d50398c8e380352aec3105aa56aa0,0,0,0.0008337632
269dc92ccb267c8362d2bc4f509ded02,0,0,0.0020646302
1ee4dba2f5b4c1763729727852c55efb,1,1,0.99999285
9380e1a2a357371a1936d33b7463dfcd,0,0,0.0004590886
332b2e56b5f86d58f3eade52e0271833,0,0,0.0003074149
61ad5bdabf942ebb9d2bd708ce833f82,1,1,0.999997
054c23728c63b75fc699259783a82e1a,1,1,0.999995
3e68c596c297b539258f4b32479bb7da,1,1,0.99999726
2e4c4ebb85f9dff1e7d18201d27b2410,1,1,0.99999416
798cc08a761fd99e700d982def136a5a,0,0,0.00040725365
cf045123cecdac956ca6674dd5dac5bb,1,1,0.9999975
69d075b49918b1c5b7a0ab1b9d919e7f,1,1,0.9999975
69f2fa3ab9c23664ad8e05ff41cbadeb,0,0,0.0004996058
4f9b136d0b29e43a462d8d8d509f1f2a,0,0,0.00074468186
9f169e180dbbbc1e08bae1440205c510,1,1,0.9999937
ad5618de2118488fc78b17c57b2cd78a,1,1,0.9999852
350abec551e0d61378886ccdfc0b5500,0,0,0.0002993939
42ae5c0f935f3578d12b7739cfdbaec3,0,0,0.0008236772
af91c58e5d9dd6b2df85d024ea6a1b64,1,1,0.9999974
d6e123707f6cc1585b82044ebf6735a0,1,1,0.9999974
37a7b37fe4f52aebf7fa9ae1fab93456,0,0,0.0003721978
13d5db29570a4631cccedbb8a9475737,1,1,0.99999475
c1e43e4b20217754ea809f9a170356e1,1,1,0.9999975
46adc7c41c25bfd3caa2d5184ea1cec6,0,0,0.00093451637
67cf6dbfe965cf10593b880359f01fe1,1,1,0.99999607
8cefb725f7b3996b01a4eba1cd99da5d,0,0,0.051117472
e4b32795bf283a1f7a76081a79a1dc18,1,1,0.9999975
59ed3dbd4f1247aabe2560a319ff47c1,1,1,0.999997
8ba1749a9c3c6f18030467ff5ccd631b,0,0,0.02515501
b6b9d57fad82c0795c24b54b30bdfbae,0,0,0.005189651
159b99f3005d5cd04f78384953ddee12,1,1,0.9999975
468bc2381a53509279c5fa832b593760,0,0,0.00055714307
7f3b2c7260ed9cd7c3d100cd18c3c812,1,1,0.99735403
abff82f1aedef3c10b49e9e5b4a125ae,1,1,0.9999975
f10060934013d9bcc47d1ea682375a05,1,1,0.9999975
59b6cf6dbec9f80647d050d048b1db15,1,1,0.9999975
387bd1f6f3dbd33d59f087bd429f8a45,0,0,0.0005216296
304f338b123a69026a09c54897f0b825,1,1,0.99999714
f8e6206b1c6f101775d7ded44d2d50d4,0,0,0.00049342716
c9014e34a7349e1fa194f384196cf297,1,1,0.9999974
29ca392e564db27391069e6230a66788,1,1,0.99999607
50aa62aa386cfc7da04f0af855bcde81,0,0,0.00028083738
a3258a8f70481e22e78dd9442e80eb10,1,1,0.9999949
47363ae275f847de377b5f29780950e1,1,1,0.9999975
d46640ee8e7e9afcfdb23282a703e2c0,1,1,0.9999856
87eef4434643ec2fac57816de397b44e,0,0,0.00035103076
d4c6805b2ed7a2814441d802c8da11d0,1,1,0.9999974
b52acf052be56b202c1a0473f7bc1bc4,0,0,0.00034246742
087235cfd5e812b7bef6450a9ae7988c,0,0,0.0049821334
d7baed105e845214e29fd9ff513e0954,0,0,0.00023401243
984c645d7c29b6fe7aa784d8bd17768c,1,1,0.9999932
ea3148fb2adde42577b7f7df99cc2bb3,1,1,0.99999714
15818ba781109a30c1db863f9e1d746a,1,1,0.99999726
3b7220637139db3d9bb73437719b97db,0,0,0.03562407
500bfde81a81109e16dc2337fc97e2bc,0,0,0.0029796371
2aa15fce2b6fe6c0c908b95caace76e3,1,1,0.9980725
74fd7e1933c702cfb68b78e878216c24,1,1,0.99999654
29023aac9dc30ceb9e0894e941e0db71,1,1,0.9999974
f67bad85b9bdd15502e253beec64281d,1,1,0.99999726
50761e4bf3d81e374d2bccc01a8c93b5,1,1,0.9999975
31aff3f36192c78ef911ce50012b0048,1,1,0.99257153
cf8afe4de65e19f84c768be0cb336503,0,0,0.00043586318
294f1bb48c93e66125667cbc9ce0409e,1,1,0.9999975
8b12838120e7559447c608ab2f477596,1,1,0.9999975
edddabe0c03076e334ca8467277496b0,0,0,0.0005653312
be9dd27b59f3431390b410553d2f66e9,1,1,0.9999974
64e86c0126b7e9fc1efa10609ca44e1b,1,1,0.999997
36531248e828d6fe91fa991cdd64c52d,1,1,0.99967635
67ea327073d3b3be947e8fb75f64a245,0,0,0.0004404362
49efc4cdb468ef4c37bafc200443bfcf,0,0,0.0009114393
3d9dbea88558ab454dcabc41337fec05,0,0,0.00029066033
bc254757b1649aa7a11925c07c4f3c3f,0,0,0.0208675
b896a642176d997b7aa2dd5f507c3672,1,1,0.99999714
31de14206a4fe0999f503b7aa1e8e52e,1,1,0.9999975
4fabff3832ed59666b724c8e85db2fc8,0,0,0.0003304071
785b40852df9af03351b191d0cff90f5,1,1,0.999997
09d6e59c2c0797bcb83fbc9408521121,0,0,0.084488474
f4543de9d77ea417b23bf93dbc3b3d42,1,1,0.999997
9cbae52ed7182a81a78850f9ff819824,1,1,0.9999974
6b676e925395c4a2610ac0182fe87232,0,0,0.00998987
0f44cc04cbe2aaf700d5b35f60777000,1,1,0.9999974
f481811a362ee9cf081d9a0ec973a6fd,1,1,0.99998295
4d51eb2f09ebf07d70ac602f38c6d348,0,0,0.0059148245
e3f5fcdee3dd6a85b0d293a79c80151a,0,0,0.00077065435
2372df934dd7fca38bd826d9df2a0fa2,1,1,0.99999726
21fc0d45455b83289217ee350b181020,0,0,0.0011032299
533f3473ea14af78c44fa0fd10baf15f,0,0,0.000299435
2dc8155e6dde3d3b08b4e91126015e80,1,1,0.99999726
788b527558c3f38f948313a7fefdbada,0,0,0.08065899
d65acf9dc2216df0873bf93919bf63c0,1,1,0.9999975
f4b6590b3916d9e6969269d58fea0207,1,1,0.9999895
6d0edc85dfbd5a165ab2e8a6f80eaa4b,0,0,0.0004235666
27204fd698a302e8b118da903f673a5e,1,1,0.9999974
7f120b09c0752a49b8db504538d74707,0,0,0.034195606
0667430dc1c220c8ea5d967360477899,1,1,0.9999974
ae41202a40a573a3c6c85b462d6e2588,1,1,0.99999654
216c5e82c0d8bdd4715cc316ec681d47,0,0,0.00075095065
f5efcda1af55b6aba443ff1d07c3b111,1,1,0.999984
e8e730ac49205a16c7d6ca3fa1796d20,0,0,0.00043269127
6d6044fcd3205f3549f85f55695086d7,1,1,0.99999595
8ffd124e0da5c04fab4f01779b953add,0,0,0.00031667022
373413d08a0f18d5799f167cd93ffd88,0,0,0.0010721281
241ed603e0547b600a60e5586b0e652a,0,0,0.00037246736
0aec753a9e2e24cb8b13861057c7ce84,1,1,0.9999968
c2787096554c5f23ee23cd0cf880d175,1,1,0.9937111
a74ae422e77fe412e4e8560ff3fa2ad4,0,0,0.0011688353
769266eb26b1c6015ba30f014f705a75,1,1,0.99999726
7406254365960cd90219ba4fce464af3,1,1,0.9999976
3bee7f8e564ec2548bf890adb09b89ba,1,1,0.9999974
990bc1187f742e35645620aa3514fb1b,1,1,0.9999975
e7f3b5e698d266c49f4a3507344cd2a6,1,1,0.99999726
8309f1cee81668e93ddfc39b5794bccc,0,0,0.00039990214
f8f165a8e6fa2d7b818724abd771e051,0,0,0.00047967452
77e4114e6669e660149f4842d5e5fa67,1,1,0.99999666
d7a0542ccc58a28a6e9286b4b1d4d756,1,1,0.9999969
7a9e706a04580ac95a4e7c3ff0185321,0,0,0.000929811
e5cd4d42609a79261484270eabb76802,0,0,0.00027329428
e515db628d65df27031006c73e51eee0,0,0,0.0005771844
54a4163287c9768880b7778c81496e93,1,1,0.9999975
43d3dd02d9e10367cf8b626da3c63087,1,1,0.9999969
d5a0080b9b90a7cdbf2956cd69f5018b,0,0,0.0006303435
95d7f8228c62cc46c865b8e7f2f06445,1,1,0.99999416
506810981bb2be67b67b1ccf235b4c94,0,0,0.00047818947
8cc34aa2c2057c5f2a5b4f449d520eba,1,1,0.99999046
01d3e3526a054b74d690bd9bca348857,0,0,0.00044124725
84e71acb98cea933c910a84101d81290,1,1,0.999997
c6901db4793b3ad7fe65beb26e0e2fbf,0,0,0.0006044383
b9ecedd11656b73ea917c7736de2d2ae,1,1,0.9999969
4ac549513ef5daac84e77a77fd700bb9,0,0,0.0005938935
cf04e32953801aa8eb73815804d5a7fb,0,0,0.0016558887
4df666165b6c6c0cc7e1fa819e681737,0,0,0.0009022494
2af23dd61f65dc3f9bf0e94036dbb46f,1,1,0.9999969
4e5f6b816afaf9c10a4e1bbfe287efe2,0,0,0.00079899904
9cba6f3bdcbabdcdaf5432ffe7ff29da,1,1,0.99999344
009152dbfb8203c5f13143f67031eaf4,1,1,0.99990606
09cd2ef36c708ad7d49cebb80631c363,1,1,0.9999975
bed53f634c67781f7e5058fe864aac71,0,0,0.00040792278
72de7fd8f1db057c08684cdabe7e7222,0,0,0.00052738196
3366e5c2087c10e3c095a8d0787092a9,1,1,0.9999974
072079847fbb04ef15ecd662b1054432,0,0,0.001820884
14718cf6fedced2f9f7c1134ac1ac384,1,1,0.9999963
011f44c318c757905a6ab4095f7ff762,1,1,0.9999975
4509ef4d7fcfdcc354891e97b8462838,1,1,0.99999726
87d70ab31d09caeb59204ac1878d282e,1,1,0.9999975
e3ec5587031ad6cbb35b49f33805be56,0,0,0.010057
2edb3472129e0fda25838541476f3c99,0,0,0.00025996726
ddd2d5cbbdbfc4634508ee7eaf4b1997,0,0,0.00027351454
e8986a53b3fac9130efc676f9f318c3d,1,1,0.9999969
cb69f60ec75a5f8636925b479d026113,1,1,0.999992
fb7fb94a43c1aff67b9304b537d91ff1,1,1,0.99999726
f86c3eabd94fc0ae10447e8c97b22d53,0,0,0.003613116
fc4b4823778ee69dfe386120cfce4c02,0,0,0.00045233636
12e815b7344fe234e78196f070c867e0,1,1,0.9999975
735db0f1f183152dd3178e6b0b17cd2c,0,0,0.00031170933
97906f2380034e0b2df80907d7fa9ba0,1,1,0.9999963
3fa3b094e526e4325f42f99f082b4d32,1,1,0.99999726
2f950b5c92911443e5a2fca72d386fac,1,1,0.999997
3605b1b4c072ac1b0dd3cac9569f243b,1,1,0.9999974
3138dc8ea1ea19df5250e7402915ad58,1,1,0.99998665
c68ed41731816239a01c5c810ff87488,1,1,0.99921
0b0840480b177d5beb075afe6ae1bbe9,0,0,0.00034831392
7bce2479b8a7ff6cd857d49fadd6ee16,0,0,0.00068601413
e85ec026a5d7bf9d6a785424526b391e,0,0,0.0010072533
237cb886d73057a5ce581c8fb80ff3c8,1,1,0.99993575
04e3d890087b75abc113dcda4f5ebcec,0,0,0.0010073574
1630dcff51f77721232894ffaa8bc59c,1,1,0.9999969
d59ca7f896a5b7d0d193736c34e07f97,1,1,0.9999975
d9f21a970b1a74d4b4045f9291b4e80d,0,0,0.0003974296
fce7cdba3eef24ed75014b5068430a5b,0,0,0.00035922037
08b0c61c7a75e17b90039a5d583837d5,0,0,0.00039710314
719a58454696c955607fc7a5ff6178c5,1,1,0.9999975
9fa4fba1f68eef7e193738cc0ce6d924,0,0,0.001743651
3aa2e8518ce22aa2e3617703612f240d,0,0,0.00035684204
a0f725206a4283ba5dce1d4b00a24fc8,0,0,0.0017649108
eb3a28454058bebd5ffe85e6ea8b4dd4,1,1,0.9999975
eb4b010264ebc7be357f1a2cb2189289,0,0,0.0016026732
1811e4da049d30df4074b3ef99b700c9,1,1,0.99996316
e86fd2baef3b5658be1b33889750362a,0,0,0.0005809261
8ce1a9204b70ae3f94f7d34fa78a5de4,0,0,0.009836197
24fad5c10f61cd572c8d19928078d5c3,0,0,0.00027660426
b92d93068d113eddce7eb69b29695c12,0,0,0.0003827983
9f237bc8c2d2f761cc0df1419bdeccf6,0,0,0.29335177
3922cf17cc2fa68fc95eb229beb4a0ad,0,0,0.00034439354
b3bd3d9e28aca1ac8f0b8ababb2f8607,0,0,0.0057849507
45911821f2a50bc178b0dee63a8ad574,1,1,0.9999975
7027d4d8deecf28da763de5e94202bb1,0,0,0.0002514319
79e89d56e4666d6cb89da09860c7304d,1,1,0.9999974
feec6a3ee0dd7fa45d3aa7f031c7a332,0,0,0.0011458795
abdba222397f4ced431c0d935c913127,0,0,0.00036593465
e60fc3c19c0f05f64d221ae411ab9a18,0,0,0.00054987427
ef45ecde9bb297e1059aeff5acca6966,0,0,0.0019594103
850c41a224954f5d850fd35da8a67d6f,1,1,0.99999714
00cbc0d987a6be476eecc40c0a901ba6,1,1,0.9999784
c1205c19a14d91546ff40462416f5b46,1,1,0.99999726
24099982fd34695169637d3def7682fd,0,0,0.00042753544
0ddc91589340232c39c6e329d5a97a47,1,1,0.9999963
200650290585180cb1aa8f4f68630b7a,1,1,0.99961436
22e7cf78bebccaec6b2d5c46954f06da,1,1,0.99998176
59b797bf787bbbb29134349999989bc5,0,0,0.0009382305
6bc6eb73893e2ccd1f1fa0d96ba74f8f,1,1,0.9999975
09d64fa20575b3432ac0fde8573b71e8,0,0,0.0003128931
889c7459522117c9efbf64a973c25a71,1,1,0.9999937
0544f59958b734df11911ced7972030c,0,0,0.0003515683
bc72c9d3d710828d090ea0944262b0b5,0,0,0.00024492398
d203f800fdba95b7cfedb225c4c8a227,0,0,0.00028062455
badcb0647c5caf30cc19ff47561a2d3e,1,1,0.9999975
f66f76bb00ae4ec3b0101a485bc24bd4,0,0,0.00049256586
c9b7f8efe9fbc96d1847bb9b94d92845,0,0,0.00030148457
7339d89946de3944d0b8ffa604f4662b,1,1,0.9999963
ec7ca8bd8c0f88f5b4569eb007a26b48,0,0,0.0002542875
2326c11d44557c6ac776673fff7c26da,1,1,0.9999974
70f6827e24c7d47a3436e38bea35f62c,0,0,0.000668207
f06cfba071ccfa69216740076d343d8a,0,0,0.0003724008
b54f636d1e55beead037222654f24065,0,0,0.00055656745
58ee7005bef4cbd1fd19efd35087c683,0,0,0.0008925565
d8864689cdf8b47ab071956500db4aa5,0,0,0.0031441015
cd3627ed4b427d6364f5832f0d7e7276,0,0,0.00025438066
6b5a4d442c77d887c7514bd828b86e91,0,0,0.001207046
2cda134e436e0bc187dfa586f00eeb32,0,0,0.00074344996
9c7cec67b52de43269dd444df80b036f,0,0,0.0003351395
4b27b33339858ebbdf1ebab079116721,0,0,0.0003457295
f69fc98629a1927f6977067a9e4c0061,1,1,0.99999654
fbcf54d686f1ee4d89a0ba596a92c4bd,0,0,0.00029814572
689b7a7780a3f27d44f573e50943e35a,0,0,0.00047210592
a20abb9733f1332934f49e890d10c727,1,1,0.999997
72ac56aba29ed024983b58f533302388,0,0,0.00031930223
e5e33929cb97bd5062138d847cf016db,1,1,0.9999974
2dd584ac35ab0b2560f9848ec752594c,1,1,0.9999974
46ed0e9b3b7a4a09aeb57dd35280b353,0,0,0.0007195018
6cb565142bd66dd1cb529d9b9b900b58,1,1,0.9999976
e98f81163d74d5e38a8b1f17358e3df7,1,1,0.99910384
ac9d5f6e4ecbb4fa690501f960879acb,1,1,0.9999974
c74eb0b3ef1f55cce5b0507291d461a9,1,1,0.9999974
b0813eff26d75e8ec6faa3e95d7df337,1,1,0.99999726
06f7c7b3423530932e42c1898dd7e65b,1,1,0.9999974
9ced695cf7bef9af818621ce49a147a8,0,0,0.0003342515
2cd56b7e794007d1b54287b6f7a08c17,0,0,0.00063912896
0e8b9e94fa8d5639f0c0f2b05d3ccf60,1,1,0.9999956
976a6b23575a2d81d7b97cc52d769535,1,1,0.9999975
f4f3530f9877a49dc57f5728c934148f,1,1,0.9999957
f05405432a365e7e458483d4279b0836,1,1,0.99999726
ac6eeccd50ce8fa83176f790f8107e1d,1,1,0.99999726
fd2cfdb22d737fcafde831f032d50bbe,0,0,0.00034833385
7a78441da73ab69c4bda52cca0ed8b30,1,1,0.9999974
a2db38525de366745e03f9f8dbadda78,1,1,0.99999654
8e4af026c1176c48f0477cc9c4af0f1a,0,0,0.0018699187
704630561e0f4f5e1cbb1a1f0163757e,0,0,0.0686654
4141689f8a0472ba6ba8b49d608da326,0,0,0.00031956163
10ed046b6913804d2c43e949f04bc41d,1,1,0.999997
1d6e3c7970b442a54d8225c9a88b3cba,0,0,0.00027615103
f5672f6ae3c887b999be443ea1cdeace,1,1,0.9999974
21860f5ee84c121f33ef879427d82155,1,1,0.999997
0b2074b14fa02642eb8d08396a53b022,1,1,0.9999962
bf4190e773093c3dba541c9dd913e9d9,1,1,0.999997
9992e1c3be937262516d4f7be275d62d,0,0,0.0005070169
2392a37b903048cdb35d6dd30a4f8a66,1,1,0.9996891
387117d35889cf7e1422202631e9b95f,0,0,0.0103568025
de138b5dacd4f089489a33a3294a3c92,0,0,0.0003994554
172fc54aa4b72ae2b4519b903b8cff8b,1,1,0.9999974
ae843db44dbae6825759c683748210c0,1,1,0.9999976
f8e9ba809dfe101929a1763d4b49ef88,0,0,0.00029410742
3d784a375e822abda3f842d3240a263e,1,1,0.9999974
d11fdf761f468f209b287e1cd3731db6,0,0,0.0045881285
680df7c97b6b31de3a4b40f4fe801d0c,0,0,0.0006043674
8d155159a9a993b0e934ae1c6dcaf5b5,0,0,0.000253495
1e4034e04b3e1cfd85b4cd4fa44dfe3e,0,0,0.00070472225
298c1d6cff91b453690c131b0e9d9b4c,1,1,0.99998784
c7d31e33a5568c91ebe200cfe8bf9756,1,1,0.9999975
9b9c810c51f33ae2eb4a2bba9434d18e,0,0,0.00055114215
75901c2057159c9703f20020cb545641,1,1,0.99999714
a125db6314355c0b68cd6b07e59c05ed,0,0,0.0005665341
6cd04653120e7b5f04e6c4063b411a86,0,0,0.0002800817
45832dbc7e3dbc620a89d8819c04b75d,0,0,0.005125659
614bf99653f706250dd5d7e94bdf70e9,1,1,0.9999974
9055d9cc6083300ca6610f936b78cf94,0,0,0.00090606307
38ec65f697f131e55ba3aaa951d5707e,1,1,0.9999974
a802261d7db782f2b37ae510a33db254,1,1,0.9999976
f200ff488255b0c0a6930de39cf0d42a,0,0,0.00045656846
eb7bfbadfb70e22e8babb5eb7a449dee,0,0,0.000267582
35b5f64e276d81624654d1f1497d2f29,0,0,0.00032537972
8f4fa203d314e92e79c68ab2b425d170,1,1,0.9999975
b5440878f46c3d5ce0ccc359873a6f83,1,1,0.9999975
c1108fe5a9e7cb58e76913b2f8561880,1,0,0.0042972737
9a4401a31c7651728df9ed010dfae673,1,1,0.9999975
babe95d896c2acc704eab053428c5372,1,1,0.9999783
683cee2a63e4301e31a22ba0ad56ba63,1,1,0.9999975
f02314676a234abe7998dfd5accb5310,0,0,0.0003607465
f44d06ddd974bf8db89539baa7c13c29,1,1,0.99999714
73b3e37034309a553100e9fb03a8f4e7,1,1,0.9999974
fb2c2914ef881405e270e5707056a7d1,0,0,0.00032355523
53077f18c6516a9bf687d45153673513,0,0,0.0016557879
c3b65a40772c38a48072daee51816e80,0,0,0.006966332
b209245092c8857685d27ff85ce12a93,0,0,0.0030156847
a29e0023d0ac396778beb6facf07b5ba,0,0,0.0019744
df94d8586c5cf0d513c5d897d472ea28,0,0,0.0002777811
1cd33c4d552d18a023d03c2c3d6df0ea,1,1,0.9999974
d1796bf0e3f46f97c157d15f4050a165,1,1,0.9999974
5f9eb163ffef6b620a6fc44c3297fe6f,1,1,0.9999949
e887ff3738348d0d728bb3b4360a8690,0,0,0.0062404317
1b6085ee339954e6e5b42225e3500f1d,1,1,0.9999975
9afb0318f69c65fef51bb479ca569652,0,0,0.00025190943
387a1d0beef9f671c82038605f567aa2,0,0,0.001121224
8f28d6db00b6aead6433088039442c19,0,0,0.00031530132
266fecad3bbdfac3251f3b4703819883,0,0,0.0018660369
d067648373ce57f098cd2091dc595c3e,0,0,0.0010319473
b262fa46123dbfe5cf9fcdc8dcb8e21a,0,0,0.028316762
22b9eb0f678f38e9fb1a533e2e7de4c1,0,0,0.0002963326
da86c2624f97e23f4e2ab4f788dd63c4,0,0,0.0042369333
cd88a77a3fd14485dc61a28291ef5c20,1,1,0.9999975
5ba684b6b166ee0c23532282a411ac79,1,1,0.99999714
63845fc5c7e5086aa116d519b081d88b,0,0,0.00065307383
0ce9b7c75bd1fbd6ee333b69976dfde2,1,1,0.9999975
e6be23ae66d24592c1ecc23b1cb9bb23,0,0,0.00025046934
18b5c59069932cf391281cf5d9da0a5b,0,0,0.00033816748
f07e33d4ebe5857673bd4e8f103a136c,0,0,0.0004957946
f90d6b16cf2f6080adc0b95a4498252b,1,1,0.99999535
6ed271ed5fb2a44fc83788d8808b0877,0,0,0.00034885862
bb0a53282b1160df2b9692884d1177b5,0,0,0.00025265964
17b90eec30e4e275c78c671c605529b9,0,0,0.0005443486
ce66d00a80467fb52f14d0caf2c428e8,1,1,0.9999969
2ee3e7a47960d790a9562086a560680c,0,0,0.00029460582
2418aa3921b222c3cbacf5ba648cdb2a,1,1,0.9999957
5440815b5e67f7d130c5c5e8dbadf759,0,0,0.0010686335
10026a965cfda43228bfd08340f7cf47,1,1,0.9999974
1b6bdfd0b18c26b7623437894c062e5f,1,1,0.9999974
482f824015753cdd82474e26a1546cd3,0,0,0.0006915705
81e57ab33b172c38ad30317c1b9cdaf4,1,1,0.9999962
174584d397afe19f85f033cf378a5fc0,1,1,0.9999975
fd0c772ec39a288ead7e32fd87a3d293,1,1,0.99999726
f888066a201545747ad3151d0e5ac7f5,1,1,0.99999714
9ec39a35f46fbe50f263e3b8615fc15b,0,0,0.0002929522
d5bb6da9a7b1494f40608edafd066af9,0,0,0.0011909549
20b0ff57878de83792e004a5012205b2,0,0,0.08031848
5dd2dbbf6d8c624da23fbbfb0942cfb3,0,0,0.0002626522
a6d47f6ba8b6438dbf0d501ab8b02b9b,1,1,0.9999957
ebcee2af7aee4cd027a8f456d241a0fc,1,1,0.99999726
085bcd7d93c494cfcf7bdc320f228e2d,1,1,0.9999871
10d390dabd4bcc5d4d84822d2c499ac2,0,0,0.00024257258
a61da6a89590f2a6f121b092800cfe29,1,1,0.9999975
838c7a4f925a320419bc8490bbc4da87,1,1,0.9999975
bd80070cca21e270ce6a37e4addb5f82,1,1,0.99999726
05e440a713fdd87e2e2ef060999a80de,0,0,0.022409704
fb6ce592bbc367377f63a9a0bdeb8ad9,1,1,0.99999726
cbfc7cd1f4b8e2ebd84d20d54a13c2a3,1,1,0.9999969
434f8d44972fb02b2024e004bb03a2a6,0,0,0.0003983091
d4239f1e13041030d970a3ea5774fb64,0,0,0.004924788
24868c133ace73e5ed53eea941c63700,1,1,0.99999714
f117d48f32dbf29054986a6df8ce5639,1,1,0.99995935
0a66a9357cba5cf1953755f76677f2b6,1,1,0.99994195
09e4577fd014c7b2058c7d24b311f3f3,0,0,0.00067281147
fea7cf7abbac1fd61a4ba18ff80c5f91,0,0,0.0003036017
e905410d8db292d28a36ec38f28ed42f,0,0,0.0016048837
da42d4bee3b418abcab2abe03afc8f69,0,0,0.00028266883
27867a91c10390ca7b51a9aac3116bff,0,0,0.00034939346
01f614e46e1624fa2a4ecbeba1c29532,1,1,0.9999969
e50744c16189aaa1ad554498d4c6841b,0,0,0.0055867927
2eca416cbfbdbae8a89ecbdc2213e366,1,1,0.9999943
d15b7067dd60b55a229dfe1fbf64c91c,0,0,0.027959388
0b535403527c549add25925ba3392808,0,0,0.0029261282
4fc3774dfd9dbb7c6ebfecb4c813d603,1,1,0.999997
535be1ab62f0647ae5fd2ffa903c2140,0,0,0.0007642734
f2e384547717dd87447d6bbb72846d80,0,0,0.0019520238
6cb2c6cae8bd9d971819f2ef9c6b03d5,0,0,0.00033393616
5ce67ebfac448d47c139ccdaa262a8c5,0,0,0.0005456611
2f92d59e95c309a9d12c610793c1444e,1,1,0.99999726
e8b2e3734ab5ddd16e8c5de1f229cab4,1,1,0.99997497
15aecc2981a74cf3284ee4a2e5ae15fe,1,1,0.9999962
bdfae3e59ae979aa3cabcdf3091d1d34,0,0,0.0004935109
6d175ade23d58abbe5d2264646248df0,1,1,0.9999975
d44e127fcba02bfe8eeb9d065b4e3309,1,1,0.9995964
3557936b1bed3794afb1c09a9d97ab8c,0,0,0.0003522819
dde3d99cb2fa7979c83b5db7fe64d87f,1,1,0.99999535
58abdcfe908787ef000df1c27a1ab781,0,0,0.0004784165
ce248c6174f297dce9d8938b3721843e,0,0,0.00022480657
5f4ac389de6f1dc745d914540ad9daf7,0,0,0.00395398
aba40bd070c950805899d04d7c135217,1,1,0.99999726
c422c1c7a954aaffa82196b7b73ce035,0,0,0.00091561204
b80a6d2b24e618d42eb05d8f5aa8cd93,1,1,0.9999968
52a131150be6bbf384a5834c9f6b07a4,0,0,0.0016373255
1c85033c5bd19300700a269e3cc044e2,1,1,0.9999976
5b4f55755ba753009fd4370e875357fb,1,1,0.9999974
35b4b1a1d5cbd8a35ff9c60b79193f36,1,1,0.9999969
332c833c0a1e18bc465bf400a68e6749,0,1,0.98327833
40637455fdfb9b73c9141be25759dbdc,1,1,0.99999726
97f306c411fd451df5da4b0e94d704b6,0,0,0.00027123865
29d9a5450186af26ef73ddf2822daea5,1,1,0.9999975
0663b955f03713ab8d8ae8a12d38275b,0,0,0.00097449403
f2c24b57a7cd77127116b09b05919e4d,1,1,0.99999726
dbad1fb1270b7d3af7f7d6b7407769a9,0,0,0.0003776075
41fb1006e231c0ac29becbbc1c650953,0,0,0.00039135697
0dd414864a3ff99f5c63c11c883f5ee3,0,0,0.0022555764
2c10f28c4a85b27a82001ab34c215932,1,1,0.9999974
8f1bc9fc8db77b078685435a2ffbdf27,1,1,0.9999974
ae402c50adbb4c7807e581116ccbb1f7,0,0,0.0003023444
d399f04d3dab028437d8c6daf2e05ba6,0,0,0.0012566635
1af60aade92dc8c6bec238f2f4a7739f,0,0,0.00032881147
e101f38ca5177caf4e36e00b65ca146a,0,0,0.001696219
e6bb3c38e52a05fc17519bca67722f69,0,0,0.00070082507
22b60fe241c61b7db3ef317a7d6e9e48,1,1,0.9999975
83662eef24abad8443e5396ba1804125,1,1,0.99999714
eca517312bd6ff759906eb49a1b95430,0,0,0.45640767
d3706ac724fe437b50ed59f8df2c0f7a,1,1,0.9999975
996bf752a3c05cc296bd25bebe2fedaa,0,0,0.003409736
61f22665f15565317748661d4515451d,0,0,0.00040672877
034677c4cec133ff763146e1ece5b83f,1,1,0.99999714
3122cdcf11718112dc9a4b7a45982706,1,1,0.9999975
dc2e85a35d2e3cf0a122799e0a19ef15,0,0,0.00036660477
34f0341b2efb5be20ba944db9f7895a1,0,0,0.00057025754
a336c0281ab02d42c4cb48d59e967c6e,0,0,0.00073977915
2b21da3cfe9ea5992ffe0416d43eac41,0,0,0.0009637089
9f780f79d807f9f80a71246b65059621,0,0,0.0007204376
3f3ddba501032567d3aff469b4a8264b,1,1,0.9999969
d933cddbe6e4b88c9402891c13cac054,1,1,0.9999969
980c9e7577e65599de89c7bc669308a3,1,1,0.99438995
22ba9b88c5024150a31160245ad68ef7,1,1,0.99999726
0dcc2827e9a9929a83df498e1c3008d1,1,1,0.99999726
6788b4bcc623ace3abf343932ea1aaa4,1,1,0.99999726
baa8a38b621ee8434590531a4e8d01c0,1,1,0.999997
a598c75ce6978b678c301eeb3fa4cea4,1,1,0.9999974
24a236bd0eec48ec37f3dde3e931a59e,0,1,0.9745909
97983f428f76e51c738a567acdb54ade,0,0,0.00045395683
3d662abc0cb7b57d9f2d0744d89bf3a5,1,1,0.99999726
b97678d2bec5bdd6e5dab33876d001f1,0,0,0.0004304268
e7b0f9cbdee3212f2e95646e3d127e48,0,0,0.007403582
520b97def230a42a87a6e2f45a80d78e,1,1,0.9999974
3729c92fae75bf19195c872cb45ecaf1,0,0,0.00059413497
454a952a7b24de1e89a39015635f0cb5,0,0,0.0018609663
66ed9056254da6dcebdce0cc8a73233b,1,1,0.9999975
f9575c2908de4d3ddf5bdb94de81cbe4,0,0,0.00048211688
a85d260eefd257f62ea9be7543528be0,1,1,0.99999726
cd62709eab74d9bf5a20f3dd9a6823e1,0,0,0.011219904
b7281338495c76c2fda1da07a7366689,0,0,0.0027064802
764e7825750c03074e6b82a802bb169f,0,0,0.00034355145
f738df79c2c6870092c29b3778011224,1,1,0.99999297
b2e80e2fe56586485857120b1e64d36d,0,0,0.48074678
f8ab997110895f695aaaebf8cc2c5b28,1,1,0.9999975
e258fea9da5247370015f9096a9e8495,0,0,0.00028641848
aa962ff8eb497433b8767dccdaa48c9f,1,1,0.9999974
eba0352d8fa1d0ef5321b95454dc4ec6,0,0,0.0006268041
e23c1a6d031bf93cf73a829e3da655ab,1,1,0.99999726
965cdefd5d59a7c771da7a51e02a9efd,1,1,0.9999974
cd98d924bd87db876e46adbc99d9d6b4,0,0,0.05348525
6de5f95e44e00882f8af27b6019dcd11,0,0,0.00024500058
23991ef5314c7e57cdd5bd3b2fb8d1e0,0,0,0.00026046688
04c76084813e62c83842a695f77839fe,0,0,0.00059628306
0b317df50149515787d49b3f0790bbdc,1,1,0.9999975
8c21c1af3b4a654e1d383856d4a6163a,1,1,0.99999714
10c25569c85adb5ed6d8ebc828b31cf6,0,0,0.00048026655
58d1ba22e86f89be3f345ed451c7215b,0,0,0.00072965206
a36f3aceff39e9e0ad718ac61f1b5c28,1,1,0.9999974
20620dcd21195541bfba61810f838ba0,1,1,0.9999212
94452aafd75ba60b74ae09890c6ec63f,1,1,0.9999975
c0702f419e603948acfc75bbcc9bc378,0,0,0.0009132923
51f074c7f5b92a8c182a9ed4399ba05c,0,1,0.9749223
bca69a067b9a74b5c6795f57396fd039,1,1,0.99999654
245e43a2eb3ec5ad9f0586babdedd6aa,1,1,0.9998964
74d0c6afa53c7223db7d38c794c986c0,1,1,0.9999975
2723d0ad59ed83eea790162bd8748b11,1,1,0.9999975
ec2433d8e9ead044ad21dc2baa8da4da,0,0,0.0003576656
d395ad6919f852dd87279f786d93de96,1,1,0.9999975
f3f56c33a53f70d0dfd68fe6f0e19f37,0,0,0.0005191411
2a3c9c33af744d3ec485970fb52ad515,0,0,0.002457411
3155c7599000fa297fdc54368c4843af,1,1,0.9999974
fb5c88064f0b8a274208841b087f4ab0,0,0,0.0003238308
ab812cfe4ae9052e2a923a79e9ad003d,0,0,0.0025973977
c8275d24253bc70af5de414a87984907,0,0,0.00043516656
e85d374fe3fbfd98af3194ce04dc4e2f,1,1,0.99999726
bf72cdd5570a24981d294af35c23e895,0,0,0.0007214466
46cae3b4ee41a0d0b0d46d435ab60356,0,0,0.00027682376
15262b0c192fe368e9466ca13ce68512,1,1,0.9999912
b36176eae0e607db7ebcda2d7e30e47d,1,1,0.99999356
f70174c54a7859258b024c04d3adc4f8,0,0,0.0006019853
cd692d8eee216c9894d003f3ab8ef717,0,0,0.0021312
c5fa5ed6d69db2cd1dc49c6f74657082,1,1,0.99998343
ccdcfd55721784baf29c56b1ddef7874,0,0,0.00027326326
ed09ef1ecaafeac3e63f3e8a37afab9a,1,1,0.99999714
5814c70a52f6e876e9bfda2454b3a69e,1,1,0.9999975
212f3c6a421243d6393bd70116a97227,0,0,0.001646879
264af735b798a1cc183db90a4af05225,0,0,0.00086947845
24ef1b3a9151f4a0f05aaf115d7fae6b,1,1,0.9999974
b791bc77b8efa7f180510e8c8ec84bd4,0,1,0.6478551
d2db1ed65cf6628b2a9c9ee76f56aca3,1,1,0.9999974
a6f35faa3053c3180e38754996f23618,1,1,0.9999858
a78e3fce7481228d499653ddd83b5cc9,0,0,0.0005135804
343f6687ec4be4aae1e3d5e02c2d03b9,0,0,0.0006652285
55218e3687de45ff75d094735304f5be,1,1,0.9999975
1a6fccafb282a87b4c969b5bb06d789f,1,1,0.99999726
102b4393747e6b6e8c41190e43b648fd,0,0,0.00035899493
19a18a3275d236f2c55a80c87189383e,0,0,0.0010086568
cd4296b80faa460df3cbd16fe5833f9b,1,1,0.9999975
5c40a3ac6025c0d7baf0c3ebf9b98e9b,1,1,0.99999475
2f22a82155d8315f15c132e23bdb15f3,1,1,0.9999974
8b703e79dd99c15fe7a5b2246da0701a,1,1,0.9999968
dc480e6c3d1e2897c75cc18db9eb8325,1,1,0.99993324
2b6907651265dfc64da76136203ed8e5,1,1,0.99999666
d7176824c21363d688805260f2bdbbad,1,1,0.9999975
ea21deda1c0949d5017c7f7de7e3de2c,1,1,0.9999709
77a2d6316c2e6bd9254f63d316630a9f,0,0,0.0002588323
7b02b161a1063d12e59ecc9a138d44fe,1,1,0.9999927
838c08057cef8055c1f34c8a7df16505,0,0,0.00047128557
dbe196d1f4de5ceb5e6cf7b0fe6afea9,0,0,0.0075833
7b5a4895bf05851f7b2301b2fc927bf5,0,0,0.017273534
8995cb5b44f0578657e9fe4d57dd098d,0,0,0.10296976
f77602dcbfe45db57d9e9d0f4d1b4e43,1,1,0.9999912
9988ed75600ea06df80db9e6e2d796fa,0,0,0.008126149
1d7c6b41143fb0dbf0c611a0a9f7d8e7,0,0,0.0035347024
363494cec279274cd2e4d52bf0c1e2ec,1,1,0.9999374
77e349a9e6f3652e3becd6a1920bf845,0,0,0.0008590671
b83be4c31f7431edaa2782080a537e24,1,1,0.9999975
d1754e83e67007d05ad3d79e6f98a95d,0,0,0.0007156869
4653e73d4c4f484bcf6b012c7823fd42,1,1,0.9999975
ff38ad2d6347ef6843f4abe24bdeb91b,1,1,0.9999963
ab4b19d012d2148c794b8c3b9a1b28d2,1,1,0.9999974
13049751a187f6df8b114d15ce7a363d,0,0,0.00026388388
cd42194d02a9d2d71b60aaa98ea16c02,1,1,0.9999846
9e2ac8182728b9eca6c056e74413a60b,0,0,0.0028807593
e188f3365c56fe0deb1c2da1df24ebde,1,1,0.9999975
a528c601d93705901118b2bdf0405f81,1,1,0.9999964
b269e6386da6cf3865ef98708149e352,1,1,0.99999654
6b12aa02a1f00c5d4f4ce949aefc2f68,0,0,0.0002821433
93325469001ffd1485e73c10ec35ce78,0,0,0.0013888091
1f638abb6f37971d7ec5f214c855da8b,0,0,0.0003412882
4d7d6fdafcef16669af7e49ed565e901,0,0,0.00034734863
ca6654d58d674681454744d831e1bb2c,1,1,0.9999974
762f8cdeb71fd9e4798293d011d9fbea,0,0,0.0012535076
dbebb44817161b24b015d26d3676163a,1,1,0.9999974
f02a9474cb0f02844481a70c996fe799,1,1,0.9999975
cc9aac03f6c260e5d791725de69b6a3b,1,1,0.99998343
af4c1e2608c023398415863b365c65cb,1,1,0.99999714
e798fc5603e596db321f7d099115b239,1,1,0.9999975
fd639bc5b7d2cc4f1f5f39a68011319a,0,0,0.00085954566
1c9bf1b18428254084dd9c98a029a7ef,0,0,0.0004085359
cec10bebed9975cd7012049186744f6a,0,0,0.0009880103
379912533a76941fa0155622e9676da8,0,0,0.0002940407
81115aebd4f1614ad5c7ae4d38cdf6bc,0,0,0.000707251
1df8095139583d1d1e4e1d368b89de0b,1,1,0.99999714
c1f065db5ab71a20474f4babaffa061b,1,1,0.9999975
cc4355e0131bafe62dd62669434d660a,0,0,0.0023494947
5e69114797a36b76a7fd980336d58deb,0,0,0.0003431209
4d7e6339e427d78c3f0084b7b0103891,1,1,0.9999974
cd88b22ecb6b71930ac8b31a5dce896d,1,1,0.9999975
6bea5fc1f82221bf3ba3aaf475263c4b,0,0,0.0004486527
061edf9690e85842c40a7c11bd6cf3c1,0,0,0.0010232208
f7db1f922444b98eaf6fa23be2541ffe,1,1,0.9999974
a97e0bc1a6f3bae5f298cca5eec18319,0,0,0.00035131836
345019825e4fd28c3ee42a4db044bab7,1,1,0.9999968
7b16881837387177d6eeda09ca65ecdb,1,1,0.9999975
7348518a3b157d676b34e04ec54a6a40,0,0,0.0003652857
96a411b49333431c22a8840c46e28f43,1,1,0.9999974
a94c01c4e4fc0f4f2ea69832e6de43b3,1,1,0.99978846
77eaed35bbff66dd40d0825faa898c19,1,1,0.9999958
8e726d9e850d0c5643641833c1047abb,0,0,0.0002954947
ead510750dc35f07ead0ae777a2ca286,1,1,0.9999975
46d06035b3ddca8a8833e2a94b69b80e,0,0,0.00028227887
1ff66c3c25af0854f514d268ab28bdde,0,0,0.00065979164
c9e4a9f0b81b4c6c8c94f622cf5d4899,1,1,0.9999975
6bbf9d8798eb3cc6de11c8caa7c8ae75,1,1,0.9999975
29833d026685166065fe3817f94eb728,0,0,0.0012996793
f39744711d52b06e0f7d74464129de6f,1,1,0.9999975
61d152f61d1b25b48da9ac3e410459aa,0,0,0.000410168
1305c51863ae927480cec709de09c9af,0,0,0.00096489687
4d76ce35efffc5bab4bd127950da61e3,0,0,0.000401451
f6b3e92eaae7019c464c3ccf18d5022a,1,1,0.99999726
769600dbb39ffc90b05edcb275b1a66b,1,1,0.99999416
a4fa0324d3c1168bbb49365d607074bb,1,1,0.9991773
ad7fe4d7bf273b8d3aa87afdfed63295,1,1,0.9999751
32340036b513ffcc35a0976cfbf90f16,0,0,0.00044784087
db46d792ee5e19a3221c008244a6c917,0,0,0.00026820065
b0ca9cc2e3cbab6cd56d59af5c22efd1,0,0,0.0003138701
c9bf17fca673dd94bd007418e0e4bfa4,0,0,0.00028422487
af52f46b7220fb5bd110dc42a42fb39b,1,1,0.99999714
7914c6982fedba65d7e62c0ac0898f8b,1,1,0.9999974
b12965a303479fce99c93fdebbbcf2c8,1,1,0.9999316
bbb7633536e4b74677c0ece666aa2604,0,0,0.00037076493
89135d3a8b972ca5a1f36f3064ef09bf,0,0,0.0015732455
9be9b488e7c016caff8b764b2e9a8a2b,0,0,0.0004999371
1c90675b2c3931fadb2a8c5d7479b3d6,0,0,0.00045926895
330bdca425d3fb7bc5b59d45a1f56c8b,0,0,0.0018041623
1f11937f54d0c2f33b52f09e07bb90b7,0,0,0.00058178825
df2948ef15d74a9a77f6d38491746806,1,1,0.9999975
40459e6590df2790dcbcde55c21a6624,1,1,0.99999726
ebeac3dbfed58775b318a9affbb4b5a1,0,0,0.00032594445
dacbe346ea0ef27cf5bf0a2dd7b04e28,0,0,0.00051268167
2a7f9336437f9d3d01d9d9ec45a08468,0,0,0.00037508266
8ec0c6f58c8dc263379c5bb5fcd800de,1,1,0.9999976
8c11cd9522d78d9f1c9926ee861c0863,1,1,0.99999666
ca1fb9c1310c21c2f2d6d84561abfe57,0,0,0.00039984038
60196a8e1d16f4a24a6b2637d055304b,1,1,0.9999938
cc23ab3e7109d12a8fb26c982f920dbb,1,1,0.9999974
91dc50a2ad6ab2f104a4cbd46eb1d780,0,0,0.00035481012
e47170a60392395a18c5e5571551734d,0,0,0.00035307943
b8b78b39665d9e629d9afc2ecd30dd3a,0,0,0.00036469314
e5fe96e19efa8c8d72b563c4d3ea870d,0,0,0.00033459294
57d0cb75c4e549986b748daa0f9962a2,0,0,0.0104995975
9e14599b1b7d2f97bd01c5f354ecc048,1,1,0.9999975
6ea2ccd56aa971b7565fd64a76708379,0,0,0.0002543797
088ecfac15b009b47b13542cd7103603,1,1,0.9997584
4080cd8cd97ecb0d87f845627b904302,1,1,0.9999975
346b1bb3942ebea954971b303f64f962,1,1,0.9999975
d203af1ca49d8ac6f809a5e32623aec5,0,0,0.00039693963
1a7e6b9ae44c2a3c96f9343f5214e0d4,0,0,0.00027844452
f7178dac4837afbd6a8f98d697480699,1,1,0.99999726
de45da29970aae0bc7a47c28cb82dd5b,1,1,0.9999975
61e2adf4244c0f4bdc361f80f84a273c,0,0,0.0003510371
6d6722d4ec13113b248da1c574c4184d,1,1,0.99999654
cad0569331b83d695ced21c93ae3eb26,0,0,0.00035162864
cf30cbb699bea075b8e932293270927c,0,0,0.00030561426
7eaf5124b1dc3952110506e0c4a0cfdd,0,0,0.0010797981
85d40695e7c90cbd5324d6a72f490e71,1,1,0.9999975
2d6f3c86e414101d843c88020bc5cfee,0,0,0.00032044732
c80c501070813ba93a23ec568ea596a7,1,1,0.999997
904d47e6c1a8cfbef64524fdea5ba234,1,1,0.9999975
81b2aacb0f7ac4022ed4619f04a13f10,1,1,0.99999654
80aa199dc8916e60c8c9cd6611696d59,1,1,0.99999714
2c3c24fcf7a628143822ebad4503731f,1,1,0.9999974
beaf7fd4267e90f7913b8b53ac885aa7,1,1,0.99999666
708c07e739e6834d3988184a2ae64de6,0,0,0.0003199317
02be2d9314e2c75799d1bfb53c151428,0,0,0.0002748797
884a3c4753ee41bb8ccd2ba2c7a3e30e,0,0,0.00034245485
050b8f488434689d128e85c2c59e8927,0,0,0.0006405816
e4b3c5518bc9e4919e3d3507d7d0ebeb,1,1,0.99999523
57349a7bdfa40ddf45776ca5c2aeb021,0,1,0.8503743
b7fb7c7fe15341af4893acffbf3ad34c,0,0,0.00189735
7645f3d6e8ae915fd3c2ae911ce94185,0,0,0.00029906075
798742fb372b848e5a82234be3e43ced,1,1,0.99999666
7a1d09f0690597a260cc1fe4fd7f4319,0,0,0.0012234995
27ed7575432d2583636159fb2f321b36,0,0,0.001082673
cd1c806cc0966ef6b7431324958d1b54,0,0,0.0010566878
3ee100c21a4536c87632ff27bfea8cc3,1,1,0.9999975
78d132e22387556875d542b1dbe8e581,1,1,0.9999962
ee69e10cb245473abff0a36b4dc9acad,1,1,0.99999726
7d7fd2addcd41feabf05fa32842ab1c3,0,0,0.0010755274
dd14bbb09c8bd6964c45e36ed7c3f998,0,0,0.0006284246
93f9115d5af2070c5ca4b667a1f4919a,0,0,0.0013866071
0d0dac11ca30ced8db96744e6b19c518,1,1,0.99999726
e4754365e4dfbac087603551ae71ae1b,1,1,0.99999714
b0b80816e89b97a12ffd7c113df8d4ca,1,1,0.99999714
d42a4516195bf560d1ab11a41acbfab0,0,0,0.00091713207
f21b775febcf2588b7395dd560035652,1,1,0.999997
a68e53a365bd37299adcaa25be7424b5,1,1,0.9999964
3490dc7f0941778ec68f5adb40ec4994,0,0,0.0003314268
9de4c176cca1881fc6b736541a3d368f,0,0,0.0002863142
d85b08e34a609cfce2bc4fae3f903abe,0,0,0.00062946096
5bdf9693909afc54459b3b944a56d86b,1,1,0.999997
d205f241a2da3062ac1d105fbfa771ce,1,1,0.9999975
18ac6192408975e53b7087143f62c4d6,1,1,0.96919125
981d6e940b58d543c720c1395392ba74,1,1,0.99999714
e1ce981b015c26eef1965b6039bc3ff9,0,0,0.0002656418
8fe9e3376fb769934bb09a3c6a51f01a,1,1,0.9999975
e200f6f87851a03c1b56c361b9f5b8ac,1,1,0.9999975
ad7e8e76e282b569b13dbf8d4edf38e3,1,1,0.99999726
ee523395da0ce99a695fff0f9d85850e,0,0,0.0010922161
8c63179d8fef52a26457e48a31eb81cc,1,1,0.9999968
2570caa8cd4fdc6a39d28bf45e970902,0,0,0.0021138068
0fdcf6ae606e1555d04e4278006ee764,0,0,0.00617015
f2a1a722d29462238c31f9cdfa2930af,0,0,0.0002781211
263e2ed290e7c554e1e438336abbdcc2,1,1,0.9999974
7fb1eb2f3e970bbb648d0c842d8ec5be,0,0,0.00077215704
8a90e560f22358df32f9b4d5a94fec42,1,1,0.9999956
ef7068ee1fda7caca360b21f14a2212b,1,1,0.9999933
c047ef66f805e2eb86745571f0013386,1,1,0.9999975
6cdb567b43a80389985230f12650057b,1,1,0.9999975
3441183bf2a5e05403a13587e69bbf5c,0,0,0.0005410139
ddaa3b3980b5ee3daed659731743669e,0,0,0.0087814
5cd7c9b08b579dd3a2dc33f19e25ac23,0,0,0.00052426296
b98c350f57916cc8a4f5dcfe2ac95d7d,0,0,0.0005353497
aa0cdd3f5fa1545d5b3e17b764da3552,1,1,0.99999595
60f587459f516d287258f01d263400c1,0,0,0.0009219202
5e841fb719ae8f78029b0481688ee8d4,1,1,0.999997
8e9896f61837bf7c1b644104e0184bc5,1,1,0.9999968
f0ba378bfe618f74b8d0ce9eaff9547c,1,1,0.9999974
bd8167ac86ac42ead7da143a3997c054,0,0,0.00037764746
662f4f29de3fb68013f338e9151c5753,1,1,0.9999975
1a15b7dc83375f57a4497f0a5a5f6423,1,1,0.9999957
b2c5dc149517ba417dac2608a9ab32ff,1,1,0.9999975
df6c6e7b4ef5077abebf5c04eddc9c01,1,1,0.99999666
64a810be5d69e546eb987b3cbdb9a9be,1,1,0.9999976
c87646434ff6c8127dc4c53e608fd670,1,1,0.9999913
7f79890dc5f6ab332c5451b020e6eddd,0,0,0.00675079
fca6456f2f87a6c506432e86adcafa7c,0,0,0.00085618166
348184931b5bbd692dbac4c310e8cb61,0,0,0.0032540206
5ef98434747570554892d167389f4371,1,1,0.9999975
9c5990ce0f34ebb9750fc513a3cf464d,0,0,0.0003368378
4bf7a5c0e8fe18f203ae4c23fc4c2d03,1,1,0.9999963
dec61a12f2e7b2fd63cc4e550322426b,1,1,0.99999714
784d76450fcd2e4071af4b73d79e9f09,1,1,0.9999958
edb2ff095cd9506217d26d80b3ac4e72,0,0,0.0009112943
e0ff7dd1f80878ee5de04b1901b3c651,0,0,0.09629694
568981c50000bdb8008e0a5b5cb4cf85,1,1,0.99999726
9bfb11e610fca3f7ade5c65ff5e1a2e2,0,0,0.00025070537
d90a617b9b9bbe9e875e894c1902261b,0,0,0.0003946695
9233d385667d3fbdceda5c9fbf1b93ee,1,1,0.99999464
8517fe35e0481c51a16f4b3275aa166b,1,1,0.99999714
2a37c61eac35cff06bba69bf58cfc49e,0,0,0.00045944384
72b0410bf2e711a5e6884bffe8fdaab7,1,1,0.99999607
cedf49d1f7f46953731fb018c6efde13,1,1,0.9999974
e05ce7744eb0a1bb1aa5837517f59291,1,1,0.99998736
affa3b30b79379d0fdb3e92040da0cce,1,1,0.99998057
e27336da2ad52de77dc5f6a290291654,0,0,0.00023770056
6c3c4a5d1131b2606dc3e10c639ce8b0,0,0,0.00038216275
050ec54451f0d0d1ba8d4bf4bb3dc5a2,1,1,0.9999924
784e58903f9026afc82854bcc3ea90dc,0,0,0.0010798187
11cd3902bfe1c3cca4323eecda926c38,0,0,0.0033921907
7636f5932a989b8c7b25e2825e218630,0,0,0.00052734726
d2139710adab51c46631617099033859,0,0,0.18977593
48865a3aba52f6f4002066b7d7ec3dfb,0,0,0.0003541545
5ac9bcce72881583f1d8b79424287f08,0,0,0.00044893974
62d3a2c0e4704555e9823729199485e9,1,1,0.9999074
1cdfbe729e16e4be3af71379d7890d21,1,1,0.9999958
55aec55615829bfb255dfa074a3c0064,1,0,0.21922767
2dfa23189d46dc23f649bd2b0a97e37a,0,0,0.044491522
b867b0ba2293837369d6315a788d95f7,1,1,0.999997
1ad84a9d011edb15f4689d010f139444,0,0,0.00030470887
8944f5f5f802d2cd1f44ba574d3bfd05,1,1,0.9999896
dce0234c39ef47eb8088b939fcc34e76,1,1,0.9967585
33850f46b2654eed08660d74395d6f6b,1,1,0.9999975
53d6140baf4ed8540b7917183997aa98,0,0,0.00086933427
20a8bcb32905ca569999c42787c354d5,1,1,0.9999975
3e829574f0dfc8066806c2e568b15a48,0,0,0.013627679
6b416c10d51ac40b9430235bced9d502,0,0,0.00036067254
c60a41e91ee3bf82dfb3c909a846ee23,0,0,0.0002768185
8db90f5fb811b8d20cbc4fdbfc3baf2c,1,1,0.9999974
e18a4d71ecf057295218a1ca20a56c95,1,1,0.99999607
073213c2a184f1884d2d7c4e541ee691,1,1,0.9999975
7699688c7ae1a53061ba22179447322e,1,1,0.99999535
079e8d6028b12ed409f83a0c35a6b3c5,1,1,0.9997402
5359f8d9f858fe5037df540da009540d,0,0,0.00095463934
23f1c9eeb81e2d2831bf5f4841cde853,1,1,0.9999975
9f94719ee3d2d74fe3d9b2ae4e37303e,0,0,0.00035256374
eb0520bb766fe220a9591f3c00b1a7c0,1,1,0.9999858
5362104268abb63eecec3884fb8f2de4,1,1,0.99997914
b0624d89341189c076d9f92d1d8734cf,1,1,0.9999974
35af48e124bb3a6ea6e342e48617cd13,0,0,0.000510221
6f3210676135a0f794ab115a6b9b08eb,1,1,0.9999974
436242348f0c93b71b52b4258a80e975,1,1,0.99992263
fd6a3b57f3d32ba9916b2f78e571ba83,0,0,0.000307502
7fcc643916957af931c9c23b84a71e38,1,1,0.9999975
4d6901a02c9577f435f41d3496115b8e,0,0,0.00032129255
07462a978b1f645c7df0aaba3ef6cc6b,0,0,0.0008895314
d410c273182914040a5c055f8d84c615,1,1,0.99999666
9fd558902a6ce4aa476a22940d6510b2,0,0,0.00061200897
476825f434fc5e504d5dd93dbe1e9879,1,1,0.99999726
b083a7f353f52963c24fce0fbf6acccf,0,0,0.0014201704
907c8f3077b548956f81cb03a72473c8,0,0,0.09176263
24468b485633b99a1730aafe048b0a5f,0,0,0.00036866148
a2ea5f91aee7e4544a8ef3f1989baa0a,1,1,0.99998105
3b2a900387733c0275c6798853679f03,0,0,0.00038203376
8828a763b9829ebed436e1e7da00bb0b,1,1,0.9999975
72420c94282fe7bbce79eeddf6ec5d6b,1,1,0.9999974
9a9784d211f2017d2e85a68d10749537,1,1,0.9999975
2541abafef2f5fd97612a5f70214f41a,0,0,0.0034768956
44d9784d1dcbadfef684796d164bc623,1,1,0.9999975
012b1597c71cf34a89c09fd5963033b3,1,1,0.999997
d094193d4390783d6b4652303c5436ff,0,0,0.0032637257
47e4e8156c25aa832ce1e6529dab7930,0,0,0.00035380822
96e417efaf5ade0dec8e6838cff23801,1,1,0.99999714
5036511a252091c1a2a04e72b6d63105,1,1,0.99999726
a418f710624e27058037432f3eff9b85,1,1,0.99999714
c2040bc051ce1a57adc7e94d7a4d0a31,0,0,0.00029739004
820dcae140a7661015dd1fbe955754f4,0,0,0.0003582173
2fe1b5123aa50216d29eff99259c0acc,1,1,0.9999919
fa9a7a5f14c9d22c9c421f625791432b,0,1,0.70352286
39c7dbb55d6e8192cee8cb8eff0a8cc0,1,1,0.97822833
a5e44a0faa1d468256533fd3b66aa94f,0,0,0.00024716498
98a9774e1d0df3999ab00ee1821ca36a,0,0,0.00040809505
85aa966f12fea9e087aecab8d54d4f8e,0,0,0.00030069205
0a1cfcdca9264e2b2dc85e984a2b963f,1,1,0.99999726
a7837b11ba582a2765f4aa4b48ef968d,1,1,0.9999943
7956ce64d51d533b51663403af050a65,1,1,0.9999975
be7fc6d0c5d42fb09cfad8b9b31466bd,1,1,0.9999974
53f8b326f8b658191da9e41df1030d89,1,1,0.9999975
b63314e857656d74ce4338195bdd7565,1,1,0.99999714
6643f151501bedd63521c0d9e7833a4e,0,0,0.0010595507
bc2dac27744cd61c73fb911cff75185b,1,1,0.999191
110a3df10f1fff0df5261708d66ebd4c,1,1,0.9999943
85fee3f6fe110ed1bd27c6cd46be01ce,1,1,0.9999968
9eead27efac238b198b02fc17d05fc89,1,1,0.9999951
3ba69374685771ef2ea5b9cf31fe9551,0,0,0.00024164414
b1ad9c75d85fb6923a03e0a82be45c70,0,0,0.0004777623
8ed0bb8dc6f666e66efb02dd52388fd8,1,1,0.9999975
4ab1d3695957b1181cdecc9a06dcb89d,1,1,0.99999726
a752bc9f0e07ea3cd7b96fa9763fa196,0,0,0.00027948635
009947a10d14cf0788ee4c87dfe59018,0,0,0.00027500262
f533d41045bb845fe4613320aa70e3e8,1,1,0.9999957
7036864e1e7b72843314204a3273003c,0,0,0.000601965
1311007fcff9bdd382783dfaefcfcfac,0,0,0.00047248186
07c9b40cfd8a47687e4ff92b78ea22a0,1,1,0.9999968
f39ae9e4c58779b0505beb277f4bab06,1,1,0.9999964
d4410c602f97beac43e995f3be29d481,0,0,0.0003714449
0b5fda8e66be4274f4c4ad0bc9fb8051,0,0,0.00023576485
259219f0ee0d33f0c021a276da81dc65,0,0,0.00031210927
4bb87e1d4d423e2d14a4536f7d8c09c3,1,1,0.9999944
99591bcb8a7b503a94c8a5ef431b4cb6,0,0,0.00033852682
93a8268fbed5cc5710379c19b36b43b4,1,1,0.9999975
bb46b2cf3262c4202726dde691263568,1,1,0.99999714
a09e44f01214924868a3c0201697ef17,1,1,0.9999974
d965c46861d4cf3a6eea3033a8fef2d1,1,1,0.99999714
844d3fa52663c22928cec391bb3441c1,1,1,0.9999974
fa95d27013868c64e0179501a18782e3,1,1,0.9999969
b6006aef4aa8a72cf97db60de0c79392,1,1,0.99999726
63d9f7d19aa4615b3480f659c04ce03d,0,0,0.000409045
1c7e508ed380aec1a994cd358b0151bf,1,1,0.999997
25e8bbe085bf2d584ce4fb1f7b04af91,0,0,0.002139964
5f102020c0bbd38311c0cad08d8e9094,0,0,0.00031769226
e4c828354890a92c13f3d420af56b288,0,0,0.0003779644
9fb8fefd769285393f20b3a61e7201ba,1,1,0.9999975
bb6d4604b93b6de3b38d247fed8a045e,1,1,0.9999975
4bf0f5aed4993e1976ef8f806165aa4b,0,0,0.00025472432
5245cee10911b3bd7cda016e408069ab,0,0,0.0003157209
ef6dc3af8f302b83247e7c94e3466942,0,0,0.000628007
3041f5a936a8879c5fa26684231ce0b0,1,1,0.99999654
3fbcf5927cc285b82c26ff2c7f4deaf8,1,1,0.9999976
0000c9717c958613df39a86d05bf0d03,1,1,0.99999475
b3ffd156f01f5a9a2fbafa35a1bf7cf4,1,1,0.99999595
05b44a464ae34e45e842e2dc2c7266b9,1,1,0.99999523
df7298a804750b62c7690469878cfb88,0,0,0.00036159626
da34e7af42e01f4691c4685363070d21,1,1,0.9999975
e1906566742d4d9df5fd7617394024da,1,1,0.9999938
422788e6a77563a59a60e5382790ff86,0,0,0.00036273405
965ee5734610c5b45730b3a0602e3402,0,0,0.0003574314
c5cdb2dd4bf5f76399741781b1ef67fd,0,0,0.0003282452
291dcb56b0f20737a3ef46949007a4b0,0,0,0.00053088256
1387618ab7fc06339a1a33143988c149,1,1,0.99999535
cfda8132a5d43dfe55cead28a7756d00,0,0,0.00066891615
6b889d7d7c2b386937ba6b5711c1b839,1,1,0.999997
42eaad35b2c44fa08cb98828c5bd1f62,1,1,0.9999815
86804775e2d245dbe4130fc6207da82f,1,1,0.99997675
a007b7eaeb0d70c1514e0630421b94b6,1,1,0.99999726
20e5eaba02a65ddb1037910cac450eb9,0,0,0.00027165402
52921a85be052a96c02bae1c155fdb4c,1,1,0.9999975
b6234d9342f21daff23bf836213689f1,0,0,0.00037424397
16c751f2da3c7d8e3986d36903c4f4c5,0,0,0.03824297
19a22931f43430dd040af5808833e8ea,1,1,0.9999975
f436745ece0854f6b982dc224b437aee,1,1,0.9999969
4aae36d06754f91bda31671e4a963e50,1,1,0.9999968
0f1a9d78d3bb90a211a4d0286b172f62,1,1,0.80016947
eda2503d1801a22c46f96da487a76e15,0,0,0.0002451955
6d3f7c4f4042fc599c4b725b6df19a79,0,0,0.00032254105
3e03b43608096d929e0a0f32c21c6728,0,0,0.00040094234
624ace0e31b2dde3e98ab561c76350d1,0,0,0.00031917257
581a6d88a88be4d412a891e78ab107ac,1,1,0.9999975
327779a2a1139bfc4cce692b9b9986de,0,0,0.00021872619
24cee3788b36ef4c225d886d211f8515,1,1,0.9999974
6fe17941754a5221b74f354c1ea23f95,0,0,0.00059601344
9e70ae7dadda144b06e87d7048d3bf50,1,1,0.99999154
50c54d996d0e29ade12c44a8d154327d,0,0,0.0011866111
64c92d047302ed728f525589203ff6cf,0,0,0.002011214
28edf76cf721d5a315c2533a63a3c6f3,1,1,0.9999975
4f8acee61e4d654f4f3a816f1469b84b,0,0,0.0004956625
17ac1c3a91cca24f3d370141616e1084,1,1,0.9999968
e3370971c14745b9e19a28fa60cf6fbe,1,1,0.9999969
76da992e4e5b95a592241e21f10b863a,0,0,0.0016926336
1f8f6dc427e8b6643ab4389178cba756,0,0,0.001151292
8a1e50e8ad48cab9487ed53356a3f2ef,1,1,0.9999974
aafcbd84707bb8c79cac20596a136a3b,0,0,0.0005005639
46995081aeb2342ccfe1b93f80c345ad,0,0,0.000965835
acd24adeff4f9aa923614516c09f98e2,0,0,0.0046924604
75ff43b2c2fa7c4fb75ff4c2d8082961,1,1,0.9999968
97402a82b3570723adcda26249ee8ffc,0,0,0.0037502795
61edda316970886abb6836ebe4e76834,1,1,0.99999726
3147e50712c381fca45e08effa92c0b3,1,1,0.9999975
f141eb97e5e7d839c69e6f9ad7e0fdab,0,0,0.0010106041
5e2350b241f9f4f42bb83bcf4297dae8,1,1,0.99999654
8f81c3106c8ecdc3a2d8efa26e0439c4,0,0,0.00063905504
05dab9f45316bd39d7330efea733e59c,1,1,0.9999975
413e6089acb80f6e053ec8e38b7513b9,0,0,0.00036983844
c4757ff1b6907572351fa2fbdfdfc49e,0,0,0.0015482273
c4b7db452a0dc0b75af42cb42dd59b91,1,1,0.9999969
2cc5bbf8de3a2fcba2cb38c211be7f0c,0,0,0.00026244693
36d77a7c907ad6c3a227fdcf709fe086,0,0,0.0005254426
b85d86379556dd992aa50276d559f512,0,0,0.0013184275
0b024cd88f207ecdbf35c1c2076e84f4,0,0,0.00068330823
8be551d5477a32a9b154e4874ddf8bd7,1,1,0.9999876
489521012485448bcba636d7da06f28b,1,1,0.9999974
e55df7ad1f1bd59e334c7093dcbab55c,0,0,0.00031507536
511afb93ad6c7ca912808da62d1b77ec,0,0,0.00034434398
613531d1cc03026826685f45b4347a19,0,0,0.00031082617
932cad54bc59814835b3e5afa842720b,0,0,0.0003269235
36727866e463b004062304a7b30138c4,1,1,0.99999714
7fa05da0364921323b8ca6553e0001c7,1,1,0.9999975
7326dfcbc7fc5d53bf0539c8fb685eb4,1,1,0.9999968
ec72266b3c505be3af9bd4a2e61511f3,1,1,0.9999975
af583649283322e34717429df7ecc1dc,1,1,0.9999974
9178fc45d72731a46b855419a3b9d966,0,0,0.0003770462
8ab442a297fab6471517ada68e853e76,1,1,0.9999975
68b52efab11932c7d761eda66f2306a3,1,1,0.9999975
a9c8858e6f16089edb59f44bb874fa8a,0,0,0.0002558066
0f2fc2f0f754aadf55862f30aa8fcbfa,0,0,0.0003319555
859b0e357ae79ce11239cc13a983d667,0,0,0.0032682337
b61fd5aea0c84609284cbbb32411dd9d,0,1,0.9878808
6ad7816990aca690a7373253361c3dd1,0,0,0.006209335
413d6e68cd98c416c99ca939ffb96ed1,0,0,0.00033752125
2e5b02daf77d6eaa5331f6912edbdb39,1,1,0.99999726
e58da956d20b73bcee5d1b6646f641fd,1,1,0.999997
309f62408f9e480bcf3667d83de295cb,0,0,0.051787112
566904e20787f5b538d6d0697d379903,1,1,0.99711215
eec103c338635077eb808f778b54e991,1,1,0.9996282
bca87f209ed9c45e39c17b649a9ab92e,1,1,0.99999726
dd7d6339d42998571e08c58e8809b813,1,1,0.9999957
2716aea4259cce754629ce26cb9f0abc,1,0,0.0010738934
855bc47b43037b9e30b907d3fd6dd83e,1,1,0.9999969
03962fa8ed22a64b3516464276f6d8f0,0,0,0.00057126203
8a7b8861e40eed4845a9126ba3dc492a,1,1,0.9999974
350d2ab298cfb6a11728206684425ad9,0,0,0.00037458062
30157d37e844dd3879783e6962284175,0,0,0.0008184989
5eb49f00fa1bfd2749aa10615227ca58,0,0,0.000425597
39d6970e21bd77d72d4001075f15f960,1,1,0.99999714
94304e6c2ca9635759b54fde60461e86,1,1,0.9999963
9a87fcb0970e2057801a560eb0c10c01,1,1,0.9999975
8d48698c81e8f112b8f476fea8737bc9,1,1,0.99999523
1bbebb95da0f003d0f9fddc6ec92e330,1,1,0.9999975
0a42bcb60594cc842de9edf697995461,0,0,0.0010756104
e887384a2af27dd3617c479ab78288aa,1,1,0.99999106
d5c8246aaa7df68299294f75dbdedf60,0,0,0.00066338934
bfdaa5de176c6d569cf31babac64356f,1,1,0.9999975
e0ce8f3881ac0fd8cca8cd05f3678ae9,1,1,0.9999974
a14941eed218a9f66ec5a9829ae45ce7,0,0,0.28638053
70e19e4817ca8b14f97cbc5cce3fab4c,0,0,0.00033431684
b8a7e77f89fb1ae99b2156706acaabb9,0,0,0.00034382078
a94ab17ca89b0e5e0d91bab92486af3d,1,1,0.9999975
fba5346a45cf8707ee06b4ef33d7c201,0,0,0.00047457148
ef3954dfe0b9e22e556ee20d3e946a1c,0,0,0.00030496373
2820565ae46f51c974ba35445b64cf70,1,1,0.9999969
eb3aadc5eb57ccb1ce6c7dcb493ecec9,0,0,0.0006962207
586849472dd041de0b476b43eda17f4b,0,0,0.00079368195
795029991d5319f74bc4571ff5abc11c,1,1,0.99999714
941b20797425deba20107015490ae044,0,0,0.00048308846
dc84b15ee15dd218c81cb27688543a88,0,0,0.00055070454
442faeeb7ee2db1ffe5148697ee23912,1,1,0.99999714
c226940f30866e8c189a30e45e0fdb4b,0,0,0.00041020714
4012cbe1c0bf92ba17944ae4c9cca02a,1,1,0.99999475
9fc8569a65bb9701bf7b46031e39e42f,1,1,0.9999975
1fd2b4ed30b7a9f7f8be590325959f35,1,1,0.9967527
b9fe055d0a943cfbbebeb0aa510d412b,0,0,0.0002891424
19c97762d0cc9a031f84efa132a72461,0,0,0.00023045024
57583ef64983b40dabf0da373d496243,0,0,0.00074907945
9972a0dbd41ad25055242a605c8ab907,1,1,0.99989915
af9b5c9e31d00349e84b44d5c48ff07c,1,1,0.99999726
22e0e741d7f1ee67aa915004aea55807,1,1,0.9999968
d9ffeb8663848d6de01c88a0d3e32099,1,1,0.99999726
de927114943a3e148b8c3f894cc6b0f8,0,0,0.000403197
4089e2848fad26ccd6c5abc02cbc1ca4,1,1,0.9999975
b055bbf1224d775fc800c639ff5317b4,0,0,0.0005015864
e091590c82a268d41cc217e78c515997,0,0,0.0007217894
f12785abe9f483b94f799ac49fb2b954,0,0,0.00028732655
84899f156e316641c9f00bb3378df936,0,0,0.0026446823
3b2ce82eafbff155f7a67a8c7b7245aa,1,1,0.99999726
c510bed5b7073e58d2af263c91191eb7,0,0,0.00031930313
1017fad1b8672aac35cff820296e5d7e,1,1,0.9999975
03d14fd5715f0d33d873b17afd3ce369,1,1,0.9999975
639024e30612da41b48736febf6639b2,1,1,0.9999974
fa3161bd3f2f61d54f9f988c503e267d,0,0,0.067586645
76ae42a52c88a6afae30ea00126daa02,1,1,0.9999974
2a299addc7ec4b9dd69c51276c209eab,1,1,0.9999974
af3a0b7c66450f19ae5b693f0e5607c1,1,1,0.9999931
4bae87332224ae61b0177934607c1eda,1,1,0.9999976
b6e3f27e5b0bc6359d9990564e6b2c15,0,0,0.00039245686
3447058e53082a2004c426e56f00f372,0,0,0.0003457313
d7b5dbac4e2f1b39a3948e927e4435c0,1,1,0.99970955
e61e05e866cbc9ea856301cccc62e564,0,0,0.00047645636
55ab23a7eba8756f9aa784f497a2838c,1,1,0.9999974
5064113eab29a68bcd4d9fcca637bf70,1,1,0.5665277
69cb617ddcad6e2e599cbc71c43b5317,0,0,0.022731237
59617f974e1c4854ccace311ac879867,1,1,0.9999963
f1e663c6bec17874d866a83b389fcd72,1,1,0.99999535
4dca086deb10b765dd2b0e444e6f89dd,1,1,0.999874
7948d9d7631e82a81ea5f59cef34f0eb,0,0,0.00028339634
163c47dedbb1a45be63d95eb7e0db41f,1,1,0.99999714
a9f84686ac6034fe61e8bce5203cd187,1,1,0.9999974
2e87668efac59fb838f45a85f9299630,0,0,0.00039207173
a4289081249760aaeb5e81f2a838f36d,0,0,0.00051526766
997e705d9744a45d5f4e9bb198f7c7cc,0,0,0.0088195335
3a3bf90c0109c548d37d496a8762397e,1,1,0.9999974
882636fe9c6465ecafc388b055e92bb0,0,0,0.0007020874
f57c03a8c1e81666e0e4f87c99c87698,0,0,0.00029335186
05b7c245150a86db3b51302380671ec1,0,0,0.0005465858
88ae7e2aed540edbf9ba4787770f91cc,0,0,0.0012397564
74b6515cd2e554ada1e3b88d0b62eb51,1,1,0.99999714
33bb63c4f75fe69e8e309217d42d5085,1,1,0.99999666
416cd93ad5e52e89ae03758d49c929b5,1,1,0.99999654
586e6a3262aa36c3073185ce73936c31,0,0,0.016026111
79a40752a8a46fcc85f220da61130be3,1,1,0.99999714
befecd06c16a5fc406a6725fed91b2d3,0,0,0.0002738271
71a0555f4932974925f364116a900bd1,1,1,0.9999974
a090981cef562c285ec36f164ec1b806,0,0,0.000449297
75345347cad1588946dc94063ef1f2de,0,0,0.00028810225
ea329a98053e80495024064211d85a8a,0,0,0.00035441117
4aeb3a010516c465eced1585333d7b8f,0,0,0.0010278289
bee8fce58c38dbd7c399cd51e1282555,1,1,0.99999726
1ac1749325721e5ffb57670d17f15a94,0,0,0.00045384324
4fb9fdb900543ea084fe7701a9da6c54,0,0,0.0003399581
610cf57a0dcda811cf937fbc0b1c218a,0,0,0.060893107
8a3934046c3d8af6b6c9981a8479830e,1,1,0.9999931
48e1cceddc794f8466fa0a76ac8d8008,1,1,0.9983852
847ee13f9d957cd404ae807e06da332d,1,1,0.9999949
3d8528a6cabc676c89d7807ad2a25175,0,0,0.00031514777
97035d553c6df68df4867652edba774d,0,0,0.00046936987
181f963e49e064987b696bfe99c24153,1,1,0.9999852
721ee59208d741d90a0f0f7708d4abe8,0,0,0.0022764283
03152a458907126d8f3d79d143e7bb23,1,1,0.99999726
08c708726714325d7c8dccad5786453c,1,1,0.999992
b45c7c59918718b07f7b631058619ae0,0,0,0.0026333444
e18b14ed37177bf8777a11affaedbbee,1,1,0.9999975
ad74ae851dbd2440f652e644fd3c364f,1,1,0.999997
3e7bb891c6a66c0c3a470cb309c896b6,0,0,0.0011045365
2a6ff5951706b675e8d5392581c5d5b6,1,1,0.9999975
ceb0efc4347d67785016dabd19adcaa5,0,0,0.00027558187
3b66d92de6bd93e4e751310bdc8279ac,1,1,0.9999974
715493a4a9788887772ef8bd03bb2d37,1,1,0.999997
7e26657536232dc5034ebce17a63a560,0,0,0.10734611
9be9aa071d0013da5c12998641966ceb,0,0,0.0028593277
73303aeef2ba601b7f9931efec300b4b,1,1,0.9999974
f7ba7b602c815668a040723760f6cf74,0,0,0.0029045758
a2f518b68e85a90660c51ea8e5af4fee,0,0,0.00035686308
e02ae4ea44180be35022463621e17fe4,1,1,0.9999963
e97d3c9e16e35d759805aa01681067f9,1,1,0.9999975
9191fd1618f91189bea7dfd8857a6b4b,0,0,0.0002453812
6b0a6f850dea88568a6aaeb7745370c2,0,0,0.00032909686
ae1afb1b8a24b4192edf6a1b9a8b5b19,0,0,0.00035683558
db0c83ab452aaf6c722c8ffa7e1f8d31,1,1,0.9999938
963a4cfb807a18deb56ec4d18edb7da1,1,1,0.9999957
84441645136911506fabca210ac648df,1,1,0.99999726
3f1d711e963c589361a659ee93bc460d,0,0,0.00042905056
2f6df89e25a0d17ceee0bf6c25e6ca6d,1,1,0.99999285
bef956b3aba625646b3d3dcee01b1c50,0,0,0.00053322787
667ae28f5d9c6cf730ad56b805ad4eb2,0,0,0.00083305326
38df355e18411360ad4d6979bdb51d8f,1,1,0.99999714
518070f979c371dcb2f0a1e7bf69b933,0,0,0.00041044498
870cd6aa848ecd70197c8fd468f4fcc1,1,1,0.99999726
7edb9cbf0e07a7f8bc317b4c4f1cd4ce,0,0,0.0006466499
e28a2018c51a2b3a5a802d9b5217d18b,1,1,0.9999968
dcdf7d5b7f474232425f721b12315404,1,1,0.99999654
1f75d2936c5ff2f0cecde7183f5aa020,0,0,0.00047152332
fa500a669176c7788481664d7c0b2b27,0,0,0.0023576252
f30a5a465ba682b6d8ff9090afd79568,1,1,0.9999901
2459cef590ba687400c4d085f567b2bc,0,0,0.0006365678
e4d55344dde6479ec48b02d378e3aacc,1,1,0.9999975
89e14e7de1a45ff70fa82352156678c4,0,0,0.0003771738
bc789c25c890e8f6be5a1b14ce88b304,1,1,0.9999974
d751bf8bc993fcf81af90dedf651ffe7,0,0,0.00055064674
7f22517b671407338d8fd2be5cedbd80,0,0,0.0013395956
f0a8f8a1f78d27192e478c95139ca4da,1,1,0.9999838
69e8cc6574a3bc8c145b876758bb3c4b,1,1,0.9999975
2d3caedb9d029500e1a9d6e9b641714f,0,0,0.00046656112
f2ad038a4f3ae37029f644950b43e20a,0,0,0.0010814937
1f8b276de690771b65e5a2c91d01c53d,0,0,0.0034759243
b1d190d25d5a7d86f76591399b5385f9,0,0,0.0007278576
25e18493c3355fcf471afc44e35dc987,1,1,0.9999931
7dd8ebd4b6ca30db9a072711e63f0019,0,0,0.0026273446
df3d042e226584f24532cbb832dc2d4c,0,0,0.0006660589
5c6f93f009c5e7f4c76cc85b58263909,1,0,0.24128436
f52fa2ba71ae181f34fa2212852abb0b,0,0,0.0100972615
49d597760bd7a82342e41642104664e4,1,1,0.9999975
ced5adeccf52f1af416d49c4699aeae6,1,1,0.99999297
fdfbee65c8810d138105c7248fb24b2f,1,1,0.99999666
925fed3eb97ef21c2ef707805eb6f816,1,1,0.9999974
a0ac0208bdcd6974149ccf72d3fc45de,1,1,0.9999975
1826751828dc6356ee1de0a325a6bbaf,1,1,0.9999974
652f9b81cb3c7838d6a0212d9f5b953e,0,0,0.00035774976
b15e896be9303ca010984874ab81fbf6,1,1,0.999995
26e77c3a3c6075733e6b12c14b325550,1,1,0.9999974
6c565fb395c2187d8684080443d4c2cb,0,0,0.00054789404
78255f9aac92e0f981343ac3122712d2,1,1,0.99999726
0ebaddf916ad9cf889b5322378b9e4f2,0,0,0.001488958
d75a6fbc322fca7a825f9434669bb90b,0,0,0.0007013362
4889d18aa74ae6de8a643acc05ed400b,1,1,0.9999974
816ee090184c3d84fc9339ee6093ee03,0,0,0.0011998289
b682574070cb41eb5f1d49cf903453ca,1,1,0.99999714
5c004784eab4794df44f691b82196813,0,0,0.002323284
0a05d7253ef77a91f69da1ca86123ddb,1,1,0.999966
d3c0a3f173ddba75ab9407a7baf0dc9b,0,0,0.00094835204
42d153efdbabb9c533935d702ecf5b27,1,1,0.9999958
70389099be146b55ec5bafbdd88f9713,0,0,0.0010233169
e14fb3a46f2089b4d67953b1d792ecfa,1,1,0.9999969
16aa6dacfa6e177f73d7acf1494beeef,1,1,0.9999924
944a6a51e4538b81f210a23d6eedae60,1,1,0.9999969
05351f8a32cc5b94216f6dd15592bd7a,0,0,0.0017252004
5952b6c05c7e544ae13b7252fb7dd163,1,1,0.9999975
b198dcf224bc8f448c21ebf3c895df3e,1,1,0.9999975
52bdef46ca402d0858ba79e7fffd8e73,0,0,0.00033830083
e633217ecd2ee52c8f62d8cdce1524bd,0,0,0.0033841336
c2fd96cbe9ad7acca76a0e84d6c65025,1,1,0.9999968
ad4bac9f1b6e60bc9684cf60a006a1e4,1,1,0.9999974
1b62c4d6ae9752a886c83a2e6e795551,0,0,0.00037726748
1112d44fc093753b1577b73addcc0ac7,1,1,0.99999654
c99e81b18da48eae7501702eabbee2c3,1,1,0.99999666
90115cc6601fcc94f8e4f2fc95e11aeb,0,0,0.0003922646
75c59c259debc14c0cd9b425eca6d3f2,1,1,0.9999964
851ee8582693ebb87127788753d7a7ca,0,0,0.000466478
6be765936374223fecc524e36625eaf0,0,0,0.0009328995
250dbcdc82d34cfe8bffb09d7116b458,0,0,0.00024410292
729b08f52c99aef0963e215e64df205d,1,1,0.9999974
50083ce7309eb1d795ffdd128c63b229,1,1,0.9999975
9567b4ee6fb118d4fc6526051f9dd708,0,0,0.0009167434
7d98a4a65c8d8f51835524d4422234b1,0,0,0.00038528012
11e9103ab0e89a6b2aa74f69a6519dbd,0,0,0.00021269277
b2a9d5807416938f82d9070529e15ede,1,1,0.99999666
1f2b171a2d4db9020cbe271d8995d865,0,0,0.00053992483
f6ecb0cf7eceb861e46b7e0eeb197772,0,0,0.00039490245
de0c6622ab9e69bf2bfee9da51d57b48,1,1,0.99999726
ec816f4648fd60a90e77c40d5965d64b,1,1,0.9999975
473f01c7913bc334aee7ab5bb1eb26b1,0,0,0.00033966056
94f499af2bfb6ac307dc802bfb7b41f7,1,1,0.9999963
5a62a6ebe97df4b0a8af290620abe413,0,0,0.00070905255
9cc5faefab668a71ed201d79dba3d3dd,1,1,0.9999975
55cb0178f3661e6bf8478e212cbe8b2b,0,0,0.00091108156
9f74904aea1174ecd03fcda68bcda487,0,0,0.0015673366
c1e8ba7e132fcbee3970fdfae13b8586,1,1,0.99999213
1561cb7e0eba2d561bf45528849997b3,1,1,0.99999595
cf34cd0040c536792a0fa41a01b14cec,0,0,0.003823846
0a2110d627f5321ebcbfe7c22128e407,1,1,0.9999975
17d5bd61792b36cf19e9b58b83663a6a,0,0,0.0003007253
f57ffc92792da02551440b2b78cee509,1,1,0.9999808
d257a008830816c68bf1e5fe917128c2,0,0,0.0004483466
050274f2de1540396c24612030d11d95,1,1,0.9999697
9096a08df97d295b89c15f6737436121,0,0,0.0004069758
8066f4e215d4e5bce619067b875c8f41,1,1,0.9999962
ba8a7522cdd060bf8870642458785e1e,0,0,0.001044288
0f1344aa0fa64f95552c805a37998413,1,1,0.9999871
29b6de52bc262c44f2fe6d99a19ef668,1,1,0.9999975
180367c4c68eff641d54101149c82def,0,0,0.00056556164
940e543a3688794195e9203c4e0971ea,1,1,0.9999974
8b6d87256e1ae0607fc316e2415757aa,1,1,0.9999701
53e2679e1a8cca9b990878e30a7c2962,1,1,0.9999975
425f0e0ffc4caa0e2d36482bdf510d68,0,0,0.002731294
b74177b8f9a2dbfa553ab0adb784cc30,1,1,0.9992206
3642ad514ab7af44b9d42a251a99651b,1,1,0.9999974
60793d0ccfa582b9656417e80e4ce3a9,0,0,0.0005619496
389fbab683b2b4e583dadd25ebdfe28c,0,0,0.00026327497
fd9f472e31a506340598da90453783bd,1,1,0.9993092
75723633c6c44ba2f97b6566d2dce772,1,1,0.99999464
2bdf001b253fd7fd40fb63b30a841121,1,1,0.99999714
2e3c1eeef7b9292a319cbcba04aeb3aa,1,1,0.99999714
1f798ab138d68bd51080a49006d12c13,1,1,0.99999726
8e65e3e7c97f27f005112e033c0866a6,0,0,0.00036057318
e18a11919bad86c81b6a8e15008763f5,0,0,0.00032831216
ce5916d5af050f7fd8fdb2bcd93dd8e6,1,1,0.9999937
4f21ee68451b72ef56f79c4dd6f185e3,0,0,0.00045592117
ae58fe65da16d7c1472136831af731c5,0,0,0.00031377617
3d636599718a6f1a64c6ceacfa7961f6,1,1,0.99999714
e4f86cb06aee04ea8a972d2bb9088cb9,1,1,0.9999974
1d486e9ef3f1eb14374e9e2b82ff75c9,0,0,0.00040760532
1311df44c4d2cc89f0944deea82923d7,1,1,0.99999726
a411b7977ee0afc7994850273acde63a,1,1,0.99999666
bf3e5d1c101b77b1b7b9ddbbd90399dd,0,0,0.0019112199
893b16dd9ed95481546649b65b7725ba,0,0,0.0027789052
b221c19686a0071083b2e17fb199ffc6,0,0,0.00029010887
502616d8a81869fcefbffc39c78b02a2,1,1,0.99999714
aa08c1ff5c9826dd7ce49893357239cb,1,1,0.999997
9296096fb83ee38706369005d1762dda,1,1,0.9999969
51d5d418aad9ec656bc452f622ac0971,1,1,0.9999871
0a7ac1f6576c0d56de37f51ae134e565,1,1,0.9999192
51f07e493a9aec4b2e0616989d0bf309,0,0,0.0017392758
eef9e85011259d3d57c0b7cb36e4722f,1,1,0.9999975
1993df2197cb0f0c93e6fdd29739160d,1,1,0.9999974
e6ff4718183dfabc4bfabf6f8e927a06,1,1,0.9999975
6a486d7141a9c7b79cbdd775e84b1f68,1,1,0.999997
f98922eab4a10f82b2942044ac8bc46f,0,0,0.037781272
e9ec51f49d0a8147ae3d1028d232af21,0,0,0.0048875627
738839b4531c029d3d830e40954b7855,1,1,0.9999964
7b408c4b80ab902c25f9799f29d1071e,0,0,0.00064357586
bf4931150a5ebbbf49a63a38b341607f,0,0,0.008217536
d0cd8aa2a3c379babed60c7073c7a518,1,1,0.99962497
9f34a33ff9c6f1369626635beece26ba,0,0,0.0027021347
6344812e4d7584f106990ede5915916e,1,1,0.9999825
d66baea8f80f221488f6cdb1b363c882,0,0,0.00026112408
716157b7e9f08a2e18cb7ba037cb1c68,0,0,0.0018064032
a234ae52b0f7cca5254529cbc0d9f94d,0,0,0.0031862978
12cb4448aab4407e76948bb952081b60,0,0,0.00036392437
f377846a57c813381e752f7ac1552fee,0,0,0.0008340707
d10db64af865b84e7aaaf001c8a05c62,0,0,0.00022120876
450f376673abecc25abea3294fd45274,1,1,0.9999975
48df049e864b5a92357574acbba7c8a7,1,1,0.99999726
5fdf41361bad49ae6de636221e2743c1,0,0,0.0003670046
837895171e54be21316cf233a78063d0,1,1,0.9999969
b045243fbb9744b65e186cfeb0a08bcc,1,1,0.99999714
6c56771abb6a238a9d0300ae521471ed,0,0,0.0024769455
ce528134eda02347ec48a71bdadb04d5,1,1,0.99999714
90c207b65f71c6df991f53cce87d2dc3,1,1,0.9999976
593ddd6d08eabcfedef88018c9c2678c,1,1,0.9999975
e76a2cb7caa910e3ef6e03d50abefe3a,0,0,0.00094456377
17749312d36d3bb191f134b9e126c0c4,1,1,0.9999926
f9b19f5ac23e9cf6b1aa043b626f2501,1,1,0.99999726
cd8ca7acca6d84ab0ec394981318bdad,1,1,0.9999974
79f52fabda0cb1f36000c69eecbff3e1,0,0,0.00026996207
b2beefdcf96edb849b589fe78016474f,0,0,0.00024952568
3e9c840ceaae06542768062fa86e3f49,1,1,0.9998574
dc33667f4e75bac1c2ee4e64f49ae930,0,0,0.00023350315
797d735a82672b7fbe3812eeac5e94b5,1,1,0.99721354
c1f1f4bedc8bce8e4bd1896fa433b4b1,0,0,0.0004621747
80f95f742d6392e415cfbf81a3c95d32,1,1,0.99999774
f34df1906774c9d23f7606d2f1a3c338,0,0,0.0017823974
0f0a49e91cabce2fdad884e276f98a58,0,0,0.0015337624
1c4c0e5832d204b8de02c1efb7863029,0,0,0.0047189877
34b31b16da71ce327064a931f5e53d58,1,0,0.12144102
597ddd300ca63d75d53af623316b086e,0,0,0.00047068915
2fe3a3efd4ace5c0c23266c3b7681d00,0,0,0.00027897465
2bc6f1575f77810c86428f077262ebe2,0,0,0.0003143124
a7dabe83420ac364cccab1e5047544df,0,0,0.001306865
28363d69cff02d12cbca69d8968c52df,0,0,0.0009434471
6ef22007c2dddce4b649d05b7e8ddb0e,1,1,0.9999975
4589a99f6986532a23367b5fe78a1623,1,0,0.13493454
06385c3d3d507a191d8fb5d1c4413e1e,0,0,0.0011699917
3b11dd77d931cd695453beb9e712a00e,0,0,0.00033440738
550b72b564a03156a445ff8095f3cb2f,0,0,0.0006383817
f6c717df7273c62b487fd0b7868c860e,0,0,0.44133732
cd8a75e30e5a92a47796a9b9083673ed,1,1,0.9999975
bc601ae423b2d13dd05190a8ead62755,1,1,0.812923
64b76490337ca880630c323b6a3a15a9,1,1,0.99993885
2624af8a7287376a4270a57d7e82438a,0,0,0.00033174796
1b283a7705e3f74aecb7b6cf3590362a,1,1,0.9999975
17eea3797aef4adff91cb07338743554,1,1,0.9999975
f1079f27ab8b3f889a12799e20251891,0,0,0.0015381207
4eeee82d686034944d338651b97a19e3,0,0,0.0004965118
ce3c013938ab5517330e49d67a25d23c,1,1,0.9999975
59c902cd168b91d8cbb36e75ee586d36,0,0,0.00050783786
03317cec99e62308686d897e50a4671e,1,1,0.9999975
dc0bf9cb4a17f04cf941f21443c88f06,0,0,0.00090751896
ebf99c87c73f3872457fe6e18766d64e,1,1,0.99999714
fbdf6ef4b5c1339523ef0252443c7d62,0,0,0.0018413082
06a63cfae5f900fffe5b7795dc67c9a3,0,0,0.00026139835
8554d48d65f257f4e5795f6d047fabc9,1,1,0.9999974
12cbfce3d4e4fe85368aeb41f7877bb5,1,1,0.99998057
c38b94259c18362f46f6cc8b067676e6,0,0,0.0006539642
f8547fbf13eab06e06c4ec5ee2a01a50,0,0,0.0021300307
fa455b28c9e9019ee56d98e97aaf9406,0,1,0.66359997
2619e146e77bea1b9339ec49bd41c4af,1,1,0.9999975
3b9139104aeee96c81f167a805501aeb,0,0,0.0002512814
5eaa903ac40e539cc8dd2de91a3769c5,1,1,0.9999975
11962c56d0bacff39e6494422e92e02d,1,1,0.999997
0b47cfbafaf964526d17919a289c7f6e,0,0,0.0018187923
e6993f8cf97d0a79de142dd52b738a54,1,1,0.9999974
ff874d15f16f8e7df2c9b2bca2095188,1,1,0.99999607
d56558f59bb8ea032bdd3a205ccbbaa8,1,1,0.9999956
4c00a3d475fcf42905e831e3b8c2dde0,0,0,0.00028724188
0ce620c523f53fdbebc8b4c84a9c6871,0,0,0.0033535184
01a754328d3b5d3c7678c6ac76708d2b,0,0,0.00032383544
71f34bdb3ed831482d7cf15092e667b2,1,1,0.99999464
86c5893cb6c0ce1169f256069ad7e7ed,1,1,0.9999975
716ad3b6810babc833af3552ed856b24,0,0,0.00028954403
c24568f331b0a9dc2da8062605b4a70f,0,0,0.00026771065
fd29b37dc30d03c0f09812a155494012,0,0,0.001761469
bc09514375994dfc49fed85b69dbf794,1,1,0.99998724
4382938c00c56ed504d30d09bb77b1ba,0,0,0.0004465628
fd1994b575839b5fba96d40cce957cc1,1,1,0.99997354
26eaed0c54b1e6211c6b27b57258abe0,0,0,0.0013416538
47cecc501464b217451ca694a1d8f137,0,0,0.0005927811
9dab4df1e11b961e1b215ca48154deb8,1,1,0.9999943
7d71ed92b36d334f2c6b8ce463a0a7a1,1,1,0.99999654
4ed5fae84307f964f792ab2c883934a3,1,1,0.9999974
d27899937c61e649feaa08f3610a8713,0,0,0.0017358236
1bcfbf99dfa1451b28ce8320eea53d8c,1,1,0.9999974
dd02ce56ddca751078c64f366b76b210,1,1,0.9999976
580084cf9828a6c677c6d4e0fbacaba3,0,0,0.00049910264
b1684aed4f3d5f43e53afc4179221868,0,0,0.0003671162
c24288b274accd01ac7ea013f47018b8,0,0,0.0009226684
34896fc8a29c16401944f8e7e79fcfb6,1,1,0.9999974
a5ae4f55c13ccc4a64cd6ab06549eab5,1,1,0.9999975
62f22496c521ab853ea0d28e45962823,1,1,0.99999344
d4f36ca0c35043384505aa6f21910dfb,0,0,0.0005807307
8f5e416eef5899f4bdd888ef49c4e263,1,1,0.99999726
a41ca5571943e1283330529f2faace56,1,1,0.9999901
f019d3d9192e69cea8cd8382459a9b7c,0,0,0.000307955
