uid,label,pred,prob_ai
e4c3810bcba0694c3deba6ca3755584c,1,1,0.999949
f10657859c63aa375a21cd32b3378379,1,1,0.70095974
e1a5b37d37f5fc3b6578b1c0d5e96697,0,0,9.113924e-05
6d95144fc6bd2bedda09498b45c90ae9,0,0,8.7284236e-05
1c96f8caa44fe8ce437f9bc488e2a32e,1,1,0.9999553
b4c6e1e9d96c1ded9f889a40e7848b8c,1,0,0.30824378
71bd75c00241dc73e9d090b5ad6c591c,0,0,9.177047e-05
7bdef762f165ea2b51e1706f4ce9f299,1,0,0.368663
891a9a42a93ca7113e0053bad04495d1,1,1,0.71250737
1ebe7aebe94b7155da232760abf396d9,1,1,0.99993336
ceccb0b3bb36824d63f8af4f60d238f8,0,0,0.00010563568
001f9c898e88866c1c447ab4c47f6f87,1,1,0.76758
8e0f8ef69bf3ff1b499e1b5a62c061ae,0,0,0.00013501104
27ca52e4eee80a0728aa82094032be5f,1,1,0.8178623
bd997ade62b2ea975ea6a681efbfc9e5,1,1,0.65723217
bcb5e293f53b011ffd861fce75abc723,0,0,0.000158831
8c1ab2c55e6e9fbbb1c0591a649a4cf5,0,0,8.6840155e-05
e67db1df2cc0d40f16d79b903a24c758,0,0,9.0432804e-05
8247ae2dec189047b3cf2604dcaf81ef,0,0,8.629911e-05
410be384fbb1c7b3129526f70afecdf6,0,0,8.832785e-05
894096e2d07c1497d73d7f19edd23ff9,1,1,0.9999455
5f8164f6ad772f31e6b10664d2248e63,0,0,0.000104582665
5b04ba07386fef2bc8370735ef35d630,1,1,0.6282395
535c2c19c72e28f1d5a4c550eafde971,0,0,0.00012359404
d013a234aa1b34396682d7226f514b31,0,0,0.00011195096
5fd21bfa33550f9be82acfe549360fc9,1,0,0.20402685
91db4a0630617249b36fd065e69fbf0b,1,1,0.9999553
4d40a2d5caa0c0cacbdc60b20aeed103,1,0,0.42398903
8a33afbd62f438b43cb2012f17a304db,1,0,0.22114989
4914496f4aab558093f9a806c7614b55,1,1,0.99995446
46074c64f980daf4efd53adf7e4830b2,1,1,0.99994576
fdab0ee23ee7b8e3b8957cc10256962f,1,0,0.47617587
9910c88adc77cdb791e51b58db2a5d29,0,0,9.1850045e-05
85bb206a88cbba690a34c13b3f417cb1,1,1,0.9999546
150f29e2575cfd913d788cc67c546127,0,0,8.640583e-05
116578e57a89bd7b007e27ee9210a05e,1,1,0.99994695
8aa65d93633463127b120c0b490cbc54,1,0,0.15483935
9e6c1105b00e3e664fedeea1e092e94b,1,1,0.9999559
af33b77379acf6c725d23b451e79f0b1,0,0,8.68766e-05
b36d6a57d26382584fff42970bd50070,1,1,0.99994314
13ef997b287a20fa04e89165c12028d5,0,0,8.9962414e-05
e10aba90094bb44e59854b0f454ae536,1,1,0.9978987
114365a5ad16f02d0d5a58a797927066,0,0,0.00010007488
ef206fd87ab8c82885dc0cd94a47bafd,1,0,0.30991983
512d93b8a677074dbedc07d9a1a572ff,1,1,0.999956
0e6d466b5332fb6299dc6cc889e94cba,1,1,0.7710506
4164327e221efae668127821218e1384,1,1,0.9999025
f32aabde9806eef5a14667b90504d793,1,1,0.95609015
14b9625d5ae310cc5a8ec2b963f27a66,0,0,8.817502e-05
d2d5884ad8bc3bf1d0102e21e4622322,1,1,0.99994946
a4b5aa1aac228d397ffe58ab23ebe672,0,0,8.668378e-05
351d3166f6700babbf3d51fc36c1b248,0,0,0.00010507788
8bfea1e604b769b70c9c102740c240a0,0,0,9.231737e-05
23cac5e50d89d39c1abe0adbd99c3ae2,0,0,8.6085005e-05
cffcde947f60f44da58dd909d9136fbe,1,1,0.99994624
dd78d38108b0e4660aafd545edd65ee2,0,0,0.00010042591
889398a894c4864988038de3d8b27009,1,1,0.9999547
d81791285234a5fd6e4fd34b215c9fec,1,0,0.27706295
59360fdeb9537ec08777194a737a0083,0,0,9.970787e-05
38b0e66af10b3062b524063451084af5,1,1,0.9999566
77fcf449013ff25aa0656de32b3cddd4,1,0,0.28992096
31872868525bff7c983cc9d08be7a39d,0,0,0.000117066935
61eef7c5688e112360b8ea5fc831b9cb,0,0,9.1403126e-05
2154c528c2a021f1dd746d647d264bbb,0,0,8.880062e-05
904003bddf9859ef09b2048c0456ee75,0,0,9.230346e-05
62591c344728d49d045fb3c628a8f7e0,0,0,0.00012689436
92cdbfd9c6c1c4450d2501c038902179,1,1,0.9999522
4f50f36d9031e31a4f2258948ba53210,1,0,0.08163787
dc2df05930f8283d11317db076e385bf,0,0,9.140199e-05
834f2691b81b180cba433610a5a238ad,0,0,8.745328e-05
09f443df6498974225f95c285397dc50,0,0,8.8517474e-05
97fedcfaf794b1fb0ef72d5278fc402a,1,1,0.99986315
d6e98f6bd0b9e21e201399a9ab7fad7b,0,0,8.802942e-05
e8c93d5443b7aad4884dcc046f85078c,1,0,0.3584244
22fa5549eed5155aec636f1835061eca,0,0,8.798713e-05
00535f2570950da28ba67e1baf5b1056,0,0,9.130321e-05
bc425790eff24cd75df185fb695933b1,0,0,0.00010816378
af775614fcf139a6346df0ecb3291801,1,1,0.9999553
5397bde20ebc619db0dd8f7bd5d9004a,1,1,0.999951
ace2a42d9eb81a3c62193446d29a4059,0,0,9.832174e-05
3330195fc48f75f488b2aefa60b9b903,1,1,0.9999558
fc6c44acaad8bcb70e3ab3ebb1da7421,1,1,0.9999076
c1a0ecb8f0926b041be1bd4534496858,1,1,0.99995553
71dedba80f11b91dd7fed2d4f55cfe3a,1,1,0.99995697
bfcd3d14a4fb307f8a6435a253a9a0f7,0,0,0.00015648769
f1586f8a1eb4ea0f2a1b0b621fbd2ac3,1,1,0.99914396
d2878a315110558d9bc2118b53a7e910,1,1,0.99994516
bf7ed9d687940b95f72acbd2c78eab89,0,0,8.967652e-05
a81562d569057d4e1bd0008b7ad42363,0,0,0.0001314346
8f5c188949b6df01c904f19ad395ec48,0,0,8.762893e-05
e31572ecd5b16b8f9db0931d11a45cae,0,0,8.646452e-05
e8dbe09a3281098e2d82a9db4de3a064,0,0,0.016458245
995fe382ad8a16f50bf7bfb0063e9124,0,0,9.1389185e-05
66b4438abe893fb0cd9a8f4d352728be,0,0,0.00011990346
fe169ad454b736ea53aef141e25bdc1f,1,1,0.9999554
368b04ca6a905bd0bcf852593c6d8022,1,0,0.30249113
beaff902fb676b4c0f57adab5d44595b,1,1,0.99995494
b60ad4fc3a6ac1246e63124531b6ce00,0,0,9.384921e-05
0d4b589775af7ba9db429728ad6f99d9,0,0,8.76632e-05
22ec358103140eae9aab30b00590f255,1,1,0.9999548
fd4efc73de921ca9f55964face4bcfee,0,0,0.00011583801
7dd931c65046da77fa6c4ffa63daa9b2,1,1,0.9999471
333730a2e5c4e0c2737fec1c88ff197c,0,0,8.912783e-05
f311f376ffaa4003f9d0520a93dde3ae,0,0,9.3126924e-05
6d44e8204d47434bb8a3068ea2b43662,1,1,0.9999558
fbb5a38534bc190b5feb9084ea81dbdf,0,0,9.040635e-05
d43d27aa26279e87c4194db0f87b3ce7,0,0,0.00015532678
3e1a3a8ea4f75dc4e330d9c13a3b4c9a,1,1,0.99992085
26a2f6330efd8e09a7800c679dcc40a8,0,0,8.937976e-05
2517037e1368b7d21d23088943d04b05,1,1,0.999948
21e885ee2006bceb26f7f16deef35eb5,1,0,0.14717586
1a970ee222b307080cb2942fc798c800,1,0,0.38062954
52e4c6c718bfa99948556d51259100b3,0,0,9.5080766e-05
8ed5ee68bb2726e508cb35fe1f9a1c5d,0,0,0.00010440032
806e7fcb437d92ae7d4c8130f9d32dce,1,1,0.9110822
b2ebb050a32abaaee973c693bf2c2f8f,1,1,0.66595966
abb62155a2e37a9c7ac3b538a360c42e,0,0,9.1665424e-05
20441172fc3bd37fb39aca475ce61f98,1,1,0.9999566
2536c9fd60ed627df004725b49cd8047,0,0,0.00010202104
0d2afe74ccf61d1b5f81f8a60eaa28f1,1,1,0.99796224
85bfd8e24cbe60ce7c689be6b96c292d,0,0,0.00012337223
ba59bb70eb4d80439ea0c88012e9172d,1,1,0.99598676
b5c9ef2e3c9c7d36319e6f3d6631b20f,0,0,8.778884e-05
3c22a395fc3e39afa2e8e510d7e25432,0,0,9.456338e-05
529f26b2d22544dd6d41cfc32ebce867,0,0,0.000104865474
f6c094bf60fa65b38f5ad1414fae497d,0,0,8.875109e-05
9c958be8e54ebe8d5e71705adf5b42f5,0,0,0.00010788606
6af8fe59ae2c96a87293e79314348be4,1,0,0.06638197
2c0ec6b2b2450d4633a38a668bcd42ac,0,0,0.0001502688
35246baa3e8b15d4ce8e0d8eb8541cda,0,0,8.665569e-05
ecf611b06c94e5b2cf8ac38a6682611f,1,1,0.99994206
7db5cec6620c8f96a772e8b184ff71f5,1,1,0.99995685
cd22bad24b5fa223b936ea938a94a4ae,1,1,0.92536145
1fd32c2db4eb5a7b12113554c96a1cd0,1,1,0.99994755
d424b3cf0ac6e7eccdb766409578a300,1,1,0.5007629
a437ba1815d9e8e7dd4414780e6d17e3,0,0,8.6613545e-05
9521033f446630f8d5bd6106805d58ff,1,0,0.3006186
550bce83be642bb20744d334d48d7de0,0,0,8.76958e-05
0bf7e37bfc208d9a06324c033582ae00,0,0,8.658862e-05
cd392038727315c4176cea81400190c1,0,0,9.1819405e-05
65a86d10e40ead54d53e72a639cf1880,1,1,0.9999554
a06889fb90def25b19dcb596a2da78d8,1,1,0.9999546
67a00d999cfa5ff15d62c86ca9982200,1,1,0.9581558
23cdaae4138587fce585e36febc633f0,1,0,0.27233446
7713dfd7e45d379aded68f898aed4683,1,1,0.9999454
f3094c247973ffaa56c7a9d844c86e65,0,0,0.0001563937
9287adbd8734f4c1f0c39e52160ca136,0,0,8.658201e-05
9881ce5ed2f3a6fdd860124997a00b27,0,0,8.669768e-05
55676784248a4549c4983ed81f08bc43,1,1,0.9999461
54c5e4ebedd5462869f0a977caa9470f,1,1,0.9989858
9f3b8c02de887dbbc812e2333046d5ab,1,1,0.508474
2c0bd8f371efe8d5526e8682b93a6fba,0,0,8.821985e-05
b1d2f50e110e4280f6263026d9dbe5fd,1,0,0.2755871
3a19bc60dc6e87b97b76fce8063d27ae,1,0,0.3341712
8aa581a9b674a48fbf9123a262842539,1,0,0.33222935
6e57ff133d7a53bdb35682412e2156d8,1,1,0.9999125
14a75fb1785ce45ad624bee251301c67,0,0,0.000104755134
186121562dfcbadfbdfbc36d5273529a,1,1,0.9999448
b7664689d81f5712a9dabd63f1b2aced,0,0,8.6219e-05
2a8474a319c428b243ec24bb711098fd,1,1,0.9999554
df11c044381f3653f5cc9ebeb7f165e7,0,0,8.754641e-05
2986493883097c48031fdf7b547e754d,0,0,8.7037304e-05
50aaa825637c64379411efd7a6f947b6,1,1,0.9999471
1eeb74a99bc3d84a085fc69f311e0f67,0,0,0.00013708642
b847e459cb0ed73fea62d0151237c28f,1,1,0.99991953
feaf17d1ce0e483ff2f518277f3e919a,1,1,0.89093924
72f2431fb22729cdf1ce7ea57e1a9d5e,1,1,0.9999356
8c6bd8145a8dad2dd2d01f8e52ff2bd1,0,0,8.75505e-05
cf3a68ec6832b180cb0d6b1dabd6f39c,0,0,8.849334e-05
b7d55e510ec896278774fd6d07bb93d8,0,0,8.709749e-05
4996f221ecf09171967118c03e418ef6,1,1,0.99994516
1fd74dbfd65f5f1a7cd603ab4b5d5385,1,1,0.9520337
902efd3a51d53412f696097c44e31deb,1,1,0.9999566
4e33c9784a5aa5a317cfb845a4f998b2,0,0,8.81645e-05
d6c542abc4c187d0ffeef9fba1e33ece,1,1,0.99995697
b8a4bb89fa4f3a951d1b150f5b30c9ab,0,0,0.00013676105
9ed2dc4f1f6799f438542e39c1e150fa,1,1,0.9999299
9f3a35d0c1fb23166a76312ee847a483,0,0,0.00010522659
6a6c7d4f053dffe712e4fbcfafccdf49,0,0,8.996019e-05
85884f00c76101f3de9a462bc69e3a77,0,0,0.0003342158
dd6a0ecb0515e207f37b4ee42069cc7f,0,0,9.25882e-05
1a09615495f62138d66ddbf862465028,0,0,0.000103117854
f7c151b15e3bf936d5046ca359d2451d,0,0,0.00010022042
b4a67c1087358aaed143ff65f1badefc,1,1,0.99995553
0f63dc9bea84b79495287075e7bc06f7,0,0,8.7246044e-05
33af2909f3cf6d3e16d493927345694a,1,1,0.9999527
5d68b8cb6cfa4c66be081e9195019507,1,1,0.9999484
d8acd9cd250e5cc6674346cb10febd57,1,0,0.48733848
97c949ee318f5adfe5037ccdc8a6129a,0,0,9.543429e-05
81e22596815ba3fcdba583de6223b962,0,0,8.6676184e-05
58a8cbd48fa3ccb2be69158cdc8767fd,0,0,8.79899e-05
ddcebf200bd2e94c03e2878db26bcda0,0,0,9.710503e-05
a8403f3ae00c80a6473c49ade687c242,1,1,0.9687264
421b44e704551cd2d1b75b662624127b,0,0,0.00012711454
911be1d1f43556f9390d0c8f37afd33c,1,1,0.9999566
0558d8125aba2d1c16f317e2efc10153,1,1,0.99993885
fff7ed3b39be295da30ebf0343a5d37e,0,0,9.34905e-05
76d9c279116499f35a78b6cc0e282131,1,1,0.9999559
910df133cac21a764294deec8aa27075,0,0,8.780609e-05
fcdd8c88fc640424c8261429838a56b3,1,1,0.65766656
8ec32e0b665ee8cdf6e4da55c2d4c3e6,1,1,0.9998418
9e3b3e5751e1484309c64ba0fb8ce9b3,0,0,9.810895e-05
3c9dfcfcfc00cd6594982500d0e21020,1,1,0.9999497
0b010b8e648591d99227f9548a8804fe,0,0,8.7546905e-05
facde8854d3bc670cd0b9476816a608c,1,1,0.99982625
8e6997fd9bd801d78b336a6353d19b77,1,1,0.9493118
05519134523bd8a2b97e22dad24853e9,1,1,0.9999486
9e2ce1f322fb029823e000ba1cb50073,1,1,0.9999398
92db8889ef528b45ba0130747baf0fc1,0,0,8.680241e-05
5dcda01863731d4d344526f4a8c72e68,1,1,0.99823904
a8d36302ad32256b878434571ffb57ea,1,0,0.15164497
0723308711110e19354c9796cad92216,0,0,8.763887e-05
fa90fc67d256960f5b0b5c4d92e35bed,0,0,0.0001295599
580e109bfc834203478765d9b7b5c1f1,1,1,0.99995184
b345c8079106ed4753868d83841a0c1a,0,0,8.8877285e-05
06916a3cb849d93c39e7a8b8779f160d,1,1,0.99995077
ff6b1f6fba40a52a77a94e8b51b8bee8,1,0,0.30955663
af8b4734764f04f71654c56728d0a35a,0,0,9.09068e-05
780a25a843e0b246e99c5c05f3808986,0,0,8.990101e-05
f5b9068fb73e20a390d26222971854a8,0,0,8.639891e-05
8f6e452bc6867b65568fdf1e72f98e70,0,0,0.00010348745
a0583ec2b7289fe946259e4c82a9c38b,0,0,9.444452e-05
051d47c6cb84609f78fe12e3228d8bb1,1,1,0.999956
def6efc183570677e8b981627499c144,0,0,9.582441e-05
c5bea27cc3b2c932c95d4a0bb34c155c,1,1,0.99995565
e6caaee451578da5e045ecde6d05d9d8,1,1,0.99995506
bf9163f76c8530d5a28d94e4aead05ef,0,0,9.05424e-05
ad844f95832db6f9c01a9d8c9170430e,1,1,0.9997532
12eaf80cc20b1bb54f25c918ab0fb803,1,1,0.99995303
77515a64ea01811f343bd58cae0b5cd0,0,0,9.38578e-05
eb745fcc90864b09ac939c6822cd6684,1,0,0.49092305
0db2935514eebfdbbbf36c556a6004e2,0,0,9.3053415e-05
a47c55d34a979dda28f6d0e4bc402172,1,1,0.99994755
124c8b2e511891149b7fd6b8ede885d5,0,0,9.25536e-05
ae63fbb140898ed15d1e54711824c741,1,1,0.99995446
5a5b59749dc354e66fd087ec84444499,1,0,0.19292304
53e2a3bf7aa8751aa871126792ef4c25,1,1,0.99995553
db30365305810606e1cc3b4d18d54690,0,0,0.00010406933
75094d1a700f86a62e10e30cc6d4f63c,1,1,0.5834593
78b14beaaac0a68d819c66879b69d7a9,0,0,0.00012458788
b950c9d7491e9822cc3b59f277e3892e,0,0,9.2248985e-05
e34be5d3a1f5c29fa11e995ce0303006,0,0,8.91785e-05
7ca163f3944346b6e964c1a577d02bf6,0,0,8.791248e-05
c7dcbfbf9491fc9bc12a42df31cfba9f,1,1,0.99994457
064e4eb8818fa9d9725ef433ae228e86,0,0,8.914669e-05
412add6e3aa1d43e563bc28651731d52,1,1,0.9999281
afabd7a4ffd9113b8f35426fc8d3471a,0,0,9.305058e-05
104dc98d441dbda6aabdd335be8c5f6c,1,1,0.5516412
723b63b64a56cdf0d3fd5607a8d424a0,0,0,0.00011669324
a4f7c9058143b9c79c9118a85c0151e6,0,0,8.787578e-05
eff7ecfbd38a3b78c9820fd776b1c5d1,0,0,9.487029e-05
b089e667a4170b8bb101a4c6302178c8,1,1,0.9262737
95f6d56758bff1c928f2c3820e3f5de0,1,1,0.9999441
06448cdc15df4640cbf7db292856013c,1,1,0.99994063
54214745a1f5db9d06e2cc4ce8ee1e9f,1,0,0.34867793
3d456fd94ac629b0a8b50b21ffe71052,1,1,0.9986929
1c84e548bd13423272eb0dc34d2b54dd,0,0,0.00011989477
f9434c42c2ddb37047d601ea1b46d371,0,0,8.713296e-05
27a85ce68faf836be38fb2f1753e3ded,0,0,0.000109546076
5973e8eb01e21bc438bb3034099af5bc,0,0,8.64069e-05
1943cef5d20f526c667da0f415ecf8bb,1,1,0.9990415
4368141274c675b4ede241dd0c75a2c3,1,1,0.5960642
39c84613718a1ff352f2b107f723d33d,1,1,0.9935308
211629aa49ca4245d3439efde2f3150b,1,1,0.9999263
5f869310ae962442bd6689f31fbbea60,1,0,0.3258871
12465b39284ba432666fa199ff336bb0,1,1,0.6572114
e61c483bd8fdf097d880f8ee4783cfcf,1,1,0.9999567
29c2ce3459c1cc784a1768da717426cd,1,1,0.9999405
d5d0d71a42b5abf0b14430d335ac7463,1,1,0.9769727
a2ce63d11cab786d3cb8495e111bad86,0,0,8.74061e-05
a9917092833935a02df94095c2531473,0,0,9.652701e-05
0b8d6bd8c91c5b60b3c869744c9ca343,0,0,9.066664e-05
d5f3e5a9b0ab2d23fc81db67a1c95654,0,0,8.686956e-05
d027f0262aff35013ba46486a88367b7,0,0,0.00012501334
08efc7ee6c736d2f0ba60f63dd5438fe,0,0,9.541137e-05
9959af0c070d70224b334a5afa35cb70,0,0,0.00010885145
1e8737195fb79f621f3a6dd05b7561a5,1,1,0.9999213
57ce2df63dcd4232ac2d1374dd49df9d,0,0,8.7831955e-05
05b9ac93537c9c6905ea5541f73a80e8,0,0,0.000110748595
42e1af889259ae1385dbd41c64eebb3d,0,0,8.6868975e-05
67d8d446ce9f2e5f34f670324d724c07,1,1,0.99995565
22db134b65aa35c7af7a716f703b9aee,1,1,0.9999572
c97c1cd5b91f93653b5271d978172e37,1,1,0.9998242
4ebadec7d83e5663f5e6751b15701315,1,1,0.9895649
3df9c32b0b110b369865daa064dbd628,1,1,0.9999554
1614c7cb10a8a76cae93df363fa67fa4,0,0,8.6181346e-05
5b7e94b14af7215dd50b5461e9f943de,0,0,8.723848e-05
03585c2ab3b2a54c3a29482746ab11cf,1,1,0.9999559
7f4836145f21a283308f4f11546bc67c,1,0,0.4423458
8cc742bd1655029efb00a1b8dbb39237,0,0,0.00010202104
d34e7c802feae03e699411f1395b029b,0,0,9.224116e-05
6c466a91faa0e2ceed6228fb23d83eb7,0,0,9.240968e-05
4856911abfd05b641c4e9bf4bd1820be,1,0,0.42475978
0663ace46c4dc04a29a8cab7cafd8639,1,0,0.28301114
e3d38065b85c4fbaa6c0381c378c8195,1,1,0.9999325
7d53d7f7ece4afa723061a5a14b925c2,1,1,0.9942735
4fa44d098b1c7c9b86c13a5c95e8f810,0,0,8.93951e-05
624b93ca388bb4ec343810429a6e1be0,0,0,8.679487e-05
5cbfa2dedfb89ecd0e83943cf372e336,0,0,8.863522e-05
f0b4ebd9d6ca33bf9ccafb9a793365c4,0,0,0.00010753777
ae99973ca832e7edbf7a97f5c3e729bc,0,0,8.8716406e-05
a5c30719f7b2d73247ff5fc037046163,1,1,0.6643968
a91a7cb9d46b78746171a50bdc444597,1,0,0.24691033
77a078d4f7beddf1cedbe52c1f222dcb,1,1,0.9999546
d0c7a40c450d8d608736762493eb3c6c,0,0,8.965138e-05
4c945e32f7fee58db39b49435f98103b,0,0,0.00012426195
6f41e59809616184746a5a652142ae28,0,0,8.60096e-05
f87381e5615ddf768af7220e2963e9d4,0,0,8.6895656e-05
8914f30ee4e3b61ec5558c25107d0492,0,0,0.00014732988
4f72cc8facd9f3a98b0ae114dbcee6e1,1,1,0.99995637
c2c48f93b35f0956b0e9cd8109c7a7b0,0,0,8.6791646e-05
472043a1a5df4b2d89cdde403a9c9d73,1,1,0.9999467
6c73e9d0a6f24791d87c79bf4ce5560e,1,1,0.9999485
432d8cfb16e9a18d1e2e9d33f2178396,0,0,0.00013390485
6df7c2e3a08e4602a2bd7fc882cfff50,0,0,0.00014982068
3213892841dda5294c3d941e7556ecc0,0,0,0.0001318686
a9617f0348dc36c3dba007ee84e5c592,0,0,0.00015028742
da3e8243913d30ea0394576be6938b8d,1,1,0.9984059
051bb500f948ad09f5251f13b34328b9,1,0,0.46091655
babd5fed5942e9d9d8e0dfffc446f700,0,0,9.247781e-05
7fcf3275814e3497f628bf6212d01bb6,0,0,0.00012012502
ba68f0b74918324f2b513cd7d26ccdf7,1,1,0.9999447
a8b960cfb99c903aa14767362bbcf536,1,1,0.9999548
3ade377e265a989253494ddce2ffbfb7,0,0,9.129537e-05
3d275dc237b913dc90bc1a239e43ac0f,0,0,8.932813e-05
13353041e270a3b6ba69bb50e31d538b,1,1,0.99993694
e559623a8d5b41c121c17f964b051464,0,0,0.000119794895
5238e4c14cf36cbd7b1bc930ed14d3cd,1,1,0.9999496
c63fda86ba47573cc9fdb0cfc76c4951,1,1,0.5999484
cdc71117da1dfc9f4625137de2573a12,0,0,0.00015310184
986dd4dbf52bf0c419f71f7a03461a36,1,1,0.9999554
820f7d71b705fc5951c634f0d7eb170a,1,1,0.9999169
d59861609ece4356198a9a92a03aa87a,0,0,8.686433e-05
ddb99b8f8746e7236af0a1d6dd5fe3bf,1,1,0.751248
9ccd27f0cb8b4c6a5bb92bf1f17f6805,1,0,0.2642405
2e3f8f57ca10fb998710ac0b225d8175,0,0,0.0001417398
309317848be410c6c62a90d099ae1258,0,0,0.00017284395
f4e52256a4931493d311c953b0ddc8b2,0,0,9.479144e-05
8a42798dbdc1a7c729240191c230a61e,1,1,0.9238838
785754c3953e1ccd6b1b9d961b8e81d4,0,0,0.000119896606
a00087a22cbcab5b8d227ea4f353b4e1,0,0,9.5927906e-05
072450cc6c0c3108e20c06930b2466d0,1,1,0.5470233
8d6a0d9ac29d3e16ff6e9d5a043d83b5,1,1,0.7878573
d53bc3ba9fdfce714cc0710251c571b9,0,0,8.7095e-05
6508850994c02bd38e89c26b4072a731,1,1,0.99994755
f2beaa9a583485885f5980edf99b3ca1,0,0,0.00014673627
c40432c9eebd86b3913f18e49896edd4,1,1,0.9999528
e59d739381ca710b74732bf8c5a1d73f,1,1,0.99993086
b9c5f093a26556998363970abc81815d,1,1,0.999943
d423ef1aca6494d38e897b1f1cee1cee,1,1,0.9999416
bcdaf1395924e4688f58ce1f1121d3aa,1,1,0.99994874
bad1ce52317cfe8e1a6d81f1340fe219,1,1,0.9999571
add55c1c9618df55223aa0dc6ecd4a23,0,0,0.00012502908
e4252d87c340554ab1565953becf9def,1,0,0.15368807
ac0730a518f946bf6d2bb27a45593a60,0,0,0.0001056524
171bd1bedc1ae3a2e91772ac8505f81d,0,0,9.252219e-05
be9f79aad3265fe77bbe08bb5759498c,1,0,0.269331
a6ed38e81c09f95086c51745f2b70430,0,0,0.007477689
d09e40e4a84bc45228d3e3872c6d3afd,0,0,9.613835e-05
3a716b14c73977bf66b96069077d4938,1,1,0.9998404
8918722969c7dc566889288bad3ef155,1,1,0.99991536
d178857dc23926a8978b52bdd3dcecf1,0,0,9.134293e-05
72d8e25cbe9e8a49ad69de836b156399,0,0,9.116132e-05
5ecb6547cb5e96b5293c0e65b731a2d2,1,1,0.6240532
b646a44ce1246bd8227552f8a13739dd,1,1,0.9999572
fcf341b0f7adbcf4458b69237c07c07b,1,1,0.8365844
fb250d201e55621691fd6b5a912ceeb1,1,1,0.99995244
27ff03ab532de1024a65ce56fb6b8361,1,0,0.38183877
72ba554c66a848687bb37cffbdab81ee,1,1,0.9999567
be1dd1238cab6b7c5cc87c01edb996b3,0,0,0.00014073808
ec94e61f05eba81e09df7df563198dcf,1,0,0.20266843
1d35824e350a94d3ee60e1652b07bbd5,1,0,0.19580196
70711c9e5eec6a9e3e7b841b241f19c5,0,0,8.9687645e-05
8d045af7b251ab477e813691cfe37e80,0,0,9.036462e-05
b024abb4fabe1f73ebbc782d1082559c,0,0,8.742011e-05
1015664a5033afc5296405f9fe2ec8f6,1,1,0.99994695
36cdce1132178d738d4995b20218e94f,0,0,8.709957e-05
d2c5269046a9ba80956e7baa10d10e10,1,0,0.18234043
f05d99cba432fa074a487fc78effbd41,1,0,0.053842112
d3f2fe3a20b2ce2991bf8b2e5913f62d,0,0,0.000111065645
fcb2ed01707478618e8edd64d4775d64,1,1,0.62423897
5a3fd150b549e12febe7db7960064fb1,1,1,0.99992585
3c83c362d0f3948a290c8ceb65420157,0,0,8.7850145e-05
0ff6f3b1c85264a9fc2c3eea58699199,0,0,9.2714276e-05
50f85b0c2f56d8648b0d0b88727d8380,0,0,9.907316e-05
bb4fcf7063123ba29c34021c300ab5d6,1,1,0.9999553
9fe158e725ffe1d9cd19b72f28d9544f,1,1,0.9999504
ac0d6a08a7c37c55c36bf37cf444762a,0,0,0.000111247544
07d388404aeed95cc5fb687b12b83bb0,1,1,0.5930099
58903ed2fd8aad318567d69e8b57b017,1,0,0.35920155
a4651b5b13799a57d90c88ea61f85039,1,0,0.31971383
16392a947a436a55c7f351f10c3d5e81,0,0,8.649288e-05
90391353bcbc1d0807c15a6c11cf8785,1,1,0.52397716
9e95475e759a7642224d36dc5d8411b9,0,0,9.180241e-05
cc81fc3c0f674cf5cc94f4ecb5e8d62e,0,0,0.0001223623
6526c08610cfd3255b4802294f407ea7,0,0,8.963822e-05
67fd4ac4d4ded2856125f21fce16ca02,1,1,0.9999554
d3707dc023a886ab75c393c49896067e,0,0,0.00013452682
8414ee8bf29114090559a45f0fe1f452,1,1,0.99995553
bcb6d72991aa756d34a9b5224e893ad8,0,0,8.859433e-05
8c95c87d551d70fa54a98bbf1f9d9681,0,0,9.0981295e-05
95ed09db3e329a3acbcae1535fb548a1,1,1,0.97191846
0d4bef32ecbbf3ce134d1f4a026cf85f,0,0,8.966797e-05
222134b1b74c0daa1460435a568a720d,0,0,0.00013676392
34ef37be30f0a118fe3953365bec8ca2,1,0,0.21824376
24a603feabb9bd19f802421839280821,1,1,0.99995506
83936c2c6a12a71523b0afb53f86e090,1,1,0.99994946
a44cc72b9535b3074fed68bffef1c007,0,0,8.875194e-05
61a91cc052606aa9e8db4a766521ec40,0,0,8.782685e-05
9924d3703b3eb5c7910f6ba8ab940f4f,0,0,0.0015999054
d0a486ce05527ad857c73f9b57005fb8,1,1,0.9999485
6fa1cf5cfe908a643900a4e3815482a2,0,0,0.000114103896
522931c3be8ac45c4f5ab98d1002076c,1,1,0.99994886
8f4f0f90413b0d69fd7a4051d74ed2bf,0,0,0.0061949445
b554e154b5b42ef80530a5b9dcb4cd62,0,0,9.132516e-05
cb711102850d319a199d0d73d3cd9bbf,1,1,0.99994826
f3663e49a5b53a2917a5c01078972299,0,0,8.733369e-05
58539460fddec1366a7e919de7054736,0,0,8.773411e-05
d44212f81cf4c766c4f351700ffb087f,0,0,8.8134424e-05
4901f02ea9bde2dc01ba54d9a5304fd1,0,0,0.00010610369
736ade4e5a12d4ce2c15509b13802a7b,0,0,8.794393e-05
c41b55c03ce8774d3648dfe5b52002c4,0,0,9.006473e-05
f2e2f1319dff92ac43b8f4a8d561fe04,1,1,0.9999443
9bbe4cd7f9bf4f36bec9e2aa83bcec63,0,0,9.654938e-05
c93925e54d2373db5c052d86ddaa3cae,0,0,0.00015042476
3084beb94533486abb71e75cc2d67965,1,1,0.99919134
90a8a38272318a4cc932f5b87bec4c9e,0,0,0.00010800825
c2da914d18fa950312c9643d800bf67b,1,1,0.9999546
4895bd8046be3ecee044bf1944672f35,0,0,8.820387e-05
400d9fc8fd22bd77d3c5abc15d4189ab,1,1,0.999876
35fb833b947fe395c756b568831ec0cc,0,0,9.046964e-05
3ffc14fda02fbd190f2c1b6a889e9648,0,0,0.00014134705
fbc387c68d2b9bbac1babc2712120397,1,1,0.8366458
e2e04905e3b226554ad50f347cfcded3,0,0,0.000108934095
039f2281cf8116bff4d28bd3c224a489,0,0,8.851494e-05
11bca632f9138196830c33b0562b50a9,1,0,0.28142866
62a7f6c545e08ef13b6c6bc8ed195a24,1,1,0.9999219
9bdf39d9d83bfa632d83408935e1a0fc,1,1,0.9999466
3468a51b46dd98aaf2fcd60aa242316c,1,1,0.99991834
57afda594486d5df7c511365481f7c22,1,0,0.2396628
83750e7c09507055263cceecd5c5449f,0,0,0.00010446546
480ef598fa6ce57019cec39d4a98bca7,0,0,0.00010953846
a6d76413e7ca192d35b83efbc508b6f8,1,1,0.9999467
31b0ac400dba70cf72eaaad3d8f8dddf,1,1,0.9999558
d54b3a8f682e8b05cc34887cae853360,1,1,0.99995553
df7a8a7a7380a1f4b95f8fb3c4d62979,0,0,0.00015725564
bac706aa578691ef8dfa1a6a6cf0fe1d,1,1,0.99995685
2454dcbc73c5c3c578f8f23532fdc1fa,0,0,8.737227e-05
ac2a0895089c3de01f4df5fe0f173af0,0,0,8.728799e-05
f73d6f8e38c65c8facb73fe4230e33b8,0,0,9.0645466e-05
0b5c6ed99b0c9487823e78b0ed900509,1,1,0.99994886
b5e2453dc7b702e0ee29acde8aeb7ca6,1,1,0.9999509
9640c62b55766ac4fbf0825e76f1b305,0,0,9.9587676e-05
e60f18bdc5063ee2b12797d1cee64982,1,1,0.99995553
2cc86bf2e7fcf9ffabe11fcadae30ffd,0,0,8.8852714e-05
764ee6ea707132b62424b95063e84789,1,1,0.99995553
af569c49d763241f54f0ac985032012e,0,0,0.0001234308
cd2864724f2510e04609d5aa07a03f09,0,0,0.00010987153
0eff336ec06b2f5ff53c18141b34a034,0,0,9.6090786e-05
65efe7c822e8474515a773b580b5d86f,0,0,8.69594e-05
af79ddcc56ca738376a99da64054461b,0,0,8.765793e-05
85520cf9b37c4b3fd0cbc61fe6a3c469,1,1,0.9344371
213d86eac85bc04a6c0735311338976a,0,0,8.84154e-05
d44d9059fc0d2e4511d5d3e8e02350a4,0,0,0.0001416771
c6842668040827539e6f467789683d1d,0,0,9.1292764e-05
e05f54f75b0b642beb58531b594d90ed,0,0,0.00015029228
358ae55372f69f8d19e2d1baac0f8baf,1,1,0.9999281
5a7097c3ed9e08841f5c5600b9ac3a44,0,0,0.05952307
d039496295656fbaa6bb8f2a88d25d7c,1,1,0.99993694
12574079d74234969ff4fa33e6d813ec,1,1,0.9999554
d636ebc217c16818d9cf25863b103037,1,1,0.99995494
8fa45626e386357dc765348cc9f535f7,0,0,8.812787e-05
fd05f7f83b520d7f1a4132a498ff9cbf,0,0,9.5110685e-05
9f2dc73c56f2308d82915b86c92a552b,1,1,0.99994564
683fd09080f8d91f9e8b18435d1a816c,1,1,0.9999449
938c78f3629f6124f6a0c05a284f834f,0,0,8.605389e-05
dec253e94bce2d3e4255ff7acc866a44,0,0,0.008620354
61fa3ff7e4ca76d39443eca854322388,0,0,0.0001021552
b23a5a521c34cc2d4150da388bf6b57d,1,1,0.9964426
804727442ab4ecc820b2d744a2d99f80,0,0,0.00014847022
6f634b49ea14df7a7fa25c1bfe5f1c23,1,1,0.99995077
5745dadf36ff2db59cbceb8dbd873b7f,1,1,0.9999547
886c10c410b6129960cf8a392e9a44ec,1,1,0.9996043
085f2d3f4d431e6f1ed760bd616857e7,1,1,0.9999511
e4fddbcdd198e19883a5f6330ef123b3,0,0,0.00011128764
64cb97576dc0f2e0eb19cfb6b5f553d5,1,1,0.999946
2a200dd1f70419496b9a0abb0bb27ea1,0,0,0.00010714043
810f70e3ff52d03043833d28d15b1f74,1,1,0.9996921
4be78eb48bf7b055246938d0a0705e7a,1,1,0.99995613
ac00d9fa058486d3c7da49fdb5d2d95b,1,1,0.999946
3939b9c26ff76aaba3c8427886ac1aeb,0,0,0.00012382715
39e2dbff739bbed625ee15dcd4770cd8,1,1,0.6262608
9332028ab8442feb949e1760eff3d1bf,0,0,0.000104881074
e5a19969a89ef7a47c6073737001eca2,0,0,9.13891e-05
853412574d18485ba63ee067570bae09,1,1,0.999956
1d038c6af0b74469e02a91d9aca8318a,0,0,8.754257e-05
6c153bb08c06f1e778d6c03aac268672,0,0,8.783397e-05
86c707dc3251c4dee6e7a8bef6cc00db,1,1,0.913759
9a989063ab745b43df7700d83e7c34db,1,1,0.99995625
141064dcb6d43720c3a45e4a9ec174fd,1,1,0.9998568
16139293baea40d0661ebb534a833d0e,0,0,9.695608e-05
bc3f4f52c4a3fadd7a8d4f8d0bc47d21,1,0,0.29452083
2583b3eb3f4783f0bb811d73a022be42,0,0,8.8394154e-05
e09c12e21ee3e325f65b0346f98384c6,0,0,8.743344e-05
d63b479d5156b859522a62b37d5fd5ab,0,0,0.000108292465
587b5167eeb6524b0cde48061bdbfa8c,1,1,0.99995565
08787e10f7153d07d20c1415a014bc05,0,0,8.584735e-05
99e78395e482761387fb944489d3a4bb,0,0,8.7148845e-05
408fbc282244f9f6c37feba6e5b95ed0,1,1,0.9999566
a432807e46401e5d018d8e5cd8e0142a,0,0,8.8170644e-05
87915170cb6a64cc5086bba59ed2dc24,0,0,8.650047e-05
29281a6f57753b1904cdc5b9b3be3e7f,1,1,0.8873291
791b94eafaf5560b1d95432b86b12899,1,1,0.9999453
20f0de2f8673500509199042871ce005,0,0,0.00012718291
25a0ab3c4a76423c15a360659befd555,0,0,9.751648e-05
a49dfb538b7fa71d068a9a19d8c2996c,1,1,0.9999505
461b6352149aca8ddd02d45365c95242,0,0,9.5391355e-05
c2648c44a5e10eb2539e5fff479abc48,1,0,0.43980983
4854357baa321cee9cb483b151cddb04,1,1,0.9999553
55eb0b4973c0060d9503ed4ba8f687ee,1,1,0.99994826
984ed058ee0786b73bc7f7a79dd7c23c,1,1,0.99995506
cdfa2dbdc6c170eebd4d90409977ec39,1,1,0.99994516
3ba5e43814b83b3f2019a7841709b88f,1,0,0.4340634
b05703e1e6f5c5a89303ff914dd38d56,1,0,0.49665037
2319e16b200ef6d2522881ea13fa5503,0,0,8.906666e-05
ee20dcb6b0e4f41181852a9de8864fea,1,0,0.26708674
a4a9d4222d4edae9e755b9985e7fb408,0,0,8.8240464e-05
f08b727f26671859f06ff6d09ebe39d5,0,0,8.799586e-05
e94db29a5c14df352edf2c640a4bf35d,1,1,0.9999411
5de7507bf4bbaad5bb35009acdb8b59a,0,0,0.000109373745
b2b27779e6414cb7a21bb26ee7f01a40,1,0,0.46088454
b24ca8be744d87a41dbd4e4a89e0031b,1,0,0.42535463
e7b9ac3e5ec9302588af695e8b7c2443,0,0,8.785366e-05
a0b97b3ef072995019f274d07a408148,0,0,9.0994916e-05
68282350d138af7c933dc5cbc953d6f1,0,0,8.763318e-05
a482790b199c42b0eb27ea5e38bf133d,1,1,0.9999485
e959dd41e22d1c80e17d5f94dee9e4f4,0,0,0.00010725583
61b81120a20597b32e5d39b492e7caea,0,0,9.1593596e-05
37a02cd19cce35e4ec4c71e895adf1d5,1,1,0.9999567
af691cd88ba5ee1a134a90a3d5646f53,1,1,0.99986327
cd06ef00dff5513a38e472e50844f941,1,1,0.9999465
518645fb508e4b350da1a0a88429c15c,0,0,0.013107027
d9c8503b49c8726411afc6fdcbbb3261,1,1,0.8114963
7b6f74b69489fa13990435be1119f684,1,0,0.27721038
7ce45c832a117669aa226d567e7b66f0,1,1,0.53046304
e6711636d377949ed563edca59d5d3a4,1,1,0.9999424
dcbfd11f6f3e20e548ffbfd3a2e62991,0,0,9.292945e-05
17323de5bedc52a79938f29a6b2ea967,0,0,9.4120034e-05
8db524c433b5eb426dceb09f3c02dc85,0,0,9.288055e-05
055ece2b22b7206761df85205758e309,1,1,0.999923
6ea8ecc41e124c96227420c4b38f471d,0,0,9.632095e-05
7233a789809d444aef478c826e107eea,0,0,9.874869e-05
c426b27c0b041ee22f2e75487a2d572c,1,0,0.27888188
0ed8ae3f92164dc649660decb87f5ce0,1,0,0.16132902
ee52c113c90fdc200090b93aa5b5c4c4,0,0,9.813e-05
2b7a83c7916193f80ddbca9fd72f9a26,0,0,0.00016220612
9dff9623a6e4141232f6f1c05d1d29d9,0,0,8.7028835e-05
59d624a8728909d67bb6b1a813cfbf07,1,1,0.9999472
b66f5409654f0328dc4174e3e62db4ae,0,0,8.6521584e-05
3451d170ce88998c83a46f74f6bdb075,1,1,0.9999459
670cc3846301d845c1c150362c726db7,0,0,0.0001003057
6074d95848e103fcbc0cdc1ef6b18051,0,0,8.984719e-05
4adf065db01ada8680a4f48be795043e,0,0,0.000109712404
cdb321e21130c58635f4fe8f23681be8,0,0,8.685862e-05
fc1997377451e1538e40a2c91420cc21,0,0,9.459241e-05
31642794f2cd8c572d7782506f212bbf,0,0,9.055474e-05
f325ff155564e5c47bdd5890e0376d94,0,0,0.00011586343
a6ff39359d50fce012d5b893f948a1c1,1,0,0.28755352
1a01086762291173b1d83cc78d509be7,0,0,9.042987e-05
9e18f806f3d2c91495b5b1fc51b90313,0,0,8.7853325e-05
46eb2e3a243923c858a9a0f78920d36a,1,1,0.63833404
ded9b2a94f8b3b736bbc11b8b542261a,1,0,0.23551624
b5fa98411487b8baec7b42b944466cd1,1,1,0.9999466
37f0667dd63cff28919426da3fb11196,1,1,0.9999553
24d8e7db767fa1cbd0e41fa2076fd35e,1,0,0.11104752
3da70e328c988f492a497403e2efd25a,1,1,0.9999503
d74ea3e9d82f8f91cf95802d32f75708,1,1,0.9999553
67b816af8994636450d049e91192800f,0,0,9.147576e-05
cb1c29db6a17a8209ca2fae75edc97d6,1,0,0.23708056
d2b9535e51ab9ba1630b96f56ea08baa,0,0,0.00010133942
d38355ee1a3de6303c30f844bebf481d,0,0,8.674075e-05
93b123d3cc9ce998051058a52d14ece6,1,1,0.6719765
7d10b62c88330c4ba98797db75cfc73d,1,1,0.9999418
d9de58b5c2491f8edbfdfe81e681dbd3,0,0,0.00010448677
49d05b1873ddf543e71975917b6587d2,0,0,0.00010102795
c5dfb1428804832d1b449d869feff869,1,1,0.7460442
d3e90d1e82d8e46417984f7eea113f15,1,0,0.14163372
edbfe61daa8cbad1e018bd00dbe9bb84,0,0,9.641101e-05
7923345b7bc03762d5489a352e7182d6,1,1,0.9821029
7a1427dcf51fa6a9c5ab84a6c6e03eae,0,0,9.402451e-05
5dbef8301984164427d186d22c57849e,0,0,8.722957e-05
a4599ae0ad3231671529cc131dff2a42,1,1,0.99995553
b55fea1969e114dc47dd08eaf2516a26,0,0,0.00014003062
679295e504c41e5e69743a4bd4b36b5f,0,0,8.81198e-05
e328b77f20bb65a2e7ce045a2f267ffc,0,0,0.0001196109
6b75665ebad87ac0c8b3daa264f6eea8,1,0,0.35672972
76ff8d8f97d3757cb009b28d7103931c,1,0,0.20360842
6519aa6f85d5faebdc516518aeefcc75,0,0,9.604296e-05
1fe8ee19050168fd768d57a0c00fe2a1,0,0,8.7859524e-05
9246cc0e2113a6a4d1c9dd5609840cae,0,0,8.807519e-05
9a5cd7dba30b5b476b41100609327f7e,1,0,0.15876147
e6c1a09e4b3960c533177145ef495c46,1,1,0.9999553
aa6e2a06467e55be45f58cf811c216f7,1,0,0.28364182
1d9e148af2dd257bc6fc5e06d3418e98,0,0,8.751135e-05
cd4f6953bf482b2e9f01c330db9c05c1,1,1,0.9946403
85e86616dae3a0ee44f9106ad8aaccfb,0,0,8.698287e-05
0cf7a210310f06113eeb8ad0de44183f,0,0,9.675758e-05
78999cf03a551f11a04ecc6bb8adbcfe,1,1,0.99372405
f277825d11a6306130883d7a683b5de8,1,0,0.26778007
a2f1c66e4804c20e3ebb173bc6c00a93,1,1,0.99995613
76c3d8a210e19922c853b3be1edb3379,1,1,0.88993186
e3a21e6ea541197ea3114b5befa1443e,1,1,0.63466746
238f3e744da674a911a475520432cb32,0,0,0.00012491038
bfcdcee9d7819cf5d354f690506033d7,0,0,9.177002e-05
8ceda9d8fbe97a7a98a48a74d6a0a83d,1,0,0.43592164
7ebe7b19099527773cb428f0f8bc42ab,0,0,0.00017100431
256a1da079cb0a6160fb6a86b2989150,0,0,0.108265854
cb7328e66fe8de88120129ee66fcb470,1,1,0.9928128
27a85417be50b19936c1e53c0c1b6b54,1,1,0.9999503
f811e9cc81cde87c055c0e1295ac6308,1,1,0.9999566
6442a2a23ed68b562f2925b69b07acdd,1,1,0.9999448
e1e9ae4b6ea7b66f0d019e284e074c91,0,0,8.872741e-05
288ffd4f93a18acf1a44ea56cf43a5a9,0,0,8.632199e-05
33771c512e4a4be9a3b6101ffecc22da,0,0,9.7750824e-05
f22a8726cd30b2a683fcf4435a47e57b,0,0,0.00010263559
0b913c9beaab3594db500d391fc95e8c,1,1,0.9999484
d87b41397efab57c57d8142a59bfd9a3,1,0,0.43454522
6922f99d1396e63c5d131600ffd6a8e7,0,0,9.834462e-05
56390f4e2b903cc7a834d135e4dfd94c,0,0,0.00014466167
d333fea60781f12a83b954104fe90bdc,0,0,0.00012442975
237a53e69817241af85d136c9c6c84b1,1,1,0.9999443
63979d24e00cc4cb309ebd40d2933d36,0,0,0.00011512884
f80fb51b2adae21fe41f48981d6656d5,1,0,0.3592567
200a4c4414fb02d2c45b0c74c5953650,0,0,0.00012475598
c46cf691504ff1e497843603fbd2a09d,1,1,0.9999546
080ff2c118db452e8a5adf719c9136bf,1,1,0.9800567
8b2f9e1b3fc576393e4bc81a3299d7b7,1,1,0.99995494
c58d7efaa68223f646ce7e7e65b1bc8d,1,1,0.99995697
09b0a8da31faae7fc2521f49261db1d2,0,0,8.9547655e-05
6249e6b858f461f89a645277476c9827,0,0,8.7392174e-05
f935869440e8d96e42dd82bf76ff5df3,0,0,9.7027936e-05
d17cec16508bf18d3c2db8729e1b16fe,0,0,0.18706405
172a004fd373b060867e5a8201241e01,1,0,0.4181175
b749a25e4a5b32dea31fd318e0b76b49,0,0,9.0738606e-05
28c0a8f313c7c2dbc9c57309b6967575,0,0,8.8717934e-05
3321b4e55a939785715a40aeca8b1778,1,1,0.6228844
67144d306e06a7070c580749c7fa543a,1,0,0.39087576
9feb4e10f9a7e5b487133cff603a3f40,0,0,0.000101994585
40e065451077a26ab11feb78e444ae5e,1,1,0.85698867
481e86f8ecbed1d108fdcbbea44c448e,0,0,9.499006e-05
a700669ccea1fbda82218ce033781bec,0,0,0.00011185983
e8961614a0c3719b24cd72663aaeb157,0,0,8.854838e-05
41d5a4ef8d3a80bd10112c8e7616541c,0,0,0.00010063471
bfd1506a6dddc2e357183326677f5edf,1,1,0.89087576
5c098ed03baa1a0cc47fb7f50e5a7200,1,1,0.9999349
d17d17d63e882120c3c4c97d31490606,0,0,0.16585384
246b57b1a47535602f67eea24ba25cf1,1,1,0.9999454
b91bc67745a78cc7db92ea9d127278cc,0,0,8.702933e-05
0b32e70e6a0fd72a253f40ff86b23ba9,1,0,0.054025713
b650951bfcc862efd9f52196ad420039,1,1,0.9997757
16abb9320f960d96bd55df5ba6546aa2,1,0,0.4056374
814f7313bf667a737d04dcefab968cd6,0,0,0.000119832606
9621fcd064dec5ff0f18e361f4da920f,0,0,8.8549896e-05
2d86663502f05c79f3fbbb273553c030,1,1,0.9999461
be17df4bdba7e11e448facfbff87a74b,1,1,0.99995553
f554dc7f4a25bdfe6bc879f022281e0e,1,1,0.9999232
2e4ac5e457713d57c50610e27e3916f6,1,0,0.3627345
975831ab69d13ea6e6b40eb68d07d504,0,0,9.935214e-05
53bb8c67964a7a690a38a0865cc08450,0,0,0.00010082508
73b27141bf11abcd668727261c754bd1,0,0,0.000116768926
feb73259e03db987bf5fc2929e8854c8,1,1,0.9999405
0559e56b782a320cab98a6d7498fee97,1,0,0.24594116
c95f6b076c472d27bd90c24df2c0b1e4,0,0,8.781161e-05
4abfae266305789688e0c3653d74127e,1,1,0.9998915
f8d02abd59450e76528686fc47dc7268,0,0,9.099084e-05
f162284acfdc8bbe8d62cef70daee761,0,0,0.00010052538
440eb5ca6fcf76498e4cf77185b03ed3,1,1,0.9999461
628609b3e072ca142b22822a4b336611,1,1,0.9999535
912bbfe2c658ab6660cdac5619016bec,1,0,0.0022817825
730af987f3f1e7ab9156393365e308de,1,1,0.99995613
ad0e482d491e8ef6b70af317d1a554cc,1,1,0.99994826
a0169b92f769ecb20f81b0671578d607,1,1,0.6201191
7633dcf7dad80e7832317cf925964e37,1,1,0.9999461
dd7a9d5e90fc5f957ffb799ccf0797d3,1,1,0.9996344
0d9ce47af8feaa55144ec3faed3242f8,1,1,0.9999548
1e78877afe494b786d1d3c69d5a3ec97,1,1,0.99994576
c938f6dbd809c31f341a4abde9d8a997,1,0,0.40132442
6776a9c6c4ff4fcba83713dfbcc100b1,1,0,0.34117007
e0ee83d5920fb9aa120ab1d1a688b5ff,1,1,0.9999559
259338cd64a3279fd291e765cc02f5ea,0,0,8.748774e-05
fb8e02bd6cb06af54ceeaa8271a729f8,0,0,9.126926e-05
cf8def69531ba390606fe178d1a35682,0,0,8.69526e-05
d0c7e1c80446ad3e9bb644830e39b3d9,0,0,8.954185e-05
9272c8692193bbf3dfb6481f1cd5e41e,0,0,9.076016e-05
80a75b919abea5cf6678e7448371881f,1,1,0.9999558
db3e3bf4c00798bb38e82826a4d9b46b,1,1,0.9999325
7788c3f371840b7332798c7d71ae81dc,1,1,0.99995553
8a891e0584d7a0bc073f2b66bae38297,1,1,0.99995565
574a119b2703f6dccb1ed11010b33a37,1,1,0.99992776
8e6af45a43f24981bffee8500aec655d,1,1,0.9999558
d43955bc91f1efa7f9db335b3d8ee79c,0,0,0.00010416682
b1d41303e45d1c6d59ebcd81e94c2bfa,1,1,0.9999492
3e13c10d068419d4713a12d8e3fe8ad7,0,0,8.639643e-05
641421d27ec58ef40f49db2f5959ef1c,1,1,0.99995553
e66a4d56bbdf5bcf1a0003cacb4dabc8,1,1,0.99993765
fd988aae7bf9c1495f2a86783a0c7de3,1,1,0.99990773
39b74afd7c0d9ee2bc24f338d3083d3e,0,0,8.790856e-05
dc25bbcc8597d467eb1a8fe42a31aec7,1,1,0.9999559
8b14c73ba7ab69bb9c04b64656aa92e1,1,1,0.9296251
74cfaac9cc87956ee2c35eaa0def4bfc,0,0,9.2946204e-05
b4b8f5471ca67d1eaf7820bb2907c1d5,0,0,8.859433e-05
7e01ec180612ad8a815555c2926fe47a,1,1,0.9999453
9b0c625af319b3621dda6e72cbfa3e6a,1,1,0.9999497
7505045a1abdd19256ba032a0243b666,0,0,0.00011934556
62b0926dbc68a86585e362ca849ff831,0,0,9.2844064e-05
e0319c7ae1733afa1fbde69b034fde9e,1,1,0.72783434
f35c33c76620bc5ab499966465225e69,1,1,0.99845433
6e053f66ca4a9985f00cfc1a7ff1efbd,0,0,8.7460285e-05
988a3575e0028a1a7b45b9ac3cb9ba6c,0,0,8.689616e-05
025da9b920e3b524d5e9724848712f06,0,0,0.00012211915
88fa373857f30302ae0c71e826657a25,0,0,0.00010869409
796012fea3f320d730a781363122b8c5,0,0,8.6644446e-05
b115ab5b13f7ad4d783883cc04a3d6c1,1,1,0.9999552
6d8d3ae6f8a324664ef8caf32f150fb7,1,1,0.99994826
20bcb39b4ebee9e404ea42ab661bf3ec,0,0,0.00011365269
b7525103480d9390e4a3f7b4ae28ed9f,0,0,9.3732764e-05
564bcfc4533b80510ebcd6646a0e6e70,1,1,0.99995387
812c8efbbcb39f1dd569edc38f248989,1,1,0.9999169
c0335bfcfdf5128f4f1bc4b48c69159b,0,0,8.673339e-05
01a39407e750a6769e9de732dd973881,0,0,8.748564e-05
c4ab6ece3f08e3580e2ca19e2c8053cc,0,0,9.172986e-05
7385ca433c660ad0bead3b99aa336e3d,0,0,0.00013949834
67f5dfbe728bee353296a70f9c8c5bbe,0,0,8.788207e-05
69c2f5d3843c6983f46aca7fbc005b26,0,0,0.0001485195
6ec8c6ca142206007b73059d340e2ef2,1,1,0.9999473
3dc394b5f6fdf5998b47e3f3abc8a44f,1,1,0.9999484
7da037d099ae0d94e799f5549426e0cc,0,0,9.589918e-05
ee64c557b3f6c6ea08e6525ccec85f17,0,0,9.16212e-05
5db71e00aace4c46f25d0af6b7f9c6aa,1,0,0.3989661
3070e3ebbdf22d4d6800e540c18a73e5,1,1,0.9999547
68bf8c040ddf2c6474cf2ae3db4490c8,1,1,0.999948
d8b50f4f31f856b7a9acf584b8322d1a,1,1,0.99993646
7eebe2d6d8f3744026fef4fc08cac913,1,1,0.70487183
6e2e25fdfedf47dcc34bfba4a4834b50,1,1,0.9999467
a59555c2075b914ffe5213242dd00326,1,1,0.999949
322fec9e72085f3b5f02c83e35e523eb,1,1,0.9999318
87bc2cf7e4361c573d5693da9aeaca8a,0,0,8.833315e-05
dda2cc9e6eeb8e281ebba983c2b4d6d0,0,0,9.169358e-05
1c9cf88043098165b78df31648c5b2b2,1,1,0.9998838
8033143ba3de53470a7bc7a473035bf0,1,0,0.07949949
b5ac92999f37ee1eff73d2b9a647deb6,1,1,0.5954999
0b7f3661170258538bfc65161ef56a24,0,0,8.758113e-05
595eb6ac72e0536b5f17bad1aae3228f,1,1,0.9085485
2b66bc88984a2158a51cbaa52805809a,0,0,9.843374e-05
4a9a9be7653c86d61951c5b1e322a438,1,1,0.979143
7ac8c889605c4b8df55364bc3f8141a3,1,1,0.5352814
4e6721f7acec31280140996ee791266f,1,1,0.9999553
c119ee7922744e2ef398ab9e29d008a6,1,1,0.99995637
72baaf4eb8375e2043cadf397e350f3a,0,0,9.227064e-05
dc554775e020ccea78cc93eede1f96c1,0,0,8.6236505e-05
c53fa3b4b274a3b9ebc8b91159163c85,0,0,0.0015669822
ade4b139186e07ef60d97c8a80a0498d,0,0,8.979701e-05
12059b38926ee1fe6940f862f3bd72ac,1,1,0.99991727
cb1c50e2207e0a3787cb62b88cdab453,0,0,9.761836e-05
ebecb1405d18932e2ff999844f11f5b9,0,0,0.14945626
1927afe92c7fda6b707b19eda6e6d96c,1,1,0.9999442
89c6f90db3ddcc9a1b58ff792ec71d77,0,0,8.9462636e-05
34e4bd47688eb445f7f6d94ce749f95c,1,1,0.99990964
9bbae0602b16b60cae9785340e1cf1fe,0,0,0.00010703168
b3bab64cc847bdc9ec571d4b38c81295,1,1,0.5834572
a5b84051844041b96afdd0e559126a96,1,0,0.283577
38fca2d3bbf54ffb64a55544a63dae92,1,1,0.99995506
1f27160d1a254e5e01e07ae0d0a188ab,0,0,0.00012929246
1ea5aeec6af36bba03c19c799984b74b,0,0,8.686881e-05
52aa349b53862c2900517a2b8424c9f3,1,1,0.9999486
8d28c45498954ba00b37e53fae045cfd,1,1,0.99995494
f20f3bc856950bfc9ac4b8d836c301c0,0,0,9.344673e-05
e6234733bc89f35fd9715caef72ddc99,0,0,8.7667875e-05
a33864937af11e66582c9cffb2e92d72,0,0,9.007417e-05
d4a3616c920664a756bc49fbf7f0df85,1,1,0.99994695
b04ef15935ca64e2c5134e33e2331dbf,0,0,0.00010770618
357c8335b23bbd2e3f0033b4636b1aca,0,0,8.707475e-05
e6bef8f2b0a7eed663361363afe2455f,1,1,0.9999459
6b39f1586fb0e6c450c72efbfd95f1da,1,1,0.9999372
82b17a5798ba1a30e832706665108da5,0,0,8.953314e-05
e5427dfb538cc2cccb7707836bc57907,0,0,9.534842e-05
5397b8ca949a4e9b8a97a6cb82b64946,1,1,0.999905
4844f9f5ef56b0661a2da1a2ab33fa78,0,0,9.273028e-05
679d4315718f15809434102e3622f7b9,1,0,0.13720839
1564651be48d2e0dea5cd23ee28d6720,1,1,0.9999049
b9c097bb271757c988953754ff207c62,0,0,8.6934946e-05
e202ebd04a59bb2fe43075caf6487552,1,1,0.99994814
df90da57107eb21e18d244881aeef626,0,0,9.373813e-05
500439d174c0d1917c20c02817b37406,0,0,0.0001288124
01a996f58efe5ef7912404e4359f1b4a,0,0,9.110006e-05
1a38d310f9b198123a474f85d11cfd1c,0,0,0.0047658253
9c11630c1b6ba7330dd801dcb4cc9ccd,1,1,0.999948
e960c25811c4e659d0ec75a739dbc7e4,1,1,0.99995506
c7036e3fb910bd97e89bbb4444616183,0,0,8.657392e-05
696416c64a9bfbf18fa982714f3aeea9,0,0,9.019038e-05
9aaae4702a9eb03be319e7ce672e6c47,1,1,0.99995375
729dfad28a5ccfd6d3cb41499a22bae1,1,0,0.14780007
88311f6f02de701723af4559e9182fe7,1,1,0.5919347
4853a05dd0258170386328878eef3198,0,0,8.8803325e-05
a30802ebf93e7b41f2198262c3aa4c45,0,0,8.67981e-05
e0e68ba73336322869a358f14866348d,0,0,9.08976e-05
121688a72890642d06b79f5adbd5612c,0,0,0.00016573146
6c5308342f4316a999732e88a568beb2,0,0,8.65612e-05
1f980963effa143f4d64af26bc4bdfb9,0,0,8.840663e-05
e2f7d009aa6030a2afc735d4eba971b9,0,0,8.679479e-05
30db1b763145dfcff776190b1bc310eb,0,0,0.00014749264
4fd45cac59eaaa1afa43a298db54595d,1,1,0.61334574
4d13b3ed7d57284e008972e0300460a3,0,0,8.845319e-05
54e75fb904feac5b3352e925ae4d475c,1,1,0.99995553
ea3833e3f9d6703532391bbb3de71570,0,0,8.732611e-05
1ce13846d09c5bc0ddf34f95930715f1,0,0,0.00010167123
fff79c37892bc0403a754cdee63447f5,1,1,0.99994826
712944581ee851ab0d281b8c846e4126,0,0,0.00011207369
8fc14584104e4e1834897cd9b2e70c43,1,1,0.9999572
6e92bc8b85168733322047d41d67baa3,1,1,0.99995613
f2a18d48f2abae6ee004875b9f466046,0,0,0.000132264
60e1cfeaa40ace985eb3d878ccedefa6,1,1,0.8662592
eed3bf0f9413b64f9e8496faf1d6bb2b,0,0,9.4824514e-05
8584996d17c49032407fe42c67c6d39c,1,1,0.99986863
33093ad8740c3e20799ab35bae045be7,0,0,8.7056564e-05
03bc6dba05490b4cca55451282056a13,0,0,8.614404e-05
5bdae3d89dcbb25c679da5c6671e5d1f,1,0,0.30119014
c72361e5ff88ddff35aa353aa2be217e,0,0,9.247543e-05
e3ef573b7ffb78f9a864fafeb745294b,0,0,0.19828153
222daf5cf63936aaa5e16948312ce1e3,1,1,0.99995506
d550352afeaa85d0926ff14974d7c673,0,0,8.840444e-05
64bfc6939a4bb25b7ceeaa953b56bebc,1,0,0.36166042
992e6d03d41e9b6aea473f9e0390b1bf,0,0,0.00013923601
3a3c6f7f451f16ae8ad80cc80e1356c2,1,1,0.9999571
05c03b8ffc653e824644f56fb7fb8e37,1,0,0.30738845
c8e93cc3449f9ddb963c0df1a7729c3f,0,0,0.000104088394
fbad9307242bd09960732b8b5e145a0a,0,0,8.799116e-05
b404aac89800ebefe11b6ae2d10b424b,0,0,9.0570466e-05
33340f2026fa6ce84ca35c7ceece2f5a,0,0,8.774465e-05
13b684885b79f4916e32afd8069d9c21,0,0,8.628767e-05
a6d22d83008a789fce4f071508548e31,0,0,0.0001278529
2119bad1e907658a8c47e393d8e74c25,0,0,8.843016e-05
1d6f8a0dcbb56a1bbce0609f64a45cce,0,0,8.7888184e-05
f9661a3ec9d2a43a79e0b3f26762dd10,1,0,0.43633056
5f14ebd594715f050c09d78c6d5dadf1,0,0,0.00015014903
fe3c7aba5c4b8d9c2d0d44ec8a95639e,0,0,9.1185226e-05
74b21cf5126aa91628d4181f790cfdf7,0,0,9.7739176e-05
ba78d4dcaf6c287b78171eb3c8f9ec51,0,0,0.000103899176
075b46021fab111f8bf7a603a78357f5,1,0,0.1433327
35834996ae9bcc344cbf1844bcdf6833,1,1,0.99994826
de9a928fdd5d286c2256b093811fb462,0,0,8.8983375e-05
13784f76c13617381e9db2390ad9c4b3,0,0,8.7426604e-05
19965242a4a0a306bae2025d58403ba2,1,1,0.99995303
c641e8afcf46005677f4c964eeaf848d,0,0,0.00013626483
4c160329318e37946e3052467b3596c6,1,1,0.9999567
f8f4cec1e378e61e9a0e41dd71bc0517,0,0,9.755556e-05
c4d17a380d2e45683c7ae2deb0ed1755,1,0,0.4985676
1325136cfac6217ca73a51ad4454ea0b,1,0,0.2704501
5a565b80b9cb59b982977c66e37e26ca,0,0,8.600123e-05
703c24a5a11c7683ec6a36e3359f9097,0,0,9.003383e-05
0df6270e1693320fbbed0eaefb6ee4a7,1,1,0.9365504
f787379ca587b756b7aa1c9197320603,1,0,0.18796928
4641fb0e94a62ebccdf443345a726d21,0,0,0.00014843824
60ac33abf3213b5f9e0572850ce54c71,1,1,0.99975723
3a74fb7a3f517133316da39019ef141e,1,1,0.9999324
0fec125cb18b7063184a1c601b6ea180,1,1,0.8217366
f672b90691db28352079ef8332d920ed,1,1,0.999956
56aadb5877b7c1f7b1e4ccd6d6d53e04,0,0,8.796985e-05
572d3e9eda7513a5feb0d898c5e6970e,1,0,0.43795517
e440c4601b7be6dc086cbcbf1da0efa2,1,1,0.7962885
a3723bc1eb2ccf5d4e5dfdaa1678dc42,0,0,8.633632e-05
671f963e9d33638ae771b5f286d17ea4,1,1,0.85681057
d618abf0fe84d7934fd803dde7b4ef82,0,0,0.00010203992
751143680005eff1fd53ebe154012675,1,1,0.9999206
b7e6b4d18a64f2956ae5988807e1d7bd,0,0,8.801113e-05
e8c31cfb868f3c4ac4c9a83db694d15b,1,1,0.9999509
1b05fec208962fd4d361d6070b58777b,1,1,0.9999558
5de69911b27bf603040986f71de78193,1,1,0.564535
64dfe41e5d26d8940efd46a4e2086b28,0,0,8.7122e-05
21e17d00572d4c571268a3478af73985,0,0,0.00013284241
93fa4b1391ea6bbea5359d81db6161b2,1,1,0.9998031
4cc6b6e9184e1c6e7dd43ac6dcc9e243,1,0,0.3954202
64cf6d8b87e41d83275b0c3facc873f8,0,0,0.00014831274
4feb0c510ca98c296e729a5ba47154cc,0,0,8.664759e-05
7c9ca9b3385e3c93ba4403b64296e905,0,0,8.889203e-05
d34e1c7b775f794e2ec7e9ca384adebd,0,0,0.00455524
8ff028affb18bce74841ea8830c63b94,1,1,0.99994326
0c12c4001eda50cfd208be0be2d341a5,1,1,0.99989617
aa0f0226d356e12b44c0b53e138605d0,1,1,0.99995637
cb0a208676bed1319668f8e2c9eea408,0,0,8.680373e-05
c28e9681cf00eef9b8c7ec15cdb4ba07,0,0,9.508766e-05
425e6061de4615482951993988c65c75,1,1,0.9999472
f7537f15dd956ffe91de4bf22e186733,1,0,0.42739382
f30a35feafa96ebd085615c68f632f7d,0,0,9.749287e-05
ee206573d2ff68c33e56b7e6d941bd9b,0,0,0.00010013808
31a1eddfb270ab002daaa2500dfbe83b,1,1,0.9999379
01121298a7073185c8683c21fa0ca0d9,0,0,0.00012041426
0292ecebb6ca9d006d4f7492dd109533,1,0,0.24877575
987d9b62140d75683aa2f4b3281c9f24,1,0,0.27105004
b4dc5e61b0b5332b11dd9820ce75cce5,1,1,0.9999558
121d9b18a3d868661850c7bd4044d970,0,0,9.0302005e-05
c62720dc50436415557f57080425bbe7,1,1,0.99995685
699ab73c4eccb678b8ac2547c48b3753,1,1,0.99466866
2990bed54cab539cf95cb01438d9dff8,1,1,0.9999449
45b40a45e9332332844654fd75a67abd,1,1,0.99981934
4126382ebe4238c60f6e6e78e2534725,0,0,8.808602e-05
b45e7e137631f50259dbb428fea1b950,1,1,0.99995637
244f93872fd6df048c81b70c0b28db72,1,1,0.9999567
1d71bb7e6b4a0f5959a2ca0f44b20554,0,0,8.8398374e-05
0b6207ada29faf5c0e7ce622bfa4c38f,1,1,0.9999553
25ddb1a7b6cdc6be4e7e68014daa1b37,0,0,0.00012097335
b365b4e16cade7e57276e26202bc838c,1,1,0.9999467
f5e94f99d10d56e0683b6f21addfec4d,0,0,8.723639e-05
db0b5aec8b0becbce97212f737acccb7,0,0,0.000103200386
3325cc9b4a10706577479a65286ff1ac,1,1,0.99995565
df1bb24bbf9736752afe183bdfc1f994,1,1,0.9999484
f15bb1b3042715e52a04290398c6e650,1,1,0.9988996
587c349ff855787bab6ce2935baf61fa,1,1,0.72188294
593bd8e6670a552e2fcc268ed1d06ccf,1,0,0.26824808
65d5a7bbe84b60ee9ab98a655e70162f,1,1,0.99995625
cda965dc75a31db6042191404e6090f8,1,1,0.89943254
a684d314120e039ec5a0d6a3ce14511d,1,0,0.04320772
6eb1d559d812c459138c20e91024d026,1,1,0.5142877
fef64f572d90ad008e30531f7478a90b,0,0,8.838833e-05
f40d249ef81a23d5e51d7071a15c5b9f,1,1,0.999928
5f730ed7f8b8d2ce233a40a08788c48b,1,1,0.99995565
10e7a6e1294c3bb25ae31fd547520791,1,1,0.999956
6cfb19d970966d26a5bb49ea41158b62,1,1,0.9999558
a2570177e3226cff7f203e8a74c9158e,0,0,0.000119581244
56438ce9c15e50f938f0063ff18e9bd9,1,1,0.9999486
e17e66280cc5a7832765feed2c39dd88,1,1,0.9999566
4a10d34f1400c6363c95f66d58a9f74d,1,1,0.9999478
1a36681fad5d295b896f4b09de646c4c,1,1,0.9999474
f45e1d6f08e5cf91b7eb700d02cd04de,1,1,0.7072863
0c2baca4d5ad0779ad248f8e620f7851,1,1,0.99995506
015cc176d0685ec3977bcf170baf7200,0,0,9.245428e-05
2aa00063697b315a5c1fd041db015a54,0,0,8.671719e-05
e75f3a7ac315e695542f7b7bb9ba6f82,1,1,0.9999448
fdbfb30ba3b01c74cfeccfba70b448ec,0,0,8.706628e-05
3446e47e6b9bff8fa6d118a1945c889b,0,0,9.97696e-05
4f98746ef59733acaf42faf0860f8c55,1,1,0.9884016
d390f552a85f337013e7572b93ca0af8,0,0,8.714925e-05
6003ecad9156d4386593b93b331658f7,0,0,0.00013417016
fe2a5dfc80ffb20373de4db6eea6a957,0,0,8.7038134e-05
8e62a1ab03420e42be38b5cbde701284,1,1,0.9999267
878fceabe5e9b2d031587f1ecde3ce52,1,0,0.45238882
a06009f740e15f9048a765708f81f0e5,0,0,8.8035216e-05
e9ac2f23c45e99f856393f24337618bf,0,0,0.00013995894
e3978c51e46558f37b30c04df79e6bd6,1,1,0.993826
26611556af1ba0a5733eedaabbf7811b,1,1,0.9999417
ef93459bc9558ea5516d14aecd39ff18,1,1,0.83256906
223c90ae57e7d8c8c555b5a7b728f0a5,1,1,0.9999517
2898a5491530dd41b746a947e267dbd8,0,0,8.722632e-05
52fa7bdb101cba7b215e0d47d44d5c20,1,1,0.9999478
3bae4e1578bdd5a44eb4ad2f0f218536,1,0,0.37836075
002f5e2790f2608f8a2c0c4bf0bd40a6,1,1,0.9980763
557f97f5ac5de0268ef4f87dd6d0a197,0,0,0.00012988472
5507e9d57010aa4129c23792a7593c58,1,0,0.036930572
f2a136c1be82811fbc525bf8bdb2562a,1,1,0.99994254
04f0ffa986207b62a69ab0c97a847e44,1,1,0.9999455
532272cd3528c484b14642c7d7865695,1,1,0.9999255
118f79a8b57416318d650912b25d50c7,1,1,0.8971525
5b2299281b03d391fdb9eaae090c6711,0,0,9.617062e-05
3833349f4e0ab39cb815bbacaee89315,1,0,0.4499626
df5cb2e619c4567124a659378f59a784,0,0,0.00013477026
1a0c06a93a683fdcf39158c9ce447892,1,0,0.2172381
14975d05c49844b43a376774caa5dac6,1,1,0.99995553
d1359517e4cf777008103c732ee90ae9,1,1,0.99995565
fe0828f1ed6db48056602ebc1b0cecec,1,0,0.20297827
810ea526b518d40d209a194ad6018266,1,0,0.41321537
1b13bdbf3731b94afc2d9e45392ad7ea,0,0,0.00014949334
1e81a234244f648710a5f80ed73cfd50,1,0,0.22701499
a70770cd85fcc31e034c43cb731d8fcc,1,1,0.8904734
f54218c7a8fbaf672be7a6d8bec4eab7,0,0,0.00011325597
76af6f1b46dd7c516898d45b81ef5d57,1,1,0.9999434
cb1a3a28fa0fa76efcc8836eb86db234,0,0,9.461244e-05
43c06b0c6cc2761c3350cb64183c9f11,0,0,8.84898e-05
4d1dcda26f4d5706c53c83d131650693,0,0,8.728832e-05
f253659b169f73dfd982fa51c46a7dab,1,1,0.99995077
a477921b6deefe788c0ac7cf76d75ca4,1,1,0.8751378
d5532a7d30e8aeb2d12229c8586a04bb,0,0,9.269924e-05
22db5bb803e4e5ddb64a4367efda05be,0,0,8.702286e-05
7e92b69c714167c1510bcac5916a89dc,0,0,0.0001238738
64cf6a383f87bf58cef045b452a9ff37,0,0,8.704046e-05
1b41dd990af151774525eebbef9c7a03,0,0,0.00010919367
7439ff0d2c1a96895487e97a85ead7c8,0,0,9.2538416e-05
dcda29044b2eb86376befb065c11e36a,1,1,0.9464609
2e5cd7def0462feb3408d79ee2f06a62,1,1,0.9999559
bad9909d761d86853ba7f3a8c5b0858d,1,0,0.2744494
07bd5f7a3d11572bb7a878482058673a,0,0,0.00016169282
94e156dbdd5abd18a511d8899a3a3170,0,0,9.760803e-05
fa65a16caf73ab279163c5d2e321da39,1,1,0.9998957
d75532e2b1523620e0b79a31e0d57299,1,1,0.79721373
410f7c2b32076573beb20a60db827904,0,0,8.64242e-05
e7082b39c48fbeeda029ee3f9abe7639,1,1,0.99995494
7f45a55cf50f765aa47c68b2638da38f,1,1,0.9999567
87d255363bda8765b1b672388bdd4dbb,1,1,0.99659973
118b36036f78359420344d4195cdff6b,1,1,0.9999567
729af793e95fc10e820a6beddb2f2cd2,0,0,8.767974e-05
f26d28e54ea1a859657d82b853dfd52c,1,1,0.9999553
6aab08d9ad05672a5e05d3730f1e8e90,1,1,0.9999567
573accfa1d242c8a7bb7cfa8e5c4f2fd,1,1,0.99995494
d5d71d992978cab7644e86c6336d00fa,0,0,0.00012250754
03402ced9ffaaa7f4e435b584cba2b37,0,0,0.000105959814
9caf6f859f95151c478af67d06d0b937,0,0,0.00014043727
d9e8889e527f3107a19b6c4a4a4b8a17,1,1,0.9999554
0f62ebd63ec0cfb3f98ac560f39c8f62,1,1,0.99995506
10ea679f23557edcc4e90597f3f27a6d,0,0,8.940047e-05
bbc3337172af37818b025fbb23956b2c,1,1,0.9999565
d0b54ea45814230a7954bba38f55462d,0,0,8.749349e-05
071c5522e840a3d607173d46b76da868,1,1,0.9999559
00497024cb95d09992073a2e04ea2f69,1,1,0.99994826
527ed25f45f98359d8314c8863ea47b8,1,1,0.9999553
2548159d7c3ec7f6156558c5cfdeb803,1,1,0.999948
7ae517f531b01ca40ad4b29c65bb1e20,1,0,0.31009743
9f89b684288c7e5a6cfee3d934f5034c,0,0,0.15958507
953d65d886656ce5be0bde36dc472aba,0,0,0.000101842685
cb3a73a9edfc17dcf40cef7ea6a3abef,1,1,0.99993694
d1943d0ec1370bf2388afc18e01fc338,1,1,0.9999176
c1eb627f7b045848dcf5cbc7d22b74e3,0,0,8.7385764e-05
a10be42a6f2ab91a06f4f400b2308785,0,0,9.007745e-05
7b6529e8e49ba63b46ff8d83598a026d,1,1,0.9999485
c51a535e14f6614a6582dfc69eeac6d4,1,1,0.9999486
c2981d82f959c0be32a477a46af2b160,0,0,0.000116787196
5b3a111ed8f6ac0318308238317fa9c0,1,0,0.24423888
49343597fb70ba05c78cb4c5ad0dcf57,0,0,8.643014e-05
9a04b9694ff3fd95240ee9a06c3ba374,0,0,8.708778e-05
9345444f2196693b1ffb46feab0925ed,1,1,0.99994695
daf2274d38878f7108ed437929d05968,0,0,8.77572e-05
f03240b6a16d1c2d5dbb4bd51c592003,1,1,0.9999559
8fc87942e5f3aa2bcf22a6ce2f15a0ca,0,0,0.00015830665
758ebdefc9fa72d0a63a3f65dc3f465f,1,0,0.48771426
2e0eb4d8e3707273adc3607f170b2368,1,0,0.33259344
bd82c0e0e134236a52add46a27938717,0,0,8.784076e-05
ec82e55bee1e34f7ef4997390b8117c4,1,1,0.9999423
c1395710df28295dc0e69bd40569854b,1,0,0.3434979
3c6b89798367c82b46a2987519e16617,1,1,0.99956065
0c885f64c8edc910ca50c38cd95d99b3,1,0,0.35919508
b725bc991d4eec34694c49dbc0016475,1,0,0.23376292
125b1ac45ee94a2b3a5130de8480a443,1,1,0.9999305
674c42cfb22b5e228c3900a97fc2c151,1,1,0.9998641
c6c66e4a58cdbaf0c5bed43b2dbaef2b,0,0,9.916569e-05
a8cd3f011af472ee8957df2033f07f1d,1,0,0.03669277
c8495b693c17ab97b0f814c05bae34c7,0,0,9.315454e-05
4d7e580335f494ec5bc13ba12ff99246,0,0,8.9254805e-05
04ca98261da84c2424dea767ede9bb1d,1,1,0.8876292
64129cc831ba761249aee78f1d5c2e8f,1,0,0.16274664
605662f4322559a6dbea5b19c04392b5,0,0,0.00011212017
c72a06cf1c35921a02e1419dddeee2a7,0,0,8.7190325e-05
c23978feb761c2123ac44dc9f916a276,0,0,9.1596215e-05
ce61749fda1960bb344563966cb6edbd,0,0,8.937669e-05
c26bbdcea4011b0e4183e8695b2a99d4,0,0,9.8309356e-05
ff1587abbc4399006c37bb937efba0df,1,0,0.26308277
f2cad059b43a268499d7dd770046128b,0,0,8.7723645e-05
aeff6195f1ec9d437dfd81243ba77be2,0,0,0.00010321839
60d0a63e657a16cff421e5d93f8e70dc,1,1,0.99995613
a2545d3b0198a99bf5d0c579d630fc2d,1,1,0.99995553
fb31e0baa978a3c6d63b865e538c40bc,1,1,0.999956
42435cbc42f14e87debb4a8a999a55d8,0,0,0.0001065107
371361db3912951d488694bc39217464,0,0,8.765224e-05
04d2044be1dd0523033601358bda0ff3,1,1,0.9999553
ad289b7c7a8f82058f498994c7b36fcd,1,1,0.99995685
09a3d54b4b4016e1f861b0a6d5cd0ab2,0,0,9.788411e-05
a73664fe9af0ff7feddc64224e2272a2,0,0,0.00014431364
c6f023f8f70d7bf02a7a6d9744619b47,0,0,8.787578e-05
8d0f64064a86aad46483eccb79b23035,1,1,0.99995136
335884bd994d7b4173619ec1282b2148,1,0,0.2815923
4fc4dd8255c7606d4e34dafb5139f1bf,1,1,0.9999548
0b4a4b1f20d171d7c7ca3bcbac79d839,0,0,8.784411e-05
da6274ef63257a6740f064e098addf41,0,0,8.7253284e-05
56ee70253270ada6ea161ddb3300ef68,0,0,0.00010461088
c281fa46d579578b1de719ddaddb74af,0,0,9.6388576e-05
c40997fe0e8282bf52d4139e827c386a,0,0,0.00012010966
eebf02b8f482dffd436df0f4088ebe7a,1,0,0.30915254
0b8f6f163310472a30aa5b9bbdadbc54,0,0,8.769136e-05
63ff64e349ee537baf672b122121243c,0,0,0.00010142991
3f23a5e7f0c06e15e2f30453ca8ec676,0,0,8.7786335e-05
bf79c9f095a322f1ab00f3606f1ec936,0,0,9.7168864e-05
5d9c157519c07b880525282d1043a8d2,0,0,0.00012555739
80bbd28a7839cc1904d35d78ca184ca2,0,0,9.5308154e-05
33f3ff0c618ff087e0fa05d12f922857,1,1,0.999946
8ca8a14d37eba1b6d5b871d8f8c9f0c7,0,0,8.881002e-05
5ca97da0d1db5395ce91908f14987193,1,1,0.9430208
361502f5b3dc79a83717daad7dc931fe,0,0,8.669221e-05
814a8a1fcfac278d38813392ebdd2ac6,1,1,0.99995506
07eddb162e3832778061c502c07bbaf6,0,0,0.00015295272
6f4799551226127c5c9425b4364b6203,1,1,0.9999206
e657b4e8f3831b389a4dbb62f218ded1,0,0,0.000101902035
5fc61d3caeabccbc44ed14249bf95282,1,0,0.36254168
0dc6081d57fbd3972b1440e3928579fd,0,0,8.8667344e-05
a640be5bb7dc3d8dd2f19b3bd7a4c567,1,1,0.999951
a9e0000d7826e6a6f822de4919befd7d,0,0,8.788123e-05
2852452f34f14731d1bc456a3a48d248,0,0,9.25109e-05
1e49616992e6c8a95a89b61b51bdd7e8,0,0,9.204452e-05
e7cd768aed08acc7e9c51dc390518f53,1,1,0.6109706
fbd71164c659e264c09af280b8897083,1,1,0.99995553
cee5e12b9bdaec4f2c39cb53879209be,0,0,0.000116156785
d58a7ee7c7e010acd341b217dcafde3f,1,1,0.9999032
5c4a3ad719bd444aade366361bd2f1a9,0,0,0.00010495971
2d989d5d996a38dec6fa9d85397a9a0e,0,0,9.097175e-05
155fcfddcf07c80f482ca37c2cdf1b10,1,1,0.99994624
02f575ba9905423eb0170fd3b2c1fbcb,0,0,0.051160146
fd16fc44745b31bb28e5eba3c60cac14,0,0,9.2858594e-05
abd1badcd0b4d5a30bff1f0459dfb9b2,1,1,0.99994683
8d1a4ce0d401dc8e52ecc437b12916aa,1,0,0.18720621
03254568399f4733aeb53cd625fee1d7,0,0,8.7619315e-05
ce9e00464986228fc4fc7da020507881,1,1,0.99995637
4d2d51c9d5f2b9037968673c2fe174d8,1,1,0.9999478
0b31165f3e213ed57b877e1184b4c798,0,0,9.210027e-05
46aba854f8a0e09f853b1617a4f03c41,1,1,0.99995565
95c3edff463581fcdbd6e8133a320ce3,1,1,0.9999505
2ce04cc232dd219fd756dca1ee78221d,0,0,0.00014152967
74eb845180e8cd3a1e76694b6c1aad56,1,1,0.8017536
f530337fc40f0ec358dfe17fc1b07d41,0,0,9.2247144e-05
787eec9dd9c71829450bc1335ceb1c72,0,0,8.7075074e-05
d41f9ded3d7db5798437c6dbf80da5c5,0,0,9.197327e-05
7f08befb8471342f408620fba6454361,1,1,0.9999528
66bf6704b4840cf0798c050a48ca519a,1,1,0.99995565
8f1f58b5cca71e2eb8ff296f2575324c,0,0,0.00011685336
03f89b7a0657a02c7e17719afcb7ca42,0,0,9.206437e-05
f2e16545b17fd027399a268a7187510a,1,1,0.9996816
811662c547c4510cd0c2c36c48705c47,0,0,8.83885e-05
3f31ddeae526312e8cc2009541d45ea4,0,0,8.83822e-05
879cac431fb06b34af35199c4548efca,0,0,8.828936e-05
682496ad2467772914c19be4a3d3be7d,0,0,9.463392e-05
da9c37b5b2cbd69553b7aea740853396,0,0,9.3207236e-05
b71217df4b6168aa9b21f97595c71091,0,0,8.76408e-05
a7eb666f0edcd087dcbe320f927d1314,0,0,8.997305e-05
9a52e85fbc4fcb2e9c591b4d0b29a759,1,1,0.99976164
98f2c123f7850201cd3add2deb024d3e,0,0,8.6906344e-05
ffcc5b7b090ca41a26a50b13b52b8af7,1,1,0.999949
adaa00c7acb798460c2770daf6bb61b6,1,1,0.9999422
f3a4186f8c34712f82a954c512bacdc0,1,1,0.9999484
4f1c51b64a9e34a00cdc9c0efee0f4aa,1,1,0.9999553
77c040b3effdb746cd562f5a84b6bb7b,0,0,8.7327855e-05
a56447ad3b0bf481e0c96a65dc4413e5,1,1,0.9999337
5dee35b27bb8493842f5692f99873c40,1,1,0.99994767
5f05477da066b51cf50adf785916f2df,0,0,0.00010241113
53c219607a99a566d5d7309153a8545a,0,0,9.305617e-05
81499c69470a74d9a7d549f9cbe8ffaf,0,0,0.00013686072
bf94fedc715cc17449dabff934dc234b,0,0,0.000105897496
f6c6fb51c8b20377362de6e0811a42f7,1,0,0.35677648
f6a00d35f0c21c7b7e7731a7c479373a,0,0,0.00013444707
035915a307c6de4933e00862734195d7,0,0,0.00014373029
28d3b442a89396a85428e0fead2aca5c,1,1,0.9999565
c7d7e25868913ad2a745763044eb3916,0,0,8.8049324e-05
6d0554bc4ec518e752703564b545c4dd,1,1,0.9998554
a2831639562790f7b6be672a37c7f350,0,0,8.873976e-05
01784200d4d83b6a6c3b51e43bb29dec,1,1,0.99995494
3bbde6d31612d53ff4930fc992d0b184,1,0,0.3608685
1f9bfbde015081f7f5340f358beef350,0,0,0.00010840025
b2a03b567b4276195174d7f4ba25c3a3,0,0,0.00012533179
746c5976d56c43e36074cedada87b987,0,0,0.00010728919
ee19499cba5f922b75b6747f2461f8f3,0,0,9.850323e-05
53a0a13c7c2f9421584012d845590ef9,0,0,8.776792e-05
92f23762cf136eafce66c1e5a19b4906,0,0,8.664941e-05
392a87c6c4125868b6693918da9b6031,0,0,8.745228e-05
4b45ad3ae30f3d3f4b0adcae6bc55dca,0,0,8.9008405e-05
7fa55ceb7c1f782e66ed33f793720be7,1,0,0.19478561
90918ec3aebffe6f3298632974a43116,0,0,8.889712e-05
880b7a25fabad901d16317c54e40dc25,1,1,0.99994934
f5a6adf693da1a1eb122934a4f1b1311,0,0,0.18259414
dd5e72f138dc4f5e6936a6eb5719e646,0,0,0.0001558652
e7762c793b7a94a670136b31d352c4a7,0,0,9.2253475e-05
930be4d50fb5a1e0d6a93aef348d72f7,0,0,9.946515e-05
852d98272b9507c6301032b2aa9adcdf,0,0,0.0001811735
a62e4263cc6ab34ca2e3e1ecf8c70e0c,1,1,0.9999505
c850d856a404cb06ee1b437d0e4e84fd,0,0,0.039699383
2c3b101ebd9d7705785cf31e1196b870,0,0,9.318075e-05
94b2287a9abdf3ce1b08ea116a44c567,0,0,9.54323e-05
d4004626f6299f82a91bccbbbe85c614,1,1,0.99969566
ba46d43fe3cd849270a047740355dcd6,0,0,8.906683e-05
6d1ffb5fadbbd2ec34e943ed5750cc15,1,1,0.9999436
b1ca6e3525a7f6fc6d610cc53d649e8d,1,1,0.9999504
6c2fe06002e35861622c48ee5bc88ebd,0,0,9.201644e-05
8b9aaa76a3e6617237da0b6634ed994b,0,0,8.842864e-05
b0ce0564b015bd69fae4545e4caa43f0,1,1,0.9999461
4c41893994a1b48e556aa71d3b994af6,1,1,0.99994206
720359aa9729f6bc522386b8eb601281,1,1,0.9999558
1a3a43019967c9502947ac9c141531d7,0,0,9.888608e-05
a88408254850630b8eaf697dc65f63c7,1,0,0.17550084
426399880fdf8494763e2628a571e682,0,0,8.813804e-05
4bf783ec6c243acb0b9566a9d902681e,1,1,0.99994016
9d009f0a2de0f9bfdffc5bbb4ad149d4,0,0,0.0033467184
0284734ed0fd10640d055a6cbf2a1b0a,1,1,0.9999466
073950c0f1ba1c3f40643cf9825021eb,0,0,9.478339e-05
60fa6be849fc0f1ba069f130dcde9753,1,1,0.9999552
638b7916d97b08aeaa60f202e535fd00,0,0,9.495881e-05
76c29ce5e0c7215c73ab6de6937fb45c,0,0,8.680538e-05
925d4a4a56eca66041df364eced01314,0,0,9.0566486e-05
5289f979d6b36a1e2363cb79f92c9136,1,1,0.9999486
9affbbc992e593684f4a2899db550c74,0,0,9.6660115e-05
8614e6c25c62ca82e2cdbb818b8384ea,1,1,0.99993443
4182be5334fc1a5601554b95aaeb7988,0,0,0.000106081134
9d651f737a883ed2d9343d19f31ad279,0,0,9.3868184e-05
7d883b0cd23ab0a088ea0ffa16bf7c1b,1,1,0.9999428
99959a5eacf7c15ba59e72edbee1410c,0,0,8.697051e-05
a7192ff36b7bde8bac84596c9bb469f6,1,0,0.2953311
908e08cb891bc9dda21ea81eba657cf7,0,0,8.821278e-05
92dbd0062d45ca83b4898d8ceb51468a,1,1,0.98588353
57f7593b535a2a571cacfde38d5b8d1f,0,0,0.0001261412
155e53f3e507be0ceb14788a1342f979,1,0,0.00016309354
5ced8a1831f92c42610d6d15811ca886,1,1,0.9999529
7beb8c8c75e461d18d392591eba4931f,1,0,0.400411
0b1301f79dc630db19e6b68740d1d644,0,0,8.7669214e-05
7639856bc875f29d4421388738a9274d,0,0,0.00012984783
abab4cdc4b9850030fe6f2867c405f36,1,1,0.99994755
0f3b40771c169528615aeaedd895a755,0,0,0.00010790726
a87de8565b9da02e64f73db70ce18dbd,1,1,0.99995494
c8b14f0c6de93b78f0113a10dfbbef32,1,1,0.8762615
3fe8ea747486d929d784f4d22e85b8a3,0,0,0.00014387055
5137ffd9069bfba8495b80b9efa6b325,0,0,8.855268e-05
29db5743f73860a746d1e44ef365566b,1,1,0.99995494
caf4d9a78391fdb96bc6b9b208eb5882,1,1,0.99995553
f85e15979c4796050542bfcb2c21894d,0,0,8.9084155e-05
103ee5094aeb4194d297656f79739832,0,0,0.00013475945
15b978cc473c5a2adfbcb92b9b85f031,0,0,8.9076e-05
f40a85e61b18fa47008ea8093445a775,0,0,9.070201e-05
c5835a1913aeb873e50f01c8a79c5125,0,0,9.368719e-05
611106e5799be9a7eb72af3d3cebb369,0,0,8.673727e-05
25572f33f3de7fdc720e8eb648ebb1ca,1,1,0.99995613
4086ffe43c3c11cb944851ae8424dfd4,1,0,0.29932302
b5afeece723a866f1439d1d043bc68ac,0,0,9.243417e-05
325b8d37f4a1781cd14cc08d12033fc7,1,0,0.17829658
8a4575b6d74d76ba44ff0606cafbd9c1,1,1,0.99995685
5ba1f6760b3f548d2fe6d3a9158866ee,1,1,0.99993
9ffb93a0a7caf06e8749258772933892,1,1,0.7329097
899262e3903db8b05af88fa70029d773,0,0,9.108859e-05
0cf205b97bd147c40bd7e734a35db9a7,1,1,0.99994886
106966e7802c569dc0af0e9cab710eb7,0,0,8.7672044e-05
888c5b7ba13b148ea22ca57f4470569b,0,0,0.00012112849
d2b4c82efc3abb3cb15de0dc6c49a367,1,0,0.43567047
3d971ca235513755363cf8b6dc46a737,0,0,8.768074e-05
63391e04b5dfebf898eb7aad32adf4b5,0,0,0.00013519695
fa282aa218715fcea486785dacc1de50,1,1,0.9297249
2e2c3aec8eadc0e9bbcae84d348dc02b,0,0,9.226826e-05
dd70bc0508a3f2f2b743c484e5f2797e,0,0,0.00010101564
c5d9167eff811134cb76ec8dbb6cf0aa,1,1,0.99993014
55eea612ba0109e8723c05025131161d,0,0,0.00010978565
b63b6404d8abd5aa7f441a9544d2f9ae,0,0,8.8191504e-05
30351872f725ae536da27215939b1456,0,0,8.691804e-05
0bf2056e83462c6587779a9f3da706da,0,0,9.463771e-05
138b49fa441e455f0d0cc1d079943dbe,0,0,0.08197054
67caf2de4d79b2f1489fd16c58953cf7,0,0,8.8857116e-05
eced18418211aa6499f11c749e6aaad7,1,1,0.99995506
5809fdc09c4517b7db279b1a44dc5535,1,1,0.96920633
6c3cf9f138a655505ebd1dafad955280,0,0,0.000109857494
529fdc54763a6f9084254321ba0e5e82,0,0,0.0001004307
d0ce8c883d0ce10953bffbdd3421580f,0,0,0.00011544159
ed480b1c8d27e196e25fe58f7354a4bd,1,1,0.9999473
b70bf2e5d30566d0782ab0319081e0d6,0,0,9.211854e-05
cbf44e611ba514fc70c4755c81944597,0,0,0.00014941038
7d64f3481cc18fada1cbd303920e19fb,1,1,0.9241904
0a1f5f3f6b0fc645883edac36434f832,0,0,8.754056e-05
94ed00f1a8636a7bcf4b0e233aafe5c3,1,1,0.9999486
a6886d57718f6c194a770946309cb429,1,1,0.9997732
6f80df12ce882713750ffa6035a92087,1,1,0.99987996
e6784d7f6b78c00c9b62f7952f717be9,1,1,0.9999505
b8014d5c21482420061104b889377522,0,0,8.7916924e-05
bd8e678594cb5ec12b774e1aec522f14,0,0,0.00010215227
f31078889d266c4a419326f4b2b2e710,0,0,8.921185e-05
18f58b534dd5b9504985eb066f50bc5a,1,1,0.99993944
15d973b1da4563a0282838e508f6dad4,0,0,9.4177325e-05
9c8fa2ef670a58a54f3999241118824a,0,0,8.8856614e-05
a7d5fed11067242c436b2f7f09b92939,1,0,0.49151114
d6083884d3cb5c3d16e86a3f5e960d29,0,0,0.000100421326
35c77f7d4611bded753bc410d5cb02d2,1,1,0.9999566
602752a6efd51b9a6c9bd0bf5728b8e8,0,0,0.00014967532
83a60c0f282a6887b58023a0247254f9,1,1,0.99992645
bfb6d1d3d3aaeb6b0dbc44e4f331a8e6,0,0,0.000118960044
57429f90ab57b446ac7705351e766a47,0,0,8.927609e-05
817a129ca707f043e0fed97d55df3546,1,1,0.9999012
62fda937ac08692ea1a4e85e103c82e6,0,0,0.00011917223
836cb682dd4ee73b0045346e8ef3a0e6,1,1,0.99927515
6537df2294dfec04ac96d0fb246b85a2,1,1,0.99995506
36ed60ee4c1e04239a24ab70e165a7b5,1,1,0.606998
5a81e41368e2bc285103e9e57c092c7c,1,1,0.99992
1a0fe404689d9d9e2b9a58d11ef4881f,1,0,0.31464303
b08d448ee80d74745d907c6b31caca28,1,1,0.9999486
9403fd652b340081362f7d5b6982f05f,0,0,9.045653e-05
033d2bd9f8ea0047ea059c653a536a3a,1,1,0.99992
f43ba4ebb9ac106d44f6040ebc34411a,1,1,0.99995506
0f9851bcbaf7d9a29f23ade508b56748,1,1,0.9999566
9232d683237f68685abcc4e49054859a,1,1,0.9999571
37bda529a9aaa2b7882854701bb44dfc,0,0,0.00010073802
26907e97cd0f85e211ef42b46a7dd2c0,0,0,8.866701e-05
bfed0a66d3edb3e83fff0e12ef432efd,1,1,0.9999566
7e4353a56545a25395330a2f5b69c585,1,1,0.5707314
4ab6d082565ef0f4e7874b21557ea4d1,1,1,0.99994147
9b43e22b37f5fba41a9d1687b184e028,0,0,0.00010023515
fe51bfd712afe71e96f7ade59909dc96,1,1,0.9999459
2e946e0da43e8bd58f01ef4e6e2924cb,1,1,0.9999565
3316cb5265858ae03a6dd5cc0b2c4eeb,1,1,0.9999554
e2a8c6e617d15830ce782167c7add0b2,1,1,0.99995077
ca7dc6673279dd8134bef77244935dac,1,1,0.9999273
f6b0315321dcdd6157a02115c6c83b29,0,0,8.659589e-05
8a7147e769acd52c687e34d3bf537fd7,1,1,0.99621034
c2b007a8df672f3528d6e9a588693671,1,1,0.99982977
81a9b6112068d4c5bd543051b08ab952,1,1,0.99995625
2b59d8d942ed40c7e7b39c572c98342f,0,0,8.803933e-05
a547f9d833c800538707eebba175e7f7,1,1,0.9999447
43c7ccfaa19d48c14db77db2228e14fa,1,0,0.19703697
94109dd81849ce97446f012849d0c455,1,1,0.9999242
48d673bb7145f33053be26de0cc6bafa,0,0,0.046544332
f90131bcfdc8373a47ece5b9bc370840,0,0,0.0001182824
39f973c9cec7ef8b12396f9b97cec935,1,1,0.9999565
fee21cdc0dc74a10981829ba6b48e5fd,1,1,0.7204633
23bb8d4d23ae86c30b364dada7e9eeaf,0,0,0.00010000162
5dcafdecdb238bf21d87dcd4373fda8d,1,1,0.99994624
eaef71dc7075d35e5b4e929c17b98eff,0,0,8.954014e-05
c602dc32ebb6204d00c8e9bd4d801607,0,0,8.729648e-05
61bbb7f0b440690297a5fd0d8b636f15,0,0,8.814669e-05
77eeb440f902730fafe609aeef725140,1,1,0.9999267
8140019ed8b1d8581e6cadf6152b3423,1,1,0.837961
7e843c304415ec04d3a519513ed19421,1,1,0.9999554
91f166c50f69254f0f56159d24609b72,1,1,0.9999534
abfb920c78e5dbf0a408ba7fbdbd393f,0,0,0.00014731611
e9792e7fab352492afacbcff4282c0de,1,1,0.9999448
297da9f13d784eec77c07cf8cac38438,0,0,9.3592804e-05
15e80be04451e35303262e543e50dbdf,1,1,0.99991953
182e096fe163a603f492c7c3d1e57f29,0,0,9.01737e-05
94c02dabcf9dd67422a4533f47a386fb,1,1,0.99995506
24312057148f907086396455468ba810,0,0,8.7763736e-05
513c2285f15d8ee62c4ea701364dcb78,0,0,9.4653966e-05
3ac1997cd9d27eef9630300461897979,0,0,0.00015582703
9f87a5bd7badad2219796e9c440415c5,1,1,0.9999565
a71ec2b216118106f38794a80f4de7f6,0,0,8.657936e-05
c4a6efa8cf96b42a329db416206d26d5,1,1,0.99995553
e8b9f0b20629d2669d48617efff38a89,0,0,0.0001680277
7a493fa6a03f014e550b9c0106df7a81,0,0,0.00014368467
01cc5f0978c3a73eb08240435f35763e,0,0,9.766892e-05
80278badffa8cf024ea257ad494365cd,0,0,8.698229e-05
726ce992430411ecc6b351781420cbb4,1,1,0.99988925
3ec41d86d1e6b98ff5d2b24ecf8ae578,0,0,8.74256e-05
883c30f31c43f42c0b581663de2ed073,0,0,0.00012216877
a5a3d5b5876b7c0b2a7d70efdf506488,1,1,0.9999548
e109782ab65f045312577a0f3c067d9c,1,0,0.22591701
959631aa0966578030ac701258575f94,0,0,8.985053e-05
75f9a4d41b411b6d25a7124077ec7b56,1,1,0.9999559
3bce5b2a9c13bbf2b7afa8a4f914b570,0,0,9.063258e-05
0ad11552b5b5615e9f632957362f1b7d,0,0,0.000105998115
a1669bedb3d0e74f28e0ed19e8b74cd2,0,0,8.751853e-05
cdb5441378f3d456ab89e35ec3b64e28,1,0,0.21861637
6128eb5d17f76131c5aa81683be60dfd,0,0,8.927005e-05
cd138ceb3c39ad13eb03ab4ba7e3194e,1,1,0.9999547
5af36f474afadb315c59072b2e6d29e5,0,0,0.24630041
e821af49d4445b9840c4c5b0be7a25d1,1,1,0.99995136
7c4e388d0092fd3b39b2645c8e724333,0,0,0.00011921794
b4832d8af11dc77be15c3c7460650efe,0,0,8.8850175e-05
60853c8c132fc854de950492d7c4b513,0,0,9.046481e-05
140c4d90da4e3785ad62dbdbba22e878,0,0,0.003711634
8e4a2a75ab835e484eaa93b72b3e48f7,0,0,9.452299e-05
b39e7bd9653e19fb5bf0c7918d2d7ec7,1,1,0.99995136
3977e736707dee6dcc42d4933639be64,1,1,0.999956
09a9af7b903263ee8539473c2d5ef6f1,0,0,0.000119302196
236d934e82bd9ab299d089bdab9d0dfa,1,1,0.73290384
a0d99dca44ce369e6e87d2a99dfcbad8,1,1,0.99995553
0cbdb1cc6f07447ed2c636fb9d1732d8,1,1,0.99994683
7bbbbed62ea494d1ad23ef6a556b7aab,0,0,9.227354e-05
20099ce563f5665aebe4567ec6b7fde7,1,0,0.25804526
d0d38e9431d21acd22f9fbdc093b63da,1,1,0.99994564
aac430e8f1a175541e5a7980cf80a43d,1,1,0.99995494
1f90be6688046e2406e086c2c4ec5570,0,0,0.00010571094
fb08a6c4a118e2c06a97810a35a63d37,0,0,9.33784e-05
5d1c454fe165bd4fd5d759ed7dfd5e02,1,1,0.9999403
8ad80f453d04073dc9920b3fc3a3cc68,0,0,0.00013173588
dc236208f082930123f7069f7f4bd4ae,0,0,8.709043e-05
99efe66e0bbc5b892007a762690a7b52,0,0,0.00012841642
4883301b8ede3b531fbf7bbe655cced3,0,0,8.714626e-05
b895afe8f7fc7148dd5b29b3e04a474f,1,1,0.99995065
c39e17c7c8c04b90744456e4fa68daa2,1,0,0.00029054593
90534180a3deab842a88e7c8ece1e35c,0,0,9.2109316e-05
efd3cd423e75ef5cb30c91b4d777ef34,1,1,0.999954
7b81e839dbf51d004697994bfac4a866,0,0,8.630701e-05
90e8f22a6b8dfc881427c7a2de6d0edd,1,1,0.99992394
c25f1fff8afe11fb93144eddb463731a,0,0,9.001254e-05
5cdf40b5e62c453252cdec217883b709,1,1,0.9999516
ef2c6872a675d2e31221136dad91c077,0,1,0.52116185
045a99af9145943d8c98fd326b08d19e,0,0,8.75884e-05
a59622b5f3a813bf0b8ccead672ce956,1,0,0.43902752
5dfc90f0e48abc7f0ae2599d70123df2,0,0,8.778231e-05
1a505e7529e88193fca5852ea0904023,1,0,0.34622514
8ec92c8a7e1d87e7908cf6ff0ab96a62,1,1,0.9999552
0899e3f70065b542e43f7fdc3f2024a4,0,0,8.776022e-05
7fc3feca3c3da3f2bc7e271e04e438db,1,1,0.99887544
b0816386785a7b2bd36672c9adcfdb78,0,0,8.898159e-05
babfbc094debf87b2e7de35b613bb0b2,0,0,9.0281945e-05
ce9c993555c8ed908c74f13f1e37afd8,1,0,0.1765194
86b18b0d4aac402b64ae00fc019196ba,0,0,9.064477e-05
efbb41f09c04662fb7c7f9c567a59ce2,0,0,0.00012355775
8c31abfa716c0fcdde71f8827d6d149c,0,0,8.8227585e-05
2e291e22efc0ac9dbf05519a7195b149,0,0,8.936535e-05
beccb3e3cc0c40779599eca902e00a83,1,1,0.99994385
098c385946ebfe46e4d1b6e217bc8f3e,1,1,0.99995553
99c46c9987e262f8a63c3aa7593759a2,0,0,8.701374e-05
a83767fb0d59477fc28727a8e8bc2232,0,0,8.87357e-05
72a0b90faddf2133e0c82b809b6d122b,0,0,0.000102266495
7016662a09de243432f968bce5f7fbff,0,0,9.5854026e-05
0b72eb4600f9201f45b31a3d69de5479,0,0,9.350048e-05
c68c5a98fd87edb1b0d14796d8f47bbb,1,1,0.9744046
a02caf1ccff0323a1b2d95fea6d15fe4,1,0,0.32813084
7fae3d90bf0edb5b687a8cf83bfe0353,1,1,0.9999541
8a7518f11bd0dfee9b2d81b8d8ca53be,1,1,0.98596394
2ad18881801d912e74583f515bf03c1b,0,0,9.90622e-05
da15e0e94f431d471a780a65fdb9d8ef,1,1,0.9999287
e35f79992a648daf42be02f295c53f4d,0,0,0.00011013872
f0ea0476385b1c1a9988a2d067026cb3,1,1,0.99988496
45da9bdb5acf0f395343592a100b2c8e,0,0,8.747739e-05
71f8b72c7db95cbc92a53a67a9cc5c3f,1,1,0.99993956
aed0a7fc247c44a1f0eeead992a09179,0,0,0.000114190094
4330f5bc73d975def195c4a71c9516ad,0,0,8.7903354e-05
b0197dc5b59b3d931d8c619e5f4b774e,0,0,8.7059474e-05
e87a3c8d2276456b8b4b51c2ea4810ab,1,1,0.9644558
ee2e0491d98b0d9891baaa464f2f1eda,0,0,8.768702e-05
6867b1faf9579ecec58f56df32d2ec8a,0,0,8.681284e-05
9730fbec905ff3a15c0b8bb6920e6f82,1,1,0.9996903
88f516ccf2cc1b8eafae45e999ef3e74,0,0,9.213919e-05
c0515d7f98a4388d6fa66157aebd83b0,1,1,0.99989927
a84698276bba4e2c45ef3a7e5c820c0a,1,1,0.90957785
4646173171b6e2f54ff4f6675ade31f2,1,0,0.15867475
b82ca28376bddb64355b3a6b778e614c,0,0,0.00012999773
47bd3bb03aa09774c1136749a2be26b6,1,1,0.52556
6b4ae5c0d015bc4344b04e5c8edbf36a,1,1,0.9999553
fc3b4bda88d9e80cb0d880981e629059,0,0,9.484234e-05
fff5588cccf45d645e896b2d56bf3ea1,1,0,0.037042815
5b7fe6b7de603c1ab56d214cb6e2a5e1,0,0,0.0001277794
88d91c6f4f06ecdc670c520d818b0749,1,1,0.9956157
3b75cea39b4bcd2418a4d8ee6939ede0,1,1,0.9999558
a4c764154910d53638acde61d780a6f9,0,0,9.624686e-05
dda617758c3c9da60234105ca520fa63,0,0,0.00012026233
9cb6b3be1ae7bd365c8337af507ce6ed,0,0,0.00010358401
4f45e157c36c60b9cd2bb7e1d67b7080,1,1,0.98023224
a547d6142ea68fa88f212e240f11a289,1,0,0.36263695
3ed602732e92e6d9f8141363221efc7a,1,1,0.971913
73b578c829b35c9dfd01057ad3f3b9f5,0,0,8.8106346e-05
fa9a91c667eaa5b474fb2f54f9cef5f5,0,0,0.00013634723
ad5380acfd483a21f80cd1588d6899ec,1,0,0.2625672
5140351a21313541340b6d82a12960b5,1,1,0.50237364
95a0822cac094bb17374685123cfb1ad,1,1,0.9998902
d5398c069f583e6af04998766d996e4d,0,0,8.869255e-05
f2caf3e71bd815ded707c7215d72b891,0,0,8.778366e-05
0e87f2786ba72c842bcb973ec6749f1d,0,0,0.28599122
4e1a0090388d5a3a881898e50aa8a729,1,1,0.99995553
a7767ba333207a36ee391c8774ede9d0,1,1,0.9999552
09ef39f06448855bd4860432d69019be,1,0,0.44409347
71b2a111812a526b070729e407ccaa16,0,0,0.00012813899
5af787060194df9b9aa6f31178107f14,1,1,0.9999348
52f020ccd7c4b14090db1b3fcbc32adb,1,1,0.99992585
9aaf328e80a4f5dd3b39da3deedba026,1,1,0.99992895
be30543ffbfbed739053d65c55462315,1,1,0.6937143
f59872ceb3a24fd350c1694d2c90ec52,1,1,0.99699044
15415f277c5b6bc526c883c9ee4643fc,0,0,9.070079e-05
569a535eeafd40ff077b3f51f617630b,0,0,8.6359214e-05
cb8b3b365d0cc2180f2b14989f0999a0,0,0,8.765717e-05
50de2ba511a9e42f5e5c5f64a00235e4,0,0,8.970037e-05
3968fd3ae8733b637fb3b32755ebb7b0,0,0,0.00010677245
bbed4c1d5903d5ce8c04dc065cf9c2bd,1,1,0.9999461
8e25e274df2269ecfd1f8428ee9f9b9d,1,1,0.9999485
f074ac37bd0dc056540dc96d1cdb7011,0,0,9.9023855e-05
2860ee2ef447d777e93fc7e76e26fbb3,0,0,0.00014122849
da91676b3ed3beb1a9dfd9731ee4e6fd,1,0,0.05265512
d6f8919c7dd682edcdcf16137f83df5e,1,1,0.9999485
151933ab9b9af5e4cbe729630f248101,0,0,0.00010344562
9751c8b9863044ac140a1c74a86844d4,0,0,8.715341e-05
90616b7b7184e9de075faab1c812e0b5,1,0,0.000114137394
fef8f1430b87f4a055e94f7663622d9f,1,0,0.4216327
e5dfc9cceb721da9a3705bd1126a0b30,1,1,0.99995565
e449a5256fe2296f1bba4c75ce8a2561,0,0,8.68279e-05
a142fa9f436f2429148510f4e45142ba,1,1,0.99995136
112de57c2b3001100baa45658a6d3a03,0,0,9.3924944e-05
caccc5eacd39c07b791d3b741b9df83d,0,0,0.0001848822
1101bdbd282aa04083bd194400a59027,0,0,0.00013701491
a179e6e23ed41fae12e045bbbfb87775,0,0,0.000102281614
ce39c1e1ab6b6aa33edef0bb1fac06eb,0,0,8.6532156e-05
d4f20e6c6b8662ad7e02cf28e4a7b6ca,0,0,8.7500914e-05
c099b8f6cd0cc33486ec2de2c14a938f,1,1,0.99995637
381b2fc2c9ffd863ed9a08aae3037969,0,0,8.7571774e-05
a4b888f3a74ac96aa96150269531b53e,1,1,0.99994767
fb57227df64c2bfde7f9d1f7fd41c05d,1,0,0.42331383
c3eac9c59520356f1cc16e41ae701c14,1,1,0.9999558
aec1b58f66b769f69de837ab68524d76,0,0,0.00010455276
b69eee847a5617a41844682bfeebfcac,1,1,0.99994934
f2eb26bc57f8115688a8e2379f4725de,0,0,9.1659655e-05
2e67920c6844165da48ba8c5b1efe07a,0,0,9.061634e-05
c5359fb84e80ec7ab387481f3cb43dc2,0,0,0.00015000637
e8583a489d15b66f9acc34dfbc08a0ce,0,0,0.00013487348
a986b140694ec46587a185bf66f9ead1,1,1,0.99995685
d28aa2d97c58694f2c704ac7e6a48778,1,1,0.9999428
c249bffa6a76cd4011f348c4118f8fb5,0,0,9.6039934e-05
5da7f19f93100a20d573348dae7ea33b,1,1,0.519111
5ada6e17b13671f7df81fca70003b662,1,1,0.99992204
3f5bf8bf1d1da62616303d503b80f360,1,1,0.6881975
b9b11d3208952debe88184e444b6507b,0,0,9.48182e-05
266b4b97662e0919e589bd87543220ee,0,0,0.0011115326
41dcfa41b2ec8fb38e0d0aef2217c22f,0,0,9.3332295e-05
edda4f3f0e11e482159f6250c59d5859,0,0,8.760879e-05
2130658218845e6fe31fc9fb4f1096eb,1,1,0.99994063
2b29f5779efff0afe38e8dd5a7ccc9e1,1,1,0.9999485
9cc2c47167fb2028e03b02f4e292c846,1,1,0.9999372
29317573709688b7f5d2e58639a2f4e3,1,1,0.99994874
c0552e82e4967788a588357e7ada0513,0,0,0.00010557082
4555574a87c6e013e4b8355ffd9ebf2f,0,0,9.110388e-05
7b9e3f56469afb235e7ef6bdde40236c,0,0,9.461533e-05
490e3566f8f50c4856a82cea0eace32d,1,1,0.99993813
a79051c2542683db79a3c1c57a57d3ee,1,0,0.39962974
aa9a46d2c6f93571194c05a132964798,0,0,9.4867035e-05
10524f3bb6270a6d48668964a9d3b584,1,1,0.9999558
1da1671c0ebef0aada984106cee00104,1,1,0.99995697
dda81ebbac02f89bc7466046604a8a9e,0,0,0.00046936047
603d289b0c2c1c23dadb26efa9f8a52a,0,0,9.263925e-05
b2b6dce63d1306348f1eafb4f35a7a22,1,1,0.9999467
3f37bc4a7ad7937aee40f84ebbbba2e7,0,0,9.643142e-05
c420a82c21cca9542b9b283085dbfa49,1,1,0.99993896
4bd20ad867a6a6cb231183e879df118d,1,1,0.99995506
328e6170a1a9576e8ea233019f5ee32e,0,0,0.0001292964
8959574382f059e3cf24890629282a42,0,0,0.00012785582
cd53b045cbfa0a5189084e1f934fb004,1,0,0.13286002
79b1918cf80597826131d6f34cc4cb75,1,1,0.52858216
0e019d3695101bf9aa258f23f3713f45,0,0,0.00010366819
7103c6d2c36e96e33974f1ace393571e,1,1,0.999956
9faaa7ec1d0da52ad7ae72eba5b2ce42,1,1,0.99994886
6be7bbb4ef4f80b318a27d2e317ffc97,1,1,0.99994755
a65aafb20d43033ac829af4350b07d35,1,1,0.9999368
1b75ebcdd9f73386350e097b7206b525,0,0,8.641242e-05
e38b3ae42e6e8a817ad0dc4c75f7451c,0,0,9.220247e-05
07060674c28e94de7c97b749b139c481,0,0,8.9104964e-05
2cfa2c73382c08eedb87e20509578c23,1,1,0.9999548
f2339ca8e2d4cea164895c18fe438204,0,0,8.714019e-05
9b907b2fe65abde8877b76e6f13c4e6d,1,1,0.99995565
b676cc26e938f40720e90f0b409179e7,1,1,0.9999484
3fdae335f62a7fd471ddd373512c535c,1,1,0.9938148
0cc3a673e421d62f46aa23bc1f7a67b2,0,0,9.2126356e-05
9d181225126e90a107b4e85c3f1937bd,1,1,0.5726542
6cf8988f9dd1ac6fce7361db3f127383,0,0,8.7325025e-05
f665297f595a83c42cf38c7541c0b4f6,1,1,0.9999058
f4863ccae076279e71a4db961c969929,0,0,9.669247e-05
2872b549f44cf0dca44584153c4071af,0,0,9.262741e-05
455740e2aa328ad13002df8cd2dd6510,0,0,8.651532e-05
ccccb905f4b9d059945eb07d1d751de1,0,0,9.264712e-05
509aab3a800adee728d4069ecd354a44,1,1,0.9999101
adacd05d5dd606917648fdcccefb6af2,1,0,0.4247477
184358e3dc3141f1d791a3cf0a6bcfe3,1,1,0.99995375
29c083bfba40cbaeba2da81d674bd72d,1,1,0.8664799
4cb1d0e8b659a8c061bd45ccba322e0c,1,1,0.9999472
bda6107e78965aeac9d0326e76a2af5b,1,1,0.9999471
7b74e32b5dcf1543b46a0a32b7f277d7,0,0,0.000105165294
a5a3355f62a007bd9e17914e3e625ada,0,0,9.1209404e-05
b8cd104f1ee5ef85f9a8d138b8ce6ee4,1,1,0.999613
62602f4d41520be933e3887f70941de6,1,1,0.5846067
0e897cf10ffd597558fe7356a1b73393,1,1,0.99994886
61fcca6ec0a1435e858407edabef9af5,0,0,0.00010763832
930270f945f2b7b4079ecc588d9dd773,1,1,0.9999467
1fcd028ddbe23bbafa4f350403281666,0,0,0.000110019886
97201cd2c7e559bd83ead6cabace5f38,0,0,8.72225e-05
9b600e0f370868da9e08bc53a3dcfda8,1,1,0.9996043
4a8d96a2c0a39295de26f1444c5a46a6,0,0,8.699382e-05
f2a65dfcc2b9f2cbd11ffb9ee02f54eb,1,1,0.99994695
a59d83f4163245db886332f0726080e4,0,0,0.00068242225
7b04e1a6656db06e661000909bbbece4,1,1,0.99994755
8a706094db6d7334479987bb99dd6f81,1,1,0.9990245
386637aae77acb7c919f205e76c530d5,0,0,0.00012866572
a3ec54b14a658d77281eb1026c8259b4,1,1,0.9994343
7b67bd662e8a6263658b46de94b3bb0e,1,1,0.9999572
45f90237ee454dfa236488e79fbbeb7b,1,0,0.4631095
683db5fd4f7decfad69cdc50160e301b,1,1,0.9999062
7c377d95b90aa9b16cf6ff6d40f5c500,1,1,0.9999558
ad23c23c8cd5208d5ee3bb4b545dd951,1,1,0.57630926
b0dc0b65e46041fa8a08a2bbb1840b0a,1,0,0.00010374573
2a1b2f173c6c0d9923b95450cd66075e,1,0,0.41183996
9327a4770a7cb5723273cc0ddb6f6b5c,1,1,0.9999285
40f0083f08a483a3106aad3f8c10d086,1,1,0.9999552
7f12b6e315af7548874f74e8778acfda,0,0,9.391439e-05
33dbdf58d308fc7dd62bb3e3e3558eec,0,0,9.482325e-05
c11fc6125916eb892e29a854ed7133af,0,0,8.995847e-05
43a0802c7500d975dcaa9203f142b70d,0,0,9.779138e-05
aa480929f8537e04ef3280d4f60c7a3b,0,0,8.772633e-05
fb81a527447a6cc172990eae49c850e0,0,0,8.8575405e-05
d3103ed4f314b67d2765a86653a0bdeb,0,0,0.00010476352
3b6a6d3a9dfabb67a557455f8b8f9489,0,0,0.00013157919
9c1a64f2eb3cc3c7be72ad8692fd544b,0,0,9.05803e-05
754bf3b1e5fc927d0ad722c8a56aede4,0,0,8.832676e-05
356081a2dd1e7e3cede35f6305049d00,1,1,0.95909625
793cff23529e30423e16b17cf48810b5,0,0,0.00014538366
cb9adb2ec7a2b10053bde40e83c076ce,0,0,0.00011436172
a7dfe20a062d8c9926a218c846c3a7db,0,0,8.7615386e-05
11b914d15d3532421027c88ab0381661,0,0,8.694879e-05
c59a54f456a861af56475b1295a17121,0,0,0.00011103335
fe371d2d4becb3bea8c2721f735411b0,0,0,9.127213e-05
779a35fd34bf5fad7f15c36e322cdc5f,0,0,8.8583765e-05
bc12feea84d9bd43c0bedea4c021d579,1,0,0.46199763
4aff40d92f659226f6dc45664624ec81,0,0,8.987016e-05
6444ea2e264af1db5c2140f2a21fb92e,0,0,0.00010667109
d5adfa8cdf6f49677c01476052b608c2,1,1,0.8637949
7c85d723fc77ab6ebe1be8b5ad1c6b0c,0,0,8.827858e-05
b25340457e106d258e7e10b7aa2adb56,1,1,0.8009511
16e6be15458a1d2c5a7a03dbb60cc9f0,0,0,8.753772e-05
5410264eb55a73a2e0b8d520677f1dcc,1,1,0.9999566
429e586a165c7f0d13f197945d2c2db8,1,1,0.9558141
b10142cc71d73d8e882890488fe13443,1,0,0.28172505
e09bf699be77da52bd43ffb854606669,1,1,0.8051597
eb70415eb09b644e9e22f6f319b3b75a,0,0,8.821581e-05
48569387faf185de643db4575bd3c1bf,0,0,0.00010650116
8f2a3f3830d80be1eaa9437b7e8abee6,1,1,0.9999548
b59ba6a0918f25efab1877eb5ae83659,0,0,0.17108287
081b7ec7e5606e00ecb127c59eda7282,1,1,0.9999567
0025510e3735f7780a5f8326b0ab16d7,0,0,8.9829286e-05
93d7580b3dacb04113dc6fb3f6c9ea2b,0,0,8.851123e-05
6d91a410aed7b04f223573a597b8f288,1,1,0.9997862
0a25cc3f2a24a98426c2b987423768c0,0,0,8.8729095e-05
46d760a23ae818a4d01c9ef2c1aea161,1,1,0.9999267
d7f4c93be934c1e9c192cfd719599f0f,0,0,0.00013283442
173c80c79ca510bb03009a144b72b07f,0,0,9.709115e-05
518778d6a1b2f0a37c627a30260bf908,1,0,0.24370167
df4e14c96f28e03b6ad33a3e1022e104,0,0,0.00010252643
07a629581194654c89bdbfcc7d243f7c,0,0,8.9485504e-05
53694ee993257802376deaca867ab934,0,0,9.7423734e-05
ee96ecb26b843b76605964f068c89580,1,1,0.99995625
0f68bcca810490b0d20b79c8d8f51fd1,0,0,9.04222e-05
1fd9edcdc098c4bc9439fa8c2b1d9687,1,1,0.99995494
91e668f2df7c09823e9b863fcec1e73a,1,0,0.2883668
b4b285d55a64f17d16d880b0cb083f9e,1,1,0.99994516
c1624e94d1bbe34e7f27910d02774f23,0,0,8.854584e-05
14f589f73da7393900347208e746bf50,0,0,8.908841e-05
f3b0861a8d89d60003608d8fce3755bd,1,1,0.9999485
3d8f720c6d6cb4c1a301c8060544e122,0,0,8.8749395e-05
820a8a4e815ce2ef121d3c2ebb100c3d,1,1,0.999954
0c7e936539f334f254f9a38322e87a14,0,0,0.000115131916
7328f5a3e19b228d9d19a30587dd65a1,0,0,0.00012108865
cc929efdb6862951a0816d9bd0be2963,0,0,0.00011050997
dfd497cc1d1793607e8d4315812fd6c8,0,0,8.852237e-05
7b70393f51c7c29d56c4a11728beb4ae,1,0,0.21482956
1eac5d65187a98a39f3215cc5a1a7d41,0,0,8.9852416e-05
d76761ed26102faa4301ee133d709074,1,1,0.8976014
b815e462794cd8d3ad16ff2d3a9b1414,0,0,9.639326e-05
057f0dcaac6384f82f105c78395ed00a,1,1,0.9999572
66a9e7ef3ae78fc73c8a23ffb7146433,1,1,0.9999565
ae5bc0851e12bf066314f2bcf70290ac,0,0,8.979529e-05
2f0cab57e40c93e085e5ad9385b8a5d6,1,1,0.9659909
39f6a4ff5199e9d8266156ff5cb5c7aa,1,0,0.4802801
03134a42895a8afce620a61c6cf392be,1,1,0.59818363
70d4e642f1d300db09185731743172ce,0,0,8.6582426e-05
701c5f01496e5737112712d40b19faf2,1,1,0.99995375
b7e27be1818a22395d2567bcb68dacdd,1,1,0.99995625
fb07577f4ab9c1b33276678f68d1948f,1,1,0.9999511
386c2e086ff4a8f9cd6c89cdf45bfa4b,0,0,9.51409e-05
02a719e69720c4100f8c5bc1a4f33a23,0,0,9.033136e-05
ff79bfdf7985ea695adacf9ab6d36335,1,1,0.9954346
9826287b4c2f985337ff8ec68acfd779,1,1,0.99989724
9ff0f36e2bacfff0ac3fcee6955a70ac,1,1,0.9998423
fec7f40ffa5fd2a56e87baf7c5131be1,1,1,0.7584829
c9640c0ffd4d65e8b8561256663a6260,1,1,0.85552603
021adf979cacc17ea435594485930f3a,1,1,0.9999347
436859b0efef68b1e5d2df02c6e9fff7,0,0,0.00016894957
168407d634c2df10cf4fa69f1d84e046,1,1,0.9999224
40d404ed4ceef78b1b1c0958f69cf913,0,0,0.00010120499
0d5a1ed4d0823ec3d1174d089147cf42,1,1,0.99994826
73f4e4e469c0b36a1586f54759a41081,1,0,0.46710736
0abfbd9c80a06ddc46ff1194dd98ded0,0,0,0.00017112828
ba73245488e1082317873b19f073fb9c,0,0,9.604763e-05
1140579aa1c01a2eb266ec24a1b041e8,0,0,8.756977e-05
acf8aae2931fc66d7dd32b36f12fc530,1,1,0.99995625
c54632065180d1685edbe4def984a6fb,1,1,0.57042325
62493546b4e1fd7f5c14605ce14e3043,1,1,0.9999565
164f50d11427fe37245b3a91aeb0142f,1,1,0.9999459
0a5ca13ade471a72ed1529ac9446f837,0,0,0.00010685486
eb7b6d7026fcfa7fa90db6773f1f12e1,0,0,9.7776276e-05
ea5f0b2b7bca98ebc2844227c7c763b6,1,1,0.9999466
729d5ca5293860cc38b22ccfa8f4a6e0,1,1,0.9999484
b5e6b9a61599d4b1d06668ee3c6c57ac,0,0,8.9842564e-05
6d50514f124ae8c31dcb02cb51279418,0,0,0.00012152786
bfc2d3165dec35a9b1a4228c27731a07,0,0,9.3005874e-05
87882c1681b40f44d0eff0d57c8e5d7a,0,0,9.2946466e-05
fc803e2cc71a993dfba1eb7a415c1dd0,0,0,0.00012992127
fec206ca711cd4a44439c63f88045f3c,1,1,0.9999546
22cd4f56c2a93bed216db5e74a9f7e29,1,1,0.5770039
5b28c225494fc913080ee36cc73c8404,1,1,0.99995613
8d9575aae82f70cfed360d66cfe0524b,0,0,0.00010502329
6aa22481e78e6df50d7f60870b26e3dc,1,1,0.999944
9cb930208581ff884b32cc690650ad39,0,0,8.666965e-05
fe805668e55602171bc732a8f4e69af8,1,0,0.30445242
9c1b849f60f922990112ccefc1f0121e,0,0,9.3259696e-05
c94b693069bc30af08937a73355180f5,1,1,0.9999466
714524134fec0baff3c5940e7f9f91b4,1,1,0.99995697
8558ce5ba2329f842c9c1ee0509e7b40,1,1,0.99975497
d9560764132b581943aa08831ad8025c,1,1,0.99994385
785cf7e31b06a7411bb9c4ff90c7ee07,0,0,8.646567e-05
cda695424fab3dc6664a3f161695db9d,0,0,0.00011324539
8bb01208725e77d4bd4231d54250cd7f,1,1,0.999866
2487db685217f0f99999c377e3d71d41,1,1,0.9999558
ad13e0ab52b1bf4032ccf550266316ef,1,1,0.9999534
b3e801f558bcdcc7b81384a6a1ba8455,0,0,0.00011393384
13b9131449135bfbb327d6404e07016a,1,0,0.29680747
3f0e8c46b36501a92f1a20ea015ae028,0,0,8.7779634e-05
3f3454ef2c825fd912c3fc430400cd8b,1,1,0.999951
032be1367eb13385e9f6de6ac9856e5d,1,1,0.9999527
ab71859540b2fdc84972b08dbaea53ea,0,0,0.00013161948
b0b6c2f8bc47ab18d8c68ef2ee215e64,0,0,9.0408066e-05
6d15fa51e203131fb320bb25a148012a,0,0,8.817771e-05
077fba354f122ec55e43e3b4df66624f,0,0,0.00010834742
027f2d31fdbbc5682a29551eea7b0cc0,1,1,0.9999225
8a386c7d55e3bcfbe8ea7a112017e9d3,1,1,0.6960064
46ddc06fa43d3fd139577125a5f05fa9,1,1,0.9999554
61401915e77641eae06852d27a2271b5,1,1,0.9999485
f14606ee7c17b42d80e6052afe158141,1,1,0.99994445
ff9aa983bcf3e8efe89a73b5f4242e57,1,1,0.9999448
133d8e6ad8047dad973d9a838341faaa,1,0,0.33234257
840f2658f02b9c53e341d79b212fcf6d,1,0,0.3001442
ec6362ad40b1e91a0a72f39c8f14a830,0,0,9.049976e-05
467d909d6d6301fec288353b8603ed2a,1,0,0.22617532
e463f6c59a8a5fd1d72edfa82c9bb2f0,1,0,0.22975202
d5d096fa71c23eeeabab916a1b33b8ea,1,1,0.9999478
ebf4216d9bec0b4d8fcf30a3211c5196,1,1,0.9822136
6cea735d28f8b26a3077fc8ffc6620bb,1,1,0.68054235
a17d772f10da48ca1226b993a959f390,0,0,9.894551e-05
16cfc9c26c9557c3e70a1dfd18bcb6c7,0,0,9.65748e-05
7b86249072a357c6c540c2f037085d93,0,0,0.0006671199
f4b44cdac1a9a61b286d9974e493a6f2,1,1,0.9999567
d6d80e65278c6ff19ea7164ea58816cd,1,1,0.999951
fa5f84383b199ebb6c65ef69dddf97f0,1,1,0.9999099
3d8d35db5c67155cdb6e35bbf683530e,0,0,0.00010681421
f131c322a6aa1d982d29891af333af00,0,0,8.801483e-05
0f44d4e0ac7118b39414143f974ff2a7,1,0,0.22322041
9887c9270614903be52b4bb3acde980c,1,1,0.99995637
93ab8865f3bb0edd5bdcb2135d02cc43,1,1,0.99698716
57b05900ce712f18c1f24719449ac1eb,1,1,0.9946196
80ab57b824758f2a1e0a80ca0fede5fc,0,0,8.657045e-05
d6b30ecd6fb79ba56a8baa1d4bb9cd9e,0,0,9.565715e-05
ae1d11165c8524322e4987317ed6fd88,1,1,0.99978584
b77a017f29eedf14a0d0b852e6e480b2,0,0,9.1688154e-05
77a9562bcae91d193ff86bb2a4087c30,0,0,0.00011218103
93ac906c251c9f85dc3344443de84690,1,1,0.99995697
c748ef43efd97029b7af9000567b2f52,0,0,8.748765e-05
5ed7e1453e5ed6046c275439b55d2adb,1,1,0.99995124
5a94d33917a4064bfe6e72628272b478,0,0,0.00018345227
e0c9afa0668a77f7e7e927f4812d4861,0,0,0.00010616663
50dd0732d5118550fcafff9fa75fcf82,1,0,0.101486005
b687fbb84eae4294302c6f69e38e7def,0,0,8.7154076e-05
dd1af0eb06adeae732123507b15deb2d,1,1,0.99990785
42a29fad1045cdd0dd7b7638f5fe836e,1,0,0.3684144
c7474d9793f18c812b2d06dfc96860e4,0,0,0.00015602967
28fe3779f2326d74b434688773d8a125,1,1,0.9999509
c2f7b801008e62df1452e77b7aa295bd,1,1,0.99995553
754765ee5a39c714d14b270fc05b9413,1,1,0.999706
c41126c8207ac9d9c01f865779fee035,0,0,8.706952e-05
da3ef68f5f296747a363c420dc10d2c7,0,0,9.035929e-05
1d65fc37009b9d946d44bfd27db8661b,1,0,0.2249128
8fa3aeb504184a580d6ccde7680cce05,0,0,0.000116034804
bda73c8704709b888ee4de73c2ad9e29,1,0,0.1972551
bca50de5f97b098493d2dbe3ed78b6c5,1,1,0.99994767
83fa5abc4a807636504ec95d2684a09f,0,0,9.440129e-05
a14c184cf1b3667f9de2ae8751b915dd,1,1,0.9999461
cc549ecbcd967bebf6d7873ada9f3659,0,0,9.122385e-05
5de74869cf605bd77be3f5e2337e6d86,0,0,0.000119129414
34bb2df32cf53f71ace9f459d66a0597,0,0,9.806883e-05
5983a64c6e32ee2cc5435fd9cfaebe8e,1,1,0.9993399
43b792c0f386ed2305f1ee4436b30336,1,1,0.9999547
532ebeb62fb55330358cecc3660cea42,1,1,0.99994755
0ff3c4d2dc33d21994d57cb7d4de5778,1,1,0.5861249
a7a3a18e1e60c5602b1d7f7dc0281023,1,1,0.9999324
d730e024cd0edf443d96efecd90076d9,0,0,0.00010295023
96bf01c880ab17694e140cb066f89be4,0,0,0.00012814523
d658ce3b375278c5d28533e767f6e3a7,0,0,8.725411e-05
ca122029cd2c14aa2e9186927648cc4c,0,0,8.8214634e-05
a283c2c3ab509f29637c2e401b826f0b,1,1,0.99995685
3f6bc52f3bf3da2544df2fe0b4d936f9,1,0,0.38125223
3ae3cc8659c36f44fe5e3a0be8a98120,0,0,0.00010467146
9badbca5b2e21a727c333e4b3706d793,1,0,0.018769892
3c1d1565ff90808da7f4bba2dc69f7b9,1,1,0.9391336
1319ca05563c94bedaf3bb52f0691118,1,1,0.957395
20a065649ec7a2a37101ac702e58c7be,0,0,9.748598e-05
7f042e94dee1b0b27b4b7df5c27f95ca,0,0,9.174325e-05
857ba4a28c6acba7a0388b86415e79b0,0,0,8.733669e-05
0aa3c341bd927f645bade7c412fd5326,0,0,0.00017169182
5be0de9bc6e11c45606849ee6d1d53cb,0,0,9.6176125e-05
5a1a85df79444c99b370e8b104c4e46c,1,1,0.9998983
b8c8617a295fdec21374d15dc4ac5847,0,0,8.9122725e-05
d33b97afe0a86e365c468353620bb49f,0,0,0.0001936924
58885a35b1288bb5a79b9f6f3f79afbc,1,1,0.9999559
a83887b6dd120d91ba37a152eb7b2ec3,0,0,0.00011737858
9bd5758fc3949fed858479d867d377e1,0,0,0.00010018974
c74c59f02d982174a8c50c9f4be7ee0e,0,0,8.966292e-05
bfe93c1f2d02c9c5cc29a07d6bfcc0c1,0,0,0.006171597
28642c8a05a854ee146b8d77d6303548,0,0,0.00013025843
5265db6a5d1678193aa7668911662f1d,0,0,0.00012984783
2bb3b6b1a75872da25916917c01063c8,0,0,8.8748726e-05
3cbaeffe9fb753db5196a8e0ab3df870,0,0,0.00011256948
5acda03f762217454c4593d02d838332,0,0,0.00012793046
e59c2aa8c06ee0d592f44b8d0c915496,1,0,0.3072069
7c527c9deb4c8895be2cc021b76cee87,1,1,0.99995565
740c5e378c7c1d544c6d888732177231,0,0,8.787913e-05
384dd7f3974012f02a62bc9fa3ce146a,1,1,0.99995196
511a1bfead6094b145f37420dc927613,1,1,0.9999548
bd6ab42f449a377610405342eb9189fe,1,1,0.9961532
07c1cc5c5487e1839c32a4bd2ae2b449,1,0,0.23151664
f618ba62a0949039d51ce546c272a862,0,0,0.00010234864
3a7895a7c3767a2992979b0caf6ada6e,0,0,0.018639343
b5d9520d5050d3e3db50204f1b079acd,1,1,0.99972445
b261fb7f8ef09456b045d6d056f10969,1,1,0.99995553
9796cda01785317305e84556d29a9014,1,0,0.27722207
4f33a63815717fd48daebfe3d47cae4b,1,1,0.74280775
ca852c71d8d6635fe174321f2e5a90fc,1,1,0.999956
741fc8bf735c620a07bfce8c19ba0966,0,0,0.2530295
e13afcd2a0df49c1e729060938663e6d,1,1,0.99994874
c79716da6a0451cbf95f3968e98c52da,0,0,0.00011322898
edd81748d53877a14dabe3bb00d0651e,1,0,0.407415
ed44ef366ce946dfa79c864ae8d9207b,1,1,0.9999453
f74076b1bf72a961d83ade667fb7856f,1,1,0.9999467
2ed855ee7ddd5739d03b48aefa6a142b,0,0,0.00033910433
8e16713ae838adb2df6976e489b0ab91,0,0,0.00013919923
e8699bf568d1645e227738c35ac251c9,1,1,0.98837787
e2ff5edf92ea5817726255a4b30d0750,1,1,0.9999498
380d3cf518da4cc854566cb4f05273bf,0,0,8.786028e-05
c15062256bea7e4c48585a6f4a6df37c,1,1,0.65590715
06c44ce9325c69c824f88fb11b35623c,0,0,8.9135654e-05
ba54ab362108913fba4bc9fe3f156cc4,1,1,0.99995494
13bc084bce1d8ed26c694fcf6b5934f9,0,0,8.610709e-05
eb32d6160ce776c1c6b33d5fc058f1c3,0,0,0.0001279029
a054e417cab779cf903a9838dd85a146,1,1,0.9999285
8500feb741654935cd7442de5b4e443a,0,0,0.00016218492
cae8b5428b2407e2f06d63cc38a8593a,0,0,8.999812e-05
457c2fcedd2b826c56b6e0c9a6bcc328,1,1,0.9999449
cbd69398a724c40559eeb8797d0ff392,0,0,8.7953915e-05
aeda20a78f3b73073c1318f000530160,0,0,9.470109e-05
348b94261c3703b591152eccd1ca6599,0,0,8.992014e-05
b89ef6c03c3d74e854bae965b0734850,1,1,0.65619034
cbd9774c5dbb8f9349c73ca808b47528,0,0,0.00015199056
074f17e1a4c23c74d288831de21c9ec9,0,0,8.759517e-05
210d923b867b6e069e416c8d4a963a87,1,1,0.7077461
024e479e68f5133638d36ae3cc3a2975,1,1,0.9999058
bf5f263b9ccdcda8fb29bd3ad3514ce7,1,1,0.9999311
71fc24297a3cb2f4e726aaca189632fb,0,0,8.879698e-05
7ee56fde38a48a5e059ac94017e94e7e,0,0,9.160993e-05
db82d43fbc1cc3ec9a6fbbc1461c8efe,1,1,0.9999498
27308b381967950ee7e96306c4958a70,1,0,0.0005186816
c8bd0d499738c1634c56a986a4e63aa4,0,0,9.674116e-05
1b79e9eceeef6b1292d709957b33f79b,0,0,8.8439265e-05
d06091b4b41a66828ffc1e583ed066f9,0,0,8.8521694e-05
05684ceacf8e15fa5adbaae5c18e6dbf,0,0,0.12206492
6b027d60d10e87c4489d210eec6bffb8,0,0,8.921882e-05
cd074032e8c776f466d634a3e6dc4dfe,0,0,0.00010244062
174645d47c99d1bbb64467a9fca9fd4d,0,0,9.312542e-05
b7ca030a22794cc387a70cdd9e19a620,1,1,0.99994814
34841cc9d3a6f2330539eec4bd1a9bbd,0,0,9.004181e-05
526cd05f51608aabb81e1ff17334250b,1,1,0.9999548
2ea68c71b8ee44447562dd01ada23f7c,1,0,0.00011604652
b7a2734dd8028e957aa81bb8296be5a3,1,1,0.999902
d83da856b41285cb78054cac538c6ba2,0,0,8.92343e-05
3da8071907a3ae1e1ae9c85dc0b12805,1,1,0.9999554
2a5be653c828beaefd0d197def15ffc4,1,1,0.99994516
2df7aaebbff80672ecf3248b7e7b4bef,0,0,9.3281655e-05
d3962a5e234b8132d6e25ec0101ac367,0,0,9.677853e-05
85f65c4338b154ab32e5622700f52d38,0,0,9.128684e-05
cec957be71541da46f68c58f6679fa30,0,0,9.615577e-05
ab0144ff53002498897719b26ec1d7c7,0,0,9.356308e-05
9cd04d152dc8a99008f26991879a0c64,1,0,0.03712487
1e1ae2a9cecac4b244ed1aaf945ec74d,0,0,9.90077e-05
bff8b6a575ebd4e4aee9934ae62ba2a3,0,0,0.00013068218
02ada50db17583866d82d19a4f8f9ad4,0,0,0.000116022406
39c0c04294b0fab1e69c6c0919a9e106,1,1,0.99995565
5f86ea332d6ef90dd1b78c875b9b956c,1,1,0.9999218
ad4553e193d7c2c075d04277daceabd6,1,1,0.99994814
692012b28d3c04ff9a07ddaa8abc5639,1,0,0.23251481
8ba0ecc0e8a2510094d4ad2c97690db2,1,1,0.9999572
1152b69e53b8e970f64d28aecb46f9d0,1,1,0.99992585
3ca515f668a5dca3b6d50fda57704611,0,0,0.06944455
8df9dcec936cc592898c3a433509426a,1,0,0.40250164
0d4e4bb48997b6c00ff07943f03b9ca0,1,1,0.9999385
10ef3b24b6d25ef6ba7975f75401cd22,0,0,0.00011067869
9f264e1d22be5ba6613cdaaaa403346c,0,0,8.7881315e-05
57ac73f277d26b5db796cdc0b78df48f,1,1,0.99948275
30a8cd6b17828009d244fa49f3f3883d,1,1,0.9999485
34532f04a8a594ecea568d306363d9c9,1,1,0.99995375
d59539dbbfd3d6444151a03bd53feeb8,0,0,9.90707e-05
4a8ac01cfa8a8a514cb2484bd9c0a389,0,0,8.7124165e-05
4f89e95459cc080eb0ffbc16306f163b,1,0,0.38162675
5508b54ca6a02421c384d28a81318b59,0,0,8.926409e-05
82e9ecc29b6a0b94bb849f715ab24932,1,0,0.3146485
2c851cfcfad91e88cefdd69e5d3b2034,1,1,0.9999521
332d22f13971cc69ddf35910b5d95a50,1,1,0.9998913
25f84ca768a7395695cd1e7dfce283cf,1,1,0.9999553
24a3222deec5664e42bb9d252180d5ed,0,0,8.774331e-05
eadc5e226ac2ebf623608d466add0cb0,0,0,8.663585e-05
b8e84aec89bc2061d2ea04c70d2cfe1d,1,1,0.99992394
4bb78b8bac8a74e89045b95c38df7a64,0,0,8.77403e-05
e30167220c5c7995d60706546dc8cba2,1,1,0.99994874
29416a28beb8157e7c3d419467319f7c,0,0,0.00011718165
6d691be2f45eff588f3a9fd49aef9d02,1,1,0.6737743
b7900ecc2ad1e762416e4b33c69ec819,0,0,8.7586144e-05
010f1cc58c0ced1addfbbfed2876370a,0,0,9.554092e-05
d00a9b43013c7665e67d8593b6ea6131,0,0,0.00018013462
6cbe3174c5354b94d215b4d2a9091142,1,1,0.99995697
8ab47f57923d5175c2bd753d2f30c97d,1,1,0.88456047
bbee46d5cd3076bce8f93153e03e6a54,0,0,9.8989876e-05
aa7d3eb1a48108869f33862723502677,0,0,0.0001026959
0128f0f2feafde6f31f851e328c57bae,0,0,9.617924e-05
2b0eb03a3e73cbbcad326fd356957888,0,0,8.8414046e-05
c98dd986ceec3a9b068fe346814a5f8e,0,0,0.00014374741
50f2727d0b14a740eecd1a27a30cf874,0,0,0.00015800746
d9408f5a04593b393963fb89a9f2beb8,0,0,8.7906046e-05
02a9954025a5bb3bf8697ae90d2c9acb,0,0,8.631788e-05
f2fa40eabbfb16167992a76e1bab79a7,0,0,9.417984e-05
9dee16d70ed8f0a2c46b6df0d21df98b,1,1,0.9999547
a5fd776088431bce7beee71666bb646f,1,0,0.06315016
5745ce9c9cd79ca07d9cf28ea6ee131d,1,1,0.99995494
f58cde172471e404646f7ff7f070267f,0,0,9.002077e-05
617838247f81df0c07ffcc2802cf43a0,1,1,0.9999566
6b52bc2195b21ffdb6b98d6726b4a092,0,0,9.168028e-05
881be70f8417c58062166ed818e753a3,0,0,0.00010401059
9990ec560e36feed4966af5d02e1e4af,0,0,9.2022055e-05
493058e3bfcc2d200fe76bb104325373,1,1,0.99995613
e83b0864c28f0bfa95d27f893063f63c,0,0,9.33915e-05
57f86dd36664343ab6147c6c230bedf0,0,0,9.083323e-05
20e0be9f52381b457f9c46c2f9037555,1,1,0.9999559
3c0509352be5cfcc2cc076b3cf7d8a86,1,1,0.9999554
4da29511360d20d2ca3e14e52496970e,1,0,0.2706092
b422746757383a94b200441b9b5d07c0,1,1,0.9999484
b2d68bc248cce2cadd944b10fb50b246,1,1,0.9999099
20f779fdcfc7dd9b8dde427d4bbe1e34,1,0,0.0058307187
94d2fb1a33266a025d615a7b885fc1a1,1,1,0.9999474
deedc7dfaa82a1ef6c6ad5007119e0ec,1,1,0.9999443
d036a46e8a79bd0819e4b3ef78540a51,0,0,8.889102e-05
6f37e6fb174cb9caa1783ffd787f2da3,0,0,8.6926324e-05
23252ac38c0526ec6baf10a4f1cfcf8b,1,1,0.9999565
5215766998c4229eb0e661dd0accbea0,1,1,0.9999553
9dd3e23d99417d96322835007934a9c9,1,1,0.9977076
aa043256c9b4aed3f650b03b06250d91,1,1,0.99995613
796dc03741584830493c010188490835,1,0,0.31988072
58ba90838294b1ff547c1a7787a847c0,0,0,0.00012542431
933107667f2acecdc08180cc60b5609a,1,1,0.9999546
563f9dc4e2a5475e006ead70338340e0,0,0,0.00011494982
cb1e8ee2147ab50181f4140e828396ab,1,1,0.99994457
34f5b550104aa76908998849363f2ecc,1,1,0.99995565
54ca6853ac6e78fc374bee54e0b6cdb2,0,0,0.00011333981
ef00377aacfc763b0f3102e4cabebd83,1,1,0.9999566
56779d0d960c11b6eac5be4dd38d09d1,1,1,0.99995613
aa2c5da88a2bff470fa1e54186992052,1,1,0.99995637
ac0b45c70572413cf59599dd9ddd93dc,1,0,0.2710484
3b264d3fe35aaaaea8f523ff83081e3c,1,1,0.7739333
28013c0ac0ff80786bf4bde6437c0e0d,0,0,8.925898e-05
f7d5c2e249783c33861a115a34ff268e,0,0,0.00015568829
7d97ca55f726b7c70e52f25fd57fe950,0,0,8.702319e-05
6210053f00c896eb7980004cd5c3ce3c,0,0,8.87985e-05
70a0e76d0a966ee87ce2e8bfb3cdbd4b,1,1,0.9999105
35951052bc234c03e435947e596f6b4f,1,1,0.99995613
1d6383cc1943146bb8ccd5a23cf0f63a,1,1,0.9998672
0633f3f5e140cb5fce91055a8ed1938a,0,0,9.188193e-05
9b634c92be60d825a4889d9803cc1a12,0,0,9.016923e-05
b1033b35882874cd5c024bd21967d2fe,0,0,0.000125028
76ab7bdde04924983636c87f15b9a915,0,0,0.00011219815
15e56e3c834a28304be8379fe7382378,1,1,0.9999298
0d8f12a703d461bcdbed29081591faf7,1,1,0.9999547
fa7a38a6e33f1e792b839752f41be791,0,0,8.80751e-05
d35af2fe436e7579ae270a6c24d6e56e,1,1,0.99994195
520f0463cf977b7320c99143be14fdf8,1,1,0.999954
18dda39231b8ed769ecaf48b7e422512,1,1,0.99964833
6293e4d6daa47833f265ef5435fb611d,0,0,0.00014790501
083fa3abad91d58d6ff21cf27d8c148b,0,0,0.000111933674
e6bd4666b55abd30fa8a1b1a651bb114,1,1,0.9999548
87da6a7ccbc116f9e0b4914fdf6c8a2e,0,0,0.00012047753
4998afd96df6282a36c4f60f948cefe1,0,0,9.586645e-05
787df9b30e4dac991c21e310af439ca0,1,0,0.053667568
c3184fe6d283347a77192b2339fa4252,0,0,0.00010300562
470cb9806813c4bc6791e354e4860973,1,1,0.9999559
a8ab52f45f6f7c8e7ed5745a5620f699,0,0,0.00015842744
9d369f8271fe59e00c3bf045be9db266,1,1,0.99995553
6adf951e475c9b881a1970e852d9d645,0,0,8.902182e-05
5b027de96c6e41e8d007db3237172230,1,1,0.99995553
22012b5a6960f73c8c7c59bda082ab43,1,1,0.999954
d50556fd881966023e95063651e720d1,1,1,0.78998834
41c09bd44aeba29b6f17a8d36ac7e06a,1,1,0.9999044
511e5af70e2300d7ab069b1331c9b861,0,0,8.778147e-05
98a179fb938097f9ed860c6ea4e1fd0f,0,0,0.00010338941
80480a54c1f9770362bab174b63a8458,0,0,8.657788e-05
ad280c89838fc63706421c26ba4d1fa2,0,0,8.7939065e-05
e9b78d4456baa3f7dc4d7f1221ae562d,0,0,0.00010396618
7a4d1a95b722427fa9c7c092a753e7ac,1,0,0.21089518
f36248793dda1015704395c3cc32815b,0,0,0.00010390968
e496b6e515f5dfb654226b29927fe76f,0,0,8.978468e-05
e7cf32f79d74ff0a9506c4923803f752,1,1,0.9999565
76500b5366fea456c838deebface4129,1,0,0.21278058
f0cc28d853365ac7085b9c42d5274846,0,0,8.608032e-05
dedda7cc478d7ed5d51a51c84e76751b,1,0,0.11477035
929bc2c5cc04f278d0737ea14cd19a0c,1,0,0.12488919
f5e70928dcbc8532e57a3ef2e87705db,0,0,8.736326e-05
992bf1ddd2b4072932b922b9fa78f3f4,0,0,9.212223e-05
47eca43519beb86e922b7bb3be17d37f,1,1,0.99995565
fe6a7dd2108e8daf130ef55595be7252,1,1,0.9999567
3b4851b356f1030b633c253881fb649b,0,0,9.072156e-05
37f42e2bdd5beecaf166404f11b8402f,0,0,8.9755915e-05
7bdb6f52b19cee1f564afb004b8e3288,1,1,0.99994946
3872cc604dbecf9b18930024e25f64b3,1,1,0.9999471
16273375475af41391583100c8150ecd,1,0,0.32128868
7f6ba134372bc6a690fe8b0353d8223d,1,0,0.38192356
499d89f28e82c0321fcdff143a0ff619,0,0,8.8230285e-05
42abda6c5259a8a82818acde5198d9df,0,0,9.085212e-05
9744605b8c3c09016d685780642e2ab3,1,1,0.9999553
ee01f7dcbf8ac95bf203350c9c876750,0,0,8.6914224e-05
6cd5f9a901a7457d08d7f1208b08d5c5,1,0,0.3039492
3953db16ff9542eab7491e31fc5e9f16,1,1,0.99994695
609670db65c63ba458fea178b87a4b48,1,0,0.20776588
90738b9c146c76b63efdd84acbe2e443,0,0,8.738935e-05
a98e69ff4e0cb7f65c8955121f30be7d,1,1,0.99994326
3de29752d8ddd4a3e4af39d0757ca2f3,1,1,0.999956
cfd34d795ea0df80b2029367961bccc7,0,0,9.701488e-05
54dadd55a264777fc99b9415fb5d21a1,0,0,8.912366e-05
e611d1578ce8ed90c15cb23d943b7175,0,0,8.930666e-05
2277e7b4bc4bfb9a156380384360b2fc,1,1,0.9858943
ca404309c6ec07ae27c0e6baa4e9e516,1,1,0.9999528
9e44f8e73cd5a82fb5b65d133b857cd1,0,0,9.713995e-05
b32bf8d971b39285af0abc5450c930f2,1,1,0.61223364
1c27ced2b955652ff995842eb5596734,0,0,0.06944455
1acc833c3d7467c4edccc1a79193f93b,1,1,0.94497573
066b62f441f718c9b238259736949467,0,0,0.00015831496
b5a8c66bd84ce9f93c4a6bae6475130f,0,0,0.00013973171
2fb1cab874087f6f9b2f8afd7fd6bb84,0,0,9.344459e-05
17edf3c7cb840e6b23c580120c946be2,1,0,0.106219865
864b30b2fdd3e64dac0721fea6be5037,1,1,0.99993694
7e509394c479f4935bcd86bf100795d0,1,1,0.99993134
7e34cbd0f89e121cc4f19fd3a99a8df8,0,0,8.8393645e-05
a2be51c35d4e80bd8114fbd5b18683d6,0,0,0.00011840517
7a6591a3d0f51ad27368b3eaf8a835d2,0,0,9.1406524e-05
2ecda1b8122937f97779f8b884d65317,0,0,0.00011855372
58f6db4d6dac54ba290624e0ce7dace2,0,0,9.1339614e-05
fb40f576e5386d890948e561a8b3c13e,1,0,0.31075323
d973c45bbaef4a8e379b073cef18ed1b,0,0,8.726218e-05
94c85b4b899f8ed4899bcee0b15d17e4,1,1,0.99995685
247ff724366c3ab43b9a8ccb8ba13002,1,1,0.9999566
a8e3c92a89447bd1e02f54d4834c2dca,1,1,0.99994624
044afa799cf607a505013feadec8078a,1,1,0.9752573
dd2528aadfcee1ccf27bdfd2d4b07ecb,0,0,0.000107520034
251da80982729cabacdf2423afc2b0b0,0,0,0.00017032183
e1add43226eb1d77e1ac09b37f9deccb,1,1,0.9999558
94381cebd71452b169062c904590a86b,0,0,8.7336935e-05
6ef0b8acb2699ea78da2de433904a97b,0,0,0.00015791708
9d2f5f97071a87dc800150c66676274b,0,0,0.00013330531
94d79d12741f37e331530cb5986caf34,0,0,9.2688286e-05
cd3808c39bf0ed2ebe35bac4d434b3b2,1,1,0.9999552
9748f1968875cbe01e694b4a262662ce,0,0,8.650558e-05
37c83798f3dbea8444418b0b6308d2a9,0,0,8.980831e-05
132c0876538fab76650298477c15362c,1,1,0.99994874
d0eb799070ab620005622d81d0fc8dd9,0,0,8.708279e-05
1d77b7751a20cae1270e4e6b34f6ac8d,0,0,0.000100145626
5874804f4eb76bd3524c5d955fe9b968,1,0,0.2446027
224877bdd2c58c98e08cbe3f9f59a761,0,0,0.00011607442
b6373253c759f59699e9a52a6433086a,1,1,0.9999472
96d905c7da93bbb4de0f421ae243f71c,1,1,0.53511083
cbe59c4c5453c3178897a1ca3acdcc4d,1,1,0.999956
5b814330ddf41d5ae7aaaa14af2a591a,1,1,0.9999459
e2fa3751d99dfd8a79f3c693194197e0,1,1,0.8703525
683fd74fe5e35d1edfde293e8a0cb8f2,0,0,0.00010322173
24f37134c35e03e4cf6744752d61c4b4,1,1,0.9999473
434a0e83755c433f0e28cb3efe7013e2,1,0,0.49387178
796998a409234926a0eb4add64c90090,0,0,8.9159366e-05
617a9e36bfc37e41e29652d92e5dc33d,1,1,0.99994695
9b485fc1e10bea823a9b35c65d7a76d6,1,1,0.9999504
f28afc2c39066d824ab1bf1d0cfeb763,0,0,0.00011235906
a225de36dab16ecca762b822ea70caff,0,0,0.00012387038
e957de06343a01f8263222f43dbee967,1,1,0.98917294
42ff38e794c57b6c12bc59062d3ec2f1,0,0,9.4891824e-05
0c321a6564dd8b3ca034573e75820461,1,1,0.9999435
de044933ecfe48eea67d711b2466d064,1,1,0.99995506
d0a935bebf88fd1b7b8e867cdae7f4ad,0,0,0.00012105182
73d0844fb8fa3480f2501ba155cec2b9,0,0,9.27677e-05
a87427c5d9e421fdfc035cbe7b8e4782,0,0,0.000108565335
e1cc79d6a30d0fed6822406553b10ca8,0,0,0.000105234714
129e776dbeaa4579e8b7461397446c80,1,1,0.9999559
9d2a105b34cbea0a0826273b7e3543fd,1,1,0.99995494
977faf861caa1f950bdc4400fcce8673,0,0,0.0001221684
760abeb583c65ed87112860befb485cf,0,0,8.685043e-05
91dad38c3216acfc48d1eca0199d1bfd,1,1,0.99995625
7f77378deeee3148f3d8e4ae18850e8b,0,0,8.8429064e-05
1f0c11970fb6952f217c6c171ea6e101,0,0,9.087274e-05
b7f196270b0a98f037ddb98a7dfb869d,1,1,0.99987364
a8c79835a3abf70bc49c473522e9fdd8,0,0,0.00013588465
3ea78799026ff391b0fd57de52a6bada,0,0,0.00012367338
50cedc3e04c1ade9c08066ed534b61fe,0,0,8.789154e-05
09009f5f3489831258a0100818914368,1,1,0.99995124
13b7934ba66b5adb115ea9404fecd79b,1,1,0.99994385
e6e49f460929bdad0859fb9565105402,1,1,0.99985397
b57c652b321bf37eeab815ea946be415,0,0,8.735343e-05
f1cee6c0719f425e56ec8243f93ced92,0,0,9.106705e-05
69f1401b01bfdb46debfb63b1ee4d68d,1,1,0.99995553
36f1f4bd0300c14421758076dbc3cb17,0,0,8.692317e-05
46fcd660342a82bd2b32ce640b988c96,0,0,0.000106800864
3e49578f0daf1a769e490ff9192265f1,0,0,0.00014004558
baf814237dec1adae80f14dee93d0b79,0,0,8.7719716e-05
f0e011e0ae623a77209308d1675129c2,1,1,0.9753465
57a00a7b2fbe1b3bd8c18a464242794c,1,1,0.99995375
691579bf3868cec0675799ceb6900548,1,1,0.9999287
f101d95fbf5276b5030efcdff61ddf09,1,1,0.9999509
125566be92cabeba9cabba3118f88418,1,1,0.999948
cebc4cffcf7bb93f0cedb00437e1b884,0,0,0.00016493486
80ad3f65b396e8e53c2ec04bd823fc1d,1,0,0.11941159
a6ad088f11c2688b92b3f13bfb135356,0,0,8.8857116e-05
f80be4892c439268108cefaf245d078e,1,1,0.9999559
be1e26be882060196a51d74db21d2cf4,1,1,0.99994457
c3a506f268d29905195ba3bdb0446623,1,1,0.9999516
3670a278b7a4aedaddda4b84384c6420,0,0,8.9163696e-05
5be72c4597e13d306b368df66480d4c4,1,1,0.9999552
48d7a84725c72ff64fb49f8755deb58b,0,0,0.00012073157
e071459c1ebdc51485e519762803788f,0,0,0.00010182841
09737f2500266629f913d237fa053b35,0,0,0.1120051
4815fbe32f0d5952fc9274a39732fcc7,1,0,0.1353261
03f9749fde9576df3df2532914fdcf00,1,1,0.99936575
cd755c718e39c0624fcdb9dda31ceeee,1,1,0.9919115
d38cb2d82fa9a3d58c3c96ba405fffe0,0,0,8.932592e-05
fbeaa5cd1cd1c5d77970ded9012f2e09,0,0,0.0001188928
2b93569bd1db376da557ced67921e700,1,1,0.9999565
62df949b03bd70ea82b01d3ae89970fd,1,1,0.99995077
c98da3e329fa9807b412bd4cf4c18170,1,1,0.9999336
8a4c236c1212e836aa281aeefac567f5,0,0,9.012488e-05
078563c7f80cfd0f42f27943d56295c0,0,0,0.00014873093
56c5573fb19dde4385d07edd3c522ed7,1,1,0.9999509
435840c52b05b60eb5b4b131a0710f50,0,0,9.035515e-05
cfa3351c544d39d85aa0c992f8a39b77,1,1,0.99995553
0b4d096073c9c2347893ee24e0327bbc,1,1,0.99995065
67d053c0c4fc285245fe6ee9cd70be57,0,0,8.879512e-05
ea942d42fea36b1a65eadddfe6ac9551,0,0,8.975292e-05
dbe70249900f530e45c75071722706dd,1,1,0.9999522
9a4802b461192648ac2a53ff46ea203a,0,0,8.792909e-05
dd4bfc42cb8b500377868772145b572f,0,0,8.993865e-05
bb4ac23087adb9122c30c5a00b75838f,1,1,0.9971739
24db01cc17c8098963a898e7a4774014,1,1,0.9999156
78a508555378a583568aa974a2512111,1,1,0.99995244
522de562e5309b92439c0ce5a0b50aa4,1,1,0.9998864
3af2d3cd4b8d5f8906135bcb3cc20f68,1,1,0.6885907
affa613c17438c5ba1f24b02d0f842e8,0,0,8.7895896e-05
9e5623f7142d353540c605575050a871,1,1,0.99994504
7e669fc5b496b2078e28c90eb1471e28,0,0,8.6448024e-05
7dc369143777ee8f6ee4f7ecae15620d,0,0,8.955603e-05
300e24c3313902dae82e185c53a6a2dd,0,0,0.00011995974
70f0473e95fb51f7550e62c83d4164a1,1,1,0.99995494
32ee114dc85efbe578d7f3a144932d98,0,0,0.00013058052
5396d7218ab892d1c68470d4d364fb4f,0,0,0.000102209764
ea01911abe0c1ad420794fb15d8076d1,0,0,0.0001541601
a7f0a59f30628797689aa22283225d91,1,1,0.99995553
5a0b01fec51d2aea20dcbb625b2f4d22,0,0,9.805629e-05
c20f097da20b8ba73162ea40014fe822,0,0,8.7855755e-05
c99d4469d16814b9ae0228acb15d876a,0,0,0.03422366
738dd6e6e94c2c91db8be9f8b89e71d3,1,1,0.9999465
6f77d55e4698c2cb8f2b55f35a28ed8d,1,1,0.9999516
42f07479b6e8cb0ef0301881b04acfb3,1,1,0.5450428
e50f73cf3b96d286f7a0dedee9cd0077,1,1,0.9999471
918feec589ebd26b4f8a6b7c55eb5d57,0,0,0.00013914869
3fb2d64d86ad313c76a62d399714b871,0,0,0.0001225814
4a848afd6b1478e81e0ef2c83a202ec0,0,0,0.00010952905
5b0caa2441c94e742305bccf42027693,0,0,9.451056e-05
4e494d5e4644658b8f865b2fb92b9cf4,0,0,9.5080584e-05
8966409ffd9f8bab924ed7fddc0518b0,0,0,8.790152e-05
87d5a563b5cb5ed5ae4b25c562fa5067,0,0,0.00014060046
d8cd4c410154792436f702f09a0fffb5,0,0,8.882375e-05
bbdb167a87bee2c07bfed43c2a5441f9,0,0,0.000115146526
f8247a6d7634ae5856f477624fa6203a,0,0,9.463212e-05
1f711f52a8125229c148b9e78af02d21,1,1,0.99995553
23e14389ce06971d385257a88f36c0d3,1,1,0.9999474
01302719756c3c1874f24234028fb479,0,0,0.00014321425
56290f5bb8a690f180a10d3e17718e1a,1,1,0.7065844
a4abd9d7082e8b60610acca73ff194ca,1,0,0.26693323
c07f84b8008990b6935749eaadd14a5f,0,0,0.0001419091
86e68808a532f1e8144dc9f7c6784f40,1,0,0.00011351633
b3b991108bcccef13acc0ebb7c02c371,1,1,0.78522325
d7c4be86393d74c00342caa371f98433,0,0,0.00010250375
afb94eee65adf3c7c287d60eb99061a0,1,1,0.9943657
6f1de387f3fb5ee5e429538c2db10365,0,0,8.911763e-05
b853cc2a37bf5fa2913027baa6223369,1,1,0.9999498
d734d0ec23caeae7aca0c00a5b1a35a9,0,0,8.645446e-05
abc6e446155c6409c06fd632ef4cdaa6,1,0,0.00014560424
9d9d938ae2678da13732b25afc08161d,0,0,0.000704358
2d1748ba2042b965bc6ec4316fe73176,1,1,0.5993084
9571e792d84c5c02aee93e6a85a902d5,0,0,0.00010848607
5ce9f826b25a7f52dde05072fa940e9d,0,0,8.975934e-05
0782ae9dab6e14007360aefdc9d5f48b,1,1,0.9998191
91a68a55eac49f171510079ff25efb7b,0,0,9.992355e-05
1a395853d3821ea99db14e0dcb31c044,0,0,9.585841e-05
923ea17cc9730bacaf6348f821c37fc6,1,1,0.99994767
10349ed114eaf6ef3c9c42ddd4cf30b3,0,0,9.5821124e-05
68ec19a4d4b1ad9a5424424ec6b10c0c,1,1,0.67628974
73c1111ffcdcdbe0043aad21277ab264,0,0,9.121689e-05
07e51688b9e07b27ffe7165e5fb20020,1,1,0.99995625
53e0348926f5cb42a19deec812255519,1,1,0.999946
5aba0ad571aee4c8457f8ad2c4dd3399,0,0,8.884052e-05
9220dd5c8e18c03eed7e62c04102ddc5,0,0,0.00010060323
dd81735b34b960a083b4863dab663f5a,1,0,0.034607466
52e7f38cddc9a6b63dece23454572bbd,1,1,0.9956696
9460d2d350abb269d883efed1df270da,0,0,9.991079e-05
353764ebfae76d6952ac900027dee121,1,0,0.4867118
065f4a033377d64094dac254de82d616,0,0,9.351919e-05
9e25210e50e11fca92efcec774d55908,1,0,0.36287662
a8aae5601db36ba3b9b5020080d92784,1,1,0.99954885
4c9e11f7cb29001dc096fa10a3991c60,1,1,0.9999553
56faf005b3f509e50fba5d9079a95a78,0,0,0.00010560505
d6c0078f743cfd95a7c41257ce022403,0,0,8.929218e-05
1bebe0a56584c1c9a8624530318291c2,0,0,8.720412e-05
a41b86afa3837659a396bacd89d9aa58,0,0,8.9855246e-05
bbac23e732c86d3d4c848a013fcc02bc,1,1,0.9959395
86397fe9a1d985cb7d87c027d8be1753,0,0,8.665792e-05
98594cf78cceac3033f8cc79458cf918,0,0,9.945557e-05
b29111c951a7824fc6ec92ae4dd5ffab,0,0,0.00011002502
474db7d5e19ab87625e7b8284a3bcd97,1,0,0.1496639
d50fdb964928251920b905a212d16b8b,1,1,0.9999558
c22a491f7d8f5f8fe2cadf66c59300da,0,0,0.00010211818
7f6b69067e4439a480ea17d19b59e01f,0,0,8.977346e-05
97a1afcd9978a8164318ac6a0ea29eb5,1,1,0.6518961
af1d613e00f52d01fc779a93056cb0a1,1,1,0.99994946
a5882c7ab05254f20ca2f7147d019718,0,0,0.00010697026
e9e4abda92ede7a549d4c3267756b45c,0,0,0.000116497235
9fecc79b170168ba6360df0c2d257ad7,0,0,0.000119682314
6ed03887cd4f8e0dec6584b5c79d3d73,1,1,0.9999449
cbfb4cca3c7ae6205521ad53bf599486,0,0,0.00014861242
36d32646250fe9a7749b099b04d4df63,0,0,8.752236e-05
e2733d51b96e6eb3094af305a372026e,1,1,0.99994266
ee3ff81cac548b695dfdb48b4c2cc762,0,0,8.7258195e-05
219a05264c14e65556ac530b4421e385,0,0,0.000111152745
00732ebe3dfc08b0b0a610976ed73d21,0,0,0.00015575317
917f8dde73150afeaef02a1fedae77a1,1,1,0.9999378
8bc9eb431ad8f1daaac1865a01c01d12,1,1,0.82649887
c139c8b38c8df8ad8d46b24e158edbea,0,0,8.913071e-05
d58844178234be2ac98d56f8edc49793,0,0,8.796884e-05
56cdb939c58af2e8f1a8a90099a13d05,0,0,9.036015e-05
71600a8179cf8ab5d580e90bb5269e00,0,0,0.00014940611
37518784ae1562f855ee320c57dfa5bb,1,0,0.11367972
eae42aceb8dc04e4626244ab2ff77646,1,0,0.19383806
69159d9061917024a35764d062e1e920,0,0,8.93674e-05
501f053c10ba5a4eff6165cd174c140c,1,1,0.9999553
112424844ef7690df083a9cc4f60b5f3,0,0,0.00013408372
2a142d79b827605086d0f4382eac580b,0,0,0.00011109351
61180f0e42a2930bff4a5776149297d0,1,1,0.9999486
c7892dfa315bff1795d3f8da23f4594b,0,0,0.00016293001
7baa82a5a5112f728619961127f2d152,0,0,8.7384265e-05
a876b2f2d34d864b75fc69f569810e1b,1,1,0.99979514
3babcb738d8327ecd9c0ebfcb20cae5a,1,1,0.99995625
7451629f53bce2fc6af4bbadce01940e,1,1,0.98666316
ead897e49799c6d761e2f2f08bf058b9,1,0,0.29346797
9895374515396c3fbbb102b8b30ed0f6,1,1,0.9999461
0e076d122ec25b78795369d1918b4602,1,1,0.9998419
172dad02fbc8ba84da4b7365012f63b6,0,0,9.7757445e-05
dcd1d5aad8b71cca6ba87e3c33244e61,0,0,8.64998e-05
a904a2da07a4d4637df2fd589bf5b7f1,1,1,0.9999114
abd0785f13cea4abf7413513c170a7b3,0,0,9.480265e-05
c7a771dc17b23ac07c8aeb8e5b340433,1,1,0.91210043
61f1ea9cd7a8c33beb019616cfae6b8f,0,0,0.0001620265
278d4661fc856d2d1a96953b233e8f50,1,1,0.9999572
25ddfceaad62c91f66fb115d2b8b88e0,1,1,0.99995553
7945743e587d3796ff82907834e76d33,0,0,0.0001311319
2e434d859715dfbb419d8a478b96deb7,1,0,0.37512106
e3398bbe1003f0b36aaf920e7b2a2434,0,0,9.545595e-05
705e5d428a59f571a9c0f4003f49d5b7,1,1,0.99980515
bdce2255ff9e10229d1ed9c59f701e48,0,0,0.00017831736
2550deace17f0ae9b0a35aa083dd223c,1,1,0.999956
0a6deaa8ddb2d9683ddb9309cb6b1576,0,0,8.778164e-05
af35ef25302e67e641e61271393dc3b0,0,0,9.82121e-05
82d84a3a9eacb61d4a85d877cd305955,0,0,8.738676e-05
4d54dd05921c25f2ddbe68ea1f69024f,1,0,0.0001137814
abf570e9f64f2bdc54bfed2dc08b5955,1,1,0.9999552
78230d9a79b6d230ecb72cc2d2ee12bd,0,0,0.00011880156
9768405d843660aec1fc1825a64d6976,1,1,0.9999547
15847b94bad201fa435733504bf35471,1,1,0.99994016
3b1740b65e6578678fa08b25e978b02b,1,0,0.12539674
d56c3eb1e4a6a7ab64a21acf1af2ff74,0,0,9.8575954e-05
804f812bf5f6bd5364a36beafbea421a,0,0,8.772373e-05
4a67142b42316f2dd89fdfaa7563fc2c,0,0,8.757161e-05
156640ebf0b5ccc8ad3084308988fb20,0,0,9.060831e-05
714b894c1f6af03003e96ad6c128c50c,1,1,0.99992955
a8f80510af8d743f5ead616936d24d64,1,1,0.9999225
f6d2dadf8899a1389f714893c16fcd64,1,1,0.9999547
e30f210b7746683831041238eab66c51,0,0,8.754774e-05
ca0dfeb65691ece9cda5b56263057838,1,1,0.99994564
f054de64e58e67c24e26aa6a74cc489d,1,1,0.9999566
6aa703ff3bd7d8406240576c9ff923f2,0,0,9.6461954e-05
572fe5cc4e86d10e983c0870a7337851,0,0,8.70803e-05
22f4d72cfbd48b2950dbb8ab9f87ed8d,0,0,8.761572e-05
2dd14314b8f087822068182b3fbe7d6d,1,1,0.96073186
c77156f88f5d1e52f3499357f59d3631,0,0,8.706844e-05
30d80d2284f43eac72da0ae763162a27,0,0,9.68016e-05
838563286d6e28ffc50ee99b34445e25,0,0,8.702585e-05
6d00cfd2aebb1de80a729dc142320546,0,0,8.931245e-05
7a032d1b74b27126f636cb8ae6c4e64f,1,1,0.9967986
50999bb796c104a9d5d0b05a85189e95,0,0,8.802288e-05
0f450aa9095392dd0d51ce5c3f33cb97,0,0,8.6764165e-05
bfb9f4c857f20ac3bfd5b3a9c71a20dd,1,1,0.9996991
6fb182f72907a2fafea5ece7946dc90e,1,1,0.9999552
c3700959d4dced6a4f1871b222f1c689,1,1,0.9999573
9b53ea154c22a7fc01721daef09acc83,1,1,0.9983359
b128b1316449a427919e2e5468131efd,1,1,0.9999175
4a89f00a33b1e85aa7190872434aecd7,1,1,0.9999559
e920b1f310b4b4923753bee4be1e3722,0,0,8.801693e-05
8d67f0ffee62faddfb81692bcb04055e,1,1,0.9999546
a238dc030e3269bd22a6042b3276e9ba,0,0,0.00011486895
9a76a321ebe9913609c06284ca238ccc,1,1,0.99995434
3e832e3b26ad73b57d69b859506f66ce,0,0,0.000101031816
2d9f98d5919151bcbd7c8552fb94d5ad,0,0,0.00010632743
c40987beaf2a95243afefb4313c2a845,0,0,0.00011824393
05694983a93420cf1278f6a09089225a,0,0,8.698221e-05
e8e373153c4de900008a61f8ea1df9b1,1,1,0.50020045
410298d4c4f61b7607e5a15a514fdf33,0,0,9.903641e-05
ffff735f4d0d2e9aec28198afff0ec56,1,1,0.9999559
57777790474547906f7179cda3f27a7e,0,0,8.7807086e-05
b4100f4c87ef3976d7c929d84ea93cd7,1,0,0.45436436
133821f0790a62de31447926ec722515,0,0,8.6928645e-05
d02f800e173fdf27d1a225ccaf3fde21,1,1,0.99994445
4d86bc6abf631b39bcb4f3398d70867e,1,0,0.22015068
8096e3df965073f5859e4e5e146e16d4,0,0,8.956961e-05
fe8bc698fd206baf6882208922e4ba8d,0,0,0.00046921443
017cbcc7dcbe02ae77e36c49a9617a67,0,0,9.093385e-05
22610e3e22c6a7e3f6df1d5e4b04d11e,1,1,0.9999471
e7191526da0006670a11dbe9c0b6d708,0,0,8.715814e-05
ba468a68a980f363a139d23262972f67,1,1,0.7286198
7edd32ffefb02a41f8958bd2ccb5b9ed,0,0,0.000101742895
f3eac4ebc3e1e94719888dae4f1d2507,1,1,0.99995685
648c2362e3b20d38ef84496e335abad0,1,1,0.9999474
69803fd731e02f5c25a58b23a4ae5b8c,1,1,0.9778677
9b65bf7d74d846155979abe6537cf538,0,0,8.839432e-05
c900329f6e3ff01bd4f81994c05139ee,1,1,0.9997002
2b8c3160300650a785fbcbf7d50fbaf1,1,1,0.996099
9c170cc96eac807688321627c0c42d37,1,1,0.9999441
3c15c319d73f5d349404927f2e34d778,0,0,0.00011095365
b790c502d885c09ea35f09c9629d466c,1,1,0.99995494
c2de16c93ab7d0e9efead5d799c9c22a,0,0,9.1492686e-05
2b0fb25bd629e6c7434c4e1ba90af649,1,1,0.9999547
f494c8584e14c0bd497adbdbdf1be196,0,0,9.027436e-05
3054b9368db1f957a456c1d865a1be14,0,0,9.1442795e-05
47820de16b489acf347d0e65bf7b7251,1,1,0.99995553
a00cd90363a261e2917af513170f87cb,0,0,0.000102927654
2ffd651a9a7ef6064c140bc1d5b1791e,0,0,8.869094e-05
b4329e37446d59b1c6b9c5161f2ef515,1,0,0.23383696
75f300c3fc73eb6c989f456ac1d6391f,0,0,9.961559e-05
e4fd34f5b8cade0443f5d861c172b831,1,1,0.99977356
1f0a3dc7abd68a778d6fdd34c68cb1ef,1,1,0.99995506
cf36edd49bd2d041c74c02e5aa59ba58,0,0,8.717087e-05
44c5161482421ed1120f0f8717cf31d6,0,0,8.6626926e-05
1549302d62c70d344881b262a25a1166,1,1,0.93366736
0e6f7abc09531b5254974c10fe785557,1,0,0.26911965
89d821c267a09b164e59d17d8bfc3aca,1,0,0.4395312
d612e0628ae8a4b100a1a3cbcb6d23b3,1,1,0.9999484
baa58ee79bbd7c0dfe8517be9792661b,0,0,8.965241e-05
4d3e9370594e44ed5844735bd0a4b8a1,1,1,0.99994624
985c15ce478529ffe1b3f09d066b3178,0,0,0.00012391408
a92ce05898dc6a90e9a0244667aacda1,0,0,8.816156e-05
ff67fc4c5e294cf670472d02f1930400,1,1,0.9999558
c660e527b862d84a5ee59164fea1e249,0,0,9.092994e-05
2c098a6ef8b7c093808651f53fb4daab,0,0,0.00013820177
7fa9bf286c058b90907a2112b360bcb7,1,0,0.2692806
21612e5a63c81a6cc304f018157dee12,1,1,0.99995625
0c0b53894d281f9f7787fa68e62d9df0,0,0,9.025233e-05
cbdac7af97830f30b4dfc0bf8e33dec0,0,0,8.991825e-05
5f1ec2c5e572ea18a181fdf32a884799,1,1,0.9991621
df9e8c74444df39d62cfae4613c012db,0,0,8.7889865e-05
a5ea1c8ec19c4e0860b48d2c18546c4a,0,0,0.012976285
ce150630aead4e984e512571bb7f45c2,0,0,8.798814e-05
46cceb28764257e9e5ec566395c766f3,1,1,0.9999392
595ffddeccbfc5f26ec65c758a0d9bf6,0,0,9.985307e-05
dce77e058058408d78ec456f4c8ca0e6,1,0,0.17638065
d510163392af08ebfa117bf3d2495e8e,1,0,0.27753273
d46b8275d029b9535a7561491a050ae4,1,0,0.07090094
7b5eb2bf1e502dfcbd68f62e98f6ae6c,1,0,0.39230803
1c9e95b673748394b926dbebd9f9515c,0,0,0.00012775882
7e555c23c37d002c1541d6ea36d01a13,1,1,0.99995434
1ad7a0f7a9c1e22f472bceec082f6136,0,0,8.7721804e-05
816d79c319bf0e7b8959c59268ca1cbc,1,1,0.99995637
c66dd53693bd077b9321d44e3087ff91,0,0,0.00011622882
0cd6a4e92b33264b42c946108d67dbd6,0,0,9.555422e-05
d9692894517dced4c97db4aeec91b725,1,1,0.9999558
b48d8a53725694623431a489ba3fb3c6,1,1,0.9999558
4a730d66fe9c16ed6b138fc7cab898a8,1,1,0.9999466
ab90b4c42668ad275c835d2c655ff6d3,0,0,8.725354e-05
bb0c9c9530dba4fa5251e936889962cf,0,0,8.813341e-05
408b57047b72e4021bd6bcea1347cbe4,0,0,9.015255e-05
567318f28e43fe4edf4aa6006354748d,0,0,0.00016846985
8d5e4d3ae8334c369f69cb70b363e4eb,1,1,0.9999534
8772cea5d28f390502fbb7f98a94ba47,1,1,0.999946
de9af7f473c0bb125d12bc337cd32952,0,0,0.00012566087
318c08976c0f51378ed8b10385ea60cc,1,1,0.9912916
6fb8ed004bbbba8d90beb7e5c9388195,0,0,8.708612e-05
b9babb0d6b25e932b0a9477e97aa0ec7,1,1,0.9999479
357697f4c463ee3463c52b9141ba95e5,0,0,0.00010512469
240801b801eec6aebb89a0f13320bbd6,1,1,0.9999554
dd8b104e759b77a11b26d4f51a325769,0,0,0.0001135514
169786c5dc791772d9b7c6baa4cfabdf,0,0,8.864046e-05
0338ef1e18440e8952a224dfc8ac6861,0,0,8.725935e-05
d126838d679d426b4740ac732799c716,0,0,0.000117012365
5b890a95e1a101a701411f00898cc110,1,0,0.16981022
12293b140a9e062665061fea75866bd7,1,1,0.9999559
446387afd7918c99ceda68aba6911c27,0,0,9.610756e-05
abff6d0263738abbd6f0439a5acbebcb,0,0,9.242633e-05
ea73eb34dc84e78a2092a7d225576a56,1,1,0.7117782
b4f198f84464a40842bdb275e8730e33,0,0,8.656846e-05
3f8c4f6d68b22487cc5f5acf827042df,0,0,9.786433e-05
841cb99f24f51477e4c5be7132dc5e45,0,0,9.8358316e-05
58760b1da001c9578582e0f2d25e8831,0,0,0.00012823091
3828717bd903a35e2a9aae88015bef0f,1,1,0.9999442
9d06407d5621665ec78b83ff7dac6e8f,0,0,8.8213965e-05
1f917b36e3a5846bc9cd68046274b090,0,0,8.699374e-05
00ad37daf0f5ec763bd587a5e193f64c,0,0,9.89941e-05
e6347700527664b7e8e4bc39fb8e6eb6,0,0,0.00011364718
86b19999355a6c3a18c4080a18bf8199,1,1,0.9999571
ba0a81928c2ac1b8361ab5dda066c862,1,1,0.99995494
fecf681bb636cb8c1553b5aa44dbdc2f,0,0,0.0001442534
8858406d8a9f984687e9249f853415eb,0,0,0.33251923
fcb66616abee081b4569c7a05ec5943d,1,1,0.97794956
87be4fe980352081c167d59436bc93d5,0,0,9.395236e-05
f91659c8cc5212580d13f52473a02430,0,0,9.557773e-05
5cabc34003fe9972ccffcea370bd8638,1,1,0.9522555
99fd50cf6bff53a6db7e7e75527ca0cd,0,0,8.7806424e-05
f43147ff7013afe091c689ecc9adce71,1,1,0.9999478
745ed960659e4cd510e774564eef87b0,1,1,0.9999517
0285cf57b27b5bde1a85ce99954b5fc7,1,1,0.97151166
6586ab868b23a31b0a93b274c593c775,1,1,0.99863285
7ecb715d09af745244f89f7f8614a775,0,0,8.83185e-05
ec75c5b3ab0f95f70471308bc75c4e2b,1,1,0.991532
3acd5bbbb2388525927a18885d7e7281,0,0,0.000116608266
fee6e8b8bceca1aa41495294510b8171,0,0,8.9368594e-05
37dafa86cf9ca70a6c82fc14a40bd6c9,0,0,8.966343e-05
6424e61fd446329e09e7f3c4ba6ddbdf,1,1,0.9999484
143e5c44f734ebfa71fe24cb6ad513ff,0,0,8.686508e-05
0b4944ef52aa853d3764fc668ae9e290,0,0,9.183069e-05
dde9ecb0ce56f240411b0efcd42c6d9b,1,1,0.6419883
efa2fa28e7060cfd9b19eb7a4d9aa388,0,0,0.00013069564
041c0fd81d8bf55e52177db0573b3834,0,0,0.00015221015
0415e06e95e089414acd4aa4089cf129,1,1,0.9999118
dbd5c7f283d5a7e75193ebe04c5fe234,0,0,8.732911e-05
4606f7caa3fd89684cc019ff0b0ac9f9,1,1,0.956281
fe9fbd9ca6c96ad48bdc77f725ccc36a,0,0,0.00011326959
6cf8411bd3b57b04e47e37b589d5737b,1,1,0.999956
2e480984592fe104ebb92ae54a22cdd9,0,0,0.00012822112
802b822f8bb2a49e63f41d50525dde28,1,1,0.86620474
c760e5f7eec18dd2fd8cd34753458506,0,0,8.680853e-05
08f70a987a368b520f253082f81512c9,0,0,9.470776e-05
ea557fdb448c346e21d0545c9be39d6d,0,0,0.00010371814
f1cc3b55ad581973e5c1d071fa5df68f,1,1,0.99995637
c4408a5510016ffc57cadf0c1b1b4bd7,1,1,0.52817327
9122538d6b79921cafd4d9ae29864c43,0,0,8.8551926e-05
f5226a7adc8ac93668f0df6222e1a4b8,0,0,0.00011054201
332ca08eb7bd69014857ad5475dd83f6,1,1,0.99994504
b7a3f4454fbd897ec0724df53be24b48,0,0,0.00023683185
a707c8747f3f1aad35bd52b9e7b82598,0,0,0.00012337482
2ab585eab0c983492f6dc9df7f217ac8,1,1,0.9999565
cc50d2f9c445c9da5ef92d80f785e1f6,1,1,0.99994206
f1eef142217fe6b13e466f8f918f86a6,1,1,0.85629725
183309dd78793211ef98ccaacd2a9294,0,0,8.7941335e-05
e34c47eb408ab989e9319d0dd07fd83b,1,1,0.7213651
78fc73d719f92e565c76976ff333c8c4,1,0,0.32265145
1f4346eabe1fea35dd050f0669d873e3,0,0,9.099482e-05
bccabae8228fcaa572b80311c697f024,1,1,0.9999552
02c33de9586e825fd6a83b46eee967c7,0,0,0.00010034436
db338a62c4dff3b18a0123a3ca3c55a9,0,0,8.7026514e-05
82db6b04ba004592d7d2a31fbf0a1001,1,1,0.99994683
b9331bf0b4c43497cda1c321551bbb3f,0,0,0.00015965338
4f0c7fe83ee0122263cebec8e106f5b7,1,1,0.7832818
4e08bac10c2e144982e7a446de05092a,1,1,0.99993014
998c295d152113b300866156e87db131,1,1,0.99995637
685931440fe3e6b4e73b0b990a6dcb67,0,0,9.955785e-05
77e8efabc11ced34ac8ac054f79530a1,1,1,0.99995494
83ef4cc454b9a29908d90c4bf35c486d,0,0,0.000107782005
118d94387b2e23c55c1dd49a0e804683,1,1,0.9999547
2449fdc8ef17e420e03e08d817592a3a,1,1,0.9999502
c826ced6949f8a194883b4dc2328c5e3,1,0,0.40545624
3abe47f044b677effb2d68309166bc15,0,0,0.00012802845
6ea0b340d1553ce0cc1fcd188642a8f5,1,1,0.99994886
941143790be0c50b321df46dde9e9b22,0,0,8.856628e-05
6f974d37517dad0ee5bd63130d934314,1,1,0.99994946
be6023901bb62352ccbe9bd1bbd23ac6,1,1,0.9999485
8131c416dee334d97392a0f519760c66,0,0,0.000109429355
b035e92f27be76cc93ea94c6abf1b64f,1,0,0.2964857
86459aaa8a2086d2de6ea3a8d0dc04fc,0,0,0.00012335717
216bd70e0b1cdefbf9ee58a4e31c66f9,1,1,0.9958539
220c2a5dcc9426887a062d313482455b,0,0,0.0001986712
9292a595f5a9899e265e006955e851c9,0,0,8.985739e-05
b0e42e94a774f177ce72ac138b334330,0,0,9.180381e-05
bd1ca73aa182ee9e20b623b3cd667e73,0,0,8.678204e-05
76e0514f278dfb49b84ce2beeb3c142e,1,1,0.9999043
2483f0ca223229bbc8a77f7dc6ba643d,1,1,0.9999366
063f1b550ffddadbb52000b83f85a163,1,1,0.99993646
2c5d591798939bd545b24bbbecfb3ae6,1,1,0.99994624
f03c4bbd61595b7fb1b796bc771effe9,0,0,0.00012455854
e816266af7c44eb9247e962ce226eb97,1,1,0.9998462
cf3d1ee7520e8d450a62e37d1941f0a2,0,0,9.8728175e-05
fdf6e2b08128860a84f97d00897a1032,0,0,8.6710745e-05
15f0f72ae280015b75fc2d5109474f2c,1,1,0.6492437
8502385fb5faa95a15d7f8bc6868c1c2,0,0,9.782177e-05
5f48ba141fa753977b1dbc5006e13cfd,0,0,0.000103169186
f7902b82aefe277a2e1bafa9a960ca03,1,0,0.4439226
6980b4ac5d6a6589ea4ad00a397eee01,0,0,8.956636e-05
401737c0d7e5a4ee95e9381cba38c1d0,0,0,8.819226e-05
390c051ba72bb57bb9ea748a15df491a,1,1,0.99736303
be056639cd13cb9a15ccb9c19ce8a857,0,0,9.421434e-05
0ba3cf86e8f0573dea94e307cfdd7441,0,0,0.000105148756
49d7db94baa35d61839c9a176b9f2a58,1,0,0.41742674
87b30a83e6bb690b0a9523886f548db5,1,0,0.28961253
e93f6be5531e287eb80a015d4882b9cf,1,1,0.99994934
7c23ad5ee6c62abb6b2231a3e8817c08,0,0,0.00010474954
8720382b0a141557b4cfac2f83a2c550,0,0,0.00010401813
42bbb8cf9b0290ae0d056c28cbb1c5fa,0,0,0.00010993924
b7e0e06aae74d2c09120e9eee543b8c7,1,1,0.79704404
87ee940e31a4a24f99ffa5f06f987c96,1,0,0.3435748
383dd126440050690db2777cffef7a5f,1,1,0.99660635
7cf3708cb1db09eaf6a1332e13f32dea,1,1,0.9998884
a635db01e070683df25144b6768d2d72,0,0,9.0203284e-05
c10f6d48378684eb26e9df03261b2a6b,1,0,0.21978197
a593c787f3fb6f8cc330704eace22807,0,0,0.00012431861
c9f53cd6587c4328c27d42191264af25,0,0,8.659225e-05
09339ad4c2f2afb8946f5516b3634bf3,1,1,0.7897249
44d8cb8f6043620979a2bfb34e18356a,0,0,0.00010835239
72cae76d86f78f99dac5181322703f81,1,0,0.24150535
60f82696078f733d037ee4358504e898,1,1,0.9999547
1c94dbeb831eacdf4c563860ee2cc909,1,1,0.99995565
604f8108fb75112da17eeca799141290,0,0,0.00012312001
e579809d265a7b6d2db4b08e1e994286,1,0,0.21275692
9ab177952e637de492d930a40b8a6fa7,1,1,0.58013207
4e5c8be1341dc912b7c895e57eac572b,0,0,0.000118039345
c476ab39662ddfdaa250fa54570bb234,0,0,0.00013269809
eab135dc38ba485533ae6e752c39afd7,0,0,0.000107314976
dbda0c735bded40cf08226f503640237,1,1,0.9999423
90b8dc60bd734f3b63930ddd186f9750,0,0,8.990968e-05
46c38f2cbdb158b66012770aa94b1152,1,1,0.9999572
c40490276fd89e9f8338c96c36e23a4f,1,1,0.9996251
b3b734a085f8f80efd4e7befde11a1ad,0,0,0.00017843083
48cf991630f8a94f96347e15eb540ef6,1,1,0.99995244
a3c085b732af2a40ae3ec607b1ac0869,1,1,0.9999554
e2a53be1f7f15045bb229f253d49b545,1,1,0.99995637
84f1095b7e4129e12b53bb0a865e51e4,0,0,0.00010030228
4a5e7f88c3366fe53b3c131a9633876f,0,0,9.676506e-05
c16d0b4bce4666fb840358610ca174df,1,1,0.99995506
e5d727334605cfd6c00b4703a76cde80,1,1,0.9999126
faa5e24ea708411601310781d2917f3c,1,1,0.84294057
da406236bbad809c7be45f94e82b903b,1,1,0.850897
7e8977db6eea531dee0a1d21ffb493bd,1,1,0.92726046
eb4be9ff733bdc867e83bd17a5068675,1,1,0.99995553
5843fa7842dc00fba990f5368af52061,1,1,0.99993217
d98163b446cda49b9087b7a745a1399a,1,1,0.9999546
2e70d0c2e285b403518e02599e20a993,0,0,0.0001144406
eda1c83d6ee880dab7ebc58e1f397e7d,0,0,0.00010729041
ebe0a387461b945e58ad434fa1dbce1f,0,0,9.104126e-05
c0c53d63994c4687bf287040658770ec,0,0,0.00010875662
ae450fd87f7d61456b0d541e05d641ca,0,0,8.804168e-05
c88968032ce44983e8d8ba1a34b8bee2,1,1,0.99995553
61dc2549ad5878ca839dd070d750d553,1,1,0.9999502
817eda8bed5493d5eb4ecc1aec6115e1,1,1,0.99995565
4b55f451a26323f7424eb183296659de,0,0,8.721892e-05
73e54622a14096e6b73fd7edb223142c,1,1,0.9999554
8d94f6f8434395f3679f35fd7c4a9e4e,1,1,0.99990666
1419d5d28ffb91bb0afcfd2cb6afda21,0,0,8.938931e-05
c471fcdf4ce0862ea14d7d947f425dfd,0,0,8.770106e-05
229f728806cf96a3187c94d4e8cdc3a8,1,1,0.9999505
9d89756642650771c36692cbce5f93a3,0,0,8.844307e-05
22dc2f430879541b19bb65475ab64e96,1,1,0.5802716
d23fcd552927219eb33b6c4771bb0727,0,0,8.702386e-05
65e69a71f70dcd38d73660f3d82ce9a6,0,0,9.278318e-05
d45d09586136ace7f4a0e299d30319c4,1,1,0.99995506
ac68fb4bdbe3dc1848a717a312c303be,0,0,8.7228735e-05
c92e0c9c326af371d9ae67177b07649c,1,1,0.99995685
2218704e1cb28ab4df50c681ee1e6f4b,1,1,0.9999448
e7400e3fa7727d8f9da42bdfe4b9edba,1,1,0.6613885
3aeb3498036e91677c2016c4d0e232f5,0,0,9.306674e-05
9c50f9fd3a65f66f9d8f2beb5be4a576,1,1,0.9999548
0643dadd82d270e2c7026365b0ae3eef,1,1,0.99995613
44daf55c09717f2d636d79409779b110,1,1,0.999948
d19d45c8d92c4675598ba67b52298827,0,0,0.000115933595
d953e39f862a6390ae1cc4ad6bb60658,1,1,0.9999486
2bc5b54d74f4bb4975ea6d086aeb201e,1,1,0.9999403
98ad7fa1120063fb527b0679cdedf1a1,1,0,0.33814678
aab1ed6f8877db632ca125e099073422,0,0,8.9470916e-05
25aaffd0e5556cef8ad5c89e28e0e44b,0,0,8.9359986e-05
ab98fcbc0ea24f341f687fb52308ac37,0,0,9.39108e-05
9e67933994d972d3ea7002312038c0b0,1,1,0.99995553
8fea4374288f81379bc9b4d6fc6039e9,0,0,0.00011248234
b09e745f172584433f8fc09adc2e4ab1,0,0,8.652827e-05
42d7aaa5eb656606dbaa16b455296a5c,0,0,9.34363e-05
ab198531cbdf300f2c2fbab27f6ead4b,1,1,0.997027
317d9d0f4de189a0911eea81ea530e59,0,0,8.812837e-05
f29da9b6c954bb739fd29e028204f767,1,1,0.9745025
c63cb06617a93af81d3ed26d0c20fc9d,1,1,0.9999292
3bd2cac337eaa90f75c6436972a439f7,1,1,0.9999552
4d3f240d080bce022f2ad3956668a8f6,0,0,0.00012764824
7d60cabfb123d989df7c5fd4876acc1b,0,0,8.811703e-05
1b2322d61fe5ae8b1532422461e5cc84,1,0,0.23070821
2143e2c6432c7858d051430fb550ccf3,0,0,0.00012218997
898bcf5292fe977be059e8e3074cc7de,1,1,0.999956
a03f3bd541ae3538d0b6c66a8996c7fe,1,1,0.99995446
aadcd17739f616e3978f2f88df5d3057,1,1,0.9999554
d504dcc48b7f6f1956cc1e8929c83eaa,1,1,0.9999428
0b159ee5883de34aeb71497813cdb73c,1,1,0.99995613
d340f533a160b52696887f92967ea0d8,1,0,0.20001778
35b2e6bb84b2d31e2bc24a263d53ed66,1,1,0.9999558
e3ebf639336d45004ca4879b7d8a0ad5,0,0,8.911159e-05
e2e25fee7bea3116a6aafeb747e2d105,0,0,0.00010902076
2ab9edba7adcaacf291ca6969ad37316,1,1,0.9999567
672b27a40849a2d10b62fe62b60420aa,1,0,0.3029849
2a01c5bac8e8cb87e8672e5310d5082b,1,1,0.9999263
9bc56ca7da5a1374a88da39bc80e8a8f,0,0,8.716788e-05
8c1563c560c257102bf36dc1879e0c9d,0,0,9.468971e-05
3936f07347bf28660ee3cc3716e470ee,0,0,0.00010491959
7a89dea7c846261b579a63491ddfe106,1,1,0.9624611
094bf781e18bb3444c47d7be04879253,1,1,0.99995506
cafda300b3008555a01d092920ae0136,0,0,0.000111570494
21e47857b854d18b83ca3d69e4f0652b,1,1,0.9999565
1571878f07bf8dfebc06e3dc3eba97e4,1,1,0.6447464
949712ec4b77fd066218b82607959b2a,1,1,0.9542561
f3e60d517b8ff6646fe29d65f7b8761b,1,1,0.94316864
74a8a04df0c046d14a3bc4518e061e4f,1,1,0.99994636
3d0f864360f589697bd22658c6c33b1f,0,0,8.666783e-05
615797a7f909bd63aa8b019254fb565c,1,1,0.9999571
bdad0bf852c335dec91000623ca2d6de,0,0,0.00013422892
7d8d12c9e1eed18f609a767689dfc3d2,0,0,8.619047e-05
764017001deef53475cb321dc6e131dc,0,0,0.00035833006
96e8d007904f7c74525147ee724f64b4,1,1,0.9999559
63dd70bbcb0d9def64ee0dec45939053,0,0,8.743468e-05
60c7f06efd17a19515adde1fc2d5cbd8,1,0,0.3550967
c2dae50499eecbad8d5bef70b2d2eff7,1,1,0.65563273
02700987542778f4eb7b87a6ef481fe0,1,0,0.49605653
4f5731cea2ad8e0d93a6b508bd55bc59,1,1,0.9999554
1386a3de1f331fdb0b52416e366e7b79,1,1,0.9999559
1dc539a012590e90168121a5f8fc700e,1,1,0.99986863
ef279172a33b26069ba6801524298bfe,1,1,0.9992982
83a35d60aa85431eabcd58e2e922cbb5,0,0,9.187019e-05
9298a07d17b102b4ee1b7878efa36abd,1,0,0.34162685
10c82af7f870f15df262634b631de708,1,0,0.04775171
3a761f167739351df594f8e6eaf71fdb,1,1,0.99995625
d362226df75c8c66b87b644fe45c1127,1,1,0.99994826
ac0bf4a531ae6653e1bc91d6bd6d75db,1,1,0.9999548
d04e34c0a16a03707d2cf83bf78788ae,1,1,0.99994767
3b36dd208eb45924515fb60fc20a1259,1,1,0.9999423
27d836a912622d779fd72e896b7a9850,1,1,0.9999548
78bb3d4837633470755cd781e525ce70,0,0,9.238024e-05
bf8bde73de7e2524e9079f7272f19649,0,0,0.000106206746
fb21cd65d48cf13d0d3d1c98e932ba75,0,0,0.00015332949
d169c4e0a3b022d47d6f16a03dc33116,0,0,9.587066e-05
ffce93e0e149095f6676f519e63b47ba,0,0,9.395505e-05
91c82d6c44572b02c0fda09d889a564f,0,0,0.00021134138
1b960fdf6253dad1a0ceca303214d132,1,1,0.9999571
0704ba4739abac88438c6d3bcada2289,0,0,9.700638e-05
114928f8a2363112818c184196504d0c,0,0,0.00011791403
83f11d3ee29e21805d1244ba8b485195,1,1,0.99486005
6b866f6b51f0eabe1bfc880fc9578cb1,0,0,0.00010681533
e288fb26da832a831eafe31d701281ee,1,0,0.17503853
63a8404327e9daa614ec7acc63015b75,1,1,0.99994874
3bfcbcbc10f1c49988d54f9c87d520a8,1,1,0.9993861
fc1c6532ffec931711a138d389fe659e,0,0,8.9978894e-05
08593577f990cb93f030b7816e7aa2d0,0,0,8.888721e-05
4034c44c4c3e832b30e479ab8609ed58,0,0,8.69798e-05
055232f926c7a9a5dab07ac065f015fb,1,1,0.65941834
03d694d71ccc1ffbaf622813af917a79,1,1,0.9999553
f4a46e83f73e8ed721b98e936342f1c2,1,1,0.55420434
c937d4d4240a3869e8ea47ad8842c7f6,0,0,8.745862e-05
0317ecf925153350d244321e461db741,0,0,0.0009457773
d57cdaab7e6f06ee7e95b762a6a44760,1,0,0.28387663
54ba4df534c877a8e8c5163d92d4118a,1,1,0.9999553
3fe4b54ede3d1cf205b08a2d3875e36f,0,0,9.043962e-05
2c87f3d61ba823cb82bfa0458bad53c4,1,1,0.93308264
ea0968fcbcf5a110a89c8c85dfd59bb1,0,0,9.230267e-05
adc7e7a0399339bbb7c00acbe725757b,0,0,0.00010440311
c21a411d7f1bfda968a95e70be6f4a34,1,1,0.99995387
66caa55f55885faebec64f46306cd0d9,1,1,0.9999558
1f074507a33183fcb6313587328ec359,1,1,0.9641249
d4463ea1c910d8ea899b3ec9fa7f63ee,0,0,8.9078465e-05
68011a6b8de2b7cf103de87b25cc5c99,0,0,0.012510442
a5b381d18fed7faafcd704e0750cf56c,0,0,9.278955e-05
2ff3ff8bfd71c2761483397fb6424d61,1,1,0.5008362
200c93b10a2e1805a18dedf2c610072b,1,1,0.9999558
6b951d32d510df471a184e4d98445388,0,0,8.852389e-05
f719551d5d54d46993948af3bc3a8900,1,1,0.99995553
35434c34af41313b739970d10db395b1,1,0,0.32710755
eb1c3a560376207ff6af86ed44dda8a9,1,1,0.98233503
717bf2888e477d699267cdda219ad17b,1,1,0.9609293
5c53b12af46e6310d13864287fb8d4a7,1,1,0.99995697
8300027a00adb377e744251d87836c35,0,0,9.711346e-05
b651e8a498a1cd9c9de27d5b501a1a0c,0,0,0.00013308354
05c7dd21ba8f8572fc6f9b719c73a48e,0,0,8.806788e-05
9537008cfaed5bde8e6f07588b994489,0,0,9.296686e-05
4750d5d86f36391da3b8ade4ab9cf469,1,1,0.99994934
8f8b981aa5f39985b5185f59bbd8b413,0,0,8.726451e-05
5ce6bdd109f9a5232ff8b3d23507c55a,1,1,0.9928478
0bc15e5eb3d27856544879835d0dcea9,0,0,8.951146e-05
4d47fe0c6af033a5c46962e05f971b42,0,0,0.00014032671
d24cff42c18a54fe8fe77f9e72ee80cf,0,0,8.687742e-05
0295312229be219e90a15e0c9f75cbe8,1,1,0.99995613
106bc8861b5c1ced0f8f294fe5193a92,1,1,0.9999542
a9fcd5d298790e738befa150b0aede56,1,0,0.09638014
5a785598a30b10b107ac266f0b2eb210,1,1,0.98479134
2e57bb20ca0a74ccd72c361b18d1e0ef,0,0,8.811173e-05
7aa502b592dc00059879bb8bbb35f404,0,0,0.00011134411
ccd8e95360c2df8b9447e41de7073721,0,0,9.5485724e-05
744e541520a0df03f939e3530e5ad900,1,1,0.9999262
524857b5ab58ae54835305c74f2ae7d4,1,1,0.9999498
a68b0032bc573a1e162ad439c2f38e69,1,1,0.99991477
302b263407042967a055374769a311bc,1,1,0.9999554
87c51920f2bd2992afd7aae82f96f5eb,1,1,0.99995506
c3c75d802ff20bde7293d40f43ab0e0a,1,1,0.99991405
774a2c97ec70d7b0662a65729bb04a42,1,0,0.18472317
6cd59ff53e6a1ac66d3220fd79f0c6ba,0,0,9.250789e-05
f5b7a01786e946b14520e2e5c5a59f2d,1,1,0.99994826
265690b1c715f768ce375605fc4d27c2,1,1,0.99995565
8c9ab2dad78bef5206990819821fc4e4,0,0,9.660741e-05
79e3a8fda875b9bc46addf54acc16df1,1,1,0.99977857
d3154965ab8882d784f791b1c26f3214,0,0,0.00016267854
fe64f4e643cac23bae626b3f838bfac1,0,0,9.366718e-05
2e8f82c221730d58bee910d4092be104,1,1,0.99994636
040269943a8ad7cb90629b8680ce763a,0,0,9.20684e-05
9b05c25969ae81a2b36b0793461ae03f,1,0,0.26873666
1ef3366724e9c9ad2ec30259893e5370,1,1,0.9999565
1274987ced42c1f65c33d7029860b1e4,0,0,9.3042414e-05
a5ba27ca5bb68126e52434a3e48f1c3e,1,1,0.99995625
ba4de3bf8bcf1ff69ed7b25e83f4d59b,0,0,9.189148e-05
6c005f1ef0dcb74f8b17ff5097de31a3,0,0,0.00010050927
b307062e4875d3865a0ba16df0480fef,1,1,0.99968565
3cca0e13366ef2f21753490b66346515,0,0,0.00012582057
ecd83a785eb0854756f65badf9bd8afc,0,0,0.00012819604
13d41dd7674ec08d4801873cdda72aff,0,0,8.7837405e-05
d723ea9afcf7974490eeef5cbc7a2b00,1,1,0.9766891
2c6665f1511c23cda0c1370774693537,1,0,0.43887606
73bbcb5086188c34b9de432453fe44a5,0,0,0.00010304983
f5dce192250dd209655cd59b83b23382,1,0,0.3710848
10adbfa7899fd64e75a9a9978d662ce4,0,0,9.873495e-05
d80365ea1a90158f9eb645f78fad17af,1,0,0.4462743
0bf59ede5ceab758e79a3a0e77f6014d,0,0,8.7412765e-05
cc588f9202e5858b3543eea54a9ad200,1,1,0.99995244
bf4fd9aaf5455a9e8c7982646d34f6a1,0,0,8.804202e-05
d15065dfcffef816a1c29ffbec1d5386,0,0,0.000112897884
21d30ba4b774d891d685845566db4766,1,1,0.8604991
db536fa0e33bd4a3e93cec399c7e5d10,0,0,8.931399e-05
cc167b292dca5fa61d38df62d602b77a,1,1,0.9999461
a3f6498af9a065830973b385fe101c86,1,0,0.15528993
f928f78615208959b853b8149d64175d,0,0,0.0001615381
2a58611ec79d38b63eac444d2b354ed9,1,1,0.68599266
25aa12807060beeeae9016487ca58ee6,0,0,9.209211e-05
54ff7700bb62a8f1d6c07a01a7293b4d,1,1,0.9998778
29abe3c0076ca736a0669ac976cc26c8,1,1,0.9999503
0952c60c897fcc80c705dd0295c70b6f,0,0,9.379124e-05
392a3c94bbedcd4e64ab6beb1e7ee669,1,1,0.99995697
4fdae1c9e60316d590e6618996ddfe5b,1,1,0.99995553
618506b4543aa2117c8ecf379a3fc528,0,0,0.00010245438
ed950ea1558f802794f8e49e7473e0f4,1,1,0.9999558
3bc1016aa8741c5a780d4954ed850da4,1,1,0.9999559
93df92c675ea71534fbc29e82e321b7a,1,1,0.99995637
223f6216c610e76a3ac4a14361c46d8d,0,0,8.70891e-05
6a4693bfab02bd932c1b58d1f788b478,1,0,0.3550689
70fe817ed58cb02e185b82fc1dea5090,0,0,9.489019e-05
db24ffd300b13ad58afa831045fc5cb0,1,1,0.9999299
e1dda1bbe1e7bb46ce1b8d049fe9524f,0,0,0.000108179964
901eade3c153a2733184d5faddd15941,1,1,0.9999242
2c7b1a81614ae1513f4bf84c42184c97,1,1,0.99995625
b031ffbdaa3d9f99d93906bdaedc1b92,1,1,0.9999461
28bd9728f7bfe130a8955d72a35f5f59,1,1,0.9999572
b463e73785f26c3bea9b75940c601383,1,0,0.19984315
ceb2c0c1614ba932a8fd7e97e3a2e78c,0,0,0.00013252776
1f5da1c11cb599901203f56e1af5c827,0,0,0.00012005265
d0ac09c2c2f138d35419ee0e4af21747,1,0,0.4798051
bce784bd489065e6b31f6dc9b59fe1b2,1,1,0.99990344
ec70de1334cc29b2ce5426f27bbff8e4,0,0,9.0515205e-05
1c7b6b2bef20c695e0c24c1617b33400,0,0,0.00019790212
34748c9566c3ca48a6e9ea58fccb4f98,1,1,0.9999479
1acb78519bd08aac69c34f527c431620,0,0,8.919066e-05
716a06cc3a798b9a6ba695963e2bb934,1,0,0.10451029
50deb7b0abf19e9aa6cc857ebf515ba3,0,0,8.770817e-05
492ec0969cb1ca946b10d4ea57520fa0,0,0,9.704691e-05
a26e461b95e6e278d30338f5c06da596,0,0,9.819299e-05
d26117f37b69080d79cf927b8735d3d7,0,0,8.7963555e-05
f0c04b29c7322349329af33a6bafa4a1,1,1,0.9992601
f3487b3a9549af3b5dd85986a2f4449c,0,0,8.900569e-05
93acc100d4bfd9b74a4a0cc1f163e234,0,0,8.728665e-05
684c2db1e94ea6e9888b2b829776f417,0,0,0.00013056758
952f04915f1e50965a01506ab9a81093,0,0,8.885915e-05
27b0378e1cbeef0c452abd5a2fea1e93,1,1,0.99995494
f47d93d2bce191e71fe03f8763e2dbf7,0,0,0.000108493616
4b3870a149eb9fc59d36585349f20cd3,1,1,0.9999505
de5f622355c215751262e439e02ad052,0,0,9.286196e-05
01ab1e607036b52e47f3520104db36d6,1,1,0.99995565
177b015f95b962e2aa7928ece02aa804,1,1,0.99994683
c938da47413e76238355d6f2ee904442,0,0,8.749566e-05
f8d507f7b0f9a5160dd79b00441c27a2,0,0,0.2298319
2355f4358175aecc470cc6c4a018d18e,0,0,9.105628e-05
ddd28b506743bcbd8b3e81f73dedec78,1,0,0.3086096
fc8232f052773240ae14a576a8b77018,1,1,0.99995494
56c58a408ddc955aef7fd8fe62124911,1,1,0.9999552
5889304613ed0b3132b926bf3d76ef7b,1,1,0.99995565
ca737e0d1d8a6b44122be571c0b11314,0,0,9.854964e-05
6b5d471941d108b48fe086c4c897f5eb,0,0,9.5943e-05
ba5b2d6195a9792dec42143ff70d6dbf,1,1,0.999956
6cd691202ba505f201e0b7c06dea8c5e,0,0,0.0001079155
e686b2e1f7ae6e6672e040565a00f285,1,1,0.9999528
5719454c6e01a735c2b4a7df46f96ed3,1,1,0.9999467
7455ff9beadcb3be130ab2a32f98f20a,0,0,8.800442e-05
d45e9811b53c5c43c86ad7662fdf31d5,1,1,0.9999467
8b047b0ba3182fedcb7828ea8ea1fff6,0,0,9.421182e-05
7c6f89358cc1e1be6e80333fa954767d,1,1,0.9999504
a74ce080078178866a1d558d81db5405,1,1,0.7343023
0ce926d3ae2b7a8119226d25a754f6ee,0,0,0.00014211888
8dca7d2a258e2eb83012be2299d693bf,0,0,8.8266796e-05
c89460066a6c98b7c0dbf0ee5594f984,0,0,9.359352e-05
49a5a39c5d22f776e240447df06137d0,0,0,9.683411e-05
07bb09c354d93e2a6b2b6de3a79c6209,1,1,0.9999392
ec0008b89655f4a256133edd29f32f35,0,0,0.00011541155
7e48c5fe0b71f0114a761126964f5d0a,0,0,0.00011883419
7abdd93f205e8ad60143290860df4b58,0,0,0.00010637925
586d262f08974880cbf0fb2b0ac072fa,1,1,0.9999552
5240e01a3ee16642f7432b60d68e9c53,0,0,8.8838315e-05
39242da2a1e94fc875c5b8dbec6f99c2,1,0,0.23177768
e8dc2c27466f7fdc33e10439302ff384,1,0,0.26963353
cf476807987cdb71da0d14f250e3749e,1,1,0.9999006
05c6fef8b7e091cb4083ab9e00b96eff,0,0,0.00014856427
9043fede833e8a27f2466e148471b4c8,0,0,9.2382186e-05
8797ce499971176cdb79fdf80bf2aacf,1,0,0.09772862
d65713d589f0cf82e59332410145978c,0,0,9.4822e-05
275b0e00e8dc4a5a8de24fa1c8dd5459,0,0,8.825788e-05
3a13a80f187a8d4c97413469835321ef,1,0,0.025711708
0bdd5a7593632b8231955cc413e69a35,0,0,0.000110433604
35c6c3b79a99a56cdbdd9dfd9a2ec525,1,1,0.6315587
943bea93c4271ca61f7d83f6d201dd54,1,1,0.9999548
3a2cf69a3b66b43c28cfdc6b31667f8e,0,0,9.342605e-05
e368f4f9001c882e83b2a48d02eda826,0,0,9.3823255e-05
68ca750f7b832c452aa7efd8d0976954,1,1,0.98691535
9a7667501e8ca503c7a2b04afc669cdd,1,0,0.46032634
b75b4eaaf8e4d2dc14057a67c1d62e05,0,0,0.00010459691
cd53ab992b0bf6cae8ccb95a1313590d,0,0,9.18089e-05
e252be6ecdef87f926aab55b7cb76b85,0,0,0.00010844345
60b219b3f6f2c34c671e65f26996d5bf,0,0,0.000102952
c74177501c335e7696d12cc6fae7c181,1,1,0.9999547
7cdafb8dd0df470d0510caaef2884eaf,0,0,9.8991375e-05
c955ecf4dc64d126eec2c4997e4cb44a,0,0,9.57193e-05
6b7db5fec8f5d5e7dd762cc171c5a01a,0,0,0.00010998862
b236ab27496c20e30370831a2422e037,0,0,8.835505e-05
ff2c82c122aab0882572746c46007d55,1,1,0.5582719
2ee29684aa723fd4d7559f82abcb13ac,0,0,0.00010182394
9639070410460d3d3871bb429181e2a8,0,0,8.809711e-05
4f2b4b1442c9342970a799ce3da2d5b6,0,0,8.8635905e-05
ec6fa073dbf79f607cc4e0dfafa5a700,1,1,0.99994206
1de7d47575dba64e2bdf5a356da05a36,0,0,0.00012352325
62c78c430ff28170204db5c436546962,1,0,0.28216594
49900cff05bf36c6af6e258ab47e91a9,1,1,0.9999299
38e15c834cd2d7b35f5cc04e87247fe3,1,0,0.31755656
6bc0f6cea11404823bba796869d381a3,0,0,9.2425886e-05
b8141d5edc0b64fd1711bd4db90cb0b4,0,0,0.00011012138
c37a75a42506d31390b22fa1a6df101d,1,1,0.9999559
a64466b3838b6adbee3475a4cc82d9d9,1,1,0.9999043
48b50e1ed5c422bcb81b5bdbdbbe0a27,0,0,0.00010344197
2aa04bba1b9cc6189730bc1b2fb2debf,0,0,9.306833e-05
2c86516c5274e209b66dd170ce2cbcba,1,0,0.45043045
c7163145b97a26285392281f63f76388,1,1,0.99995697
07b55d6531c4c2631814a40bd39c8e13,0,0,0.00010429883
58d2e13a4929d6f00be805d07b29e963,0,0,0.000100446785
0dcb33b9d4558a40e327b6d641111de9,1,1,0.9999552
3645890e8301b68382f07fa59d77bb33,0,0,8.900094e-05
cd769cd93fd18a305a85f168f7c66032,0,0,0.000115247465
a23ee6339455e8fc3d14fc45d9e6b584,1,1,0.99964607
ba56817261a4520c90600f36a0fdbbd8,0,0,9.489906e-05
3e4c089d86428463bf1da9d97fef7a92,0,0,0.00015078868
243679ff85eac78ed1b5a8b7b778a2f2,1,1,0.9999558
74d4f88ea63d9340ba2448f87473b6cf,0,0,8.7113025e-05
a5f141b510130d4fb1643419331279c3,0,0,8.73197e-05
283bcc2600129176d2db72901d693a1f,0,0,8.715823e-05
02851985e026adae7c1f5127c7a39313,1,1,0.99995553
d8c4d24dc5939d8b0ae56d564c0b8f87,0,0,0.030578887
84716cc3455512c0485a03dd450a9a64,0,0,0.00010647577
d0e081eac29286e4e27e72d88faab369,1,1,0.99994814
6a0081bb913b63650b6fa73f54801d11,0,0,0.00010119901
766d80b1b88bbc2a0f68fc90be5928a8,0,0,9.0324305e-05
d7cd9703a24a3bf831bd521f1c1a66f7,1,1,0.9997123
a5485fff452e3f3eac59125baa2b52b2,1,1,0.9672143
ebe31f0755397b4695a3c445e4fda9e5,1,1,0.9999558
f9190e1b04f1d0aa2dfabcaa304e6a2f,1,0,0.06514984
a941fbad78a9fb99e458d64dc57494fc,0,0,8.892866e-05
ff15acbe9b5c3de722906638a2d2b523,0,0,8.925115e-05
341c08a046e4b6fb224bcbda80ab0e58,1,1,0.99994564
5e04ae2795bf4aa19ea2c1efbea46550,1,1,0.9999552
da77f2122bc0b2714edf68b4023be031,0,0,8.871607e-05
942d907ef91e71dc286cec2da45af964,0,0,9.0821275e-05
0869ff580d8ecda8ded4a5c5148b8a77,0,0,8.925762e-05
66dfd934678c1954926dd4d87c1caf79,1,1,0.9999474
f575c0d9e001d16a0469b9222d9794a1,1,1,0.99991345
0dc1dd14345cbacc17ef8014037b438a,0,0,8.6156855e-05
6bd45ac80256870c1d759f383e2f7385,0,0,0.00012654273
25a4ccaa30fa9bf49271bf13412c0fc9,1,0,0.3957524
265d00101f37526ac5300694edacacf4,0,0,0.00014873703
3a3a00c1e38356133fcab2dd91c22724,0,0,8.717103e-05
1274d83aa59d9a33b152f2aa6c91b1a2,0,0,9.791773e-05
849a37b94d8f3553961594f8bf2651e1,0,0,0.00010800897
aaefaaf3ea13dc06c8d2b346b581e87a,0,0,9.2243274e-05
e66255a8eac817e444c4daf2313f0021,0,0,8.787494e-05
3dedd1f108046e438b890dd43b5e65e4,1,1,0.9999403
5a6a3e933f2f3629f10fc25a22fe9792,1,0,0.3205815
d919e981d6266eb0a9f8598cef455c36,1,0,0.032474045
eed853a9f4bf6ae03d557969add306e6,0,0,9.0341186e-05
859a6ba283999ed5066f18ea3bfc949f,1,1,0.999949
b7899edd2ffee48acfbdb4e2064c68d3,0,0,9.618392e-05
8060f561c5307bffd702d9f78a34562a,0,0,0.00014122094
075d15c4c0dd0b6d32f52b3e30887e24,1,1,0.9999567
da72aa6adc2a97ac6ac63d403e5ff384,0,0,9.681583e-05
454cd4db52e9fe62327f3c9c4ed4de6c,1,1,0.99994504
07f50a17b2e58e90962fa8d617ac7c94,1,0,0.33222282
148404e13f88bba75d65bd8ed1b555e0,1,1,0.999949
032c93bd4e2be8fdc6f17b8b95ed331d,1,0,0.19117934
be9ff9b55157e8d1c5947fa41c9e0d1b,1,1,0.9999354
1427a363e6bde2c94316769da3517705,0,0,0.0001240174
1a7097fa2149e550807e264582d9eca9,0,0,0.00010635877
1d8e4f8681f70748267add9c9a8ebd38,0,0,8.689185e-05
1d224bf1bd4d3b01d11cf4290173d0a6,0,0,0.00015588423
a1c7e313b77f445b47349a3de42f03ae,1,1,0.9999546
c55ea59c5a9453f2338723c8b4a8702d,1,1,0.99995494
9f5c60042de84454b8807235b8a36b74,0,0,8.671239e-05
7846ede62fb933f33fca4fb47998ecdd,0,0,8.69925e-05
23edaaf08d801b667c5903b0ecd462bb,0,0,0.00013395018
c5017d47e20e47512b6d966d4e0805aa,1,0,0.49077103
41748f41a1622fec255e6986925919c4,1,1,0.9999567
8826e18ae4d1476c30541e4f1222cb5a,0,0,0.02419931
418f10087003914fa1aabf9b2fed5bc0,0,0,9.429738e-05
4e8d358b741c4c3483f3bae013e8fad3,1,1,0.99995315
b5c5cbae36514175a212159badee8ac6,0,0,8.749299e-05
6b25f6c753c102cede75c8bd799c85a1,1,0,0.09088513
7cae8f831e8e2a1fc121bba636ba48b0,0,0,9.092153e-05
7fe5d32c7b2780369491a96cf44d7981,1,1,0.86714804
6821d40cc5b8212c9c035287da87661f,0,0,8.799502e-05
a09f62de4546d7842201ec3da60f2ade,0,0,0.00017271198
b951bb12aa5cf8835d3516f4305ae574,1,1,0.9999553
ab8591dd22c9ed95c5ec1699bfbd1507,1,1,0.99994767
bcb60872a0acfda40e6a0008eee33078,1,0,0.43857762
cec6459dbca56badfb0fe141e11f442a,0,0,8.82918e-05
65bed3f88a1d7b27ac370abd435db14b,0,0,9.032654e-05
2d07c4d393a1791e8f28d9d9fa7968dc,1,1,0.9999558
25caaa68fed7a0f647f3b3c87e38229d,0,0,8.910191e-05
542ec93759cb917c38fad9202fe7b01e,1,0,0.30754274
32ac1f8a38e53d620e356c9266d1361b,1,1,0.9999552
ee39ae511be85a33087dee233bbd2040,0,0,8.995238e-05
21d997c5dea8943bdd0f5f7581333c7f,1,1,0.99099594
55bfca3e960f3077b1c1031a843bf793,1,0,0.28708437
e0f6b0fd5c3137f7820dcd4bfed4fe86,0,0,8.784679e-05
b566df9376df79bd4faddebe0a636390,0,0,0.08352142
55cc0825abd7745faf667745eeb5900a,1,1,0.99995077
c38acd0d0effe675a1d18e5e5e1a494e,0,0,9.994634e-05
8fe9b29890e87646c35cd71e1f5d94f7,1,1,0.9999504
02cacd9108591ac363d6840d335a3e38,0,0,9.900147e-05
bbf0c5b82e3dcf690674db51f7c1636a,0,0,9.4120034e-05
51a3227708de06334263f3cd3479f122,0,0,0.00010173862
dc0b15519ed3fe496e4d9dead6bcb4bd,1,1,0.99995565
ca8751b937c00d90aa05078a531186e8,1,0,0.17873774
f14f8cca2490c0273a7ecd198309522f,0,0,8.955466e-05
6529a1a99a8a4ab04c0cf00f341c1f06,0,0,0.000101106605
6fcc52389a3279ae41aa8630261abb01,0,0,0.00010181481
dec68b721547def141ca20e9539bb135,1,1,0.9999571
5207f6db27eb05f738d7e4468a8bb7a9,0,0,8.801953e-05
c1179203f8121bbbb3a4bf6d5cb32b21,1,1,0.99994445
5c36bbca58bbab43843d0030e612cae2,1,0,0.3885816
6c4329875710470961796b5473cbf643,1,1,0.9997576
49a46c6be14e061ae68272287167bbc0,0,0,0.00011740332
e135c7194180c5328c258937efb8827c,1,1,0.99994934
d6d5305a062010b291ee1c4ff1e63323,1,1,0.91062695
c611f06ad08e6eb66f9aead154e2affe,0,0,9.9322875e-05
759b6a7b8b305136576d44bb2c2089c3,1,1,0.99995446
d55140032a4c26dda20113c577aca98c,0,0,0.000115144874
38bb8cc4d4bc1be49077480cdc9ba5a2,1,1,0.9999472
310cc004a1a874198050530cdfc64b17,1,1,0.99994564
a6bd6bb47778bc25acd9f2eef322a4b9,1,1,0.9999572
2f8972f4fd8950df5024e78126f818c5,0,0,9.30057e-05
6081258f42afd9600fab833348666984,0,0,8.7708424e-05
5278e7f05967f4dc32ace42e37c5131c,1,1,0.99995196
2e6a11ec679acf2fbc9a87ec549fb152,1,1,0.99995565
832b15f6db1e31cc33382e3eda43c834,1,1,0.99995613
78a2299ce3d60cd01738f076b39cb767,0,0,8.8027926e-05
3cd7c5ac31d35eeb8e63b029db7efc76,1,1,0.999949
9be81c656401b2ae9a24b6dd9d88a444,1,1,0.9999467
e811c03c1e087e49bd0dea0a8256871d,1,0,0.29836068
8903c1ba0c3af83a1edeacc03940e3b9,1,1,0.9999553
a341d232e6d71d6cbc02757a6167f3cb,0,0,9.248911e-05
f20ab0c4606a42f599c8a2c339562248,1,1,0.99995506
dba31d7419b85e90d98825eec7dc3d13,0,0,9.3166534e-05
21f74554e5f42c71de37875d25bfe3dc,1,0,0.3656256
d5d5d4edccc33165fd8a269ee726c1a2,1,1,0.99994886
4209b5128401d95fb7e01e275fc7d6cd,1,1,0.9999472
2a4db38ed6a3d71721c44f62ffe631c1,1,1,0.9999386
f5b9a015654c0c71954e3c45edd8fd05,1,1,0.99985373
ed279f97cb2d6ed6c159b91fb4033e6c,1,1,0.99994636
cb61b99ee485a664973cc3bbb0a431c7,1,1,0.9999572
d35595b1702f5066c92fbe6f88b00b7a,1,1,0.99991214
1a2d42d2d3a09b8e25468c0e9cdf71a0,1,1,0.9999498
1edfa1cdd40a7f08f5397ee3128cc0d0,0,0,0.000104606595
803232f8872b8967724e8cb9699d4d7b,0,0,8.865069e-05
b55ed19b234c33b05599086ac10aac4d,0,0,8.6145024e-05
1d14097cbc707f366bd32086a29f370f,1,1,0.99994695
d868f0b56404a8ad701c43e45e04bdb2,0,0,0.000118389704
70c0eea4ca3f28219de28d8ab086cbcc,0,0,0.00017204908
2e316f4b1bee3fb07e344e3ae1f0e6ab,0,0,9.392118e-05
44a20e30a47250f4173fb884ee32f40d,1,1,0.9999559
fe5d4892aa53f5990ad90de24ce55a57,0,0,9.467761e-05
c8adc6bd82bb7c37f253f4ef88c8c5c2,0,0,8.7458866e-05
96189ac4aa6f5f20cf70704ac9326a85,1,1,0.9999473
911facec8e3ef63b182f2c3869bb0dd6,1,0,0.13767108
35b49dd550b26a97fa5195d681df2947,1,1,0.9999504
d33d5d48c11c87fb6d30dde19c72e24d,0,0,0.00011354902
c7771d7463cc6bb4902d80c3365a4a75,0,0,9.1067915e-05
b7bcc39cd310ebd4e86762003cc8ee9c,0,0,8.7124994e-05
94fe5595b48144a6194cbe8d8c8f46ef,0,0,0.000112215064
cf3d74cdcfc377c64d23a1bfde1a7a69,0,0,9.256595e-05
896035b9e55fa84295f4202f65fe5ca9,0,0,0.0001233052
a3d57998732c7cbc318ea399da1eef90,1,1,0.5052551
df7fa0dce9eb07f255efa1192d13fa66,1,1,0.9999502
25093d3c8423c766db878adf5760b86a,1,1,0.9999558
5b21c7e2de7d181b8704a6a9950912cb,1,1,0.77439046
226095ea5b52bb2f35ca18fe0285cb45,1,1,0.99704355
7e1e2b31026e0900bb44de8e4e409df6,0,0,0.00011463281
49f26d2f5c2d4b8538aaf4b7d35f5830,1,1,0.9999572
d854be93a0418996eb6490b4c0f983b0,0,0,0.015392215
50170524ac23f90eca4c90313338911d,0,0,9.685525e-05
251df4a381f2ba532a47cbc96bb952c7,0,0,9.147419e-05
723d4b35a6c65fb1772cd9e892461cd9,1,1,0.9645167
af60514c6d52a5737699ea6f9baea6dc,0,0,9.519707e-05
5deaf124a11660fb10b066eef1eda4d3,0,0,9.113072e-05
937cad4cfa4dd10f0fda4b86d42d40ca,1,1,0.99995184
2c6c2c64a7537897be997a34b5ffbd9f,0,0,0.00015001009
1789fda08ac2e567ff4f784f3314b807,1,1,0.99995196
172e695a91a25ec6932bfb71c590e66a,0,0,8.777336e-05
7146fd29afc01beee27bd1c149957af8,1,0,0.39481238
fa257b41df56ba08aa3afba4db75e5b0,0,0,8.612761e-05
1d66a6df93bd70dafdb9b717b82281e9,1,0,0.27694097
68edc6db67206e64f4196e2b77c5420b,0,0,9.8293414e-05
6c15fe012068999ab2fcbee9de149536,0,0,0.00011607763
5b0c0db551ae91db3af534ae8166ab30,1,1,0.9999558
f3d78952999c67d7cad64f031d084afb,1,1,0.9999554
46ddb6a74e7d44e9accfcd8dd45f9730,0,0,9.424578e-05
e4369eb109af0018660bc4d9c2463c2f,0,0,8.816754e-05
ca67e41d13653f2fee7f4eba66a4c1d9,0,0,0.000103112936
27d3e71547a28d5f5956ac9de9c7dd30,1,1,0.9999491
edbacf1d84f9a05ea9c854f34f976a1a,1,1,0.9999424
c6e7e02e3d251935ea51811fb182f944,0,0,8.8992965e-05
197e2f9819b53f1909c7fc1884375b84,0,0,0.00016081931
6b305813f1bbee278ca71831c1c599ea,1,1,0.99995494
c47b3cd10f63862ee15c59d59f5af630,1,0,0.17292866
f31cb80a34aff85e0093051a92ee296f,0,0,8.703299e-05
22373774d5bf26eb574e7cf6b8041978,0,0,8.7254535e-05
1009ddd19ba7539c7b14240ac5ae4e2f,0,0,9.391277e-05
09ec971032f52db379227707c9439f18,1,0,0.33380017
765e36312dd4226cdf2cad1a8594da7f,0,0,8.9788104e-05
13019d37d82a7865409813d7b1b8e4e2,1,1,0.99995685
e0bbee92daa5175978eb71baa264ce42,1,1,0.9949005
0539bb66ce171e757d7c211b8a64d905,0,0,9.0193906e-05
f459f3a2d336a762b8ca1d615cb4756a,0,0,9.399303e-05
1e703d94a15dd7392ce4dcba7832fbe6,1,1,0.99995613
5ae2ead1e45cd0c7bf51ef961b64dcf4,1,1,0.9999467
d2937511dae9a752ad4cf9667d1b0035,0,0,0.00011354642
75bd1d571eba7c4681bf94cfca283a30,0,0,0.00013147347
48aee548f42ad21214d4762599d70501,0,0,0.00011015141
11a95a4ece3c6be407bb83bdd411a2d4,1,0,0.4079876
6a348836363278cc1314ce734f3f95af,0,0,9.314238e-05
48ac33f45d5fd307564aa5b073cee68e,1,1,0.99975735
a11c2ce513aaad66655e4c484fc44cc6,1,0,0.3177977
b25674ad6ed929385a3dfab962039769,0,0,0.00015253239
e57c6b849fe4192e3cc71335a88a7f21,1,1,0.9999542
fb49ef58697b08753e5f2406ac1edcc2,1,1,0.999879
e2406d6c574691f6c61d117d8b69f8b3,1,1,0.61083305
85250b9196eb892ce78ff9a1f9e979e0,0,0,0.00018082971
e3be70b5ed579f14c7681aefa05606d2,0,0,9.0759284e-05
69365b341bdb893df798fcd2a645df49,0,0,0.000104717976
4b987841fe0d570b35c0657a0e1922ad,1,1,0.99995506
157c25cc70f9224d2c0e6566b3968f27,0,0,8.692384e-05
1ab0bec9d4663e01bf18df42d064f21f,0,0,0.00010237138
daa168c0841ebac783c41aaea1647843,0,0,0.00028878398
00eb91de88eeb3ef9d473d3967710cf1,1,1,0.9999503
b904bca6f4df38ecf1232949d4cddccc,0,0,9.393355e-05
1159f465c40d6dc2b7a638f51d3de6f9,0,0,9.447847e-05
a98c7ada58a79f3a6360c784fa8d8a02,1,0,0.29904744
3f7be4a644dfc36e85e1074beb2a754f,1,1,0.68616784
3521f178e1d9f7050ed44f88eb1fe592,1,0,0.36027932
354aeccc6effecea1b70e141c34bf981,0,0,9.134702e-05
f677bfef9435a6b40cb61dbfe4c3cff7,1,1,0.8603179
aed128eb648485382285fb0766d96665,1,1,0.9998994
b7cbb2aa4d3a2145a6e127dfe637c393,1,1,0.99993634
22c64efc8be9e46ea01f15978fd85347,1,1,0.9999554
b470d6ff161c04688e0eecf24ab771ca,1,0,0.33861053
f7e68753fffd8587da011d08ed366967,0,0,8.6538756e-05
ddf0baeb88a50d87c7297548f7bc7461,1,1,0.9999232
64ee29727a7110d04090405855abfb94,1,0,0.2494864
365fa0cdcf40a1f733a2b56226912d25,1,1,0.9985234
cc8e006fbdefd1638d884e2ae5d5c517,0,0,0.000106368905
62be5f7b7da00451d6194087f2340377,0,0,8.9420595e-05
e5635b131d6ec271abb46b940e298469,1,1,0.99995506
8f2c8bcf88ffaec20a9fc90ca49318b6,0,0,8.839769e-05
a890adb8f3bc60f06225dfed59c7b8fe,0,0,9.669071e-05
5bfd870d9e8e248b245ac02a395763f2,1,0,0.3349161
7f506770b860ca16cd773c33f7c4ad99,0,0,0.00016420046
1d097485fa54094315ab3e004402bb2c,0,0,9.640935e-05
215a34e7d6b21be82cecdc69c77128bb,1,1,0.9858338
82ff0510e01bd1d74ccd4850adfcf2a8,1,0,0.3705293
9c558aa973dba03c8860209df2d2907c,1,1,0.8370623
5d84b61afb1242aed3ead64d52ef60c9,1,1,0.9999467
d79e7cff02f0b57328fe723acdb7203e,0,0,9.459197e-05
b2856d3ffcbedb8f98c7e8b4caccbb63,1,1,0.998279
722f21f9bcf23e06ac70d10b8aa88adc,0,0,9.90416e-05
25de914da1c2dd114618d59736047d14,0,0,9.8606804e-05
2714e9396d55c5519733bd6145f343c5,1,1,0.9999472
b010c6fa861557b25d1f9a03daf4d77d,0,0,0.000104592444
f50ee00f0caf103bc07ac6da85edd6da,0,0,0.00010566941
e6f90a55a4db3346382c43d222b3d1f9,1,0,0.19766773
36dbf7418bb6e590a50ae33763d10f76,0,0,9.897495e-05
f87e56dda0313120f6a37f6e20c2ff14,1,1,0.99995553
d1151b0ca9d1332b00d3e7264e2cd7a9,0,0,8.637905e-05
20ed0047a42dfc617781999876517c69,1,1,0.99994636
5f78ec14fba8a4fc5ca255b2ca8b6ebf,1,1,0.9999368
cf8c087ca5d7c7652c51aae0293b110c,1,1,0.9999566
ccf77ec1301c9447ebf0d30cd7bbebba,0,0,0.000114034054
e16936695a41fe00f554a3d4ef6dce93,0,0,8.750083e-05
a4eea48bcf21bbb62a9b42798618c87f,1,0,0.4075802
381851beb5b79205dd750374ac241da3,0,0,0.00013698306
6854f06344d2990fcb89a42834bc6b95,0,0,9.728726e-05
468d1c838869401f6dde66046d8efa73,1,1,0.99995494
2f44180b0a79803bfadc120018e42ef2,1,0,0.23392689
7c70bdedc9c3922f8a1ef48d8ac36305,0,0,0.00014964353
3fe052d317548cc2b3fa3776b1792369,1,0,0.29383743
12ac93e29796e3d2b75ff08dcdbd2931,1,1,0.9999542
eb0a05f1668d6df1a9b86af1af3b8b2a,0,0,8.935487e-05
58aa1bcc0c70845967000b43238ca284,0,0,8.6846034e-05
59838011a3547ac1f9d763d79cb2fcef,1,1,0.9999552
d64ecac2d17a9879de7cc46f0e2a0307,1,1,0.9999548
66b90ea27b981abc397b2d64bd37b10d,0,0,8.81645e-05
bafba67ddc6d1fca6da2588c00fb0428,0,0,9.003554e-05
8eeb24c7d20e65d0348d679ed0b4a6a9,1,1,0.99972135
f07c901757f198a19e3926fe0713f9ec,0,0,8.81735e-05
151939acc417ba5f526f704dfea45d7f,1,1,0.851559
7a758e6f66a7ac3c7ab48808b54d1456,0,0,8.779386e-05
90600a5c66591137010d8fedb80ed4d0,1,1,0.9999547
9d4a284cefc9300635a0ce80d1300ca3,0,0,9.260426e-05
b7cbaf29d8437ff967b9f619da79cfd0,1,1,0.99995613
c05db438f95e967027eb6f2d0670c29b,1,1,0.99992
c1a9cc358a53ed678008fd8407af11ed,1,1,0.72842425
e3c9f6ecc7a7632d15d3314dfe90e732,0,0,0.00012465361
18a3ab0dad56f6c0c583f307cd55e15a,0,0,8.710373e-05
a5f80c5ec6d048d301ad4131253461e7,1,1,0.99995494
41a30d1dc57e79082862a9d320eb4259,0,0,8.7082546e-05
af0aea963f1f93ada076d370f42e3c69,0,0,8.772381e-05
9e27d3f8828f122545be7699a273d910,1,1,0.9998498
c8b1681d6b070530d4acc9e40146b84c,0,0,0.00012840098
20336cc6cfdb61b3dcedb3cd2ed69104,1,1,0.9999566
8584d364e7d6423dc7f7ae5078948f5f,0,0,8.7467786e-05
f148a04292e4484ab390cad4b1c18c90,1,1,0.99995005
3938e6ebf7b8ff7d8057ae657a524ea0,0,0,0.00015028742
d291c3cc4009534c6108a6a18435b129,0,0,8.738543e-05
2e1fb72a0776715596d4a7884b2233c6,0,0,8.902666e-05
004b77e7ddd1244949127542a7e3e9c2,0,0,9.233357e-05
a7a6235acb427e53652a5d4b5079cdea,1,1,0.9944924
8399b214637d035bba8f07fdc506872a,0,0,0.00010484247
d500eafeb75e53189e7e6aa1ffae3f32,1,1,0.99978644
93a66501826db9f390d496d638ba0e3d,0,0,0.0001564456
e6ef6febecf95d2b40504e6b4800c549,0,0,0.00011891195
64fd7305141f68d0c6e24e6f9b0ac67f,0,0,9.3524366e-05
9ae008ffec062025f0d17395db060b15,0,0,9.76517e-05
0a195a3c65a82b9aaaf8559613ad8d82,0,0,9.567631e-05
e257ea6f5bbd1cad9c936d739ec13704,1,1,0.9999553
6f135322859e283a85a545ddb4579973,0,0,8.6978725e-05
822c55bd253249bf4ce591a881c11c83,0,0,8.81989e-05
681db40f3539a6664b0c702aee906dfd,0,0,0.0001324286
d6a08886c5e3a220ed034ea412501d34,1,0,0.47705588
9cfcb18f318c37c21bd28f44eaa5e4c5,0,0,0.00013278921
4e45bcf021062e1a14fdf388ff49feaf,0,0,0.000112894115
76a89101a0659f072f4b8a0855558103,0,0,8.744503e-05
494427afbc1c418b805a1af768fe495f,0,0,0.00011166576
8b77548399675544fe6405b33748fb19,0,0,9.400882e-05
608f8f98a561cb4e86d12ea0c93e459f,0,0,9.930707e-05
3d1fbbb3894fb4ca0ed3ee14cb044473,0,0,0.20625493
0ada3528e19e1c6f495b8f59c448344b,1,1,0.6405208
3d3ea4a25f95218faa4ee381ca71d643,0,0,0.000110620036
fa7296e03e931c3702b18b704fa77208,1,1,0.9999026
f5b18fb5e2293d9f29e8714a22347468,1,0,0.23438439
11b6559f5d7e0f82bc4840fc31762776,0,0,8.975754e-05
6d61304523967a506f87854005f22dfe,1,1,0.99722266
f674baa58c8d98b4622a5ce95b9bd65d,1,1,0.9594532
374b5bb1bba5342dce6f415f58cfb309,1,0,0.3992588
b21b9f6170e9265ab17b742910a98fdf,0,0,0.00014789414
a9f443a59f711a13fe33db3eb3f202ef,1,1,0.9999548
49f7727840c370c60c2f828f8361068f,1,1,0.99994814
44325334abb5ff1e325c9f4d942b88e3,0,0,8.7684086e-05
bdfc9e5e608351251c99ac8fcfc592f9,0,0,8.9056804e-05
a249ab06cceffe13ffbae2cc8e01ce3e,0,0,0.00010448537
4a8f986f6e07e183ada6e47c09ac5d93,0,0,0.0002853201
7332e21355f76e4e6c2145c2d0653ed0,1,1,0.5894369
e42342864bd9585b646999e3321b047f,1,1,0.9999559
512e85f9fa41a6f7c3c3ef24f2131183,0,0,8.690908e-05
1943c95e9bbe78a54e348e11cec60ea7,1,0,0.1502142
75bb9fed73690fe3e3843d6347825d0c,0,0,8.854804e-05
0023b96adfbed4b2e6edf098a23812cf,1,1,0.9999391
38cdfafa5dd9c81fb2fbe1ae04957f8a,1,0,0.16874593
c0719b25b5ab370fed0715ed617994d2,1,1,0.9999479
b39e76be872db6b128f19a950883cf6d,0,0,9.2994705e-05
c4f3434b590b98a21dcee6aa5c7a7c45,0,0,8.843995e-05
83b75a88672e77326b09921adba0b5e9,0,0,9.275682e-05
c2744dfc9e07e70dc32c07a5947ad5b6,0,0,0.000101376536
b435ee559c952d1f66884ce079187bb5,1,1,0.98440045
8215df61cfa8d20806dc1ffe268dd653,0,0,8.881739e-05
884b26bb222375aaf31a354037ae9cf9,0,0,9.327667e-05
c9ee0ff9c54317aaebd61fd7e191a6d9,1,1,0.99995637
d154abdd3ad9404facc2cd0cb13ff204,0,0,0.000114781134
efb6bfa6836a6c8e48761eae40063380,0,0,0.00017462907
77a40c79c47aabdd37a0a0f47892bfe0,1,1,0.6989352
34f294d381a541586c24e26d1232089b,0,0,8.942648e-05
da6095d99c00435695b221a67bdb4c0d,1,1,0.999956
5fb9670a6e080f144c521c64fcc1c691,0,0,8.809123e-05
18ad2cb78a3efd8d28b7f1a51108e341,1,0,0.36595792
ae642751fd82f2c93538ff057de74492,0,0,8.8271845e-05
01afc83b15ac0569d30ab5c3924e9295,0,0,8.768326e-05
abba3e8420e6b6fa37e91d0ff7f37af4,0,0,0.00010305788
ac12b18c87f607638faf76b88045b44d,1,0,0.18646254
f807d45e93f66254a29140c2b54de90c,0,0,8.642931e-05
5e2f7f55e72119c75359feafa0b080b2,1,1,0.99995565
89e6ce345e474bc8f2340e13b2d5eebe,0,0,0.00010762343
567bef15c678ef28774a9a8d42a3bf58,0,0,9.832632e-05
a968fa4fe740d626653dd34449e631e2,1,1,0.99995136
5486fe6e188fdbaee808e3ed661a71a3,0,0,9.570651e-05
a49a18eaea0d9cf0985ae5817db09359,1,1,0.99976975
52676f931bf3a4021e90a160dd185770,0,0,9.614256e-05
aab35d6f50421aaf35e470d927b6e640,0,0,8.880536e-05
785582fc2f6aa7da675d6850ae44a297,0,0,9.0074514e-05
9370766f5fe753c802caa86421d889a1,0,0,8.754248e-05
f54fdcb410fcfcba64c7ed72688f546e,1,1,0.99990845
0cad4eb91c167b941ae1cff5b658a8fc,0,0,0.00010047918
023c197c396c4f89d02f06e70adb3759,0,0,8.9674635e-05
f5afdaf63d6028da74a5d30b228519a6,0,0,8.906292e-05
0a140471bed6c9560ca4528b90695458,1,0,0.15870006
8211cc8843334fc295fe3e6f1828828b,1,1,0.99995637
0d99881d59af700cd932d03b4870efd9,0,0,8.749365e-05
51238e8dd7d911e9cd4db2dda724a10c,0,0,8.72413e-05
d56203857f3b6a5c61f89bb7910588ea,0,0,8.728515e-05
2e87b04643079063387beb9ca0976871,1,1,0.9999434
aa44d957c2a77a899db1504dedb213cd,0,0,0.00010335373
ba48153c04ba9a81ed702b656d239b5b,0,0,8.792749e-05
815609c03345c6b2d0eb5cf9a7b1b0d4,0,0,8.732961e-05
184f59e7fa982c6f3f22b8a679abc80c,1,0,0.27259964
bd17edd551b9f21bf5b630c5f5f9124e,1,0,0.42739236
6492e6399b0c1a4d06add65c579c0abe,1,1,0.9802172
5bc9ee143ea59acae33d1cf1c99c1a04,0,0,0.000103591316
ba46782dc64a363cfc180bfe79099536,1,1,0.9999409
7fd8d386a4e36d393b961ee76131c6ee,1,1,0.99995625
98bfe34ae8781699a63014dd71626728,1,1,0.9999479
b9dff6901d65e59745c1c23fbd9c94da,1,1,0.6532728
4fa0bb0a099bef7295fa963f2ff963ec,0,0,8.7492655e-05
97cd1ad6633fa363097c4562ff814c65,1,1,0.999956
ae61bbab97b306156298e034242b9804,1,1,0.9999552
f38d4eb07cfc6e0795b0f2af5e396afe,1,1,0.999956
b4db0316cfc647f8d02ce4bf4d89062f,1,1,0.9999423
0a3d664131a5e9c2982014e2867ec951,1,1,0.99990785
f83bce7d09bcac3aa5b07ca7d95034ae,0,0,9.950935e-05
313e44e0ec136bea77caf144270bc60f,1,1,0.99995553
5e5c4cb5a2dcf7d934c4173529677e5e,1,0,0.4696637
f0eec7e3ecb8663fe566b05723d481a5,1,1,0.9995297
0d42a1673756b1fa7afe4936e5ec5ab4,0,0,9.408792e-05
f25f04963d47d5b611a3f51ebcaaa349,1,0,0.36070278
e57e2740cba6dccfb673266b17ca85c3,1,1,0.999902
ca87ccf21677198bb92a9b22395566da,1,1,0.99994934
85062130f1b699a047eac197787f9789,0,0,0.000115652154
648aab3860950e3ed337e648eda51ce6,1,1,0.99994826
821e8d4c026abaddf3c6dbadd76170a3,0,0,8.8760404e-05
a1596c14f14604c3fe478f53111527d3,0,0,9.737952e-05
ac75e37120bdf70d3e19a29d69c2bd04,0,0,0.000116928706
3b879e2cd3515213c5e219c77fc2ffba,1,1,0.99994683
9249790994800a776919ee9c38a2d6ac,1,1,0.99994004
684779aec0347d3ab4a50e57abf58583,0,0,9.229378e-05
673d66692e3495463dd532a999d0198c,0,0,9.893702e-05
dae99dc28b357c33beba9361f195f882,1,0,0.21726117
4f7cd4704471a266c944acb9fef14fb8,0,0,8.8182336e-05
6fccb54e3869f795dc728b683024d9de,1,0,0.09291387
704cf9f929d680752902a6403203027d,1,1,0.99995685
a7af196db0501deb3c39821e38b0cd2c,0,0,0.00013006284
8c20b5e40096b4c28425cfd83b2d5e01,0,0,8.8904584e-05
c88d4105d545c49ba3a93753a90c6699,0,0,0.00010170361
1e08cc2275ff127910d94f5f9c2ffa36,0,0,8.923089e-05
57305e930303abfe77db2ac33213cbd2,1,1,0.9999486
9f689a752d6f14d8544d82eb3bbf5e3f,0,0,8.8737565e-05
22585f62e13846b4c8c1209bd36fff34,1,1,0.7380793
1b3d67dff8ed95043b963b335622183d,1,1,0.9999466
c4d6454743a0a74d98be0a59087ef430,0,0,8.8781395e-05
3657fb7eec6ebf7afea4db1d03c833fe,0,0,8.933537e-05
059dae66c50aaceae5fe3f11a323a8d8,1,1,0.999956
dc5987f1bfd5bcc196798e849202fc26,0,0,9.7231976e-05
fe587d0e13462e6e5b98f77e893bb87a,0,0,8.9014866e-05
20af427c8be4408ac97a1dbdf7e429a9,0,0,9.8367316e-05
e890b41bb9516d76e9cc097b788e9f58,0,0,9.0436944e-05
e55d479836fe22573243244f62037dea,1,1,0.9999442
c978e2107e5e86ffaa4d76d9c6e0d580,1,1,0.9905912
97d2e7d2775eb2d352b5ceb747ad7e40,0,0,8.841152e-05
3269f8d61518c956a238cadc0506459a,1,1,0.9992704
836117ddded046578fd62a3688dd15bf,0,0,0.00010449425
886c34e5ec642a4a39f4940e220fb693,1,1,0.99994683
bc2b4b5f2de53c2ab8673956bf383ae7,0,0,0.00015582703
4f3be0e730e9ad050b5dccd97305d0f5,0,0,9.177554e-05
e098f1041e784ecee20dded9f5812903,0,0,0.10128265
61379688e1b318eb171da0000b6e3c2d,0,0,8.7557004e-05
bac2ccea8a1892426a48609e689a194c,0,0,0.000105357816
4001ed7797ece60113933bddaaaf91bd,1,1,0.9999039
91252c66c76c2ebe24b70ede859d3636,0,0,0.00012697086
17983ef653d86e341278e457fb8258cc,0,0,0.00012343068
cf24914d5dc0f0533318965fb6d1e26f,1,1,0.7812191
0db17b58982938d8567b30d6227a50b7,1,1,0.9999548
1af2882847c7b67f4ae3f412eb33b0aa,1,1,0.6778793
092c8bc2fb96dab7e367bc5bc13b8557,0,0,9.7416756e-05
496757eced91f456f19a5850b90000ae,0,0,9.94569e-05
c7667a683c479efd37c1173ef6edaa5f,0,0,9.309177e-05
c585124a5a66dd683b0b8e3a89a43a27,0,0,8.738693e-05
0159dcf65741754de1179f60ade14c91,0,0,8.89682e-05
b0acf63dfdeb5509ec91d78e964f9230,0,0,8.833703e-05
7281f1c45f86a18d5e07dc7fdda68452,1,1,0.99995613
86c36c0fd6c4c37104ef1f31f5b80d37,0,0,0.00023093722
a5da9519a92232cec14b603753b452a7,0,0,0.000121681165
65f29d74f162b675ddc12e5bf4b911ec,1,0,0.23590323
c03a5b042aa80d30dfa7d679e7a3dd5f,1,1,0.99989605
03dc0971ffd810fbd26c5d657e962608,0,0,8.744377e-05
8d7ac4812806399138ea902b48ea4cc2,0,0,9.086633e-05
c35d584686499eb97844b6377cc80613,1,1,0.9999335
4e2021cf41f2dd513d5a1a9bacc6ce08,1,1,0.99986506
7ae95deaf6474ba2b82d6f1a804e2351,0,0,0.00016242666
d7d7cbf622d7eee7656b688b916686a7,1,1,0.5870509
f9ce6364697006ca2ac9dd34afebf97d,1,1,0.9999552
1e89f74db342910eb9e6e8bf7890b7b9,1,1,0.99995446
bac8eada4a64543c1d2f7e8bdb539c62,0,0,8.841169e-05
f94011b213e164d9da17b06ea7cd03c2,0,0,0.00017407912
67992490bbbaeccb1a62b7b742c14a8b,0,0,9.4436684e-05
07c832edb30afb4c36e2b5cb30c580b2,0,0,0.00026672697
93c2a1d065d6977c929f4dc1d41556ea,0,0,8.8217486e-05
1e966550d4b6d05e97a64ea7af82df73,1,1,0.99995506
cd8e38d6f80021a53dd6f4d04f003f7e,1,1,0.9999552
2b2bb6c6917bf3eb9794fd03b94148b1,0,0,8.850128e-05
92aa48142d10adf34377e10bb1c3f4a4,0,0,8.7427434e-05
9027412398eff7fd258b3fde1ad499fc,0,0,8.747071e-05
258efb96b50646701ef93e847ba0d938,1,1,0.999956
480d14d9d19e2375e73a50d0d348f5b0,0,0,0.00011033159
9c6f169e760302bebcff41b72d4f4954,1,0,0.29036257
51a7b4b7d6a62d999293439769d66498,1,1,0.9999558
7c5ec271267ed2fb2783bc6175e36d2b,1,1,0.99993134
feca871742e1b59210665f4e849310fc,0,0,0.00013343172
4b0242f6a0ba9c0b1b831b408c564dd0,0,0,9.6437674e-05
d1e6347bdb02d1a52b87b543ecbeb482,1,1,0.9999502
6858c633528a6cde338f7b89d94b797d,0,0,9.2044e-05
6f2bb7cb3b3867709c838d56fcde1cfc,1,1,0.99909675
e06d1f1d01a6fa01533fb951bb6511e1,1,0,0.18243222
8dd7e03bce00ef454bea2f728004b87f,1,0,0.25944555
0ce47644c2c0b9d77f68a913dcaf373b,0,0,0.00010541168
9714ca8e5c0b74f5ed5bc6f387336228,0,0,0.00010834267
92163031b936048322570be0e93453c5,1,1,0.9999567
d06e410988a403dad60a2b8b71f9e95a,0,0,0.00010661913
404dd69d5d39768fb906f56b7a91cc11,0,0,9.9355646e-05
deeb3601d9fe8aef549968d28f79ef7b,1,1,0.9999559
bd0820b5a2b3fdbce765facf5624fabc,0,0,8.63821e-05
781e16ec2de51f2334b4c6ff5c35795f,1,1,0.99993336
c3673deb413d914a35832cacf0dcc7e9,0,0,0.00011220104
0c85bc6af0db483391490093a7817cd1,0,0,8.7798464e-05
2a76a94f65b088e163756e8037278d77,1,1,0.99995005
59df39465904db5f961baa6a9040e012,0,0,0.00010580564
041e075ee43c5304bb8e329f3ce24f0a,1,1,0.9876602
82b12616a37db7b920beeca1ece079db,0,0,8.793412e-05
0cc9c3449199da3448c141e98ae07f1d,1,1,0.99995553
027e9d380d6408be32fce51810394402,0,0,8.6769134e-05
79898975c1dc268d45581275eb5c614f,0,0,8.785307e-05
43994c6c6d54af6a8f2ee342eb868eab,0,0,9.166332e-05
9d9197f736483cb68252c5b75d9300fe,0,0,0.00010300562
924cb06c50c0670455e12ac1d59b3dbc,0,0,0.00012826857
811d05ed31d7f52372077d9abb87bd80,1,0,0.1465399
ff74ca5b974eda1c0b84d65e45d52403,0,0,8.740985e-05
e36477fc51f8fb2d3a6d7f3d9e6d82cf,1,1,0.9999474
66b2f159db6f0cb8ff87d0f50ee9ebcf,0,0,8.690428e-05
bc33e7f1f428bd22eb9bf70199b3a396,1,0,0.20706391
59d32cba2f811674ef82483892691fa5,1,1,0.99994683
c5c5f6be91eefa2703bdb3476eaa6a83,0,0,0.0004718155
f7a184ddcfdb903539af2c5870bf7af7,1,0,0.26854372
967a3e3e90388012409ac55d2eb51152,0,0,0.000109596025
394f24c954fdb256d9e1b72975cc0b7c,0,0,0.00011837141
db027c67749dec47649a58daf24c264e,1,0,0.17363717
94ccb69df3489344c3fc9d033e46f5a4,0,0,9.375367e-05
52f9652bdd311bf2b87cef8c2dfe8e67,0,0,8.70867e-05
5add7d11b6d36706690e0a32af32bb39,0,0,8.724504e-05
d593e28436293bae6f7f3cd9459a7b87,0,0,8.7185166e-05
ce970c906b3eb347e55e3dd08450f4d3,1,1,0.9999542
4c8077b7d92453d0e0f0636fc1ba34aa,0,0,9.052868e-05
e6cd61499bdac314b976e72119ed7cad,1,0,0.25472766
ad4a269d2780822ddbd69b8f1a896ddc,1,1,0.9398768
ff9e3b01d1e5dbe60fea1862b7665615,1,1,0.6820689
267dcaa0d1e74e8281691d0eaeb7bfd7,0,0,9.342463e-05
a96b0f865ee1638226cf7116eedc6b9a,1,0,0.26270178
2aa7403465cbfa0ca7e7299c983600f6,1,1,0.9999547
3360fdea66f7a4f5422fd4a9d4bff7cb,1,1,0.999931
89f909760dced8c4044ef41a30353616,1,0,0.2687161
10a7a520cc345d789f5a325b0ae3016a,0,0,8.990925e-05
5d60be0e065275d7e84c29d031971ae8,0,0,8.777478e-05
60f39e135c9c29da8f62506af6133322,0,0,8.701091e-05
99f3865229bfc84881685253f396d7e3,1,0,0.1776154
94fb35651493870d58383b7c4befc19a,0,0,8.670884e-05
b3f39f347da7a7d654d3491ff94a86c3,1,1,0.99995494
37a65cf63abadf08e65cbeef979ae0a3,0,0,0.00010815533
6afed44ed9b8cd870d8ba90314947084,1,0,0.1285548
74e6c1dd81075b297e3783f5894b2d36,0,0,0.000105476836
ee07dacf553521da896a755437958dde,1,1,0.9999465
2288496a49e308d9a7f04a599e403374,1,1,0.9999474
e61b7776b1cf8fa77b4749c9dc380f19,0,0,8.919705e-05
bf021c580064fcb4548e7748137259be,0,0,0.00012531075
aa2de5288575914d6471a782c94df27d,0,0,8.733743e-05
cd1f52961efefb948f51fffe7fc3c4bb,1,1,0.99994826
b5bb0a380c35e118019767ec33395f22,0,0,0.000116554445
ba4944ef13aab450a50956f04a42a084,1,0,0.38089314
b0b7df627833a74411b7369adbe501e0,0,0,0.013448056
349fee713e90efb125c94db372456b6a,1,1,0.5846966
4d6bd2be819e854863fb1e4731b6e9fd,1,1,0.99991703
0ec834fa174ca2523c49087b94566224,0,0,0.00014137375
e91129ca8c055fd4aae5dfb0979db227,0,0,9.375653e-05
901d4fea4cc43924325fedfe3bb22435,1,1,0.9999542
3cbd7ae9221a51aa1a916c93ea99e35b,1,1,0.9999436
a0c253f72f5a71741c26435d3e7c293e,1,1,0.99994564
af86e707237a28edc285a377c4541eea,0,0,8.684868e-05
2fe32baf799bfe7f00ec983b7e1c3518,0,0,0.00011616321
83fa043c696b755d0f18f8c73e460b08,1,1,0.99960154
1f5c9b67b4f495b00ab4859f01faa487,0,0,8.607803e-05
5a56a732bbe1e9f02eca43d77c13a4e5,1,1,0.99973816
2c6eccd2e1d0f3ef47e08cbc0428bea6,1,1,0.9999546
d81295ffd1961cca4456d81e07cbd466,1,1,0.6967576
4a0fbf8d4d6a72f997e510849872da65,0,0,8.7838576e-05
830a6d726f7ae272ecbb5b6ff5feafcd,1,0,0.38112167
edb4279ffe0f93ab42700bebea2c7865,1,1,0.56508356
5e959daa2e76143548c81946a4fee9fe,1,1,0.5312931
6eabb77ec6fd6ee8acb3154c736a3a00,1,1,0.99993217
cb0d6f7979a8200551f46a8cd49192c3,1,0,0.34992713
4c580696c995a5228909c8312b4db80c,0,0,9.220599e-05
2e231de9239465a5f8203c9e0e1c68dc,1,1,0.99990356
ca200a654c69a6e3e67c41ebacc57d3d,1,0,0.28515813
aa3d14d3f446e8f812938eeaf12a32e8,0,0,9.1165224e-05
805ff295d4f42399161a9f89bbaab5a4,1,1,0.99995565
1dd484746568b152f873c35c94bb266f,1,0,0.13992172
b71817ce4ae2377d1b17ab72aa6fc50c,0,0,8.687295e-05
e8e37fa7ad67ba09141cb57e99c8e7a7,0,0,0.00014465326
5d59fd3592f5115dbdef55e70cd44d43,1,1,0.9960008
2cecc2862e0d76fd94117b324d05fe68,0,0,0.00017104833
a20879c137598f1fb96d087fefbe3e93,1,1,0.99994445
dffdd17070d0f37a77be7c154f746b00,1,1,0.57965475
1ec13d875029a1a7a80e6047887e6126,1,1,0.9999554
3343c8e35f775261a0b1e62e90ef069b,1,0,0.18813829
f645ca21b4327c7c9073a6703df3cfb4,0,0,0.00013611316
33d08513eb96f091af4d86c546c58b9e,1,0,0.3768617
fe164e7b8b8ed21afd664735bf83b4d0,1,1,0.99994576
615547a97c5d8a0cfbc7e442c487355d,0,0,9.879221e-05
d8c5658e7cfd1e75c48c0378bc62b497,1,1,0.5977927
41b85cfa3a002b85843c60fa85c4e09d,0,0,0.00012930331
3b1fef409c1b7686ce7674b4e225411b,1,1,0.99110293
15bb7d4ba45d9405b6d6fbd55502ce64,1,1,0.9998266
5b3d817ef198ff0e188ed33839ac75cc,1,1,0.9999522
4f175ee0687db877db8820c60e6555a8,0,0,8.832785e-05
990b5b207ede6c052a1e38b22554c4fc,1,0,0.44105756
da950adad05bf45258df6f2434efb464,0,0,8.73721e-05
8d70802859cf9a532294f988313930af,0,0,8.9615314e-05
d2b483a9ffedf4ccc47f8b25f41ff486,1,1,0.9999548
4d6ec891a22e022bb45d50596ceeedd7,1,0,0.31933326
