label,pred,prob_ai
1,1,0.99961025
1,1,0.99518234
1,1,0.9972892
1,1,0.8627595
1,1,0.9997855
1,1,0.99994946
1,1,0.64419883
1,1,0.9999453
1,1,0.9839294
1,1,0.997681
1,1,0.99960965
1,1,0.9620986
1,1,0.9991897
1,1,0.99104005
1,0,0.06789736
1,1,0.9995623
1,1,0.78373575
1,1,0.9994912
1,1,0.9974891
1,1,0.99931157
1,1,0.99972683
1,1,0.99876606
1,1,0.9797631
1,1,0.9651581
1,1,0.9792357
1,1,0.99981326
1,1,0.9990466
1,0,0.49955595
1,1,0.99883324
1,1,0.9996326
1,1,0.9987344
1,1,0.9999
1,1,0.9998914
1,1,0.91331387
1,0,0.06587588
1,1,0.9986072
1,1,0.97649103
1,1,0.9998227
1,1,0.99980825
1,1,0.9853335
1,1,0.9990639
1,1,0.99989104
1,1,0.91565996
1,1,0.95616144
1,1,0.97958595
1,1,0.99904686
1,1,0.9964445
1,1,0.9995215
1,1,0.97252053
1,1,0.98475677
1,1,0.9999529
1,1,0.9961641
1,1,0.99947244
1,1,0.99970895
1,1,0.9999418
1,1,0.9996426
1,1,0.9553433
1,1,0.81279474
1,1,0.9977436
1,1,0.9393724
1,1,0.99844176
1,1,0.99085474
1,1,0.99995446
1,1,0.99814534
1,1,0.9982285
1,1,0.8631429
1,1,0.9340602
1,1,0.9986308
1,1,0.97784775
1,1,0.9912651
1,1,0.9996302
1,1,0.88033646
1,1,0.9946464
1,1,0.9997842
1,1,0.99942327
1,1,0.8810145
1,1,0.99784195
1,1,0.99429816
1,1,0.99986446
1,1,0.9997644
1,1,0.99990976
1,1,0.9550625
1,1,0.9972921
1,1,0.7710057
1,1,0.9945098
1,1,0.9994717
1,1,0.9990621
1,1,0.72031397
1,1,0.9995122
1,1,0.99768436
1,1,0.9995185
1,1,0.99977773
1,1,0.99977213
1,1,0.9947115
1,1,0.9998584
1,1,0.9994886
1,1,0.9994087
1,1,0.9998832
1,1,0.99940944
1,1,0.997335
1,1,0.9787129
1,1,0.9977042
1,1,0.9997564
1,1,0.9999331
1,1,0.99964416
1,1,0.91426826
1,1,0.9624193
1,1,0.9998265
1,1,0.9998534
1,1,0.8991065
1,1,0.9877908
1,1,0.99990857
1,1,0.9993555
1,1,0.9999211
1,1,0.98424983
1,1,0.94500566
1,1,0.99965584
1,1,0.99904615
1,1,0.9908738
1,1,0.88929504
1,1,0.99888057
1,1,0.99977094
1,1,0.9997913
1,1,0.9702876
1,1,0.9664937
1,1,0.9988625
1,1,0.5388937
1,1,0.99575835
1,1,0.9961748
1,1,0.98817635
1,1,0.99983776
1,1,0.9994844
1,1,0.99847895
1,1,0.9998746
1,1,0.99916315
1,1,0.9762338
1,1,0.99623626
1,1,0.9996891
1,1,0.9974322
1,0,0.45969337
1,1,0.99952376
1,1,0.9961041
1,1,0.9994405
1,1,0.9920081
1,1,0.99129725
1,1,0.99178046
1,1,0.9912411
1,1,0.999689
1,1,0.9997912
1,1,0.9998598
1,1,0.9703085
1,1,0.9951806
1,0,0.31304148
1,1,0.99813396
1,1,0.98914427
1,1,0.9995616
1,1,0.99922454
1,1,0.9990513
1,1,0.9998523
1,1,0.99977857
1,1,0.9985403
1,1,0.9997391
1,1,0.9998548
1,1,0.99276143
1,1,0.9195151
1,1,0.9995334
1,1,0.9998336
1,1,0.99399614
1,1,0.9998747
1,1,0.9994286
1,1,0.9815838
1,1,0.8763445
1,1,0.9993773
1,1,0.9992003
1,1,0.99801046
1,1,0.9996768
1,1,0.99610823
1,1,0.9965077
1,1,0.9941796
1,1,0.99886024
1,1,0.9972203
1,1,0.9913967
1,1,0.99903214
1,1,0.99768925
1,1,0.99945015
1,1,0.9996886
1,1,0.9980421
1,1,0.9972609
1,1,0.9872961
1,1,0.99980205
1,1,0.99960595
1,1,0.5374005
1,1,0.9996803
1,1,0.99851054
1,1,0.99882394
1,1,0.9997702
1,0,0.040627204
1,1,0.98360956
1,1,0.7946316
1,1,0.99989474
1,1,0.9995802
1,1,0.9581336
1,1,0.99978834
1,1,0.99954623
1,1,0.9322272
1,1,0.970312
1,1,0.8881364
1,1,0.98524296
1,1,0.9999292
1,1,0.9692662
1,0,0.3505782
1,1,0.9989329
1,1,0.9999411
1,1,0.9848905
1,1,0.93219435
1,1,0.9991021
1,1,0.8514819
1,1,0.9692969
1,1,0.95133215
1,1,0.99869376
1,1,0.99834514
1,1,0.9998073
1,1,0.50791436
1,1,0.99992645
1,1,0.9996728
1,1,0.991791
1,1,0.9994685
1,1,0.9991302
1,1,0.9959609
1,1,0.99269027
1,1,0.9996613
1,1,0.8060001
1,1,0.999014
1,1,0.6595644
1,1,0.9999379
1,1,0.9915923
1,1,0.99989414
1,1,0.99990654
1,1,0.8784039
1,1,0.9696816
1,1,0.79866594
1,1,0.9954118
1,1,0.8625421
1,1,0.9949832
1,0,0.105917126
1,1,0.9971015
1,1,0.99832505
1,1,0.9992378
1,1,0.9991721
1,1,0.989782
1,1,0.9997489
1,1,0.9950559
1,1,0.9998627
1,1,0.9997553
1,0,0.15898025
1,1,0.92625886
1,1,0.9993488
1,1,0.9842562
1,1,0.9931815
1,1,0.99791163
1,1,0.9996038
1,1,0.8627195
1,1,0.9995388
1,1,0.93462646
1,1,0.9999194
1,1,0.9997825
1,1,0.999907
1,1,0.99970907
1,0,0.48780334
1,1,0.87619126
1,1,0.99988127
1,1,0.9985045
1,1,0.9940088
1,1,0.9994041
1,1,0.9807998
1,1,0.9872329
1,1,0.99791676
1,1,0.9897223
1,1,0.9987086
1,1,0.9996699
1,1,0.9986588
1,1,0.99953246
1,1,0.9992273
1,1,0.93531704
1,1,0.99973875
1,1,0.99901867
1,1,0.9811474
1,1,0.9997534
1,1,0.9946689
1,1,0.9998839
1,1,0.997869
1,1,0.9815052
1,1,0.98570895
1,1,0.99980634
1,1,0.9909741
1,1,0.9994562
1,1,0.99991834
1,1,0.9997552
1,1,0.9993375
1,1,0.99949133
1,1,0.99974877
1,1,0.8987771
1,1,0.99339044
1,1,0.7134906
1,1,0.9997727
1,1,0.99321765
1,1,0.9999056
1,1,0.98853856
1,1,0.89265525
1,1,0.98177916
1,1,0.97844976
1,1,0.99916434
1,1,0.9625752
1,1,0.9993148
1,1,0.9922429
1,1,0.99053776
1,1,0.98567307
1,1,0.99865496
1,1,0.9997365
1,1,0.99994004
1,1,0.999816
1,1,0.9970157
1,1,0.9952974
1,1,0.99969864
1,0,0.17272922
1,1,0.99367505
1,1,0.99982005
1,1,0.9969894
1,1,0.99934345
1,1,0.991907
1,1,0.87362105
1,1,0.95582175
1,1,0.99526465
1,1,0.9618291
1,1,0.9978612
1,1,0.99929
1,1,0.99894804
1,1,0.9998369
1,1,0.99959046
1,1,0.93218917
1,1,0.99732685
1,1,0.9944397
1,1,0.99824023
1,1,0.9880251
1,1,0.99962103
1,1,0.99964094
1,1,0.9892893
1,1,0.9994305
1,1,0.9981744
1,1,0.9994419
1,1,0.99750996
1,1,0.99986124
1,1,0.9941802
1,1,0.99794894
1,1,0.94760215
1,1,0.9999335
1,1,0.99940264
1,1,0.9927608
1,1,0.9998512
1,1,0.999798
1,1,0.9987424
1,1,0.9998565
1,1,0.9961021
1,1,0.9580282
1,1,0.999913
1,1,0.9945193
1,1,0.9881081
1,1,0.99722904
1,1,0.9651589
1,1,0.99943525
1,1,0.97715366
1,1,0.99636626
1,1,0.99981874
1,1,0.5444023
1,1,0.99091035
1,1,0.99986124
1,1,0.9920459
1,1,0.99812716
1,1,0.9882427
1,1,0.9934012
1,1,0.99981743
1,1,0.9988821
1,1,0.9751399
1,1,0.99982244
1,1,0.9839114
1,1,0.76053596
1,1,0.99986637
1,1,0.62666106
1,1,0.9996747
1,1,0.9998505
1,0,0.032219857
1,1,0.99965096
1,0,0.40594217
1,1,0.9776048
1,1,0.99905056
1,1,0.9998915
1,1,0.9162491
1,1,0.99686486
1,1,0.9986842
1,1,0.99792635
1,1,0.99982893
1,1,0.9465333
1,1,0.99755293
1,1,0.99879825
1,1,0.99977916
1,1,0.99979514
1,1,0.9997435
1,1,0.9998301
1,0,0.4398428
1,1,0.99925214
1,1,0.9993622
1,0,0.058155164
1,1,0.9988385
1,1,0.9994548
1,1,0.9998685
1,1,0.9996635
1,1,0.99856853
1,1,0.9820129
1,1,0.8971426
1,1,0.9955995
1,1,0.9992866
1,1,0.9980975
1,1,0.99977535
1,1,0.99994385
1,1,0.9981188
1,1,0.99982834
1,1,0.99890494
1,1,0.9997738
1,1,0.99987733
1,0,0.074126385
1,1,0.9959571
1,1,0.9968831
1,1,0.999622
1,1,0.99965787
1,1,0.9998528
1,1,0.9868674
1,1,0.9988135
1,1,0.6534013
1,1,0.9999045
1,1,0.9998635
1,1,0.9991953
1,1,0.9997522
1,1,0.96361035
1,1,0.994942
1,1,0.9303659
1,1,0.9887579
1,1,0.87714887
1,1,0.99482745
1,1,0.9989518
1,1,0.99957436
1,1,0.9996538
1,1,0.9988111
1,1,0.9997067
1,1,0.9989874
1,1,0.99979633
1,1,0.99970007
1,1,0.9977822
1,1,0.99979514
1,1,0.9992367
1,1,0.99900407
1,1,0.8173886
1,1,0.9997116
1,1,0.9895837
1,0,0.11289198
1,1,0.88016254
1,1,0.9989292
1,1,0.99935395
1,1,0.9980406
1,0,0.2434737
1,1,0.9998567
1,1,0.9998018
1,1,0.99968314
1,1,0.9991381
1,1,0.81905603
1,1,0.99534506
1,1,0.99960834
1,1,0.9892784
1,1,0.9995763
1,1,0.9984622
1,1,0.99983335
1,1,0.9998777
1,1,0.99913317
1,1,0.99935526
1,1,0.9998041
1,1,0.9932841
1,1,0.99629456
1,1,0.99854434
1,1,0.9947962
1,1,0.99128985
1,1,0.98050445
1,1,0.9971046
1,1,0.9860698
1,1,0.99276286
1,1,0.99789655
1,1,0.99967575
1,1,0.9983277
1,1,0.9999378
1,1,0.99824095
1,1,0.9993362
1,1,0.99717087
1,1,0.87416124
1,1,0.99980253
1,1,0.9987128
1,1,0.99489427
1,1,0.99977213
1,1,0.99933136
1,1,0.9998481
1,1,0.99904054
1,1,0.9998933
1,1,0.99969816
1,1,0.99952877
1,1,0.9995011
1,1,0.9996278
1,1,0.9997478
1,1,0.9820372
1,1,0.98516893
1,1,0.97228616
1,1,0.9997707
1,1,0.99067265
1,1,0.99864095
1,1,0.9994729
1,1,0.9998983
1,1,0.9991798
1,1,0.9998797
1,1,0.9869524
1,1,0.6393185
1,1,0.9995166
1,1,0.9759201
1,1,0.9497627
1,1,0.99940574
1,1,0.9999132
1,1,0.9993618
1,1,0.9998104
1,1,0.9992275
1,1,0.9986933
1,1,0.87653625
1,1,0.99849355
1,0,0.20375541
1,1,0.99981755
1,1,0.9846016
1,1,0.9990583
1,1,0.9996221
1,1,0.9997663
1,1,0.9800259
1,1,0.97869086
1,1,0.9996314
1,1,0.98758954
1,1,0.9996996
1,0,0.025864806
1,1,0.7555447
1,1,0.99724483
1,1,0.9992912
1,1,0.9971089
1,1,0.99972457
1,1,0.99779946
1,1,0.9965681
1,1,0.9946713
1,1,0.99242
1,1,0.9990721
1,1,0.99961495
1,1,0.95720065
1,0,0.1687718
1,1,0.99974555
1,1,0.99937767
1,1,0.9939772
1,1,0.9572473
1,1,0.99961483
1,1,0.9999242
1,1,0.99474066
1,1,0.9727911
1,1,0.9982463
1,1,0.9987985
1,1,0.9712459
1,1,0.9955793
1,1,0.98988986
1,1,0.99966025
1,1,0.9984616
1,1,0.9984487
1,1,0.99986315
1,1,0.99992573
1,1,0.999866
1,1,0.9997149
1,1,0.97415316
1,1,0.9998068
1,1,0.996135
1,1,0.9996747
1,1,0.9996698
1,1,0.9957053
1,1,0.9993013
1,1,0.9971009
1,1,0.9997303
1,1,0.99991035
1,1,0.9999068
1,1,0.95917195
1,1,0.994395
1,1,0.99970955
1,1,0.8603824
1,1,0.96836144
1,1,0.9997658
1,1,0.9998518
1,1,0.9976386
1,1,0.99985695
1,1,0.9605168
1,1,0.9981614
1,1,0.9997589
1,1,0.9992556
1,1,0.5765148
1,1,0.9919485
1,1,0.996201
1,0,0.2910692
1,1,0.99931526
1,1,0.9990717
1,1,0.9996289
1,1,0.9998894
1,1,0.99494946
1,1,0.9983537
1,1,0.99985075
1,1,0.7240388
1,1,0.9998927
1,1,0.99922705
1,1,0.9986027
1,1,0.9986198
1,1,0.71387964
1,0,0.120092124
1,1,0.9921848
1,1,0.9995167
1,1,0.9998056
1,1,0.9982079
1,1,0.99690586
1,1,0.99977916
1,1,0.97607553
1,1,0.99515533
1,1,0.9995515
1,1,0.9998603
1,1,0.9998461
1,1,0.99993694
1,1,0.9967539
1,1,0.9951918
1,1,0.96775734
1,1,0.9981431
1,1,0.9980975
1,1,0.9997336
1,1,0.96705985
1,1,0.9992347
1,1,0.9998197
1,1,0.9996567
1,1,0.9992323
1,1,0.9993211
1,1,0.9973429
1,1,0.9990176
1,1,0.99966216
1,1,0.94256747
1,1,0.99951327
1,1,0.9997693
1,1,0.9997496
1,1,0.68980104
1,1,0.99250424
1,1,0.7342328
1,1,0.9995926
1,1,0.9996799
1,1,0.9980478
1,1,0.9945304
1,1,0.9998005
1,1,0.9999286
1,1,0.99974173
1,1,0.9994461
1,1,0.9913697
1,1,0.98780894
1,1,0.99760854
1,1,0.99965644
1,1,0.99989796
1,1,0.9992113
1,1,0.99867874
1,1,0.9982158
1,1,0.9996239
1,1,0.99969447
1,1,0.9997234
1,1,0.9983997
1,1,0.99923444
1,1,0.9977197
1,1,0.9967127
1,1,0.9994649
1,1,0.9994867
1,1,0.9998907
1,1,0.9998148
1,1,0.9915235
1,1,0.99657756
1,1,0.9996075
1,1,0.9996376
1,1,0.9975241
1,1,0.9962478
1,1,0.7268374
1,1,0.99920195
1,1,0.99982774
1,1,0.99957436
1,1,0.99352396
1,1,0.99499846
1,1,0.991355
1,1,0.996894
1,1,0.99974114
1,1,0.996949
1,1,0.99802566
1,1,0.9976382
1,1,0.9852608
1,0,0.075374864
1,1,0.9976603
1,1,0.99767727
1,1,0.9993544
1,1,0.9986941
1,1,0.9998011
1,1,0.9939354
1,1,0.99965024
1,1,0.9869698
1,1,0.999663
1,1,0.9949786
1,1,0.99866486
1,1,0.8360009
1,1,0.99987173
1,1,0.9929101
1,1,0.9996145
1,0,0.12333067
1,1,0.99964917
1,1,0.99952066
1,1,0.97564393
1,1,0.9943241
1,1,0.9996184
1,1,0.99991727
1,1,0.99914765
1,1,0.9889079
1,1,0.999663
1,1,0.99993515
1,1,0.99743026
1,1,0.99734396
1,1,0.98917013
1,1,0.99498206
1,1,0.99843913
1,1,0.99939454
1,1,0.99934596
1,1,0.99927706
1,1,0.9997056
1,1,0.99245363
1,1,0.9985989
1,1,0.9998714
1,1,0.99973136
1,1,0.99894553
1,1,0.9994367
1,1,0.9994454
1,1,0.8972017
1,1,0.9197226
1,1,0.98280567
1,1,0.9962573
1,1,0.9966852
1,1,0.99972457
1,1,0.9997644
1,1,0.9524801
1,1,0.9960622
1,1,0.9989667
1,1,0.9826329
1,1,0.9982462
1,1,0.9992065
1,1,0.99990153
1,1,0.7020422
1,1,0.9953714
1,1,0.99845517
1,1,0.7489533
1,1,0.9992181
1,1,0.99803907
1,1,0.8875029
1,1,0.99968064
1,1,0.9949142
1,1,0.9810698
1,1,0.99822253
1,1,0.6454619
1,1,0.99387425
1,1,0.9990596
1,1,0.9998802
1,1,0.6780013
1,1,0.88552535
1,1,0.99604815
1,1,0.99969375
1,1,0.9952069
1,1,0.9992384
1,1,0.9960419
1,1,0.77064884
1,1,0.9970824
1,1,0.9997389
1,1,0.9889764
1,0,0.2622133
1,1,0.9956109
1,1,0.9997148
1,1,0.99406743
1,1,0.99625635
1,1,0.99985003
1,1,0.999212
1,1,0.99846363
1,1,0.99941134
1,1,0.8201919
1,1,0.99961627
1,1,0.9989091
1,1,0.999009
1,1,0.9873087
1,1,0.9982766
1,1,0.9997805
1,1,0.72910595
1,1,0.99358046
1,1,0.98881626
1,1,0.99726343
1,1,0.9865507
1,1,0.99982893
1,1,0.92992646
1,1,0.9993119
1,1,0.9997893
1,1,0.9992749
1,1,0.9998934
1,1,0.9980877
1,1,0.99949825
1,1,0.9999019
1,1,0.9998585
1,1,0.99928975
1,1,0.9124675
1,1,0.9998814
1,1,0.99958485
1,1,0.5843442
1,1,0.99924856
1,1,0.9996493
1,1,0.99985266
1,1,0.9987257
1,1,0.9938699
1,1,0.7743507
1,1,0.9999273
1,1,0.9977876
1,1,0.9715044
1,1,0.99933004
1,1,0.9937875
1,1,0.96562773
1,1,0.99990904
1,1,0.9957218
1,1,0.99753654
1,1,0.9997701
1,1,0.99629945
1,1,0.9996132
1,1,0.99832577
1,1,0.9999064
1,1,0.99957615
1,1,0.99906045
1,1,0.98927176
1,1,0.9830571
1,1,0.99946076
1,1,0.9993531
1,1,0.9650797
1,1,0.97965676
1,1,0.9993895
1,1,0.99293065
1,1,0.99981385
1,1,0.9997881
1,1,0.9983523
1,1,0.6320603
1,1,0.9998349
1,1,0.98408115
1,1,0.99196213
1,1,0.99982554
1,1,0.99855083
1,1,0.88628894
1,1,0.87485147
1,1,0.9996667
1,1,0.99984336
1,1,0.9993211
1,1,0.9989078
1,1,0.79989666
1,1,0.99936074
1,1,0.9976018
1,1,0.9723766
1,1,0.99522424
1,1,0.9839954
1,1,0.99592364
1,1,0.9910891
1,1,0.5659237
1,1,0.98499495
1,1,0.99984527
1,1,0.9995097
1,1,0.9366488
1,1,0.99703336
1,1,0.99723697
1,1,0.7710245
1,1,0.9845041
1,1,0.99984586
1,1,0.99831176
1,1,0.99945897
1,1,0.99958616
1,1,0.9970169
1,1,0.9817479
1,1,0.9544439
1,1,0.9902507
1,1,0.99930143
1,0,0.4852101
1,1,0.99950707
1,1,0.9202702
1,1,0.99861693
1,1,0.9961892
1,1,0.943031
1,1,0.8440468
1,1,0.99995124
1,1,0.99795735
1,1,0.99683577
1,1,0.9985116
1,1,0.9998505
1,1,0.9923866
1,1,0.9995159
1,1,0.99836725
1,1,0.9820201
1,1,0.99946946
1,0,0.4031511
1,1,0.6707259
1,1,0.9994869
1,1,0.99986947
1,1,0.9997235
1,1,0.9999126
1,1,0.99975055
1,1,0.9988257
1,1,0.99976164
1,1,0.90978223
1,1,0.9897848
1,1,0.9990363
1,1,0.9995881
1,1,0.9999256
1,1,0.999762
1,1,0.99917597
1,1,0.6951245
1,1,0.9990953
1,1,0.9991295
1,1,0.99964905
1,1,0.99986315
1,1,0.99931026
1,1,0.9965893
1,1,0.9998616
1,1,0.9998318
1,1,0.9942305
1,1,0.9965829
1,1,0.9990363
1,1,0.99991083
1,1,0.9986865
1,1,0.9901507
1,0,0.43229425
1,1,0.9986267
1,1,0.9995338
1,1,0.9918578
1,1,0.9997427
1,1,0.9993942
1,1,0.7938328
1,1,0.9998528
1,1,0.99982697
1,1,0.99416757
1,0,0.1883771
1,1,0.99966383
1,1,0.9987029
1,1,0.9984029
1,1,0.9864834
1,1,0.99202675
1,1,0.9951565
1,1,0.9428631
1,1,0.998912
1,1,0.998926
1,1,0.99890244
1,1,0.98856366
1,1,0.83980525
1,1,0.99434
1,1,0.96575993
1,0,0.45357463
1,1,0.9354006
1,1,0.99989796
1,1,0.9989998
1,1,0.99993217
1,1,0.99977046
1,1,0.9999198
1,1,0.99427325
1,1,0.9987055
1,1,0.9998573
1,1,0.9998838
1,1,0.99987864
1,1,0.99967384
1,1,0.9988249
1,1,0.99027234
1,1,0.8266787
1,1,0.99987125
1,1,0.9963683
1,1,0.9996842
1,1,0.99570507
1,1,0.99907196
1,1,0.9936987
1,1,0.9999198
1,1,0.9989901
1,1,0.9997609
1,1,0.9986034
1,1,0.9829701
1,1,0.99981254
1,1,0.99313205
1,1,0.998901
1,1,0.65091133
1,1,0.9992823
1,1,0.99953043
1,1,0.99962544
1,1,0.99956745
1,1,0.9942866
1,1,0.9687326
1,1,0.992363
1,1,0.9992091
1,1,0.99317706
1,1,0.9320805
1,1,0.99970007
1,1,0.99918693
1,1,0.99705076
1,1,0.9906573
1,1,0.7413748
1,1,0.9998221
1,1,0.9649727
1,1,0.99966145
1,1,0.9766465
1,1,0.9870608
1,1,0.9929975
1,1,0.9988772
1,1,0.99969816
1,1,0.98273426
1,1,0.99987173
1,1,0.9995906
1,1,0.99918526
1,1,0.9940274
1,1,0.9979607
1,1,0.9994728
1,1,0.9594393
1,1,0.9991842
1,1,0.99987686
1,1,0.9997042
1,1,0.6056103
1,1,0.99964404
1,1,0.9918286
1,1,0.9997254
1,1,0.999689
1,1,0.995471
1,1,0.99988365
1,1,0.99835324
1,1,0.99033946
1,1,0.9996623
1,1,0.99993217
1,1,0.9994554
1,1,0.99979407
1,1,0.9967751
1,1,0.9772907
1,1,0.9983516
1,0,0.12747422
1,1,0.9996599
1,1,0.99788374
1,1,0.99605954
1,1,0.9997465
1,1,0.9894287
1,1,0.99908185
1,1,0.9885279
1,1,0.9995378
1,1,0.52476656
1,1,0.999782
1,1,0.9995814
1,1,0.9991357
1,1,0.8863412
1,1,0.9944384
1,1,0.9993537
1,1,0.9995801
1,1,0.96730775
1,1,0.919961
1,1,0.9903949
1,1,0.9963664
1,1,0.9994691
1,1,0.97032917
1,1,0.9983454
1,1,0.99443626
1,1,0.8108807
1,1,0.999485
1,1,0.999438
1,0,0.12286078
1,1,0.9972727
1,1,0.99993324
1,1,0.99967504
1,1,0.9997068
1,1,0.98085046
1,1,0.9970759
1,1,0.9998963
1,1,0.9994898
1,1,0.80784464
1,1,0.99983084
1,1,0.9200194
1,1,0.9998956
1,1,0.6521664
1,1,0.9997247
1,1,0.614025
1,1,0.9994585
1,1,0.79665816
1,1,0.9979613
1,1,0.9988194
1,1,0.9991591
1,1,0.95481235
1,1,0.9100968
1,1,0.99846673
1,1,0.9929381
1,1,0.9998759
1,1,0.99968994
1,1,0.8382073
1,1,0.99977165
1,1,0.99690384
1,1,0.999821
1,1,0.99987054
1,1,0.9998161
1,1,0.99954444
1,1,0.9989573
1,1,0.99929
1,1,0.99819607
1,1,0.8048301
1,1,0.95202184
1,1,0.99407876
1,1,0.967036
1,1,0.9985769
1,1,0.9955214
1,1,0.9995882
1,1,0.99974424
1,1,0.9993364
1,1,0.94859666
1,1,0.9997259
1,1,0.99956435
1,1,0.99625933
1,1,0.99835443
1,1,0.99009997
1,1,0.9988152
1,1,0.999828
1,1,0.97125703
1,1,0.9992762
1,1,0.99938595
1,1,0.9997861
1,1,0.99967635
1,1,0.99949574
1,1,0.92061096
1,1,0.99940157
1,1,0.9996458
1,1,0.6390724
1,1,0.9998084
1,1,0.99975735
1,1,0.99905163
1,1,0.9998925
1,1,0.99451363
1,1,0.98501915
1,1,0.99942243
1,1,0.98581713
1,1,0.99974567
1,1,0.9994485
1,1,0.9672789
1,1,0.95600647
1,1,0.98564106
1,1,0.9998642
1,1,0.99954104
1,1,0.9984074
1,1,0.99992526
1,1,0.9987213
1,1,0.99933237
1,1,0.99099815
1,1,0.9993017
1,1,0.99971765
1,1,0.99976295
1,1,0.99963665
1,1,0.9923111
1,1,0.98551
1,1,0.9982399
1,1,0.8461475
1,1,0.9997532
1,1,0.9999
1,1,0.99419725
1,1,0.86501426
1,1,0.995093
1,1,0.9824524
1,0,0.049519062
1,1,0.9749971
1,1,0.9995579
1,1,0.9997844
1,1,0.97090507
1,1,0.980049
1,1,0.99537164
1,1,0.6251254
1,1,0.99915266
1,1,0.9993374
1,1,0.99969006
1,1,0.9920643
1,1,0.9992773
1,1,0.9655617
1,1,0.94082624
1,1,0.999841
1,1,0.99576473
1,1,0.99916637
1,1,0.9993119
1,1,0.99721575
1,1,0.99799585
1,1,0.9981072
1,1,0.999537
1,1,0.9325103
1,1,0.99725777
1,1,0.99964774
1,1,0.99992096
1,1,0.9990815
1,1,0.9996792
1,1,0.99980944
1,1,0.9993844
1,1,0.97793144
1,1,0.9977449
1,1,0.9997495
1,1,0.9997551
1,1,0.99524045
1,0,0.29396597
1,0,0.28905982
1,1,0.99955124
1,1,0.97438556
1,1,0.99980325
1,1,0.9989974
1,1,0.99935776
1,1,0.988379
1,1,0.99950373
1,1,0.9999416
1,1,0.99989116
1,1,0.99925905
1,1,0.9970476
1,1,0.9974904
1,1,0.98956376
1,1,0.6501829
1,1,0.9998299
1,1,0.95862687
1,1,0.9928852
1,1,0.99965096
1,1,0.9998708
1,1,0.99590564
1,1,0.99948007
1,1,0.99993265
1,1,0.9660948
1,1,0.9997594
1,1,0.99969447
1,1,0.9998523
1,1,0.99942493
1,1,0.9990571
1,1,0.99990726
1,1,0.99943274
1,1,0.9938834
1,1,0.9957546
1,1,0.59948575
1,1,0.999824
1,1,0.9997602
1,1,0.9183875
1,1,0.9935328
1,1,0.9983955
1,1,0.98404086
1,1,0.9981377
1,1,0.74414647
1,1,0.9843887
1,1,0.8286496
1,1,0.99871325
1,1,0.9968189
1,1,0.9560357
1,1,0.99954444
1,1,0.99701536
1,1,0.9998491
1,1,0.99336183
1,1,0.9890083
1,1,0.88856125
1,1,0.9825178
1,1,0.99678624
1,1,0.999801
1,1,0.9999248
1,1,0.9982168
1,1,0.9301906
1,1,0.9988423
1,1,0.9997049
1,1,0.9984825
1,1,0.9998405
1,1,0.99860173
1,1,0.99529064
1,1,0.9991001
1,1,0.85881054
1,1,0.9759148
1,1,0.9981964
1,1,0.9998233
1,1,0.9998299
1,1,0.5207673
1,1,0.99923766
1,0,0.043911103
1,1,0.85539246
1,1,0.9999287
1,1,0.7994707
1,1,0.9998462
1,1,0.9998741
1,1,0.99421304
1,1,0.9757313
1,1,0.99899286
1,1,0.99434644
1,1,0.9999125
1,1,0.6286767
1,1,0.99922097
1,1,0.99975556
1,1,0.99969935
1,1,0.9998498
1,1,0.999495
1,1,0.99326104
1,1,0.9999
1,1,0.9995567
1,1,0.91114783
1,1,0.96651465
1,1,0.62228656
1,1,0.99960214
1,1,0.9965733
1,1,0.99921656
1,1,0.9850301
1,1,0.9958657
1,1,0.9410905
1,1,0.9992225
1,1,0.99818534
1,1,0.9996953
1,1,0.99492586
1,1,0.9619695
1,1,0.94996256
1,0,0.14159438
1,0,0.4702847
1,1,0.99893886
1,1,0.99350774
1,1,0.99696773
1,1,0.999882
1,1,0.99887687
1,1,0.9745841
1,1,0.9984273
1,1,0.99903107
1,1,0.99983037
1,1,0.99964774
1,0,0.4399562
1,1,0.99656785
1,1,0.992462
1,1,0.9544238
1,1,0.9998109
1,1,0.9995357
1,1,0.99948263
1,1,0.9938578
1,1,0.99974257
1,1,0.9781134
1,1,0.99795663
1,1,0.99974495
1,1,0.9995915
1,1,0.99936503
1,1,0.9997521
1,1,0.9996062
1,1,0.99940157
1,1,0.99580246
1,1,0.9971529
1,1,0.9999101
1,1,0.9999081
1,1,0.9854181
1,1,0.99894947
1,1,0.99971765
1,1,0.9994815
1,1,0.9986512
1,1,0.99941266
1,1,0.99988985
1,1,0.9727548
1,1,0.9991086
1,1,0.9996178
1,1,0.940875
1,1,0.97842944
1,1,0.96329886
1,1,0.9960503
1,1,0.8308937
1,1,0.9998561
1,1,0.9980635
1,1,0.9995608
1,1,0.5924254
1,0,0.38162446
1,1,0.999881
1,1,0.9873568
1,1,0.9993717
1,1,0.97911686
1,1,0.9985134
1,1,0.503764
1,1,0.5875457
1,1,0.9470331
1,1,0.99948597
1,1,0.80986655
1,1,0.9162238
1,1,0.99568033
1,1,0.9966467
1,1,0.99761367
1,1,0.9997899
1,1,0.99978405
1,1,0.99986637
1,1,0.9994624
1,1,0.99937564
1,1,0.98682666
1,1,0.99216366
1,1,0.9990427
1,1,0.9998443
1,1,0.99900514
1,1,0.99335194
1,1,0.9994267
1,1,0.99989235
1,1,0.99991155
1,0,0.07059089
1,1,0.9911515
1,1,0.9635392
1,1,0.99426985
1,1,0.9943942
1,1,0.9768809
1,1,0.99978215
1,1,0.9997696
1,1,0.9996339
1,1,0.9989182
1,1,0.9738539
1,1,0.994173
1,1,0.9981527
1,1,0.9238966
1,1,0.99880934
1,1,0.9775833
1,1,0.99713814
1,1,0.9999057
1,1,0.9211138
1,1,0.99911195
1,1,0.8050254
1,1,0.99958175
1,1,0.9997106
1,1,0.9987728
1,1,0.99968135
1,1,0.97094065
1,1,0.7367436
1,1,0.95786697
1,1,0.998324
1,1,0.904948
1,1,0.99331635
1,1,0.9997708
1,1,0.99938095
1,1,0.68428314
1,1,0.99797255
1,1,0.9992895
1,1,0.9247031
1,1,0.99960536
1,1,0.99881846
1,1,0.9999318
1,1,0.9595529
1,1,0.985606
1,1,0.99972874
1,1,0.99721885
1,1,0.99786806
1,0,0.4943893
1,1,0.9997148
1,1,0.99934906
1,1,0.998237
1,1,0.9219369
1,1,0.99635553
1,1,0.99991286
1,1,0.99893063
1,1,0.9854595
1,1,0.99753594
1,1,0.9371299
1,1,0.9983847
1,1,0.9979372
1,1,0.99459535
1,0,0.16005102
1,1,0.9877787
1,1,0.9998147
1,1,0.9997911
1,1,0.9899184
1,1,0.9575146
1,1,0.9979265
1,1,0.9501064
1,1,0.93325466
1,1,0.9959709
1,1,0.97751653
1,1,0.9738921
1,0,0.015986966
1,1,0.9994597
1,1,0.9984364
1,1,0.99960524
1,0,0.19738479
1,1,0.9661343
1,1,0.9988263
1,1,0.9963224
1,1,0.9953186
1,1,0.99945825
1,0,0.26882896
1,1,0.89370686
1,1,0.9962406
1,1,0.9990294
1,1,0.99991274
1,1,0.9962676
1,1,0.9987992
1,1,0.9728933
1,1,0.99869835
1,1,0.99339724
1,1,0.9943071
1,1,0.9991417
1,1,0.9939506
1,1,0.688265
1,0,0.30611086
1,1,0.9993136
1,1,0.9987382
1,1,0.99939656
1,1,0.985307
1,0,0.29516518
1,1,0.9787648
1,1,0.99959356
1,1,0.9966888
1,1,0.9999095
1,1,0.6629521
1,1,0.9997882
1,1,0.99103093
1,1,0.95685
1,1,0.9994342
1,1,0.9994597
1,1,0.99976176
1,1,0.9998148
1,1,0.9998635
1,1,0.99983084
1,1,0.9996313
1,1,0.9993237
1,1,0.891439
1,1,0.99958414
1,1,0.999451
1,1,0.999718
1,1,0.9985079
1,1,0.9927549
1,1,0.9993187
1,1,0.999335
1,1,0.9994916
1,1,0.9985784
1,1,0.9986313
1,1,0.99948967
1,1,0.9998865
1,1,0.9998161
1,1,0.999635
1,1,0.99954045
1,1,0.99971014
1,1,0.99215186
1,1,0.99924076
1,1,0.9997509
1,1,0.9988059
1,0,0.20453233
1,1,0.98955804
1,1,0.999635
1,1,0.9410184
1,1,0.97794414
1,1,0.9994734
1,1,0.9999317
1,1,0.99620265
1,1,0.9995352
1,0,0.36351213
1,1,0.9987601
1,1,0.9957222
1,1,0.9998203
1,1,0.9995378
1,1,0.97065645
1,1,0.9998697
1,1,0.9996762
1,1,0.98679733
1,1,0.9983443
1,1,0.9983683
1,1,0.9991542
1,1,0.99980026
1,1,0.9996722
1,1,0.9998399
1,1,0.99708825
1,1,0.99861753
1,1,0.9943053
1,1,0.7497382
1,1,0.99967766
1,1,0.99974424
1,1,0.9575078
1,1,0.99994004
1,1,0.9991647
1,1,0.99783784
1,1,0.9998839
1,1,0.99617237
1,1,0.965849
1,1,0.9996443
1,1,0.9671866
1,1,0.7949813
1,1,0.9998529
1,1,0.9997408
1,1,0.9812284
1,1,0.999726
1,1,0.99841905
1,1,0.9993886
1,1,0.9966627
1,1,0.99936944
1,1,0.9999386
1,1,0.99627644
1,1,0.99914646
1,1,0.9991079
1,1,0.99934953
1,1,0.99855417
1,1,0.9976914
1,1,0.99971586
1,1,0.9998497
1,1,0.9999268
1,1,0.9996138
1,1,0.99958414
1,1,0.9825649
1,1,0.999577
1,1,0.99972683
1,1,0.9991979
1,1,0.99963117
1,1,0.9987795
1,1,0.9912059
1,1,0.998958
1,1,0.9992316
1,1,0.9239461
1,1,0.98237383
1,1,0.97580737
1,1,0.9993672
1,1,0.999819
1,1,0.99932706
1,1,0.9660739
1,1,0.9998548
1,1,0.99940944
1,1,0.99581546
1,1,0.99966383
1,1,0.9160345
1,1,0.9997842
1,1,0.9987924
1,1,0.99852544
1,1,0.97159374
1,1,0.9905096
1,1,0.99970335
1,1,0.99648005
1,1,0.9998847
1,1,0.987879
1,1,0.99937636
1,1,0.980209
1,1,0.9997731
1,1,0.99588287
1,1,0.9999232
1,1,0.999298
1,1,0.9998827
1,1,0.9998375
1,1,0.9996445
1,1,0.9967014
1,1,0.99967873
1,1,0.98644155
1,1,0.9728967
1,1,0.99806386
1,1,0.94427294
1,1,0.99693006
1,1,0.9998578
1,1,0.9403875
1,1,0.7012013
1,0,0.14345196
1,1,0.99937314
1,1,0.9886911
1,1,0.999524
1,1,0.98298347
1,1,0.95963544
1,1,0.9911504
1,1,0.9976985
1,1,0.9998362
1,1,0.9987571
1,1,0.99980944
1,1,0.9998845
1,1,0.9029444
1,1,0.9996823
1,1,0.9997311
1,1,0.99953103
1,1,0.9166336
1,1,0.99920577
1,1,0.99953103
1,1,0.9994603
1,1,0.99952364
1,1,0.99143136
1,1,0.9987476
1,1,0.9989761
1,1,0.99982256
1,1,0.99930763
1,1,0.9997203
1,1,0.9998128
1,1,0.98949546
1,1,0.94264275
1,1,0.99984264
1,1,0.9997055
1,1,0.9976325
1,1,0.97291654
1,1,0.9930432
1,1,0.9994061
1,1,0.99551505
1,1,0.99964654
1,1,0.99801093
1,1,0.9889897
1,1,0.9996462
1,1,0.87039286
1,1,0.9937389
1,1,0.9992901
1,1,0.99518675
1,1,0.9998418
1,1,0.9997168
1,1,0.99756914
1,0,0.3692585
1,1,0.9999169
1,1,0.9997856
1,1,0.9996755
1,1,0.99960274
1,1,0.9993243
1,1,0.9998536
1,1,0.99956256
1,1,0.999079
1,1,0.9997576
1,1,0.9998816
1,1,0.892808
1,1,0.99796486
1,1,0.9942932
1,1,0.9895214
1,1,0.9998455
1,1,0.9992575
1,1,0.987688
1,1,0.61763114
1,1,0.99953866
1,1,0.9998209
1,1,0.9999285
1,1,0.98291576
1,1,0.9997379
1,1,0.9719964
1,1,0.9973878
1,1,0.9944207
1,1,0.99862254
1,1,0.9968556
1,1,0.9995913
1,1,0.9974022
1,1,0.9981292
1,1,0.99729294
1,1,0.99992454
1,1,0.99994195
1,1,0.9976987
1,1,0.9931369
1,1,0.99946684
1,1,0.9932439
1,1,0.99878126
1,0,0.06527161
1,1,0.99966717
1,1,0.9998529
1,1,0.99952006
1,1,0.9991861
1,1,0.99981266
1,1,0.99979967
1,1,0.99693644
1,1,0.99706405
1,1,0.9992981
1,1,0.9998858
1,1,0.93634856
1,1,0.88070464
1,1,0.99889475
1,1,0.9908138
1,1,0.9717782
1,1,0.9998857
1,1,0.9446888
1,1,0.99432445
1,1,0.99956256
1,1,0.99941456
1,1,0.99031514
1,1,0.9750982
1,1,0.99871457
1,1,0.90823936
1,1,0.998334
1,1,0.9601388
1,1,0.99823916
1,1,0.983961
1,1,0.9996159
1,1,0.99375904
1,1,0.99479204
1,1,0.999902
1,1,0.9947389
1,1,0.9186011
1,1,0.99758434
1,1,0.99227965
1,1,0.99218386
1,1,0.6185702
1,1,0.9995814
1,1,0.99835664
1,1,0.9907417
1,1,0.9921192
1,0,0.17884214
1,1,0.98710966
1,1,0.9997211
1,0,0.209354
1,1,0.6981398
1,1,0.99987364
1,1,0.99982256
1,1,0.9484661
1,1,0.98945755
1,1,0.99991775
1,1,0.9906661
1,1,0.7626321
1,1,0.99871206
1,1,0.9974611
1,1,0.9995554
1,1,0.99991524
1,1,0.99960715
1,1,0.8440403
1,1,0.9997397
1,1,0.99937975
1,1,0.9980563
1,1,0.5932547
1,1,0.99989855
1,1,0.99983895
1,1,0.5655879
1,1,0.9997936
1,1,0.99987686
1,1,0.9929971
1,1,0.99553573
1,1,0.99888676
1,1,0.99989843
1,1,0.84238684
1,1,0.9980718
1,1,0.9968058
1,1,0.9996631
1,1,0.99953425
1,1,0.9446972
1,1,0.8167062
1,1,0.99993026
1,1,0.95135057
1,1,0.9629215
1,1,0.9692807
1,1,0.9308179
1,1,0.9966515
1,1,0.86256015
1,1,0.99960726
1,1,0.7507858
1,1,0.9997502
1,1,0.9998534
1,1,0.99767536
1,1,0.9991425
1,1,0.99904376
1,1,0.97174126
1,1,0.9996319
1,1,0.9999132
1,1,0.99992096
1,1,0.999726
1,1,0.9995035
1,0,0.033825852
1,0,0.034903996
1,1,0.9847728
1,1,0.9998698
1,1,0.9998417
1,1,0.9398195
1,1,0.99979275
1,1,0.99992883
1,1,0.99446917
1,1,0.98512554
1,1,0.99945265
1,0,0.03867178
1,1,0.9998307
1,1,0.9998172
1,1,0.996372
1,1,0.9998565
1,1,0.99752504
1,1,0.990256
1,1,0.99843866
1,1,0.9987153
1,1,0.9974214
1,1,0.99956006
1,1,0.97523457
1,1,0.9994727
1,1,0.91789454
1,1,0.9871336
1,1,0.99990964
1,1,0.99990845
1,1,0.9504862
1,1,0.9993051
1,0,0.39540127
1,1,0.9329503
1,1,0.9993905
1,1,0.99941015
1,1,0.7605618
1,1,0.9997725
1,1,0.99447757
1,1,0.73435336
1,1,0.9915603
1,1,0.9996275
1,1,0.98867875
1,1,0.97374696
1,1,0.9995641
1,0,0.23601118
1,1,0.9999409
1,1,0.6393502
1,1,0.99987197
1,1,0.99983585
1,1,0.9791382
1,1,0.9942258
1,1,0.99954176
1,1,0.998601
1,1,0.9998317
1,1,0.9964043
1,1,0.9848295
1,1,0.999292
1,1,0.99847883
1,1,0.93405646
1,1,0.9985796
1,1,0.99893576
1,1,0.9770206
1,1,0.797606
1,1,0.99511683
1,1,0.99984014
1,1,0.7433102
1,1,0.993952
1,1,0.9855344
1,1,0.99960226
1,1,0.99960583
1,1,0.9056436
1,1,0.9995233
1,1,0.75198567
1,1,0.99976724
1,1,0.76097935
1,1,0.99971765
1,1,0.98848236
1,1,0.999902
1,1,0.9991522
1,1,0.9995635
1,1,0.99982834
1,1,0.85225266
1,1,0.9995227
1,1,0.99815613
1,1,0.9984232
1,1,0.9993698
1,1,0.99931836
1,1,0.99986637
1,1,0.7270115
1,1,0.99911946
1,1,0.99957865
1,1,0.9994598
1,1,0.99169594
1,1,0.9917637
1,1,0.99933845
1,1,0.9990982
1,1,0.98315614
1,1,0.9974692
1,0,0.36715505
1,1,0.999808
1,1,0.9997868
1,1,0.99942183
1,1,0.9988991
1,1,0.9998072
1,1,0.99970263
1,1,0.99533737
1,1,0.9931431
1,1,0.9952983
1,1,0.9011242
1,1,0.9969092
1,1,0.9281755
1,1,0.9969409
1,1,0.9932106
1,1,0.99983215
1,1,0.9997465
1,1,0.94029754
1,1,0.99609166
1,1,0.99977344
1,1,0.99530715
1,0,0.35685113
1,1,0.95474446
1,1,0.99806076
1,1,0.99884534
1,1,0.99780804
1,1,0.99976355
1,1,0.9986952
1,1,0.9997905
1,1,0.99146324
1,1,0.99919957
1,1,0.9987871
1,1,0.9997596
1,1,0.99085367
1,1,0.99829143
1,1,0.93062717
1,1,0.99963045
1,1,0.9997073
1,1,0.99983704
1,1,0.7118503
1,1,0.99905795
1,1,0.99983585
1,1,0.99968076
1,1,0.9954371
1,1,0.9997296
1,1,0.9980007
1,1,0.98824024
1,0,0.19942693
1,1,0.9965204
1,1,0.9993604
1,1,0.9997695
1,1,0.99730253
1,1,0.9982436
1,1,0.99865204
1,1,0.9989365
1,1,0.9947336
1,1,0.96536493
1,0,0.24765411
1,1,0.9995881
1,1,0.99977547
1,1,0.99883217
1,1,0.9998171
1,1,0.99973077
1,1,0.9998927
1,1,0.9988096
1,1,0.9974093
1,1,0.9979511
1,1,0.99518716
1,1,0.8820686
1,1,0.9893623
1,1,0.7064263
1,1,0.868156
1,1,0.99748623
1,1,0.9988764
1,1,0.9997248
1,1,0.989165
1,1,0.9966428
1,1,0.9962368
1,1,0.99972254
1,1,0.9999205
1,1,0.99941826
1,1,0.9998777
1,1,0.9999174
1,1,0.99229044
1,1,0.9988519
1,1,0.99870896
1,1,0.9945898
1,1,0.9987658
1,1,0.99987006
1,1,0.99978894
1,1,0.99930847
1,1,0.9992773
1,1,0.99992645
1,1,0.99977905
1,1,0.9285289
1,1,0.9999273
1,1,0.9995276
1,1,0.999564
1,1,0.99988604
1,1,0.99976426
1,1,0.99970067
1,1,0.98914146
1,1,0.530299
1,1,0.97705644
1,1,0.9973495
1,1,0.6083342
1,1,0.99833006
1,1,0.99982977
1,1,0.99958915
1,1,0.814921
1,1,0.8935393
1,1,0.99780506
1,1,0.9975567
1,1,0.9992624
1,1,0.9740666
1,1,0.99927324
1,1,0.9996959
1,1,0.9858015
1,1,0.9988845
1,1,0.99989617
1,1,0.9997805
1,1,0.9937039
1,1,0.990417
1,1,0.9994343
1,1,0.99993277
1,1,0.9995467
1,1,0.9997416
1,1,0.9997087
1,1,0.9953027
1,0,0.47608957
1,1,0.97975916
1,1,0.9988796
1,1,0.92758226
1,1,0.9845879
1,1,0.9981828
1,1,0.98940593
1,1,0.9861682
1,1,0.9991673
1,1,0.99964726
1,1,0.99980634
1,1,0.9560067
1,1,0.9974106
1,1,0.9995152
1,0,0.1234849
1,1,0.99811006
1,1,0.9968376
1,1,0.9987055
1,1,0.99956983
1,1,0.965565
1,1,0.9993587
1,1,0.9867828
1,1,0.9998934
1,1,0.99986434
1,1,0.99937433
1,1,0.9999068
1,1,0.9981317
1,1,0.99957615
1,1,0.99954045
1,1,0.9995809
1,1,0.99985456
1,1,0.9654976
1,1,0.99920124
1,1,0.9992797
1,1,0.99946684
1,1,0.99985266
1,1,0.9513629
1,1,0.99833566
1,1,0.9998166
1,1,0.99965334
1,1,0.99897313
1,1,0.9990114
1,1,0.9998982
1,1,0.9992206
1,1,0.9990564
1,1,0.9990939
1,1,0.9993474
1,1,0.93413055
1,1,0.99977905
1,1,0.9770572
1,1,0.99926513
1,1,0.99648404
1,1,0.9966137
1,0,0.10704646
1,1,0.9816917
1,1,0.9994785
1,1,0.9998945
1,1,0.9999368
1,1,0.98589295
1,1,0.99264354
1,1,0.6398148
1,1,0.9998926
1,1,0.99983037
1,1,0.99766016
1,1,0.99979216
1,1,0.99696714
1,1,0.9127628
1,1,0.9733332
1,1,0.9742742
1,1,0.99947363
1,1,0.8911735
1,1,0.999767
1,1,0.9997831
1,1,0.9980895
1,1,0.99960893
1,1,0.81745845
1,1,0.995133
1,1,0.9986701
1,1,0.99913114
1,1,0.9930943
1,1,0.9999268
1,1,0.99657565
1,1,0.9996505
1,1,0.99981624
1,1,0.99992764
1,1,0.999358
1,1,0.99964666
1,1,0.9996119
1,1,0.99934775
1,1,0.6164539
1,1,0.99909365
1,1,0.97945476
1,1,0.9980428
1,1,0.99086034
1,1,0.9991485
1,1,0.9998486
1,1,0.60459185
1,1,0.98349655
1,1,0.99977046
1,1,0.9999316
1,1,0.9996308
1,1,0.99989426
1,1,0.9969887
1,1,0.99983716
1,1,0.9992042
1,1,0.9993711
1,1,0.9997739
1,1,0.99992275
1,1,0.999874
1,0,0.04221359
1,1,0.9998313
1,1,0.99861467
1,1,0.9998294
1,1,0.98228765
1,1,0.9996679
1,1,0.9906873
1,1,0.9997862
1,1,0.9995523
1,1,0.99987316
1,1,0.99872285
1,1,0.99367285
1,1,0.99831665
1,1,0.99379456
1,1,0.9950563
1,1,0.9939481
1,0,0.49273396
1,1,0.9903566
1,1,0.59325975
1,1,0.99994266
1,1,0.999808
1,1,0.99862933
1,1,0.9961306
1,1,0.88141674
1,0,0.39182448
1,1,0.99986017
1,1,0.99980885
1,1,0.9999075
1,1,0.99990237
1,1,0.88187736
1,1,0.9998925
1,1,0.999653
1,1,0.9986792
1,1,0.69740665
1,1,0.9922856
1,1,0.9988691
1,1,0.9987765
1,1,0.9951573
1,1,0.9999448
1,1,0.999119
1,1,0.9997124
1,1,0.9872206
1,1,0.99642366
1,1,0.97718483
1,1,0.99990547
1,1,0.9976515
1,1,0.995877
1,1,0.8745888
1,1,0.9997135
1,1,0.999456
1,1,0.9914363
1,1,0.9996997
1,0,0.340746
1,1,0.99967396
1,1,0.9998734
1,1,0.9994722
1,1,0.9973316
1,1,0.9996947
1,1,0.8305876
1,1,0.9915589
1,1,0.9996538
1,1,0.9936054
1,1,0.99982184
1,1,0.9915741
1,1,0.9998963
1,1,0.99902236
1,1,0.8373806
1,1,0.9998863
1,1,0.972604
1,1,0.9992324
1,1,0.99093103
1,1,0.9997811
1,1,0.9999032
1,1,0.99974257
1,1,0.9988594
1,1,0.55649364
1,1,0.9998561
1,1,0.9995148
1,1,0.99906105
1,0,0.42563894
1,1,0.9991584
1,1,0.9999218
1,1,0.9992681
1,1,0.91402024
1,1,0.9969112
1,1,0.98548037
1,1,0.99914193
1,0,0.16258101
1,1,0.99871194
1,1,0.9957897
1,1,0.999801
1,1,0.9939414
1,1,0.9997247
1,1,0.9989477
1,1,0.99813384
1,1,0.9998876
1,1,0.882962
1,1,0.828726
1,1,0.9932592
1,1,0.9977691
1,1,0.9741854
1,1,0.99916506
1,1,0.99967766
1,1,0.99246514
1,1,0.9880653
1,1,0.99773335
1,1,0.99977225
1,1,0.99974304
1,1,0.9996866
1,1,0.99921954
1,1,0.9793083
1,1,0.99668103
1,1,0.9996929
1,1,0.91866577
1,1,0.9698092
1,1,0.9980439
1,1,0.99544513
1,1,0.98855853
1,1,0.9982632
1,1,0.99930143
1,0,0.17754894
1,1,0.95416766
1,1,0.9994068
1,1,0.99992764
1,1,0.9989324
1,1,0.97242075
1,1,0.9995047
1,1,0.99400806
1,1,0.99864465
1,1,0.9991529
1,1,0.99972326
1,1,0.9899524
1,1,0.9980381
1,1,0.9998827
1,1,0.98495865
1,1,0.999446
1,1,0.99694437
1,1,0.99979335
1,1,0.996903
1,1,0.9998908
1,1,0.997617
1,1,0.9999436
1,1,0.9984363
1,1,0.99815804
1,1,0.9585772
1,1,0.9998648
1,1,0.99974614
1,1,0.9995339
1,1,0.9997156
1,1,0.99985933
1,1,0.9960127
1,1,0.99971265
1,1,0.9994702
1,1,0.99945873
1,1,0.99575484
1,1,0.9982242
1,1,0.9982503
1,1,0.9981927
1,0,0.0954076
1,1,0.999833
1,1,0.9972253
1,1,0.9990476
1,1,0.9718493
1,1,0.9708896
1,1,0.9997867
1,1,0.9947983
1,1,0.7221829
1,1,0.9977024
1,1,0.9911356
1,1,0.99971503
1,1,0.99659204
1,1,0.99671185
1,1,0.91095716
1,1,0.9966899
1,1,0.99977106
1,1,0.99929094
1,1,0.9249879
1,1,0.9956986
1,1,0.9974655
1,1,0.9998293
1,1,0.99814487
1,1,0.99967146
1,1,0.99386746
1,1,0.9958293
1,1,0.98116285
1,1,0.999595
1,1,0.9862388
1,1,0.9996865
1,1,0.9992387
1,1,0.9967355
1,1,0.99919146
1,1,0.9973072
1,1,0.9983297
1,0,0.3821391
1,1,0.9994898
1,1,0.99585354
1,1,0.99714273
1,1,0.9999443
1,1,0.97770256
1,1,0.99984014
1,1,0.9604302
1,1,0.9996419
1,1,0.9997807
1,1,0.9995503
1,1,0.99688584
1,1,0.99277955
1,1,0.9995365
1,1,0.9604927
1,1,0.99157315
1,1,0.9995828
1,1,0.97079223
1,1,0.99892825
1,1,0.9989471
1,1,0.99961627
1,1,0.9977736
1,0,0.32998684
1,1,0.99981254
1,1,0.997417
1,1,0.9995327
1,1,0.7648128
1,1,0.9998884
1,1,0.99989665
1,1,0.99876046
1,1,0.9439337
1,1,0.9998274
1,1,0.9452844
1,1,0.99990654
1,0,0.3343569
1,1,0.9778836
1,1,0.97969776
1,1,0.9944965
1,1,0.99896824
1,1,0.99955493
1,1,0.9998747
1,1,0.99844736
1,1,0.99992466
1,1,0.9962131
1,1,0.99932873
1,1,0.71536064
1,1,0.9734535
1,1,0.867898
1,1,0.5029356
1,1,0.9976077
1,1,0.9988292
1,1,0.99028087
1,1,0.99736905
1,1,0.99895835
1,1,0.99853563
1,1,0.99925405
1,1,0.9869294
1,1,0.99965787
1,1,0.9997402
1,1,0.9873805
1,1,0.99972695
1,1,0.6415065
1,1,0.98292774
1,1,0.90242356
1,1,0.99961084
1,1,0.99974114
1,1,0.99829036
1,1,0.9977985
1,1,0.99883133
1,1,0.99985075
1,1,0.9995283
1,1,0.9997751
1,1,0.9981299
1,1,0.7910211
1,1,0.9982141
1,1,0.9997522
1,1,0.9999089
1,1,0.9991352
1,1,0.99981946
1,1,0.86194456
1,1,0.99480176
1,1,0.96925586
1,1,0.9883101
1,1,0.93496865
1,0,0.00503288
1,1,0.99111676
1,1,0.9998222
1,1,0.9905414
1,1,0.92719615
1,1,0.9827031
1,1,0.9927019
1,1,0.9877758
1,1,0.9997086
1,1,0.9999293
1,1,0.99943715
1,1,0.9998964
1,1,0.99985754
1,1,0.9994672
1,1,0.9957938
1,1,0.7981582
1,1,0.9951068
1,1,0.99970526
1,1,0.99787164
1,0,0.20530674
1,1,0.8456549
1,1,0.99959654
1,1,0.98926175
1,1,0.9987381
1,1,0.99492395
1,1,0.9983115
1,1,0.9978788
1,1,0.99216473
1,1,0.99692684
1,1,0.70499563
1,1,0.99968016
1,1,0.93296266
1,1,0.99979633
1,1,0.99957234
1,1,0.99965537
1,1,0.99941385
1,1,0.8462833
1,1,0.999798
1,1,0.9497991
1,1,0.977514
1,1,0.999127
1,1,0.87405515
1,1,0.9995988
1,1,0.9966942
1,1,0.94850063
1,1,0.9987275
1,1,0.99988925
1,1,0.8980125
1,1,0.9956846
1,1,0.9870985
1,1,0.999223
1,1,0.999421
1,1,0.99901736
1,1,0.90081805
1,1,0.9998752
1,1,0.99973804
1,1,0.9862769
1,1,0.99793303
1,1,0.9998053
1,1,0.97555065
1,1,0.98917985
1,1,0.9998678
1,1,0.9994023
1,1,0.9998172
1,1,0.99585056
1,1,0.9802904
1,1,0.9938678
1,1,0.9938915
1,1,0.99924004
1,1,0.9971187
1,1,0.99824107
1,1,0.99837613
1,1,0.99882036
1,1,0.99992335
1,1,0.99987686
1,1,0.99974483
1,1,0.9723483
1,1,0.9998247
1,1,0.9974016
1,1,0.9994337
1,1,0.9927649
1,1,0.9921841
1,1,0.9998745
1,1,0.9946464
1,1,0.98964614
1,1,0.9908387
1,1,0.9888974
1,1,0.9833642
1,1,0.9998005
1,1,0.9964143
1,1,0.9999057
1,1,0.9997203
1,1,0.9998343
1,1,0.9972464
1,1,0.9998672
1,1,0.9990767
1,1,0.9962261
1,1,0.99929535
1,1,0.9996588
1,1,0.9995303
1,1,0.99876416
1,1,0.9995709
1,1,0.9965689
1,1,0.9941128
1,1,0.9852073
1,1,0.99943036
1,1,0.99958795
1,1,0.9998841
1,1,0.98489606
1,1,0.97032726
1,1,0.9876253
1,1,0.9981896
1,1,0.99178994
1,1,0.9983736
1,1,0.99995184
1,1,0.97480315
1,1,0.99906105
1,1,0.99923134
1,1,0.99003696
1,1,0.9979925
1,1,0.9085001
1,1,0.9517507
1,1,0.8929575
1,1,0.9999181
1,1,0.9989077
1,1,0.999894
1,1,0.99980015
1,1,0.9785709
1,1,0.99928635
1,1,0.9998455
1,1,0.98620796
1,1,0.99958724
1,1,0.9980013
1,1,0.9999008
1,1,0.98635525
1,1,0.9991105
1,1,0.9997894
1,1,0.96359044
1,1,0.9913189
1,1,0.99963355
1,1,0.99815696
1,1,0.99964833
1,0,0.38017327
1,1,0.9996593
1,1,0.9956162
1,1,0.9945444
1,1,0.9994991
1,1,0.9997453
1,1,0.90204704
1,1,0.99763966
1,1,0.9926327
1,1,0.932964
1,0,0.27213413
1,0,0.018186338
1,1,0.9254308
1,1,0.9861232
1,1,0.56890804
1,1,0.95279825
1,0,0.13590491
1,1,0.94065756
1,0,0.4973292
1,0,0.24002579
1,0,0.45188293
1,1,0.8546296
1,1,0.9419337
1,1,0.66607654
1,1,0.93043023
1,1,0.7649194
1,1,0.53002936
1,1,0.9029576
1,1,0.99255556
1,1,0.99958867
1,1,0.8030541
1,1,0.80199814
1,1,0.9990501
1,1,0.5326952
1,1,0.9884721
1,1,0.9975084
1,1,0.9995413
1,1,0.9876667
1,1,0.99932456
1,1,0.94145525
1,1,0.9971853
1,1,0.7742692
1,1,0.9918584
1,1,0.94988334
1,0,0.056796964
1,1,0.99762005
1,1,0.9878628
1,1,0.99913496
1,1,0.99730647
1,1,0.99766576
1,1,0.5782244
1,1,0.99942917
1,1,0.9910557
1,1,0.961573
1,0,0.492617
1,0,0.16882831
1,1,0.93994737
1,0,0.2557845
1,0,0.18512708
1,0,0.43513876
1,1,0.64121175
1,0,0.038738098
1,1,0.9997278
1,1,0.8066959
1,1,0.8456818
1,0,0.21070439
1,0,0.23454724
1,0,0.14641477
1,1,0.80486864
1,1,0.9911069
1,1,0.51067495
1,1,0.98412967
1,1,0.8651813
1,1,0.7770007
1,1,0.7244814
1,0,0.24847278
1,1,0.7063227
1,1,0.5765912
1,1,0.99864465
1,1,0.99913687
1,0,0.12032921
1,1,0.98566365
1,1,0.9998665
1,1,0.9995234
1,0,0.17915271
1,1,0.97721773
1,1,0.9776325
1,1,0.9994493
1,1,0.9672878
1,0,0.48815948
1,1,0.99987805
1,1,0.7939048
1,1,0.9792301
1,1,0.97246414
1,1,0.9855884
1,1,0.7894292
1,1,0.9910801
1,1,0.8649729
1,0,0.43601617
1,0,0.054898486
1,1,0.9982596
1,1,0.64520854
1,1,0.62066805
1,1,0.9510293
1,1,0.8384921
1,1,0.7458407
1,1,0.99910575
1,1,0.9706541
1,1,0.9984609
1,1,0.9751439
1,1,0.8932148
1,1,0.993761
1,1,0.99428624
1,1,0.57409346
1,0,0.004977058
1,1,0.9954436
1,0,0.20882858
1,0,0.028686723
1,1,0.99815696
1,1,0.9047474
1,1,0.8084369
1,0,0.15545772
1,1,0.98030615
1,1,0.97497547
1,1,0.65784323
1,1,0.99711764
1,1,0.9793397
1,1,0.9696065
1,1,0.5534051
1,1,0.9903638
1,0,0.012303162
1,1,0.9944547
1,1,0.9031747
1,0,0.47507846
1,1,0.66985667
1,0,0.23892331
1,1,0.8702688
1,1,0.9912781
1,0,0.018811727
1,1,0.80133766
1,1,0.8594475
1,0,0.19954985
1,0,0.0018626472
1,0,0.032928266
1,1,0.92142135
1,1,0.50371903
1,1,0.96147877
1,1,0.8242141
1,1,0.9986858
1,1,0.9998172
1,1,0.84636885
1,1,0.9984864
1,1,0.9997658
1,1,0.90719134
1,1,0.6097226
1,0,0.030733338
1,1,0.98488927
1,1,0.9970198
1,1,0.95043826
1,1,0.9461151
1,1,0.98367137
1,0,0.2159053
1,0,0.103249
1,1,0.8776614
1,1,0.9884697
1,1,0.6696783
1,1,0.97642034
1,0,0.22680005
1,1,0.9904203
1,1,0.9907673
1,0,0.06790202
1,1,0.90734935
1,1,0.9259159
1,1,0.997724
1,1,0.94762975
1,1,0.9972224
1,1,0.99973863
1,1,0.9934807
1,0,0.23470509
1,0,0.101883896
1,1,0.99331844
1,1,0.7780104
1,1,0.97963333
1,1,0.864729
1,1,0.71814144
1,1,0.97564244
1,1,0.9998826
1,0,0.00846468
1,1,0.9556972
1,1,0.7640799
1,1,0.9986469
1,1,0.9983045
1,0,0.052687507
1,1,0.98612136
1,1,0.6908375
1,1,0.7640267
1,0,0.005489574
1,1,0.99983346
1,0,0.23558186
1,1,0.98567504
1,1,0.9935402
1,1,0.8085775
1,0,0.0016081372
1,1,0.66788405
1,1,0.9248683
1,1,0.994599
1,0,0.018637687
1,1,0.9979955
1,1,0.9995987
1,1,0.999647
1,0,0.008915006
1,1,0.89777994
1,1,0.9800484
1,1,0.9436087
1,1,0.99862814
1,1,0.9961939
1,1,0.9141017
1,1,0.9953399
1,0,0.4997735
1,1,0.9288488
1,1,0.97483903
1,0,0.30844498
1,1,0.92491305
1,0,0.28432983
1,1,0.98582655
1,1,0.9978575
1,1,0.9900339
1,1,0.9996761
1,1,0.99907434
1,1,0.9996692
1,1,0.60219896
1,1,0.9856193
1,1,0.9995766
1,1,0.98669344
1,1,0.9671814
1,1,0.7723785
1,0,0.06528025
1,1,0.6516273
1,1,0.9577196
1,0,0.06762388
1,1,0.9998884
1,1,0.7971273
1,0,0.06594819
1,1,0.99425066
1,1,0.9997205
1,0,0.03225607
1,1,0.982284
1,1,0.99924016
1,0,0.12637222
1,1,0.9990397
1,1,0.86526245
1,1,0.9914676
1,1,0.99599695
1,1,0.9997321
1,0,0.0055489177
1,1,0.9988219
1,1,0.9980203
1,1,0.9968555
1,0,0.003995474
1,0,0.13795066
1,0,0.0588387
1,1,0.5606485
1,1,0.6819327
1,1,0.6649848
1,1,0.89044255
1,1,0.9695013
1,1,0.94404495
1,0,0.0073440466
1,1,0.9277263
1,1,0.98970467
1,1,0.84864235
1,1,0.99067795
1,1,0.9284045
1,1,0.99662626
1,1,0.9996773
1,0,0.25283095
1,1,0.9994404
1,1,0.9578608
1,1,0.7685604
1,1,0.99988127
1,1,0.5428257
1,1,0.6365466
1,1,0.9976527
1,1,0.9993267
1,1,0.99864763
1,1,0.75593406
1,1,0.9994437
1,1,0.9998864
1,1,0.9986382
1,1,0.9894847
1,1,0.94878364
1,1,0.9805219
1,1,0.9974968
1,1,0.99312854
1,0,0.25018227
1,0,0.41062102
1,1,0.98764193
1,0,0.04696004
1,1,0.9988017
1,1,0.6977761
1,0,0.07754525
1,1,0.99867034
1,1,0.6621407
1,1,0.9985178
1,1,0.999734
1,1,0.7211555
1,1,0.99662006
1,1,0.99260545
1,1,0.9977672
1,1,0.9878868
1,1,0.6153642
1,1,0.9638338
1,1,0.879084
1,1,0.5074271
1,1,0.9967326
1,0,0.4456204
1,0,0.29067
1,0,0.024735121
1,1,0.9933929
1,1,0.84760034
1,0,0.44508347
1,1,0.9686733
1,1,0.99984646
1,0,0.4471852
1,0,0.08131338
1,0,0.1661941
1,1,0.7438127
1,1,0.9707207
1,1,0.99357337
1,1,0.9961856
1,1,0.9321551
1,0,0.4808385
1,0,0.3017293
1,1,0.8263004
1,1,0.99925953
1,1,0.9888946
1,1,0.8131171
1,0,0.15296324
1,0,0.16562472
1,1,0.78691083
1,1,0.51007926
1,0,0.2296432
1,0,0.3012439
1,1,0.938659
1,1,0.91693866
1,0,0.01178916
1,1,0.9957241
1,1,0.999744
1,1,0.9974063
1,1,0.9181653
1,1,0.96641505
1,1,0.93944925
1,1,0.9974291
1,0,0.031284496
1,1,0.9938454
1,1,0.95258224
1,1,0.9910918
1,0,0.00508436
1,0,0.3402794
1,1,0.9997254
1,1,0.7848238
1,1,0.9954922
1,0,0.22243518
1,1,0.9989029
1,0,0.059618637
1,1,0.99803394
1,1,0.9997644
1,1,0.9076526
1,1,0.9982888
1,1,0.99860173
1,1,0.9990946
1,1,0.80022675
1,0,0.34050533
1,0,0.25023553
1,0,0.44242057
1,1,0.9995983
1,1,0.50983
1,1,0.99450666
1,1,0.9769074
1,1,0.9976192
1,1,0.9100514
1,1,0.8640941
1,0,0.09911694
1,1,0.65430415
1,1,0.7366338
1,1,0.99955505
1,1,0.9969982
1,1,0.99178034
1,1,0.8393168
1,1,0.9958026
1,1,0.562195
1,0,0.012800422
1,1,0.94621086
1,1,0.9996619
1,1,0.9898465
1,0,0.04521211
1,1,0.989258
1,1,0.6942123
1,1,0.9991696
1,0,0.02142946
1,1,0.980034
1,0,0.05462924
1,1,0.9995315
1,0,0.13524774
1,1,0.8578913
1,1,0.82135797
1,0,0.22790307
1,1,0.9778913
1,0,0.3503998
1,0,0.11316562
1,0,0.2712672
1,1,0.9982666
1,1,0.9949221
1,1,0.9917663
1,1,0.9308333
1,1,0.99886453
1,1,0.72131
1,0,0.2872861
1,1,0.99364704
1,1,0.99135613
1,1,0.95433116
1,0,0.101611674
1,1,0.91158587
1,1,0.99485683
1,1,0.9496794
1,1,0.9997738
1,0,0.024571672
1,1,0.9972609
1,1,0.9697235
1,1,0.65349454
1,1,0.9656826
1,1,0.9998821
1,1,0.84692115
1,1,0.76439136
1,1,0.9851232
1,1,0.7455873
1,0,0.28541285
1,1,0.982691
1,0,0.30203947
1,1,0.99972075
1,1,0.97552377
1,1,0.9984983
1,1,0.981616
1,1,0.86601263
1,1,0.9578717
1,1,0.9893646
1,1,0.6948953
1,0,0.46845007
1,1,0.9996506
1,1,0.9997311
1,0,0.32410306
1,1,0.96881795
1,0,0.23941188
1,0,0.07656224
1,0,0.11241697
1,1,0.96697235
1,1,0.9786366
1,1,0.6998883
1,1,0.8175213
1,1,0.9332054
1,0,0.2264191
1,1,0.8964794
1,1,0.99944633
1,1,0.8881221
1,1,0.9109866
1,1,0.981097
1,1,0.9644636
1,1,0.9637845
1,1,0.9964729
1,0,0.4540138
1,0,0.17709924
1,1,0.8671593
1,0,0.057172067
1,1,0.7882486
1,0,0.011634979
1,1,0.82887536
1,1,0.90451056
1,1,0.9747155
1,1,0.9991522
1,1,0.9996295
1,0,0.29666087
1,1,0.9424156
1,0,0.05874562
1,1,0.9876815
1,1,0.9984848
1,1,0.99016577
1,1,0.9988494
1,0,0.47344422
1,1,0.9981766
1,1,0.9891455
1,1,0.6555064
1,1,0.96407616
1,1,0.99422073
1,1,0.9803801
1,1,0.99232167
1,1,0.6686611
1,1,0.9447056
1,1,0.94975626
1,1,0.7676667
1,1,0.94477415
1,1,0.9928767
1,1,0.9998536
1,1,0.9618527
1,0,0.12453671
1,1,0.99973994
1,1,0.9602457
1,0,0.060422983
1,0,0.09358382
1,1,0.5896035
1,1,0.6408967
1,1,0.9660633
1,0,0.07675259
1,1,0.9986959
1,1,0.9701625
1,1,0.9382071
1,1,0.96600556
1,0,0.1830928
1,1,0.99975914
1,1,0.8896639
1,0,0.27176964
1,1,0.99468935
1,1,0.96598244
1,1,0.836229
1,1,0.9890191
1,0,0.25064802
1,1,0.998142
1,1,0.94605434
1,1,0.87680954
1,1,0.99403536
1,0,0.037934512
1,1,0.9977209
1,0,0.3132753
1,1,0.86398774
1,1,0.73110485
1,1,0.9668728
1,1,0.61938906
1,1,0.7082295
1,1,0.998097
1,1,0.9987966
1,1,0.9973316
1,1,0.78069264
1,0,0.27323186
1,0,0.014160959
1,1,0.83628386
1,1,0.98856914
1,0,0.044138983
1,1,0.89170974
1,1,0.8108845
1,1,0.98900187
1,0,0.036943626
1,0,0.043086905
1,1,0.9590641
1,0,0.017017066
1,0,0.020389572
1,0,0.09158785
1,1,0.8882585
1,1,0.6863821
1,0,0.015114926
1,0,0.26362273
1,1,0.96961516
1,1,0.99795926
1,1,0.99977034
1,1,0.740773
1,1,0.9367761
1,1,0.98245126
1,1,0.9676204
1,1,0.9557463
1,0,0.34561744
1,0,0.056239977
1,1,0.99755484
1,0,0.12590382
1,0,0.38444746
1,0,0.40538508
1,1,0.7778715
1,1,0.9994005
1,1,0.9839129
1,1,0.94925404
1,1,0.9881874
1,1,0.9938391
1,1,0.99468154
1,1,0.99784553
1,0,0.016367184
1,1,0.9904756
1,1,0.97205263
1,1,0.99041384
1,1,0.53809714
1,1,0.87195283
1,1,0.9968002
1,1,0.95265615
1,1,0.9858714
1,1,0.99912375
1,1,0.85321975
1,0,0.104626395
1,0,0.3864604
1,1,0.99965477
1,1,0.9918358
1,0,0.011053505
1,1,0.9968748
1,1,0.9986083
1,1,0.9936102
1,1,0.8665104
1,1,0.8600283
1,1,0.6011244
1,1,0.9763341
1,1,0.5599424
1,1,0.99956065
1,0,0.20870848
1,1,0.99782556
1,1,0.74914545
1,1,0.6291517
1,1,0.9493306
1,1,0.92423475
1,0,0.36461303
1,1,0.9973476
1,1,0.9677136
1,1,0.87048095
1,1,0.9824158
1,0,0.39121258
1,1,0.9802121
1,1,0.67383486
1,0,0.1560494
1,1,0.84717506
1,0,0.3463246
1,1,0.7690567
1,0,0.041009795
1,1,0.96077037
1,1,0.90196353
1,0,0.011398544
1,0,0.05010436
1,1,0.9853453
1,0,0.0704141
1,1,0.965835
1,1,0.86200255
1,1,0.8786644
1,0,0.0050701075
1,1,0.788169
1,1,0.88841045
1,1,0.9990977
1,1,0.99927527
1,1,0.9903695
1,1,0.9277805
1,1,0.9198833
1,1,0.56002015
1,0,0.051233225
1,1,0.9974233
1,1,0.9588892
1,1,0.769975
1,1,0.96344113
1,0,0.3973622
1,1,0.5446258
1,1,0.9987224
1,0,0.19712326
1,1,0.99262685
1,1,0.8362844
1,1,0.9996915
1,1,0.8646715
1,1,0.81917214
1,0,0.19187126
1,1,0.99868697
1,0,0.053481832
1,1,0.63258445
1,1,0.9975781
1,1,0.9011221
1,1,0.901849
1,0,0.29117474
1,1,0.9986545
1,1,0.99785256
1,1,0.9736258
1,1,0.62433064
1,1,0.67854744
1,1,0.99330294
1,1,0.9748932
1,1,0.9636142
1,1,0.87947696
1,0,0.05227914
1,1,0.992234
1,1,0.9971591
1,1,0.99099267
1,1,0.85205436
1,1,0.98257095
1,1,0.9694266
1,1,0.9957634
1,1,0.96529496
1,1,0.6849401
1,1,0.93781817
1,1,0.99482816
1,1,0.9985317
1,1,0.99571556
1,1,0.98983765
1,1,0.99770063
1,1,0.9983374
1,1,0.9750025
1,1,0.99552023
1,1,0.9484382
1,1,0.99552816
1,1,0.99542207
1,1,0.87204564
1,1,0.99326444
1,1,0.94560194
1,1,0.9416983
1,0,0.12224257
1,1,0.9947789
1,1,0.8678138
1,1,0.55189013
1,1,0.70583004
1,0,0.10020724
1,1,0.9998367
1,1,0.87569106
1,1,0.9981914
1,1,0.8913996
1,1,0.838229
1,1,0.77349013
1,1,0.9828386
1,0,0.08561859
1,1,0.8838173
1,1,0.9746028
1,0,0.33774054
1,1,0.9936853
1,1,0.89623314
1,1,0.98185974
1,1,0.9999131
1,1,0.999326
1,0,0.004198546
1,1,0.86040896
1,0,0.016714968
1,1,0.5814671
1,1,0.65704304
1,0,0.082204685
1,1,0.9810682
1,1,0.99818194
1,1,0.99967825
1,1,0.884296
1,1,0.9981364
1,1,0.9880774
1,1,0.9920691
1,0,0.009777116
1,1,0.98945636
1,1,0.99929106
1,1,0.7644947
1,1,0.9998636
1,0,0.07622449
1,0,0.05940227
1,1,0.98331785
1,1,0.9726553
1,1,0.57629675
1,1,0.87383956
1,1,0.99516195
1,0,0.21424618
1,0,0.35016778
1,1,0.53973824
1,1,0.9711277
1,1,0.9159325
1,1,0.9582312
1,1,0.7458075
1,1,0.98407704
1,1,0.9985676
1,1,0.7198046
1,1,0.9947514
1,1,0.9997261
1,1,0.5672248
1,1,0.9998017
1,0,0.35911936
1,0,0.019436121
1,1,0.95595366
1,1,0.78471047
1,1,0.81940824
1,1,0.98876
1,1,0.99732876
1,1,0.9956359
1,1,0.556929
1,1,0.98653865
1,1,0.8746282
1,1,0.63560796
1,1,0.99614835
1,1,0.99756336
1,1,0.9940645
1,1,0.99876237
1,1,0.8109437
1,1,0.77435064
1,1,0.90468127
1,1,0.99677086
1,0,0.030699132
1,1,0.93858457
1,1,0.9994733
1,0,0.27367622
1,1,0.98383236
1,1,0.90061796
1,1,0.9986803
1,1,0.99841225
1,1,0.9993048
1,1,0.9962179
1,0,0.047222566
1,0,0.0491986
1,1,0.99455947
1,1,0.9997429
1,1,0.95351887
1,0,0.060960088
1,1,0.99990916
1,0,0.007888288
1,0,0.0046680975
1,1,0.50858456
1,1,0.9992322
1,1,0.7371089
1,1,0.9739779
1,1,0.87127197
1,1,0.9567418
1,1,0.7634705
1,1,0.81830716
1,1,0.9915331
1,1,0.9857415
1,1,0.997938
1,1,0.9197558
1,0,0.06080404
1,1,0.99939394
1,1,0.9844434
1,1,0.9989742
1,1,0.9983656
1,1,0.98438025
1,1,0.9982346
1,1,0.9997633
1,0,0.17749159
1,1,0.99933845
1,1,0.9965487
1,1,0.94980496
1,1,0.9997273
1,1,0.57825404
1,1,0.99892753
1,1,0.9959681
1,1,0.9996612
1,0,0.40405065
1,0,0.05662835
1,1,0.82092714
1,1,0.9994295
1,1,0.9972205
1,1,0.9432247
1,1,0.9789186
1,0,0.23910125
1,1,0.7364244
1,1,0.68692374
1,1,0.99883205
1,1,0.9931632
1,0,0.3132495
1,1,0.8862573
1,1,0.97074753
1,0,0.01559669
1,0,0.3229368
1,0,0.007504946
1,0,0.04258283
1,1,0.9996474
1,1,0.9745813
1,1,0.7303416
1,1,0.9983993
1,1,0.8206865
1,1,0.71984667
1,0,0.046277232
1,0,0.005586168
1,1,0.918638
1,1,0.9899691
1,0,0.0020104935
1,1,0.998982
1,1,0.99035114
1,0,0.021646233
1,1,0.9296004
1,1,0.99563724
1,1,0.7125141
1,1,0.9997944
1,0,0.033549074
1,1,0.9325616
1,1,0.5844366
1,1,0.99947053
1,1,0.9999051
1,1,0.9958385
1,1,0.99869555
1,1,0.9901128
1,1,0.50811946
1,1,0.7621013
1,0,0.3262602
1,1,0.95776427
1,1,0.97281384
1,1,0.8960456
1,1,0.9492514
1,0,0.21817757
1,1,0.99985075
1,0,0.34172297
1,1,0.9994874
1,0,0.39281896
1,1,0.99993646
1,0,0.13707034
1,1,0.9476377
1,1,0.9974547
1,1,0.9984842
1,1,0.76037794
1,0,0.023295818
1,0,0.15794562
1,0,0.35239992
1,1,0.9539383
1,1,0.7171753
1,1,0.9976814
1,1,0.9756243
1,1,0.6325874
1,0,0.32109958
1,0,0.0784766
1,1,0.999584
1,1,0.97666943
1,1,0.6513925
1,1,0.9866326
1,1,0.91785526
1,1,0.9983152
1,0,0.00919471
1,1,0.6172273
1,1,0.8269446
1,0,0.25447565
1,0,0.44018292
1,1,0.99013233
1,0,0.039076034
1,0,0.037220277
1,1,0.9950439
1,1,0.92883646
1,1,0.9990459
1,1,0.90267736
1,0,0.061754774
1,1,0.99740976
1,1,0.6931516
1,1,0.9994709
1,0,0.28195775
1,1,0.99607205
1,0,0.007221166
1,1,0.8409057
1,1,0.99619615
1,1,0.61017257
1,1,0.9992409
1,1,0.92578894
1,1,0.99211276
1,1,0.9966888
1,1,0.9503642
1,1,0.9952923
1,0,0.107972495
1,1,0.9994287
1,0,0.017570585
1,1,0.67563856
1,1,0.9980525
1,0,0.011393634
1,1,0.9986094
1,0,0.19373563
1,0,0.19573194
1,1,0.72530884
1,1,0.99218446
1,0,0.28373733
1,1,0.9998281
1,0,0.034833133
1,1,0.536915
1,1,0.9852219
1,0,0.061279587
1,1,0.82927185
1,1,0.9914049
1,1,0.9514039
1,0,0.0488569
1,1,0.62798935
1,0,0.2035509
1,1,0.92481303
1,0,0.116557285
1,1,0.81558585
1,1,0.999476
1,1,0.9992599
1,1,0.9994312
1,1,0.51361674
1,0,0.14627552
1,1,0.8437396
1,1,0.9989976
1,1,0.93377024
1,1,0.97951186
1,0,0.092813425
1,0,0.107741706
1,1,0.99586123
1,1,0.91264325
1,1,0.7043811
1,1,0.5519436
1,1,0.94747496
1,1,0.9995914
1,1,0.97840124
1,1,0.992163
1,1,0.9793832
1,0,0.10139805
1,1,0.96177816
1,1,0.9307458
1,1,0.9984475
1,1,0.62219137
1,1,0.9895728
1,0,0.0047950577
1,1,0.87850195
1,1,0.99001116
1,1,0.9970867
1,1,0.8721555
1,0,0.031323273
1,1,0.9968726
1,1,0.81873405
1,0,0.34849077
1,0,0.09545909
1,0,0.06968461
1,1,0.9996408
1,1,0.9974521
1,1,0.99822086
1,1,0.82484186
1,1,0.9907137
1,1,0.94375384
1,1,0.88317275
1,0,0.22776124
1,1,0.9967333
1,1,0.99930346
1,1,0.98566645
1,1,0.5000418
1,0,0.013980668
1,1,0.9994962
1,1,0.78257126
1,1,0.9763941
1,0,0.003370794
1,0,0.322761
1,1,0.9998996
1,1,0.9995455
1,1,0.77542734
1,1,0.99869883
1,1,0.99462813
1,1,0.96305346
1,1,0.99986815
1,1,0.6991185
1,1,0.70640653
1,1,0.8194258
1,1,0.99968934
1,1,0.9754523
1,1,0.99761546
1,1,0.99989045
1,1,0.9996468
1,0,0.0172118
1,1,0.9993722
1,1,0.99754363
1,1,0.9987501
1,1,0.6398954
1,1,0.99982965
1,0,0.011880451
1,1,0.9856048
1,1,0.9716001
1,1,0.9979504
1,0,0.022774724
1,0,0.1820036
1,1,0.9814673
1,1,0.99946254
1,1,0.9984744
1,1,0.92630696
1,0,0.022644436
1,1,0.99945635
1,1,0.9019855
1,1,0.99823076
1,1,0.99420774
1,1,0.9976706
1,1,0.99771035
1,1,0.87852883
1,1,0.9986313
1,1,0.6118212
1,1,0.68436307
1,1,0.94523925
1,1,0.5384386
1,1,0.96984327
1,1,0.6222671
1,0,0.36970526
1,1,0.8718088
1,1,0.9840374
1,0,0.025282346
1,0,0.40372422
1,1,0.9998406
1,1,0.9954157
1,0,0.283804
1,1,0.9442545
1,0,0.006051143
1,0,0.09936995
1,1,0.9984865
1,1,0.50717485
1,1,0.664897
1,1,0.9916387
1,1,0.99987316
1,1,0.6342763
1,1,0.58284384
1,1,0.9939196
1,1,0.8700258
1,1,0.983452
1,1,0.9854652
1,1,0.99516606
1,0,0.0857815
1,0,0.0621278
1,0,0.010651114
1,0,0.26835477
1,0,0.11646108
1,1,0.9838462
1,0,0.31750968
1,1,0.8673115
1,1,0.99426633
1,1,0.9959525
1,1,0.99727875
1,1,0.9871716
1,0,0.20276386
1,0,0.027078347
1,1,0.8857537
1,1,0.9790077
1,1,0.6685085
1,0,0.3317537
1,1,0.9648959
1,0,0.39865226
1,1,0.9803995
1,0,0.3931567
1,1,0.9848291
1,1,0.9936435
1,1,0.9982352
1,1,0.8037624
1,1,0.9992619
1,1,0.996183
1,0,0.039895557
1,1,0.57333297
1,1,0.90598655
1,0,0.28938752
1,1,0.99472106
1,1,0.74571544
1,1,0.6266739
1,0,0.45275196
1,0,0.122237876
1,1,0.85794765
1,0,0.022743603
1,1,0.8627963
1,1,0.9967008
1,0,0.33552393
1,1,0.99624383
1,1,0.9970004
1,1,0.9678211
1,1,0.9981748
1,1,0.7142379
1,1,0.8282878
1,1,0.9885233
1,0,0.17515966
1,1,0.9962914
1,0,0.09625794
1,1,0.8734421
1,1,0.9842375
1,1,0.9994388
1,1,0.9879731
1,0,0.020401176
1,0,0.00088972395
1,1,0.9995003
1,1,0.9953584
1,0,0.43294764
1,1,0.9909655
1,1,0.9909236
1,1,0.98606795
1,1,0.99931765
1,1,0.75392735
1,0,0.11049444
1,1,0.9839236
1,1,0.99974483
1,1,0.9110791
1,1,0.99853003
1,1,0.9750591
1,1,0.9711872
1,1,0.9954145
1,0,0.034991242
1,1,0.9815995
1,0,0.0528868
1,1,0.8078808
1,1,0.9086434
1,1,0.907138
1,1,0.550243
1,1,0.99825865
1,1,0.9950605
1,1,0.99068964
1,1,0.9997683
1,1,0.9336558
1,1,0.9967739
1,1,0.9916386
1,0,0.06834796
1,1,0.99763
1,1,0.96945107
1,0,0.1306699
1,1,0.8692254
1,1,0.9555352
1,1,0.97524726
1,1,0.8185204
1,1,0.93468946
1,0,0.30124068
1,1,0.9820435
1,1,0.88471615
1,1,0.77004623
1,1,0.999892
1,1,0.9902816
1,0,0.03918535
1,1,0.9705959
1,0,0.21741542
1,1,0.9863863
1,1,0.99956924
1,0,0.010298677
1,1,0.93573576
1,1,0.9772538
1,1,0.9998281
1,1,0.95718735
1,1,0.9997985
1,1,0.9864796
1,1,0.874145
1,1,0.997681
1,1,0.9815599
1,1,0.98854315
1,1,0.9856961
1,1,0.9994966
1,1,0.94090635
1,1,0.9967629
1,1,0.97840923
1,1,0.9968142
1,1,0.99775237
1,1,0.8400291
1,1,0.98951924
1,0,0.4407906
1,1,0.97941065
1,1,0.6510289
1,1,0.98953235
1,0,0.36437464
1,0,0.4744588
1,0,0.09177404
1,1,0.940441
1,0,0.057459876
1,1,0.9912186
1,1,0.97441554
1,1,0.9964353
1,1,0.9997003
1,1,0.9991799
1,1,0.99827695
1,1,0.99603206
1,0,0.020408724
1,1,0.8381235
1,1,0.91442376
1,1,0.96284544
1,1,0.9988858
1,0,0.37491813
1,0,0.23319511
1,1,0.98917574
1,1,0.9216848
1,1,0.9971396
1,1,0.96712506
1,1,0.91525495
1,1,0.99959856
1,1,0.9821393
1,1,0.95956683
1,1,0.7928561
1,1,0.6342341
1,0,0.021959784
1,1,0.99941003
1,1,0.99993694
1,1,0.9992513
1,0,0.14909112
1,1,0.9695864
1,1,0.9561254
1,1,0.9984837
1,1,0.9980129
1,1,0.99402833
1,0,0.11798177
1,1,0.66693467
1,0,0.4252147
1,1,0.9248633
1,1,0.96728086
1,1,0.99986565
1,1,0.9997547
1,0,0.41969585
1,1,0.99923325
1,1,0.998577
1,1,0.9993948
1,1,0.9976993
1,1,0.7890557
1,1,0.9990859
1,1,0.9400748
1,0,0.24166173
1,1,0.98857415
1,1,0.9936545
1,1,0.5359638
1,1,0.9997156
1,1,0.9991234
1,0,0.1875529
1,1,0.58608633
1,1,0.9927691
1,1,0.7367255
1,1,0.94803995
1,1,0.99165744
1,1,0.9995757
1,1,0.98980266
1,1,0.83176285
1,1,0.99933225
1,1,0.99810493
1,1,0.99948573
1,1,0.99562716
1,0,0.13016413
1,1,0.8340176
1,1,0.9582552
1,0,0.19360751
1,1,0.9445335
1,1,0.97942746
1,1,0.99787045
1,1,0.9982508
1,1,0.99453616
1,1,0.70164853
1,0,0.38090786
1,1,0.9483871
1,0,0.45971167
1,1,0.9847941
1,1,0.89914006
1,0,0.4398082
1,1,0.8580376
1,1,0.993934
1,1,0.8107389
1,1,0.99878746
1,1,0.999246
1,1,0.99922585
1,1,0.995378
1,1,0.9995858
1,1,0.9999132
1,1,0.99410963
1,1,0.9978782
1,1,0.99786913
1,1,0.98869276
1,1,0.5536706
1,1,0.9978898
1,1,0.9996667
1,1,0.8849732
1,1,0.99982077
1,1,0.9998141
1,1,0.9991449
1,1,0.9493992
1,1,0.9990522
1,1,0.99987113
1,1,0.80319357
1,1,0.9994704
1,1,0.7174911
1,1,0.7987396
1,1,0.8179163
1,1,0.9946478
1,1,0.9956039
1,1,0.9991486
1,1,0.99986064
1,1,0.9788563
1,1,0.99983597
1,1,0.9625687
1,1,0.9997873
1,1,0.99949
1,0,0.36205772
1,1,0.99983907
1,1,0.98429424
1,1,0.9998634
1,1,0.9888416
1,1,0.9923367
1,1,0.9630294
1,1,0.9998646
1,0,0.40176845
1,1,0.99348724
1,1,0.95949066
1,0,0.33240387
1,1,0.999943
1,1,0.88832307
1,1,0.96417016
1,1,0.9998492
1,1,0.9996941
1,1,0.98675764
1,1,0.99928313
1,1,0.9984567
1,1,0.9991456
1,1,0.99958664
1,1,0.96290725
1,1,0.94333583
1,1,0.993652
1,1,0.9521294
1,1,0.99970764
1,1,0.99842477
1,1,0.9997042
1,1,0.9993793
1,1,0.99807715
1,1,0.9993291
1,1,0.97771525
1,1,0.9972589
1,1,0.9994005
1,1,0.8030204
1,1,0.99602735
1,1,0.99980074
1,1,0.9782687
1,1,0.99903727
1,1,0.9998306
1,1,0.9986382
1,1,0.9996971
1,1,0.94611955
1,1,0.99816555
1,1,0.99481237
1,0,0.1736819
1,1,0.99990153
1,1,0.9970488
1,1,0.99798846
1,1,0.9995431
1,1,0.99975115
1,1,0.99970454
1,0,0.19048518
1,1,0.9947476
1,1,0.9117822
1,1,0.99900025
1,1,0.99130815
1,0,0.120042205
1,1,0.9998504
1,1,0.999645
1,1,0.9997851
1,1,0.9627797
1,1,0.99803334
1,1,0.9968708
1,1,0.9968347
1,1,0.9996871
1,1,0.949723
1,1,0.9664706
1,1,0.99897146
1,1,0.9997682
1,1,0.9627506
1,1,0.9995987
1,1,0.9205059
1,1,0.9998802
1,1,0.99857605
1,1,0.9974903
1,1,0.79705316
1,1,0.87448424
1,1,0.65684223
1,0,0.45481792
1,1,0.9994412
1,1,0.9998845
1,1,0.96980137
1,1,0.9948795
1,1,0.9997894
1,1,0.99972266
1,1,0.99967134
1,1,0.999798
1,1,0.99871624
1,1,0.98540384
1,1,0.9722553
1,1,0.9993044
1,1,0.9448433
1,1,0.96024024
1,1,0.9986695
1,1,0.99598336
1,1,0.9997876
1,1,0.99394965
1,1,0.99954295
1,1,0.9919962
1,1,0.97480226
1,1,0.996232
1,1,0.99767786
1,1,0.99838364
1,1,0.8244537
1,1,0.9994659
1,1,0.99398077
1,1,0.9977743
1,1,0.9783545
1,1,0.9990759
1,1,0.50799525
1,1,0.999826
1,1,0.99990976
1,1,0.99983907
1,1,0.99483335
1,1,0.9877402
1,1,0.9724835
1,1,0.9998815
1,1,0.9631006
1,1,0.6712117
1,1,0.9852622
1,1,0.99978524
1,1,0.9929432
1,1,0.7953374
1,1,0.9806095
1,1,0.56142116
1,1,0.999368
1,1,0.9997571
1,1,0.99292517
1,1,0.9989932
1,1,0.9925323
1,1,0.99945897
1,1,0.99900526
1,1,0.9913898
1,1,0.8476705
1,1,0.99954647
1,1,0.9970747
1,1,0.9971103
1,1,0.9958807
1,1,0.9993119
1,1,0.98288476
1,1,0.99715674
1,1,0.9998134
1,1,0.9820046
1,1,0.9995709
1,1,0.9998148
1,1,0.99977964
1,1,0.9469965
1,1,0.9514271
1,1,0.9969957
1,1,0.86306643
1,1,0.9996125
1,1,0.7892904
1,1,0.993087
1,1,0.99987864
1,1,0.9976387
1,1,0.98128694
1,1,0.99991155
1,0,0.4453491
1,1,0.99957496
1,1,0.9988097
1,1,0.9996414
1,1,0.61488926
1,1,0.999803
1,1,0.99935406
1,1,0.9996433
1,1,0.9587614
1,1,0.99855095
1,1,0.9873766
1,1,0.8920029
1,1,0.9287489
1,1,0.9998746
1,0,0.01426134
1,1,0.97956616
1,1,0.9987614
1,1,0.9955883
1,1,0.9996896
1,0,0.3102542
1,1,0.97899044
1,1,0.9368509
1,1,0.99415994
1,1,0.99733365
1,1,0.9991172
1,1,0.9749015
1,1,0.9864741
1,1,0.9996117
1,1,0.99945396
1,1,0.9973924
1,1,0.9991054
1,1,0.99894756
1,1,0.99505097
1,1,0.9743518
1,1,0.98513675
1,1,0.99667954
1,1,0.99993086
1,1,0.9925714
1,1,0.99652314
1,1,0.99775356
1,1,0.99836475
1,1,0.9652202
1,1,0.998995
1,1,0.99930704
1,1,0.99971014
1,1,0.9996358
1,1,0.99981815
1,1,0.9997296
1,1,0.89642876
1,1,0.9995158
1,1,0.9997205
1,1,0.999241
1,1,0.9920035
1,1,0.9327572
1,1,0.9837023
1,1,0.7982813
1,1,0.7380696
1,1,0.99613106
1,1,0.9997032
1,1,0.999463
1,1,0.9998603
1,1,0.995751
1,1,0.9995116
1,1,0.9998129
1,1,0.9988845
1,1,0.93543386
1,1,0.99564457
1,1,0.9998165
1,1,0.9991271
1,0,0.3225527
1,1,0.9931558
1,1,0.9997147
1,0,0.1154275
1,1,0.9997191
1,1,0.99957305
1,1,0.95546705
1,1,0.99987197
1,1,0.77216727
1,1,0.99883276
1,1,0.72810924
1,1,0.98960006
1,1,0.9994261
1,1,0.9998062
1,1,0.9137008
1,1,0.99874663
1,1,0.9789372
1,1,0.999871
1,1,0.99719125
1,1,0.9976921
1,1,0.99751747
1,1,0.9847206
1,1,0.99993217
1,1,0.94597346
1,1,0.9637201
1,1,0.9998795
1,1,0.99895835
1,1,0.9997912
1,1,0.99923325
1,1,0.9788903
1,1,0.999126
1,1,0.9991392
1,1,0.9998055
1,1,0.7459272
1,1,0.9057176
1,1,0.99859077
1,1,0.9999093
1,1,0.99757296
1,1,0.99694186
1,1,0.9988116
1,1,0.9995121
1,1,0.95440996
1,1,0.9975465
1,1,0.995233
1,1,0.99957675
1,1,0.9996326
1,1,0.9998418
1,1,0.9981198
1,1,0.9520682
1,0,0.005168618
1,1,0.99931407
1,1,0.9035336
1,1,0.9993636
1,1,0.9998816
1,1,0.999881
1,1,0.99637187
1,1,0.68577373
1,0,0.46520054
1,1,0.9978371
1,1,0.97594845
1,1,0.99873215
1,1,0.9957064
1,1,0.95764595
1,1,0.9998431
1,1,0.999534
1,1,0.99834216
1,1,0.54890776
1,1,0.9061163
1,1,0.99855274
1,1,0.99567825
1,1,0.99913245
1,1,0.9383959
1,1,0.99973494
1,1,0.6400205
1,1,0.99961287
1,1,0.7669224
1,1,0.63478106
1,1,0.9377624
1,1,0.9572611
1,1,0.98625886
1,0,0.4862936
1,1,0.9987251
1,1,0.9998221
1,1,0.9666509
1,1,0.9998499
1,1,0.9995566
1,1,0.998264
1,1,0.99909663
1,1,0.99992967
1,1,0.99239665
1,1,0.92202485
1,1,0.99623114
1,1,0.65856236
1,1,0.9909739
1,1,0.999892
1,1,0.99990296
1,1,0.999027
1,1,0.9917761
1,0,0.4914654
1,1,0.99926263
1,1,0.99993
1,1,0.9989467
1,1,0.99972826
1,1,0.99967456
1,1,0.9997676
1,1,0.99607
1,1,0.967765
1,1,0.99957985
1,1,0.99965525
1,1,0.99920887
1,1,0.9997509
1,1,0.99988544
1,1,0.75256014
1,1,0.96007407
1,1,0.9997739
1,1,0.99988675
1,1,0.99773717
1,1,0.99913484
1,1,0.99967
1,1,0.99966455
1,1,0.85519797
1,1,0.99633884
1,1,0.9984035
1,1,0.99991703
1,1,0.99855214
1,1,0.99499136
1,1,0.9978775
1,1,0.98665744
1,1,0.9378944
1,1,0.99657816
1,1,0.9975541
1,1,0.99222744
1,1,0.9763582
1,1,0.9997341
1,1,0.9998914
1,1,0.86713755
1,1,0.9161891
1,0,0.3174114
1,1,0.9968077
1,0,0.18729547
1,1,0.9989428
1,1,0.9996075
1,1,0.99743396
1,1,0.99936515
1,1,0.9143479
1,1,0.5173795
1,1,0.99775094
1,1,0.99961734
1,1,0.9998165
1,1,0.999065
1,1,0.9956131
1,1,0.98752403
1,1,0.9961261
1,1,0.9997174
1,1,0.7007738
1,1,0.9994962
1,1,0.9973828
1,1,0.99985623
1,1,0.99356824
1,1,0.9890527
1,1,0.99933124
1,1,0.7620276
1,1,0.99981433
1,1,0.999329
1,0,0.47464293
1,1,0.9993962
1,1,0.99468684
1,1,0.99491864
1,1,0.99961996
1,1,0.9965497
1,0,0.49485233
1,1,0.9978668
1,1,0.9986411
1,1,0.9998857
1,1,0.9988784
1,1,0.9963702
1,1,0.9999026
1,1,0.99992216
1,1,0.99860317
1,1,0.99870205
1,1,0.999458
1,1,0.99758637
1,1,0.999777
1,1,0.99901676
1,1,0.99708456
1,1,0.98845005
1,1,0.9030264
1,1,0.99949896
1,1,0.99901116
1,1,0.9992712
1,1,0.9996451
1,1,0.99968493
1,1,0.99824655
1,1,0.99979
1,1,0.99986625
1,1,0.9907656
1,1,0.7589686
1,1,0.9965969
1,1,0.9997975
1,1,0.94713914
1,1,0.9605928
1,1,0.999501
1,1,0.99484116
1,1,0.9436363
1,1,0.9999076
1,1,0.9996257
1,1,0.9985233
1,1,0.57508475
1,1,0.9982002
1,1,0.9986395
1,1,0.9960062
1,1,0.9986212
1,1,0.9164921
1,1,0.9998227
1,1,0.99978775
1,1,0.99840087
1,1,0.99989057
1,1,0.5166222
1,1,0.9998554
1,1,0.99948597
1,1,0.99935406
1,1,0.9999238
1,1,0.99597627
1,1,0.9930061
1,1,0.999589
1,1,0.99705935
1,1,0.99971396
1,1,0.9997595
1,1,0.9996339
1,1,0.9997769
1,1,0.99992895
1,1,0.9994885
1,1,0.8316437
1,1,0.9996898
1,1,0.999395
1,1,0.9999031
1,1,0.99898535
1,1,0.99867874
1,1,0.9996112
1,1,0.9842792
1,1,0.9987079
1,1,0.99976736
1,1,0.99924624
1,1,0.9494803
1,1,0.9998343
1,1,0.99869835
1,1,0.9978376
1,1,0.9997198
1,1,0.99991584
1,1,0.97766554
1,1,0.9818897
1,1,0.9988016
1,1,0.97163403
1,1,0.9993924
1,1,0.9338646
1,1,0.9987539
1,1,0.99824417
1,1,0.9999193
1,1,0.9992919
1,1,0.9997689
1,1,0.99573874
1,1,0.99951327
1,1,0.9392156
1,1,0.9998542
1,1,0.99982256
1,1,0.99183923
1,1,0.99873704
1,1,0.99325293
1,1,0.95637804
1,1,0.96837986
1,1,0.9848237
1,1,0.999826
1,1,0.99924064
1,1,0.9844037
1,1,0.96068025
1,1,0.9995945
1,1,0.99981683
1,1,0.9919809
1,1,0.9107239
1,1,0.9896998
1,1,0.6931643
1,1,0.9905195
1,1,0.9999037
1,1,0.99943024
1,1,0.9957195
1,1,0.99985397
1,1,0.9907069
1,1,0.9998809
1,1,0.9934957
1,1,0.9841122
1,1,0.99992394
1,1,0.986054
1,1,0.99982303
1,1,0.99843127
1,1,0.99874675
1,1,0.8822837
1,1,0.9732282
1,1,0.9921131
1,1,0.99714607
1,1,0.9990283
1,1,0.9996772
1,1,0.9312768
1,1,0.9993142
1,1,0.99985135
1,1,0.99985325
1,1,0.99027514
1,1,0.99983203
1,1,0.9962709
1,1,0.74217194
1,1,0.9994629
1,1,0.9992293
1,1,0.9997676
1,1,0.9998691
1,1,0.9861746
1,1,0.998398
1,1,0.9988545
1,1,0.9963935
1,1,0.99887687
1,1,0.99883705
1,1,0.99403244
1,1,0.99800783
1,1,0.98668516
1,1,0.99656373
1,1,0.9999132
1,1,0.98872524
1,1,0.9986413
1,1,0.9996164
1,1,0.99774146
1,1,0.99474275
1,1,0.9993905
1,1,0.98564285
1,1,0.99965286
1,1,0.99973196
1,1,0.99935204
1,1,0.9996706
1,1,0.9982198
1,1,0.9999294
1,1,0.9997136
1,1,0.99895215
1,1,0.9992028
1,1,0.9998796
1,1,0.99968004
1,1,0.99908984
1,1,0.73246145
1,1,0.999524
1,1,0.9886518
1,1,0.89972854
1,1,0.99954635
1,1,0.99968064
1,1,0.9848477
1,1,0.9808215
1,0,0.10980592
1,1,0.9970746
1,1,0.99897134
1,1,0.9998932
1,1,0.99908376
1,1,0.9751177
1,1,0.99023825
1,1,0.99603796
1,1,0.9849984
1,1,0.9984504
1,1,0.9998227
1,1,0.9984983
1,1,0.99845576
1,1,0.83230805
1,1,0.9970198
1,1,0.9989177
1,1,0.9994753
1,1,0.9986204
1,1,0.98047274
1,1,0.8692941
1,1,0.9962418
1,1,0.99975044
1,1,0.70513695
1,1,0.99989104
1,1,0.99208903
1,1,0.99986935
1,1,0.9566349
1,1,0.9699349
1,1,0.9989188
1,1,0.99800354
1,1,0.99925226
1,1,0.9990539
1,1,0.89092296
1,1,0.9998865
1,1,0.9991541
1,1,0.9930401
1,1,0.99887973
1,1,0.99990916
1,1,0.9903593
1,1,0.96883196
1,1,0.9991984
1,1,0.9951369
1,1,0.99961025
1,1,0.95802397
1,1,0.9909053
1,1,0.99985623
1,1,0.99982834
1,1,0.99980396
1,1,0.9997923
1,1,0.9944252
1,1,0.9998789
1,1,0.9992453
1,1,0.99976724
1,1,0.9701339
1,1,0.99496377
1,1,0.9992212
1,1,0.99837923
1,1,0.9954218
1,1,0.99967897
1,1,0.9758951
1,1,0.99978477
1,1,0.9997546
1,1,0.99577856
1,1,0.9999325
1,1,0.999498
1,1,0.99474144
1,1,0.7561074
1,1,0.99954706
1,1,0.9992613
1,1,0.9975217
1,1,0.9999254
1,1,0.9781383
1,1,0.9896973
1,1,0.99962616
1,1,0.8622597
1,1,0.9990476
1,1,0.9996146
1,1,0.9624671
1,1,0.99311215
1,1,0.99899834
1,1,0.9993142
1,1,0.99959296
1,1,0.96396637
1,1,0.99734807
1,1,0.9997867
1,1,0.53931755
1,1,0.999859
1,1,0.97197884
1,1,0.99986184
1,1,0.99814713
1,1,0.55056834
1,1,0.9995092
1,1,0.9991634
1,1,0.9712036
1,1,0.99893755
1,1,0.9992118
1,1,0.9996282
1,1,0.97543234
1,1,0.99459755
1,1,0.99899226
1,1,0.99976844
1,1,0.9971009
1,1,0.99899775
1,1,0.9725418
1,1,0.9998714
1,1,0.9994789
1,1,0.99862504
1,1,0.9988871
1,1,0.9973911
1,1,0.95396996
1,1,0.99973625
1,1,0.994783
1,1,0.9997155
1,1,0.98946315
1,1,0.99888283
1,1,0.9783997
1,1,0.9935354
1,1,0.9992181
1,1,0.93540907
1,1,0.9982862
1,1,0.82863176
1,1,0.99382764
1,1,0.99838364
1,1,0.976694
1,1,0.9993911
1,1,0.9991304
1,1,0.9998147
1,1,0.9942086
1,1,0.93221855
1,1,0.999124
1,1,0.99966276
1,1,0.99952793
1,1,0.991561
1,1,0.9813673
1,1,0.9991967
1,1,0.6359637
1,1,0.991931
1,1,0.9998934
1,1,0.9998945
1,1,0.99089104
1,1,0.9845142
1,1,0.9998559
1,1,0.5723924
1,1,0.8158075
1,1,0.922946
1,1,0.9998977
1,1,0.99426514
1,1,0.9995394
1,1,0.9995864
1,1,0.5921717
1,1,0.9995895
1,1,0.999421
1,1,0.9352253
1,1,0.5999176
1,1,0.9997727
1,1,0.99324435
1,1,0.9997476
1,1,0.9997243
1,1,0.96909654
1,1,0.9994875
1,1,0.9982912
1,1,0.99987566
1,1,0.9992723
1,1,0.89719135
1,1,0.9991304
1,1,0.9497158
1,1,0.99825925
1,1,0.99983644
1,1,0.99950016
1,1,0.9983693
1,1,0.99801314
1,1,0.99993575
1,0,0.30042276
1,1,0.9998814
1,1,0.99453
1,1,0.9703231
1,1,0.998187
1,1,0.99989116
1,1,0.99708444
1,1,0.9976063
1,1,0.9998294
1,1,0.9997012
1,1,0.99989784
1,1,0.98448455
1,1,0.9994892
1,1,0.998159
1,1,0.98057556
1,1,0.9999324
1,1,0.99369735
1,1,0.9988556
1,1,0.975251
1,1,0.99567246
1,1,0.9998276
1,1,0.8117342
1,1,0.99903667
1,1,0.992073
1,1,0.99991393
1,1,0.97748953
1,1,0.99992037
1,1,0.9703555
1,1,0.9999075
1,1,0.93429047
1,1,0.9897283
1,1,0.9996106
1,1,0.99983454
1,1,0.99953437
1,1,0.97620595
1,0,0.42433527
1,0,0.07378375
1,1,0.99950767
1,1,0.99949765
1,1,0.9922994
1,1,0.93801636
1,1,0.9987576
1,1,0.99764925
1,1,0.61379755
1,1,0.99590176
1,1,0.94483757
1,1,0.74644524
1,1,0.9996118
1,1,0.999818
1,1,0.8225722
1,1,0.8660811
1,1,0.99663615
1,1,0.99990594
1,1,0.9995127
1,1,0.9963535
1,1,0.98743105
1,1,0.99410397
1,1,0.9997917
1,1,0.99908197
1,1,0.99966455
1,1,0.99825114
1,1,0.9889952
1,1,0.79174215
1,1,0.998879
1,1,0.99815434
1,1,0.98260075
1,1,0.9995566
1,1,0.9907884
1,1,0.99972814
1,1,0.9984475
1,1,0.99952114
1,1,0.99764085
1,1,0.9986957
1,1,0.9952154
1,1,0.9988595
1,1,0.9938253
1,1,0.92684805
1,1,0.9996086
1,1,0.9984359
1,1,0.9963421
1,1,0.9999089
1,1,0.8871317
1,1,0.99601364
1,1,0.99846494
1,1,0.99921393
1,1,0.99983215
1,1,0.99986327
1,1,0.99953294
1,1,0.9993529
1,0,0.3885032
1,1,0.9895895
1,1,0.9911247
1,1,0.9618192
1,1,0.99984264
1,1,0.9992111
1,1,0.9985526
1,1,0.8695565
1,1,0.998692
1,1,0.99914706
1,1,0.5545594
1,1,0.9995735
1,1,0.99930644
1,1,0.9999205
1,1,0.9938251
1,1,0.99226683
1,1,0.99908245
1,0,0.30409452
1,1,0.9998853
1,1,0.99980754
1,1,0.9979552
1,1,0.99661404
1,1,0.9999089
1,1,0.9986797
1,1,0.99430805
1,1,0.9986771
1,1,0.94524056
1,1,0.9988458
1,0,0.2971736
1,1,0.9997392
1,1,0.99951434
1,1,0.8430195
1,1,0.99804556
1,1,0.99984336
1,1,0.9997199
1,1,0.96790844
1,1,0.9998074
1,1,0.9998728
1,1,0.9997017
1,1,0.96751106
1,1,0.9999045
1,1,0.99981457
1,1,0.98807704
1,1,0.9997609
1,1,0.99682957
1,1,0.99938047
1,1,0.99808705
1,1,0.99972075
1,1,0.99959046
1,1,0.99991226
1,1,0.98323613
1,1,0.8764138
1,1,0.999895
1,1,0.7280157
1,1,0.91465116
1,1,0.9997229
1,1,0.9343481
1,1,0.99837494
1,1,0.9977223
1,1,0.9986304
1,1,0.9994929
1,1,0.92144644
1,1,0.9965359
1,1,0.99444556
1,1,0.9999068
1,1,0.99829835
1,1,0.9934209
1,1,0.99958354
1,1,0.9734746
1,1,0.99961424
1,1,0.99745876
1,1,0.99410135
1,1,0.90830666
1,1,0.98799443
1,1,0.99308974
1,1,0.98966205
1,1,0.9999509
1,1,0.99966645
1,1,0.9999287
1,1,0.9669056
1,1,0.7663836
1,1,0.6733676
1,1,0.9938443
1,1,0.99960583
1,1,0.9825769
1,1,0.89644367
1,1,0.9964933
1,1,0.9981205
1,1,0.99980813
1,1,0.99940443
1,1,0.99963784
1,1,0.99942493
1,1,0.984245
1,1,0.9997985
1,1,0.98685116
1,1,0.9998241
1,1,0.99992967
1,1,0.9822751
1,1,0.9998017
1,1,0.97241795
1,1,0.9997825
1,1,0.99811244
1,1,0.99826765
1,1,0.90251744
1,1,0.96084386
1,1,0.9994449
1,1,0.99849355
1,1,0.9997002
1,1,0.99946564
1,1,0.9999249
1,1,0.9999323
1,1,0.999491
1,1,0.8603959
1,1,0.99977154
1,1,0.99971205
1,1,0.9997986
1,1,0.9993949
1,1,0.99890184
1,1,0.973214
1,1,0.98440915
1,1,0.99982697
1,1,0.99978966
1,1,0.99669194
1,1,0.99929714
1,1,0.96431077
1,1,0.98562384
1,1,0.9896344
1,1,0.9535079
1,1,0.99887925
1,1,0.9992085
1,1,0.88732547
1,1,0.998606
1,1,0.99768233
1,1,0.5561528
1,1,0.9995528
1,0,0.46624666
1,1,0.9997009
1,1,0.99841833
1,1,0.97898704
1,1,0.9996196
1,1,0.9998816
1,1,0.9995584
1,1,0.9984854
1,1,0.99982893
1,1,0.91560906
1,1,0.9989932
1,1,0.9592789
1,1,0.9960956
1,1,0.9975434
1,1,0.9875781
1,1,0.9999448
1,1,0.99946636
1,1,0.9978065
1,1,0.99979085
1,1,0.9998779
1,0,0.42784262
1,0,0.204305
1,1,0.99572986
1,1,0.9753602
1,1,0.64086765
1,1,0.99803
1,1,0.99774784
1,1,0.98484254
1,0,0.06091681
1,1,0.9997733
1,1,0.838305
1,1,0.9994904
1,1,0.9853174
1,0,0.10622627
1,1,0.9974027
1,1,0.9995752
1,1,0.9904236
1,1,0.9974197
1,1,0.9939213
1,1,0.99619544
1,1,0.99638605
1,1,0.9944036
1,1,0.9822604
1,1,0.9959162
1,1,0.9992317
1,1,0.9996743
1,1,0.9995383
1,1,0.94904286
1,1,0.9998313
1,1,0.9995814
1,1,0.99975973
1,1,0.99986863
1,1,0.7144729
1,1,0.9993523
1,1,0.9973564
1,1,0.9984718
1,1,0.99875176
1,1,0.99975604
1,1,0.9996985
1,1,0.9999398
1,1,0.7820967
1,1,0.99061245
1,1,0.9957806
1,1,0.99934834
1,1,0.98900443
1,1,0.99990165
1,1,0.99952877
1,1,0.9995678
1,1,0.9914813
1,1,0.9968645
1,1,0.98430055
1,1,0.99938524
1,1,0.9998061
1,1,0.9941222
1,1,0.9998565
1,1,0.9989343
1,1,0.9959038
1,1,0.9871766
1,1,0.99893135
1,1,0.999754
1,1,0.9997547
1,1,0.9997837
1,1,0.6295007
1,1,0.9997913
1,1,0.9978807
1,1,0.99968493
1,1,0.9942115
1,1,0.95709705
1,1,0.9983267
1,1,0.87898684
1,1,0.999894
1,1,0.982544
1,1,0.99992645
1,1,0.99978036
1,1,0.99975103
1,1,0.99665487
1,1,0.9998859
1,1,0.6144677
1,1,0.9984669
1,1,0.87138027
1,1,0.9966774
1,1,0.99861324
1,1,0.9996147
1,1,0.8231089
1,0,0.47309238
1,1,0.999203
1,1,0.9996475
1,1,0.99840957
1,1,0.9951574
1,1,0.7911011
1,0,0.3844564
1,1,0.99946374
1,1,0.9847963
1,1,0.77916855
1,1,0.9998734
1,1,0.99590933
1,1,0.99792445
1,1,0.9985078
1,1,0.89037013
1,1,0.9998921
1,1,0.99749583
1,1,0.99654776
1,1,0.99519724
1,1,0.99894756
1,1,0.9964796
1,1,0.9997739
1,1,0.99974614
1,1,0.9985422
1,1,0.9809064
1,1,0.9996691
1,1,0.9998535
1,1,0.99969935
1,1,0.999215
1,1,0.99908245
1,1,0.9998913
1,1,0.99967825
1,1,0.99436367
1,1,0.99985874
1,1,0.8232996
1,1,0.9995735
1,1,0.99985766
1,1,0.9874845
1,1,0.99534684
1,1,0.9929675
1,1,0.87951165
1,0,0.1532512
1,1,0.99771345
1,1,0.5554009
1,1,0.9997508
1,1,0.99957234
1,1,0.991025
1,1,0.99573356
1,1,0.99974364
1,1,0.99796236
1,1,0.9949056
1,1,0.999318
1,1,0.9585014
1,1,0.99990153
1,1,0.99986875
1,1,0.9788942
1,1,0.9984479
1,1,0.99967706
1,1,0.99987257
1,1,0.98810136
1,1,0.99929667
1,1,0.99358046
1,1,0.9989442
1,1,0.9983858
1,1,0.9997677
1,1,0.99945885
1,0,0.27490416
1,1,0.9706544
1,1,0.9516892
1,1,0.9998914
1,1,0.9999058
1,1,0.9999323
1,1,0.98875064
1,1,0.99863416
1,1,0.9991015
1,1,0.99985135
1,1,0.9980617
1,1,0.9997316
1,1,0.9989504
1,0,0.06365565
1,1,0.99493295
1,1,0.9998227
1,1,0.8201998
1,1,0.9998117
1,1,0.6479907
1,1,0.9897775
1,1,0.99919456
1,1,0.9956713
1,1,0.9960866
1,1,0.9945962
1,1,0.99896026
1,1,0.9997578
1,1,0.9982017
1,1,0.99955755
1,1,0.896301
1,1,0.9710015
1,1,0.8858313
1,1,0.9929503
1,1,0.9940891
1,1,0.99720156
1,1,0.98276216
1,1,0.999764
1,1,0.9998951
1,1,0.99471396
1,1,0.99964213
1,1,0.98112434
1,1,0.9994931
1,1,0.9215265
1,1,0.9997625
1,1,0.99879587
1,1,0.9990711
1,1,0.99007624
1,1,0.9949397
1,1,0.99616796
1,1,0.958618
1,1,0.9992854
1,1,0.9806002
1,1,0.985809
1,1,0.99630785
1,1,0.9965491
1,1,0.9998826
1,1,0.99951243
1,1,0.9991866
1,1,0.9858408
1,1,0.99913377
1,1,0.9983985
1,1,0.9858067
1,1,0.9835255
1,1,0.97745204
1,1,0.9995246
1,1,0.99615675
1,1,0.99981636
1,1,0.9951149
1,1,0.9996362
1,1,0.9944798
1,0,0.073374145
1,1,0.9988594
1,1,0.9172392
1,1,0.9997857
1,1,0.9905889
1,1,0.994466
1,1,0.9996613
1,1,0.9967554
1,1,0.99579334
1,1,0.97160035
1,1,0.99523395
1,1,0.99987733
1,1,0.99943584
1,1,0.99329716
1,1,0.99928516
1,1,0.99436754
1,1,0.9998387
1,1,0.9997814
1,0,0.16081664
1,1,0.9946189
1,1,0.9496093
1,1,0.9948703
1,1,0.996071
1,1,0.9999528
1,1,0.9992219
1,1,0.99991477
1,1,0.9956392
1,1,0.99668497
1,1,0.99030566
1,1,0.9617913
1,1,0.99982435
1,1,0.99988925
1,0,0.26836523
1,1,0.9772096
1,1,0.9998173
1,1,0.83588314
1,1,0.9995801
1,1,0.99960524
1,1,0.97555315
1,1,0.962499
1,1,0.99753225
1,1,0.9976192
1,1,0.8007406
1,1,0.99991393
1,1,0.99862814
1,1,0.9995789
1,1,0.9993166
1,1,0.99985313
1,1,0.9102249
1,1,0.99777657
1,1,0.99972636
1,1,0.91164935
1,1,0.9998659
1,1,0.99897754
1,1,0.87924504
1,1,0.9994592
1,0,0.46255574
1,1,0.8898798
1,1,0.998738
1,0,0.18770222
1,1,0.75474167
1,1,0.99982953
1,1,0.9987704
1,1,0.99874973
1,1,0.99752337
1,1,0.99795675
1,1,0.99940753
1,1,0.99918884
1,1,0.99950457
1,0,0.015972223
1,0,0.36738005
1,1,0.99969685
1,0,0.24397986
1,1,0.8632313
1,1,0.9971487
1,1,0.9996464
1,1,0.99984443
1,1,0.9987464
1,1,0.9988386
1,1,0.99795663
1,1,0.97740346
1,1,0.84219766
1,1,0.9994942
1,1,0.99909544
1,1,0.9426635
1,1,0.9996741
1,1,0.7745497
1,1,0.99945384
1,1,0.8207489
1,1,0.9977465
1,1,0.8794934
1,1,0.99602854
1,1,0.95059097
1,1,0.9957217
1,1,0.9863529
1,1,0.99978834
1,1,0.9990615
1,0,0.23691337
1,1,0.99861825
1,1,0.9998704
1,1,0.882874
1,1,0.6675643
1,1,0.9995028
1,1,0.9968759
1,1,0.9897105
1,1,0.5035992
1,1,0.998212
1,1,0.99909914
1,1,0.99865687
1,1,0.9997758
1,1,0.99619895
1,1,0.9428335
1,1,0.999907
1,1,0.9916164
1,0,0.24084295
1,1,0.99444723
1,1,0.9996346
1,1,0.99720025
1,1,0.9998876
1,1,0.98913574
1,1,0.9992693
1,1,0.99963856
1,1,0.9928188
1,1,0.857971
1,1,0.9954526
1,1,0.99848205
1,1,0.990386
1,1,0.9996762
1,1,0.96183395
1,1,0.9982455
1,1,0.9953616
1,1,0.9960322
1,1,0.9885322
1,1,0.7748043
1,1,0.9739523
1,1,0.99273324
1,1,0.992008
1,1,0.9956964
1,1,0.99871886
1,1,0.9646427
1,1,0.99182326
1,1,0.99964595
1,1,0.91759944
1,1,0.73727804
1,1,0.9752959
1,1,0.96154565
1,0,0.43328276
1,1,0.9997714
1,1,0.9971656
1,1,0.99965405
1,1,0.9970701
1,1,0.9978709
1,1,0.99906045
1,1,0.74690604
1,1,0.9986659
1,1,0.65482146
1,1,0.9997645
1,1,0.99921787
1,1,0.9945412
1,1,0.9972801
1,1,0.9849857
1,1,0.9996989
1,1,0.9998869
1,1,0.6618424
1,1,0.9996111
1,1,0.9997117
1,1,0.9986798
1,1,0.5493129
1,0,0.024344662
1,1,0.9997538
1,0,0.1118022
1,1,0.9998486
1,1,0.89330524
1,1,0.99501544
1,1,0.9994968
1,1,0.99770516
1,1,0.5780281
1,0,0.20706494
1,1,0.9313155
1,1,0.9891622
1,1,0.9936335
1,1,0.99919075
1,1,0.9971198
1,1,0.9409409
1,1,0.99983513
1,1,0.691116
1,1,0.9988661
1,1,0.99863523
1,1,0.8246608
1,1,0.96570176
1,1,0.99930716
1,1,0.9966941
1,1,0.9853151
1,1,0.5381539
1,1,0.99403375
1,0,0.06370421
1,1,0.99889624
1,1,0.9980585
1,1,0.99991333
1,1,0.9867525
1,1,0.9997825
1,1,0.99928087
1,1,0.5199017
1,1,0.8984072
1,1,0.9955936
1,1,0.999275
1,1,0.9998368
1,1,0.999411
1,0,0.4590885
1,1,0.98088616
1,1,0.9999385
1,1,0.9880064
1,1,0.9997292
1,1,0.9502452
1,1,0.99716175
1,1,0.9991918
1,1,0.999169
1,1,0.9622095
1,1,0.73674977
1,0,0.3006891
1,0,0.11081635
1,1,0.9998523
1,1,0.99985456
1,1,0.9966281
1,1,0.9892595
1,1,0.99882
1,1,0.83566844
1,1,0.7376229
1,1,0.9764786
1,0,0.0039442223
1,0,0.12080851
1,1,0.99561787
1,1,0.98794144
1,1,0.9421236
1,1,0.99487394
1,1,0.99841475
1,0,0.13549078
1,1,0.99645597
1,1,0.9986563
1,1,0.99662846
1,1,0.9848145
1,1,0.9894853
1,1,0.9999299
1,1,0.9980001
1,1,0.99988127
1,0,0.038569976
1,1,0.9998677
1,0,0.14004359
1,1,0.9998115
1,1,0.99982613
1,1,0.82387704
1,1,0.998206
1,1,0.9955187
1,1,0.99983513
1,1,0.9998492
1,1,0.9983089
1,1,0.99782807
1,1,0.9999114
1,1,0.994437
1,1,0.9969522
1,0,0.0148392115
1,0,0.2345404
1,1,0.98586214
1,1,0.9857362
1,1,0.9994198
1,0,0.15943272
1,1,0.9485025
1,0,0.3139617
1,1,0.9998479
1,1,0.90131354
1,0,0.0019420942
1,1,0.9999083
1,0,0.058250103
1,1,0.9683672
1,1,0.9973527
1,1,0.9996014
1,1,0.9992823
1,1,0.9965655
1,1,0.9986761
1,1,0.9997371
1,1,0.996847
1,1,0.9997632
1,1,0.9996736
1,1,0.9970983
1,1,0.999584
1,0,0.4825203
1,0,0.29377633
1,1,0.9963175
1,1,0.99938524
1,1,0.99975723
1,1,0.9999279
1,0,0.06531173
1,1,0.94889003
1,1,0.9652674
1,1,0.99983466
1,1,0.99687517
1,1,0.71906215
1,1,0.99640584
1,1,0.99956876
1,1,0.9960898
1,0,0.038376044
1,1,0.99356127
1,1,0.98609143
1,0,0.34993422
1,1,0.9193278
1,0,0.3154608
1,1,0.9994764
1,1,0.99781525
1,1,0.9978993
1,1,0.6842619
1,1,0.99926394
1,1,0.99970007
1,0,0.09317449
1,1,0.9996966
1,1,0.9994246
1,1,0.9987192
1,1,0.9400152
1,1,0.9980399
1,1,0.979364
1,1,0.9121543
1,1,0.6695629
1,1,0.998762
1,1,0.9995685
1,1,0.9480768
1,1,0.99854386
1,0,0.037811674
1,1,0.99966896
1,1,0.9998233
1,1,0.9228817
1,1,0.99963045
1,1,0.7019051
1,1,0.999648
1,1,0.9799478
1,1,0.99327564
1,1,0.99936014
1,1,0.9997174
1,1,0.90551174
1,1,0.9937143
1,1,0.82872784
1,1,0.99815494
1,1,0.9709019
1,1,0.9989692
1,1,0.9993838
1,1,0.9996489
1,1,0.99849665
1,1,0.99335784
1,1,0.5654899
1,0,0.44822985
1,1,0.9989569
1,1,0.9924401
1,1,0.9889443
1,1,0.85524553
1,1,0.993764
1,0,0.047063924
1,1,0.9990715
1,1,0.985573
1,0,0.15385176
1,1,0.99710864
1,0,0.47596833
1,1,0.99977285
1,0,0.17149054
1,1,0.89074105
1,1,0.9996333
1,1,0.94974214
1,1,0.99982435
1,1,0.99910957
1,1,0.9953622
1,1,0.9999409
1,1,0.5632212
1,1,0.99535286
1,1,0.9994937
1,1,0.999278
1,1,0.9995852
1,1,0.9981817
1,0,0.051992856
1,1,0.8623563
1,1,0.99583274
1,1,0.9999275
1,0,0.012415334
1,1,0.9992872
1,1,0.9915958
1,1,0.9973604
1,1,0.9791003
1,1,0.99771535
1,1,0.9998957
1,1,0.98180515
1,1,0.9998319
1,1,0.956059
1,1,0.8683284
1,1,0.9997713
1,1,0.99496835
1,1,0.99914193
1,0,0.3611499
1,1,0.9842704
1,1,0.92699665
1,1,0.99295926
1,0,0.06811515
1,1,0.75813204
1,1,0.99415755
1,1,0.9996382
1,1,0.99976
1,1,0.99937314
1,1,0.66041744
1,1,0.99988866
1,0,0.32831186
1,1,0.9977586
1,1,0.99877805
1,1,0.99866724
1,1,0.8669593
1,0,0.39234847
1,1,0.99205935
1,1,0.99936014
1,1,0.99915004
1,1,0.9995801
1,1,0.9810006
1,1,0.947106
1,0,0.49870095
1,1,0.9990356
1,0,0.35747573
1,0,0.0028061715
1,1,0.9902614
1,1,0.9998549
1,1,0.7818803
1,1,0.99936444
1,1,0.9970003
1,1,0.9997881
1,1,0.99973553
1,1,0.9961416
1,0,0.035351127
1,1,0.9520094
1,1,0.99701834
1,1,0.9897709
1,0,0.0520406
1,1,0.9728546
1,0,0.09091242
1,1,0.9988605
1,1,0.8728763
1,1,0.9986424
1,0,0.23973995
1,1,0.94702303
1,1,0.9998202
1,1,0.9900759
1,0,0.025619986
1,0,0.21341668
1,1,0.99956936
1,0,0.27239242
1,1,0.7885469
1,1,0.9984596
1,1,0.94140166
1,1,0.9741532
1,1,0.9996952
1,1,0.9997737
1,1,0.99359953
1,1,0.99788374
1,1,0.9981534
1,1,0.9915998
1,1,0.9987577
1,1,0.73138356
1,1,0.99736243
1,1,0.9979127
1,1,0.8931409
1,1,0.93050504
1,1,0.99936193
1,1,0.9989793
1,1,0.9973199
1,1,0.999762
1,1,0.9998615
1,1,0.98590684
1,1,0.9970709
1,1,0.99985075
1,1,0.9992448
1,1,0.8656557
1,0,0.4069207
1,0,0.45624533
1,1,0.6711663
1,1,0.9998061
1,1,0.99883264
1,1,0.9957932
1,1,0.99972004
1,1,0.9474186
1,1,0.99932647
1,1,0.99805695
1,1,0.98879623
1,1,0.99992776
1,1,0.99343395
1,1,0.99943966
1,0,0.46820563
1,1,0.8221662
1,1,0.9992441
1,1,0.9998406
1,1,0.99987257
1,1,0.99809164
1,1,0.5523676
1,1,0.99953973
1,1,0.9614338
1,1,0.9986425
1,1,0.9982875
1,1,0.99888164
1,1,0.92560345
1,1,0.99914896
1,1,0.679598
1,1,0.9997662
1,1,0.9306114
1,1,0.99370074
1,1,0.7858235
1,1,0.99705863
1,1,0.9804842
1,1,0.9005626
1,1,0.99678326
1,1,0.5775598
1,1,0.9981755
1,1,0.73527396
1,1,0.99893516
1,1,0.99977714
1,1,0.97866654
1,1,0.8523892
1,1,0.9996525
1,1,0.9995022
1,0,0.3964358
1,1,0.9999149
1,0,0.45213273
1,1,0.9965216
1,1,0.5544132
1,1,0.9998512
1,1,0.95425534
1,1,0.9997396
1,1,0.9729355
1,1,0.99857223
1,1,0.99947864
1,1,0.99975306
1,0,0.04598691
1,1,0.9998362
1,1,0.9996464
1,1,0.99047184
1,1,0.9227397
1,1,0.9965642
1,1,0.9876803
1,1,0.9998586
1,1,0.98752415
1,1,0.99180084
1,0,0.22291782
1,1,0.9992931
1,1,0.9990446
1,1,0.998052
1,0,0.4712339
1,1,0.9824553
1,1,0.9994802
1,1,0.91683775
1,0,0.14564273
1,1,0.9997398
1,1,0.99989104
1,1,0.9997894
1,1,0.9998963
1,1,0.88686615
1,1,0.8885626
1,1,0.99813795
1,1,0.9977875
1,1,0.99835265
1,1,0.99922085
1,1,0.9998908
1,0,0.10909766
1,1,0.99945456
1,1,0.9878703
1,1,0.94290936
1,1,0.99069023
1,1,0.9980319
1,1,0.9993974
1,0,0.37397966
1,1,0.5515068
1,1,0.99988806
1,1,0.5128291
1,1,0.9962637
1,0,0.022289367
1,1,0.9996644
1,1,0.99485755
1,1,0.9998221
1,1,0.98704034
1,1,0.9987533
1,1,0.9609129
1,1,0.99990094
1,1,0.9996785
1,1,0.98243386
1,1,0.97547364
1,1,0.95139515
1,0,0.0626355
1,1,0.9987582
1,1,0.99947006
1,1,0.6951303
1,0,0.26855788
1,1,0.9981232
1,1,0.993425
1,1,0.9999156
1,1,0.87024
1,1,0.6049796
1,1,0.9575377
1,1,0.9997601
1,1,0.8223586
1,1,0.97468567
1,1,0.99639136
1,1,0.999645
1,1,0.9891661
1,0,0.29939514
1,1,0.9366834
1,1,0.99978
1,1,0.99987483
1,1,0.9915793
1,1,0.9992613
1,1,0.96312183
1,1,0.9965918
1,1,0.881235
1,1,0.98152804
1,1,0.9984694
1,1,0.99937445
1,0,0.08434964
1,1,0.8841152
1,1,0.9996132
1,0,0.25159502
1,0,0.058460955
1,1,0.99200284
1,1,0.95469785
1,1,0.9888432
1,1,0.99863654
1,1,0.68371284
1,1,0.99916935
1,1,0.93398285
1,1,0.9855019
1,1,0.99571747
1,1,0.9997279
1,1,0.99943405
1,1,0.95408964
1,1,0.99964786
1,1,0.97754353
1,1,0.999616
1,1,0.7837621
1,1,0.9841606
1,1,0.9460172
1,1,0.99956244
1,1,0.8760058
1,1,0.7594023
1,1,0.99960333
1,0,0.011936693
1,1,0.99868935
1,1,0.9991296
1,0,0.0102357725
1,1,0.61255676
1,1,0.99583983
1,1,0.9913571
1,1,0.98924875
1,1,0.9995047
1,1,0.9999187
1,1,0.98876685
1,1,0.9994497
1,1,0.99548715
1,1,0.8450397
1,1,0.91493547
1,1,0.94447213
1,1,0.9996208
1,1,0.9981665
1,1,0.99190825
1,1,0.9773236
1,1,0.99979526
1,1,0.99957186
1,1,0.99831355
1,1,0.99968445
1,1,0.9993019
1,1,0.9943199
1,1,0.999323
1,1,0.9996842
1,1,0.9975598
1,0,0.34224606
1,1,0.98009914
1,1,0.99984574
1,1,0.9990544
1,1,0.99933976
1,1,0.9916523
1,1,0.93161684
1,1,0.99790925
1,1,0.99354327
1,1,0.98555
1,1,0.99960023
1,1,0.99911624
1,1,0.9991177
1,1,0.9998944
1,1,0.96631205
1,1,0.99964917
1,1,0.99890065
1,1,0.99986327
1,1,0.99959165
1,1,0.99769044
1,0,0.49220836
1,1,0.99952126
1,1,0.98434246
1,0,0.35208791
1,1,0.9949067
1,1,0.80611795
1,1,0.98635393
1,1,0.99778855
1,1,0.9997851
1,1,0.98972195
1,1,0.65155065
1,1,0.99965763
1,0,0.064523846
1,1,0.61967456
1,1,0.99195284
1,1,0.99414825
1,1,0.99696463
1,1,0.9908082
1,1,0.88841677
1,0,0.19809258
1,0,0.012043416
1,1,0.9992053
1,1,0.7301239
1,1,0.99123573
1,1,0.99932516
1,1,0.9986059
1,0,0.06323325
1,1,0.999879
1,0,0.40744722
1,1,0.9992943
1,1,0.95516646
1,1,0.9871111
1,1,0.99013025
1,1,0.999884
1,1,0.9998264
1,1,0.99727243
1,0,0.38313836
1,1,0.5757556
1,1,0.95866543
1,1,0.98741794
1,1,0.9809777
1,0,0.04195346
1,1,0.99836034
1,1,0.9879039
1,1,0.98833686
1,1,0.62820166
1,1,0.99806136
1,1,0.95529884
1,1,0.99413174
1,1,0.9917026
1,1,0.9992077
1,1,0.8324824
1,1,0.9864652
1,1,0.99796414
1,1,0.9587103
1,1,0.9961826
1,1,0.99368334
1,1,0.99980766
1,1,0.99175805
1,1,0.99210453
1,1,0.99988425
1,1,0.9976755
1,1,0.9976017
1,1,0.99977773
1,1,0.9999044
1,1,0.9929317
1,1,0.9995584
1,1,0.99698097
1,1,0.9999323
1,1,0.99989593
1,1,0.9975834
1,1,0.84791845
1,1,0.9951048
1,1,0.9958691
1,1,0.9997671
1,0,0.40520746
1,1,0.99517953
1,1,0.9842518
1,1,0.9998535
1,1,0.7764345
1,1,0.9886469
1,1,0.66261405
1,1,0.99921274
1,1,0.99885094
1,1,0.9985783
1,1,0.57119644
1,1,0.798174
1,1,0.9407375
1,1,0.99994314
1,1,0.88064325
1,0,0.0039324644
1,0,0.012449741
1,1,0.9997142
1,1,0.99932134
1,1,0.978309
1,1,0.99861884
1,1,0.99949
1,1,0.99968314
1,1,0.99858993
1,1,0.93761134
1,1,0.9995902
1,1,0.9996037
1,1,0.99912983
1,1,0.9994236
1,1,0.99871683
1,1,0.65540737
1,1,0.9998939
1,1,0.99745053
1,1,0.992694
1,0,0.17190927
1,1,0.9996531
1,1,0.99953675
1,1,0.99985266
1,1,0.9936562
1,1,0.9985239
1,1,0.9998368
1,1,0.9995084
1,1,0.9825004
1,1,0.8833832
1,1,0.8556387
1,1,0.9981775
1,0,0.45732856
1,1,0.99212575
1,1,0.9994362
1,1,0.9904607
1,1,0.99982774
1,1,0.9958138
1,1,0.9998821
1,1,0.9991621
1,1,0.9991233
1,1,0.99895716
1,1,0.9994967
1,1,0.993324
1,1,0.9939078
1,1,0.9970573
1,1,0.9998758
1,1,0.9988716
1,1,0.6506021
1,1,0.99993014
1,1,0.99549365
1,1,0.9771772
1,1,0.9824896
1,1,0.9977451
1,1,0.99963117
1,1,0.9984884
1,1,0.9998951
1,1,0.9925188
1,1,0.9982322
1,1,0.9963576
1,1,0.99982625
1,1,0.997133
1,1,0.999481
1,1,0.9991436
1,1,0.999884
1,1,0.57742876
1,1,0.9998062
1,1,0.99775034
1,1,0.995992
1,1,0.99651045
1,1,0.991574
1,1,0.68803525
1,1,0.98328894
1,1,0.9995321
1,0,0.0047895797
1,1,0.94705117
1,1,0.9831255
1,1,0.9900837
1,1,0.9998902
1,0,0.1055151
1,1,0.9979152
1,1,0.9940941
1,1,0.8781703
1,1,0.9990816
1,1,0.97603476
1,1,0.98945504
1,1,0.9998889
1,1,0.9965174
1,1,0.99856395
1,1,0.99833786
1,1,0.98734367
1,1,0.99199474
1,1,0.9996215
1,1,0.5311278
1,1,0.9995272
1,1,0.9998472
1,1,0.98869705
1,1,0.99887365
1,1,0.9995759
1,1,0.9863316
1,1,0.99980134
1,1,0.99618214
1,1,0.98283744
1,1,0.86217326
1,1,0.99953187
1,1,0.98954165
1,1,0.9891031
1,1,0.9248899
1,1,0.9125226
1,1,0.9946226
1,1,0.99995136
1,1,0.9989091
1,1,0.99971086
1,1,0.99639904
1,1,0.99802446
1,1,0.9937202
1,1,0.99911445
1,1,0.9972932
1,0,0.048500676
1,1,0.68476015
1,1,0.99949694
1,0,0.111169435
1,1,0.99951184
1,1,0.9997249
1,1,0.9946091
1,1,0.7144853
1,0,0.029815514
1,0,0.4329004
1,1,0.94235164
1,1,0.9898644
1,1,0.99868757
1,1,0.72575086
1,1,0.8269547
1,1,0.99859875
1,1,0.99938977
1,1,0.9993499
1,1,0.99927384
1,1,0.99867874
1,0,0.30797598
1,1,0.9987961
1,1,0.8639177
1,1,0.78552073
1,1,0.9737544
1,1,0.67824876
1,1,0.99903035
1,1,0.70504683
1,1,0.99298495
1,1,0.99553466
1,1,0.97150934
1,1,0.9997112
1,0,0.3303091
1,1,0.9912547
1,1,0.99793327
1,1,0.9952282
1,1,0.99362963
1,1,0.9979036
1,0,0.019761438
1,1,0.9980691
1,1,0.99982613
1,1,0.99958307
1,1,0.9946827
1,1,0.6787601
1,1,0.9941865
1,1,0.99970824
1,1,0.8744826
1,0,0.037157893
1,1,0.9998331
1,1,0.9969896
1,1,0.9997986
1,1,0.9997669
1,1,0.99991536
1,1,0.86434615
1,1,0.9969169
1,1,0.9901186
1,1,0.9938676
1,0,0.0070648785
1,1,0.99979764
1,1,0.9819265
1,1,0.99082935
1,1,0.9617302
1,1,0.9942958
1,1,0.99972874
1,1,0.99177843
1,1,0.9935696
1,1,0.9557445
1,1,0.9857594
1,1,0.98852426
1,1,0.99247885
1,1,0.9985707
1,1,0.99978906
1,1,0.99944013
1,1,0.9807395
1,1,0.9373257
1,0,0.35596204
1,1,0.99876153
1,0,0.022443771
1,1,0.99410206
1,1,0.9999367
1,1,0.9992418
1,1,0.88913184
1,1,0.96272045
1,1,0.5395177
1,1,0.99994624
1,1,0.9998729
1,1,0.9998828
1,1,0.9994174
1,1,0.9993261
1,1,0.9868248
1,0,0.092562474
1,1,0.99954623
1,1,0.93368125
1,1,0.99879056
1,1,0.99143934
1,1,0.7707943
1,0,0.18297884
1,1,0.99106663
1,1,0.9980761
1,1,0.9971347
1,1,0.9996686
1,1,0.53759503
1,0,0.033212595
1,1,0.92639464
1,1,0.999887
1,1,0.93170047
1,1,0.99973756
1,1,0.9938692
1,1,0.5150422
1,1,0.9996971
1,1,0.99905413
1,1,0.99583083
1,1,0.9995658
1,1,0.9986129
1,1,0.98604697
1,1,0.99415094
1,1,0.99897975
1,1,0.9971296
1,1,0.94883996
1,1,0.997752
1,1,0.96593815
1,1,0.9976355
1,1,0.9820827
1,1,0.996293
1,1,0.9668906
1,0,0.3407945
1,1,0.9993636
1,1,0.9856107
1,1,0.8773373
1,0,0.033214472
1,1,0.9792442
1,1,0.9857706
1,0,0.13709357
1,1,0.9975775
1,0,0.12391786
1,1,0.98288774
1,1,0.99499327
1,1,0.9997354
1,1,0.9442218
1,1,0.9989806
1,1,0.99628145
1,1,0.99935406
1,1,0.9939978
1,1,0.99971944
1,1,0.8784794
1,1,0.9844074
1,1,0.99949586
1,1,0.99757475
1,1,0.8656905
1,1,0.9997776
1,1,0.865504
1,1,0.9993137
1,1,0.9984326
1,1,0.99961096
1,1,0.99971074
1,1,0.99693227
1,1,0.99989283
1,1,0.9997999
1,1,0.99672383
1,1,0.99870634
1,1,0.99956363
1,1,0.83808154
1,1,0.9278933
1,1,0.9987307
1,1,0.62243897
1,1,0.99978024
1,1,0.9834899
1,1,0.9956381
1,1,0.99293387
1,1,0.94124985
1,1,0.9840965
1,1,0.9994856
1,1,0.9995377
1,1,0.74242425
1,1,0.99190277
1,1,0.9935086
1,0,0.4853525
1,1,0.99525034
1,1,0.99784255
1,1,0.994789
1,1,0.9928249
1,1,0.9943316
1,1,0.98965645
1,1,0.9996331
1,1,0.99952316
1,1,0.99982053
1,0,0.41139296
1,1,0.90205294
1,1,0.9939421
1,0,0.06804569
1,1,0.99983716
1,1,0.9997687
1,1,0.9999163
1,1,0.9999219
1,1,0.9996916
1,1,0.9879078
1,1,0.94661677
1,1,0.8078935
1,1,0.99991095
1,1,0.9793855
1,1,0.9963337
1,1,0.9998056
1,1,0.9612522
1,1,0.9999026
1,1,0.9556189
1,1,0.9964127
1,1,0.9087323
1,1,0.9657521
1,1,0.9981919
1,1,0.99987185
1,1,0.9997197
1,1,0.9170646
1,1,0.99881446
1,1,0.96361667
1,1,0.9943303
1,1,0.65302724
1,1,0.9975418
1,0,0.10552831
1,1,0.9982799
1,1,0.99988306
1,1,0.9875103
1,0,0.14667971
1,1,0.8298828
1,1,0.8604974
1,1,0.9990602
1,1,0.9998895
1,1,0.903053
1,1,0.99938977
1,1,0.9998971
1,1,0.99736434
1,1,0.8662402
1,1,0.9573886
1,0,0.23275317
1,1,0.99990606
1,1,0.97072
1,0,0.17786497
1,1,0.9994087
1,1,0.99984133
1,0,0.035182636
1,1,0.9121442
1,0,0.035477288
1,0,0.24435587
1,1,0.9998708
1,1,0.97199744
1,1,0.88306177
1,1,0.6708733
1,1,0.9969056
1,1,0.9974744
1,1,0.9981741
1,1,0.9982451
1,1,0.9969104
1,1,0.88500607
1,1,0.99879396
1,1,0.9988362
1,0,0.2428294
1,1,0.9985335
1,1,0.9863366
1,1,0.92118144
1,1,0.99973065
1,1,0.71514845
1,1,0.9997092
1,1,0.9134701
1,1,0.99527836
1,1,0.9971392
1,1,0.9825891
1,1,0.9986588
1,1,0.9998497
1,1,0.9964191
1,1,0.9909634
1,1,0.95841724
1,1,0.9994898
1,1,0.9969215
1,1,0.997332
1,1,0.99940443
1,1,0.96655065
1,1,0.99890935
1,0,0.05202889
1,1,0.999143
1,0,0.17339203
1,1,0.99319685
1,1,0.988607
1,1,0.99830306
1,1,0.99538064
1,1,0.9863794
1,1,0.9933181
1,1,0.9909903
1,1,0.9970906
1,1,0.98456776
1,1,0.9980843
1,1,0.99365294
1,1,0.9999273
1,1,0.99899215
1,1,0.99993455
1,1,0.99992716
1,1,0.97586834
1,0,0.19781704
1,1,0.99679667
1,1,0.99989724
1,1,0.96738565
1,1,0.9970764
1,1,0.95825815
1,1,0.9956475
1,1,0.9716593
1,1,0.9993766
1,1,0.99781454
1,1,0.99814343
1,1,0.99609584
1,1,0.93421614
1,1,0.9994111
1,1,0.98547155
1,1,0.99798346
1,1,0.99934477
1,1,0.98699385
1,0,0.4679308
1,1,0.9879391
1,0,0.08723373
1,1,0.98484707
1,0,0.054602552
1,1,0.9951934
1,1,0.9997354
1,0,0.030726105
1,1,0.9997824
1,1,0.99987733
1,1,0.9996464
1,1,0.9947878
1,0,0.3614835
1,1,0.9997813
1,1,0.99283093
1,1,0.9998863
1,1,0.6022745
1,1,0.9728549
1,1,0.9956316
1,1,0.994701
1,0,0.056176595
1,1,0.98165405
1,1,0.9906906
1,1,0.99917847
1,1,0.989541
1,1,0.9900143
1,1,0.76053774
1,1,0.9978982
1,1,0.96387535
1,1,0.98306954
1,1,0.9950814
1,0,0.30594888
1,1,0.9979018
1,1,0.6580006
1,0,0.06667583
1,1,0.9994074
1,1,0.9994973
1,1,0.9786349
1,1,0.99770075
1,1,0.99918073
1,1,0.9997782
1,1,0.9997305
1,1,0.9991652
1,1,0.9981352
1,1,0.99785113
1,1,0.99908006
1,0,0.34101987
1,1,0.8307468
1,1,0.9984034
1,1,0.99977213
1,1,0.99697137
1,1,0.9989374
1,1,0.99798334
1,1,0.8349965
1,1,0.9998456
1,1,0.98796266
1,1,0.99461335
1,0,0.070338205
1,1,0.9975464
1,0,0.041797936
1,1,0.9999255
1,1,0.9992399
1,1,0.9969715
1,1,0.9998715
1,1,0.99835455
1,1,0.99686843
1,1,0.9996221
1,1,0.9998462
1,1,0.9961901
1,1,0.9996785
1,1,0.9989718
1,1,0.9522754
1,1,0.9997588
1,1,0.9997594
1,1,0.99975926
1,1,0.99894875
1,1,0.99988055
1,1,0.99981934
1,1,0.9978217
1,1,0.9996921
1,0,0.050866548
1,1,0.995155
1,0,0.019924706
1,1,0.9997899
1,1,0.99591064
1,1,0.9294038
1,1,0.9777654
1,1,0.8988986
1,1,0.9973508
1,1,0.9999471
1,1,0.9998147
1,1,0.99391717
1,1,0.9994599
1,1,0.87616307
1,1,0.9841515
1,1,0.9998149
1,1,0.9967146
1,1,0.99799806
1,1,0.9983866
1,1,0.99858487
1,1,0.7373789
1,1,0.9997422
1,1,0.9935282
1,1,0.9995497
1,1,0.9824734
1,1,0.96442133
1,1,0.7492865
1,1,0.9997466
1,1,0.7823855
1,1,0.9951296
1,1,0.51137817
1,1,0.9997863
1,1,0.9269349
1,1,0.99785066
1,1,0.87255996
1,1,0.94399804
1,1,0.99994016
1,1,0.9953536
1,1,0.9496524
1,1,0.9994855
1,1,0.98948544
1,1,0.97279143
1,1,0.9860389
1,1,0.6882504
1,1,0.99964166
1,1,0.8438681
1,0,0.4293441
1,1,0.9996755
1,1,0.9951815
1,1,0.99840826
1,1,0.82630706
1,1,0.9915155
1,1,0.8970987
1,1,0.97871643
1,1,0.9875509
1,0,0.25554565
1,1,0.99955016
1,0,0.044284176
1,1,0.6519853
1,1,0.99446183
1,1,0.5167002
1,1,0.7513264
1,1,0.9332393
1,0,0.033420146
1,0,0.12912954
1,1,0.991668
1,1,0.98476183
1,1,0.99987495
1,1,0.99992144
1,1,0.99984396
1,1,0.8159487
1,1,0.98693246
1,1,0.9998472
1,1,0.79977447
1,1,0.9488006
1,1,0.99728596
1,1,0.9975242
1,1,0.9962515
1,1,0.98810637
1,1,0.99852645
1,1,0.99975795
1,1,0.99987733
1,1,0.98598456
1,1,0.9917732
1,1,0.99436027
1,1,0.9958306
1,1,0.99397224
1,0,0.13382995
1,1,0.98717463
1,1,0.9995448
1,1,0.9733758
1,1,0.9913864
1,1,0.9996401
1,1,0.99961686
1,1,0.9939803
1,1,0.9827307
1,1,0.9896974
1,1,0.99469817
1,1,0.9999453
1,1,0.9980155
1,1,0.99862623
1,1,0.9989759
1,1,0.9998561
1,1,0.9972715
1,1,0.9615473
1,0,0.21724896
1,0,0.4826869
1,1,0.99985373
1,1,0.9985393
1,1,0.9972608
1,1,0.995908
1,1,0.9984434
1,1,0.5907864
1,1,0.9978083
1,1,0.95378685
1,1,0.99992895
1,1,0.9979753
1,1,0.99979407
1,1,0.99988604
1,1,0.9986651
1,1,0.9988543
1,1,0.99943584
1,1,0.98419744
1,1,0.99981385
1,1,0.99956685
1,1,0.99822515
1,1,0.9950275
1,1,0.9998635
1,0,0.008676544
1,1,0.99922216
1,1,0.8339705
1,1,0.9733718
1,1,0.998676
1,1,0.92357445
1,1,0.9968664
1,1,0.9764129
1,1,0.9984505
1,1,0.9968335
1,1,0.9993381
1,1,0.99989486
1,1,0.9986524
1,1,0.9982766
1,1,0.9998474
1,1,0.99934155
1,0,0.43626624
1,1,0.9993717
1,1,0.9419502
1,1,0.959813
1,1,0.9998294
1,1,0.9964142
1,1,0.7943916
1,1,0.5287241
1,1,0.6558762
1,1,0.9642525
1,1,0.9999112
1,1,0.9886143
1,1,0.9859265
1,1,0.99725693
1,1,0.9994622
1,1,0.76474994
1,1,0.99217695
1,1,0.9953818
1,1,0.52704746
1,1,0.9997358
1,1,0.87012494
1,1,0.9846246
1,1,0.99983895
1,1,0.93806565
1,1,0.8784118
1,1,0.999057
1,1,0.9878543
1,1,0.7044144
1,1,0.998147
1,0,0.39977202
1,0,0.23926729
1,1,0.9995523
1,1,0.9998386
1,1,0.99807584
1,1,0.9993205
1,1,0.8572669
1,0,0.3379281
1,1,0.9992279
1,1,0.99737465
1,1,0.999838
1,1,0.98557705
1,0,0.3661614
1,1,0.9995303
1,1,0.77932125
1,1,0.9998863
1,1,0.9988599
1,1,0.998708
1,1,0.875951
1,1,0.6218732
1,1,0.7740963
1,0,0.16488312
1,1,0.99172145
1,1,0.99639136
1,1,0.97515464
1,1,0.99792117
1,1,0.99898297
1,1,0.9992805
1,1,0.97895265
1,1,0.9980927
1,1,0.94015634
1,1,0.999689
1,0,0.44250175
1,1,0.98095703
1,1,0.9979492
1,1,0.9993284
1,1,0.99986494
1,1,0.9874328
1,1,0.8227902
1,1,0.9997826
1,0,0.007091625
1,1,0.99981016
1,1,0.9999443
1,1,0.9003102
1,1,0.9983516
1,1,0.5419263
1,1,0.9996352
1,1,0.74243706
1,1,0.99383813
1,1,0.9709046
1,1,0.9961456
1,1,0.99994063
1,1,0.899208
1,1,0.8961407
1,1,0.9962639
1,1,0.99992454
1,1,0.9635286
1,1,0.9940859
1,1,0.9984515
1,1,0.99973303
1,0,0.031223312
1,1,0.9998758
1,1,0.9930795
1,1,0.99968123
1,1,0.9997516
1,1,0.9980919
1,1,0.999508
1,1,0.9731363
1,1,0.99961734
1,1,0.9995016
1,1,0.99894255
1,1,0.71193177
1,1,0.9994677
1,1,0.9779374
1,1,0.999257
1,1,0.98232275
1,0,0.14257535
1,1,0.99981636
1,1,0.99981576
1,1,0.9996325
1,1,0.99869674
1,1,0.99960345
1,1,0.9988979
1,1,0.9071744
1,1,0.99961793
1,1,0.9716626
1,0,0.4559429
1,1,0.99839056
1,1,0.99584866
1,1,0.99978715
1,1,0.99941814
1,1,0.9919944
1,1,0.9950493
1,0,0.005972574
1,1,0.99979466
1,1,0.9999099
1,1,0.99950135
1,1,0.99816555
1,1,0.99172485
1,1,0.73018
1,1,0.9972862
1,1,0.98353034
1,1,0.9335304
1,1,0.9933207
1,1,0.9982566
1,1,0.99985385
1,1,0.9968059
1,0,0.24846573
1,1,0.9990115
1,1,0.99663997
1,1,0.9668606
1,1,0.99949837
1,1,0.56189
1,1,0.99924767
1,0,0.34048146
1,1,0.9712137
1,1,0.9457801
1,0,0.25402492
1,1,0.999258
1,1,0.99985623
1,1,0.9084863
1,1,0.99879694
1,1,0.9774327
1,1,0.7998081
1,1,0.99986243
1,1,0.999777
1,1,0.9977569
1,1,0.9997067
1,1,0.99984586
1,1,0.99906975
1,1,0.9357412
1,1,0.98198915
1,1,0.9995491
1,1,0.99963546
1,1,0.98984283
1,1,0.7151785
1,1,0.82649374
1,1,0.99425113
1,1,0.934471
1,1,0.98831964
1,0,0.39323577
1,0,0.41042906
1,1,0.99897707
1,1,0.9754495
1,0,0.23337582
1,1,0.9996766
1,1,0.99891937
1,1,0.99946004
1,1,0.9980647
1,0,0.02314554
1,1,0.711346
1,1,0.9891199
1,1,0.9392847
1,1,0.99743074
1,1,0.99639326
1,1,0.9986656
1,1,0.99950933
1,1,0.99836975
1,1,0.9998479
1,1,0.99885666
1,1,0.99970967
1,1,0.99940884
1,1,0.9939388
1,0,0.034980547
1,0,0.17041501
1,0,0.16126461
1,1,0.91301733
1,0,0.24347858
1,0,0.2418903
1,1,0.99901485
1,1,0.74707514
1,1,0.9998123
1,1,0.9994759
1,1,0.9977023
1,1,0.99668413
1,1,0.99850684
1,1,0.99983704
1,1,0.99703157
1,1,0.9784756
1,1,0.9995566
1,1,0.9998534
1,1,0.9965932
1,1,0.99674356
1,1,0.8785744
1,1,0.99851495
1,1,0.97871494
1,1,0.9626144
1,0,0.40291584
1,1,0.99786913
1,1,0.99987864
1,1,0.7065213
1,1,0.9998486
1,1,0.9990626
1,1,0.74619746
1,1,0.9996909
1,1,0.9997204
1,1,0.9952018
1,1,0.99983454
1,1,0.9889598
1,1,0.9874893
1,1,0.99799335
1,1,0.97684586
1,0,0.080455564
1,1,0.97327596
1,1,0.9989021
1,0,0.028191533
1,1,0.93992394
1,1,0.98464847
1,1,0.99600357
1,1,0.94564587
1,1,0.5623633
1,1,0.99975425
1,1,0.99906653
1,0,0.30287567
1,1,0.97526234
1,1,0.99954283
1,1,0.84087366
1,1,0.9974957
1,1,0.9995782
1,1,0.92222863
1,1,0.99969864
1,1,0.8469914
1,1,0.98327786
1,1,0.99969697
1,1,0.99955255
1,1,0.99946636
1,1,0.97760314
1,0,0.29228348
1,1,0.9977539
1,1,0.9952437
1,1,0.99950635
1,1,0.9994868
1,1,0.9999021
1,1,0.99454474
1,1,0.9991474
1,1,0.99914336
1,1,0.999476
1,1,0.8741833
1,1,0.7934706
1,1,0.74062407
1,1,0.996393
1,1,0.9986687
1,1,0.9998926
1,1,0.87221473
1,1,0.99985707
1,1,0.9972018
1,1,0.99980384
1,1,0.99994767
1,1,0.9996032
1,1,0.9956703
1,1,0.99845564
1,1,0.9990884
1,0,0.25045186
1,1,0.9982931
1,1,0.9925573
1,1,0.9998442
1,1,0.9943403
1,1,0.9850187
1,1,0.9995498
1,1,0.9947425
1,1,0.9697038
1,1,0.9993013
1,1,0.99921393
1,1,0.9991862
1,1,0.9998884
1,1,0.992599
1,1,0.92816347
1,1,0.9927528
1,0,0.033331014
1,1,0.9927602
1,1,0.9859833
1,1,0.9990256
1,1,0.99987555
1,0,0.4989057
1,1,0.9994374
1,1,0.9979938
1,1,0.9996631
1,0,0.48154497
1,1,0.9959998
1,1,0.9997807
1,1,0.99798465
1,1,0.9595192
1,1,0.7938256
1,1,0.84487665
1,1,0.9537941
1,1,0.9998085
1,0,0.39877906
1,1,0.9999212
1,1,0.9984267
1,1,0.99921286
1,1,0.9870646
1,1,0.99848855
1,1,0.6129058
1,1,0.9987122
1,0,0.06642659
1,1,0.9994585
1,1,0.9998418
1,1,0.9997596
1,1,0.6956982
1,1,0.6827649
1,1,0.8870227
1,0,0.3424852
1,1,0.98117054
1,1,0.9963169
1,1,0.99487716
1,1,0.9673912
1,1,0.9994438
1,1,0.99892896
1,1,0.9986761
1,1,0.99968004
1,1,0.99871194
1,1,0.9964399
1,1,0.99406177
1,1,0.9998927
1,1,0.99910897
1,1,0.8382242
1,1,0.9997942
1,1,0.9957547
1,1,0.9964786
1,1,0.98969203
1,1,0.9987931
1,1,0.97336257
1,1,0.9995696
1,1,0.99894446
1,1,0.99683195
1,1,0.5636094
1,1,0.9988728
1,1,0.7626967
1,1,0.9908007
1,1,0.55455
1,1,0.99926275
1,1,0.98752695
1,1,0.99981266
1,1,0.6643994
1,1,0.99622947
1,1,0.9961861
1,1,0.9919308
1,1,0.69185406
1,1,0.96056086
1,1,0.99988174
1,1,0.99969876
1,1,0.80964327
1,1,0.99986815
1,1,0.9875057
1,1,0.99974614
1,1,0.9993156
1,1,0.79734635
1,1,0.99989116
1,1,0.64405787
1,1,0.9996222
1,0,0.022984663
1,0,0.10634269
1,1,0.7908583
1,1,0.9996105
1,1,0.7454417
1,1,0.99473995
1,1,0.99333054
1,1,0.99845135
1,1,0.9554554
1,1,0.90649
1,1,0.97225034
1,1,0.99981326
1,1,0.9961915
1,1,0.9988575
1,1,0.9986376
1,1,0.98579586
1,1,0.97143596
1,1,0.99991953
1,0,0.40704006
1,1,0.99977916
1,1,0.9999137
1,1,0.9902085
1,0,0.0039967196
1,1,0.99789715
1,1,0.99941945
1,1,0.9981558
1,0,0.19481267
1,1,0.9216862
1,1,0.99632686
1,1,0.9996153
1,0,0.013955788
1,1,0.99937755
1,1,0.99993026
1,1,0.9986823
1,1,0.93075997
1,1,0.9996189
1,1,0.99607676
1,1,0.8471648
1,1,0.9998839
1,1,0.99043185
1,1,0.9159125
1,1,0.9965965
1,1,0.99969864
1,1,0.9995171
1,1,0.99951386
1,1,0.99964404
1,1,0.99886394
1,1,0.99555236
1,1,0.99736965
1,1,0.99557805
1,1,0.66231775
1,1,0.99975055
1,1,0.9996301
1,1,0.99971956
1,1,0.9584752
1,1,0.9979615
1,1,0.93520665
1,1,0.64964753
1,0,0.46498752
1,1,0.87409306
1,1,0.99402314
1,1,0.99301815
1,0,0.039120395
1,1,0.9811896
1,1,0.99546623
1,1,0.9999219
1,1,0.99963224
1,1,0.99992025
1,1,0.9998721
1,1,0.98703104
1,1,0.8359505
1,1,0.9997352
1,1,0.99349505
1,1,0.9998159
1,1,0.70650095
1,1,0.9999027
1,1,0.5722574
1,1,0.9936419
1,1,0.9937459
1,1,0.76117384
1,1,0.9999393
1,1,0.9794378
1,1,0.9935582
1,1,0.9994516
1,1,0.9989849
1,1,0.9108144
1,1,0.99949455
1,1,0.9959558
1,1,0.99817157
1,1,0.9999218
1,1,0.99881446
1,1,0.9998264
1,1,0.99168736
1,1,0.6056428
1,1,0.9988111
1,1,0.9700614
1,1,0.9341761
1,1,0.99842155
1,1,0.9926985
1,1,0.9815916
1,1,0.95843965
1,1,0.99724233
1,1,0.69123995
1,1,0.9999176
1,1,0.9996269
1,1,0.99942684
1,1,0.6757059
1,1,0.9888864
1,1,0.98285735
1,1,0.98856235
1,0,0.3756704
1,1,0.98716587
1,1,0.9981577
1,1,0.9953023
1,0,0.09513695
1,1,0.9989102
1,1,0.9807788
1,1,0.9990822
1,1,0.99963534
1,1,0.998055
1,1,0.999041
1,1,0.94450605
1,1,0.99285454
1,1,0.99838936
1,0,0.031485926
1,1,0.9994553
1,1,0.9999169
1,1,0.997491
1,1,0.9495356
1,1,0.9993948
1,1,0.93302715
1,1,0.9999273
1,1,0.9996712
1,1,0.8542579
1,1,0.99899596
1,1,0.9951931
1,1,0.996097
1,1,0.97301435
1,1,0.5306171
1,1,0.8601068
1,1,0.99556375
1,1,0.99652654
1,1,0.8625612
1,1,0.9902136
1,1,0.94381595
1,1,0.78153557
1,1,0.99568343
1,1,0.999956
1,1,0.995704
1,1,0.99960285
1,1,0.9490108
1,1,0.96694416
1,1,0.9999175
1,1,0.99810433
1,1,0.87182456
1,1,0.99937004
1,1,0.99965394
1,1,0.99858725
1,1,0.93030703
1,1,0.99940205
1,1,0.9997522
1,1,0.77119094
1,1,0.9990183
1,1,0.99880624
1,1,0.961135
1,1,0.9997414
1,1,0.8184655
1,1,0.9998833
1,1,0.97445166
1,1,0.99831235
1,1,0.99666494
1,1,0.9869789
1,1,0.99994767
1,1,0.9315495
1,1,0.8720039
1,1,0.98898125
1,1,0.872343
1,1,0.999811
1,1,0.9977912
1,1,0.9460769
1,1,0.95493245
1,1,0.99985313
1,1,0.95420086
1,1,0.98760843
1,1,0.99925846
1,1,0.8944221
1,0,0.004645028
1,1,0.9996487
1,1,0.9983754
1,1,0.98983335
1,1,0.998292
1,1,0.99171704
1,1,0.9385369
1,1,0.999488
1,1,0.9977055
1,1,0.9951367
1,1,0.90641356
1,1,0.9997986
1,0,0.42258555
1,1,0.9247127
1,1,0.9570917
1,1,0.9967458
1,0,0.1502812
1,1,0.9997813
1,1,0.99975854
1,1,0.9994568
1,1,0.9999198
1,0,0.39579397
1,1,0.65382063
1,1,0.99947053
1,1,0.9998653
1,1,0.95855576
1,1,0.9999386
1,0,0.030886183
1,1,0.99544793
1,1,0.99827695
1,1,0.9995838
1,0,0.16279818
1,1,0.9997353
1,1,0.72095865
1,1,0.99817824
1,1,0.99939084
1,1,0.99894434
1,1,0.9911458
1,1,0.99976486
1,1,0.9136086
1,1,0.92640364
1,1,0.9998795
1,0,0.46161434
1,1,0.9983713
1,1,0.70171916
1,1,0.99923575
1,1,0.998475
1,0,0.04253474
1,1,0.9976387
1,1,0.99968886
1,1,0.99957865
1,0,0.36680353
1,0,0.026914027
1,1,0.99871373
1,1,0.9769248
1,1,0.99802643
1,1,0.9864698
1,1,0.9961511
1,1,0.99838054
1,1,0.51338804
1,1,0.75915843
1,1,0.99160355
1,1,0.97854745
1,1,0.9967788
1,1,0.9987457
1,1,0.9996692
1,0,0.039001748
1,1,0.9696427
1,0,0.36976382
1,1,0.9537773
1,1,0.9995085
1,1,0.99802434
1,1,0.7632275
1,1,0.6640753
1,0,0.10445259
1,0,0.005922916
1,0,0.027010899
1,1,0.9895465
1,1,0.99830073
1,1,0.9998721
1,1,0.99871814
1,1,0.9964085
1,1,0.9998592
1,1,0.9951409
1,1,0.71292645
1,1,0.98184353
1,1,0.9997522
1,1,0.99770457
1,1,0.9988741
1,1,0.5803646
1,1,0.9998729
1,1,0.9949839
1,1,0.9999472
1,0,0.4431912
1,1,0.99558026
1,1,0.99545115
1,1,0.99968827
1,1,0.9995684
1,1,0.99976236
1,0,0.38148808
1,1,0.8367507
1,1,0.9997055
1,1,0.9993419
1,1,0.7452914
1,1,0.97328264
1,1,0.9999387
1,0,0.25635055
1,1,0.5995231
1,1,0.68633926
1,1,0.9703315
1,1,0.9998379
1,1,0.99789906
1,1,0.9052784
1,0,0.41673195
1,1,0.99977916
1,1,0.9995115
1,1,0.99226564
1,0,0.031661358
1,1,0.99467885
1,1,0.994364
1,1,0.9988612
1,1,0.63263124
1,1,0.9007975
1,1,0.97458047
1,0,0.46742895
1,1,0.99841917
1,1,0.9998029
1,1,0.999881
1,1,0.8847305
1,1,0.9999242
1,1,0.9929168
1,1,0.99567974
1,1,0.6020695
1,0,0.28165174
1,1,0.99878544
1,1,0.9980805
1,1,0.8837394
1,1,0.9802054
1,1,0.9996848
1,1,0.99678683
1,1,0.9988632
1,1,0.8484048
1,1,0.9996853
1,1,0.9998105
1,1,0.99887437
1,1,0.9970841
1,1,0.9995177
1,1,0.99849284
1,1,0.9998863
1,1,0.999076
1,1,0.5818996
1,1,0.99874973
1,0,0.073107205
1,1,0.9616945
1,1,0.9985942
1,1,0.9982583
1,1,0.9978254
1,1,0.93447083
1,1,0.9993204
1,1,0.99942625
1,1,0.99953175
1,1,0.9997631
1,1,0.99876297
1,1,0.99766845
1,1,0.99857295
1,1,0.99932754
1,1,0.99757713
1,1,0.90958345
1,1,0.9891846
1,1,0.93621695
1,1,0.9980161
1,1,0.9997974
1,1,0.9982027
1,1,0.99989104
1,1,0.9879568
1,1,0.9067694
1,1,0.83184665
1,1,0.9998148
1,0,0.19356824
1,1,0.99132043
1,1,0.91563135
1,1,0.99973017
1,1,0.99741435
1,0,0.39005694
1,1,0.9716428
1,1,0.9995734
1,1,0.9927699
1,0,0.16771203
1,1,0.84312886
1,1,0.9304588
1,1,0.9990953
1,1,0.9996455
1,1,0.9967986
1,1,0.9979518
1,1,0.9998074
1,1,0.971133
1,0,0.082146965
1,1,0.999835
1,1,0.8778359
1,1,0.9967783
1,1,0.99959177
1,1,0.97010404
1,1,0.84129137
1,1,0.948503
1,1,0.998892
1,1,0.64885885
1,1,0.9260403
1,1,0.99751353
1,1,0.96937764
1,0,0.027400501
1,1,0.77374834
1,1,0.9975272
1,1,0.9986565
1,1,0.99950397
1,1,0.77941614
1,1,0.9958604
1,1,0.9975714
1,1,0.9957516
1,1,0.99954504
1,1,0.99869007
1,0,0.4080051
1,0,0.4900933
1,0,0.08653108
1,1,0.8012419
1,1,0.7578206
1,1,0.9998579
1,1,0.9930587
1,1,0.9821055
1,0,0.1946211
1,1,0.9002262
1,1,0.7292859
1,0,0.17143746
1,1,0.99963593
1,1,0.99912363
1,1,0.9916613
1,1,0.978782
1,1,0.99897075
1,1,0.6606829
1,1,0.9950618
1,1,0.9984518
1,1,0.99550194
1,1,0.79988605
1,1,0.9991171
1,1,0.82207996
1,1,0.9940602
1,1,0.99954456
1,1,0.9998747
1,1,0.9995358
1,0,0.4403815
1,1,0.9990978
1,1,0.99230266
1,1,0.82663804
1,1,0.8494964
1,0,0.0047383164
1,1,0.8300958
1,1,0.99977356
1,1,0.58420765
1,1,0.9995321
1,1,0.9992269
1,0,0.017765647
1,0,0.041082773
1,1,0.9927791
1,1,0.9954991
1,0,0.29058555
1,1,0.99991083
1,1,0.93088543
1,1,0.99596137
1,1,0.9777429
1,1,0.999603
1,1,0.9994924
1,1,0.99808204
1,1,0.99978
1,1,0.9994054
1,1,0.84683675
1,1,0.9998895
1,1,0.99968505
1,1,0.85235184
1,1,0.9995995
1,1,0.99916434
1,1,0.99959356
1,1,0.9976792
1,0,0.011646317
1,1,0.9988463
1,1,0.9996118
1,1,0.9983865
1,1,0.9516397
1,1,0.9997961
1,1,0.8892913
1,1,0.9982668
1,1,0.99982786
1,1,0.98929775
1,0,0.1960627
1,1,0.9750455
1,1,0.6306955
1,1,0.9994943
1,0,0.03313029
1,1,0.9989384
1,1,0.9995689
1,0,0.40314642
1,0,0.032871593
1,1,0.99915195
1,0,0.15611179
1,1,0.99526006
1,1,0.84199595
1,1,0.98764926
1,0,0.15227713
1,1,0.9998491
1,1,0.996585
1,1,0.9345611
1,0,0.09886072
1,1,0.9591498
1,1,0.99301755
1,1,0.9999163
1,1,0.99994314
1,1,0.9861649
1,1,0.52448314
1,1,0.9095143
1,0,0.006036405
1,1,0.71095634
1,1,0.9965922
1,1,0.5509798
1,1,0.9997913
1,1,0.94050175
1,1,0.9609277
1,1,0.63394946
1,1,0.9997619
1,1,0.99863976
1,1,0.9993461
1,1,0.999895
1,1,0.7617468
1,1,0.9998565
1,1,0.9934558
1,1,0.99962866
1,1,0.98993987
1,1,0.8016323
1,1,0.9994696
1,1,0.9602187
1,1,0.9970396
1,1,0.84107715
1,1,0.9986732
1,1,0.9944404
1,1,0.9992741
1,1,0.97964865
1,1,0.9998271
1,1,0.9902457
1,1,0.999833
1,0,0.06071223
1,1,0.9707354
1,1,0.9987276
1,0,0.3604748
1,1,0.9920666
1,1,0.9979372
1,1,0.9851407
1,1,0.9997576
1,1,0.99946624
1,1,0.9745609
1,1,0.9988716
1,1,0.9918034
1,0,0.21152522
1,0,0.37564442
1,0,0.0516599
1,1,0.9982034
1,1,0.99834096
1,1,0.97349405
1,1,0.9997577
1,1,0.99911624
1,1,0.9954898
1,0,0.4336909
1,0,0.08181497
1,1,0.9813689
1,1,0.99638855
1,1,0.9951107
1,0,0.27145714
1,1,0.9266188
1,1,0.9895857
1,1,0.99872774
1,1,0.9994234
1,1,0.83630896
1,1,0.999788
1,1,0.881973
1,0,0.39180958
1,1,0.99962497
1,1,0.9995739
1,1,0.99886346
1,1,0.9028522
1,1,0.9999114
1,1,0.9924465
1,1,0.9993998
1,1,0.9998714
1,1,0.99942905
1,0,0.021796254
1,1,0.9995433
1,1,0.9911788
1,1,0.99763715
1,1,0.98722947
1,1,0.99985003
1,0,0.15984356
1,1,0.99976224
1,1,0.9346504
1,1,0.98472637
1,1,0.9797717
1,1,0.9996557
1,1,0.9842578
1,1,0.9998542
1,1,0.9998807
1,1,0.9998456
1,1,0.9986621
1,1,0.99929464
1,1,0.99962234
1,0,0.24906588
1,1,0.9597853
1,1,0.99963796
1,1,0.99959284
1,1,0.6612475
1,1,0.8729779
1,1,0.97512317
1,1,0.9997117
1,1,0.97190803
1,1,0.999915
1,1,0.97753954
1,1,0.99640626
1,1,0.99820423
1,1,0.5066401
1,1,0.9998734
1,1,0.9955058
1,1,0.9997309
1,1,0.99688345
1,1,0.9988171
1,1,0.9859892
1,1,0.82539886
1,0,0.4357419
1,1,0.9999335
1,1,0.9778991
1,1,0.99591076
1,1,0.99980503
1,0,0.15406254
1,1,0.99980706
1,1,0.99077237
1,1,0.9998566
1,1,0.9997161
1,1,0.9986149
1,1,0.9831592
1,1,0.5320254
1,1,0.9957832
1,1,0.9875321
1,1,0.851236
1,1,0.9979796
1,1,0.9998185
1,1,0.9420166
1,1,0.9991524
1,1,0.9735118
1,1,0.9660699
1,1,0.9716784
1,1,0.81354946
1,1,0.6553135
1,1,0.8749808
1,1,0.9867294
1,1,0.99563307
1,1,0.6401628
1,1,0.98844004
1,1,0.9977502
1,1,0.9467003
1,1,0.99762976
1,1,0.88984233
1,1,0.9998048
1,1,0.98697364
1,1,0.9945192
1,1,0.9966833
1,1,0.999907
1,1,0.9996588
1,1,0.9925328
1,0,0.14138839
1,1,0.98791236
1,1,0.9995148
1,1,0.9995468
1,1,0.9492016
1,1,0.99970347
1,1,0.99991155
1,1,0.99928194
1,1,0.8920655
1,0,0.32290223
1,1,0.9985275
1,1,0.99222744
1,1,0.64168334
1,1,0.99316436
1,1,0.9995246
1,1,0.957122
1,1,0.9989874
1,1,0.99964
1,1,0.99907196
1,1,0.881556
1,1,0.71026194
1,1,0.9822595
1,1,0.99790514
1,1,0.9992193
1,1,0.9982475
1,1,0.99919504
1,1,0.99836165
1,1,0.8418581
1,1,0.99818134
1,0,0.2930539
1,1,0.94113785
1,1,0.9778331
1,1,0.99967253
1,1,0.9965754
1,1,0.99945885
1,1,0.9882041
1,1,0.9611885
1,1,0.9995546
1,1,0.9848621
1,1,0.91366804
1,1,0.9981287
1,1,0.84599763
1,1,0.9787257
1,1,0.8093411
1,1,0.99974483
1,1,0.9998317
1,1,0.99772996
1,1,0.84823877
1,1,0.9997825
1,1,0.9951031
1,1,0.9997508
1,1,0.99974376
1,0,0.0852696
1,0,0.37929934
1,1,0.9814156
1,1,0.8838322
1,1,0.72601146
1,1,0.6163888
1,1,0.99895775
1,1,0.6433937
1,1,0.99620605
1,1,0.982608
1,1,0.9984909
1,1,0.98520666
1,1,0.8865893
1,1,0.559953
1,1,0.9989837
1,1,0.9995988
1,1,0.99133414
1,1,0.9999291
1,1,0.9320381
1,1,0.99467164
1,1,0.9998288
1,1,0.9969631
1,1,0.99736315
1,0,0.10073685
1,1,0.9928053
1,1,0.9996296
1,1,0.83282655
1,1,0.99948704
1,1,0.9989427
1,1,0.7747009
1,1,0.99950445
1,1,0.99741334
1,1,0.99612385
1,1,0.98636043
1,0,0.03210296
1,1,0.9994241
1,1,0.98939705
1,1,0.9981749
1,0,0.21705738
1,1,0.68254817
1,1,0.9998859
1,1,0.9998441
1,0,0.03143275
1,1,0.99532
1,1,0.9990734
1,1,0.99613047
1,1,0.99978894
1,0,0.010006644
1,1,0.9881604
1,1,0.9932006
1,1,0.53524566
1,1,0.9993932
1,1,0.99629635
1,1,0.9979698
1,1,0.68252826
1,1,0.80942374
1,1,0.99970883
1,1,0.9995981
1,0,0.097423166
1,1,0.9272883
1,1,0.99975175
1,1,0.99932504
1,0,0.011912502
1,0,0.3802296
1,1,0.99971384
1,0,0.195617
1,1,0.99926347
1,1,0.9902469
1,1,0.99731964
1,1,0.998171
1,1,0.96095693
1,1,0.99952817
1,0,0.13201384
1,1,0.9923658
1,1,0.9997278
1,1,0.99476516
1,1,0.99885213
1,1,0.99936205
1,1,0.99965024
1,1,0.9966762
1,1,0.9995035
1,1,0.85046947
1,1,0.70610833
1,1,0.96399873
1,1,0.99866116
1,0,0.48347136
1,1,0.99992216
1,0,0.122748464
1,1,0.5018176
1,1,0.99922705
1,1,0.943851
1,1,0.9957034
1,1,0.9991405
1,1,0.9962423
1,0,0.41006574
1,1,0.9985677
1,1,0.916585
1,1,0.7523426
1,0,0.19743104
1,1,0.98743725
1,1,0.70993906
1,1,0.98529
1,1,0.9993326
1,1,0.9997631
1,1,0.6404687
1,1,0.99960107
1,1,0.9993291
1,1,0.99804235
1,1,0.7623784
1,1,0.99609935
1,1,0.9954294
1,1,0.9999294
1,1,0.98395073
1,1,0.99973565
1,1,0.9177432
1,1,0.94562477
1,1,0.98510945
1,1,0.99923635
1,1,0.9634603
1,1,0.9981499
1,1,0.99990046
1,1,0.99923384
1,1,0.9980439
1,0,0.39685932
1,1,0.9983468
1,1,0.99980634
1,1,0.9966719
1,1,0.9998956
1,1,0.9998035
1,1,0.9644864
1,0,0.06075429
1,1,0.96242094
1,1,0.9984439
1,1,0.7136193
1,0,0.35320103
1,1,0.9984534
1,1,0.999754
1,1,0.9994466
1,1,0.99934655
1,1,0.991797
1,1,0.9993586
1,1,0.99963605
1,1,0.9966157
1,0,0.24728692
1,1,0.98932695
1,1,0.9961128
1,0,0.0059669088
1,1,0.99969375
1,1,0.99425995
1,1,0.6839213
1,1,0.99877924
1,1,0.9760416
1,1,0.99531966
1,0,0.24729808
1,1,0.9559347
1,0,0.0038552862
1,1,0.9955978
1,1,0.9980599
1,1,0.99898404
1,1,0.999374
1,1,0.92792994
1,1,0.99859136
1,1,0.99469095
1,1,0.99381953
1,1,0.9966112
1,0,0.23582545
1,1,0.87767017
1,1,0.9989722
1,1,0.94781005
1,1,0.9998049
1,1,0.99863726
1,1,0.99973315
1,1,0.9373352
1,0,0.41260758
1,1,0.9998729
1,1,0.9993395
1,1,0.97260463
1,1,0.9977188
1,1,0.99985504
1,1,0.998102
1,1,0.8931326
1,1,0.6738009
1,0,0.15503426
1,1,0.99841976
1,1,0.99418205
1,1,0.9633386
1,1,0.82564175
1,0,0.022086073
1,1,0.99853015
1,1,0.99741805
1,1,0.9656216
1,1,0.9932909
1,1,0.99219865
1,1,0.81748474
1,1,0.9964586
1,1,0.98868775
1,1,0.9345823
1,1,0.9991398
1,1,0.99949014
1,1,0.9998839
1,1,0.9952674
1,0,0.16128944
1,1,0.996335
1,1,0.71802396
1,1,0.99671125
1,1,0.99943715
1,1,0.9938473
1,1,0.9982412
1,1,0.9992483
1,1,0.9633129
1,1,0.99948126
1,1,0.99858534
1,1,0.99876946
1,1,0.98610663
1,1,0.98054874
1,0,0.2805405
1,1,0.9998764
1,1,0.9946431
1,1,0.9997024
1,1,0.9998566
1,0,0.109567806
1,1,0.990607
1,1,0.9978967
1,0,0.0011021622
1,1,0.9650918
1,1,0.9977393
1,1,0.79880697
1,1,0.99559766
1,0,0.054729134
1,1,0.9991934
1,1,0.99959546
1,0,0.33277553
1,1,0.997644
1,1,0.5410829
1,1,0.9944079
1,1,0.9999274
1,1,0.50769174
1,1,0.7078729
1,1,0.9997031
1,0,0.46515837
1,1,0.99744236
1,1,0.9970783
1,1,0.9825499
1,1,0.9938585
1,1,0.8351801
1,1,0.9998435
1,1,0.9944577
1,1,0.9997588
1,1,0.5225557
1,0,0.09403069
1,0,0.15600581
1,1,0.5932072
1,1,0.87362486
1,1,0.9970003
1,1,0.99262357
1,1,0.9999454
1,1,0.8408597
1,1,0.9988385
1,1,0.99800557
1,1,0.8270019
1,0,0.3084102
1,1,0.99951184
1,1,0.9998159
1,1,0.99395096
1,1,0.96383536
1,1,0.91339743
1,1,0.99992657
1,1,0.9658672
1,1,0.9130242
1,1,0.9916476
1,1,0.79790485
1,1,0.9995733
1,1,0.95665747
1,1,0.99701834
1,1,0.99863297
1,1,0.7905325
1,1,0.8934804
1,1,0.9972994
1,1,0.99969316
1,1,0.99951816
1,1,0.98395
1,1,0.67581254
1,1,0.8621708
1,1,0.85766894
1,1,0.9894447
1,1,0.9998171
1,0,0.25706717
1,1,0.99978405
1,1,0.8440297
1,1,0.9446785
1,1,0.999915
1,1,0.99966705
1,1,0.7933173
1,1,0.9997923
1,0,0.27982625
1,1,0.99988556
1,1,0.9999057
1,1,0.98242986
1,1,0.9978497
1,1,0.9996811
1,1,0.9906805
1,1,0.9996879
1,0,0.3648827
1,1,0.9993661
1,1,0.9997787
1,1,0.9992654
1,1,0.9989176
1,1,0.9533207
1,1,0.9992601
1,1,0.9985475
1,1,0.99979776
1,1,0.9167437
1,1,0.8462073
1,1,0.97631717
1,1,0.999132
1,1,0.9470575
1,1,0.9994191
1,0,0.03849721
1,1,0.99052304
1,1,0.9841934
1,1,0.99922407
1,1,0.99971515
1,1,0.85747993
1,1,0.99542063
1,1,0.99993277
1,1,0.99766326
1,1,0.9986234
1,1,0.980075
1,1,0.9975788
1,1,0.9993161
1,1,0.9963457
1,1,0.997561
1,1,0.9793185
1,1,0.9968489
1,1,0.99972755
1,0,0.014845172
1,1,0.5535661
1,1,0.9997862
1,1,0.7099711
1,1,0.5070412
1,1,0.79650533
1,0,0.010016141
1,1,0.9979087
1,1,0.80577093
1,1,0.99822897
1,1,0.8428331
1,1,0.99759895
1,0,0.035108645
1,1,0.9714623
1,1,0.99981123
1,1,0.99596536
1,1,0.99929476
1,1,0.99423885
1,1,0.99989235
1,1,0.96480167
1,1,0.99841475
1,1,0.95576
1,0,0.19790901
1,1,0.9993851
1,1,0.99977
1,1,0.9998932
1,1,0.9314925
1,1,0.9673371
1,1,0.99849975
1,1,0.88646764
1,1,0.87498474
1,1,0.9984432
1,1,0.9992686
1,1,0.99698097
1,1,0.99789965
1,1,0.9987587
1,0,0.02634753
1,1,0.9981457
1,1,0.9603897
1,1,0.996135
1,1,0.99859875
1,1,0.9980398
1,1,0.731129
1,1,0.9999409
1,1,0.99820065
1,1,0.9997478
1,1,0.9778324
1,1,0.8689303
1,1,0.9993818
1,1,0.9586275
1,1,0.99975497
1,1,0.9977336
1,1,0.9203638
1,1,0.9960925
1,1,0.99995995
1,1,0.9982181
1,1,0.9986708
1,0,0.0038897423
1,1,0.9973816
1,1,0.9990582
1,1,0.81300247
1,1,0.99986494
1,0,0.47895733
1,1,0.99944454
1,1,0.9982253
1,1,0.9999422
1,1,0.9921653
1,1,0.9853152
1,1,0.796157
1,1,0.9979825
1,1,0.74998575
1,1,0.99990356
1,1,0.99953306
1,1,0.99955624
1,1,0.7045968
1,1,0.7416824
1,1,0.72637194
1,0,0.09498737
1,1,0.9996259
1,1,0.99950755
1,1,0.9970481
1,1,0.9989661
1,1,0.7446337
1,1,0.99793243
1,1,0.9789811
1,1,0.88997054
1,1,0.9971687
1,1,0.9986694
1,1,0.9857143
1,1,0.999564
1,1,0.93358886
1,0,0.39594272
1,1,0.9904919
1,1,0.9964497
1,1,0.7049088
1,1,0.99958247
1,1,0.9998448
1,1,0.998838
1,1,0.9993135
1,0,0.027304208
1,1,0.99761224
1,1,0.99257725
1,0,0.035902176
1,1,0.9990928
1,1,0.9991529
1,1,0.97399366
1,1,0.9983907
1,1,0.9978776
1,1,0.7279591
1,1,0.99797636
1,1,0.98097587
1,1,0.99266785
1,1,0.97461414
1,1,0.99048716
1,1,0.99991226
1,1,0.67399526
1,0,0.35312045
1,0,0.19794671
1,1,0.9996238
1,1,0.99620193
1,0,0.31156018
1,1,0.99782866
1,1,0.99987483
1,1,0.99991333
1,1,0.99080455
1,1,0.9987612
1,1,0.99744797
1,0,0.011791081
1,1,0.99884486
1,1,0.9998184
1,1,0.9387024
1,1,0.8274291
1,1,0.9999143
1,1,0.9988368
1,1,0.9980475
1,1,0.99881953
1,1,0.94588983
1,1,0.9812476
1,1,0.99993885
1,1,0.98388195
1,0,0.43930176
1,1,0.9980933
1,1,0.99832433
1,1,0.99985635
1,1,0.9787336
1,1,0.99992573
1,1,0.99907553
1,1,0.98386455
1,1,0.95641685
1,1,0.8468541
1,1,0.9997727
1,1,0.99901843
1,1,0.92880756
1,1,0.6721364
1,1,0.9994603
1,0,0.047168616
1,1,0.998331
1,1,0.99258596
1,1,0.9975944
1,1,0.88207775
1,1,0.99976116
1,1,0.9995771
1,1,0.9970732
1,1,0.9979273
1,1,0.79047585
1,1,0.9995448
1,0,0.44551682
1,1,0.90681696
1,1,0.9995858
1,0,0.0010912155
1,1,0.99959296
1,0,0.018745268
1,1,0.68754995
1,1,0.9975133
1,0,0.3726663
1,1,0.99949694
1,1,0.998181
1,1,0.83357644
1,0,0.1139117
1,1,0.99957484
1,1,0.9702903
1,1,0.99292505
1,1,0.9441336
1,1,0.8987075
1,1,0.77986246
1,1,0.99967754
1,1,0.99856573
1,1,0.78845125
1,1,0.94088733
1,0,0.0106587345
1,1,0.8748713
1,1,0.9994529
1,1,0.8157598
1,1,0.99056387
1,1,0.8647613
1,1,0.9870188
1,1,0.9991326
1,0,0.33449644
1,1,0.9016185
1,1,0.8304367
1,1,0.9967422
1,1,0.9887505
1,1,0.9998894
1,1,0.9930616
1,0,0.069206804
1,1,0.99065745
1,0,0.28425786
1,1,0.6097279
1,1,0.7602917
1,1,0.97963434
1,0,0.48198032
1,1,0.998437
1,1,0.9991203
1,1,0.99462986
1,1,0.98565555
1,1,0.99855715
1,1,0.9991616
1,1,0.9999095
1,0,0.09139577
1,1,0.9998561
1,1,0.96741796
1,1,0.9857318
1,1,0.99316084
1,1,0.9994667
1,1,0.9992781
1,1,0.9930864
1,1,0.9998348
1,1,0.9999496
1,1,0.9994536
1,1,0.9991192
1,1,0.9994282
1,1,0.7545287
1,0,0.33709767
1,1,0.9985329
1,1,0.73495954
1,1,0.8185693
1,1,0.99483204
1,1,0.6921233
1,1,0.9429141
1,1,0.5688011
1,1,0.9998317
1,0,0.089891195
1,1,0.99861
1,1,0.6222809
1,1,0.9923713
1,1,0.99975556
1,1,0.9722344
1,1,0.99894243
1,1,0.99940073
1,1,0.9978467
1,1,0.9980762
1,1,0.9990631
1,1,0.99840146
1,1,0.9816782
1,1,0.99984264
1,1,0.99874747
1,1,0.99636817
1,1,0.9978701
1,1,0.99992335
1,1,0.9967145
1,1,0.9998184
1,1,0.9997111
1,1,0.9996524
1,1,0.9992785
1,0,0.014977911
1,1,0.9993167
1,1,0.8645027
1,1,0.99793005
1,1,0.9983878
1,1,0.960741
1,1,0.989466
1,1,0.99938285
1,1,0.923762
1,1,0.98157525
1,1,0.98090553
1,0,0.019725656
1,0,0.35943496
1,1,0.9728343
1,1,0.99077845
1,1,0.9057582
1,1,0.9998179
1,1,0.9988134
1,1,0.9994981
1,1,0.9993537
1,1,0.9998429
1,0,0.2977616
1,1,0.98210377
1,1,0.99711573
1,1,0.99605334
1,1,0.99926335
1,1,0.9991837
1,1,0.9766079
1,1,0.98350465
1,1,0.6660231
1,1,0.99962294
1,1,0.9569717
1,1,0.99186385
1,1,0.99982977
1,1,0.9998652
1,1,0.9998418
1,0,0.06511553
1,1,0.9408431
1,1,0.99572456
1,1,0.99533725
1,1,0.99856013
1,1,0.9536547
1,1,0.99894935
1,1,0.99931586
1,1,0.9997688
1,0,0.3831669
1,1,0.9862169
1,1,0.9978927
1,1,0.9986596
1,0,0.22719838
1,1,0.9973341
1,1,0.9957729
1,1,0.6829546
1,1,0.884447
1,1,0.99565244
1,1,0.98678267
1,1,0.9986993
1,1,0.99871397
1,0,0.1058998
1,1,0.999226
1,1,0.9971739
1,1,0.99402314
1,1,0.99490273
1,0,0.40905416
1,1,0.99120504
1,1,0.99413526
1,1,0.9789827
1,1,0.8920609
1,1,0.99968517
1,1,0.9982009
1,1,0.9937603
1,1,0.9998807
1,1,0.7676832
1,1,0.9976205
1,1,0.83791596
1,1,0.9978465
1,1,0.9997278
1,1,0.99954706
1,1,0.99865013
1,1,0.9451832
1,0,0.32781485
1,1,0.9986461
1,1,0.78069913
1,1,0.99843544
1,1,0.99671626
1,1,0.9941402
1,1,0.90881205
1,0,0.19595557
1,1,0.99977285
1,0,0.1606831
1,1,0.9996519
1,1,0.8446704
1,1,0.98770535
1,1,0.9915746
1,1,0.99956936
1,1,0.99974066
1,1,0.9994954
1,1,0.997246
1,1,0.9583778
1,1,0.99014693
1,1,0.95712507
1,1,0.7990849
1,1,0.9998971
1,1,0.9993438
1,1,0.98729646
1,1,0.988785
1,1,0.9876724
1,1,0.9991148
1,1,0.9997607
1,1,0.95241255
1,1,0.99938357
1,1,0.99990153
1,1,0.94381493
1,1,0.99325037
1,1,0.9997681
1,1,0.96931756
1,1,0.99971825
1,1,0.9997973
1,1,0.9996877
1,1,0.5157682
1,1,0.9972409
1,1,0.99960643
1,1,0.66246194
1,1,0.995955
1,1,0.99557745
1,1,0.9639333
1,1,0.996951
1,1,0.73523486
1,1,0.99882644
1,1,0.9995665
1,1,0.9995691
1,1,0.98497057
1,1,0.97513855
1,1,0.99936336
1,1,0.9419748
1,0,0.45838082
1,1,0.999047
1,1,0.77640074
1,1,0.83962387
1,1,0.99337703
1,1,0.99897563
1,0,0.06042361
1,1,0.9996848
1,1,0.8033936
1,0,0.043376137
1,0,0.08411331
1,1,0.9997912
1,1,0.9910629
1,1,0.99967194
1,1,0.7816243
1,1,0.99253887
1,1,0.9988174
1,1,0.9817877
1,1,0.9998313
1,1,0.7335626
1,1,0.9998977
1,1,0.99836355
1,1,0.6460537
1,0,0.43675217
1,1,0.9975426
1,1,0.8419113
1,1,0.9081756
1,1,0.9998354
1,1,0.99769634
1,1,0.99225664
1,1,0.9988691
1,1,0.9513632
1,1,0.9996922
1,1,0.9999441
1,1,0.9786203
1,1,0.9990103
1,0,0.053200405
1,1,0.98972636
1,1,0.99966705
1,1,0.9958269
1,1,0.9998976
1,1,0.9994561
1,1,0.98812205
1,1,0.9713419
1,1,0.9997472
1,1,0.99989784
1,1,0.9951245
1,1,0.99899954
1,1,0.9032226
1,1,0.9995061
1,0,0.021286486
1,1,0.9998118
1,1,0.9965314
1,1,0.99475783
1,1,0.97109014
1,1,0.9980836
1,1,0.98504436
1,1,0.96335506
1,1,0.99634284
1,1,0.9997111
1,1,0.789716
1,1,0.97543895
1,1,0.99794763
1,1,0.9817561
1,1,0.97337455
1,1,0.9785325
1,1,0.9788416
1,1,0.99905676
1,1,0.98499584
1,1,0.778715
1,1,0.9995641
1,1,0.99985623
1,1,0.99843484
1,1,0.9993298
1,1,0.999762
1,0,0.10222597
1,1,0.99960405
1,1,0.9994604
1,1,0.9850761
1,1,0.99009633
1,1,0.94663
1,1,0.9998017
1,1,0.8062876
1,1,0.99679524
1,1,0.99476284
1,1,0.9984308
1,1,0.9943165
1,1,0.9992035
1,1,0.9994677
1,1,0.9994981
1,0,0.27858773
1,1,0.96791303
1,1,0.9981042
1,0,0.35422477
1,1,0.7446922
1,0,0.003705872
1,1,0.9964222
1,1,0.97868127
1,1,0.9694082
1,1,0.9914983
1,1,0.8100733
1,0,0.04544985
1,1,0.98212814
1,0,0.017550044
1,1,0.99883324
1,1,0.9998084
1,1,0.99983025
1,1,0.9967525
1,1,0.99602556
1,1,0.9830094
1,1,0.9998779
1,1,0.9852278
1,1,0.9998273
1,1,0.99991035
1,1,0.99876046
1,0,0.13590166
1,1,0.83392644
1,1,0.96998984
1,1,0.99723804
1,0,0.038558044
1,1,0.9997596
1,0,0.0020906744
1,1,0.9998777
1,1,0.98982376
1,0,0.49067196
1,1,0.7876837
1,1,0.99647385
1,1,0.99944204
1,1,0.9898275
1,1,0.9982205
1,1,0.99693525
1,1,0.9263177
1,1,0.99887747
1,1,0.9996358
1,1,0.9487755
1,1,0.9928145
1,1,0.99978477
1,1,0.9956707
1,0,0.38595536
1,1,0.999534
1,1,0.9965779
1,1,0.98734343
1,1,0.9077013
1,1,0.9983286
1,0,0.40751016
1,1,0.60438
1,1,0.9998498
1,1,0.9997516
1,1,0.81944823
1,1,0.99895144
1,0,0.2789008
1,0,0.05325206
1,1,0.9264939
1,1,0.97669584
1,1,0.9994294
1,1,0.9997929
1,1,0.9932613
1,1,0.9807131
1,1,0.9732814
1,1,0.99975616
1,1,0.9985709
1,1,0.8409556
1,0,0.10041235
1,1,0.96637493
1,1,0.9965725
1,1,0.9996846
1,1,0.99981576
1,1,0.99873334
1,1,0.97343296
1,1,0.9988877
1,1,0.91404873
1,1,0.9692578
1,1,0.9997222
1,1,0.999534
1,1,0.5849424
1,1,0.99966896
1,1,0.9830184
1,1,0.99948823
1,1,0.99848
1,1,0.9779041
1,1,0.9923537
1,1,0.97467697
1,0,0.35625008
1,1,0.9998203
1,1,0.9995377
1,1,0.9970489
1,1,0.8820058
1,1,0.99875605
1,1,0.9700852
1,1,0.52107334
1,1,0.98125535
1,1,0.9980471
1,1,0.9988035
1,0,0.26583883
1,1,0.9999019
1,1,0.756072
1,1,0.9995919
1,0,0.25654745
1,1,0.8783729
1,0,0.03221744
1,1,0.99979657
1,0,0.038385868
1,1,0.9984913
1,1,0.9992137
1,1,0.9954066
1,1,0.9963708
1,0,0.07170792
1,1,0.9994709
1,1,0.9995284
1,1,0.99304295
1,1,0.99660045
1,1,0.99546105
1,1,0.9987801
1,1,0.685191
1,1,0.9991358
1,1,0.9677116
1,0,0.025456524
1,1,0.97113556
1,1,0.9988487
1,1,0.9076105
1,1,0.9997583
1,1,0.99958247
1,1,0.9992654
1,0,0.047498222
1,1,0.99993205
1,1,0.9998827
1,0,0.31439534
1,1,0.9978908
1,1,0.9951845
1,1,0.9996333
1,1,0.9791255
1,1,0.99979264
1,1,0.90722483
1,0,0.37370026
1,1,0.99992514
1,1,0.99971133
1,1,0.99316436
1,1,0.99951506
1,1,0.99747133
1,1,0.99975854
1,1,0.99986744
1,1,0.99937624
1,1,0.9997993
1,1,0.6403512
1,1,0.99941826
1,1,0.9999447
1,1,0.9404385
1,1,0.9995751
1,1,0.6552768
1,0,0.07324223
1,1,0.9770015
1,1,0.9943153
1,1,0.83007646
1,1,0.9924947
1,1,0.99703634
1,1,0.8810135
1,1,0.999783
1,1,0.99956924
1,1,0.9946755
1,0,0.47756308
1,1,0.9985538
1,1,0.990099
1,1,0.99661404
1,1,0.99972075
1,1,0.99971086
1,1,0.9994373
1,1,0.997405
1,0,0.42938384
1,1,0.97268426
1,1,0.9715009
1,0,0.39411265
1,1,0.8476274
1,1,0.90858066
1,1,0.9995958
1,1,0.99130344
1,0,0.22558415
1,1,0.99664116
1,1,0.9993783
1,1,0.96543026
1,1,0.98148566
1,1,0.9999213
1,1,0.99047345
1,1,0.9425277
1,1,0.9949759
1,0,0.00422338
1,1,0.99933714
1,1,0.99701154
1,1,0.99946254
1,1,0.9999291
1,1,0.83212805
1,1,0.98910356
1,1,0.6490061
1,1,0.9997404
1,1,0.99113655
1,1,0.97969925
1,1,0.9451017
1,1,0.5895621
1,1,0.9952055
1,1,0.98416626
1,0,0.4194777
1,1,0.99912816
1,1,0.99957865
1,1,0.8934867
1,1,0.9994911
1,1,0.99978834
1,1,0.7256537
1,1,0.95440435
1,1,0.9526175
1,1,0.9990741
1,1,0.9990802
1,1,0.99692243
1,1,0.999474
1,1,0.99961984
1,1,0.9963337
1,1,0.9947806
1,1,0.99990296
1,1,0.99926215
1,0,0.22826913
1,1,0.88533676
1,1,0.9920799
1,1,0.9779816
1,1,0.9998196
1,1,0.99961555
1,0,0.012994729
1,1,0.9982169
1,1,0.9879494
1,1,0.9992791
1,0,0.284891
1,1,0.99972874
1,1,0.8791134
1,1,0.9996307
1,1,0.968629
1,1,0.99971396
1,0,0.33196878
1,1,0.981265
1,1,0.99947363
1,1,0.602161
1,1,0.9409056
1,1,0.99640346
1,1,0.9809864
1,1,0.84922045
1,1,0.9964211
1,1,0.9968183
1,1,0.87720126
1,1,0.70142525
1,1,0.8270348
1,1,0.99977535
1,1,0.96275187
1,1,0.9995654
1,1,0.9998621
1,1,0.999892
1,1,0.99976057
1,1,0.99838305
1,1,0.9933733
1,0,0.19150278
1,1,0.6705117
1,1,0.9991767
1,1,0.99930847
1,1,0.8965351
1,1,0.99964917
1,0,0.07498964
1,1,0.9998186
1,1,0.9780629
1,1,0.995893
1,1,0.9708171
1,1,0.9970694
1,1,0.9865928
1,1,0.99357176
1,1,0.9716241
1,1,0.99564844
1,1,0.97739047
1,1,0.7318667
1,0,0.14110242
1,1,0.99907935
1,1,0.96231824
1,1,0.9995882
1,1,0.99966526
1,1,0.94289124
1,1,0.9987244
1,1,0.99971944
1,1,0.996956
1,0,0.052877795
1,1,0.95118046
1,0,0.40111586
1,1,0.9998987
1,1,0.998911
1,1,0.962787
1,1,0.9951036
1,1,0.99957603
1,1,0.99582005
1,1,0.9994629
1,0,0.32825515
1,0,0.4986001
1,1,0.9998486
1,1,0.99982625
1,1,0.99979204
1,1,0.9708208
1,1,0.9823277
1,1,0.99876404
1,1,0.9957653
1,0,0.12106933
1,1,0.9998648
1,1,0.9996088
1,1,0.635672
1,1,0.9979067
1,1,0.99915755
1,1,0.93060714
1,1,0.99388677
1,1,0.7043156
1,1,0.91061926
1,1,0.99975854
1,1,0.99642205
1,1,0.99125004
1,1,0.9869688
1,0,0.16500479
1,1,0.9978859
1,1,0.9999014
1,1,0.9995302
1,0,0.010255366
1,1,0.9997868
1,1,0.9710892
1,0,0.21311909
1,1,0.9982704
1,1,0.9106627
1,1,0.99841905
1,1,0.99818087
1,1,0.99953926
1,1,0.99536115
1,1,0.9995328
1,1,0.91108346
1,1,0.9966523
1,1,0.7738986
1,1,0.9985241
1,0,0.0036262413
1,1,0.7291143
1,1,0.99001616
1,1,0.9980349
1,1,0.99928325
1,1,0.98530746
1,1,0.9991497
1,1,0.9875579
1,1,0.99994755
1,1,0.9619946
1,1,0.99979943
1,1,0.9998468
1,1,0.9986929
1,0,0.45707116
1,1,0.7140316
1,1,0.95816696
1,1,0.8365531
1,1,0.6873066
1,1,0.99951446
1,1,0.933408
1,1,0.99854517
1,1,0.9997305
1,1,0.9984263
1,1,0.9704974
1,1,0.99956316
1,1,0.9616893
1,1,0.9863892
1,1,0.999514
1,1,0.9837159
1,1,0.99966335
1,1,0.9436104
1,1,0.99523795
1,1,0.99985945
1,1,0.99913293
1,1,0.9993668
1,1,0.98642
1,1,0.9580575
1,1,0.9974988
1,1,0.9987495
1,1,0.7933574
1,1,0.99983275
1,1,0.9552779
1,1,0.9945662
1,0,0.39075354
1,1,0.9988925
1,1,0.98810846
1,1,0.99778026
1,0,0.117143214
1,1,0.9993967
1,1,0.9828529
1,1,0.9716545
1,1,0.9998354
1,1,0.99982846
1,1,0.99800307
1,1,0.85666084
1,1,0.99725646
1,1,0.9998599
1,1,0.9997464
1,1,0.9909734
1,0,0.1408211
1,1,0.99967325
1,1,0.99733764
1,1,0.70498556
1,1,0.5928499
1,1,0.9954457
1,1,0.98687476
1,1,0.9993175
1,1,0.9543161
1,1,0.9948131
1,1,0.9995247
1,1,0.99939084
1,1,0.9999
1,1,0.99736243
1,1,0.9976622
1,1,0.9986609
1,1,0.9998685
1,1,0.9989524
1,1,0.73139083
1,1,0.99933404
1,1,0.98246694
1,1,0.9996728
1,1,0.9985826
1,1,0.9997048
1,1,0.9967284
1,1,0.9883596
1,1,0.9998073
1,1,0.9986712
1,1,0.5196141
1,1,0.9714992
1,1,0.9991605
1,1,0.9994517
1,1,0.9999168
1,1,0.8896455
1,1,0.9936918
1,1,0.9993375
1,1,0.9987417
1,1,0.85576385
1,1,0.90520763
1,1,0.9962669
1,1,0.9992181
1,1,0.99855024
1,1,0.98501945
1,1,0.986206
1,1,0.9998
1,1,0.9998504
1,1,0.78571165
1,1,0.999818
1,1,0.99993813
1,1,0.876983
1,1,0.97483975
1,1,0.9963236
1,1,0.95884985
1,1,0.99778736
1,1,0.99908686
1,1,0.94968057
1,1,0.72718346
1,1,0.97499657
1,1,0.9119347
1,1,0.9984856
1,1,0.9985715
1,1,0.9128086
1,1,0.99191487
1,1,0.999928
1,1,0.9999299
1,1,0.5826828
1,1,0.911878
1,1,0.9544206
1,0,0.22363295
1,1,0.90392435
1,1,0.9591439
1,1,0.9993068
1,1,0.9992415
1,0,0.24560386
1,1,0.9921638
1,1,0.7188874
1,1,0.923216
1,1,0.99668723
1,1,0.5863236
1,0,0.0775313
1,1,0.99987364
1,1,0.9483873
1,1,0.95453054
1,1,0.9834594
1,1,0.99876934
1,1,0.9998847
1,1,0.9668583
1,1,0.9990677
1,1,0.9999231
1,1,0.9973653
1,1,0.99804085
1,1,0.98938936
1,1,0.99847513
1,1,0.9943606
1,1,0.99578947
1,1,0.946746
1,1,0.99984205
1,1,0.68036294
1,0,0.45284712
1,1,0.9999399
1,1,0.97546595
1,1,0.99183625
1,0,0.49425504
1,1,0.9999517
1,1,0.67153347
1,1,0.9959997
1,1,0.9996032
1,1,0.9702075
1,1,0.9994142
1,1,0.7809812
1,1,0.97161376
1,1,0.7275637
1,1,0.99943525
1,0,0.47039065
1,1,0.99964523
1,1,0.9895586
1,1,0.9983261
1,1,0.99988174
1,1,0.9994815
1,1,0.9972735
1,1,0.9887967
1,1,0.98132515
1,1,0.97495663
1,1,0.999806
1,1,0.9998652
1,1,0.9034931
1,1,0.9994221
1,1,0.9579748
1,0,0.2141824
1,1,0.9597649
1,1,0.97244227
1,1,0.98932076
1,1,0.5508708
1,1,0.99947387
1,1,0.9994198
1,1,0.9643405
1,1,0.9968323
1,1,0.98577243
1,1,0.9991873
1,1,0.9945991
1,1,0.9922448
1,1,0.99872345
1,1,0.9992855
1,1,0.54768175
1,1,0.98677665
1,1,0.8808909
1,0,0.009244662
1,1,0.99976975
1,1,0.996774
1,1,0.628526
1,1,0.953017
1,1,0.99992406
1,1,0.99856323
1,1,0.997698
1,1,0.9988643
1,0,0.46282294
1,1,0.99932253
1,1,0.9996954
1,0,0.024919806
1,1,0.9823042
1,1,0.887139
1,1,0.99838686
1,0,0.24485727
1,1,0.99990404
1,1,0.9996177
1,1,0.99980634
1,1,0.99879444
1,1,0.99795234
1,1,0.6595938
1,0,0.008250616
1,1,0.99168503
1,0,0.4641502
1,1,0.9953269
1,1,0.99909985
1,1,0.71829224
1,1,0.9324618
1,1,0.9951357
1,1,0.9787935
1,1,0.99671566
1,1,0.9964561
1,1,0.98578817
1,1,0.9983132
1,1,0.99977297
1,1,0.8042692
1,0,0.007393752
1,1,0.9068634
1,1,0.71502393
1,1,0.99833703
1,1,0.9990571
1,1,0.9985948
1,1,0.9954249
1,1,0.9998727
1,1,0.7179048
1,1,0.9995478
1,1,0.9998987
1,1,0.9994344
1,0,0.08264683
1,1,0.784711
1,1,0.9934916
1,1,0.9957949
1,1,0.9895866
1,1,0.99772865
1,0,0.0029828986
1,1,0.7742823
1,1,0.9706454
1,1,0.9665809
1,1,0.8810631
1,0,0.32563737
1,1,0.9961397
1,1,0.93708813
1,0,0.11323687
1,1,0.5338642
1,1,0.69601476
1,1,0.796848
1,0,0.4898574
1,1,0.8694972
1,1,0.8050877
1,0,0.24154475
1,0,0.009630596
1,0,0.16990352
1,0,0.37337172
1,1,0.9646163
1,1,0.99003875
1,1,0.97699034
1,1,0.8048993
1,1,0.92044204
1,1,0.93483156
1,1,0.94772
1,1,0.99937564
1,0,0.083073296
1,1,0.9995161
1,1,0.9977901
1,1,0.9993073
1,1,0.99905914
1,1,0.95636356
1,1,0.97105646
1,1,0.9369477
1,0,0.44088528
1,1,0.98619825
1,1,0.9883294
1,1,0.9971794
1,1,0.87880236
1,1,0.99772507
1,0,0.3233067
1,0,0.4058735
1,1,0.8642971
1,1,0.9995759
1,0,0.024557732
1,1,0.5613974
1,0,0.3475428
1,1,0.50532633
1,1,0.9933594
1,0,0.4305109
1,0,0.09722403
1,1,0.9448873
1,1,0.88405895
1,1,0.9457269
1,1,0.7263149
1,0,0.0389102
1,1,0.9953686
1,0,0.23384732
1,0,0.12390918
1,1,0.99942243
1,1,0.956777
1,0,0.009839161
1,0,0.090029866
1,1,0.99928004
1,1,0.98962104
1,0,0.4203787
1,1,0.9991147
1,0,0.037618622
1,1,0.99721813
1,0,0.3709581
1,1,0.9852527
1,0,0.1432724
1,0,0.012541136
1,1,0.9971917
1,1,0.9940177
1,1,0.99886763
1,1,0.57183623
1,1,0.9596142
1,0,0.28335366
1,1,0.9995933
1,1,0.9950696
1,1,0.9496366
1,1,0.9995259
1,1,0.9977956
1,0,0.44442204
1,1,0.99914277
1,0,0.03904665
1,0,0.25193587
1,1,0.9465459
1,1,0.9956143
1,1,0.998606
1,1,0.99984264
1,1,0.9979861
1,1,0.5497412
1,0,0.4432546
1,1,0.9978409
1,1,0.9996196
1,1,0.9998652
1,1,0.9478197
1,1,0.9993418
1,0,0.20812945
1,1,0.96922934
1,1,0.851648
1,1,0.9999175
1,1,0.9369833
1,1,0.6571588
1,0,0.44222453
1,1,0.9775574
1,0,0.1475039
1,0,0.107662156
1,1,0.9242126
1,1,0.97000366
1,1,0.9921085
1,1,0.99894696
1,1,0.99983215
1,1,0.9984163
1,1,0.798097
1,1,0.99796945
1,1,0.91691864
1,1,0.99918145
1,1,0.9838727
1,0,0.27193418
1,1,0.99312544
1,1,0.9976586
1,1,0.99964297
1,0,0.07120304
1,1,0.9961804
1,1,0.8089131
1,1,0.99976295
1,1,0.7153205
1,1,0.9910459
1,1,0.9790658
1,1,0.5962962
1,1,0.97581565
1,1,0.9740514
1,1,0.97426546
1,0,0.21430105
1,0,0.2880088
1,1,0.99919635
1,1,0.9306658
1,0,0.059287388
1,0,0.41365612
1,0,0.24303834
1,0,0.017921792
1,0,0.49772617
1,1,0.9965184
1,0,0.08481269
1,0,0.36761862
1,1,0.9956261
1,0,0.3781616
1,0,0.008428147
1,1,0.63277143
1,1,0.9930396
1,0,0.017423904
1,1,0.59924144
1,1,0.9892866
1,0,0.16432534
1,1,0.9910609
1,0,0.12195622
1,0,0.43259186
1,0,0.0047185463
1,0,0.14549264
1,1,0.9935138
1,1,0.7641954
1,0,0.039900526
1,1,0.9924695
1,1,0.6363536
1,1,0.84678596
1,1,0.99856013
1,0,0.26768827
1,1,0.9990983
1,1,0.9942783
1,0,0.44276178
1,1,0.5474895
1,0,0.06064508
1,1,0.9788079
1,1,0.78963155
1,1,0.9665146
1,1,0.63466835
1,1,0.9886614
1,0,0.0018351281
1,0,0.20927612
1,1,0.99011797
1,1,0.9412999
1,1,0.9945555
1,0,0.4369883
1,1,0.9886984
1,1,0.9919373
1,1,0.9988733
1,0,0.013662799
1,1,0.8691287
1,1,0.94210994
1,1,0.9987882
1,0,0.37657157
1,0,0.13404807
1,1,0.9989477
1,1,0.9863507
1,1,0.7261913
1,1,0.82402563
1,1,0.99817276
1,1,0.8211954
1,1,0.99909043
1,1,0.818901
1,0,0.24568616
1,1,0.7913238
1,0,0.0868814
1,1,0.9985562
1,1,0.9991736
1,0,0.029915558
1,1,0.9992654
1,1,0.9996716
1,1,0.9555199
1,1,0.85122
1,1,0.9327996
1,1,0.9968099
1,0,0.14714058
1,0,0.15640984
1,0,0.09075299
1,1,0.99275863
1,1,0.66313356
1,0,0.25191423
1,0,0.051876657
1,1,0.8798323
1,0,0.06478797
1,0,0.016702963
1,1,0.9488339
1,1,0.97091234
1,1,0.8997641
1,0,0.24838085
1,1,0.93908
1,1,0.99709857
1,1,0.9789837
1,0,0.0027346367
1,1,0.98091173
1,1,0.70777714
1,1,0.8147347
1,1,0.78560686
1,1,0.9995771
1,0,0.027461722
1,0,0.07145639
1,0,0.21911316
1,0,0.15060884
1,1,0.9977908
1,1,0.9851008
1,1,0.99955744
1,1,0.99981064
1,1,0.9744728
1,1,0.9846981
1,1,0.8072977
1,1,0.5713206
1,0,0.38841188
1,1,0.99237156
1,1,0.98956025
1,1,0.9993476
1,1,0.980455
1,1,0.99648726
1,1,0.96984094
1,1,0.51408637
1,1,0.9624809
1,1,0.99463236
1,0,0.23847024
1,1,0.9012659
1,1,0.93167603
1,1,0.9735752
1,1,0.89257467
1,0,0.0372129
1,1,0.99992895
1,1,0.9738279
1,1,0.99503785
1,0,0.047252826
1,0,0.118687116
1,0,0.46839717
1,0,0.24630891
1,1,0.9843742
1,0,0.07889983
1,1,0.90741616
1,1,0.73961186
1,0,0.44134519
1,1,0.73911697
1,1,0.60964704
1,1,0.94206494
1,1,0.99303705
1,1,0.9890416
1,1,0.9269587
1,0,0.004101144
1,0,0.34390154
1,1,0.6265616
1,0,0.4745101
1,1,0.81792367
1,1,0.97473913
1,1,0.8641412
1,1,0.96256006
1,1,0.9263005
1,0,0.34436488
1,1,0.97574735
1,1,0.6880787
1,1,0.9942807
1,1,0.92301786
1,0,0.028704349
1,1,0.9828326
1,1,0.9993493
1,0,0.0028821125
1,0,0.009458834
1,0,0.012298811
1,1,0.9509025
1,1,0.983012
1,0,0.31262773
1,1,0.99883217
1,1,0.6404922
1,1,0.9990767
1,1,0.7566582
1,1,0.9883146
1,1,0.7774488
1,1,0.81935257
1,1,0.79367477
1,0,0.027528375
1,0,0.11742002
1,1,0.98307365
1,1,0.9042875
1,1,0.7515351
1,1,0.9758424
1,1,0.99627316
1,1,0.92279905
1,0,0.012842572
1,1,0.7573974
1,1,0.9677003
1,1,0.96765333
1,1,0.7432995
1,1,0.9812431
1,0,0.23470202
1,0,0.018628992
1,1,0.9503367
1,0,0.19665216
1,1,0.9723226
1,1,0.9553515
1,0,0.02657957
1,1,0.91772676
1,1,0.99861693
1,0,0.07586423
1,1,0.8877843
1,0,0.07694517
1,1,0.96642023
1,0,0.49158645
1,1,0.9919897
1,1,0.9650202
1,1,0.73879856
1,1,0.9886431
1,0,0.25022584
1,1,0.990917
1,1,0.5978796
1,0,0.104046784
1,1,0.68027616
1,1,0.99943966
1,0,0.026533727
1,1,0.92134017
1,1,0.8679119
1,1,0.9998914
1,1,0.9957942
1,1,0.98180574
1,1,0.9994468
1,0,0.42107946
1,1,0.99909246
1,1,0.9990374
1,1,0.80749506
1,0,0.4352824
1,1,0.9968425
1,1,0.90404195
1,1,0.71598625
1,1,0.9968256
1,1,0.9917904
1,1,0.99473417
1,0,0.17697152
1,0,0.0022308826
1,1,0.9925741
1,1,0.7267658
1,1,0.7565808
1,0,0.07066936
1,0,0.4472987
1,1,0.9973942
1,1,0.99403125
1,1,0.5771236
1,1,0.9348787
1,1,0.9505245
1,1,0.9958703
1,0,0.23572184
1,0,0.103531785
1,1,0.8447357
1,1,0.99880755
1,0,0.45173222
1,0,0.014813184
1,1,0.61649644
1,1,0.99220955
1,1,0.98514706
1,1,0.9929069
1,1,0.99869955
1,0,0.1717482
1,0,0.39024273
1,1,0.9990326
1,0,0.1889394
1,1,0.9995957
1,1,0.99447626
1,0,0.13210662
1,1,0.9987412
1,0,0.28673658
1,0,0.31694254
1,1,0.99850535
1,1,0.9575961
1,1,0.9248194
1,0,0.30935556
1,1,0.9869523
1,1,0.77159405
1,0,0.28493202
1,1,0.9978933
1,0,0.4001517
1,1,0.9996117
1,1,0.976153
1,1,0.98897433
1,1,0.8568328
1,1,0.9862164
1,1,0.9918086
1,1,0.88498133
1,1,0.99762976
1,1,0.9964945
1,1,0.9966719
1,0,0.00550731
1,1,0.9415739
1,1,0.999663
1,1,0.9928993
1,1,0.9766568
1,1,0.9997689
1,0,0.010614595
1,1,0.98687124
1,1,0.88794667
1,1,0.9898197
1,1,0.99412537
1,0,0.34094372
1,0,0.015663957
1,1,0.99871814
1,1,0.9254567
1,0,0.081676446
1,1,0.8743268
1,1,0.9704775
1,1,0.9965485
1,0,0.31133896
1,1,0.8258115
1,1,0.99107015
1,1,0.99634486
1,1,0.999943
1,0,0.0041674394
1,0,0.10516236
1,0,0.057493508
1,1,0.98964864
1,1,0.94403803
1,1,0.9383848
1,1,0.9989225
1,0,0.096204154
1,0,0.034133818
1,1,0.9979977
1,1,0.9992169
1,1,0.8418788
1,0,0.10577826
1,1,0.9992687
1,1,0.90479505
1,0,0.18251804
1,0,0.08891878
1,0,0.0120885465
1,0,0.05474073
1,1,0.9973476
1,1,0.97430664
1,0,0.0026712525
1,1,0.5114013
1,1,0.98759115
1,1,0.99981457
1,1,0.9997601
1,1,0.92061675
1,1,0.9957135
1,0,0.087887384
1,0,0.41596806
1,1,0.8887808
1,1,0.89069694
1,0,0.22074416
1,0,0.13649589
1,1,0.63478214
1,1,0.9984517
1,1,0.9912389
1,1,0.99509984
1,1,0.99903643
1,1,0.9953206
1,0,0.11772897
1,1,0.95725965
1,1,0.9732022
1,1,0.99592054
1,1,0.9910644
1,1,0.91453063
1,1,0.62145185
1,1,0.8593496
1,1,0.9998398
1,1,0.9267552
1,0,0.013185047
1,1,0.96018046
1,1,0.9560772
1,0,0.47528255
1,1,0.82391703
1,1,0.9928086
1,1,0.999589
1,1,0.56697094
1,1,0.5134763
1,0,0.17110121
1,0,0.491148
1,1,0.58402884
1,1,0.9996846
1,1,0.9995459
1,1,0.9942948
1,1,0.9992243
1,1,0.99985325
1,1,0.99838305
1,1,0.9998429
1,1,0.99985373
1,1,0.99403846
1,1,0.9931157
1,1,0.99986017
1,1,0.99986076
1,1,0.9708091
1,1,0.9993436
1,1,0.9998976
1,1,0.99970573
1,1,0.9992743
1,1,0.9995579
1,1,0.9994948
1,1,0.88051933
1,1,0.9997855
1,1,0.91629785
1,1,0.99642146
1,1,0.9983084
1,1,0.9997639
1,1,0.97746974
1,1,0.9815461
1,0,0.490952
1,1,0.869225
1,1,0.999877
1,1,0.99870324
1,1,0.9994772
1,1,0.99876046
1,1,0.9315009
1,1,0.9997515
1,1,0.99900824
1,1,0.99694496
1,1,0.99973553
1,1,0.99652714
1,1,0.9999025
1,1,0.99936014
1,1,0.99911267
1,0,0.32767367
1,1,0.99910504
1,1,0.9996624
1,1,0.5087434
1,1,0.9976745
1,1,0.98392993
1,1,0.9732309
1,1,0.99982834
1,1,0.9894666
1,1,0.7405993
1,1,0.99981505
1,1,0.9978235
1,1,0.99988425
1,1,0.9996935
1,1,0.99991953
1,1,0.5339794
1,1,0.9998392
1,1,0.99983084
1,1,0.99692816
1,1,0.9997435
1,1,0.99924123
1,1,0.99985886
1,1,0.99192977
1,1,0.9989328
1,1,0.99955183
1,1,0.992063
1,1,0.99973613
1,1,0.6400573
1,0,0.45217952
1,1,0.9985367
1,1,0.9998528
1,1,0.9998783
1,1,0.99922645
1,1,0.9998597
1,1,0.9999386
1,1,0.9998641
1,1,0.9998472
1,1,0.9974929
1,1,0.7829472
1,1,0.98144376
1,1,0.99790835
1,1,0.99978846
1,1,0.99723095
1,1,0.999154
1,1,0.99694544
1,1,0.98471767
1,1,0.99713624
1,1,0.99720085
1,1,0.9989876
1,1,0.9989497
1,1,0.9935487
1,1,0.99989057
1,1,0.88309383
1,1,0.9998323
1,1,0.66004425
1,1,0.9994197
1,1,0.59019494
1,1,0.990348
1,1,0.9978536
1,1,0.98824
1,1,0.9927208
1,1,0.9992593
1,1,0.95268255
1,1,0.9995801
1,1,0.95995677
1,1,0.9992035
1,1,0.75575954
1,1,0.9997013
1,1,0.7677147
1,1,0.9998523
1,1,0.9997738
1,1,0.99928766
1,1,0.97895193
1,1,0.99978167
1,1,0.99958795
1,1,0.9223322
1,1,0.9997352
1,1,0.9998196
1,1,0.8237662
1,0,0.41727984
1,1,0.9991078
1,1,0.9997857
1,1,0.99972147
1,1,0.9996587
1,1,0.9936382
1,1,0.97724223
1,1,0.9985442
1,1,0.99976236
1,1,0.8109516
1,1,0.9995796
1,1,0.8181239
1,1,0.9995023
1,1,0.9995347
1,1,0.99926287
1,1,0.8867688
1,1,0.66762966
1,1,0.9621489
1,1,0.99368227
1,1,0.9682058
1,1,0.99978715
1,1,0.9993668
1,1,0.99899
1,1,0.9974625
1,1,0.9990526
1,1,0.77054733
1,1,0.9968035
1,1,0.9938653
1,1,0.9998221
1,1,0.9977264
1,1,0.9999107
1,1,0.97306406
1,1,0.95121855
1,1,0.99717534
1,1,0.99950635
1,1,0.89234227
1,1,0.9247813
1,1,0.9995988
1,1,0.9994659
1,1,0.9958156
1,1,0.98687845
1,1,0.9988141
1,1,0.9997458
1,1,0.9838652
1,1,0.9768925
1,1,0.9282279
1,1,0.99994016
1,1,0.9998915
1,1,0.99984646
1,1,0.99882406
1,1,0.8675098
1,1,0.9320343
1,1,0.9996816
1,1,0.9951544
1,1,0.98889405
1,1,0.9981077
1,1,0.99959105
1,0,0.32180706
1,1,0.9921847
1,1,0.9963554
1,1,0.999634
1,0,0.43876588
1,1,0.9853136
1,1,0.92142004
1,1,0.9998524
1,1,0.99958545
1,1,0.99840254
1,1,0.9998983
1,1,0.9949945
1,1,0.99955493
1,1,0.99969494
1,1,0.9913521
1,1,0.96077985
1,1,0.99596304
1,1,0.99815685
1,1,0.9961359
1,1,0.96713644
1,1,0.99943215
1,1,0.9996146
1,1,0.9242415
1,1,0.96110326
1,1,0.5554187
1,1,0.99832994
1,1,0.9992269
1,1,0.99940383
1,1,0.9976373
1,1,0.9967153
1,1,0.99969316
1,1,0.9991959
1,1,0.99654007
1,1,0.9880256
1,1,0.99979025
1,1,0.67248946
1,1,0.98959446
1,1,0.8393273
1,0,0.33353233
1,1,0.9992424
1,1,0.9998658
1,1,0.9998331
1,1,0.9865133
1,1,0.999193
1,0,0.3366432
1,1,0.99988043
1,1,0.998288
1,1,0.50712675
1,1,0.9962915
1,1,0.99980634
1,1,0.94868064
1,1,0.9997558
1,1,0.9087773
1,1,0.8490584
1,1,0.9991229
1,1,0.92658186
1,1,0.99888676
1,1,0.8425765
1,1,0.981076
1,1,0.9975406
1,1,0.9997514
1,1,0.99990976
1,1,0.9780723
1,1,0.99975866
1,1,0.99960667
1,1,0.97249776
1,1,0.7387037
1,1,0.97939974
1,1,0.9999242
1,1,0.94515413
1,1,0.99992585
1,1,0.9995054
1,1,0.65026367
1,1,0.9358933
1,1,0.99991286
1,0,0.38357824
1,1,0.9992199
1,1,0.9996712
1,1,0.99973136
1,1,0.9972185
1,1,0.9991534
1,1,0.9939354
1,1,0.84858257
1,1,0.99969256
1,1,0.99837506
1,1,0.97932976
1,1,0.99886996
1,1,0.9985032
1,1,0.9992167
1,1,0.9981693
1,1,0.99689263
1,1,0.99887043
1,1,0.99859995
1,1,0.99456453
1,1,0.9942233
1,1,0.95206106
1,1,0.9822249
1,1,0.9942427
1,1,0.95996654
1,1,0.9874071
1,1,0.99976367
1,1,0.999848
1,1,0.9985056
1,1,0.9996369
1,1,0.9988568
1,1,0.9794851
1,1,0.999833
1,1,0.99946696
1,1,0.9923498
1,1,0.9946508
1,1,0.99187976
1,1,0.9608836
1,1,0.99968016
1,1,0.9996885
1,1,0.99989283
1,1,0.99927634
1,1,0.894732
1,1,0.9973967
1,1,0.5614233
1,0,0.02282906
1,1,0.99873096
1,1,0.99980813
1,1,0.9994093
1,1,0.9980976
1,1,0.99991333
1,1,0.9871428
1,1,0.94909483
1,1,0.99527234
1,1,0.9998005
1,1,0.99752444
1,1,0.9245161
1,1,0.9999043
1,1,0.9971444
1,1,0.99829763
1,1,0.9696539
1,1,0.9725592
1,1,0.9993592
1,1,0.99779713
1,1,0.9110903
1,1,0.9896354
1,1,0.9906121
1,1,0.9994605
1,1,0.9992162
1,1,0.9926403
1,1,0.96080357
1,1,0.9993205
1,1,0.9997583
1,1,0.76686597
1,1,0.99972385
1,1,0.980739
1,1,0.9973717
1,1,0.9996959
1,1,0.9997725
1,1,0.9997868
1,1,0.99961275
1,1,0.99953747
1,1,0.99983656
1,1,0.85119
1,1,0.99746776
1,1,0.9997427
1,1,0.9998147
1,1,0.9955896
1,1,0.99883944
1,1,0.9994499
1,1,0.9963404
1,1,0.9830935
1,1,0.9998977
1,1,0.999913
1,1,0.91719115
1,1,0.999801
1,1,0.9993901
1,1,0.60458845
1,1,0.9998869
1,1,0.99910873
1,1,0.9962441
1,0,0.151652
1,1,0.99984694
1,1,0.83988345
1,1,0.993022
1,1,0.99986506
1,1,0.9995877
1,1,0.84755945
1,1,0.9983467
1,1,0.9993419
1,1,0.92059785
1,1,0.98983103
1,1,0.99712247
1,1,0.9979692
1,1,0.99961025
1,1,0.99991965
1,1,0.99964845
1,1,0.9997944
1,1,0.9989242
1,1,0.99966145
1,1,0.9750733
1,0,0.24142852
1,1,0.9981669
1,1,0.99952734
1,1,0.9988024
1,1,0.99681014
1,1,0.99988043
1,1,0.9916829
1,1,0.99973696
1,1,0.9997793
1,0,0.4959598
1,1,0.99827194
1,1,0.88134986
1,1,0.99984014
1,1,0.996763
1,1,0.99927074
1,1,0.9998989
1,1,0.71104914
1,1,0.9998454
1,1,0.9979126
1,1,0.97339094
1,1,0.9723269
1,0,0.20056869
1,1,0.99871826
1,1,0.92716366
1,1,0.9990357
1,1,0.9999105
1,1,0.9576213
1,1,0.9933704
1,1,0.9987012
1,1,0.99606615
1,1,0.9868924
1,1,0.9998424
1,1,0.99745923
1,1,0.99933845
1,1,0.9172865
1,1,0.99949574
1,1,0.9875786
1,1,0.9898475
1,1,0.9960901
1,1,0.9611519
1,1,0.9998946
1,1,0.9998436
1,1,0.9998301
1,1,0.9998797
1,1,0.9995943
1,1,0.99175656
1,1,0.9996537
1,1,0.9999274
1,0,0.33108607
1,1,0.98982567
1,1,0.9974753
1,1,0.99847704
1,1,0.99899906
1,1,0.99988675
1,1,0.99963427
1,1,0.96935195
1,1,0.9999229
1,1,0.9874664
1,1,0.99892694
1,1,0.99297523
1,1,0.72151864
1,1,0.99948406
1,1,0.9162248
1,1,0.9998543
1,1,0.9995665
1,1,0.9951762
1,1,0.97060734
1,1,0.9909196
1,1,0.60756963
1,1,0.9990903
1,1,0.99783117
1,1,0.99892896
1,1,0.754504
1,1,0.999589
1,1,0.99756795
1,1,0.99971944
1,1,0.6813731
1,1,0.99977213
1,0,0.34914348
1,1,0.6657043
1,1,0.99527717
1,1,0.9983559
1,1,0.8424578
1,1,0.9988078
1,1,0.99381566
1,1,0.99433076
1,1,0.9991628
1,1,0.9994686
1,1,0.99885285
1,1,0.999671
1,1,0.9759906
1,1,0.98354614
1,1,0.9994623
1,1,0.9996413
1,1,0.9995584
1,1,0.999332
1,1,0.99736565
1,1,0.9999131
1,1,0.9397441
1,1,0.9997515
1,1,0.9989968
1,1,0.99790406
1,1,0.9997247
1,1,0.9999372
1,1,0.998376
1,1,0.99692565
1,1,0.9999262
1,1,0.9996113
1,1,0.8999035
1,1,0.99897397
1,1,0.99871933
1,1,0.9992005
1,1,0.99984944
1,1,0.9365599
1,1,0.9993319
1,1,0.99992657
1,1,0.99965334
1,1,0.9970306
1,1,0.9654984
1,1,0.6929915
1,1,0.99988663
1,1,0.99994266
1,1,0.9737654
1,1,0.99974304
1,1,0.9997334
1,1,0.99979216
1,1,0.99865913
1,1,0.999863
1,0,0.04886132
1,1,0.99255484
1,1,0.99988747
1,1,0.99920976
1,1,0.9213944
1,1,0.999559
1,1,0.9999392
1,1,0.98449266
1,1,0.9344015
1,1,0.9992036
1,1,0.999275
1,1,0.9991351
1,1,0.99886703
1,1,0.99100906
1,1,0.99977773
1,1,0.99969506
1,1,0.9992291
1,1,0.99712294
1,1,0.9160965
1,0,0.4772851
1,1,0.9995499
1,1,0.9998889
1,1,0.99916303
1,1,0.9995517
1,1,0.99732107
1,1,0.9997651
1,1,0.5437493
1,1,0.9994747
1,1,0.99980396
1,1,0.9999342
1,1,0.9377365
1,1,0.88752365
1,1,0.9999149
1,1,0.9992576
1,1,0.978831
1,1,0.96771884
1,1,0.74265563
1,1,0.99965036
1,1,0.99988294
1,1,0.99911124
1,1,0.9997445
1,1,0.99747556
1,1,0.99969566
1,1,0.9983833
1,1,0.99954957
1,1,0.9999331
1,1,0.9998727
1,1,0.9994746
1,1,0.9571652
1,1,0.9997402
1,1,0.9925377
1,1,0.99966466
1,1,0.9998735
1,1,0.999038
1,1,0.99977535
1,0,0.010601219
1,1,0.9021281
1,1,0.99950945
1,1,0.9999056
1,1,0.6949787
1,1,0.997147
1,1,0.9997002
1,1,0.97676724
1,1,0.99986124
1,1,0.99796224
1,1,0.9999131
1,1,0.99946946
1,1,0.9995983
1,1,0.9122553
1,0,0.086322084
1,1,0.993287
1,1,0.9724247
1,1,0.9909218
1,1,0.9995977
1,1,0.9997719
1,1,0.99866605
1,1,0.99951625
1,1,0.60045576
1,1,0.99961334
1,1,0.99134326
1,1,0.98090416
1,1,0.9999379
1,1,0.9999138
1,1,0.99971086
1,1,0.712877
1,1,0.6722975
1,1,0.98197776
1,1,0.9990258
1,1,0.99813545
1,1,0.99934405
1,1,0.995996
1,1,0.8888715
1,1,0.71253604
1,1,0.8844602
1,1,0.9998035
1,1,0.9336495
1,1,0.83572835
1,1,0.9925769
1,1,0.99905604
1,1,0.549666
1,1,0.9998933
1,1,0.9983808
1,1,0.99970657
1,1,0.9950736
1,1,0.9999231
1,1,0.99990404
1,1,0.99975985
1,1,0.9996662
1,1,0.99898845
1,1,0.9995517
1,1,0.99977535
1,1,0.9998598
1,1,0.98589236
1,1,0.9991737
1,1,0.9993992
1,1,0.9999088
1,1,0.99356127
1,1,0.9794616
1,1,0.99932146
1,1,0.9988433
1,1,0.9998431
1,1,0.7566843
1,1,0.99076945
1,1,0.99840206
1,1,0.99981683
1,1,0.9997776
1,1,0.99988747
1,1,0.99714833
1,1,0.98043627
1,1,0.9991048
1,1,0.99887615
1,1,0.90702856
1,1,0.99842876
1,1,0.99917245
1,1,0.7640604
1,1,0.9845932
1,1,0.9784983
1,1,0.9997781
1,1,0.99978846
1,1,0.70812523
1,1,0.969073
1,1,0.9993876
1,1,0.99760556
1,1,0.999338
1,1,0.99985147
1,0,0.1398862
1,1,0.99985266
1,1,0.99950993
1,1,0.988808
1,1,0.9841241
1,1,0.9128276
1,1,0.99766004
1,1,0.9951911
1,1,0.9985008
1,1,0.9915978
1,1,0.99919206
1,1,0.98504454
1,1,0.99922454
1,1,0.99993205
1,1,0.9999354
1,1,0.9998393
1,1,0.9798172
1,1,0.99961543
1,1,0.9650486
1,1,0.67659473
1,1,0.99965763
1,1,0.9991171
1,1,0.99983954
1,1,0.9953662
1,1,0.9857808
1,1,0.99677557
1,1,0.9996786
1,1,0.9831199
1,1,0.6922737
1,1,0.9820696
1,1,0.9999138
1,1,0.99459016
1,1,0.9996648
1,1,0.9995813
1,1,0.9998216
1,1,0.9978116
1,1,0.99399865
1,0,0.2662225
1,1,0.998192
1,1,0.9954277
1,1,0.9997087
1,1,0.9876036
1,1,0.9967765
1,1,0.99986994
1,1,0.9980837
1,1,0.9992766
1,1,0.90561765
1,1,0.99699354
1,1,0.99108607
1,1,0.99963677
1,1,0.99769396
1,1,0.96539545
1,1,0.9994838
1,1,0.7711022
1,1,0.9926651
1,1,0.9992219
1,1,0.9906323
1,1,0.9999105
1,1,0.99983263
1,0,0.36620846
1,1,0.9838436
1,1,0.9999106
1,1,0.9994411
1,1,0.9997781
1,1,0.9998093
1,1,0.9977093
1,1,0.9998884
1,1,0.9401411
1,1,0.89432794
1,1,0.9974917
1,1,0.9959912
1,1,0.99980134
1,1,0.99960643
1,1,0.7953654
1,1,0.9994241
1,1,0.9975642
1,0,0.11584133
1,1,0.99812454
1,1,0.9993692
1,1,0.9992223
1,1,0.99611145
1,1,0.9976108
1,1,0.99808323
1,1,0.9975968
1,0,0.2952536
1,1,0.9997043
1,1,0.9970797
1,1,0.999111
1,1,0.98466176
1,1,0.99969554
1,1,0.7886223
1,1,0.9026519
1,1,0.9990569
1,1,0.99916315
1,1,0.9997062
1,1,0.99780303
1,1,0.99961615
1,1,0.9588751
1,1,0.9745832
1,1,0.9934064
1,1,0.9961098
1,1,0.99535036
1,1,0.9982357
1,1,0.99766845
1,1,0.99193585
1,1,0.99973863
1,1,0.99432546
1,1,0.99211043
1,1,0.9998838
1,1,0.981791
1,1,0.7458195
1,1,0.9107695
1,1,0.99471503
1,1,0.98496866
1,1,0.99954706
1,1,0.99994874
1,1,0.99987483
1,1,0.9991611
1,1,0.99331725
1,1,0.9997404
1,1,0.99991465
1,1,0.98785865
1,1,0.7416541
1,1,0.9982887
1,1,0.99902046
1,1,0.99445397
1,1,0.9949203
1,1,0.9992499
1,1,0.99549
1,1,0.99973613
1,1,0.99216753
1,1,0.9995511
1,1,0.8727621
1,1,0.61059415
1,1,0.99539524
1,1,0.9916053
1,1,0.99940455
1,1,0.99993217
1,1,0.9990115
1,1,0.99952567
1,1,0.90862256
1,1,0.99948174
1,1,0.9995152
1,1,0.9998323
1,1,0.98071057
1,1,0.993913
1,1,0.99390644
1,1,0.99544454
1,1,0.9998264
1,1,0.99601114
1,1,0.998206
1,1,0.999853
1,1,0.9998198
1,1,0.99965274
1,1,0.9998735
1,1,0.9997447
1,1,0.78440636
1,1,0.72238433
1,1,0.99968934
1,1,0.99919456
1,1,0.99963653
1,1,0.99943453
1,1,0.99217063
1,1,0.99987113
1,1,0.9998323
1,1,0.9063488
1,1,0.9995127
1,1,0.8675082
1,1,0.99987364
1,1,0.9972155
1,1,0.9802383
1,1,0.9984561
1,1,0.99766964
1,1,0.99500614
1,1,0.6951987
1,1,0.96778995
1,1,0.9995859
1,1,0.99977475
1,1,0.99994445
1,1,0.9998368
1,1,0.99926144
1,1,0.9992299
1,1,0.99991786
1,1,0.875412
1,1,0.99982625
1,1,0.94787043
1,1,0.59683764
1,1,0.99985766
1,1,0.9994025
1,1,0.52085125
1,1,0.9982317
1,1,0.9798156
1,1,0.9839168
1,1,0.9921401
1,1,0.9974993
1,1,0.99987185
1,1,0.9999285
1,1,0.9921422
1,1,0.999846
1,1,0.9998005
1,1,0.9954165
1,1,0.99957925
1,1,0.99987733
1,1,0.9999037
1,1,0.97513026
1,1,0.8144048
1,1,0.9997782
1,1,0.9977775
1,1,0.999915
1,1,0.9975648
1,1,0.9916278
1,1,0.9998276
1,1,0.99936396
1,1,0.99890125
1,1,0.9998678
1,1,0.9977538
1,1,0.9987576
1,1,0.99288905
1,1,0.98952895
1,1,0.99975914
1,1,0.99790525
1,1,0.9995609
1,1,0.9943198
1,1,0.9964469
1,0,0.1977426
1,1,0.9996208
1,1,0.9945357
1,1,0.99916756
1,1,0.99982184
1,1,0.99974936
1,1,0.9866153
1,1,0.9980756
1,1,0.99976593
1,1,0.9984567
1,1,0.99956924
1,1,0.99983597
1,1,0.89624995
1,1,0.9811863
1,1,0.9969721
1,1,0.9993606
1,1,0.99986374
1,0,0.4752891
1,1,0.96220976
1,1,0.97232527
1,1,0.99988234
1,1,0.9988403
1,1,0.998865
1,1,0.99929345
1,1,0.99982506
1,1,0.9994499
1,1,0.6474795
1,1,0.9816813
1,1,0.99411976
1,1,0.9981667
1,1,0.998262
1,1,0.99979943
1,1,0.9426203
1,1,0.9385522
1,1,0.9977005
1,1,0.9996574
1,1,0.999716
1,1,0.99900645
1,1,0.99976414
1,1,0.99636143
1,1,0.9999151
1,1,0.83102953
1,1,0.99851173
1,1,0.6158375
1,1,0.99950206
1,1,0.9998797
1,1,0.994445
1,1,0.9995889
1,1,0.99936825
1,1,0.9980792
1,1,0.6191762
1,1,0.9971521
1,1,0.9988207
1,1,0.956965
1,1,0.99985695
1,1,0.99992573
1,1,0.97833747
1,1,0.99990034
1,1,0.75971675
1,0,0.4879342
1,1,0.9988487
1,1,0.9450263
1,1,0.9930153
1,1,0.9993104
1,1,0.9940882
1,1,0.99843913
1,1,0.9994679
1,1,0.9953731
1,1,0.99750525
1,1,0.99806124
1,1,0.9997223
1,1,0.99980015
1,1,0.99983096
1,1,0.98118687
1,1,0.9933891
1,1,0.99924976
1,1,0.9969357
1,1,0.9604354
1,1,0.99974185
1,1,0.7543527
1,1,0.99989974
1,1,0.9995858
1,1,0.99978346
1,1,0.9999151
1,1,0.99409014
1,1,0.99945754
1,1,0.97872555
1,1,0.99989986
1,1,0.99953437
1,1,0.99979156
1,1,0.99981266
1,1,0.9997701
1,1,0.9983612
1,1,0.99981934
1,1,0.9976822
1,1,0.99968433
1,1,0.99811816
1,1,0.9616056
1,1,0.9984622
1,1,0.61101466
1,1,0.9989562
1,1,0.9986363
1,1,0.8120889
1,1,0.9978725
1,1,0.9995565
1,1,0.9745806
1,1,0.9998265
1,1,0.99984896
1,1,0.99957246
1,1,0.99848276
1,1,0.9834199
1,1,0.9949733
1,1,0.9995809
1,1,0.9997377
1,1,0.99868554
1,0,0.37099704
1,1,0.99986017
1,1,0.99867165
1,1,0.9991084
1,1,0.998009
1,1,0.98764116
1,1,0.99566627
1,1,0.99849796
1,1,0.9993654
1,1,0.9991184
1,1,0.984772
1,1,0.9996252
1,1,0.999067
1,1,0.9998727
1,1,0.9683364
1,1,0.995689
1,1,0.9992859
1,1,0.9897938
1,1,0.999798
1,1,0.9998331
1,1,0.9962369
1,1,0.9992236
1,1,0.9998772
1,1,0.99968684
1,1,0.9998499
1,1,0.99975544
1,1,0.99592566
1,1,0.9934948
1,1,0.99605185
1,1,0.9886918
1,1,0.6124937
1,1,0.99917847
1,1,0.99919313
1,1,0.93324834
1,0,0.26741585
1,1,0.96214175
1,1,0.8805679
1,1,0.99616385
1,1,0.99951375
1,1,0.99808854
1,1,0.99543935
1,1,0.9997434
1,1,0.9993285
1,1,0.963304
1,1,0.99967384
1,1,0.9679611
1,1,0.9058562
1,1,0.99917465
1,1,0.9998548
1,1,0.9982528
1,1,0.987409
1,1,0.9997627
1,1,0.98928916
1,1,0.99530655
1,1,0.82571995
1,1,0.99990594
1,1,0.9997824
1,1,0.9998307
1,1,0.9999064
1,1,0.99966514
1,1,0.99802184
1,1,0.9964116
1,1,0.9996369
1,1,0.9933335
1,1,0.9986883
1,1,0.99993443
1,1,0.9996222
1,1,0.99781764
1,1,0.99991417
1,1,0.99918133
1,1,0.9998882
1,1,0.99959797
1,1,0.9994267
1,1,0.9984773
1,1,0.9991742
1,1,0.65628713
1,1,0.9993061
1,1,0.98073363
1,1,0.99968624
1,1,0.9991571
1,1,0.99965465
1,1,0.99946505
1,1,0.99972004
1,1,0.99863964
1,1,0.9990885
1,1,0.99255264
1,1,0.9997985
1,1,0.9963695
1,1,0.80021477
1,1,0.9684921
1,1,0.9680284
1,1,0.5965488
1,1,0.99941766
1,1,0.98492104
1,1,0.9404629
1,1,0.9987411
1,1,0.99954
1,1,0.9981997
1,1,0.99010473
1,1,0.9995648
1,1,0.9993179
1,1,0.99404836
1,1,0.9988703
1,1,0.99916494
1,1,0.9357505
1,1,0.9994987
1,1,0.9846384
1,1,0.9796394
1,1,0.99899095
1,1,0.99881613
1,1,0.999376
1,1,0.99985886
1,1,0.9996877
1,1,0.9994615
1,1,0.99982846
1,1,0.9974733
1,1,0.99960333
1,1,0.9993986
1,1,0.9998486
1,1,0.8049734
1,1,0.9993274
1,1,0.99962807
1,1,0.9768469
1,1,0.993686
1,1,0.99326307
1,1,0.9963121
1,1,0.9982821
1,1,0.998882
1,1,0.9985349
1,1,0.99965215
1,1,0.99934465
1,1,0.99359894
1,1,0.9997068
1,1,0.99959403
1,1,0.9993123
1,1,0.99609417
1,1,0.99978226
1,1,0.99993396
1,1,0.9998078
1,1,0.9965641
1,1,0.999889
1,1,0.9989519
1,1,0.9452441
1,1,0.99646
1,1,0.98893505
1,1,0.9993598
1,1,0.95112765
1,1,0.9996791
1,1,0.989307
1,1,0.97592896
1,1,0.9998198
1,1,0.999726
1,1,0.9994134
1,1,0.9975485
1,1,0.9997482
1,1,0.9483529
1,1,0.99952257
1,1,0.99957687
1,1,0.9550224
1,0,0.024928495
1,1,0.9998989
1,1,0.99977964
1,1,0.9564001
1,1,0.9996917
1,1,0.99558794
1,1,0.9986388
1,1,0.9993709
1,0,0.41764256
1,1,0.99922705
1,1,0.99984264
1,1,0.9968541
1,1,0.9997992
1,1,0.99964416
1,1,0.99966955
1,1,0.5963226
1,1,0.9009256
1,1,0.9979207
1,1,0.99983096
1,1,0.99950254
1,1,0.9996369
1,1,0.99975413
1,1,0.9954905
1,1,0.96306
1,1,0.99970394
1,1,0.99947745
1,1,0.8909726
1,1,0.9989557
1,1,0.99877864
1,1,0.99901915
1,1,0.9986278
1,1,0.93587065
1,1,0.9991549
1,1,0.999887
1,0,0.10018111
1,1,0.9985671
1,1,0.99885356
1,1,0.99773896
1,1,0.9910874
1,1,0.9994481
1,1,0.7744183
1,1,0.998615
1,1,0.9995061
1,1,0.948712
1,1,0.99899775
1,1,0.99973327
1,1,0.9956584
1,1,0.9539128
1,1,0.99948066
1,0,0.26712957
1,1,0.61574185
1,1,0.9034456
1,1,0.9996376
1,1,0.9929125
1,1,0.9998987
1,1,0.9953442
1,1,0.9755324
1,1,0.9990483
1,1,0.8251332
1,1,0.99884063
1,1,0.99940276
1,1,0.99987423
1,1,0.9987331
1,1,0.9784712
1,1,0.9997315
1,1,0.9998969
1,1,0.9980945
1,1,0.9996898
1,1,0.86069965
1,1,0.9993523
1,1,0.99942064
1,1,0.69419605
1,1,0.9995233
1,1,0.98858577
1,1,0.99888605
1,1,0.99960643
1,1,0.99993145
1,0,0.4436252
1,1,0.9995345
1,1,0.9968817
1,1,0.9594428
1,1,0.98200476
1,1,0.98872685
1,1,0.999718
1,1,0.9968208
1,1,0.9941129
1,1,0.99970275
1,1,0.97501636
1,1,0.99975806
1,1,0.91648126
1,1,0.9977608
1,1,0.89611787
1,1,0.99560744
1,1,0.95772284
1,1,0.9998971
1,1,0.99909604
1,1,0.9741872
1,1,0.99932706
1,1,0.9994229
1,1,0.99958616
1,1,0.9996032
1,1,0.9999082
1,1,0.9926299
1,1,0.9880078
1,1,0.9811748
1,1,0.99866116
1,0,0.21393058
1,1,0.998953
1,1,0.94942206
1,1,0.9981431
1,1,0.99393266
1,1,0.99904865
1,0,0.44921002
1,1,0.99938357
1,1,0.9439414
1,1,0.9999397
1,1,0.69925195
1,1,0.96222323
1,1,0.9997762
1,1,0.99721503
1,1,0.90118176
1,1,0.9982962
1,1,0.99673575
1,1,0.9956066
1,1,0.99987626
1,1,0.9993167
1,1,0.99300075
1,1,0.99988186
1,1,0.99882156
1,1,0.9997955
1,1,0.99961406
1,1,0.9992686
1,1,0.9632704
1,1,0.9991289
1,1,0.99903417
1,1,0.99982953
1,1,0.9972905
1,1,0.99963534
1,1,0.9998258
1,1,0.99923456
1,1,0.9954116
1,1,0.99774456
1,1,0.9990582
1,1,0.99086386
1,1,0.9998258
1,1,0.99222916
1,1,0.99949443
1,1,0.84703195
1,1,0.98783046
1,1,0.99651825
1,1,0.99956423
1,1,0.99164236
1,1,0.9960407
0,0,0.0010626854
0,0,0.0019213211
0,0,0.0072105355
0,0,0.0008098358
0,1,0.6662887
0,0,0.037990097
0,0,0.0015389924
0,0,0.13282818
0,0,0.0011198822
0,0,0.13504629
0,0,0.0013340489
0,0,0.10030248
0,0,0.001564657
0,0,0.06774075
0,0,0.0015837002
0,1,0.5545198
0,0,0.002168475
0,0,0.12152936
0,0,0.011036328
0,0,0.05169617
0,0,0.00064891815
0,1,0.5103701
0,0,0.0055097206
0,0,0.002647015
0,0,0.0013924377
0,0,0.03783522
0,0,0.0020604804
0,0,0.0010037238
0,0,0.09604291
0,0,0.38124466
0,0,0.011481439
0,1,0.9798972
0,0,0.21336032
0,0,0.0086916005
0,0,0.0007463781
0,1,0.9892635
0,0,0.0008040008
0,1,0.835837
0,0,0.043827154
0,0,0.15419249
0,0,0.015817605
0,1,0.8241056
0,0,0.0038464773
0,0,0.0030447822
0,1,0.9224846
0,0,0.0070239874
0,0,0.054235067
0,0,0.37031814
0,0,0.0047374456
0,0,0.003140702
0,0,0.43516904
0,0,0.0041890573
0,0,0.0041527105
0,0,0.0003215843
0,1,0.8985306
0,0,0.054969613
0,0,0.00017395204
0,0,0.01818948
0,0,0.004712448
0,0,0.002506239
0,0,0.045809776
0,0,0.0012018066
0,1,0.64931023
0,0,0.08436305
0,0,0.0014811892
0,0,0.0013988774
0,0,0.0033639339
0,0,0.20471257
0,0,0.00113361
0,0,0.00080900785
0,0,0.0030208617
0,0,0.029033666
0,0,0.13696082
0,0,0.016361104
0,0,0.031026252
0,0,0.003186463
0,1,0.93563056
0,0,0.25393945
0,0,0.0006136309
0,0,0.005489504
0,1,0.82593673
0,1,0.72446036
0,0,0.08837089
0,0,0.06019117
0,0,0.008484609
0,1,0.6939067
0,0,0.02059518
0,0,0.0007459014
0,0,0.0009954309
0,0,0.0024009414
0,1,0.792211
0,0,0.18880066
0,1,0.9634504
0,0,0.0067316364
0,0,0.053492106
0,1,0.94834304
0,1,0.9433017
0,0,0.0013834849
0,0,0.009672079
0,0,0.013793645
0,0,0.0053283907
0,0,0.043308467
0,0,0.014963911
0,0,0.376242
0,0,0.022032302
0,0,0.002186446
0,0,0.00079653074
0,1,0.9594955
0,0,0.18799476
0,0,0.054828975
0,0,0.00025475878
0,0,0.007947964
0,0,0.07529851
0,0,0.19869131
0,0,0.03862401
0,0,0.009940144
0,1,0.92540324
0,0,0.020827977
0,1,0.9830738
0,0,0.0002811012
0,0,0.16277142
0,0,0.00026463898
0,0,0.017203042
0,0,0.002960193
0,0,0.06226736
0,0,0.0007010702
0,0,0.0037758634
0,0,0.3625972
0,0,0.0036707246
0,0,0.009605583
0,0,0.090760164
0,0,0.0035044255
0,0,0.00043928332
0,0,0.10347232
0,0,0.0033344913
0,0,0.0010547929
0,0,0.0012228587
0,1,0.64493346
0,0,0.020523457
0,0,0.009159906
0,0,0.0016040938
0,0,0.0063234186
0,0,0.10875861
0,0,0.008097522
0,0,0.012844695
0,0,0.019886574
0,0,0.29431793
0,1,0.9990212
0,1,0.8920474
0,0,0.031083426
0,0,0.038341142
0,0,0.00343609
0,0,0.00202909
0,0,0.0050419085
0,0,0.00048302073
0,0,0.0021648202
0,0,0.011540905
0,0,0.0025407544
0,0,0.01927136
0,0,0.0015632766
0,1,0.81147003
0,0,0.048308242
0,1,0.9983828
0,0,0.0005662027
0,0,0.023677591
0,0,0.039366573
0,0,0.016210819
0,0,0.0011196721
0,0,0.012171242
0,0,0.0017545627
0,0,0.23070158
0,0,0.1485663
0,0,0.35588193
0,0,0.0070705777
0,1,0.9828084
0,0,0.0010651458
0,0,0.011444263
0,0,0.0011165342
0,0,0.0014548107
0,0,0.0010635954
0,0,0.0057588047
0,0,0.0028777432
0,0,0.025340654
0,0,0.0003630982
0,0,0.1217941
0,0,0.19940545
0,0,0.0065790797
0,0,0.23398331
0,0,0.00053080014
0,0,0.26303488
0,0,0.0009813318
0,0,0.41350526
0,0,0.09288079
0,0,0.0033090112
0,0,0.008460319
0,0,0.0130379535
0,0,0.0052069346
0,0,0.0033642552
0,0,0.040388588
0,1,0.56090784
0,1,0.9179554
0,0,0.0009757087
0,0,0.032641005
0,0,0.049127012
0,1,0.61765575
0,0,0.0017352484
0,0,0.008055851
0,0,0.0010152231
0,1,0.89186364
0,0,0.0003055764
0,0,0.00017958207
0,0,0.00807956
0,1,0.98768824
0,0,0.0015263393
0,0,0.0004157366
0,0,0.112739064
0,0,0.008396471
0,0,0.0017602217
0,0,0.00074144197
0,0,0.00109452
0,0,0.013667327
0,1,0.935455
0,0,0.0013985864
0,0,0.002175171
0,0,0.18329431
0,0,0.13622677
0,1,0.9007843
0,0,0.0013416511
0,0,0.13192298
0,0,0.08137613
0,1,0.6207414
0,0,0.0003012062
0,0,0.0019187588
0,0,0.0023346585
0,1,0.9812416
0,0,0.0022964843
0,1,0.853851
0,1,0.9971842
0,0,0.00016500943
0,0,0.0044617816
0,0,0.033588946
0,0,0.11358686
0,0,0.12776901
0,0,0.0002396903
0,0,0.0007669539
0,0,0.0014002876
0,0,0.001156165
0,0,0.04856611
0,0,0.00018642191
0,0,0.007385207
0,0,0.27845854
0,0,0.013725826
0,0,0.029443102
0,1,0.80665493
0,0,0.0013303187
0,0,0.0016226952
0,0,0.41485244
0,0,0.11069777
0,0,0.0020727671
0,0,0.0012269499
0,0,0.060119264
0,0,0.0026417768
0,0,0.09449994
0,0,0.23928402
0,1,0.9067886
0,0,0.1686617
0,0,0.003732669
0,0,0.0071471115
0,0,0.0009391893
0,0,0.077149816
0,1,0.9995259
0,0,0.0058403118
0,0,0.0007411481
0,0,0.0502936
0,0,0.00020843644
0,0,0.2826617
0,0,0.0005239127
0,0,0.009130908
0,0,0.10659617
0,0,0.31889528
0,0,0.0032978298
0,0,0.0010915592
0,0,0.0006263085
0,0,0.19273075
0,0,0.0084926
0,1,0.7526225
0,0,0.0007953012
0,1,0.91551054
0,0,0.33046228
0,0,0.029934611
0,0,0.0030566033
0,0,0.10535677
0,0,0.0023589132
0,0,0.054121822
0,0,0.023451224
0,0,0.0068041277
0,0,0.0028745653
0,0,0.04450496
0,0,0.21025096
0,0,0.0096544195
0,1,0.67886263
0,0,0.00064197596
0,0,0.0012652412
0,0,0.019765675
0,0,0.0002458334
0,1,0.7543821
0,0,0.39842716
0,0,0.17194495
0,0,0.00051191717
0,0,0.0004471517
0,0,0.09661307
0,0,0.0079704095
0,0,0.0064204177
0,0,0.0017814753
0,0,0.0030011183
0,0,0.0009822054
0,0,0.0011318781
0,0,0.27198294
0,0,0.12804492
0,1,0.64427185
0,0,0.0027041323
0,0,0.050086364
0,0,0.0055484935
0,0,0.0039405525
0,0,0.0015049867
0,0,0.40079132
0,0,0.23623066
0,0,0.00069671683
0,0,0.00068508345
0,0,0.0025450012
0,0,0.006097834
0,0,0.095963955
0,0,0.0006801727
0,0,0.12947023
0,0,0.43633226
0,0,0.0015436611
0,0,0.36437193
0,1,0.77084726
0,0,0.039163683
0,0,0.0059836386
0,1,0.6735907
0,1,0.632985
0,0,0.00926906
0,0,0.0011098799
0,0,0.1229221
0,0,0.14479631
0,0,0.026438773
0,0,0.046788182
0,0,0.00026884838
0,0,0.0020148647
0,0,0.00046141562
0,0,0.0017269852
0,0,0.0038449941
0,0,0.0024181067
0,0,0.011988782
0,0,0.0064171385
0,0,0.3701651
0,0,0.0024534725
0,1,0.76461256
0,0,0.4907153
0,0,0.026306171
0,0,0.0008805366
0,0,0.006815564
0,0,0.0037883192
0,0,0.020341681
0,0,0.00064971054
0,0,0.00852437
0,0,0.0008379635
0,1,0.59101397
0,0,0.0032313156
0,1,0.50893986
0,0,0.0051259757
0,0,0.00016051506
0,0,0.0020120887
0,0,0.004505977
0,0,0.0067374418
0,0,0.0016573968
0,0,0.0021289447
0,0,0.007948098
0,0,0.011269271
0,1,0.74132
0,0,0.07988289
0,0,0.0073353336
0,1,0.6407948
0,0,0.0004762684
0,0,0.0037324135
0,0,0.032731313
0,0,0.0061018467
0,1,0.99950206
0,0,0.0024036155
0,0,0.00021518684
0,0,0.00030675624
0,0,0.059649777
0,0,0.027039744
0,0,0.0032645606
0,1,0.99822
0,0,0.006247058
0,0,0.0041062227
0,0,0.07994161
0,0,0.0033455167
0,1,0.5756403
0,0,0.009222058
0,0,0.0021033
0,1,0.7922183
0,0,0.00058623264
0,0,0.0018645535
0,0,0.00053643563
0,1,0.58813775
0,0,0.0009694073
0,0,0.45598504
0,0,0.18172291
0,0,0.0028108642
0,1,0.9990233
0,0,0.22507465
0,0,0.0003014251
0,0,0.36884105
0,0,0.00041723522
0,0,0.1618571
0,0,0.011327625
0,0,0.0030627032
0,0,0.011330418
0,0,0.008509078
0,0,0.05320258
0,0,0.17922989
0,0,0.03236441
0,0,0.2906062
0,0,0.16771117
0,0,0.003520652
0,0,0.078745715
0,0,0.00047298742
0,0,0.0030465687
0,0,0.0019917863
0,0,0.0021713607
0,0,0.0007741706
0,1,0.7188151
0,0,0.098154955
0,0,0.07114693
0,0,0.009523984
0,0,0.008098705
0,0,0.004810636
0,0,0.1522677
0,0,0.2714668
0,0,0.03289093
0,0,0.00061700837
0,0,0.3049588
0,0,0.014164341
0,0,0.0013346927
0,0,0.0059947814
0,0,0.0016150129
0,0,0.010840667
0,1,0.9529477
0,0,0.0100505175
0,0,0.29535
0,0,0.0010063483
0,0,0.1588961
0,0,0.013785249
0,1,0.89179206
0,0,0.03727552
0,0,0.25343245
0,0,0.40926212
0,0,0.0008548325
0,0,0.013309947
0,1,0.81268543
0,0,0.00079210807
0,1,0.7281883
0,0,0.007842294
0,0,0.09712509
0,0,0.0069025042
0,0,0.06800726
0,0,0.00024562742
0,0,0.44364816
0,0,0.0027923419
0,0,0.009108312
0,0,0.043416247
0,0,0.014557816
0,0,0.17399572
0,0,0.0031240957
0,0,0.0026722003
0,0,0.4773369
0,1,0.9999372
0,0,0.06998611
0,1,0.87281513
0,1,0.5411893
0,0,0.00566914
0,1,0.6455595
0,0,0.19757698
0,0,0.0074755168
0,0,0.0016790096
0,0,0.003391169
0,0,0.005410496
0,0,0.035515152
0,1,0.63733053
0,0,0.01793687
0,0,0.34202722
0,0,0.0048423065
0,0,0.0028463057
0,0,0.0011066846
0,0,0.002214156
0,0,0.0005402405
0,0,0.0049042744
0,0,0.002353955
0,1,0.99884295
0,0,0.052113384
0,0,0.0006378386
0,1,0.9965752
0,1,0.6926418
0,0,0.06292562
0,0,0.009217396
0,1,0.9996088
0,0,0.025591742
0,0,0.0057332898
0,0,0.10710339
0,0,0.005799573
0,0,0.0057451404
0,0,0.019535922
0,0,0.05983733
0,0,0.0015032594
0,0,0.001634886
0,0,0.0040166867
0,0,0.32809725
0,0,0.46850896
0,0,0.0008062195
0,0,0.015026523
0,1,0.99483585
0,0,0.035154272
0,0,0.0030117303
0,0,0.12030954
0,0,0.43361473
0,0,0.036649596
0,0,0.004063016
0,0,0.029717656
0,0,0.0020813467
0,0,0.00095605425
0,0,0.0008515404
0,0,0.0018738137
0,0,0.0016701372
0,0,0.0004458542
0,0,0.008170626
0,0,0.004486414
0,0,0.010863262
0,0,0.04161097
0,0,0.0021387017
0,0,0.017336026
0,0,0.0071689487
0,0,0.012280688
0,0,0.0016996664
0,0,0.004684049
0,1,0.6255118
0,0,0.0056175115
0,0,0.013770202
0,1,0.6322193
0,0,0.04395788
0,0,0.009546947
0,0,0.002542072
0,0,0.00402244
0,0,0.0014387503
0,0,0.0450651
0,0,0.00030246837
0,0,0.062566064
0,0,0.019512853
0,0,0.0039444435
0,0,0.00093537685
0,0,0.010255956
0,0,0.0006049149
0,0,0.0025615322
0,0,0.002039508
0,0,0.24049795
0,1,0.8826204
0,0,0.021650605
0,0,0.0030908848
0,0,0.0036731442
0,0,0.10593162
0,0,0.00090650097
0,1,0.76707363
0,1,0.9046226
0,1,0.99890804
0,0,0.0013834112
0,0,0.0002529156
0,0,0.003512835
0,1,0.9527708
0,0,0.003162315
0,0,0.053472824
0,0,0.005973961
0,0,0.0073728776
0,0,0.038984556
0,0,0.010253701
0,0,0.00415493
0,0,0.002654988
0,1,0.8724761
0,0,0.36357522
0,0,0.028094415
0,0,0.0076364474
0,1,0.96326417
0,0,0.026440158
0,0,0.0023315717
0,0,0.00404419
0,0,0.0011245415
0,0,0.11884074
0,0,0.003656579
0,0,0.05359263
0,0,0.0015593577
0,0,0.0063224235
0,0,0.016025862
0,0,0.015772283
0,0,0.23465395
0,1,0.895613
0,0,0.084377706
0,0,0.0044436525
0,0,0.00048599127
0,0,0.0026760306
0,0,0.008925772
0,0,0.016516028
0,0,0.0816475
0,1,0.93378997
0,0,0.0055043255
0,1,0.7269686
0,1,0.6422197
0,0,0.02877326
0,0,0.0070200902
0,0,0.0025237089
0,1,0.99609584
0,0,0.46125433
0,0,0.4452393
0,0,0.0022063702
0,0,0.03211678
0,0,0.15246297
0,0,0.059696734
0,1,0.90107924
0,1,0.93649614
0,1,0.99942255
0,0,0.0791201
0,0,0.034729872
0,0,0.017538505
0,0,0.28244793
0,0,0.0059269937
0,0,0.0022895762
0,0,0.00071537495
0,0,0.0006753845
0,0,0.04252679
0,1,0.98768616
0,0,0.045721654
0,1,0.92440385
0,0,0.00022966607
0,0,0.011650276
0,0,0.0061681005
0,1,0.891933
0,0,0.005658269
0,0,0.013691467
0,1,0.9897327
0,0,0.0007442364
0,0,0.029818071
0,0,0.0046563214
0,0,0.015745133
0,0,0.004160531
0,0,0.00020345762
0,0,0.0012931757
0,0,0.030699316
0,0,0.0040194304
0,0,0.01708531
0,0,0.187088
0,0,0.3294324
0,1,0.958649
0,1,0.7936191
0,1,0.99741346
0,0,0.004159389
0,0,0.0015938916
0,0,0.00253781
0,0,0.0030087065
0,0,0.006410734
0,0,0.16800429
0,0,0.22748075
0,0,0.0014899982
0,0,0.0011226145
0,0,0.0026577625
0,0,0.07415457
0,1,0.9782429
0,0,0.045107845
0,0,0.057220872
0,0,0.030409615
0,0,0.006709511
0,1,0.8544988
0,0,0.0010258958
0,0,0.12617405
0,0,0.011819841
0,0,0.0018365558
0,0,0.0015775011
0,0,0.01887735
0,0,0.0038549604
0,0,0.05393524
0,0,0.036647912
0,0,0.0022232453
0,0,0.06425761
0,0,0.002524297
0,0,0.018380832
0,0,0.011500558
0,0,0.34259588
0,1,0.85700506
0,0,0.29804632
0,0,0.0064127687
0,0,0.00786931
0,0,0.0035156019
0,0,0.07088001
0,0,0.18475786
0,0,0.0029276768
0,0,0.23746534
0,0,0.00021390284
0,0,0.0015892136
0,0,0.009968127
0,1,0.9836016
0,1,0.96771795
0,0,0.020595644
0,0,0.00088985276
0,0,0.05430378
0,1,0.94245243
0,0,0.01338873
0,0,0.036444392
0,0,0.015091972
0,0,0.0015049222
0,0,0.0031157709
0,1,0.9716977
0,0,0.0008655965
0,1,0.9886439
0,0,0.2369816
0,0,0.00073013344
0,0,0.04223016
0,0,0.12686546
0,0,0.008224908
0,0,0.08536983
0,0,0.01747404
0,0,0.008825788
0,1,0.9791996
0,0,0.03302799
0,0,0.003732612
0,0,0.047386084
0,0,0.12533607
0,0,0.00018851414
0,0,0.00090884813
0,0,0.04322679
0,1,0.91169393
0,0,0.0008016359
0,0,0.050534025
0,0,0.17432919
0,0,0.03335447
0,0,0.0006160767
0,0,0.07991107
0,1,0.86172444
0,0,0.016387716
0,0,0.00055270543
0,0,0.0013552887
0,0,0.0019862547
0,0,0.0017217137
0,0,0.0071165925
0,0,0.0031710546
0,0,0.002682871
0,0,0.040339492
0,0,0.0009783716
0,0,0.0688958
0,0,0.0061081243
0,0,0.0015238891
0,0,0.0046356437
0,0,0.14152077
0,0,0.011872879
0,0,0.013925552
0,1,0.66583896
0,0,0.00025179438
0,0,0.007111745
0,0,0.012311943
0,0,0.0037549145
0,0,0.002027475
0,0,0.017059656
0,0,0.0035122477
0,0,0.002826568
0,0,0.002794281
0,0,0.0017773049
0,0,0.010436485
0,0,0.037173454
0,0,0.0094425045
0,0,0.06084201
0,0,0.0034405503
0,0,0.075574346
0,0,0.073608965
0,0,0.06264954
0,0,0.041180592
0,0,0.0012220471
0,0,0.0011361409
0,1,0.7024951
0,0,0.0003443041
0,0,0.001264882
0,0,0.0058812965
0,1,0.9975956
0,0,0.0038033538
0,0,0.0071638403
0,0,0.0016366333
0,0,0.0094649615
0,1,0.76800865
0,0,0.0024254702
0,0,0.0019870016
0,0,0.015872562
0,0,0.0042176303
0,0,0.03608972
0,0,0.02194192
0,0,0.0056346236
0,1,0.7237825
0,0,0.0012393657
0,0,0.00032996395
0,1,0.69918203
0,0,0.11914374
0,0,0.023932582
0,0,0.027074108
0,0,0.004609218
0,0,0.07597602
0,0,0.02034685
0,0,0.005965071
0,1,0.6414569
0,0,0.0017052118
0,0,0.059081573
0,0,0.047976658
0,0,0.0070361425
0,0,0.0029177745
0,0,0.05477974
0,0,0.17214812
0,0,0.048308183
0,0,0.003084799
0,1,0.6900071
0,0,0.00075748673
0,0,0.011281604
0,0,0.0043888865
0,0,0.0004348833
0,0,0.12994409
0,0,0.0030829331
0,1,0.7196669
0,0,0.0003730619
0,0,0.005601998
0,0,0.016472315
0,0,0.22640608
0,0,0.012967134
0,0,0.0013480874
0,0,0.00055734563
0,0,0.030676072
0,0,0.0030237471
0,0,0.00014376963
0,0,0.057770453
0,0,0.33858386
0,0,0.0043862103
0,0,0.012518627
0,0,0.0005949961
0,0,0.022250751
0,0,0.034537777
0,0,0.0077127945
0,1,0.5282834
0,0,0.16680348
0,0,0.023048492
0,0,0.012196856
0,0,0.0014119444
0,0,0.0010443969
0,0,0.0057987315
0,0,0.0028711883
0,1,0.7687595
0,0,0.005217794
0,0,0.0053431448
0,0,0.006571362
0,0,0.010325775
0,0,0.007804692
0,0,0.034605727
0,1,0.71505904
0,0,0.045573
0,0,0.0009698333
0,0,0.12992705
0,0,0.003908069
0,0,0.025024189
0,0,0.013036616
0,0,0.003982013
0,0,0.005506448
0,0,0.011569383
0,0,0.36611614
0,0,0.0028470883
0,0,0.008371891
0,0,0.03758495
0,0,0.2391576
0,0,0.0049522677
0,0,0.042152587
0,0,0.00042812884
0,0,0.1900237
0,0,0.0040475354
0,0,0.0011929601
0,0,0.12224657
0,1,0.99470055
0,1,0.94052625
0,1,0.99968123
0,0,0.0007338305
0,0,0.00095803716
0,0,0.30339804
0,0,0.030176159
0,1,0.6737016
0,0,0.00560381
0,1,0.9005788
0,0,0.00020574417
0,1,0.9167701
0,0,0.0046221544
0,0,0.010844754
0,0,0.00425328
0,1,0.9997069
0,0,0.069327034
0,0,0.032017518
0,0,0.029922824
0,0,0.036042172
0,1,0.883963
0,0,0.00085031125
0,0,0.00083038234
0,0,0.096352376
0,0,0.0011930919
0,0,0.002739602
0,0,0.0006818816
0,1,0.95414305
0,0,0.000877501
0,0,0.00041675087
0,1,0.6391521
0,0,0.0009933808
0,0,0.11988156
0,0,0.019162761
0,0,0.00032465492
0,0,0.02195751
0,0,0.08840481
0,0,0.0022624894
0,1,0.5033689
0,0,0.11386745
0,0,0.0015006106
0,0,0.002556964
0,0,0.04070205
0,0,0.028156733
0,0,0.017064998
0,1,0.8001741
0,0,0.22970024
0,0,0.0031032723
0,0,0.0085874535
0,0,0.013522611
0,0,0.0013971308
0,0,0.006834213
0,0,0.00053519406
0,1,0.97986335
0,0,0.09899942
0,0,0.014620341
0,0,0.00027375665
0,0,0.003149825
0,0,0.03020182
0,0,0.31976667
0,0,0.002205856
0,0,0.026132017
0,0,0.0016604173
0,0,0.18667848
0,1,0.99133706
0,0,0.0023321873
0,0,0.0003776754
0,0,0.00010166192
0,0,0.0020108828
0,0,0.0037949278
0,0,0.073306344
0,1,0.86557627
0,1,0.5828775
0,0,0.0049349517
0,0,0.1571482
0,0,0.000997208
0,0,0.0038370683
0,0,0.39726958
0,0,0.20754462
0,1,0.78050584
0,0,0.005390902
0,0,0.0070504467
0,0,0.0027828407
0,0,0.108424686
0,1,0.8157298
0,1,0.7746054
0,0,0.0053672786
0,0,0.17461033
0,0,0.00037538813
0,0,0.0035142808
0,0,0.005910206
0,1,0.99940896
0,0,0.03087355
0,0,0.006513906
0,0,0.0135176955
0,0,0.16733807
0,0,0.11029408
0,0,0.024914721
0,0,0.18801448
0,0,0.0048924
0,0,0.0028478492
0,0,0.017626708
0,0,0.00010937416
0,0,0.3225687
0,0,0.0091689
0,1,0.75075525
0,1,0.74620354
0,0,0.056164447
0,0,0.0034268152
0,0,0.35892305
0,0,0.00443522
0,0,0.025751818
0,0,0.39529648
0,0,0.067709886
0,0,0.015257717
0,0,0.36727354
0,0,0.018826969
0,0,0.004560911
0,0,0.010923641
0,0,0.02541531
0,0,0.0015007234
0,0,0.13720329
0,0,0.013079216
0,0,0.08229222
0,0,0.33005846
0,0,0.019481398
0,0,0.0016044704
0,0,0.20620361
0,0,0.026048865
0,1,0.850268
0,0,0.00070668035
0,0,0.023373878
0,0,0.0004142006
0,0,0.075903125
0,1,0.99640757
0,0,0.4640027
0,0,0.12697276
0,0,0.0008123256
0,1,0.5173638
0,0,0.006284858
0,0,0.004704783
0,0,0.067077726
0,0,7.652026e-05
0,0,0.010892808
0,0,0.0035120507
0,1,0.9559418
0,0,0.20580646
0,0,0.0027697536
0,0,0.012803989
0,0,0.002728791
0,0,0.47397766
0,0,0.0017248424
0,0,0.00095069327
0,1,0.66728467
0,0,0.004306919
0,0,0.06631986
0,0,0.29885727
0,0,0.0031097666
0,1,0.781914
0,0,0.01821404
0,0,0.0016304937
0,0,0.0011253661
0,0,0.008231192
0,0,0.027488906
0,0,0.13644238
0,1,0.87289417
0,0,0.008108838
0,0,0.024620302
0,0,0.0069074915
0,1,0.88341457
0,0,0.36521146
0,0,0.0005461286
0,0,0.00018074128
0,1,0.9138428
0,0,0.002129439
0,0,0.004020971
0,0,0.00042581174
0,1,0.99806243
0,1,0.8260164
0,0,0.00018988483
0,0,0.0016171795
0,1,0.7183829
0,0,0.0052313693
0,0,0.029668018
0,0,0.014033985
0,0,0.0018311781
0,0,0.00070165034
0,0,0.011302719
0,0,0.0026625027
0,0,0.007974425
0,0,0.0021548213
0,1,0.8309879
0,0,0.42660657
0,1,0.9840201
0,0,0.0130661
0,0,0.0023021498
0,0,0.0061798096
0,1,0.86142206
0,1,0.99676394
0,0,0.1827178
0,0,0.005272638
0,0,0.0037973553
0,0,0.030414244
0,0,0.009905245
0,0,0.021444103
0,0,0.0015856548
0,0,0.0036579103
0,0,0.00020629162
0,0,0.110021636
0,0,0.0006501698
0,0,0.0035290562
0,0,0.029897714
0,0,0.0009707983
0,0,0.043898594
0,0,0.14909942
0,1,0.95068544
0,0,0.109013155
0,0,0.003108156
0,1,0.8387884
0,0,0.0018859933
0,1,0.5812257
0,0,0.0623323
0,1,0.99958974
0,0,0.029568365
0,0,0.0029070126
0,1,0.64081246
0,0,0.00025076157
0,0,0.0012842341
0,0,0.0008327779
0,0,0.43806785
0,0,0.0171627
0,0,0.002116094
0,0,0.27333334
0,0,0.008671934
0,0,0.3025198
0,0,0.001847791
0,0,0.002482076
0,0,0.08368152
0,0,0.12014956
0,0,0.007506339
0,1,0.5691335
0,0,0.0012381374
0,0,0.0104424
0,1,0.98169327
0,0,0.0039799125
0,0,0.00037533013
0,1,0.912465
0,0,0.0044736774
0,1,0.61662996
0,1,0.9966439
0,0,0.0032844907
0,1,0.9531293
0,0,0.0038862408
0,0,0.0015927327
0,0,0.06737619
0,0,0.055327587
0,0,0.11677819
0,0,0.011207251
0,0,0.0384784
0,0,0.011602392
0,0,0.07411395
0,0,0.0005214968
0,0,0.17234701
0,0,0.01618404
0,0,0.0020451692
0,0,0.002916579
0,0,0.022443408
0,0,0.15053424
0,1,0.90622795
0,0,0.06610713
0,0,0.21476969
0,0,0.22895847
0,0,0.0141090555
0,0,0.0006820578
0,1,0.9515456
0,0,0.0008592067
0,0,0.04568155
0,1,0.50459236
0,0,0.05457477
0,0,0.0037927509
0,0,0.0077782655
0,0,0.06415501
0,0,0.0473565
0,0,0.03776661
0,0,0.011554648
0,0,0.0077725668
0,1,0.5827433
0,0,0.015413021
0,0,0.056499183
0,0,0.002472108
0,1,0.97527486
0,0,0.005812231
0,0,0.0002436042
0,0,0.07115221
0,0,0.011673386
0,0,0.00096066226
0,0,0.011265054
0,0,0.0016102057
0,0,0.06553584
0,0,0.0015274923
0,0,0.05324944
0,0,0.008295066
0,0,0.0074396357
0,0,0.040459756
0,0,0.00028446887
0,0,0.0018761739
0,0,0.03188584
0,0,0.02028216
0,1,0.998204
0,0,0.42755622
0,1,0.6570791
0,0,0.0042322166
0,0,0.014956863
0,0,0.04030375
0,0,0.39314115
0,0,0.015395296
0,0,0.017026743
0,0,0.109221704
0,0,0.010416554
0,0,0.033993058
0,0,0.05248078
0,1,0.57429874
0,0,0.0020637028
0,0,0.0013041092
0,0,0.0008166101
0,0,0.004609537
0,0,0.0030491857
0,0,0.007730847
0,1,0.9732838
0,1,0.95801324
0,0,0.025794737
0,0,0.015565683
0,0,0.08370946
0,1,0.83592534
0,0,0.0055609546
0,1,0.733195
0,1,0.9195082
0,0,0.00088383036
0,0,0.09977035
0,0,0.019293685
0,0,0.0011778341
0,0,0.0012171378
0,0,0.00071147404
0,0,0.09694811
0,0,0.0022336903
0,0,0.0014133905
0,0,0.3334441
0,1,0.98372436
0,1,0.9983088
0,0,0.0035185984
0,0,0.012849828
0,0,0.3536342
0,0,0.0022625949
0,0,0.00087637745
0,0,0.0011785098
0,0,0.26136205
0,1,0.9089259
0,0,0.0005930402
0,0,0.00122017
0,0,0.003916308
0,0,0.09277082
0,0,0.00201916
0,0,0.036065936
0,1,0.9731354
0,0,0.002725374
0,0,0.0007874326
0,0,0.00035791082
0,0,0.0038475757
0,0,0.0050521516
0,0,0.3662484
0,1,0.85807145
0,0,0.0034879888
0,0,0.004258839
0,0,0.110639416
0,1,0.9884802
0,0,0.00020054319
0,0,0.0019370229
0,0,0.077087194
0,0,0.0066075507
0,0,0.044616017
0,0,0.32454187
0,0,0.06996547
0,0,0.0020956227
0,0,0.14253166
0,0,0.0015223215
0,0,0.030849844
0,0,0.0055876193
0,0,0.14759564
0,0,0.17855465
0,0,0.0011460133
0,0,0.0032581189
0,0,0.0012701867
0,0,0.011433393
0,0,0.012217822
0,1,0.89625645
0,1,0.86110646
0,0,0.007779417
0,0,0.0046005817
0,0,0.0018652512
0,0,0.16379097
0,0,0.0021334877
0,0,0.063623
0,1,0.9810907
0,0,0.3097679
0,0,0.003989511
0,0,0.0002940771
0,0,0.005748178
0,0,0.00523562
0,0,0.20058754
0,0,0.02046777
0,0,0.3059971
0,0,0.017637232
0,0,0.3326971
0,0,0.032077383
0,1,0.6962057
0,0,0.0041746763
0,0,0.13100122
0,0,0.0076764957
0,0,0.23830034
0,0,0.16199756
0,0,0.009781381
0,0,0.004018259
0,0,0.01283323
0,0,0.006736172
0,0,0.0625738
0,0,0.21194695
0,0,0.0025582071
0,0,0.0005660337
0,0,0.002486889
0,0,0.3043057
0,1,0.97574615
0,0,0.2794901
0,0,0.00041823613
0,0,0.039485533
0,0,0.0036664007
0,0,0.0013670856
0,0,0.01861275
0,0,0.0021362647
0,1,0.97896177
0,0,0.0023114241
0,0,0.0184032
0,0,0.009082731
0,1,0.98373634
0,0,0.003628413
0,0,0.0061643748
0,0,0.016251307
0,0,0.00944325
0,0,0.013677218
0,0,0.10681916
0,1,0.9779568
0,0,0.002950672
0,0,0.03376875
0,0,0.039013255
0,0,0.002848705
0,0,0.19734624
0,0,0.32721877
0,0,0.05255719
0,0,0.0036057315
0,0,0.002646879
0,1,0.55214745
0,1,0.9977768
0,0,0.0084510045
0,0,0.4638771
0,0,0.012402638
0,1,0.84965706
0,0,0.019480176
0,0,0.003964744
0,1,0.51920974
0,0,0.00044968718
0,0,0.0014184823
0,0,0.098080106
0,0,0.041160677
0,1,0.8395756
0,0,0.003982393
0,0,0.029116984
0,0,7.5209966e-05
0,0,0.06933426
0,1,0.9837997
0,0,0.0011109795
0,0,0.005734432
0,0,0.11468712
0,1,0.947983
0,0,0.0021628363
0,1,0.9008877
0,0,0.001783358
0,0,0.00031569085
0,1,0.6676546
0,0,0.0027062278
0,0,0.023511007
0,0,0.0013432277
0,0,0.0011160239
0,0,0.0022985877
0,0,0.01615197
0,0,0.0016726744
0,0,0.062386606
0,1,0.8390039
0,0,0.3293675
0,0,0.044175874
0,0,0.0004147466
0,0,0.0037716292
0,0,0.05175448
0,0,0.00316258
0,0,0.008195922
0,0,0.00110674
0,1,0.77692264
0,0,0.026074618
0,0,0.0013063356
0,1,0.7890483
0,1,0.9862424
0,0,0.0026688448
0,0,0.0056583467
0,1,0.89407086
0,1,0.99867225
0,1,0.9687517
0,0,0.05223652
0,0,0.0013112569
0,0,0.0005332332
0,0,0.0012500678
0,0,0.0003106644
0,0,0.00082958915
0,0,0.13971162
0,0,0.008070278
0,0,0.009006675
0,0,0.008170318
0,0,0.0004233331
0,0,0.013360088
0,0,0.06957196
0,0,0.006644656
0,0,0.020689247
0,0,0.010432089
0,0,0.007804922
0,1,0.8404538
0,0,0.05060248
0,1,0.649701
0,0,0.0047399197
0,0,0.30812195
0,0,0.123059146
0,0,0.005543134
0,1,0.6095629
0,0,0.02615215
0,0,0.0012787476
0,1,0.53097236
0,0,0.3181511
0,1,0.5396895
0,0,0.0060072793
0,1,0.7586543
0,0,0.2982478
0,0,0.0031320073
0,0,0.0021061401
0,0,0.0053179227
0,0,0.00028981332
0,0,0.023149667
0,0,0.0068879547
0,1,0.85283816
0,0,0.0033611518
0,0,0.00059466757
0,0,0.005941632
0,1,0.6516989
0,0,0.021386862
0,0,0.0004041071
0,1,0.99659973
0,0,0.49542522
0,0,0.060456518
0,0,0.004529612
0,0,0.027117357
0,1,0.99925476
0,1,0.6871292
0,0,0.045252264
0,0,0.006311577
0,1,0.6178588
0,0,0.00020129762
0,0,0.036111325
0,0,0.009387849
0,0,0.0071626185
0,1,0.75032216
0,0,0.053294074
0,0,0.001546162
0,0,0.24067752
0,0,0.08069152
0,0,0.0025850565
0,0,0.11776887
0,0,0.0016849716
0,0,0.024156414
0,0,0.028768448
0,0,0.056093287
0,0,0.0072672283
0,0,0.13587247
0,0,0.12562658
0,0,0.00025372082
0,0,0.0035421588
0,0,0.008697199
0,0,0.0014901991
0,0,0.0019175813
0,0,0.014793481
0,0,0.006811814
0,0,0.00046060834
0,0,0.0010992881
0,1,0.9149887
0,1,0.8161501
0,1,0.513021
0,0,0.009748533
0,0,0.048361048
0,0,0.00062567875
0,0,0.022874808
0,0,0.0011094804
0,0,0.0013005033
0,0,0.080591924
0,0,0.10200031
0,0,0.00040921936
0,0,0.0053590196
0,0,0.0072761537
0,0,0.44369355
0,0,0.030207226
0,0,0.0018768329
0,0,0.0010618465
0,0,0.000845156
0,0,0.00501733
0,0,0.0009968384
0,0,0.01072931
0,0,0.025014577
0,0,0.0018930861
0,0,0.00036621577
0,0,0.001669142
0,0,0.0075810067
0,0,0.00619196
0,0,0.0045162146
0,0,0.0048029358
0,0,0.006949614
0,0,0.015939416
0,0,0.26862893
0,0,0.010190083
0,0,0.4673981
0,1,0.7918027
0,0,0.0047592865
0,0,0.09244946
0,0,0.0010546518
0,0,0.0017871921
0,0,0.00094361574
0,0,0.0007603743
0,0,0.25791144
0,0,0.2359471
0,0,0.31601316
0,0,0.0048788455
0,0,0.011794227
0,0,0.009214797
0,1,0.9964547
0,0,0.29686788
0,0,0.0032454547
0,0,0.12918329
0,0,0.112116136
0,1,0.8266818
0,1,0.878083
0,0,0.0051746387
0,0,0.0009025025
0,0,0.08640151
0,0,0.06305969
0,0,0.0010580443
0,0,0.0012919366
0,1,0.7234059
0,1,0.8867408
0,1,0.9566995
0,0,0.0026049041
0,0,0.0018041709
0,0,0.0012673324
0,1,0.9927039
0,0,0.02001682
0,0,0.0036798478
0,0,0.057057083
0,1,0.93885934
0,0,0.0018821628
0,0,0.2279983
0,0,0.00055601867
0,0,0.012828766
0,0,0.20853938
0,0,0.031393662
0,1,0.92215997
0,0,0.057058893
0,0,0.058536123
0,0,0.0021184736
0,0,0.0003731176
0,0,0.020992147
0,0,0.029915433
0,1,0.68272835
0,0,0.029992843
0,1,0.5749494
0,0,0.008990857
0,1,0.9457528
0,0,0.00026816435
0,0,0.079759896
0,1,0.9024293
0,0,0.023690607
0,0,0.03458398
0,0,0.009845192
0,0,0.00052057015
0,0,0.023371935
0,1,0.9914135
0,0,0.00046679244
0,0,0.00035040252
0,0,0.001161615
0,0,0.034899574
0,0,0.0022845818
0,0,0.0064952695
0,0,0.12936276
0,0,0.007171448
0,1,0.80805546
0,0,0.0005987213
0,0,0.043881245
0,0,0.0026857976
0,0,0.010758892
0,0,0.011607079
0,0,0.16783854
0,0,0.3652576
0,0,0.00552374
0,0,0.37390584
0,0,0.0030618315
0,1,0.99236274
0,1,0.9883454
0,0,0.0011972956
0,0,0.030113386
0,1,0.79502624
0,0,0.012399255
0,1,0.5176133
0,0,0.003080775
0,0,0.1332681
0,0,0.40924817
0,0,0.056920085
0,0,0.005846908
0,0,0.03823217
0,0,0.00088457507
0,1,0.9433408
0,0,0.24351794
0,0,0.002287749
0,0,0.002394789
0,0,0.0022612906
0,1,0.9976367
0,0,0.018444799
0,0,0.00549589
0,0,0.0010265274
0,1,0.9882786
0,0,0.051283892
0,0,0.3607581
0,0,0.007398285
0,0,0.010973071
0,0,0.0034911446
0,1,0.8269244
0,0,0.00016296809
0,0,0.019949358
0,0,0.083220005
0,0,0.006002469
0,0,0.27231824
0,0,0.00841122
0,0,0.0072344798
0,0,0.0126865525
0,0,0.0008684989
0,0,0.0011935005
0,0,0.011329308
0,0,0.10437841
0,0,0.0040150005
0,0,0.0062553165
0,0,0.0025350486
0,0,0.0009677094
0,0,0.00045408562
0,1,0.9785484
0,0,0.0054271314
0,0,0.0027704847
0,0,0.0041837017
0,0,0.002085736
0,0,0.003605364
0,0,0.13180438
0,0,0.06616737
0,0,0.30924284
0,1,0.998623
0,0,0.0014718447
0,0,0.00044053613
0,0,0.00065088033
0,1,0.6903303
0,0,0.00018439225
0,0,0.00177808
0,0,0.010827071
0,1,0.83930314
0,0,0.009374869
0,0,0.00092787546
0,0,0.0032415725
0,0,0.09265728
0,0,0.012477585
0,0,0.002881996
0,0,0.03585599
0,1,0.9587406
0,0,0.44423512
0,0,0.017032156
0,0,0.01007113
0,0,0.44797063
0,1,0.8385463
0,0,0.010356431
0,0,0.026247354
0,0,0.0007964961
0,0,0.058872666
0,0,0.00017838589
0,0,0.34840724
0,0,0.00057920144
0,0,0.0021697958
0,0,0.06307399
0,0,0.005369214
0,0,0.3493403
0,0,0.0014414685
0,0,0.0005423206
0,0,0.026871486
0,0,0.0006492937
0,0,0.011965635
0,0,0.00074209296
0,0,0.41042903
0,1,0.59902287
0,0,0.004881603
0,0,0.07398872
0,0,0.0006308502
0,0,0.428635
0,0,0.0018881047
0,1,0.85823774
0,0,0.037049603
0,1,0.9300477
0,0,0.010486784
0,0,0.0005354543
0,0,0.0006811292
0,0,0.001926465
0,0,0.005680019
0,0,0.00322717
0,0,0.017004691
0,0,0.0001125317
0,0,0.019112172
0,0,0.06824059
0,1,0.9163911
0,1,0.86913484
0,0,0.43375292
0,0,0.0040952163
0,0,0.000980713
0,1,0.9648172
0,1,0.93682027
0,0,0.002356284
0,0,0.008082625
0,0,0.0043986863
0,0,0.41743532
0,0,0.03650282
0,0,0.108148865
0,1,0.5127107
0,0,0.115207046
0,1,0.8750349
0,0,0.0020310327
0,0,0.0115643935
0,0,0.011582019
0,0,0.003315957
0,0,0.0041627125
0,0,0.31101882
0,1,0.70903736
0,0,0.35124528
0,0,0.02392843
0,1,0.7638541
0,0,0.004171377
0,1,0.96683
0,0,0.05911455
0,0,0.4401379
0,0,0.00043792496
0,0,0.0064244005
0,0,0.2703364
0,0,0.0075555784
0,0,0.001196831
0,0,0.06230621
0,0,0.47607553
0,0,0.00065720914
0,0,0.0007370524
0,0,0.0033834518
0,1,0.6745452
0,0,0.006902246
0,1,0.7930543
0,0,0.007173437
0,0,0.015930146
0,0,0.001948341
0,0,0.002928111
0,0,0.0121895615
0,0,0.0010845001
0,0,0.13266405
0,0,0.0005138111
0,0,0.0011862682
0,0,0.0019725326
0,0,0.015671914
0,0,0.002372228
0,0,0.01103084
0,0,0.04251472
0,0,0.0013025115
0,0,0.008146057
0,0,0.0010353907
0,0,0.00013075845
0,0,0.0019239135
0,0,0.0025138143
0,0,0.002731767
0,1,0.6542093
0,0,0.01783735
0,0,0.0032451847
0,1,0.7938608
0,0,0.0042124586
0,0,0.015353601
0,0,0.0024131865
0,1,0.9880661
0,0,0.0014512843
0,0,0.20520404
0,0,0.0063663726
0,1,0.9880223
0,0,0.016456926
0,0,0.054263342
0,0,0.4708943
0,1,0.7738545
0,0,0.060127113
0,0,0.00087058684
0,0,0.0038925572
0,0,0.0030746856
0,0,0.35430685
0,0,0.027282026
0,0,0.0017488011
0,1,0.94433576
0,0,0.00038512552
0,1,0.9306445
0,1,0.7439073
0,0,0.068894714
0,1,0.97990924
0,0,0.0010868297
0,0,0.02792275
0,0,0.04192993
0,0,0.0069416384
0,0,0.4985939
0,1,0.7076178
0,0,0.06505152
0,1,0.99956244
0,0,0.0069713634
0,0,0.007204384
0,0,0.0032253389
0,0,0.11904082
0,0,0.01647407
0,0,0.002269206
0,0,0.093856
0,0,0.20569289
0,0,0.0016240352
0,1,0.9428669
0,0,0.002941264
0,0,0.0003091906
0,0,0.03587301
0,0,0.003533941
0,0,0.00043429335
0,0,0.0214397
0,0,0.0021241948
0,1,0.65954596
0,0,0.004664837
0,0,0.00024279262
0,0,0.0014153367
0,0,0.0018667991
0,0,0.0057793497
0,0,0.0043324362
0,0,0.01639741
0,0,0.0006044078
0,1,0.86537886
0,1,0.7246391
0,0,0.1151289
0,0,0.108248495
0,0,0.007663329
0,1,0.9511843
0,1,0.7414049
0,0,0.117485575
0,0,0.23461175
0,0,0.2160105
0,0,0.4002224
0,0,0.06386967
0,0,0.0011035327
0,0,0.012573778
0,0,0.00038023762
0,0,0.081394985
0,0,0.15086764
0,0,0.010004769
0,0,0.02808653
0,1,0.9383453
0,0,0.26922056
0,0,0.0017456225
0,0,0.03987591
0,0,0.0009648041
0,0,0.03934025
0,1,0.55107945
0,0,0.0020529306
0,0,0.016794551
0,0,0.0020615915
0,0,0.00070696085
0,0,0.0041026133
0,0,0.00064600253
0,0,0.002282639
0,0,0.004397327
0,0,0.020029983
0,0,0.024380919
0,0,0.32616976
0,1,0.8398157
0,0,0.123482846
0,0,0.03392904
0,0,0.020463733
0,0,9.877761e-05
0,0,0.008269842
0,0,0.03853903
0,0,0.00367036
0,0,0.0225836
0,0,0.023779957
0,0,0.002072047
0,1,0.88599145
0,0,0.007627394
0,0,0.0007162911
0,0,0.003464546
0,0,0.03685092
0,0,0.029220494
0,0,0.0016638207
0,0,0.0006224227
0,0,0.011861736
0,0,0.009299252
0,0,0.48572853
0,0,0.002819222
0,0,0.012290289
0,0,0.012320563
0,0,0.0025440012
0,0,0.0027288767
0,0,0.009130079
0,0,0.021830289
0,0,0.000650199
0,1,0.96333516
0,0,0.0013688313
0,0,0.01019295
0,0,0.008214611
0,1,0.99364775
0,0,0.010918022
0,0,0.0013414122
0,0,0.0015796144
0,0,0.021660967
0,0,0.00504685
0,0,0.0008920293
0,0,0.0005875379
0,0,0.0016166001
0,0,0.022599416
0,0,0.037395827
0,0,0.0006653823
0,0,0.050713122
0,1,0.5948081
0,0,0.003692181
0,0,0.024193844
0,0,0.00071229023
0,0,0.11233121
0,0,0.08531997
0,0,0.03137784
0,0,0.060332566
0,0,0.0013025358
0,0,0.0010179111
0,0,0.0014062284
0,0,0.014581353
0,0,0.0044945334
0,0,0.049771216
0,0,0.42698976
0,0,0.33596826
0,0,0.010223288
0,0,0.0727202
0,0,0.0030902855
0,1,0.99720204
0,0,0.028078133
0,0,0.39064562
0,0,0.122525156
0,0,0.0428813
0,0,0.01011473
0,1,0.54282504
0,0,0.025027063
0,0,0.058744464
0,0,0.0072270758
0,0,0.004640509
0,1,0.82457715
0,0,0.047450352
0,0,0.11303983
0,0,0.30930313
0,0,0.27638885
0,0,0.41656628
0,0,0.015861953
0,1,0.9978302
0,0,0.01936065
0,0,0.0063323234
0,0,0.001598738
0,1,0.639458
0,0,0.006120736
0,0,0.27625978
0,0,0.033596795
0,0,0.008963935
0,0,0.0024816608
0,0,0.010243118
0,0,0.00035570623
0,0,0.0031261414
0,0,0.0006156881
0,0,0.12311679
0,0,0.0052785296
0,0,0.0005803013
0,0,0.0065372824
0,0,0.23465568
0,0,0.0034306424
0,0,0.0019291239
0,0,0.0009949234
0,0,0.0028352558
0,0,0.00023951642
0,1,0.6285219
0,0,0.00075983634
0,0,0.08403911
0,0,0.015264368
0,1,0.97657835
0,0,0.0047908705
0,0,0.0029007834
0,0,0.0057542305
0,0,0.015889337
0,0,0.156605
0,0,0.00073874067
0,0,0.010531506
0,0,0.00054325967
0,1,0.97283936
0,0,0.00031482612
0,0,0.008066942
0,0,0.0006314065
0,0,0.27298772
0,0,0.0047975434
0,0,0.22003871
0,0,0.013581057
0,0,0.09308699
0,0,0.0035741092
0,0,0.0032553417
0,0,0.0005595608
0,0,0.0010510023
0,1,0.8183635
0,0,0.0049200547
0,0,0.077277474
0,0,0.006783992
0,0,0.0046661124
0,1,0.7625998
0,0,0.006156997
0,0,0.0038407336
0,0,0.00057048205
0,0,0.07273223
0,0,0.011369361
0,1,0.9924832
0,0,0.001866043
0,0,0.003924665
0,1,0.9988845
0,1,0.7668027
0,0,0.0007839739
0,0,0.19082373
0,0,0.00027992873
0,0,0.018820975
0,0,0.03308192
0,1,0.5080762
0,0,0.00064300507
0,0,0.0067620953
0,0,0.025049174
0,0,0.28843594
0,0,0.018331336
0,0,0.0006350995
0,0,0.0043589063
0,0,0.0807771
0,0,0.181757
0,0,0.000787764
0,0,0.020577291
0,0,0.095900275
0,0,0.0014580868
0,0,0.029268831
0,0,0.0014658065
0,0,0.0101919435
0,0,0.037374113
0,1,0.8839355
0,0,0.004412611
0,0,0.043097444
0,1,0.71068317
0,0,0.38781667
0,0,0.05075541
0,1,0.5917852
0,0,0.0016834385
0,0,0.043433122
0,0,0.18127137
0,0,0.0048653902
0,1,0.95791334
0,0,0.011716888
0,0,0.038056854
0,0,0.047931224
0,0,0.002802614
0,0,0.0019330822
0,0,0.00037761955
0,0,0.018475723
0,0,0.003078216
0,0,0.0010630904
0,0,0.0040828604
0,1,0.9573613
0,0,0.0017424745
0,0,0.0004580131
0,0,0.0003027892
0,0,0.0011165789
0,0,0.0028696544
0,0,0.0076207947
0,0,0.0250987
0,0,0.0019865609
0,1,0.91843873
0,0,0.0031841267
0,1,0.6071844
0,0,0.0009527721
0,0,0.015154444
0,0,0.031980064
0,1,0.935206
0,0,0.013764817
0,0,0.013504552
0,0,0.107667334
0,0,0.0029137158
0,1,0.5159931
0,0,0.0031649082
0,0,0.01130992
0,0,0.0043115406
0,0,0.0010573227
0,0,0.0036017993
0,0,0.026794685
0,1,0.6068398
0,0,0.00035692911
0,0,0.01197612
0,0,0.34694907
0,0,0.008010584
0,0,0.034934547
0,0,0.00059541094
0,0,0.010710711
0,0,0.08525156
0,0,0.02786823
0,0,0.08834575
0,0,0.043848425
0,0,0.012517213
0,0,0.0017033705
0,0,0.0034308853
0,0,0.0004908583
0,0,0.0040988373
0,1,0.6268455
0,0,0.0023184174
0,1,0.95437837
0,0,0.0047157323
0,0,0.0069792117
0,1,0.9914664
0,1,0.96969324
0,0,0.038854945
0,0,0.017228192
0,0,0.01040635
0,0,0.0025344712
0,0,0.040138982
0,0,0.0011950452
0,0,0.009266131
0,0,0.13521932
0,0,0.36054128
0,0,0.0008450969
0,0,0.005211956
0,0,0.17628497
0,0,0.33134788
0,1,0.69078
0,1,0.96113735
0,0,0.0013800662
0,1,0.9995271
0,0,0.04547324
0,0,0.011909826
0,0,0.0016126712
0,1,0.7712763
0,0,0.0009075649
0,0,0.036795825
0,0,0.17189452
0,1,0.5306031
0,1,0.93635064
0,0,0.3887
0,0,0.010355868
0,0,0.2389782
0,0,0.11083264
0,0,0.0005806792
0,1,0.9915378
0,0,0.43841666
0,0,0.006865465
0,0,0.004460992
0,0,0.06506975
0,0,0.011739377
0,0,0.037555568
0,0,0.10908623
0,0,0.23726521
0,0,0.0010528152
0,1,0.99747556
0,1,0.89660686
0,0,0.016530827
0,1,0.99957806
0,0,0.001806933
0,0,0.0010617899
0,1,0.94021875
0,0,0.05317393
0,1,0.91481256
0,0,0.14437725
0,0,0.10781706
0,1,0.97863436
0,0,0.0006588331
0,1,0.99894184
0,0,0.045299277
0,0,0.00033809931
0,0,0.00055723015
0,0,0.018084388
0,0,0.338032
0,1,0.66372
0,0,0.17760159
0,0,0.016410597
0,0,0.014354952
0,0,0.00030716823
0,0,0.04413687
0,1,0.7177304
0,0,0.0586567
0,0,0.005661392
0,1,0.88019145
0,0,0.023813073
0,0,0.000531778
0,1,0.9966528
0,0,0.003903279
0,1,0.7338153
0,0,0.003277355
0,1,0.99197656
0,0,0.0010488529
0,0,0.004117808
0,0,0.00025073768
0,0,0.21725802
0,0,0.20655254
0,0,0.0043561277
0,1,0.9971968
0,1,0.518759
0,0,0.0017219777
0,0,0.0028743108
0,0,0.0032557966
0,0,0.00029545106
0,1,0.98324895
0,0,0.002428599
0,0,0.37674963
0,0,0.2946172
0,0,0.0031472521
0,0,0.04155881
0,0,0.10734846
0,0,0.46086162
0,0,0.010259141
0,0,0.037546605
0,1,0.7150905
0,0,0.017276643
0,1,0.9799738
0,0,0.0007189261
0,0,0.27852875
0,0,0.004082356
0,1,0.7006858
0,1,0.67226714
0,0,0.015966812
0,0,0.032978725
0,1,0.5877601
0,1,0.5012599
0,0,0.0042839223
0,0,0.0008606545
0,1,0.6688844
0,0,0.04487712
0,0,0.0010084397
0,0,0.0022384292
0,1,0.99945873
0,0,0.1252383
0,0,0.0009737182
0,0,0.008340162
0,0,0.014986988
0,0,0.0042394786
0,0,0.37977585
0,0,0.0008521812
0,0,0.031718716
0,1,0.981546
0,0,0.07517086
0,0,0.00045657088
0,0,0.0023050397
0,0,0.028838698
0,0,0.016444495
0,0,0.0068853516
0,0,0.0015029372
0,1,0.86133623
0,0,0.26832816
0,1,0.8191981
0,0,0.0055450657
0,0,0.006461564
0,0,0.0016709276
0,0,0.004189805
0,0,0.09528437
0,0,0.020770567
0,0,0.0005921055
0,0,0.11681881
0,0,0.0045421645
0,0,0.0011396854
0,1,0.66910756
0,0,0.001282051
0,0,0.002264237
0,0,0.0044044997
0,0,0.48105052
0,1,0.9997495
0,0,0.2983602
0,0,0.0016580872
0,0,0.04885395
0,0,0.006593399
0,0,0.0017926686
0,0,0.00042037095
0,0,0.0002386716
0,0,0.026337262
0,0,0.0126148965
0,0,0.0054130475
0,0,0.33479637
0,0,0.35776335
0,0,0.0010471073
0,0,0.013380505
0,1,0.7494673
0,0,0.45037657
0,1,0.82399136
0,0,0.0005681883
0,0,0.47433528
0,1,0.94711554
0,0,0.20331678
0,1,0.9872914
0,0,0.0037324028
0,1,0.9935462
0,0,0.0018762954
0,0,0.49844748
0,1,0.90995514
0,0,0.068234615
0,1,0.98556626
0,0,0.0013951901
0,0,0.011831365
0,0,0.007954132
0,0,0.032362867
0,0,0.002171094
0,0,0.0004551881
0,0,0.12356869
0,0,0.10433559
0,0,0.3038632
0,0,0.0066373385
0,0,0.1304533
0,0,0.0007308261
0,0,0.019527705
0,0,0.0036253508
0,0,0.0031111815
0,0,0.007974071
0,0,0.012785257
0,0,0.00035780124
0,0,0.004267262
0,0,0.020454384
0,0,0.1010738
0,0,0.008721586
0,0,0.41563934
0,0,0.014561312
0,0,0.0009518108
0,0,0.010684832
0,0,0.0024757148
0,0,0.0034968439
0,0,0.0035769732
0,0,0.007927427
0,0,0.004830178
0,1,0.830108
0,0,0.0093495725
0,1,0.9991886
0,0,0.11249213
0,0,0.16782165
0,0,0.005931182
0,0,0.0008944494
0,0,0.002588799
0,0,0.0002336205
0,0,0.0011915388
0,0,0.017712167
0,0,0.10909829
0,0,0.0006508637
0,0,0.0050311196
0,0,0.0009604344
0,0,0.06299086
0,1,0.9985709
0,0,0.065931894
0,0,0.00044128136
0,1,0.9999076
0,0,0.00038310568
0,0,0.0042774836
0,0,0.0015443132
0,0,0.004907193
0,0,0.0036824218
0,0,0.007090826
0,0,0.12778601
0,0,0.0077233706
0,0,0.003056256
0,0,0.0020459848
0,1,0.98925656
0,1,0.99933237
0,0,0.0027319577
0,0,0.466806
0,0,0.026839249
0,0,0.001445625
0,0,0.00063750043
0,0,0.00077689765
0,0,0.0043540704
0,0,0.0004076452
0,0,0.004851042
0,0,0.36598894
0,0,0.24034435
0,0,0.21145904
0,0,0.0012514998
0,1,0.58239394
0,0,0.023940844
0,0,0.0025936794
0,0,0.0028290958
0,0,0.0045560617
0,0,0.005932458
0,0,0.003201666
0,0,0.00304687
0,1,0.62900704
0,0,0.001528614
0,0,0.009788029
0,0,0.011245102
0,0,0.0038800307
0,1,0.98391575
0,0,0.00028675018
0,0,0.0028493835
0,0,0.008641734
0,0,0.010060629
0,1,0.7336847
0,0,0.00090614177
0,0,0.0011472818
0,0,0.00011204633
0,0,0.25209534
0,0,0.014006623
0,1,0.5066518
0,0,0.038752876
0,0,0.01849817
0,0,0.04456514
0,0,0.008655243
0,0,0.017310467
0,0,0.00208419
0,0,0.0002574069
0,0,0.042629395
0,0,0.0015650957
0,0,0.3181078
0,1,0.5162079
0,0,0.44214326
0,0,0.010513756
0,0,0.08778143
0,0,0.0003286648
0,0,0.08608368
0,1,0.8839667
0,1,0.61487895
0,0,0.00021174943
0,0,0.03357319
0,1,0.8833467
0,0,0.00024315149
0,0,0.14416172
0,0,0.0025099998
0,1,0.59359634
0,0,0.0025639764
0,1,0.9967277
0,0,0.0006065493
0,0,0.0010307594
0,0,0.0005083336
0,0,0.49288055
0,0,0.0048746355
0,0,0.00821514
0,0,0.42009142
0,0,0.0033842095
0,0,0.016954591
0,0,0.0010707459
0,0,0.0009712009
0,0,0.009431771
0,0,0.0125449225
0,0,0.0008135096
0,0,0.010766248
0,0,0.0139084
0,1,0.58843046
0,0,0.0031243241
0,0,0.0960777
0,0,0.0011467639
0,1,0.9973123
0,0,0.0015510635
0,0,0.0092933765
0,0,0.018359615
0,0,0.00427582
0,0,0.015001411
0,0,0.016139153
0,0,0.0007284557
0,0,0.00023605117
0,0,0.0137971565
0,0,0.3210995
0,0,0.32948864
0,0,0.0012829272
0,0,0.017400693
0,1,0.851835
0,0,0.18451907
0,0,0.10531004
0,0,0.03680787
0,0,0.008367924
0,0,0.026923483
0,0,0.019740097
0,0,0.03922931
0,0,0.003335274
0,0,0.0029228535
0,0,0.4297004
0,0,0.025645101
0,0,0.03424061
0,0,0.002204343
0,0,0.003475673
0,1,0.94942755
0,0,0.0009561718
0,0,0.0036788604
0,0,0.00066282373
0,0,0.00016970774
0,0,0.030446671
0,0,0.0022428487
0,0,0.01801154
0,1,0.6551329
0,0,0.011676005
0,1,0.94360703
0,0,0.002268656
0,0,0.27971673
0,0,0.0003755338
0,1,0.76637816
0,0,0.0017107569
0,0,0.005104347
0,0,0.0002799162
0,0,0.0019812293
0,0,0.0676243
0,0,0.0048394855
0,1,0.65765643
0,0,0.004176929
0,0,0.00039537126
0,1,0.75323486
0,0,0.0026088245
0,1,0.99422944
0,1,0.83086836
0,0,0.004221886
0,0,0.075937375
0,0,0.21370639
0,0,0.00590827
0,0,0.0014030768
0,0,0.30174538
0,0,0.12667206
0,0,0.4162476
0,1,0.7876429
0,0,0.36636287
0,0,0.07452561
0,0,0.0007911025
0,0,0.0012153531
0,0,0.00036963436
0,0,0.013189621
0,0,0.001635403
0,0,0.009831638
0,0,0.0070491647
0,0,0.00425285
0,0,0.033056457
0,0,0.006264557
0,0,0.020569708
0,0,0.16872399
0,1,0.9820846
0,1,0.7830786
0,1,0.8555124
0,0,0.00071979465
0,1,0.5815488
0,0,0.08857821
0,0,0.06807656
0,0,0.0045723575
0,0,0.012435269
0,0,0.04761606
0,1,0.90792316
0,0,0.059402984
0,0,0.069551155
0,0,0.00064225105
0,1,0.6438971
0,1,0.9988481
0,0,0.46534738
0,0,0.0025260048
0,1,0.6274317
0,1,0.9956916
0,0,0.005300563
0,0,0.00089479086
0,0,0.0032053203
0,0,0.1574388
0,0,0.00065405894
0,1,0.58498925
0,0,0.001355827
0,0,0.004676349
0,0,0.031812724
0,0,0.00675197
0,1,0.6868946
0,0,0.025714943
0,0,0.002198301
0,1,0.61902267
0,0,0.0018217744
0,0,0.047544647
0,0,0.000976308
0,0,0.47481483
0,0,0.008024099
0,0,0.0024372195
0,0,0.08162624
0,0,0.01330934
0,0,0.07718098
0,0,0.002653645
0,0,0.00227054
0,1,0.98536414
0,0,0.43790194
0,0,0.012173515
0,1,0.592287
0,0,0.018880859
0,0,0.04584737
0,0,0.000765714
0,0,0.002812859
0,0,0.0040803794
0,0,0.00088089914
0,0,0.050937317
0,0,0.010536029
0,0,0.0018239034
0,1,0.9564272
0,1,0.8209846
0,0,0.0034085116
0,0,0.25271416
0,0,0.0029090315
0,0,0.00082689093
0,0,0.06844435
0,0,0.0040175463
0,0,0.034257293
0,1,0.8064472
0,0,0.0011295419
0,0,0.31752917
0,0,0.0055513964
0,0,0.002239132
0,0,0.00031610133
0,0,0.0024746964
0,1,0.7109463
0,1,0.7846115
0,0,0.13398288
0,0,0.1660622
0,0,0.0007931036
0,0,0.014614173
0,0,0.0018699317
0,0,0.0010518043
0,0,0.12962729
0,0,0.043649092
0,0,0.130606
0,0,0.008333993
0,0,0.0153535
0,0,0.0870305
0,0,0.00018091575
0,1,0.62475413
0,0,0.11419433
0,0,0.021158792
0,0,0.023006676
0,0,0.34760827
0,0,0.0011569363
0,0,0.06306345
0,0,0.0052242284
0,0,0.026018558
0,0,0.011762802
0,0,0.004630026
0,0,0.0028670211
0,0,0.007581014
0,0,0.001717405
0,0,0.014758067
0,0,0.001411377
0,0,0.022531917
0,0,0.0023907367
0,0,0.03637057
0,0,9.073472e-05
0,0,0.010086316
0,1,0.9907674
0,0,0.0013592751
0,0,0.0006886524
0,0,0.03644971
0,0,0.36344242
0,0,0.0010988201
0,0,0.10035723
0,0,0.0024764414
0,0,0.015641246
0,0,0.00028994627
0,0,0.0006286555
0,0,0.009254096
0,0,0.25115043
0,0,0.0016486713
0,0,0.0029793158
0,0,0.0006279609
0,0,0.0006853761
0,0,0.018226083
0,0,0.007581772
0,0,0.001645651
0,0,0.0055583557
0,0,0.014597385
0,0,0.0073207547
0,0,0.033667356
0,0,0.034269728
0,0,0.007501537
0,1,0.9090898
0,0,0.005807139
0,0,0.00918982
0,1,0.9668806
0,0,0.0016053705
0,0,0.0032558276
0,0,0.022870187
0,0,0.00941078
0,1,0.9970974
0,0,0.002044233
0,0,0.07535954
0,0,0.029339012
0,0,0.03948496
0,0,0.009739998
0,0,0.0018770349
0,0,0.0029896875
0,0,0.0024438237
0,0,0.00024827436
0,1,0.53115666
0,0,0.0039114933
0,0,0.0032260704
0,0,0.004319074
0,0,0.012211802
0,0,0.0025803812
0,0,0.003960598
0,0,0.1239516
0,0,0.011038951
0,0,0.0007632203
0,0,0.0034046455
0,0,0.20656121
0,0,0.004976125
0,0,0.0025832336
0,0,0.0009484126
0,0,0.03988453
0,0,0.004749314
0,0,0.011741352
0,0,0.0004623968
0,0,0.009941111
0,0,0.0055742557
0,0,0.00090288225
0,1,0.8759157
0,0,0.016667971
0,0,0.00072093005
0,0,0.0015028241
0,0,0.06676821
0,0,0.028239079
0,0,0.011774169
0,0,0.10548653
0,0,0.0014410127
0,0,0.0055244765
0,0,0.2952897
0,0,0.05491844
0,1,0.6517987
0,0,0.038595006
0,0,0.0036846623
0,0,0.0017604411
0,0,0.0016657225
0,0,0.047298398
0,0,0.0016416572
0,0,0.0008917422
0,0,0.0001682318
0,0,0.0055934223
0,1,0.9663394
0,0,0.0020569165
0,0,0.33679453
0,1,0.7170506
0,0,0.0009020284
0,0,0.24567164
0,0,0.0017654374
0,0,0.0067558186
0,1,0.99224526
0,0,0.26290005
0,0,0.022548735
0,0,0.027161734
0,0,0.00075051456
0,1,0.8911138
0,0,0.0046650497
0,0,0.070034705
0,0,0.11633828
0,0,0.002537561
0,0,0.00091192924
0,0,0.37147766
0,1,0.61405355
0,0,0.00035519182
0,0,0.0046985573
0,0,0.05819038
0,1,0.78669906
0,0,0.015086007
0,0,0.0005342975
0,0,0.00027260493
0,1,0.68685436
0,1,0.9897238
0,1,0.7628457
0,0,0.017491717
0,1,0.9992299
0,0,0.0004904655
0,0,0.012375937
0,0,0.0007971792
0,0,0.14612953
0,0,0.0034027596
0,0,0.024788747
0,0,0.0006396871
0,0,0.023065021
0,0,0.017478446
0,1,0.9993038
0,0,0.0023105778
0,0,0.004688845
0,0,0.00077164394
0,0,0.45914093
0,0,0.013021024
0,0,0.0007894293
0,1,0.9337452
0,0,0.008620192
0,0,0.0023278089
0,0,0.00015170328
0,1,0.9972825
0,0,0.14431295
0,0,0.27209267
0,0,0.047225025
0,1,0.5999483
0,0,0.0006178286
0,0,0.006738964
0,0,0.0018707588
0,1,0.57729506
0,0,0.0011119245
0,0,0.0015835463
0,0,0.0061380807
0,1,0.64313483
0,0,0.0016316127
0,0,0.005713812
0,0,0.0017930892
0,1,0.9474113
0,1,0.989933
0,0,0.023349347
0,0,0.05870044
0,0,0.026364839
0,0,0.0057909074
0,1,0.54057
0,0,0.0060197087
0,0,0.014637972
0,0,0.4243761
0,0,0.0019015425
0,0,0.2017196
0,1,0.7683688
0,0,0.0036708205
0,0,0.0763916
0,0,0.00030505328
0,0,0.0025015038
0,0,0.0010870508
0,0,0.01361137
0,1,0.9809807
0,1,0.8413654
0,0,0.0037618896
0,0,0.0061466587
0,0,0.0077235275
0,0,0.0051516257
0,0,0.35469398
0,0,0.00041523736
0,1,0.88375187
0,0,0.094505325
0,0,0.0011471261
0,1,0.6532409
0,1,0.9742018
0,0,0.34113055
0,0,0.1645084
0,1,0.9937279
0,0,0.00076306757
0,1,0.97712326
0,0,0.08236744
0,0,0.31596366
0,1,0.99708444
0,1,0.87545127
0,0,0.023198508
0,0,0.019409925
0,0,0.0015877238
0,0,0.0006978955
0,0,0.00015240067
0,0,0.01282381
0,0,0.003905322
0,0,0.006992135
0,1,0.76676077
0,0,0.0030228419
0,0,0.028691009
0,0,0.18894982
0,0,0.10871777
0,0,0.0014358466
0,0,0.0041907225
0,0,0.052132815
0,0,0.00042449677
0,1,0.7448749
0,0,0.004097356
0,1,0.9932153
0,0,0.043345563
0,0,0.0114859855
0,0,0.012758005
0,0,0.00900957
0,0,0.3909877
0,1,0.998575
0,0,0.23555659
0,0,0.0009677084
0,1,0.7863681
0,1,0.8206671
0,1,0.9956274
0,0,0.0057746917
0,1,0.9981026
0,1,0.9997553
0,0,0.001785909
0,0,0.0027648858
0,0,0.01117114
0,0,0.015344844
0,0,0.21483342
0,0,0.007845738
0,0,0.0017928412
0,0,0.0015206105
0,0,0.025024103
0,0,0.0025775663
0,0,0.021918662
0,0,0.009002276
0,0,0.011287128
0,1,0.84549564
0,1,0.5114486
0,1,0.9795344
0,1,0.99917847
0,0,0.038580112
0,0,0.05467776
0,0,0.0062927455
0,0,0.023202948
0,0,0.011818483
0,0,0.001433184
0,0,0.0032770964
0,0,0.041102227
0,0,0.0026899572
0,1,0.9028056
0,0,0.012758996
0,0,0.00068724045
0,0,0.0005689166
0,0,0.020020036
0,0,0.18886948
0,0,0.00030628135
0,0,0.032048035
0,1,0.9315347
0,0,0.2286192
0,0,0.007774185
0,0,0.0040292786
0,0,0.0024315037
0,0,0.008839711
0,0,0.017149385
0,0,0.0033202888
0,0,0.0031736586
0,0,0.023037618
0,0,0.28963622
0,0,0.006335997
0,1,0.8426925
0,0,0.380661
0,0,0.08888807
0,0,0.001346971
0,0,0.0029549426
0,0,0.020002136
0,0,0.005584335
0,0,0.22907144
0,0,0.14354815
0,0,0.0043856003
0,0,0.15662551
0,0,0.0035248369
0,0,0.0012683554
0,0,0.0011373011
0,0,0.00573223
0,1,0.68097025
0,0,0.0002657312
0,0,0.00257707
0,0,0.06137281
0,0,0.0009410909
0,0,0.008297506
0,0,0.14551969
0,0,0.0060618273
0,0,0.00073477556
0,0,0.0007937518
0,0,0.0017269356
0,0,0.0026813145
0,0,0.0044563906
0,0,0.0003805368
0,1,0.66293067
0,0,0.0018632069
0,1,0.9994203
0,1,0.66906476
0,0,0.00085811934
0,0,0.084869534
0,0,0.012308675
0,0,0.00068744284
0,0,0.004180485
0,0,0.008962232
0,0,0.0005150722
0,0,0.0018068488
0,0,0.0012903012
0,0,0.0018609539
0,0,0.077058926
0,0,0.003817126
0,1,0.94995767
0,0,0.005917968
0,1,0.81045544
0,0,0.0011419479
0,0,0.061850015
0,0,0.001984758
0,1,0.99714476
0,0,0.0022558288
0,0,0.021432262
0,0,0.18319352
0,0,0.01342602
0,0,0.0011220115
0,0,0.0042698095
0,0,0.0075209956
0,0,0.003996725
0,0,0.01527391
0,0,0.0018092558
0,1,0.71014583
0,0,0.00017573051
0,0,0.00038879912
0,0,0.0014239223
0,0,0.003554785
0,0,0.0053686355
0,0,0.46270996
0,0,0.013108051
0,0,0.004346039
0,0,0.020620715
0,0,0.1495524
0,1,0.99535733
0,0,0.0023447825
0,0,0.0009620664
0,0,0.0022804574
0,0,0.0014149453
0,0,0.06113879
0,1,0.92655
0,1,0.5348616
0,1,0.88624626
0,0,0.07210201
0,0,0.001274512
0,0,0.0011531827
0,0,0.009498276
0,1,0.5027261
0,0,0.092914134
0,0,0.014645258
0,1,0.89976954
0,0,0.020172516
0,1,0.9716052
0,0,0.0050101127
0,0,0.013296665
0,0,0.00042575935
0,0,0.06793688
0,0,0.10563578
0,1,0.9989802
0,0,0.35801953
0,0,0.0012114623
0,0,0.16566168
0,0,0.2380152
0,0,0.01048025
0,0,0.00020582599
0,0,0.025831662
0,0,0.006795765
0,0,0.057657212
0,0,0.025699873
0,0,0.01901137
0,0,0.0013449187
0,0,0.013461346
0,0,0.001960775
0,0,0.0070348335
0,0,0.017780233
0,1,0.9422852
0,1,0.9970964
0,0,0.2110661
0,0,0.0063821557
0,0,0.00078607973
0,0,0.0062035345
0,0,0.001508914
0,0,0.0021029527
0,0,0.048933975
0,1,0.77638125
0,0,0.03543352
0,0,0.0028871938
0,0,0.009218786
0,0,0.0009325067
0,1,0.72268194
0,0,0.06558139
0,0,0.0006346436
0,0,0.031570915
0,0,0.47234705
0,1,0.55897564
0,1,0.9287055
0,0,0.21906437
0,0,0.28868434
0,0,0.007462741
0,0,0.00039809805
0,0,0.0023453406
0,0,0.0192808
0,0,0.0024569624
0,0,0.00041361075
0,0,0.47811425
0,0,0.059348766
0,0,0.0048923227
0,0,0.011757652
0,0,0.0070977183
0,0,0.0009952575
0,0,0.010605496
0,0,0.019937688
0,0,0.00204231
0,1,0.8157152
0,0,0.039074518
0,0,0.0062479437
0,0,0.42646855
0,0,0.0057616504
0,0,0.0857867
0,0,0.011475508
0,0,0.049691554
0,0,0.033011585
0,0,0.0063543296
0,0,0.30406955
0,0,0.00092215644
0,0,0.0013517863
0,0,0.00069092726
0,0,0.0013548401
0,0,0.10432932
0,1,0.9083563
0,0,0.0023000455
0,1,0.99961406
0,0,0.012121062
0,0,0.0020379566
0,0,0.00042011318
0,0,0.00070702354
0,0,0.018573247
0,0,0.0016066756
0,0,0.010094737
0,1,0.97343665
0,0,0.0013029658
0,0,0.014219305
0,0,0.4633974
0,0,0.015553479
0,0,0.0069516217
0,0,0.0016750147
0,0,0.00276323
0,0,0.00042687534
0,0,0.0012153127
0,0,0.0014790623
0,1,0.81900084
0,0,0.02515673
0,0,0.43326452
0,1,0.57552093
0,0,0.0014911352
0,0,0.47796488
0,0,0.0019203961
0,1,0.8578409
0,0,0.01912652
0,0,0.2865054
0,0,0.019990837
0,0,0.061114
0,0,0.018325835
0,0,0.0022378021
0,0,0.0012734077
0,0,0.0517808
0,0,0.015622619
0,0,0.24944359
0,0,0.009797032
0,0,0.017130844
0,0,0.0154041955
0,0,0.12180474
0,0,0.0011221396
0,0,0.017401734
0,0,0.010869462
0,0,0.12886505
0,0,0.0067869066
0,0,0.011490572
0,0,0.014934706
0,0,0.00029172166
0,0,0.02049466
0,0,0.0002472963
0,0,0.002522168
0,0,0.0035085178
0,0,0.00023378915
0,0,0.022726854
0,0,0.4922405
0,0,0.15063176
0,1,0.9719591
0,0,0.0573724
0,0,0.004830515
0,0,0.008138305
0,1,0.62976164
0,1,0.614083
0,0,0.08625378
0,0,0.0043489803
0,0,0.30384216
0,0,0.057526853
0,0,0.0016989115
0,0,0.008079445
0,0,0.15042342
0,1,0.97422475
0,0,0.006687848
0,0,0.00035260274
0,0,0.30676743
0,0,0.0133232605
0,0,0.004625464
0,0,0.0075125215
0,0,0.00017485101
0,0,0.0075681964
0,0,0.000530167
0,0,0.16144232
0,0,0.0032153085
0,0,0.00082278886
0,1,0.9841516
0,0,0.004253373
0,0,0.006760991
0,1,0.9883109
0,0,0.17038152
0,0,0.0021540718
0,0,0.46553877
0,1,0.59835404
0,0,0.06331014
0,0,0.0014103975
0,1,0.98047936
0,0,0.016455946
0,1,0.5848843
0,0,0.0041722152
0,0,0.052225098
0,0,0.000665207
0,0,0.16500641
0,0,0.0153587125
0,1,0.99795485
0,0,0.011301419
0,1,0.99794954
0,0,0.026235234
0,0,0.0055761538
0,0,0.008564115
0,0,0.00061376457
0,0,0.0025183752
0,0,0.07126636
0,0,0.0048673297
0,0,0.0028858478
0,0,0.001820663
0,0,0.0011896528
0,1,0.94791836
0,0,0.00023554241
0,0,0.0004912689
0,0,0.0021497514
0,0,0.005766033
0,1,0.51963145
0,0,0.0031579381
0,1,0.9752529
0,0,0.002300363
0,0,0.0009808223
0,0,0.00047319624
0,0,0.0153587125
0,0,0.0031121892
0,0,0.009394582
0,0,0.48964107
0,0,0.0018540916
0,0,0.0005314122
0,0,0.0041879057
0,0,0.048004955
0,0,0.056320094
0,1,0.6155975
0,0,0.01072429
0,1,0.9612637
0,0,0.0056485147
0,0,0.0031135294
0,0,0.024105428
0,0,0.0030973637
0,0,0.009258845
0,0,0.0019994911
0,1,0.94247735
0,0,0.0033255573
0,0,0.0006202618
0,0,0.007675326
0,0,0.0005964567
0,0,0.17305748
0,0,0.001676216
0,0,0.0011811492
0,0,0.00066858256
0,1,0.925981
0,0,0.0028519726
0,0,0.017386708
0,0,0.0038447056
0,0,0.021145288
0,1,0.8481855
0,0,0.0074279755
0,1,0.67926276
0,0,0.0016065494
0,0,0.0061201323
0,0,0.0020274385
0,0,0.005871932
0,0,0.02792085
0,0,0.329238
0,1,0.55346906
0,1,0.6117314
0,0,0.004144406
0,0,0.03368795
0,0,0.0030484307
0,0,0.0043603755
0,0,0.1446156
0,0,0.010762034
0,1,0.512095
0,0,0.006119329
0,0,0.03880982
0,1,0.7524468
0,1,0.73219556
0,0,0.0030678734
0,0,0.0019519534
0,0,0.0021559852
0,1,0.7844439
0,0,0.35399228
0,1,0.93465
0,0,0.18689863
0,1,0.9861137
0,0,0.0118654985
0,0,0.0038475483
0,0,0.056611363
0,0,0.02042615
0,1,0.6561257
0,0,0.001961194
0,1,0.78269154
0,1,0.80286837
0,0,0.006582204
0,0,0.0016674076
0,0,0.47391266
0,0,0.045137804
0,0,0.019730927
0,0,0.0012062737
0,0,0.0037309777
0,1,0.99950266
0,0,0.022612073
0,0,0.008662061
0,0,0.035119202
0,0,0.011258131
0,0,0.00015385963
0,0,0.020192841
0,0,0.00933945
0,0,0.25744143
0,0,0.16699341
0,0,0.06286198
0,0,0.0935561
0,0,0.0013580414
0,0,0.05449624
0,0,0.007174728
0,0,0.015781865
0,0,0.0042536557
0,0,0.24368422
0,0,0.0006141695
0,0,0.00014627054
0,0,0.04177934
0,0,0.030241467
0,0,0.005851852
0,0,0.33435008
0,0,0.004647287
0,0,0.02326052
0,1,0.6612883
0,0,0.12418171
0,0,0.005032569
0,0,0.0015327259
0,0,0.46324202
0,1,0.9892335
0,0,0.28960818
0,1,0.9814524
0,1,0.6898145
0,0,0.009611848
0,0,0.08187964
0,0,0.0042104875
0,0,0.025215168
0,0,0.014130084
0,0,0.14311802
0,1,0.66432357
0,1,0.6182349
0,0,0.0040129665
0,0,0.0027199192
0,0,0.002487023
0,0,0.37163395
0,0,0.08880489
0,0,0.02446274
0,0,0.03062967
0,0,0.0094888415
0,0,0.0067876526
0,1,0.951072
0,0,0.007093556
0,0,0.013015012
0,0,0.019983733
0,0,0.0015334543
0,0,0.26143783
0,0,0.07363288
0,1,0.6472359
0,1,0.95976245
0,0,0.09308514
0,0,0.019084621
0,0,0.0024204405
0,0,0.08685411
0,0,0.029122787
0,0,0.15390803
0,0,0.039826266
0,0,0.0031308942
0,0,0.045266096
0,0,0.0002212642
0,0,0.0039982987
0,0,0.0067964434
0,0,0.20025697
0,0,0.005528004
0,0,0.015082302
0,0,0.0008555721
0,1,0.99867743
0,0,0.02473131
0,0,0.30459172
0,0,0.0018822959
0,1,0.9979955
0,0,0.012487495
0,0,0.0050033457
0,0,0.44797084
0,0,0.005507597
0,0,0.026657976
0,1,0.50844926
0,1,0.9946861
0,1,0.581865
0,0,0.08009305
0,1,0.99960726
0,0,0.005183006
0,0,0.0013323874
0,0,0.004237205
0,1,0.96089727
0,0,0.005308404
0,0,0.038832262
0,0,0.007740924
0,0,0.012540598
0,0,0.00030705903
0,0,0.00062006345
0,1,0.9035536
0,0,0.020449437
0,1,0.8067786
0,0,0.00020050076
0,0,0.0013082044
0,0,0.01598794
0,0,0.24291849
0,0,0.13803048
0,1,0.90305424
0,0,0.03792627
0,0,0.067527056
0,1,0.5706887
0,0,0.0040452676
0,1,0.8902602
0,0,0.056577675
0,1,0.8672497
0,0,0.19106896
0,0,0.030113595
0,0,0.0153926555
0,1,0.94280666
0,0,0.0016286883
0,0,0.0023539865
0,0,0.013277172
0,0,0.31590816
0,0,0.018713035
0,0,0.062197708
0,0,0.028904041
0,0,0.0073906276
0,0,0.004803387
0,0,0.0029777016
0,0,0.0011040942
0,1,0.9772371
0,1,0.59196484
0,0,0.0030673705
0,0,0.05399833
0,0,0.0038645307
0,0,0.014357894
0,0,0.0013405706
0,0,0.003249554
0,0,0.0162044
0,0,0.019959247
0,0,0.0028189954
0,0,0.004728111
0,0,0.061228573
0,0,0.0058870763
0,0,0.0043335296
0,0,0.004050256
0,0,0.0073315566
0,0,0.0032989366
0,0,0.035332527
0,0,0.00027829988
0,0,0.0018119515
0,1,0.66944534
0,0,0.003988168
0,0,0.46654907
0,0,0.0010982277
0,0,0.00407676
0,1,0.9984439
0,0,0.0049729436
0,1,0.7136571
0,0,0.0008667591
0,0,0.005271608
0,1,0.99836904
0,0,0.039673284
0,1,0.79525816
0,1,0.97436315
0,0,0.0006349452
0,0,0.0013077498
0,0,0.030264562
0,0,0.053755242
0,0,0.4072055
0,0,0.0011379194
0,1,0.7066829
0,0,0.0013880393
0,1,0.92968166
0,0,0.00078207604
0,1,0.6758762
0,0,0.34495908
0,0,0.05795491
0,0,0.0068092016
0,0,0.0005549092
0,0,0.007779697
0,1,0.99316543
0,0,0.008516213
0,0,0.0025069523
0,0,0.011927345
0,0,0.009224829
0,0,0.007289395
0,0,0.0065395376
0,0,0.013739697
0,0,0.23438612
0,0,0.07869175
0,0,0.0041031684
0,0,0.0019440288
0,1,0.9980124
0,0,0.09740708
0,0,0.06388303
0,0,0.010168905
0,0,0.007549931
0,0,0.00429849
0,0,0.022256915
0,0,0.0003651873
0,0,0.0047552716
0,0,0.086669825
0,0,0.00063217035
0,0,0.006631556
0,0,0.004052197
0,0,0.007164138
0,0,0.0854338
0,0,0.009150394
0,1,0.9986683
0,0,0.0056278654
0,0,0.019719413
0,1,0.9704583
0,0,0.0003984667
0,1,0.95919156
0,0,0.0028007622
0,0,0.0015350139
0,0,0.003576134
0,0,0.10794739
0,0,0.0009049787
0,1,0.9594934
0,1,0.9911034
0,0,0.0011343618
0,0,0.0010326289
0,0,0.09407014
0,0,0.030504053
0,1,0.962057
0,0,0.03616949
0,0,0.20596063
0,0,0.0068922546
0,0,0.00027945195
0,1,0.99770516
0,0,0.0018449909
0,0,0.037505306
0,0,0.002008379
0,0,0.0004495157
0,0,0.0804669
0,0,0.207937
0,0,0.0004433653
0,0,0.007718566
0,0,0.0016187695
0,0,0.0033873322
0,0,0.0044406275
0,0,0.00061006326
0,0,0.0051853494
0,0,0.094023824
0,0,0.01467127
0,0,0.0014983889
0,0,0.0034130625
0,0,0.0025892106
0,1,0.62744415
0,0,0.0006734424
0,0,0.0209997
0,0,0.13474286
0,1,0.99757916
0,0,0.4250978
0,0,0.037641615
0,0,0.42407444
0,0,0.0011102913
0,1,0.9987692
0,0,0.14136328
0,0,0.00026097224
0,0,0.02311479
0,0,0.00085021486
0,0,0.3036418
0,0,0.0073077683
0,0,0.47162625
0,0,0.0023208903
0,0,0.04923684
0,1,0.99229383
0,0,0.0017648443
0,0,0.01596396
0,0,0.004656509
0,0,0.0016330899
0,0,0.0007405254
0,0,0.09739392
0,0,0.017905083
0,0,0.0011236245
0,0,0.0013054737
0,0,0.002443667
0,0,0.051124796
0,0,0.009502117
0,1,0.7983503
0,0,0.0011483447
0,0,0.04376057
0,0,0.0038016976
0,0,0.40348485
0,0,0.00030007403
0,0,0.4719239
0,0,0.0047891885
0,0,0.04970516
0,1,0.7157055
0,0,0.00471334
0,0,0.003703447
0,1,0.9393495
0,0,0.042788688
0,0,0.00083814556
0,0,0.014890478
0,0,0.056580476
0,1,0.8807343
0,0,0.0013499974
0,1,0.905029
0,0,0.0046791662
0,1,0.9745259
0,0,0.0024508948
0,0,0.0062478106
0,0,0.00022646977
0,0,0.0010485211
0,1,0.9361783
0,0,0.0012915554
0,0,0.018470049
0,1,0.9603186
0,1,0.6134837
0,0,0.048023984
0,1,0.93427783
0,0,0.0019749252
0,0,0.0014352663
0,0,0.00261207
0,1,0.99394
0,1,0.63738614
0,0,0.054706138
0,0,0.058222774
0,0,0.00049593434
0,0,0.00061100186
0,1,0.7615347
0,0,0.010163429
0,0,0.032196376
0,0,0.017157875
0,0,0.19667466
0,0,0.13377844
0,0,0.001808839
0,1,0.83230406
0,0,0.00040090032
0,0,0.021169387
0,0,0.0041351346
0,0,0.0010461845
0,1,0.9900506
0,1,0.5786987
0,0,0.066405706
0,0,0.0029153854
0,1,0.97597176
0,0,0.05099905
0,0,0.0014114818
0,0,0.0023755322
0,1,0.99618894
0,1,0.956137
0,0,0.009202377
0,1,0.7870258
0,1,0.6915276
0,0,0.39227605
0,0,0.00088868977
0,0,0.06850856
0,0,0.0135296155
0,0,0.04581107
0,0,0.0019052258
0,0,0.0444356
0,0,0.18944785
0,0,0.036426656
0,0,0.00070845004
0,0,0.24861
0,0,0.040606968
0,0,0.0018480074
0,0,0.25071052
0,0,0.00055880076
0,0,0.000329963
0,0,0.06301952
0,0,0.00026975985
0,0,0.0032930374
0,0,0.0017097717
0,0,0.03590288
0,0,0.0007274942
0,0,0.0019462783
0,0,0.036584288
0,0,0.24575457
0,0,0.0024139625
0,0,0.022025403
0,0,0.028258203
0,0,0.00033254336
0,0,0.017759733
0,0,0.00096658996
0,0,0.013963015
0,0,0.045815565
0,0,0.0011613839
0,0,0.0016266714
0,1,0.7367276
0,0,0.0016924298
0,0,0.1619316
0,0,0.020862065
0,0,0.0055700885
0,0,0.012723554
0,0,0.0037647823
0,0,0.025821364
0,1,0.8354155
0,0,0.012052434
0,0,0.14238182
0,1,0.8924412
0,1,0.6398425
0,1,0.9753243
0,0,0.015217286
0,0,0.010328157
0,0,0.0019634333
0,0,0.008497085
0,0,0.00043008945
0,0,0.007899358
0,1,0.9250384
0,0,0.00826249
0,0,0.0007736278
0,0,0.0008748419
0,0,0.0015955074
0,0,0.2103586
0,0,0.1098559
0,0,0.002161675
0,0,0.004668015
0,0,0.00021012536
0,0,0.031098599
0,0,0.1896732
0,0,0.00022434557
0,1,0.9860162
0,0,0.001098729
0,0,0.2922673
0,0,0.001062233
0,0,0.00857515
0,0,0.18838593
0,0,0.00040470136
0,0,0.10421328
0,0,0.066015884
0,0,0.05010486
0,0,0.0027281917
0,0,0.0056150504
0,1,0.75982875
0,1,0.80942416
0,0,0.0042205113
0,0,0.083638564
0,0,0.0032767677
0,0,0.0023048269
0,1,0.8602561
0,1,0.9183024
0,0,0.00081543555
0,0,0.0005163254
0,1,0.9444942
0,1,0.7160496
0,0,0.19598296
0,0,0.0063833646
0,0,0.003066386
0,0,0.000592134
0,0,0.14742655
0,0,0.007408829
0,0,0.19794023
0,1,0.95110726
0,0,0.1818175
0,1,0.9758601
0,0,0.031200642
0,1,0.916583
0,0,0.0006683898
0,0,0.0022422292
0,0,0.21382421
0,0,0.016096445
0,0,0.031241927
0,0,0.10035689
0,0,0.004237573
0,0,0.030463949
0,1,0.99719113
0,0,0.0027781387
0,0,0.19689615
0,0,0.2857691
0,0,0.00073082856
0,0,0.017132217
0,0,0.23162608
0,0,0.0019608897
0,0,0.00035686512
0,0,0.0013755629
0,0,0.00074497506
0,1,0.6482775
0,1,0.743319
0,0,0.0002647803
0,0,0.018339964
0,0,0.10030742
0,0,0.00043008864
0,0,0.07508803
0,0,0.07449717
0,0,0.01151617
0,0,0.00270816
0,0,0.0005739086
0,1,0.9169983
0,0,0.101108365
0,0,0.08300525
0,0,0.00048488518
0,0,0.007666571
0,1,0.9800742
0,0,0.03717514
0,1,0.9278442
0,0,0.04731065
0,0,0.00038270192
0,0,0.036518067
0,0,0.039053656
0,0,0.0141584305
0,0,0.0832449
0,0,0.00083852536
0,0,0.099259935
0,0,0.062109318
0,0,0.011668305
0,1,0.9836686
0,1,0.9354074
0,0,0.013437962
0,1,0.69937944
0,0,0.14001352
0,1,0.95335156
0,1,0.97475386
0,0,0.0001854293
0,0,0.47279793
0,0,0.008417418
0,0,0.0014348356
0,0,0.02179901
0,0,0.00308653
0,1,0.8258071
0,0,0.21315871
0,1,0.85621685
0,0,0.018596362
0,1,0.8607552
0,0,0.00797884
0,1,0.8451474
0,0,0.0045837746
0,0,0.0074675456
0,0,0.0033969982
0,0,0.003657912
0,1,0.8099028
0,0,0.001663419
0,0,0.110742934
0,0,0.008922125
0,0,0.0019991086
0,0,0.064819954
0,0,0.0005448065
0,0,0.0028913156
0,0,0.04805274
0,0,0.001900106
0,0,0.032647133
0,0,0.0028558115
0,0,0.2754413
0,0,0.002915532
0,0,0.13815275
0,1,0.7748242
0,0,0.020402452
0,0,0.13023369
0,1,0.8000003
0,1,0.96862954
0,0,0.37317142
0,1,0.51656586
0,1,0.86258036
0,0,0.0021640758
0,0,0.00038801358
0,0,0.0012817358
0,0,0.00023940456
0,0,0.009008229
0,1,0.6125257
0,0,0.042071477
0,0,0.0014705964
0,0,0.33746108
0,1,0.5640344
0,1,0.5423324
0,0,0.18910864
0,0,0.0037439335
0,0,0.01563505
0,0,0.00032944218
0,0,0.00017138595
0,0,0.09559998
0,0,0.049541242
0,0,0.0056566778
0,0,0.037213333
0,1,0.7980864
0,0,0.000490421
0,0,0.0015067862
0,0,0.0022286973
0,0,0.005036314
0,0,0.03484472
0,1,0.8259529
0,0,0.010559632
0,1,0.5487988
0,0,0.011714563
0,1,0.58714575
0,0,0.015775548
0,0,0.012908128
0,1,0.94274676
0,0,0.0027747538
0,0,0.0071655093
0,1,0.94602156
0,0,0.0026742495
0,0,0.011901703
0,0,0.00202405
0,0,0.49308142
0,0,0.010015235
0,0,0.47447297
0,0,0.0010404617
0,0,0.016296163
0,0,0.0015673155
0,0,0.000110600406
0,0,0.07873171
0,0,0.0008324883
0,0,0.02494372
0,1,0.71178436
0,0,0.31686527
0,0,0.14656633
0,0,0.030391345
0,0,0.018346962
0,1,0.53513813
0,0,0.024167271
0,0,0.0055500567
0,0,0.089741975
0,0,0.029378435
0,0,0.45028862
0,0,0.0039700195
0,0,0.0003724047
0,0,0.01074994
0,0,0.0040456657
0,0,0.0039898544
0,0,0.00061788637
0,0,0.04329968
0,0,0.002234991
0,0,0.042663783
0,0,0.013611671
0,0,0.006867624
0,0,0.076763235
0,0,0.0039808727
0,0,0.019876564
0,0,0.036566988
0,0,0.060754213
0,0,0.002862609
0,0,0.00016876905
0,0,0.0010045661
0,0,0.13600461
0,1,0.9983802
0,0,0.061058138
0,0,0.048771787
0,0,0.0027101792
0,0,0.41550064
0,0,0.008058404
0,0,0.0012527759
0,1,0.9294806
0,0,0.16098413
0,0,0.001741573
0,0,0.007946365
0,0,0.4699737
0,0,0.012504411
0,1,0.9343048
0,0,0.006184098
0,0,0.0021464098
0,0,0.0023671957
0,0,0.00036037783
0,0,0.020561747
0,0,0.06916983
0,0,0.4316201
0,0,0.13128777
0,1,0.7660267
0,0,0.0011979134
0,0,0.0066363863
0,0,0.0002735628
0,0,0.0009823579
0,0,0.0016246894
0,0,0.10760245
0,0,0.0007311786
0,0,0.002989217
0,0,0.001336766
0,0,0.0016767858
0,0,0.015328003
0,0,0.0080402475
0,0,0.00094826665
0,0,0.0009113116
0,1,0.573532
0,0,0.014960686
0,0,0.033453185
0,0,0.23055969
0,0,0.005107944
0,0,0.0027724311
0,0,0.007911837
0,0,0.0010176606
0,0,0.0026174942
0,1,0.9988201
0,0,0.0069540017
0,1,0.5319066
0,0,0.0004577222
0,0,0.026052494
0,0,0.037300024
0,0,0.00044492632
0,0,0.04751244
0,0,0.0019607255
0,0,0.097208425
0,1,0.71548814
0,0,0.03171624
0,1,0.5270967
0,0,0.0058920966
0,1,0.55044276
0,0,0.00451739
0,0,0.031399857
0,0,0.032762427
0,0,0.0054898476
0,0,0.0033367486
0,0,0.031635173
0,0,0.0057515576
0,1,0.9417944
0,0,0.0021780087
0,0,0.0011653779
0,1,0.59996074
0,0,0.00060740055
0,0,0.0022165067
0,0,0.014226431
0,0,0.016515097
0,0,0.0075351107
0,0,0.107667945
0,0,0.058615405
0,0,0.123630695
0,1,0.9997367
0,0,0.06013535
0,1,0.97446436
0,0,0.009530216
0,0,0.0026665686
0,0,0.00375209
0,0,0.00035437467
0,0,0.30870447
0,1,0.9952069
0,0,0.0004852726
0,0,0.0016445718
0,0,0.03072304
0,0,0.023684774
0,0,0.00055683724
0,0,0.2590704
0,0,0.002298137
0,0,0.00022103648
0,1,0.61651
0,1,0.9226789
0,0,0.0056822794
0,0,0.005220552
0,0,0.024463901
0,1,0.520939
0,0,0.13790508
0,0,0.009318315
0,0,0.012406492
0,0,0.004321379
0,0,0.001914756
0,0,0.28658342
0,0,0.0026878088
0,0,0.0026436488
0,0,0.003387864
0,0,0.012302057
0,0,0.085031465
0,0,0.003174873
0,0,0.0024016316
0,1,0.74008054
0,0,0.000321492
0,0,0.0012282401
0,0,0.03171249
0,0,0.028762411
0,1,0.996833
0,1,0.79035884
0,0,0.006063902
0,0,0.0051431963
0,1,0.99626863
0,0,0.0005540317
0,0,0.002021219
0,1,0.8841276
0,0,0.022483584
0,0,0.001164104
0,0,0.009696188
0,0,0.0016455146
0,0,0.0028836532
0,0,0.0036365793
0,0,0.32361934
0,0,0.0015741147
0,0,0.0038381133
0,1,0.74948084
0,0,0.0037569413
0,0,0.0028954726
0,0,0.0011957855
0,1,0.8082825
0,0,0.19805355
0,0,0.0067799063
0,0,0.0030462954
0,0,0.00053274934
0,0,0.0051579224
0,0,0.04145229
0,0,0.42479968
0,1,0.7981942
0,0,0.0021890814
0,1,0.9962954
0,1,0.52016944
0,0,0.012328242
0,0,0.0013256455
0,1,0.8977882
0,0,0.087795176
0,0,0.0011609576
0,0,0.454084
0,0,0.0039711664
0,0,0.007814096
0,0,0.00049764186
0,1,0.70261526
0,0,0.0059843874
0,0,0.0019898415
0,0,0.0012582644
0,0,0.0047745695
0,0,0.0041930852
0,0,0.17249934
0,0,0.12445768
0,1,0.99921024
0,0,0.05942566
0,0,0.0107031865
0,1,0.87581724
0,0,0.0015805584
0,1,0.6360695
0,0,0.0007067702
0,0,0.25503513
0,0,0.0012648447
0,0,0.41924024
0,0,0.00064359885
0,0,0.057428908
0,1,0.7311382
0,0,0.0009885178
0,0,0.0002330523
0,0,0.00066949456
0,0,0.0021053797
0,0,0.43827504
0,0,0.0064768298
0,0,0.007579027
0,0,0.0141398255
0,1,0.7183466
0,0,0.010897295
0,0,0.00038035528
0,0,0.017093198
0,0,0.0038282021
0,0,0.004114716
0,0,0.43592387
0,0,0.015866151
0,0,0.106797986
0,1,0.69223017
0,0,0.034668244
0,0,0.228528
0,0,0.0043310574
0,0,0.0047539654
0,0,0.0052423445
0,0,0.0025760578
0,0,0.008779458
0,0,0.009441229
0,1,0.9123578
0,1,0.9416888
0,0,0.25942072
0,0,0.006141104
0,0,0.005356298
0,0,0.0021452305
0,0,0.005316757
0,0,0.0010859269
0,0,0.021279793
0,0,0.0006044654
0,0,0.0011655072
0,0,0.00018785635
0,0,0.047233853
0,0,0.31064108
0,0,0.0016163652
0,0,0.45766288
0,0,0.00045198467
0,0,0.0020343836
0,0,0.069593675
0,0,0.0014790024
0,0,0.00065241626
0,1,0.9285714
0,1,0.89397633
0,0,0.00030632163
0,0,0.00043038942
0,1,0.8674051
0,0,0.03359991
0,0,0.0010234017
0,0,0.038206283
0,1,0.9827734
0,0,0.12221121
0,0,0.07165048
0,0,0.038443167
0,1,0.97984433
0,0,0.05905682
0,0,0.004784516
0,0,0.0031641284
0,1,0.9966754
0,0,0.025491526
0,0,0.006062267
0,0,0.00040773884
0,1,0.5252695
0,0,0.004545058
0,0,0.00311793
0,0,0.000781129
0,0,0.040221423
0,0,0.006571953
0,0,0.035662558
0,0,0.0010484458
0,0,0.0061396137
0,0,0.0021529214
0,1,0.9895426
0,0,0.29073173
0,0,0.13408685
0,1,0.97345126
0,0,0.00043331826
0,1,0.9996031
0,0,0.011548543
0,0,0.00595472
0,0,0.24719472
0,0,0.11267888
0,0,0.00344501
0,0,0.004925249
0,0,0.0037093477
0,0,0.0015383083
0,0,0.00070096663
0,0,0.0019085603
0,0,0.12816839
0,1,0.6951031
0,0,0.27055156
0,0,0.008440202
0,0,0.013736636
0,0,0.052026775
0,0,0.00025713557
0,0,0.0035461343
0,0,0.0029049153
0,0,0.0072129522
0,1,0.99646026
0,0,0.046207976
0,0,0.00021920408
0,0,0.46113935
0,0,0.0009470527
0,0,0.003451345
0,0,0.46814796
0,1,0.8047215
0,0,0.012495742
0,0,0.0008802128
0,0,0.23781374
0,0,0.0044132867
0,0,0.036707185
0,0,0.0020658488
0,0,0.00058013486
0,0,0.0010574905
0,0,0.0022234335
0,0,0.26693776
0,0,0.00091901375
0,1,0.9563534
0,0,0.000854399
0,0,0.006153765
0,0,0.03147957
0,0,0.23199159
0,0,0.0010943912
0,1,0.66609573
0,0,0.00884239
0,0,0.0011863743
0,0,0.0059004477
0,1,0.99820006
0,0,0.007637666
0,0,0.04686651
0,0,0.31483194
0,0,0.00069898536
0,0,0.04083094
0,0,0.0031093294
0,0,0.2552498
0,0,0.075836785
0,0,0.0023060804
0,0,0.07075808
0,0,0.1601259
0,1,0.98615706
0,0,0.24565206
0,0,0.008710026
0,0,0.002063461
0,0,0.010558148
0,0,0.07268498
0,1,0.99881893
0,0,0.16674633
0,0,0.027054168
0,0,0.0034619423
0,1,0.7079337
0,0,0.00018789986
0,0,0.007418026
0,0,0.0014787327
0,0,0.0078666145
0,0,0.0049200403
0,1,0.9132616
0,0,0.056076307
0,0,0.04095869
0,0,0.00033881242
0,0,0.1471568
0,1,0.96419585
0,0,0.0037052562
0,0,0.2482953
0,0,0.004752926
0,0,0.008171122
0,0,0.02737219
0,0,0.0008856183
0,0,0.0051772413
0,0,0.04912422
0,1,0.8741259
0,0,0.4289068
0,0,0.050714247
0,0,0.00616531
0,0,0.010119668
0,0,0.034207962
0,0,0.0048236246
0,0,0.06846323
0,0,0.035896488
0,1,0.97493345
0,0,0.058994383
0,1,0.51583755
0,0,0.00060936593
0,0,0.023517432
0,0,0.26597345
0,0,0.00068130356
0,0,0.0014520059
0,0,0.049600344
0,0,0.03480562
0,0,0.08786104
0,0,0.013058304
0,1,0.74156374
0,0,0.0027088816
0,0,0.07104958
0,1,0.7779128
0,0,0.08519117
0,0,0.0026576284
0,0,0.0027221008
0,0,0.04329411
0,0,0.25055373
0,0,0.008624268
0,1,0.97195184
0,0,0.008500429
0,1,0.6280548
0,0,0.37960723
0,0,0.105287686
0,0,0.09478067
0,0,0.29026055
0,1,0.79389566
0,1,0.8136668
0,0,0.00019822051
0,1,0.513873
0,0,0.00048025922
0,0,0.005934069
0,0,0.003721049
0,0,0.0014243718
0,0,0.0009445093
0,0,0.051385425
0,0,0.21413945
0,0,0.00021991646
0,0,0.007304835
0,0,0.059007246
0,0,0.0033839731
0,0,0.08488623
0,1,0.6058962
0,0,0.13943163
0,0,0.0005272769
0,0,0.22069082
0,1,0.9775335
0,0,0.005228941
0,0,0.0056627644
0,0,0.0018384956
0,0,0.0014475721
0,0,0.009424734
0,0,0.49992415
0,0,0.00036579775
0,0,0.26710537
0,0,0.0036669753
0,1,0.535486
0,1,0.56488705
0,0,0.31090283
0,0,0.0007184363
0,0,0.04821684
0,0,0.00455713
0,1,0.88017905
0,0,0.2101763
0,0,0.0140269
0,0,0.00014394383
0,0,0.0038074665
0,0,0.0012433657
0,0,0.0075357095
0,0,0.020558482
0,0,0.20620872
0,0,0.0027110428
0,0,0.034650948
0,0,0.004100586
0,0,0.008199831
0,0,0.010208622
0,0,0.0074075633
0,0,0.028954932
0,1,0.62674725
0,0,0.0007747877
0,1,0.56298816
0,0,0.009307164
0,1,0.9066463
0,0,0.00021141153
0,0,0.006068467
0,0,0.37117612
0,0,0.19016005
0,0,0.0028039601
0,0,0.04620037
0,0,0.25163433
0,1,0.77868783
0,1,0.84649473
0,0,0.0031341014
0,0,0.0013945318
0,1,0.99404484
0,0,0.02928172
0,0,0.001322807
0,0,0.0014802178
0,0,0.0025764666
0,1,0.9732588
0,0,0.00071457017
0,1,0.78689367
0,0,0.0012236784
0,0,0.0028010043
0,0,0.0003844077
0,0,0.0010653483
0,0,0.0007362002
0,0,0.00017965642
0,0,0.0077461298
0,0,0.0059271934
0,0,0.009205673
0,0,0.018930316
0,0,0.2683836
0,0,0.0024196554
0,0,0.002931542
0,1,0.7904896
0,0,0.03286583
0,0,0.001788679
0,0,0.46677005
0,0,0.003615534
0,0,0.10048271
0,0,0.046966128
0,0,0.0020609195
0,0,0.079865925
0,0,0.002166664
0,0,0.009263679
0,0,0.00021412218
0,1,0.9983192
0,0,0.15945984
0,0,0.07532042
0,0,0.00095124694
0,0,0.18655959
0,0,0.017576752
0,0,0.0035200699
0,0,0.021980276
0,0,0.13050131
0,0,0.2193496
0,0,0.031213878
0,0,0.022066893
0,0,7.813429e-05
0,1,0.9995851
0,0,0.009035928
0,0,0.0019361427
0,1,0.9496386
0,0,0.025287278
0,0,0.0020691934
0,0,0.01590507
0,0,0.036659572
0,1,0.9984445
0,0,0.2561928
0,0,0.021798246
0,0,0.005849326
0,0,0.009158235
0,0,0.25320777
0,1,0.8557965
0,0,0.0029441977
0,0,0.0950869
0,0,0.004417462
0,0,0.017326258
0,0,0.00034174664
0,0,0.004510671
0,0,0.00201799
0,0,0.002406297
0,0,0.17140199
0,1,0.7880236
0,0,0.021823557
0,1,0.7765429
0,0,0.0005305852
0,0,0.034370683
0,0,0.0010168281
0,1,0.9825081
0,0,0.0028275722
0,0,0.0775076
0,0,0.0010587369
0,0,0.012603069
0,1,0.91654575
0,0,0.15947525
0,1,0.99730456
0,0,0.26448524
0,1,0.58127993
0,0,0.0008654358
0,0,0.056771178
0,0,0.0009838754
0,0,0.037557755
0,0,0.057154592
0,0,0.013622718
0,0,0.0015435759
0,1,0.99969566
0,0,0.2597427
0,0,0.0069864495
0,0,0.07609771
0,0,0.08818301
0,0,0.035771318
0,0,0.15346664
0,0,0.0035019855
0,1,0.879295
0,0,0.022437362
0,0,0.0042175283
0,1,0.5364075
0,0,0.041094866
0,1,0.99986875
0,0,0.00086631975
0,0,0.035496484
0,1,0.6976245
0,0,0.010480097
0,0,0.0002510161
0,0,0.0027744293
0,0,0.008644275
0,0,0.0047702556
0,0,0.029797774
0,0,0.0006033453
0,0,0.00075626996
0,0,0.04800956
0,0,0.00048164057
0,0,0.17974034
0,0,0.0010840844
0,0,0.20797133
0,0,0.014678096
0,1,0.9972101
0,0,0.1273809
0,0,0.0009925342
0,0,0.009457226
0,0,0.037364
0,0,0.012444332
0,0,0.14361666
0,0,0.047215067
0,0,0.01304966
0,0,0.002253757
0,0,0.017680196
0,1,0.6446157
0,1,0.90902656
0,0,0.005872174
0,1,0.92280376
0,1,0.6313699
0,0,0.00032889863
0,0,0.006058932
0,1,0.88514847
0,0,0.028923882
0,0,0.018343458
0,0,0.0016106871
0,0,0.0049464228
0,0,0.06563314
0,0,0.10815007
0,0,0.000738527
0,0,0.00024052245
0,0,0.0021903731
0,0,0.011274617
0,0,0.0043371525
0,0,0.0040160646
0,0,0.021255497
0,0,0.16673562
0,0,0.07817266
0,0,0.0070201172
0,0,0.0013075765
0,0,0.0020501523
0,1,0.5330367
0,0,0.012843038
0,0,0.09884012
0,1,0.8150625
0,0,0.0009407297
0,0,0.060874414
0,1,0.99846184
0,0,0.036064345
0,1,0.83682615
0,0,0.012782394
0,0,0.0016902899
0,0,0.039432693
0,0,0.023283582
0,0,0.0017492123
0,0,0.011424665
0,0,0.051621288
0,0,0.019569326
0,0,0.02953047
0,1,0.67814076
0,0,0.12748341
0,1,0.8876569
0,0,0.46805122
0,1,0.83617634
0,0,0.04627333
0,0,0.0006166747
0,0,0.038185295
0,0,0.003161576
0,0,0.0014448328
0,0,0.11543548
0,0,0.017572116
0,1,0.99199134
0,0,0.0014142992
0,0,0.035339735
0,0,0.004539578
0,1,0.95335954
0,0,0.0026820672
0,0,0.0020463404
0,0,0.010024638
0,0,0.050189946
0,0,0.005496034
0,1,0.9938812
0,1,0.97768164
0,0,0.0074266326
0,1,0.9898078
0,0,0.019283
0,0,0.16991039
0,1,0.9970632
0,0,0.0027651147
0,1,0.9974376
0,0,0.0026110043
0,0,0.21810368
0,0,0.0045549716
0,0,0.002564503
0,0,0.011637846
0,0,0.017133728
0,1,0.76866776
0,0,0.3329218
0,0,0.0054136193
0,0,0.0036508404
0,1,0.98703057
0,1,0.6900198
0,0,0.00015857027
0,1,0.9534444
0,0,0.043507833
0,0,0.32065365
0,0,0.00096558797
0,1,0.66104513
0,0,0.0009161675
0,0,0.016728263
0,0,0.0019820745
0,0,0.066375725
0,0,0.0009651434
0,0,0.0020662833
0,0,0.08619524
0,0,0.0028214455
0,0,0.011351355
0,0,0.00032514776
0,0,0.008977909
0,0,0.17502071
0,0,0.008007645
0,0,0.0006322351
0,1,0.8926385
0,0,0.0013660861
0,0,0.00085277867
0,0,0.043876275
0,0,0.0014543212
0,0,0.00083996
0,0,0.027775759
0,0,0.006497429
0,1,0.9947253
0,0,0.12360426
0,1,0.9998031
0,0,0.12519336
0,0,0.1111966
0,0,0.007648381
0,0,0.004705806
0,0,0.30282223
0,1,0.998691
0,0,0.0008557082
0,0,0.066456385
0,0,0.0011583875
0,0,0.00065535743
0,0,0.0021215351
0,0,0.00034945327
0,0,0.0051332857
0,0,0.0048046038
0,0,0.002048319
0,0,0.29802188
0,1,0.889682
0,0,0.0012174913
0,1,0.77119124
0,1,0.9649564
0,0,0.002910166
0,0,0.0007153603
0,1,0.721675
0,0,0.22880001
0,0,0.0105449995
0,0,0.002547057
0,0,0.0018520119
0,1,0.88086176
0,0,0.010788007
0,0,0.007035823
0,0,0.0004672741
0,0,0.01082199
0,0,0.0067957486
0,0,0.05312198
0,1,0.9056677
0,1,0.7304845
0,0,0.3474518
0,0,0.004303497
0,0,0.02386949
0,1,0.99989605
0,0,0.0012451374
0,1,0.99879646
0,0,0.0011164487
0,0,0.13693567
0,0,0.0013657841
0,0,0.014449868
0,0,0.0006897345
0,0,0.008389216
0,1,0.9977035
0,0,0.050545096
0,0,0.3624938
0,0,0.0051821554
0,0,0.01831932
0,1,0.7223451
0,0,0.00020995471
0,0,0.024574328
0,0,0.07108611
0,0,0.00860385
0,0,0.00093572814
0,0,0.027464908
0,0,0.33134684
0,0,0.0027323826
0,0,0.0014425121
0,0,0.03859221
0,0,0.0010985573
0,0,0.049768418
0,1,0.99796414
0,0,0.00085824775
0,0,0.4313181
0,0,0.02599816
0,0,0.078426644
0,0,0.34358346
0,0,0.22728953
0,1,0.60020345
0,0,0.004500952
0,0,0.00019103671
0,0,0.0008827825
0,0,0.4528445
0,0,0.0051029455
0,0,0.36988333
0,0,0.02765072
0,0,0.04149302
0,0,0.007939695
0,0,0.0032045252
0,0,0.0017652115
0,0,0.015448286
0,0,0.00015407897
0,0,0.15468502
0,0,0.16474305
0,0,0.0006575483
0,0,0.015990417
0,0,0.35647032
0,1,0.9972573
0,0,0.0043885307
0,0,0.01000194
0,1,0.7434047
0,1,0.77725327
0,0,0.009985268
0,0,0.13213477
0,1,0.83864224
0,0,0.04603282
0,0,0.0007266433
0,0,0.007985183
0,0,0.0035063329
0,1,0.98330194
0,0,0.2092347
0,0,0.056536905
0,0,0.0014839112
0,1,0.8788858
0,1,0.9109824
0,0,0.27380288
0,1,0.510201
0,0,0.18463415
0,0,0.021275494
0,0,0.00063676503
0,0,0.028102823
0,0,0.25062168
0,0,0.16056414
0,0,0.09494784
0,0,0.013497761
0,0,0.0028581452
0,0,0.009901831
0,0,0.18113169
0,0,0.017262585
0,1,0.9296962
0,0,0.0076014833
0,0,0.008263736
0,0,0.42984885
0,1,0.92064875
0,0,0.0021410987
0,0,0.0006076197
0,0,0.018630104
0,0,0.0009139512
0,1,0.9997187
0,0,0.000634967
0,1,0.65266293
0,0,0.018588107
0,0,0.0006379788
0,0,0.0032630747
0,0,0.010981007
0,0,0.0012418472
0,1,0.778198
0,0,0.104522504
0,0,0.025714813
0,0,0.0008483124
0,0,0.0057105813
0,0,0.035515714
0,0,0.020069433
0,0,0.003958478
0,0,0.0020679652
0,0,0.0023559388
0,1,0.99953353
0,0,0.0009018054
0,1,0.5101482
0,0,0.014921621
0,0,0.052248407
0,1,0.9997148
0,0,0.0042319233
0,1,0.9442405
0,1,0.9158632
0,0,0.056254596
0,0,0.2520134
0,0,0.0736878
0,0,0.2489694
0,0,0.00070589175
0,1,0.7417233
0,0,0.21247482
0,0,0.00064738124
0,0,0.00015130025
0,1,0.99623966
0,1,0.86707866
0,0,0.02326999
0,1,0.7374605
0,0,0.04530395
0,0,0.0014969917
0,0,0.0024191514
0,1,0.9992594
0,0,0.35578862
0,0,0.0011756709
0,0,0.0011435525
0,0,0.082076445
0,0,0.027067075
0,0,0.057587303
0,0,0.006335237
0,1,0.87148046
0,0,0.10805749
0,0,0.018488074
0,0,0.0052673514
0,0,0.0057407697
0,0,0.049456984
0,0,0.008883985
0,0,0.022700062
0,0,0.0075104525
0,1,0.99968123
0,0,0.1343288
0,0,0.0352775
0,0,0.0013881339
0,1,0.9779219
0,0,0.00025438285
0,1,0.9227805
0,0,0.039068684
0,0,0.0051285247
0,0,0.01872525
0,0,0.37749624
0,0,0.3517991
0,0,0.038637925
0,1,0.986334
0,0,0.05040387
0,0,0.0015966638
0,0,0.0002563171
0,0,0.0033423412
0,0,0.0053466987
0,0,0.06330655
0,0,0.00031675745
0,0,0.013943368
0,0,0.010349292
0,0,0.003467379
0,0,0.001149772
0,0,0.0031352579
0,0,0.0009988605
0,1,0.53311557
0,0,0.067843966
0,1,0.9939645
0,0,0.009522301
0,0,0.38450885
0,0,0.20499085
0,0,0.009568411
0,0,0.116357125
0,0,0.0004332404
0,0,0.212608
0,0,0.014629782
0,0,9.302805e-05
0,0,0.12899011
0,0,0.23528771
0,0,0.016024953
0,0,0.034768607
0,1,0.8561918
0,0,0.00067414134
0,0,0.081351645
0,1,0.9999151
0,1,0.7161749
0,0,0.055831835
0,0,0.0010994751
0,0,0.027930412
0,0,0.010525451
0,1,0.74835277
0,1,0.93434197
0,0,0.0013864858
0,0,0.30243048
0,0,0.042686358
0,0,0.00086289016
0,1,0.98093694
0,0,0.084143266
0,0,0.015792452
0,0,0.0012371358
0,0,0.4804759
0,0,0.095617786
0,0,0.0011847115
0,1,0.55790025
0,0,0.007811171
0,0,0.011231939
0,0,0.0004077746
0,0,0.00063238037
0,0,0.04327997
0,0,0.005379302
0,0,0.00042605007
0,0,0.0032590604
0,0,0.0055668484
0,0,0.0010846355
0,1,0.70316714
0,0,0.08760011
0,0,0.18756555
0,0,0.013215837
0,0,0.00030321325
0,0,0.0035814967
0,0,0.014311548
0,0,0.0030015265
0,0,0.109944776
0,0,0.0043739867
0,0,0.01859394
0,0,0.06314054
0,0,0.480793
0,0,0.004971236
0,1,0.6992292
0,0,0.04327466
0,1,0.54449004
0,0,0.053574804
0,0,0.00015320876
0,0,0.06385598
0,0,0.04713315
0,0,0.13430446
0,0,0.035567485
0,0,0.011811852
0,0,0.12738504
0,0,0.000622071
0,0,0.005889784
0,0,0.00041795018
0,0,0.0074200057
0,0,0.31016466
0,0,0.0020051035
0,0,0.002589203
0,0,0.023779465
0,0,0.02058135
0,0,0.0002852853
0,0,0.0045186384
0,0,0.10727227
0,0,0.13516697
0,0,0.0019018069
0,0,0.025471237
0,0,0.00991469
0,1,0.60196203
0,0,0.029858269
0,0,0.44151866
0,0,0.006296815
0,0,0.26147214
0,0,0.0120230755
0,0,0.0002849925
0,0,0.004141061
0,0,0.022867912
0,0,0.00089320994
0,0,0.18926305
0,0,0.016607713
0,0,0.0018857553
0,0,0.018686784
0,0,0.007742111
0,1,0.75678205
0,0,0.010176447
0,0,0.001045985
0,0,0.0057956474
0,0,0.019088425
0,0,0.015881496
0,0,0.002247888
0,0,0.0014876234
0,0,0.08732827
0,0,0.008891049
0,0,0.00090777327
0,1,0.6136975
0,0,0.00022023836
0,1,0.76112247
0,1,0.59910846
0,0,0.023361865
0,0,0.0637399
0,1,0.6682188
0,0,0.0042170533
0,0,0.0206386
0,0,0.00043214465
0,1,0.5311454
0,1,0.9731607
0,0,0.001223066
0,1,0.95515645
0,0,0.012529691
0,1,0.67388916
0,0,0.34066916
0,0,0.033889577
0,1,0.99408287
0,0,0.11683532
0,1,0.5156867
0,1,0.79589933
0,1,0.99576914
0,0,0.0033899765
0,0,0.0022616973
0,0,0.18782346
0,0,0.00086128386
0,0,0.22037835
0,0,0.0013331053
0,0,0.063500196
0,0,0.43990892
0,0,0.00577407
0,0,0.0038607253
0,0,0.0038921596
0,0,0.031911742
0,1,0.834445
0,1,0.93451214
0,1,0.998019
0,0,0.06710389
0,0,0.00033313487
0,1,0.63024485
0,0,0.0041701477
0,0,0.092734665
0,0,0.005943497
0,0,0.0024532508
0,0,0.2110812
0,0,0.002654622
0,0,0.013851587
0,0,0.0030172993
0,0,0.0037835701
0,0,0.029860886
0,0,0.0042550033
0,1,0.7580524
0,0,0.013669721
0,0,0.0047049373
0,0,0.013546117
0,0,0.1401392
0,0,0.2097812
0,1,0.85010695
0,1,0.97324026
0,0,0.0015656459
0,0,0.0043049157
0,1,0.9991277
0,0,0.025105385
0,0,0.1817297
0,0,0.1304908
0,0,0.008299059
0,1,0.66496956
0,1,0.7720277
0,0,0.010475213
0,1,0.52619445
0,0,0.0007723299
0,0,0.047016326
0,0,0.00073717255
0,1,0.5785643
0,0,0.019058583
0,0,0.34449247
0,1,0.96848196
0,0,0.0035674346
0,0,0.023744324
0,0,0.022444224
0,1,0.5016197
0,0,0.15987547
0,0,0.0042442894
0,0,0.053367544
0,0,0.0070253205
0,0,0.09435448
0,0,0.04187556
0,0,0.0051571275
0,0,0.0348734
0,0,0.014769545
0,0,0.008049402
0,1,0.91882503
0,1,0.928399
0,0,0.00071224984
0,0,0.0011106785
0,0,0.020029785
0,0,0.0049185464
0,0,0.0005944575
0,0,0.00029751705
0,0,0.11778854
0,1,0.9721772
0,1,0.9995503
0,0,0.20078216
0,1,0.63299483
0,0,0.0034035165
0,0,0.002120088
0,1,0.73186946
0,0,0.00089663774
0,0,0.46421975
0,0,0.097715355
0,0,0.022416003
0,0,0.00092682935
0,0,0.0198729
0,0,0.31601945
0,0,0.116269276
0,0,0.003473525
0,0,0.014849629
0,0,0.47301605
0,0,0.16531704
0,0,0.25079176
0,0,0.12331365
0,0,0.054054104
0,0,0.0047273305
0,0,0.0002104249
0,0,0.2035505
0,0,0.007983084
0,0,0.004618236
0,0,0.0025554104
0,0,0.0016524257
0,0,0.0403876
0,1,0.73844653
0,0,0.017814968
0,0,0.0016126928
0,0,0.0023242307
0,0,0.16483173
0,0,0.00047468275
0,0,0.000372431
0,0,0.0054061413
0,0,0.12288578
0,0,0.011010731
0,0,0.0026921548
0,0,0.08704253
0,0,0.10378965
0,0,0.003578816
0,1,0.8274337
0,1,0.89096457
0,1,0.6986933
0,0,0.00056821917
0,0,0.038780272
0,0,0.0008836317
0,0,0.0005048005
0,1,0.98624426
0,0,0.07972329
0,0,0.00017061051
0,0,0.034576748
0,0,0.0015356475
0,1,0.89249253
0,0,0.09115618
0,0,0.0010389022
0,0,0.0060200565
0,0,0.0021124824
0,0,0.009559544
0,0,0.13694434
0,0,0.44512263
0,0,0.4824613
0,1,0.92540383
0,0,0.0002715352
0,0,0.00035926347
0,0,0.0010558406
0,1,0.94491535
0,0,0.0014437606
0,1,0.9760922
0,0,0.032799166
0,0,0.041642938
0,0,0.010655064
0,0,0.0068116914
0,0,0.023154749
0,1,0.9895348
0,0,0.004712694
0,0,0.00060273946
0,0,0.019735368
0,0,0.16710651
0,0,0.0016785731
0,0,0.00015339439
0,0,0.014718605
0,0,0.040851954
0,0,0.070326604
0,0,0.30006823
0,0,0.008294136
0,1,0.9994702
0,0,0.005506808
0,0,0.0056183264
0,0,0.110463396
0,0,0.009500375
0,0,0.17073603
0,0,0.0028376929
0,0,0.01508233
0,0,0.003345456
0,0,0.0060059526
0,0,0.06080956
0,0,0.008526362
0,0,0.00069397304
0,0,0.2450908
0,0,0.037579197
0,0,0.0006322447
0,0,0.25133646
0,0,0.030317746
0,0,0.0009911932
0,0,0.3077798
0,1,0.9707936
0,0,0.001407581
0,0,0.0047838185
0,0,0.0072423597
0,1,0.9964282
0,0,0.012288946
0,0,0.29270846
0,0,0.019801486
0,0,0.00083168637
0,0,0.00037537527
0,0,0.025978079
0,1,0.77287346
0,0,0.016813884
0,0,0.0010076291
0,0,0.092606746
0,1,0.9924063
0,0,0.02696401
0,1,0.939121
0,0,0.0015793279
0,0,0.0011914723
0,0,0.4188933
0,0,0.017929096
0,0,0.010132124
0,1,0.9628779
0,0,0.0219401
0,1,0.9221696
0,0,0.0035891319
0,0,0.0044741957
0,0,0.0021316325
0,0,0.0024172168
0,0,0.03332183
0,0,0.007295484
0,0,0.0020822373
0,0,0.0031592986
0,0,0.032934345
0,0,0.006194786
0,0,0.00699811
0,1,0.94217795
0,1,0.95325166
0,0,0.016113771
0,0,0.006219825
0,0,0.0044240267
0,0,0.22073558
0,0,0.26363444
0,0,0.06585722
0,0,0.14074923
0,0,0.35314366
0,0,0.45732692
0,0,0.0031492321
0,0,0.008811187
0,0,0.0036537382
0,0,0.025779415
0,0,0.0013069012
0,1,0.9617043
0,0,0.00015407427
0,0,0.00037267627
0,0,0.0037638647
0,0,0.017530799
0,0,0.05347601
0,0,0.00073226227
0,0,0.004048162
0,0,0.0008061113
0,0,0.07155555
0,1,0.5066002
0,0,0.011591073
0,0,0.0028822538
0,0,0.00016161405
0,0,0.01811644
0,1,0.745095
0,0,0.050264444
0,1,0.75329626
0,0,0.024469426
0,0,0.0681106
0,0,0.026942562
0,1,0.5506685
0,0,0.003693639
0,0,0.0022792674
0,0,0.007482497
0,0,0.0009907656
0,0,0.0017596461
0,0,0.17910959
0,0,0.025040565
0,0,0.027275832
0,0,0.113741316
0,0,0.0046157725
0,0,0.0015543901
0,0,0.0020658604
0,0,0.0029681162
0,1,0.95887864
0,0,0.0014976057
0,0,0.018516645
0,1,0.99756205
0,1,0.624282
0,0,0.00037565915
0,0,0.0015019558
0,0,0.0033350314
0,0,0.03680253
0,0,0.0067786635
0,0,0.11515667
0,0,0.004311612
0,0,0.013026171
0,0,0.0057472563
0,0,0.08148335
0,0,0.011254897
0,0,0.0008830164
0,0,0.014483842
0,0,0.0043919403
0,0,0.0022032168
0,0,0.0008053872
0,0,0.030484144
0,0,0.032338247
0,0,0.23878922
0,1,0.82782745
0,0,0.0040446455
0,1,0.9545202
0,1,0.7460298
0,1,0.68287784
0,0,0.0003842767
0,0,0.000502071
0,0,0.024211701
0,0,0.024450408
0,0,0.010154936
0,0,0.14321794
0,0,0.020222347
0,0,0.42109728
0,0,0.0011324724
0,1,0.6957885
0,0,0.0042005903
0,0,0.12638907
0,0,0.12706663
0,0,0.038466766
0,0,0.007787865
0,0,0.099545605
0,0,0.0037386017
0,0,0.002746794
0,0,0.084925234
0,0,0.025413109
0,0,0.08147357
0,0,0.02187041
0,0,0.0051996983
0,0,0.008535085
0,0,0.0037259297
0,0,0.09625985
0,1,0.9929565
0,0,0.014256917
0,0,0.05489967
0,0,0.0013452985
0,0,0.001304598
0,1,0.9956969
0,0,0.00043110884
0,0,0.0123875635
0,0,0.008037402
0,0,0.08542306
0,0,0.0030209483
0,0,0.022855397
0,0,0.000785086
0,0,0.025780667
0,0,0.00015889827
0,0,0.003309005
0,0,0.005970094
0,0,0.0001467297
0,1,0.9914772
0,0,0.00198708
0,0,0.0015671387
0,0,0.2315693
0,0,0.05534535
0,0,0.005483845
0,0,0.0012586748
0,0,0.1369607
0,0,0.0023990304
0,0,0.47490504
0,0,0.017966101
0,0,0.0037467177
0,1,0.9251008
0,0,0.00015841084
0,0,0.003917018
0,0,0.006492722
0,1,0.6999276
0,0,0.0025266656
0,0,0.0025699534
0,0,0.23112646
0,0,0.024203375
0,0,0.0028856487
0,0,0.20668693
0,1,0.79031
0,0,0.046334807
0,0,0.006863297
0,0,0.0003135794
0,0,0.004391615
0,0,0.000951906
0,0,0.01097324
0,1,0.5061395
0,0,0.037212305
0,0,0.0034382264
0,0,0.42086634
0,0,0.0031480226
0,0,0.00662448
0,0,0.02096662
0,0,0.0029396021
0,1,0.97038496
0,1,0.9788922
0,0,0.00061667914
0,0,0.008449266
0,1,0.95660007
0,0,0.0010251777
0,1,0.97384137
0,0,0.001154201
0,1,0.9377168
0,0,0.0076542688
0,0,0.036707234
0,0,0.00044731033
0,1,0.92010635
0,0,0.00078234106
0,0,0.03461228
0,0,0.017376365
0,1,0.9442895
0,0,0.048383716
0,0,0.00028950488
0,0,0.25502834
0,0,0.24495335
0,0,0.026317308
0,0,0.052593984
0,0,0.034410216
0,0,0.05201774
0,0,0.016596228
0,0,0.0006497065
0,0,0.1789891
0,0,0.0014055785
0,0,0.02156012
0,0,0.0010151153
0,1,0.9995121
0,1,0.9725428
0,0,0.0010156048
0,0,0.00036377154
0,0,0.0010527546
0,0,0.0004523515
0,0,0.010333389
0,0,0.00057591475
0,0,0.0005768759
0,0,0.03684583
0,0,0.00016067938
0,1,0.55143815
0,0,0.00088310346
0,0,0.0065976894
0,0,0.00034782742
0,1,0.96996385
0,0,0.0009797688
0,0,0.0045934278
0,0,0.0035015028
0,0,0.0129506765
0,0,0.0022220733
0,1,0.7939989
0,1,0.9805666
0,0,0.03995403
0,0,0.020489482
0,0,0.00914784
0,0,0.046952534
0,0,0.087375134
0,0,0.0001298789
0,0,0.26076406
0,0,0.0002625498
0,0,0.009988521
0,0,0.225889
0,0,0.00044147274
0,0,0.0007242631
0,0,0.004442032
0,0,0.05346453
0,1,0.999263
0,0,0.00079505343
0,0,0.002772683
0,0,0.0013035217
0,0,0.0031840191
0,1,0.93068373
0,0,0.0043812925
0,0,0.002416428
0,0,0.006957806
0,0,0.026091306
0,1,0.99778867
0,0,0.0023623777
0,0,0.44985726
0,1,0.831705
0,0,0.006564137
0,0,0.011245838
0,1,0.8723301
0,0,0.011576479
0,0,0.109809674
0,0,0.18852735
0,0,0.10239941
0,0,0.0005420457
0,0,0.006515171
0,0,0.0055496204
0,0,0.002005903
0,0,0.039465174
0,0,0.0005263945
0,0,0.016011776
0,0,0.0053902827
0,0,0.035880987
0,0,0.33558288
0,0,0.045273554
0,0,0.10567317
0,0,0.032256633
0,0,0.0014368513
0,0,0.0073548863
0,0,0.49269882
0,0,0.0062769568
0,1,0.9998104
0,0,0.020430148
0,1,0.71138865
0,0,0.06440515
0,1,0.9781673
0,0,0.0015553287
0,1,0.9291919
0,0,0.008071194
0,0,0.0009838388
0,0,0.0010573168
0,0,0.02217215
0,0,0.105035774
0,0,0.017535284
0,0,0.0011172555
0,0,0.23891972
0,0,0.027577225
0,0,0.0015758452
0,0,0.049173463
0,0,0.0011663496
0,0,0.0075631477
0,0,0.003404542
0,0,0.0023044178
0,0,0.01809053
0,0,0.027222166
0,0,0.0033289727
0,0,0.021825956
0,1,0.7195592
0,0,0.0040090936
0,0,0.023326313
0,0,0.11216345
0,1,0.8792924
0,0,0.12622957
0,0,0.0024750293
0,0,0.037655495
0,1,0.5962036
0,0,0.033273093
0,0,0.014315113
0,0,0.3991226
0,0,0.0044997428
0,1,0.89183104
0,0,0.0012314521
0,0,0.0029431204
0,0,0.00042996483
0,0,0.01128284
0,0,0.0022209266
0,1,0.8697401
0,0,0.00055913534
0,1,0.62806404
0,1,0.99821424
0,0,0.003203887
0,0,0.002395551
0,0,0.03895265
0,0,0.049068384
0,0,0.0074297935
0,0,0.0019462319
0,0,0.0049042306
0,0,0.10008341
0,0,0.0031395108
0,0,0.0025212995
0,1,0.98899263
0,0,0.00035417578
0,0,0.0018079412
0,0,0.002691072
0,0,0.06560664
0,0,0.01060614
0,0,0.009304329
0,0,0.00017191822
0,0,0.016359983
0,0,0.0011480843
0,0,0.0007115263
0,1,0.9963619
0,0,0.037982423
0,0,0.003214682
0,1,0.95715827
0,0,0.008473481
0,0,0.0031155078
0,0,0.013906987
0,0,0.010200482
0,0,0.0062970477
0,0,0.0023754488
0,0,0.0013719702
0,0,0.0118065765
0,0,0.0019984504
0,0,0.038513098
0,1,0.6201642
0,0,0.12713921
0,0,0.1352378
0,0,0.010402393
0,0,0.018483812
0,0,0.27170703
0,0,0.0002512486
0,0,0.032802373
0,0,0.00053995056
0,1,0.71096563
0,0,0.025972813
0,0,0.0015617991
0,0,0.0035290446
0,0,0.03355816
0,0,0.3698695
0,0,0.001720796
0,0,0.0023729275
0,0,0.0028423027
0,0,0.12963745
0,0,0.00083153136
0,0,0.004756645
0,0,0.384672
0,0,0.08659706
0,0,0.0006924315
0,0,0.012321968
0,0,0.0012202011
0,0,0.018213637
0,0,0.0008480642
0,0,0.31555933
0,1,0.86109
0,0,0.01077761
0,0,0.04726839
0,0,0.0038634976
0,1,0.99799514
0,0,0.14709197
0,0,0.0046979734
0,1,0.869989
0,0,0.00044958387
0,0,0.007025408
0,0,0.0010640925
0,0,0.01794166
0,0,0.054215085
0,0,0.01527521
0,0,0.009372979
0,0,0.014769296
0,0,0.0024553486
0,0,0.008295509
0,0,0.00031355818
0,0,0.00076704315
0,0,0.30282274
0,0,0.0013471133
0,1,0.981669
0,1,0.9983553
0,0,0.11813053
0,0,0.19330579
0,0,0.0014591779
0,0,0.0834141
0,0,0.0020614357
0,0,0.085638694
0,0,0.004024918
0,1,0.76142365
0,1,0.99566597
0,0,0.0016864642
0,0,0.014034387
0,1,0.99848783
0,1,0.79370856
0,1,0.9992379
0,0,0.00041091966
0,0,0.0005522307
0,0,0.026057735
0,0,0.010366336
0,0,0.0034306406
0,0,0.0010514461
0,1,0.802815
0,0,0.004965406
0,0,0.002161853
0,1,0.99988484
0,0,0.001338091
0,0,0.116490304
0,0,0.0038034227
0,0,0.26684928
0,1,0.99908686
0,0,0.0014473035
0,0,0.0007125071
0,0,0.05360615
0,0,0.0008243521
0,0,0.0008592206
0,0,0.0020782126
0,0,0.007796838
0,0,0.012850906
0,1,0.5058633
0,0,0.011607829
0,1,0.60231495
0,0,0.25438663
0,0,0.002463026
0,1,0.88324064
0,1,0.7763657
0,0,0.047051635
0,0,0.025100071
0,0,0.0035293882
0,0,0.009953089
0,0,0.048862133
0,0,0.0003480998
0,0,0.0020520068
0,0,0.41736922
0,0,0.008450501
0,0,0.005798039
0,1,0.5701143
0,0,0.1979212
0,0,0.17228837
0,1,0.9027182
0,0,0.45906553
0,0,0.0032437397
0,0,0.0007274269
0,0,0.014069195
0,0,0.0009587748
0,0,0.026298426
0,1,0.93712866
0,0,0.0064925314
0,0,0.013281072
0,0,0.052894864
0,0,0.030132413
0,0,0.29906243
0,1,0.9989951
0,0,0.016851058
0,0,0.010236207
0,0,0.034611512
0,0,0.0035974444
0,0,0.06539954
0,0,0.12557471
0,0,0.0016896013
0,0,0.0857036
0,0,0.012385762
0,0,0.030858167
0,0,0.0009421437
0,0,0.1135879
0,0,0.009846582
0,0,0.06736827
0,0,0.008041221
0,0,0.0011550538
0,0,0.0026986173
0,1,0.59410876
0,0,0.001303209
0,0,0.007906285
0,1,0.9742788
0,0,0.084550686
0,0,0.10526017
0,0,0.10116877
0,1,0.96462274
0,0,0.030743605
0,0,0.12996559
0,0,0.010587549
0,0,0.002530774
0,0,0.0012081872
0,0,0.018849738
0,0,0.004720291
0,1,0.63071436
0,0,0.0017187855
0,0,0.0040464476
0,0,0.029537752
0,0,0.157084
0,1,0.5187681
0,0,0.005721625
0,0,0.0024011242
0,0,0.0051480685
0,0,0.07146587
0,0,0.002326029
0,0,0.0023616743
0,1,0.96688974
0,1,0.77552205
0,0,0.0012264602
0,0,0.00050591474
0,0,0.44396067
0,0,0.047276087
0,0,0.00070279534
0,0,0.00031927027
0,0,0.011287383
0,0,0.020537857
0,1,0.9805099
0,0,0.077379026
0,1,0.92045087
0,1,0.99981993
0,0,0.00159277
0,0,0.25452977
0,0,0.003672326
0,0,0.22433777
0,0,0.020044813
0,0,0.04025526
0,0,0.03543698
0,0,0.17617252
0,0,0.01074198
0,0,0.06563688
0,0,0.007726288
0,0,0.0049009896
0,0,0.00075964816
0,1,0.99104345
0,0,0.009265453
0,0,0.0028636875
0,1,0.95315784
0,0,0.00024951
0,0,0.016055552
0,0,0.0043741884
0,1,0.9602289
0,0,0.028286133
0,1,0.9971411
0,0,0.14973111
0,0,0.42487177
0,0,0.012157114
0,0,0.0072910795
0,1,0.62061095
0,0,0.40607753
0,0,0.0866399
0,0,0.0026756362
0,0,0.00044927988
0,0,0.0005562511
0,0,0.0054930947
0,0,0.00024789543
0,0,0.13702779
0,0,0.0063879574
0,1,0.96209794
0,0,0.0058169807
0,0,0.0017463105
0,1,0.9983553
0,0,0.002475889
0,0,0.48847762
0,0,0.0035131022
0,0,0.32382268
0,0,0.01613114
0,0,0.016918005
0,0,0.0005833807
0,0,0.002543712
0,0,0.063614614
0,1,0.72925323
0,0,0.2730893
0,1,0.5834731
0,1,0.9988469
0,0,0.0021348605
0,0,0.006554598
0,0,0.0015417845
0,0,0.016743015
0,0,0.075389944
0,0,0.025784554
0,0,0.014745577
0,0,0.0017212795
0,0,0.02881336
0,0,0.00046447685
0,1,0.99824166
0,0,0.17963216
0,0,0.00013387982
0,0,0.24067318
0,0,0.0028809935
0,0,0.0054804184
0,0,0.008567472
0,0,0.000793989
0,1,0.88833785
0,0,0.25569692
0,0,0.29013637
0,0,0.048977073
0,1,0.9787648
0,0,0.11229098
0,0,0.0017896846
0,0,0.008144423
0,0,0.0019839562
0,0,0.0300172
0,0,0.0036397043
0,0,0.1002629
0,0,0.00018234679
0,1,0.5430232
0,0,0.0992826
0,0,0.05409472
0,0,0.09310241
0,0,0.009813
0,1,0.6096105
0,0,0.0007566427
0,1,0.52515185
0,0,0.048666064
0,1,0.9935735
0,0,0.0057939533
0,1,0.80773216
0,0,0.0004513756
0,0,0.26376346
0,0,0.0038733224
0,0,0.042734694
0,1,0.59091985
0,0,0.00065084134
0,0,0.001810393
0,1,0.86095446
0,0,0.110509016
0,0,0.0024461534
0,0,0.008759776
0,0,0.05538642
0,0,0.0014695326
0,0,0.009114142
0,0,0.25504094
0,0,0.007498364
0,1,0.9692871
0,0,0.003942582
0,0,0.00026525886
0,1,0.9236484
0,0,0.11410938
0,0,0.15056306
0,0,0.00017513767
0,0,0.24172114
0,0,0.0042220745
0,0,0.0015457821
0,1,0.5264279
0,0,0.17336631
0,0,0.07261401
0,0,0.062282313
0,0,0.024019672
0,0,0.0050498894
0,0,0.00034763783
0,0,0.0030617556
0,0,0.00017762367
0,0,0.00480654
0,1,0.8089386
0,0,0.19830224
0,0,0.0050448272
0,0,0.03345564
0,0,0.015443921
0,0,0.018300232
0,0,0.00037162393
0,1,0.9827229
0,0,0.00017974517
0,0,0.00061218604
0,0,0.0035974719
0,0,0.006511888
0,0,0.014184136
0,0,0.023557095
0,0,0.4436418
0,0,0.005022089
0,0,0.2613032
0,0,0.06393372
0,0,0.0054190997
0,0,0.08183262
0,0,0.0018992778
0,1,0.95130193
0,0,0.35015163
0,0,0.07192314
0,0,0.0020698437
0,0,0.0054176496
0,1,0.971599
0,0,0.0020119988
0,0,0.07327138
0,0,0.019026954
0,0,0.053455103
0,0,0.04189067
0,0,0.0047100643
0,0,0.12333724
0,0,0.0005506583
0,0,0.48470876
0,0,0.008469724
0,0,0.0063757203
0,0,0.0018110058
0,0,0.019553421
0,0,0.0074384166
0,0,0.09145634
0,0,0.00069954485
0,0,0.0009819639
0,0,0.04550603
0,0,0.013665575
0,0,0.00485022
0,1,0.72998196
0,0,0.010006369
0,0,0.24705371
0,0,0.0013240654
0,0,0.040043104
0,1,0.9378748
0,0,0.3665545
0,0,0.43924442
0,0,0.00027208508
0,0,0.09311125
0,0,0.12768169
0,0,0.010686103
0,1,0.9987941
0,0,0.005708581
0,0,0.0012398385
0,0,0.42568925
0,1,0.9878649
0,0,0.28401715
0,0,0.0056534978
0,1,0.6637555
0,1,0.90452284
0,0,0.0038606594
0,0,0.013823094
0,0,0.0014826363
0,0,0.04306666
0,0,0.0014361866
0,1,0.82260257
0,0,0.017132074
0,0,0.0018386584
0,0,0.0018902097
0,1,0.58434767
0,0,0.00042018908
0,0,0.43123716
0,1,0.5003076
0,1,0.8095531
0,1,0.73497564
0,1,0.99595755
0,0,0.0173219
0,1,0.9975279
0,0,0.008586135
0,1,0.593437
0,0,0.0006491483
0,0,0.37418726
0,0,0.49906433
0,0,0.07617352
0,1,0.99532145
0,0,0.003013839
0,0,0.021337375
0,0,0.19906889
0,0,0.04466707
0,0,0.00019896733
0,1,0.66224474
0,0,0.20800349
0,0,0.0013143064
0,0,0.010674122
0,0,0.14058127
0,0,0.0011140842
0,0,0.05463702
0,0,0.0008102858
0,0,0.12065591
0,0,0.011123549
0,0,0.15019998
0,0,0.0033715775
0,0,0.08223732
0,0,0.0020640034
0,0,0.008982449
0,0,0.013054173
0,1,0.53935605
0,0,0.0012138867
0,0,0.0025331008
0,0,0.0013556179
0,0,0.050472133
0,0,0.069579266
0,0,0.021233048
0,1,0.5840503
0,0,0.0032648863
0,0,0.005375461
0,0,0.21713747
0,0,0.005981036
0,0,0.44641647
0,0,0.0010043944
0,1,0.9991215
0,0,0.0028041066
0,1,0.7485837
0,0,0.08322602
0,1,0.65187323
0,1,0.94952285
0,0,0.45787513
0,0,0.010047833
0,0,0.45670423
0,0,0.0008947853
0,0,0.07457112
0,1,0.71065843
0,0,0.0056687356
0,1,0.9486589
0,0,0.20114808
0,0,0.16494963
0,0,0.15055507
0,0,0.007868736
0,1,0.9426725
0,0,0.0010861182
0,0,0.0003046798
0,0,0.035978492
0,0,0.49351442
0,0,0.008570699
0,1,0.94180626
0,0,0.047719926
0,1,0.9880378
0,0,0.22352046
0,0,0.10843887
0,0,0.18032798
0,0,0.0005836717
0,0,0.0026057963
0,0,0.0054567643
0,0,0.024995254
0,1,0.9983912
0,0,0.0005863095
0,0,0.035445813
0,0,0.012415842
0,0,0.05935624
0,0,0.00080875575
0,0,0.0020327417
0,0,0.0014644155
0,0,0.0014414232
0,0,0.017609907
0,0,0.002556507
0,0,0.004548287
0,0,0.0025726943
0,0,0.0056166747
0,0,0.0035501972
0,0,0.22129342
0,0,0.0045489175
0,0,0.0024228161
0,0,0.001059893
0,0,0.00070867623
0,0,0.0057197046
0,0,0.031463288
0,0,0.0018551102
0,0,0.005474597
0,0,0.010265205
0,0,0.36383727
0,0,0.010252694
0,1,0.54876435
0,0,0.0021506555
0,1,0.99415827
0,0,0.0605621
0,0,0.0035882967
0,1,0.54261553
0,1,0.8875767
0,0,0.0049407957
0,0,0.00046316686
0,0,0.0049382593
0,0,0.0013769299
0,0,0.0018515447
0,0,0.0018697022
0,0,0.001730517
0,1,0.9757238
0,0,0.0029615585
0,0,0.0022084625
0,1,0.6765973
0,0,0.063652486
0,0,0.0152334925
0,0,0.33213043
0,0,0.00075669895
0,0,0.021243677
0,0,0.343332
0,0,0.039185256
0,0,0.0077801575
0,0,0.0049141003
0,0,0.0074664224
0,1,0.76359606
0,0,0.004785542
0,0,0.0023833467
0,0,0.0055614607
0,0,0.31418395
0,1,0.70820546
0,0,0.004704126
0,0,0.0057712323
0,0,0.03087967
0,0,0.0025839242
0,1,0.99085534
0,0,0.012899922
0,1,0.5146265
0,0,0.036870595
0,0,0.00078980386
0,1,0.8346318
0,0,0.00034045742
0,1,0.83234406
0,0,0.00033503314
0,0,0.12905388
0,1,0.84165245
0,0,0.0013149781
0,0,0.003417807
0,0,0.0012200308
0,0,0.466552
0,0,0.011261719
0,0,0.0004528377
0,0,0.0031419178
0,0,0.00019338679
0,1,0.99988663
0,0,0.062386606
0,0,0.008467618
0,0,0.0002936549
0,1,0.50619817
0,1,0.9863317
0,1,0.9646502
0,1,0.82185125
0,0,0.027418077
0,0,0.0065979552
0,0,0.017325489
0,1,0.530981
0,1,0.5533967
0,0,0.3961209
0,0,0.06992903
0,0,0.35887915
0,0,0.0016431911
0,0,0.040568087
0,0,0.0013470312
0,0,0.0026169985
0,0,0.0003719616
0,0,0.034656215
0,0,0.0018863112
0,0,0.029789446
0,0,0.0043717534
0,0,0.005421242
0,0,0.015983567
0,0,0.19606987
0,0,0.0043946123
0,1,0.86904776
0,0,0.051232588
0,0,0.086467005
0,0,0.00412523
0,1,0.99580586
0,0,0.19826008
0,0,0.07454578
0,0,0.031079277
0,0,0.019845273
0,0,0.0011387119
0,0,0.00085463264
0,0,0.00052480784
0,0,0.0007205235
0,0,0.00050484505
0,0,0.0105927745
0,0,0.0009793927
0,1,0.61201507
0,0,0.0003155783
0,0,0.004964388
0,0,0.0021785183
0,0,0.027299883
0,0,0.0027249998
0,0,0.037319627
0,0,0.026903277
0,0,0.29321697
0,0,0.002817421
0,0,0.009887247
0,0,0.018747237
0,0,0.004268291
0,0,0.12148278
0,0,0.0009271623
0,0,0.0129960505
0,0,0.02249647
0,0,0.0017298738
0,0,0.005327157
0,1,0.5685501
0,0,0.00089423085
0,0,0.0059227142
0,0,0.23647282
0,0,0.0006583297
0,0,0.00087985315
0,0,0.0037992024
0,0,0.0031219802
0,0,0.19019724
0,0,0.084350355
0,0,0.0018749421
0,0,0.009783733
0,0,0.0016663127
0,1,0.9987878
0,0,0.00032529657
0,0,0.13896027
0,0,0.00063280656
0,1,0.8484149
0,0,0.0005038199
0,0,0.0033243734
0,0,0.0003255668
0,1,0.53165126
0,0,0.0046234946
0,1,0.9817147
0,1,0.9874879
0,0,0.46359876
0,1,0.56418264
0,0,0.006636571
0,0,0.0013828541
0,1,0.8754366
0,0,0.00089873024
0,0,0.0172182
0,0,0.0018005677
0,0,0.000752857
0,0,0.001327048
0,0,0.047993515
0,0,0.49541518
0,0,0.008934246
0,1,0.9963689
0,0,0.0004745683
0,0,0.0010572211
0,0,0.0009089642
0,0,0.029134657
0,0,0.017153254
0,1,0.53383464
0,1,0.95426005
0,0,0.008952666
0,0,0.0010659117
0,0,0.00015061564
0,0,0.0009845945
0,1,0.95930225
0,0,0.0005264497
0,1,0.99745685
0,0,0.00020359132
0,1,0.75872624
0,0,0.013195524
0,0,0.003230281
0,0,0.03450233
0,0,0.015288254
0,0,0.0034537676
0,0,0.06567784
0,1,0.6569739
0,0,0.1551736
0,1,0.95714974
0,0,0.021974426
0,1,0.9963372
0,0,0.0012934819
0,0,0.08887614
0,0,0.073267646
0,0,0.007424348
0,0,0.0039485786
0,0,0.0011462594
0,0,0.00075095025
0,0,0.25233904
0,0,0.0016080193
0,1,0.72958887
0,1,0.9952192
0,1,0.71962905
0,0,0.0132328
0,0,0.027192306
0,0,0.094693765
0,1,0.98716754
0,1,0.9961964
0,1,0.9383983
0,0,0.00057310896
0,0,0.0006174498
0,0,0.0013036695
0,0,0.09449002
0,0,0.0005136288
0,0,0.01244371
0,1,0.6143705
0,0,0.00037135038
0,0,0.20089297
0,0,0.0031765022
0,0,0.035435706
0,1,0.6450837
0,1,0.9955597
0,1,0.9646704
0,1,0.7481322
0,0,0.019859642
0,0,0.038679738
0,0,0.030629154
0,0,0.015413289
0,0,0.00089299533
0,0,0.045855876
0,1,0.97560364
0,0,0.008025615
0,1,0.5086679
0,0,0.009217606
0,0,0.0029952943
0,0,0.0023630003
0,1,0.7144132
0,0,0.033758305
0,0,0.16521291
0,0,0.00060033787
0,1,0.8732211
0,0,0.24169052
0,1,0.7618174
0,1,0.9281522
0,0,0.025411915
0,0,0.00073626894
0,0,0.0597881
0,0,0.0019345116
0,1,0.9183954
0,0,0.004966947
0,0,0.007186007
0,0,0.007936575
0,0,0.000674399
0,0,0.0024333051
0,0,0.111233525
0,0,0.20563929
0,0,0.008381207
0,1,0.8904202
0,0,0.0004945412
0,0,0.0034148342
0,1,0.94298637
0,0,0.018522598
0,1,0.83310026
0,0,0.029708175
0,0,0.0011548756
0,0,0.037625346
0,0,0.0015653925
0,0,0.11419921
0,0,0.010280143
0,0,0.063219056
0,0,0.0011712349
0,0,0.08637212
0,0,0.02369716
0,0,0.00878762
0,0,0.02111627
0,0,0.0024143138
0,0,0.012393026
0,0,0.00036621283
0,1,0.9772191
0,0,0.0041039805
0,0,0.018448591
0,0,0.0015799694
0,0,0.0009751433
0,0,0.080742724
0,1,0.99942917
0,1,0.5883249
0,0,6.877684e-05
0,0,0.05837845
0,0,0.0013830727
0,1,0.95825934
0,0,0.12796558
0,1,0.6362254
0,0,0.3820152
0,0,0.25112128
0,0,0.35863915
0,1,0.9164317
0,1,0.99387
0,0,0.001269339
0,0,0.001160847
0,0,0.0023692641
0,1,0.96524405
0,0,0.013914236
0,0,0.0077107553
0,0,0.0014928915
0,0,0.14756227
0,0,0.006464629
0,0,0.0155627765
0,1,0.955809
0,0,0.014925357
0,0,0.26550552
0,0,0.00040976
0,0,0.13438869
0,1,0.7930831
0,0,0.0075078374
0,0,0.0007000234
0,0,0.030034881
0,0,0.0009154942
0,0,0.012907484
0,0,0.00020582872
0,0,0.21735384
0,0,0.00019397204
0,0,0.01290647
0,0,0.0022703714
0,0,0.027631117
0,0,0.0040747332
0,0,0.013012564
0,0,0.0010337555
0,0,0.017382227
0,0,0.46569967
0,0,0.0009887824
0,0,0.035999812
0,0,0.0018114437
0,1,0.98141885
0,0,0.025905361
0,0,0.05740749
0,0,0.07269528
0,0,0.068724275
0,0,0.18237035
0,0,0.0026065984
0,1,0.9927402
0,0,0.0059331865
0,1,0.997701
0,1,0.777452
0,1,0.774524
0,1,0.58300525
0,0,0.003311198
0,0,0.22212727
0,1,0.99542
0,0,0.0013697598
0,1,0.9637048
0,0,0.00066028215
0,1,0.97027403
0,0,0.06537464
0,0,0.001565451
0,0,0.00013887417
0,0,0.0006918978
0,0,0.09689253
0,1,0.99919957
0,0,0.001122344
0,0,0.000660522
0,0,0.0029806588
0,0,0.00023405188
0,0,0.0012847033
0,0,0.10487219
0,0,0.017518813
0,1,0.9929382
0,0,0.41087732
0,0,0.0030127359
0,1,0.9441425
0,0,0.01882418
0,0,0.007571241
0,0,0.00551835
0,0,0.011459811
0,0,0.0012936229
0,0,0.034875378
0,1,0.6405742
0,0,0.019237965
0,0,0.00090712175
0,0,0.043143753
0,0,0.0040766606
0,0,0.003224827
0,0,0.008952971
0,0,0.04223797
0,0,0.0106385555
0,0,0.0032818613
0,0,0.0001575483
0,1,0.9810564
0,0,0.0003508494
0,1,0.9928646
0,0,0.0029145689
0,0,0.46538192
0,1,0.65885323
0,1,0.685275
0,0,0.028905418
0,0,0.0021885377
0,0,0.00072612416
0,0,0.00050545536
0,0,0.28554416
0,1,0.63529223
0,0,0.018112032
0,0,0.01936712
0,0,0.002839809
0,1,0.9514403
0,0,0.0011331701
0,0,0.0788187
0,1,0.9860926
0,0,0.006609178
0,0,0.001357744
0,0,0.37175566
0,0,0.29973194
0,0,0.0005411645
0,0,0.0057110745
0,0,0.00014678136
0,1,0.58689225
0,0,0.02096609
0,0,0.0032119635
0,1,0.73150516
0,0,0.0008414777
0,0,0.03828511
0,0,0.010220442
0,0,0.003965203
0,0,0.15715429
0,0,0.015983839
0,0,0.0037702394
0,0,0.49160802
0,0,0.00024374429
0,0,0.005425481
0,0,0.06367041
0,0,0.13872077
0,0,0.00035650044
0,0,0.0015163667
0,0,0.023745673
0,0,0.14034382
0,1,0.99143136
0,0,0.0004397457
0,0,0.0020745688
0,1,0.59359103
0,0,0.0014285165
0,0,0.0026151303
0,0,0.311015
0,0,0.002923365
0,0,0.20492625
0,0,0.14499669
0,0,0.26059458
0,1,0.9887944
0,0,0.043871492
0,0,0.031218648
0,0,0.050371226
0,0,0.10556318
0,0,0.006290498
0,0,0.41104805
0,0,0.0009445835
0,0,0.017534956
0,1,0.9259454
0,1,0.78596616
0,0,0.45035937
0,0,0.0009497043
0,0,0.43084326
0,0,0.32967544
0,0,0.13265297
0,0,0.17520732
0,0,0.0050004907
0,0,0.00067806675
0,0,0.45939428
0,1,0.99752074
0,0,0.0010462049
0,1,0.9983772
0,0,0.005883884
0,0,0.058714412
0,0,0.49681288
0,0,0.008868907
0,0,0.0014327317
0,1,0.8353217
0,0,0.20195785
0,0,0.006921652
0,0,0.006025329
0,1,0.9943183
0,0,0.005373636
0,0,0.012637284
0,0,0.00066934753
0,0,0.02548038
0,0,0.05052375
0,0,0.3811592
0,0,0.106683776
0,0,0.046969775
0,0,0.0022039548
0,0,0.004756211
0,1,0.73303103
0,1,0.55191535
0,0,0.015236935
0,1,0.8414415
0,1,0.8406447
0,0,0.011821993
0,0,0.01452316
0,0,0.0014692611
0,0,0.00548502
0,0,0.0018317299
0,0,0.029535323
0,0,0.0033734369
0,0,0.018926825
0,0,0.072665006
0,0,0.00027356725
0,1,0.65326905
0,0,0.004264926
0,1,0.69836664
0,0,0.0016338386
0,0,0.006886679
0,1,0.5956414
0,0,0.10756649
0,0,0.00030074362
0,0,0.010679738
0,0,0.0062931096
0,1,0.8908116
0,0,0.031363867
0,0,0.0015945694
0,0,0.00091218215
0,0,0.0003430445
0,1,0.6553981
0,0,0.32984403
0,0,0.15970421
0,0,0.081996985
0,0,0.2519697
0,0,0.053174064
0,0,0.0027866832
0,0,0.031087724
0,0,0.0057866923
0,0,0.0025766762
0,0,0.114811055
0,0,0.0006043119
0,0,0.35744014
0,0,0.0046287407
0,0,0.018064704
0,1,0.7985249
0,0,0.043347366
0,0,0.0049769166
0,0,0.010087162
0,0,0.0020517448
0,0,0.0015104079
0,1,0.9905759
0,0,0.0018112753
0,0,0.0042316075
0,1,0.9896499
0,1,0.6735858
0,0,0.013382993
0,1,0.9423219
0,0,0.005181344
0,0,0.0009575885
0,0,0.08765199
0,0,0.014448315
0,1,0.99639267
0,0,0.072637215
0,0,0.19901167
0,0,0.007962484
0,0,0.0007188192
0,0,0.025155907
0,0,0.012278103
0,1,0.71171266
0,0,0.0012539924
0,0,0.15653408
0,0,0.00093055103
0,0,0.018243399
0,0,0.16451158
0,0,0.0015344563
0,0,0.0042329817
0,0,0.0025864409
0,0,0.0065836
0,0,0.0030210859
0,0,0.031705182
0,1,0.71154165
0,0,0.0025848916
0,1,0.78535384
0,1,0.6144338
0,0,0.38054565
0,1,0.84699297
0,0,0.00038622264
0,0,0.0004542975
0,0,0.002539359
0,0,0.065383516
0,0,0.0012689354
0,0,0.0035136864
0,0,0.04047144
0,1,0.5296822
0,0,0.049995564
0,1,0.98574775
0,0,0.001624646
0,0,0.020628555
0,0,0.27801347
0,0,0.07369623
0,0,0.011346988
0,0,0.0010924783
0,0,0.0024680137
0,0,0.007997882
0,1,0.57737124
0,0,0.0025333802
0,0,0.075566635
0,0,0.002791459
0,0,0.00034180237
0,0,0.014130059
0,0,0.000741572
0,1,0.7207632
0,0,0.018015712
0,0,0.005406535
0,0,0.0039755297
0,1,0.9725776
0,0,0.05781241
0,1,0.9823231
0,0,0.048022546
0,1,0.62590504
0,0,0.08141011
0,0,0.21635757
0,1,0.979155
0,1,0.5692449
0,0,0.02536584
0,0,0.037288457
0,0,0.005575709
0,0,0.0021220713
0,1,0.98707503
0,1,0.9778241
0,0,0.10439482
0,0,0.0034637295
0,0,0.015092647
0,0,0.05751752
0,0,0.00069556513
0,0,0.00022271449
0,0,0.47540218
0,0,0.0007655973
0,0,0.0021081127
0,0,0.07512998
0,0,0.065301605
0,0,0.068033375
0,0,0.019353015
0,0,0.17460941
0,0,0.0011353369
0,0,0.0045332774
0,0,0.007403512
0,0,0.0016157713
0,0,0.008810306
0,0,0.0044092443
0,0,0.11766438
0,0,0.070694886
0,1,0.64311075
0,0,0.016631862
0,0,0.003766673
0,0,0.082327485
0,0,0.0041012745
0,0,0.0012586369
0,1,0.9947685
0,0,0.015201858
0,1,0.65935314
0,0,0.010006988
0,0,0.022863125
0,0,0.00077490794
0,0,0.025282444
0,1,0.8046614
0,0,0.019558879
0,1,0.9852447
0,0,0.00910173
0,0,0.011988206
0,0,0.0003117634
0,0,0.0023994662
0,0,0.0010405683
0,0,0.0003591231
0,0,0.17189579
0,0,0.0019454863
0,0,0.0017158443
0,0,0.00095814525
0,0,0.14911182
0,1,0.7919597
0,0,0.0017070263
0,0,0.0005777186
0,0,0.0007737388
0,0,0.0013019987
0,0,0.026593648
0,0,0.05780787
0,0,0.0015594439
0,0,0.00066653144
0,0,0.00025110538
0,0,0.009902159
0,0,0.0002561588
0,0,0.2177272
0,0,0.0006993445
0,0,0.00526196
0,0,0.0017145347
0,0,0.0019613162
0,0,0.46630695
0,0,0.01716356
0,0,0.0076273214
0,0,0.004771485
0,1,0.97365713
0,1,0.9660614
0,0,0.06367055
0,0,0.00027808375
0,0,0.022823662
0,0,0.018054327
0,0,0.0014027454
0,0,0.01972051
0,0,0.010070502
0,0,0.05486779
0,0,0.0077429055
0,0,0.123706035
0,0,0.14157367
0,0,0.017172072
0,0,0.0068984134
0,0,0.020272695
0,1,0.9920946
0,0,0.10637495
0,0,0.043701682
0,0,0.00500826
0,0,0.0026279946
0,0,0.0008112441
0,0,0.003958222
0,0,0.015676374
0,0,0.0043803854
0,0,0.29814035
0,0,0.0012330249
0,0,0.28399456
0,0,0.04519944
0,1,0.9122126
0,0,0.005423213
0,0,0.022303835
0,0,0.00042018408
0,0,0.18411426
0,0,0.08048632
0,0,0.003005863
0,0,0.0013809063
0,1,0.8873692
0,0,0.08069661
0,1,0.9866077
0,0,0.02516479
0,0,0.034020666
0,0,0.024944486
0,0,0.0016788761
0,0,0.08593086
0,1,0.99366623
0,0,0.07502207
0,0,0.005316652
0,0,0.096964225
0,1,0.6243239
0,0,0.0012410792
0,0,0.00057436014
0,0,0.19105563
0,0,0.0015925734
0,0,0.011535776
0,0,0.22337249
0,0,0.020942247
0,1,0.9037634
0,0,0.004568158
0,0,0.275762
0,1,0.9245354
0,1,0.99815935
0,1,0.9689605
0,0,0.011020284
0,0,0.0023876545
0,0,0.00028891175
0,0,0.013897902
0,1,0.9869757
0,1,0.9977391
0,0,0.007790025
0,0,0.00718879
0,1,0.92407644
0,0,0.008178878
0,1,0.910812
0,0,0.00093151885
0,0,0.0036876881
0,0,0.015815347
0,1,0.97595596
0,0,0.3289379
0,0,0.3573468
0,1,0.9648269
0,1,0.9624778
0,0,0.0040394487
0,0,0.0036577987
0,1,0.9343049
0,0,0.03795377
0,0,0.01824775
0,0,0.0024179227
0,0,0.033080947
0,0,0.00047530443
0,1,0.54668665
0,0,0.0005713323
0,0,0.0020929032
0,0,0.0029663495
0,0,0.00077888905
0,1,0.94751465
0,0,0.006112257
0,1,0.92650986
0,0,0.00560609
0,0,0.0017688181
0,0,0.068233795
0,0,0.07901158
0,0,0.4838674
0,1,0.7706026
0,0,0.005358747
0,0,0.0005796772
0,0,0.00049285416
0,0,0.0023245434
0,0,0.00667743
0,0,0.0047269873
0,0,0.06009543
0,0,0.0020419105
0,0,0.03508443
0,0,0.00034559667
0,0,0.007271805
0,0,0.002046612
0,0,0.4301024
0,0,0.006402914
0,0,0.0017825747
0,0,0.0015677859
0,0,0.001384347
0,1,0.73391235
0,0,0.0016397358
0,1,0.70352834
0,0,0.06354314
0,1,0.7722043
0,1,0.9174015
0,0,0.0020012788
0,1,0.9399271
0,0,0.013471216
0,0,0.0017204292
0,0,0.038682107
0,0,0.024894172
0,0,0.02249738
0,0,0.4656548
0,1,0.6866983
0,0,0.13257454
0,0,0.036595616
0,0,0.0057629123
0,0,0.017853403
0,0,0.11467665
0,0,0.009439678
0,0,0.0013070126
0,0,0.001352365
0,0,0.0057937964
0,0,0.0153587125
0,0,0.012496352
0,0,0.0019848116
0,0,0.0023940967
0,0,0.0009795823
0,0,0.006309331
0,0,0.00039434477
0,0,0.08864215
0,0,0.32158458
0,0,0.0005213175
0,1,0.99748516
0,0,0.035412457
0,0,0.0022458064
0,0,0.0011744375
0,0,0.013693253
0,0,0.030375188
0,0,0.092097394
0,0,0.0035199495
0,0,0.04430265
0,1,0.99791914
0,0,0.00063856243
0,0,0.0023468258
0,0,0.0014329064
0,0,0.00473732
0,0,0.002304499
0,0,0.00043755418
0,0,0.018020397
0,1,0.92895573
0,0,0.061671935
0,0,0.39103696
0,0,0.006694829
0,0,0.0045039905
0,0,0.06641923
0,0,0.0023790558
0,0,0.06850576
0,0,0.00089610217
0,1,0.7930129
0,1,0.92777157
0,1,0.97512585
0,0,0.020532932
0,0,0.13722378
0,0,0.010434642
0,0,0.0008674196
0,0,0.16880788
0,0,0.0124859065
0,0,0.002193023
0,0,0.01919503
0,0,0.08600094
0,0,0.00523919
0,0,0.052460227
0,1,0.8248303
0,1,0.5458626
0,1,0.98439354
0,1,0.9910217
0,0,0.0024558967
0,1,0.6308225
0,0,0.004637393
0,0,0.0009537843
0,1,0.7574118
0,0,0.017232472
0,0,0.024093715
0,0,0.038636144
0,0,0.013799666
0,0,0.006857634
0,0,0.00030887531
0,0,0.002986629
0,0,0.01065969
0,0,0.004181639
0,1,0.999658
0,0,0.0036151183
0,1,0.5510961
0,0,0.13211513
0,0,0.0004045646
0,0,0.015639978
0,0,0.0008454222
0,0,0.007876729
0,0,0.0022312712
0,0,0.0959121
0,1,0.9923339
0,0,0.3478016
0,0,0.010673266
0,0,0.16687182
0,0,0.005693131
0,0,0.0016065051
0,1,0.72530746
0,0,0.017124992
0,0,0.03404917
0,0,0.0015900364
0,0,0.013166893
0,0,0.004775313
0,0,0.00078712695
0,0,0.001687598
0,1,0.9981294
0,0,0.005675833
0,1,0.9996215
0,0,0.010866757
0,0,0.4658915
0,1,0.83683485
0,1,0.9938776
0,0,0.045268156
0,1,0.8278429
0,0,0.0009937581
0,0,0.00041047586
0,0,0.04618702
0,0,0.055113353
0,0,0.012796535
0,0,0.2464933
0,0,0.00032524197
0,0,0.004377729
0,1,0.8777731
0,0,0.08961394
0,1,0.5831442
0,0,0.000855114
0,0,0.004391974
0,0,0.0006739749
0,0,0.0018321292
0,0,0.38024405
0,0,0.017647555
0,0,0.16562167
0,0,0.013256885
0,0,0.005204606
0,0,0.005859047
0,1,0.5382329
0,0,0.037360195
0,0,0.33922207
0,0,0.074794196
0,0,0.011032207
0,0,0.015580509
0,0,0.0065677506
0,1,0.58716047
0,0,0.028246969
0,0,0.02368116
0,0,0.0006645588
0,0,0.00068072526
0,1,0.9861216
0,0,0.029817892
0,1,0.8715752
0,0,0.00094163
0,0,0.0007036149
0,0,0.01585439
0,0,0.026414335
0,0,0.19395503
0,0,0.037939668
0,1,0.8369949
0,0,0.016733667
0,1,0.99795794
0,1,0.8126645
0,0,0.064379595
0,0,0.00051538553
0,0,0.046459455
0,1,0.61835104
0,0,0.016581682
0,0,0.019009849
0,0,0.03200606
0,0,0.10283001
0,1,0.73833996
0,0,0.00066717714
0,0,0.00058927364
0,0,0.0008256488
0,0,0.24518792
0,0,0.0055433842
0,0,0.00012248138
0,1,0.6189219
0,0,0.0009832203
0,1,0.9909071
0,0,0.0038171695
0,0,0.10570913
0,0,0.022393016
0,0,0.011127044
0,0,0.0016564816
0,1,0.7083696
0,0,0.0035360022
0,0,0.31446558
0,0,0.01104669
0,0,0.00038536146
0,0,0.0013805841
0,0,0.4749002
0,0,0.0005411542
0,0,0.029129637
0,0,0.01695281
0,0,0.059230704
0,0,0.00269557
0,0,0.008717901
0,0,0.0028174075
0,0,0.022962678
0,1,0.8677371
0,0,0.008868118
0,0,0.055734612
0,0,0.022626966
0,1,0.7065656
0,0,0.0013988415
0,1,0.547998
0,1,0.97238153
0,0,0.005201197
0,0,0.12754937
0,0,0.0026600638
0,0,0.006662456
0,0,0.002913947
0,0,0.009867689
0,0,0.025119884
0,0,0.010533001
0,0,0.00062821317
0,0,0.00256493
0,0,0.00019961642
0,0,0.39327303
0,0,0.0068153637
0,0,0.17904605
0,0,0.00014413997
0,1,0.9855458
0,1,0.9444599
0,0,0.0017322823
0,0,0.035295844
0,0,0.0065439064
0,0,0.0008759917
0,0,0.021015076
0,0,0.10608481
0,0,0.025448292
0,0,0.004804342
0,0,0.0074341893
0,0,0.0011114363
0,0,0.056055617
0,0,0.0013901071
0,0,0.00017737453
0,1,0.96778136
0,0,0.0031698854
0,0,0.024828658
0,0,0.010007408
0,0,0.042450286
0,0,0.00086441054
0,0,0.3499566
0,0,0.00127383
0,0,0.0003833446
0,1,0.6830743
0,0,0.002205518
0,0,0.00030066477
0,0,0.0018274663
0,0,0.026711905
0,0,0.002574697
0,0,0.00881529
0,0,0.00053051434
0,1,0.7933729
0,0,0.0021211081
0,0,0.00057060394
0,0,0.004462593
0,0,0.46567377
0,0,0.010414853
0,0,0.00014527555
0,0,0.17369278
0,1,0.8296207
0,0,0.007457876
0,1,0.77448183
0,0,0.122836925
0,0,0.08481841
0,0,0.042101573
0,0,0.0058254413
0,0,0.0043720836
0,1,0.9900934
0,1,0.91264164
0,0,0.012145117
0,0,0.09680121
0,0,0.010111694
0,0,0.020021357
0,0,0.055000283
0,1,0.8574035
0,0,0.00064885226
0,0,0.00333728
0,0,0.00054496643
0,0,0.010633692
0,0,0.24031188
0,0,0.15410885
0,0,0.016955607
0,0,0.00028861302
0,0,0.0044434895
0,0,0.0033847997
0,1,0.9961004
0,0,0.4894936
0,0,0.40038005
0,1,0.6095432
0,0,0.08571813
0,0,0.08024721
0,0,0.006416407
0,0,0.0020389364
0,0,0.011017992
0,0,0.0021257815
0,0,0.17429827
0,0,0.00015997185
0,1,0.64181304
0,0,0.001240204
0,0,0.0005628215
0,0,0.012677328
0,0,0.003947654
0,0,0.0011614669
0,0,0.022092512
0,1,0.9405718
0,0,0.30478886
0,0,0.06331287
0,1,0.6090495
0,0,0.00020821774
0,1,0.6315028
0,0,0.27997607
0,0,0.0028620863
0,0,0.0029095875
0,0,0.0042684693
0,0,0.0006246739
0,0,0.0008442377
0,0,0.0019330924
0,0,0.09988847
0,0,0.006684674
0,0,0.071521424
0,0,0.0015232278
0,0,0.0003058976
0,0,0.06500671
0,0,0.004418997
0,1,0.9898205
0,0,0.0063998657
0,0,0.013762623
0,0,0.012547012
0,0,0.07065478
0,0,0.0009010002
0,0,0.001255271
0,0,0.010031408
0,0,0.00032766833
0,1,0.9579542
0,0,0.0012592636
0,0,0.018254971
0,0,0.005900923
0,0,0.00242331
0,0,0.3013233
0,0,0.0011878964
0,0,0.005523583
0,1,0.563264
0,0,0.13623609
0,0,0.18081161
0,0,0.0022206423
0,0,0.30167904
0,1,0.6346958
0,0,0.31865603
0,0,0.00032108556
0,0,0.0009804349
0,0,0.005190865
0,0,0.13590834
0,0,0.0073704985
0,0,0.14767365
0,0,0.011986671
0,0,0.024205908
0,1,0.99181926
0,0,7.303192e-05
0,0,0.00013622116
0,0,0.00030004684
0,0,0.0028681569
0,0,0.010292769
0,1,0.7401458
0,0,0.013546225
0,1,0.9990397
0,0,0.0027399112
0,0,0.18360321
0,0,0.0051941657
0,0,0.0018699531
0,0,0.015779894
0,0,0.0053002103
0,0,0.017225422
0,0,0.008778735
0,1,0.83526856
0,0,0.002076153
0,1,0.7608738
0,0,0.0012999362
0,1,0.5117462
0,0,0.03563094
0,0,0.27585402
0,0,0.0048882323
0,0,0.34922448
0,0,0.0102107795
0,1,0.9978951
0,0,0.16515343
0,0,0.049979534
0,1,0.99464864
0,0,0.00069189584
0,0,0.08381139
0,1,0.98294973
0,0,0.0022965744
0,0,0.0007021531
0,0,0.0066117216
0,0,0.0033204027
0,0,0.1716775
0,0,0.08221304
0,0,0.07498555
0,0,0.0015448743
0,0,0.18262655
0,0,0.29128987
0,0,0.00014540362
0,0,0.0034123198
0,1,0.8023645
0,0,0.095790185
0,0,0.09676963
0,0,0.14850773
0,0,0.059032198
0,0,0.0023418497
0,1,0.88512385
0,1,0.98155195
0,1,0.98381084
0,0,0.0006310606
0,0,0.20791626
0,0,0.0071983594
0,0,0.022345496
0,0,0.14206159
0,1,0.92053175
0,1,0.9581804
0,0,0.09396236
0,0,0.027280405
0,1,0.9454895
0,0,0.081687585
0,0,0.00042653643
0,0,0.0009262264
0,0,0.17106523
0,0,0.005628623
0,1,0.9619905
0,0,0.1682269
0,0,0.24894142
0,0,0.027502213
0,0,0.060380183
0,0,0.00489471
0,0,0.0047473265
0,0,0.007880165
0,0,0.050552282
0,0,0.181089
0,0,0.07299693
0,0,0.12356113
0,0,0.061731294
0,0,0.2595502
0,0,0.0081139635
0,0,0.017980011
0,0,0.0032767255
0,1,0.8370501
0,0,0.00058643025
0,0,0.00049148547
0,0,0.0017550921
0,0,0.004292759
0,0,0.062145606
0,0,0.0036838409
0,0,0.011784865
0,0,0.001377554
0,0,0.053079188
0,1,0.9845473
0,0,0.015857978
0,0,0.4757581
0,0,0.0012023196
0,0,0.0006726111
0,0,0.004337729
0,0,0.06096937
0,0,0.004234606
0,0,0.15798171
0,0,0.016112577
0,0,0.000354167
0,1,0.9989479
0,0,0.005471467
0,0,0.00790427
0,0,0.014159887
0,0,0.0020312325
0,0,0.0024590048
0,0,0.05096761
0,0,0.011955035
0,0,0.30273363
0,0,0.00597018
0,0,0.008228082
0,0,0.0046601943
0,0,0.0016925411
0,0,0.34221256
0,0,0.095964044
0,0,0.005783176
0,0,0.012336838
0,0,0.20151524
0,0,0.004791284
0,0,0.09578457
0,1,0.686092
0,0,0.009478114
0,0,0.0022955954
0,0,0.0020988989
0,0,0.10104996
0,0,0.025172886
0,0,0.0061065652
0,0,0.0005516144
0,0,0.037583884
0,1,0.5564164
0,0,0.0013075616
0,0,0.007974939
0,1,0.5666435
0,0,0.0036946672
0,0,0.012672526
0,0,0.001643728
0,0,0.06851716
0,0,0.004618058
0,0,0.00027069252
0,0,0.09035302
0,0,0.00081923156
0,0,0.0002661851
0,0,0.00718366
0,0,0.2031524
0,1,0.96806693
0,0,0.0027885179
0,0,0.0046617873
0,0,0.00046753435
0,0,0.016180344
0,1,0.77407354
0,0,0.0038933544
0,0,0.0023797227
0,0,0.00047580624
0,0,0.0060858554
0,0,0.10852624
0,0,0.30533126
0,0,0.0060149943
0,0,0.117912434
0,0,0.0040664906
0,0,0.12787154
0,1,0.94754446
0,0,0.00054477534
0,0,0.22097039
0,0,0.21826588
0,1,0.7674834
0,0,0.0023940052
0,1,0.99904627
0,0,0.0009107526
0,1,0.9255894
0,0,0.010604975
0,0,0.0013762461
0,0,0.03982643
0,0,0.042214446
0,0,0.007715291
0,1,0.7310394
0,0,0.08071293
0,0,0.0027817795
0,0,0.003992796
0,0,0.003293103
0,1,0.98037165
0,0,0.04686287
0,0,0.038556293
0,1,0.9639645
0,0,0.013913516
0,0,0.0015503783
0,0,0.005419793
0,1,0.80070144
0,0,0.0012505965
0,1,0.9896235
0,0,0.024245227
0,1,0.88384974
0,0,0.0016074881
0,0,0.00069851585
0,0,0.0044722254
0,0,0.004200199
0,1,0.6423322
0,0,0.3962764
0,0,0.00023142897
0,0,0.00038219374
0,0,0.0124597065
0,0,0.0110709295
0,0,0.40111494
0,0,0.020488478
0,1,0.9899344
0,0,0.43951982
0,0,0.0025506334
0,0,0.00024618543
0,0,0.0005813057
0,0,0.0007725151
0,0,0.005292455
0,1,0.6730876
0,0,0.002105554
0,0,0.00053176435
0,1,0.7214228
0,0,0.02310436
0,0,0.00088448834
0,0,0.005110329
0,0,0.005478334
0,0,0.002620509
0,1,0.91943854
0,0,0.002763549
0,1,0.88461894
0,1,0.9995228
0,0,0.0059072706
0,0,0.03626126
0,0,0.005605699
0,0,0.007913945
0,0,0.045609396
0,0,0.0007933941
0,0,0.48933977
0,1,0.9459561
0,0,0.0013711825
0,1,0.9885549
0,0,0.01043096
0,1,0.9118195
0,0,0.0004255727
0,0,0.0028923454
0,0,0.0033762467
0,1,0.8062202
0,0,0.031100137
0,0,0.046227105
0,0,0.01815492
0,0,0.008837545
0,0,0.10229578
0,0,0.0029044528
0,0,0.0014055611
0,0,0.20740068
0,1,0.99854517
0,0,0.041857697
0,0,0.49981782
0,1,0.5058645
0,1,0.6360387
0,0,0.0032558937
0,0,0.14691317
0,0,0.0015035828
0,0,0.00082484796
0,1,0.87130153
0,0,0.28463173
0,0,0.0039863875
0,0,0.044282507
0,0,0.03337826
0,0,0.11693602
0,0,0.0013470261
0,0,0.0029689625
0,0,0.04344355
0,0,0.0013165027
0,0,0.0013493057
0,0,0.039272048
0,0,0.064178914
0,0,0.0037178032
0,0,0.015891269
0,0,0.004932073
0,0,0.03173295
0,1,0.66217494
0,1,0.9672125
0,0,0.00037899398
0,0,0.007816081
0,0,0.0016948751
0,0,0.005612231
0,0,0.011703152
0,0,0.0030876528
0,0,0.001304934
0,0,0.0005894304
0,0,0.04898968
0,0,0.004327913
0,0,0.005951599
0,0,0.026006855
0,1,0.5978965
0,0,0.047767844
0,0,0.0062807407
0,0,0.0034660047
0,1,0.9951994
0,0,0.0013709284
0,0,0.0049805064
0,1,0.7160547
0,0,0.001900553
0,0,0.008901455
0,0,0.0445336
0,0,0.0006370577
0,0,0.020089585
0,0,0.0015274137
0,0,0.006386202
0,0,0.001621438
0,0,0.009503596
0,0,0.008442545
0,1,0.98592746
0,1,0.76625687
0,0,0.109109014
0,0,0.0044138455
0,0,0.017004222
0,0,0.004407562
0,0,0.0031236548
0,0,0.28070813
0,0,0.0018435989
0,0,0.037790727
0,0,0.0005493582
0,0,0.13137472
0,0,0.001173151
0,0,0.3521501
0,0,0.31028938
0,0,0.0035586958
0,1,0.7420472
0,0,0.00030470596
0,1,0.7050218
0,0,0.02677377
0,0,0.0065903026
0,0,0.104155056
0,0,0.0028425623
0,1,0.8335338
0,0,0.0019677626
0,0,0.00037840445
0,0,0.040114816
0,0,0.00028205503
0,1,0.72739476
0,0,0.039563555
0,0,0.0052758376
0,0,0.0028901254
0,0,0.19896905
0,0,0.0028226695
0,1,0.99949145
0,0,0.011638265
0,0,0.019033207
0,0,0.011981872
0,0,0.0032566183
0,1,0.8780618
0,0,0.071157426
0,0,0.011803144
0,0,0.0005766213
0,0,0.017843321
0,0,0.00028314136
0,1,0.9736115
0,0,0.016222259
0,0,0.0873791
0,0,0.029023787
0,0,0.1122493
0,1,0.5085019
0,0,0.0013328824
0,0,0.0094614085
0,0,0.030740079
0,0,0.16352904
0,0,0.0029284353
0,0,0.0011866394
0,0,0.03859642
0,0,0.011381764
0,0,0.04124789
0,0,0.044842903
0,1,0.9839303
0,1,0.99056846
0,0,0.0020810596
0,0,0.0039111306
0,1,0.9867371
0,0,0.034673493
0,0,0.002678967
0,1,0.9960063
0,0,0.14244339
0,1,0.96661335
0,0,0.0029501813
0,0,0.0029257846
0,0,0.36881492
0,0,0.01054615
0,0,0.00017630853
0,0,0.0029369532
0,0,0.48743072
0,0,0.0010483903
0,0,0.004237567
0,0,0.005583229
0,1,0.9790506
0,0,0.0053171106
0,1,0.7639263
0,0,0.004146671
0,0,0.00039206256
0,1,0.7185368
0,0,0.0028020872
0,0,0.0010713572
0,0,0.024235176
0,0,0.0019318083
0,1,0.95490223
0,0,0.11309999
0,0,0.0011625251
0,0,0.00040416757
0,0,0.061849616
0,0,0.0010227809
0,0,0.07607608
0,0,0.00342154
0,0,0.06413137
0,0,0.1063145
0,0,0.11243837
0,0,0.0075191488
0,0,0.36746648
0,0,0.1274846
0,0,0.012899868
0,0,0.0040713246
0,1,0.97397715
0,0,0.017930556
0,0,0.04050024
0,0,0.015893677
0,0,0.12725106
0,0,0.0035972137
0,0,0.0028263743
0,0,0.07540242
0,0,0.01637586
0,0,0.0005966222
0,0,0.0059453403
0,0,0.0012904131
0,0,0.0045553134
0,0,0.0024931226
0,0,0.34883335
0,0,0.0028095653
0,0,0.00693314
0,0,0.013621758
0,1,0.9911684
0,0,0.0022031087
0,0,0.20619594
0,0,0.05036265
0,0,0.010172586
0,0,0.35238266
0,0,0.0019063797
0,1,0.8722749
0,0,0.027798528
0,0,0.041848633
0,0,0.0013681074
0,0,0.026340857
0,0,0.0071099475
0,0,0.0018609841
0,0,0.0013694402
0,1,0.998988
0,0,0.004324257
0,0,0.00088910694
0,0,0.0022414995
0,0,0.15597315
0,1,0.5556175
0,0,0.007908559
0,0,0.00030640926
0,1,0.94406134
0,0,0.010401347
0,0,0.018924888
0,1,0.5635544
0,0,0.0011139282
0,0,0.0743093
0,0,0.019415762
0,0,0.00017862913
0,0,0.011803901
0,0,0.008433161
0,0,0.022027235
0,0,0.18568143
0,0,0.00011137938
0,0,0.28594926
0,0,0.0003990628
0,0,0.009351154
0,0,0.13453594
0,1,0.8402823
0,1,0.65921277
0,1,0.5709632
0,0,0.031397868
0,0,0.17132236
0,0,0.01715202
0,0,0.0023559355
0,0,0.03126213
0,0,0.11870527
0,0,0.004951041
0,0,0.495755
0,0,0.017800104
0,1,0.911304
0,0,0.0013074296
0,0,0.04203395
0,0,0.15646169
0,0,0.25148746
0,1,0.92223185
0,0,0.0093734525
0,0,0.00016953307
0,0,0.258092
0,1,0.87814224
0,0,0.25546303
0,0,0.0020885922
0,1,0.6032975
0,0,0.023747904
0,0,0.0005703391
0,0,0.007865022
0,1,0.9674969
0,1,0.6199928
0,0,0.029551676
0,0,0.013839705
0,0,0.0019797836
0,0,0.0026583008
0,0,0.03490563
0,1,0.55313236
0,1,0.88781756
0,0,0.01352735
0,0,0.04092779
0,1,0.7179135
0,1,0.9493639
0,0,0.0011108477
0,0,0.004265068
0,0,0.0012516767
0,1,0.83811235
0,0,0.0033244526
0,0,0.0057766684
0,0,0.005433515
0,0,0.0019406113
0,0,0.018429741
0,0,0.007920572
0,1,0.5724288
0,0,0.019201962
0,0,0.0049389997
0,1,0.6576345
0,1,0.9841211
0,0,0.017793186
0,0,0.027936563
0,0,0.0070700427
0,0,0.41352585
0,1,0.55069494
0,0,0.00047780352
0,0,0.042172838
0,0,0.0011663795
0,0,0.009667724
0,0,0.05586208
0,0,0.018013975
0,0,0.010336242
0,0,0.0020361778
0,0,0.01604854
0,0,0.3292675
0,1,0.9387752
0,0,0.002728193
0,1,0.97299904
0,1,0.96779275
0,0,0.08057971
0,0,0.0028217754
0,0,0.00285056
0,0,0.049404345
0,0,0.0019493698
0,1,0.86680853
0,0,0.010337266
0,0,0.0516382
0,1,0.98250395
0,1,0.6779409
0,0,0.11464995
0,0,0.0021370822
0,0,0.30152664
0,0,0.0015630858
0,0,0.0037551823
0,0,0.014923367
0,1,0.95820415
0,0,0.035874132
0,1,0.93953866
0,0,0.14712623
0,1,0.7995359
0,0,0.0004530179
0,0,0.0042178044
0,0,0.0023570028
0,0,0.405511
0,0,0.07083572
0,0,0.02897635
0,0,0.43643802
0,1,0.8357358
0,0,0.33856374
0,1,0.53587097
0,0,0.00036312555
0,0,0.008018472
0,1,0.9977615
0,0,0.029312396
0,0,0.0022188893
0,1,0.9993198
0,0,0.0005566348
0,0,0.0029654105
0,0,0.00016728434
0,0,0.02510359
0,1,0.9429231
0,0,0.00025375254
0,0,0.3728656
0,0,0.0040910314
0,0,0.010821745
0,0,0.05540129
0,0,0.014894529
0,0,0.00095525035
0,0,0.014667059
0,0,0.0007212077
0,0,0.00617452
0,0,0.19507998
0,0,0.007185554
0,0,0.0032974978
0,0,0.03028484
0,0,0.03199787
0,1,0.99929357
0,0,0.0029569268
0,0,0.001916158
0,0,0.010614055
0,0,0.0982069
0,0,0.014511829
0,1,0.9980106
0,1,0.7617521
0,0,0.024906807
0,0,0.0013496625
0,1,0.9077149
0,0,0.06625026
0,0,0.00829789
0,0,0.23932493
0,0,0.00022987068
0,0,0.005116588
0,0,0.016938226
0,0,0.0878435
0,1,0.603367
0,0,0.010731593
0,1,0.8606305
0,0,0.001104064
0,0,0.008046745
0,0,0.034860235
0,0,0.000117019496
0,0,0.0056722285
0,0,0.005283383
0,0,0.001989207
0,0,0.003642391
0,0,0.0067103594
0,1,0.55333644
0,0,0.24583095
0,0,0.0036605876
0,0,0.0012056775
0,0,0.046574336
0,0,0.33895138
0,0,0.008412739
0,0,0.030693946
0,0,0.0025940395
0,0,0.065579176
0,0,0.000550694
0,0,0.019441348
0,0,0.005181092
0,0,0.008035187
0,1,0.99571556
0,0,0.0011777371
0,1,0.97963655
0,0,0.052376304
0,1,0.80216575
0,0,0.0011200712
0,0,0.0005316173
0,0,0.0035835735
0,0,0.03427407
0,0,0.19034508
0,0,0.0012006296
0,0,0.00045341777
0,1,0.6091742
0,0,0.042379178
0,0,0.00048309122
0,0,0.1736274
0,0,0.008297748
0,0,0.0004525723
0,0,0.20671064
0,0,0.35670653
0,0,0.2915914
0,0,0.054158386
0,0,0.009897737
0,1,0.99972314
0,0,0.0015932635
0,0,0.00096759043
0,0,0.02461111
0,0,0.0033892372
0,0,0.11336208
0,0,0.011118695
0,0,0.15798299
0,0,0.00037010227
0,0,0.0024525765
0,0,0.004262383
0,0,0.14195111
0,0,0.022444192
0,1,0.9768461
0,0,0.005372066
0,0,0.005396739
0,0,0.00092988
0,0,0.0003141683
0,0,0.0019115274
0,0,0.115472324
0,0,0.0010608896
0,1,0.52044195
0,0,0.0403529
0,0,0.035707466
0,0,0.23422869
0,1,0.5121295
0,0,0.0015408633
0,1,0.98979354
0,0,0.08135985
0,1,0.6432544
0,1,0.9981787
0,1,0.9491748
0,0,0.0024869663
0,0,0.3576824
0,0,0.027958045
0,0,0.012815621
0,0,0.001198689
0,0,0.062185984
0,1,0.5725521
0,0,0.0014425287
0,0,0.004108101
0,0,0.022186177
0,0,0.10632741
0,1,0.51043224
0,0,0.012909507
0,0,0.10242513
0,0,0.10041282
0,0,0.0018828454
0,0,0.009371115
0,0,0.18389703
0,0,0.0040249317
0,0,0.0015542028
0,0,0.00043750994
0,0,0.066430986
0,0,0.0024209402
0,0,0.05785361
0,0,0.08436858
0,0,0.018180996
0,1,0.95250094
0,0,0.0007568046
0,0,0.0010382349
0,1,0.9980981
0,0,0.13499902
0,1,0.5476731
0,0,0.00056653895
0,0,0.0005633351
0,0,0.0010498536
0,0,0.069276474
0,1,0.979166
0,0,0.000915006
0,0,0.014717803
0,0,0.32554165
0,0,0.12738273
0,0,0.0063605118
0,0,0.00012552913
0,0,0.0008899197
0,0,0.08283052
0,0,0.0019268419
0,0,0.18313488
0,0,0.0022444671
0,0,0.0012434059
0,0,0.0011475944
0,0,0.01101558
0,0,0.0045782863
0,1,0.99256027
0,0,0.4982233
0,0,0.003520048
0,1,0.81607705
0,0,0.07946535
0,0,0.006095077
0,0,0.018096391
0,0,0.0012298158
0,0,0.02766174
0,0,0.016957752
0,0,0.022806004
0,0,0.44854385
0,0,0.0005905548
0,0,0.0033518916
0,0,0.023345921
0,0,0.0004441633
0,0,0.08856769
0,0,0.14985454
0,0,0.00512761
0,0,0.024936968
0,1,0.9400631
0,0,0.00133093
0,0,0.005929579
0,0,0.0004418829
0,0,0.22027053
0,0,0.2998812
0,0,0.3939644
0,0,0.00014969746
0,1,0.5889948
0,0,0.053262256
0,1,0.7633196
0,0,0.0028879312
0,0,0.01851631
0,0,0.06158855
0,0,0.035082143
0,0,0.11002073
0,1,0.63955563
0,0,0.00047390355
0,0,0.0023561274
0,0,0.045534577
0,1,0.6710415
0,0,0.0004803577
0,0,0.0020073385
0,0,0.022249958
0,0,0.32719597
0,0,0.015387989
0,1,0.9380169
0,0,0.0011475537
0,1,0.88255715
0,0,0.035783924
0,1,0.91854835
0,0,0.005589758
0,0,0.0042029503
0,0,0.20582359
0,0,0.19242525
0,0,0.0013455906
0,0,0.009928363
0,1,0.92525876
0,0,0.14558887
0,0,0.0016046362
0,0,0.09960991
0,0,0.002573141
0,0,0.0006252213
0,0,0.05925997
0,0,0.008385678
0,1,0.93777925
0,0,0.00043781725
0,0,0.0017869463
0,0,0.011416988
0,0,0.002245905
0,0,0.0019625265
0,0,0.00045843373
0,1,0.9299276
0,0,0.19494951
0,0,0.0031965447
0,0,0.002078703
0,0,0.001127442
0,1,0.9874298
0,0,0.028372329
0,0,0.0002972602
0,0,0.0037516016
0,0,0.072114564
0,1,0.882614
0,0,0.0022814132
0,0,0.0010997206
0,0,0.142309
0,0,0.0025406226
0,0,0.0078000603
0,0,0.016236586
0,1,0.9317654
0,0,0.011118872
0,0,0.105337374
0,0,0.032439027
0,0,0.11696851
0,0,0.14878532
0,0,0.0007401758
0,0,0.001682684
0,0,0.0009731599
0,0,0.0015533972
0,1,0.9469836
0,0,0.017596953
0,0,0.10583617
0,0,0.00036477533
0,0,0.005042191
0,0,0.0011521198
0,0,0.00073901244
0,0,0.18025137
0,1,0.98052454
0,1,0.99970394
0,0,0.4618264
0,0,0.005219388
0,0,0.010097673
0,0,0.001603342
0,0,0.001671518
0,1,0.9175599
0,0,0.11239763
0,0,0.07897335
0,0,0.4569207
0,0,0.0016052542
0,0,0.05211435
0,0,0.0027042686
0,0,0.013965038
0,0,0.0037471808
0,0,0.18032406
0,0,0.0009026772
0,0,0.005359624
0,0,0.07621542
0,0,0.009835706
0,0,0.005847563
0,1,0.8347759
0,0,0.002049103
0,0,0.0016809016
0,1,0.74186075
0,0,0.053736676
0,0,0.00023361493
0,0,0.050585173
0,1,0.808251
0,0,0.4604336
0,0,0.22078153
0,0,0.0019283567
0,0,0.0014707391
0,1,0.9988844
0,0,0.0060338974
0,1,0.93879193
0,0,0.0715674
0,1,0.8091037
0,1,0.98687905
0,0,0.0139954
0,1,0.5883524
0,0,0.0017693184
0,0,0.004133054
0,0,0.0005480324
0,0,0.0004469866
0,0,0.009340068
0,0,0.00045731268
0,0,0.26037124
0,0,0.0011284265
0,0,0.48237893
0,0,0.0028087692
0,0,0.36022657
0,0,0.0016319761
0,0,0.010019983
0,0,0.0004837469
0,0,0.0002281353
0,0,0.08691476
0,0,0.09827482
0,0,0.0013350346
0,0,0.019927926
0,0,0.0014969899
0,0,0.0018168301
0,0,0.031825103
0,0,0.0103380075
0,0,0.043208428
0,0,0.11034091
0,0,0.0023992062
0,0,0.0037907246
0,0,0.0048852297
0,0,0.0012077682
0,0,0.094838835
0,0,0.056389853
0,0,0.006973705
0,0,0.001155291
0,1,0.9135624
0,0,0.0013645517
0,0,0.0006138734
0,1,0.9402698
0,0,0.003306155
0,1,0.9920139
0,0,0.071103536
0,0,0.0026030142
0,0,0.0005490274
0,0,0.006132033
0,0,0.00054939074
0,1,0.78412
0,0,0.0051531605
0,0,0.00083599315
0,0,0.0020207306
0,0,0.031311005
0,0,0.0011390646
0,0,0.32187173
0,1,0.95057625
0,1,0.53206205
0,0,0.09095571
0,0,0.0013843297
0,0,0.36195022
0,0,0.01055749
0,0,0.0038932916
0,0,0.030231332
0,0,0.0005379146
0,0,0.024784362
0,0,0.00017568309
0,0,0.0023548298
0,1,0.9997918
0,0,0.025543142
0,1,0.94988227
0,1,0.9699711
0,0,0.009184286
0,0,0.0048434646
0,0,0.0008048487
0,0,0.05199313
0,0,0.12903775
0,0,0.00091487163
0,0,0.00041211062
0,0,0.009928447
0,0,0.00081425183
0,0,0.0034282678
0,0,0.0006774311
0,0,0.16931814
0,0,0.040290497
0,0,0.012660914
0,1,0.832152
0,0,0.23379451
0,0,0.010434456
0,0,0.0012339979
0,0,0.009396433
0,0,0.12990248
0,0,0.025534632
0,1,0.93819886
0,0,0.0005964391
0,1,0.7638814
0,0,0.2054424
0,0,0.008690508
0,1,0.635124
0,1,0.99969447
0,0,0.46213588
0,1,0.8523351
0,1,0.97143596
0,0,0.013288435
0,0,0.009459236
0,0,0.0022969153
0,0,0.002533185
0,0,0.027561627
0,0,0.1987716
0,0,0.010912226
0,0,0.0011540529
0,0,0.111366734
0,1,0.95216554
0,0,0.0007517776
0,1,0.94776815
0,0,0.15674724
0,0,0.020680824
0,0,0.011102946
0,0,0.0001658832
0,0,0.0037978927
0,0,0.21339932
0,1,0.9571645
0,0,0.0006619708
0,0,0.018283414
0,0,0.068350986
0,1,0.98210794
0,0,0.00081420096
0,0,0.24584448
0,1,0.57282376
0,0,0.16850977
0,0,0.25731713
0,0,0.00030402865
0,0,0.30033547
0,1,0.8141978
0,0,0.06078689
0,1,0.85296404
0,0,0.0019864645
0,0,0.018916339
0,1,0.9992112
0,1,0.975172
0,1,0.9615002
0,0,0.0012660946
0,0,0.071515545
0,0,0.030800408
0,0,0.005203108
0,1,0.5659161
0,0,0.009939909
0,0,0.021586526
0,0,0.3026737
0,0,0.016895322
0,0,0.001144506
0,0,0.0020031342
0,0,0.076586656
0,0,0.022457838
0,0,0.00071606797
0,0,0.29795176
0,0,0.0008330469
0,1,0.53930444
0,1,0.99164236
0,0,0.0010724585
0,1,0.8666875
0,0,0.0010918716
0,0,0.0023095233
0,0,0.0062583415
0,0,0.02415358
0,0,0.0017119942
0,0,0.014161364
0,0,0.14123023
0,0,0.0027852762
0,0,0.0027279241
0,1,0.9893412
0,0,0.13424744
0,0,0.0016602301
0,0,0.10753628
0,0,0.0014487169
0,0,0.19204001
0,1,0.60737014
0,0,0.0025111625
0,0,0.0002999396
0,0,0.0016837968
0,0,0.17551059
0,0,0.012990597
0,0,0.0024488764
0,1,0.80618954
0,0,0.0015002836
0,0,0.42858478
0,0,0.006600856
0,0,0.010254204
0,1,0.58269364
0,0,0.0029825354
0,0,0.09836957
0,0,0.0016188511
0,0,0.0014033616
0,0,0.0052353963
0,0,0.03538897
0,0,0.011417839
0,0,0.35263056
0,0,0.020096233
0,0,0.0029120303
0,0,0.0025352163
0,0,0.0038506237
0,0,0.13122825
0,0,0.17633583
0,0,0.00053671893
0,0,0.016269447
0,1,0.9520317
0,0,0.004244123
0,0,0.00034781566
0,0,0.24116579
0,1,0.9801452
0,0,0.004255423
0,0,0.0025667995
0,0,0.076353826
0,0,0.13325234
0,0,0.044929374
0,0,0.0026899432
0,1,0.98206466
0,0,0.0018617123
0,0,0.0053903144
0,1,0.9696332
0,0,0.00046104897
0,0,0.07362776
0,0,0.41415957
0,0,0.30647802
0,0,0.010355737
0,0,0.040653825
0,1,0.9128268
0,1,0.9907003
0,0,0.00027302472
0,0,0.05088382
0,0,0.036085084
0,1,0.98893005
0,0,0.013877019
0,1,0.7149102
0,1,0.9867133
0,0,0.026205512
0,0,0.02692059
0,0,0.004225376
0,0,0.0019917514
0,0,0.0013394061
0,0,0.0037480677
0,0,0.00037871805
0,1,0.61292696
0,0,0.0016192644
0,0,0.07828322
0,0,0.02209348
0,0,0.00040679387
0,0,0.002043916
0,0,0.083999075
0,0,0.0008171799
0,0,0.0008902895
0,0,0.062293787
0,0,0.00564002
0,1,0.99873906
0,0,0.00044590756
0,0,0.0022613958
0,0,0.0021232003
0,0,0.031156998
0,1,0.99404424
0,0,0.0002869197
0,1,0.993996
0,0,0.011473279
0,0,0.00021576522
0,0,0.0013832216
0,0,0.010072742
0,0,0.2712824
0,0,0.00034603017
0,0,0.004120695
0,0,0.0018052781
0,1,0.858464
0,1,0.9936939
0,0,0.0055068526
0,0,0.018416893
0,0,0.006723868
0,0,0.010170022
0,0,0.047588024
0,0,0.00917891
0,0,0.30034196
0,0,0.0033517103
0,1,0.5720295
0,1,0.9997702
0,0,0.07236179
0,0,0.0017006124
0,0,0.40692806
0,0,0.047630522
0,1,0.95367885
0,0,0.0026912766
0,0,0.013761049
0,0,0.005687093
0,0,0.022843366
0,0,0.0027649112
0,0,0.005297307
0,0,0.24440792
0,0,0.07620848
0,0,0.0024537717
0,0,0.0036041837
0,0,0.0003566767
0,0,0.0008027982
0,0,0.0008880359
0,0,0.0018455038
0,0,0.014711934
0,0,0.01730175
0,0,0.0035584185
0,0,0.045090225
0,0,0.003119863
0,0,0.28718635
0,1,0.95924217
0,0,0.031796128
0,0,0.29123318
0,0,0.010261287
0,0,0.0025575284
0,1,0.9814362
0,0,0.07807568
0,0,0.026704237
0,1,0.68318987
0,0,0.00562159
0,0,0.0006072023
0,1,0.657812
0,1,0.57537675
0,0,0.008517897
0,0,0.001332463
0,0,0.28118333
0,0,0.002892966
0,0,0.028011182
0,0,0.005405125
0,0,0.0010073608
0,0,0.006183389
0,0,0.06415645
0,1,0.9260669
0,0,0.01300442
0,0,0.0020718698
0,0,0.13268669
0,1,0.98604023
0,0,0.21148692
0,0,0.006965075
0,0,0.0003395077
0,0,0.05174704
0,0,0.0081316745
0,0,0.00071960123
0,0,0.0020526515
0,0,0.07573809
0,0,0.00066538074
0,0,0.09156621
0,0,0.121079534
0,1,0.85308194
0,1,0.99949324
0,1,0.98715925
0,0,0.0026223063
0,0,0.001990815
0,0,0.031007806
0,1,0.9725395
0,0,0.010304817
0,0,0.011411629
0,0,0.45780614
0,0,0.0019170668
0,0,0.005017597
0,0,0.0006591009
0,0,0.0062730024
0,0,0.0024699806
0,0,0.0085729575
0,0,0.06802134
0,0,0.005158933
0,0,0.39735404
0,1,0.71073526
0,0,0.079986
0,0,0.0035031205
0,0,0.003738914
0,0,0.008954891
0,0,0.049103357
0,0,0.06267523
0,0,0.014896376
0,0,0.0017540499
0,1,0.6652643
0,1,0.5825376
0,0,0.005466796
0,0,0.0024210922
0,1,0.5149147
0,0,0.00088121684
0,0,0.0018676389
0,0,0.2863476
0,1,0.84800065
0,0,0.006932713
0,0,0.0025221896
0,0,0.1081148
0,0,0.0017088075
0,0,0.00566204
0,0,0.36362317
0,1,0.60039496
0,0,0.0086953435
0,0,0.0079998905
0,0,0.0018512117
0,0,0.00068603444
0,0,0.0019469247
0,0,0.40549535
0,0,0.022954771
0,1,0.9862612
0,0,0.47146606
0,0,0.018320374
0,0,0.0051294104
0,0,0.026245696
0,0,0.02662784
0,0,0.029327622
0,0,0.0033084622
0,0,0.008244929
0,0,0.02800909
0,0,0.2480641
0,0,0.043700285
0,0,0.02364798
0,1,0.6863566
0,0,0.0016574583
0,0,0.00232387
0,0,0.0067504863
0,1,0.998069
0,0,0.016770605
0,0,0.25580478
0,0,0.0021408254
0,0,0.011593067
0,0,0.00044424823
0,0,0.0020497697
0,0,0.0032783146
0,0,0.016290365
0,0,0.0011531041
0,0,0.0006307981
0,0,0.13298576
0,0,0.010468709
0,0,0.0013797218
0,0,0.0020789052
0,0,0.006147585
0,0,0.10905599
0,0,0.0005197645
0,0,0.003000268
0,1,0.98961776
0,0,0.001417076
0,0,0.003323459
0,1,0.7421499
0,0,0.06218229
0,0,0.07014715
0,0,0.1785747
0,0,0.027720625
0,0,0.005166108
0,1,0.9574195
0,0,0.0039058381
0,0,0.32382604
0,1,0.75510544
0,0,0.011573113
0,0,0.025072835
0,0,0.00078409794
0,1,0.98069924
0,0,0.009361695
0,1,0.6856476
0,0,0.117684536
0,0,0.019276004
0,1,0.5859708
0,0,0.0045668664
0,0,0.0017277251
0,0,0.012035254
0,0,0.039319552
0,1,0.8235207
0,0,0.017740455
0,0,0.07917308
0,0,0.0013773731
0,0,0.0011452357
0,0,0.19252786
0,0,0.00072104175
0,1,0.98668087
0,1,0.9994599
0,0,0.008856065
0,0,0.0676835
0,0,0.0009424701
0,0,0.0034429803
0,0,0.012132039
0,0,0.0021450447
0,0,0.00095682027
0,0,0.0028578136
0,1,0.9988263
0,1,0.5705832
0,1,0.7358673
0,0,0.013664905
0,0,0.002610108
0,1,0.60545945
0,0,0.1508204
0,0,0.01081802
0,0,0.058865704
0,0,0.00043809047
0,0,0.00011456703
0,0,0.0016947695
0,0,0.00010413187
0,0,0.0011071997
0,1,0.8329042
0,0,0.00024864107
0,0,0.11464159
0,0,0.05744087
0,0,0.010056107
0,1,0.8120898
0,0,0.013292718
0,0,0.00176394
0,0,0.48046267
0,0,0.02643779
0,0,0.33609053
0,0,0.00048515652
0,0,0.0009806667
0,0,0.0031371969
0,0,0.029422242
0,0,0.056915488
0,0,0.00086603215
0,0,0.0017614964
0,1,0.85594434
0,1,0.5330715
0,0,0.0024652728
0,0,0.48673886
0,0,0.010900492
0,0,0.07809265
0,0,0.0045247334
0,0,0.0034826002
0,0,0.17218496
0,0,0.032464378
0,0,0.0031889738
0,0,0.05299906
0,0,0.0006801261
0,0,0.097963095
0,1,0.9997813
0,0,0.00033022198
0,0,0.028982675
0,0,0.36307454
0,0,0.0014988611
0,1,0.99247724
0,0,0.3027864
0,0,0.46229178
0,0,0.048299037
0,0,0.04094732
0,1,0.8446259
0,0,0.0005840412
0,0,0.01898611
0,0,0.00046111926
0,0,0.0016290018
0,0,0.035503782
0,0,0.0015590495
0,0,0.02149948
0,0,0.026408412
0,0,0.002299747
0,0,0.0017952023
0,1,0.9766068
0,0,0.16548312
0,0,0.0781996
0,0,0.030060688
0,0,0.00033687972
0,0,0.038377576
0,0,0.008815225
0,1,0.9588348
0,0,0.05395187
0,0,0.0012528265
0,0,0.0015054826
0,0,0.0051212115
0,0,0.04399506
0,0,0.004180441
0,0,0.031156791
0,0,0.43393725
0,0,0.0023086832
0,0,0.0033284805
0,0,0.008950052
0,0,0.002521981
0,0,0.03227365
0,0,0.4446099
0,0,0.0023151846
0,0,0.45743483
0,0,0.053873233
0,1,0.87289387
0,0,0.0005135175
0,0,0.041697368
0,1,0.9688464
0,0,0.0048080957
0,0,0.0030505005
0,0,0.4198348
0,0,0.015400281
0,0,0.010643413
0,0,0.008677285
0,0,0.01243356
0,0,0.0006653002
0,1,0.8358576
0,0,0.0005510495
0,0,0.020537168
0,0,0.0019901444
0,1,0.9400085
0,0,0.13313276
0,0,0.09894211
0,0,0.0002145536
0,1,0.7519228
0,0,0.017954385
0,0,0.008414004
0,0,0.14208683
0,1,0.61982906
0,0,0.37220487
0,0,0.32540223
0,0,0.14708555
0,0,0.00051583775
0,1,0.99093115
0,1,0.9675529
0,0,0.009705008
0,0,0.00051135366
0,1,0.98077744
0,0,0.0006164881
0,0,0.002035565
0,0,0.000773685
0,1,0.9146714
0,0,0.3053965
0,0,0.0028235149
0,0,0.3545261
0,1,0.514974
0,0,0.0014398901
0,0,0.0004213284
0,0,0.0065446384
0,0,0.41286644
0,0,0.4267155
0,0,0.2666277
0,0,0.006408887
0,0,0.0730289
0,0,0.0067386036
0,0,0.0012869642
0,0,0.040011827
0,0,0.015106658
0,0,0.0014647488
0,0,0.0012371772
0,0,0.2122178
0,0,0.00560386
0,1,0.95373124
0,0,0.01081947
0,0,0.00046268365
0,0,0.3674943
0,0,0.012370449
0,1,0.8956485
0,0,0.47879523
0,0,0.0005890544
0,0,0.0002752172
0,1,0.6751025
0,1,0.9985164
0,0,0.09950857
0,0,0.0007949959
0,0,0.031665318
0,0,0.013786695
0,0,0.009392773
0,0,0.40907523
0,1,0.9449075
0,0,0.05597713
0,0,0.0008973565
0,1,0.9514403
0,0,0.029974643
0,1,0.7809439
0,0,0.0011675985
0,1,0.50811344
0,0,0.0017461511
0,0,0.09741613
0,0,0.011797017
0,0,0.05397438
0,0,0.19837655
0,0,0.047509138
0,0,0.481833
0,0,0.0187904
0,0,0.0005554267
0,0,0.0010499766
0,1,0.9779423
0,1,0.58494127
0,0,0.008507356
0,0,0.07836764
0,0,0.0013869546
0,0,0.021173324
0,0,0.08082172
0,0,0.3223177
0,0,0.009051175
0,0,0.017671859
0,0,0.057005666
0,1,0.7134636
0,0,0.0017558174
0,1,0.94738114
0,0,0.006603017
0,0,0.016538978
0,0,0.0007473248
0,0,0.0008634544
0,0,0.007102411
0,0,0.007930578
0,0,0.001352018
0,1,0.74538743
0,0,0.0009984714
0,1,0.9491492
0,1,0.7440545
0,0,0.04875683
0,0,0.0869784
0,1,0.84135747
0,0,0.00042689443
0,0,0.014848373
0,0,0.0021177721
0,0,0.032860316
0,1,0.99693394
0,0,0.04612661
0,0,0.023753611
0,0,0.0058928505
0,0,0.13151294
0,0,0.0072390325
0,0,0.02354875
0,0,0.23447332
0,0,0.044779014
0,0,0.01091096
0,0,0.00020135561
0,1,0.9272498
0,1,0.75432146
0,0,0.019940075
0,0,0.004719223
0,0,0.0021530667
0,0,0.0038696523
0,0,0.005526224
0,0,0.02280048
0,0,0.0007363668
0,0,0.009956865
0,0,0.0016178249
0,0,0.0068053775
0,0,0.11710479
0,1,0.96688384
0,0,0.0074256593
0,1,0.6899971
0,0,0.0814563
0,0,0.48101413
0,0,0.009309393
0,0,0.028062912
0,0,0.09577476
0,0,0.015931655
0,0,0.0033870072
0,0,0.0116793895
0,0,0.4689832
0,0,0.0065148156
0,1,0.97422147
0,0,0.038457166
0,0,0.04480195
0,0,0.0025372792
0,0,0.008292202
0,0,0.0005210042
0,0,0.000104013765
0,0,0.026942357
0,0,0.008783865
0,0,0.0013900541
0,0,0.00075820315
0,1,0.65242916
0,0,0.18500492
0,1,0.7323657
0,0,0.0054087616
0,0,0.076311216
0,0,0.0014785692
0,0,0.0017913773
0,0,0.18676326
0,0,0.009339821
0,0,0.3260416
0,0,0.005468689
0,0,0.00026565572
0,0,0.0065294835
0,0,0.004180342
0,0,0.19396245
0,1,0.8651748
0,1,0.93843114
0,0,0.00065280875
0,0,0.0007868719
0,0,0.0067539406
0,1,0.66787803
0,0,0.0005335036
0,0,0.26497647
0,0,0.006143561
0,1,0.99107754
0,0,0.021233508
0,0,0.058477387
0,0,0.05180052
0,0,0.017151153
0,0,0.0020384784
0,0,0.00039199003
0,0,0.29789612
0,1,0.93695545
0,0,0.0042816265
0,0,0.0057789143
0,1,0.88430154
0,0,0.026892893
0,1,0.99787855
0,0,0.03235917
0,0,0.2281248
0,1,0.95673114
0,1,0.9998586
0,0,0.00765014
0,0,0.00869936
0,0,0.12649845
0,0,0.011494314
0,0,0.004061989
0,0,0.0041851527
0,0,0.022185372
0,0,0.00052324944
0,0,0.0024925962
0,1,0.8072822
0,0,0.00073984184
0,0,0.012018568
0,0,0.00155987
0,0,0.030041117
0,0,0.47422543
0,1,0.99994075
0,0,0.005553102
0,0,0.0047736955
0,0,0.00053977617
0,0,0.003085408
0,0,0.4586084
0,0,0.00064938836
0,0,0.032513056
0,1,0.99953485
0,0,0.0009267128
0,0,0.010778597
0,0,0.0009899414
0,0,0.0008148177
0,0,0.0023582266
0,0,0.004288595
0,0,0.0039970856
0,0,0.07187957
0,0,0.1603385
0,0,0.10549415
0,0,0.0029593937
0,0,0.006980411
0,0,0.008338664
0,0,0.017364515
0,1,0.98916596
0,1,0.9976283
0,0,0.0050927266
0,1,0.51780695
0,0,0.0021965248
0,1,0.9509292
0,0,0.029435247
0,1,0.973346
0,0,0.007075775
0,0,0.096927844
0,0,0.00046149702
0,0,0.014132888
0,0,0.31513613
0,0,0.0022625066
0,0,0.019791791
0,0,0.020815533
0,0,0.029197115
0,0,0.012820018
0,0,0.40852475
0,1,0.99911326
0,1,0.75342894
0,0,0.096950114
0,0,0.00037696495
0,0,0.16188018
0,0,0.00022825235
0,0,0.030763648
0,0,0.001430011
0,0,0.00095180946
0,0,0.0073894765
0,0,0.005777361
0,1,0.8367314
0,0,0.0019595257
0,0,0.0009938949
0,0,0.1583386
0,0,0.0022239096
0,0,0.012967676
0,0,0.015262985
0,0,0.0020086935
0,0,0.0064007365
0,0,0.13088056
0,0,0.002534265
0,0,0.00067626033
0,0,0.0006102299
0,0,0.00032174593
0,0,0.0033051572
0,0,0.00017708706
0,0,0.00448008
0,0,0.0029491782
0,0,0.31296635
0,0,0.001309262
0,0,0.0059799016
0,0,0.0013659742
0,0,0.0010859489
0,0,0.45453313
0,0,0.0011019649
0,0,0.010292934
0,0,0.45251587
0,0,0.053653695
0,0,0.014546253
0,0,0.0006384328
0,1,0.9737283
0,0,0.013418941
0,0,0.00041760606
0,0,0.009533762
0,1,0.9990049
0,1,0.98391104
0,0,0.004736967
0,0,0.0032548944
0,0,0.0010597628
0,0,0.01608731
0,0,0.3221737
0,0,0.009328208
0,0,0.004424125
0,0,0.25928405
0,0,0.16544357
0,0,0.00037440885
0,1,0.63923806
0,0,0.0034003574
0,0,0.0073509323
0,0,0.00040855556
0,1,0.9671751
0,0,0.008953723
0,0,0.0071550715
0,0,0.06475787
0,0,0.008766586
0,0,0.00039358082
0,1,0.83452004
0,0,0.00044567237
0,1,0.7055589
0,1,0.8968722
0,0,0.005464455
0,0,0.010398015
0,0,0.0026096657
0,0,0.045804862
0,0,0.005141674
0,0,0.0066308468
0,0,0.042345565
0,0,0.00014870754
0,0,0.008739214
0,0,0.0018218925
0,0,0.0026858426
0,1,0.6905809
0,0,0.00019022696
0,0,0.008955564
0,1,0.8977427
0,0,0.002555133
0,1,0.9421064
0,1,0.90847015
0,1,0.9820841
0,0,0.0018246502
0,0,0.0016906682
0,0,0.1828136
0,1,0.9990332
0,0,0.013536886
0,1,0.9444697
0,0,0.06458711
0,0,0.45207137
0,0,0.001072267
0,0,0.0025355914
0,1,0.65014243
0,0,0.002286958
0,0,0.025669908
0,0,0.007868751
0,0,0.0009912442
0,0,0.0021236066
0,1,0.5551967
0,0,0.0016834321
0,1,0.97188663
0,0,0.0007872784
0,0,0.13705541
0,0,0.050724123
0,0,0.00039898884
0,1,0.7198241
0,0,0.0004705005
0,0,0.0046695443
0,0,0.27109233
0,1,0.5876608
0,0,0.0011882982
0,0,0.3601609
0,0,0.0055292435
0,0,0.09559089
0,1,0.72033143
0,0,0.0045573916
0,0,0.46155602
0,1,0.9901895
0,0,0.004448739
0,0,0.0011513951
0,0,0.13119024
0,1,0.9979201
0,0,0.45274782
0,0,0.0021636793
0,0,0.0009374218
0,0,0.031803694
0,1,0.92459774
0,0,0.0005356529
0,0,0.012483503
0,0,0.0006342856
0,1,0.8145394
0,0,0.005141948
0,0,0.01586597
0,0,0.006555927
0,0,0.44849998
0,0,0.0023001146
0,0,0.04259113
0,0,0.041678302
0,0,0.04864115
0,0,0.103980176
0,0,0.0006449712
0,0,0.009794341
0,0,0.0006192464
0,0,0.00035659244
0,0,0.00015097728
0,0,0.029417766
0,0,0.0069815153
0,0,0.025815692
0,0,0.20588739
0,0,0.035651047
0,0,0.00062469137
0,0,0.00039378347
0,0,0.077070825
0,1,0.68878776
0,0,0.0021420247
0,1,0.99657804
0,0,0.0037928282
0,0,0.003291407
0,0,0.0042876746
0,0,0.019329388
0,0,0.0014835761
0,0,0.004105219
0,1,0.9472892
0,0,0.0006485803
0,1,0.9637015
0,0,0.0011545594
0,0,0.007830935
0,0,0.017074406
0,0,0.009931382
0,0,0.0054063615
0,0,0.0349411
0,1,0.6096451
0,1,0.900105
0,0,0.007426422
0,1,0.9144632
0,0,0.001559334
0,0,0.007882119
0,0,0.0148703605
0,0,0.0053870524
0,1,0.9927451
0,1,0.9995303
0,0,0.01783912
0,0,0.0039838045
0,0,0.0063570132
0,1,0.9987413
0,0,0.071976826
0,1,0.9979546
0,0,0.12263181
0,0,0.18774168
0,0,0.002403131
0,0,0.0016326694
0,0,0.001683352
0,1,0.999913
0,0,0.014517414
0,0,0.049394764
0,0,0.023214085
0,0,0.0016417494
0,0,0.022040835
0,0,0.00048613886
0,0,0.16728427
0,0,0.01279088
0,1,0.7944604
0,0,0.0012524156
0,1,0.9977197
0,0,0.14187993
0,0,0.0024596422
0,1,0.9483511
0,1,0.7070545
0,1,0.9034418
0,0,0.0016252169
0,0,0.001592152
0,0,0.00032205984
0,1,0.95154667
0,0,0.07713272
0,0,0.0037691593
0,0,0.024842307
0,0,0.0036386359
0,0,0.003757425
0,0,0.00080515776
0,1,0.9862206
0,0,0.0028934085
0,0,0.0014361168
0,0,0.10868946
0,0,0.17949197
0,1,0.694422
0,0,0.0012036718
0,0,0.028337697
0,0,0.0017210828
0,0,0.3933076
0,0,0.12535012
0,0,0.0032790613
0,0,0.0011026651
0,0,0.013941007
0,0,0.024278922
0,0,0.017059447
0,0,0.00078885537
0,0,0.0011107048
0,0,0.012965047
0,0,0.07703793
0,0,0.005508365
0,0,0.00092070346
0,1,0.9906502
0,0,0.02285677
0,0,0.0043372023
0,0,0.05741186
0,0,0.0029597087
0,0,0.00050399045
0,0,0.014900848
0,0,0.00031060935
0,0,0.0039349473
0,0,0.011324955
0,0,0.39486086
0,0,0.00215521
0,0,0.0057564243
0,0,0.109688565
0,0,0.005498987
0,0,0.00298518
0,1,0.6308608
0,0,0.00015763665
0,0,0.0030595455
0,0,0.0012330238
0,0,0.053542323
0,0,0.003793153
0,0,0.0010896407
0,0,0.0022462094
0,0,0.0047841817
0,0,0.0033561953
0,0,0.0011105082
0,1,0.60394096
0,0,0.010483855
0,0,0.002579153
0,0,0.14571775
0,0,0.40707535
0,0,0.0018227821
0,0,0.0030586615
0,0,0.01536853
0,1,0.9002622
0,0,0.009511366
0,0,0.038048353
0,0,0.0019622226
0,0,0.15383288
0,1,0.991503
0,0,0.0032693956
0,0,0.016684087
0,0,0.10866707
0,0,0.018207546
0,0,0.021463005
0,1,0.9956072
0,0,0.0048366897
0,0,0.0009593502
0,0,0.0646937
0,0,0.0021099618
0,0,0.0014681296
0,0,0.00061640644
0,0,0.008281793
0,0,0.0019777552
0,0,0.16609065
0,0,0.00019217987
0,0,0.031739753
0,1,0.9874821
0,1,0.9607411
0,1,0.66357934
0,0,0.0012736503
0,1,0.99085957
0,0,0.0019537676
0,0,0.0075384625
0,0,0.0022910226
0,1,0.9786411
0,0,0.08250819
0,0,0.003540459
0,0,0.0014023215
0,0,0.0028010043
0,0,0.0134655
0,0,0.0005772361
0,0,0.47757155
0,0,0.26325214
0,0,0.06815081
0,0,0.009525868
0,0,0.42300105
0,0,0.012501839
0,0,0.01764409
0,0,0.0002649778
0,1,0.65232366
0,0,0.0015498188
0,0,0.16031745
0,0,0.42424586
0,0,0.003110268
0,0,0.014939069
0,0,0.0004727301
0,0,0.002244321
0,0,0.00022644256
0,0,0.0151289785
0,1,0.7820477
0,0,0.17632315
0,1,0.593199
0,1,0.95339185
0,0,0.20270132
0,0,0.0013798218
0,1,0.8512567
0,0,0.0017375976
0,1,0.6590675
0,1,0.62535155
0,0,0.04615039
0,0,0.026791776
0,0,0.04298885
0,1,0.88274765
0,0,0.05240216
0,1,0.5370679
0,1,0.93419605
0,0,0.28110108
0,0,0.0028671518
0,0,0.34033316
0,0,0.00086062914
0,0,0.0017312692
0,0,0.0019492332
0,0,0.015775215
0,0,0.009326851
0,0,0.3449383
0,0,0.00066865585
0,0,0.05280427
0,0,0.0013806524
0,0,0.00036026275
0,1,0.8473301
0,0,0.006870766
0,0,0.1508673
0,0,0.0057339068
0,0,0.009292043
0,0,0.001559218
0,0,0.010634534
0,0,0.011470256
0,1,0.9957765
0,0,0.016348017
0,0,0.002232006
0,0,0.00035370133
0,0,0.0013148761
0,0,0.0012121756
0,0,0.0014604618
0,0,0.002256078
0,0,0.11276635
0,0,0.00024282782
0,1,0.75223583
0,0,0.038189217
0,0,0.0018766241
0,0,0.0011349974
0,0,0.026826244
0,0,0.06330733
0,0,0.035034537
0,0,0.0017452121
0,0,0.21085225
0,1,0.99770844
0,0,0.10609585
0,0,0.012474682
0,0,0.0012535565
0,1,0.98301965
0,0,0.030752359
0,0,0.014339874
0,0,0.4100286
0,0,0.00012699653
0,1,0.95700705
0,0,0.023403862
0,0,0.00091669057
0,0,0.002464004
0,1,0.6832675
0,1,0.5532832
0,0,0.0011131124
0,0,0.41931713
0,0,0.0016599867
0,0,0.04801341
0,1,0.74168354
0,0,0.0017732338
0,0,0.35021284
0,1,0.94866776
0,0,0.0008442054
0,0,0.12176719
0,1,0.5624877
0,0,0.065175906
0,0,0.011703937
0,0,0.03338225
0,0,0.0019962974
0,0,0.0008405701
0,0,0.03166909
0,0,0.0014942426
0,0,0.04215722
0,1,0.8030665
0,0,0.0019152628
0,0,0.0038805832
0,0,0.0016959315
0,0,0.000394278
0,0,0.011025861
0,0,0.0052138255
0,0,0.00045098658
0,0,0.010987555
0,0,0.035310138
0,0,0.13859193
0,0,0.0066570616
0,0,0.1790896
0,0,0.082364306
0,0,0.0022189936
0,0,0.0036639574
0,0,0.0075509744
0,0,0.47419608
0,1,0.9993148
0,0,0.0043270215
0,1,0.67917
0,0,0.011681278
0,1,0.9867383
0,1,0.58826137
0,0,0.004305964
0,0,0.061631557
0,0,0.14088458
0,0,0.0014010574
0,1,0.5314863
0,1,0.53263545
0,0,0.007040765
0,0,0.014959545
0,0,0.024907086
0,0,0.0548148
0,0,0.020631928
0,0,0.09861874
0,1,0.500009
0,0,0.0047102296
0,0,0.00079873146
0,0,0.46808478
0,0,0.018228903
0,1,0.55987924
0,0,0.0054565435
0,0,0.001000942
0,1,0.99707294
0,1,0.56637204
0,0,0.0021148114
0,0,0.18615025
0,0,0.01251033
0,0,0.027197529
0,0,0.009975939
0,0,0.00060246146
0,1,0.54705465
0,0,0.26536962
0,0,0.001281588
0,0,0.0011361814
0,0,0.12543565
0,0,0.0014709311
0,0,0.2518634
0,1,0.78823715
0,1,0.9706354
0,0,0.005888522
0,0,0.038431533
0,0,0.014216832
0,0,0.0027205804
0,1,0.9994467
0,0,0.005643492
0,0,0.0013980436
0,0,0.029812459
0,0,0.00020800365
0,0,0.0005131415
0,0,0.016347788
0,0,0.0024978586
0,0,0.0007604637
0,0,0.0058432533
0,0,0.0005921766
0,0,0.005025624
0,0,0.006199568
0,0,0.0014847917
0,0,0.0022756595
0,0,0.003006698
0,0,0.18027213
0,0,0.0060970536
0,0,0.037233036
0,0,0.30346888
0,0,0.04200825
0,0,0.034601144
0,0,0.42989808
0,0,0.11910898
0,0,0.22193334
0,0,0.0029124203
0,0,0.0011468699
0,1,0.9993967
0,1,0.9722784
0,0,0.015247548
0,0,0.004547942
0,0,0.0017100241
0,0,0.01356853
0,1,0.549921
0,0,0.03128624
0,0,0.02066309
0,0,0.017416116
0,0,0.0036716196
0,1,0.98763406
0,0,0.0022697677
0,0,0.38028252
0,0,0.00279382
0,0,0.0013776551
0,1,0.80009943
0,0,0.010628224
0,0,0.01845107
0,0,0.0050034523
0,1,0.78391683
0,1,0.9801743
0,0,0.0009686614
0,0,0.0032874092
0,0,0.04975328
0,0,0.08125454
0,0,0.05123468
0,1,0.62898785
0,0,0.005234917
0,0,0.12700146
0,0,0.0004175314
0,1,0.97675234
0,1,0.99054164
0,0,0.005829511
0,0,0.13821279
0,0,0.18703955
0,0,0.48459724
0,0,0.00026727963
0,0,0.17953858
0,0,0.0040886505
0,0,0.0040492713
0,0,0.1887267
0,0,0.0038144288
0,0,0.00072945945
0,0,0.11511895
0,0,0.29479423
0,1,0.88566315
0,1,0.8370465
0,0,0.004870858
0,1,0.889189
0,0,0.016486017
0,0,0.048411205
0,0,0.17095537
0,0,0.0009067842
0,0,0.17973289
0,0,0.0053019756
0,0,0.01418391
0,0,0.029858643
0,0,0.22743268
0,0,0.4692518
0,0,0.0033792323
0,1,0.58475983
0,0,0.004500602
0,1,0.6809019
0,0,0.00060187955
0,1,0.99879444
0,0,0.0274638
0,0,0.16828494
0,0,0.0007697319
0,0,0.02546523
0,1,0.9975666
0,0,0.2933329
0,0,0.035646737
0,0,0.012273617
0,0,0.05773971
0,0,0.00040716905
0,0,0.036232807
0,0,0.07704471
0,0,0.047270387
0,0,0.0005569824
0,0,0.15544237
0,0,0.031255778
0,0,0.046966873
0,0,0.0016054446
0,1,0.657711
0,0,0.0025342288
0,0,0.0005739797
0,0,0.051450502
0,0,0.47688937
0,0,0.05091564
0,1,0.997459
0,0,0.43477795
0,1,0.9549852
0,0,0.0015714279
0,0,0.014932589
0,1,0.91869354
0,0,0.01722392
0,0,0.02936454
0,1,0.9993019
0,0,0.040831514
0,1,0.95368767
0,0,0.005977383
0,1,0.9659435
0,0,0.00043439813
0,0,0.07847435
0,0,0.0018497146
0,0,0.006275036
0,1,0.6092095
0,0,0.002540288
0,0,0.43628442
0,0,0.0036986591
0,0,0.0030296708
0,0,0.0011990269
0,1,0.99900204
0,0,0.015225969
0,0,0.00046899618
0,0,0.17394035
0,0,0.005789099
0,0,0.022853728
0,0,0.006988627
0,0,0.27916154
0,0,0.019701842
0,0,0.0070301523
0,0,0.043253306
0,0,0.0010466938
0,0,0.0021989543
0,0,0.008791358
0,1,0.964024
0,0,0.0037402126
0,0,0.0034352737
0,0,0.0015564427
0,0,0.00016853187
0,0,0.040807713
0,0,0.0045881374
0,0,0.0007230775
0,0,0.0012068633
0,1,0.9816382
0,0,0.017921792
0,1,0.9991779
0,1,0.69861656
0,1,0.9967159
0,0,0.011458714
0,1,0.9997379
0,0,0.008365164
0,0,0.0012253491
0,0,0.0013310512
0,0,0.014276632
0,0,0.014473745
0,0,0.2888463
0,0,0.0060110446
0,1,0.5513484
0,0,0.0015822705
0,0,0.010856818
0,0,0.0006397079
0,0,0.043963015
0,0,0.0026197012
0,0,0.0010722323
0,1,0.9361932
0,0,0.0065090014
0,0,0.003336501
0,0,0.08212728
0,0,0.0011457287
0,0,0.0007217829
0,0,0.0010268751
0,0,0.001901255
0,1,0.6024257
0,0,0.0028944265
0,0,0.009657886
0,0,0.035837833
0,0,0.0017808311
0,0,0.04946052
0,0,0.08451275
0,0,0.05809099
0,0,0.0026733761
0,0,0.019863592
0,0,0.1097298
0,0,0.0018723595
0,0,0.0044382378
0,0,0.0075749103
0,0,0.18304323
0,0,0.0006315732
0,0,0.0064387005
0,0,0.00042055838
0,0,0.0008997618
0,0,0.0031791467
0,0,0.008259157
0,0,0.0059689037
0,0,0.009033818
0,0,0.014724276
0,0,0.0041677463
0,0,0.010335227
0,0,0.15575093
0,0,0.00049516803
0,1,0.63303286
0,0,0.000100832
0,0,0.012164687
0,0,0.003986942
0,1,0.7729771
0,0,0.0008830543
0,1,0.91562295
0,0,0.0044811163
0,0,0.010503359
0,0,0.043720476
0,1,0.9885861
0,0,0.033868633
0,0,0.00033632602
0,0,0.0068100016
0,1,0.8095328
0,0,0.047617413
0,0,0.0027859001
0,0,0.004018579
0,0,0.00065746816
0,0,0.028150938
0,0,0.12048857
0,0,0.0014773351
0,0,0.04240278
0,0,0.0032171432
0,1,0.8594496
0,0,0.0002345313
0,1,0.54152304
0,0,0.012449964
0,0,0.03464078
0,0,0.0013698615
0,0,0.020889502
0,0,0.0006447791
0,0,0.2395512
0,0,0.02252326
0,0,0.013368457
0,0,0.13642916
0,0,0.00094885274
0,0,0.010188295
0,0,0.12563133
0,0,0.0010104448
0,1,0.702645
0,0,0.0015510841
0,0,0.006378945
0,0,0.019424938
0,0,0.008203127
0,1,0.89791334
0,1,0.6791319
0,0,0.04931495
0,0,0.00025644567
0,0,0.013009642
0,0,0.0015368004
0,0,0.0034566496
0,0,0.0012049507
0,0,0.08406858
0,0,0.31003493
0,0,0.13459533
0,1,0.5676379
0,0,0.022055896
0,0,0.015677571
0,1,0.983931
0,0,0.00052509713
0,0,0.00054306886
0,0,0.008482371
0,0,0.009070055
0,0,0.006218575
0,0,0.013561883
0,0,0.00317211
0,0,0.03751944
0,0,0.061209258
0,0,0.001330441
0,0,0.01418839
0,1,0.8469137
0,1,0.7275864
0,0,0.0009307257
0,0,0.0007197013
0,0,0.018155431
0,0,0.038233224
0,0,0.09895224
0,0,0.0067629283
0,0,0.0043562087
0,0,0.0011500946
0,0,0.052260138
0,0,0.0027252145
0,0,0.001037395
0,0,0.039803475
0,0,0.0030032678
0,0,0.022367582
0,0,0.02531427
0,0,0.0085099675
0,0,0.001641568
0,0,0.0034118274
0,0,0.0018103973
0,0,0.004191439
0,0,0.0035818627
0,1,0.53514427
0,0,0.011485206
0,0,0.0011104562
0,0,0.008776876
0,0,0.0037814782
0,0,0.00913619
0,0,0.0021581613
0,0,0.0010631188
0,0,0.0919685
0,0,0.16842188
0,0,0.0008448452
0,0,0.013627525
0,0,0.0036880944
0,0,0.0031258855
0,1,0.87762386
0,0,0.18943983
0,0,0.028078746
0,0,0.00026450734
0,1,0.96913916
0,0,0.103896104
0,0,0.10843933
0,0,0.058146924
0,0,0.0016714694
0,0,0.0005223949
0,1,0.8889099
0,0,0.14119177
0,0,0.036535017
0,0,0.13328247
0,1,0.9895489
0,0,0.0016128662
0,0,0.004903344
0,0,0.012509741
0,0,0.10586899
0,0,0.0014893657
0,0,0.0012590585
0,0,0.039138705
0,1,0.8048274
0,0,0.004265019
0,1,0.99812025
0,0,0.00043820133
0,0,0.002413044
0,0,0.0007704396
0,0,0.1474553
0,0,0.4512701
0,0,0.0045880475
0,0,0.019250141
0,0,0.018006597
0,0,0.00464048
0,0,0.09653675
0,1,0.99836236
0,0,0.0008914112
0,0,0.37584046
0,0,0.0015509166
0,0,0.05226136
0,1,0.67517
0,0,0.016141625
0,1,0.5753258
0,0,0.25093034
0,1,0.6736682
0,0,0.023928445
0,0,0.0004002408
0,0,0.00044842908
0,0,0.015268526
0,0,0.02124632
0,0,0.0038994444
0,0,0.085291125
0,0,0.0003987548
0,0,0.28343803
0,0,0.0021787633
0,0,0.023390142
0,0,0.00041251368
0,0,0.0022480004
0,0,0.026038341
0,0,0.0009463789
0,0,0.0075066756
0,0,0.019311497
0,0,0.004418418
0,0,0.031173518
0,0,0.14636026
0,0,0.0119795
0,0,0.05992004
0,0,0.00612127
0,0,0.00034403687
0,0,0.0007986619
0,0,0.048956346
0,1,0.9931958
0,0,0.004333518
0,0,0.0048385444
0,0,0.039557926
0,0,0.015958022
0,0,0.0018298468
0,0,0.0021343345
0,0,0.0031420176
0,0,0.034052875
0,1,0.90145105
0,0,0.0011628973
0,0,0.031809714
0,1,0.70263785
0,0,0.0046417005
0,0,0.16226271
0,1,0.6098667
0,0,0.0074948873
0,1,0.98811555
0,1,0.96902466
0,0,0.099675685
0,0,0.0049794056
0,0,0.008846268
0,0,0.0042664837
0,0,0.117270604
0,0,0.0007585045
0,0,0.0006391814
0,0,0.001315134
0,1,0.87431633
0,0,0.027158236
0,0,0.03691917
0,0,0.10019835
0,0,0.0005813542
0,0,0.0023441045
0,0,0.25766426
0,0,0.0013991959
0,0,0.02078738
0,0,0.20319434
0,0,0.03590015
0,0,0.024818279
0,0,0.0012331506
0,0,0.0024801064
0,1,0.9412999
0,0,0.0065723234
0,0,0.046843875
0,0,0.019484835
0,0,0.025636895
0,1,0.9663988
0,0,0.0011283117
0,0,0.0045418795
0,0,0.1871157
0,0,0.001260933
0,0,0.21391815
0,0,0.0025741619
0,0,0.0015950362
0,0,0.0022447985
0,0,0.15255128
0,1,0.7470457
0,1,0.9987627
0,0,0.010806402
0,0,0.1992589
0,1,0.8351985
0,0,0.013094169
0,1,0.9289115
0,0,0.009194485
0,0,0.0005647051
0,0,0.0014382532
0,0,0.01175234
0,0,0.01286014
0,0,0.0028869675
0,0,0.123132594
0,0,0.090566665
0,0,0.0045004818
0,0,0.027116625
0,0,0.011460237
0,0,0.004867921
0,0,0.00072683376
0,1,0.9891128
0,0,0.0006740797
0,1,0.931552
0,1,0.98741966
0,0,0.23521453
0,0,0.17661028
0,1,0.6721322
0,0,0.026071005
0,0,0.0003599711
0,0,0.01398861
0,1,0.8029156
0,0,0.0007649059
0,0,0.0060640164
0,0,0.0008491725
0,0,0.05690816
0,0,0.0062469314
0,0,0.03562142
0,0,0.10511738
0,0,0.013625269
0,0,0.058789585
0,0,0.015810583
0,0,0.010242601
0,0,0.0040451675
0,0,0.047687065
0,0,0.099993385
0,0,0.28118643
0,0,0.001733391
0,0,0.008556878
0,0,0.0013533216
0,0,0.0012818554
0,0,0.030732427
0,1,0.8242287
0,0,0.0013202343
0,0,0.004527901
0,1,0.99948764
0,0,0.00044896928
0,0,0.0031933861
0,0,0.29305908
0,0,0.012435844
0,0,0.008815775
0,1,0.58553493
0,0,0.053612657
0,0,0.027611414
0,0,0.26252702
0,0,0.01782615
0,0,0.065051205
0,0,0.4887137
0,0,0.049216725
0,0,0.014971426
0,0,0.003385591
0,0,0.00025211534
0,0,0.00023564756
0,0,0.018632323
0,1,0.91040856
0,0,0.0033282356
0,0,0.0003049411
0,0,0.0011906924
0,0,0.0013356259
0,0,0.001298878
0,0,0.0035211975
0,0,0.0032753055
0,0,0.0035706344
0,1,0.9927791
0,0,0.029881377
0,0,0.05497955
0,1,0.9857525
0,0,0.0022668745
0,0,0.005199007
0,0,0.01808886
0,0,0.02561303
0,1,0.88104934
0,0,0.08743147
0,0,0.0011335545
0,0,0.018031688
0,0,0.1428639
0,0,0.025736803
0,0,0.2924404
0,0,0.0017447188
0,0,0.0033003765
0,0,0.06712982
0,0,0.021859195
0,0,0.011119249
0,0,0.006020864
0,0,0.036502838
0,0,0.3173222
0,0,0.004674669
0,0,0.0016484264
0,0,0.0013932986
0,0,0.015580223
0,0,0.0052592084
0,0,0.033320528
0,0,0.0028644565
0,1,0.7647826
0,0,0.06253715
0,0,0.009902677
0,0,0.007458878
0,0,0.0032382433
0,0,0.021242777
0,0,0.00077549234
0,1,0.94517213
0,0,0.023499768
0,1,0.80331206
0,1,0.97950953
0,1,0.97859186
0,1,0.72836006
0,0,0.02190745
0,1,0.9980824
0,0,0.0019534316
0,1,0.99880314
0,0,0.0018173531
0,0,0.0007088698
0,0,0.1847688
0,1,0.9916243
0,0,0.07430018
0,0,0.000939528
0,1,0.99416673
0,0,0.007948327
0,1,0.65042776
0,0,0.0033394087
0,0,0.007593214
0,0,0.0009184317
0,1,0.95227945
0,0,0.0011245448
0,0,0.025555309
0,0,0.05874533
0,1,0.5471118
0,0,0.0025844614
0,0,0.012631905
0,0,0.05469545
0,1,0.99893206
0,1,0.9989034
0,0,0.006246046
0,0,0.2359728
0,0,0.019529564
0,0,0.4120311
0,0,0.0063996413
0,0,0.3258557
0,0,0.01919166
0,0,0.00094698055
0,0,0.010805648
0,0,0.0028813193
0,0,0.025587162
0,0,0.0022183151
0,0,0.16018142
0,0,0.00438077
0,0,0.015941346
0,1,0.8937285
0,0,0.0060395277
0,0,0.00719421
0,0,0.0033032042
0,0,0.008093988
0,0,0.0006998432
0,0,0.00021496128
0,0,0.002026813
0,0,0.0004813663
0,0,0.00086087966
0,1,0.53217167
0,0,0.004742949
0,0,0.0025047783
0,0,0.45020923
0,0,0.16283482
0,0,0.005736515
0,0,0.005474464
0,0,0.022994231
0,1,0.9874862
0,1,0.83984566
0,0,0.043580957
0,0,0.012671969
0,0,0.00855636
0,1,0.9993573
0,0,0.0139114885
0,0,0.026676957
0,0,0.0041235457
0,0,0.00024331309
0,0,0.004392474
0,0,0.20049898
0,0,0.025147658
0,0,0.019016987
0,0,0.019886537
0,1,0.97545403
0,0,0.0018369921
0,0,0.08499051
0,1,0.66248995
0,0,0.037405252
0,1,0.663662
0,0,0.002186601
0,0,0.08729042
0,0,0.108276285
0,0,0.00053649134
0,0,0.07530884
0,0,0.0009986587
0,1,0.9341583
0,0,0.0039029196
0,0,0.0076822797
0,1,0.5430642
0,0,0.0012950808
0,0,0.0009179085
0,0,0.0010004777
0,0,0.057403453
0,0,0.0013862989
0,0,0.0012692217
0,0,0.14058872
0,1,0.9290186
0,0,0.052080747
0,0,0.19019389
0,0,0.0016738701
0,0,0.09674074
0,0,0.005628944
0,0,0.003990346
0,0,0.00416553
0,0,0.03707158
0,0,0.04883261
0,0,0.008647129
0,0,0.040870365
0,0,0.0078427205
0,0,0.03214739
0,0,0.0008638403
0,0,0.0033128601
0,0,0.002045646
0,0,0.0040293173
0,0,0.01932861
0,0,0.017792737
0,0,0.011780579
0,0,0.0027810861
0,0,0.22097477
0,0,0.0304415
0,0,0.011481508
0,0,0.31769258
0,0,0.0058223656
0,0,0.00046931996
0,0,0.07762863
0,0,0.0049063927
0,0,0.05005112
0,0,0.0041578724
0,0,0.01595558
0,0,0.0034562028
0,0,0.019965362
0,0,0.30634844
0,0,0.019561816
0,1,0.73646224
0,0,0.40737736
0,0,0.095386244
0,1,0.85372794
0,1,0.83807385
0,1,0.9762705
0,1,0.98801756
0,1,0.72937137
0,0,0.00441503
0,0,0.040141158
0,0,0.19160943
0,0,0.09234776
0,0,0.04063765
0,1,0.64703953
0,0,0.088960126
0,0,0.0023611789
0,0,0.00013796974
0,0,0.016411005
0,1,0.99631834
0,0,0.01941313
0,0,0.12813875
0,0,0.0065850164
0,0,0.23673207
0,0,0.020430233
0,1,0.77016807
0,0,0.0061594713
0,0,0.073204584
0,0,0.024603322
0,0,0.047426976
0,0,0.0113578215
0,0,0.0060125887
0,0,0.00015913573
0,0,0.007196288
0,0,0.08010702
0,0,0.4904659
0,0,0.007573846
0,0,0.23855907
0,0,0.0020692232
0,0,0.001528323
0,0,0.0060126167
0,0,0.26412615
0,0,0.45421645
0,0,0.06749809
0,0,0.0009953352
0,0,0.020606102
0,0,0.018207362
0,0,0.013750531
0,0,0.08176738
0,0,0.1455233
0,1,0.59104675
0,0,0.0037600268
0,0,0.009215116
0,1,0.6757191
0,0,0.0007745418
0,0,0.0025254884
0,1,0.92168456
0,0,0.3843288
0,1,0.9465069
0,0,0.09436603
0,0,0.39787138
0,0,0.11805931
0,1,0.9585355
0,0,0.0010725545
0,0,0.002828854
0,0,0.0011029819
0,1,0.987015
0,1,0.6278815
0,0,0.0004810867
0,0,0.00033407344
0,0,0.035530474
0,0,0.012137138
0,0,0.00025991892
0,0,0.00736646
0,0,0.0668018
0,0,0.12742175
0,0,0.0056408388
0,0,0.0041163755
0,0,0.0029967772
0,0,0.04536945
0,0,0.0018121206
0,0,0.043960817
0,0,0.16756108
0,0,0.2222257
0,0,0.3159561
0,0,0.008182498
0,0,0.014517736
0,0,0.058794867
0,0,0.0006424347
0,1,0.9868729
0,0,0.00052267074
0,0,0.0042346385
0,0,0.0028624674
0,1,0.99281067
0,0,0.003432061
0,0,0.0059073544
0,0,0.01060411
0,0,0.003488964
0,0,0.0008036137
0,0,0.19901404
0,1,0.59524983
0,1,0.9997013
0,0,0.008594349
0,0,0.16442116
0,0,0.0046814694
0,0,0.0012830026
0,1,0.8487707
0,0,0.47708216
0,1,0.717162
0,0,0.08198324
0,0,0.091963634
0,0,0.0024205511
0,0,0.0006066927
0,0,0.0028861428
0,0,0.040238295
0,0,0.0003561545
0,0,0.033170972
0,0,0.008442122
0,0,0.008650448
0,0,0.035654884
0,0,0.0015080352
0,0,0.007875888
0,0,0.0018212197
0,0,0.0016520559
0,0,0.007872382
0,0,0.015392309
0,0,0.0003023242
0,0,0.0012116907
0,0,0.016379323
0,0,0.00378371
0,0,0.0011380115
0,1,0.98705626
0,1,0.5767044
0,1,0.67384
0,0,0.0006193197
0,0,0.0012086164
0,0,0.14375181
0,1,0.9261645
0,0,0.0027233127
0,0,0.17156518
0,0,0.11409009
0,0,0.024695178
0,0,0.0042651976
0,0,0.0017096153
0,0,0.0013948916
0,0,0.003442137
0,0,0.018436665
0,0,0.008052757
0,0,0.0010861772
0,0,0.0007079516
0,0,0.0006318658
0,0,0.009292153
0,0,0.43425536
0,1,0.87652254
0,0,0.010946425
0,0,0.03641799
0,0,0.0038144342
0,0,0.0006558157
0,0,0.015250397
0,1,0.9999037
0,0,0.21590306
0,0,0.0011761474
0,0,0.00053067086
0,1,0.9892758
0,0,0.38198975
0,0,0.004171371
0,0,0.015785241
0,0,0.003225207
0,0,0.0025907306
0,0,0.030290248
0,0,0.00026266545
0,0,0.13771483
0,0,0.0067946543
0,1,0.999521
0,0,0.0016665695
0,0,0.00038574063
0,0,0.02081338
0,0,0.00082585926
0,0,0.0327465
0,0,0.009864448
0,0,0.00035088058
0,1,0.99992275
0,0,0.20108292
0,0,0.10555073
0,0,0.004342267
0,0,0.001777239
0,1,0.98956
0,0,0.0006353041
0,0,0.025962047
0,0,0.046018198
0,0,0.0018687806
0,0,0.004791789
0,0,0.12547767
0,0,0.0022831224
0,0,0.00012832778
0,1,0.98093134
0,0,0.08742306
0,1,0.9875965
0,0,0.33589756
0,0,0.00020554631
0,0,0.14385386
0,0,0.001710125
0,0,0.015535902
0,0,0.0024040088
0,1,0.62483394
0,0,0.0053249444
0,0,0.0008679901
0,0,0.001748275
0,0,0.005772086
0,0,0.00060761045
0,1,0.63239115
0,0,0.028703734
0,0,0.020223625
0,0,0.0022679858
0,1,0.774501
0,1,0.7008098
0,0,0.030954158
0,0,0.07633699
0,0,0.01643926
0,0,0.00030075567
0,0,0.003804561
0,0,0.0030009202
0,0,0.05232127
0,1,0.9382427
0,0,0.019106498
0,0,0.00041879422
0,0,0.023735119
0,0,0.010588853
0,0,0.0002561654
0,0,0.0025656656
0,0,0.001950473
0,1,0.9947667
0,0,0.0011339837
0,0,0.0009839531
0,0,0.0032869389
0,0,0.013101107
0,0,0.24478173
0,0,0.0069710137
0,0,0.0004755961
0,1,0.9979796
0,0,0.016878478
0,0,0.0015180275
0,0,0.00029327412
0,1,0.92471313
0,0,0.00027851967
0,0,0.0022595604
0,1,0.88498414
0,1,0.9933867
0,0,0.018601406
0,0,0.017214868
0,0,0.009084217
0,0,0.04176429
0,0,0.048807003
0,0,0.0016108712
0,0,0.018113546
0,1,0.98821855
0,1,0.9897545
0,0,0.094778776
0,1,0.921805
0,0,0.00029090597
0,0,0.012880761
0,0,0.03545542
0,0,0.00079466804
0,1,0.65082264
0,0,0.014135172
0,0,0.016149009
0,0,0.006985493
0,0,0.0008052381
0,0,0.004035147
0,0,0.0017724996
0,0,0.20045166
0,0,0.0005600191
0,0,0.20743838
0,1,0.9968161
0,0,0.011416111
0,0,0.0013308452
0,0,0.21928254
0,0,0.00030725353
0,0,0.018421583
0,0,0.15927255
0,0,0.00044204315
0,0,0.00017177255
0,0,0.014146049
0,0,0.33466545
0,0,0.40830567
0,0,0.1720096
0,0,0.057115503
0,0,0.008128537
0,0,0.10657903
0,0,0.0011401708
0,0,0.033232246
0,0,0.023097472
0,0,0.0026320617
0,1,0.8037416
0,0,8.605997e-05
0,0,0.43802583
0,0,0.0014025365
0,0,0.00038901914
0,0,0.0019539348
0,0,0.025880959
0,0,0.19852605
0,0,0.004813623
0,1,0.9985312
0,1,0.99777955
0,1,0.5137332
0,0,0.008964257
0,0,0.009776917
0,0,0.21623988
0,0,0.0021527633
0,0,0.0006069616
0,0,0.0018462464
0,0,0.0039194636
0,0,0.011703881
0,1,0.7387093
0,0,0.013816068
0,0,0.012595869
0,0,0.009473312
0,0,0.017294582
0,0,0.0040936396
0,0,0.038798638
0,0,0.0028429073
0,0,0.0017563484
0,0,0.058387823
0,1,0.88998973
0,0,0.0025863082
0,1,0.9944239
0,0,0.0022590368
0,0,0.0025545487
0,0,0.010718702
0,0,0.027449327
0,0,0.008792131
0,0,0.020898292
0,0,0.16096857
0,1,0.9936992
0,1,0.9489003
0,0,0.0013786067
0,0,0.0046380227
0,0,0.25328368
0,0,0.0014989038
0,1,0.5897105
0,1,0.92822367
0,0,0.013589914
0,0,0.0014182626
0,0,0.0006106412
0,1,0.6109171
0,1,0.6252846
0,0,0.025317134
0,0,0.041639585
0,0,0.102161504
0,0,0.0009469593
0,1,0.79339886
0,1,0.9993542
0,0,0.0129337795
0,0,0.027203662
0,0,0.0013244066
0,0,0.034229465
0,0,0.009184712
0,0,0.06007782
0,1,0.9978776
0,0,0.107523024
0,0,0.003927535
0,1,0.9991997
0,0,0.0007269699
0,0,0.044362668
0,0,0.0013353233
0,0,0.47572213
0,0,0.010556957
0,0,0.0017543347
0,0,0.0008186674
0,1,0.6845917
0,0,0.0015495031
0,0,0.16404149
0,0,0.0056344876
0,1,0.937871
0,1,0.986783
0,1,0.94374144
0,0,0.00021912906
0,0,0.0013119614
0,1,0.6356715
0,1,0.8234218
0,1,0.9982687
0,0,0.2610941
0,0,0.029873824
0,0,0.00024685013
0,0,0.014952787
0,0,0.12435224
0,1,0.87014043
0,0,0.00015486877
0,1,0.91166884
0,0,0.0033240342
0,0,0.0008455645
0,0,0.001702952
0,0,0.027344821
0,0,0.0051423134
0,0,0.00018544115
0,0,0.036792044
0,1,0.9654709
0,0,0.0003757064
0,1,0.805595
0,0,0.04094698
0,0,0.0012579917
0,0,0.0023210945
0,0,0.0013998928
0,0,0.0018965923
0,0,0.26752537
0,1,0.8861285
0,1,0.9635318
0,1,0.949616
0,0,0.057060804
0,0,0.00089466805
0,0,0.0020923642
0,0,0.0032212194
0,1,0.96204793
0,0,0.0071722763
0,0,0.025512284
0,1,0.7789202
0,0,0.0002782176
0,0,0.0015732335
0,1,0.70192206
0,0,0.0049158772
0,0,0.0020711382
0,0,0.03579118
0,0,0.2769244
0,0,0.0061961426
0,0,0.03825064
0,1,0.9768445
0,0,0.008876364
0,0,0.058494452
0,0,0.01587076
0,0,0.0010489848
0,0,0.30879724
0,1,0.99369687
0,0,0.0020600883
0,0,0.0062200013
0,0,0.091932416
0,0,0.0046492633
0,0,0.020711217
0,0,0.049453378
0,0,0.017734796
0,0,0.4795319
0,0,0.017453102
0,0,0.054299258
0,0,0.24974152
0,0,0.0010968612
0,0,0.06921577
0,0,0.0012674363
0,0,0.014117868
0,0,0.004728111
0,1,0.9705437
0,0,0.39773408
0,0,0.00047569946
0,0,0.01777921
0,0,0.057496376
0,1,0.94703984
0,1,0.9002305
0,0,0.09254951
0,1,0.7041671
0,0,0.00036493607
0,0,0.004043844
0,0,0.0073787333
0,0,0.0024123304
0,0,0.16092347
0,0,0.21350162
0,0,0.0012626217
0,0,0.0048467433
0,1,0.7067979
0,0,0.0003719465
0,0,0.0032424836
0,0,0.0013065254
0,0,0.25423515
0,0,0.00036107094
0,0,0.00185786
0,0,0.003923528
0,0,0.03018324
0,0,0.08643157
0,0,0.03601779
0,0,0.0054282923
0,0,0.27238303
0,0,0.39710924
0,1,0.76050776
0,1,0.7762689
0,0,0.004147271
0,0,0.036844898
0,0,0.21789283
0,0,0.0027013624
0,0,0.029066283
0,0,0.021948196
0,0,0.07010436
0,0,0.4998033
0,0,0.001851365
0,0,0.00047793792
0,0,0.00033621382
0,0,0.00013582857
0,0,0.00032814252
0,0,0.004138171
0,1,0.53417945
0,0,0.0008636457
0,1,0.7268604
0,0,0.00037643668
0,1,0.9622805
0,0,0.011367115
0,0,0.43659908
0,0,0.00062008627
0,1,0.8879068
0,0,0.018475585
0,0,0.0017506183
0,0,0.012285185
0,0,0.002614456
0,1,0.99902177
0,0,0.04165079
0,0,0.0015353098
0,0,0.054648105
0,1,0.5252942
0,0,0.004080972
0,1,0.9713335
0,0,0.06507946
0,0,0.005753568
0,0,0.014527632
0,0,0.00079232245
0,1,0.99891996
0,0,0.29014707
0,0,0.005966081
0,0,0.010688905
0,1,0.8061787
0,0,0.22258864
0,0,0.00039138307
0,0,0.13637355
0,0,0.058702383
0,0,0.38497385
0,0,0.015773498
0,0,0.012675346
0,0,0.0061412253
0,0,0.0021397378
0,0,0.15454392
0,1,0.9062715
0,0,0.0014450352
0,0,0.0010539363
0,0,0.014778838
0,0,0.07614308
0,0,0.014581249
0,0,0.0033642615
0,0,0.2758006
0,0,0.0003907322
0,0,0.079786144
0,0,0.12027921
0,0,0.0020431117
0,0,0.008341741
0,1,0.7032824
0,1,0.6690406
0,0,0.0032261135
0,1,0.6606846
0,0,0.018840704
0,1,0.5142027
0,0,0.0014539536
0,0,0.011251584
0,0,0.06981016
0,0,0.0153587125
0,0,0.03208555
0,0,0.0045164595
0,0,0.000723041
0,0,0.009384435
0,0,0.14026648
0,0,0.2464616
0,0,0.020495646
0,1,0.9923568
0,0,0.0030676574
0,0,0.00061067264
0,0,0.0030018361
0,1,0.83841443
0,0,0.012133074
0,0,0.0012351638
0,0,0.005208619
0,1,0.808417
0,1,0.60611564
0,0,0.3140886
0,1,0.7166491
0,0,0.0048698015
0,0,0.32123262
0,1,0.6841032
0,0,0.030796137
0,0,0.00042584175
0,0,0.05318663
0,0,0.01061433
0,0,0.0015585738
0,0,0.0833314
0,1,0.7994009
0,0,0.024434753
0,0,0.0043369466
0,0,0.17177431
0,0,0.00033463634
0,0,0.003287239
0,0,0.34404838
0,0,0.004494811
0,0,0.06646062
0,0,0.005453898
0,1,0.9960033
0,1,0.99853146
0,0,0.22695413
0,0,0.00086001307
0,0,0.002860092
0,0,0.0045144213
0,0,0.083932504
0,0,0.15946582
0,1,0.7270398
0,0,0.005549854
0,0,0.00019770331
0,1,0.63423926
0,0,0.0008000246
0,0,0.2596199
0,1,0.8146133
0,0,0.0006682869
0,0,0.0017162706
0,0,0.002639932
0,0,0.023262665
0,0,0.41523
0,1,0.8925173
0,0,0.000539153
0,0,0.0025041683
0,1,0.979762
0,0,0.00860507
0,1,0.5431186
0,1,0.5534666
0,0,0.00048181872
0,0,0.0032284986
0,0,0.14554834
0,0,0.065009505
0,1,0.6245521
0,0,0.13029279
0,1,0.81894106
0,0,0.00021124068
0,0,0.095661156
0,0,0.0024023913
0,0,0.017531013
0,0,0.008155134
0,1,0.5226431
0,0,0.0045712683
0,0,0.0027080239
0,0,0.023156077
0,0,0.0012236149
0,0,0.010019831
0,0,0.0031604369
0,1,0.9986426
0,0,0.0049521173
0,0,0.0011573248
0,1,0.6892418
0,1,0.96523297
0,0,0.008602736
0,0,0.0027418765
0,0,0.00015980292
0,0,0.015707698
0,0,0.0065473365
0,0,0.04422335
0,0,0.0051337583
0,0,0.08099591
0,1,0.82958674
0,1,0.99039006
0,0,0.00025615047
0,0,0.08270921
0,1,0.6546923
0,0,0.0030853976
0,0,0.15429513
0,0,0.0045822975
0,0,0.001786551
0,0,0.15995799
0,0,0.040763486
0,0,0.0009193474
0,0,0.041641
0,0,0.0012572514
0,0,0.0006256525
0,1,0.99937767
0,0,0.008714918
0,0,0.020268122
0,0,0.0010389419
0,0,0.012176478
0,0,0.0010468909
0,0,0.0036629182
0,0,0.022510521
0,0,0.001984845
0,0,0.0001756799
0,1,0.71643907
0,1,0.6217314
0,1,0.90337145
0,1,0.94015574
0,0,0.012147971
0,0,0.0335718
0,0,0.0006486616
0,0,0.0007584186
0,0,0.024625147
0,0,0.037860963
0,0,0.0029547713
0,0,0.0041894587
0,0,0.0061729783
0,0,0.21634051
0,0,0.13653141
0,0,0.0054931417
