label,pred,prob_ai
1,1,0.9999713
1,1,0.999969
1,1,0.9999535
1,1,0.99996495
1,1,0.99997234
1,1,0.99997044
1,1,0.99979967
1,1,0.99997246
1,1,0.999949
1,1,0.9999356
1,1,0.99997103
1,1,0.9999684
1,1,0.9999697
1,1,0.9999702
1,1,0.9997118
1,1,0.99997354
1,1,0.9998572
1,1,0.9999728
1,1,0.99996865
1,1,0.999972
1,1,0.99997175
1,1,0.9999653
1,1,0.99996483
1,1,0.99995244
1,1,0.99991703
1,1,0.99997365
1,1,0.99996984
1,1,0.9999703
1,1,0.9999707
1,1,0.9999727
1,1,0.9999646
1,1,0.99997246
1,1,0.9999739
1,1,0.9999685
1,1,0.95995325
1,1,0.99996746
1,1,0.999972
1,1,0.99997354
1,1,0.999972
1,1,0.9999726
1,1,0.9999738
1,1,0.99997246
1,1,0.99996746
1,1,0.9995819
1,1,0.99990714
1,1,0.9999691
1,1,0.99996245
1,1,0.9999722
1,1,0.9999734
1,1,0.9999677
1,1,0.9999685
1,1,0.9999671
1,1,0.99997246
1,1,0.9999715
1,1,0.999972
1,1,0.99997306
1,1,0.99996793
1,1,0.999969
1,1,0.9999621
1,1,0.9999597
1,1,0.9999726
1,1,0.9999715
1,1,0.9999732
1,1,0.99996877
1,1,0.9999609
1,1,0.9999645
1,1,0.9997652
1,1,0.9999709
1,1,0.99994993
1,1,0.9999678
1,1,0.99997294
1,1,0.99995005
1,1,0.99997187
1,1,0.99997354
1,1,0.9999726
1,1,0.9999654
1,1,0.999972
1,1,0.9999722
1,1,0.9999722
1,1,0.9999739
1,1,0.99997234
1,1,0.9999591
1,1,0.99996877
1,1,0.9999516
1,1,0.9999691
1,1,0.9999733
1,1,0.9999665
1,1,0.9998406
1,1,0.9999714
1,1,0.9999701
1,1,0.9999708
1,1,0.99997234
1,1,0.9999726
1,1,0.99996984
1,1,0.9999732
1,1,0.9999666
1,1,0.9999701
1,1,0.9999733
1,1,0.9999727
1,1,0.99958676
1,1,0.99996793
1,1,0.9999616
1,1,0.9999722
1,1,0.99997234
1,1,0.99997175
1,1,0.9999325
1,1,0.99996006
1,1,0.9999695
1,1,0.99997175
1,1,0.9999262
1,1,0.99995863
1,1,0.99997294
1,1,0.9999715
1,1,0.99997234
1,1,0.99997306
1,1,0.9999691
1,1,0.99997294
1,1,0.9999647
1,1,0.99996364
1,1,0.9999708
1,1,0.9999733
1,1,0.9999716
1,1,0.9999701
1,1,0.9999689
1,1,0.9999399
1,1,0.9999713
1,1,0.99993646
1,1,0.9999646
1,1,0.9998659
1,1,0.9999727
1,1,0.99997354
1,1,0.9999707
1,1,0.9999733
1,1,0.9999721
1,1,0.99997306
1,1,0.99996316
1,1,0.9999671
1,1,0.99997294
1,1,0.9999689
1,1,0.9866844
1,1,0.9999689
1,1,0.9999695
1,1,0.9999727
1,1,0.99996233
1,1,0.99996984
1,1,0.999969
1,1,0.99994564
1,1,0.9999608
1,1,0.99997425
1,1,0.99997365
1,1,0.9999682
1,1,0.99997294
1,1,0.99615073
1,1,0.9999732
1,1,0.9999689
1,1,0.9999695
1,1,0.99997294
1,1,0.9999716
1,1,0.9999738
1,1,0.99997306
1,1,0.9999666
1,1,0.9999726
1,1,0.9999715
1,1,0.9999676
1,1,0.99997175
1,1,0.999972
1,1,0.99996936
1,1,0.9999695
1,1,0.99997246
1,1,0.9999726
1,1,0.9999683
1,1,0.99997115
1,1,0.9999732
1,1,0.99997115
1,1,0.99996865
1,1,0.99997294
1,1,0.9999621
1,1,0.9999684
1,1,0.99995995
1,1,0.99996805
1,1,0.9999728
1,1,0.9999696
1,1,0.99997234
1,1,0.99996173
1,1,0.9999715
1,1,0.9999733
1,1,0.99997365
1,1,0.9999701
1,1,0.99997115
1,1,0.99997103
1,1,0.99997413
1,1,0.9999435
1,1,0.99997115
1,1,0.9999709
1,1,0.99997234
1,1,0.9999728
1,1,0.9913366
1,1,0.9999579
1,1,0.9997204
1,1,0.99997365
1,1,0.9999739
1,1,0.9999633
1,1,0.99997306
1,1,0.99997175
1,1,0.9999715
1,1,0.99996614
1,1,0.99996233
1,1,0.99997175
1,1,0.999974
1,1,0.9999654
1,1,0.9999641
1,1,0.9999628
1,1,0.9999732
1,1,0.99997103
1,1,0.9999205
1,1,0.9999714
1,1,0.99940014
1,1,0.9999391
1,1,0.9999701
1,1,0.99997365
1,1,0.9999678
1,1,0.9999732
1,1,0.9997569
1,1,0.99997354
1,1,0.9999708
1,1,0.999967
1,1,0.99996877
1,1,0.99997044
1,1,0.99996996
1,1,0.9999697
1,1,0.9999716
1,1,0.99996114
1,1,0.99996686
1,1,0.9999629
1,1,0.99997294
1,1,0.9999628
1,1,0.9999733
1,1,0.9999738
1,1,0.99996114
1,1,0.99996924
1,1,0.99996364
1,1,0.99997056
1,1,0.99992955
1,1,0.99995863
1,1,0.99996793
1,1,0.99995863
1,1,0.99996984
1,1,0.99996734
1,1,0.9999727
1,1,0.99997115
1,1,0.9999733
1,1,0.9999695
1,1,0.9999702
1,1,0.99997175
1,1,0.99944586
1,1,0.99996793
1,1,0.9999739
1,1,0.9999701
1,1,0.99997246
1,1,0.99997056
1,1,0.99997306
1,1,0.9999716
1,1,0.99997306
1,1,0.99996984
1,1,0.99997246
1,1,0.9999709
1,1,0.999972
1,1,0.99997354
1,1,0.9999428
1,1,0.99992085
1,1,0.99997354
1,1,0.99997234
1,1,0.9999633
1,1,0.99997246
1,1,0.9999505
1,1,0.99995863
1,1,0.99997306
1,1,0.99995637
1,1,0.9999738
1,1,0.99997365
1,1,0.9999728
1,1,0.9999715
1,1,0.999972
1,1,0.9999734
1,1,0.9999726
1,1,0.9999738
1,1,0.9999677
1,1,0.99997115
1,1,0.99996805
1,1,0.99996436
1,1,0.9999682
1,1,0.9999602
1,1,0.9999262
1,1,0.9999733
1,1,0.9999684
1,1,0.99997234
1,1,0.99997294
1,1,0.9999702
1,1,0.99997044
1,1,0.9999732
1,1,0.99997187
1,1,0.9998504
1,1,0.99997115
1,1,0.9999479
1,1,0.9999733
1,1,0.99996984
1,1,0.99997354
1,1,0.99996054
1,1,0.999969
1,1,0.99994624
1,1,0.99996936
1,1,0.99997354
1,1,0.9999726
1,1,0.99997044
1,1,0.9999683
1,1,0.99973863
1,1,0.9998871
1,1,0.99997234
1,1,0.9999728
1,1,0.9999734
1,1,0.99997234
1,1,0.9999584
1,1,0.999954
1,1,0.9999732
1,1,0.9975132
1,1,0.9999373
1,1,0.9999739
1,1,0.9999652
1,1,0.9999697
1,1,0.9999722
1,1,0.9999639
1,1,0.9998796
1,1,0.99995697
1,1,0.9998803
1,1,0.9999726
1,1,0.9999697
1,1,0.99997246
1,1,0.99997365
1,1,0.99997294
1,1,0.9998622
1,1,0.99997294
1,1,0.999972
1,1,0.9999715
1,1,0.9999691
1,1,0.9999734
1,1,0.9999733
1,1,0.99997056
1,1,0.99997246
1,1,0.9999312
1,1,0.9999647
1,1,0.9999733
1,1,0.99997365
1,1,0.999972
1,1,0.9999727
1,1,0.99996734
1,1,0.9999709
1,1,0.9999685
1,1,0.99996424
1,1,0.99997306
1,1,0.9999709
1,1,0.9999714
1,1,0.9999732
1,1,0.999969
1,1,0.99994254
1,1,0.9999733
1,1,0.9999697
1,1,0.99996614
1,1,0.9999715
1,1,0.99996555
1,1,0.99997354
1,1,0.9999726
1,1,0.99996877
1,1,0.9999732
1,1,0.76041573
1,1,0.9992785
1,1,0.9999714
1,1,0.9999573
1,1,0.9999702
1,1,0.99997234
1,1,0.99997115
1,1,0.9999715
1,1,0.9999715
1,1,0.9999685
1,1,0.9999721
1,1,0.99988306
1,1,0.9999404
1,1,0.99997365
1,1,0.99996126
1,1,0.9999589
1,1,0.99997437
1,1,0.9988293
1,1,0.9999721
1,1,0.99995756
1,1,0.9999664
1,1,0.9999739
1,1,0.99997413
1,1,0.99994206
1,1,0.99997044
1,1,0.9999676
1,1,0.99996877
1,1,0.99997115
1,1,0.99995816
1,1,0.99997187
1,1,0.9999713
1,1,0.9999714
1,1,0.9999728
1,1,0.9999728
1,1,0.9999728
1,1,0.99993193
1,1,0.99997187
1,1,0.99996984
1,1,0.99983585
1,1,0.9999647
1,1,0.9999713
1,1,0.9999726
1,1,0.9999722
1,1,0.999972
1,1,0.9998312
1,1,0.9806039
1,1,0.9999721
1,1,0.99997246
1,1,0.99996567
1,1,0.99997413
1,1,0.9999716
1,1,0.9999739
1,1,0.9999715
1,1,0.9999727
1,1,0.9999739
1,1,0.9999722
1,1,0.9999567
1,1,0.99995816
1,1,0.9999695
1,1,0.9999738
1,1,0.9999682
1,1,0.99997175
1,1,0.9999702
1,1,0.9999722
1,1,0.9999678
1,1,0.9999716
1,1,0.99997103
1,1,0.99997103
1,1,0.9999734
1,1,0.9999715
1,1,0.9999683
1,1,0.9999441
1,1,0.9999633
1,1,0.99996686
1,1,0.9999571
1,1,0.9999708
1,1,0.9999708
1,1,0.99997306
1,1,0.99997044
1,1,0.9999676
1,1,0.9999733
1,1,0.99997425
1,1,0.9999722
1,1,0.99997175
1,1,0.9999734
1,1,0.9999634
1,1,0.9999696
1,1,0.99991405
1,1,0.9999722
1,1,0.99996686
1,1,0.997122
1,1,0.9999732
1,1,0.999972
1,1,0.9999716
1,1,0.99997187
1,1,0.99990153
1,1,0.999969
1,1,0.99997294
1,1,0.9999726
1,1,0.99997246
1,1,0.99995995
1,1,0.99996495
1,1,0.9999739
1,1,0.9999615
1,1,0.99997234
1,1,0.9999727
1,1,0.99997306
1,1,0.9999722
1,1,0.9999716
1,1,0.9999721
1,1,0.9999727
1,1,0.9999676
1,1,0.9999629
1,1,0.99997044
1,1,0.999964
1,1,0.9999722
1,1,0.99997246
1,1,0.99996865
1,1,0.9999602
1,1,0.9999716
1,1,0.99997234
1,1,0.99997294
1,1,0.9999677
1,1,0.99997175
1,1,0.9999734
1,1,0.9999715
1,1,0.9999635
1,1,0.9999682
1,1,0.9999707
1,1,0.99996996
1,1,0.99997187
1,1,0.99997234
1,1,0.9999677
1,1,0.9999727
1,1,0.99997103
1,1,0.99997413
1,1,0.99997294
1,1,0.9999715
1,1,0.99997056
1,1,0.999974
1,1,0.99997044
1,1,0.99996924
1,1,0.9999182
1,1,0.9999684
1,1,0.9999732
1,1,0.9999654
1,1,0.99996793
1,1,0.9999714
1,1,0.99997234
1,1,0.99997103
1,1,0.9999734
1,1,0.99996865
1,1,0.99917907
1,1,0.9999728
1,1,0.9999691
1,1,0.9999703
1,1,0.9999683
1,1,0.9999738
1,1,0.999974
1,1,0.99997044
1,1,0.99997115
1,1,0.9999715
1,1,0.9999553
1,1,0.99997115
1,1,0.99975604
1,1,0.9999721
1,1,0.999962
1,1,0.99997175
1,1,0.9999726
1,1,0.9999727
1,1,0.99995613
1,1,0.999966
1,1,0.99997187
1,1,0.9999372
1,1,0.9998708
1,1,0.99988866
1,1,0.9967584
1,1,0.9999666
1,1,0.9999721
1,1,0.9999707
1,1,0.99997115
1,1,0.999969
1,1,0.9999716
1,1,0.99996126
1,1,0.9999405
1,1,0.9999713
1,1,0.9999683
1,1,0.99997234
1,1,0.9954117
1,1,0.9999728
1,1,0.99997234
1,1,0.9999713
1,1,0.99996734
1,1,0.9999697
1,1,0.999972
1,1,0.99997056
1,1,0.99991417
1,1,0.99997354
1,1,0.99997306
1,1,0.9999039
1,1,0.9999701
1,1,0.9999653
1,1,0.99997187
1,1,0.9999708
1,1,0.9999728
1,1,0.9999721
1,1,0.9999721
1,1,0.9999739
1,1,0.999972
1,1,0.99996316
1,1,0.99997306
1,1,0.9999652
1,1,0.9999733
1,1,0.99997294
1,1,0.99996793
1,1,0.9999708
1,1,0.99997246
1,1,0.9999716
1,1,0.999972
1,1,0.9999732
1,1,0.99996674
1,1,0.9999715
1,1,0.9999722
1,1,0.9998914
1,1,0.9999707
1,1,0.99997187
1,1,0.99997413
1,1,0.999974
1,1,0.999972
1,1,0.9999677
1,1,0.99997175
1,1,0.99997306
1,1,0.99997175
1,1,0.99994755
1,1,0.9999682
1,1,0.9999713
1,1,0.99046576
1,1,0.99997234
1,1,0.9999685
1,1,0.9999708
1,1,0.9999727
1,1,0.99996984
1,1,0.9999707
1,1,0.9999733
1,1,0.999902
1,1,0.9999726
1,1,0.9999721
1,1,0.9999721
1,1,0.99997056
1,1,0.99995244
1,1,0.9929301
1,1,0.99996865
1,1,0.9999739
1,1,0.9999726
1,1,0.99995375
1,1,0.9999721
1,1,0.99997056
1,1,0.9999653
1,1,0.999967
1,1,0.9999709
1,1,0.9999721
1,1,0.9999728
1,1,0.999961
1,1,0.9999702
1,1,0.9999696
1,1,0.9999666
1,1,0.9999727
1,1,0.99997234
1,1,0.9999715
1,1,0.9999641
1,1,0.9999685
1,1,0.9999733
1,1,0.99997365
1,1,0.9999695
1,1,0.99996257
1,1,0.9999708
1,1,0.99996877
1,1,0.9999733
1,1,0.99993384
1,1,0.9999739
1,1,0.99997175
1,1,0.9999708
1,1,0.9998988
1,1,0.99997056
1,1,0.99981636
1,1,0.99997294
1,1,0.9999709
1,1,0.9999653
1,1,0.9999728
1,1,0.9999732
1,1,0.9999726
1,1,0.99997294
1,1,0.9999726
1,1,0.9999702
1,1,0.9999722
1,1,0.9999716
1,1,0.9999714
1,1,0.9999672
1,1,0.99997234
1,1,0.9999708
1,1,0.99997115
1,1,0.9999732
1,1,0.99997306
1,1,0.999972
1,1,0.9999715
1,1,0.9999734
1,1,0.99996924
1,1,0.9999714
1,1,0.99996626
1,1,0.99997306
1,1,0.9999728
1,1,0.99997175
1,1,0.9999677
1,1,0.9999304
1,1,0.999974
1,1,0.9999695
1,1,0.99997103
1,1,0.99996996
1,1,0.99993944
1,1,0.9999739
1,1,0.9999726
1,1,0.99997354
1,1,0.9999671
1,1,0.99996877
1,1,0.9999567
1,1,0.99997365
1,1,0.999974
1,1,0.99997056
1,1,0.99996376
1,1,0.99997175
1,1,0.9999709
1,1,0.99995923
1,1,0.99997187
1,1,0.9999734
1,1,0.999972
1,1,0.9999701
1,1,0.99997306
1,1,0.99997246
1,1,0.99996793
1,1,0.99997234
1,1,0.9999715
1,1,0.9999683
1,1,0.99997425
1,1,0.9999348
1,1,0.99997365
1,1,0.99996674
1,1,0.9999721
1,1,0.9997634
1,1,0.99997354
1,1,0.9999702
1,1,0.9999709
1,1,0.9999646
1,1,0.9999734
1,1,0.9999734
1,1,0.9999714
1,1,0.99982953
1,1,0.99997354
1,1,0.9999707
1,1,0.99997365
1,1,0.99996245
1,1,0.99997175
1,1,0.9999678
1,1,0.99997306
1,1,0.9999716
1,1,0.9999707
1,1,0.99996936
1,1,0.9999715
1,1,0.99997246
1,1,0.9999726
1,1,0.9999732
1,1,0.99997234
1,1,0.9999709
1,1,0.99997354
1,1,0.9999727
1,1,0.99971944
1,1,0.9999585
1,1,0.9999666
1,1,0.9999641
1,1,0.99996364
1,1,0.9999689
1,1,0.9999727
1,1,0.99995136
1,1,0.99992645
1,1,0.9999702
1,1,0.9999379
1,1,0.9999728
1,1,0.9999672
1,1,0.9999739
1,1,0.9990521
1,1,0.9999697
1,1,0.9999646
1,1,0.9999615
1,1,0.9999732
1,1,0.9999695
1,1,0.999905
1,1,0.9999739
1,1,0.9999633
1,1,0.9999685
1,1,0.9999541
1,1,0.99996126
1,1,0.9999707
1,1,0.9999695
1,1,0.99997365
1,1,0.99968183
1,1,0.9999268
1,1,0.99995697
1,1,0.9999738
1,1,0.99996877
1,1,0.9999738
1,1,0.99997294
1,1,0.99987566
1,1,0.99996245
1,1,0.99997234
1,1,0.99993265
1,1,0.9998485
1,1,0.9999535
1,1,0.9999732
1,1,0.9999658
1,1,0.9999697
1,1,0.99997234
1,1,0.999974
1,1,0.99994695
1,1,0.9999722
1,1,0.9999689
1,1,0.9999707
1,1,0.9999727
1,1,0.999969
1,1,0.99996805
1,1,0.9999628
1,1,0.99997234
1,1,0.9998995
1,1,0.99996173
1,1,0.9999707
1,1,0.99995625
1,1,0.999969
1,1,0.9999722
1,1,0.99904245
1,1,0.9999722
1,1,0.9999738
1,1,0.9999727
1,1,0.9999714
1,1,0.9999722
1,1,0.9999685
1,1,0.9999746
1,1,0.99997354
1,1,0.9999703
1,1,0.99996233
1,1,0.9999721
1,1,0.9999739
1,1,0.9999696
1,1,0.999974
1,1,0.99996734
1,1,0.9999734
1,1,0.9999728
1,1,0.99993384
1,1,0.99960953
1,1,0.9999726
1,1,0.9999728
1,1,0.9999571
1,1,0.9999707
1,1,0.9999702
1,1,0.9999716
1,1,0.9999727
1,1,0.9999721
1,1,0.9999597
1,1,0.9999716
1,1,0.9999702
1,1,0.99997187
1,1,0.99996746
1,1,0.9999721
1,1,0.9999707
1,1,0.99996865
1,1,0.9999176
1,1,0.9999697
1,1,0.9999672
1,1,0.9999728
1,1,0.99760264
1,1,0.9999633
1,1,0.9999726
1,1,0.99995553
1,1,0.9999721
1,1,0.9999734
1,1,0.9999682
1,1,0.99975055
1,1,0.99997246
1,1,0.99996996
1,1,0.99996376
1,1,0.9999738
1,1,0.9999732
1,1,0.999956
1,1,0.9999714
1,1,0.9999721
1,1,0.999972
1,1,0.9999739
1,1,0.99997234
1,1,0.99990916
1,1,0.99996865
1,1,0.999974
1,1,0.9999714
1,1,0.9999727
1,1,0.9999503
1,1,0.9999682
1,1,0.9999578
1,1,0.999853
1,1,0.9999728
1,1,0.9999727
1,1,0.99995375
1,1,0.99996793
1,1,0.9999682
1,1,0.9999728
1,1,0.99983156
1,1,0.99996877
1,1,0.9999721
1,1,0.99997103
1,1,0.9999721
1,1,0.9999734
1,1,0.9999721
1,1,0.99994755
1,1,0.99994516
1,1,0.9999502
1,1,0.9999715
1,1,0.9989033
1,1,0.9999708
1,1,0.9999238
1,1,0.99997103
1,1,0.9999726
1,1,0.9999682
1,1,0.99993837
1,1,0.99997294
1,1,0.999972
1,1,0.9999733
1,1,0.9999726
1,1,0.99997306
1,1,0.9999132
1,1,0.9999728
1,1,0.9999683
1,1,0.999964
1,1,0.99996936
1,1,0.99995804
1,1,0.9998702
1,1,0.9999732
1,1,0.99997294
1,1,0.9999738
1,1,0.9999739
1,1,0.9999716
1,1,0.99997294
1,1,0.99997306
1,1,0.9999602
1,1,0.99996436
1,1,0.9999726
1,1,0.99997294
1,1,0.9999716
1,1,0.99997365
1,1,0.99997234
1,1,0.99995816
1,1,0.9999739
1,1,0.9999604
1,1,0.9999721
1,1,0.9999716
1,1,0.99997187
1,1,0.99997103
1,1,0.9999739
1,1,0.99997306
1,1,0.9999709
1,1,0.9999604
1,1,0.99997234
1,1,0.99997175
1,1,0.99997044
1,1,0.9999658
1,1,0.9999534
1,1,0.99996555
1,1,0.9999728
1,1,0.9999721
1,1,0.99997294
1,1,0.9999728
1,1,0.9999578
1,1,0.99997354
1,1,0.9999727
1,1,0.9999715
1,1,0.9994369
1,1,0.9999709
1,1,0.99996626
1,1,0.9999707
1,1,0.9999685
1,1,0.9999398
1,1,0.99996424
1,1,0.99996614
1,1,0.99996877
1,1,0.9999726
1,1,0.9999716
1,1,0.99995875
1,1,0.99941623
1,1,0.99997056
1,1,0.9999404
1,1,0.9999409
1,1,0.999962
1,1,0.99997306
1,1,0.99997306
1,1,0.9999727
1,1,0.9999727
1,1,0.999974
1,1,0.9999716
1,1,0.999972
1,1,0.999972
1,1,0.9999715
1,1,0.9999727
1,1,0.99997294
1,1,0.9999596
1,1,0.9999604
1,1,0.9999026
1,1,0.99997306
1,1,0.9999713
1,1,0.99997234
1,1,0.9999671
1,1,0.9999697
1,1,0.99997044
1,1,0.9999713
1,1,0.9999714
1,1,0.9999721
1,1,0.99996614
1,1,0.99996114
1,1,0.99997365
1,1,0.9999701
1,1,0.99997246
1,1,0.99946016
1,1,0.9999715
1,1,0.9999715
1,1,0.99997354
1,1,0.9999441
1,1,0.9999566
1,1,0.99994695
1,1,0.9999621
1,1,0.9999734
1,1,0.99997044
1,1,0.9999703
1,1,0.9999708
1,1,0.9999722
1,1,0.9999695
1,1,0.99995625
1,1,0.99994195
1,1,0.99997234
1,1,0.9999461
1,1,0.99997294
1,1,0.99997115
1,1,0.999962
1,1,0.999954
1,1,0.9999645
1,1,0.9999739
1,1,0.9999478
1,1,0.99997246
1,1,0.99997354
1,1,0.99997056
1,1,0.9999608
1,1,0.9999652
1,1,0.9999732
1,1,0.99996424
1,1,0.9999708
1,1,0.9999726
1,1,0.9999726
1,1,0.9999709
1,1,0.9999713
1,1,0.9999714
1,1,0.9999703
1,1,0.9999728
1,1,0.9999547
1,1,0.9999716
1,1,0.999967
1,1,0.9999664
1,1,0.99997187
1,1,0.99997294
1,1,0.9999713
1,1,0.99997306
1,1,0.99995995
1,1,0.99997187
1,1,0.9999722
1,1,0.9999572
1,1,0.9999733
1,1,0.99997413
1,1,0.9999721
1,1,0.99997354
1,1,0.9999714
1,1,0.9999683
1,1,0.999964
1,1,0.99997306
1,1,0.98078984
1,1,0.99997234
1,1,0.9999732
1,1,0.9999708
1,1,0.9999664
1,1,0.9999697
1,1,0.9999727
1,1,0.9999713
1,1,0.99995756
1,1,0.9999664
1,1,0.99996865
1,1,0.9999677
1,1,0.99997056
1,1,0.9999536
1,1,0.999969
1,1,0.99995446
1,1,0.9999696
1,1,0.99997365
1,1,0.99997187
1,1,0.99387145
1,1,0.9999739
1,1,0.9999715
1,1,0.9999734
1,1,0.99997175
1,1,0.9999651
1,1,0.9999739
1,1,0.99996793
1,1,0.9999727
1,1,0.9999355
1,1,0.99997354
1,1,0.9999666
1,1,0.99997365
1,1,0.9999498
1,1,0.9999682
1,1,0.99167025
1,1,0.9999734
1,1,0.9998288
1,1,0.99997437
1,1,0.9999714
1,1,0.9999639
1,1,0.99995685
1,1,0.99996185
1,1,0.9999722
1,1,0.9999708
1,1,0.9999716
1,1,0.9999709
1,1,0.9999434
1,1,0.99997044
1,1,0.9999684
1,1,0.9999728
1,1,0.999974
1,1,0.99997234
1,1,0.9999634
1,1,0.99997234
1,1,0.9999738
1,1,0.9999715
1,1,0.99996305
1,1,0.9999615
1,1,0.9999722
1,1,0.99996984
1,1,0.999969
1,1,0.9999697
1,1,0.9999726
1,1,0.9999727
1,1,0.99996984
1,1,0.99997365
1,1,0.99997365
1,1,0.99997437
1,1,0.9999608
1,1,0.9999722
1,1,0.9999596
1,1,0.9999645
1,1,0.9999738
1,1,0.999969
1,1,0.99997175
1,1,0.9999683
1,1,0.99997354
1,1,0.9999658
1,1,0.99997413
1,1,0.99996233
1,1,0.9999726
1,1,0.9999738
1,1,0.99996245
1,1,0.9999733
1,1,0.99996996
1,1,0.999969
1,1,0.9999733
1,1,0.99997044
1,1,0.9999651
1,1,0.9999666
1,1,0.9999684
1,1,0.9999714
1,1,0.9999738
1,1,0.99996614
1,1,0.99996984
1,1,0.9997192
1,1,0.99997175
1,1,0.9999738
1,1,0.99997294
1,1,0.9999734
1,1,0.9999708
1,1,0.99997234
1,1,0.9999211
1,1,0.99997294
1,1,0.9999727
1,1,0.99997413
1,1,0.9999726
1,1,0.9999635
1,1,0.99996316
1,1,0.99997246
1,1,0.9999722
1,1,0.99997365
1,1,0.99996877
1,1,0.99996555
1,1,0.9999659
1,1,0.99995327
1,1,0.9999573
1,1,0.7505124
1,1,0.9999237
1,1,0.9999713
1,1,0.9999738
1,1,0.9999658
1,1,0.9999714
1,1,0.99996746
1,1,0.9999622
1,1,0.99997294
1,1,0.99995947
1,1,0.99997306
1,1,0.9999651
1,1,0.99997234
1,1,0.9999716
1,1,0.9999689
1,1,0.9999732
1,1,0.99991477
1,1,0.9999677
1,1,0.9999727
1,1,0.99997234
1,1,0.99996066
1,1,0.9999732
1,1,0.9999707
1,1,0.99996376
1,1,0.9999738
1,1,0.99997294
1,1,0.9999727
1,1,0.9999689
1,1,0.9999707
1,1,0.99997044
1,1,0.9999682
1,1,0.99997103
1,1,0.9999709
1,1,0.9999727
1,1,0.9999666
1,1,0.9999616
1,1,0.9998018
1,1,0.9999442
1,1,0.99997294
1,1,0.9999393
1,1,0.9999732
1,1,0.99996805
1,1,0.9999727
1,1,0.99996984
1,1,0.9999714
1,1,0.9999659
1,1,0.9999733
1,1,0.99997425
1,1,0.9999739
1,1,0.99997187
1,1,0.9999609
1,1,0.9999651
1,1,0.9999734
1,1,0.99991727
1,1,0.99997175
1,1,0.9999732
1,1,0.9999745
1,1,0.9999732
1,1,0.99996614
1,1,0.99997187
1,1,0.99997044
1,1,0.99997365
1,1,0.99997294
1,1,0.99997413
1,1,0.9999732
1,1,0.9999697
1,1,0.9999728
1,1,0.99997294
1,1,0.99997246
1,1,0.99996734
1,1,0.9999658
1,1,0.9999728
1,1,0.9999713
1,1,0.99918205
1,1,0.9999652
1,1,0.999966
1,1,0.99995816
1,1,0.9999734
1,1,0.99954754
1,1,0.999974
1,1,0.9996778
1,1,0.9999696
1,1,0.9999691
1,1,0.99996865
1,1,0.9999726
1,1,0.99997365
1,1,0.9999722
1,1,0.99997175
1,1,0.99995816
1,1,0.99996877
1,1,0.9999708
1,1,0.999962
1,1,0.9999728
1,1,0.9999721
1,1,0.9999728
1,1,0.99997234
1,1,0.9999727
1,1,0.9999733
1,1,0.9999685
1,1,0.9999739
1,1,0.99996614
1,1,0.99996114
1,1,0.99996996
1,1,0.99996984
1,1,0.9999726
1,1,0.99997294
1,1,0.99996066
1,1,0.9999738
1,1,0.9976609
1,1,0.99995065
1,1,0.9999232
1,1,0.99995935
1,1,0.9999728
1,1,0.9998454
1,1,0.9999733
1,1,0.9999727
1,1,0.9999716
1,1,0.99977213
1,1,0.9999715
1,1,0.99997294
1,1,0.99997354
1,1,0.999961
1,1,0.99997354
1,1,0.9999671
1,1,0.99997115
1,1,0.99997365
1,1,0.99997306
1,1,0.99997103
1,1,0.99997294
1,1,0.99997246
1,1,0.99992573
1,1,0.9999602
1,1,0.9999573
1,1,0.999948
1,1,0.9999709
1,1,0.999972
1,1,0.99997187
1,1,0.9999716
1,1,0.9999558
1,1,0.9999727
1,1,0.9999714
1,1,0.99997306
1,1,0.9999734
1,1,0.9999703
1,1,0.9999653
1,1,0.99854124
1,1,0.99994993
1,1,0.9999732
1,1,0.999948
1,1,0.99996877
1,1,0.9999728
1,1,0.99997234
1,1,0.9999716
1,1,0.9999696
1,1,0.99997413
1,1,0.9999733
1,1,0.999972
1,1,0.99939907
1,1,0.9999722
1,1,0.99997234
1,1,0.9999666
1,1,0.9999716
1,1,0.9999707
1,1,0.9999714
1,1,0.9999633
1,1,0.99997234
1,1,0.99996877
1,1,0.9999716
1,1,0.9999716
1,1,0.99997175
1,1,0.99996805
1,1,0.9999722
1,1,0.99997294
1,1,0.9999722
1,1,0.99996305
1,1,0.9999702
1,1,0.9999726
1,1,0.9999733
1,1,0.999964
1,1,0.9999721
1,1,0.99997115
1,1,0.99996996
1,1,0.9999701
1,1,0.99997044
1,1,0.99997306
1,1,0.9999738
1,1,0.99995184
1,1,0.9999728
1,1,0.9999547
1,1,0.999967
1,1,0.99996483
1,1,0.9999639
1,1,0.9999585
1,1,0.9999738
1,1,0.999967
1,1,0.99997354
1,1,0.9999558
1,1,0.9999448
1,1,0.9999732
1,1,0.9999672
1,1,0.99995744
1,1,0.999966
1,1,0.99997234
1,1,0.9997515
1,1,0.9999678
1,1,0.9999664
1,1,0.9999722
1,1,0.99993503
1,1,0.99995565
1,1,0.99997044
1,1,0.99996996
1,1,0.9999713
1,1,0.9999733
1,1,0.99997354
1,1,0.9999728
1,1,0.9999713
1,1,0.99997306
1,1,0.99996793
1,1,0.99996805
1,1,0.9999715
1,1,0.9999727
1,1,0.99997294
1,1,0.9999684
1,1,0.999972
1,1,0.9999714
1,1,0.9999727
1,1,0.9998944
1,1,0.99997306
1,1,0.9999609
1,1,0.9999707
1,1,0.999967
1,1,0.99997103
1,1,0.99997246
1,1,0.99997044
1,1,0.99997056
1,1,0.99997175
1,1,0.9999522
1,1,0.9999685
1,1,0.9999738
1,1,0.999967
1,1,0.99997234
1,1,0.9999713
1,1,0.9999666
1,1,0.9999709
1,1,0.9999511
1,1,0.9999733
1,1,0.9999522
1,1,0.99997115
1,1,0.99997234
1,1,0.99996936
1,1,0.9999734
1,1,0.9998093
1,1,0.99995244
1,1,0.999597
1,1,0.99997056
1,1,0.99990296
1,1,0.9999629
1,1,0.9999733
1,1,0.99996984
1,1,0.99982786
1,1,0.9999397
1,1,0.9999721
1,1,0.9999502
1,1,0.999974
1,1,0.9999715
1,1,0.9999726
1,1,0.99996626
1,1,0.9999577
1,1,0.99997187
1,1,0.9999672
1,1,0.9999695
1,1,0.99996793
1,1,0.9999739
1,1,0.9999671
1,1,0.9999715
1,1,0.9999393
1,1,0.9999697
1,1,0.99997294
1,1,0.9999733
1,1,0.9998691
1,1,0.999969
1,1,0.9999659
1,1,0.9999727
1,1,0.9999708
1,1,0.9999534
1,1,0.99980694
1,1,0.9999504
1,1,0.99997187
1,1,0.99997234
1,1,0.99997246
1,1,0.9999733
1,1,0.9999566
1,1,0.99997234
1,1,0.9999708
1,1,0.9999689
1,1,0.9999598
1,1,0.9999708
1,1,0.9960602
1,1,0.99997246
1,1,0.9999684
1,1,0.9999745
1,1,0.9999039
1,1,0.99996865
1,1,0.9999695
1,1,0.9998324
1,1,0.9999728
1,1,0.9999709
1,1,0.99973434
1,1,0.9999697
1,1,0.99996483
1,1,0.9999728
1,1,0.9999695
1,1,0.9999629
1,1,0.9999633
1,1,0.9999702
1,1,0.99997306
1,1,0.9999721
1,1,0.9999547
1,1,0.99997246
1,1,0.9999653
1,1,0.99884474
1,1,0.99995697
1,1,0.9999734
1,1,0.9999691
1,1,0.99997354
1,1,0.99997056
1,1,0.99985945
1,1,0.9999591
1,1,0.9999726
1,1,0.9999732
1,1,0.9999728
1,1,0.9999658
1,1,0.9999716
1,1,0.9999659
1,1,0.99792695
1,1,0.9999738
1,1,0.9999734
1,1,0.99997365
1,1,0.99997306
1,1,0.9999739
1,1,0.9999738
1,1,0.9999726
1,1,0.9999702
1,1,0.9999715
1,1,0.9999738
1,1,0.99997294
1,1,0.9999739
1,1,0.9999715
1,1,0.9999516
1,1,0.99996686
1,1,0.9999716
1,1,0.99997187
1,1,0.99997365
1,1,0.99997044
1,1,0.99996984
1,1,0.99997246
1,1,0.9999733
1,1,0.9999738
1,1,0.99997365
1,1,0.9999702
1,1,0.9999726
1,1,0.9999733
1,1,0.9999728
1,1,0.99997234
1,1,0.9998375
1,1,0.9999703
1,1,0.99997246
1,1,0.9999498
1,1,0.99996483
1,1,0.9999734
1,1,0.999972
1,1,0.999969
1,1,0.9999689
1,1,0.9905014
1,1,0.99996996
1,1,0.99996114
1,1,0.9999726
1,1,0.99997187
1,1,0.99997103
1,1,0.99997234
1,1,0.9999716
1,1,0.9999659
1,1,0.99997246
1,1,0.9999728
1,1,0.9999682
1,1,0.99997187
1,1,0.999969
1,1,0.99997246
1,1,0.99990153
1,1,0.99997056
1,1,0.9999666
1,1,0.99994373
1,1,0.9999703
1,1,0.99997044
1,1,0.99996865
1,1,0.99997187
1,1,0.9999703
1,1,0.9999696
1,1,0.9999733
1,1,0.99996996
1,1,0.999961
1,1,0.9999732
1,1,0.99995875
1,1,0.9999727
1,1,0.9999739
1,1,0.99997294
1,1,0.99996495
1,1,0.999974
1,1,0.99997187
1,1,0.9999732
1,1,0.99995255
1,1,0.9999715
1,1,0.99997365
1,1,0.99996936
1,1,0.99996984
1,1,0.9999672
1,1,0.9999715
1,1,0.99997115
1,1,0.999966
1,1,0.99996924
1,1,0.99997354
1,1,0.999972
1,1,0.9999745
1,1,0.9999734
1,1,0.9999707
1,1,0.99996984
1,1,0.9999716
1,1,0.9999727
1,1,0.9999732
1,1,0.99997246
1,1,0.9999682
1,1,0.99996233
1,1,0.9999689
1,1,0.99996924
1,1,0.999972
1,1,0.99997187
1,1,0.9999721
1,1,0.9999739
1,1,0.9999727
1,1,0.9999242
1,1,0.9999715
1,1,0.9999726
1,1,0.99995244
1,1,0.99997056
1,1,0.99996316
1,1,0.99997294
1,1,0.9999734
1,1,0.999969
1,1,0.99997246
1,1,0.999969
1,1,0.9999732
1,1,0.9999714
1,1,0.9999728
1,1,0.9999676
1,1,0.99987614
1,1,0.99996734
1,1,0.9999738
1,1,0.9999703
1,1,0.9999708
1,1,0.99996805
1,1,0.9999739
1,1,0.9999722
1,1,0.9999734
1,1,0.99996734
1,1,0.99997354
1,1,0.9999721
1,1,0.9999728
1,1,0.9999703
1,1,0.99995446
1,1,0.99996495
1,1,0.99997294
1,1,0.99996996
1,1,0.99979645
1,1,0.99996793
1,1,0.99997294
1,1,0.999962
1,1,0.99997234
1,1,0.99996734
1,1,0.9999633
1,1,0.99996173
1,1,0.9999715
1,1,0.9999732
1,1,0.9999732
1,1,0.9999732
1,1,0.99997365
1,1,0.9999423
1,1,0.99997246
1,1,0.9999716
1,1,0.9999734
1,1,0.99995756
1,1,0.9999676
1,1,0.99997413
1,1,0.9999651
1,1,0.99997246
1,1,0.9999715
1,1,0.99996865
1,1,0.9999502
1,1,0.9999738
1,1,0.999972
1,1,0.9999721
1,1,0.99997306
1,1,0.9999621
1,1,0.99996877
1,1,0.99997246
1,1,0.9999727
1,1,0.99996936
1,1,0.9999682
1,1,0.99996555
1,1,0.9999728
1,1,0.9999703
1,1,0.9999738
1,1,0.9999653
1,1,0.99996483
1,1,0.99997306
1,1,0.99944025
1,1,0.99997246
1,1,0.99997187
1,1,0.9999734
1,1,0.99997365
1,1,0.99997294
1,1,0.99997234
1,1,0.9993918
1,1,0.9999702
1,1,0.9999726
1,1,0.99997306
1,1,0.9999734
1,1,0.9999716
1,1,0.9999721
1,1,0.9999727
1,1,0.99997175
1,1,0.9999739
1,1,0.99997187
1,1,0.9999646
1,1,0.9999602
1,1,0.9999691
1,1,0.9999658
1,1,0.9999726
1,1,0.9999726
1,1,0.9999709
1,1,0.999613
1,1,0.99997437
1,1,0.99997365
1,1,0.9999727
1,1,0.9999696
1,1,0.9999727
1,1,0.9999728
1,1,0.9999685
1,1,0.9999678
1,1,0.99996686
1,1,0.9999583
1,1,0.99996924
1,1,0.99997234
1,1,0.99996746
1,1,0.9999709
1,1,0.99996984
1,1,0.99997056
1,1,0.9999728
1,1,0.9998822
1,1,0.99997354
1,1,0.99996567
1,1,0.9999721
1,1,0.9999502
1,1,0.9999733
1,1,0.9999734
1,1,0.9999732
1,1,0.9999733
1,1,0.9999726
1,1,0.9999726
1,1,0.9999695
1,1,0.999969
1,1,0.9999714
1,1,0.99997365
1,1,0.99995613
1,1,0.9996507
1,1,0.9999665
1,1,0.99997056
1,1,0.9999422
1,1,0.9999726
1,1,0.9999243
1,1,0.9999639
1,1,0.9999713
1,1,0.9999732
1,1,0.99996316
1,1,0.9999721
1,1,0.9999635
1,1,0.99995446
1,1,0.99996865
1,1,0.9999635
1,1,0.99997365
1,1,0.99996316
1,1,0.9999676
1,1,0.9999646
1,1,0.99996877
1,1,0.9999733
1,1,0.99997234
1,1,0.9998698
1,1,0.99996686
1,1,0.99996805
1,1,0.9999621
1,1,0.9999641
1,1,0.99997354
1,1,0.99997294
1,1,0.999972
1,1,0.9999716
1,1,0.9996983
1,1,0.999969
1,1,0.9999738
1,1,0.9993629
1,1,0.99993014
1,1,0.99997354
1,1,0.99997425
1,1,0.9999403
1,1,0.99996364
1,1,0.99997354
1,1,0.9999714
1,1,0.999967
1,1,0.99997103
1,1,0.99997425
1,1,0.9999727
1,1,0.9999734
1,1,0.99997234
1,1,0.9999697
1,1,0.99997187
1,1,0.999974
1,1,0.9999727
1,1,0.9999274
1,1,0.9999702
1,1,0.9999733
1,1,0.9995989
1,1,0.99997294
1,1,0.99997306
1,1,0.9999713
1,1,0.9999709
1,1,0.99996877
1,1,0.9999722
1,1,0.9999713
1,1,0.99996793
1,1,0.9999684
1,1,0.99997044
1,1,0.9999721
1,1,0.9998833
1,1,0.9999242
1,1,0.999972
1,1,0.9999621
1,1,0.9999472
1,1,0.99997187
1,1,0.9999449
1,1,0.9999707
1,1,0.9999616
1,1,0.9999722
1,1,0.9999528
1,1,0.99997175
1,1,0.99997437
1,1,0.9999689
1,1,0.9999707
1,1,0.9999654
1,1,0.9999726
1,1,0.99997413
1,1,0.9999713
1,1,0.99997234
1,1,0.9999734
1,1,0.9999695
1,1,0.9041827
1,1,0.9981756
1,1,0.99995553
1,1,0.9999722
1,1,0.9999727
1,1,0.9999466
1,1,0.99997175
1,1,0.99997056
1,1,0.99996495
1,1,0.9999666
1,1,0.9999722
1,1,0.9997229
1,1,0.9999713
1,1,0.9999716
1,1,0.9999727
1,1,0.9999733
1,1,0.9999651
1,1,0.999966
1,1,0.9999676
1,1,0.99997175
1,1,0.9999659
1,1,0.99997306
1,1,0.9998184
1,1,0.9999726
1,1,0.9999722
1,1,0.9999485
1,1,0.999974
1,1,0.99997354
1,1,0.9999635
1,1,0.9999732
1,1,0.9999615
1,1,0.9999665
1,1,0.9999691
1,1,0.99996996
1,1,0.9999385
1,1,0.9999696
1,1,0.9999615
1,1,0.99929655
1,1,0.99996686
1,1,0.99997365
1,1,0.99997115
1,1,0.9999739
1,1,0.9999715
1,1,0.9999317
1,1,0.99997425
1,1,0.9781794
1,1,0.9999739
1,1,0.9999707
1,1,0.9999629
1,1,0.9999554
1,1,0.99997354
1,1,0.9999728
1,1,0.99997306
1,1,0.9999703
1,1,0.99996936
1,1,0.99997234
1,1,0.99997044
1,1,0.9999672
1,1,0.99996424
1,1,0.99997354
1,1,0.9998976
1,1,0.9998023
1,1,0.9999697
1,1,0.9999728
1,1,0.999959
1,1,0.99996173
1,1,0.99997187
1,1,0.9999659
1,1,0.9999708
1,1,0.99996185
1,1,0.9999738
1,1,0.85577583
1,1,0.9999732
1,1,0.99981767
1,1,0.99996877
1,1,0.99997115
1,1,0.9999726
1,1,0.9999677
1,1,0.9999726
1,1,0.99997413
1,1,0.99996054
1,1,0.9999541
1,1,0.99997175
1,1,0.9999598
1,1,0.9999734
1,1,0.9999701
1,1,0.99997306
1,1,0.99993956
1,1,0.9999703
1,1,0.9999732
1,1,0.99997294
1,1,0.9999678
1,1,0.9999584
1,1,0.99997044
1,1,0.9999682
1,1,0.99983644
1,1,0.99997187
1,1,0.9420784
1,1,0.9999716
1,1,0.9999732
1,1,0.9999722
1,1,0.99997294
1,1,0.99997306
1,1,0.99997354
1,1,0.9999715
1,1,0.9999708
1,1,0.99997294
1,1,0.9999683
1,1,0.9999732
1,1,0.9998449
1,1,0.99997103
1,1,0.9999614
1,1,0.99997354
1,1,0.99997234
1,1,0.9999701
1,1,0.9999733
1,1,0.9999726
1,1,0.9999733
1,1,0.9999596
1,1,0.9999678
1,1,0.99997234
1,1,0.99997246
1,1,0.999972
1,1,0.9999734
1,1,0.99997044
1,1,0.9999714
1,1,0.9999714
1,1,0.9999714
1,1,0.99996555
1,1,0.9999671
1,1,0.9998995
1,1,0.9999726
1,1,0.999961
1,1,0.99997294
1,1,0.99997246
1,1,0.9999676
1,1,0.99939036
1,1,0.9999653
1,1,0.9999732
1,1,0.99997246
1,1,0.99996614
1,1,0.9999734
1,1,0.99996805
1,1,0.99997103
1,1,0.99996233
1,1,0.9999602
1,1,0.99997306
1,1,0.9999726
1,1,0.99992025
1,1,0.9999677
1,1,0.9999721
1,1,0.99997306
1,1,0.9999726
1,1,0.99996936
1,1,0.99984944
1,1,0.99997306
1,1,0.9999707
1,1,0.99997056
1,1,0.99997306
1,1,0.9999726
1,1,0.9999738
1,1,0.99997294
1,1,0.99997056
1,1,0.999967
1,1,0.99993014
1,1,0.9999689
1,1,0.99996126
1,1,0.9996207
1,1,0.99995303
1,1,0.99997187
1,1,0.9999691
1,1,0.9999721
1,1,0.99997103
1,1,0.99996626
1,1,0.9999707
1,1,0.9999695
1,1,0.9999734
1,1,0.99997365
1,1,0.99997413
1,1,0.99997354
1,1,0.99463826
1,1,0.99997306
1,1,0.9999716
1,1,0.99997365
1,1,0.9999596
1,1,0.9999727
1,1,0.99997234
1,1,0.99997115
1,1,0.999972
1,1,0.9999727
1,1,0.9999728
1,1,0.9999695
1,1,0.99997306
1,1,0.9999727
1,1,0.9999715
1,1,0.9999734
1,1,0.9999733
1,1,0.9999721
1,1,0.9999596
1,1,0.9999703
1,1,0.999966
1,1,0.9999658
1,1,0.99996567
1,1,0.9999702
1,1,0.999974
1,1,0.9999734
1,1,0.9999641
1,1,0.99986804
1,1,0.9999702
1,1,0.9999703
1,1,0.9999721
1,1,0.9999521
1,1,0.99997306
1,1,0.9999708
1,1,0.9999713
1,1,0.9999734
1,1,0.99997294
1,1,0.99997115
1,1,0.99993443
1,1,0.999967
1,1,0.99997365
1,1,0.9999726
1,1,0.9999689
1,1,0.9999726
1,1,0.9999671
1,1,0.9999684
1,1,0.8069068
1,1,0.9999615
1,1,0.9999721
1,1,0.99996173
1,1,0.99988484
1,1,0.9999708
1,1,0.99996865
1,1,0.99997234
1,1,0.9999713
1,1,0.99997365
1,1,0.9999727
1,1,0.9999628
1,1,0.99996793
1,1,0.99996936
1,1,0.99957424
1,1,0.9999591
1,1,0.99997234
1,1,0.99997234
1,1,0.99997103
1,1,0.9999645
1,1,0.99997413
1,1,0.9999721
1,1,0.9999733
1,1,0.9999727
1,1,0.99996805
1,1,0.99997306
1,1,0.9999645
1,1,0.9999726
1,1,0.9999678
1,1,0.9999739
1,1,0.99997306
1,1,0.99995863
1,1,0.99997425
1,1,0.999966
1,1,0.9999721
1,1,0.99997365
1,1,0.9999347
1,1,0.9999685
1,1,0.99997294
1,1,0.9999733
1,1,0.9999703
1,1,0.99997234
1,1,0.9999728
1,1,0.9999691
1,1,0.9999629
1,1,0.9999696
1,1,0.9999715
1,1,0.999941
1,1,0.99997365
1,1,0.9999615
1,1,0.9999702
1,1,0.9999697
1,1,0.99996185
1,1,0.99995625
1,1,0.9999716
1,1,0.9999666
1,1,0.9999733
1,1,0.99997246
1,1,0.999972
1,1,0.9999683
1,1,0.9999676
1,1,0.99997234
1,1,0.999974
1,1,0.9999739
1,1,0.9999738
1,1,0.9999659
1,1,0.9999727
1,1,0.9999695
1,1,0.999949
1,1,0.9999733
1,1,0.9999658
1,1,0.9999734
1,1,0.999972
1,1,0.9999691
1,1,0.999974
1,1,0.98798066
1,1,0.9999702
1,1,0.99997175
1,1,0.99997246
1,1,0.9999627
1,1,0.999972
1,1,0.9999622
1,1,0.99997413
1,1,0.9999728
1,1,0.9999732
1,1,0.999972
1,1,0.99997354
1,1,0.9999727
1,1,0.99997056
1,1,0.99992156
1,1,0.999972
1,1,0.99997115
1,1,0.99996567
1,1,0.9999683
1,1,0.9999728
1,1,0.9999739
1,1,0.9217662
1,1,0.9999609
1,1,0.99997234
1,1,0.9999715
1,1,0.9999708
1,1,0.9999684
1,1,0.99996936
1,1,0.9999734
1,1,0.9999732
1,1,0.999974
1,1,0.9999726
1,1,0.999972
1,1,0.99997187
1,1,0.923739
1,1,0.99997294
1,1,0.99996674
1,1,0.99996996
1,1,0.999964
1,1,0.99997294
1,1,0.99994934
1,1,0.9999734
1,1,0.9999716
1,1,0.9999716
1,1,0.99996936
1,1,0.99996305
1,1,0.9999558
1,1,0.9999621
1,1,0.99996877
1,1,0.9999701
1,1,0.9997559
1,1,0.99996376
1,1,0.999962
1,1,0.9999708
1,1,0.99997234
1,1,0.9999714
1,1,0.999969
1,1,0.99974185
1,1,0.9999417
1,1,0.9999716
1,1,0.9999734
1,1,0.99997306
1,1,0.9999733
1,1,0.9999684
1,1,0.9999703
1,1,0.9999703
1,1,0.9999715
1,1,0.9999691
1,1,0.99994874
1,1,0.9999666
1,1,0.9999707
1,1,0.999966
1,1,0.9999726
1,1,0.99997056
1,1,0.99997234
1,1,0.99996924
1,1,0.9999682
1,1,0.9999603
1,1,0.9999738
1,1,0.99996984
1,1,0.9999646
1,1,0.99993956
1,1,0.99997044
1,1,0.99997187
1,1,0.9999689
1,1,0.99996865
1,1,0.9998266
1,1,0.9999732
1,1,0.9999733
1,1,0.9999727
1,1,0.9999708
1,1,0.9999733
1,1,0.99996626
1,1,0.99996936
1,1,0.9999728
1,1,0.99996996
1,1,0.99997246
1,1,0.9999635
1,1,0.99997044
1,1,0.9999721
1,1,0.99993825
1,1,0.9999734
1,1,0.99996686
1,1,0.9999721
1,1,0.99996924
1,1,0.9999716
1,1,0.99997234
1,1,0.99997413
1,1,0.9999734
1,1,0.99996424
1,1,0.99997246
1,1,0.99997175
1,1,0.99996364
1,1,0.9999596
1,1,0.9999689
1,1,0.99997044
1,1,0.9999732
1,1,0.99992144
1,1,0.99996865
1,1,0.9999647
1,1,0.9999739
1,1,0.9999591
1,1,0.9999728
1,1,0.9999726
1,1,0.99997234
1,1,0.9999695
1,1,0.9999728
1,1,0.9999732
1,1,0.9999715
1,1,0.99997306
1,1,0.99996674
1,1,0.9999646
1,1,0.9999671
1,1,0.9999709
1,1,0.99996936
1,1,0.99997294
1,1,0.9999738
1,1,0.99994767
1,1,0.9999236
1,1,0.9999703
1,1,0.9999714
1,1,0.9999721
1,1,0.9999722
1,1,0.9999713
1,1,0.9999702
1,1,0.99996114
1,1,0.9999734
1,1,0.99994624
1,1,0.99993086
1,1,0.9999708
1,1,0.99996996
1,1,0.99996614
1,1,0.9999703
1,1,0.9999716
1,1,0.9998914
1,1,0.9999565
1,1,0.9999713
1,1,0.99996555
1,1,0.9999727
1,1,0.99997056
1,1,0.99997306
1,1,0.99996316
1,1,0.9999738
1,1,0.99996984
1,1,0.999974
1,1,0.9999658
1,1,0.99997354
1,1,0.99996924
1,1,0.9995426
1,1,0.9999722
1,1,0.9999664
1,1,0.99997365
1,1,0.99993265
1,1,0.9999653
1,1,0.99996555
1,1,0.9999722
1,1,0.99993944
1,1,0.99997234
1,1,0.99996364
1,1,0.9999728
1,1,0.9999734
1,1,0.99997234
1,1,0.99996674
1,1,0.99997175
1,1,0.9999716
1,1,0.99997294
1,1,0.999972
1,1,0.9999709
1,1,0.9999728
1,1,0.99996746
1,1,0.99997294
1,1,0.9999715
1,1,0.9995701
1,1,0.999972
1,1,0.9999504
1,1,0.99997306
1,1,0.99996555
1,1,0.9999604
1,1,0.99997246
1,1,0.9999701
1,1,0.99997115
1,1,0.9999709
1,1,0.99997306
1,1,0.99997103
1,1,0.9999621
1,1,0.99997115
1,1,0.9999565
1,1,0.9999695
1,1,0.99997187
1,1,0.99996924
1,1,0.9999448
1,1,0.9999713
1,1,0.99997103
1,1,0.99997306
1,1,0.999972
1,1,0.9999733
1,1,0.9999732
1,1,0.99996126
1,1,0.999969
1,1,0.9999722
1,1,0.99970466
1,1,0.9999572
1,1,0.99997115
1,1,0.99996483
1,1,0.99997115
1,1,0.99995625
1,1,0.99996495
1,1,0.9996332
1,1,0.9999703
1,1,0.9999721
1,1,0.99997294
1,1,0.9999703
1,1,0.9999734
1,1,0.9999738
1,1,0.9999597
1,1,0.99997425
1,1,0.9999734
1,1,0.99997365
1,1,0.99997246
1,1,0.99996734
1,1,0.9999738
1,1,0.9999678
1,1,0.99226874
1,1,0.99997354
1,1,0.9999597
1,1,0.9999715
1,1,0.9999726
1,1,0.9999682
1,1,0.99997365
1,1,0.99996316
1,1,0.99997413
1,1,0.9999205
1,1,0.9999701
1,1,0.9999721
1,1,0.99997306
1,1,0.9999732
1,1,0.99997187
1,1,0.999962
1,1,0.99997294
1,1,0.99992883
1,1,0.99997413
1,1,0.9999491
1,1,0.9999709
1,1,0.9999697
1,1,0.9999467
1,1,0.99997246
1,1,0.99997365
1,1,0.9999732
1,1,0.99993956
1,1,0.999974
1,1,0.99997056
1,1,0.99997187
1,1,0.99996126
1,1,0.99994147
1,1,0.9999496
1,1,0.9999684
1,1,0.9999739
1,1,0.9999715
1,1,0.99996996
1,1,0.99995315
1,1,0.999969
1,1,0.999974
1,1,0.9999683
1,1,0.99996066
1,1,0.9999722
1,1,0.9999738
1,1,0.9999511
1,1,0.9999697
1,1,0.99876785
1,1,0.9999629
1,1,0.9999703
1,1,0.9999733
1,1,0.9999738
1,1,0.99997103
1,1,0.9999722
1,1,0.99997294
1,1,0.9999733
1,1,0.999972
1,1,0.99997294
1,1,0.99997175
1,1,0.999897
1,1,0.9999684
1,1,0.999972
1,1,0.99997234
1,1,0.99997294
1,1,0.9999732
1,1,0.9999231
1,1,0.999964
1,1,0.99996924
1,1,0.9999676
1,1,0.99996984
1,0,0.004307156
1,1,0.9999666
1,1,0.9999726
1,1,0.9999645
1,1,0.99996424
1,1,0.9999703
1,1,0.9999653
1,1,0.99996006
1,1,0.9999715
1,1,0.9999728
1,1,0.99996936
1,1,0.9999708
1,1,0.99997425
1,1,0.99997056
1,1,0.999972
1,1,0.9997514
1,1,0.9999709
1,1,0.99997354
1,1,0.99997306
1,1,0.9996985
1,1,0.9999641
1,1,0.99997115
1,1,0.99996555
1,1,0.99996924
1,1,0.999912
1,1,0.999972
1,1,0.99996996
1,1,0.99995244
1,1,0.9999702
1,1,0.9999552
1,1,0.9999715
1,1,0.9999722
1,1,0.9999745
1,1,0.9999676
1,1,0.9999727
1,1,0.9999666
1,1,0.999962
1,1,0.9999722
1,1,0.9998907
1,1,0.99997175
1,1,0.9999703
1,1,0.9999615
1,1,0.9999734
1,1,0.9999666
1,1,0.99972147
1,1,0.9999702
1,1,0.9999726
1,1,0.9999633
1,1,0.9999608
1,1,0.9999645
1,1,0.999967
1,1,0.9999713
1,1,0.99996984
1,1,0.99996746
1,1,0.99997246
1,1,0.9999734
1,1,0.99996316
1,1,0.9999585
1,1,0.99996984
1,1,0.99996305
1,1,0.99990547
1,1,0.9999745
1,1,0.9999722
1,1,0.99997187
1,1,0.9999255
1,1,0.9999683
1,1,0.9999708
1,1,0.9999721
1,1,0.9999716
1,1,0.99997115
1,1,0.9999677
1,1,0.99996936
1,1,0.9999732
1,1,0.99997175
1,1,0.99997294
1,1,0.9999641
1,1,0.9999591
1,1,0.9999708
1,1,0.99997103
1,1,0.9999734
1,1,0.9999659
1,1,0.9999701
1,1,0.99997294
1,1,0.99996555
1,1,0.9999713
1,1,0.99996626
1,1,0.9999709
1,1,0.999879
1,1,0.99997365
1,1,0.9999585
1,1,0.9999738
1,1,0.9999721
1,1,0.9999727
1,1,0.99997187
1,1,0.9999734
1,1,0.99997294
1,1,0.9999708
1,1,0.99996984
1,1,0.99997354
1,1,0.99997115
1,1,0.9999652
1,1,0.99997425
1,1,0.9999739
1,1,0.9999709
1,1,0.9999522
1,1,0.9999722
1,1,0.99997354
1,1,0.999972
1,1,0.9999565
1,1,0.9999188
1,1,0.9999732
1,1,0.99997044
1,1,0.99988353
1,1,0.99996996
1,1,0.999974
1,1,0.99997044
1,1,0.9999422
1,1,0.99996805
1,1,0.99995255
1,1,0.99996936
1,1,0.9999516
1,1,0.9999572
1,1,0.9999629
1,1,0.99997425
1,1,0.9999715
1,1,0.99997234
1,1,0.9999733
1,1,0.9999721
1,1,0.9999677
1,1,0.99997437
1,1,0.9999552
1,1,0.99996924
1,1,0.999974
1,1,0.999974
1,1,0.99995136
1,1,0.99997115
1,1,0.99997056
1,1,0.9999665
1,1,0.9999596
1,1,0.9999727
1,1,0.9999716
1,1,0.9999696
1,1,0.98684967
1,1,0.9999726
1,1,0.999969
1,1,0.99995196
1,1,0.9999734
1,1,0.99997115
1,1,0.9999639
1,1,0.99997246
1,1,0.99995494
1,1,0.9998808
1,1,0.9949963
1,1,0.88240796
1,1,0.99996626
1,1,0.9999474
1,1,0.9994229
1,1,0.9999428
1,1,0.99974924
1,1,0.99996865
1,1,0.84867674
1,1,0.97245324
1,1,0.9948473
1,1,0.99996424
1,1,0.9999728
1,1,0.9999502
1,1,0.99995935
1,0,0.00022683521
1,1,0.99996114
1,1,0.59472734
1,1,0.99995756
1,1,0.99996567
1,1,0.99996996
1,1,0.9999542
1,1,0.99997294
1,1,0.9999132
1,1,0.9999552
1,1,0.99993753
1,1,0.9999728
1,1,0.999972
1,1,0.9999714
1,1,0.99991345
1,1,0.99997246
1,1,0.9995024
1,1,0.9947708
1,1,0.9631238
1,1,0.765323
1,1,0.9999658
1,1,0.94426197
1,1,0.9999722
1,1,0.9999548
1,1,0.9999641
1,1,0.9999056
1,1,0.9999728
1,1,0.999969
1,1,0.99996877
1,1,0.99996555
1,1,0.9803475
1,1,0.9999714
1,1,0.9999337
1,1,0.9994048
1,1,0.9749551
1,1,0.99988973
1,0,0.00021033463
1,1,0.9999695
1,1,0.9990656
1,1,0.5916759
1,1,0.9999391
1,0,0.02449836
1,1,0.9999534
1,1,0.99994254
1,1,0.99993825
1,1,0.87521744
1,1,0.99996364
1,1,0.99997187
1,1,0.9996306
1,1,0.99996924
1,1,0.9972518
1,1,0.9152405
1,1,0.5028703
1,1,0.999951
1,1,0.9999399
1,0,7.2138544e-05
1,1,0.9648846
1,1,0.999972
1,1,0.99996483
1,0,0.098838404
1,1,0.999884
1,1,0.9998629
1,1,0.9999665
1,1,0.9999653
1,0,0.0040771407
1,1,0.9999727
1,0,0.06407312
1,1,0.999966
1,1,0.9999356
1,1,0.99997056
1,1,0.99762386
1,1,0.99996984
1,1,0.9989323
1,1,0.999949
1,0,0.000121894605
1,1,0.99996233
1,1,0.6080953
1,1,0.99984646
1,1,0.99995244
1,1,0.99996924
1,1,0.99850285
1,1,0.9999683
1,0,0.4162689
1,1,0.9999702
1,1,0.9989993
1,1,0.9999063
1,1,0.9999689
1,1,0.99995995
1,1,0.9991025
1,1,0.98158985
1,1,0.99997306
1,1,0.9997482
1,1,0.9996656
1,1,0.9999708
1,1,0.99993086
1,0,0.049878184
1,1,0.9218036
1,1,0.9999472
1,1,0.9999689
1,1,0.98524076
1,1,0.9999511
1,1,0.9999565
1,1,0.9792477
1,0,0.10991994
1,1,0.9999672
1,0,0.005712577
1,1,0.9999614
1,1,0.9184144
1,1,0.9999547
1,1,0.99805176
1,1,0.9772044
1,1,0.9999629
1,1,0.9999378
1,1,0.75034744
1,1,0.9963302
1,1,0.9999732
1,0,0.13054919
1,0,0.00024301914
1,0,0.003884713
1,1,0.549275
1,1,0.65598726
1,1,0.9980075
1,1,0.99996614
1,1,0.99996865
1,1,0.9999734
1,1,0.99997187
1,1,0.9999732
1,1,0.9999722
1,1,0.9999641
1,1,0.9999633
1,1,0.6010715
1,1,0.99996614
1,1,0.9999732
1,1,0.9898475
1,1,0.9999716
1,1,0.9999697
1,1,0.92613983
1,0,0.0012352632
1,1,0.99996686
1,1,0.96817994
1,1,0.99987984
1,1,0.9998976
1,1,0.9997801
1,1,0.9998845
1,1,0.9999585
1,1,0.99510765
1,1,0.9997987
1,1,0.7844521
1,1,0.99996984
1,1,0.9999722
1,1,0.9999671
1,1,0.99997425
1,1,0.9999722
1,1,0.818288
1,0,0.22624172
1,1,0.99813545
1,1,0.97090256
1,0,0.00019133222
1,1,0.9999651
1,1,0.99993277
1,1,0.99985135
1,1,0.9999739
1,0,5.4189848e-05
1,1,0.99982774
1,1,0.9977793
1,1,0.9999709
1,1,0.9999707
1,1,0.8948136
1,1,0.99996436
1,1,0.9997229
1,1,0.59166956
1,0,0.00015323299
1,1,0.9999685
1,1,0.80891424
1,1,0.9999671
1,1,0.9999709
1,1,0.9999505
1,0,6.989736e-05
1,1,0.90988415
1,1,0.8322143
1,1,0.9997496
1,1,0.53693163
1,1,0.99996495
1,1,0.999974
1,1,0.9999702
1,1,0.5950282
1,1,0.9999665
1,1,0.9999664
1,1,0.9999722
1,1,0.9999716
1,1,0.51646173
1,1,0.99995613
1,1,0.9999664
1,1,0.99927145
1,1,0.9999664
1,1,0.99995196
1,0,0.14775841
1,1,0.9995302
1,1,0.8878857
1,1,0.9999542
1,1,0.999967
1,1,0.999972
1,1,0.9999738
1,1,0.9999647
1,1,0.9999727
1,1,0.7846042
1,1,0.9999695
1,1,0.99997437
1,1,0.9999653
1,1,0.9999598
1,1,0.99992967
1,0,8.687445e-05
1,1,0.9988424
1,1,0.8927072
1,0,0.00029061988
1,1,0.99997306
1,1,0.70600694
1,0,0.094112515
1,1,0.8643953
1,1,0.9999678
1,0,0.0006290232
1,1,0.99996436
1,1,0.99997175
1,1,0.5765948
1,1,0.9999726
1,1,0.9999118
1,1,0.9999578
1,1,0.9998851
1,1,0.999972
1,0,0.00013827822
1,1,0.9999733
1,1,0.9999713
1,1,0.99997175
1,1,0.67409974
1,0,0.0046125245
1,1,0.9946101
1,0,0.46806553
1,1,0.99985945
1,1,0.99995756
1,1,0.756177
1,1,0.9981705
1,1,0.99997294
1,0,0.00013657287
1,1,0.98389083
1,1,0.9974477
1,1,0.9999528
1,1,0.9999658
1,1,0.99987745
1,1,0.99996614
1,1,0.9999734
1,1,0.99968505
1,1,0.9999682
1,1,0.9999273
1,1,0.99876654
1,1,0.99996567
1,0,0.09294673
1,1,0.99995863
1,1,0.99996877
1,1,0.9999682
1,1,0.99976426
1,1,0.9992513
1,1,0.9999721
1,1,0.9999714
1,1,0.99983144
1,1,0.9999616
1,1,0.9999701
1,1,0.99995923
1,1,0.9999634
1,1,0.9999707
1,1,0.9950923
1,1,0.9999677
1,1,0.9999685
1,1,0.98867434
1,1,0.99120915
1,0,9.9906305e-05
1,0,0.019148642
1,1,0.9999745
1,1,0.9998816
1,1,0.99996257
1,1,0.99997354
1,1,0.98480487
1,1,0.99997306
1,1,0.999933
1,1,0.999925
1,1,0.99995315
1,1,0.99963343
1,1,0.8713015
1,1,0.9999219
1,0,0.1727599
1,1,0.9999658
1,1,0.99877137
1,0,0.0001697139
1,0,0.000112074544
1,1,0.99973327
1,1,0.80420244
1,1,0.8807779
1,1,0.55078655
1,1,0.9999734
1,1,0.99993527
1,1,0.94545287
1,0,0.0018262402
1,1,0.9804183
1,1,0.99992883
1,1,0.9999713
1,1,0.9999213
1,1,0.9999429
1,0,0.0010981755
1,1,0.9999442
1,1,0.68555504
1,1,0.9999721
1,1,0.9999703
1,1,0.999928
1,0,0.035249934
1,1,0.9994281
1,1,0.9999018
1,0,0.39501697
1,1,0.98863065
1,1,0.7559268
1,1,0.9999628
1,1,0.64667857
1,0,0.012292348
1,1,0.9998995
1,1,0.99997425
1,1,0.99995947
1,1,0.99995506
1,1,0.99947757
1,1,0.99988353
1,1,0.9999367
1,1,0.99974996
1,1,0.9999106
1,1,0.999443
1,1,0.99994373
1,0,5.668774e-05
1,1,0.9975745
1,1,0.9999715
1,1,0.99996567
1,1,0.99997437
1,0,9.021774e-05
1,1,0.99997294
1,1,0.809901
1,1,0.99997425
1,1,0.9999734
1,1,0.99990606
1,1,0.99997175
1,1,0.99997056
1,1,0.9999739
1,1,0.99981374
1,1,0.99958605
1,1,0.9999609
1,1,0.9979767
1,1,0.9999734
1,0,0.25613683
1,1,0.9999728
1,1,0.9999536
1,1,0.99997103
1,0,0.017627634
1,1,0.99994004
1,0,0.2551599
1,1,0.9993137
1,1,0.9994382
1,1,0.9999709
1,1,0.99991274
1,1,0.99997365
1,1,0.9989004
1,1,0.99996626
1,1,0.9999585
1,1,0.8044552
1,1,0.9999709
1,1,0.9999685
1,1,0.98190224
1,0,0.42254734
1,1,0.999961
1,0,0.09004153
1,1,0.99995995
1,0,0.19337611
1,1,0.99993265
1,1,0.99328023
1,1,0.9999738
1,1,0.65127087
1,1,0.99954957
1,0,0.3395145
1,0,0.39837366
1,1,0.99996674
1,1,0.96069807
1,1,0.9424955
1,0,0.0011431494
1,1,0.99996305
1,1,0.9999399
1,1,0.94486105
1,1,0.9980786
1,1,0.99995863
1,1,0.9999528
1,0,0.024810089
1,1,0.99996805
1,1,0.99995995
1,1,0.99997246
1,0,0.0001860765
1,1,0.9999181
1,1,0.9999746
1,1,0.99995804
1,1,0.99997103
1,1,0.8314616
1,1,0.99997294
1,1,0.99995875
1,1,0.9982576
1,1,0.99992406
1,1,0.9999696
1,1,0.9999461
1,1,0.9999621
1,1,0.99993396
1,1,0.9999299
1,1,0.8716426
1,1,0.9998852
1,1,0.9273746
1,1,0.9999728
1,0,0.428695
1,1,0.9999738
1,0,0.11213853
1,0,0.47078457
1,1,0.99996436
1,1,0.99937844
1,1,0.99993
1,1,0.9998611
1,1,0.9999732
1,1,0.9999715
1,1,0.99953485
1,1,0.99995947
1,1,0.99567115
1,1,0.622748
1,0,0.039207958
1,1,0.9985973
1,1,0.99995816
1,0,0.00011799152
1,1,0.999456
1,1,0.99989367
1,0,0.006810031
1,1,0.9308612
1,1,0.9999738
1,1,0.9999553
1,1,0.99921453
1,1,0.9999709
1,1,0.9995173
1,1,0.999928
1,1,0.9932706
1,1,0.9884497
1,1,0.9995908
1,1,0.9999653
1,0,0.030029409
1,1,0.9994874
1,0,5.3210086e-05
1,0,0.02255688
1,1,0.8504991
1,1,0.99996305
1,1,0.9999702
1,1,0.9999696
1,0,0.00027524028
1,1,0.9999566
1,0,0.2077571
1,1,0.99726105
1,1,0.9999734
1,1,0.99994373
1,1,0.9981305
1,1,0.9999672
1,1,0.9999728
1,1,0.9999701
1,1,0.99996495
1,1,0.9999683
1,1,0.9999713
1,1,0.99415404
1,1,0.9999709
1,0,0.37275466
1,1,0.99871683
1,1,0.999925
1,1,0.6886666
1,1,0.99971074
1,1,0.999907
1,1,0.9999734
1,1,0.73243344
1,1,0.56566375
1,1,0.9979534
1,1,0.99972445
1,0,0.0012437055
1,1,0.80789304
1,1,0.9999198
1,1,0.99990964
1,1,0.9999685
1,1,0.6934961
1,1,0.99997294
1,1,0.99994385
1,1,0.98199546
1,1,0.9998635
1,1,0.99980325
1,1,0.9999733
1,1,0.76087433
1,1,0.99975663
1,1,0.99995613
1,1,0.999972
1,1,0.9998468
1,1,0.9994066
1,1,0.88160825
1,1,0.999967
1,1,0.75856656
1,1,0.9999616
1,1,0.99996984
1,0,0.012831594
1,1,0.99997413
1,1,0.99975723
1,1,0.99994576
1,1,0.9999577
1,1,0.99997115
1,0,0.45895877
1,1,0.999962
1,1,0.9999691
1,1,0.99997365
1,1,0.99996865
1,1,0.99996793
1,1,0.9947976
1,1,0.9999254
1,1,0.50080216
1,1,0.99819046
1,0,0.40069672
1,1,0.9996418
1,1,0.9998234
1,1,0.9999654
1,1,0.9999658
1,1,0.99848664
1,1,0.9999236
1,0,0.0008977028
1,1,0.88223094
1,0,0.30836055
1,1,0.99966896
1,1,0.9958162
1,0,0.026148101
1,0,0.04585981
1,1,0.99997306
1,1,0.9999739
1,1,0.99997425
1,1,0.99995744
1,1,0.9998553
1,1,0.99996984
1,1,0.99996424
1,1,0.9998989
1,1,0.9861881
1,0,0.13329166
1,1,0.9999702
1,0,0.00012244354
1,1,0.9885272
1,1,0.9997087
1,1,0.99996114
1,1,0.9999579
1,1,0.999972
1,1,0.9999374
1,1,0.99996924
1,1,0.9999573
1,1,0.9999124
1,1,0.99996483
1,0,0.026253877
1,1,0.8258812
1,1,0.99979633
1,1,0.99997246
1,1,0.9910908
1,1,0.9999151
1,1,0.99997187
1,0,0.3825065
1,1,0.9690944
1,1,0.9999745
1,1,0.999931
1,1,0.85791916
1,1,0.99817705
1,1,0.9999732
1,1,0.99996233
1,0,0.19536953
1,1,0.99996483
1,1,0.9999734
1,1,0.9999707
1,1,0.9999567
1,1,0.9997358
1,1,0.99996936
1,1,0.9699995
1,1,0.9999378
1,1,0.9999691
1,0,0.00010700903
1,1,0.99989414
1,1,0.99967146
1,1,0.9825037
1,0,0.24371442
1,1,0.9999701
1,0,0.30805114
1,1,0.99996376
1,1,0.99980706
1,1,0.99995947
1,1,0.9999702
1,1,0.9988158
1,1,0.99989116
1,1,0.9991559
1,1,0.99994206
1,1,0.9998802
1,1,0.9999701
1,1,0.76160187
1,0,0.14980601
1,1,0.9999348
1,1,0.99966383
1,0,0.31550574
1,0,0.00018286199
1,1,0.9999691
1,0,7.996262e-05
1,1,0.99954396
1,1,0.9999727
1,1,0.9999685
1,0,0.025742358
1,1,0.99993825
1,1,0.9728415
1,1,0.999974
1,1,0.9999676
1,1,0.9999701
1,1,0.9999714
1,1,0.9999361
1,1,0.99993014
1,0,0.0011362673
1,1,0.99971205
1,1,0.9986721
1,0,0.0023537267
1,1,0.9997056
1,0,0.10299627
1,1,0.9986009
1,1,0.99997294
1,0,0.000101348705
1,1,0.99995005
1,1,0.9998971
1,1,0.9999695
1,1,0.9999193
1,0,0.32346871
1,1,0.9855774
1,1,0.99997294
1,0,0.29521668
1,1,0.95588905
1,1,0.9999542
1,0,0.44342515
1,1,0.9518643
1,1,0.5567869
1,1,0.99997306
1,1,0.99996424
1,1,0.9999584
1,1,0.99581945
1,0,0.0431851
1,1,0.9998982
1,0,0.054006297
1,1,0.99992347
1,1,0.9999081
1,1,0.9974726
1,1,0.99995446
1,1,0.99996924
1,1,0.99995685
1,1,0.99996054
1,1,0.99984825
1,1,0.9999716
1,1,0.99996984
1,1,0.9999354
1,0,0.15031758
1,1,0.9999691
1,1,0.9999665
1,1,0.99997056
1,1,0.99995995
1,1,0.9999434
1,1,0.99995446
1,1,0.99996054
1,1,0.9999678
1,1,0.9999682
1,1,0.9998821
1,1,0.99992514
1,1,0.99996996
1,1,0.99533373
1,1,0.99996936
1,1,0.99988425
1,1,0.9999597
1,1,0.99541605
1,1,0.9997714
1,0,0.25156215
1,0,0.26856497
1,1,0.6553116
1,1,0.9993061
1,1,0.9999665
1,1,0.9998554
1,1,0.99996734
1,1,0.999964
1,1,0.9999629
1,1,0.96840334
1,1,0.99996984
1,1,0.9872299
1,1,0.9999597
1,1,0.9999175
1,1,0.9999219
1,1,0.9996842
1,1,0.99992144
1,1,0.99955505
1,1,0.9999732
1,1,0.9999738
1,1,0.5618436
1,1,0.9886692
1,0,0.0007239994
1,0,0.00084507436
1,1,0.94613594
1,1,0.95314044
1,1,0.9998275
1,1,0.9999702
1,1,0.99997354
1,1,0.99460125
1,1,0.99996746
1,1,0.9995086
1,1,0.9999714
1,0,0.008249719
1,1,0.99996185
1,1,0.99997115
1,1,0.99996185
1,1,0.99997425
1,0,0.43244013
1,1,0.88607657
1,1,0.9998578
1,1,0.9999726
1,0,0.00057943637
1,1,0.9999453
1,1,0.999974
1,1,0.99993265
1,1,0.99995816
1,1,0.9999497
1,1,0.9999658
1,1,0.99995863
1,1,0.9998771
1,1,0.9999435
1,1,0.99995744
1,1,0.99997365
1,1,0.5727874
1,1,0.9998419
1,1,0.99997294
1,1,0.9280418
1,1,0.9999716
1,1,0.999949
1,1,0.99988437
1,1,0.9999689
1,1,0.9999647
1,1,0.9999645
1,1,0.9999621
1,1,0.9999696
1,1,0.99997246
1,1,0.54638046
1,1,0.9999645
1,1,0.9999645
1,1,0.8957225
1,1,0.99995327
1,1,0.9999728
1,1,0.9999695
1,1,0.9999707
1,1,0.99842083
1,1,0.99988604
1,1,0.99996567
1,1,0.9999261
1,1,0.9995654
1,1,0.9999651
1,1,0.9999738
1,1,0.99995244
1,1,0.999959
1,1,0.9999653
1,1,0.9999696
1,1,0.99995136
1,1,0.99996614
1,1,0.99996066
1,1,0.5313892
1,1,0.99900454
1,1,0.9999715
1,1,0.9999733
1,1,0.99994624
1,1,0.8008121
1,1,0.9999684
1,1,0.75679845
1,1,0.9089357
1,1,0.9993832
1,1,0.99997425
1,1,0.99982905
1,1,0.9999143
1,1,0.9999677
1,1,0.99854904
1,1,0.99870193
1,1,0.9999664
1,1,0.9999459
1,1,0.9999685
1,1,0.9999659
1,1,0.99995744
1,0,0.4680084
1,1,0.9999634
1,0,0.26881415
1,1,0.99997306
1,1,0.9999707
1,1,0.99996555
1,1,0.9999664
1,1,0.9999747
1,1,0.9999447
1,1,0.9999738
1,1,0.9999672
1,1,0.99995697
1,1,0.99996614
1,0,0.045669496
1,1,0.99751747
1,1,0.9999733
1,1,0.9999716
1,1,0.99985015
1,1,0.9461745
1,1,0.9999571
1,1,0.9999746
1,1,0.9999596
1,1,0.99996185
1,1,0.99995184
1,1,0.5073133
1,1,0.999962
1,1,0.8892471
1,1,0.9999746
1,1,0.9999722
1,0,0.29298943
1,1,0.9997305
1,1,0.9995372
1,0,0.14025708
1,1,0.8900849
1,1,0.9993405
1,1,0.9939022
1,1,0.9999677
1,1,0.9999466
1,1,0.8841592
1,1,0.99997246
1,1,0.9999349
1,1,0.9999236
1,1,0.62523335
1,0,0.0002050851
1,1,0.99599326
1,1,0.9999695
1,0,0.00015491218
1,1,0.99997365
1,1,0.99997175
1,1,0.57368684
1,0,0.03313688
1,1,0.99997056
1,1,0.9999453
1,1,0.99997413
1,1,0.9997136
1,1,0.99996805
1,1,0.9998716
1,1,0.99997354
1,1,0.99997413
1,1,0.9999721
1,1,0.99997437
1,1,0.99996996
1,1,0.9996271
1,1,0.9980844
1,1,0.87574977
1,1,0.99995446
1,1,0.9995221
1,1,0.5025656
1,1,0.99990726
1,0,0.092730254
1,1,0.9999722
1,1,0.78778464
1,1,0.9999738
1,1,0.79322475
1,1,0.9999733
1,1,0.9991099
1,1,0.9999683
1,1,0.99995565
1,1,0.999964
1,1,0.9953644
1,1,0.9997398
1,0,9.607144e-05
1,1,0.9680481
1,1,0.99994695
1,0,0.009446315
1,1,0.999974
1,1,0.99991095
1,1,0.9999598
1,1,0.9995704
1,1,0.9622282
1,1,0.99997413
1,0,0.27649966
1,1,0.9999666
1,1,0.9999504
1,1,0.86533004
1,1,0.9999645
1,0,0.49403036
1,1,0.9778301
1,1,0.99702364
1,1,0.999089
1,1,0.999938
1,1,0.99996924
1,1,0.6248028
1,0,0.003553252
1,1,0.9999492
1,1,0.9996244
1,1,0.9999726
1,1,0.8933108
1,0,0.40727708
1,1,0.99997103
1,1,0.99930453
1,1,0.99997234
1,1,0.9998417
1,1,0.9999682
1,0,0.00011456157
1,1,0.9983107
1,1,0.9998592
1,1,0.9999157
1,1,0.99997115
1,0,0.19692491
1,1,0.99958926
1,1,0.99996734
1,1,0.9998246
1,1,0.99984753
1,1,0.9999534
1,1,0.99997234
1,0,0.00023309028
1,1,0.99996066
1,1,0.99997306
1,0,0.00012562875
1,1,0.9999678
1,1,0.9971207
1,1,0.9999304
1,1,0.9825591
1,1,0.999959
1,1,0.5924077
1,1,0.9999652
1,1,0.9082009
1,1,0.9701902
1,1,0.99997175
1,1,0.9890498
1,1,0.9999354
1,1,0.9996481
1,1,0.9866535
1,0,0.010377731
1,1,0.99985075
1,1,0.99707854
1,1,0.9820645
1,1,0.9981408
1,1,0.999962
1,1,0.99996233
1,1,0.99590516
1,1,0.99997115
1,1,0.702545
1,1,0.9307209
1,0,0.0002141663
1,1,0.9999318
1,1,0.99995196
1,1,0.99994946
1,1,0.99995255
1,1,0.84006476
1,1,0.99996006
1,1,0.9999647
1,1,0.9999678
1,1,0.99933165
1,1,0.9999683
1,1,0.9999734
1,1,0.9999702
1,1,0.9999467
1,1,0.9999728
1,1,0.8255058
1,1,0.9994412
1,1,0.9999602
1,1,0.9999734
1,1,0.9999012
1,0,0.19346035
1,0,0.0019912187
1,1,0.99995005
1,1,0.99985313
1,1,0.99996936
1,1,0.9972255
1,1,0.9998679
1,1,0.9999709
1,1,0.99993086
1,1,0.9775294
1,1,0.9999347
1,1,0.99858284
1,1,0.99997437
1,1,0.5091381
1,1,0.99997306
1,1,0.9612939
1,1,0.9999641
1,1,0.99722445
1,1,0.9999013
1,1,0.92612255
1,1,0.99997246
1,1,0.9999716
1,1,0.9999635
1,1,0.9981509
1,0,0.4714057
1,1,0.99997294
1,1,0.77047575
1,1,0.9999697
1,0,0.00011893089
1,1,0.7916672
1,1,0.999974
1,1,0.99997365
1,1,0.9999685
1,1,0.9999714
1,1,0.9995598
1,1,0.99996424
1,1,0.99996793
1,1,0.99996054
1,1,0.9999031
1,1,0.9997633
1,1,0.9999746
1,1,0.7928361
1,1,0.99996936
1,1,0.9999745
1,1,0.99997246
1,1,0.8041713
1,1,0.9999733
1,1,0.9999571
1,1,0.99997234
1,1,0.9531987
1,1,0.9999634
1,0,0.006850487
1,1,0.9999721
1,1,0.9999691
1,1,0.99996984
1,1,0.7281741
1,1,0.82572395
1,1,0.99990857
1,1,0.9999734
1,1,0.99996996
1,1,0.9925931
1,0,0.0053281477
1,1,0.99997246
1,1,0.98992574
1,1,0.999974
1,1,0.999949
1,1,0.999967
1,1,0.99997044
1,1,0.9999261
1,1,0.99996614
1,0,0.04586291
1,1,0.99953115
1,1,0.9999453
1,1,0.99938726
1,1,0.99995375
1,1,0.88354146
1,1,0.99471045
1,1,0.99991333
1,1,0.9970709
1,0,0.0051143123
1,1,0.99996626
1,1,0.9999726
1,1,0.9999651
1,1,0.9986922
1,1,0.99995244
1,0,7.99431e-05
1,0,0.00010230025
1,1,0.99997103
1,1,0.5020206
1,1,0.90684104
1,1,0.9999583
1,1,0.99997437
1,1,0.97411525
1,1,0.99997103
1,1,0.893047
1,1,0.99965477
1,1,0.9999615
1,1,0.99994683
1,1,0.99996805
1,1,0.6925405
1,1,0.9773719
1,0,0.000120662764
1,1,0.9999304
1,1,0.8637403
1,1,0.9999269
1,1,0.68868935
1,1,0.9999634
1,1,0.9999716
1,1,0.99996865
1,1,0.99995935
1,1,0.99996626
1,1,0.9816459
1,0,0.0388899
1,1,0.68901205
1,1,0.9998857
1,1,0.99995494
1,1,0.99982566
1,1,0.9999615
1,1,0.99996877
1,1,0.99995387
1,1,0.9862454
1,1,0.9996805
1,1,0.999972
1,1,0.9999722
1,0,0.00012741634
1,1,0.9999714
1,1,0.99997115
1,0,0.18099374
1,0,0.098831795
1,1,0.80140764
1,1,0.99973637
1,1,0.99983823
1,1,0.6570841
1,1,0.9996793
1,1,0.9997472
1,0,0.08341055
1,1,0.99995744
1,1,0.53368497
1,1,0.99982435
1,1,0.99996614
1,1,0.62470865
1,1,0.9999708
1,1,0.999946
1,1,0.9999689
1,1,0.9999722
1,0,0.0042208117
1,1,0.9930582
1,1,0.99996996
1,1,0.80191934
1,1,0.9999708
1,1,0.9847622
1,1,0.9999583
1,1,0.99996233
1,1,0.99997234
1,1,0.99997175
1,0,9.2919356e-05
1,0,0.000102293416
1,1,0.99997187
1,1,0.99996865
1,1,0.9975781
1,1,0.9999653
1,1,0.9999685
1,1,0.999943
1,1,0.99997103
1,1,0.9999683
1,0,0.026232412
1,1,0.99994385
1,1,0.9999745
1,0,0.17820896
1,1,0.999964
1,1,0.9999616
1,1,0.9999223
1,1,0.986809
1,0,0.46995917
1,1,0.9999578
1,0,0.09018803
1,1,0.99980396
1,1,0.9999523
1,1,0.96954733
1,1,0.99993217
1,1,0.99994636
1,1,0.9999627
1,1,0.9999709
1,1,0.99997365
1,1,0.99995077
1,1,0.99996793
1,1,0.9999703
1,0,0.00028042425
1,1,0.9999659
1,1,0.9999565
1,0,0.19417132
1,1,0.99977845
1,1,0.9999635
1,1,0.999969
1,1,0.9999534
1,1,0.99995005
1,0,0.4237868
1,1,0.99996924
1,1,0.99993837
1,1,0.9998086
1,1,0.9999738
1,1,0.9999485
1,1,0.60190827
1,1,0.9999653
1,1,0.99993765
1,1,0.999959
1,1,0.9999734
1,0,8.6637e-05
1,1,0.9848868
1,1,0.9996537
1,1,0.99997425
1,1,0.9999441
1,1,0.99997485
1,1,0.9999565
1,1,0.9998399
1,1,0.99997056
1,1,0.9999161
1,1,0.9999683
1,1,0.99996626
1,1,0.9999733
1,1,0.999451
1,1,0.99996436
1,1,0.99995875
1,1,0.99995923
1,1,0.9999634
1,1,0.9999522
1,1,0.9941704
1,1,0.99996734
1,1,0.99918944
1,1,0.61202216
1,1,0.9999597
1,1,0.9999064
1,1,0.99989593
1,0,0.005350334
1,1,0.99993694
1,0,0.019131087
1,1,0.99729794
1,1,0.9999684
1,1,0.9999715
1,1,0.99997437
1,1,0.99997365
1,1,0.9999374
1,1,0.99997115
1,1,0.9974698
1,0,0.0020429087
1,1,0.9999609
1,1,0.9998815
1,1,0.9999696
1,1,0.875639
1,1,0.9994727
1,1,0.9448109
1,1,0.99916685
1,1,0.99997485
1,1,0.9999722
1,0,0.012995702
1,1,0.99997306
1,1,0.99996746
1,1,0.999734
1,1,0.96999717
1,1,0.99993217
1,1,0.7776059
1,1,0.99996996
1,1,0.999974
1,1,0.9999747
1,1,0.999967
1,1,0.9999697
1,1,0.9999262
1,1,0.9999522
1,1,0.9999659
1,1,0.99997056
1,0,0.000103804516
1,1,0.99993145
1,0,0.3539313
1,1,0.9999628
1,1,0.6119569
1,1,0.9999739
1,1,0.9999733
1,1,0.9974885
1,1,0.99997437
1,1,0.99997044
1,1,0.9999738
1,1,0.9999727
1,1,0.9999504
1,1,0.9999708
1,1,0.974614
1,1,0.9858644
1,1,0.999956
1,1,0.9999664
1,0,0.0014331057
1,1,0.99997234
1,1,0.982287
1,0,0.20808926
1,1,0.87233573
1,1,0.99997187
1,0,0.16859925
1,1,0.99996734
1,1,0.99996865
1,1,0.9840694
1,1,0.9999039
1,1,0.9987607
1,1,0.9999715
1,1,0.9999733
1,1,0.9999734
1,1,0.9999722
1,1,0.9979842
1,1,0.9998299
1,1,0.99995756
1,1,0.99489105
1,1,0.997689
1,1,0.9998956
1,1,0.99996173
1,1,0.9999665
1,1,0.9992009
1,1,0.99771714
1,1,0.99323434
1,1,0.9999728
1,0,0.3782807
1,1,0.99995863
1,1,0.99996114
1,1,0.9999614
1,1,0.9999554
1,1,0.9999726
1,1,0.99996495
1,1,0.99997365
1,1,0.9999703
1,1,0.9999714
1,1,0.99997175
1,1,0.9999707
1,1,0.999972
1,1,0.9999685
1,1,0.999972
1,1,0.9999713
1,1,0.99995637
1,1,0.9995179
1,1,0.9999739
1,1,0.99997306
1,1,0.999941
1,1,0.9999733
1,1,0.99997294
1,1,0.9999672
1,1,0.99996686
1,1,0.9999672
1,1,0.99997365
1,1,0.9999585
1,1,0.9999709
1,1,0.9999597
1,1,0.9999691
1,1,0.9999645
1,1,0.9999703
1,1,0.99995697
1,1,0.99997413
1,1,0.9999732
1,1,0.9999558
1,1,0.99997425
1,1,0.99986064
1,1,0.9999728
1,1,0.99997234
1,1,0.99995863
1,1,0.9999727
1,1,0.9999713
1,1,0.9999733
1,1,0.9999701
1,1,0.9999683
1,1,0.9999591
1,1,0.99997103
1,1,0.9991836
1,1,0.9999708
1,1,0.9999685
1,1,0.9999001
1,1,0.99997306
1,1,0.99994123
1,1,0.9999695
1,1,0.9999734
1,1,0.9999733
1,1,0.9999722
1,1,0.99996746
1,1,0.99996865
1,1,0.9999732
1,1,0.9999709
1,1,0.9999652
1,1,0.9999672
1,1,0.99993503
1,1,0.99996936
1,1,0.99997354
1,1,0.9999697
1,1,0.99997294
1,1,0.9999691
1,1,0.99996567
1,1,0.99997365
1,1,0.9999664
1,1,0.99996114
1,1,0.9999715
1,1,0.99993885
1,1,0.99996865
1,1,0.9999722
1,1,0.9999683
1,1,0.9999628
1,1,0.9999738
1,1,0.99996924
1,1,0.9999732
1,1,0.9999716
1,1,0.99997103
1,1,0.99997365
1,1,0.99994564
1,1,0.999972
1,1,0.99997306
1,1,0.9999716
1,1,0.99997103
1,1,0.99997306
1,1,0.9999732
1,1,0.99986374
1,1,0.9999716
1,1,0.9999534
1,1,0.9999709
1,1,0.999962
1,1,0.999884
1,1,0.999974
1,1,0.99997175
1,1,0.9999732
1,1,0.9998456
1,1,0.9999726
1,1,0.99995995
1,1,0.9999578
1,1,0.99997354
1,1,0.9999684
1,1,0.99997115
1,1,0.9999722
1,1,0.99997187
1,1,0.9991197
1,1,0.9987047
1,1,0.9999651
1,1,0.9999721
1,1,0.9999739
1,1,0.9999715
1,1,0.9999691
1,1,0.9999633
1,1,0.9999492
1,1,0.96485794
1,1,0.999972
1,1,0.9999733
1,1,0.9999372
1,1,0.9999716
1,1,0.99996614
1,1,0.9999707
1,1,0.999967
1,1,0.99997365
1,1,0.9999726
1,1,0.9999591
1,1,0.9999608
1,1,0.9999716
1,1,0.9923947
1,1,0.9999349
1,1,0.9999739
1,1,0.99994195
1,1,0.9999716
1,1,0.9999722
1,1,0.9999734
1,1,0.9999553
1,1,0.9999691
1,1,0.9999685
1,1,0.9999646
1,1,0.99996316
1,1,0.99996805
1,1,0.99997354
1,1,0.9999727
1,1,0.99997115
1,1,0.9999702
1,1,0.9999707
1,1,0.99993265
1,1,0.9999726
1,1,0.9999732
1,1,0.9999713
1,1,0.99995923
1,1,0.99995184
1,1,0.9999682
1,1,0.99997306
1,1,0.9999676
1,1,0.9995247
1,1,0.9999465
1,1,0.999974
1,1,0.99997246
1,1,0.9999635
1,1,0.99997115
1,1,0.99927074
1,1,0.9999734
1,1,0.9999713
1,1,0.9999739
1,1,0.9995983
1,1,0.99997187
1,1,0.9999714
1,1,0.999972
1,1,0.9999696
1,1,0.99994993
1,1,0.9999733
1,1,0.9999713
1,1,0.9999738
1,1,0.9999399
1,1,0.9999684
1,1,0.99993134
1,1,0.99997306
1,1,0.9999728
1,1,0.99987245
1,1,0.99997187
1,1,0.9999739
1,1,0.99997354
1,1,0.9999683
1,1,0.9999354
1,1,0.9999715
1,1,0.99850637
1,1,0.99996996
1,1,0.9999713
1,1,0.99997234
1,1,0.99997306
1,1,0.9999713
1,1,0.99996996
1,1,0.9999728
1,1,0.9998913
1,1,0.9999689
1,1,0.99997187
1,1,0.9999722
1,1,0.9999505
1,1,0.9999722
1,1,0.99997175
1,1,0.99997354
1,1,0.99996996
1,1,0.99996686
1,1,0.9999583
1,1,0.99996674
1,1,0.999961
1,1,0.99997354
1,1,0.99997234
1,1,0.9999689
1,1,0.9999716
1,1,0.99996734
1,1,0.99996614
1,1,0.99993515
1,1,0.9999678
1,1,0.9986809
1,1,0.9999676
1,1,0.9999672
1,1,0.99997103
1,1,0.99997056
1,1,0.9999558
1,1,0.99997425
1,1,0.9999696
1,1,0.99996734
1,1,0.99996746
1,1,0.9999726
1,1,0.9999671
1,1,0.999969
1,1,0.99997234
1,1,0.9999714
1,1,0.9999728
1,1,0.99997175
1,1,0.9999697
1,1,0.9999722
1,1,0.99997115
1,1,0.999969
1,1,0.99997234
1,1,0.99997234
1,1,0.9999732
1,1,0.9999721
1,1,0.9999732
1,1,0.9999739
1,1,0.9846727
1,1,0.99996674
1,1,0.9999739
1,1,0.99997354
1,1,0.99997187
1,1,0.9999683
1,1,0.999962
1,1,0.9998895
1,1,0.99996054
1,1,0.9999707
1,1,0.9999734
1,1,0.9999739
1,1,0.9999738
1,1,0.99992824
1,1,0.9999684
1,1,0.9999722
1,1,0.99997246
1,1,0.9999248
1,1,0.99996626
1,1,0.999972
1,1,0.9999654
1,1,0.99669254
1,1,0.9999713
1,1,0.99997246
1,1,0.99992156
1,1,0.9999728
1,1,0.9999738
1,1,0.9999498
1,1,0.99997413
1,1,0.9999639
1,1,0.99996865
1,1,0.99996305
1,1,0.99995816
1,1,0.9999714
1,1,0.9999739
1,1,0.9999379
1,1,0.99997103
1,1,0.99996257
1,1,0.99997115
1,1,0.99997234
1,1,0.99997056
1,1,0.99996746
1,1,0.9999714
1,1,0.9999727
1,1,0.9999647
1,1,0.99996364
1,1,0.99997306
1,1,0.9999709
1,1,0.9999727
1,1,0.99996996
1,1,0.9999652
1,1,0.9999721
1,1,0.99997187
1,1,0.9999733
1,1,0.9985178
1,1,0.99994564
1,1,0.99997306
1,1,0.9999727
1,1,0.99997294
1,1,0.9999727
1,1,0.99997354
1,1,0.9999738
1,1,0.9999598
1,1,0.99996865
1,1,0.9999503
1,1,0.9999713
1,1,0.9999721
1,1,0.9999732
1,1,0.9999733
1,1,0.9989497
1,0,0.45327827
1,1,0.99997246
1,1,0.99997056
1,1,0.9999739
1,1,0.9999734
1,1,0.99997234
1,1,0.9999677
1,1,0.99992394
1,1,0.9999573
1,1,0.99990976
1,1,0.9999639
1,1,0.9999734
1,1,0.9999603
1,1,0.99991596
1,1,0.9999738
1,1,0.9999722
1,1,0.9999654
1,1,0.999956
1,1,0.99936956
1,1,0.99996185
1,1,0.9999206
1,1,0.99997354
1,1,0.99995637
1,1,0.99997354
1,1,0.9999641
1,1,0.9999695
1,1,0.9999696
1,1,0.9997826
1,1,0.9999647
1,1,0.9999684
1,1,0.99997234
1,1,0.99899465
1,1,0.999959
1,1,0.9999733
1,1,0.9999727
1,1,0.99997187
1,1,0.999969
1,1,0.9999591
1,1,0.9999701
1,1,0.99997294
1,1,0.99997294
1,1,0.9999708
1,1,0.9999653
1,1,0.9999293
1,1,0.99997246
1,1,0.99997187
1,1,0.9999732
1,1,0.9999722
1,1,0.99997056
1,1,0.99994934
1,1,0.9999671
1,1,0.9999727
1,1,0.9999702
1,1,0.9999726
1,1,0.9999722
1,1,0.999972
1,1,0.9999697
1,1,0.9998796
1,1,0.9999733
1,1,0.9999733
1,1,0.99997175
1,1,0.99997246
1,1,0.9999734
1,1,0.9999213
1,1,0.99948776
1,1,0.9999734
1,1,0.99997365
1,1,0.9999721
1,1,0.9999658
1,1,0.9999701
1,1,0.9999716
1,1,0.8749715
1,1,0.99996936
1,1,0.99997175
1,1,0.99996567
1,1,0.9999627
1,1,0.99997175
1,1,0.9999651
1,1,0.99997187
1,1,0.9999608
1,1,0.9999566
1,1,0.9999726
1,1,0.99997115
1,1,0.99996746
1,1,0.9999716
1,1,0.99997175
1,1,0.99997354
1,1,0.9998951
1,1,0.9949838
1,1,0.99996924
1,1,0.9905191
1,1,0.9999695
1,1,0.9999734
1,1,0.99997294
1,1,0.999966
1,1,0.99995565
1,1,0.9999639
1,1,0.9999573
1,1,0.99997056
1,1,0.9999722
1,1,0.99996793
1,1,0.9999732
1,1,0.99991965
1,1,0.9999727
1,1,0.99996936
1,1,0.9999713
1,1,0.9999715
1,1,0.99997246
1,1,0.99997365
1,1,0.9999714
1,1,0.9999621
1,1,0.99997365
1,1,0.9999665
1,1,0.99997187
1,1,0.9999714
1,1,0.5630223
1,1,0.9999703
1,1,0.99997365
1,1,0.99997115
1,1,0.99997175
1,1,0.99996686
1,1,0.99995697
1,1,0.9999715
1,1,0.9999707
1,1,0.99997294
1,1,0.9999726
1,1,0.9999566
1,1,0.99997306
1,1,0.99997425
1,1,0.9999722
1,1,0.9999732
1,1,0.9999726
1,1,0.9999597
1,1,0.9999727
1,1,0.999972
1,1,0.99996626
1,1,0.99996364
1,1,0.99996424
1,1,0.999972
1,1,0.999969
1,1,0.9999716
1,1,0.9999715
1,1,0.99997306
1,1,0.99997103
1,1,0.9999733
1,1,0.9999702
1,1,0.9999665
1,1,0.9998223
1,1,0.99997044
1,1,0.99997187
1,1,0.9999622
1,1,0.99996793
1,1,0.9999734
1,1,0.9999709
1,1,0.9999709
1,1,0.9999727
1,1,0.9999701
1,1,0.99996924
1,1,0.9999578
1,1,0.99997354
1,1,0.999974
1,1,0.99997175
1,1,0.9999732
1,1,0.9999732
1,1,0.99997175
1,1,0.99997354
1,1,0.9999713
1,1,0.99997294
1,1,0.9999126
1,1,0.99997246
1,1,0.99996614
1,1,0.99996746
1,1,0.9999722
1,1,0.99996936
1,1,0.9999689
1,1,0.99997354
1,1,0.9999722
1,1,0.9999734
1,1,0.99997365
1,1,0.99997234
1,1,0.9999709
1,1,0.9999734
1,1,0.9999702
1,1,0.9999434
1,1,0.99997175
1,1,0.99997175
1,1,0.9999738
1,1,0.99997294
1,1,0.99996746
1,1,0.9999716
1,1,0.9999691
1,1,0.9999584
1,1,0.9999733
1,1,0.99997294
1,1,0.999969
1,1,0.9999728
1,1,0.9999726
1,1,0.99996555
1,1,0.99997115
1,1,0.999972
1,1,0.999974
1,1,0.999969
1,1,0.99997115
1,1,0.99996877
1,1,0.99996257
1,1,0.9999701
1,1,0.999972
1,1,0.99997234
1,1,0.99996805
1,1,0.9999722
1,1,0.99997246
1,1,0.9999722
1,1,0.9999726
1,1,0.9999671
1,1,0.99997354
1,1,0.9999713
1,1,0.99996936
1,1,0.9999678
1,1,0.99997115
1,1,0.99996984
1,1,0.9999691
1,1,0.999967
1,1,0.9999726
1,1,0.9999728
1,1,0.99997187
1,1,0.99979335
1,1,0.9999727
1,1,0.9999727
1,1,0.9999701
1,1,0.99996436
1,1,0.99996865
1,1,0.99995995
1,1,0.9993349
1,1,0.9999716
1,1,0.99997187
1,1,0.99996877
1,1,0.99997354
1,1,0.9999645
1,1,0.99997056
1,1,0.99995065
1,1,0.99996936
1,1,0.9999728
1,1,0.9999666
1,1,0.9999739
1,1,0.9999678
1,1,0.9999702
1,1,0.99995196
1,1,0.99996316
1,1,0.99997246
1,1,0.999974
1,1,0.99997294
1,1,0.99997425
1,1,0.9999473
1,1,0.99997246
1,1,0.9999739
1,1,0.9999734
1,1,0.9999627
1,1,0.99996805
1,1,0.99997175
1,1,0.99996614
1,1,0.9999728
1,1,0.9999734
1,1,0.9999732
1,1,0.99997294
1,1,0.99997234
1,1,0.9999696
1,1,0.99997306
1,1,0.99996006
1,1,0.99997103
1,1,0.99997234
1,1,0.9999689
1,1,0.99997246
1,1,0.9999664
1,1,0.99997246
1,1,0.99997246
1,1,0.99996996
1,1,0.9999691
1,1,0.99997234
1,1,0.9999658
1,1,0.99997044
1,1,0.99997234
1,1,0.99996376
1,1,0.9999695
1,1,0.99997365
1,1,0.9999707
1,1,0.9999727
1,1,0.9999678
1,1,0.9999733
1,1,0.99997187
1,1,0.99997354
1,1,0.99997246
1,1,0.9999739
1,1,0.9999702
1,1,0.9999608
1,1,0.99994314
1,1,0.9999733
1,1,0.99996877
1,1,0.99996006
1,1,0.99997306
1,1,0.9999727
1,1,0.9999659
1,1,0.9999703
1,1,0.9999697
1,1,0.9999659
1,1,0.9999721
1,1,0.99997246
1,1,0.99997175
1,1,0.99996626
1,1,0.9999722
1,1,0.99997234
1,1,0.9999635
1,1,0.9999708
1,1,0.99997294
1,1,0.99993694
1,1,0.99996674
1,1,0.9998696
1,1,0.99986255
1,1,0.9999715
1,1,0.99997175
1,1,0.9999621
1,1,0.99989533
1,1,0.9994764
1,1,0.9999701
1,1,0.99997234
1,1,0.99996364
1,1,0.9999727
1,1,0.99995184
1,1,0.99997306
1,1,0.99529123
1,1,0.9999635
1,1,0.99997187
1,1,0.9999691
1,1,0.9999733
1,1,0.99996483
1,1,0.99996936
1,1,0.99997354
1,1,0.9999697
1,1,0.9999702
1,1,0.9999684
1,1,0.99997187
1,1,0.9999682
1,1,0.9995239
1,1,0.9984817
1,1,0.9999552
1,1,0.99997234
1,1,0.9999701
1,1,0.99997103
1,1,0.99997354
1,1,0.99997354
1,1,0.99997365
1,1,0.9999732
1,1,0.9999713
1,1,0.9999734
1,1,0.999969
1,1,0.99997354
1,1,0.9999635
1,1,0.9999726
1,1,0.9999721
1,1,0.99993753
1,1,0.9999713
1,1,0.99997294
1,1,0.99996805
1,1,0.9999726
1,1,0.9999715
1,1,0.99996865
1,1,0.9999727
1,1,0.9999734
1,1,0.9999635
1,1,0.9999703
1,1,0.99997425
1,1,0.9999709
1,1,0.99997246
1,1,0.9999733
1,1,0.99994314
1,1,0.99995387
1,1,0.9999707
1,1,0.9998679
1,1,0.9999697
1,1,0.9999696
1,1,0.9999703
1,1,0.9999702
1,1,0.99997294
1,1,0.9999703
1,1,0.9999677
1,1,0.99991906
1,1,0.99997175
1,1,0.9999713
1,1,0.9999536
1,1,0.9999732
1,1,0.9999714
1,1,0.9999715
1,1,0.99997056
1,1,0.9999325
1,1,0.99997354
1,1,0.9999714
1,1,0.9999689
1,1,0.99997187
1,1,0.999972
1,1,0.99997294
1,1,0.99995184
1,1,0.99996424
1,1,0.99996865
1,1,0.9999739
1,1,0.9999732
1,1,0.999972
1,1,0.99996305
1,1,0.99997365
1,1,0.99997413
1,1,0.9999577
1,1,0.9999707
1,1,0.9999676
1,1,0.99987066
1,1,0.9999734
1,1,0.9999703
1,1,0.999974
1,1,0.99996984
1,1,0.999962
1,1,0.9999722
1,1,0.9999697
1,1,0.9999715
1,1,0.9999286
1,1,0.99997103
1,1,0.99993885
1,1,0.99997115
1,1,0.9999715
1,1,0.9999691
1,1,0.9999734
1,1,0.9999738
1,1,0.9999738
1,1,0.9999715
1,1,0.9999665
1,1,0.9999677
1,1,0.9999732
1,1,0.9999728
1,1,0.9999671
1,1,0.99995863
1,1,0.9999714
1,1,0.99991894
1,1,0.9999727
1,1,0.9999727
1,1,0.9999732
1,1,0.9999641
1,1,0.9999666
1,1,0.99997246
1,1,0.9999461
1,1,0.99974674
1,1,0.9999478
1,1,0.99997354
1,1,0.9999708
1,1,0.99997056
1,1,0.9999739
1,1,0.99996245
1,1,0.9999727
1,1,0.99997234
1,1,0.9999676
1,1,0.9996068
1,1,0.99997425
1,1,0.99996805
1,1,0.9999738
1,1,0.99997365
1,1,0.9999616
1,1,0.9999709
1,1,0.9999702
1,1,0.99997354
1,1,0.9999707
1,1,0.9999684
1,1,0.99996936
1,1,0.9983816
1,1,0.9999727
1,1,0.99997234
1,1,0.99997294
1,1,0.99991274
1,1,0.9999702
1,1,0.99996626
1,1,0.9999232
1,1,0.9999722
1,1,0.9999709
1,1,0.9999658
1,1,0.9999682
1,1,0.99997425
1,1,0.99997365
1,1,0.9999689
1,1,0.9999697
1,1,0.9999714
1,1,0.99996936
1,1,0.999974
1,1,0.9999739
1,1,0.99997056
1,1,0.99993694
1,1,0.9999685
1,1,0.9999722
1,1,0.9999684
1,1,0.99997246
1,1,0.9999664
1,1,0.9999732
1,1,0.9999614
1,1,0.999974
1,1,0.9999647
1,1,0.9999727
1,1,0.9999703
1,1,0.9999738
1,1,0.9999685
1,1,0.999974
1,1,0.9999678
1,1,0.99995816
1,1,0.9999728
1,1,0.9999732
1,1,0.9999721
1,1,0.9999726
1,1,0.9991818
1,1,0.999159
1,1,0.99997246
1,1,0.9999702
1,1,0.99996996
1,1,0.9999155
1,1,0.9999733
1,1,0.99996674
1,1,0.9999665
1,1,0.99997175
1,1,0.99996984
1,1,0.9999691
1,1,0.99997437
1,1,0.99997354
1,1,0.99995196
1,1,0.9999286
1,1,0.99996924
1,1,0.9999701
1,1,0.9999714
1,1,0.9999733
1,1,0.999966
1,1,0.9999713
1,1,0.99997294
1,1,0.99997187
1,1,0.9999732
1,1,0.99996877
1,1,0.9999709
1,1,0.9999727
1,1,0.9999689
1,1,0.9999726
1,1,0.99997294
1,1,0.9999728
1,1,0.9999641
1,1,0.99997234
1,1,0.9999672
1,1,0.9999734
1,1,0.9999696
1,1,0.9999677
1,1,0.9999684
1,1,0.99997115
1,1,0.9999292
1,1,0.99996495
1,1,0.99997294
1,1,0.99997175
1,1,0.9999709
1,1,0.9999738
1,1,0.99996257
1,1,0.9999715
1,1,0.9999728
1,1,0.99996793
1,1,0.99997413
1,1,0.9999734
1,1,0.99997365
1,1,0.9999732
1,1,0.9998167
1,1,0.9999715
1,1,0.99931884
1,1,0.99996984
1,1,0.99997246
1,1,0.99996924
1,1,0.99996257
1,1,0.99996066
1,1,0.9999684
1,1,0.999972
1,1,0.999956
1,1,0.9999722
1,1,0.9999709
1,1,0.9999716
1,1,0.9999654
1,1,0.99996746
1,1,0.999964
1,1,0.9997607
1,1,0.99997354
1,1,0.9999709
1,1,0.9999739
1,1,0.99996924
1,1,0.9999715
1,1,0.9999634
1,1,0.99997175
1,1,0.9999697
1,1,0.99997103
1,1,0.9999695
1,1,0.9990926
1,1,0.999972
1,1,0.9999714
1,1,0.9999497
1,1,0.99994016
1,1,0.99997234
1,1,0.99997306
1,1,0.99982893
1,1,0.9999728
1,1,0.9999714
1,1,0.99997365
1,1,0.99996984
1,1,0.9999707
1,1,0.99997413
1,1,0.9999689
1,1,0.99997306
1,1,0.9999714
1,1,0.99997044
1,1,0.99996877
1,1,0.9999733
1,1,0.9999714
1,1,0.99997294
1,1,0.99996686
1,1,0.999959
1,1,0.9999734
1,1,0.99996495
1,1,0.99996066
1,1,0.99997246
1,1,0.9999509
1,1,0.99996626
1,1,0.9999685
1,1,0.9999659
1,1,0.9999697
1,1,0.999964
1,1,0.9999703
1,1,0.9999715
1,1,0.99997044
1,1,0.99997044
1,1,0.9999722
1,1,0.9999721
1,1,0.99996316
1,1,0.9999738
1,1,0.9999727
1,1,0.99996424
1,1,0.99996114
1,1,0.99995875
1,1,0.9999689
1,1,0.99894005
1,1,0.99996877
1,1,0.9999734
1,1,0.99997187
1,1,0.99996734
1,1,0.9989097
1,1,0.99996734
1,1,0.99993837
1,1,0.99997115
1,1,0.9999404
1,1,0.99992704
1,1,0.999967
1,1,0.99997354
1,1,0.9999734
1,1,0.9999701
1,1,0.99997413
1,1,0.99997175
1,1,0.9999604
1,1,0.9999738
1,1,0.999967
1,1,0.9999733
1,1,0.9999727
1,1,0.9998765
1,1,0.999972
1,1,0.99954456
1,1,0.99997365
1,1,0.9999727
1,1,0.9999732
1,1,0.99982554
1,1,0.9999684
1,1,0.99997354
1,1,0.99997246
1,1,0.99997246
1,1,0.9999715
1,1,0.9999739
1,1,0.99996936
1,1,0.9999738
1,1,0.99996996
1,1,0.9999733
1,1,0.9999715
1,1,0.99997234
1,1,0.99997044
1,1,0.99997294
1,1,0.999956
1,1,0.9999727
1,1,0.9999716
1,1,0.9999713
1,1,0.9999645
1,1,0.99997306
1,1,0.99996305
1,1,0.9999654
1,1,0.9999695
1,1,0.9999708
1,1,0.99996626
1,1,0.99997306
1,1,0.99997044
1,1,0.9999709
1,1,0.999967
1,1,0.9983677
1,1,0.99997294
1,1,0.999603
1,1,0.9999714
1,1,0.9999647
1,1,0.99995947
1,1,0.9999716
1,1,0.9999726
1,1,0.9999716
1,1,0.9999738
1,1,0.9999733
1,1,0.9999149
1,1,0.9999716
1,1,0.99997234
1,1,0.9999702
1,1,0.99996614
1,1,0.99997234
1,1,0.9999726
1,1,0.9999726
1,1,0.9999702
1,1,0.99997175
1,1,0.99996936
1,1,0.99995685
1,1,0.9999479
1,1,0.99997044
1,1,0.9999541
1,1,0.9999708
1,1,0.99996865
1,1,0.9999695
1,1,0.99994826
1,1,0.9999566
1,1,0.9999708
1,1,0.9999578
1,1,0.9999713
1,1,0.9999486
1,1,0.9997111
1,1,0.9999672
1,1,0.99997306
1,1,0.9999709
1,1,0.99995065
1,1,0.99996996
1,1,0.9999528
1,1,0.99995506
1,1,0.9999515
1,1,0.9999658
1,1,0.99996233
1,1,0.9999726
1,1,0.999966
1,1,0.99997234
1,1,0.9999596
1,1,0.99997294
1,1,0.99997175
1,1,0.9999733
1,1,0.9999728
1,1,0.99995637
1,1,0.9999672
1,1,0.9999658
1,1,0.99997115
1,1,0.9999728
1,1,0.99997306
1,1,0.9999726
1,1,0.9999609
1,1,0.9999378
1,1,0.9999397
1,1,0.9999671
1,1,0.99997365
1,1,0.99996793
1,1,0.99997306
1,1,0.99997306
1,1,0.9999727
1,1,0.99996364
1,1,0.99997044
1,1,0.99997246
1,1,0.99997115
1,1,0.99997234
1,1,0.9999685
1,1,0.99997187
1,1,0.9999715
1,1,0.9999713
1,1,0.99996066
1,1,0.9999701
1,1,0.9999739
1,1,0.999972
1,1,0.9999716
1,1,0.9975737
1,1,0.9999716
1,1,0.9999691
1,1,0.9999739
1,1,0.999972
1,1,0.9999701
1,1,0.99997187
1,1,0.999967
1,1,0.99997246
1,1,0.9999597
1,1,0.9999708
1,1,0.9999713
1,1,0.99996924
1,1,0.99997103
1,1,0.9999738
1,1,0.9999548
1,1,0.9999713
1,1,0.9999689
1,1,0.9999362
1,1,0.99996257
1,1,0.99997306
1,1,0.99972004
1,1,0.9952911
1,1,0.9999727
1,1,0.999972
1,1,0.9999697
1,1,0.99997306
1,1,0.9999627
1,1,0.9999653
1,1,0.9999722
1,1,0.9999118
1,1,0.9999547
1,1,0.9999716
1,1,0.9999677
1,1,0.9999721
1,1,0.9999691
1,1,0.9996704
1,1,0.99997246
1,1,0.9999677
1,1,0.9999714
1,1,0.9999647
1,1,0.99996424
1,1,0.9999696
1,1,0.9999728
1,1,0.99997354
1,1,0.99997234
1,1,0.99997175
1,1,0.9999733
1,1,0.9999702
1,1,0.9999696
1,1,0.9999727
1,1,0.9999716
1,1,0.9999733
1,1,0.99996924
1,1,0.99996567
1,1,0.9999734
1,1,0.9999732
1,1,0.9999726
1,1,0.9999732
1,1,0.9999453
1,1,0.99997103
1,1,0.99996567
1,1,0.97539943
1,1,0.9999347
1,1,0.9999665
1,1,0.99982125
1,1,0.9999726
1,1,0.9999709
1,1,0.9999696
1,1,0.99997365
1,1,0.9999707
1,1,0.9999695
1,1,0.99997175
1,1,0.99997246
1,1,0.9999331
1,1,0.99997425
1,1,0.99997246
1,1,0.99991405
1,1,0.9999738
1,1,0.9999722
1,1,0.9999714
1,1,0.99997175
1,1,0.999966
1,1,0.99997365
1,1,0.9999689
1,1,0.9999703
1,1,0.99997365
1,1,0.99997056
1,1,0.99812526
1,1,0.99995947
1,1,0.9999492
1,1,0.99997103
1,1,0.999974
1,1,0.99997175
1,1,0.9998661
1,1,0.9999651
1,1,0.9999721
1,1,0.99997234
1,1,0.9999721
1,1,0.9999722
1,1,0.99996984
1,1,0.90804553
1,1,0.99994767
1,1,0.9999732
1,1,0.99996674
1,1,0.9999734
1,1,0.9998109
1,1,0.9999629
1,1,0.99997175
1,1,0.9999716
1,1,0.99997187
1,1,0.99997175
1,1,0.9999733
1,1,0.99997354
1,1,0.99991417
1,1,0.9999715
1,1,0.9999471
1,1,0.99994385
1,1,0.99996793
1,1,0.99997234
1,1,0.9999689
1,1,0.9999682
1,1,0.9999665
1,1,0.99997294
1,1,0.9999733
1,1,0.99996805
1,1,0.9999732
1,1,0.99997044
1,1,0.9999678
1,1,0.9998591
1,1,0.99997246
1,1,0.99997175
1,1,0.9999739
1,1,0.99997234
1,1,0.9999707
1,1,0.9999634
1,1,0.9999707
1,1,0.99997044
1,1,0.99996793
1,1,0.99996567
1,1,0.9999653
1,1,0.9999262
1,1,0.9999702
1,1,0.99996436
1,1,0.99997234
1,1,0.99996066
1,1,0.9999702
1,1,0.99996877
1,1,0.99995744
1,1,0.99996316
1,1,0.9999181
1,1,0.99997234
1,1,0.9999732
1,1,0.9999734
1,1,0.9999732
1,1,0.99997485
1,1,0.99996936
1,1,0.99288565
1,1,0.9999659
1,1,0.9999553
1,1,0.9999732
1,1,0.999941
1,1,0.99997187
1,1,0.9999726
1,1,0.99997234
1,1,0.9999635
1,1,0.9999695
1,1,0.999969
1,1,0.99997306
1,1,0.9999732
1,1,0.99996996
1,1,0.9999734
1,1,0.99997115
1,1,0.9999734
1,1,0.99997187
1,1,0.9999249
1,1,0.9999701
1,1,0.99954516
1,1,0.9999709
1,1,0.99997234
1,1,0.9999722
1,1,0.9999728
1,1,0.99997365
1,1,0.99928457
1,1,0.9999646
1,1,0.9999558
1,1,0.9999666
1,1,0.9999732
1,1,0.99997354
1,0,0.38962087
1,1,0.9999722
1,1,0.9999739
1,1,0.9999653
1,1,0.99997187
1,1,0.9999727
1,1,0.9999691
1,1,0.9999542
1,1,0.9999713
1,1,0.9999722
1,1,0.99996316
1,1,0.9999713
1,1,0.9999697
1,1,0.99997354
1,1,0.9999685
1,1,0.99997294
1,1,0.99996626
1,1,0.9999336
1,1,0.9999715
1,1,0.99994147
1,1,0.9999727
1,1,0.9999597
1,1,0.99752396
1,1,0.9999728
1,1,0.9999645
1,1,0.99996686
1,1,0.9999727
1,1,0.9958384
1,1,0.99990463
1,1,0.99997354
1,1,0.9999672
1,1,0.9999702
1,1,0.9999708
1,1,0.9999572
1,1,0.9999738
1,1,0.99996746
1,1,0.99996936
1,1,0.9847691
1,1,0.9999678
1,1,0.999974
1,1,0.9999161
1,1,0.9999379
1,1,0.9999672
1,1,0.99997365
1,1,0.99997437
1,1,0.9999709
1,1,0.99997246
1,1,0.9999703
1,1,0.9999646
1,1,0.9999671
1,1,0.99996614
1,1,0.9999682
1,1,0.999954
1,1,0.99997044
1,1,0.9999062
1,1,0.9999728
1,1,0.99976164
1,1,0.99996936
1,1,0.9997254
1,1,0.9999646
1,1,0.9999579
1,1,0.9999598
1,1,0.9999627
1,1,0.9999739
1,1,0.9999733
1,1,0.9999722
1,1,0.99996936
1,1,0.99997306
1,1,0.9998337
1,1,0.99995685
1,1,0.9999716
1,1,0.9999695
1,1,0.9999658
1,1,0.9999467
1,1,0.99995697
1,1,0.9999639
1,1,0.99996877
1,1,0.99997294
1,1,0.9999739
1,1,0.99996424
1,1,0.9999728
1,1,0.9999478
1,1,0.999938
1,1,0.99995816
1,1,0.999959
1,1,0.99997044
1,1,0.9999734
1,1,0.99996567
1,1,0.9999716
1,1,0.9999727
1,1,0.9999628
1,1,0.9999633
1,1,0.999969
1,1,0.9999703
1,1,0.9998211
1,1,0.9999726
1,1,0.99996233
1,1,0.99996114
1,1,0.9999654
1,1,0.9999708
1,1,0.9999653
1,1,0.9968786
1,1,0.999972
1,1,0.9999567
1,1,0.99995995
1,1,0.9999386
1,1,0.99996746
1,1,0.98986113
1,1,0.99996865
1,1,0.9999684
1,1,0.9998325
1,1,0.9993057
1,1,0.999969
1,1,0.9999627
1,1,0.9993179
1,1,0.9999727
1,1,0.99997246
1,1,0.9999721
1,1,0.9999689
1,1,0.9999676
1,1,0.99997187
1,1,0.99996555
1,1,0.99996924
1,1,0.99945813
1,1,0.9999716
1,1,0.99997354
1,1,0.99996746
1,1,0.99996936
1,1,0.99988174
1,1,0.99997234
1,1,0.9999727
1,1,0.99996555
1,1,0.9999707
1,1,0.9999714
1,1,0.9999697
1,1,0.99629945
1,1,0.99930954
1,1,0.99997187
1,1,0.8628391
1,1,0.9999738
1,1,0.9997973
1,1,0.999972
1,1,0.9999715
1,1,0.9999716
1,1,0.99995434
1,1,0.99985516
1,1,0.99994326
1,1,0.99996066
1,1,0.9999454
1,1,0.99996805
1,1,0.9999505
1,1,0.9999621
1,1,0.9999727
1,1,0.99990034
1,1,0.999969
1,1,0.999969
1,1,0.99981004
1,1,0.9999678
1,1,0.99997056
1,1,0.99997044
1,1,0.99993885
1,1,0.9991516
1,1,0.9999672
1,1,0.994389
1,1,0.9999697
1,1,0.9999639
1,1,0.9999738
1,1,0.9999716
1,1,0.9999714
1,1,0.9999708
1,1,0.9992416
1,1,0.99994445
1,1,0.9997569
1,1,0.999972
1,1,0.9999713
1,1,0.9999733
1,1,0.9999659
1,1,0.99996734
1,1,0.9999732
1,1,0.99996495
1,1,0.99997354
1,1,0.99996614
1,1,0.99997306
1,1,0.99997365
1,1,0.99997425
1,1,0.9999684
1,1,0.9992895
1,1,0.9999659
1,1,0.99996316
1,1,0.9999696
1,1,0.99997354
1,1,0.9999722
1,1,0.9999305
1,1,0.99996614
1,1,0.9999517
1,1,0.9999149
1,1,0.9999733
1,0,0.06827613
1,1,0.9944741
1,1,0.9999459
1,1,0.99996114
1,1,0.99995995
1,1,0.9999714
1,1,0.9999703
1,1,0.99909294
1,1,0.9999721
1,1,0.9999691
1,1,0.9999417
1,1,0.9999653
1,1,0.9999684
1,1,0.9999689
1,1,0.9999696
1,1,0.9999739
1,1,0.98237944
1,1,0.9999739
1,1,0.93301034
1,1,0.9999733
1,1,0.99997187
1,1,0.99996674
1,1,0.99996877
1,1,0.99996626
1,1,0.9999732
1,1,0.9999739
1,1,0.99996793
1,1,0.9999696
1,1,0.9999715
1,1,0.9999738
1,1,0.9999645
1,1,0.9999386
1,1,0.9999515
1,1,0.9998259
1,1,0.9999608
1,1,0.99997246
1,1,0.99991775
1,1,0.9999491
1,1,0.9989213
1,1,0.9999713
1,1,0.99991167
1,1,0.69757557
1,1,0.9999726
1,1,0.99991107
1,1,0.9999645
1,1,0.99996924
1,1,0.99997115
1,1,0.99997365
1,1,0.9999583
1,1,0.99997306
1,1,0.9999701
1,1,0.9999727
1,1,0.9999722
1,1,0.9999734
1,1,0.9999696
1,1,0.99997103
1,1,0.99996316
1,1,0.9999324
1,1,0.9999654
1,1,0.9999641
1,1,0.99997354
1,1,0.9999739
1,1,0.9952336
1,1,0.9992268
1,1,0.99997306
1,1,0.9999726
1,1,0.9999683
1,1,0.9999336
1,1,0.9999678
1,1,0.9999728
1,1,0.999972
1,1,0.99992263
1,1,0.9999677
1,1,0.99996626
1,1,0.99996126
1,1,0.99995804
1,1,0.9998945
1,1,0.99997425
1,1,0.9999691
1,1,0.9999604
1,1,0.99995697
1,1,0.9999598
1,1,0.9999738
1,1,0.9997429
1,1,0.9999722
1,1,0.99996984
1,1,0.9999732
1,1,0.99993837
1,1,0.999972
1,1,0.99994385
1,1,0.99995804
1,1,0.99997294
1,1,0.9999676
1,1,0.9999727
1,1,0.99995637
1,1,0.99996734
1,1,0.9792427
1,1,0.9999713
1,1,0.99997246
1,1,0.999907
1,1,0.9999733
1,1,0.9999329
1,1,0.99997175
1,1,0.9999522
1,1,0.99996746
1,1,0.9999715
1,1,0.99997234
1,1,0.99995327
1,1,0.9999511
1,1,0.9999629
1,1,0.99997246
1,1,0.9999715
1,1,0.9999496
1,1,0.99996746
1,1,0.99997187
1,1,0.9999677
1,1,0.99994576
1,1,0.9986467
1,1,0.99996006
1,1,0.99997234
1,1,0.99997294
1,1,0.99997044
1,1,0.9689621
1,1,0.9999577
1,0,0.00019441919
1,1,0.99997306
1,1,0.9999653
1,1,0.75657386
1,1,0.99994135
1,1,0.9999037
1,1,0.99997103
1,1,0.99995565
1,1,0.99996793
1,1,0.99997306
1,1,0.9999721
1,1,0.9999703
1,1,0.99996924
1,1,0.99996936
1,1,0.9999732
1,1,0.99993443
1,1,0.99996173
1,1,0.9999739
1,1,0.9999677
1,1,0.99997175
1,1,0.99996555
1,1,0.99387866
1,1,0.99996066
1,1,0.9999535
1,1,0.99997175
1,1,0.99829787
1,1,0.9999691
1,1,0.999959
1,1,0.9999701
1,1,0.9999558
1,1,0.99996495
1,1,0.99997294
1,1,0.9999696
1,1,0.999967
1,1,0.999962
1,1,0.99996865
1,1,0.9999728
1,1,0.9999689
1,1,0.9999589
1,1,0.9991667
1,1,0.99997175
1,1,0.99990654
1,1,0.99997044
1,1,0.9991273
1,1,0.99997234
1,1,0.99994695
1,1,0.9999684
1,1,0.9999702
1,1,0.99996865
1,1,0.9999646
1,1,0.9999722
1,1,0.9999671
1,1,0.99997365
1,1,0.9999695
1,1,0.999969
1,1,0.99996316
1,1,0.99992716
1,1,0.9999683
1,1,0.9999695
1,1,0.9999701
1,1,0.99997294
1,1,0.9998258
1,1,0.9999666
1,1,0.99995303
1,1,0.99997306
1,0,0.22554089
1,1,0.54122925
1,1,0.99996996
1,1,0.9999726
1,1,0.99994326
1,1,0.9999727
1,1,0.999959
1,1,0.9999727
1,1,0.9999734
1,1,0.9999654
1,1,0.9983864
1,1,0.99991465
1,1,0.99996746
1,1,0.9999727
1,1,0.9988263
1,1,0.9999044
1,1,0.9999529
1,1,0.9994855
1,1,0.99984694
1,1,0.9999652
1,1,0.9999502
1,1,0.9999721
1,1,0.99997306
1,1,0.9999732
1,1,0.56548935
1,1,0.9999608
1,1,0.9999355
1,1,0.99995196
1,1,0.99985075
1,1,0.99997103
1,1,0.99996316
1,1,0.99992025
1,1,0.9999738
1,1,0.9999726
1,1,0.99996924
1,1,0.99996734
1,1,0.9999633
1,1,0.9999726
1,1,0.9999722
1,1,0.9999677
1,1,0.9999672
1,1,0.99996686
1,1,0.9999552
1,1,0.9999727
1,1,0.9999707
1,1,0.9999728
1,1,0.9999697
1,1,0.9999732
1,1,0.99997044
1,1,0.99991155
1,1,0.9999697
1,1,0.99997234
1,1,0.9999515
1,1,0.9999639
1,1,0.999424
1,1,0.9956234
1,1,0.9999554
1,1,0.99997306
1,1,0.99996185
1,1,0.9999665
1,1,0.9999738
1,1,0.999954
1,1,0.9999728
1,1,0.99997115
1,1,0.9999652
1,1,0.99997115
1,1,0.9999634
1,1,0.99997103
1,1,0.99851876
1,1,0.9999479
1,1,0.9999728
1,1,0.99997234
1,1,0.9999722
1,1,0.99996996
1,1,0.99997044
1,1,0.9999633
1,1,0.99996674
1,1,0.99997175
1,1,0.9999727
1,1,0.99996936
1,1,0.9999498
1,1,0.999967
1,1,0.9999136
1,1,0.9999716
1,1,0.99996006
1,1,0.9999676
1,1,0.99995005
1,1,0.9998565
1,1,0.9999709
1,1,0.9999267
1,1,0.99996686
1,1,0.99989057
1,1,0.99996006
1,1,0.9992441
1,1,0.99997175
1,1,0.9999722
1,1,0.99996674
1,1,0.99988496
1,1,0.9999721
1,1,0.9999647
1,1,0.99751663
1,1,0.9999734
1,1,0.9998673
1,1,0.99997115
1,1,0.99989164
1,1,0.9999728
1,1,0.9999703
1,1,0.99996865
1,1,0.99996495
1,1,0.9999733
1,1,0.99993455
1,1,0.99997365
1,1,0.9960341
1,1,0.9999722
1,1,0.9999726
1,1,0.9999428
1,1,0.99983513
1,1,0.99997187
1,1,0.99996245
1,1,0.99997306
1,1,0.99997246
1,1,0.99997175
1,1,0.9900753
1,1,0.9999728
1,1,0.9999676
1,1,0.9999733
1,1,0.9999708
1,1,0.9999728
1,1,0.99997365
1,1,0.9994362
1,1,0.99993217
1,1,0.99997187
1,1,0.99997187
1,1,0.9999726
1,1,0.9999733
1,1,0.99996006
1,1,0.99996805
1,1,0.99996495
1,1,0.9999708
1,1,0.9999691
1,1,0.99997354
1,1,0.9999745
1,1,0.97206277
1,1,0.99997056
1,1,0.9999726
1,1,0.9999442
1,1,0.9999722
1,1,0.9999707
1,1,0.9999728
1,1,0.9999552
1,1,0.9995472
1,1,0.99997234
1,1,0.9999695
1,1,0.9999722
1,1,0.99996006
1,1,0.9999728
1,1,0.99996996
1,1,0.9999732
1,1,0.9999676
1,1,0.9999647
1,1,0.9999633
1,1,0.9999732
1,1,0.9999732
1,1,0.99996567
1,1,0.9999677
1,1,0.9999596
1,1,0.97162646
1,1,0.99996006
1,1,0.9999703
1,1,0.99996483
1,1,0.99996495
1,1,0.99996936
1,1,0.9999734
1,1,0.9999727
1,1,0.99994934
1,1,0.99551696
1,1,0.9885684
1,1,0.999974
1,1,0.99991417
1,1,0.99996924
1,1,0.9999629
1,1,0.9999701
1,1,0.9999716
1,1,0.99995947
1,1,0.9999696
1,1,0.999972
1,1,0.9999727
1,1,0.9999691
1,1,0.9999733
1,1,0.9999683
1,1,0.999972
1,1,0.9999602
1,1,0.9999645
1,1,0.999972
1,1,0.9999708
1,0,0.44664404
1,1,0.99995935
1,1,0.99997294
1,1,0.9930702
1,1,0.9997491
1,1,0.999972
1,1,0.9999093
1,1,0.9949207
1,1,0.9999734
1,1,0.99989533
1,1,0.9999677
1,1,0.99996996
1,1,0.99995375
1,1,0.9999647
1,1,0.9999727
1,1,0.99996924
1,1,0.99995244
1,1,0.99996805
1,1,0.999962
1,1,0.999954
1,1,0.9999695
1,1,0.9999651
1,1,0.99993503
1,1,0.99996245
1,1,0.99995553
1,1,0.9999689
1,1,0.999972
1,1,0.9999678
1,1,0.9999709
1,1,0.9999682
1,1,0.98686635
1,1,0.9999536
1,1,0.9999707
1,1,0.99996555
1,1,0.9999604
1,1,0.9999683
1,1,0.99997413
1,1,0.99996436
1,1,0.99997246
1,1,0.9999721
1,1,0.9998839
1,1,0.99996424
1,1,0.99992573
1,1,0.9999697
1,1,0.99996936
1,1,0.99996674
1,1,0.9999664
1,1,0.99997246
1,1,0.99997413
1,1,0.9999677
1,1,0.9999726
1,1,0.9999678
1,1,0.9999685
1,1,0.99997044
1,1,0.99996865
1,1,0.9999721
1,1,0.9990029
1,1,0.9999559
1,1,0.99997175
1,1,0.9999722
1,1,0.9999703
1,1,0.99984086
1,1,0.99997187
1,1,0.99997306
1,1,0.99996495
1,1,0.9999683
1,1,0.99997365
1,1,0.9999715
1,1,0.99997115
1,1,0.9999732
1,1,0.9999689
1,1,0.99997234
1,1,0.9999726
1,1,0.99997294
1,1,0.9999714
1,1,0.9999616
1,1,0.9998536
1,1,0.9999696
1,1,0.9999597
1,1,0.99996626
1,1,0.9999733
1,1,0.99994373
1,1,0.9999645
1,1,0.9999602
1,1,0.99997103
1,1,0.99995804
1,1,0.9999591
1,1,0.99997365
1,1,0.9866768
1,1,0.9686253
1,1,0.99996245
1,1,0.9999701
1,1,0.99996996
1,1,0.99992585
1,1,0.99996185
1,1,0.99996483
1,1,0.9802798
1,1,0.99996996
1,1,0.9999591
1,1,0.999966
1,1,0.99997294
1,1,0.9999714
1,1,0.9998522
1,1,0.9999726
1,1,0.9995017
1,1,0.9999721
1,1,0.9998017
1,1,0.9999552
1,1,0.9999714
1,1,0.9999716
1,1,0.9999739
1,1,0.99996114
1,1,0.9999274
1,1,0.99990165
1,1,0.99973387
1,1,0.99996877
1,1,0.99996614
1,1,0.99995494
1,1,0.99996793
1,1,0.99996114
1,1,0.99995506
1,1,0.99500704
1,1,0.9999689
1,1,0.99984443
1,1,0.9996854
1,1,0.9999466
1,1,0.9999707
1,1,0.99988043
1,1,0.9999708
1,1,0.9999714
1,1,0.9999696
1,1,0.9999639
1,1,0.9999697
1,1,0.99997115
1,1,0.9999707
1,1,0.9999664
1,1,0.99997294
1,1,0.9999647
1,1,0.99996626
1,1,0.9999726
1,1,0.99997246
1,1,0.99996305
1,1,0.99997294
1,1,0.9999645
1,1,0.99997234
1,1,0.99997246
1,1,0.99997354
1,1,0.98763335
1,1,0.9999665
1,1,0.99994075
1,1,0.9999732
1,1,0.99992955
1,1,0.9999552
1,1,0.9999021
1,1,0.99997234
1,1,0.99995005
1,1,0.99997103
1,1,0.99997056
1,1,0.9999695
1,1,0.99996316
1,1,0.999954
1,1,0.9996786
1,1,0.9942228
1,1,0.99945563
1,1,0.9999732
1,1,0.99963903
1,1,0.78041786
1,1,0.7803224
1,1,0.9999722
1,1,0.999967
1,1,0.9999732
1,1,0.99997056
1,1,0.99996865
1,1,0.9999726
1,1,0.9999676
1,1,0.9999453
1,1,0.9999728
1,1,0.9999721
1,1,0.99997056
1,1,0.99996865
1,1,0.99997234
1,1,0.9999716
1,1,0.99997234
1,1,0.99996006
1,1,0.99996614
1,1,0.999938
1,1,0.9999727
1,1,0.9999727
1,1,0.999972
1,1,0.9999716
1,1,0.99996126
1,1,0.9999713
1,1,0.9999708
1,1,0.99996984
1,1,0.9999652
1,1,0.9999422
1,1,0.99996567
1,1,0.9999702
1,1,0.9999577
1,1,0.99997234
1,1,0.99996924
1,1,0.9999708
1,1,0.9999697
1,1,0.9999721
1,1,0.9999691
1,1,0.9999732
1,1,0.9999695
1,1,0.99997175
1,1,0.99997175
1,1,0.99996924
1,1,0.99996114
1,1,0.9999734
1,1,0.9999701
1,1,0.9999571
1,1,0.9999738
1,1,0.999949
1,1,0.9999727
1,1,0.99995625
1,1,0.9997569
1,1,0.99997294
1,1,0.9999585
1,1,0.9999734
1,1,0.99995637
1,1,0.99996245
1,1,0.9999664
1,1,0.99997354
1,1,0.99997115
1,1,0.99997294
1,1,0.99997187
1,1,0.9999722
1,1,0.97977257
1,1,0.9999732
1,1,0.9999665
1,1,0.999956
1,1,0.99997306
1,1,0.9999646
1,1,0.9998512
1,1,0.9999666
1,1,0.99997365
1,1,0.9994692
1,1,0.99994075
1,1,0.99996936
1,1,0.9999535
1,1,0.99997115
1,1,0.9999256
1,1,0.9999714
1,1,0.99996376
1,1,0.9999504
1,1,0.9999727
1,1,0.9999602
1,1,0.99996555
1,1,0.99997175
1,1,0.9999672
1,1,0.9999689
1,1,0.9999696
1,1,0.9999726
1,1,0.99625224
1,1,0.99997354
1,1,0.99985874
1,1,0.9999727
1,1,0.9999716
1,1,0.999967
1,1,0.9999603
1,1,0.99997234
1,1,0.9999641
1,1,0.9999726
1,1,0.999966
1,1,0.99992
1,1,0.9999697
1,1,0.9999713
1,1,0.9999684
1,1,0.99996424
1,1,0.999959
1,1,0.99996054
1,1,0.99997234
1,1,0.99996865
1,1,0.99997175
1,1,0.9999739
1,1,0.99997056
1,1,0.9999049
1,1,0.99996316
1,1,0.99996865
1,1,0.9999467
1,1,0.953085
1,1,0.9999516
1,1,0.9999715
1,1,0.9999088
1,1,0.99997246
1,1,0.999972
1,1,0.999966
1,1,0.999966
1,1,0.99990714
1,1,0.99995387
1,1,0.9999689
1,1,0.999959
1,1,0.9999726
1,1,0.9999467
1,1,0.99988234
1,1,0.9999721
1,1,0.9999713
1,1,0.9999726
1,1,0.9999726
1,1,0.9999571
1,1,0.999962
1,1,0.9999615
1,1,0.999964
1,1,0.99993014
1,1,0.9999708
1,1,0.99470747
1,1,0.9999696
1,1,0.9999713
1,1,0.99996877
1,1,0.99996734
1,1,0.9999695
1,1,0.9999715
1,1,0.99800676
1,1,0.9999542
1,1,0.99996924
1,1,0.9999671
1,1,0.9998739
1,1,0.999972
1,1,0.9995297
1,1,0.9999709
1,1,0.9999738
1,1,0.9999726
1,1,0.9999702
1,1,0.99996924
1,1,0.99996996
1,1,0.9999722
1,1,0.9999286
1,1,0.99996364
1,1,0.99997187
1,1,0.9999709
1,1,0.9999732
1,1,0.9999734
1,1,0.9999728
1,1,0.9998503
1,1,0.9999732
1,1,0.9999651
1,1,0.99996793
1,1,0.9998592
1,1,0.9999727
1,1,0.9999715
1,1,0.999969
1,1,0.9999614
1,1,0.9999708
1,1,0.9999713
1,1,0.9999676
1,1,0.9999653
1,1,0.9990134
1,1,0.9999677
1,1,0.99996984
1,1,0.99995947
1,1,0.9999709
1,1,0.9999722
1,1,0.9999734
1,1,0.9999696
1,1,0.9999701
1,1,0.9968054
1,1,0.99996996
1,1,0.99962366
1,1,0.9999713
1,1,0.9999732
1,1,0.99996936
1,1,0.9999695
1,1,0.9999484
1,1,0.9999522
1,1,0.999967
1,1,0.9999732
1,1,0.9999738
1,1,0.99996936
1,1,0.999974
1,1,0.9999709
1,1,0.9188026
1,1,0.99997234
1,1,0.9999597
1,1,0.9999716
1,1,0.99996924
1,1,0.99995065
1,1,0.9999677
1,1,0.9999726
1,1,0.99997056
1,1,0.9999739
1,1,0.999972
1,1,0.9999602
1,1,0.99687356
1,1,0.9999492
1,1,0.999972
1,1,0.9999261
1,1,0.999972
1,1,0.99997056
1,1,0.9997018
1,1,0.9999713
1,1,0.99996567
1,1,0.9999703
1,1,0.9999707
1,1,0.9999709
1,1,0.9999559
1,1,0.9999713
1,1,0.9999665
1,1,0.9999652
1,1,0.99996006
1,1,0.9999685
1,1,0.99996233
1,1,0.9999583
1,1,0.9991487
1,1,0.9999709
1,1,0.9999697
1,1,0.99646866
1,1,0.99997187
1,1,0.99987066
1,1,0.99996805
1,1,0.999933
1,1,0.99995065
1,1,0.9999695
1,1,0.99990356
1,1,0.99996674
1,1,0.99971586
1,1,0.99997115
1,1,0.99995995
1,1,0.999962
1,1,0.99996674
1,1,0.9999716
1,1,0.9999689
1,1,0.99997354
1,1,0.9999429
1,1,0.99997306
1,1,0.9986393
1,1,0.9999654
1,1,0.99997187
1,1,0.9999635
1,1,0.99996257
1,1,0.9999728
1,1,0.99976784
1,1,0.9999727
1,1,0.9999707
1,1,0.9999697
1,1,0.99996436
1,1,0.99995613
1,1,0.9999732
1,1,0.999974
1,1,0.999972
1,1,0.9999721
1,1,0.99996877
1,1,0.9997105
1,1,0.99997115
1,1,0.9999671
1,1,0.99996364
1,1,0.9999732
1,1,0.9999095
1,1,0.9999329
1,1,0.99996686
1,1,0.9999633
1,1,0.99995553
1,1,0.99997115
1,1,0.9999732
1,1,0.99952555
1,1,0.9999553
1,1,0.9999722
1,1,0.99882895
1,1,0.99997103
1,1,0.99996984
1,1,0.99997175
1,1,0.9999567
1,1,0.9999708
1,1,0.99997246
1,1,0.99997246
1,1,0.9999714
1,1,0.99997354
1,1,0.9786945
1,1,0.9982969
1,1,0.9999739
1,1,0.9569588
1,1,0.9999738
1,1,0.9999738
1,1,0.9999664
1,1,0.9999721
1,1,0.99997365
1,1,0.99996877
1,1,0.99997234
1,1,0.9999701
1,1,0.99997115
1,1,0.9999678
1,1,0.9999695
1,1,0.9999728
1,1,0.9998883
1,1,0.9999739
1,1,0.99995565
1,1,0.99994934
1,1,0.9999572
1,1,0.99995494
1,1,0.9999684
1,1,0.99997187
1,1,0.99997187
1,1,0.99992526
1,1,0.99997175
1,1,0.9999205
1,1,0.999969
1,1,0.99995065
1,1,0.9999728
1,1,0.99154717
1,1,0.99996877
1,1,0.99997437
1,1,0.99996734
1,0,0.28504035
1,1,0.99995756
1,1,0.9999596
1,1,0.9999664
1,1,0.99997056
1,1,0.99996924
1,1,0.9999721
1,1,0.9999715
1,1,0.99996436
1,1,0.9999665
1,1,0.9999565
1,1,0.99989974
1,1,0.9999734
1,1,0.99996984
1,1,0.99993336
1,1,0.999972
1,1,0.99997365
1,1,0.57536536
1,1,0.99995744
1,1,0.9638297
1,1,0.9998733
1,1,0.9999702
1,1,0.9999676
1,1,0.9999622
1,1,0.9999467
1,1,0.99996424
1,1,0.9999722
1,1,0.9999639
1,1,0.9999721
1,1,0.9999697
1,1,0.9999393
1,1,0.9999664
1,1,0.99997044
1,0,0.4968273
1,1,0.99996173
1,1,0.9999727
1,1,0.9999709
1,1,0.9999721
1,1,0.9990421
1,1,0.99997294
1,1,0.99995506
1,1,0.99996674
1,1,0.9999701
1,1,0.9999646
1,1,0.99997294
1,1,0.99997354
1,1,0.9999734
1,1,0.9999708
1,1,0.9999727
1,1,0.99997306
1,1,0.99996865
1,1,0.9999628
1,1,0.9999722
1,1,0.99996626
1,1,0.9999713
1,1,0.99949074
1,1,0.9999722
1,1,0.9999676
1,1,0.9999666
1,1,0.9999628
1,1,0.99996924
1,1,0.9999585
1,1,0.99996126
1,1,0.9999665
1,1,0.99887663
1,1,0.99997175
1,1,0.99997175
1,1,0.99996996
1,1,0.9999709
1,1,0.99997365
1,1,0.9999721
1,1,0.9999728
1,1,0.99997413
1,1,0.99997187
1,1,0.9562421
1,1,0.9999535
1,1,0.99997175
1,1,0.99996746
1,1,0.9999695
1,1,0.99996495
1,1,0.99997294
1,1,0.9999553
1,1,0.9999689
1,1,0.9999727
1,1,0.99996877
1,1,0.9999602
1,1,0.99996316
1,1,0.9999728
1,1,0.9999354
1,1,0.99996746
1,1,0.9999722
1,1,0.99996805
1,1,0.99841726
1,1,0.9999716
1,1,0.9994417
1,1,0.9999677
1,1,0.9997987
1,1,0.99994445
1,1,0.99997294
1,1,0.9999434
1,1,0.9999713
1,1,0.9999715
1,1,0.9999392
1,1,0.9998975
1,1,0.9999373
1,1,0.999974
1,1,0.9999653
1,1,0.99997187
1,1,0.9986694
1,1,0.9999461
1,1,0.9999682
1,1,0.99996805
1,1,0.96667826
1,1,0.99996877
1,1,0.9999651
1,1,0.9999652
1,1,0.99997115
1,1,0.999969
1,1,0.9999703
1,1,0.9999542
1,1,0.9999033
1,1,0.9983359
1,1,0.999967
1,1,0.9999473
1,1,0.99995565
1,1,0.99973065
1,1,0.99023235
1,1,0.99996996
1,1,0.9999722
1,1,0.9999471
1,1,0.9999732
1,1,0.9999702
1,1,0.9999728
1,1,0.9999721
1,1,0.9999558
1,1,0.9999713
1,1,0.9999709
1,1,0.9999703
1,1,0.9998698
1,1,0.99994385
1,1,0.999966
1,1,0.99997354
1,1,0.99996233
1,1,0.99997306
1,1,0.99996674
1,1,0.98883015
1,1,0.9999733
1,1,0.999962
1,1,0.9999629
1,1,0.9999466
1,1,0.9999691
1,1,0.99876463
1,1,0.99997306
1,1,0.99996877
1,1,0.9999703
1,1,0.9999733
1,1,0.9999709
1,1,0.99997234
1,1,0.9999651
1,1,0.99997115
1,1,0.99996936
1,1,0.9999702
1,1,0.9999659
1,1,0.99997115
1,1,0.99997246
1,1,0.9999733
1,1,0.999972
1,1,0.9999715
1,1,0.9999709
1,1,0.999969
1,1,0.9999709
1,1,0.9999728
1,1,0.98876184
1,1,0.9999651
1,1,0.97571063
1,1,0.99997354
1,1,0.99997044
1,1,0.99988866
1,1,0.9999708
1,1,0.9999589
1,1,0.9999732
1,1,0.9999726
1,1,0.9999721
1,1,0.99996006
1,1,0.99996066
1,1,0.99996185
1,1,0.99929726
1,1,0.9999654
1,1,0.9999691
1,1,0.99996316
1,1,0.99997103
1,1,0.9999714
1,1,0.99991775
1,1,0.9999709
1,1,0.99997175
1,1,0.9999716
1,1,0.99996436
1,1,0.99989927
1,1,0.9999509
1,1,0.99997115
1,1,0.8750935
1,1,0.99997306
1,1,0.99996614
1,1,0.999972
1,1,0.999972
1,1,0.9999672
1,1,0.99997175
1,1,0.9996822
1,1,0.99996996
1,1,0.99997115
1,1,0.99988675
1,1,0.9999721
1,1,0.99993575
1,1,0.9999721
1,1,0.99996865
1,1,0.9999604
1,1,0.9999734
1,1,0.9999589
1,1,0.99996495
1,1,0.9999678
1,1,0.9999503
1,1,0.9999677
1,1,0.999913
1,1,0.99994946
1,1,0.9999672
1,1,0.999969
1,1,0.99996305
1,1,0.9998845
1,1,0.9999721
1,1,0.999967
1,1,0.9999572
1,1,0.99997187
1,1,0.9999707
1,1,0.9999714
1,1,0.99995613
1,1,0.9999535
1,1,0.9998605
1,1,0.999926
1,1,0.99996734
1,1,0.999974
1,1,0.99997246
1,1,0.99997044
1,1,0.9999474
1,1,0.99992466
1,1,0.9999639
1,1,0.9999105
1,1,0.9999733
1,1,0.99997115
1,1,0.9999707
1,1,0.99996996
1,1,0.999948
1,1,0.99996924
1,1,0.9999702
1,1,0.99997294
1,1,0.9999714
1,1,0.9999713
1,1,0.99996996
1,1,0.9999629
1,1,0.9999732
1,1,0.99992025
1,1,0.9999558
1,1,0.9999695
1,1,0.9999052
1,1,0.9999701
1,1,0.99997294
1,1,0.9999672
1,1,0.99997234
1,1,0.99993145
1,1,0.9999666
1,1,0.9999523
1,1,0.9999726
1,1,0.999972
1,1,0.99997294
1,1,0.99997056
1,1,0.9999716
1,1,0.99997413
1,1,0.9999671
1,1,0.99994993
1,1,0.9992292
1,1,0.9999734
1,1,0.9999722
1,1,0.99997246
1,1,0.99997294
1,1,0.9999696
1,1,0.99957544
1,1,0.99996555
1,1,0.9999629
1,1,0.99996865
1,1,0.99997306
1,1,0.9999734
1,1,0.99997294
1,1,0.9999696
1,1,0.9999732
1,1,0.9999701
1,1,0.9999527
1,1,0.99996984
1,1,0.9999732
1,1,0.9999517
1,1,0.9999691
1,1,0.9999732
1,1,0.973354
1,1,0.9999676
1,1,0.99996865
1,1,0.99996495
1,1,0.999972
1,1,0.99993145
1,1,0.99996436
1,1,0.9999685
1,1,0.9999715
1,1,0.99997044
1,1,0.9999713
1,1,0.99997246
1,1,0.99996483
1,1,0.99996364
1,1,0.99997354
1,1,0.99997413
1,1,0.9997887
1,1,0.99997175
1,1,0.9999484
1,1,0.99996734
1,1,0.99997187
1,1,0.999962
1,1,0.9999697
1,1,0.9999676
1,1,0.9999651
1,1,0.9999311
1,1,0.9999721
1,1,0.99996114
1,1,0.99996555
1,1,0.9999691
1,1,0.9999697
1,1,0.9999529
1,1,0.9999714
1,1,0.99996555
1,1,0.99927586
1,1,0.9999726
1,1,0.9999671
1,1,0.999944
1,1,0.9999677
1,1,0.9995254
1,1,0.9999678
1,1,0.99997354
1,1,0.9999722
1,1,0.99985266
1,1,0.99996233
1,1,0.9999671
1,1,0.9998492
1,1,0.9999671
1,1,0.99997354
1,1,0.9999366
1,1,0.9999721
1,1,0.99988115
1,1,0.9950423
1,1,0.9999708
1,1,0.9999654
1,1,0.9999716
1,1,0.99996793
1,1,0.999887
1,1,0.99997437
1,1,0.9999206
1,1,0.9999727
1,1,0.9999627
1,1,0.999967
1,1,0.9999664
1,1,0.99982893
1,1,0.9999443
1,1,0.9999535
1,1,0.9999547
1,1,0.99996865
1,1,0.9999554
1,1,0.9999715
1,1,0.9999701
1,1,0.99997115
1,1,0.9999031
1,1,0.9999713
1,1,0.9999666
1,1,0.9999703
1,1,0.9999578
1,1,0.9997652
1,1,0.99996984
1,1,0.99996984
1,1,0.9999727
1,1,0.9999689
1,1,0.99992
1,1,0.99997354
1,1,0.98413795
1,1,0.99997294
1,1,0.9999726
1,1,0.9999596
1,1,0.99997234
1,1,0.9999651
1,1,0.9999727
1,1,0.9992712
1,1,0.99996424
1,1,0.9999609
1,1,0.9999726
1,1,0.9999732
1,1,0.9998323
1,1,0.99994576
1,1,0.99996984
1,1,0.9999733
1,1,0.9999542
1,1,0.99992526
1,1,0.99997306
1,1,0.99997354
1,1,0.9698018
1,1,0.99997234
1,1,0.9999578
1,1,0.99997246
1,1,0.9999728
1,1,0.99997294
1,1,0.9999671
1,1,0.99997187
1,1,0.99997306
1,1,0.9999721
1,1,0.9999727
1,1,0.99995697
1,1,0.99996746
1,1,0.99996424
1,1,0.99997187
1,1,0.99997246
1,1,0.9999144
1,1,0.9999728
1,1,0.99997365
1,1,0.9999733
1,1,0.9999713
1,1,0.9999708
1,1,0.99996805
1,1,0.99988353
1,1,0.9999664
1,1,0.99979144
1,1,0.9999391
1,1,0.9999697
1,1,0.99995816
1,1,0.9999728
1,1,0.9999707
1,1,0.9999722
1,1,0.99995303
1,1,0.9997631
1,1,0.9999739
1,1,0.9999733
1,1,0.99997234
1,1,0.999972
1,1,0.99997044
1,1,0.99975413
1,1,0.99997187
1,1,0.99997175
1,1,0.99996674
1,1,0.99997056
1,1,0.9999722
1,1,0.999974
1,1,0.99997234
1,1,0.9924561
1,1,0.99996924
1,1,0.9999713
1,1,0.99996936
1,1,0.9999739
1,1,0.9999434
1,1,0.9999707
1,1,0.94802994
1,1,0.9999733
1,1,0.99996006
1,1,0.9148767
1,1,0.9999728
1,1,0.99996936
1,1,0.999972
1,1,0.9999733
1,1,0.9999466
1,1,0.99994576
1,1,0.9999707
1,1,0.9999738
1,1,0.9999714
1,1,0.9999738
1,1,0.99997234
1,1,0.99997294
1,1,0.97964805
1,1,0.999972
1,1,0.9999727
1,1,0.9999684
1,1,0.9999695
1,1,0.9997811
1,1,0.99995327
1,1,0.9904951
1,1,0.99996495
1,1,0.9999578
1,1,0.999928
1,1,0.99982697
1,1,0.9999597
1,1,0.99997115
1,1,0.99688065
1,1,0.9999726
1,1,0.99997187
1,1,0.9999682
1,1,0.99997187
1,1,0.9999393
1,1,0.9997278
1,1,0.9999652
1,1,0.9999168
1,1,0.9999647
1,1,0.99996233
1,1,0.9999726
1,1,0.99996555
1,1,0.99997294
1,1,0.9999716
1,1,0.99995947
1,1,0.99997425
1,1,0.9999738
1,1,0.99997246
1,1,0.9656613
1,1,0.9971877
1,1,0.9999658
1,1,0.99994886
1,1,0.9999217
1,1,0.95522
1,1,0.99995697
1,1,0.9999672
1,1,0.9999738
1,1,0.99996555
1,1,0.99996805
1,1,0.9999714
1,1,0.99996984
1,1,0.99997175
1,1,0.99995923
1,1,0.9999722
1,1,0.9999708
1,1,0.9999721
1,1,0.99996305
1,1,0.999967
1,1,0.99989223
1,1,0.99996996
1,1,0.9999609
1,1,0.999966
1,1,0.9999672
1,1,0.99997044
1,1,0.9999732
1,1,0.9999174
1,1,0.99997425
1,1,0.9999713
1,1,0.9615696
1,1,0.9999733
1,1,0.9999732
1,1,0.99997187
1,1,0.99996996
1,1,0.9997185
1,1,0.9999552
1,1,0.99997103
1,1,0.9999478
1,1,0.9999496
1,1,0.9999721
1,1,0.99996364
1,1,0.9999502
1,1,0.6027391
1,1,0.9999511
1,1,0.9999697
1,1,0.9999695
1,1,0.9999385
1,1,0.9999732
1,1,0.99997175
1,1,0.9999082
1,1,0.99996793
1,1,0.99996626
1,1,0.9999521
1,1,0.99997306
1,1,0.9999697
1,1,0.9918766
1,1,0.99997056
1,1,0.99992144
1,1,0.99996424
1,1,0.99996567
1,1,0.9999683
1,1,0.9999634
1,1,0.99997306
1,1,0.9999664
1,1,0.9999658
1,1,0.9999684
1,1,0.99997365
1,1,0.99997056
1,1,0.9999715
1,1,0.9999685
1,1,0.99996877
1,1,0.999972
1,1,0.9999691
1,1,0.99996877
1,1,0.99930525
1,1,0.99992824
1,1,0.9999728
1,1,0.9999685
1,1,0.99997354
1,1,0.9999707
1,1,0.9999728
1,1,0.99997044
1,1,0.9999715
1,1,0.9999713
1,1,0.9999728
1,1,0.99997044
1,1,0.99995506
1,1,0.99996984
1,1,0.9997508
1,1,0.99997234
1,1,0.99996924
1,1,0.9999701
1,1,0.9999666
1,1,0.9999676
1,1,0.99997365
1,1,0.99997103
1,1,0.99944025
1,1,0.99997115
1,1,0.99995995
1,1,0.99996936
1,1,0.9999739
1,1,0.9999441
1,1,0.99992096
1,1,0.99997175
1,1,0.99997175
1,1,0.9999682
1,1,0.99996364
1,1,0.99996793
1,1,0.99997294
1,1,0.99986935
1,1,0.9999727
1,1,0.99996936
1,1,0.9999727
1,1,0.9993699
1,1,0.99996805
1,1,0.9999716
1,1,0.9999654
1,1,0.9999547
1,1,0.99624383
1,1,0.9878798
1,1,0.99996567
1,1,0.9999733
1,1,0.99995637
1,1,0.99997187
1,1,0.9999654
1,1,0.9999726
1,1,0.9998983
1,1,0.999964
1,1,0.99996877
1,1,0.9999722
1,1,0.5247778
1,1,0.99996984
1,1,0.99997365
1,1,0.9999732
1,1,0.99996185
1,1,0.99994004
1,1,0.99996614
1,1,0.99995387
1,1,0.9999695
1,1,0.99996877
1,1,0.9999703
1,1,0.9999484
1,1,0.9999709
1,1,0.9999697
1,1,0.9999728
1,1,0.9999715
1,1,0.9999728
1,1,0.9999455
1,1,0.99996996
1,1,0.99997365
1,1,0.9999727
1,1,0.9998808
1,1,0.9999707
1,1,0.9999683
1,1,0.9999722
1,1,0.9999682
1,1,0.99997246
1,1,0.9999728
1,1,0.9999727
1,1,0.99997306
1,1,0.99993634
1,1,0.9999671
1,1,0.9999697
1,1,0.9998783
1,1,0.99995553
1,1,0.999734
1,1,0.99996686
1,1,0.99996734
1,1,0.99996614
1,1,0.99985266
1,1,0.99996924
1,1,0.9999728
1,1,0.9999702
1,1,0.99995434
1,1,0.9999666
1,1,0.9999739
1,1,0.9999734
1,1,0.99996924
1,1,0.9999733
1,1,0.99995065
1,1,0.99997044
1,1,0.99997246
1,1,0.99996924
1,1,0.9999739
1,1,0.99951744
1,1,0.9999732
1,1,0.99992096
1,1,0.9939021
1,1,0.99995613
1,1,0.99997306
1,1,0.9957367
1,1,0.99996734
1,1,0.999972
1,1,0.9999727
1,1,0.99994564
1,1,0.99996245
1,1,0.99990916
1,1,0.9999691
1,1,0.9999639
1,1,0.99997354
1,1,0.99997354
1,1,0.999972
1,1,0.9999541
1,1,0.9999726
1,1,0.9999541
1,1,0.9999722
1,1,0.9999732
1,1,0.999962
1,0,0.2819485
1,1,0.9999697
1,1,0.9999682
1,1,0.9999702
1,1,0.9999536
1,1,0.99996185
1,1,0.99997044
1,1,0.9999726
1,0,0.4846499
1,1,0.9999733
1,1,0.9999727
1,1,0.9999707
1,1,0.99996555
1,1,0.9999738
1,1,0.9999362
1,1,0.99994826
1,1,0.9999727
1,1,0.9999726
1,1,0.999959
1,1,0.99996734
1,1,0.99997365
1,1,0.9999715
1,1,0.9999702
1,1,0.9999683
1,1,0.99997056
1,1,0.9999467
1,1,0.9999374
1,1,0.99993634
1,1,0.9999654
1,1,0.9999738
1,1,0.9999727
1,1,0.99997306
1,1,0.99994934
1,1,0.9999641
1,1,0.9999628
1,1,0.99996626
1,1,0.99995685
1,1,0.9999713
1,1,0.9999709
1,1,0.9999658
1,1,0.99731255
1,1,0.99993956
1,1,0.9998363
1,1,0.9999732
1,1,0.9999726
1,1,0.9999682
1,1,0.9999709
1,1,0.9999671
1,1,0.99996483
1,1,0.9999726
1,1,0.99996984
1,1,0.9999701
1,1,0.9999256
1,1,0.9999733
1,1,0.99985695
1,1,0.99996924
1,1,0.99996746
1,1,0.9999703
1,1,0.99997115
1,1,0.9999654
1,1,0.99988353
1,1,0.9999721
1,1,0.99997294
1,1,0.99995935
1,1,0.9999738
1,1,0.9999645
1,1,0.9999703
1,1,0.99997354
1,1,0.99997187
1,1,0.9999702
1,1,0.99997187
1,1,0.9999589
1,1,0.9997173
1,1,0.999938
1,1,0.9999658
1,1,0.99996936
1,1,0.99995065
1,1,0.9999695
1,1,0.9999678
1,1,0.999966
1,1,0.9999658
1,1,0.9999734
1,1,0.9999738
1,1,0.99997246
1,1,0.99990296
1,1,0.9999629
1,1,0.9999527
1,1,0.99996233
1,1,0.99872106
1,1,0.99996865
1,1,0.99995685
1,1,0.9999727
1,1,0.9857859
1,1,0.9999678
1,1,0.9999695
1,1,0.99992657
1,1,0.9999733
1,1,0.9999585
1,1,0.99997246
1,1,0.95390767
1,1,0.9999707
1,1,0.99997246
1,1,0.999967
1,1,0.9999579
1,1,0.9999734
1,1,0.99996984
1,1,0.99996877
1,1,0.99997187
1,1,0.99996614
1,1,0.99997294
1,1,0.9999739
1,1,0.9999566
1,1,0.9999715
1,1,0.99997306
1,1,0.9999708
1,1,0.99996746
1,1,0.9996008
1,1,0.9999374
1,1,0.9999721
1,1,0.9999734
1,1,0.9999658
1,1,0.9999703
1,1,0.9999025
1,1,0.999736
1,1,0.9999721
1,1,0.9999739
1,1,0.9999535
1,1,0.9999714
1,1,0.99997306
1,1,0.9999695
1,1,0.99997115
1,1,0.9999647
1,1,0.9999666
1,1,0.9999682
1,1,0.9999666
1,1,0.9999672
1,1,0.9999635
1,1,0.9999697
1,1,0.9999714
1,1,0.99996257
1,1,0.9999664
1,1,0.9999703
1,1,0.9999654
1,1,0.99997354
1,1,0.9999591
1,1,0.999974
1,1,0.9999702
1,1,0.9999696
1,1,0.99993515
1,1,0.99995744
1,1,0.99997306
1,1,0.999966
1,1,0.9999665
1,1,0.9999677
1,1,0.9999691
1,1,0.9999722
1,1,0.99995816
1,1,0.99996924
1,1,0.9998374
1,1,0.9999702
1,1,0.9999691
1,1,0.9999465
1,1,0.99997294
1,1,0.99885964
1,0,0.10630033
1,1,0.99997306
1,1,0.99997294
1,1,0.9998739
1,1,0.999943
1,1,0.9999572
1,1,0.9929153
1,1,0.9999666
1,1,0.9999697
1,1,0.9999589
1,1,0.99995637
1,1,0.9999733
1,1,0.99834204
1,1,0.99996805
1,1,0.9987112
1,1,0.99997365
1,1,0.9999659
1,1,0.9999691
1,1,0.9999739
1,1,0.9999708
1,1,0.9999714
1,1,0.9984389
1,1,0.82557946
1,1,0.9999696
1,1,0.9999721
1,1,0.99995077
1,1,0.99997306
1,0,0.04204451
1,1,0.9999616
1,1,0.9999727
1,1,0.9999727
1,1,0.99990916
1,1,0.9999727
1,1,0.9990677
1,1,0.99997234
1,1,0.9999734
1,1,0.99996626
1,1,0.99997187
1,1,0.99997365
1,1,0.9998412
1,1,0.99223715
1,1,0.99996793
1,1,0.9999647
1,1,0.99997187
1,1,0.99988914
1,1,0.99996567
1,1,0.9999646
1,1,0.9999578
1,1,0.9999696
1,1,0.9999721
1,1,0.99997306
1,1,0.99995196
1,1,0.9991425
1,1,0.9999683
1,1,0.9999682
1,1,0.9999732
1,1,0.99995995
1,1,0.9999664
1,1,0.99997175
1,1,0.99978083
1,1,0.9997608
1,1,0.9999689
1,1,0.9746978
1,1,0.9999732
1,1,0.999972
1,1,0.99997306
1,1,0.9698157
1,1,0.9999404
1,1,0.9991949
1,1,0.9999528
1,1,0.9999703
1,1,0.99996173
1,1,0.9997247
1,1,0.9999596
1,1,0.9999361
1,1,0.96113384
1,1,0.9920012
1,1,0.9999707
1,1,0.99997246
1,1,0.9999733
1,1,0.99996626
1,1,0.9999671
1,1,0.99997425
1,1,0.99996877
1,1,0.9999486
1,1,0.9999536
1,1,0.99997175
1,1,0.9999682
1,1,0.9999697
1,1,0.99995756
1,1,0.99997365
1,1,0.9999689
1,1,0.9999707
1,1,0.9999639
1,1,0.9998888
1,1,0.9999639
1,1,0.9999678
1,1,0.9999721
1,1,0.999969
1,1,0.99992585
1,1,0.9959479
1,1,0.99997187
1,1,0.9999678
1,1,0.98560244
1,1,0.99996066
1,1,0.99997306
1,1,0.98719984
1,1,0.99995244
1,1,0.99862325
1,1,0.9999639
1,1,0.9999728
1,1,0.99997306
1,1,0.9999424
1,1,0.98722595
1,1,0.99996674
1,1,0.9999708
1,1,0.9999691
1,1,0.9996126
1,1,0.9999597
1,1,0.99996984
1,1,0.99997306
1,1,0.98851424
1,1,0.99996376
1,1,0.99995184
1,1,0.99989414
1,1,0.9999716
1,1,0.9999728
1,1,0.99997234
1,1,0.97959715
1,1,0.99997365
1,1,0.9999275
1,1,0.9998877
1,1,0.9988342
1,1,0.99891806
1,1,0.999972
1,1,0.99996567
1,1,0.99997246
1,1,0.9999651
1,1,0.99997294
1,1,0.99996245
1,1,0.9999722
1,1,0.96567976
1,1,0.99996984
1,1,0.9999708
1,1,0.999974
1,1,0.99996984
1,1,0.9999722
1,1,0.9999728
1,1,0.9999721
1,1,0.99996793
1,1,0.9999472
1,1,0.9999702
1,1,0.9979108
1,1,0.99996996
1,1,0.9999696
1,1,0.9999726
1,1,0.99997175
1,1,0.9998416
1,1,0.99996364
1,1,0.99997234
1,1,0.99997234
1,1,0.9999722
1,1,0.9999682
1,1,0.9999726
1,1,0.99997044
1,1,0.9999689
1,1,0.99996936
1,1,0.999969
1,1,0.9999604
1,1,0.9999455
1,1,0.99996805
1,1,0.9999715
1,1,0.9999697
1,1,0.99997175
1,1,0.9999628
1,1,0.99995565
1,1,0.99897015
1,1,0.9999733
1,1,0.9996007
1,1,0.96902364
1,1,0.9999664
1,1,0.9999726
1,1,0.99996257
1,1,0.8824947
1,1,0.99994326
1,1,0.9999733
1,1,0.9705732
1,1,0.999956
1,1,0.9999707
1,1,0.999961
1,1,0.9999733
1,1,0.9999739
1,1,0.9999707
1,1,0.9999739
1,1,0.99997294
1,1,0.99994147
1,1,0.999175
1,1,0.99997437
1,1,0.9999689
1,1,0.99996734
1,1,0.9999733
1,1,0.9999696
1,1,0.9999492
1,1,0.99996066
1,1,0.9999517
1,1,0.64888424
1,1,0.9998865
1,1,0.9999722
1,1,0.99997187
1,1,0.999954
1,1,0.99990726
1,1,0.99997175
1,1,0.9999703
1,1,0.99997294
1,1,0.9997404
1,1,0.99997187
1,1,0.9999682
1,1,0.99994993
1,1,0.9999733
1,1,0.9999696
1,1,0.9999243
1,1,0.99995303
1,1,0.9999248
1,1,0.99869776
1,1,0.9998729
1,1,0.9999726
1,1,0.9999634
1,1,0.999966
1,1,0.9824968
1,1,0.99929106
1,1,0.9999651
1,1,0.99996614
1,1,0.99997246
1,1,0.99997056
1,1,0.99996936
1,1,0.99996626
1,1,0.9999678
1,1,0.9999521
1,1,0.9999647
1,1,0.999967
1,1,0.99997115
1,1,0.99912626
1,1,0.9999684
1,1,0.9998739
1,1,0.99996614
1,1,0.9999739
1,1,0.99997354
1,1,0.9999691
1,1,0.9999647
1,1,0.99996567
1,1,0.9999707
1,1,0.9999536
1,1,0.99995375
1,0,0.41556472
1,1,0.999948
1,1,0.99997187
1,1,0.99992657
1,1,0.99997056
1,1,0.9999715
1,1,0.99990404
1,0,0.15831625
1,1,0.9999652
1,1,0.99996877
1,0,0.27304223
1,1,0.9999726
1,1,0.9999709
1,1,0.9999678
1,1,0.9999689
1,1,0.999972
1,1,0.9999672
1,1,0.99997246
1,1,0.9999726
1,1,0.9999621
1,1,0.9999666
1,1,0.99996865
1,1,0.9999652
1,1,0.99996865
1,1,0.9999714
1,1,0.99996877
1,1,0.99997354
1,1,0.999912
1,1,0.9998343
1,1,0.9999702
1,1,0.99997354
1,1,0.9999248
1,1,0.99994254
1,1,0.9999721
1,1,0.9999448
1,1,0.99997103
1,1,0.9999696
1,1,0.99995804
1,1,0.9999491
1,1,0.99989057
1,1,0.9999676
1,1,0.99997175
1,1,0.8246094
1,1,0.9999684
1,1,0.9999696
1,1,0.99320835
1,1,0.9931284
1,1,0.99996674
1,1,0.9271799
1,1,0.99997115
1,1,0.9998361
1,1,0.9999677
1,1,0.99920744
1,1,0.99997365
1,1,0.9999671
1,1,0.99996614
1,1,0.99996114
1,1,0.99996984
1,1,0.999966
1,1,0.9999715
1,1,0.99997365
1,1,0.999967
1,1,0.99995804
1,1,0.99997175
1,0,0.34771922
1,1,0.99468225
1,1,0.9999734
1,1,0.9983974
1,1,0.99997187
1,1,0.99985003
1,1,0.9999634
1,1,0.9999329
1,1,0.999972
1,1,0.9999728
1,1,0.9999739
1,1,0.99997354
1,1,0.99972504
1,1,0.99997175
1,1,0.99996924
1,1,0.9999709
1,1,0.99997187
1,1,0.999967
1,1,0.99997413
1,1,0.99969673
1,1,0.9999715
1,1,0.99996066
1,1,0.9999714
1,1,0.9999707
1,1,0.9999722
1,1,0.99997175
1,1,0.99997306
1,1,0.99995744
1,1,0.9999714
1,1,0.99996674
1,1,0.9999645
1,1,0.9999608
1,1,0.9998913
1,1,0.9974553
1,1,0.9999516
1,1,0.99996734
1,1,0.9999713
1,1,0.99996245
1,1,0.99997187
1,1,0.99997187
1,1,0.9999492
1,1,0.99961483
1,1,0.9999511
1,1,0.9998926
1,1,0.9999684
1,1,0.99997246
1,1,0.99997044
1,1,0.99997306
1,1,0.99996877
1,1,0.9999701
1,1,0.961141
1,1,0.9999553
1,1,0.9999548
1,1,0.99997246
1,1,0.9999608
1,1,0.99990976
1,1,0.99997044
1,1,0.99993026
1,1,0.99997103
1,1,0.9999716
1,1,0.99994624
1,1,0.9999733
1,1,0.99996424
1,1,0.9999609
1,1,0.9999691
1,1,0.9999713
1,1,0.99996996
1,1,0.9998772
1,1,0.99997306
1,1,0.99995923
1,1,0.999972
1,1,0.9999733
1,1,0.9999708
1,1,0.9930748
1,1,0.99997234
1,1,0.99996614
1,1,0.9999713
1,1,0.9999664
1,1,0.99996877
1,1,0.99830097
1,1,0.999974
1,1,0.9999645
1,1,0.99996626
1,1,0.99995637
1,1,0.99997187
1,1,0.9999497
1,1,0.9999722
1,1,0.999969
1,1,0.9999732
1,1,0.9999727
1,1,0.9999684
1,1,0.9999666
1,1,0.99966407
1,1,0.99968076
1,1,0.9999728
1,1,0.99997175
1,1,0.9999602
1,1,0.999951
1,1,0.9999659
1,1,0.9999696
1,1,0.9999721
1,1,0.99997306
1,1,0.9999428
1,1,0.99997115
1,1,0.9999634
1,1,0.9998609
1,1,0.999972
1,1,0.9999722
1,1,0.99997365
1,1,0.99996686
1,1,0.9999708
1,1,0.9999728
1,1,0.9999676
1,1,0.99936897
1,1,0.99997056
1,1,0.9999572
1,1,0.99997187
1,1,0.9999722
1,1,0.99994266
1,1,0.9999709
1,1,0.9999696
1,1,0.999974
1,1,0.99997056
1,1,0.9999695
1,1,0.99996376
1,1,0.9999589
1,1,0.9999368
1,1,0.99997115
1,1,0.9966145
1,1,0.9999714
1,1,0.9999726
1,1,0.99993324
1,1,0.9999713
1,1,0.99977297
1,1,0.99995065
1,1,0.99997044
1,1,0.99996424
1,1,0.9997464
1,1,0.99912506
1,1,0.9999709
1,1,0.99993265
1,1,0.9996933
1,1,0.99995756
1,1,0.9999733
1,1,0.9999627
1,1,0.9999653
1,1,0.9971649
1,1,0.9999738
1,1,0.99996734
1,1,0.99996793
1,1,0.9999552
1,1,0.9999728
1,1,0.99997234
1,1,0.99996924
1,1,0.9950761
1,1,0.99997115
1,1,0.99997175
1,1,0.9999732
1,1,0.9999714
1,1,0.99997306
1,1,0.99994326
1,1,0.9999734
1,1,0.9999336
1,1,0.99995935
1,1,0.9999722
1,1,0.99996924
1,1,0.9990891
1,1,0.9999677
1,1,0.9999702
1,1,0.99989426
1,1,0.999972
1,1,0.99996376
1,1,0.999967
1,1,0.99995196
1,1,0.9999676
1,1,0.9999639
1,1,0.9999691
1,1,0.9999726
1,1,0.99997294
1,1,0.99997044
1,1,0.99997115
1,1,0.999948
1,1,0.9999486
1,1,0.9991423
1,1,0.9999441
1,1,0.99997115
1,1,0.9999733
1,1,0.99997246
1,1,0.99997354
1,1,0.9999708
1,1,0.99994385
1,1,0.99997187
1,1,0.9999713
1,1,0.99993646
1,1,0.9999664
1,1,0.99997306
1,1,0.99995923
1,1,0.9999361
1,1,0.9999703
1,1,0.99997294
1,1,0.9999733
1,1,0.9999373
1,1,0.9999734
1,1,0.9999666
1,1,0.9999738
1,1,0.9999733
1,1,0.99493414
1,1,0.9999609
1,1,0.999342
1,1,0.999949
1,1,0.9999571
1,1,0.99994063
1,1,0.9999727
1,1,0.9612465
1,1,0.9999614
1,1,0.9999639
1,1,0.99997354
1,1,0.9999604
1,1,0.9459563
1,1,0.99996746
1,1,0.9999716
1,1,0.999974
1,1,0.9999721
1,1,0.99997246
1,1,0.99996793
1,1,0.9999702
1,1,0.99996567
1,1,0.99996626
1,1,0.9999608
1,1,0.99718684
1,1,0.99996936
1,1,0.9999665
1,1,0.9999652
1,1,0.99997365
1,1,0.9999684
1,1,0.9999682
1,1,0.99997365
1,1,0.9999597
1,1,0.9999697
1,1,0.99996877
1,1,0.94909203
1,1,0.9999714
1,1,0.99996626
1,1,0.9999691
1,1,0.9642198
1,1,0.99994814
1,1,0.9999732
1,1,0.99997437
1,1,0.99937844
1,1,0.9999697
1,1,0.9999722
1,1,0.999966
1,1,0.9999733
1,1,0.877791
1,1,0.9999715
1,1,0.9999708
1,1,0.9999485
1,1,0.9999726
1,1,0.9999702
1,1,0.99996436
1,1,0.99993706
1,1,0.99996674
1,1,0.9999722
1,1,0.9999696
1,1,0.99996066
1,1,0.99995506
1,1,0.99997246
1,1,0.9999727
1,1,0.91021836
1,1,0.9997943
1,1,0.99996495
1,1,0.9999591
1,1,0.9999627
1,1,0.9999689
1,1,0.99996924
1,1,0.999972
1,1,0.9999652
1,1,0.9999728
1,1,0.99982846
1,1,0.9999149
1,1,0.9999734
1,1,0.99996686
1,1,0.9999671
1,1,0.9999695
1,1,0.9999713
1,1,0.9999726
1,1,0.9999727
1,1,0.9999596
1,1,0.9999696
1,1,0.99996734
1,1,0.9999716
1,1,0.99996364
1,1,0.9999709
1,1,0.99988353
1,1,0.9997603
1,1,0.9999689
1,1,0.99994504
1,1,0.9999739
1,1,0.99997115
1,1,0.9999671
1,1,0.99995744
1,1,0.99996495
1,1,0.9999485
1,1,0.9999654
1,1,0.99992466
1,1,0.99995756
1,1,0.99976546
1,1,0.99997044
1,1,0.99997246
1,1,0.99997294
1,1,0.9999696
1,1,0.99996996
1,1,0.99997294
1,1,0.999969
1,1,0.99994636
1,1,0.9999665
1,1,0.9999703
1,1,0.9999745
1,1,0.99996686
1,1,0.9999714
1,1,0.9995895
1,1,0.9999629
1,1,0.99993813
1,1,0.9999726
1,1,0.9999695
1,1,0.9999707
1,1,0.9999732
1,1,0.99996984
1,1,0.99997103
1,1,0.9999634
1,1,0.9999639
1,1,0.9999726
1,1,0.9999708
1,1,0.99997306
1,1,0.99996924
1,1,0.99996984
1,1,0.9998456
1,1,0.999331
1,1,0.99996686
1,1,0.99992466
1,1,0.9814695
1,1,0.9999695
1,1,0.99997234
1,1,0.9999734
1,1,0.9999732
1,1,0.9999608
1,1,0.9999716
1,1,0.9999721
1,1,0.99997187
1,1,0.9999645
1,1,0.999956
1,1,0.9999443
1,1,0.99953675
1,1,0.99997246
1,1,0.99995685
1,1,0.9999422
1,1,0.9999708
1,1,0.9999622
1,1,0.99996686
1,1,0.9999558
1,1,0.9999263
1,1,0.8783217
1,1,0.9999672
1,1,0.9999726
1,1,0.99997354
1,1,0.9999715
1,1,0.9999721
1,1,0.9999739
1,1,0.9999628
1,1,0.99995756
1,1,0.99996614
1,1,0.99837434
1,1,0.9937966
1,1,0.9999732
1,1,0.99995255
1,1,0.99997103
1,1,0.9999702
1,1,0.9999732
1,1,0.9999504
1,1,0.99996126
1,1,0.999974
1,1,0.99996805
1,1,0.99996424
1,1,0.9999707
1,1,0.9999727
1,1,0.9999658
1,1,0.99995077
1,1,0.99993217
1,1,0.99989283
1,1,0.9999647
1,1,0.9999713
1,1,0.9999541
1,1,0.9999672
1,1,0.9998815
1,1,0.99997056
1,1,0.9999713
1,1,0.99882716
1,1,0.9999627
1,1,0.9999032
1,1,0.99995947
1,1,0.99997306
1,1,0.999969
1,1,0.99995816
1,1,0.99997187
1,1,0.99997103
1,1,0.99997044
1,1,0.99995625
1,1,0.9999478
1,1,0.9999651
1,1,0.99994445
1,1,0.9999391
1,1,0.9999734
1,1,0.9999654
1,1,0.99996173
1,1,0.99997044
1,1,0.99996674
1,1,0.9999697
1,1,0.99997187
1,1,0.9999701
1,1,0.99995136
1,1,0.99997246
1,1,0.9999044
1,1,0.9999702
1,1,0.9999616
1,1,0.9999733
1,1,0.999972
1,1,0.9991499
1,1,0.9999726
1,1,0.9999677
1,0,0.0005605657
1,1,0.9999685
1,1,0.99997056
1,1,0.9999666
1,1,0.9999541
1,1,0.9974734
1,1,0.99996996
1,1,0.99996996
1,1,0.99995816
1,1,0.9999589
1,1,0.9999404
1,1,0.9999722
1,1,0.9999732
1,1,0.99996674
1,1,0.99995494
1,1,0.9999727
1,1,0.9995307
1,1,0.99995375
1,1,0.9999732
1,1,0.99995685
1,1,0.9999256
1,1,0.99996865
1,1,0.99997234
1,1,0.99997056
1,1,0.99997103
1,1,0.9997625
1,1,0.96543217
1,1,0.9997347
1,1,0.99995553
1,1,0.99996054
1,1,0.9999602
1,1,0.99997365
1,1,0.9999727
1,1,0.9999597
1,1,0.9999666
1,1,0.9999697
1,1,0.99996555
1,1,0.9930716
1,1,0.9999732
1,1,0.999969
1,1,0.99997306
1,1,0.9999651
1,1,0.99996924
1,1,0.9999727
1,1,0.9965643
1,1,0.9999604
1,1,0.9999647
1,1,0.9272367
1,1,0.999964
1,1,0.9996691
1,1,0.99997103
1,1,0.99997365
1,1,0.99992466
1,1,0.9999584
1,1,0.99997234
1,1,0.99997234
1,1,0.99997175
1,1,0.9999634
1,1,0.9999627
1,1,0.99996376
1,1,0.99996674
1,1,0.9999722
1,1,0.9999734
1,1,0.99995637
1,1,0.99997246
1,1,0.9999422
1,1,0.9999504
1,1,0.99997306
1,1,0.99997234
1,1,0.9998443
1,1,0.9999703
1,1,0.99918
1,1,0.99997234
1,1,0.9999739
1,1,0.9999732
1,1,0.999972
1,1,0.9999733
1,1,0.9999449
1,1,0.9999701
1,1,0.9999213
1,1,0.99997103
1,1,0.9999726
1,1,0.9999701
1,1,0.9999665
1,1,0.99995136
1,1,0.99997294
1,1,0.99995756
1,1,0.99997187
1,1,0.99995923
1,1,0.9999646
1,1,0.999961
1,1,0.999972
1,1,0.99994946
1,1,0.9999629
1,1,0.99811816
1,1,0.9999715
1,1,0.9999647
1,1,0.9999714
1,1,0.9999672
1,1,0.99992716
1,1,0.9999671
1,1,0.9999734
1,1,0.9999685
1,1,0.99997044
1,1,0.9999646
1,1,0.99994457
1,1,0.99995244
1,1,0.99997306
1,1,0.9999716
1,1,0.99996746
1,1,0.99997056
1,1,0.9999722
1,1,0.9985505
1,1,0.9996624
1,1,0.99997365
1,1,0.99996567
1,1,0.99996865
1,1,0.99997306
1,1,0.6650653
1,1,0.99996924
1,1,0.99996126
1,1,0.999969
1,1,0.9995365
1,1,0.9999602
1,0,0.1654962
1,1,0.99995697
1,1,0.9999715
1,1,0.99996686
1,1,0.99995804
1,1,0.9998203
1,1,0.9999716
1,1,0.99993825
1,1,0.99997115
1,1,0.99993706
1,1,0.9999615
1,1,0.99997103
1,1,0.999972
1,1,0.9999726
1,1,0.99994373
1,1,0.9999263
1,1,0.9999294
1,1,0.99997187
1,1,0.9999372
1,1,0.9999702
1,1,0.9999683
1,1,0.99997103
1,1,0.99997056
1,1,0.9999745
1,1,0.99986327
1,1,0.9999646
1,1,0.99995863
1,1,0.99997103
1,1,0.9999652
1,1,0.9999602
1,1,0.9999529
1,1,0.99997294
1,1,0.9999685
1,1,0.9999738
1,1,0.9999217
1,1,0.9956351
1,1,0.9999727
1,1,0.9999627
1,1,0.999972
1,1,0.9999709
1,1,0.99996066
1,1,0.99996674
1,1,0.9999727
1,1,0.99996865
1,1,0.99997115
1,1,0.99990606
1,1,0.9999622
1,1,0.9999727
1,1,0.9999573
1,1,0.99997425
1,1,0.999951
1,1,0.9999722
1,1,0.99997354
1,1,0.99997187
1,1,0.9999622
1,1,0.99990726
1,1,0.999833
1,1,0.9999713
1,1,0.9999213
1,1,0.9999745
1,1,0.9999738
1,1,0.9999726
1,1,0.9994128
1,1,0.9999728
1,1,0.9999672
1,1,0.9334777
1,1,0.9999732
1,1,0.9999734
1,1,0.999961
1,1,0.9999721
1,1,0.9999014
1,1,0.99996614
1,1,0.9999585
1,1,0.9999484
1,1,0.9999676
1,1,0.9999727
1,1,0.99997246
1,1,0.9999728
1,1,0.99997056
1,1,0.9987594
1,1,0.9999715
1,1,0.99997246
1,1,0.9793412
1,1,0.99996984
1,1,0.99997103
1,1,0.9999647
1,1,0.9999701
1,1,0.9997272
1,1,0.99996984
1,1,0.9999465
1,1,0.85183007
1,1,0.999969
1,1,0.9999709
1,1,0.99995995
1,1,0.99995446
1,1,0.9999732
1,1,0.99967
1,1,0.9999467
1,1,0.99989283
1,1,0.9986953
1,1,0.999962
1,1,0.99979633
1,1,0.99997234
1,1,0.9999614
1,1,0.99996185
1,1,0.9921291
1,1,0.99997425
1,1,0.9999641
1,1,0.9998907
1,1,0.9999732
1,1,0.99997044
1,1,0.99997365
1,1,0.9999566
1,1,0.99997246
1,1,0.99996305
1,1,0.9996985
1,1,0.9999678
1,1,0.99997187
1,1,0.9999498
1,1,0.99987066
1,1,0.9999721
1,1,0.9999708
1,1,0.99997175
1,1,0.99997365
1,1,0.9999714
1,1,0.99997115
1,1,0.9999641
1,1,0.9999716
1,1,0.9999707
1,1,0.99996936
1,1,0.999969
1,1,0.9999696
1,1,0.9999627
1,1,0.9999738
1,1,0.999966
1,1,0.9999695
1,1,0.9994568
1,1,0.99997056
1,1,0.99997115
1,1,0.9999685
1,1,0.99996936
1,1,0.99997044
1,1,0.99997056
1,1,0.61131424
1,1,0.99997103
1,1,0.99996805
1,1,0.99996984
1,1,0.9999572
1,1,0.99997354
1,1,0.9999682
1,1,0.99997115
1,1,0.99996364
1,1,0.9999409
1,1,0.99997425
1,1,0.99992025
1,1,0.999967
1,1,0.9999691
1,1,0.9664146
1,1,0.9999716
1,1,0.99903584
1,1,0.9999536
1,1,0.9999603
1,1,0.99997175
1,1,0.99997413
1,1,0.9999726
1,1,0.9999701
1,1,0.99915075
1,1,0.999972
1,1,0.9999703
1,1,0.9999094
1,1,0.9906998
1,1,0.9999683
1,1,0.9707417
1,1,0.9999721
1,1,0.9999721
1,1,0.99996734
1,1,0.9999696
1,1,0.9069186
1,1,0.99994683
1,1,0.9999722
1,1,0.99986076
1,1,0.99997115
1,1,0.9999635
1,1,0.9999409
1,1,0.99997306
1,1,0.99996305
1,1,0.99996674
1,1,0.9999347
1,1,0.9999728
1,1,0.9999683
1,1,0.99997175
1,1,0.99996734
1,1,0.99994814
1,1,0.99995685
1,1,0.9999455
1,1,0.9999187
1,1,0.8014666
1,1,0.99995446
1,1,0.87794757
1,1,0.99996924
1,1,0.99997187
1,1,0.99991417
1,1,0.9999634
1,1,0.9999707
1,1,0.9999659
1,1,0.9999739
1,1,0.99992585
1,1,0.9999728
1,1,0.9999633
1,1,0.999961
1,1,0.9999708
1,1,0.99996746
1,1,0.9999726
1,1,0.9999664
1,1,0.99997103
1,1,0.9999728
1,1,0.99997306
1,1,0.9999714
1,1,0.9999716
1,1,0.999388
1,1,0.9999622
1,1,0.99996114
1,1,0.9999584
1,1,0.9999485
1,1,0.99995995
1,1,0.99996793
1,1,0.99996996
1,1,0.9999695
1,1,0.99997175
1,1,0.99119604
1,1,0.99997246
1,1,0.9993168
1,1,0.9999237
1,1,0.99997294
1,1,0.99996936
1,1,0.9999732
1,1,0.99997175
1,1,0.9999715
1,1,0.9999722
1,1,0.9999684
1,1,0.9999715
1,1,0.9999633
1,1,0.9999664
1,1,0.9999695
1,1,0.9999714
1,1,0.99997175
1,1,0.99997175
1,1,0.99997246
1,1,0.9999732
1,1,0.9999739
1,1,0.9999678
1,1,0.9999651
1,0,0.42741835
1,1,0.99997413
1,1,0.9999578
1,1,0.9999671
1,1,0.99996305
1,1,0.99992096
1,1,0.9999639
1,1,0.99997044
1,1,0.9996686
1,1,0.9999652
1,1,0.9999641
1,1,0.9946524
1,1,0.99996984
1,1,0.99996984
1,1,0.9999604
1,1,0.9999454
1,1,0.99997354
1,1,0.99996924
1,1,0.99997294
1,1,0.9999709
1,1,0.99997175
1,1,0.9999567
1,1,0.99996734
1,1,0.9999703
1,1,0.9999522
1,1,0.9999708
1,1,0.9999472
1,1,0.99997175
1,1,0.9999682
1,1,0.999961
1,1,0.9999685
1,1,0.9999696
1,1,0.99996996
1,1,0.9999732
1,1,0.9999716
1,1,0.9999685
1,1,0.98673487
1,1,0.9999697
1,1,0.9999683
1,1,0.9999585
1,1,0.99997103
1,1,0.99996066
1,1,0.99997365
1,1,0.9999727
1,1,0.99997365
1,1,0.9999629
1,1,0.9999716
1,1,0.9999696
1,1,0.99997115
1,1,0.99985266
1,1,0.9999633
1,1,0.9999659
1,1,0.9999522
1,1,0.99996877
1,1,0.9999498
1,1,0.99996185
1,1,0.99996936
1,1,0.9999614
1,1,0.9997632
1,1,0.9999697
1,1,0.9999572
1,1,0.9999714
1,1,0.99966216
1,1,0.99996936
1,1,0.9999654
1,1,0.99996674
1,1,0.9999677
1,1,0.9999672
1,1,0.9999703
1,1,0.99997103
1,1,0.99996877
1,1,0.9999733
1,1,0.99996006
1,1,0.99997306
1,1,0.9999651
1,1,0.9999602
1,1,0.9999696
1,1,0.9999738
1,1,0.9999721
1,1,0.9999596
1,1,0.99996495
1,1,0.9999608
1,1,0.9983191
1,1,0.99997246
1,1,0.99996233
1,1,0.99996746
1,1,0.99996054
1,0,0.14308232
1,1,0.9999727
1,1,0.8530279
1,1,0.9999721
1,1,0.9999722
1,1,0.9999726
1,1,0.9999646
1,1,0.9999683
1,1,0.9999722
1,1,0.9999602
1,1,0.99997056
1,1,0.9999596
1,1,0.9999244
1,1,0.9999397
1,1,0.7957031
1,1,0.99997413
1,1,0.9999367
1,1,0.9999702
1,1,0.9999672
1,1,0.9999666
1,1,0.99996924
1,1,0.99997306
1,1,0.99996185
1,1,0.9999691
1,1,0.9999732
1,1,0.99996924
1,1,0.99997175
1,1,0.999974
1,1,0.999723
1,1,0.99997365
1,1,0.9999734
1,1,0.9999708
1,1,0.9995653
1,1,0.99996734
1,1,0.9999732
1,1,0.99991953
1,1,0.9999703
1,1,0.9999672
1,1,0.9999676
1,1,0.99996245
1,1,0.99992585
1,1,0.99997115
1,1,0.99997187
1,1,0.9999714
1,1,0.9999639
1,1,0.99996245
1,1,0.99997306
1,1,0.99995184
1,1,0.9999639
1,1,0.99997234
1,1,0.9996884
1,1,0.9999478
1,1,0.99997103
1,1,0.9999727
1,1,0.7050294
1,1,0.9999739
1,1,0.9999496
1,1,0.99974316
1,1,0.99902856
1,1,0.999972
1,1,0.99989617
1,1,0.99997306
1,1,0.9999703
1,1,0.9999697
1,1,0.99996936
1,1,0.99995697
1,1,0.99997306
1,1,0.9997024
1,1,0.9999738
1,1,0.99986756
1,1,0.9999598
1,1,0.99980944
1,1,0.9999691
1,1,0.99996924
1,1,0.99992406
1,1,0.9999739
1,1,0.9999571
1,1,0.99993145
1,1,0.9999708
1,1,0.9999677
1,1,0.99996924
1,1,0.9999715
1,1,0.99988234
1,1,0.99997103
1,1,0.9999646
1,1,0.9999722
1,1,0.9999703
1,1,0.99995935
1,1,0.9999727
1,1,0.99997365
1,1,0.9999325
1,1,0.9999689
1,1,0.9999721
1,1,0.9999721
1,1,0.99996114
1,1,0.9999709
1,1,0.99994624
1,1,0.99996555
1,1,0.99868053
1,1,0.9999733
1,1,0.999966
1,1,0.9999641
1,1,0.99996376
1,1,0.9999677
1,1,0.999974
1,1,0.999424
1,1,0.99996686
1,1,0.9999677
1,1,0.999964
1,1,0.99996865
1,1,0.9999722
1,1,0.99961346
1,1,0.99996614
1,1,0.99997234
1,1,0.999967
1,1,0.9999721
1,1,0.9999541
1,1,0.9998542
1,1,0.9999714
1,1,0.9999738
1,1,0.99997294
1,1,0.99997425
1,1,0.9999709
1,1,0.9998273
1,1,0.9999722
1,1,0.9999707
1,1,0.99996686
1,1,0.99997175
1,1,0.68574697
1,1,0.9999715
1,1,0.99992895
1,1,0.9999646
1,1,0.9999572
1,1,0.99995065
1,1,0.99977916
1,1,0.999969
1,1,0.9999728
1,1,0.9999707
1,1,0.9997638
1,1,0.9999604
1,1,0.99996924
1,1,0.9988697
1,1,0.99995124
1,1,0.8530742
1,1,0.9999685
1,1,0.9999547
1,1,0.9997092
1,1,0.99996483
1,1,0.9999682
1,1,0.9999207
1,1,0.9999075
1,1,0.9970395
1,1,0.999972
1,1,0.99997437
1,1,0.99997413
1,1,0.99997044
1,1,0.9999738
1,1,0.9999676
1,1,0.9999733
1,1,0.999966
1,1,0.99997306
1,1,0.99997175
1,1,0.9999633
1,1,0.9996896
1,1,0.99850947
1,1,0.9999684
1,1,0.9999583
1,1,0.9989826
1,1,0.99997175
1,1,0.6445185
1,1,0.9999727
1,1,0.99996305
1,1,0.9999466
1,1,0.9999069
1,1,0.99997044
1,1,0.9999726
1,1,0.999681
1,1,0.99996984
1,1,0.9999708
1,1,0.99995685
1,1,0.9999722
1,1,0.9999726
1,1,0.99996114
1,1,0.99996686
1,1,0.9999727
1,1,0.9999722
1,1,0.9997482
1,1,0.99997294
1,1,0.9999664
1,1,0.9999534
1,1,0.9999124
1,1,0.9999677
1,1,0.9999503
1,1,0.99981767
1,1,0.99996865
1,1,0.9999738
1,1,0.9999609
1,1,0.99996364
1,1,0.99996126
1,1,0.9997222
1,1,0.99996233
1,1,0.9999684
1,1,0.9999716
1,1,0.9999738
1,1,0.9999621
1,1,0.99996674
1,1,0.99996936
1,1,0.99997365
1,1,0.9999621
1,1,0.9999571
1,1,0.99164623
1,1,0.99791306
1,1,0.9999614
1,1,0.9999734
1,1,0.99996567
1,1,0.99996936
1,1,0.9999608
1,1,0.9999726
1,1,0.9999691
1,1,0.9999702
1,1,0.9999707
1,1,0.9999739
1,1,0.9999691
1,1,0.9999728
1,1,0.9999589
1,1,0.9999726
1,1,0.9999695
1,1,0.9999678
1,1,0.9999666
1,1,0.9999685
1,1,0.9996075
1,1,0.9999722
1,1,0.9999727
1,1,0.9999422
1,1,0.9998895
1,1,0.9999697
1,1,0.9999403
1,1,0.9999379
1,1,0.99996364
1,1,0.9999713
1,1,0.99971026
1,1,0.9692179
1,1,0.9999726
1,1,0.99995875
1,1,0.9999701
1,1,0.9959144
1,1,0.99996114
1,1,0.999856
1,1,0.99997103
1,1,0.7852362
1,1,0.9999633
1,1,0.9999721
1,1,0.99996173
1,1,0.9999598
1,1,0.98091274
1,1,0.9999708
1,1,0.9999685
1,1,0.9997284
1,1,0.9999684
1,1,0.9999651
1,1,0.99997115
1,1,0.9999478
1,1,0.9999713
1,1,0.99994886
1,1,0.7104348
1,1,0.9999392
1,1,0.9999732
1,1,0.9999523
1,1,0.9999732
1,1,0.9999713
1,1,0.9999676
1,1,0.9998072
1,1,0.9999721
1,1,0.9999728
1,1,0.9999114
1,1,0.9999645
1,1,0.999943
1,1,0.99996364
1,1,0.9999683
1,1,0.99997187
1,1,0.9999604
1,1,0.99988437
1,1,0.9999721
1,1,0.99996877
1,1,0.9999722
1,1,0.9999732
1,1,0.99994814
1,1,0.9999714
1,1,0.999974
1,1,0.999974
1,1,0.99997354
1,1,0.9999651
1,1,0.9999716
1,1,0.9999733
1,1,0.98482776
1,1,0.99997354
1,1,0.9999473
1,0,0.48133758
1,1,0.9999721
1,1,0.9999589
1,1,0.9999279
1,1,0.9999689
1,1,0.9999728
1,1,0.9999716
1,1,0.9999702
1,1,0.9999734
1,1,0.9999678
1,1,0.9976292
1,1,0.99996674
1,1,0.999964
1,1,0.9999677
1,1,0.99997365
1,1,0.9999695
1,1,0.99997187
1,1,0.9999639
1,1,0.9997514
1,1,0.9999677
1,1,0.9999647
1,1,0.99876046
1,1,0.99992466
1,1,0.9999653
1,1,0.99996984
1,1,0.9999701
1,1,0.9999466
1,1,0.9999703
1,1,0.99997234
1,1,0.99985766
1,1,0.9999554
1,1,0.9999728
1,1,0.99987125
1,1,0.9999443
1,1,0.99996626
1,1,0.9701892
1,1,0.99997294
1,1,0.9999682
1,1,0.9999707
1,1,0.9999726
1,1,0.99972004
1,1,0.9999714
1,1,0.9998871
1,1,0.99997354
1,1,0.9999622
1,1,0.9999633
1,1,0.9999585
1,1,0.99994135
1,1,0.9999614
1,1,0.99997056
1,1,0.99944705
1,1,0.9999734
1,1,0.99997056
1,1,0.99994934
1,1,0.99997294
1,1,0.9999728
1,1,0.9999347
1,1,0.9999509
1,1,0.99997306
1,1,0.99997354
1,1,0.99997306
1,1,0.99997044
1,1,0.9999697
1,1,0.9999716
1,1,0.9998293
1,1,0.99996305
1,1,0.99997294
1,1,0.99997306
1,1,0.9998282
1,1,0.99996996
1,1,0.9999685
1,1,0.99996483
1,1,0.9999707
1,1,0.99997234
1,1,0.9864551
1,1,0.99996996
1,1,0.9999678
1,1,0.99997234
1,1,0.99952734
1,1,0.9999707
1,1,0.9999652
1,1,0.9999713
1,1,0.9999467
1,1,0.9999726
1,1,0.9999174
1,1,0.99996436
1,1,0.999972
1,1,0.9999392
1,1,0.9999713
1,1,0.99997056
1,1,0.9999602
1,1,0.9999678
1,1,0.9999709
1,1,0.99996674
1,1,0.9999691
1,1,0.999729
1,1,0.9999709
1,1,0.9999703
1,1,0.99942553
1,1,0.9999714
1,1,0.9999726
1,1,0.99997354
1,1,0.99996793
1,1,0.99997056
1,1,0.9999566
1,1,0.99770963
1,1,0.99994075
1,1,0.99997246
1,1,0.9999728
1,1,0.8581632
1,1,0.9999733
1,1,0.9984107
1,1,0.99997437
1,1,0.9999647
1,1,0.99995136
1,1,0.99996126
1,1,0.99996424
1,1,0.9999732
1,1,0.99996233
1,1,0.99996877
1,1,0.9999715
1,1,0.99996686
1,1,0.99995756
1,1,0.9999403
1,1,0.999972
1,1,0.9999684
1,1,0.9999713
1,1,0.999972
1,1,0.9998221
1,1,0.99996805
1,1,0.9999733
1,1,0.9999726
1,1,0.99809366
1,1,0.9999448
1,1,0.99993837
1,1,0.99997413
1,1,0.999974
1,1,0.999969
1,1,0.9999732
1,1,0.99997056
1,1,0.9999703
1,1,0.99996686
1,1,0.99518424
1,1,0.97812176
1,1,0.9999727
1,1,0.99997354
1,1,0.99997365
1,1,0.9999503
1,1,0.9999739
1,1,0.999972
1,1,0.9999676
1,1,0.9990773
1,1,0.99997306
1,1,0.9999677
1,1,0.9997049
1,1,0.9999654
1,1,0.99996686
1,1,0.99995065
1,1,0.99996495
1,1,0.9999571
1,1,0.999956
1,1,0.9999707
1,1,0.9999596
1,1,0.9998349
1,1,0.9999684
1,1,0.99982685
1,1,0.9999689
1,1,0.9999738
1,1,0.9999726
1,0,0.16190115
1,1,0.99997354
1,1,0.99996245
1,1,0.99997056
1,1,0.9999708
1,1,0.99986684
1,1,0.9999714
1,1,0.99996877
1,1,0.9999678
1,1,0.9999064
1,1,0.9999738
1,1,0.99996245
1,1,0.99997354
1,1,0.9999697
1,1,0.99997294
1,1,0.9995546
1,1,0.9999515
1,1,0.99996805
1,1,0.99995923
1,1,0.9999689
1,1,0.9999714
1,1,0.9999367
1,1,0.99995124
1,1,0.99997294
1,1,0.9999664
1,1,0.99996996
1,1,0.9999713
1,1,0.99996674
1,1,0.9999391
1,1,0.99995184
1,1,0.9999653
1,1,0.9999666
1,1,0.99997044
1,1,0.99997103
1,1,0.99996495
1,1,0.99997294
1,1,0.9999734
1,1,0.9999716
1,1,0.999879
1,1,0.9999715
1,1,0.9999695
1,1,0.9999715
1,1,0.99997187
1,1,0.99996805
1,1,0.99997354
1,1,0.9999645
1,1,0.99995327
1,1,0.9999714
1,1,0.9999646
1,1,0.9999728
1,1,0.9999685
1,1,0.99997056
1,1,0.9999639
1,1,0.9999689
1,1,0.9998462
1,1,0.999972
1,1,0.9999722
1,1,0.99997115
1,1,0.99995077
1,1,0.99996996
1,1,0.9995511
1,1,0.99997044
1,1,0.9998745
1,1,0.9999697
1,1,0.9999676
1,1,0.99994767
1,1,0.9999732
1,1,0.9999721
1,1,0.9999738
1,1,0.9999597
1,1,0.9999658
1,1,0.9999732
1,1,0.99997294
1,1,0.999972
1,1,0.9999436
1,1,0.9999689
1,1,0.99995804
1,1,0.99898404
1,1,0.99996793
1,1,0.9999728
1,1,0.9998976
1,1,0.9999701
1,1,0.99995923
1,1,0.99997103
1,1,0.9999728
1,1,0.99995923
1,1,0.9999738
1,1,0.9999002
1,1,0.9999435
1,1,0.99997413
1,1,0.99997294
1,1,0.99997175
1,1,0.9997832
1,1,0.9999695
1,1,0.99997044
1,1,0.99996865
1,1,0.99997056
1,1,0.99997187
1,1,0.9999671
1,1,0.99996924
1,1,0.9999707
1,1,0.9999684
1,1,0.9999683
1,1,0.9999738
1,1,0.99997246
1,1,0.99996865
1,1,0.9999738
1,1,0.99996614
1,1,0.9999695
1,1,0.99997246
1,1,0.9999727
1,1,0.98478276
1,1,0.99995565
1,1,0.9999156
1,1,0.9999696
1,1,0.9999585
1,1,0.9999685
1,1,0.99997103
1,1,0.99997246
1,1,0.99997365
1,1,0.98793143
1,1,0.9999732
1,1,0.99997175
1,1,0.99992526
1,1,0.99991345
1,1,0.99996984
1,1,0.9999689
1,1,0.9999676
1,1,0.999969
1,1,0.9767655
1,1,0.9994616
1,1,0.99996793
1,1,0.9999665
1,1,0.99996257
1,1,0.9999701
1,1,0.9998995
1,1,0.99996376
1,1,0.9999689
1,1,0.99997294
1,1,0.9981669
1,1,0.9999703
1,1,0.9995654
1,1,0.9999695
1,1,0.9999584
1,1,0.99945945
1,1,0.99996984
1,1,0.99996746
1,1,0.9999659
1,1,0.99996877
1,1,0.9990196
1,1,0.99996114
1,1,0.9999685
1,1,0.99935395
1,1,0.9999697
1,1,0.9999703
1,1,0.9999603
1,1,0.99996185
1,1,0.99995923
1,1,0.9999738
1,1,0.99996185
1,1,0.99996126
1,1,0.9999691
1,1,0.9999734
1,1,0.99996436
1,1,0.99996877
1,1,0.99997354
1,1,0.9999721
1,1,0.9999721
1,1,0.9999732
1,1,0.999126
1,1,0.99997365
1,1,0.99995947
1,1,0.99992406
1,1,0.999974
1,1,0.99985373
1,1,0.999943
1,1,0.9999664
1,1,0.9999722
1,1,0.99995446
1,1,0.99995184
1,1,0.999972
1,1,0.99995863
1,1,0.9999738
1,1,0.99996686
1,1,0.9999702
1,1,0.9996798
1,1,0.9998919
1,1,0.9998319
1,1,0.99997294
1,1,0.9999682
1,1,0.999969
1,1,0.9999732
1,1,0.999954
1,1,0.99996614
1,1,0.99996996
1,1,0.99996316
1,1,0.99996364
1,1,0.99996686
1,1,0.9999728
1,1,0.99995005
1,1,0.9999716
1,1,0.99996746
1,1,0.9996222
1,1,0.99993885
1,1,0.99996006
1,1,0.99997306
1,1,0.99995995
1,1,0.9999697
1,1,0.99997306
1,1,0.9999678
1,1,0.9999726
1,1,0.9999664
1,1,0.9999708
1,1,0.9999664
1,1,0.99997175
1,1,0.9999695
1,1,0.99997175
1,1,0.9999603
1,1,0.99994254
1,1,0.999959
1,1,0.999884
1,1,0.9999726
1,1,0.9999702
1,1,0.9999069
1,1,0.9999722
1,1,0.99997246
1,1,0.9999689
1,1,0.9995962
1,1,0.9999707
1,1,0.91533303
1,1,0.99997354
1,1,0.9999722
1,1,0.9684995
1,1,0.99995744
1,1,0.9999672
1,1,0.99997115
1,1,0.9999026
1,1,0.9999722
1,1,0.99996877
1,1,0.99997246
1,1,0.999972
1,1,0.9999709
1,1,0.9999559
1,1,0.99110293
1,1,0.9999722
1,1,0.9999448
1,1,0.99997044
1,1,0.9999722
1,1,0.99991333
1,1,0.99994004
1,1,0.9999722
1,1,0.99986374
1,1,0.9999603
1,1,0.9999584
1,1,0.9999716
1,1,0.9999702
1,1,0.9999715
1,1,0.99992347
1,1,0.99764156
1,1,0.9999554
1,1,0.9998578
1,1,0.99996114
1,1,0.9999734
1,1,0.9999722
1,1,0.9999671
1,1,0.99997425
1,1,0.9992506
1,1,0.9999708
1,1,0.9999728
1,1,0.9999726
1,0,0.36336622
1,1,0.99996066
1,1,0.99996126
1,1,0.9999716
1,1,0.99996376
1,1,0.999964
1,0,6.6259825e-05
1,1,0.9456394
1,1,0.9999263
1,1,0.99990916
1,1,0.9984944
1,1,0.814347
1,1,0.9999726
1,1,0.99949086
1,0,0.15335137
1,1,0.99920267
1,1,0.99994135
1,1,0.99979264
1,1,0.9899603
1,1,0.9953752
1,1,0.99982893
1,0,0.1874464
1,0,0.20461906
1,0,0.0044917013
1,1,0.99325657
1,1,0.99914145
1,1,0.99986005
1,1,0.9999696
1,1,0.99916446
1,1,0.9999496
1,1,0.9992654
1,1,0.9999683
1,1,0.9999671
1,1,0.69863045
1,1,0.99997246
1,1,0.9999728
1,1,0.9999708
1,1,0.9999727
1,1,0.9999733
1,1,0.90303665
1,1,0.9999614
1,1,0.94829476
1,1,0.9998062
1,1,0.99991655
1,1,0.999974
1,1,0.99987555
1,1,0.9999455
1,1,0.7661704
1,1,0.99967515
1,1,0.99977213
1,1,0.9999746
1,1,0.99996734
1,0,0.14386222
1,1,0.9998468
1,1,0.94804144
1,1,0.99997234
1,1,0.99567103
1,0,0.00033473814
1,1,0.9996679
1,1,0.99913377
1,1,0.7546798
1,1,0.9743978
1,0,0.1463634
1,1,0.9999496
1,1,0.9814891
1,1,0.53586507
1,1,0.99997413
1,1,0.9999474
1,0,0.0060812104
1,0,0.002046579
1,1,0.9999733
1,1,0.99996614
1,1,0.9999677
1,1,0.99997365
1,1,0.9990344
1,1,0.99995375
1,1,0.9997987
1,1,0.9999641
1,1,0.85671693
1,1,0.9496599
1,1,0.99997044
1,1,0.9999292
1,1,0.9999676
1,1,0.99814963
1,1,0.9994765
1,1,0.99990094
1,1,0.999974
1,1,0.9999238
1,1,0.9999716
1,1,0.999972
1,1,0.9999628
1,1,0.90740293
1,1,0.9999722
1,1,0.9854087
1,1,0.9944564
1,1,0.9999646
1,1,0.9999734
1,1,0.999972
1,1,0.9999746
1,1,0.9999654
1,0,0.30873615
1,1,0.9999558
1,1,0.99986506
1,1,0.99997246
1,1,0.99997425
1,0,0.11606562
1,1,0.9999548
1,1,0.9999639
1,1,0.9993094
1,1,0.99904126
1,1,0.9999738
1,1,0.5823327
1,1,0.99867094
1,0,0.09537048
1,1,0.99995637
1,0,0.00020055467
1,1,0.9998957
1,1,0.9998198
1,1,0.9999707
1,1,0.9999727
1,1,0.9999691
1,1,0.9999676
1,1,0.9999702
1,1,0.98797995
1,1,0.9999702
1,1,0.9999616
1,1,0.99996626
1,1,0.99996114
1,0,0.3772347
1,1,0.9999721
1,1,0.9999714
1,1,0.9999696
1,1,0.9176461
1,1,0.9999707
1,1,0.9998528
1,1,0.9999738
1,1,0.9979674
1,1,0.9999716
1,1,0.9644662
1,0,0.00031111907
1,1,0.9958347
1,1,0.9999671
1,1,0.99989414
1,1,0.6993038
1,1,0.58740693
1,1,0.9999652
1,1,0.98403317
1,1,0.78457856
1,1,0.9491461
1,1,0.99991834
1,0,0.0006906047
1,1,0.99997044
1,1,0.99997103
1,0,0.260104
1,1,0.8465107
1,1,0.99997246
1,1,0.51188034
1,0,7.6235614e-05
1,1,0.998728
1,1,0.9999707
1,1,0.91579807
1,1,0.83756757
1,1,0.9999709
1,1,0.90636533
1,1,0.99997175
1,0,0.30424982
1,1,0.99987364
1,0,9.652674e-05
1,0,0.001282593
1,1,0.99592006
1,1,0.9487919
1,1,0.66265786
1,1,0.99997425
1,0,0.07973869
1,1,0.99996614
1,1,0.99997246
1,1,0.937617
1,1,0.9999733
1,1,0.99995625
1,1,0.81463844
1,1,0.99925417
1,0,0.25320125
1,1,0.9999627
1,1,0.99995244
1,1,0.9999701
1,1,0.9338355
1,1,0.99994576
1,0,4.6683697e-05
1,1,0.999956
1,1,0.99992836
1,1,0.99925596
1,1,0.99996805
1,1,0.98404425
1,1,0.99995136
1,1,0.9999691
1,1,0.9999695
1,1,0.79908246
1,1,0.9999447
1,1,0.9999585
1,1,0.99997294
1,1,0.99704784
1,1,0.88492465
1,1,0.99996114
1,1,0.982167
1,1,0.99873847
1,1,0.99994123
1,1,0.99889356
1,1,0.9999018
1,1,0.9999716
1,0,0.40504685
1,1,0.995839
1,1,0.99959606
1,1,0.9142795
1,1,0.99996555
1,1,0.9999695
1,0,0.0001244517
1,1,0.99996996
1,1,0.9999691
1,1,0.9999596
1,1,0.99990106
1,1,0.9999535
1,1,0.9999727
1,1,0.8185313
1,1,0.99397886
1,0,0.006740819
1,1,0.99995565
1,1,0.99986243
1,1,0.9991122
1,0,0.25530207
1,1,0.99987245
1,0,0.0010374958
1,0,0.00016339193
1,1,0.9994804
1,1,0.99990344
1,1,0.99526715
1,1,0.9999559
1,1,0.99991906
1,1,0.9999697
1,1,0.999967
1,0,0.006325051
1,1,0.9998772
1,1,0.9991959
1,1,0.9998542
1,1,0.9979194
1,1,0.99997044
1,1,0.8715205
1,0,0.00093419146
1,1,0.9378892
1,1,0.9992623
1,1,0.99997294
1,1,0.99695826
1,1,0.99997437
1,1,0.9999738
1,1,0.9999223
1,1,0.9778144
1,1,0.9998023
1,1,0.9999293
1,1,0.6667846
1,1,0.99984515
1,1,0.99793375
1,1,0.99997306
1,1,0.999969
1,1,0.9999707
1,1,0.9998068
1,1,0.9905222
1,1,0.99994004
1,1,0.9984055
1,1,0.99681455
1,1,0.9975624
1,1,0.9999422
1,1,0.99992955
1,1,0.99992156
1,1,0.6006204
1,1,0.99997365
1,1,0.99996424
1,1,0.99996066
1,0,0.001135945
1,0,9.576595e-05
1,1,0.9998011
1,1,0.8626564
1,1,0.99995315
1,1,0.97299284
1,1,0.99994683
1,1,0.9977343
1,0,0.44803202
1,1,0.9280915
1,0,0.18564507
1,1,0.9999682
1,1,0.9999652
1,1,0.9997004
1,1,0.9992716
1,0,0.12449706
1,1,0.9999206
1,1,0.8747947
1,0,0.1102418
1,1,0.9970034
1,1,0.9999697
1,1,0.8685502
1,1,0.55818313
1,1,0.99662554
1,0,0.4634315
1,1,0.9999542
1,0,0.0081553385
1,1,0.99995744
1,1,0.9999671
1,0,0.033393748
1,1,0.9999732
1,1,0.99997365
1,1,0.5660856
1,0,0.0009844117
1,1,0.6759155
1,1,0.9999722
1,1,0.999972
1,1,0.9999182
1,1,0.99997234
1,1,0.99995863
1,1,0.9999212
1,1,0.999961
1,0,0.09898554
1,1,0.99994993
1,1,0.9962047
1,1,0.9991315
1,1,0.9997178
1,0,0.0001204409
1,1,0.9997354
1,1,0.9998671
1,1,0.99977285
1,1,0.9993569
1,1,0.99996865
1,1,0.9772675
1,1,0.6276157
1,1,0.9997503
1,1,0.9998896
1,1,0.99996483
1,1,0.99963486
1,1,0.9999124
1,0,0.06638238
1,1,0.9579759
1,1,0.9999325
1,1,0.75380355
1,1,0.99994767
1,1,0.99995065
1,0,0.02642975
1,1,0.9998492
1,1,0.99996257
1,1,0.82989955
1,1,0.9999685
1,0,0.3909408
1,1,0.9997694
1,1,0.99993837
1,1,0.99997115
1,1,0.9999188
1,1,0.9996761
1,1,0.99997103
1,1,0.8355666
1,1,0.9999087
1,1,0.99945575
1,1,0.9761787
1,1,0.99776876
1,1,0.9999747
1,1,0.9967944
1,1,0.99992263
1,1,0.9986136
1,1,0.9999733
1,1,0.9999646
1,1,0.99990904
1,1,0.99982786
1,1,0.9960141
1,1,0.9999739
1,1,0.9999738
1,1,0.9999529
1,0,0.06002838
1,1,0.9999722
1,1,0.9999654
1,1,0.9995202
1,1,0.9999713
1,1,0.99995303
1,1,0.9999635
1,1,0.989754
1,1,0.70297503
1,1,0.99997306
1,1,0.99983203
1,1,0.99965155
1,0,0.22347958
1,1,0.9997763
1,1,0.9999708
1,1,0.9999665
1,1,0.99976116
1,1,0.9998808
1,1,0.9999622
1,1,0.99996495
1,0,0.0001308751
1,1,0.9992353
1,1,0.99996436
1,1,0.999972
1,1,0.64208883
1,1,0.92337376
1,1,0.9998148
1,1,0.9999726
1,1,0.99996126
1,1,0.9999424
1,1,0.9999615
1,0,0.00415776
1,0,0.39235622
1,1,0.99996877
1,1,0.69154936
1,1,0.9999504
1,1,0.999974
1,0,0.08936633
1,1,0.99996746
1,1,0.6735232
1,1,0.99996126
1,1,0.9999695
1,1,0.9999646
1,1,0.9999676
1,0,0.23916686
1,1,0.9999714
1,1,0.99507165
1,1,0.9999238
1,1,0.999966
1,1,0.89172685
1,1,0.99997354
1,1,0.99991286
1,0,0.46168005
1,1,0.583153
1,1,0.9999733
1,1,0.99996316
1,1,0.9997844
1,1,0.99995947
1,1,0.9999659
1,1,0.9999703
1,1,0.93253684
1,1,0.9999651
1,1,0.9999739
1,1,0.9999639
1,1,0.9999362
1,1,0.999972
1,1,0.99992394
1,1,0.7767377
1,1,0.9998436
1,1,0.99989915
1,1,0.9999651
1,1,0.9994479
1,1,0.71509856
1,1,0.99997056
1,1,0.99995935
1,0,0.00012093367
1,1,0.9993537
1,1,0.98798954
1,1,0.9999707
1,1,0.99995756
1,1,0.99995613
1,1,0.99997187
1,1,0.99996805
1,1,0.99997056
1,0,0.018288566
1,0,0.23466715
1,1,0.99539244
1,1,0.9999641
1,1,0.9998342
1,1,0.99996245
1,1,0.999972
1,1,0.99449795
1,0,0.0021059827
1,1,0.99997306
1,1,0.99997425
1,1,0.99990356
1,0,0.037683614
1,1,0.99997306
1,1,0.99997056
1,1,0.9551942
1,1,0.99870217
1,0,0.070559315
1,1,0.9707813
1,1,0.99996996
1,0,0.06164684
1,0,0.003990644
1,1,0.9999354
1,1,0.9999653
1,1,0.9999739
1,1,0.99997354
1,1,0.99986684
1,1,0.9999734
1,0,8.636875e-05
1,1,0.96817064
1,1,0.9996424
1,1,0.999966
1,1,0.99995124
1,0,0.29971346
1,1,0.9999349
1,1,0.99996805
1,1,0.9997614
1,1,0.9999727
1,1,0.99997425
1,1,0.9999628
1,0,0.08350923
1,1,0.99996436
1,1,0.9998436
1,1,0.99997306
1,1,0.99997187
1,0,0.12331754
1,1,0.9998559
1,1,0.9999622
1,1,0.9999714
1,1,0.99188834
1,0,0.17840947
1,1,0.99996424
1,1,0.99990773
1,1,0.9991885
1,1,0.9999542
1,1,0.99990404
1,1,0.9999732
1,1,0.97205025
1,1,0.97384906
1,1,0.9915047
1,1,0.9999659
1,1,0.999966
1,1,0.9999734
1,1,0.99997103
1,1,0.99996626
1,1,0.99997246
1,1,0.99997044
1,1,0.9999733
1,1,0.9999738
1,1,0.9999708
1,1,0.99996376
1,1,0.99997103
1,1,0.99997306
1,1,0.99997354
1,1,0.9999684
1,1,0.9999702
1,1,0.9999739
1,1,0.999972
1,1,0.99996936
1,1,0.9999695
1,1,0.9999732
1,1,0.99996555
1,1,0.999974
1,1,0.9999423
1,1,0.9999721
1,1,0.9999738
1,1,0.99995923
1,1,0.9998758
1,1,0.99996483
1,1,0.99991226
1,1,0.9999529
1,1,0.9999734
1,1,0.9999715
1,1,0.9999727
1,1,0.99996614
1,1,0.9999616
1,1,0.9999732
1,1,0.9999658
1,1,0.99996984
1,1,0.99997234
1,1,0.99996805
1,1,0.9999734
1,1,0.9999733
1,1,0.9999727
1,1,0.999926
1,1,0.9999715
1,1,0.9999738
1,1,0.99992824
1,1,0.9999716
1,1,0.9999691
1,1,0.9999722
1,1,0.9999733
1,1,0.9999602
1,1,0.9871568
1,1,0.99996805
1,1,0.99997246
1,1,0.9999734
1,1,0.9999716
1,1,0.9999716
1,1,0.99983406
1,1,0.9999728
1,1,0.9999734
1,1,0.99996924
1,1,0.9999721
1,1,0.9999714
1,1,0.99997306
1,1,0.99995303
1,1,0.99997294
1,1,0.9999721
1,1,0.9999738
1,1,0.99997354
1,1,0.99963784
1,1,0.9999479
1,1,0.99997354
1,1,0.9999696
1,1,0.99997425
1,1,0.999969
1,1,0.99997187
1,1,0.99996924
1,1,0.9999738
1,1,0.99997246
1,1,0.99996936
1,1,0.99992085
1,1,0.9999647
1,1,0.9999721
1,1,0.9999732
1,1,0.9986303
1,1,0.999972
1,1,0.99997175
1,1,0.9999691
1,1,0.999972
1,1,0.9999708
1,1,0.99997306
1,1,0.9999443
1,1,0.999966
1,1,0.99996924
1,1,0.662186
1,1,0.99997234
1,1,0.9999695
1,1,0.9999721
1,1,0.9997367
1,1,0.9999709
1,1,0.9999702
1,1,0.9999689
1,1,0.99996686
1,1,0.9999695
1,1,0.9999579
1,1,0.99997246
1,1,0.9999479
1,1,0.99997365
1,1,0.999936
1,1,0.99997175
1,1,0.9999125
1,1,0.9999734
1,1,0.99997306
1,1,0.9999689
1,1,0.9999672
1,1,0.99997306
1,1,0.9999738
1,1,0.9999678
1,1,0.99997246
1,1,0.9999727
1,1,0.9997291
1,1,0.9983822
1,1,0.9999722
1,1,0.9999734
1,1,0.99997187
1,1,0.999972
1,1,0.9999424
1,1,0.9999645
1,1,0.9999709
1,1,0.99997354
1,1,0.9999049
1,1,0.9999701
1,1,0.9971564
1,1,0.9999715
1,1,0.9999708
1,1,0.9999707
1,1,0.99994445
1,1,0.999767
1,1,0.99994934
1,1,0.9999579
1,1,0.9979772
1,1,0.99997175
1,1,0.9999722
1,1,0.9999716
1,1,0.99997115
1,1,0.9999707
1,1,0.9999654
1,1,0.99997187
1,1,0.9999701
1,1,0.99997365
1,1,0.99996305
1,1,0.99997294
1,1,0.99997103
1,1,0.9999709
1,1,0.9999727
1,1,0.99997044
1,1,0.99996006
1,1,0.9999616
1,1,0.9999713
1,1,0.9999728
1,1,0.9999664
1,1,0.9999665
1,1,0.99996376
1,1,0.9999726
1,1,0.9999697
1,1,0.99995875
1,1,0.9998876
1,1,0.9999714
1,1,0.99997354
1,1,0.9999727
1,1,0.9999608
1,1,0.9997359
1,1,0.9999677
1,1,0.99997306
1,1,0.99996424
1,1,0.99997103
1,1,0.9999732
1,1,0.99997246
1,1,0.99995685
1,1,0.9999654
1,1,0.99996483
1,1,0.99997187
1,1,0.9999554
1,1,0.99996746
1,1,0.9995473
1,1,0.9999733
1,1,0.99996996
1,1,0.99997234
1,1,0.99997187
1,1,0.99997306
1,1,0.9999733
1,1,0.9999732
1,1,0.99996245
1,1,0.9999713
1,1,0.9999546
1,1,0.9999634
1,1,0.9999703
1,1,0.99997056
1,1,0.9999703
1,1,0.9999734
1,1,0.999967
1,1,0.9999541
1,1,0.99994695
1,1,0.9999714
1,1,0.9999738
1,1,0.99997175
1,1,0.9999677
1,1,0.99996495
1,1,0.9999696
1,1,0.9999733
1,1,0.9999702
1,1,0.99996006
1,1,0.9999733
1,1,0.9999285
1,1,0.99997246
1,1,0.9999654
1,1,0.9961437
1,1,0.99997306
1,1,0.99997294
1,1,0.9999733
1,1,0.99997103
1,1,0.99996173
1,1,0.9999658
1,1,0.9999734
1,1,0.9999732
1,1,0.9996958
1,1,0.99997354
1,1,0.9999734
1,1,0.9999703
1,1,0.999974
1,1,0.99997103
1,1,0.9999528
1,1,0.9999732
1,1,0.999966
1,1,0.99996805
1,1,0.99980015
1,1,0.9999708
1,1,0.9999553
1,1,0.999972
1,1,0.9999646
1,1,0.99995863
1,1,0.9999502
1,1,0.9999722
1,1,0.99997044
1,1,0.99994123
1,1,0.9999565
1,1,0.99997175
1,1,0.9999583
1,1,0.9999722
1,1,0.99997246
1,1,0.99996316
1,1,0.9972433
1,1,0.99997234
1,1,0.8011966
1,1,0.999974
1,1,0.9999708
1,1,0.9999738
1,1,0.9999602
1,1,0.99997187
1,1,0.99995995
1,1,0.999818
1,1,0.99997103
1,1,0.9999707
1,1,0.9999529
1,1,0.999962
1,1,0.99997365
1,1,0.9999732
1,1,0.99996746
1,1,0.99996305
1,1,0.99997234
1,1,0.9999721
1,1,0.99996054
1,1,0.9999502
1,1,0.99995804
1,1,0.99996114
1,1,0.99958986
1,1,0.9999106
1,1,0.99997056
1,1,0.999974
1,1,0.99997437
1,1,0.9999684
1,1,0.9999727
1,1,0.999969
1,1,0.9999559
1,1,0.99997294
1,1,0.99997234
1,1,0.99997115
1,1,0.99996984
1,1,0.9999721
1,1,0.9999682
1,1,0.99997365
1,1,0.9999728
1,1,0.99997175
1,1,0.9999713
1,1,0.9999554
1,1,0.9999708
1,1,0.9998741
1,1,0.99990296
1,1,0.9999713
1,1,0.9999728
1,1,0.9999734
1,1,0.99997115
1,1,0.9999697
1,1,0.9999666
1,1,0.9999684
1,1,0.9999716
1,1,0.99997365
1,1,0.9999727
1,1,0.9999652
1,1,0.999974
1,1,0.99997354
1,1,0.9999721
1,1,0.9999629
1,1,0.9999672
1,1,0.99997115
1,1,0.99997056
1,1,0.99997044
1,1,0.9999629
1,1,0.99994385
1,1,0.9999709
1,1,0.9999664
1,1,0.99996686
1,1,0.99996054
1,1,0.99997294
1,1,0.9999707
1,1,0.99997234
1,1,0.99997234
1,1,0.9999697
1,1,0.99996865
1,1,0.99997294
1,1,0.9999727
1,1,0.999974
1,1,0.9999722
1,1,0.9999728
1,1,0.9999738
1,1,0.99995553
1,1,0.9999671
1,1,0.9999727
1,1,0.9999738
1,1,0.9999733
1,1,0.9999701
1,1,0.9999703
1,1,0.9999703
1,1,0.9999676
1,1,0.99997413
1,1,0.9999732
1,1,0.9999728
1,1,0.99997354
1,1,0.9999713
1,1,0.9999448
1,1,0.9999727
1,1,0.9999684
1,1,0.9999567
1,1,0.99167013
1,1,0.99997103
1,1,0.99994373
1,1,0.99997187
1,1,0.99997354
1,1,0.99997103
1,1,0.9999641
1,1,0.9999701
1,1,0.9999658
1,1,0.9999534
1,1,0.99996626
1,1,0.9999733
1,1,0.99997103
1,1,0.9999685
1,1,0.9999721
1,1,0.9999641
1,1,0.9999738
1,1,0.99997365
1,1,0.99997306
1,1,0.99997103
1,1,0.9895252
1,1,0.99997354
1,1,0.9999733
1,1,0.9999713
1,1,0.99997056
1,1,0.99997294
1,1,0.99997306
1,1,0.9999715
1,1,0.99997294
1,1,0.9999615
1,1,0.99997365
1,1,0.9999603
1,1,0.9999739
1,1,0.99997175
1,1,0.999972
1,1,0.9999733
1,1,0.85959965
1,1,0.9999734
1,1,0.9999697
1,1,0.9999685
1,1,0.99996734
1,1,0.68402183
1,1,0.99996924
1,1,0.99997056
1,1,0.99997056
1,1,0.99997437
1,1,0.9999341
1,1,0.99996614
1,1,0.99997187
1,1,0.99997044
1,1,0.99995816
1,1,0.9999733
1,1,0.9999709
1,1,0.99997294
1,1,0.9999521
1,1,0.99997234
1,1,0.999967
1,1,0.99996793
1,1,0.99994123
1,1,0.9999707
1,1,0.999964
1,1,0.9999721
1,1,0.9999732
1,1,0.99997437
1,1,0.9999734
1,1,0.9999678
1,1,0.9999732
1,1,0.9999721
1,1,0.99985266
1,1,0.9999708
1,1,0.99996877
1,1,0.9999677
1,1,0.9999727
1,1,0.99997234
1,1,0.99997306
1,1,0.99996936
1,1,0.999928
1,1,0.9999696
1,1,0.9999709
1,1,0.99997115
1,1,0.99996793
1,1,0.9999713
1,1,0.9999461
1,1,0.99997103
1,1,0.9999714
1,1,0.9999672
1,1,0.9998202
1,1,0.9999677
1,1,0.96545315
1,1,0.99995697
1,1,0.9999714
1,1,0.99996984
1,1,0.9999678
1,1,0.99996376
1,1,0.9999336
1,1,0.99997437
1,1,0.9999511
1,1,0.99997246
1,1,0.9999498
1,1,0.9996146
1,1,0.9999703
1,1,0.9999709
1,1,0.9999399
1,1,0.9999713
1,1,0.9999664
1,1,0.99996495
1,1,0.9999682
1,1,0.9999691
1,1,0.99997187
1,1,0.999974
1,1,0.99997175
1,1,0.99997246
1,1,0.99997306
1,1,0.9999726
1,1,0.99997306
1,1,0.99997187
1,1,0.99996436
1,1,0.99997044
1,1,0.99996984
1,1,0.9999738
1,1,0.99996686
1,1,0.9999652
1,1,0.9999703
1,1,0.99996865
1,1,0.9999714
1,1,0.9999714
1,1,0.9999728
1,1,0.9999732
1,1,0.99996626
1,1,0.99997294
1,1,0.9999722
1,1,0.9999684
1,1,0.9999728
1,1,0.9999715
1,1,0.9999716
1,1,0.9999738
1,1,0.9999696
1,1,0.999972
1,1,0.99995863
1,1,0.99913627
1,1,0.9999727
1,1,0.9999715
1,1,0.9998779
1,1,0.99997354
1,1,0.99997365
1,1,0.99997234
1,1,0.99996984
1,1,0.99997234
1,1,0.99996257
1,1,0.9999428
1,1,0.9999728
1,1,0.99997413
1,1,0.9998424
1,1,0.9999734
1,1,0.99997234
1,1,0.999949
1,1,0.99997103
1,1,0.9999722
1,1,0.99996746
1,1,0.9999715
1,1,0.99997354
1,1,0.9999677
1,1,0.99997306
1,1,0.99997294
1,1,0.9999728
1,1,0.9999732
1,1,0.9011031
1,1,0.99995565
1,1,0.99997175
1,1,0.99997354
1,1,0.99997103
1,1,0.9999732
1,1,0.9999658
1,1,0.9999716
1,1,0.9998047
1,1,0.99997365
1,1,0.99996865
1,1,0.9999726
1,1,0.9997501
1,1,0.9999683
1,1,0.9999708
1,1,0.999969
1,1,0.99996185
1,1,0.99994314
1,1,0.9999597
1,1,0.99997354
1,1,0.999974
1,1,0.9999734
1,1,0.9999733
1,1,0.9999715
1,1,0.999969
1,1,0.999972
1,1,0.9999715
1,1,0.99997365
1,1,0.9999739
1,1,0.99996924
1,1,0.99996555
1,1,0.99997306
1,1,0.99996436
1,1,0.99997413
1,1,0.9999734
1,1,0.9999709
1,1,0.9999722
1,1,0.8077741
1,1,0.9999697
1,1,0.9999678
1,1,0.99997187
1,1,0.9998148
1,1,0.9999734
1,1,0.99997294
1,1,0.9999629
1,1,0.9999733
1,1,0.9999733
1,1,0.9999733
1,1,0.9999728
1,1,0.9999703
1,1,0.9999546
1,1,0.9999577
1,1,0.99997115
1,1,0.999969
1,1,0.9999721
1,1,0.9999726
1,1,0.9999738
1,1,0.9999732
1,1,0.99997413
1,1,0.9999418
1,1,0.9999721
1,1,0.99997246
1,1,0.9999597
1,1,0.9999732
1,1,0.99997306
1,1,0.99997294
1,1,0.9999671
1,1,0.9998412
1,1,0.9999676
1,1,0.99997365
1,1,0.99996686
1,1,0.99997365
1,1,0.9999722
1,1,0.999961
1,1,0.99989617
1,1,0.9999716
1,1,0.999972
1,1,0.9999722
1,1,0.99996054
1,1,0.99996066
1,1,0.99997175
1,1,0.9687233
1,1,0.999972
1,1,0.99997234
1,1,0.9999726
1,1,0.99996495
1,1,0.9999727
1,1,0.9999709
1,1,0.9999739
1,1,0.99997294
1,1,0.9999727
1,1,0.9999733
1,1,0.9999733
1,1,0.9999728
1,1,0.99996126
1,1,0.9999732
1,1,0.9999726
1,1,0.99997425
1,1,0.9999721
1,1,0.99994516
1,1,0.9999685
1,1,0.9999695
1,1,0.9999716
1,1,0.99996483
1,1,0.9999715
1,1,0.9999634
1,1,0.9999727
1,1,0.9999726
1,1,0.9999726
1,1,0.99997365
1,1,0.9999621
1,1,0.9999658
1,1,0.9999682
1,1,0.9999683
1,1,0.9999701
1,1,0.9999714
1,1,0.9967745
1,1,0.9998907
1,1,0.99994254
1,1,0.99997175
1,1,0.9999708
1,1,0.9999701
1,1,0.9999691
1,1,0.9999659
1,1,0.9999634
1,1,0.99997175
1,1,0.9999739
1,1,0.7601883
1,1,0.99997365
1,1,0.99997234
1,1,0.9999708
1,1,0.9996124
1,1,0.9999602
1,1,0.9999727
1,1,0.99996626
1,1,0.99996376
1,1,0.9999709
1,1,0.9999652
1,1,0.999964
1,1,0.99997425
1,1,0.99997294
1,1,0.9999713
1,1,0.9999732
1,1,0.99996173
1,1,0.99997234
1,1,0.9999682
1,1,0.999969
1,1,0.9999716
1,1,0.999969
1,1,0.99996996
1,1,0.999969
1,1,0.9999672
1,1,0.99996877
1,1,0.9999734
1,1,0.9999641
1,1,0.9996542
1,1,0.9999585
1,1,0.99997354
1,1,0.9999707
1,1,0.9999721
1,1,0.9999732
1,1,0.99997365
1,1,0.99997234
1,1,0.9999683
1,1,0.999959
1,1,0.99997294
1,1,0.9999697
1,1,0.9999713
1,1,0.99977916
1,1,0.9999696
1,1,0.99997354
1,1,0.9999722
1,1,0.9999714
1,1,0.99996376
1,1,0.9999621
1,1,0.99916637
1,1,0.99996483
1,1,0.9999411
1,1,0.9999697
1,1,0.9999722
1,1,0.99972874
1,1,0.99995565
1,1,0.9999722
1,1,0.99996424
1,1,0.999972
1,1,0.99997294
1,1,0.9998677
1,1,0.9999689
1,1,0.9999738
1,1,0.9999727
1,1,0.99997246
1,1,0.9999732
1,1,0.9999689
1,1,0.99997413
1,1,0.99994814
1,1,0.9999683
1,1,0.9999739
1,1,0.9999713
1,1,0.9999732
1,1,0.99997103
1,1,0.9999654
1,1,0.9999734
1,1,0.99997306
1,1,0.93630433
1,1,0.9999726
1,1,0.9999685
1,1,0.99996984
1,1,0.999974
1,1,0.9999728
1,1,0.99996674
1,1,0.99997354
1,1,0.9980731
1,1,0.9999716
1,1,0.999972
1,1,0.99997103
1,1,0.9999733
1,1,0.9999734
1,1,0.9999671
1,1,0.9999722
1,1,0.999972
1,1,0.9999726
1,1,0.9999727
1,1,0.99997044
1,1,0.9999739
1,1,0.9997838
1,1,0.99996376
1,1,0.99993086
1,1,0.99997056
1,1,0.999966
1,1,0.9999726
1,1,0.9999676
1,1,0.9999633
1,1,0.9999732
1,1,0.9999709
1,1,0.9999732
1,1,0.9999733
1,1,0.99988055
1,1,0.9999604
1,1,0.99996877
1,1,0.9999473
1,1,0.9999721
1,1,0.99997234
1,1,0.9999653
1,1,0.99997425
1,1,0.99997306
1,1,0.99996936
1,1,0.9999739
1,1,0.99997234
1,1,0.9999683
1,1,0.9999449
1,1,0.9999584
1,1,0.99997306
1,1,0.99997115
1,1,0.9999691
1,1,0.9999716
1,1,0.9999528
1,1,0.9999726
1,1,0.9999703
1,1,0.9999732
1,1,0.9997062
1,1,0.999091
1,1,0.9999738
1,1,0.9999597
1,1,0.99997413
1,1,0.9999691
1,1,0.9999689
1,1,0.9999727
1,1,0.9999536
1,1,0.9999709
1,1,0.99997306
1,1,0.999972
1,1,0.9999114
1,1,0.9999709
1,1,0.9999726
1,1,0.9999627
1,1,0.99997234
1,1,0.9999678
1,1,0.9999709
1,1,0.9999734
1,1,0.999972
1,1,0.9999733
1,1,0.9999738
1,1,0.99997294
1,1,0.9999527
1,1,0.99994516
1,1,0.99997354
1,1,0.99997187
1,1,0.999967
1,1,0.9999702
1,1,0.9999728
1,1,0.9999732
1,1,0.9999726
1,1,0.9999057
1,1,0.9999701
1,1,0.9999659
1,1,0.9999726
1,1,0.999972
1,1,0.99991524
1,1,0.9999697
1,1,0.9999689
1,1,0.999961
1,1,0.9999678
1,1,0.9999651
1,1,0.9999713
1,1,0.9999722
1,1,0.99997246
1,1,0.99997365
1,1,0.9999722
1,1,0.99996984
1,1,0.9999715
1,1,0.99986553
1,1,0.99997246
1,1,0.9999621
1,1,0.9997503
1,1,0.9999701
1,1,0.99997246
1,1,0.9999685
1,1,0.99995935
1,1,0.9999726
1,1,0.9999689
1,1,0.9999641
1,1,0.99996936
1,1,0.9999676
1,1,0.99997294
1,1,0.99989784
1,1,0.9999738
1,1,0.9999651
1,1,0.9999672
1,1,0.9999726
1,1,0.9999732
1,1,0.99997306
1,1,0.9999633
1,1,0.99996614
1,1,0.99997246
1,1,0.9999647
1,1,0.99997294
1,1,0.9999734
1,1,0.99996424
1,1,0.9999734
1,1,0.9999726
1,1,0.99997306
1,1,0.999974
1,1,0.999972
1,1,0.9999602
1,1,0.99997044
1,1,0.9999695
1,1,0.9999733
1,1,0.9999733
1,1,0.99997294
1,1,0.99997294
1,1,0.99997246
1,1,0.9987387
1,1,0.9999716
1,1,0.99996734
1,1,0.99997294
1,1,0.9999728
1,1,0.9999739
1,1,0.9999707
1,1,0.99996626
1,1,0.99997306
1,1,0.999967
1,1,0.9999732
1,1,0.9999732
1,1,0.9999567
1,1,0.99978834
1,1,0.99997187
1,1,0.9999732
1,1,0.9999714
1,1,0.9999616
1,1,0.9999646
1,1,0.9999685
1,1,0.9999716
1,1,0.9999709
1,1,0.9999665
1,1,0.9999685
1,1,0.99997306
1,1,0.99996877
1,1,0.9921176
1,1,0.9999726
1,1,0.99996245
1,1,0.9999646
1,1,0.9999716
1,1,0.9999734
1,1,0.9999622
1,1,0.9999713
1,1,0.99996924
1,1,0.9999677
1,1,0.9999734
1,1,0.9999701
1,1,0.9999726
1,1,0.9999691
1,1,0.9999671
1,1,0.99991286
1,1,0.99996996
1,1,0.99995875
1,1,0.99997354
1,1,0.9999739
1,1,0.99995184
1,1,0.9999722
1,1,0.99997115
1,1,0.9999721
1,1,0.99981266
1,1,0.99997294
1,1,0.9999733
1,1,0.99996674
1,1,0.9999728
1,1,0.99997294
1,1,0.9999639
1,1,0.9999728
1,1,0.9999713
1,1,0.99972683
1,1,0.9999726
1,1,0.99997044
1,1,0.999966
1,1,0.99996865
1,1,0.99996984
1,1,0.99996495
1,1,0.9999715
1,1,0.99997246
1,1,0.99997115
1,1,0.9999716
1,1,0.99997294
1,1,0.9999738
1,1,0.9999733
1,1,0.9999702
1,1,0.9999732
1,1,0.99996555
1,1,0.99996746
1,1,0.9999691
1,1,0.99997354
1,1,0.99995744
1,1,0.9999739
1,1,0.99996924
1,1,0.9999734
1,1,0.9999721
1,1,0.9999428
1,1,0.99995863
1,1,0.9999715
1,1,0.99997306
1,1,0.9999604
1,1,0.99997246
1,1,0.9999728
1,1,0.99997044
1,1,0.99996376
1,1,0.9999732
1,1,0.9999728
1,1,0.9999728
1,1,0.9999739
1,1,0.99996865
1,1,0.99997365
1,1,0.99990654
1,1,0.9999714
1,1,0.9999665
1,1,0.9999553
1,1,0.9999708
1,1,0.9999715
1,1,0.99996984
1,1,0.99997354
1,1,0.99997294
1,1,0.999972
1,1,0.9999714
1,1,0.99996376
1,1,0.99997187
1,1,0.9999734
1,1,0.9999727
1,1,0.9999691
1,1,0.99828595
1,1,0.99997103
1,1,0.9999713
1,1,0.99997354
1,1,0.999782
1,1,0.9999691
1,1,0.99996436
1,1,0.99993587
1,1,0.9999325
1,1,0.9999722
1,1,0.9999428
1,1,0.9999701
1,1,0.99997187
1,1,0.9999734
1,1,0.9999615
1,1,0.99996924
1,1,0.9999728
1,1,0.9999708
1,1,0.9999691
1,1,0.9999727
1,1,0.9999684
1,1,0.99997103
1,1,0.9999716
1,1,0.9999684
1,1,0.9999728
1,1,0.9999739
1,1,0.9999511
1,1,0.9999677
1,1,0.9999654
1,1,0.9999646
1,1,0.99995875
1,1,0.9999709
1,1,0.9999732
1,1,0.9062879
1,1,0.99995196
1,1,0.9999571
1,1,0.9999672
1,1,0.9999707
1,1,0.9999716
1,1,0.9999689
1,1,0.99997246
1,1,0.99997425
1,1,0.9999722
1,1,0.9999554
1,1,0.9999728
1,1,0.9999677
1,1,0.99996793
1,1,0.9999733
1,1,0.99997234
1,1,0.9999621
1,1,0.99995637
1,1,0.99997294
1,1,0.9998553
1,1,0.9999722
1,1,0.9999697
1,1,0.99997365
1,1,0.99997294
1,1,0.9999728
1,1,0.99997294
1,1,0.9999703
1,1,0.9999697
1,1,0.9999658
1,1,0.9999721
1,1,0.99997103
1,1,0.9999604
1,1,0.99997306
1,1,0.9999716
1,1,0.9999721
1,1,0.999972
1,1,0.9999701
1,1,0.99996984
1,1,0.99997234
1,1,0.99997354
1,1,0.9999685
1,1,0.9999722
1,1,0.9997489
1,1,0.9999716
1,1,0.9999411
1,1,0.9999727
1,1,0.9999727
1,1,0.99997294
1,1,0.99996734
1,1,0.9999707
1,1,0.9999722
1,1,0.9999733
1,1,0.9999691
1,1,0.9999726
1,1,0.9999589
1,1,0.99996424
1,1,0.9998072
1,1,0.9999275
1,1,0.99996734
1,1,0.9999701
1,1,0.9999682
1,1,0.9999683
1,1,0.9999716
1,1,0.9999683
1,1,0.99997175
1,1,0.9999671
1,1,0.9999703
1,1,0.9999665
1,1,0.99984777
1,1,0.99997115
1,1,0.9999728
1,1,0.9999691
1,1,0.99997115
1,1,0.99987125
1,1,0.9999708
1,1,0.9999691
1,1,0.99996614
1,1,0.9999732
1,1,0.99997246
1,1,0.99997306
1,1,0.9999721
1,1,0.9999728
1,1,0.9999689
1,1,0.99997044
1,1,0.9999722
1,1,0.99997365
1,1,0.999859
1,1,0.99997246
1,1,0.99996877
1,1,0.9998241
1,1,0.9999689
1,1,0.99997234
1,1,0.9999695
1,1,0.9999672
1,1,0.99997115
1,1,0.99997354
1,1,0.99997354
1,1,0.9999738
1,1,0.9999707
1,1,0.9999728
1,1,0.9999703
1,1,0.9999701
1,1,0.999866
1,1,0.9999728
1,1,0.9999378
1,1,0.9999715
1,1,0.99996805
1,1,0.9999734
1,1,0.99997115
1,1,0.9999627
1,1,0.99997234
1,1,0.999964
1,1,0.9999739
1,1,0.99996066
1,1,0.9999734
1,1,0.9999633
1,1,0.9999703
1,1,0.9999684
1,1,0.99997044
1,1,0.99996984
1,1,0.9999733
1,1,0.999974
1,1,0.9992749
1,1,0.99997175
1,1,0.9999734
1,1,0.99996626
1,1,0.999962
1,1,0.99997246
1,1,0.99997175
1,1,0.9999701
1,1,0.9999739
1,1,0.9999689
1,1,0.99997234
1,1,0.9999713
1,1,0.9999691
1,1,0.9999722
1,1,0.99997294
1,1,0.9999713
1,1,0.99997354
1,1,0.9999721
1,1,0.9999727
1,1,0.9999635
1,1,0.9999597
1,1,0.9999707
1,1,0.9999733
1,1,0.9999722
1,1,0.9999739
1,1,0.9999721
1,1,0.9999727
1,1,0.99996984
1,1,0.99997115
1,1,0.999974
1,1,0.99997056
1,1,0.9999714
1,1,0.99997365
1,1,0.9999715
1,1,0.9999691
1,1,0.9999614
1,1,0.99997306
1,1,0.9999726
1,1,0.99996364
1,1,0.99996424
1,1,0.9999511
1,1,0.9999659
1,1,0.9999701
1,1,0.999972
1,1,0.9998845
1,1,0.9999713
1,1,0.9999727
1,1,0.99994385
1,1,0.9999715
1,1,0.99997115
1,1,0.99995303
1,1,0.9999659
1,1,0.99997044
1,1,0.6561597
1,1,0.9999707
1,1,0.9999689
1,1,0.99997294
1,1,0.9999701
1,1,0.9999738
1,1,0.9999658
1,1,0.9999738
1,1,0.99997294
1,1,0.99996126
1,1,0.99997056
1,1,0.9999722
1,1,0.9999739
1,1,0.99996936
1,1,0.99993706
1,1,0.99996805
1,1,0.9999728
1,1,0.9999728
1,1,0.99997354
1,1,0.99996734
1,1,0.9999701
1,1,0.9999726
1,1,0.9999002
1,1,0.9999629
1,1,0.9999659
1,1,0.9999695
1,1,0.9999695
1,1,0.99997306
1,1,0.97909045
1,1,0.999974
1,1,0.9999608
1,1,0.9999703
1,1,0.9999671
1,1,0.9999645
1,1,0.99997306
1,1,0.99996364
1,1,0.9992434
1,1,0.99997234
1,1,0.9992374
1,1,0.99997306
1,1,0.9999634
1,1,0.99996305
1,1,0.9999187
1,1,0.99996424
1,1,0.99996793
1,1,0.99997115
1,1,0.99997234
1,1,0.999964
1,1,0.9999727
1,1,0.9999732
1,1,0.99997246
1,1,0.99997246
1,1,0.9999726
1,1,0.99996805
1,1,0.99996674
1,1,0.99996746
1,1,0.9999664
1,1,0.99338794
1,1,0.9999726
1,1,0.9999629
1,1,0.9999683
1,1,0.99997187
1,1,0.99997187
1,1,0.9999645
1,1,0.9999647
1,1,0.9999505
1,1,0.9999722
1,1,0.99995685
1,1,0.99988663
1,1,0.99997306
1,1,0.999966
1,1,0.9999621
1,1,0.99997103
1,1,0.9999709
1,1,0.99996483
1,1,0.9999726
1,1,0.9999684
1,1,0.99996555
1,1,0.9999734
1,1,0.9999701
1,1,0.9999727
1,1,0.9999715
1,1,0.9999738
1,1,0.99996877
1,1,0.9999721
1,1,0.9999672
1,1,0.9999666
1,1,0.99997115
1,1,0.999966
1,1,0.99997234
1,1,0.9999713
1,1,0.9999689
1,1,0.999969
1,1,0.9999672
1,1,0.9999708
1,1,0.9999726
1,1,0.9999697
1,1,0.9999701
1,1,0.99993193
1,1,0.99982315
1,1,0.99997175
1,1,0.99997234
1,1,0.9999691
1,1,0.9999708
0,0,0.07810751
0,0,7.168758e-05
0,0,4.6651214e-05
0,0,0.00019072185
0,1,0.9999716
0,1,0.99506384
0,0,0.16779742
0,1,0.90221566
0,0,9.890136e-05
0,1,0.9917896
0,0,8.941813e-05
0,1,0.9676492
0,1,0.6852733
0,1,0.97791517
0,1,0.75231224
0,1,0.999951
0,0,0.034794614
0,1,0.99978524
0,0,0.017690867
0,0,0.015770404
0,0,0.001866631
0,0,0.00010330248
0,1,0.92685145
0,1,0.61406666
0,1,0.8283401
0,1,0.9030755
0,0,0.000112452966
0,1,0.7158583
0,0,0.00019210584
0,1,0.99199474
0,0,0.45793414
0,1,0.99996734
0,1,0.99995816
0,0,0.00010363786
0,0,6.113016e-05
0,1,0.9999496
0,0,0.0008075848
0,1,0.8831576
0,1,0.999466
0,1,0.8778226
0,1,0.6952961
0,1,0.9999622
0,0,0.00012260885
0,0,7.241644e-05
0,0,0.1510417
0,0,5.6273067e-05
0,0,0.002283394
0,0,0.0667301
0,0,0.03882293
0,1,0.9952998
0,1,0.9997904
0,0,0.0674287
0,1,0.93315345
0,0,0.000117663556
0,1,0.999967
0,1,0.99993193
0,0,3.7006077e-05
0,1,0.74819607
0,0,0.0014691106
0,0,0.00049155083
0,1,0.98549104
0,0,0.0010922622
0,1,0.7626241
0,1,0.999571
0,0,0.00037838516
0,0,0.000120223805
0,0,7.697988e-05
0,1,0.9983853
0,0,0.00013801883
0,1,0.7606657
0,1,0.99660254
0,1,0.8964206
0,0,0.044080857
0,1,0.9999666
0,0,0.0057317247
0,0,0.00015906105
0,1,0.9999734
0,1,0.9923765
0,1,0.51298
0,1,0.98503417
0,1,0.9999585
0,1,0.9198253
0,1,0.9999622
0,0,0.24776328
0,0,8.6685934e-05
0,1,0.99996626
0,1,0.9551525
0,1,0.91999096
0,0,6.882966e-05
0,0,7.434282e-05
0,1,0.9933884
0,1,0.9999523
0,1,0.9999709
0,0,0.00010965184
0,0,0.0064442423
0,1,0.9699737
0,1,0.9999616
0,0,8.422495e-05
0,1,0.6743551
0,1,0.99994767
0,0,9.871386e-05
0,0,0.0030350809
0,1,0.97812384
0,1,0.9991061
0,0,0.00012952815
0,0,0.0056012967
0,0,0.0001060241
0,1,0.99997234
0,1,0.881951
0,1,0.9998574
0,0,0.10757814
0,1,0.7622228
0,1,0.84895986
0,0,4.4226923e-05
0,1,0.9999734
0,0,0.011453907
0,1,0.9999058
0,1,0.7921336
0,1,0.99987483
0,0,0.00016182207
0,1,0.9999367
0,0,8.9824745e-05
0,0,9.50195e-05
0,0,4.1510513e-05
0,1,0.8295228
0,0,0.0004460778
0,0,0.00037306492
0,1,0.9982351
0,1,0.67910105
0,0,0.00013727698
0,1,0.7723712
0,0,8.8306035e-05
0,1,0.84197867
0,0,0.00021868531
0,0,0.00018378596
0,0,0.008476189
0,0,0.0013234963
0,1,0.99994075
0,0,0.010359402
0,0,9.4504605e-05
0,0,6.611895e-05
0,0,6.276548e-05
0,1,0.9589566
0,0,0.29988548
0,1,0.8736592
0,1,0.76115185
0,1,0.7455923
0,1,0.99994457
0,1,0.99994504
0,0,0.111419305
0,1,0.99988544
0,0,0.03924836
0,0,0.09908483
0,0,0.40495503
0,0,7.602943e-05
0,0,0.41922992
0,1,0.99697626
0,0,0.06571023
0,1,0.9999242
0,0,0.07710813
0,1,0.92546654
0,0,0.022647979
0,1,0.99996984
0,0,0.0126845
0,1,0.9997316
0,1,0.99956244
0,0,0.40495628
0,0,0.00357664
0,0,0.00035434696
0,1,0.7312828
0,1,0.9533387
0,1,0.9998192
0,1,0.9998956
0,1,0.9955609
0,1,0.999974
0,0,0.0045460514
0,0,7.718769e-05
0,0,0.00017566264
0,0,4.1214127e-05
0,0,4.2371645e-05
0,0,9.3783994e-05
0,1,0.99995685
0,1,0.99983585
0,0,0.38676918
0,0,0.22446279
0,1,0.9315912
0,1,0.9999628
0,1,0.58576125
0,0,8.034365e-05
0,1,0.99645954
0,0,0.00016886709
0,1,0.9998342
0,1,0.9127801
0,0,0.3207034
0,0,0.0013477575
0,0,9.309444e-05
0,0,0.0002744594
0,1,0.57332003
0,0,0.46910706
0,1,0.9841579
0,1,0.9999578
0,0,0.010695422
0,0,0.039701097
0,1,0.96610594
0,1,0.99996495
0,0,6.3281186e-05
0,0,7.109056e-05
0,1,0.66853136
0,1,0.9999049
0,0,0.15761428
0,0,0.074905105
0,0,0.18976688
0,1,0.9999409
0,0,0.081632
0,1,0.72465426
0,1,0.9985304
0,0,0.108200125
0,0,5.3596974e-05
0,0,7.6593846e-05
0,1,0.92762595
0,0,5.8183414e-05
0,1,0.9999484
0,0,0.05705793
0,0,0.00021107154
0,0,0.42281714
0,0,0.32581306
0,1,0.99991274
0,0,0.000961418
0,1,0.99559456
0,1,0.9999566
0,0,0.023356566
0,0,0.00020010637
0,0,6.52887e-05
0,0,5.4378954e-05
0,1,0.81832695
0,0,6.383461e-05
0,1,0.9152983
0,1,0.99992466
0,0,6.197362e-05
0,0,0.00010714145
0,0,0.0013923051
0,1,0.9999503
0,1,0.8277609
0,0,0.00035930375
0,0,0.00012443331
0,0,6.856748e-05
0,1,0.5506818
0,1,0.9997979
0,0,0.00052182947
0,1,0.9920306
0,0,0.0061124573
0,0,0.00014976512
0,0,0.0035669429
0,1,0.99984586
0,0,0.0001992555
0,0,0.013850675
0,1,0.99996114
0,1,0.9769527
0,1,0.9769338
0,0,0.39917052
0,0,7.095097e-05
0,0,6.92184e-05
0,1,0.9999249
0,1,0.9284798
0,0,0.36242297
0,1,0.9999008
0,1,0.6429127
0,0,0.00016986641
0,0,0.03552825
0,1,0.98246163
0,1,0.99997413
0,0,0.00010532998
0,0,7.028979e-05
0,0,0.094773695
0,0,0.00026221256
0,1,0.5761716
0,1,0.96447533
0,1,0.5746909
0,1,0.99997044
0,1,0.98223406
0,0,0.00010055824
0,0,0.028440945
0,1,0.99645704
0,1,0.9763693
0,0,0.13880813
0,1,0.99993074
0,1,0.60761046
0,1,0.9999685
0,0,0.32142937
0,0,0.00062115333
0,0,0.00014854103
0,0,0.00017269517
0,1,0.81943685
0,1,0.99985135
0,1,0.999731
0,0,0.00051601866
0,1,0.95830554
0,0,0.0010746293
0,1,0.995385
0,1,0.70136565
0,1,0.99961615
0,0,4.8982813e-05
0,1,0.76589715
0,1,0.99811506
0,0,0.005113002
0,1,0.9999505
0,1,0.999918
0,0,0.005724984
0,0,5.401242e-05
0,0,5.1216506e-05
0,0,0.4796257
0,1,0.9902874
0,1,0.99989474
0,0,7.395894e-05
0,1,0.9864763
0,0,0.0001272039
0,0,0.058521837
0,1,0.9999485
0,1,0.9999641
0,1,0.5594306
0,0,0.0048898263
0,1,0.7688949
0,1,0.7369386
0,0,0.40321642
0,0,0.0009618037
0,0,0.38516927
0,1,0.9999629
0,0,0.0005481866
0,0,0.017274288
0,1,0.9450968
0,1,0.8415981
0,0,0.02919905
0,0,0.13684765
0,1,0.99994063
0,1,0.99916863
0,0,0.050664824
0,1,0.9252428
0,1,0.999788
0,0,0.21885741
0,0,0.014142352
0,1,0.95405525
0,1,0.9999658
0,1,0.9964658
0,0,0.000114138056
0,1,0.99996686
0,1,0.98425126
0,0,0.017500151
0,1,0.99964476
0,0,4.0123068e-05
0,0,0.024619613
0,0,0.00040233065
0,0,0.3608152
0,1,0.9935102
0,1,0.9163485
0,0,0.001417568
0,1,0.88145924
0,1,0.9967554
0,0,0.38050815
0,1,0.9999609
0,1,0.99947363
0,1,0.95185417
0,0,0.18930644
0,0,0.00016889961
0,0,0.14845566
0,0,0.0015026481
0,0,0.00016566778
0,1,0.5297728
0,0,5.505477e-05
0,0,0.018912343
0,0,0.0013612042
0,1,0.9989436
0,0,0.00021584608
0,0,0.074227735
0,1,0.99081695
0,0,0.451004
0,0,0.3178662
0,1,0.8869692
0,0,0.10729569
0,0,0.04103109
0,1,0.9999429
0,1,0.99996424
0,1,0.9996904
0,0,0.27307844
0,1,0.9999201
0,1,0.9893701
0,1,0.81596357
0,0,0.003307516
0,1,0.8532928
0,1,0.99985933
0,1,0.6003397
0,0,0.03241211
0,0,6.9396985e-05
0,0,5.7067795e-05
0,0,0.4662404
0,1,0.9504742
0,1,0.99996865
0,0,9.0492256e-05
0,0,0.15804873
0,0,0.000132702
0,1,0.9985031
0,0,0.19521584
0,0,0.31449136
0,1,0.9588092
0,1,0.828217
0,1,0.8466341
0,1,0.99991226
0,0,0.00015837519
0,1,0.99994314
0,0,0.08195552
0,1,0.94148535
0,1,0.99963236
0,0,0.13951728
0,1,0.9999732
0,0,0.0011753904
0,0,8.149989e-05
0,1,0.9994723
0,0,0.43641123
0,0,0.08275844
0,0,0.064477354
0,1,0.99979097
0,0,0.245504
0,0,0.00081738044
0,1,0.99878305
0,1,0.9664043
0,1,0.9973187
0,0,0.43263376
0,1,0.9984428
0,0,0.00014310559
0,0,0.44950294
0,0,0.00014479361
0,0,6.9647394e-05
0,1,0.6063287
0,0,0.004109455
0,0,0.013341709
0,1,0.99995863
0,1,0.99985623
0,1,0.9958093
0,1,0.99974674
0,1,0.99996376
0,0,0.057595074
0,1,0.9999579
0,1,0.99989414
0,1,0.9492866
0,0,8.248497e-05
0,1,0.9057439
0,0,0.00010328279
0,0,8.7880224e-05
0,0,0.114671215
0,0,9.87405e-05
0,0,0.34156817
0,1,0.9999727
0,0,7.202739e-05
0,0,0.0040732916
0,0,0.0007088289
0,1,0.999736
0,0,0.0001659163
0,1,0.99993575
0,1,0.93952763
0,0,0.074869245
0,1,0.72480255
0,0,5.6505156e-05
0,0,0.00012049051
0,1,0.99993205
0,0,0.00023623987
0,1,0.9998319
0,0,0.04182705
0,0,0.23107219
0,0,0.12250949
0,0,0.36363736
0,0,8.033736e-05
0,0,0.17115389
0,1,0.65944016
0,1,0.84006304
0,1,0.99703264
0,0,0.00015268257
0,1,0.98509294
0,0,5.1647483e-05
0,0,0.0015589189
0,1,0.86399895
0,1,0.9999732
0,1,0.99959964
0,1,0.99800557
0,1,0.99971646
0,0,0.0046162196
0,1,0.8729315
0,0,0.3894035
0,0,0.15176554
0,0,0.37207988
0,1,0.9999609
0,1,0.9475649
0,1,0.6912811
0,1,0.9950256
0,1,0.9997975
0,1,0.9999579
0,1,0.99980694
0,1,0.9840194
0,1,0.59004325
0,1,0.997544
0,0,8.1797785e-05
0,1,0.95704025
0,0,0.00010727814
0,1,0.9999726
0,0,0.08151993
0,0,0.00010216775
0,1,0.99971884
0,1,0.9982944
0,1,0.992488
0,1,0.99716955
0,1,0.9824936
0,1,0.93107504
0,1,0.998572
0,1,0.9814077
0,1,0.9832409
0,0,0.47351798
0,1,0.99592376
0,1,0.97817343
0,0,0.00013978276
0,0,0.00995132
0,0,0.11268904
0,0,0.4392327
0,1,0.99985933
0,0,0.018042367
0,1,0.74886143
0,1,0.9999695
0,1,0.9996501
0,0,0.00028859652
0,1,0.97613674
0,0,0.0674541
0,0,0.000111496054
0,0,0.09506849
0,1,0.8545218
0,1,0.9952211
0,0,0.00038563288
0,0,0.21101643
0,1,0.92430604
0,0,0.0016704728
0,0,6.4077714e-05
0,0,6.484321e-05
0,1,0.9994142
0,0,0.4456562
0,1,0.9992061
0,1,0.88282996
0,1,0.9985013
0,0,0.00019091743
0,0,8.761982e-05
0,0,8.8495544e-05
0,0,0.0003403206
0,0,0.0029891818
0,1,0.9998566
0,1,0.56148154
0,1,0.99994326
0,1,0.9563245
0,0,0.0002955607
0,1,0.68039215
0,1,0.88714254
0,0,0.09150531
0,0,0.0063983435
0,0,0.17929423
0,1,0.9994072
0,1,0.9998801
0,0,0.005634193
0,0,9.036876e-05
0,1,0.78151107
0,0,0.10247102
0,1,0.9977755
0,0,0.09542918
0,1,0.95594484
0,1,0.9942099
0,1,0.99681276
0,0,0.43949896
0,0,0.057795923
0,1,0.999954
0,1,0.92896515
0,1,0.9171368
0,1,0.99996614
0,1,0.999967
0,0,0.05746553
0,0,0.049486823
0,0,0.0035867572
0,0,0.33616054
0,1,0.590252
0,1,0.98108965
0,0,0.39204794
0,1,0.99995446
0,0,0.00013430766
0,0,0.35276768
0,1,0.89725065
0,0,0.30077562
0,1,0.76268375
0,1,0.9999608
0,1,0.9877221
0,0,0.017728915
0,1,0.999907
0,1,0.9999709
0,1,0.978696
0,0,0.0013581126
0,0,8.162761e-05
0,1,0.99356043
0,0,7.2511255e-05
0,1,0.9999449
0,0,0.0028827924
0,0,6.251281e-05
0,0,0.31000248
0,0,0.06652058
0,0,0.48898992
0,1,0.99994624
0,0,9.9663666e-05
0,1,0.97444034
0,0,5.5354314e-05
0,0,0.00010628282
0,0,0.49797738
0,0,0.21893957
0,1,0.9998029
0,1,0.9999671
0,0,0.00079991017
0,1,0.9778892
0,1,0.9999583
0,0,0.32233047
0,1,0.9587879
0,0,0.00018497142
0,1,0.9999732
0,1,0.99442333
0,1,0.93357426
0,0,0.21766979
0,0,0.16178522
0,1,0.9999639
0,1,0.55736154
0,1,0.99954
0,1,0.99996257
0,1,0.9999633
0,1,0.99905425
0,1,0.9998068
0,0,0.06825002
0,0,0.005614302
0,1,0.9998621
0,0,0.46388435
0,1,0.9927199
0,0,0.000105103936
0,0,0.0020474691
0,1,0.9999597
0,0,0.18672772
0,1,0.99563026
0,0,4.593872e-05
0,0,9.071334e-05
0,0,0.009350165
0,1,0.9999727
0,1,0.9991947
0,0,5.9954324e-05
0,1,0.99977547
0,0,0.25056902
0,1,0.99978966
0,0,0.0025776655
0,1,0.9563006
0,1,0.88488996
0,0,7.254043e-05
0,0,0.0460866
0,0,0.009696042
0,0,0.00094944646
0,0,0.065496676
0,1,0.9996685
0,1,0.9999484
0,1,0.9998022
0,1,0.9977627
0,1,0.8614685
0,1,0.90186375
0,0,4.5150733e-05
0,0,0.00010893845
0,0,0.07078176
0,1,0.92014796
0,0,0.03151108
0,0,9.9813755e-05
0,1,0.99963236
0,0,0.17194477
0,0,0.0012618462
0,1,0.82221556
0,1,0.9999685
0,1,0.9255722
0,1,0.999033
0,0,0.39479265
0,0,0.0015431879
0,1,0.99996746
0,0,0.0656908
0,1,0.98512983
0,1,0.99891317
0,0,5.656419e-05
0,0,8.284364e-05
0,0,7.609864e-05
0,0,0.028330294
0,1,0.50572354
0,1,0.9891209
0,1,0.9892484
0,0,0.00089910417
0,1,0.8134435
0,1,0.9999589
0,1,0.65925825
0,1,0.92059946
0,1,0.52622944
0,1,0.99299735
0,1,0.99699414
0,1,0.99774146
0,0,0.103617385
0,1,0.72580516
0,1,0.99996734
0,0,7.894246e-05
0,0,0.13859475
0,1,0.6010997
0,0,0.32239032
0,0,0.14797306
0,1,0.9999645
0,1,0.999961
0,0,0.0020121606
0,1,0.9923994
0,1,0.9996055
0,0,0.21366674
0,0,0.31055552
0,1,0.9998134
0,1,0.86559075
0,0,0.00013036901
0,0,0.41411737
0,1,0.99997187
0,0,7.097959e-05
0,1,0.9999442
0,0,0.002889919
0,0,9.096342e-05
0,1,0.9960239
0,1,0.99894625
0,0,0.03395949
0,1,0.99504757
0,1,0.94364405
0,0,0.016496256
0,1,0.99997175
0,0,9.051158e-05
0,1,0.9998178
0,1,0.99985075
0,1,0.99567753
0,0,0.08809058
0,0,0.0063756392
0,0,0.00048796643
0,1,0.99996364
0,0,5.9763956e-05
0,1,0.9918012
0,1,0.9999497
0,0,0.459266
0,0,0.3897403
0,0,0.0041973563
0,1,0.98141
0,0,0.0004017749
0,0,5.824115e-05
0,0,7.819182e-05
0,0,0.017626101
0,0,4.3426335e-05
0,1,0.7571051
0,0,0.22481965
0,1,0.7139839
0,0,0.0043837437
0,0,0.0027965622
0,1,0.9999081
0,0,0.000501488
0,1,0.99960905
0,0,0.00032434432
0,1,0.999969
0,1,0.97801524
0,0,0.00013559472
0,0,0.14938362
0,0,4.076379e-05
0,1,0.95504206
0,1,0.9549503
0,0,0.0012815379
0,0,0.00017193462
0,0,0.00018194264
0,0,0.0017988846
0,0,0.46972272
0,0,0.0056031933
0,0,0.00361416
0,0,0.3152678
0,1,0.99484456
0,0,0.21654166
0,1,0.98102736
0,1,0.9690157
0,1,0.8125772
0,1,0.9824362
0,1,0.99996066
0,1,0.65783846
0,0,0.029014565
0,0,0.003517124
0,1,0.9990957
0,0,0.00018070164
0,0,0.0069185984
0,1,0.80912054
0,1,0.9999716
0,1,0.86299664
0,1,0.9361345
0,1,0.9956441
0,1,0.9820632
0,0,0.00015990993
0,0,0.27174526
0,0,0.0011344575
0,1,0.99776864
0,0,0.3228051
0,0,0.0018597576
0,1,0.9607403
0,0,0.046621144
0,1,0.99142087
0,0,4.537735e-05
0,0,8.2927414e-05
0,1,0.9999683
0,1,0.75833434
0,1,0.8663443
0,0,0.420011
0,0,0.48645952
0,1,0.9325224
0,1,0.834977
0,1,0.86409605
0,0,0.45525697
0,0,0.41566196
0,1,0.93351597
0,1,0.98408777
0,0,0.00010014592
0,0,5.5555643e-05
0,0,0.0003901932
0,1,0.999951
0,1,0.9995433
0,0,0.03318107
0,1,0.99995184
0,0,5.7706162e-05
0,1,0.9999366
0,1,0.9998016
0,0,0.0020895982
0,1,0.99995816
0,1,0.8076832
0,1,0.9993839
0,0,7.8812096e-05
0,1,0.8188781
0,0,0.00019183877
0,0,0.17788748
0,1,0.9999068
0,0,4.612269e-05
0,0,0.00047782907
0,0,0.00020137746
0,0,0.2207322
0,0,0.05599565
0,1,0.7968544
0,1,0.9999722
0,1,0.5202392
0,1,0.8993776
0,0,0.12126386
0,0,0.00017403797
0,1,0.99874926
0,1,0.9996898
0,1,0.9999263
0,1,0.9994935
0,1,0.73466104
0,1,0.62794954
0,1,0.63065886
0,0,0.022468036
0,1,0.99965715
0,0,8.258925e-05
0,1,0.999777
0,1,0.9668083
0,0,0.026665129
0,1,0.9996014
0,0,0.00062967883
0,0,0.00070711854
0,0,0.4292166
0,1,0.99994206
0,1,0.98347914
0,0,0.22180645
0,0,0.36743483
0,0,6.340031e-05
0,1,0.96595854
0,1,0.6207285
0,1,0.7687868
0,0,0.00015127617
0,0,0.001984416
0,1,0.6587028
0,0,0.03213415
0,0,7.699346e-05
0,1,0.9999701
0,1,0.99977785
0,0,0.07544217
0,1,0.74280465
0,1,0.66909343
0,1,0.9980069
0,0,0.00010228718
0,0,0.1030815
0,1,0.99955827
0,1,0.99987483
0,1,0.5320493
0,1,0.9999745
0,1,0.94061315
0,0,0.0021151116
0,1,0.91916764
0,0,8.349262e-05
0,1,0.9999678
0,0,0.00017543067
0,1,0.99995494
0,0,0.0040908335
0,1,0.9999654
0,1,0.9846086
0,1,0.99284726
0,1,0.9875667
0,1,0.99997365
0,1,0.8874352
0,1,0.99985254
0,0,0.0009841023
0,1,0.9998913
0,1,0.9955058
0,0,9.4963696e-05
0,0,0.0017099297
0,1,0.9801032
0,0,0.00032460786
0,1,0.8383365
0,1,0.9781164
0,1,0.9999732
0,1,0.9889286
0,0,0.10286327
0,1,0.99996376
0,0,0.33298796
0,1,0.99976164
0,1,0.9999701
0,0,0.00054163457
0,1,0.93564403
0,1,0.99016726
0,0,0.1397162
0,1,0.99995553
0,1,0.9995577
0,1,0.96323216
0,1,0.5150899
0,0,0.4153282
0,0,8.735418e-05
0,1,0.99974245
0,1,0.99940133
0,1,0.90571076
0,0,0.00017120173
0,1,0.99971753
0,0,8.0589496e-05
0,0,0.107424475
0,1,0.61340374
0,0,0.002061773
0,1,0.99985766
0,1,0.9996131
0,1,0.72354937
0,0,5.815346e-05
0,0,6.542713e-05
0,1,0.6245726
0,1,0.9996716
0,0,0.00017799326
0,1,0.99862933
0,0,4.4207867e-05
0,0,0.01194927
0,1,0.9997031
0,0,0.00012944889
0,0,7.0109716e-05
0,0,3.9832943e-05
0,0,0.47030097
0,0,8.629169e-05
0,1,0.99986243
0,1,0.9998511
0,1,0.96800286
0,1,0.84524053
0,1,0.9996662
0,0,0.00012875999
0,0,0.00034746787
0,1,0.99995506
0,0,0.08745104
0,0,0.09697438
0,1,0.81913483
0,0,0.015452428
0,0,9.7269454e-05
0,1,0.9998172
0,1,0.9819318
0,1,0.9999262
0,0,0.14996171
0,1,0.99774253
0,0,0.0015867536
0,0,0.00011249339
0,0,0.10897217
0,1,0.99997175
0,1,0.96988726
0,0,8.071563e-05
0,1,0.7860102
0,0,0.41541725
0,1,0.7661735
0,1,0.99996686
0,1,0.9999428
0,0,4.8622827e-05
0,0,0.0062559126
0,1,0.999877
0,0,4.8767386e-05
0,1,0.99404657
0,1,0.99993587
0,1,0.9052888
0,0,0.011042637
0,0,0.013219339
0,0,4.9343344e-05
0,1,0.9996624
0,0,0.3828709
0,1,0.99689806
0,1,0.9994691
0,1,0.99996495
0,0,0.0007845472
0,0,0.020449482
0,1,0.97814745
0,1,0.78711665
0,0,0.19176924
0,0,0.0018823652
0,1,0.90708965
0,1,0.9999646
0,0,0.0012601947
0,0,0.4020412
0,1,0.99996734
0,0,6.550111e-05
0,0,6.363308e-05
0,1,0.999967
0,1,0.92835176
0,1,0.7147799
0,0,0.39245418
0,1,0.8448714
0,0,0.47656283
0,1,0.974242
0,1,0.99995387
0,1,0.99984443
0,1,0.953141
0,0,0.0001124965
0,1,0.9999633
0,0,0.0057960926
0,0,0.00010669388
0,1,0.99950266
0,0,0.000115277144
0,0,0.00016694875
0,0,0.00011018589
0,0,0.29636753
0,1,0.9931276
0,0,8.458336e-05
0,0,0.00020793383
0,1,0.999686
0,1,0.99119544
0,0,0.0009039609
0,0,0.378651
0,1,0.9998728
0,0,0.44152907
0,1,0.9974553
0,0,0.11558094
0,0,0.08267315
0,1,0.9999645
0,0,0.0012709298
0,0,0.00023280845
0,0,0.0029955248
0,0,0.44678316
0,1,0.9999565
0,1,0.9999703
0,1,0.9999664
0,0,0.20807406
0,0,7.027618e-05
0,1,0.8568304
0,1,0.99996305
0,1,0.9630642
0,0,6.23479e-05
0,0,6.172183e-05
0,1,0.9999429
0,0,0.00021292448
0,0,0.00010026574
0,0,9.691826e-05
0,1,0.9999647
0,1,0.99996436
0,0,0.00020287359
0,1,0.90974605
0,1,0.9995413
0,0,0.0013935415
0,1,0.9806635
0,1,0.953386
0,0,5.583645e-05
0,0,0.002560821
0,0,0.00010398611
0,1,0.99964964
0,0,0.35538962
0,0,0.0020518717
0,1,0.99989843
0,1,0.7937715
0,1,0.9999199
0,1,0.99945956
0,0,3.6891277e-05
0,0,0.12472545
0,1,0.998958
0,1,0.99981016
0,0,0.4097964
0,0,0.024834221
0,0,0.028305138
0,0,8.519679e-05
0,1,0.98655385
0,0,0.00012462151
0,0,0.015524587
0,1,0.8405566
0,0,5.739624e-05
0,1,0.99994254
0,0,0.00017651204
0,0,6.504652e-05
0,1,0.95331633
0,0,8.95685e-05
0,1,0.9999292
0,0,0.10804282
0,1,0.999747
0,1,0.97892547
0,0,9.928766e-05
0,1,0.9995845
0,0,0.0006824267
0,1,0.8498967
0,1,0.99994135
0,1,0.9999733
0,0,0.027575959
0,0,0.27252904
0,1,0.9999585
0,0,0.00013539562
0,0,0.041966975
0,0,0.00039480685
0,1,0.9999323
0,1,0.99952924
0,0,9.4200856e-05
0,0,0.105036154
0,0,0.013424351
0,1,0.78776383
0,0,0.08953169
0,0,0.23220451
0,1,0.99945027
0,1,0.9977621
0,1,0.9496728
0,1,0.9999634
0,0,0.08442067
0,0,0.13570918
0,1,0.9999689
0,1,0.7789551
0,0,0.00013157468
0,1,0.59802264
0,0,0.0023197741
0,0,8.495796e-05
0,1,0.99997485
0,1,0.9369341
0,1,0.99916315
0,1,0.9715285
0,0,0.00014206726
0,0,0.022800606
0,1,0.9972905
0,0,0.17813903
0,0,0.021861782
0,1,0.9992367
0,0,0.19306047
0,1,0.982546
0,0,6.6541856e-05
0,1,0.99415153
0,1,0.5470427
0,0,6.5065266e-05
0,1,0.99973816
0,0,6.0940474e-05
0,1,0.9553602
0,1,0.9999683
0,0,0.34919688
0,1,0.9995702
0,1,0.9999442
0,1,0.97759956
0,0,0.0003051819
0,1,0.99983215
0,0,0.15757985
0,1,0.99961144
0,1,0.9996007
0,0,6.234867e-05
0,1,0.9990151
0,0,0.08273486
0,1,0.9672089
0,0,0.23294707
0,1,0.9770504
0,0,0.0001741183
0,0,0.0002529426
0,1,0.99343663
0,1,0.98459136
0,1,0.9870384
0,1,0.52335775
0,1,0.99958366
0,1,0.9902424
0,0,0.097909294
0,1,0.9002262
0,1,0.99450976
0,0,0.06565743
0,0,0.019140745
0,0,0.00029415675
0,1,0.55180585
0,0,0.00024222847
0,1,0.9988918
0,0,0.033967152
0,1,0.69265985
0,0,0.000282598
0,1,0.8316176
0,0,0.09634513
0,1,0.97901934
0,0,0.00030910628
0,1,0.99995685
0,1,0.9951389
0,1,0.9949662
0,1,0.84995735
0,0,0.24250251
0,0,0.00034414444
0,1,0.97503114
0,0,6.1661776e-05
0,1,0.99990594
0,0,0.016529601
0,1,0.995353
0,1,0.77624124
0,0,0.25392503
0,1,0.99862456
0,0,4.6769037e-05
0,0,0.00017035822
0,0,0.017902331
0,0,0.15637693
0,0,6.127759e-05
0,1,0.9775383
0,1,0.9999714
0,1,0.99481225
0,0,4.7818576e-05
0,0,0.00029811956
0,0,8.916438e-05
0,1,0.9999654
0,1,0.86156183
0,1,0.99988234
0,1,0.999959
0,0,0.10806171
0,1,0.96270365
0,0,5.656316e-05
0,0,0.0005669483
0,0,6.662624e-05
0,0,0.00060415437
0,1,0.99995494
0,0,8.8090725e-05
0,0,0.15034662
0,1,0.875827
0,1,0.9987244
0,1,0.79119563
0,0,0.0009895043
0,1,0.7953377
0,1,0.52655244
0,0,0.25337923
0,0,0.00068760145
0,0,0.42245153
0,1,0.94056904
0,1,0.9999559
0,1,0.9883786
0,0,0.0144722825
0,0,0.18754825
0,1,0.99994504
0,0,0.00017191822
0,1,0.9926207
0,1,0.99981457
0,1,0.9995303
0,1,0.7179393
0,0,0.00015316728
0,0,0.0006509728
0,1,0.70041955
0,1,0.99731714
0,1,0.9999589
0,1,0.5157358
0,0,0.059376676
0,1,0.99996924
0,1,0.9987979
0,0,4.9004306e-05
0,1,0.68007684
0,0,0.0001324839
0,0,8.404732e-05
0,0,0.00012488417
0,1,0.99995494
0,1,0.97354525
0,0,0.0008739783
0,0,0.19348855
0,1,0.6431688
0,0,0.15940158
0,1,0.9739363
0,1,0.99996746
0,1,0.9605348
0,0,3.8360948e-05
0,1,0.90941644
0,0,9.247561e-05
0,1,0.9998677
0,1,0.99994123
0,0,0.018081624
0,1,0.9346024
0,0,0.000114388335
0,1,0.7670203
0,0,0.11648876
0,1,0.99514824
0,1,0.99996924
0,1,0.73251724
0,1,0.9999608
0,1,0.9999505
0,0,6.0096114e-05
0,0,0.0005964959
0,0,0.11569555
0,0,4.4349574e-05
0,1,0.99985003
0,0,0.17260765
0,1,0.9999651
0,0,0.14326257
0,1,0.9999671
0,0,0.21780245
0,1,0.9999608
0,1,0.9892106
0,1,0.857516
0,0,0.054011893
0,1,0.99990034
0,0,0.000113003116
0,0,0.49912828
0,0,0.00080367306
0,0,6.411427e-05
0,1,0.9456061
0,1,0.9643806
0,1,0.7411786
0,0,6.979791e-05
0,1,0.74842
0,0,0.0012260497
0,0,0.00086813525
0,1,0.99997246
0,1,0.9999646
0,0,4.8297996e-05
0,0,0.0011543196
0,0,0.00030186828
0,0,0.00018898117
0,1,0.8396795
0,0,0.0005372815
0,1,0.9999691
0,0,0.1473725
0,1,0.99974614
0,0,0.0023959568
0,1,0.99996424
0,0,8.4178704e-05
0,0,0.0016352603
0,1,0.72334033
0,1,0.8281008
0,0,0.09882995
0,0,0.0029605199
0,1,0.99996006
0,0,5.2570995e-05
0,1,0.99594146
0,1,0.9164276
0,1,0.9596182
0,1,0.98919207
0,1,0.99487513
0,0,0.22158179
0,0,0.00017291581
0,0,0.1903113
0,1,0.54198253
0,1,0.9999676
0,1,0.8281959
0,0,0.119380474
0,1,0.9766897
0,1,0.9832825
0,1,0.99715686
0,0,0.32202435
0,1,0.99995935
0,0,0.1134794
0,0,0.00015285709
0,1,0.99989474
0,1,0.9998331
0,1,0.99987304
0,0,0.00083274255
0,1,0.90611494
0,0,3.741229e-05
0,1,0.9827723
0,1,0.99996793
0,0,0.001156109
0,0,0.00037806472
0,0,0.04380801
0,1,0.9999715
0,0,0.0022275394
0,1,0.999956
0,0,0.031868596
0,0,4.1822466e-05
0,1,0.7803459
0,1,0.86473185
0,0,6.9073874e-05
0,0,6.191208e-05
0,0,0.00010416404
0,0,0.016426915
0,0,0.10847923
0,1,0.9996259
0,1,0.98184466
0,1,0.96203077
0,0,0.12657459
0,0,0.00017650667
0,1,0.6001308
0,0,5.6772187e-05
0,0,0.00015581142
0,1,0.5168313
0,0,0.0025974074
0,0,0.029106453
0,1,0.99972004
0,1,0.79543316
0,0,3.5069745e-05
0,1,0.984169
0,1,0.9735153
0,0,0.48175406
0,0,7.973305e-05
0,1,0.9999622
0,1,0.9999243
0,1,0.9999733
0,1,0.9999467
0,1,0.9931023
0,0,7.982313e-05
0,0,0.0009806957
0,0,0.0009513244
0,0,0.03879319
0,1,0.6236673
0,1,0.6218674
0,0,0.047856923
0,1,0.99996865
0,0,3.5608096e-05
0,1,0.99939775
0,1,0.99996114
0,1,0.7398441
0,1,0.9986664
0,0,0.39337692
0,1,0.7564879
0,0,0.16044432
0,1,0.99611217
0,1,0.99997175
0,0,0.32062122
0,1,0.9999517
0,0,6.546058e-05
0,0,7.1975825e-05
0,1,0.7437127
0,0,0.3263409
0,0,0.0003271374
0,1,0.999681
0,1,0.9729541
0,0,0.26547763
0,0,0.4731763
0,1,0.99997115
0,1,0.73055065
0,1,0.93512815
0,0,0.0045779254
0,0,0.07510645
0,1,0.9998061
0,1,0.97389954
0,0,7.8496545e-05
0,0,0.293201
0,0,0.36374336
0,0,0.00017558377
0,0,0.0037942755
0,1,0.9999738
0,1,0.95908016
0,0,8.444466e-05
0,1,0.99997175
0,1,0.9999665
0,1,0.99105924
0,0,0.29392096
0,1,0.9934022
0,1,0.99997437
0,1,0.9999716
0,1,0.51367766
0,0,0.0044651125
0,0,0.0018667981
0,0,0.1942608
0,0,0.017057657
0,0,0.0002483804
0,0,0.00032928953
0,1,0.6020578
0,1,0.9816234
0,0,0.0061470848
0,1,0.99987864
0,1,0.99995637
0,0,8.581314e-05
0,1,0.9999721
0,0,0.0005439384
0,0,0.13948761
0,0,0.24904472
0,1,0.9386863
0,0,0.34470916
0,0,0.36142996
0,0,7.259289e-05
0,0,5.4838783e-05
0,1,0.74292547
0,0,0.020135423
0,0,6.105163e-05
0,0,0.24842255
0,1,0.9996911
0,1,0.99747986
0,0,0.00010296476
0,1,0.99953985
0,1,0.99994695
0,1,0.9999583
0,1,0.99997246
0,0,0.00031321426
0,1,0.99900645
0,0,0.00040928213
0,0,9.613102e-05
0,0,0.0014066804
0,1,0.82681894
0,0,0.0006847993
0,0,0.007595212
0,0,5.3456657e-05
0,1,0.91086644
0,1,0.99864596
0,1,0.99984133
0,1,0.9904203
0,0,7.7622964e-05
0,1,0.9993736
0,0,0.00018083747
0,1,0.9989214
0,0,0.005357416
0,1,0.84925056
0,1,0.98182803
0,0,0.0046892986
0,0,4.2617947e-05
0,0,0.28168267
0,0,0.0002710463
0,0,0.0069755143
0,1,0.9573654
0,0,0.009710297
0,1,0.99855417
0,1,0.53992486
0,1,0.9999448
0,1,0.5511946
0,1,0.9815067
0,1,0.9901608
0,0,0.35112396
0,1,0.9516526
0,0,0.0007158578
0,1,0.86709064
0,0,7.095875e-05
0,0,0.019052308
0,1,0.99994695
0,1,0.9998282
0,1,0.9997397
0,0,0.2787922
0,1,0.9947707
0,1,0.6991197
0,1,0.9999664
0,1,0.9999559
0,0,0.00011445391
0,0,0.0032238849
0,1,0.9996729
0,1,0.99982506
0,1,0.99994886
0,0,0.012869889
0,0,0.00050014607
0,0,0.005500928
0,1,0.5546798
0,0,9.6909855e-05
0,0,0.00093333825
0,0,0.39402336
0,1,0.99008244
0,1,0.6944706
0,0,6.6250854e-05
0,0,8.643715e-05
0,0,0.24654582
0,1,0.9999715
0,1,0.8986267
0,1,0.9894288
0,1,0.9996712
0,1,0.77425873
0,1,0.6146887
0,0,0.090651095
0,0,0.026984537
0,1,0.5448633
0,1,0.9991025
0,1,0.9999156
0,1,0.9999659
0,0,0.046737537
0,0,9.212003e-05
0,0,0.04279994
0,0,0.00010948384
0,1,0.9997271
0,0,0.00014193103
0,1,0.99982196
0,0,0.016133295
0,1,0.9998933
0,0,0.12639712
0,1,0.99996185
0,0,0.00012078939
0,1,0.98222405
0,1,0.9998338
0,0,0.0022199051
0,1,0.97597003
0,0,9.296189e-05
0,0,4.7730508e-05
0,1,0.84905994
0,1,0.99996984
0,0,7.225662e-05
0,0,7.1918745e-05
0,0,0.00044499015
0,1,0.87061995
0,0,7.153591e-05
0,0,0.18493624
0,0,0.32237917
0,0,0.00050452974
0,1,0.9925121
0,0,4.7931753e-05
0,0,0.15894106
0,0,0.04559236
0,0,0.031992614
0,1,0.9890252
0,1,0.99823344
0,1,0.9995433
0,1,0.7901544
0,1,0.99887353
0,0,0.0002421414
0,1,0.9999652
0,1,0.99997175
0,1,0.9581823
0,0,0.22563317
0,0,0.16940022
0,0,0.0028474147
0,1,0.99991715
0,0,0.00010576429
0,1,0.5423124
0,1,0.90575635
0,1,0.9998288
0,1,0.9981084
0,1,0.9978295
0,0,0.0022074266
0,1,0.9988261
0,1,0.99988496
0,0,0.10886765
0,0,0.00016785621
0,1,0.99987173
0,1,0.9999685
0,1,0.838144
0,1,0.9981857
0,0,0.07775767
0,1,0.9975197
0,1,0.997936
0,1,0.99994946
0,0,0.10668395
0,0,0.043743048
0,1,0.5824071
0,1,0.99990845
0,0,4.9116356e-05
0,1,0.9993316
0,1,0.90264666
0,0,0.4110108
0,1,0.999879
0,0,0.37234202
0,1,0.9974081
0,0,0.49122477
0,0,0.09271959
0,0,0.00040618685
0,1,0.9999554
0,0,0.081694044
0,0,0.27093658
0,0,6.194608e-05
0,0,0.001389857
0,0,0.032222304
0,0,8.498429e-05
0,1,0.9999702
0,0,6.7242e-05
0,1,0.99632263
0,0,9.4193674e-05
0,0,7.8624435e-05
0,0,0.0011293924
0,1,0.9998729
0,1,0.99992526
0,1,0.9976234
0,1,0.9999603
0,1,0.99753594
0,0,0.0001892446
0,0,0.005744682
0,1,0.999944
0,0,3.4486864e-05
0,0,5.5167606e-05
0,0,9.6219796e-05
0,1,0.9999578
0,0,0.010137898
0,0,0.00016241489
0,1,0.99995255
0,1,0.9994677
0,0,0.00034477958
0,0,7.654347e-05
0,0,0.35678288
0,1,0.99986124
0,1,0.9999486
0,1,0.93454546
0,0,8.23838e-05
0,1,0.99994016
0,1,0.9999509
0,0,0.063043155
0,1,0.9915987
0,0,0.13914327
0,1,0.9997124
0,0,4.6784873e-05
0,1,0.99983466
0,0,0.0031847248
0,0,0.4151052
0,1,0.99722797
0,0,0.28472847
0,1,0.9999609
0,0,0.48880088
0,1,0.89824516
0,1,0.99881905
0,0,0.0001267757
0,1,0.977833
0,0,0.014077096
0,0,0.19747776
0,1,0.9999497
0,1,0.85784394
0,1,0.9985631
0,0,3.684283e-05
0,0,0.048838723
0,1,0.5291584
0,1,0.9999666
0,1,0.9871579
0,1,0.9999174
0,1,0.9999554
0,0,0.0001012243
0,0,9.9932615e-05
0,0,0.12205856
0,1,0.98016125
0,0,6.0749746e-05
0,1,0.99993587
0,0,4.6645786e-05
0,1,0.99975747
0,1,0.71142745
0,1,0.9999405
0,1,0.99997115
0,1,0.99997103
0,0,0.49724627
0,1,0.85099274
0,1,0.99995816
0,1,0.99995744
0,0,0.0001986966
0,0,0.001972116
0,1,0.9998369
0,1,0.9998288
0,1,0.9388907
0,1,0.9988411
0,1,0.999966
0,1,0.9928531
0,0,0.0020820582
0,0,8.24528e-05
0,0,0.00048776736
0,0,0.031639118
0,0,0.0016570946
0,0,0.028193275
0,0,0.35348514
0,1,0.99996805
0,1,0.9969702
0,1,0.5160333
0,1,0.99994886
0,1,0.8176478
0,0,0.0019626904
0,1,0.9973193
0,1,0.9999621
0,0,0.46563646
0,0,6.028955e-05
0,0,0.0011734415
0,0,0.00016442031
0,1,0.6737722
0,0,0.0008738172
0,1,0.9997743
0,0,0.4444738
0,0,0.00022044129
0,1,0.54162323
0,1,0.9744548
0,0,0.21421336
0,1,0.9993135
0,0,0.00010052269
0,0,8.692566e-05
0,0,9.543356e-05
0,0,0.021495895
0,1,0.6880031
0,0,7.166721e-05
0,1,0.9998006
0,0,9.316671e-05
0,0,0.0007041761
0,0,0.20044343
0,0,0.029562587
0,0,9.944105e-05
0,1,0.9309174
0,0,0.2735036
0,0,0.00877496
0,0,0.00050528476
0,0,0.00010447213
0,0,5.1318737e-05
0,0,9.998675e-05
0,0,0.007140808
0,0,0.00024469336
0,1,0.999966
0,0,0.006590808
0,1,0.72685987
0,1,0.99996734
0,1,0.9396658
0,0,0.42592877
0,0,0.48764428
0,1,0.999972
0,1,0.99798584
0,0,0.005876576
0,1,0.86620367
0,1,0.9999701
0,1,0.949457
0,0,0.001055361
0,1,0.99981695
0,1,0.999967
0,1,0.98860735
0,0,0.00017598672
0,0,0.00021592346
0,0,0.000103069375
0,1,0.99342936
0,1,0.99995995
0,0,0.087717615
0,1,0.94860834
0,0,6.229298e-05
0,1,0.9999187
0,1,0.99704105
0,1,0.5461507
0,1,0.99743384
0,1,0.9979856
0,1,0.9983734
0,1,0.5614502
0,0,0.20287654
0,1,0.99996567
0,1,0.99780625
0,0,0.10095306
0,1,0.9997634
0,1,0.9984737
0,1,0.9420747
0,1,0.94232124
0,1,0.82549286
0,1,0.5030646
0,0,0.00022997941
0,1,0.60718405
0,1,0.9998627
0,0,0.03912844
0,1,0.5715845
0,0,0.000104865474
0,0,9.100628e-05
0,0,0.0024129131
0,1,0.95831245
0,0,0.09426142
0,0,0.0052772076
0,0,0.00013836354
0,1,0.99993706
0,1,0.6009959
0,0,0.000101208854
0,0,7.6879965e-05
0,0,0.001294442
0,1,0.9817935
0,0,0.48233926
0,0,0.0003098687
0,0,4.4448312e-05
0,1,0.999966
0,1,0.99972993
0,0,0.2883168
0,0,0.03902318
0,0,0.00022667219
0,1,0.57278967
0,0,0.2303339
0,1,0.999959
0,1,0.9985709
0,1,0.96906304
0,1,0.9654487
0,0,5.48277e-05
0,0,0.013119277
0,1,0.96555007
0,0,4.7653644e-05
0,1,0.8730204
0,1,0.7876006
0,1,0.9620987
0,0,0.00069063826
0,1,0.99870217
0,1,0.99993527
0,1,0.9968264
0,1,0.9971769
0,0,0.00012179493
0,0,0.066953026
0,1,0.995593
0,1,0.9937477
0,0,0.037950743
0,0,7.363591e-05
0,0,0.0002486055
0,0,0.00019418613
0,0,0.012514131
0,0,0.14606877
0,1,0.50861853
0,1,0.93915975
0,1,0.99910635
0,1,0.96895355
0,0,0.00072304235
0,0,0.04840708
0,1,0.99995565
0,1,0.9999542
0,0,3.8457205e-05
0,0,0.04084311
0,1,0.9915981
0,0,0.00012926276
0,0,0.000168975
0,1,0.9278636
0,1,0.74575037
0,1,0.99833316
0,0,0.005805124
0,1,0.51056653
0,0,0.00017021452
0,1,0.9999404
0,0,0.071907386
0,0,0.008896193
0,0,0.0014179326
0,0,0.0023813737
0,1,0.9987692
0,0,0.071148425
0,1,0.99540037
0,0,7.2697214e-05
0,0,0.15015887
0,0,0.00023718755
0,0,0.015595685
0,0,0.0020372798
0,1,0.8875524
0,1,0.66915125
0,1,0.9999683
0,1,0.8994984
0,0,0.04038192
0,0,0.00016378329
0,1,0.9999515
0,0,0.00032951502
0,0,8.9463916e-05
0,0,5.2563475e-05
0,1,0.97314
0,0,0.00010571225
0,0,0.4718593
0,0,0.0035884497
0,0,7.872475e-05
0,0,0.1718778
0,1,0.9997143
0,0,3.8112845e-05
0,1,0.9709622
0,1,0.9999174
0,1,0.5767321
0,0,0.20898898
0,0,7.540314e-05
0,0,0.48322052
0,1,0.96405643
0,0,0.004030569
0,0,5.6227524e-05
0,0,0.014394771
0,0,7.5870536e-05
0,0,0.00010697741
0,0,0.030151052
0,0,0.0004287907
0,1,0.9999697
0,1,0.9999267
0,1,0.99793786
0,1,0.5718081
0,1,0.9928659
0,0,0.00014441759
0,1,0.9999443
0,1,0.93724877
0,1,0.99996436
0,0,0.00083331997
0,1,0.99994504
0,1,0.99943393
0,1,0.99573743
0,1,0.99996173
0,1,0.7105164
0,0,0.000704171
0,0,0.44965085
0,1,0.9999199
0,0,0.0001033481
0,1,0.9999633
0,0,0.0406102
0,1,0.99995816
0,1,0.9997842
0,1,0.99949896
0,1,0.9999691
0,0,6.691309e-05
0,0,6.887181e-05
0,1,0.80133677
0,1,0.9984761
0,0,0.3672311
0,1,0.98608935
0,1,0.99088097
0,0,0.00028654136
0,0,0.0052154036
0,0,0.042265393
0,0,4.615041e-05
0,0,0.0017486364
0,0,5.35867e-05
0,1,0.9999527
0,0,6.22056e-05
0,0,0.00028113095
0,0,0.2373321
0,0,0.34168237
0,1,0.9867776
0,0,0.021481358
0,1,0.6721126
0,1,0.97042465
0,0,7.795931e-05
0,1,0.9398214
0,1,0.92708397
0,0,0.08498552
0,0,0.00011321267
0,1,0.99996936
0,1,0.98970103
0,0,0.264906
0,1,0.94493645
0,0,0.010354193
0,1,0.9994766
0,0,0.000946534
0,0,0.023710875
0,0,5.3494645e-05
0,1,0.9986737
0,0,5.324775e-05
0,0,0.020078091
0,0,0.00023678534
0,0,0.08633874
0,0,0.00010508429
0,0,0.32661825
0,1,0.82680494
0,0,8.295051e-05
0,1,0.9423628
0,0,0.020029875
0,0,0.02949397
0,1,0.8724911
0,1,0.7854254
0,0,0.00040499406
0,1,0.90508634
0,1,0.99975246
0,0,0.0012005205
0,1,0.9999695
0,1,0.9973769
0,1,0.6428888
0,0,0.00013413232
0,1,0.75867593
0,1,0.9988028
0,1,0.99997056
0,0,0.0129041
0,1,0.99959296
0,1,0.9999417
0,1,0.9999684
0,0,0.00026069378
0,1,0.9979248
0,0,9.439896e-05
0,0,0.31316656
0,1,0.62483233
0,1,0.99749386
0,1,0.9933193
0,0,0.0065859645
0,1,0.99990785
0,1,0.9992055
0,1,0.9999136
0,0,7.070168e-05
0,0,0.00015187857
0,0,8.9716035e-05
0,1,0.9999502
0,0,0.00011479022
0,0,0.0019337881
0,1,0.99992526
0,1,0.76674306
0,0,0.07106002
0,0,6.132565e-05
0,0,0.0087011205
0,0,0.3921161
0,1,0.999892
0,0,0.00012267074
0,1,0.99988604
0,1,0.9999485
0,1,0.99956113
0,0,0.05216624
0,1,0.9999645
0,0,0.00047046758
0,1,0.941844
0,1,0.8985408
0,0,0.46099418
0,1,0.99930847
0,0,9.071014e-05
0,1,0.56008697
0,0,0.00016727095
0,0,0.0025663383
0,0,4.433317e-05
0,0,0.33562458
0,1,0.9956025
0,0,0.0015278894
0,0,3.8356116e-05
0,1,0.66051406
0,1,0.99994326
0,0,0.00028757646
0,0,9.518072e-05
0,0,0.0003055901
0,0,9.224556e-05
0,0,0.2900655
0,0,0.03905887
0,0,0.21929194
0,0,0.0069324602
0,1,0.9999721
0,0,0.00010988526
0,0,0.011762846
0,0,0.013018308
0,1,0.9935788
0,0,0.0014284818
0,1,0.9999491
0,0,0.020375347
0,1,0.9999691
0,0,0.187963
0,0,7.213194e-05
0,0,0.021616248
0,0,0.0008503623
0,1,0.9475269
0,0,0.00011222532
0,0,6.753413e-05
0,0,0.0007087782
0,0,0.012859014
0,1,0.999522
0,0,0.000115933486
0,0,0.00026985302
0,1,0.99986184
0,0,0.34679762
0,0,0.0011853103
0,0,3.832526e-05
0,0,0.00010143784
0,1,0.97470903
0,1,0.9266974
0,1,0.9999455
0,0,0.0002064522
0,1,0.9998926
0,0,0.06483753
0,1,0.8788889
0,0,0.00012407915
0,1,0.78323734
0,1,0.9998809
0,0,4.9503262e-05
0,1,0.9999366
0,1,0.9871501
0,1,0.99990296
0,1,0.9999677
0,1,0.99997187
0,1,0.9999666
0,0,0.025375953
0,1,0.99266255
0,1,0.8783879
0,1,0.9999685
0,0,0.0073043862
0,0,0.16608568
0,1,0.99968696
0,1,0.99734384
0,0,0.00010561895
0,0,9.5692914e-05
0,1,0.9905116
0,1,0.9998672
0,1,0.99749726
0,1,0.99995935
0,1,0.9618568
0,1,0.9999727
0,0,3.837679e-05
0,1,0.7562604
0,0,0.00043565113
0,1,0.999966
0,0,0.00016380922
0,1,0.9999038
0,0,0.0014536405
0,1,0.9981463
0,1,0.99995434
0,1,0.999944
0,1,0.5234629
0,0,0.0021953783
0,1,0.9999447
0,0,0.2477411
0,1,0.9999629
0,1,0.99528015
0,0,0.0862943
0,0,0.0024098298
0,1,0.7649877
0,0,8.2464205e-05
0,0,0.002753521
0,1,0.99324167
0,1,0.99942136
0,0,0.00013507543
0,1,0.99997354
0,1,0.994348
0,1,0.9999399
0,1,0.9999633
0,0,5.5757486e-05
0,0,8.501899e-05
0,1,0.9999615
0,0,0.00015966051
0,1,0.8425001
0,1,0.87266606
0,0,0.13882351
0,1,0.99995637
0,0,0.0033401563
0,1,0.9999721
0,1,0.9998449
0,0,5.8379163e-05
0,0,0.00014516065
0,1,0.76011544
0,0,0.40385866
0,1,0.99956566
0,1,0.9998241
0,0,0.45562488
0,0,0.0031032604
0,0,0.018483201
0,1,0.9816171
0,1,0.999938
0,0,0.0043240967
0,1,0.9182229
0,1,0.9999553
0,1,0.99970406
0,1,0.9993926
0,1,0.99984074
0,1,0.97161216
0,1,0.9999701
0,1,0.7978047
0,1,0.99994946
0,0,0.00038118506
0,0,0.00013724258
0,0,0.0001947981
0,1,0.9995567
0,1,0.9999535
0,0,0.0025435837
0,1,0.999972
0,1,0.9999138
0,0,0.00014405476
0,1,0.9926805
0,0,0.24079508
0,0,0.002255051
0,1,0.9999236
0,0,0.011488551
0,1,0.6860354
0,1,0.9994597
0,0,0.04539073
0,1,0.98782665
0,1,0.96699053
0,0,0.008125816
0,1,0.7097642
0,1,0.7496119
0,1,0.99995184
0,0,0.0017068799
0,1,0.9999478
0,0,0.0011816252
0,1,0.56071174
0,0,4.8266822e-05
0,1,0.5767846
0,1,0.9923045
0,1,0.8973049
0,0,0.00010680249
0,0,0.36079448
0,0,0.23033278
0,0,0.0498102
0,0,7.834176e-05
0,1,0.9998578
0,0,0.0010435506
0,0,0.033520177
0,0,0.005579613
0,1,0.99997365
0,1,0.5373401
0,1,0.98020387
0,1,0.8444848
0,1,0.92548823
0,0,0.3163392
0,1,0.9951001
0,0,9.4217394e-05
0,1,0.9992312
0,1,0.9998548
0,1,0.9523453
0,0,0.0061790394
0,1,0.532122
0,0,7.596986e-05
0,1,0.8881144
0,0,0.00016014431
0,1,0.87136066
0,1,0.9995913
0,1,0.9987301
0,1,0.99417937
0,0,0.40060368
0,1,0.8954365
0,0,0.13294539
0,1,0.9948001
0,1,0.894709
0,1,0.99888223
0,0,7.0886104e-05
0,1,0.9999279
0,0,0.00014352567
0,0,3.677242e-05
0,1,0.99989676
0,0,0.41415736
0,0,9.665311e-05
0,0,0.0010770255
0,1,0.9989672
0,1,0.9999714
0,1,0.6017676
0,0,4.211126e-05
0,1,0.9977945
0,0,0.00011360274
0,0,0.0001260354
0,0,6.8439374e-05
0,0,0.016684894
0,0,0.004519597
0,0,7.7801116e-05
0,0,0.009992075
0,1,0.5883835
0,0,0.1940377
0,0,0.037296146
0,1,0.7871248
0,1,0.9943468
0,1,0.9999646
0,1,0.9999691
0,0,0.057468764
0,1,0.99994886
0,0,0.098509096
0,1,0.9999628
0,1,0.99995685
0,1,0.59491414
0,1,0.99996483
0,1,0.99754274
0,0,0.0012300613
0,1,0.9998324
0,1,0.9999628
0,1,0.9999542
0,0,0.0078087556
0,0,8.747831e-05
0,1,0.9999572
0,0,0.025538037
0,1,0.99844605
0,0,0.0032877284
0,1,0.9999709
0,1,0.98628914
0,1,0.9998343
0,0,0.00017240069
0,0,0.00021283742
0,0,0.00012569994
0,0,0.0033588489
0,0,0.00032082913
0,0,0.012783261
0,0,0.23252007
0,1,0.9508137
0,0,8.52706e-05
0,1,0.98873466
0,1,0.97798365
0,1,0.9503305
0,0,0.30185056
0,0,0.038953733
0,0,0.00015927812
0,1,0.60683674
0,1,0.9995432
0,1,0.9843866
0,0,0.0033069549
0,0,0.0017165125
0,0,0.008859343
0,0,0.010025547
0,1,0.8853928
0,1,0.99993193
0,1,0.99997175
0,1,0.8657509
0,1,0.9990408
0,1,0.86004174
0,0,6.429789e-05
0,0,0.00010041884
0,0,8.551122e-05
0,0,7.698281e-05
0,0,0.0024028004
0,1,0.9999634
0,0,0.059273638
0,1,0.7949113
0,0,0.00011974555
0,1,0.99413514
0,1,0.99997306
0,1,0.9997094
0,0,6.816887e-05
0,1,0.99997294
0,0,0.00010108184
0,1,0.99941707
0,0,0.0084701795
0,0,0.013983902
0,0,0.000278964
0,0,0.00020111
0,1,0.999853
0,1,0.99993026
0,1,0.99529195
0,0,0.04301499
0,1,0.9999707
0,1,0.9999734
0,1,0.9951025
0,1,0.9973162
0,1,0.9974366
0,0,0.0001692648
0,0,0.00054757873
0,0,0.16261093
0,0,0.0014554025
0,0,6.1135404e-05
0,0,0.002987224
0,1,0.9999366
0,1,0.80784184
0,1,0.6180799
0,1,0.9986179
0,1,0.99982184
0,1,0.9955236
0,0,0.00035132456
0,1,0.99696726
0,0,0.00021065856
0,0,0.0003261626
0,1,0.9993175
0,1,0.83884966
0,1,0.9993913
0,0,4.1950207e-05
0,0,0.16075899
0,0,0.059766363
0,0,0.080006495
0,1,0.99996996
0,0,5.3403357e-05
0,0,0.018952858
0,1,0.9869398
0,0,0.21414639
0,1,0.99920326
0,1,0.6927491
0,0,4.982213e-05
0,0,0.000100405814
0,1,0.99011886
0,0,0.05825623
0,1,0.99996793
0,0,0.3303336
0,0,0.00029461595
0,1,0.9998971
0,1,0.56006324
0,0,8.561403e-05
0,1,0.760244
0,0,5.6598125e-05
0,0,0.0049644075
0,0,0.0006145531
0,1,0.9990546
0,1,0.9999242
0,1,0.99958235
0,1,0.9985696
0,1,0.89041823
0,0,4.6164056e-05
0,1,0.99671435
0,1,0.99986255
0,1,0.99995553
0,0,6.581893e-05
0,0,0.38729173
0,1,0.9999286
0,0,0.00024891476
0,0,0.0102437865
0,1,0.6364206
0,0,0.042990755
0,0,5.0893468e-05
0,1,0.9999547
0,0,0.0016031938
0,0,0.34515202
0,0,0.00028247165
0,1,0.9991406
0,1,0.9711438
0,1,0.9854903
0,1,0.9999523
0,0,0.07562359
0,1,0.94019836
0,0,0.41052866
0,1,0.724559
0,0,0.042299744
0,0,0.0001417298
0,0,0.00012182512
0,0,8.933904e-05
0,1,0.93503284
0,1,0.99996746
0,1,0.5756298
0,0,0.04857828
0,0,0.00013899207
0,1,0.9999604
0,0,0.1500846
0,0,0.00040317417
0,1,0.766858
0,0,7.6397475e-05
0,1,0.94212514
0,0,0.00043738275
0,0,0.00577384
0,0,8.518331e-05
0,0,0.00019322128
0,1,0.9999726
0,1,0.99981123
0,0,0.0022230397
0,0,0.0006711061
0,1,0.99981624
0,1,0.50963056
0,1,0.99966204
0,0,0.05597467
0,1,0.7964009
0,0,0.00014069595
0,1,0.99993455
0,1,0.98734194
0,1,0.85240746
0,1,0.97901493
0,1,0.99995756
0,0,0.019460715
0,1,0.99993515
0,0,8.232387e-05
0,1,0.673565
0,1,0.99996614
0,0,8.130838e-05
0,0,0.22395487
0,0,6.371481e-05
0,0,7.728101e-05
0,0,0.00013778346
0,0,0.00010682755
0,0,0.00093674107
0,1,0.9976162
0,1,0.9996735
0,1,0.99990857
0,0,0.0010602636
0,1,0.99369013
0,0,4.4723067e-05
0,1,0.9994715
0,0,0.00033925098
0,0,0.00042237577
0,0,0.00013822573
0,0,0.43579313
0,0,0.078488186
0,0,0.22405164
0,1,0.9996306
0,0,9.852418e-05
0,0,0.00016950205
0,1,0.99983716
0,0,0.0018591125
0,1,0.99997175
0,1,0.9999589
0,0,0.3424391
0,1,0.5596447
0,1,0.9965281
0,0,0.00011086693
0,0,9.063837e-05
0,0,0.0011881137
0,1,0.8631732
0,1,0.9998313
0,1,0.9999722
0,1,0.94412583
0,0,0.00024210215
0,0,6.163673e-05
0,1,0.7312645
0,0,6.905885e-05
0,0,0.00011083881
0,1,0.9628989
0,0,0.35240397
0,0,0.026129104
0,1,0.9778641
0,1,0.99664754
0,1,0.9797719
0,1,0.99865365
0,0,0.012313011
0,1,0.99997425
0,1,0.99994516
0,1,0.9856676
0,0,5.9049366e-05
0,1,0.9964276
0,1,0.99980944
0,1,0.9998808
0,1,0.9267983
0,1,0.999848
0,1,0.9996197
0,1,0.99985814
0,1,0.83022153
0,1,0.9091773
0,0,0.00010061523
0,1,0.9996741
0,1,0.99997294
0,1,0.99975663
0,0,0.016930168
0,1,0.99995494
0,1,0.9974462
0,0,7.995469e-05
0,0,6.401982e-05
0,0,0.04049473
0,1,0.9962645
0,0,7.1574534e-05
0,1,0.9881742
0,0,0.31449032
0,0,0.35101992
0,1,0.9985251
0,1,0.9747585
0,1,0.82882404
0,1,0.9240123
0,0,4.5810586e-05
0,0,8.4792766e-05
0,0,0.002573141
0,1,0.9982267
0,0,0.0029958226
0,0,0.08845155
0,0,0.00023154418
0,1,0.99968314
0,0,0.00020299993
0,0,0.00014217879
0,1,0.9982254
0,0,0.00018726029
0,1,0.90196973
0,0,0.00080691645
0,1,0.99996746
0,1,0.9995443
0,1,0.99660623
0,0,0.0003697491
0,1,0.57143444
0,0,4.328658e-05
0,1,0.68472475
0,0,0.000102836515
0,0,0.22461806
0,1,0.9999639
0,0,9.3030365e-05
0,0,0.00067031727
0,1,0.9999691
0,1,0.5197875
0,0,8.103978e-05
0,1,0.9992686
0,0,0.00049463834
0,0,0.00050476927
0,1,0.9969332
0,0,9.498725e-05
0,1,0.8523135
0,1,0.9949268
0,0,0.025732273
0,0,0.27204585
0,0,0.081676684
0,1,0.57412654
0,0,0.000109594876
0,0,0.017041914
0,1,0.99991167
0,1,0.99922454
0,1,0.99995875
0,1,0.99996364
0,0,0.0002028788
0,0,0.00099584
0,0,0.0016674513
0,0,5.506296e-05
0,1,0.9861438
0,0,0.033745352
0,1,0.9999497
0,1,0.52858996
0,1,0.9789635
0,1,0.99950993
0,0,6.362507e-05
0,0,0.0009924412
0,0,0.4925639
0,1,0.99996305
0,1,0.99138886
0,1,0.99996555
0,0,0.20308897
0,1,0.9974636
0,0,0.008407161
0,1,0.98202837
0,0,0.00016548402
0,0,9.138265e-05
0,0,0.4336714
0,1,0.96468073
0,1,0.99886143
0,1,0.7977793
0,0,6.416798e-05
0,0,0.00042538813
0,0,0.008216972
0,1,0.99946934
0,0,6.747426e-05
0,0,0.0007825897
0,1,0.99996567
0,0,0.00033284663
0,0,9.047275e-05
0,0,0.007184228
0,1,0.99985063
0,0,0.000101524354
0,0,7.6664066e-05
0,0,9.676801e-05
0,0,0.025817344
0,1,0.63228846
0,0,7.393482e-05
0,1,0.9509495
0,0,5.3782678e-05
0,1,0.99948585
0,1,0.7649757
0,1,0.92304224
0,1,0.99313533
0,1,0.99914193
0,1,0.99995494
0,0,7.854133e-05
0,0,0.0002249069
0,0,8.753187e-05
0,1,0.8612088
0,1,0.8100034
0,0,0.0015035599
0,0,0.0006522985
0,0,0.44069666
0,1,0.68418837
0,0,0.0017012294
0,1,0.9999608
0,0,5.5670036e-05
0,0,8.115331e-05
0,1,0.9889392
0,0,0.0025862774
0,1,0.9794151
0,0,0.0002750695
0,0,0.21093246
0,0,0.00013287204
0,0,0.19545874
0,1,0.9860555
0,0,0.0002136454
0,1,0.98092747
0,0,0.00010555974
0,0,3.715799e-05
0,1,0.99967134
0,0,0.00031217263
0,0,0.00073661417
0,1,0.66404814
0,1,0.9999604
0,0,0.016897246
0,0,0.3439927
0,0,0.48476335
0,1,0.9863376
0,0,0.043569352
0,0,0.018518927
0,1,0.9373867
0,1,0.9944839
0,0,0.004673147
0,1,0.96815175
0,1,0.9999665
0,1,0.9999485
0,1,0.95831066
0,0,0.0019246415
0,1,0.980228
0,0,0.037494205
0,0,6.610678e-05
0,1,0.99091643
0,1,0.8959987
0,0,0.00017967114
0,0,0.06564447
0,0,0.15601766
0,0,0.0004899844
0,0,0.00013783854
0,1,0.9823193
0,0,0.000120528675
0,1,0.56798995
0,1,0.9962825
0,1,0.99965024
0,1,0.9986583
0,0,0.20099564
0,1,0.98159516
0,1,0.6328666
0,0,0.00028642995
0,0,0.2517835
0,0,0.30055726
0,0,0.00571695
0,0,0.0037793594
0,0,8.941454e-05
0,1,0.9395146
0,1,0.85245585
0,0,0.3310261
0,1,0.99996436
0,0,0.11742132
0,0,0.0038382025
0,1,0.9065672
0,1,0.7835295
0,1,0.99997103
0,1,0.9999492
0,1,0.9987174
0,0,0.10792791
0,0,0.0016612753
0,1,0.99996114
0,1,0.9999603
0,1,0.99996686
0,1,0.99989367
0,0,0.0057626828
0,0,8.2795064e-05
0,1,0.9859071
0,1,0.9989837
0,0,0.00028687104
0,0,0.19041096
0,1,0.9967728
0,1,0.6969013
0,1,0.99759173
0,0,0.0014172008
0,0,5.5728462e-05
0,1,0.9996562
0,1,0.99632555
0,1,0.9999571
0,1,0.999954
0,1,0.9999726
0,0,4.6152523e-05
0,0,0.0038010925
0,0,0.000106603075
0,0,0.0004311395
0,0,0.0065458664
0,1,0.87890005
0,0,0.03541831
0,1,0.6231852
0,0,0.0048249345
0,1,0.9999739
0,0,4.7215683e-05
0,0,0.09895432
0,1,0.9967713
0,1,0.99980456
0,1,0.99947053
0,0,0.4931254
0,1,0.9999529
0,0,0.000130307
0,0,0.00015741435
0,0,7.2351e-05
0,1,0.9998745
0,0,6.8559435e-05
0,1,0.97418946
0,1,0.9989918
0,1,0.99989176
0,0,0.00014949362
0,0,0.0004095753
0,0,0.06422459
0,0,0.098517574
0,1,0.9732185
0,1,0.6659316
0,1,0.999956
0,1,0.9994467
0,0,0.032070424
0,0,0.002530625
0,1,0.742096
0,1,0.99996734
0,1,0.9999645
0,0,0.0003265547
0,1,0.83178854
0,0,5.3694737e-05
0,1,0.9253188
0,1,0.99975747
0,0,0.4622557
0,1,0.9901928
0,1,0.99990976
0,0,7.4259566e-05
0,1,0.59561235
0,1,0.9999474
0,1,0.9933175
0,0,0.07338225
0,1,0.9997476
0,0,7.8416204e-05
0,1,0.95622694
0,1,0.99996936
0,1,0.9999733
0,1,0.9999604
0,1,0.8559267
0,0,0.00069851585
0,0,6.248205e-05
0,1,0.9991191
0,1,0.9962232
0,0,7.4420204e-05
0,1,0.9999726
0,0,7.023009e-05
0,0,0.00031114044
0,0,0.00015919247
0,1,0.99992526
0,0,0.0008426415
0,0,0.0072804126
0,1,0.99996054
0,0,9.6171905e-05
0,1,0.9999685
0,0,0.0037956312
0,1,0.549751
0,1,0.9999691
0,1,0.9995079
0,1,0.9997012
0,1,0.9999645
0,1,0.8074171
0,0,5.763659e-05
0,0,0.000479825
0,0,0.014804452
0,0,6.35437e-05
0,0,0.00020544913
0,1,0.99984455
0,0,6.3597894e-05
0,0,0.03427756
0,1,0.9593026
0,1,0.9999548
0,0,0.00047986364
0,0,0.000182107
0,1,0.98024344
0,0,7.9078905e-05
0,1,0.82700306
0,0,0.008524741
0,1,0.9998902
0,0,0.19331147
0,0,0.006183456
0,0,8.955466e-05
0,0,0.00033616862
0,1,0.99881494
0,1,0.9999521
0,1,0.9999107
0,0,0.00013331979
0,1,0.67997366
0,1,0.99193746
0,1,0.9998418
0,0,0.0034474423
0,1,0.9999615
0,1,0.9999691
0,0,0.4377183
0,0,0.0006358899
0,1,0.5565062
0,0,0.2402878
0,1,0.9994873
0,0,0.27098066
0,1,0.80511224
0,1,0.99961853
0,1,0.99789137
0,0,0.008167165
0,0,0.010601964
0,0,4.571719e-05
0,1,0.9933134
0,1,0.9999633
0,1,0.92427385
0,1,0.9999602
0,1,0.99997044
0,0,0.4152076
0,1,0.58085704
0,1,0.8269264
0,1,0.99572253
0,1,0.99150944
0,1,0.87072706
0,0,0.00011697433
0,1,0.6235288
0,0,0.00021500167
0,1,0.9946896
0,0,0.00055290613
0,0,0.00016992212
0,0,6.563234e-05
0,0,0.00057311606
0,1,0.5055274
0,0,9.849177e-05
0,0,0.34159383
0,0,0.49398893
0,1,0.9989819
0,0,7.622327e-05
0,0,5.984973e-05
0,0,0.35646424
0,1,0.94742084
0,1,0.842724
0,1,0.9969945
0,0,0.3544373
0,1,0.9827922
0,1,0.99995875
0,0,8.899042e-05
0,1,0.99993527
0,1,0.90366185
0,0,0.020576632
0,0,0.0001441588
0,0,0.009633179
0,1,0.9997193
0,0,0.00025414844
0,1,0.9887416
0,1,0.92224586
0,0,0.0001628558
0,0,0.004454155
0,0,9.074034e-05
0,0,0.00033268353
0,1,0.97656804
0,0,0.010212833
0,1,0.9995701
0,0,0.00035758238
0,0,0.0014079511
0,0,0.04708174
0,1,0.937554
0,1,0.6976094
0,1,0.9998919
0,0,0.12209034
0,0,4.646509e-05
0,0,0.42653176
0,0,0.07894139
0,0,0.0002487179
0,1,0.904047
0,0,4.5277673e-05
0,1,0.9999697
0,0,0.03855259
0,1,0.9999739
0,1,0.9743726
0,0,0.0018564669
0,1,0.9299252
0,1,0.7435851
0,0,0.14965686
0,0,0.14849469
0,0,0.05421162
0,0,8.34264e-05
0,0,4.5992852e-05
0,0,0.0046243514
0,0,0.022438204
0,1,0.9978084
0,0,0.023627484
0,1,0.9999553
0,0,5.787987e-05
0,1,0.9998903
0,1,0.86873657
0,1,0.7527205
0,0,6.2853345e-05
0,1,0.99996233
0,1,0.9999063
0,1,0.9999721
0,0,0.011679254
0,0,0.11748787
0,0,7.7102566e-05
0,0,0.4922296
0,0,0.08736381
0,0,9.38578e-05
0,0,0.00010979592
0,0,8.2253726e-05
0,0,0.09584633
0,0,3.5597946e-05
0,0,4.3818698e-05
0,0,7.41537e-05
0,0,8.442881e-05
0,0,0.3336238
0,1,0.9999194
0,1,0.9996983
0,0,7.09959e-05
0,0,0.02296092
0,0,0.06266666
0,1,0.999944
0,0,8.8664645e-05
0,0,0.0012865001
0,1,0.9860763
0,1,0.9986461
0,1,0.9984718
0,1,0.9969643
0,1,0.9970119
0,1,0.9999386
0,1,0.5060025
0,0,7.1315975e-05
0,0,0.0001095723
0,1,0.98191994
0,1,0.9998185
0,0,0.029792
0,0,0.0209298
0,1,0.999974
0,1,0.9998989
0,1,0.9999447
0,0,0.0001263614
0,1,0.9999664
0,0,0.008661639
0,0,0.22230487
0,1,0.8123359
0,1,0.9999691
0,1,0.81901205
0,1,0.99958414
0,0,0.030460453
0,1,0.9997069
0,0,0.45401195
0,0,5.670504e-05
0,0,0.011059611
0,1,0.999613
0,1,0.99978024
0,1,0.99981576
0,0,0.0008778597
0,0,8.315778e-05
0,0,0.06371206
0,0,6.138099e-05
0,0,0.00010830269
0,1,0.7303205
0,1,0.999974
0,1,0.99743086
0,1,0.99970394
0,0,0.1530646
0,0,6.515168e-05
0,0,0.030752018
0,0,0.0010683719
0,0,9.8095756e-05
0,0,0.118977346
0,0,0.49403054
0,1,0.9993424
0,1,0.9999491
0,0,5.3626216e-05
0,1,0.965851
0,1,0.99996364
0,1,0.9555357
0,1,0.8272426
0,1,0.99970955
0,1,0.8082861
0,1,0.99977773
0,1,0.7679195
0,1,0.9902816
0,1,0.9944066
0,0,0.40004128
0,0,4.2088857e-05
0,0,0.0023881497
0,0,0.00010639233
0,0,4.8537033e-05
0,0,3.357978e-05
0,1,0.9999486
0,0,0.15876743
0,0,0.1467295
0,0,5.2042607e-05
0,1,0.9041924
0,0,0.32204226
0,0,0.001138187
0,1,0.99949753
0,1,0.90589327
0,0,0.42860767
0,1,0.9999151
0,1,0.7944102
0,1,0.9985656
0,0,0.023786236
0,1,0.9999615
0,1,0.999728
0,1,0.98120326
0,1,0.8355893
0,0,6.775293e-05
0,0,0.017358152
0,0,7.0947244e-05
0,0,0.2108163
0,0,0.16074325
0,0,0.298965
0,1,0.9998863
0,0,0.0003504807
0,0,6.683592e-05
0,1,0.9879754
0,0,0.4428193
0,0,0.15221457
0,0,7.512167e-05
0,0,3.8856335e-05
0,1,0.8614508
0,0,0.00042818557
0,0,0.00072633254
0,1,0.9999691
0,0,0.10136432
0,1,0.99396896
0,0,0.27657467
0,1,0.99972206
0,1,0.5206096
0,0,4.1947686e-05
0,1,0.9963321
0,0,0.00023803166
0,0,0.0029030128
0,0,8.535497e-05
0,1,0.99058574
0,1,0.99746096
0,1,0.9866339
0,1,0.9780471
0,1,0.9833629
0,1,0.99955744
0,0,0.0088239955
0,1,0.9999734
0,1,0.9797152
0,1,0.99828595
0,0,0.007026206
0,0,0.012018335
0,0,0.00053845916
0,1,0.74387944
0,1,0.90924895
0,1,0.99988985
0,1,0.99900323
0,1,0.9958662
0,0,0.15218183
0,0,8.763913e-05
0,0,9.486061e-05
0,1,0.95620525
0,1,0.9952976
0,1,0.9981103
0,0,7.9338955e-05
0,1,0.9999571
0,1,0.61867243
0,1,0.9972247
0,1,0.8810266
0,0,0.10537917
0,1,0.62629175
0,0,4.934824e-05
0,0,0.1502912
0,1,0.9995598
0,0,8.1167e-05
0,1,0.80613637
0,0,0.19284597
0,1,0.9999701
0,1,0.9999515
0,1,0.98279613
0,1,0.97883725
0,1,0.9989273
0,1,0.9998672
0,1,0.9999541
0,1,0.5523258
0,0,0.010500213
0,1,0.83429646
0,0,0.00010502269
0,0,0.003916996
0,0,0.21267878
0,0,0.0008044875
0,1,0.99930334
0,0,0.41791835
0,1,0.5326696
0,1,0.99922645
0,0,0.47705203
0,1,0.9518923
0,0,0.40238804
0,0,0.00016621903
0,0,6.8106754e-05
0,1,0.5091485
0,1,0.99996555
0,1,0.6679897
0,0,0.000284636
0,1,0.9999702
0,0,6.467628e-05
0,0,4.947032e-05
0,1,0.99997187
0,1,0.9999497
0,0,0.013607248
0,1,0.9266575
0,1,0.99685067
0,1,0.9983771
0,1,0.99257976
0,1,0.99970466
0,1,0.9813607
0,1,0.99996996
0,1,0.9569338
0,1,0.9943487
0,0,0.19207895
0,1,0.62609047
0,1,0.99995506
0,1,0.99955124
0,0,0.00039925304
0,1,0.99997056
0,0,0.15221806
0,0,7.4997835e-05
0,0,0.0004422958
0,1,0.97426003
0,1,0.5631209
0,1,0.9899767
0,1,0.9969103
0,0,0.00035624416
0,0,5.1448787e-05
0,0,6.907242e-05
0,1,0.9999573
0,0,0.0001177702
0,0,5.639329e-05
0,1,0.6288032
0,1,0.99903536
0,1,0.887435
0,0,0.03404662
0,1,0.9997466
0,0,0.37899712
0,1,0.5494486
0,0,8.615998e-05
0,1,0.99995506
0,0,8.893342e-05
0,0,0.00018603924
0,1,0.9999355
0,0,0.03513319
0,0,7.779191e-05
0,1,0.8883637
0,0,0.008221248
0,1,0.9999199
0,1,0.9994814
0,1,0.6055817
0,1,0.999913
0,1,0.8567211
0,1,0.9724302
0,1,0.8608706
0,0,0.00015944678
0,0,0.44420043
0,0,0.14075424
0,1,0.7047371
0,0,9.8305136e-05
0,1,0.9285778
0,1,0.5236347
0,0,0.0001120987
0,0,0.05030441
0,0,0.088301875
0,0,0.00013230287
0,0,0.00012221468
0,1,0.9980259
0,0,0.04293472
0,1,0.9999052
0,0,0.15043771
0,0,5.5215238e-05
0,0,0.0003701847
0,0,7.3449024e-05
0,1,0.52410054
0,1,0.9998511
0,1,0.9998642
0,0,5.5573393e-05
0,0,0.37585092
0,0,0.45699605
0,0,0.4644763
0,0,0.19042595
0,0,0.019226626
0,1,0.8856521
0,0,9.811859e-05
0,0,0.00017388038
0,1,0.7718547
0,0,0.08002023
0,0,0.013209036
0,1,0.9746968
0,0,0.00011313811
0,1,0.8302049
0,1,0.99996626
0,1,0.9289526
0,1,0.9581027
0,0,0.05986009
0,1,0.5463716
0,1,0.99995947
0,1,0.99694544
0,1,0.9999217
0,1,0.9801043
0,0,0.027497994
0,0,0.0013239192
0,1,0.9953621
0,1,0.99586123
0,1,0.9770308
0,1,0.999964
0,1,0.6543866
0,1,0.99996424
0,1,0.9999641
0,1,0.9999442
0,0,0.00013724939
0,0,0.46139282
0,1,0.52553827
0,0,0.0012357964
0,0,9.7769e-05
0,0,0.08069027
0,1,0.99996483
0,1,0.9967204
0,0,0.024169557
0,0,0.020236734
0,0,0.06245684
0,0,4.5262303e-05
0,0,0.013889879
0,1,0.90302145
0,1,0.75767154
0,1,0.9848942
0,1,0.9916079
0,1,0.93298644
0,0,0.13589773
0,0,0.0003726945
0,1,0.99774253
0,1,0.99996495
0,0,0.00013014396
0,1,0.64041466
0,0,0.0029249818
0,0,6.15038e-05
0,1,0.9003704
0,0,0.33473203
0,0,0.029623004
0,1,0.99994147
0,1,0.65335745
0,0,0.2136383
0,1,0.9998202
0,1,0.62322176
0,1,0.87765175
0,0,9.109415e-05
0,1,0.9970228
0,1,0.9999505
0,1,0.9998085
0,1,0.9999279
0,1,0.999303
0,1,0.86490196
0,1,0.8216916
0,0,0.0012845957
0,0,0.0016725727
0,1,0.994113
0,1,0.9999633
0,1,0.99902844
0,1,0.99091434
0,0,0.15045445
0,0,0.27052572
0,1,0.876898
0,0,0.12352292
0,1,0.9998573
0,1,0.9814917
0,1,0.97997427
0,1,0.7206763
0,1,0.8297988
0,1,0.9999678
0,0,0.00021202843
0,0,0.002386083
0,1,0.7415656
0,0,0.00014029807
0,1,0.9985942
0,0,0.45658502
0,1,0.9999614
0,1,0.99982196
0,0,0.24253227
0,0,0.00013206767
0,0,0.00024589503
0,1,0.99968743
0,1,0.7928001
0,0,0.0009400478
0,1,0.9999604
0,1,0.98748404
0,1,0.9984213
0,0,5.086324e-05
0,0,0.18413347
0,1,0.99256015
0,1,0.87704843
0,1,0.85371023
0,1,0.9870789
0,1,0.7376706
0,1,0.99997306
0,0,0.3136803
0,0,0.33970147
0,1,0.5373842
0,1,0.9999707
0,0,0.021483121
0,1,0.6077722
0,1,0.9948873
0,0,7.139402e-05
0,1,0.97846884
0,1,0.9999591
0,1,0.9998385
0,1,0.999795
0,1,0.9907342
0,1,0.99996805
0,0,0.010206091
0,0,0.0017057963
0,0,0.40673572
0,1,0.99997413
0,0,0.00032867544
0,0,0.28585052
0,1,0.8650818
0,1,0.94917375
0,0,0.0030522991
0,0,0.0006929636
0,0,0.377188
0,1,0.9999268
0,1,0.99888057
0,0,4.601786e-05
0,0,9.842727e-05
0,0,0.25551164
0,0,0.18802126
0,0,0.41997838
0,1,0.9999658
0,0,0.004084947
0,0,0.18859279
0,1,0.99995863
0,1,0.84084475
0,1,0.999966
0,1,0.94526154
0,1,0.9999541
0,0,5.80638e-05
0,0,0.00011248147
0,0,8.6382184e-05
0,1,0.9999716
0,1,0.708177
0,1,0.78436697
0,1,0.8131265
0,1,0.9918107
0,1,0.9999614
0,1,0.9979103
0,1,0.9954857
0,0,0.041272316
0,0,0.20368549
0,1,0.9999436
0,0,0.014892906
0,1,0.9999713
0,1,0.9999157
0,0,0.0012189125
0,0,0.06076986
0,0,0.00013604113
0,1,0.50152546
0,1,0.9786659
0,1,0.99980885
0,0,0.00014385273
0,1,0.9999596
0,0,0.00024835722
0,1,0.66009235
0,1,0.96873224
0,1,0.92506963
0,0,0.009707908
0,0,0.0075854566
0,0,0.00029641512
0,0,0.021514159
0,1,0.9999174
0,0,7.854478e-05
0,0,0.0029412333
0,1,0.9999461
0,0,0.0012779954
0,0,0.005923157
0,0,0.00027595155
0,0,0.45561144
0,1,0.9999722
0,0,0.0007997868
0,1,0.70620334
0,0,7.4009935e-05
0,1,0.99993634
0,1,0.9999573
0,1,0.9704699
0,1,0.9974738
0,1,0.9999703
0,0,9.209754e-05
0,0,0.13017051
0,0,0.0006198032
0,0,0.13130064
0,1,0.95461875
0,0,0.00041193602
0,1,0.6840774
0,0,0.0005647307
0,1,0.99997056
0,0,0.00028717067
0,1,0.9999652
0,1,0.99993503
0,1,0.986465
0,0,0.291476
0,0,0.00016240048
0,1,0.9723098
0,1,0.99994946
0,0,0.004355969
0,1,0.5778504
0,0,0.0002610972
0,0,0.06266317
0,0,0.47382715
0,0,0.00835442
0,1,0.9998654
0,1,0.9999659
0,1,0.99078125
0,0,9.6056516e-05
0,0,0.00021922518
0,1,0.9999722
0,0,0.048364352
0,1,0.85872614
0,0,0.21531866
0,0,0.02418272
0,0,0.031233355
0,0,0.0038851001
0,0,4.8715978e-05
0,0,0.007490639
0,1,0.9954301
0,1,0.9959636
0,1,0.9997812
0,0,0.010302804
0,0,0.00034683675
0,1,0.99987257
0,1,0.99990296
0,1,0.99997246
0,0,0.0077458704
0,0,0.0008222903
0,1,0.9992192
0,0,0.0023655996
0,1,0.99971086
0,0,0.048904337
0,1,0.62994945
0,0,0.0001073031
0,1,0.99898285
0,0,0.00013301682
0,1,0.9999708
0,1,0.9999411
0,0,7.420513e-05
0,1,0.58044386
0,1,0.64301074
0,1,0.9999517
0,1,0.9997353
0,0,0.032934617
0,1,0.99679714
0,0,0.00025301304
0,0,0.018663863
0,1,0.999972
0,0,0.030558107
0,0,0.002065538
0,1,0.5523873
0,0,0.05345986
0,1,0.68081754
0,0,0.024042945
0,0,0.00035655432
0,1,0.64217466
0,0,0.0071135643
0,1,0.95347553
0,0,9.920617e-05
0,0,8.350209e-05
0,0,0.00022679758
0,0,7.665507e-05
0,1,0.6709486
0,0,0.030469175
0,0,0.38743517
0,0,0.3210038
0,1,0.7818115
0,1,0.91844636
0,1,0.9179346
0,1,0.9865936
0,1,0.99985945
0,0,0.00016762764
0,1,0.9986677
0,1,0.9994537
0,0,0.007542439
0,1,0.9398278
0,1,0.99993944
0,0,0.00048242143
0,0,0.35417283
0,1,0.99955744
0,1,0.6437424
0,1,0.9999577
0,1,0.9999354
0,0,0.030104093
0,1,0.97414434
0,1,0.9999546
0,0,0.013840304
0,1,0.7977659
0,1,0.99962056
0,1,0.99808145
0,0,0.00011999222
0,0,0.00050365046
0,1,0.9999535
0,0,4.6788926e-05
0,0,0.0001099688
0,0,0.00011824088
0,1,0.9991153
0,1,0.9997832
0,1,0.99993384
0,0,0.0013540915
0,0,0.0063031856
0,1,0.9999422
0,1,0.9960968
0,0,4.9822178e-05
0,1,0.9873239
0,0,0.3498484
0,1,0.99990904
0,0,0.32418448
0,1,0.9999653
0,0,0.0020503376
0,1,0.88232076
0,0,0.0020810873
0,0,9.2413466e-05
0,1,0.8997153
0,1,0.8241219
0,1,0.99996746
0,0,0.0004063869
0,1,0.9999454
0,1,0.99227613
0,1,0.9997987
0,0,7.563568e-05
0,0,0.00016386218
0,0,3.906145e-05
0,0,0.0004207607
0,1,0.9999529
0,0,0.44714722
0,1,0.99958605
0,1,0.99995303
0,1,0.9993017
0,1,0.6598902
0,1,0.9215563
0,1,0.9987275
0,0,5.455534e-05
0,0,8.807057e-05
0,1,0.99996924
0,1,0.999703
0,1,0.999966
0,1,0.99069524
0,0,4.917845e-05
0,0,0.056730535
0,1,0.9999633
0,0,0.3836796
0,0,0.06321361
0,0,0.0066758306
0,1,0.8519595
0,1,0.9999213
0,0,0.35540968
0,1,0.9999596
0,0,8.377581e-05
0,0,0.1999341
0,0,8.97893e-05
0,0,0.009007638
0,1,0.9999745
0,1,0.9999691
0,0,0.05949841
0,0,0.00021311297
0,1,0.99997234
0,0,6.888423e-05
0,0,0.25026366
0,1,0.9968671
0,1,0.9997969
0,1,0.99996877
0,1,0.9766291
0,1,0.71475774
0,1,0.9998104
0,0,0.36144286
0,1,0.96740836
0,1,0.9280415
0,1,0.9969553
0,1,0.95098376
0,0,8.970952e-05
0,1,0.9959169
0,1,0.9998012
0,1,0.98873585
0,0,0.0015813977
0,1,0.9999101
0,0,0.06354594
0,0,7.153721e-05
0,1,0.8804366
0,0,7.548113e-05
0,0,7.51317e-05
0,1,0.9952319
0,0,3.564371e-05
0,0,0.31325588
0,1,0.9875201
0,1,0.99251324
0,0,0.00010486328
0,1,0.8677135
0,0,0.4085339
0,1,0.98413384
0,1,0.6639709
0,1,0.99873406
0,1,0.92932636
0,0,0.0014916834
0,1,0.567467
0,0,0.0015749804
0,1,0.9998846
0,1,0.970154
0,0,0.008306503
0,0,0.00017606275
0,1,0.98271334
0,0,4.0180774e-05
0,1,0.9999647
0,1,0.90699923
0,0,0.14994803
0,1,0.99492973
0,0,0.016850235
0,1,0.9970528
0,1,0.8923247
0,1,0.90286744
0,1,0.8419512
0,1,0.8661648
0,1,0.9996978
0,1,0.9999722
0,0,9.47664e-05
0,1,0.6484644
0,1,0.9664633
0,1,0.9847792
0,0,6.995584e-05
0,1,0.89723086
0,1,0.9999521
0,1,0.7199587
0,0,0.00013334192
0,0,7.3282725e-05
0,1,0.9995441
0,0,0.017260853
0,0,0.08630603
0,1,0.9912425
0,1,0.989199
0,0,4.6290923e-05
0,0,0.46718302
0,1,0.9976744
0,0,4.6111865e-05
0,1,0.9999609
0,1,0.9680195
0,1,0.9997503
0,0,7.29731e-05
0,1,0.9955253
0,1,0.9999422
0,0,5.6734953e-05
0,0,0.0047894726
0,0,0.41970944
0,0,0.0324122
0,1,0.998279
0,1,0.9998623
0,1,0.93763113
0,1,0.99790096
0,1,0.690311
0,1,0.9996908
0,0,0.46833694
0,0,0.00010218686
0,1,0.9999231
0,1,0.9999615
0,0,0.19525611
0,0,0.00021440945
0,1,0.999959
0,1,0.9900103
0,1,0.99948174
0,0,0.22645482
0,0,0.0001772768
0,0,6.0496302e-05
0,1,0.99991727
0,0,0.00030558425
0,1,0.99997246
0,1,0.9999503
0,0,0.23653987
0,1,0.99983656
0,1,0.760031
0,1,0.9999604
0,0,0.000115010786
0,1,0.77208704
0,1,0.99994123
0,1,0.89299923
0,1,0.6865652
0,0,0.091463655
0,0,9.6767275e-05
0,1,0.9969254
0,1,0.9999726
0,0,0.00020873676
0,0,0.42536205
0,1,0.9998939
0,0,5.6043642e-05
0,0,8.302941e-05
0,1,0.985081
0,0,0.0031845763
0,0,6.202282e-05
0,1,0.9466876
0,1,0.8522764
0,1,0.99894863
0,1,0.99992704
0,0,0.00031424646
0,1,0.9856228
0,0,0.088654324
0,0,0.09730921
0,1,0.99978834
0,1,0.99996793
0,1,0.7506082
0,0,7.870734e-05
0,0,0.0007227579
0,1,0.9999578
0,1,0.84301907
0,0,6.939784e-05
0,0,0.00010585347
0,1,0.9975006
0,1,0.9999635
0,1,0.72055066
0,1,0.99997175
0,0,0.0143158855
0,0,0.044393875
0,0,0.0008020431
0,1,0.57990813
0,0,0.00020008099
0,1,0.99996996
0,0,6.470971e-05
0,1,0.71344215
0,1,0.99988985
0,1,0.68019617
0,1,0.9992207
0,1,0.99986196
0,0,0.00065302086
0,1,0.9309343
0,1,0.8489398
0,1,0.9998516
0,1,0.9999691
0,0,6.0383914e-05
0,1,0.99989593
0,1,0.59770715
0,0,5.2754953e-05
0,0,0.0034916936
0,0,0.0009989653
0,1,0.8544251
0,1,0.9999001
0,1,0.99995756
0,1,0.99994683
0,1,0.9999733
0,0,0.0052130683
0,1,0.9999596
0,1,0.90173423
0,0,0.00012019332
0,1,0.60710317
0,0,0.30148596
0,1,0.99995697
0,0,0.000110809226
0,1,0.9788067
0,1,0.9522985
0,1,0.9995628
0,1,0.9999114
0,0,0.00014688271
0,0,6.330914e-05
0,1,0.9423202
0,0,0.35819104
0,0,6.203606e-05
0,0,0.00018105935
0,1,0.9998994
0,0,0.00014419084
0,0,0.28613183
0,0,0.27311134
0,0,0.0001157943
0,1,0.99996305
0,1,0.99989915
0,1,0.9999306
0,0,0.34918052
0,1,0.98910505
0,1,0.9999505
0,0,7.291508e-05
0,0,0.00010528049
0,0,0.00078748364
0,0,6.734936e-05
0,1,0.90201133
0,1,0.99990153
0,1,0.95498836
0,1,0.55867475
0,1,0.9172325
0,1,0.9999372
0,1,0.9999646
0,1,0.9997427
0,0,0.42422485
0,1,0.794714
0,0,7.5483724e-05
0,0,0.00015676397
0,1,0.9984737
0,0,0.20152743
0,0,4.8324353e-05
0,1,0.9722525
0,0,0.001181283
0,0,9.3570314e-05
0,0,7.357289e-05
0,1,0.93723506
0,0,0.00026310934
0,1,0.9999676
0,1,0.99996734
0,0,0.23220469
0,1,0.91321117
0,0,0.0005257582
0,0,0.00078560197
0,0,0.30737206
0,0,0.23730047
0,1,0.9999622
0,0,0.01195159
0,0,0.14583287
0,1,0.9999058
0,0,0.003680271
0,0,0.25030264
0,0,0.00012711987
0,0,0.010051961
0,1,0.99993324
0,1,0.7130687
0,1,0.9502603
0,0,0.0004206205
0,0,0.00020088842
0,0,5.4899218e-05
0,0,0.00024901424
0,1,0.99520385
0,1,0.99006665
0,1,0.9870028
0,1,0.99996865
0,0,0.008540567
0,1,0.999954
0,1,0.6557793
0,1,0.9998568
0,1,0.66722727
0,0,0.01366382
0,1,0.9999484
0,1,0.917248
0,1,0.5258162
0,0,0.36794797
0,0,7.6351e-05
0,0,0.013742314
0,1,0.999964
0,0,0.001123161
0,0,7.5493444e-05
0,0,0.006988977
0,0,0.30282784
0,1,0.7613639
0,0,0.04036708
0,0,0.0023714313
0,1,0.9991685
0,1,0.9400737
0,1,0.9533419
0,1,0.99996185
0,0,0.00797567
0,0,0.29601
0,0,9.176249e-05
0,0,0.0012462812
0,0,0.010291303
0,1,0.99996567
0,0,0.00051770604
0,0,0.0007290662
0,0,0.0035756277
0,1,0.99981934
0,1,0.98913157
0,0,8.713836e-05
0,1,0.99992335
0,1,0.9987136
0,0,6.865725e-05
0,1,0.9841501
0,1,0.9998678
0,1,0.92840296
0,1,0.8668976
0,0,9.2248556e-05
0,1,0.9065885
0,0,0.01474927
0,0,5.17717e-05
0,0,0.00010799527
0,0,0.26298955
0,1,0.98666084
0,0,0.4535133
0,1,0.9999715
0,1,0.69477504
0,0,0.0067464593
0,0,3.264484e-05
0,0,0.028351236
0,0,0.00033065103
0,0,0.38699448
0,0,0.00043047513
0,0,0.020172872
0,0,0.00020539822
0,0,0.048155818
0,1,0.9179533
0,0,0.0392343
0,0,6.872131e-05
0,0,0.00011341031
0,1,0.9999291
0,0,6.0553677e-05
0,1,0.9162819
0,1,0.80970055
0,0,8.0778e-05
0,1,0.9877843
0,1,0.9815176
0,0,8.69051e-05
0,0,7.8598874e-05
0,1,0.9999002
0,0,0.4289541
0,1,0.99996257
0,0,8.919585e-05
0,1,0.99990237
0,1,0.9999014
0,0,0.04366487
0,0,0.02799885
0,0,0.10606365
0,1,0.97023153
0,0,5.707552e-05
0,1,0.89220065
0,1,0.99869186
0,1,0.99462223
0,1,0.99991846
0,1,0.99895597
0,0,0.3524247
0,0,0.15014555
0,1,0.65844566
0,0,0.0037834062
0,0,0.004401801
0,1,0.98907745
0,1,0.9998223
0,0,9.290111e-05
0,0,0.000105554405
0,1,0.99991775
0,0,5.1658077e-05
0,0,0.122999884
0,1,0.9998901
0,1,0.9967296
0,0,0.0006553234
0,0,0.035408758
0,0,7.402166e-05
0,1,0.99959904
0,1,0.9999101
0,1,0.99996674
0,1,0.9999672
0,0,8.285478e-05
0,0,0.00035856004
0,1,0.9705
0,0,0.00016107084
0,1,0.9936237
0,1,0.9999713
0,0,0.0038085305
0,0,5.151025e-05
0,0,0.0012499582
0,0,0.00023396267
0,0,0.00055678416
0,1,0.999637
0,1,0.9665654
0,0,0.0054110554
0,1,0.95026946
0,1,0.99350995
0,0,9.232546e-05
0,0,0.00018024046
0,1,0.9998882
0,0,0.00021163862
0,1,0.64347607
0,0,6.91337e-05
0,1,0.9998741
0,0,0.464687
0,0,0.061983578
0,1,0.68442196
0,0,0.0003942639
0,0,6.3670595e-05
0,0,0.04970019
0,0,0.1523128
0,1,0.99870455
0,0,0.10590546
0,1,0.6472252
0,1,0.99992406
0,0,0.00054286525
0,1,0.73731166
0,1,0.7470918
0,1,0.99995303
0,1,0.9999368
0,0,0.001972792
0,0,0.28376973
0,1,0.7499166
0,1,0.9999522
0,0,0.118048005
0,0,0.019309418
0,1,0.9999634
0,1,0.99782974
0,1,0.5680905
0,0,0.0006252099
0,0,6.0649203e-05
0,0,0.04673505
0,0,6.379774e-05
0,0,0.00029983782
0,0,0.00015346901
0,1,0.9831875
0,0,0.000182376
0,0,0.09613915
0,0,0.08947145
0,0,0.013588055
0,1,0.99993336
0,1,0.99962354
0,1,0.98368615
0,0,0.000115519455
0,0,0.0009971885
0,1,0.9958282
0,1,0.79162616
0,1,0.98914975
0,0,0.0003298979
0,0,0.0010131915
0,1,0.99996746
0,1,0.99992347
0,0,8.207899e-05
0,1,0.6930988
0,1,0.9999118
0,1,0.9399523
0,1,0.99993837
0,1,0.9999012
0,0,0.002037144
0,1,0.9981165
0,0,0.000100131394
0,1,0.7798044
0,1,0.75830656
0,0,4.287354e-05
0,0,0.0022887145
0,1,0.99987316
0,0,0.0009285688
0,1,0.99465394
0,1,0.9999486
0,1,0.9999726
0,1,0.91608065
0,0,0.09749134
0,0,0.11131898
0,1,0.6072058
0,1,0.59117985
0,1,0.7663127
0,1,0.99997365
0,0,9.3368166e-05
0,1,0.99808264
0,1,0.9999504
0,1,0.99996495
0,0,0.005762585
0,0,0.011513488
0,1,0.6037639
0,0,0.33624128
0,0,0.48386446
0,1,0.99549735
0,1,0.9907907
0,0,0.00012331964
0,1,0.99366534
0,0,0.3146751
0,1,0.9764514
0,1,0.9940201
0,0,9.2042064e-05
0,0,0.23856127
0,0,0.21972293
0,1,0.9998406
0,1,0.99995315
0,1,0.9453153
0,1,0.9729329
0,1,0.99304056
0,0,0.18922001
0,0,0.013689704
0,0,0.13276465
0,0,0.0002613313
0,1,0.99803895
0,0,0.14970651
0,1,0.64098155
0,1,0.99996924
0,0,0.0002272634
0,1,0.9998684
0,0,0.0055262716
0,0,0.0053868485
0,0,7.887563e-05
0,1,0.9670972
0,0,0.0056069996
0,1,0.9946077
0,0,7.849684e-05
0,0,5.6526933e-05
0,0,5.5498826e-05
0,0,0.43312913
0,1,0.83474565
0,1,0.9678835
0,0,0.0006986417
0,0,7.734219e-05
0,1,0.9459151
0,0,0.099118344
0,1,0.68517756
0,0,7.4681106e-05
0,1,0.999946
0,1,0.99980885
0,0,0.0005007997
0,0,0.00013155008
0,1,0.97043186
0,1,0.9999665
0,0,5.2175885e-05
0,0,0.000100910875
0,1,0.9999734
0,1,0.9480935
0,1,0.7755852
0,1,0.98745525
0,1,0.99996483
0,0,0.14495619
0,0,0.0013020427
0,1,0.9858994
0,1,0.99997175
0,0,0.0010649364
0,0,0.0032432373
0,0,4.0764335e-05
0,1,0.68504965
0,0,0.10757107
0,0,7.543077e-05
0,0,0.00023691045
0,1,0.8990543
0,0,0.00015071077
0,0,0.3399594
0,0,0.3508317
0,1,0.7635822
0,1,0.9299789
0,1,0.99995816
0,1,0.9988217
0,0,0.009757431
0,1,0.99997365
0,0,3.677052e-05
0,1,0.99997497
0,0,8.514247e-05
0,0,0.0007788909
0,1,0.9999182
0,0,8.67981e-05
0,1,0.9999037
0,0,0.010607006
0,1,0.99992883
0,1,0.999749
0,0,0.00088601006
0,0,0.12636189
0,1,0.9785704
0,1,0.99997103
0,1,0.6920833
0,1,0.9999696
0,1,0.99995303
0,1,0.7125167
0,0,0.23708542
0,0,0.19942096
0,0,0.0039672377
0,0,0.3011691
0,1,0.9999691
0,1,0.9185919
0,0,4.9018607e-05
0,0,0.4139146
0,0,0.00015369513
0,0,0.0012133288
0,0,0.02761866
0,1,0.99997354
0,1,0.99984396
0,0,0.0020965422
0,1,0.99995875
0,1,0.9971125
0,1,0.84071964
0,0,6.0017428e-05
0,0,0.00064675906
0,0,0.04445105
0,0,6.523263e-05
0,1,0.9991555
0,0,6.61843e-05
0,1,0.99663454
0,1,0.76616085
0,1,0.5661182
0,0,0.25443962
0,1,0.9909937
0,0,0.27613002
0,1,0.9986981
0,1,0.9130108
0,0,0.0638009
0,0,0.21842447
0,1,0.9999697
0,1,0.97677124
0,1,0.9999671
0,1,0.76346004
0,0,0.03384731
0,1,0.75611824
0,0,0.00015352038
0,0,0.42330652
0,1,0.9954699
0,1,0.60764503
0,0,0.00047834398
0,1,0.9998776
0,1,0.999962
0,0,0.00065823906
0,0,0.019525077
0,1,0.9893426
0,1,0.96919686
0,0,0.000114364884
0,1,0.9999716
0,1,0.99876946
0,0,7.645549e-05
0,0,0.002484955
0,1,0.9998592
0,0,8.8741115e-05
0,0,9.049398e-05
0,0,0.00043557017
0,0,0.00016162037
0,1,0.99962854
0,1,0.9999554
0,1,0.99944466
0,1,0.9730417
0,0,0.00018692421
0,1,0.99889463
0,1,0.9999516
0,0,0.061190568
0,0,0.048035223
0,0,0.00072036247
0,0,0.20217465
0,0,0.008190655
0,0,0.44003442
0,0,0.000103518156
0,1,0.9991099
0,0,0.4259751
0,1,0.99995375
0,0,0.023688374
0,1,0.82590306
0,1,0.9894433
0,0,6.124768e-05
0,1,0.99994206
0,1,0.9982753
0,1,0.7502797
0,0,0.49736854
0,0,0.0057352614
0,1,0.9999597
0,0,7.876071e-05
0,1,0.9993399
0,1,0.9999454
0,0,0.02116961
0,0,7.36244e-05
0,1,0.9872685
0,1,0.8695436
0,1,0.91333985
0,0,0.00019256413
0,1,0.999961
0,0,0.17279647
0,0,9.5111594e-05
0,1,0.9999329
0,1,0.99969816
0,0,0.0014251365
0,0,0.00015955156
0,1,0.8733874
0,1,0.9865354
0,1,0.9998789
0,1,0.9998191
0,1,0.9998381
0,1,0.79042715
0,1,0.99886644
0,1,0.5852771
0,1,0.9998963
0,1,0.89622253
0,1,0.9994765
0,1,0.996216
0,0,6.910931e-05
0,1,0.9996592
0,0,0.0038332993
0,0,0.0004414515
0,0,0.36010167
0,0,6.5858796e-05
0,0,0.00028491835
0,1,0.9959766
0,1,0.9999398
0,0,6.569277e-05
0,0,0.00021396996
0,1,0.9998054
0,0,0.014001758
0,1,0.99993086
0,1,0.99995995
0,1,0.98922604
0,0,0.00022766377
0,0,0.29582092
0,1,0.9999665
0,0,9.138047e-05
0,0,6.544048e-05
0,0,0.36329395
0,0,0.0007695082
0,1,0.9989784
0,1,0.997663
0,0,0.004236698
0,0,0.0011833969
0,1,0.99172103
0,1,0.9999658
0,1,0.9999157
0,1,0.8255831
0,0,9.5354706e-05
0,0,7.069467e-05
0,1,0.74578
0,1,0.9999716
0,0,0.04032098
0,0,9.9406076e-05
0,0,9.972345e-05
0,1,0.8901694
0,1,0.99652183
0,1,0.9997322
0,0,0.47185266
0,1,0.9352301
0,0,7.577162e-05
0,0,0.17957482
0,1,0.9927443
0,0,0.00010187269
0,1,0.99996316
0,1,0.99993956
0,1,0.98946905
0,1,0.8756582
0,0,9.852728e-05
0,1,0.5465365
0,1,0.5022159
0,1,0.99996734
0,0,8.4088846e-05
0,0,0.30918163
0,1,0.9999546
0,0,0.00070802076
0,1,0.9751508
0,1,0.99995124
0,1,0.94349146
0,1,0.93063974
0,1,0.9201919
0,1,0.9855762
0,0,6.1425264e-05
0,1,0.99996436
0,0,0.01480117
0,0,0.000107794855
0,0,0.02378584
0,0,0.0001276116
0,1,0.9999659
0,1,0.545893
0,0,7.589274e-05
0,0,0.001057895
0,0,0.008408356
0,0,6.190989e-05
0,0,9.237196e-05
0,0,0.0009855912
0,0,5.473419e-05
0,1,0.590862
0,1,0.6262084
0,0,0.018060181
0,0,0.3514393
0,1,0.9793744
0,0,0.0050723
0,0,0.0008933223
0,1,0.99994993
0,1,0.9990132
0,0,7.7417906e-05
0,1,0.5311231
0,1,0.99691546
0,1,0.99989295
0,0,7.9289726e-05
0,0,9.0177746e-05
0,1,0.99986064
0,1,0.9724973
0,0,6.1004142e-05
0,0,7.38271e-05
0,1,0.9999621
0,1,0.96074593
0,0,0.00014200063
0,0,0.007585912
0,0,0.24196976
0,1,0.99996686
0,1,0.8641123
0,1,0.9996507
0,1,0.9999405
0,0,0.00065002934
0,1,0.5284845
0,0,0.006611258
0,0,8.29426e-05
0,1,0.99997306
0,1,0.8727164
0,0,0.0062807826
0,1,0.999956
0,1,0.99995625
0,0,0.00011187497
0,0,0.17001763
0,1,0.99982834
0,1,0.99997175
0,1,0.99996936
0,0,4.9506143e-05
0,0,7.7101984e-05
0,1,0.97262955
0,1,0.9997763
0,1,0.99991107
0,0,0.00014353196
0,1,0.99973613
0,1,0.55117244
0,1,0.98903614
0,0,0.00011312019
0,1,0.8336844
0,0,7.268807e-05
0,0,0.000110373156
0,1,0.52563256
0,1,0.99907
0,1,0.9600726
0,1,0.99861455
0,0,8.740476e-05
0,1,0.9701719
0,0,0.00092685054
0,1,0.9999677
0,1,0.97279096
0,1,0.98552936
0,1,0.9256707
0,1,0.98251694
0,1,0.9999485
0,1,0.99742967
0,1,0.9999685
0,0,0.06134775
0,1,0.9999466
0,0,0.00011280115
0,1,0.5221135
0,0,0.0013656776
0,0,0.0050000395
0,0,0.18167192
0,0,6.842365e-05
0,0,0.006428915
0,1,0.99995196
0,1,0.9998988
0,0,0.16029015
0,1,0.9999672
0,1,0.9999484
0,1,0.93714124
0,1,0.86837614
0,0,6.955632e-05
0,1,0.9544056
0,1,0.6528661
0,0,0.00011654178
0,1,0.99812406
0,0,7.06702e-05
0,1,0.9999739
0,0,0.31097794
0,0,0.013942299
0,1,0.99992657
0,1,0.9998161
0,0,5.198051e-05
0,0,0.21394943
0,0,0.029198075
0,0,0.00011703401
0,1,0.9896505
0,0,0.00013880902
0,0,9.0936184e-05
0,1,0.7359895
0,0,8.060349e-05
0,0,0.36663657
0,0,0.048851833
0,0,0.00011272694
0,1,0.74278176
0,1,0.9999646
0,1,0.5359128
0,1,0.5176862
0,0,7.234018e-05
0,1,0.99996567
0,1,0.85954416
0,1,0.9928041
0,1,0.75992846
0,0,0.00034115382
0,1,0.9448674
0,0,0.00063543255
0,1,0.99984646
0,1,0.9816974
0,0,0.34830686
0,1,0.9999523
0,1,0.99995494
0,0,9.737692e-05
0,0,0.024494894
0,0,0.011037421
0,1,0.9578791
0,1,0.99904865
0,0,8.5512525e-05
0,1,0.9995579
0,1,0.9866476
0,0,0.19342923
0,0,0.10462759
0,0,4.9867147e-05
0,0,0.2278962
0,0,0.00036774814
0,0,0.010146012
0,0,7.492921e-05
0,0,0.0001598755
0,0,0.27115345
0,1,0.55538636
0,1,0.88520265
0,0,0.00876836
0,1,0.94396836
0,1,0.9148057
0,1,0.92404366
0,1,0.9999621
0,1,0.9999652
0,0,0.2454863
0,0,0.45680758
0,1,0.99997187
0,0,0.0015777632
0,1,0.99997294
0,1,0.9174086
0,0,0.30210802
0,0,4.3446966e-05
0,0,0.00026484876
0,0,0.000120498335
0,1,0.99885917
0,1,0.97999966
0,0,7.428974e-05
0,0,0.0195557
0,1,0.99990964
0,1,0.5727084
0,1,0.99806684
0,0,0.046410188
0,1,0.9997874
0,1,0.6954643
0,0,0.00017644644
0,1,0.99994874
0,1,0.7150295
0,0,8.548497e-05
0,1,0.9999485
0,0,0.00054480415
0,1,0.9659322
0,0,0.32999104
0,0,0.00028706115
0,0,0.0056247655
0,1,0.9997794
0,0,6.820477e-05
0,0,0.16306072
0,1,0.82370424
0,0,0.00014323392
0,0,0.0018764598
0,1,0.9999708
0,1,0.9998547
0,0,6.99858e-05
0,1,0.9999541
0,0,0.3759682
0,1,0.9986065
0,1,0.999974
0,1,0.58060235
0,1,0.99996734
0,0,0.0025729868
0,1,0.9999572
0,1,0.7122903
0,1,0.8868711
0,1,0.9912559
0,1,0.9952329
0,1,0.9999255
0,1,0.9999267
0,0,0.07527908
0,0,0.0009607313
0,1,0.99988735
0,1,0.999308
0,0,0.00011516135
0,1,0.99997056
0,0,0.12644424
0,1,0.999915
0,0,0.017751152
0,1,0.94863063
0,0,0.00010371834
0,0,0.3361657
0,0,8.528093e-05
0,1,0.99994814
0,0,0.0010786036
0,0,0.00010607982
0,0,0.38910028
0,0,7.269243e-05
0,0,0.22048567
0,0,3.9257662e-05
0,0,0.25096953
0,1,0.69386864
0,1,0.9900615
0,1,0.7897983
0,1,0.9999628
0,1,0.973461
0,0,4.976377e-05
0,0,0.0001293075
0,1,0.7214168
0,0,0.0014984102
0,1,0.9999684
0,1,0.98543835
0,1,0.99985695
0,0,0.45206815
0,1,0.999974
0,1,0.7296928
0,0,0.040575013
0,1,0.99981064
0,0,0.37680277
0,1,0.99919623
0,1,0.99997294
0,1,0.98749405
0,1,0.9910557
0,0,4.779655e-05
0,1,0.85542893
0,0,0.00076341885
0,0,4.0959832e-05
0,1,0.99723685
0,1,0.6718183
0,1,0.8565621
0,1,0.9994093
0,1,0.99994683
0,1,0.60611516
0,1,0.99993896
0,1,0.99995875
0,1,0.764948
0,0,9.179821e-05
0,1,0.9999666
0,1,0.99818975
0,0,0.45779094
0,0,0.00012467548
0,0,0.00048918003
0,1,0.9987734
0,1,0.84153724
0,0,6.627885e-05
0,0,0.26185748
0,0,0.0007736735
0,0,0.012071612
0,0,0.00031878846
0,1,0.9980373
0,1,0.9998375
0,1,0.9471366
0,0,0.006482294
0,0,0.00016535593
0,1,0.9999746
0,0,8.462427e-05
0,1,0.9999739
0,0,4.6450867e-05
0,1,0.9999492
0,0,0.19018239
0,1,0.9997168
0,1,0.88866085
0,1,0.67911214
0,1,0.99980694
0,0,0.0002489409
0,1,0.9981092
0,0,0.011273364
0,1,0.96131754
0,1,0.9936358
0,0,4.5244524e-05
0,1,0.99579334
0,1,0.99032706
0,0,0.01467493
0,0,7.7919765e-05
0,1,0.9951959
0,1,0.99987936
0,1,0.9999368
0,0,0.005777942
0,0,0.40682477
0,0,8.65754e-05
0,0,0.17418425
0,1,0.99995387
0,0,0.0877046
0,0,0.29496565
0,1,0.99995244
0,1,0.97294724
0,1,0.9999362
0,1,0.8290867
0,1,0.9999695
0,1,0.78399706
0,0,0.00044441657
0,0,0.0015332665
0,1,0.9589958
0,0,0.00019208128
0,1,0.98973125
0,1,0.5743688
0,0,0.48830593
0,1,0.95441717
0,1,0.7646891
0,0,0.013164905
0,0,6.835126e-05
0,0,0.015031859
0,1,0.99991333
0,1,0.9988311
0,0,0.00014356714
0,0,0.096389815
0,1,0.99322975
0,1,0.99996805
0,0,6.107132e-05
0,1,0.9998803
0,1,0.504079
0,0,0.17485246
0,1,0.99934477
0,1,0.9999181
0,0,0.029925793
0,1,0.9999529
0,0,7.683598e-05
0,1,0.9999044
0,0,6.5748856e-05
0,1,0.99996626
0,1,0.9997203
0,1,0.999961
0,0,5.63706e-05
0,1,0.9999523
0,1,0.99343324
0,1,0.99996495
0,1,0.9999404
0,1,0.97617596
0,1,0.99879336
0,0,7.104162e-05
0,1,0.50942665
0,0,6.629826e-05
0,1,0.99990726
0,1,0.72211915
0,0,0.00077157153
0,0,0.2782504
0,1,0.99996126
0,1,0.9990972
0,1,0.925369
0,1,0.6345771
0,1,0.9681598
0,1,0.9997527
0,1,0.9982734
0,1,0.9997731
0,0,0.024974415
0,0,0.00012903639
0,0,0.19334507
0,0,0.11450405
0,1,0.999974
0,0,8.671817e-05
0,1,0.99993396
0,1,0.99488527
0,0,0.00014924437
0,0,0.00014185852
0,0,0.088678375
0,0,0.023667382
0,1,0.9996371
0,1,0.9999716
0,0,0.4482369
0,1,0.98500556
0,1,0.9826502
0,1,0.9998117
0,1,0.99986076
0,0,0.00010722454
0,1,0.9967428
0,0,0.00013135205
0,1,0.9999734
0,0,0.000107417356
0,1,0.9998771
0,1,0.89193684
0,0,0.0020749785
0,1,0.9999734
0,0,0.010088401
0,1,0.9999716
0,1,0.999964
0,0,0.0017073235
0,1,0.6554648
0,0,0.4235939
0,1,0.9512922
0,1,0.89752406
0,1,0.52085525
0,1,0.9993656
0,0,0.047126886
0,0,6.661608e-05
0,1,0.9999504
0,1,0.9999628
0,1,0.7317649
0,1,0.99996054
0,1,0.99995995
0,0,0.008055439
0,1,0.9755921
0,1,0.99997187
0,1,0.94849944
0,0,0.342402
0,0,0.14918607
0,1,0.99678934
0,1,0.99975795
0,0,8.390381e-05
0,0,0.13006714
0,1,0.9999684
0,1,0.9612852
0,0,7.4585165e-05
0,1,0.8399494
0,0,0.0010130443
0,0,0.016556786
0,0,0.0015221896
0,0,0.49206033
0,0,5.3009422e-05
0,1,0.9999721
0,1,0.93622303
0,0,0.19751315
0,0,0.31514665
0,1,0.99996746
0,0,0.00011528045
0,1,0.99995863
0,0,0.00020868878
0,1,0.79299045
0,0,0.16119547
0,1,0.99991655
0,1,0.99990606
0,1,0.9999497
0,1,0.9978581
0,0,0.27690393
0,1,0.8788213
0,0,8.516196e-05
0,0,0.0033272759
0,0,3.4874138e-05
0,1,0.8190461
0,0,0.00048818043
0,0,9.3904884e-05
0,1,0.9929779
0,1,0.99252856
0,0,0.003212402
0,0,0.00030192727
0,0,0.044375338
0,1,0.99995697
0,0,0.0001494205
0,1,0.9999703
0,0,0.07993067
0,1,0.99996996
0,1,0.9999347
0,0,7.463384e-05
0,1,0.9655057
0,0,7.758049e-05
0,1,0.9998703
0,0,0.42001382
0,0,3.5467456e-05
0,0,0.27624738
0,1,0.82345665
0,1,0.9995981
0,0,0.13937107
0,1,0.99996877
0,0,4.0479994e-05
0,0,9.155684e-05
0,1,0.99997485
0,1,0.9999124
0,1,0.9997137
0,0,0.0007735984
0,1,0.8889278
0,1,0.9998221
0,1,0.9988569
0,1,0.99997246
0,0,0.00013162488
0,1,0.97237396
0,1,0.9982974
0,0,3.840363e-05
0,1,0.99099547
0,1,0.7545376
0,0,0.00017164632
0,0,7.800467e-05
0,1,0.9669676
0,1,0.999846
0,0,0.007437009
0,1,0.9999713
0,0,0.005072278
0,0,0.0007211207
0,0,0.000118513715
0,0,0.00033684264
0,1,0.99959284
0,0,0.0008397483
0,0,0.00015975145
0,0,0.0074927974
0,1,0.97545457
0,1,0.5293462
0,1,0.99976796
0,1,0.9999393
0,1,0.5545843
0,1,0.9696227
0,0,0.00031601635
0,1,0.6318173
0,0,0.052873835
0,1,0.99987304
0,1,0.99939275
0,1,0.996095
0,0,0.030857285
0,1,0.9974571
0,1,0.9998252
0,1,0.9959409
0,0,0.012645539
0,0,0.19314525
0,1,0.999833
0,1,0.77750397
0,0,6.1420695e-05
0,0,0.020056577
0,1,0.76731503
0,1,0.9999137
0,0,0.1419102
0,0,0.2940007
0,0,0.0021423376
0,0,4.214866e-05
0,0,0.06379688
0,0,0.005709924
0,1,0.75389284
0,0,0.13757573
0,1,0.97953355
0,1,0.56695116
0,1,0.90409076
0,1,0.6321401
0,0,0.00018242346
0,0,0.0009623079
0,0,0.31689644
0,1,0.9995721
0,0,6.832507e-05
0,1,0.9003015
0,0,8.386078e-05
0,1,0.6753402
0,1,0.9997166
0,1,0.9999473
0,0,0.12140836
0,1,0.9975217
0,1,0.9992042
0,0,3.7710313e-05
0,0,6.47433e-05
0,1,0.80367965
0,0,0.0031256925
0,1,0.680546
0,1,0.802405
0,0,6.524669e-05
0,0,0.00024874136
0,0,0.0003760565
0,1,0.58130735
0,0,0.0010535448
0,0,0.0004656283
0,1,0.991622
0,0,0.41293246
0,1,0.9998103
0,1,0.99924797
0,0,8.651251e-05
0,0,0.45526183
0,0,0.45818934
0,0,0.023719741
0,1,0.82429427
0,0,9.256631e-05
0,1,0.9997125
0,0,0.00011264496
0,0,0.3352801
0,1,0.99110097
0,1,0.9885357
0,0,0.12754567
0,1,0.99944466
0,0,0.00010431554
0,1,0.96838766
0,1,0.9999635
0,0,5.7010628e-05
0,1,0.9991986
0,1,0.99984825
0,1,0.99997103
0,1,0.5595355
0,0,0.011637474
0,1,0.9999689
0,0,0.0017566634
0,1,0.9999641
0,1,0.9998971
0,1,0.99996936
0,0,0.00080368534
0,1,0.9883886
0,1,0.9960372
0,1,0.6565322
0,1,0.89296746
0,0,0.00013736526
0,1,0.9976941
0,1,0.99982387
0,0,0.000121675366
0,1,0.99993634
0,0,0.33914983
0,1,0.9999517
0,1,0.9997234
0,1,0.99997294
0,1,0.99937135
0,1,0.99992514
0,0,0.0019285715
0,1,0.9998683
0,1,0.96849805
0,1,0.9997603
0,0,0.11609292
0,1,0.9887378
0,0,0.0068114717
0,0,0.008036391
0,1,0.99588925
0,0,5.059307e-05
0,1,0.6807069
0,1,0.99979466
0,0,6.395946e-05
0,1,0.99824405
0,1,0.7375179
0,0,0.0023170786
0,1,0.99987566
0,1,0.9518004
0,1,0.99600273
0,1,0.9998882
0,1,0.9999125
0,0,0.00014301432
0,0,0.02143302
0,1,0.99992085
0,1,0.8743275
0,0,0.0006658194
0,1,0.99997056
0,1,0.99995077
0,1,0.9999448
0,1,0.9999716
0,0,0.00016110447
0,1,0.9999646
0,0,6.744223e-05
0,1,0.7706397
0,0,0.0005776465
0,0,0.063943595
0,0,0.049762376
0,1,0.9998604
0,1,0.99953973
0,1,0.9978241
0,1,0.5794875
0,0,0.48754188
0,1,0.74442554
0,1,0.9997385
0,0,5.7311576e-05
0,0,0.09043589
0,0,0.0035970565
0,1,0.9657804
0,0,0.00033047487
0,0,0.043030754
0,0,0.44298503
0,1,0.80378664
0,1,0.7369869
0,1,0.9999484
0,1,0.9999622
0,0,6.494773e-05
0,0,5.7983132e-05
0,1,0.99985325
0,0,0.00011755164
0,1,0.9851394
0,0,7.341673e-05
0,1,0.948736
0,1,0.9999089
0,1,0.99994946
0,1,0.99398226
0,1,0.97309643
0,0,6.0795304e-05
0,0,0.14318937
0,1,0.9984888
0,1,0.9382264
0,1,0.9999733
0,1,0.8707965
0,1,0.88450825
0,0,0.00012586713
0,1,0.99996483
0,1,0.80347013
0,1,0.78513247
0,0,0.00012491718
0,0,0.00023153117
0,1,0.99929523
0,1,0.77531517
0,1,0.9997508
0,1,0.9999291
0,1,0.9423549
0,1,0.70435554
0,0,5.390576e-05
0,1,0.9671642
0,0,0.0062265014
0,0,0.00011343842
0,1,0.7703956
0,0,0.24749391
0,1,0.99305797
0,1,0.99991024
0,0,0.4488897
0,0,0.022217581
0,1,0.8082431
0,0,0.009753628
0,0,0.00013942027
0,0,6.9704394e-05
0,0,0.14871633
0,0,0.207408
0,1,0.75909644
0,0,0.21495812
0,1,0.99941504
0,1,0.9756901
0,0,0.12481677
0,1,0.99236465
0,1,0.99995136
0,1,0.99995923
0,0,0.095688626
0,1,0.99992716
0,0,0.006672827
0,0,5.6720994e-05
0,1,0.9999646
0,0,0.24269594
0,0,3.3513526e-05
0,0,8.74773e-05
0,0,7.282197e-05
0,0,0.19507988
0,1,0.718411
0,0,0.26583502
0,0,0.000107029635
0,0,0.00014811615
0,1,0.8638666
0,1,0.9807376
0,1,0.99995863
0,1,0.9998647
0,1,0.9999411
0,0,5.1525287e-05
0,0,0.00043692958
0,0,0.053169105
0,1,0.9999715
0,0,0.00011790167
0,1,0.99995196
0,1,0.5735566
0,1,0.9999652
0,0,0.052260775
0,0,0.00043211482
0,1,0.99989617
0,1,0.9999269
0,0,0.34841096
0,0,0.34893152
0,1,0.9883455
0,1,0.9966629
0,1,0.99046654
0,0,0.007214882
0,1,0.99982846
0,0,0.045907754
0,0,0.40917486
0,1,0.8646176
0,0,0.00049424573
0,1,0.9999616
0,0,0.0001116354
0,0,0.0008475317
0,1,0.9999075
0,0,0.09934923
0,1,0.98959666
0,0,7.831905e-05
0,1,0.99996626
0,0,0.054580558
0,1,0.92169166
0,1,0.9994067
0,0,5.1675168e-05
0,0,5.409098e-05
0,1,0.9847307
0,1,0.9999665
0,0,0.00021911276
0,0,0.00095964083
0,1,0.99734664
0,1,0.94059247
0,1,0.76423216
0,1,0.9889613
0,0,0.1009156
0,1,0.9994874
0,0,0.035759248
0,1,0.9999716
0,1,0.99997175
0,1,0.9974528
0,0,0.3130121
0,0,0.011208224
0,0,9.921989e-05
0,0,0.09248203
0,1,0.99957603
0,0,0.072242856
0,0,0.00021650564
0,0,0.0052515576
0,1,0.9999646
0,1,0.93515784
0,1,0.9999676
0,0,0.009346048
0,0,0.4783149
0,1,0.86917007
0,1,0.99882144
0,1,0.66817456
0,1,0.9749833
0,0,0.3836318
0,1,0.9999411
0,0,0.0018191369
0,1,0.9999473
0,0,0.18324097
0,0,0.00010729021
0,1,0.9999609
0,0,0.008546064
0,1,0.9664759
0,0,0.0025404464
0,1,0.80872357
0,0,0.28941733
0,0,0.00023190565
0,1,0.99991596
0,1,0.9999716
0,1,0.8545262
0,1,0.97988176
0,1,0.9944864
0,1,0.9999685
0,1,0.9999461
0,0,0.40338856
0,0,0.088541634
0,1,0.9999554
0,1,0.99128693
0,1,0.8282754
0,1,0.99994314
0,0,0.0010516203
0,1,0.80095494
0,0,0.03073143
0,1,0.999972
0,0,3.3506753e-05
0,1,0.65757674
0,0,0.006001468
0,0,0.47729218
0,0,0.4024182
0,0,0.02756521
0,1,0.90781665
0,0,9.928131e-05
0,1,0.6022575
0,1,0.9999614
0,0,0.102109216
0,1,0.96780425
0,0,5.3784217e-05
0,0,5.9972168e-05
0,1,0.9998578
0,1,0.8379085
0,1,0.99996185
0,0,0.021764543
0,1,0.99802303
0,1,0.5349661
0,1,0.99802554
0,1,0.714896
0,0,0.00013987249
0,1,0.6462658
0,0,0.00010346674
0,0,0.00035952355
0,0,0.025250081
0,0,0.053231016
0,0,0.058097873
0,1,0.9998331
0,1,0.5396996
0,0,0.12586518
0,0,0.2856996
0,0,0.00019181904
0,1,0.999943
0,0,0.0007067908
0,1,0.897736
0,1,0.99996793
0,1,0.9999012
0,0,7.665595e-05
0,0,0.41788292
0,1,0.60853344
0,1,0.9999659
0,0,0.3468791
0,1,0.7878887
0,1,0.9997788
0,0,0.0023473653
0,0,9.7693875e-05
0,0,0.05165821
0,0,0.0017265214
0,0,7.824053e-05
0,1,0.99467564
0,1,0.996557
0,0,0.00018344125
0,0,0.0003210167
0,1,0.9993316
0,1,0.53783345
0,1,0.8259116
0,1,0.99995565
0,0,0.047704086
0,1,0.99996567
0,1,0.999954
0,0,0.44851378
0,0,0.015118838
0,0,0.00012300431
0,1,0.6554428
0,1,0.8541258
0,1,0.99952614
0,1,0.991067
0,1,0.9999614
0,1,0.9999707
0,0,0.35181457
0,1,0.9999343
0,0,0.38589725
0,1,0.9956958
0,1,0.99996984
0,1,0.99248016
0,0,9.13046e-05
0,1,0.99996305
0,0,0.3833177
0,1,0.99866784
0,1,0.57409966
0,1,0.9994535
0,0,0.004608373
0,1,0.80233127
0,1,0.999951
0,1,0.9998348
0,1,0.9876886
0,1,0.999683
0,1,0.9633138
0,1,0.8014488
0,1,0.9991411
0,0,0.16034073
0,1,0.7792201
0,1,0.99996805
0,0,7.4877215e-05
0,0,0.0013762914
0,0,0.20996629
0,1,0.97358984
0,1,0.72294915
0,1,0.99330056
0,0,0.000109821674
0,1,0.99952936
0,0,3.380956e-05
0,0,7.096226e-05
0,1,0.9986064
0,0,3.3335094e-05
0,1,0.9999707
0,0,0.0002070179
0,0,6.245668e-05
0,1,0.9988188
0,0,0.00041031977
0,1,0.942897
0,0,0.3584707
0,1,0.999969
0,0,0.00016600729
0,1,0.59836936
0,0,0.07752597
0,0,0.06728365
0,1,0.8992458
0,0,4.7472764e-05
0,0,0.037245687
0,0,0.0015995908
0,1,0.7108073
0,0,3.636295e-05
0,1,0.79767734
0,0,0.07060883
0,0,0.029540367
0,0,7.133441e-05
0,0,0.000101054946
0,1,0.9615859
0,1,0.8850682
0,1,0.6317922
0,0,3.596833e-05
0,0,0.18328042
0,0,0.00011717606
0,1,0.9868924
0,1,0.9999604
0,1,0.87847996
0,1,0.6574495
0,1,0.987946
0,1,0.7493768
0,0,0.006363953
0,1,0.96157223
0,0,8.3365645e-05
0,1,0.99996364
0,1,0.9999672
0,0,8.9666086e-05
0,0,6.0819893e-05
0,1,0.5706088
0,0,0.18438444
0,1,0.9999405
0,0,0.00010625496
0,1,0.9999682
0,0,6.843663e-05
0,0,9.09185e-05
0,0,0.0001032496
0,1,0.99993515
0,0,0.0437832
0,1,0.9957825
0,0,0.0052525243
0,1,0.9997042
0,0,3.8771203e-05
0,0,7.111427e-05
0,1,0.99349797
0,1,0.99948645
0,1,0.99994457
0,1,0.95025814
0,0,0.27909538
0,1,0.8485105
0,1,0.9739906
0,0,8.596974e-05
0,1,0.9999602
0,1,0.5239306
0,1,0.5401637
0,0,0.114191905
0,1,0.9999653
0,1,0.88795334
0,0,0.0531448
0,0,0.00014247872
0,1,0.99990094
0,0,0.0029871443
0,0,0.11729958
0,0,0.00015059383
0,1,0.99992156
0,1,0.99852693
0,0,3.9478902e-05
0,1,0.99885833
0,0,0.06826181
0,1,0.9998074
0,0,0.2629745
0,1,0.99685895
0,0,0.000117568234
0,0,0.21420024
0,1,0.8759354
0,1,0.9998996
0,0,8.469853e-05
0,1,0.9998623
0,1,0.9999404
0,1,0.83486694
0,0,0.2876969
0,0,0.17942591
0,0,9.002387e-05
0,0,0.04491851
0,0,0.00011223056
0,0,0.48260418
0,0,6.226685e-05
0,1,0.99688125
0,1,0.999551
0,0,0.21737126
0,0,0.47684762
0,1,0.69936645
0,0,7.51347e-05
0,1,0.99997425
0,0,0.016319746
0,0,0.19911014
0,0,0.116619274
0,0,0.036418963
0,1,0.9999219
0,0,0.009985805
0,0,0.0016660484
0,1,0.9886235
0,1,0.99921143
0,1,0.99996686
0,1,0.9998622
0,1,0.99994993
0,1,0.9815104
0,0,0.00044423534
0,1,0.99986553
0,1,0.9999503
0,0,0.00013575255
0,1,0.9999696
0,0,0.16681413
0,1,0.989776
0,0,0.0005456026
0,0,0.12723
0,0,0.0017835399
0,0,5.3427404e-05
0,1,0.99856853
0,0,0.3903305
0,0,0.012241438
0,0,0.13432392
0,1,0.80365694
0,1,0.9999037
0,0,0.0076199044
0,1,0.83797085
0,1,0.7541396
0,0,0.0061209453
0,1,0.99729013
0,1,0.8456984
0,0,5.6457753e-05
0,1,0.99997425
0,0,0.009390372
0,1,0.99994206
0,1,0.96362543
0,1,0.9999502
0,0,0.0013258177
0,1,0.99990594
0,1,0.99894124
0,0,0.060178135
0,0,0.036396984
0,1,0.99247605
0,1,0.99566597
0,0,0.07714237
0,0,5.1088075e-05
0,1,0.99980205
0,1,0.68870133
0,0,0.0032088235
0,1,0.98860776
0,1,0.9865726
0,1,0.9999604
0,0,0.0074948804
0,1,0.9983286
0,0,0.26385218
0,1,0.99994016
0,0,0.0053247223
0,1,0.9999212
0,1,0.99960285
0,0,8.54716e-05
0,1,0.90243936
0,1,0.997825
0,1,0.99914277
0,1,0.99064016
0,0,0.45677477
0,1,0.5695508
0,1,0.5832349
0,0,7.572496e-05
0,0,0.045596547
0,1,0.99995935
0,0,0.0008466803
0,1,0.99936205
0,0,0.0003311757
0,0,0.45779514
0,0,8.395369e-05
0,1,0.99995387
0,0,0.00070902717
0,1,0.99967194
0,0,5.2268024e-05
0,1,0.99857247
0,1,0.9999701
0,0,6.500362e-05
0,0,9.61718e-05
0,0,0.024009254
0,1,0.99953055
0,0,0.000108406144
0,0,0.00010658223
0,0,0.00022160712
0,0,0.46845156
0,0,0.27638692
0,1,0.8862917
0,1,0.999943
0,1,0.7872465
0,1,0.7586027
0,0,0.24439652
0,1,0.9999311
0,0,0.25496724
0,0,7.530535e-05
0,0,7.97183e-05
0,0,0.014914762
0,0,0.0001392838
0,0,0.34670064
0,1,0.9999517
0,0,0.015191161
0,0,0.24864322
0,1,0.9988808
0,0,9.07669e-05
0,1,0.6908766
0,0,0.0005055843
0,0,0.13100854
0,1,0.999401
0,0,0.00017041311
0,0,0.011855853
0,1,0.9902174
0,0,6.433549e-05
0,1,0.99687344
0,1,0.7482747
0,0,0.00021010733
0,1,0.99931383
0,0,0.00010069922
0,1,0.9929957
0,1,0.9999052
0,0,0.0015271214
0,0,0.46898258
0,0,0.00021865654
0,1,0.99971443
0,0,0.19071475
0,0,0.056726087
0,0,0.3267452
0,1,0.8846948
0,0,0.23054135
0,0,0.3041898
0,1,0.998061
0,0,0.00088263367
0,1,0.99986374
0,1,0.99857235
0,0,0.18668379
0,1,0.99932015
0,1,0.9998926
0,1,0.88704103
0,0,0.0004516657
0,0,8.0283135e-05
0,1,0.9971034
0,1,0.8486814
0,0,0.000468825
0,1,0.998329
0,1,0.85559446
0,0,0.49814957
0,0,0.1761667
0,1,0.99997044
0,0,0.23580372
0,1,0.99994755
0,1,0.9999534
0,0,7.8297395e-05
0,0,0.016828243
0,0,0.00012097786
0,1,0.9993844
0,1,0.7155579
0,0,6.375298e-05
0,0,0.0052390727
0,0,0.11460982
0,0,0.3671756
0,0,6.6481465e-05
0,0,0.000100040066
0,0,0.020972552
0,1,0.9999584
0,0,0.00370388
0,1,0.9999001
0,1,0.99993575
0,1,0.9995828
0,0,0.18247549
0,0,8.564049e-05
0,0,0.014132674
0,0,0.012825543
0,1,0.61234915
0,1,0.98948157
0,0,0.43135756
0,1,0.9999471
0,0,0.0002820814
0,1,0.99854565
0,1,0.9999707
0,1,0.9843566
0,1,0.99996185
0,0,0.00013430278
0,0,4.3209704e-05
0,1,0.99996626
0,0,0.47960225
0,0,0.00046971248
0,1,0.94926196
0,1,0.9387254
0,1,0.5126797
0,1,0.79236376
0,1,0.99997413
0,0,0.00028296543
0,1,0.959041
0,1,0.9980646
0,0,8.7978406e-05
0,1,0.9999367
0,0,0.0002537039
0,0,0.05156681
0,0,0.00046275483
0,0,0.32047442
0,0,7.16006e-05
0,0,6.819599e-05
0,1,0.7511932
0,0,0.025846636
0,1,0.9988808
0,0,0.0014057457
0,0,0.02780279
0,1,0.9999261
0,0,0.39597404
0,1,0.9999032
0,1,0.9999232
0,0,0.3210721
0,1,0.99771297
0,1,0.9917299
0,0,0.26919293
0,0,0.0006256886
0,0,4.4814813e-05
0,0,7.7995595e-05
0,1,0.9990314
0,0,0.08034729
0,0,7.656844e-05
0,1,0.999931
0,1,0.85314363
0,1,0.9999666
0,1,0.999863
0,1,0.7581078
0,0,4.9123428e-05
0,1,0.7993417
0,1,0.9551406
0,1,0.9846513
0,0,0.018128391
0,1,0.9998379
0,1,0.99726105
0,0,0.030092405
0,0,0.012192445
0,0,0.13752377
0,1,0.9999088
0,1,0.99996114
0,1,0.97079694
0,1,0.87004095
0,0,0.23669824
0,0,0.02389681
0,0,0.18634237
0,1,0.99944824
0,0,7.28392e-05
0,1,0.6866381
0,1,0.5872738
0,1,0.9999238
0,1,0.9938194
0,1,0.99986374
0,0,0.15647607
0,1,0.9861459
0,0,0.00015321912
0,0,0.10674589
0,0,0.02696789
0,1,0.9895537
0,0,0.0005304972
0,1,0.99790776
0,1,0.9381967
0,1,0.9999536
0,0,0.000103809754
0,1,0.8594973
0,1,0.9994822
0,0,0.000105603634
0,1,0.6822753
0,1,0.6155626
0,1,0.99117446
0,1,0.7214
0,1,0.9998702
0,1,0.6924272
0,1,0.99993265
0,1,0.60284173
0,1,0.93366015
0,0,0.0022568177
0,0,0.095026664
0,1,0.9987406
0,0,0.1362757
0,0,0.0001340727
0,1,0.9965251
0,1,0.9449014
0,0,0.2101942
0,0,0.00014968503
0,1,0.9999697
0,1,0.9995647
0,0,0.00011057047
0,0,8.207594e-05
0,1,0.9955047
0,1,0.9990903
0,0,7.526249e-05
0,0,5.5890625e-05
0,0,0.29867426
0,1,0.7436291
0,1,0.99879396
0,0,0.070799045
0,1,0.9999192
0,1,0.9999709
0,0,0.060141917
0,1,0.9827656
0,1,0.53286177
0,0,0.0001337887
0,0,0.4028973
0,1,0.999964
0,1,0.98490715
0,1,0.67087245
0,0,0.027312476
0,1,0.86659104
0,0,0.0955866
0,1,0.9548156
0,0,7.643522e-05
0,1,0.9997402
0,1,0.77317894
0,0,0.003218015
0,1,0.99958116
0,0,7.8746816e-05
0,1,0.99995816
0,0,0.21349473
0,1,0.99985826
0,1,0.9961365
0,1,0.99996686
0,1,0.9461065
0,0,0.00016177671
0,0,6.029329e-05
0,0,0.00010248615
0,1,0.9647705
0,1,0.99996316
0,0,0.17835753
0,0,0.048218593
0,0,9.133535e-05
0,0,0.22148125
0,1,0.8892758
0,0,8.147906e-05
0,1,0.9997658
0,0,0.000116808355
0,1,0.9999715
0,0,0.053954206
0,0,0.43615627
0,1,0.9999714
0,0,0.0002911285
0,1,0.9999285
0,1,0.99973196
0,1,0.87444675
0,0,0.0025439265
0,1,0.9916196
0,0,4.343052e-05
0,0,0.07445085
0,1,0.92808825
0,1,0.8219081
0,1,0.9997812
0,1,0.9999639
0,1,0.99997365
0,1,0.50388473
0,0,0.21146743
0,0,7.64595e-05
0,1,0.99992645
0,1,0.9997522
0,1,0.6846872
0,1,0.97299755
0,0,0.34299847
0,0,0.0011598036
0,1,0.64467126
0,1,0.9999677
0,1,0.9014837
0,0,6.832279e-05
0,1,0.99991953
0,0,0.0015168417
0,1,0.99799263
0,1,0.8948684
0,0,8.801046e-05
0,1,0.9996494
0,1,0.6489098
0,1,0.80988693
0,0,0.0006002514
0,1,0.99990106
0,1,0.99985313
0,0,0.034053884
0,1,0.5908187
0,0,9.352589e-05
0,0,0.00084905064
0,1,0.97434664
0,1,0.7352274
0,0,4.2344334e-05
0,1,0.99991727
0,1,0.86570334
0,0,0.1232284
0,1,0.92559904
0,1,0.993361
0,1,0.9752574
0,0,0.00093017606
0,1,0.99997175
0,1,0.87880796
0,1,0.99586135
0,1,0.99985945
0,1,0.938876
0,0,5.5117078e-05
0,1,0.999881
0,0,0.005699316
0,1,0.9732832
0,0,0.041711506
0,1,0.9158143
0,1,0.9884559
0,1,0.9935353
0,1,0.9997942
0,0,0.31662267
0,0,0.032367174
0,0,0.005769665
0,0,0.00023110241
0,0,0.000387362
0,1,0.9995198
0,0,0.3834173
0,1,0.99997354
0,0,0.00011072811
0,0,0.23460582
0,1,0.99996066
0,0,0.0011339643
0,1,0.9956176
0,0,4.773916e-05
0,1,0.9975841
0,1,0.8721229
0,1,0.5702613
0,1,0.9657329
0,0,0.0009991337
0,0,0.00022562858
0,0,9.454679e-05
0,0,0.24139173
0,1,0.70613366
0,0,0.0002538992
0,0,0.042079538
0,0,0.038329665
0,0,0.00018895001
0,1,0.9193937
0,1,0.99971396
0,1,0.92595065
0,0,0.0016436042
0,1,0.9990101
0,0,0.019678023
0,0,0.00011775627
0,1,0.9998709
0,0,5.6589757e-05
0,0,5.1405434e-05
0,0,0.00022999413
0,0,0.0012755127
0,0,0.00017880603
0,1,0.98817855
0,0,0.031771477
0,1,0.5252189
0,1,0.83027107
0,0,0.00011069431
0,0,0.42446125
0,0,0.005169315
0,0,0.0011882801
0,1,0.99995697
0,1,0.9989779
0,0,0.012082119
0,0,0.00015520169
0,0,0.2860262
0,1,0.9999639
0,0,0.009580289
0,0,0.0066368286
0,1,0.9989986
0,1,0.6327539
0,0,0.022563823
0,0,7.482667e-05
0,1,0.92659163
0,0,8.40967e-05
0,1,0.9999734
0,0,6.850199e-05
0,1,0.9999062
0,0,0.040303405
0,1,0.999941
0,0,0.024914686
0,1,0.6989103
0,1,0.7279447
0,0,0.004849071
0,0,0.00051759946
0,1,0.99978393
0,0,0.035260364
0,1,0.9999665
0,1,0.98585594
0,1,0.99991345
0,0,0.00023960874
0,0,0.01457446
0,1,0.9999689
0,1,0.9978625
0,1,0.998933
0,0,0.0002751411
0,1,0.87506294
0,1,0.9983814
0,1,0.5253857
0,1,0.99996996
0,0,0.11932911
0,0,0.00011764695
0,1,0.99990296
0,1,0.99996424
0,0,0.039102368
0,0,7.04094e-05
0,1,0.9901439
0,1,0.9997477
0,1,0.8136538
0,0,0.17131846
0,0,0.001001271
0,0,0.0010858963
0,0,0.0001415453
0,1,0.9999316
0,0,0.01063294
0,0,0.17218621
0,0,6.264021e-05
0,1,0.84579533
0,0,4.7939393e-05
0,1,0.99325377
0,1,0.9999596
0,1,0.99994504
0,1,0.99972445
0,1,0.9999583
0,0,0.1583637
0,1,0.9999646
0,1,0.94582766
0,1,0.93172926
0,0,7.1276e-05
0,0,0.2312453
0,1,0.9999622
0,1,0.98061955
0,1,0.99997103
0,1,0.9995059
0,1,0.9999269
0,1,0.9904517
0,0,0.04812851
0,0,4.12236e-05
0,1,0.9999589
0,1,0.9929467
0,1,0.71468866
0,1,0.9957496
0,1,0.99290174
0,0,4.748327e-05
0,0,0.0028886318
0,0,0.12312521
0,1,0.9999174
0,1,0.9967019
0,1,0.99990296
0,0,0.00058803207
0,1,0.9952076
0,0,0.00019196227
0,1,0.7621807
0,1,0.9999707
0,1,0.9247925
0,0,0.0002457237
0,0,4.3784952e-05
0,0,4.0223105e-05
0,1,0.99967456
0,1,0.99982196
0,1,0.76431423
0,1,0.99879044
0,0,0.0029784264
0,1,0.9245959
0,0,0.009300724
0,1,0.6070763
0,1,0.99979085
0,0,0.0017339191
0,1,0.99997365
0,1,0.7404757
0,1,0.98135376
0,1,0.99959534
0,1,0.9999436
0,1,0.9991134
0,1,0.80645096
0,1,0.99748945
0,1,0.99990726
0,0,8.059288e-05
0,1,0.99992204
0,1,0.99990714
0,1,0.9543992
0,1,0.9998374
0,1,0.9401401
0,1,0.99945325
0,1,0.99997365
0,0,0.0009000332
0,1,0.99993527
0,0,9.406316e-05
0,0,0.082936555
0,0,0.14377935
0,1,0.99960047
0,0,8.281022e-05
0,1,0.9998989
0,1,0.99995184
0,1,0.99967337
0,1,0.9999354
0,1,0.99994206
0,1,0.9999548
0,1,0.82109845
0,0,0.00013341951
0,0,0.35107142
0,1,0.96134514
0,1,0.9999713
0,0,0.0009556268
0,1,0.9995797
0,1,0.9195327
0,0,0.37334356
0,0,0.0008897455
0,1,0.78434116
0,0,9.569474e-05
0,1,0.51993144
0,0,0.00011720109
0,0,0.00032450393
0,1,0.6865402
0,0,0.08407393
0,1,0.96605176
0,0,0.005522776
0,0,0.06975127
0,0,0.12824439
0,0,7.907566e-05
0,0,0.28105155
0,0,0.0001220784
0,1,0.99981564
0,1,0.9916278
0,1,0.9979588
0,0,0.0131608425
0,1,0.997889
0,1,0.99995923
0,0,0.17229585
0,1,0.99398404
0,0,0.010851576
0,1,0.9999697
0,1,0.99944943
0,0,0.3957658
0,1,0.99980384
0,1,0.9999565
0,0,0.00016273564
0,0,0.00010438758
0,0,0.051889155
0,0,6.996124e-05
0,0,0.080400415
0,1,0.999959
0,0,8.2454295e-05
0,1,0.9999672
0,0,0.011255497
0,0,0.00010311491
0,1,0.8350578
0,0,0.028308174
0,1,0.655284
0,1,0.9999716
0,0,4.273524e-05
0,1,0.9590483
0,1,0.9999232
0,1,0.94113636
0,1,0.9209644
0,0,8.560268e-05
0,1,0.998665
0,1,0.9992417
0,0,0.0044470495
0,0,0.003002601
0,1,0.99970824
0,1,0.96789896
0,1,0.9999615
0,0,0.0012431467
0,0,0.04954951
0,1,0.79350704
0,0,9.0381174e-05
0,1,0.9999713
0,0,0.015908867
0,1,0.85520494
0,1,0.99515414
0,0,0.0015001298
0,1,0.9999672
0,0,0.061143834
0,1,0.9739043
0,0,0.0018972775
0,1,0.99974734
0,1,0.9997646
0,1,0.9836289
0,0,0.0022040892
0,0,0.00028128593
0,1,0.99996924
0,0,0.03870982
0,1,0.86589456
0,1,0.7314251
0,0,7.174413e-05
0,1,0.99997413
0,1,0.93571395
0,0,0.3594271
0,0,5.183839e-05
0,1,0.9723707
0,1,0.99943787
0,1,0.99996567
0,1,0.99977833
0,1,0.87105805
0,1,0.7432846
0,1,0.95462525
0,1,0.99978894
0,1,0.99996936
0,1,0.9999263
0,0,4.1618998e-05
0,1,0.74542916
0,1,0.98254675
0,0,0.26521358
0,1,0.9981761
0,0,9.1766786e-05
0,1,0.9915726
0,0,0.000116849915
0,0,0.35706773
0,0,0.065040216
0,0,0.000103324346
0,1,0.9951944
0,0,0.000108276065
0,0,0.0007181078
0,0,0.00018621067
0,1,0.9999573
0,1,0.9979233
0,1,0.9999684
0,0,0.0001037487
0,1,0.99996686
0,1,0.99992144
0,1,0.8999092
0,0,0.00018480516
0,0,0.00023273806
0,1,0.6179763
0,0,5.7522655e-05
0,0,0.076956436
0,0,0.0022491403
0,0,0.00020506143
0,1,0.99936897
0,0,5.5671044e-05
0,1,0.8757012
0,0,0.00033523474
0,0,0.00391132
0,1,0.66515887
0,1,0.98288995
0,0,0.00033712247
0,0,0.00065549207
0,1,0.6119246
0,1,0.99182
0,1,0.9991128
0,0,0.0155986585
0,1,0.99984896
0,0,0.05757034
0,0,0.0033612777
0,1,0.8773985
0,1,0.6020891
0,0,0.052413743
0,0,0.002075108
0,1,0.9998752
0,0,0.00045352953
0,0,0.040157188
0,0,0.2360984
0,0,0.01056637
0,0,7.150685e-05
0,1,0.96757275
0,1,0.9756209
0,1,0.9074829
0,1,0.9999684
0,1,0.99996054
0,0,0.0023384863
0,1,0.99711335
0,1,0.9952786
0,1,0.9999738
0,0,5.5971803e-05
0,1,0.99975914
0,0,0.06206902
0,1,0.9999627
0,0,0.00032592923
0,0,0.054258525
0,0,0.16587505
0,0,0.022270132
0,0,4.7429952e-05
0,1,0.9999713
0,1,0.9999701
0,0,9.170285e-05
0,0,0.00058844977
0,1,0.9994522
0,0,0.0014756247
0,1,0.9998914
0,0,9.127543e-05
0,0,0.0010922534
0,1,0.9171078
0,0,0.0001823953
0,1,0.74180925
0,1,0.8084632
0,1,0.9847246
0,1,0.8462401
0,1,0.9999747
0,0,9.142309e-05
0,0,0.000100564284
0,0,5.9535065e-05
0,0,0.19655144
0,1,0.9882302
0,1,0.9999552
0,1,0.9992803
0,0,8.855176e-05
0,0,0.0014349669
0,0,3.578539e-05
0,0,8.429494e-05
0,1,0.9924333
0,0,6.2704225e-05
0,1,0.99995995
0,0,0.00096131087
0,1,0.9834374
0,1,0.9999032
0,1,0.8616471
0,1,0.53956234
0,0,0.000112993854
0,0,0.17791232
0,1,0.9804068
0,0,0.42956978
0,1,0.99757546
0,1,0.9999722
0,1,0.9865457
0,1,0.9999615
0,0,0.00073179835
0,1,0.99969804
0,1,0.9721682
0,1,0.91422355
0,0,0.0006822821
0,0,0.00022001505
0,0,4.0085706e-05
0,0,0.09472676
0,0,5.5986275e-05
0,1,0.99942374
0,1,0.9999709
0,0,0.4609897
0,0,0.24025568
0,0,7.245347e-05
0,1,0.6637599
0,1,0.9999702
0,1,0.9999677
0,1,0.99994385
0,0,0.00023930689
0,0,0.00020093672
0,0,0.0019226439
0,1,0.9991345
0,0,6.064712e-05
0,0,0.00061825564
0,1,0.99659425
0,0,0.112244315
0,1,0.9951573
0,1,0.9971734
0,1,0.9996182
0,1,0.99981016
0,1,0.9999435
0,1,0.9999658
0,1,0.99994147
0,0,0.0007636502
0,0,9.507786e-05
0,0,0.12737395
0,0,0.008378258
0,0,0.03389723
0,1,0.54044527
0,1,0.8782781
0,0,8.019194e-05
0,1,0.9999738
0,1,0.999863
0,1,0.86178744
0,1,0.6331779
0,1,0.9998889
0,0,0.00016288404
0,1,0.9999045
0,0,4.8940692e-05
0,0,0.25839698
0,1,0.99936646
0,1,0.9998996
0,1,0.99993265
0,1,0.9999393
0,0,5.9050777e-05
0,1,0.9779986
0,0,0.00028020138
0,0,0.0011377621
0,0,0.3475429
0,1,0.9773924
0,1,0.5477795
0,0,7.9756785e-05
0,0,0.000120794
0,1,0.99838936
0,0,0.0008119279
0,0,0.00023479531
0,1,0.9999609
0,0,3.6625082e-05
0,0,0.19126157
0,1,0.525443
0,0,0.000103448576
0,1,0.9745787
0,1,0.9992768
0,0,0.0001255969
0,1,0.98835397
0,0,0.19586341
0,0,0.013553674
0,1,0.94544244
0,0,0.00027002385
0,0,0.00023470691
0,1,0.97906715
0,1,0.8531212
0,1,0.99264055
0,1,0.992274
0,0,0.006832912
0,0,0.2784776
0,0,4.1025163e-05
0,1,0.90003675
0,1,0.9007261
0,1,0.99322754
0,0,8.7451364e-05
0,1,0.51942235
0,1,0.99996746
0,1,0.9999732
0,1,0.9911506
0,0,3.276376e-05
0,1,0.998587
0,0,0.06281677
0,1,0.9999645
0,1,0.7633429
0,1,0.99978846
0,0,0.0150867915
0,1,0.9998766
0,1,0.9646493
0,1,0.9999645
0,1,0.9999616
0,0,6.73195e-05
0,0,7.094454e-05
0,0,6.621151e-05
0,1,0.99997365
0,1,0.999549
0,1,0.99994385
0,0,0.0001230062
0,1,0.99981374
0,0,0.011946237
0,0,0.020162366
0,1,0.9899059
0,0,0.00010478511
0,1,0.9978321
0,0,7.1251394e-05
0,1,0.53227174
0,1,0.99939406
0,0,0.0006368858
0,0,0.07370929
0,1,0.97798616
0,0,0.00018220583
0,0,0.0004555267
0,0,6.352692e-05
0,0,0.0012267296
0,0,3.5590612e-05
0,0,0.0068541695
0,0,0.11235443
0,0,0.028307479
0,1,0.9984005
0,1,0.5819596
0,1,0.985908
0,0,0.00025844687
0,1,0.9990871
0,0,7.7674194e-05
0,1,0.95896
0,1,0.90703744
0,1,0.99973696
0,0,9.162347e-05
0,1,0.99114484
0,1,0.9448087
0,1,0.9998853
0,1,0.999892
0,1,0.97669923
0,1,0.99995935
0,0,0.05268988
0,1,0.9999691
0,1,0.5428423
0,1,0.99954
0,1,0.999962
0,0,0.009251932
0,1,0.99941146
0,1,0.9999722
0,0,0.00077171635
0,1,0.9840835
0,0,0.0017468907
0,1,0.9999684
0,1,0.99026287
0,0,0.023467122
0,0,3.882481e-05
0,0,0.44740313
0,1,0.7680009
0,1,0.99986327
0,0,0.49129546
0,0,0.0014804996
0,0,0.00018636341
0,0,9.065774e-05
0,0,8.980069e-05
0,1,0.9058052
0,1,0.9902491
0,1,0.99997115
0,1,0.89812946
0,0,0.046256654
0,1,0.9999509
0,0,0.0003095634
0,0,9.9264544e-05
0,0,0.0039111287
0,1,0.9963509
0,0,0.41593552
0,1,0.96609914
0,1,0.99812657
0,1,0.992407
0,0,0.40370136
0,1,0.83265567
0,0,0.0010728054
0,0,0.013307342
0,0,0.39177528
0,0,6.0555412e-05
0,0,0.1999496
0,0,0.0047599003
0,0,0.003937462
0,1,0.9999684
0,0,0.00018137865
0,1,0.99996567
0,0,0.0024943894
0,1,0.9857632
0,1,0.99886984
0,1,0.99985194
0,1,0.8991957
0,0,0.3733965
0,0,0.0043352977
0,0,7.4061056e-05
0,0,0.000141709
0,1,0.9952141
0,0,0.011031994
0,0,0.0033947711
0,0,6.196357e-05
0,1,0.99979454
0,0,0.00056620676
0,0,0.0001534017
0,1,0.9993267
0,0,0.0002786368
0,0,0.17580694
0,1,0.99997115
0,1,0.7307608
0,0,0.00014024269
0,0,0.00012478694
0,0,3.5355744e-05
0,1,0.934476
0,0,0.27255544
0,0,0.2292673
0,1,0.99190086
0,0,0.0014268354
0,0,0.0038467697
0,1,0.9226575
0,1,0.9977423
0,1,0.9999727
0,0,5.745073e-05
0,0,0.13036472
0,1,0.9855597
0,0,0.00028967715
0,0,0.00063277583
0,0,0.0045665405
0,1,0.82991153
0,0,9.083444e-05
0,0,8.66737e-05
0,0,9.248761e-05
0,1,0.9998965
0,0,0.22460163
0,0,0.00010608134
0,0,0.12246213
0,1,0.5669336
0,1,0.74317247
0,1,0.836542
0,1,0.54645616
0,0,0.00010510153
0,1,0.6828529
0,1,0.9298021
0,1,0.8592893
0,1,0.99994016
0,0,7.729324e-05
0,1,0.997267
0,1,0.999959
0,1,0.9196093
0,0,0.00016953373
0,1,0.9999689
0,1,0.8185031
0,0,0.005273714
0,1,0.9999449
0,1,0.9998611
0,1,0.9999709
0,1,0.6408918
0,1,0.97934693
0,1,0.9994374
0,1,0.99469405
0,1,0.97097296
0,0,0.0005259086
0,0,0.00012376602
0,1,0.9925742
0,1,0.9999733
0,0,4.3026233e-05
0,1,0.99997306
0,0,0.1346265
0,1,0.79551494
0,1,0.9960855
0,1,0.9983741
0,0,0.003353845
0,1,0.9764914
0,0,0.13121194
0,1,0.99994874
0,1,0.9441785
0,1,0.99996924
0,0,0.0069537945
0,0,0.44310033
0,1,0.5555275
0,0,0.13400054
0,1,0.93217164
0,1,0.9999583
0,0,0.0036952079
0,1,0.9987124
0,0,5.703896e-05
0,0,0.024378615
0,1,0.9999654
0,1,0.99995697
0,1,0.9997826
0,0,0.0122391535
0,1,0.9983615
0,0,0.037917964
0,0,0.001997225
0,1,0.99819666
0,1,0.99707603
0,0,0.0001902694
0,1,0.69229037
0,1,0.7164878
0,1,0.99906904
0,1,0.9998517
0,0,8.324426e-05
0,1,0.93131155
0,1,0.9999552
0,1,0.9991849
0,0,0.031068299
0,0,0.00018736495
0,1,0.9720461
0,1,0.9999503
0,0,4.2793803e-05
0,1,0.999315
0,1,0.862701
0,1,0.9998996
0,0,0.3286228
0,1,0.99994326
0,0,0.10552716
0,0,6.327588e-05
0,1,0.9999641
0,1,0.99994993
0,0,0.38712615
0,1,0.99979967
0,1,0.9574164
0,1,0.5394107
0,0,0.007153906
0,0,0.00017454817
0,0,0.00022597153
0,1,0.99673456
0,1,0.9999385
0,0,5.610615e-05
0,1,0.9999224
0,0,7.995888e-05
0,1,0.9948795
0,1,0.97649413
0,1,0.9961875
0,0,0.00025103334
0,1,0.60516393
0,0,0.02188635
0,0,0.2184036
0,1,0.9986494
0,0,0.48995212
0,0,0.00016415666
0,1,0.99951565
0,1,0.99645364
0,0,0.29669484
0,1,0.99995005
0,1,0.83237004
0,1,0.9997907
0,1,0.5036328
0,0,0.009974111
0,1,0.61529124
0,1,0.99953127
0,1,0.54239553
0,0,0.20504823
0,0,4.707577e-05
0,0,0.0002593753
0,0,0.0031759932
0,1,0.99068403
0,0,0.00012693697
0,1,0.9928899
0,0,8.632216e-05
0,0,0.015434968
0,1,0.99990904
0,0,0.00016107314
0,1,0.99971205
0,0,0.0005293852
0,1,0.9998901
0,0,6.900973e-05
0,0,0.25062153
0,0,0.38501135
0,1,0.88050085
0,1,0.99995303
0,1,0.99984896
0,1,0.9992663
0,1,0.999879
0,0,0.018050576
0,0,6.5765285e-05
0,1,0.96010983
0,0,0.00013462668
0,0,0.36510277
0,0,0.00010821742
0,1,0.9868124
0,0,0.0007966582
0,0,0.00017155045
0,1,0.999972
0,1,0.9990939
0,1,0.9289496
0,1,0.99973494
0,1,0.99938536
0,1,0.7955908
0,0,0.00069422176
0,0,0.0011544636
0,1,0.9999273
0,1,0.9998627
0,0,0.045376915
0,1,0.56321675
0,0,4.80606e-05
0,0,6.697679e-05
0,0,7.5581105e-05
0,0,0.018724568
0,1,0.82890147
0,0,0.4597212
0,0,0.046757422
0,0,0.000117550524
0,1,0.9951899
0,1,0.7857022
0,1,0.99993944
0,1,0.99749726
0,0,0.0012698778
0,0,0.012569753
0,1,0.8417045
0,1,0.9999709
0,1,0.9999081
0,0,0.00040533143
0,0,0.0001434675
0,0,0.12061978
0,1,0.9998424
0,1,0.9999678
0,1,0.9999691
0,1,0.98677087
0,1,0.9989672
0,0,0.048667587
0,1,0.99558204
0,0,0.0013683933
0,0,0.0016055746
0,1,0.9999157
0,0,6.453778e-05
0,1,0.8061815
0,0,0.00089088693
0,1,0.982284
0,0,0.0001886722
0,0,0.006424763
0,1,0.9999168
0,0,0.00026638262
0,0,0.0035846054
0,1,0.99993527
0,0,0.001657763
0,0,0.016030397
0,0,8.137789e-05
0,0,0.10879068
0,1,0.9872327
0,1,0.998841
0,0,0.05218791
0,0,9.7460885e-05
0,0,0.018450268
0,0,6.0233007e-05
0,1,0.99981457
0,1,0.99420565
0,0,0.32399642
0,0,0.0007977522
0,0,0.0004644348
0,1,0.9906266
0,0,7.2314724e-05
0,0,0.00028617965
0,1,0.99992275
0,1,0.99994934
0,1,0.9999676
0,1,0.9999678
0,1,0.9899064
0,0,7.890633e-05
0,1,0.98221576
0,0,0.04470418
0,0,7.866485e-05
0,1,0.99996674
0,0,0.2677422
0,1,0.6660737
0,1,0.76062113
0,1,0.9993249
0,1,0.8830296
0,0,0.0004915527
0,0,0.009704791
0,1,0.97295266
0,0,0.0053369137
0,0,0.0017602787
0,1,0.9999684
0,1,0.99930894
0,1,0.97112715
0,0,0.032525625
0,0,0.035969708
0,0,3.993488e-05
0,1,0.9999536
0,1,0.5219944
0,0,0.00017404725
0,0,0.03354811
0,1,0.7394862
0,1,0.999703
0,1,0.5852386
0,1,0.7615623
0,1,0.99444073
0,1,0.70121783
0,1,0.99995434
0,0,0.17203908
0,0,7.916952e-05
0,1,0.96476716
0,1,0.7072143
0,1,0.67224497
0,1,0.999948
0,0,0.0003975664
0,1,0.82265884
0,0,7.882676e-05
0,0,0.00016264177
0,1,0.9998902
0,1,0.99946994
0,0,6.4440545e-05
0,1,0.9963491
0,1,0.99997294
0,0,0.050790988
0,0,0.08677925
0,0,0.17842361
0,0,0.012998865
0,0,9.058342e-05
0,1,0.66773224
0,0,0.00053283636
0,1,0.99930644
0,1,0.9992507
0,0,0.011972893
0,1,0.9693196
0,1,0.99976164
0,1,0.7502572
0,1,0.8532034
0,0,3.8472135e-05
0,0,0.032287393
0,1,0.9891783
0,1,0.959001
0,0,0.0029802308
0,0,0.13154337
0,1,0.99996614
0,1,0.99973637
0,1,0.999962
0,0,7.0125425e-05
0,1,0.99921703
0,1,0.6288824
0,0,0.118746
0,0,9.786751e-05
0,1,0.9999536
0,0,0.23539239
0,1,0.9999238
0,0,0.47223884
0,1,0.9999229
0,0,0.014989296
0,0,0.00010204051
0,0,0.04240493
0,0,9.2949485e-05
0,1,0.69625473
0,1,0.90301585
0,0,0.37955442
0,0,0.033415653
0,0,6.239917e-05
0,1,0.9999497
0,1,0.99952257
0,1,0.9999306
0,1,0.9999713
0,0,0.045459
0,0,8.049895e-05
0,0,4.8698043e-05
0,1,0.99501085
0,1,0.99931467
0,1,0.99997044
0,1,0.9965249
0,0,9.1154354e-05
0,1,0.99666166
0,1,0.99979013
0,1,0.9999645
0,0,0.00016199205
0,1,0.7080316
0,0,0.0001953861
0,1,0.9999691
0,1,0.9999118
0,1,0.9969734
0,1,0.55516666
0,1,0.9999423
0,1,0.9995316
0,0,0.26970348
0,1,0.99988484
0,1,0.9999585
0,1,0.99936754
0,0,0.016002951
0,1,0.7495718
0,0,8.618298e-05
0,1,0.87778556
0,0,0.000106968626
0,0,0.07360758
0,0,0.00014082105
0,0,0.00015431452
0,1,0.96660864
0,0,0.01064701
0,1,0.9999739
0,0,0.00015915059
0,0,0.012482474
0,0,0.011304349
0,1,0.9998042
0,1,0.9303304
0,1,0.99993587
0,1,0.553082
0,0,0.00014070563
0,0,0.33977222
0,1,0.95804256
0,0,0.030425971
0,1,0.9505465
0,1,0.99986386
0,0,0.003800459
0,1,0.8694148
0,0,0.24424107
0,1,0.9791327
0,0,0.1795329
0,1,0.93288743
0,1,0.99364316
0,0,0.15972601
0,0,0.0011047118
0,0,5.1148425e-05
0,1,0.9999397
0,1,0.98750174
0,1,0.9999304
0,1,0.99307644
0,1,0.9066562
0,1,0.9999672
0,0,9.6650525e-05
0,1,0.9999676
0,1,0.9997398
0,1,0.9999089
0,1,0.99656445
0,1,0.9790508
0,0,0.013097872
0,1,0.994079
0,1,0.9997303
0,1,0.99974185
0,1,0.9998642
0,0,0.032388587
0,1,0.99670476
0,1,0.9989773
0,1,0.9995529
0,0,7.1817456e-05
0,0,0.027369631
0,0,0.086298056
0,1,0.99995506
0,1,0.9998592
0,0,0.00074012676
0,0,0.030537073
0,0,0.0145596145
0,1,0.77827114
0,0,6.899552e-05
0,0,8.329373e-05
0,1,0.9896896
0,0,0.005891002
0,1,0.9999647
0,1,0.631452
0,0,0.012423164
0,0,0.018532813
0,0,4.8207763e-05
0,0,6.318815e-05
0,0,0.1900358
0,1,0.6452023
0,0,9.466245e-05
0,1,0.99997175
0,0,0.00012239999
0,1,0.9772678
0,0,9.6671356e-05
0,0,0.014200241
0,0,0.14103495
0,0,7.8892175e-05
0,1,0.81968117
0,1,0.99990475
0,1,0.82902426
0,1,0.99996424
0,0,0.24322249
0,0,6.835518e-05
0,0,0.032011785
0,0,7.6888755e-05
0,1,0.8354668
0,0,0.43402994
0,1,0.99995637
0,1,0.99997044
0,1,0.99992716
0,0,0.0355104
0,1,0.99933213
0,1,0.9998882
0,0,7.711029e-05
0,0,0.04582047
0,0,0.33886734
0,0,0.36861888
0,0,0.0032578476
0,0,0.013955869
0,0,0.0023341253
0,0,7.5467746e-05
0,1,0.99996936
0,1,0.99996686
0,1,0.99797004
0,1,0.9999492
0,0,8.2212246e-05
0,1,0.9999707
0,0,0.00033870566
0,0,0.1311632
0,1,0.9875378
0,1,0.9999634
0,0,0.00013204073
0,1,0.99997365
0,1,0.9997813
0,0,0.00039021362
0,0,0.09854937
0,0,0.009217018
0,0,0.00012739531
0,0,0.37413454
0,1,0.9999733
0,1,0.98936546
0,1,0.9993568
0,0,0.00022969651
0,0,0.07233814
0,1,0.9856397
0,0,0.014161664
0,0,0.1450775
0,0,8.899619e-05
0,0,0.0025536607
0,1,0.9999621
0,0,0.048505772
0,0,0.0004756759
0,1,0.9999697
0,1,0.9664991
0,0,0.1820438
0,0,0.05007301
0,0,0.12217715
0,0,0.0002463545
0,0,0.017358787
0,0,0.0052931863
0,0,9.4687544e-05
0,0,0.0012394282
0,0,0.19272414
0,1,0.9999404
0,1,0.99926203
0,1,0.999962
0,0,0.0014332443
0,0,0.26668692
0,1,0.9925296
0,1,0.9998659
0,1,0.99986064
0,0,0.23025529
0,0,8.714194e-05
0,0,0.331368
0,1,0.9999461
0,1,0.9938206
0,1,0.99996483
0,1,0.99991775
0,0,6.824718e-05
0,0,0.067994654
0,1,0.9995896
0,1,0.9778813
0,1,0.9999455
0,0,5.950095e-05
0,0,0.0056100204
0,1,0.98183984
0,1,0.95873684
0,1,0.9911049
0,0,0.014619551
0,0,0.00031143398
0,0,0.20793985
0,0,0.0023548622
0,0,0.19163394
0,1,0.9999716
0,0,0.0003416287
0,1,0.9998958
0,1,0.68868375
0,1,0.74622357
0,1,0.9999614
0,1,0.5466964
0,1,0.99996567
0,1,0.99949884
0,0,0.3805886
0,0,0.00091184455
0,0,0.0030749664
0,1,0.9999447
0,1,0.9974227
0,1,0.99992275
0,0,0.29129708
0,0,0.0010211422
0,0,0.009786094
0,0,0.25263807
0,1,0.9872716
0,1,0.9999553
0,1,0.98163533
0,0,0.00034211727
0,1,0.99997187
0,1,0.9479885
0,1,0.9991242
0,0,4.671229e-05
0,0,0.00056392606
0,0,0.03228714
0,0,0.02388007
0,1,0.9935822
0,0,0.0035507998
0,1,0.9917521
0,1,0.61374974
0,0,0.0031850396
0,0,6.556241e-05
0,0,7.148708e-05
0,0,0.15917191
0,0,0.01587108
0,0,6.305296e-05
0,0,0.1804962
0,1,0.74823785
0,1,0.9999651
0,0,0.00015647695
0,1,0.9995314
0,0,0.00021494512
0,1,0.90280575
0,1,0.7346359
0,1,0.99740607
0,0,5.908739e-05
0,1,0.99532264
0,0,0.27820745
0,0,5.648964e-05
0,0,0.00011590344
0,1,0.9999672
0,0,0.00022315196
0,0,0.032990053
0,0,0.4224724
0,0,0.0039699916
0,1,0.9999392
0,0,0.47900608
0,1,0.9999641
0,1,0.7629335
0,0,0.17185761
0,0,0.49162602
0,1,0.99996006
0,1,0.6453586
0,1,0.9923225
0,0,0.00010355991
0,0,0.19235432
0,1,0.99983525
0,1,0.88874197
0,1,0.9981013
0,1,0.9996885
0,0,0.4015332
0,0,0.003179224
0,1,0.9993788
0,0,8.416666e-05
0,1,0.99895453
0,0,0.43164027
0,1,0.8422889
0,0,4.5622288e-05
0,0,0.23568714
0,0,0.0007062114
0,1,0.6219742
0,0,5.4475444e-05
0,1,0.9999589
0,1,0.99984014
0,1,0.5138372
0,0,0.48829722
0,1,0.9998729
0,0,0.0026998317
0,1,0.999713
0,0,0.31482318
0,1,0.9992767
0,1,0.99923646
0,0,0.15472472
0,0,0.013766682
0,1,0.99916244
0,1,0.5126882
0,0,0.018712677
0,1,0.99995697
0,0,0.00456019
0,1,0.9976528
0,1,0.5116305
0,0,0.027683765
0,0,7.015606e-05
0,1,0.99992335
0,0,0.00028103666
0,0,7.465733e-05
0,1,0.998637
0,0,9.79719e-05
0,0,4.8980663e-05
0,1,0.9954216
0,1,0.8536837
0,0,0.49435952
0,1,0.9799457
0,0,5.5405966e-05
0,1,0.99997365
0,0,0.2907155
0,0,0.0011578382
0,0,5.5030097e-05
0,1,0.9999118
0,0,0.003469607
0,0,0.0015248415
0,1,0.999821
0,1,0.9999472
0,1,0.9796876
0,1,0.9284491
0,1,0.9997106
0,1,0.90571135
0,1,0.9999453
0,1,0.9987651
0,0,0.0691787
0,1,0.99997056
0,1,0.999962
0,0,0.00016921395
0,1,0.96929234
0,0,0.0013608503
0,1,0.908576
0,0,0.14920361
0,1,0.9999492
0,0,0.17662549
0,0,0.00013746499
0,1,0.97405416
0,0,0.0037736415
0,1,0.9999702
0,0,0.07420865
0,1,0.8016747
0,0,6.8915164e-05
0,0,0.16301985
0,1,0.77015245
0,1,0.99997044
0,1,0.99996877
0,1,0.66475785
0,1,0.9993224
0,1,0.99253064
0,1,0.99673957
0,1,0.91719544
0,1,0.99992466
0,0,0.00048140463
0,0,0.005704144
0,1,0.99989474
0,0,0.0001062347
0,1,0.99967706
0,1,0.85593665
0,0,0.0019323493
0,1,0.9982304
0,0,0.0003469093
0,0,0.0001489116
0,0,0.022553848
0,1,0.994859
0,1,0.7416104
0,1,0.9999578
0,1,0.99849725
0,0,8.056476e-05
0,1,0.9999703
0,0,0.49371904
0,0,0.00048909563
0,1,0.995024
0,0,0.0021955676
0,1,0.678116
0,0,0.00015981162
0,0,0.11052162
0,1,0.9277527
0,0,0.00031081462
0,1,0.99991417
0,0,0.00020249441
0,0,0.00012696044
0,1,0.8739597
0,0,4.0881594e-05
0,1,0.9999685
0,0,0.004295854
0,0,0.36350653
0,0,0.0019050165
0,1,0.9090095
0,0,0.043143854
0,0,0.005403239
0,1,0.52606833
0,1,0.9902722
0,1,0.99995923
0,1,0.9973521
0,0,9.583117e-05
0,0,0.24542136
0,0,8.79483e-05
0,0,0.0027834123
0,0,7.6214106e-05
0,0,9.5480726e-05
0,1,0.9999528
0,1,0.9855481
0,1,0.99511945
0,0,0.3703722
0,1,0.9992999
0,1,0.9911499
0,1,0.99994886
0,0,6.494116e-05
0,0,5.2097184e-05
0,0,0.00019265487
0,1,0.9997961
0,0,0.3156363
0,1,0.97498417
0,1,0.99893886
0,0,0.00022099436
0,1,0.99997485
0,0,3.8147682e-05
0,0,7.793462e-05
0,0,0.00010941881
0,0,3.758738e-05
0,1,0.999853
0,1,0.9999689
0,1,0.9999136
0,1,0.99996126
0,0,7.649092e-05
0,1,0.9992735
0,0,0.11940405
0,0,0.010113299
0,0,0.03722527
0,0,0.00033147482
0,1,0.9947248
0,0,0.4200782
0,1,0.90678054
0,0,0.0010146033
0,1,0.6940505
0,1,0.84177756
0,1,0.99967635
0,1,0.9055179
0,0,0.018619841
0,1,0.691438
0,1,0.8646182
0,0,0.08669144
0,1,0.9999443
0,1,0.99995637
0,1,0.99803394
0,1,0.99997365
0,0,0.0001081147
0,1,0.64139223
0,1,0.99997115
0,1,0.9888708
0,0,0.00082493515
0,0,0.0010885327
0,0,0.15662009
0,1,0.9997341
0,1,0.7338525
0,1,0.99978524
0,1,0.64635664
0,1,0.7412984
0,1,0.99827945
0,0,0.0014986108
0,0,0.438555
0,1,0.9934503
0,0,0.34473458
0,1,0.9520633
0,1,0.99520594
0,0,0.17183596
0,1,0.98874485
0,1,0.99995387
0,1,0.99997044
0,1,0.99972457
0,0,0.0030202041
0,1,0.99982566
0,0,0.44930607
0,1,0.9831534
0,1,0.99996555
0,1,0.99994004
0,1,0.99786514
0,0,0.24238762
0,1,0.7416629
0,1,0.8586596
0,1,0.9871114
0,0,0.0005676437
0,0,0.00012545015
0,1,0.50928354
0,0,0.007945305
0,1,0.9999169
0,0,0.00010996439
0,1,0.69615364
0,0,0.11898122
0,0,0.00022322898
0,1,0.99963284
0,0,6.228858e-05
0,0,0.01053763
0,0,8.613221e-05
0,1,0.99981314
0,0,0.13894624
0,1,0.9821529
0,0,0.45297387
0,0,0.0014522695
0,0,7.040134e-05
0,1,0.997174
0,0,0.019912751
0,1,0.67944616
0,0,0.00027259998
0,0,6.7848625e-05
0,0,8.345346e-05
0,0,0.27284047
0,0,0.053115603
0,1,0.99940324
0,0,0.28991237
0,1,0.9778913
0,1,0.99933285
0,1,0.999959
0,1,0.9999505
0,1,0.9916256
0,0,0.12526484
0,0,0.00014229813
0,1,0.7586438
0,0,0.052684885
0,0,0.0017853682
0,1,0.6438081
0,1,0.88590556
0,0,7.001157e-05
0,1,0.99996173
0,0,0.13419227
0,0,0.01649072
0,0,0.25138393
0,1,0.9255324
0,0,0.00029858892
0,1,0.9999454
0,1,0.98790747
0,1,0.998279
0,1,0.7535583
0,0,0.0012145344
0,0,5.7613954e-05
0,0,8.8866866e-05
0,1,0.76639485
0,1,0.9816652
0,1,0.9817369
0,0,0.04068931
0,0,0.43795672
0,0,0.0002479489
0,1,0.9998332
0,1,0.99996996
0,1,0.7985087
0,0,0.0031934378
0,1,0.658208
0,1,0.998635
0,0,0.18381648
0,1,0.86222017
0,0,5.8791244e-05
0,1,0.9437268
0,1,0.8557052
0,0,0.0028801851
0,0,0.12181122
0,1,0.7740044
0,1,0.7546414
0,1,0.7415997
0,0,0.0014217484
0,1,0.9999232
0,1,0.81495494
0,0,4.8082467e-05
0,1,0.996114
0,0,0.0003176399
0,0,3.3662283e-05
0,1,0.84112006
0,1,0.65256715
0,1,0.9999721
0,0,6.086294e-05
0,0,0.0001381135
0,0,0.00019617405
0,1,0.9936724
0,1,0.99991035
0,0,0.00028218227
0,0,9.9700264e-05
0,1,0.6695256
0,0,0.0005902472
0,0,0.06802612
0,1,0.99429214
0,0,7.59679e-05
0,1,0.99976534
0,0,0.011753471
0,1,0.999946
0,1,0.9999651
0,0,0.0007656214
0,0,0.11671977
0,1,0.9823615
0,1,0.9883066
0,0,0.45247412
0,1,0.9999732
0,0,0.01288055
0,1,0.9878439
0,1,0.9999548
0,0,0.03162388
0,0,0.16133362
0,0,0.0011240805
0,0,0.04479362
0,1,0.99980146
0,1,0.9604863
0,0,0.00013000653
0,1,0.782146
0,0,0.001903724
0,1,0.9997855
0,1,0.9999534
0,0,0.0068151574
0,1,0.9999703
0,1,0.9999255
0,0,8.044568e-05
0,1,0.9981165
0,1,0.99988735
0,0,0.36884806
0,1,0.99997103
0,0,0.011844528
0,1,0.75008935
0,0,0.005570704
0,0,0.000100795085
0,1,0.57535166
0,0,0.16511945
0,1,0.9997185
0,1,0.99966
0,0,5.6214176e-05
0,0,0.0002209185
0,0,0.33683398
0,1,0.997152
0,1,0.99968815
0,0,0.17058736
0,1,0.9999646
0,1,0.9999366
0,1,0.9856247
0,0,0.00013527909
0,1,0.7501291
0,0,5.1523373e-05
0,1,0.99991
0,1,0.979894
0,0,0.000112107555
0,0,7.51039e-05
0,1,0.9999721
0,1,0.9986203
0,0,0.00014256257
0,1,0.896608
0,0,0.0020887377
0,0,0.00077838707
0,1,0.9999037
0,1,0.99753666
0,1,0.9946068
0,1,0.9999101
0,0,7.615628e-05
0,1,0.93617547
0,0,0.0016532611
0,1,0.71987385
0,1,0.99990296
0,0,6.14221e-05
0,1,0.8163847
0,1,0.99995923
0,0,0.09527601
0,1,0.9999709
0,0,0.15892918
0,1,0.9999566
0,0,6.489468e-05
0,0,0.00904178
0,0,0.00018398726
0,1,0.9999304
0,1,0.9474114
0,1,0.9997049
0,1,0.9999609
0,0,0.013679399
0,0,0.36819255
0,1,0.99354786
0,0,0.000113581074
0,1,0.96474874
0,1,0.9999733
0,1,0.9993381
0,0,0.025806854
0,1,0.9891885
0,1,0.88128453
0,0,0.00016372677
0,0,0.24995342
0,0,0.00050160586
0,1,0.99717283
0,1,0.99966586
0,1,0.9998087
0,1,0.9998851
0,0,0.0005026696
0,1,0.99776256
0,0,0.0015091685
0,0,0.08539384
0,1,0.9991985
0,1,0.9993166
0,0,0.0051200264
0,1,0.9772157
0,0,0.0003304456
0,1,0.9998982
0,0,0.00010368678
0,1,0.9999622
0,1,0.9996567
0,0,8.689433e-05
0,1,0.99996793
0,1,0.99925214
0,0,0.0001003436
0,0,0.054103486
0,1,0.999879
0,0,0.00063680334
0,0,9.825379e-05
0,0,0.08962125
0,0,5.3879594e-05
0,0,6.466142e-05
0,1,0.99988365
0,1,0.63667035
0,1,0.6532249
0,0,0.00041746438
0,1,0.6587558
0,1,0.99994624
0,0,0.006577344
0,1,0.6875864
0,1,0.9998534
0,0,5.212049e-05
0,1,0.8075788
0,1,0.999951
0,0,0.00026848822
0,1,0.55298305
0,0,0.00084445975
0,0,8.4686675e-05
0,1,0.99959403
0,0,0.0002137412
0,1,0.9999397
0,1,0.6889308
0,0,0.3601008
0,0,0.029849887
0,1,0.9999727
0,0,0.00011002576
0,1,0.9978204
0,1,0.56701076
0,1,0.9932341
0,1,0.9737263
0,0,4.8743117e-05
0,1,0.7186927
0,0,0.29929525
0,0,0.002185412
0,0,4.8792044e-05
0,1,0.9998574
0,0,7.023438e-05
0,1,0.9998149
0,1,0.97506225
0,1,0.96763635
0,1,0.99996984
0,0,7.0329945e-05
0,0,0.37395534
0,1,0.99298084
0,1,0.9983119
0,1,0.84184784
0,0,0.012786018
0,1,0.9999714
0,0,4.918136e-05
0,0,0.1157812
0,1,0.9543088
0,0,0.059221618
0,1,0.99975175
0,1,0.90897703
0,1,0.9995813
0,0,0.00013985568
0,1,0.9988638
0,0,0.0023766344
0,1,0.99997437
0,0,6.659467e-05
0,1,0.8981541
0,0,7.171165e-05
0,0,0.16044047
0,1,0.9999547
0,1,0.9999676
0,0,0.015022204
0,0,5.9845224e-05
0,1,0.71862674
0,0,3.323713e-05
0,1,0.99982065
0,1,0.9998512
0,0,0.040173814
0,0,0.061995424
0,1,0.9994838
0,1,0.99992096
0,1,0.7256418
0,0,0.2531359
0,1,0.9992685
0,1,0.9925073
0,0,0.39263746
0,0,0.0022951758
0,0,0.010489784
0,1,0.9999051
0,0,0.00078594795
0,1,0.7556656
0,1,0.99990916
0,1,0.9999671
0,1,0.9767551
0,1,0.9270908
0,1,0.9999721
0,0,0.0039014437
0,1,0.9505887
0,1,0.99996614
0,1,0.99984527
0,0,0.023015298
0,0,0.00011608295
0,0,0.41702107
0,1,0.8042333
0,0,0.010843915
0,0,4.4707078e-05
0,1,0.99858487
0,1,0.99948823
0,0,6.672422e-05
0,0,0.02328712
0,0,8.9643174e-05
0,1,0.9991792
0,1,0.51588273
0,1,0.9999348
0,0,0.00027738648
0,0,4.1583728e-05
0,1,0.99996114
0,0,0.00027873908
0,0,8.169761e-05
0,1,0.9999696
0,0,7.621345e-05
0,1,0.5408491
0,1,0.999542
0,0,5.651383e-05
0,0,8.2098486e-05
0,1,0.9474748
0,0,0.43714228
0,1,0.9987313
0,0,0.031166874
0,1,0.83057594
0,0,0.0017832146
0,1,0.9978198
0,1,0.9999496
0,1,0.99787545
0,1,0.9685496
0,0,0.0025211866
0,0,6.876746e-05
0,1,0.9999651
0,1,0.703455
0,1,0.9912066
0,1,0.9991223
0,1,0.99981517
0,0,9.71733e-05
0,0,0.00010015547
0,1,0.9999325
0,0,9.4582145e-05
0,0,0.098706275
0,1,0.7515016
0,0,0.00016594224
0,1,0.9967764
0,0,0.021618076
0,1,0.99996006
0,0,0.00019920345
0,0,0.0001706362
0,1,0.9968645
0,1,0.9999664
0,0,0.00014220292
0,0,0.00018851737
0,1,0.99987924
0,1,0.9870625
0,1,0.9940116
0,0,0.00032855454
0,1,0.9999653
0,1,0.87714034
0,1,0.61339664
0,1,0.7801326
0,1,0.9995436
0,0,6.193143e-05
0,0,0.16265059
0,0,8.01473e-05
0,1,0.99996686
0,1,0.6912358
0,0,7.1896255e-05
0,1,0.87771
0,1,0.998145
0,1,0.99985707
0,0,0.0008629325
0,0,0.00025947226
0,1,0.9862048
0,0,0.0011130426
0,0,0.022347184
0,1,0.66981673
0,0,0.0002065796
0,1,0.9999354
0,1,0.89469
0,0,4.2099695e-05
0,1,0.57653576
0,1,0.95813775
0,1,0.80239207
0,1,0.9998671
0,0,3.7011334e-05
0,0,0.11376821
0,0,0.00455267
0,1,0.70336694
0,1,0.6064011
0,1,0.9999641
0,1,0.9993418
0,1,0.9999653
0,1,0.99751306
0,1,0.9592584
0,0,0.09679577
0,0,0.00013713399
0,0,0.08235886
0,0,0.00025197404
0,0,9.537098e-05
0,1,0.98738366
0,1,0.99996305
0,1,0.9999652
0,0,7.919126e-05
0,0,0.09597194
0,1,0.9999603
0,1,0.9999678
0,1,0.9999497
0,0,0.0004420149
0,0,5.9211816e-05
0,1,0.96982306
0,0,0.0017009214
0,0,0.30258876
0,0,0.44118217
0,1,0.965859
0,1,0.7222524
0,0,9.1994145e-05
0,1,0.9904317
0,1,0.9990938
0,1,0.999871
0,0,0.00010189903
0,1,0.9988758
0,0,0.0041506505
0,0,5.7919133e-05
0,0,9.697262e-05
0,1,0.920526
0,1,0.9999598
0,1,0.8587126
0,1,0.988564
0,1,0.98335934
0,1,0.99994254
0,0,9.162496e-05
0,0,0.0010051429
0,0,0.29112127
0,1,0.7538287
0,0,8.388461e-05
0,0,0.0007438811
0,0,7.088935e-05
0,0,6.5902655e-05
0,1,0.9707537
0,0,9.743525e-05
0,1,0.9998661
0,0,0.011921793
0,0,0.012393891
0,1,0.99993336
0,1,0.9999616
0,1,0.9998217
0,0,0.015393848
0,0,0.15934163
0,1,0.9999635
0,1,0.9976459
0,0,0.0002019782
0,0,0.0015105257
0,0,0.0001854829
0,1,0.8248554
0,0,0.22333153
0,1,0.9823828
0,1,0.9977102
0,1,0.67221713
0,0,0.016456302
0,1,0.9999273
0,1,0.9999645
0,0,0.011229959
0,1,0.9999442
0,1,0.99994564
0,0,0.014753157
0,1,0.9789361
0,0,9.074172e-05
0,1,0.9502857
0,0,7.130468e-05
0,1,0.99988675
0,0,0.0010617899
0,0,7.6668526e-05
0,1,0.99997187
0,1,0.9999721
0,1,0.998302
0,0,7.364342e-05
0,0,0.375808
0,0,0.23012517
0,0,0.0002824264
0,1,0.98552597
0,1,0.9999702
0,0,8.242388e-05
0,1,0.99997056
0,1,0.81619555
0,1,0.99993587
0,0,0.00011997048
0,0,4.3504093e-05
0,0,0.019976992
0,0,9.648183e-05
0,1,0.9999069
0,1,0.98302656
0,1,0.74133766
0,1,0.9999691
0,1,0.9587319
0,1,0.9995503
0,0,4.0513747e-05
0,0,0.30087447
0,1,0.9999367
0,0,0.108995095
0,0,0.00033521172
0,1,0.9999707
0,0,0.006399093
0,0,0.00017803533
0,0,0.00023481144
0,0,0.007505287
0,1,0.9999511
0,0,6.562208e-05
0,1,0.68380505
0,0,0.00072845886
0,1,0.670694
0,1,0.99972445
0,1,0.8796689
0,0,0.00027213412
0,0,0.00097229145
0,0,8.7768254e-05
0,0,0.001397772
0,1,0.99640673
0,0,5.7260444e-05
0,1,0.9998634
0,1,0.99996936
0,1,0.9999491
0,1,0.9999707
0,0,6.8821e-05
0,0,0.0018313514
0,0,5.8984417e-05
0,1,0.9074005
0,0,4.8061975e-05
0,1,0.99997234
0,1,0.9999175
0,0,0.3024366
0,1,0.9223151
0,1,0.9998944
0,0,0.0001320523
0,1,0.57831895
0,1,0.99995947
0,0,4.0857194e-05
0,0,0.013530009
0,0,0.22765335
0,1,0.9999417
0,1,0.99479216
0,1,0.6512578
0,1,0.99582326
0,0,0.014499642
0,1,0.99950886
0,1,0.9102066
0,0,3.2913955e-05
0,0,0.009098526
0,0,8.0464866e-05
0,0,0.08453114
0,0,6.480901e-05
0,1,0.99556535
0,1,0.9979875
0,1,0.9998424
0,0,0.09685323
0,0,0.0023333349
0,1,0.86205083
0,1,0.99987674
0,1,0.9991848
0,1,0.9999299
0,0,0.0026471724
0,1,0.9979565
0,0,0.000113064976
0,1,0.83766764
0,1,0.99994004
0,0,0.033404242
0,1,0.99996984
0,1,0.83353305
0,1,0.99991345
0,1,0.9992617
0,1,0.99941206
0,0,0.33589953
0,0,0.000109754044
0,0,0.000117158175
0,1,0.69835794
0,0,0.15375875
0,0,0.00021451598
0,0,0.011857943
0,1,0.9661483
0,0,0.0013642196
0,0,9.15847e-05
0,1,0.9888165
0,0,0.03325134
0,1,0.97082347
0,1,0.9200978
0,1,0.99866617
0,1,0.99996877
0,1,0.9409747
0,0,6.819345e-05
0,1,0.99997187
0,0,0.31431836
0,0,0.0050525093
0,0,0.018366763
0,0,6.563547e-05
0,0,9.710632e-05
0,0,0.0002659203
0,0,0.3468501
0,0,5.286862e-05
0,0,0.0010005635
0,0,0.36081806
0,1,0.99970907
0,1,0.99262446
0,1,0.9691917
0,0,5.48909e-05
0,1,0.99964726
0,0,0.00078612723
0,0,0.00012100982
0,1,0.9514876
0,1,0.9998325
0,1,0.72294784
0,1,0.99837494
0,0,7.242888e-05
0,1,0.9951444
0,1,0.9010145
0,1,0.6450003
0,0,0.00014399737
0,1,0.9999726
0,0,8.954526e-05
0,1,0.99666685
0,1,0.9999708
0,1,0.9985329
0,0,0.006805636
0,1,0.9997347
0,1,0.98357934
0,0,0.21759878
0,0,8.8198816e-05
0,1,0.9997464
0,0,0.06356684
0,0,9.325721e-05
0,0,7.744108e-05
0,0,0.24692014
0,1,0.9984486
0,0,0.06318555
0,1,0.96457756
0,1,0.9904323
0,1,0.9999516
0,0,0.0007211627
0,0,0.0043512564
0,1,0.99956113
0,0,6.299178e-05
0,0,0.000108690874
0,0,6.819176e-05
0,1,0.8303891
0,1,0.79002345
0,0,6.349294e-05
0,0,0.3962999
0,1,0.99825066
0,1,0.9999733
0,0,0.0001265209
0,0,0.001084276
0,1,0.99996805
0,1,0.97418606
0,1,0.9999229
0,0,0.00020019415
0,1,0.9998857
0,0,0.00048271447
0,0,0.22416893
0,1,0.9999411
0,1,0.68570346
0,1,0.9575432
0,1,0.99995494
0,1,0.99987316
0,0,0.21778798
0,0,4.1744926e-05
0,1,0.916689
0,1,0.99993384
0,0,0.00029838516
0,1,0.8606253
0,0,0.08649905
0,0,0.0025378861
0,0,0.2017493
0,0,8.919373e-05
0,0,0.009027954
0,1,0.9997975
0,1,0.9285494
0,0,0.0002133415
0,1,0.99994385
0,0,0.021801492
0,0,0.00012355999
0,0,0.25914767
0,0,0.057862446
0,1,0.9960318
0,0,8.576161e-05
0,0,0.0006068078
0,1,0.9981996
0,0,0.00025743316
0,0,0.00010268904
0,1,0.999037
0,0,4.4347755e-05
0,1,0.9992336
0,0,0.00013011368
0,0,0.00034602967
0,0,0.0010480589
0,1,0.9830546
0,0,0.0009803917
0,0,0.16769591
0,0,8.945352e-05
0,1,0.99754226
0,0,0.000110542744
0,1,0.9952112
0,0,0.06439959
0,0,0.108811066
0,0,0.009506937
0,1,0.99996614
0,0,0.1538949
0,1,0.9642917
0,1,0.99629337
0,0,0.04081243
0,1,0.9999517
0,1,0.9882975
0,0,5.7639885e-05
0,0,0.052135803
0,0,0.0327196
0,1,0.999959
0,0,0.00064176833
0,0,0.00091519865
0,1,0.7812733
0,1,0.9994968
0,1,0.9998679
0,1,0.99956137
0,0,0.00025495514
0,1,0.99994636
0,1,0.99995387
0,1,0.9999181
0,0,6.543587e-05
0,1,0.99256164
0,1,0.9793698
0,1,0.67530006
0,1,0.8639257
0,1,0.8311173
0,1,0.99993575
0,1,0.99852437
0,1,0.93790895
0,0,0.40547425
0,1,0.99993587
0,0,4.9457485e-05
0,1,0.99816364
0,1,0.9865181
0,1,0.99993837
0,0,0.000111686204
0,0,4.9170623e-05
0,1,0.99747026
0,0,7.9176774e-05
0,0,8.076198e-05
0,0,7.2693474e-05
0,1,0.99995947
0,0,0.12559173
0,0,0.15614726
0,0,0.072638795
0,0,0.00017268678
0,1,0.9999653
0,1,0.9999056
0,0,4.6765603e-05
0,0,6.578762e-05
0,0,0.00018639132
0,1,0.99686915
0,0,5.6636567e-05
0,0,0.00439553
0,1,0.99996173
0,0,0.00011508209
0,0,0.00027235656
0,1,0.9938782
0,1,0.9999546
0,1,0.99980146
0,1,0.9066667
0,1,0.90366095
0,0,0.00013432148
0,0,0.0012568759
0,1,0.81788486
0,0,0.0044104857
0,0,7.2764844e-05
0,0,0.00015349108
0,1,0.99992096
0,1,0.9999603
0,0,0.1506681
0,0,4.117928e-05
0,1,0.9999058
0,0,0.14101364
0,0,5.5571163e-05
0,1,0.99995816
0,1,0.9999583
0,1,0.9999739
0,1,0.9987668
0,0,0.061892483
0,0,5.9432383e-05
0,0,0.4745318
0,0,6.255896e-05
0,1,0.9999342
0,1,0.9972367
0,0,0.49639636
0,1,0.9986386
0,0,5.0467686e-05
0,1,0.9999411
0,0,0.00010279976
0,0,0.03751008
0,0,0.006527609
0,0,0.17763664
0,0,7.537755e-05
0,1,0.58927965
0,0,0.31929144
0,1,0.7023578
0,0,0.07017258
0,1,0.99970347
0,0,0.14232604
0,1,0.7786154
0,1,0.9999684
0,1,0.99981993
0,0,0.001091308
0,1,0.99831885
0,1,0.9999727
0,1,0.99841154
0,1,0.9962005
0,0,0.027033998
0,0,0.2923138
0,1,0.9999738
0,1,0.9432971
0,1,0.99989426
0,0,0.070857696
0,1,0.99996245
0,1,0.99996865
0,0,6.5295986e-05
0,1,0.76388097
0,1,0.95458657
0,1,0.9999573
0,0,9.8732125e-05
0,0,6.09725e-05
0,0,0.04937545
0,0,3.5025292e-05
0,0,0.22955498
0,0,0.00025771238
0,1,0.9974463
0,0,0.050020207
0,1,0.9991559
0,0,0.00011919599
0,0,0.108900495
0,0,7.744987e-05
0,0,4.6237714e-05
0,0,0.22242811
0,1,0.99876213
0,0,6.076846e-05
0,1,0.719517
0,0,0.0011242743
0,0,4.6382662e-05
0,1,0.9667017
0,1,0.7352818
0,1,0.99871254
0,1,0.92719114
0,1,0.9273824
0,0,5.0255694e-05
0,0,0.4103035
0,1,0.98068374
0,1,0.9999676
0,1,0.7176975
0,1,0.9961746
0,1,0.9935796
0,1,0.5083463
0,0,0.00013533652
0,0,6.0873794e-05
0,1,0.9999697
0,0,0.0022172472
0,1,0.9999666
0,1,0.9996087
0,0,6.162686e-05
0,0,0.005675898
0,0,0.00062325795
0,0,8.980557e-05
0,0,0.002760506
0,0,0.00018873141
0,0,0.105984695
0,0,9.670898e-05
0,1,0.9999378
0,0,0.00015667698
0,1,0.9998167
0,1,0.99981517
0,1,0.9191022
0,0,0.37241867
0,1,0.9815213
0,0,0.05639992
0,1,0.98375237
0,0,0.018024547
0,1,0.6846569
0,0,0.0003736611
0,1,0.96347326
0,0,4.5121724e-05
0,1,0.9391403
0,1,0.9999614
0,0,0.004218127
0,1,0.99996257
0,1,0.99994147
0,0,4.864922e-05
0,1,0.6485743
0,0,0.22015072
0,1,0.99916303
0,0,0.0001177884
0,0,0.00036292343
0,1,0.933817
0,1,0.9249839
0,0,8.419484e-05
0,0,0.15902385
0,0,8.786832e-05
0,1,0.7096921
0,1,0.9663069
0,0,0.00012818738
0,1,0.999944
0,1,0.9999416
0,1,0.9939079
0,0,0.0021332256
0,1,0.7634725
0,1,0.9635531
0,0,7.563755e-05
0,1,0.99796414
0,1,0.5989415
0,1,0.9977557
0,1,0.8695973
0,1,0.9945537
0,1,0.999972
0,1,0.9999716
0,1,0.99996126
0,1,0.9999707
0,1,0.9998754
0,1,0.9830236
0,0,0.007516904
0,0,8.98292e-05
0,1,0.999311
0,1,0.9999393
0,1,0.8750119
0,0,0.018728387
0,0,6.674726e-05
0,1,0.7032087
0,1,0.9999697
0,0,0.0039153853
0,1,0.93776655
0,1,0.9998087
0,1,0.9998872
0,1,0.9994962
0,0,6.678419e-05
0,1,0.9485193
0,1,0.998865
0,1,0.9999573
0,0,5.3672833e-05
0,0,0.00068646675
0,0,7.380646e-05
0,1,0.99996233
0,0,7.712765e-05
0,1,0.9973003
0,1,0.999962
0,0,0.051999755
0,0,0.050601926
0,0,0.00029192335
0,1,0.99996495
0,1,0.9999695
0,1,0.9972435
0,1,0.9995441
0,0,4.481507e-05
0,0,0.12728976
0,1,0.99997306
0,1,0.9506261
0,1,0.9999665
0,1,0.9562709
0,1,0.6956238
0,1,0.9253735
0,1,0.9997367
0,1,0.9979133
0,0,0.15673132
0,1,0.9998901
0,1,0.99977475
0,0,0.035539314
0,0,0.00019825189
0,0,8.229069e-05
0,1,0.9901224
0,1,0.99856037
0,0,0.00011053083
0,0,0.007869343
0,1,0.9160316
0,1,0.99986887
0,1,0.9999541
0,0,0.00014488159
0,1,0.99994385
0,0,0.26622716
0,0,8.4663974e-05
0,0,0.0030938983
0,0,0.00010553338
0,1,0.5998551
0,0,0.13515636
0,0,0.0004766549
0,0,0.020877715
0,0,0.18466145
0,1,0.9998492
0,0,5.9579816e-05
0,0,0.1304676
0,1,0.99994206
0,1,0.9989754
0,1,0.5241934
0,1,0.99996805
0,1,0.999876
0,0,0.0033221801
0,0,0.30228415
0,0,0.013017329
0,0,0.080242224
0,0,8.512874e-05
0,1,0.99996483
0,0,0.056819648
0,1,0.9997501
0,1,0.8739922
0,0,0.0006186718
0,1,0.9999577
0,0,0.29540816
0,0,0.0041814637
0,0,6.3284264e-05
0,0,0.00015897008
0,1,0.8978867
0,1,0.6715686
0,1,0.941141
0,1,0.99995506
0,1,0.7831748
0,0,0.05562873
0,0,6.4795175e-05
0,0,0.2548143
0,1,0.9994295
0,1,0.99898976
0,0,3.3618777e-05
0,0,0.002954736
0,1,0.9999603
0,0,0.00010793494
0,0,0.0111047095
0,0,0.0036845347
0,1,0.9998696
0,0,0.0032894488
0,0,0.034937695
0,0,0.0001466023
0,0,6.0242888e-05
0,1,0.999967
0,0,0.047679465
0,1,0.9999635
0,0,0.006894583
0,1,0.99995935
0,1,0.9999709
0,1,0.7020858
0,1,0.99899787
0,1,0.9999534
0,1,0.99995136
0,1,0.96920985
0,1,0.9981444
0,1,0.9999703
0,1,0.999966
0,0,4.634194e-05
0,0,0.22721758
0,1,0.7152592
0,1,0.9941707
0,0,0.00015907547
0,1,0.9999436
0,1,0.9999726
0,1,0.98618674
0,0,0.32553273
0,0,0.0034186826
0,1,0.9523051
0,0,0.00028146512
0,1,0.9904191
0,0,0.101177625
0,1,0.99984753
0,0,0.00060836
0,0,0.3730826
0,1,0.9994287
0,0,4.036951e-05
0,1,0.7878653
0,1,0.52195644
0,0,9.1688154e-05
0,0,0.0053828773
0,1,0.9814432
0,1,0.9927765
0,1,0.99997425
0,0,0.00013762759
0,1,0.9994974
0,0,0.3922504
0,0,0.00017981115
0,1,0.9999696
0,0,0.060103677
0,1,0.99996734
0,1,0.8130625
0,0,7.349897e-05
0,0,0.16021141
0,1,0.8800805
0,1,0.9995245
0,0,8.582067e-05
0,0,0.00016760144
0,0,0.28119215
0,1,0.99996173
0,1,0.99996424
0,0,0.003692104
0,1,0.9997913
0,1,0.52107495
0,1,0.7251384
0,1,0.85955966
0,1,0.9995832
0,1,0.9199463
0,0,0.20256613
0,1,0.9998011
0,1,0.9999739
0,1,0.99993944
0,0,0.34168297
0,1,0.9999604
0,1,0.9998286
0,1,0.9998958
0,0,0.0008179789
0,0,0.00011423737
0,0,0.00035374955
0,0,0.000113151604
0,0,0.0016687559
0,1,0.9993494
0,1,0.9997656
0,1,0.9985461
0,0,0.009657921
0,1,0.9998611
0,0,0.000114266775
0,0,0.000224867
0,1,0.6968972
0,0,6.0703427e-05
0,0,0.00031028877
0,0,0.0034984765
0,0,0.011800952
0,0,0.44495726
0,1,0.9939539
0,1,0.99988604
0,1,0.9997009
0,1,0.98052365
0,0,0.001332843
0,0,0.0006997679
0,0,0.0039054174
0,1,0.99997437
0,0,0.17417757
0,1,0.99983037
0,1,0.9997651
0,1,0.9778685
0,1,0.98715174
0,1,0.9971215
0,1,0.9987675
0,1,0.95633376
0,0,4.2959815e-05
0,0,0.0037682483
0,0,9.771326e-05
0,1,0.6473204
0,0,0.0013549827
0,0,5.208546e-05
0,1,0.9628819
0,1,0.9996927
0,1,0.9999552
0,1,0.6035233
0,0,0.0004042783
0,1,0.99951077
0,1,0.9998636
0,1,0.99956816
0,0,7.725315e-05
0,0,0.0027528391
0,1,0.9999715
0,0,0.013943761
0,1,0.99655247
0,0,0.00015168448
0,1,0.99981064
0,0,0.080805466
0,0,0.09908101
0,1,0.5137557
0,1,0.99939024
0,1,0.9999739
0,1,0.9999602
0,1,0.9936278
0,0,0.0009417143
0,1,0.9998385
0,1,0.9999478
0,0,0.0001453777
0,0,0.000114217204
0,1,0.99992406
0,1,0.7939189
0,0,0.050106835
0,0,7.682529e-05
0,0,8.859374e-05
0,1,0.6595471
0,1,0.62119585
0,1,0.9887411
0,1,0.6695592
0,1,0.9992879
0,1,0.99850047
0,1,0.9999665
0,0,0.45061675
0,1,0.99663734
0,1,0.99778557
0,1,0.7273866
0,1,0.99972266
0,1,0.54712033
0,0,0.00020342697
0,0,0.009579719
0,1,0.9999285
0,0,7.6334996e-05
0,0,0.0051623117
0,1,0.9999682
0,1,0.9134352
0,1,0.9905143
0,1,0.999941
0,0,0.26917434
0,1,0.62475675
0,0,7.538575e-05
0,0,0.19492684
0,0,0.0008483672
0,0,3.966407e-05
0,0,0.2182379
0,1,0.87181723
0,1,0.7998089
0,0,4.5426583e-05
0,1,0.8708219
0,0,0.025314476
0,0,0.055012546
0,1,0.9984811
0,0,0.032846
0,1,0.99997437
0,1,0.9999535
0,0,0.00011737019
0,1,0.97389925
0,0,0.048952505
0,0,7.808251e-05
0,0,0.08023296
0,0,0.28767037
0,0,0.00024348554
0,0,0.007169879
0,1,0.96084464
0,0,0.0003940873
0,0,0.0002822778
0,1,0.99299955
0,1,0.68397945
0,1,0.720469
0,1,0.9677618
0,1,0.9998337
0,1,0.9945532
0,1,0.99971443
0,0,0.00017403084
0,1,0.99553514
0,0,0.026531804
0,1,0.5431699
0,0,0.012762589
0,1,0.94087845
0,0,0.0013645687
0,0,7.008071e-05
0,1,0.9999474
0,1,0.9884504
0,0,6.1151615e-05
0,0,0.004782207
0,0,9.1536225e-05
0,0,0.00029156235
0,0,8.475445e-05
0,0,0.32395506
0,1,0.99997354
0,0,0.35681838
0,0,0.00018809437
0,1,0.99975425
0,0,0.43175548
0,1,0.58086604
0,1,0.9749756
0,1,0.9999682
0,0,5.9881135e-05
0,1,0.99996686
0,0,0.00020459876
0,1,0.98933613
0,1,0.99852306
0,0,8.528443e-05
0,1,0.9360257
0,0,9.143425e-05
0,1,0.99997044
0,0,0.0003782299
0,0,0.28660148
0,1,0.9995307
0,1,0.8998489
0,1,0.99404293
0,1,0.7763584
0,0,6.9669506e-05
0,1,0.98457414
0,1,0.8477652
0,1,0.99996305
0,0,0.055621844
0,1,0.9561053
0,0,0.0042670676
0,0,0.0012774094
0,1,0.9998846
0,0,8.788894e-05
0,1,0.99996996
0,1,0.9999522
0,0,0.00026385518
0,0,0.00010629692
0,0,0.0002369222
0,1,0.99995077
0,1,0.9999292
0,1,0.6830595
0,0,5.8502883e-05
0,0,0.011769427
0,1,0.99994504
0,1,0.9570127
0,1,0.9840299
0,1,0.94986755
0,0,0.00016657222
0,1,0.8161504
0,1,0.9999231
0,1,0.9828151
0,1,0.5377093
0,0,0.00016635066
0,0,5.801299e-05
0,0,6.884068e-05
0,0,3.375554e-05
0,0,0.070434034
0,1,0.99995697
0,0,9.318324e-05
0,1,0.99470973
0,0,0.47212657
0,0,4.1767704e-05
0,1,0.999181
0,1,0.7223197
0,0,0.09841221
0,1,0.9999585
0,1,0.9957747
0,1,0.9998832
0,1,0.99948895
0,0,0.0002549228
0,0,4.6834153e-05
0,0,0.27439398
0,0,0.00034633698
0,0,0.0012928107
0,1,0.6074027
0,1,0.99198323
0,1,0.8432488
0,0,4.1155887e-05
0,1,0.999956
0,1,0.8777673
0,0,0.05317845
0,1,0.5483579
0,0,7.019715e-05
0,0,0.32931766
0,1,0.99970347
0,1,0.91337913
0,1,0.99840015
0,0,0.00015456871
0,0,0.00026789957
0,1,0.99997425
0,0,0.00056919106
0,0,0.3216259
0,1,0.9989961
0,0,7.859903e-05
0,1,0.9999615
0,0,0.024048857
0,1,0.518543
0,1,0.99996936
0,0,0.041385703
0,1,0.99962366
0,0,0.009072545
0,0,0.000110711626
0,0,0.044235766
0,0,0.0058311885
0,1,0.87977326
0,0,0.3809695
0,0,0.43965203
0,1,0.9995896
0,0,7.9007594e-05
0,0,0.0953143
0,1,0.9654478
0,1,0.9999368
0,1,0.999969
0,1,0.7512767
0,0,5.299572e-05
0,1,0.9224973
0,0,5.4304644e-05
0,1,0.99997115
0,1,0.98746026
0,0,0.037435602
0,0,0.00029943243
0,1,0.99651355
0,1,0.92529565
0,0,0.00010017887
0,1,0.99665326
0,1,0.99995756
0,1,0.9476623
0,0,0.47092023
0,0,0.0006412849
0,0,0.004218632
0,1,0.98696613
0,1,0.9999628
0,0,0.3759322
0,1,0.9999285
0,0,0.001035441
0,1,0.99940205
0,0,9.8822835e-05
0,0,0.00010375424
0,1,0.9999151
0,1,0.9998399
0,0,5.273504e-05
0,1,0.99993575
0,0,0.0019647905
0,0,0.16026627
0,0,0.029288799
0,0,0.0005998986
0,0,0.0008926415
0,1,0.9999511
0,0,3.649893e-05
0,1,0.99063385
0,0,0.0022759908
0,1,0.9875563
0,1,0.999969
0,1,0.9994641
0,0,5.4219887e-05
0,0,0.017663434
0,0,0.0015240359
0,1,0.99026954
0,1,0.97231156
0,1,0.9999677
0,0,0.348781
0,0,0.034941662
0,1,0.99995077
0,0,0.062041294
0,1,0.9999713
0,1,0.999948
0,0,9.712745e-05
0,0,8.352765e-05
0,1,0.9999701
0,0,0.0065536974
0,1,0.9993874
0,0,0.0024562564
0,1,0.99832577
0,0,0.0002893873
0,0,0.13190232
0,1,0.99858105
0,1,0.99994886
0,0,0.030494059
0,1,0.9352601
0,1,0.9997675
0,1,0.9210334
0,1,0.99990666
0,1,0.8373497
0,1,0.8753088
0,0,0.270333
0,1,0.9995895
0,0,0.00020075463
0,1,0.9172507
0,0,0.0014415674
0,1,0.82662916
0,0,0.32092413
0,1,0.9999273
0,1,0.99100596
0,1,0.9999734
0,1,0.9997733
0,0,0.008440971
0,0,0.17968652
0,0,0.0003188058
0,1,0.9999621
0,1,0.9998753
0,0,8.7407425e-05
0,0,6.0836363e-05
0,1,0.99995756
0,1,0.9999738
0,1,0.9996662
0,0,0.22008038
0,1,0.66269374
0,1,0.5469804
0,0,0.0033689511
0,1,0.9982326
0,1,0.9998882
0,0,0.01006477
0,0,0.39464393
0,1,0.99979454
0,1,0.7545632
0,1,0.99512345
0,0,0.00013976476
0,1,0.9998716
0,0,0.00041476518
0,0,9.336077e-05
0,0,0.05777583
0,0,0.3906899
0,1,0.9920535
0,0,6.882691e-05
0,1,0.9847171
0,1,0.80870557
0,0,5.421151e-05
0,0,7.868414e-05
0,1,0.9999393
0,1,0.99961746
0,1,0.99995494
0,1,0.6633953
0,0,0.0005255884
0,0,0.15084673
0,1,0.8593451
0,1,0.53370386
0,1,0.99395037
0,1,0.9996493
0,1,0.6962887
0,1,0.99563366
0,1,0.83736944
0,1,0.99996793
0,0,0.00013441964
0,0,0.0021826397
0,0,0.060247503
0,0,0.00013350451
0,1,0.8787059
0,1,0.5145098
0,0,9.923087e-05
0,1,0.99996877
0,0,0.0001200902
0,1,0.99992764
0,1,0.99994373
0,1,0.95238686
0,1,0.9999559
0,1,0.99994755
0,0,8.291895e-05
0,0,0.07428745
0,0,0.00014147245
0,1,0.9067051
0,1,0.9999585
0,0,0.0011996953
0,1,0.98303634
0,1,0.9897877
0,1,0.8198884
0,0,0.20203683
0,0,9.403553e-05
0,1,0.9999435
0,1,0.9918339
0,0,0.00013850995
0,0,0.000292456
0,1,0.9999497
0,1,0.9999707
0,1,0.99897456
0,0,0.3124615
0,0,0.000105204
0,0,0.02602175
0,1,0.9998647
0,1,0.99994075
0,0,0.0003522174
0,0,0.00052355236
0,0,0.00019555216
0,1,0.99525625
0,1,0.9999703
0,1,0.9999325
0,0,0.00013251751
0,0,0.06089725
0,0,7.0678754e-05
0,1,0.9999547
0,1,0.9793641
0,1,0.95137346
0,0,0.33962077
0,1,0.88902134
0,1,0.9999548
0,1,0.9999329
0,1,0.99995375
0,0,0.49632573
0,1,0.99835795
0,0,0.00012522019
0,0,0.21172437
0,0,0.4778101
0,1,0.9452988
0,0,0.053777196
0,0,3.758064e-05
0,1,0.69172674
0,0,0.12185056
0,1,0.98617876
0,0,0.0012198909
0,0,0.05083977
0,1,0.99290985
0,1,0.9998406
0,0,0.09221492
0,1,0.9996489
0,0,5.2532658e-05
0,0,0.0038201173
0,1,0.954073
0,1,0.9840859
0,1,0.9998337
0,0,0.0038061682
0,0,0.0027467075
0,0,0.052473634
0,1,0.99997044
0,0,0.24168523
0,1,0.99994826
0,1,0.99993813
0,0,0.0001673346
0,0,9.487174e-05
0,0,0.010529643
0,1,0.999918
0,0,0.032512654
0,0,0.3622352
0,1,0.9999161
0,1,0.9999715
0,0,0.11915953
0,1,0.99996686
0,1,0.98973453
0,1,0.5420372
0,1,0.6715928
0,0,0.00573401
0,1,0.86592174
0,1,0.9998677
0,0,0.080838546
0,1,0.94762033
0,1,0.9946949
0,0,0.14077209
0,1,0.9999461
0,1,0.99986184
0,1,0.9999639
0,1,0.9999708
0,1,0.999974
0,0,0.021358976
0,0,0.0044965954
0,1,0.9999697
0,0,0.017569968
0,0,0.00019962386
0,1,0.7651891
0,0,0.00019669549
0,0,8.240989e-05
0,0,0.18349971
0,1,0.9957218
0,0,6.318911e-05
0,1,0.9998567
0,0,0.1999392
0,0,0.0056637847
0,0,0.0089658
0,1,0.99997437
0,0,0.0006237245
0,0,0.00010058328
0,0,0.0002243094
0,0,0.25993627
0,1,0.9992964
0,0,7.516358e-05
0,0,0.00055881304
0,1,0.99995875
0,0,7.215093e-05
0,1,0.994806
0,1,0.5449589
0,0,0.00033919504
0,0,0.0018440902
0,0,0.011931679
0,0,0.00042069147
0,1,0.9992866
0,0,0.16162935
0,0,0.0125384135
0,0,0.022349197
0,0,0.00033515904
0,0,4.904816e-05
0,0,0.02382844
0,1,0.99996185
0,1,0.7284782
0,0,0.19808772
0,1,0.9999403
0,0,0.20387447
0,1,0.91115475
0,0,0.40326726
0,1,0.99997234
0,1,0.894359
0,1,0.9997981
0,1,0.73262835
0,1,0.57738805
0,0,0.003938696
0,0,0.060222898
0,1,0.8178469
0,0,0.0004462103
0,1,0.9995666
0,0,0.14852056
0,0,0.00028380568
0,1,0.99997365
0,0,0.23703077
0,1,0.9952604
0,0,0.0001998846
0,1,0.69952637
0,0,5.271628e-05
0,1,0.9992403
0,0,0.022654884
0,0,0.0022444758
0,0,0.0103377495
0,0,0.00011663583
0,1,0.9987417
0,0,6.823639e-05
0,0,0.14872971
0,1,0.99978024
0,0,0.00037332284
0,0,9.752877e-05
0,1,0.9047905
0,1,0.9997898
0,0,0.40674052
0,0,0.00014284097
0,0,0.15255246
0,0,9.9654164e-05
0,0,0.002790096
0,0,0.13476484
0,0,0.000398315
0,0,6.810637e-05
0,1,0.6554662
0,1,0.54865474
0,1,0.99991524
0,0,0.1658861
0,1,0.97580904
0,0,7.859401e-05
0,0,4.1628766e-05
0,1,0.8686153
0,0,0.094077036
0,0,0.20549488
0,1,0.9392399
0,1,0.965492
0,0,0.07194182
0,0,0.051055953
0,1,0.9999709
0,0,9.438077e-05
0,0,8.062563e-05
0,0,0.47424063
0,1,0.9999732
0,1,0.99993277
0,0,0.0006395954
0,0,0.16416061
0,0,5.2937386e-05
0,1,0.6301055
0,0,0.013794781
0,0,0.0013796253
0,0,8.161204e-05
0,1,0.99988055
0,1,0.9752273
0,0,7.480199e-05
0,1,0.69420564
0,0,0.00096275134
0,1,0.99995553
0,0,8.068239e-05
0,1,0.99987435
0,0,0.0018676938
0,0,9.115028e-05
0,1,0.9999614
0,1,0.99787736
0,0,6.6812536e-05
0,1,0.9997881
0,0,0.00014794366
0,1,0.6605628
0,1,0.9999684
0,0,0.1865423
0,0,5.8408226e-05
0,0,9.291244e-05
0,1,0.99921393
0,1,0.6860276
0,0,0.01076043
0,1,0.97720134
0,0,4.6577996e-05
0,1,0.9995696
0,0,0.0002956232
0,0,4.9496983e-05
0,1,0.9997775
0,0,5.3091637e-05
0,1,0.84854215
0,1,0.9999205
0,1,0.8196418
0,1,0.9999324
0,1,0.9999542
0,1,0.99973434
0,1,0.5787394
0,1,0.5128729
0,0,0.00015826288
0,1,0.9999713
0,1,0.9048701
0,1,0.99995244
0,0,0.0145315295
0,1,0.54156744
0,0,0.00045775314
0,1,0.6173747
0,0,0.16487253
0,0,4.6020847e-05
0,1,0.6166112
0,0,0.02391003
0,0,0.27229556
0,0,0.036025915
0,1,0.9999664
0,0,0.0014744117
0,1,0.99996305
0,0,3.6989917e-05
0,1,0.9321683
0,1,0.59389925
0,0,0.000108515975
0,0,0.0050401557
0,0,0.44687626
0,0,0.017590871
0,0,0.023866512
0,1,0.9993783
0,0,0.18289578
0,1,0.9403821
0,0,0.001284737
0,1,0.90898097
0,1,0.99957234
0,0,0.007196826
0,1,0.99994814
0,1,0.9999708
0,0,0.00025455776
0,0,8.904712e-05
0,1,0.99514043
0,1,0.9999646
0,1,0.9996511
0,0,5.6059307e-05
0,0,0.116981976
0,1,0.97009146
0,1,0.9999702
0,0,7.388251e-05
0,0,0.0015999357
0,0,0.00026403312
0,1,0.9999603
0,1,0.8713059
0,1,0.99025947
0,1,0.9999572
0,1,0.9312248
0,1,0.762656
0,0,7.9835154e-05
0,1,0.9999441
0,1,0.9999659
0,0,0.06966434
0,0,0.00011570554
0,0,0.20290539
0,0,0.001967903
0,0,3.7023867e-05
0,0,5.7002308e-05
0,0,0.19281268
0,0,0.0007736381
0,0,0.05475345
0,1,0.99993956
0,0,0.34558412
0,0,0.000105417406
0,0,3.6189937e-05
0,1,0.99902976
0,1,0.99885094
0,1,0.90914565
0,1,0.9999697
0,0,0.00013200649
0,1,0.97716105
0,1,0.92608523
0,1,0.73133194
0,0,0.08614367
0,0,0.07102543
0,1,0.99934024
0,0,0.0006916658
0,1,0.99577916
0,0,0.002453881
0,0,0.47807625
0,1,0.9971125
0,1,0.99992037
0,0,0.00012067461
0,1,0.99996984
0,1,0.9999229
0,1,0.999385
0,0,7.494972e-05
0,1,0.9998305
0,0,0.0005997888
0,1,0.99988806
0,1,0.9520475
0,1,0.99977225
0,1,0.99996936
0,1,0.99997437
0,1,0.8039298
0,1,0.58414114
0,0,0.0022603355
0,1,0.9999528
0,1,0.994406
0,1,0.99996805
0,0,0.041252445
0,1,0.91996783
0,1,0.956397
0,1,0.59211123
0,1,0.9351105
0,1,0.9999745
0,0,0.007222441
0,0,0.007759016
0,0,7.149642e-05
0,0,0.035117578
0,0,0.00011031183
0,0,0.00011623014
0,0,0.4041886
0,1,0.9999443
0,1,0.99995327
0,0,0.08052878
0,1,0.9999306
0,1,0.9206857
0,0,0.00011287409
0,1,0.99996924
0,1,0.9999598
0,1,0.9559421
0,0,0.00048354547
0,0,0.00014587189
0,0,6.3319225e-05
0,1,0.999961
0,1,0.9984491
0,1,0.90221536
0,1,0.99995303
0,0,5.098071e-05
0,0,0.049164977
0,0,0.0004407184
0,1,0.9999647
0,0,0.025307288
0,0,8.710721e-05
0,1,0.9636125
0,1,0.9995577
0,1,0.9996118
0,0,0.00011589193
0,0,0.05014765
0,1,0.70679593
0,1,0.9548398
0,1,0.9920696
0,1,0.5002736
0,0,0.000101046266
0,0,0.000813384
0,1,0.8976149
0,1,0.99962115
0,0,8.4775056e-05
0,0,0.004908081
0,0,0.0029288786
0,0,0.44020417
0,0,6.039094e-05
0,1,0.55498916
0,1,0.99996865
0,0,0.42903507
0,0,9.08613e-05
0,1,0.99996257
0,0,0.00033739596
0,0,0.00017450174
0,0,0.00020054511
0,0,0.0003580811
0,0,0.0010784771
0,0,5.8514655e-05
0,1,0.99991405
0,0,0.012304083
0,0,0.23257823
0,1,0.99994254
0,1,0.68823326
0,1,0.7697239
0,1,0.99995923
0,0,6.413366e-05
0,1,0.98413384
0,1,0.9233872
0,1,0.9940117
0,1,0.5164438
0,0,6.0977498e-05
0,1,0.99966836
0,1,0.99375266
0,1,0.9984034
0,0,0.12134933
0,1,0.99994934
0,0,5.2734584e-05
0,1,0.9809629
0,1,0.9496845
0,1,0.98134047
0,0,0.35444075
0,1,0.99927
0,0,0.003598607
0,1,0.99991655
0,1,0.9011528
0,1,0.9996332
0,0,0.2179091
0,1,0.984963
0,1,0.9999715
0,0,0.25013465
0,0,0.36954048
0,1,0.9995627
0,1,0.9979692
0,0,0.09415995
0,1,0.99997175
0,1,0.99886405
0,0,0.48746178
0,1,0.9999566
0,0,0.008327245
0,0,9.857962e-05
0,0,0.017787805
0,1,0.8977415
0,1,0.9578992
0,1,0.9973099
0,0,3.5262372e-05
0,1,0.9948566
0,1,0.9808841
0,1,0.9998665
0,1,0.9890497
0,0,0.00010803493
0,1,0.9999726
0,0,0.00035733153
0,1,0.8868467
0,0,7.108405e-05
0,1,0.99986017
0,1,0.9998448
0,0,0.35396287
0,0,6.383632e-05
0,0,0.00060791103
0,1,0.99898154
0,0,0.022092562
0,1,0.99994516
0,0,0.0011776328
0,1,0.9627937
0,1,0.9592383
0,1,0.77364236
0,0,0.018793909
0,1,0.99774784
0,0,0.0023961859
0,0,0.0009676993
0,0,9.355773e-05
0,0,0.1825899
0,1,0.90553576
0,1,0.7796671
0,1,0.78710383
0,0,5.7131394e-05
0,1,0.8231655
0,0,4.7730147e-05
0,1,0.8024569
0,1,0.9999126
0,1,0.99978036
0,1,0.99984956
0,1,0.9999658
0,0,0.22010209
0,0,0.00039303422
0,1,0.99959177
0,0,0.016198456
0,0,0.007859011
0,0,0.0040079895
0,0,0.4500425
0,1,0.9726662
0,1,0.7806332
0,1,0.9999261
0,1,0.995226
0,1,0.9997968
0,1,0.9504457
0,1,0.99996865
0,0,0.19010118
0,1,0.6193663
0,1,0.65217644
0,0,4.1662555e-05
0,1,0.60032934
0,1,0.99984837
0,0,0.18637426
0,1,0.9993364
0,1,0.96268123
0,0,9.899712e-05
0,0,0.023106495
0,0,0.00041052906
0,1,0.99925965
0,1,0.9918109
0,1,0.9998889
0,0,0.0002068863
0,1,0.99876946
0,0,0.057307262
0,0,4.663609e-05
0,0,0.00077228656
0,1,0.9999565
0,0,0.013067765
0,0,0.0018196192
0,0,0.0025607466
0,0,0.00010262561
0,0,0.2728616
0,0,0.00069816416
0,1,0.9990938
0,1,0.99001104
0,1,0.68654966
0,1,0.9617857
0,1,0.9419228
0,0,0.27923647
0,0,5.728152e-05
0,0,8.0081736e-05
0,1,0.9999689
0,0,0.040876403
0,0,7.4015654e-05
0,1,0.9998971
0,1,0.99996924
0,1,0.9970174
0,0,0.00032107608
0,0,0.00014414299
0,1,0.99997103
0,1,0.9998877
0,1,0.6831294
0,1,0.9997571
0,0,7.366991e-05
0,1,0.99986386
0,0,0.46621493
0,0,0.00035808384
0,0,0.031061143
0,1,0.99977845
0,1,0.9995685
0,0,0.0010699547
0,1,0.96870595
0,0,0.00015209711
0,1,0.92443967
0,1,0.99975234
0,0,5.481494e-05
0,1,0.99973506
0,1,0.9999057
0,0,0.017680636
0,1,0.9817312
0,1,0.99994266
0,1,0.9999393
0,1,0.89904165
0,1,0.90610474
0,1,0.5050827
0,1,0.6782477
0,0,0.0011696524
0,1,0.99979824
0,1,0.9536968
0,0,0.21307209
0,1,0.936733
0,0,0.40211242
0,0,0.0008242516
0,0,0.0003464765
0,0,0.0031187467
0,1,0.84051055
0,1,0.563248
0,1,0.9999565
0,1,0.97253233
0,1,0.9998104
0,1,0.8614553
0,1,0.999959
0,0,0.45941105
0,0,0.0553011
0,0,0.35115024
0,1,0.98599654
0,1,0.99977785
0,1,0.9999745
0,0,0.00064632035
0,1,0.9994649
0,0,8.144334e-05
0,1,0.99997044
0,1,0.99530846
0,1,0.9341766
0,0,0.000212043
0,1,0.6420808
0,0,0.20445679
0,1,0.99903035
0,1,0.99982375
0,0,6.635252e-05
0,0,0.00069489767
0,0,8.4024716e-05
0,0,0.00016911716
0,0,0.07339998
0,1,0.9988944
0,1,0.9997403
0,0,0.35502774
0,1,0.98196113
0,1,0.9999614
0,1,0.9735578
0,1,0.99995303
0,0,0.025737569
0,0,0.00092575705
0,1,0.999877
0,1,0.98122597
0,0,0.217319
0,1,0.8195163
0,1,0.9979937
0,1,0.99993443
0,0,0.0007537625
0,0,7.9348036e-05
0,1,0.77896106
0,1,0.999913
0,1,0.9933576
0,0,6.654376e-05
0,1,0.9999429
0,1,0.94812423
0,1,0.99932647
0,0,0.14406303
0,1,0.97600937
0,1,0.9877779
0,0,0.2619336
0,1,0.99954396
0,0,0.00027066824
0,1,0.99343795
0,1,0.96957034
0,0,0.00011800086
0,0,0.014812599
0,0,0.0009794637
0,0,0.00023504348
0,1,0.9544555
0,0,0.0023135836
0,0,0.0002725623
0,0,8.137625e-05
0,0,7.19171e-05
0,1,0.97813797
0,0,5.0204922e-05
0,0,0.1648155
0,0,0.018670332
0,1,0.99993443
0,1,0.9996352
0,0,0.00018096995
0,0,0.49958733
0,1,0.97083867
0,0,0.4640225
0,1,0.99988854
0,1,0.9998754
0,0,8.870406e-05
0,1,0.9966546
0,0,0.00056431186
0,0,0.00012529318
0,1,0.9999745
0,1,0.9999368
0,0,0.0005188754
0,0,0.13787882
0,1,0.9991373
0,1,0.9989864
0,0,0.44559994
0,1,0.9997749
0,1,0.9931531
0,0,0.0073696333
0,0,0.0008202275
0,1,0.9999695
0,0,5.9808826e-05
0,0,0.0003988363
0,1,0.95382893
0,0,0.117330514
0,1,0.99995697
0,1,0.999961
0,0,0.40378317
0,1,0.55787355
0,1,0.99587435
0,1,0.9998481
0,0,0.0001574286
0,0,0.0001677015
0,0,0.20299922
0,1,0.84981656
0,1,0.6953561
0,1,0.99993193
0,1,0.98268294
0,1,0.9969537
0,0,0.112010576
0,1,0.999962
0,1,0.99997413
0,1,0.93862057
0,0,0.05366872
0,1,0.9985226
0,1,0.9999665
0,0,0.0012361741
0,1,0.999944
0,0,0.0014163292
0,0,0.21801642
0,1,0.9999505
0,0,0.11862793
0,0,7.242017e-05
0,0,0.040352203
0,1,0.9999666
0,1,0.9982717
0,1,0.9999331
0,0,9.8547665e-05
0,1,0.9999707
0,1,0.5782388
0,0,0.31740302
0,1,0.5952434
0,0,0.26002294
0,1,0.99995005
0,1,0.65287995
0,0,0.0024952488
0,0,0.453542
0,1,0.9998235
0,1,0.8950238
0,1,0.9998281
0,1,0.57551473
0,0,0.46702772
0,1,0.99996006
0,0,8.314945e-05
0,1,0.99997234
0,1,0.999941
0,1,0.5695101
0,0,0.25255758
0,1,0.9998659
0,1,0.99975795
0,1,0.9960342
0,0,0.0074613993
0,0,0.22833927
0,0,0.18570133
0,0,0.00029246774
0,1,0.5002298
0,1,0.6026491
0,0,0.00011925148
0,0,9.6504824e-05
0,1,0.99967194
0,1,0.9993488
0,1,0.99988806
0,0,0.00012289188
0,1,0.99996924
0,0,0.00014444486
0,1,0.92751735
0,1,0.9725018
0,1,0.999972
0,0,9.825754e-05
0,1,0.99997354
0,1,0.99995804
0,1,0.9998466
0,0,0.05978547
0,1,0.99990225
0,1,0.9999707
0,0,0.000111511355
0,1,0.6356392
0,1,0.99996877
0,1,0.999728
0,1,0.9998859
0,0,0.00013380132
0,1,0.99997306
0,0,0.43663508
0,1,0.9913107
0,0,0.033311296
0,1,0.97641844
0,1,0.9999567
0,0,8.995401e-05
0,0,0.00013429049
0,0,0.02371443
0,0,0.22149055
0,0,0.23848303
0,1,0.99997354
0,0,0.22617637
0,1,0.96476173
0,1,0.93388426
0,0,0.011808919
0,0,0.00022927487
0,1,0.9993979
0,1,0.9756586
0,1,0.99968016
0,0,0.0012446174
0,0,9.752262e-05
0,0,0.00085919973
0,0,0.00010045446
0,0,0.088410765
0,1,0.9999614
0,1,0.68307006
0,1,0.6197906
0,0,0.00027767307
0,0,4.1187133e-05
0,1,0.9999112
0,0,0.0002897992
0,0,7.3591415e-05
0,0,0.023309857
0,1,0.99995184
0,1,0.99941313
0,1,0.99997365
0,1,0.9999509
0,1,0.9999635
0,1,0.5879267
0,1,0.99996686
0,1,0.99989164
0,0,0.0015238748
0,1,0.990932
0,0,0.4664726
0,1,0.99984217
0,1,0.9779806
0,1,0.66573554
0,1,0.99995565
0,0,0.04701501
0,1,0.9868629
0,0,0.00021886305
0,1,0.8315227
0,0,7.012469e-05
0,0,0.0028844757
0,1,0.9998872
0,0,0.36990792
0,1,0.97480905
0,0,6.445389e-05
0,1,0.939016
0,0,3.9471186e-05
0,1,0.975246
0,0,7.996453e-05
0,1,0.98085254
0,1,0.987525
0,0,0.20750421
0,0,0.3666177
0,1,0.8367836
0,1,0.999926
0,1,0.9998599
0,0,0.00015876742
0,0,0.24953687
0,0,0.294907
0,1,0.96331626
0,0,0.0031888753
0,1,0.867657
0,0,0.000311287
0,1,0.99975055
0,0,0.0030909379
0,0,7.370884e-05
0,0,0.00020187386
0,0,0.0011140716
0,1,0.75921386
0,1,0.9998573
0,1,0.93006957
0,1,0.9997923
0,1,0.55805784
0,0,7.5730524e-05
0,0,9.244069e-05
0,1,0.9999621
0,0,0.03423315
0,1,0.99987257
0,0,5.8059257e-05
0,1,0.8641764
0,1,0.9336031
0,1,0.9999573
0,0,0.06971566
0,1,0.99995244
0,1,0.9988439
0,1,0.80397904
0,0,0.012150702
0,1,0.99994147
0,0,0.10248369
0,0,4.9361275e-05
0,0,0.069737494
0,1,0.9999502
0,0,0.00012576036
0,1,0.5019925
0,0,9.038394e-05
0,0,0.14760613
0,1,0.95754105
0,1,0.9999261
0,0,0.00013988957
0,1,0.9839924
0,0,0.0088389795
0,1,0.9999553
0,0,7.3625946e-05
0,1,0.99990237
0,0,0.00014489927
0,0,0.19779523
0,1,0.66238767
0,1,0.79827005
0,0,0.00013081009
0,1,0.99989176
0,1,0.9401421
0,1,0.9599329
0,0,0.1540177
0,0,0.00011439673
0,1,0.64476067
0,0,0.41159147
0,0,0.00425451
0,1,0.99996877
0,1,0.9552145
0,1,0.9997452
0,1,0.99345326
0,1,0.94527346
0,1,0.99996877
0,1,0.99910516
0,1,0.96307516
0,0,7.193157e-05
0,1,0.963014
0,0,0.00013318905
0,1,0.5746184
0,0,0.00010703862
0,0,0.039162572
0,0,0.0063244128
0,1,0.9997404
0,1,0.9917937
0,0,8.391662e-05
0,0,0.2693042
0,1,0.99994993
0,0,0.38242048
0,0,9.1173744e-05
0,1,0.8836225
0,1,0.99991393
0,0,0.0001797294
0,1,0.63927776
0,0,0.0034992073
0,1,0.9997354
0,1,0.9949812
0,0,0.0004852303
0,0,0.018116806
0,1,0.9999596
0,0,0.13833511
0,0,8.401286e-05
0,0,0.00095585716
0,0,0.038652577
0,1,0.80364966
0,1,0.76062167
0,1,0.9999639
0,0,0.00012150007
0,0,0.000117412834
0,1,0.9999342
0,0,0.045130227
0,1,0.9994698
0,1,0.9695467
0,0,0.028546136
0,0,0.48963076
0,0,0.00060387165
0,0,0.013571263
0,0,0.00010089925
0,0,9.457168e-05
0,1,0.9157388
0,1,0.9831729
0,0,0.00012474373
0,1,0.9876391
0,1,0.7091013
0,0,0.00014715857
0,1,0.5443196
0,1,0.67502993
0,0,0.0061148503
0,0,0.0013538566
0,0,0.00061953743
0,0,0.4848318
0,1,0.9961576
0,0,5.422846e-05
0,0,0.00013720882
0,1,0.99967647
0,0,0.071116306
0,1,0.99988985
0,1,0.9999703
0,1,0.94834965
0,0,7.387379e-05
0,1,0.9914683
0,1,0.8366608
0,1,0.5030596
0,0,0.030037602
0,0,0.00011700577
0,0,3.8853555e-05
0,1,0.9998957
0,1,0.99924695
0,0,0.12931238
0,1,0.97122544
0,1,0.99995387
0,1,0.9876967
0,1,0.9997209
0,0,0.018093375
0,0,0.00012143322
0,0,0.00012281002
0,0,0.0001193492
0,0,0.23501867
0,1,0.999951
0,0,0.00018395639
0,1,0.99996054
0,0,5.6895107e-05
0,1,0.9997881
0,0,8.463112e-05
0,0,0.17455901
0,1,0.9999665
0,0,5.2496503e-05
0,0,9.2836184e-05
0,1,0.980254
0,0,0.002870408
0,1,0.7172372
0,1,0.99994946
0,0,0.15619503
0,1,0.9998894
0,0,0.055809643
0,0,0.001114165
0,1,0.9893616
0,0,0.000106407046
0,1,0.8829337
0,0,0.00013835971
0,1,0.99954385
0,1,0.94350135
0,0,0.0107342005
0,1,0.89019006
0,0,0.048672337
0,1,0.97402114
0,0,0.01742386
0,0,0.00012438382
0,0,0.00020940475
0,1,0.99889696
0,0,0.0049468707
0,0,0.24272698
0,0,0.0016009109
0,0,0.024213346
0,1,0.5365743
0,0,0.00028382218
0,0,7.273515e-05
0,1,0.99996245
0,0,9.041513e-05
0,1,0.6917983
0,1,0.93358815
0,0,0.060046185
0,1,0.99993527
0,0,0.00013447425
0,1,0.5267274
0,0,0.00060535787
0,1,0.61973214
0,1,0.99996984
0,0,4.9608883e-05
0,1,0.9983494
0,0,0.0028121795
0,1,0.7726902
0,0,0.08504215
0,0,0.0004018963
0,0,0.00263384
0,0,0.019253744
0,1,0.9999733
0,0,0.0016077338
0,0,0.4505769
0,1,0.99995923
0,0,0.000113789
0,1,0.999931
0,1,0.9890332
0,0,6.5169144e-05
0,1,0.99995553
0,1,0.9999715
0,1,0.9797365
0,0,0.0016397007
0,0,0.008637422
0,1,0.9971397
0,1,0.99956113
0,1,0.9995493
0,0,8.897448e-05
0,0,0.00013261459
0,1,0.99994826
0,1,0.84061337
0,0,0.01871775
0,1,0.5851325
0,0,8.764723e-05
0,0,0.013347749
0,1,0.99901915
0,0,5.82687e-05
0,0,7.0282484e-05
0,1,0.7038017
0,1,0.9999447
0,0,0.0003520531
0,0,8.079525e-05
0,0,0.4317679
0,1,0.9991704
0,0,0.041061316
0,1,0.9294621
0,0,9.7437856e-05
0,1,0.99995387
0,1,0.9999739
0,0,0.00011926807
0,1,0.6499063
0,1,0.99986243
0,0,0.00011957155
0,1,0.7325518
0,1,0.99990964
0,0,0.00012635511
0,0,0.00026174998
0,1,0.99954295
0,0,0.101799294
0,1,0.9999714
0,1,0.9961604
0,0,0.019969635
0,1,0.9950718
0,0,0.0012846752
0,1,0.99996305
0,0,0.00022440245
0,0,4.8211306e-05
0,0,7.4373376e-05
0,0,0.0004121371
0,0,0.00021657998
0,0,0.013497755
0,1,0.99966216
0,0,0.4682131
0,0,0.0324112
0,1,0.98422736
0,0,0.15362163
0,1,0.608576
0,0,0.09953828
0,1,0.9999163
0,0,8.062886e-05
0,1,0.9965983
0,1,0.9999684
0,0,0.3863029
0,0,0.0007830514
0,1,0.99996114
0,0,0.026149228
0,0,0.0016469698
0,0,0.118527785
0,1,0.99993944
0,0,0.12103146
0,0,0.00010598498
0,0,0.00024452593
0,0,0.046824116
0,1,0.9999521
0,0,0.3225264
0,1,0.99961674
0,1,0.7636652
0,1,0.6136123
0,1,0.99674255
0,1,0.9954051
0,1,0.9859034
0,1,0.9984572
0,0,0.499339
0,1,0.90598464
0,0,0.00039853173
0,1,0.95265627
0,0,8.311465e-05
0,0,4.121849e-05
0,0,0.000104559535
0,1,0.9999472
0,0,0.014882981
0,0,5.1730887e-05
0,1,0.9999739
0,0,7.6763194e-05
0,0,4.0940355e-05
0,1,0.99933845
0,1,0.59319425
0,0,0.021316614
0,1,0.51146466
0,1,0.9524877
0,0,0.00017870138
0,1,0.6121086
0,1,0.9463692
0,1,0.99640995
0,1,0.94246525
0,1,0.8928392
0,0,0.42904994
0,0,0.07643402
0,0,7.487393e-05
0,0,6.139106e-05
0,0,0.08412363
0,1,0.93094337
0,1,0.8101264
0,0,8.1640064e-05
0,1,0.9735476
0,0,0.08937725
0,0,0.0026447729
0,0,7.721131e-05
0,0,0.00076737435
0,0,0.0055801715
0,1,0.99997354
0,0,0.4185918
0,1,0.96133983
0,1,0.999959
0,1,0.6118033
0,0,0.009507889
0,1,0.9124399
0,0,0.4248332
0,1,0.992234
0,0,0.004327892
0,0,0.011624746
0,1,0.6950373
0,1,0.9955623
0,1,0.9999697
0,1,0.9998586
0,0,7.452773e-05
0,0,0.0068598227
0,0,0.0006267671
0,0,0.4298439
0,0,0.25928763
0,0,0.0009863221
0,0,0.00805821
0,1,0.99994695
0,0,4.3055457e-05
0,1,0.9999628
0,0,0.0001218558
0,1,0.98311156
0,1,0.9955729
0,1,0.9877123
0,0,0.00020792153
0,1,0.9998337
0,0,0.0005374757
0,0,0.2705383
0,1,0.9996939
0,0,0.14484169
0,0,0.031469863
0,1,0.9628796
0,1,0.9999651
0,1,0.983444
0,1,0.99997246
0,1,0.99995744
0,1,0.99997294
0,0,0.0006518749
0,0,0.00018769376
0,1,0.99858886
0,0,0.0007699409
0,1,0.9999745
0,0,0.12168195
0,0,6.426865e-05
0,1,0.9652147
0,1,0.9999734
0,1,0.99779415
0,0,0.00010584479
0,1,0.99995506
0,1,0.9086845
0,1,0.999969
0,1,0.9867166
0,1,0.99132735
0,0,7.45809e-05
0,1,0.99996996
0,0,0.118533134
0,1,0.6460779
0,0,0.33168936
0,0,0.39234522
0,1,0.99957484
0,1,0.9720223
0,1,0.9998203
0,1,0.9999689
0,1,0.99997056
0,0,0.0012080445
0,1,0.9999516
0,1,0.63159883
0,0,0.0011551656
0,0,0.11210587
0,0,0.26500466
0,1,0.99459934
0,0,0.0013206569
0,0,0.00032948548
0,0,0.38844612
0,0,0.053115528
0,0,0.007869131
0,1,0.9999703
0,0,6.566966e-05
0,1,0.9999559
0,1,0.9999701
0,1,0.9811505
0,0,0.00044617482
0,0,0.12414436
0,0,0.24559128
0,1,0.94316757
0,0,4.378896e-05
0,0,0.03233741
0,0,0.00010102073
0,0,9.88774e-05
0,0,0.4324106
0,0,6.8065776e-05
0,0,7.377832e-05
0,1,0.9329716
0,1,0.96995777
0,0,0.02918619
0,1,0.81784177
0,0,8.002785e-05
0,1,0.9999645
0,1,0.99995303
0,1,0.99978966
0,0,0.0038019975
0,0,0.033060815
0,1,0.99640167
0,0,0.04529539
0,0,0.027996095
0,0,7.2670045e-05
0,0,6.123138e-05
0,1,0.99996567
0,1,0.9997062
0,0,0.25040188
0,1,0.99625707
0,1,0.9984541
0,1,0.99995923
0,0,0.0002558461
0,0,0.33708543
0,1,0.99908996
0,0,0.31456664
0,1,0.77244335
0,0,9.643694e-05
0,1,0.99618334
0,1,0.6654984
0,0,0.002750255
0,1,0.9999585
0,0,8.600976e-05
0,1,0.99531806
0,0,0.00012775333
0,0,7.541767e-05
0,1,0.9999585
0,1,0.9667087
0,0,6.199324e-05
0,0,0.00014155394
0,0,0.00014387796
0,0,0.008454641
0,0,0.00017845753
0,0,9.5493655e-05
0,1,0.99748397
0,1,0.9998472
0,1,0.94883025
0,0,0.0001104497
0,1,0.99950516
0,1,0.99522984
0,1,0.85062176
0,0,0.10309428
0,0,0.00019333111
0,1,0.95969415
0,0,0.0012051826
0,0,0.17108381
0,0,0.000416903
0,1,0.9468814
0,1,0.6924341
0,0,0.13942952
0,1,0.8259209
0,0,0.00014953097
0,1,0.98993605
0,0,0.39740032
0,0,0.00027322653
0,0,8.49228e-05
0,1,0.9991998
0,1,0.9839713
0,0,0.09924591
0,1,0.99523675
0,0,0.00037448184
0,0,0.0024873873
0,0,0.0029588
0,0,0.08521149
0,1,0.9999671
0,0,0.057771336
0,0,0.34377095
0,0,0.1215634
0,0,0.0006346898
0,1,0.87609065
0,1,0.9996799
0,1,0.9998809
0,0,0.3936458
0,1,0.99689734
0,0,0.01061965
0,1,0.99882156
0,1,0.9999521
0,1,0.9999713
0,1,0.99996984
0,0,0.07171962
0,1,0.9999703
0,1,0.8351471
0,1,0.9998543
0,0,0.2382871
0,1,0.9955901
0,0,0.020834746
0,0,0.25359163
0,0,4.541597e-05
0,0,0.112045124
0,1,0.9999689
0,1,0.9987281
0,1,0.7266742
0,0,0.003142001
0,1,0.99995947
0,0,0.011618195
0,1,0.999938
0,1,0.99992645
0,0,9.26844e-05
0,1,0.98716277
0,0,0.03035229
0,1,0.99255776
0,1,0.9999378
0,0,5.219181e-05
0,0,0.07181527
0,0,0.044659648
0,0,0.1732425
0,1,0.99409217
0,1,0.9991456
0,1,0.9997515
0,1,0.9945575
0,1,0.99629223
0,0,0.0016537241
0,0,0.17431512
0,0,0.33481127
0,0,0.00012767357
0,0,0.14257617
0,0,0.024434729
0,1,0.9999093
0,0,0.46214098
0,0,0.009849238
0,1,0.9999223
0,1,0.86945075
0,0,6.570355e-05
0,1,0.826033
0,0,8.243291e-05
0,1,0.9864124
0,1,0.9999585
0,1,0.99988556
0,1,0.99996984
0,1,0.9998708
0,1,0.9997495
0,0,0.00045921025
0,1,0.99980885
0,0,0.0003366009
0,1,0.5862547
0,1,0.9984438
0,0,0.30568185
0,1,0.95049596
0,0,6.390393e-05
0,0,0.0009288631
0,1,0.9999385
0,1,0.90200484
0,0,3.5961195e-05
0,0,0.000109382716
0,1,0.7037954
0,1,0.610832
0,1,0.94933665
0,0,6.950945e-05
0,1,0.8978082
0,1,0.5721575
0,1,0.9747829
0,1,0.75655735
0,1,0.99947804
0,1,0.9998971
0,1,0.99834406
0,1,0.99890494
0,1,0.99908924
0,1,0.59354484
0,1,0.9990277
0,1,0.99997425
0,0,9.061349e-05
0,0,0.0002483094
0,0,0.007618978
0,1,0.99993944
0,0,0.23296498
0,1,0.99730325
0,1,0.93483007
0,0,0.013398811
0,0,0.00014202227
0,1,0.9613354
0,0,0.00010320087
0,1,0.9999732
0,1,0.9993098
0,1,0.99565953
0,1,0.9819089
0,0,8.119155e-05
0,1,0.99996674
0,1,0.9997942
0,1,0.99962294
0,1,0.9996897
0,0,0.3752482
0,0,0.00043559773
0,1,0.9618181
0,1,0.99993956
0,0,0.35351175
0,0,0.00011589536
0,1,0.9999728
0,0,0.085045
0,0,0.36368224
0,0,0.4117504
0,1,0.7708247
0,0,4.347593e-05
0,1,0.9806958
0,0,0.07308515
0,0,0.0043999017
0,0,0.00034399814
0,0,5.623991e-05
0,0,0.00035611444
0,0,0.084352806
0,0,7.497888e-05
0,1,0.94284976
0,1,0.9999019
0,1,0.9403643
0,1,0.9999552
0,0,8.77711e-05
0,0,0.01912187
0,1,0.99995327
0,1,0.9999167
0,0,0.000466034
0,0,0.022612713
0,1,0.99994385
0,0,0.0322853
0,1,0.9907295
0,0,0.0002927528
0,1,0.8730834
0,1,0.9987233
0,0,0.007517718
0,1,0.9996437
0,0,6.823431e-05
0,0,0.00010160319
0,0,0.00045493175
0,1,0.9929178
0,1,0.8892166
0,1,0.99994993
0,0,0.00016237772
0,1,0.98738223
0,0,0.0010638422
0,0,0.0020972628
0,0,3.780984e-05
0,1,0.99997234
0,1,0.9999013
0,0,0.008701237
0,0,6.4663705e-05
0,1,0.99483514
0,0,0.19313793
0,0,0.0052606077
0,0,8.1666454e-05
0,1,0.6509827
0,1,0.9999534
0,0,0.024154816
0,0,6.868004e-05
0,1,0.56557727
0,0,0.059103537
0,1,0.99997294
0,0,0.011536303
0,0,0.0007937575
0,1,0.6696084
0,0,0.03447315
0,0,0.00011203554
0,1,0.7979509
0,0,0.00010386808
0,1,0.9999726
0,1,0.7594517
0,1,0.99988043
0,1,0.8162637
0,0,8.694862e-05
0,1,0.99996114
0,0,0.4877085
0,1,0.9413066
0,0,0.24183582
0,0,0.0008180545
0,0,0.39698705
0,1,0.8769545
0,0,0.41644827
0,0,3.993248e-05
0,1,0.99997413
0,0,7.453739e-05
0,1,0.9999701
0,1,0.99995506
0,0,9.291599e-05
0,1,0.9863193
0,1,0.59128994
0,0,0.17854378
0,0,0.39932108
0,1,0.99739563
0,0,0.010007173
0,0,7.622407e-05
0,0,0.22344941
0,0,0.39348516
0,1,0.75794405
0,1,0.96829337
0,1,0.99767965
0,1,0.99988866
0,0,0.00066223275
0,0,0.060182653
0,1,0.99570316
0,0,0.0036974484
0,0,0.07184058
0,0,0.3328431
0,0,0.0075026513
0,0,0.098762676
0,1,0.99987507
0,0,0.002774412
0,1,0.9999602
0,1,0.9994673
0,0,3.598329e-05
0,0,0.00014051374
0,1,0.9952473
0,0,0.016950026
0,1,0.99965787
0,1,0.6722231
0,1,0.99993324
0,0,0.0004947048
0,0,0.42604592
0,0,0.004053641
0,1,0.9985104
0,1,0.87631506
0,0,0.00089153566
0,0,0.007855135
0,1,0.9999454
0,0,0.122325405
0,0,5.601137e-05
0,1,0.54487234
0,1,0.9997508
0,0,7.967104e-05
0,0,6.3633444e-05
0,1,0.99991477
0,1,0.9999634
0,0,0.0026425286
0,1,0.99371403
0,1,0.6707121
0,1,0.9998141
0,1,0.7124654
0,0,0.003403335
0,0,0.000135823
0,1,0.9999697
0,1,0.99996614
0,1,0.99962866
0,1,0.9998259
0,0,0.0005103139
0,0,0.002826443
0,0,0.00024183177
0,0,9.167172e-05
0,1,0.9999658
0,0,0.013349343
0,1,0.9998116
0,1,0.9964683
0,0,0.0008940264
0,0,0.0049440973
0,0,0.0003791783
0,1,0.99992657
0,1,0.9993272
0,1,0.9612475
0,1,0.99997056
0,0,7.557548e-05
0,0,0.00015768176
0,1,0.99990284
0,0,0.000112962596
0,0,0.0068909107
0,0,0.05364837
0,0,0.27252018
0,0,0.025486754
0,1,0.987207
0,1,0.9999566
0,1,0.99956244
0,1,0.999777
0,1,0.99965215
0,0,0.13467632
0,1,0.99997056
0,0,0.0700726
0,1,0.98505914
0,0,0.0001404287
0,1,0.9990308
0,1,0.99987125
0,0,3.5944016e-05
0,1,0.9983859
0,0,0.08763453
0,0,8.1657665e-05
0,0,0.29589912
0,1,0.9998197
0,1,0.63642806
0,0,0.29299065
0,1,0.99997365
0,1,0.9999671
0,1,0.6815309
0,0,0.00046397594
0,1,0.9994517
0,1,0.9942602
0,0,0.33102486
0,0,3.4294935e-05
0,1,0.9987147
0,0,0.0038832221
0,0,8.388749e-05
0,1,0.83495295
0,0,5.01236e-05
0,1,0.7579661
0,0,6.1258186e-05
0,1,0.9988066
0,1,0.5092209
0,1,0.7751626
0,1,0.9988513
0,0,0.0023351116
0,1,0.99538004
0,1,0.99885726
0,0,0.010831938
0,1,0.99920636
0,1,0.6590258
0,0,0.00015334437
0,0,0.0002884197
0,1,0.99901557
0,1,0.8050716
0,0,0.01839026
0,1,0.99990475
0,1,0.9999521
0,1,0.9999509
0,1,0.93480927
0,0,0.19512871
0,1,0.9999658
0,1,0.99993825
0,0,0.0053049633
0,1,0.9998733
0,0,7.597957e-05
0,0,9.509836e-05
0,0,3.4558667e-05
0,1,0.9999534
0,1,0.9999641
0,1,0.9708001
0,0,0.012476715
0,0,0.0008546457
0,0,0.000605875
0,0,0.041135807
0,1,0.9999653
0,0,0.063682914
0,0,7.491292e-05
0,0,7.9897916e-05
0,1,0.80133647
0,0,0.4729087
0,1,0.9997564
0,1,0.99997425
0,1,0.9808009
0,0,0.0005471311
0,1,0.99997413
0,0,0.113779634
0,0,0.008041034
0,0,4.435118e-05
0,1,0.9999728
0,1,0.99972206
0,1,0.88845336
0,0,9.003485e-05
0,1,0.9998965
0,0,3.785819e-05
0,1,0.99960905
0,0,0.00503717
0,1,0.99996173
0,1,0.99996614
0,1,0.91803265
0,0,8.7168955e-05
0,0,0.0022733598
0,0,6.796583e-05
0,0,0.064584404
0,1,0.9999727
0,1,0.99994504
0,1,0.8153603
0,0,5.827587e-05
0,1,0.9585432
0,1,0.9035137
0,1,0.9989938
0,0,0.00028534405
0,1,0.9999614
0,0,0.0038622955
0,0,0.001864439
0,1,0.9811818
0,1,0.99994135
0,0,0.33650792
0,0,7.9758305e-05
0,0,0.2544059
0,1,0.99983597
0,0,3.74457e-05
0,1,0.9997944
0,0,0.0063333767
0,0,0.0036296542
0,0,8.9768415e-05
0,1,0.78098273
0,0,0.045469668
0,1,0.9972383
0,1,0.9999181
0,1,0.9999571
0,1,0.99997234
0,1,0.9982268
0,0,0.003339436
0,0,0.00018025353
0,0,0.37509564
0,1,0.9999708
0,0,7.8487355e-05
0,0,0.014046817
0,1,0.999967
0,0,7.9004356e-05
0,1,0.99224746
0,0,0.038104206
0,1,0.695142
0,0,0.004544662
0,0,0.0016356145
0,1,0.9999466
0,1,0.9939288
0,0,0.0064281793
0,1,0.99995184
0,1,0.9129868
0,1,0.70100594
0,0,0.30785322
0,0,0.00013769271
0,1,0.99970824
0,1,0.99994504
0,1,0.9129093
0,0,0.012598525
0,0,0.23382145
0,0,0.08384219
0,1,0.96696055
0,0,0.17916189
0,1,0.9661958
0,0,0.0014151427
0,1,0.50750816
0,1,0.9997445
0,0,0.0012440883
0,0,7.4320065e-05
0,0,0.37589848
0,0,0.00014235529
0,0,0.0013093532
0,0,4.6764395e-05
0,1,0.9999565
0,0,0.03268267
0,0,7.6405195e-05
0,0,5.23717e-05
0,1,0.9986897
0,0,0.48278102
0,1,0.99996114
0,1,0.9992483
0,0,0.0031352488
0,0,0.0002548922
0,0,6.125772e-05
0,1,0.5080923
0,0,0.0003549501
0,0,7.511107e-05
0,1,0.71534467
0,0,8.371289e-05
0,0,8.228731e-05
0,1,0.8153604
0,1,0.9142335
0,0,0.00021140669
0,0,0.0001106251
0,1,0.9686131
0,0,6.673249e-05
0,0,0.021689307
0,0,0.020907788
0,1,0.7230418
0,0,0.25274727
0,0,9.019967e-05
0,0,0.13014306
0,0,0.07748033
0,1,0.99991906
0,1,0.99992406
0,1,0.99989545
0,0,0.05364656
0,0,8.707781e-05
0,1,0.9909903
0,0,0.0008699873
0,1,0.52302784
0,0,0.25096676
0,1,0.9997124
0,1,0.9890997
0,1,0.5612665
0,0,0.0033339267
0,0,0.00010525167
0,0,5.1428582e-05
0,0,9.6908e-05
0,1,0.78976023
0,1,0.998572
0,0,4.155927e-05
0,1,0.8998173
0,0,0.00088736654
0,1,0.99992454
0,1,0.80668664
0,1,0.99995875
0,1,0.96173406
0,1,0.99996555
0,0,0.0005118064
0,0,0.19196671
0,1,0.5696258
0,1,0.64298093
0,1,0.9999665
0,1,0.9388871
0,0,0.009897402
0,0,0.0033810218
0,1,0.9993818
0,1,0.9999614
0,1,0.99996626
0,1,0.99991643
0,0,0.00032968284
0,1,0.8381675
0,0,4.8739024e-05
0,1,0.9999734
0,1,0.7152781
0,0,0.033848558
0,0,0.0003804155
0,1,0.9999734
0,1,0.9999372
0,0,4.7777547e-05
0,1,0.9999603
0,1,0.9999505
0,1,0.99994385
0,0,0.064580224
0,1,0.9999397
0,1,0.9267722
0,0,4.3309214e-05
0,1,0.61779904
0,1,0.99993825
0,0,0.06574248
0,0,8.289588e-05
0,1,0.9844653
0,0,0.16125152
0,0,0.22366048
0,1,0.99416757
0,1,0.9999707
0,0,0.00010811758
0,0,0.34902412
0,0,0.45098755
0,0,0.002923507
0,1,0.8578288
0,1,0.99938464
0,1,0.9996233
0,0,0.00016530171
0,1,0.9999516
0,0,5.8135938e-05
0,1,0.9999633
0,0,0.00011677516
0,1,0.70063734
0,1,0.8047926
0,1,0.99995506
0,0,0.23775169
0,1,0.9226575
0,0,4.1939125e-05
0,0,0.06562656
0,1,0.99981374
0,0,0.48316592
0,0,0.01611053
0,1,0.999962
0,1,0.90764004
0,0,0.00018440755
0,1,0.94764334
0,1,0.99996793
0,1,0.99993634
0,0,0.28032866
0,1,0.9366458
0,1,0.9997701
0,1,0.99714065
0,1,0.9999634
0,1,0.997897
0,0,6.605189e-05
0,1,0.9996902
0,1,0.96374744
0,0,0.00020127515
0,0,0.048376687
0,1,0.99987364
0,0,0.00069086277
0,1,0.58051753
0,0,0.029754037
0,1,0.99992204
0,1,0.99028707
0,0,0.00011667232
0,0,0.0004997375
0,0,8.117049e-05
0,1,0.99988997
0,1,0.99849164
0,0,0.2810352
0,0,0.1262741
0,0,0.0017252399
0,1,0.99994254
0,1,0.99996567
0,1,0.8178571
0,0,0.0032154848
0,1,0.7166428
0,0,0.00010760557
0,0,0.00040936703
0,1,0.9999695
0,1,0.9999627
0,0,0.0008258082
0,0,5.333247e-05
0,1,0.6130699
0,0,0.0002448012
0,1,0.9999223
0,1,0.9999727
0,0,0.0132197365
0,0,6.0876988e-05
0,1,0.99994195
0,0,0.0032020314
0,0,0.27328607
0,1,0.99986684
0,1,0.9995983
0,0,0.00034105792
0,1,0.9999194
0,1,0.8867578
0,1,0.9323322
0,0,0.028772285
0,0,0.00076641404
0,1,0.5679177
0,1,0.91373974
0,0,0.12161784
0,1,0.99676883
0,0,0.48765704
0,1,0.88124305
0,0,0.00019826322
0,1,0.9975193
0,1,0.9969195
0,1,0.7020734
0,0,0.00011805534
0,1,0.9998976
0,0,0.0626125
0,0,0.1304522
0,1,0.9992874
0,0,0.0001752461
0,1,0.99993646
0,1,0.77891654
0,1,0.9999746
0,1,0.99979633
0,0,0.00015731802
0,0,0.0052304417
0,1,0.999005
0,0,0.18302378
0,0,0.00011086197
0,0,0.000113146525
0,1,0.99946135
0,1,0.89022106
0,1,0.9999465
0,1,0.9758303
0,0,0.075811625
0,1,0.99946886
0,1,0.9999536
0,0,0.0001014214
0,0,0.1380112
0,1,0.9995871
0,0,0.020417795
0,1,0.9273611
0,0,0.00011560518
0,1,0.9841706
0,0,0.0009307727
0,1,0.9068235
0,0,0.105870076
0,0,0.023960017
0,0,0.048850622
0,0,8.8415065e-05
0,1,0.9999583
0,0,0.010482441
0,0,0.019088522
0,0,0.011680914
0,0,0.18284447
0,0,7.817862e-05
0,0,0.00050744956
0,0,0.00024645973
0,0,0.00010567858
0,0,8.3939995e-05
0,1,0.90734696
0,0,0.19493826
0,1,0.9999
0,1,0.9999368
0,0,0.00011971656
0,0,0.37756094
0,0,6.9432004e-05
0,0,8.581658e-05
0,0,0.09868569
0,1,0.99955803
0,1,0.9994209
0,0,9.8386925e-05
0,1,0.89254713
0,0,0.4065626
0,1,0.99995935
0,1,0.7340975
