label,pred,prob_ai
0,0,0.1463904
1,1,0.99326044
0,0,0.0680456
0,0,0.035932165
1,1,0.9951722
0,0,0.38513768
0,1,0.9723665
0,0,0.28332695
0,0,0.024732396
0,0,0.028097618
1,1,0.9698429
0,1,0.9836031
1,1,0.99361426
1,1,0.9957104
0,0,0.023690552
0,0,0.021276351
0,0,0.026325716
0,0,0.05184625
0,0,0.033370476
1,1,0.99545515
0,0,0.11634035
1,1,0.9913967
1,1,0.9945897
0,1,0.9842912
0,0,0.0016815998
0,0,0.008650687
0,0,0.0022060552
1,1,0.9828414
0,0,0.003729893
1,1,0.9926132
1,1,0.9920574
0,1,0.97728807
0,0,0.010677093
1,1,0.9912025
0,0,0.0022126695
0,0,0.0026335872
0,0,0.099887274
1,1,0.99489355
1,1,0.99559826
0,0,0.22610724
0,0,0.008995786
1,1,0.9914683
0,1,0.97700536
0,0,0.0038305344
0,1,0.9899384
0,0,0.09693388
0,0,0.021553926
0,0,0.1456919
0,0,0.0022911767
0,0,0.06332854
1,1,0.99464744
0,0,0.010336237
1,1,0.9920163
0,0,0.1603385
0,1,0.9494767
0,0,0.07227692
0,1,0.9670551
1,1,0.9943855
1,1,0.99298906
1,1,0.9932053
0,0,0.049636237
1,1,0.9941565
0,1,0.6550851
1,1,0.99582964
1,1,0.9926139
0,1,0.9867185
0,0,0.026540201
1,1,0.99173707
0,0,0.0019049991
1,1,0.9958086
0,0,0.026087433
0,0,0.0033109165
1,1,0.9930924
1,1,0.9910158
1,1,0.9907789
0,0,0.055568993
0,0,0.1423884
0,0,0.015466281
1,1,0.98973477
0,0,0.1606014
0,1,0.9160033
0,0,0.24900344
1,1,0.99483806
0,0,0.14252366
0,0,0.005392502
0,1,0.9942316
0,0,0.0052303053
0,0,0.12465215
0,0,0.004957948
1,1,0.9927061
1,1,0.9935529
1,1,0.95221764
0,0,0.013112111
0,0,0.014241894
1,1,0.99411523
0,0,0.23156288
1,1,0.9939055
1,1,0.99282867
1,1,0.99455786
0,1,0.9389257
1,1,0.9870554
0,1,0.99226534
1,1,0.9948738
1,1,0.9949418
1,1,0.81602055
1,1,0.99286556
1,1,0.99542916
1,1,0.9954894
1,1,0.98354155
1,1,0.9904965
1,0,0.039107867
1,1,0.9857859
0,0,0.0040237373
1,1,0.99226147
1,1,0.99607974
1,1,0.9895475
0,0,0.021611517
0,0,0.1344038
0,0,0.02848706
1,1,0.9930941
0,0,0.0049483213
0,1,0.9798723
0,0,0.0024514287
0,1,0.98955745
1,1,0.9908964
0,0,0.0028460515
1,1,0.9950287
0,0,0.008578828
1,1,0.9841313
0,0,0.0021882984
0,0,0.088848256
1,1,0.98091346
0,0,0.0415979
1,1,0.85743856
1,1,0.9954667
0,0,0.021465277
0,0,0.05688961
0,0,0.008513597
1,1,0.99445397
1,1,0.9923012
1,1,0.9951727
1,1,0.99537563
1,1,0.996086
1,1,0.9954484
1,1,0.9911705
0,0,0.03897255
1,1,0.97664386
1,1,0.9850352
1,1,0.99022347
0,1,0.8301766
1,1,0.9955693
0,0,0.053392176
1,1,0.9914521
0,0,0.09544923
0,0,0.015783982
0,0,0.099142104
1,0,0.4515841
0,0,0.039623067
0,0,0.05802149
0,0,0.008630524
0,0,0.061829038
1,1,0.98368144
0,0,0.09475716
0,0,0.07330425
0,0,0.0024230464
1,1,0.9927557
0,0,0.19749913
0,0,0.004355232
1,1,0.9929039
1,1,0.9931705
1,1,0.995165
0,0,0.0015575354
1,1,0.99141335
1,1,0.99321425
1,1,0.98785186
1,1,0.9949032
1,1,0.9933478
0,0,0.05894598
0,1,0.92043823
1,1,0.9920142
0,0,0.0038549828
1,1,0.9908241
1,1,0.99176496
0,0,0.02313293
1,1,0.99348277
1,1,0.99579585
1,0,0.13215882
0,0,0.0812282
1,1,0.99404836
1,1,0.99291694
1,1,0.99533576
1,1,0.99159485
1,1,0.99294734
1,1,0.9947442
0,0,0.15418342
0,1,0.9771549
0,0,0.022435164
1,1,0.99328583
1,1,0.99538887
1,1,0.9901945
1,1,0.996567
0,0,0.073107965
0,0,0.12686394
1,1,0.9932286
0,0,0.0043160035
1,1,0.9956117
1,1,0.9860784
0,1,0.9132932
1,1,0.99452907
1,1,0.9884411
1,1,0.9952413
1,1,0.9938379
0,0,0.16078551
0,1,0.60182095
1,1,0.990562
0,1,0.9848433
0,0,0.012507898
1,1,0.9958633
1,1,0.9951314
0,0,0.0030905174
1,1,0.9935222
1,1,0.98849773
1,1,0.993903
1,1,0.9944759
1,1,0.9946068
0,0,0.14111876
0,0,0.0016589534
0,0,0.02867111
1,1,0.99551845
1,1,0.9826354
0,1,0.9799921
0,0,0.0062274868
0,0,0.00202309
1,1,0.9944806
1,1,0.9950256
0,0,0.13259627
0,0,0.034313533
1,1,0.99294394
1,1,0.99110466
1,1,0.9950879
0,0,0.044740442
1,1,0.99198616
1,1,0.99180096
1,1,0.99188906
0,0,0.017403759
1,1,0.97543925
0,0,0.01993801
1,1,0.9946839
0,0,0.07316318
0,1,0.94726646
0,0,0.0100454055
1,1,0.9943984
0,0,0.0027284927
0,0,0.002219072
0,1,0.93983865
0,0,0.024219524
1,1,0.9951184
1,1,0.994822
1,1,0.99092144
0,1,0.9910981
0,0,0.10151531
0,0,0.058740214
1,1,0.99179476
1,1,0.9936971
1,1,0.99261934
1,1,0.99162924
1,1,0.9820378
1,1,0.99489236
0,0,0.1061909
1,1,0.99067944
1,1,0.9954301
0,0,0.02755597
1,1,0.99373513
1,1,0.9767079
0,0,0.13735397
0,0,0.009675515
0,0,0.1292098
1,1,0.99581736
1,1,0.99265105
0,0,0.023003059
0,0,0.06840671
0,0,0.005115554
1,1,0.99150604
1,1,0.99029
1,1,0.9940339
1,1,0.99375737
1,1,0.9960252
0,0,0.060768213
0,0,0.012857858
1,1,0.9943904
1,1,0.9934187
0,0,0.11568992
0,0,0.081594765
0,0,0.0032226066
0,0,0.020393811
1,1,0.9938678
1,1,0.9927047
0,0,0.36584663
0,0,0.4782794
0,0,0.002057405
0,0,0.07946247
1,1,0.99506086
1,1,0.99483526
1,1,0.9912328
0,0,0.008136961
1,1,0.9951851
1,1,0.9908118
1,1,0.99064434
1,1,0.9841903
1,1,0.99470574
1,1,0.99289614
1,1,0.9930589
0,1,0.98068595
1,1,0.99379224
1,1,0.99393964
0,1,0.9889607
1,1,0.9962321
0,0,0.0023750372
0,0,0.0074754776
0,0,0.0030064548
0,0,0.0025545878
0,0,0.017460637
0,0,0.015201065
0,0,0.3770662
1,1,0.9922895
0,1,0.89064664
1,1,0.99245024
0,0,0.13914104
1,1,0.9957488
0,0,0.013821878
0,0,0.11808955
1,1,0.97923696
0,0,0.12563576
1,1,0.992266
0,0,0.050176457
0,0,0.0041284184
0,0,0.17365542
1,1,0.9948443
1,1,0.98793346
0,0,0.2614253
1,1,0.9935035
1,1,0.9849203
0,1,0.94189614
1,1,0.9958127
1,1,0.9939693
0,1,0.9935735
0,0,0.0067182207
1,1,0.9933962
0,0,0.051145643
0,0,0.106272794
1,1,0.98891246
1,1,0.9938976
1,1,0.9918357
1,1,0.9927423
1,1,0.9932473
1,1,0.9917298
0,0,0.0055902405
0,0,0.027465438
0,0,0.08693286
1,1,0.99402195
0,0,0.0061892755
0,0,0.00379623
0,0,0.011475092
0,0,0.015352794
1,1,0.9898796
1,1,0.98820156
1,1,0.9953318
1,1,0.9944219
0,1,0.98190504
1,1,0.9958658
0,0,0.15002695
0,0,0.00221158
0,0,0.047400277
0,0,0.020123268
0,0,0.0037925888
1,1,0.99411076
0,0,0.0628608
1,1,0.9909423
1,1,0.99637693
0,0,0.015942236
0,0,0.1348773
1,1,0.9949803
1,1,0.9911528
1,1,0.99269754
1,1,0.99124676
0,0,0.009412207
0,0,0.051542662
1,1,0.99244577
0,0,0.005345421
0,1,0.55616677
0,0,0.015757175
1,1,0.98912174
0,0,0.08542066
1,1,0.9947607
0,0,0.041724633
1,1,0.9953068
1,1,0.99146116
1,1,0.99403125
1,1,0.99571335
1,1,0.9933467
0,0,0.0013540217
1,1,0.9951584
0,1,0.88448864
0,0,0.058561128
1,1,0.99473614
0,0,0.0118104555
0,0,0.004114192
0,0,0.0046414053
0,0,0.15221976
1,1,0.98751545
1,1,0.99494475
0,1,0.9593614
0,0,0.045273103
0,0,0.0020398737
1,1,0.99246854
0,0,0.009611925
1,1,0.98924583
0,0,0.031301145
1,1,0.9929219
0,0,0.0019069331
1,1,0.9900808
0,0,0.026708294
1,1,0.98962325
1,1,0.99079543
1,1,0.9960245
1,1,0.98738027
0,0,0.0165766
0,0,0.0026255036
0,0,0.25946677
1,1,0.9953015
1,1,0.9950932
1,1,0.98995763
1,1,0.99539715
0,0,0.0017905121
0,0,0.0021624435
1,1,0.9941969
1,1,0.9950747
1,1,0.99234396
0,0,0.0021488348
1,1,0.99247617
0,0,0.01421214
1,1,0.9954984
0,1,0.9816413
0,1,0.7288834
0,0,0.20704108
0,0,0.04719743
0,1,0.9758355
1,1,0.99496233
0,0,0.053091202
0,0,0.0021424517
0,0,0.097832546
1,1,0.99507165
0,1,0.98289573
0,0,0.0076202396
1,1,0.9960716
1,1,0.992349
0,0,0.0109488275
0,1,0.97631425
1,1,0.9854498
1,1,0.9933729
0,0,0.286096
1,1,0.99307597
0,0,0.05678856
1,1,0.99588543
0,0,0.02297796
1,1,0.994296
0,0,0.16515276
0,0,0.060785294
0,0,0.2032914
1,1,0.99532336
0,0,0.0014221437
0,0,0.09694391
1,1,0.9936047
0,1,0.9843614
1,1,0.99151784
0,0,0.004683218
0,0,0.07051897
0,0,0.021551734
0,0,0.00491206
0,0,0.07908275
1,1,0.99288285
0,0,0.17263417
1,1,0.99261355
1,1,0.99582577
0,0,0.0052728234
1,1,0.99419194
1,1,0.98953104
0,0,0.004953532
0,0,0.0068004103
1,1,0.99638945
0,1,0.5861409
0,0,0.06569203
0,0,0.0880426
1,1,0.985516
1,1,0.9920833
0,0,0.0016460002
1,1,0.99605787
1,1,0.99011934
0,0,0.08437623
1,1,0.9939541
1,1,0.99088496
0,0,0.24900766
0,1,0.8811912
1,1,0.99344605
0,0,0.028695455
1,1,0.994852
0,0,0.108739085
0,0,0.0135296425
0,0,0.087698914
0,0,0.003146265
0,0,0.015462406
0,0,0.007541807
1,1,0.9910982
1,1,0.9954203
0,0,0.069915615
1,1,0.99461234
0,0,0.049873043
1,1,0.993346
0,0,0.12041597
0,0,0.0018583145
1,1,0.99259675
1,1,0.9957787
0,0,0.474083
0,0,0.0015042331
0,1,0.96430594
1,1,0.9940515
0,1,0.64956415
0,1,0.8073259
1,1,0.99190605
1,1,0.99349195
1,1,0.98520285
1,1,0.9859067
1,1,0.99310946
1,1,0.9938117
1,0,0.051994324
1,1,0.9947423
1,1,0.99163896
0,0,0.18745825
0,0,0.16524723
0,0,0.029596826
1,1,0.9884524
1,1,0.99475276
0,0,0.0030771277
1,1,0.9907088
0,0,0.0029860225
0,0,0.056963902
1,1,0.9868324
0,0,0.102526024
1,1,0.9878109
0,1,0.9700253
1,1,0.9932521
0,0,0.009799411
1,1,0.9913356
1,1,0.9926932
1,1,0.9946057
0,1,0.9908023
0,0,0.013910854
1,1,0.99152654
0,0,0.32855543
1,1,0.9925955
1,1,0.995308
0,0,0.09102055
1,1,0.99298054
0,1,0.97954327
0,0,0.21613634
1,1,0.99546814
0,0,0.003195246
0,0,0.059761677
0,0,0.004100537
1,1,0.9930432
0,0,0.04709343
0,1,0.8569715
0,0,0.24264093
1,1,0.99359024
1,1,0.99248946
0,0,0.39893448
0,0,0.0700512
0,0,0.03808539
0,0,0.09800435
1,1,0.9841155
1,1,0.97346604
0,0,0.009706259
1,1,0.9940094
1,1,0.99286836
1,1,0.9944542
1,1,0.8082576
1,1,0.9912374
1,1,0.98756915
1,1,0.9912043
0,0,0.00407948
0,0,0.069393866
1,1,0.99155563
1,1,0.9930982
1,1,0.9930617
0,0,0.15969636
1,1,0.99362624
1,1,0.99093634
1,1,0.993594
1,1,0.9934002
1,1,0.9961928
1,1,0.99329257
0,0,0.020323768
1,1,0.9880603
0,0,0.013715849
0,0,0.11627378
0,0,0.07198243
0,0,0.47437608
0,0,0.014770072
0,0,0.11995076
0,0,0.012589549
0,1,0.88212866
0,0,0.040899705
0,0,0.11030515
0,1,0.98877865
0,0,0.021937788
0,0,0.01730008
0,0,0.0065625394
0,0,0.47904733
1,1,0.9880955
1,1,0.99171406
0,0,0.058255807
0,0,0.072294086
1,1,0.9947555
1,1,0.99309677
1,1,0.99199706
1,1,0.9936101
1,1,0.98705405
0,0,0.0102002695
0,0,0.332827
1,1,0.99553007
1,1,0.99199533
1,1,0.98798674
0,0,0.023084156
1,1,0.99431664
1,1,0.99284816
1,1,0.98911333
1,1,0.98764205
1,1,0.9929172
0,0,0.0025673392
0,0,0.014872784
1,1,0.99364626
1,1,0.99435353
1,1,0.99278533
1,1,0.99495894
1,1,0.9915912
0,0,0.0016009584
1,1,0.98614615
1,1,0.9955498
1,1,0.99086577
1,1,0.9938344
1,1,0.9937156
0,0,0.02400407
0,0,0.0016160667
1,1,0.9933137
0,0,0.0039264024
1,1,0.99578434
1,1,0.9958674
1,1,0.9953792
1,1,0.99428374
1,1,0.993131
1,1,0.99446326
0,1,0.93015647
0,0,0.35614595
1,1,0.99407756
1,1,0.9942655
1,1,0.9958139
0,1,0.51825744
1,1,0.9959577
1,1,0.99275255
1,1,0.99481297
0,0,0.007130362
1,1,0.9961433
1,1,0.9941247
0,0,0.0027991189
1,1,0.9875852
0,0,0.0043699294
1,1,0.99362624
1,1,0.99319094
1,1,0.9921445
1,1,0.99572927
1,1,0.9940813
0,0,0.08362532
0,0,0.011876321
0,0,0.0017915232
1,1,0.99586856
0,0,0.08532042
0,0,0.18192756
1,1,0.9950642
0,1,0.51541746
1,1,0.99271774
1,1,0.98214644
0,1,0.94780135
1,1,0.9943762
1,1,0.9957035
0,0,0.35473114
0,0,0.0026610938
1,1,0.99417466
0,0,0.065570734
0,0,0.033755273
1,1,0.99289227
0,0,0.0038461941
0,0,0.0077810483
1,1,0.9919917
0,0,0.05933644
0,0,0.09462924
1,1,0.9846869
0,1,0.9886587
0,0,0.028423803
0,0,0.03745689
0,0,0.00280444
1,1,0.9931658
0,0,0.002079384
1,1,0.99296075
0,1,0.8193144
1,1,0.99677175
0,1,0.9911862
1,1,0.99354196
1,1,0.99176604
0,1,0.7948579
0,1,0.98977166
0,0,0.026926393
0,0,0.4714308
1,1,0.9938685
0,0,0.061164092
1,1,0.9956857
1,0,0.21150364
1,1,0.9956232
1,1,0.9946964
1,1,0.6571668
1,1,0.9853896
1,1,0.99449736
1,1,0.99064845
0,0,0.010254659
1,1,0.9958003
1,1,0.99298555
1,1,0.9920386
1,1,0.9951385
0,0,0.008070843
1,1,0.9916214
1,1,0.99143785
0,0,0.02092009
0,0,0.21623227
1,1,0.99475753
0,0,0.015025923
0,0,0.48687097
0,0,0.10605969
1,1,0.99313664
0,0,0.05021285
0,0,0.028290901
0,0,0.0186494
1,1,0.9920764
0,0,0.10378574
0,1,0.9351279
0,0,0.067022346
0,1,0.9143056
0,0,0.014682732
1,1,0.99096686
1,1,0.9960109
1,1,0.9865676
1,1,0.99240184
0,0,0.029420756
0,0,0.0017043112
1,1,0.99579203
1,1,0.9830399
0,0,0.0076691722
1,1,0.99392164
1,1,0.99558973
0,0,0.031663254
1,1,0.9931646
0,0,0.043201216
1,1,0.9938226
1,1,0.99515545
0,0,0.31348625
0,0,0.0068463483
1,1,0.9936395
0,1,0.84029585
1,1,0.99656326
0,0,0.014244423
1,1,0.9924637
0,0,0.060847696
0,0,0.013309446
1,1,0.9919871
0,0,0.011174163
0,0,0.035415806
0,1,0.99433136
0,0,0.15039064
0,0,0.009521173
0,0,0.08747826
1,1,0.99385095
0,0,0.12012397
0,0,0.025954517
0,0,0.09057721
1,1,0.9958442
1,1,0.9893722
1,1,0.99456185
1,1,0.9922747
1,1,0.9961725
0,0,0.032873742
1,1,0.9943112
1,1,0.9949057
0,0,0.074439
0,0,0.0536898
0,0,0.080728315
0,0,0.019910008
0,0,0.0022234058
0,1,0.9910745
1,1,0.9932963
1,1,0.9952108
1,1,0.9950283
1,1,0.99178046
1,1,0.9932569
1,1,0.9933891
1,1,0.99609286
1,1,0.9940813
1,1,0.9958912
0,0,0.28041705
0,0,0.030085335
1,1,0.9944857
0,0,0.0063853557
1,1,0.99379563
1,1,0.99428153
0,0,0.05148081
1,1,0.9943299
0,0,0.035786446
1,1,0.99449944
1,1,0.99347055
0,0,0.029881923
0,1,0.9837752
0,0,0.04087913
0,0,0.06710715
1,1,0.99399287
0,0,0.14534211
1,1,0.9945756
0,0,0.021350766
1,1,0.99502254
0,0,0.13591295
0,0,0.038093805
0,0,0.008641865
1,1,0.99548316
1,1,0.99371403
1,1,0.9916836
1,1,0.9937855
1,1,0.9956091
1,1,0.98998964
0,0,0.07697679
1,1,0.988497
0,1,0.9895244
0,0,0.011554974
1,1,0.97098476
0,1,0.8035135
1,1,0.99181634
0,0,0.014411585
1,1,0.99605125
1,1,0.99272835
1,1,0.9962127
1,1,0.9855333
0,0,0.026820712
1,1,0.99323493
0,0,0.09526807
1,1,0.9715296
0,0,0.008441885
1,1,0.9928348
0,0,0.00171964
0,0,0.071580365
1,1,0.9671969
1,1,0.9844935
1,1,0.99588984
0,0,0.082528524
1,1,0.9926449
1,1,0.9947805
1,1,0.99526876
1,1,0.9923253
0,0,0.006544447
1,1,0.99488044
1,1,0.99088
0,0,0.042686347
0,0,0.0016432678
0,0,0.43373632
1,1,0.9917619
1,1,0.99323225
1,1,0.99425215
1,1,0.9889446
1,1,0.99107975
0,0,0.029207489
0,1,0.96701473
1,1,0.99385554
1,1,0.99478614
0,0,0.038693786
0,1,0.93424505
0,0,0.09958257
0,0,0.09136254
0,0,0.006514406
1,1,0.9929616
1,1,0.9930153
1,1,0.99172217
0,0,0.17262268
0,0,0.0118054645
1,1,0.99538785
0,1,0.9132571
0,1,0.83141357
0,0,0.11762567
0,0,0.0015203427
1,1,0.9930773
1,1,0.99077773
0,0,0.0586404
0,0,0.0012897755
0,0,0.008938833
0,0,0.0020622255
1,1,0.99520457
0,0,0.0039447807
0,1,0.9817556
0,0,0.40606877
1,1,0.98986876
0,0,0.24029575
0,0,0.0017774429
1,1,0.99387157
0,0,0.12740907
0,0,0.0026122015
1,1,0.98689353
1,1,0.9947914
0,0,0.11024027
0,0,0.45486873
0,1,0.97333694
1,1,0.99445504
1,1,0.9930483
1,1,0.9950606
0,0,0.0055665374
0,1,0.99024606
0,0,0.0028070377
1,1,0.9955598
0,0,0.0066888994
1,1,0.9938591
1,1,0.9951303
1,1,0.9941299
1,1,0.9920122
0,1,0.6680132
0,0,0.25374186
0,0,0.10885977
1,1,0.9947848
1,1,0.9945746
1,1,0.9914595
1,1,0.99497604
1,1,0.9919457
0,0,0.16815375
0,0,0.47660226
1,1,0.9916385
1,1,0.9956644
1,1,0.9945305
1,1,0.99148375
0,0,0.0031525928
1,1,0.99537045
0,0,0.05737353
0,0,0.042025983
0,0,0.111090675
1,1,0.9905777
0,0,0.030023742
1,0,0.08088859
1,1,0.9953876
1,1,0.9868775
1,1,0.98993266
1,1,0.9946181
0,0,0.047600757
1,1,0.9790932
0,0,0.0067903628
0,0,0.0031603693
1,1,0.99261224
0,0,0.009116656
0,0,0.13925922
1,1,0.9878805
1,1,0.9815661
1,1,0.9950771
1,1,0.98658735
1,1,0.9941586
1,1,0.9938871
1,1,0.99452
1,1,0.99448895
0,0,0.10473403
1,1,0.986914
1,1,0.99247384
1,1,0.995008
1,1,0.9902802
1,1,0.99543023
0,0,0.10787368
1,1,0.9958482
0,0,0.06271983
0,0,0.05621595
0,0,0.002795375
0,0,0.001639595
1,1,0.9933739
1,1,0.9924374
0,0,0.08897653
1,1,0.98769194
0,0,0.00898334
0,0,0.041556306
0,0,0.0038763229
0,1,0.98234403
1,1,0.9898162
1,1,0.9940767
0,0,0.16248915
1,1,0.9437338
0,0,0.002430205
1,1,0.99550617
1,1,0.99493355
1,1,0.9948548
1,1,0.995669
0,0,0.1431165
1,1,0.97769463
0,0,0.16516678
0,0,0.048792735
1,1,0.9904426
1,1,0.99591845
0,0,0.10584137
0,0,0.12284539
0,0,0.0025681453
0,1,0.6653811
0,0,0.06592364
0,1,0.9754964
1,1,0.9917365
1,1,0.99614465
0,0,0.3853334
1,1,0.9942591
1,1,0.9960173
1,1,0.985335
1,1,0.9936599
1,1,0.99371934
0,0,0.17463359
0,0,0.0054712617
0,0,0.089497045
1,1,0.99584395
0,1,0.99033
1,1,0.99483454
1,1,0.9954561
1,1,0.99094146
1,1,0.9937152
1,1,0.9953986
0,0,0.0038780777
1,1,0.98891115
1,1,0.9869639
1,1,0.99475586
1,1,0.9905523
0,0,0.0016341537
0,0,0.0015515464
0,0,0.058805082
1,1,0.9904649
0,0,0.032785732
0,0,0.0046164994
0,1,0.9232621
1,1,0.9924688
0,0,0.031486582
1,1,0.9923522
0,0,0.0074327514
0,0,0.123827234
0,1,0.95522225
0,0,0.0050124675
1,1,0.99402905
0,0,0.0048345462
0,0,0.016042298
1,1,0.99512345
1,1,0.9957081
0,1,0.99373573
0,0,0.024602149
1,1,0.9921468
1,1,0.98346925
0,0,0.14677131
0,0,0.011089885
0,0,0.18088788
0,0,0.05589707
1,1,0.9930091
0,0,0.0022328452
1,1,0.98849094
1,1,0.99499476
0,0,0.05298266
0,0,0.009163238
0,0,0.003556228
0,1,0.65480554
0,0,0.044367176
1,1,0.99519783
1,1,0.9912634
0,0,0.09452225
0,1,0.98973745
0,0,0.0028820015
0,0,0.0026656077
0,0,0.0020125303
1,1,0.99186045
1,1,0.9946707
1,1,0.99365294
0,0,0.0021497777
1,1,0.9962619
1,1,0.99540675
1,1,0.9940435
0,0,0.49118418
0,1,0.93877417
0,0,0.017763345
0,0,0.08154544
0,0,0.008814325
0,1,0.98776346
1,1,0.99358517
0,0,0.0020185192
1,1,0.9806855
1,1,0.99421966
1,1,0.9909588
0,0,0.16894037
0,0,0.075154796
1,1,0.9933256
1,1,0.9923096
0,0,0.026466636
1,1,0.9507347
0,0,0.03833798
1,1,0.9944581
0,0,0.021350373
0,0,0.008005383
0,0,0.011102902
1,1,0.99469686
1,1,0.9951552
1,1,0.9915565
0,0,0.05286927
1,1,0.990229
1,1,0.99580353
0,1,0.99007565
0,1,0.7940909
0,0,0.17827347
0,0,0.10565917
0,0,0.0015009291
0,0,0.024799878
1,1,0.99607205
0,1,0.9825106
1,1,0.9879579
0,0,0.0025817293
1,1,0.9905544
1,1,0.99062634
1,1,0.9949804
0,0,0.114874676
0,0,0.0043115304
1,1,0.9944133
0,0,0.015369001
0,0,0.018654019
1,1,0.99152654
1,1,0.9935195
0,0,0.0034442574
1,1,0.9956055
0,0,0.04670483
1,1,0.9935277
0,0,0.10321304
1,1,0.98891467
0,0,0.073170245
0,0,0.017688006
1,1,0.9946679
1,1,0.9961998
1,1,0.9918641
0,0,0.012030057
1,0,0.42660227
0,0,0.06111396
0,0,0.48658362
0,1,0.9723113
1,1,0.9949374
0,1,0.9255383
0,0,0.0061578494
0,0,0.036281228
0,0,0.05900444
0,0,0.10419327
1,1,0.9919859
0,0,0.002937279
1,1,0.9929155
0,0,0.0035353166
0,0,0.07154659
1,1,0.9929952
1,1,0.992916
1,1,0.99393964
0,1,0.97285134
0,1,0.96393716
0,1,0.9888293
1,1,0.99506384
0,0,0.09421718
0,0,0.051247887
0,0,0.012607272
0,0,0.1392003
0,0,0.0058537666
0,1,0.6663553
0,1,0.97813445
0,0,0.0063878517
1,1,0.98983324
1,1,0.9942299
0,1,0.6865708
1,1,0.99448425
1,1,0.9768242
0,0,0.041375395
0,0,0.009109019
1,1,0.9959966
0,0,0.07442676
0,0,0.0066770003
0,0,0.001365818
0,0,0.0014345278
0,0,0.0014726229
0,0,0.01067538
1,1,0.9933154
1,1,0.99538654
0,0,0.0019224772
1,1,0.991621
0,0,0.20147471
0,0,0.017507222
1,1,0.99341524
1,1,0.99234515
0,0,0.09421718
0,0,0.003676137
1,1,0.9938618
1,1,0.99332714
0,0,0.1187668
1,1,0.9941146
1,1,0.9920902
1,1,0.97646445
0,0,0.117718354
1,1,0.9944667
0,0,0.108230434
0,0,0.008290939
0,0,0.025368199
1,1,0.9954536
0,0,0.08165556
1,1,0.9929838
1,1,0.99330187
1,1,0.99471384
1,1,0.9936697
1,1,0.99565023
1,1,0.9960658
0,1,0.99307185
1,1,0.99081695
0,1,0.9938446
1,1,0.992243
0,0,0.045748018
1,1,0.9914703
1,1,0.9919891
1,1,0.9952903
1,1,0.99513125
1,1,0.99508685
1,1,0.9944781
0,0,0.0059394664
0,0,0.34578636
1,1,0.99371064
1,1,0.9923229
0,0,0.09533273
1,1,0.9947253
0,0,0.012932642
0,0,0.02160024
0,0,0.11146377
0,0,0.012938938
0,0,0.026423631
0,1,0.98479307
1,1,0.9928347
0,0,0.4701146
0,0,0.43924555
0,0,0.067825094
0,1,0.9872529
0,1,0.9815516
1,1,0.9928256
1,1,0.9944535
1,1,0.9901216
1,1,0.9917589
1,1,0.98975265
0,0,0.0051956195
1,1,0.99430627
1,1,0.9941934
1,1,0.9928973
0,0,0.18310967
1,1,0.99452233
0,0,0.042274076
0,1,0.895883
0,1,0.8758414
1,1,0.9956905
1,1,0.98172677
0,1,0.9472231
1,1,0.99608177
0,0,0.038808722
0,0,0.026486756
1,1,0.9918059
0,0,0.020084448
0,0,0.00313858
1,1,0.993479
1,1,0.9946075
0,0,0.091798455
1,1,0.9958526
1,1,0.9934529
0,0,0.016806278
1,1,0.994728
1,1,0.9867328
1,1,0.9936633
1,1,0.9951786
1,1,0.9949504
0,0,0.0064279297
1,1,0.9936392
1,1,0.9917738
0,0,0.004028852
1,1,0.99624276
1,1,0.99414575
1,1,0.994306
1,1,0.99310935
0,0,0.12023675
0,0,0.023355136
1,1,0.9880265
1,1,0.9937715
0,0,0.43515396
0,0,0.0015502482
1,1,0.9948198
1,1,0.99302447
1,1,0.9929154
0,1,0.9797932
1,1,0.99593157
0,0,0.04558079
0,0,0.0029802816
1,1,0.99397177
1,1,0.9913777
0,1,0.9640705
1,1,0.99362963
1,1,0.9961785
0,0,0.06829244
0,0,0.31724122
1,1,0.9950629
1,1,0.9957027
1,1,0.9951159
1,1,0.9948919
0,0,0.003953796
0,0,0.0024671108
0,0,0.021389408
1,1,0.99257493
0,0,0.15780182
1,1,0.994961
0,0,0.062059507
1,1,0.993644
0,0,0.01846612
0,0,0.0048430837
1,1,0.99061394
0,0,0.06565665
0,0,0.0025519766
0,0,0.016724596
1,1,0.99362963
0,0,0.09952179
1,1,0.9949209
1,1,0.9952331
1,1,0.9908818
1,1,0.99595815
1,1,0.99011666
1,1,0.99317765
1,1,0.9952247
1,1,0.9430411
0,0,0.09357239
1,1,0.99229735
0,0,0.011408639
1,1,0.994578
1,1,0.9942399
0,0,0.24370053
1,1,0.9940294
0,0,0.060955796
0,0,0.0021722491
0,0,0.016895229
1,1,0.99230254
0,0,0.020940375
1,1,0.9945813
1,1,0.9964803
0,1,0.96481323
1,1,0.9933222
0,1,0.9436773
0,0,0.04315447
0,0,0.017668333
1,1,0.992554
1,1,0.990263
0,0,0.010001448
0,0,0.035190508
1,1,0.99594766
0,0,0.0015874382
1,1,0.99257636
0,1,0.9584264
1,1,0.9910288
0,0,0.03231231
1,1,0.99423426
0,1,0.562799
0,0,0.07358989
1,1,0.9929427
1,1,0.9867958
1,1,0.99528176
0,0,0.065932445
0,0,0.0037628496
1,1,0.99411607
0,0,0.08418908
0,0,0.02375049
0,1,0.9896583
1,1,0.98938227
1,1,0.9933969
1,1,0.99158114
0,0,0.013217385
1,1,0.9937097
1,1,0.9950846
1,1,0.98633885
1,1,0.88932216
0,0,0.0049184104
1,1,0.99498075
0,0,0.11938252
0,0,0.050813206
0,0,0.2634597
1,1,0.9885838
1,1,0.9894539
0,0,0.0980985
0,0,0.19905722
1,1,0.9927544
0,0,0.0052623143
1,1,0.99175173
0,0,0.043452367
1,1,0.99117076
0,1,0.7523685
1,1,0.9949216
1,1,0.992355
1,1,0.99586415
0,1,0.9608913
0,0,0.109602466
0,0,0.045778815
0,1,0.85371023
0,0,0.0014398216
0,0,0.00836683
0,0,0.002438559
0,0,0.021442672
1,1,0.9943969
0,1,0.6287004
1,1,0.9957445
1,1,0.9934012
1,1,0.99502194
0,0,0.02984878
1,1,0.99328196
0,1,0.5426424
0,0,0.0033723821
0,0,0.002071509
1,1,0.9914833
1,1,0.99394506
0,0,0.012972385
0,0,0.13186954
1,1,0.98638374
0,0,0.006019638
1,1,0.9933749
0,1,0.8906479
1,1,0.9919104
0,1,0.96528614
0,0,0.0075688083
1,1,0.995387
1,1,0.9942585
0,0,0.044840124
1,1,0.9949531
0,0,0.2586366
0,0,0.11704803
1,1,0.9905291
0,0,0.11928006
0,0,0.094954066
0,0,0.043447807
0,0,0.30806696
0,0,0.0036731232
0,1,0.99001276
0,0,0.041598286
1,1,0.9959651
0,0,0.04137688
0,0,0.073218964
1,1,0.99292046
1,1,0.99371743
0,0,0.47152552
1,1,0.99639773
0,0,0.0024513986
1,1,0.99462885
0,0,0.0033700604
1,1,0.9945807
0,1,0.98542273
0,0,0.39999312
0,0,0.0016492993
1,1,0.9899787
1,1,0.99307877
0,0,0.009509704
0,0,0.0077843405
1,1,0.994531
0,0,0.15538557
0,0,0.002641322
0,0,0.10537974
0,0,0.08043827
1,1,0.98512715
0,0,0.040466927
0,0,0.012535544
0,0,0.041785628
0,0,0.0016343995
0,0,0.0020120083
0,0,0.39130288
0,0,0.17726335
0,0,0.09035815
1,1,0.9944048
1,1,0.9911124
1,1,0.9771424
0,0,0.013419309
1,1,0.99504256
0,1,0.7260649
0,0,0.124278255
0,0,0.02540835
1,1,0.99358976
0,0,0.097145796
1,1,0.9951703
0,0,0.029077752
1,1,0.99410987
0,0,0.118701674
1,1,0.99439573
1,1,0.9948348
1,1,0.98876256
0,0,0.003854181
1,1,0.9916524
1,1,0.9881275
1,1,0.99251986
1,1,0.9958637
1,1,0.98910207
0,0,0.002144815
0,0,0.01594374
1,1,0.9959045
0,0,0.30669376
1,1,0.9949582
0,0,0.010615066
1,1,0.9919886
0,0,0.44603643
1,1,0.9961539
0,0,0.06612574
0,0,0.009995563
0,0,0.010848413
1,1,0.9957456
0,0,0.12594612
0,1,0.99394083
0,0,0.006844299
1,1,0.9887869
0,0,0.03317778
1,1,0.99480325
0,0,0.0795384
1,1,0.9926697
1,1,0.9904302
1,1,0.9953858
1,1,0.99321085
0,0,0.045997888
1,1,0.9920878
0,0,0.02767111
0,0,0.053413086
0,0,0.37407637
0,0,0.21960637
0,0,0.13383259
1,1,0.9931142
1,1,0.9943012
1,1,0.99302953
0,0,0.050030094
0,0,0.0016386769
1,1,0.98916876
0,0,0.002635311
1,1,0.9941999
0,0,0.0019025872
0,0,0.0025675346
1,1,0.9951546
0,0,0.0026854493
1,1,0.9940118
0,0,0.22944209
1,1,0.99494004
1,1,0.99443287
1,1,0.9690064
0,0,0.005098089
0,0,0.0035808708
1,1,0.97879285
1,1,0.98793864
0,0,0.0016022117
1,1,0.9902602
1,1,0.9961372
0,0,0.011532785
1,1,0.99444604
0,0,0.0060835797
1,1,0.99453706
0,1,0.89124495
1,1,0.9420001
0,1,0.9947121
1,1,0.9946726
1,1,0.9894415
0,0,0.01886755
1,1,0.9945807
1,1,0.99185294
1,1,0.99588144
0,0,0.24939467
1,1,0.9907855
1,1,0.9931439
1,1,0.9962245
1,1,0.99142903
1,1,0.99520075
0,0,0.313164
0,0,0.029822817
1,1,0.99300075
0,0,0.0073145228
1,1,0.9954165
0,0,0.041045874
0,0,0.0749367
0,0,0.04789575
1,1,0.98750824
0,0,0.0023650997
1,1,0.991527
1,1,0.9923038
1,1,0.9841383
1,1,0.9893379
0,0,0.010137433
0,0,0.0015913629
0,0,0.022267543
0,0,0.0144514805
0,1,0.97828376
0,0,0.017141815
1,1,0.9918181
1,1,0.9798727
1,1,0.9893612
0,1,0.9424632
0,0,0.0021019143
0,0,0.0041201124
1,1,0.9886762
0,1,0.7818235
1,1,0.992132
0,0,0.0019103368
1,1,0.9909272
0,0,0.07326585
1,1,0.9920065
1,1,0.9890576
1,1,0.9931819
1,1,0.98886406
1,1,0.9949886
0,0,0.015904443
0,1,0.99077636
0,1,0.94837946
0,0,0.20674917
1,1,0.9939792
0,0,0.0091731455
0,0,0.0020685184
1,1,0.9959459
0,0,0.029950198
1,1,0.9944501
0,0,0.077521615
0,0,0.002780745
0,0,0.07567923
1,1,0.9860299
1,1,0.99234676
0,0,0.009798615
0,0,0.011631551
1,1,0.9955562
1,1,0.99356174
1,1,0.9848231
0,0,0.2331587
1,1,0.9948867
1,1,0.9852732
1,1,0.99550325
0,1,0.9743953
1,1,0.9913019
0,0,0.21762763
0,0,0.019341204
1,1,0.9893825
0,0,0.015378664
0,0,0.13928123
0,0,0.12455225
0,1,0.6656039
0,0,0.008969757
0,1,0.6100647
0,0,0.0075444663
1,1,0.98623174
0,1,0.6137374
0,0,0.13804848
1,1,0.9959032
1,1,0.9928843
0,0,0.1080978
1,1,0.99308264
1,1,0.9955161
0,0,0.19911794
1,1,0.9958638
0,0,0.055969782
1,1,0.9928334
0,1,0.83421946
0,0,0.014702032
0,0,0.024600117
1,1,0.9930193
1,1,0.99383223
1,1,0.99291867
0,0,0.056123707
0,0,0.16850828
0,0,0.042687826
0,0,0.033132356
1,1,0.9886714
1,1,0.99503493
1,1,0.9949339
0,0,0.104858845
1,1,0.9940204
0,0,0.01451505
1,1,0.9964893
0,1,0.92136157
0,0,0.0017490489
0,0,0.011824181
0,0,0.01489571
0,0,0.005532611
0,0,0.0026969276
1,1,0.99543804
0,1,0.51501226
0,1,0.98432195
0,0,0.068166144
1,1,0.99569356
0,0,0.0013800939
0,0,0.015430534
1,1,0.9902058
0,0,0.27485865
1,1,0.99291444
1,1,0.9484055
1,1,0.9965587
0,0,0.025263658
0,0,0.010346758
1,1,0.99438924
1,1,0.9932435
1,1,0.99137974
0,0,0.00543992
1,1,0.9963231
0,0,0.07818309
0,0,0.06228722
0,0,0.044734675
0,1,0.989795
1,1,0.99251527
0,1,0.8475754
0,0,0.008599142
0,0,0.0067744497
0,0,0.04169325
1,1,0.9936605
0,0,0.015717542
0,0,0.0264685
0,1,0.90315056
0,0,0.035642505
1,1,0.9110732
0,0,0.0020419795
1,1,0.9959144
0,0,0.14667374
1,1,0.9910938
0,0,0.11731638
0,0,0.12448972
0,0,0.12919223
0,0,0.0015149697
1,1,0.9904687
1,1,0.97134596
1,1,0.99536467
1,1,0.9935149
1,1,0.9955842
0,1,0.573154
0,0,0.094857484
0,0,0.046376016
1,1,0.9933002
0,0,0.006281414
0,0,0.009973282
0,0,0.098153666
0,0,0.0021591359
1,1,0.9930737
0,0,0.009384292
1,1,0.9862053
0,0,0.0055847005
1,1,0.9954021
0,0,0.0064353645
0,0,0.0026141927
1,1,0.98512995
1,1,0.98723364
0,0,0.005757964
0,0,0.121569246
1,1,0.9944852
1,1,0.9957781
1,1,0.9941035
1,1,0.99540883
1,1,0.9953635
1,1,0.98939264
1,1,0.9954615
1,1,0.9958782
1,1,0.9944628
0,0,0.17977762
1,1,0.98286855
1,1,0.8811265
1,1,0.99191535
1,1,0.9961928
1,1,0.99241525
1,1,0.99500495
0,0,0.016558416
0,0,0.2325573
1,1,0.9923328
1,1,0.9926582
0,0,0.054782175
0,0,0.15048273
0,0,0.0023953025
1,1,0.99549663
1,1,0.9930698
1,1,0.9950052
0,0,0.17176676
0,0,0.0102520995
0,0,0.0033284933
1,1,0.9955538
1,1,0.9944193
0,0,0.27811933
0,0,0.062467385
1,1,0.99466985
0,1,0.6141307
0,0,0.0016538266
0,0,0.013545254
0,1,0.99501497
1,1,0.9969158
1,1,0.9909038
0,1,0.9429881
0,0,0.0025344938
0,0,0.0034770393
0,1,0.5193754
0,1,0.9528622
0,0,0.04201738
1,1,0.9908268
0,0,0.0047818236
0,0,0.26276994
0,0,0.0098722745
0,0,0.0020736777
1,1,0.9946286
1,1,0.99477357
1,1,0.995654
1,1,0.994572
0,0,0.06691275
1,1,0.9945614
1,1,0.99524903
0,1,0.98938984
0,0,0.002111825
0,0,0.06748936
1,1,0.9957236
1,1,0.99587184
0,0,0.04121868
0,0,0.1276843
0,0,0.019830538
0,0,0.02386864
0,0,0.14551786
1,1,0.9928895
0,0,0.11247126
1,1,0.99406403
0,0,0.0038907235
1,1,0.9851836
0,0,0.0045635505
1,1,0.99312085
0,0,0.02093744
0,0,0.12291174
1,1,0.99339515
0,0,0.3469265
0,0,0.17181331
1,1,0.9919269
1,1,0.99536884
0,0,0.3593132
1,1,0.9940355
1,1,0.99342793
1,1,0.99521303
1,1,0.9904936
0,1,0.9640021
1,1,0.991861
1,1,0.9929876
0,0,0.1481751
1,1,0.9947864
1,1,0.9948369
1,1,0.9924751
1,1,0.9858086
1,1,0.7002434
0,0,0.07495591
1,1,0.9955094
1,1,0.98986584
1,1,0.99609715
1,1,0.9940164
1,1,0.9926611
1,1,0.9959138
0,1,0.9868508
0,1,0.54457337
0,1,0.79620236
0,1,0.9595079
0,0,0.012280271
1,1,0.9947094
1,1,0.9942021
0,0,0.022043016
1,1,0.98925227
1,1,0.99356514
1,1,0.99245924
0,0,0.3226097
0,0,0.0018578847
0,1,0.98685837
1,1,0.96902096
1,1,0.9953497
0,0,0.002464459
1,1,0.994249
0,0,0.0024377704
1,1,0.9959966
1,1,0.9909644
0,0,0.074684426
1,1,0.99464685
0,0,0.0011900567
0,1,0.7772899
0,0,0.0018636298
1,1,0.9720399
1,1,0.9895718
0,0,0.0052856794
1,1,0.9926778
1,1,0.99486476
1,1,0.9957688
0,0,0.003346897
0,1,0.96967745
0,0,0.008941681
1,1,0.9931399
1,1,0.9954039
0,0,0.0077606793
1,1,0.98876065
1,1,0.99234456
1,1,0.99066633
1,1,0.9959313
0,0,0.049483057
1,1,0.9896954
0,0,0.38768914
1,1,0.9953903
1,1,0.99677473
1,1,0.99216133
1,1,0.99559706
1,1,0.9927193
1,1,0.9948709
1,1,0.9820112
0,0,0.03369534
1,1,0.99351406
0,0,0.008325638
0,0,0.46831888
0,0,0.0022344752
1,1,0.9938876
0,1,0.67426556
0,0,0.0016046888
0,0,0.0826887
0,1,0.5100384
1,1,0.9931993
0,0,0.37295654
1,1,0.9940455
0,0,0.020794984
0,0,0.02142672
0,0,0.017072327
0,0,0.0041371654
0,0,0.14692955
1,1,0.9927834
1,1,0.99395776
0,0,0.0025530946
1,1,0.9928029
0,0,0.22376283
0,0,0.118525274
0,0,0.034374744
1,1,0.99376255
1,1,0.9932712
0,0,0.13160877
1,1,0.9954768
1,1,0.9964109
0,0,0.19320822
1,1,0.9861616
0,0,0.010894319
1,1,0.9839495
0,0,0.0037794525
1,1,0.989958
0,0,0.054282412
0,0,0.16952007
1,1,0.9945668
1,1,0.9952755
1,1,0.982427
1,1,0.99315965
1,1,0.99035066
0,0,0.0050171805
1,1,0.99316496
1,1,0.9933555
1,1,0.99301505
1,1,0.9837445
1,1,0.99135935
0,0,0.069072545
0,0,0.016524628
1,1,0.9937976
1,1,0.99473214
1,1,0.9921727
0,0,0.12713937
1,1,0.9951249
0,0,0.0034582138
1,1,0.98921657
0,0,0.027638631
0,1,0.8468387
1,1,0.9950807
0,1,0.9407337
1,1,0.99094945
1,1,0.99441165
0,0,0.015000058
1,1,0.9900519
1,1,0.994768
0,0,0.0148010645
1,1,0.9957153
1,1,0.99230146
0,0,0.45599154
1,0,0.45862278
0,0,0.013114542
1,1,0.9888108
1,1,0.9888159
1,1,0.9940101
1,1,0.99574924
1,1,0.99393964
0,0,0.024146706
0,0,0.062235177
0,0,0.0040140566
0,0,0.017985377
0,0,0.048375525
0,1,0.95144945
0,0,0.004893605
1,1,0.9937266
0,1,0.9818553
0,0,0.020640988
1,1,0.9954625
1,1,0.99788743
0,0,0.020883286
1,1,0.9952003
0,0,0.00523951
1,1,0.9940659
1,1,0.9935468
1,1,0.9920312
1,1,0.9842093
1,1,0.9942861
1,1,0.9890666
1,1,0.98988134
0,1,0.6846025
0,0,0.027330576
0,0,0.06255374
0,0,0.016839994
1,1,0.996073
1,1,0.9956696
0,0,0.14379519
0,1,0.594216
0,0,0.0021691087
1,1,0.9899127
0,0,0.0040256623
1,1,0.9934423
0,1,0.92476887
0,0,0.13756332
0,0,0.07272001
0,1,0.9914588
1,1,0.9957332
1,1,0.9898324
1,1,0.9941555
0,1,0.9925712
0,0,0.0027590352
1,1,0.9938746
1,1,0.99446094
1,1,0.99478525
1,1,0.99140173
0,0,0.13391979
0,1,0.98504597
1,1,0.99182886
1,1,0.99100596
0,0,0.2442695
1,1,0.9931116
0,0,0.080763236
0,0,0.025546867
0,1,0.94071156
1,1,0.9906103
0,0,0.0099359965
0,1,0.65777516
0,0,0.1531812
0,0,0.055373657
1,1,0.9961356
0,0,0.3815823
0,0,0.3753214
0,0,0.009974064
1,1,0.9944965
1,1,0.99548835
0,0,0.13211994
0,1,0.8985782
0,0,0.121261485
1,1,0.9958425
0,0,0.044081
0,1,0.96946096
0,1,0.7988801
1,1,0.9955884
0,0,0.026639657
1,1,0.9935761
0,0,0.057628017
1,1,0.99274904
0,0,0.3755766
1,1,0.99155915
0,0,0.018878039
1,1,0.9900573
1,1,0.99124813
1,1,0.992222
1,1,0.992335
1,1,0.9922328
0,0,0.05216551
0,0,0.18064642
1,1,0.9916539
1,1,0.9946936
1,1,0.9940433
1,1,0.9946148
1,1,0.9953258
0,0,0.06748896
1,1,0.9930454
1,1,0.99470806
1,1,0.9953353
0,0,0.010968337
0,0,0.003002745
0,0,0.07524014
0,0,0.06995428
0,0,0.0019696231
1,1,0.97837824
0,0,0.0023714101
1,1,0.993331
1,1,0.9957106
1,1,0.99193126
0,0,0.07895877
0,0,0.13130751
1,1,0.9926541
0,0,0.49863595
0,0,0.12504657
1,1,0.9886763
1,1,0.99492824
1,1,0.9951564
1,1,0.9949963
1,1,0.9931851
1,1,0.9955243
1,1,0.99576914
1,1,0.9955486
1,1,0.99445206
1,1,0.9938519
0,0,0.037101302
1,1,0.9930862
0,0,0.08555076
1,1,0.991008
1,1,0.9960503
1,1,0.9943725
0,1,0.6431425
0,0,0.03000668
0,0,0.042828325
0,0,0.019786298
1,1,0.99415284
0,0,0.11377094
0,0,0.009534438
0,0,0.009069772
1,1,0.98847884
0,0,0.00292664
1,1,0.99574137
0,0,0.04789575
0,0,0.38424656
0,0,0.106887005
1,1,0.99602616
1,1,0.9952708
0,0,0.0038430511
0,0,0.013775496
1,1,0.9956059
0,0,0.0021928218
1,1,0.9949714
1,1,0.9895124
0,0,0.0076891244
0,0,0.0022290517
0,0,0.0041590095
0,0,0.0018574339
0,0,0.10634748
0,0,0.007507561
1,1,0.99541
0,0,0.002035871
0,0,0.16048302
1,1,0.9957408
1,1,0.99427646
1,1,0.9952807
0,0,0.020417094
1,1,0.99242896
1,1,0.99371547
1,1,0.9945756
1,1,0.99182385
1,1,0.9930569
0,0,0.0035446354
0,0,0.004747831
1,1,0.991783
1,1,0.9933164
0,1,0.5593685
1,1,0.992993
1,1,0.9931767
1,1,0.99397415
0,0,0.0046358444
1,1,0.98987794
1,1,0.9950907
0,0,0.09631542
1,0,0.34503028
0,0,0.0023583658
0,1,0.9749995
1,1,0.9956612
0,0,0.056452245
0,0,0.14403477
0,0,0.050766613
1,1,0.9929403
0,0,0.004587068
0,0,0.11265878
0,1,0.95963454
1,1,0.99452055
1,1,0.992063
1,1,0.9947218
1,1,0.9937457
0,0,0.05962895
1,1,0.99011505
1,1,0.9948037
1,1,0.99379843
0,0,0.0016338978
1,1,0.9919689
1,1,0.9957865
1,1,0.994358
0,0,0.09430793
0,0,0.11057827
0,0,0.051960398
0,1,0.67416614
1,1,0.9927468
0,0,0.002619791
0,0,0.08814232
1,1,0.91727877
1,1,0.99478745
0,1,0.5936067
1,1,0.9930453
1,1,0.97944415
1,1,0.98998904
0,0,0.0041094087
1,1,0.9948791
0,0,0.0029507675
0,0,0.06353356
1,1,0.9952335
1,1,0.9948349
0,0,0.003384568
0,0,0.0081137605
0,0,0.07058594
0,0,0.08047527
1,1,0.9895812
0,0,0.0024488764
1,1,0.9882493
1,1,0.99482864
1,1,0.98573697
1,1,0.8988192
0,1,0.9737137
1,1,0.94306135
0,1,0.95586467
0,0,0.02726741
1,1,0.9949414
1,1,0.99231297
1,1,0.99207604
1,1,0.99406415
0,0,0.023608295
1,1,0.9936447
0,0,0.08261394
1,1,0.99343795
0,0,0.0036133688
0,0,0.08844901
1,1,0.9954542
0,0,0.020818662
0,1,0.94070995
0,1,0.78911054
1,1,0.9899929
1,1,0.9959831
1,1,0.9936831
1,1,0.9943401
0,0,0.0036037536
0,1,0.9391786
0,0,0.06423992
0,1,0.96453863
1,1,0.9913918
0,0,0.19255878
0,1,0.9505562
0,1,0.9887299
1,1,0.9870996
1,1,0.99374515
1,1,0.99504316
0,0,0.085896164
0,0,0.008438171
0,0,0.0065391776
0,0,0.021525817
1,1,0.9905544
0,0,0.029459313
1,1,0.9948679
1,1,0.9892526
1,1,0.9914213
1,1,0.9952147
0,1,0.9701942
0,1,0.9912416
1,1,0.99550086
0,1,0.7194923
1,1,0.9937202
0,0,0.050520025
1,1,0.99530303
0,1,0.98411685
1,1,0.99029654
1,1,0.99586123
1,1,0.9921687
1,1,0.9945364
0,1,0.92794263
0,0,0.002725588
1,1,0.99018526
1,1,0.99559706
0,1,0.7973364
0,0,0.045186203
1,1,0.9927175
0,0,0.017050983
1,1,0.98828506
0,0,0.0168682
1,1,0.9936094
1,1,0.9918978
0,1,0.99026626
0,1,0.8599389
0,0,0.0034305851
0,0,0.0016364309
0,0,0.037675638
1,1,0.99423414
1,1,0.9880465
0,0,0.08296131
0,0,0.0023742816
0,0,0.021595266
0,0,0.16474476
1,1,0.9936645
0,1,0.9670145
0,0,0.04493395
0,0,0.22058512
1,1,0.98604333
1,1,0.9949167
1,1,0.99405164
1,1,0.99171245
1,1,0.99258596
1,1,0.9933374
1,1,0.9896292
0,1,0.931353
1,1,0.9914273
1,1,0.9932585
1,1,0.99526054
1,1,0.9945522
1,1,0.9947496
1,1,0.99246925
1,1,0.9874921
1,1,0.9948657
0,0,0.007774023
1,1,0.9930687
0,0,0.005126053
1,1,0.99495524
0,0,0.0021347518
1,1,0.99503565
0,0,0.0019718288
0,0,0.002408668
1,1,0.9940456
1,1,0.99386483
1,1,0.99501354
0,1,0.8683038
1,1,0.9868281
0,0,0.0014632068
1,1,0.99392587
1,1,0.9932075
0,0,0.016250286
1,1,0.9913059
0,0,0.06442692
0,0,0.012032052
1,1,0.99507445
1,1,0.98835236
1,1,0.99174255
0,0,0.025088873
0,1,0.973697
0,0,0.2288366
0,0,0.0053717243
1,1,0.991299
0,0,0.13532524
0,0,0.13829996
0,0,0.023175105
1,1,0.99210125
0,0,0.0070033143
1,1,0.9929369
1,1,0.99497753
1,1,0.98854244
1,1,0.9944589
0,1,0.9846816
1,1,0.9934956
1,1,0.99570066
0,0,0.075545855
1,1,0.9927045
1,1,0.99541914
1,1,0.9961743
0,0,0.10154619
0,0,0.2676256
0,0,0.03718674
0,0,0.016823761
1,1,0.9930976
1,1,0.99550503
0,0,0.072347
0,0,0.026332792
1,1,0.9809988
1,1,0.9957984
1,1,0.9934023
0,0,0.0014893075
1,1,0.99368674
0,0,0.013676768
0,0,0.047250725
1,1,0.9947354
0,0,0.2758318
0,0,0.002030908
0,0,0.017727297
0,0,0.04097288
1,1,0.99504566
1,1,0.9908578
1,1,0.85202146
1,1,0.9964664
1,1,0.99452436
1,1,0.9921793
1,1,0.9950051
0,0,0.061903633
0,1,0.95126307
0,0,0.07593449
1,1,0.99458355
0,1,0.9934256
1,1,0.99533325
1,1,0.995069
0,0,0.2606857
0,0,0.04896725
0,0,0.06906414
1,1,0.9957936
0,0,0.0087155895
0,0,0.0021156946
1,1,0.99125797
1,1,0.9931896
0,0,0.013440672
1,1,0.9948118
0,1,0.5243667
1,1,0.9916005
1,1,0.9828572
0,0,0.10390168
0,0,0.014314064
1,1,0.99007833
0,0,0.12163644
1,1,0.99405235
0,0,0.001988377
1,1,0.9895235
1,1,0.99430025
1,1,0.9895527
1,1,0.99397624
1,1,0.9923914
1,1,0.9957437
0,1,0.9820545
1,1,0.9941531
0,0,0.06223457
0,0,0.020602878
0,0,0.11250265
0,0,0.16242488
0,0,0.0032918653
0,0,0.054954324
0,0,0.0023303018
0,0,0.12802811
1,1,0.9908261
0,1,0.99203885
1,1,0.99400556
1,1,0.99205
1,1,0.99147636
1,1,0.9938372
0,0,0.1387287
0,0,0.13395181
1,1,0.9939167
1,1,0.99114263
1,1,0.9845064
0,0,0.053465914
1,1,0.9866745
1,1,0.9919093
1,1,0.9941042
0,0,0.24996142
0,0,0.1272295
1,1,0.99629694
1,1,0.9955863
0,1,0.9930387
0,0,0.02523774
1,1,0.9747935
1,1,0.9916939
0,0,0.19925718
1,1,0.9959804
0,1,0.9852278
0,0,0.0018072787
0,0,0.010857079
0,1,0.93908334
1,1,0.9956636
1,1,0.99564606
1,1,0.99262434
0,0,0.077054985
1,1,0.9947574
1,1,0.99396837
1,1,0.99338454
1,1,0.9940333
1,1,0.9948526
0,0,0.025482923
1,1,0.99492764
1,1,0.99430084
1,1,0.9931825
0,0,0.026454575
0,0,0.2481655
0,0,0.0019015835
0,0,0.21960944
0,0,0.0020273689
0,0,0.0035598082
1,1,0.9945247
0,0,0.08442342
0,0,0.008536118
0,0,0.13558353
0,0,0.16498293
1,1,0.98698944
0,0,0.12669584
1,1,0.9948639
0,0,0.018209979
1,1,0.98129785
0,0,0.022009145
1,1,0.99417615
0,0,0.0639561
0,0,0.0039375857
1,1,0.99487704
1,1,0.97788334
1,1,0.9950714
1,1,0.9856117
0,0,0.005731632
0,0,0.08711709
0,0,0.022526927
1,1,0.9860909
1,1,0.99285215
0,0,0.060126033
1,1,0.98962224
1,1,0.99486995
1,1,0.99046093
1,1,0.98903626
1,1,0.9943521
0,0,0.0043043187
1,1,0.98811394
1,1,0.99441963
1,1,0.9938158
0,1,0.991392
1,1,0.98988485
1,1,0.9918385
0,0,0.0047134436
1,1,0.9950717
1,1,0.99254864
1,1,0.99177307
0,0,0.035171375
0,0,0.009332157
1,1,0.99024934
0,0,0.10703507
0,0,0.022736525
1,0,0.47109413
0,0,0.38286155
0,1,0.83882535
1,1,0.99595696
0,0,0.011787115
0,0,0.13765107
0,1,0.9857518
0,0,0.0032934677
1,1,0.993454
0,0,0.1813962
1,1,0.9930098
1,1,0.9886276
1,1,0.9935859
0,0,0.0018565268
1,1,0.9900949
0,0,0.17802596
0,0,0.0026490982
0,0,0.12188046
1,1,0.99105257
1,1,0.99393094
0,0,0.058635633
0,0,0.0048364326
0,1,0.99165887
1,1,0.9955213
0,0,0.057224747
0,1,0.9556423
1,1,0.9956091
0,0,0.0020993734
1,1,0.9893751
0,0,0.04301809
1,1,0.992015
1,1,0.98896503
0,0,0.0016975211
0,0,0.32371596
1,1,0.9949308
0,0,0.3867799
1,1,0.99486345
1,1,0.99087185
0,0,0.027777655
0,0,0.093575746
0,0,0.0023426933
1,1,0.9952053
1,1,0.99650997
1,1,0.9954501
0,1,0.9545893
0,0,0.041671522
1,1,0.9945404
0,0,0.0045196274
1,1,0.9966634
0,0,0.019515926
0,0,0.021190874
1,1,0.98620737
1,1,0.8633847
0,0,0.0074192127
0,0,0.13993163
1,1,0.991659
1,1,0.99534374
0,0,0.005315507
1,1,0.9943897
1,1,0.9911178
1,1,0.99456763
1,1,0.9940666
0,0,0.0019392292
1,1,0.99305904
0,0,0.0025622158
1,1,0.9941791
0,0,0.0054571107
0,0,0.018044407
1,1,0.9918898
1,1,0.9901546
1,1,0.9906985
0,0,0.037985567
0,0,0.0016675774
1,1,0.9915126
0,0,0.036958784
0,0,0.040350188
1,1,0.99542314
0,0,0.0015943561
1,1,0.99381363
1,1,0.9811582
1,1,0.9950513
0,0,0.19880979
1,1,0.97787297
0,0,0.3710509
0,0,0.07136881
0,0,0.13793044
1,1,0.99462754
0,0,0.07851863
0,0,0.15918255
1,1,0.9932811
0,1,0.6905449
1,1,0.9953849
0,0,0.002044449
0,0,0.40860364
0,0,0.011473615
0,0,0.0019280602
0,1,0.72617066
1,1,0.9939978
1,1,0.9951208
1,1,0.98949695
0,0,0.01098486
0,0,0.017031716
1,1,0.9938439
1,1,0.9915413
0,0,0.06964135
0,0,0.030362718
1,1,0.99359703
1,1,0.99371356
0,0,0.1004765
1,1,0.9936947
1,1,0.9939176
0,0,0.09426289
0,1,0.94653344
1,1,0.99179584
0,0,0.0054244213
0,0,0.002920742
0,1,0.99225205
0,0,0.18933734
1,1,0.9958132
0,0,0.039446894
1,1,0.989767
1,1,0.9908263
0,1,0.6533049
1,1,0.9089851
1,1,0.9963031
0,0,0.0014388663
0,0,0.03095963
0,1,0.5938533
0,1,0.86889106
1,1,0.99455357
0,0,0.0015244046
0,0,0.10486498
0,0,0.11309816
0,1,0.96667194
0,0,0.012916011
0,0,0.13566643
1,1,0.994879
1,1,0.9963373
0,0,0.021819694
1,1,0.99221414
1,1,0.99370956
0,0,0.0076333694
1,1,0.9924378
1,1,0.9944305
1,1,0.99473757
1,1,0.99011993
1,1,0.9950572
1,1,0.9899962
0,0,0.074273065
0,1,0.9524364
1,1,0.9950604
0,0,0.04854316
0,0,0.32527936
1,1,0.99153835
1,1,0.9939361
1,1,0.99345076
0,0,0.3776933
1,1,0.99560237
1,1,0.9925251
1,1,0.99174213
0,0,0.01885808
1,1,0.9900359
0,0,0.03030214
0,1,0.98747605
1,1,0.99324375
1,1,0.99418265
1,1,0.9617574
1,1,0.989402
1,1,0.9954105
0,0,0.016957307
1,1,0.98848736
0,0,0.088689096
0,1,0.9874444
1,1,0.99234515
1,1,0.93895257
1,1,0.99293596
1,1,0.9869816
0,0,0.12512414
1,1,0.9940012
1,1,0.9872099
0,1,0.9664401
0,0,0.0042376677
1,1,0.9929311
0,0,0.0037826912
1,1,0.9928423
0,0,0.09884112
1,1,0.9940731
0,0,0.011593088
0,0,0.012402988
1,1,0.9910561
0,0,0.011268782
1,1,0.9911214
1,1,0.992019
1,1,0.9917921
1,1,0.9953382
0,0,0.013059521
0,1,0.91089076
0,0,0.08847074
1,1,0.9906702
1,1,0.9960427
0,0,0.0024006946
0,0,0.0742005
1,1,0.9952726
1,1,0.9916797
0,0,0.015643839
0,0,0.0016441301
1,1,0.99218714
1,1,0.99155915
0,0,0.024979908
0,0,0.053025194
0,0,0.010392188
0,0,0.116117336
1,1,0.98830813
0,0,0.00493069
1,1,0.99497426
0,0,0.09473373
0,1,0.9560933
0,0,0.09133053
1,1,0.9929102
1,1,0.9961928
0,1,0.8723232
0,1,0.98379666
1,1,0.9952107
0,0,0.0025078799
1,1,0.9927222
1,1,0.98947936
1,1,0.99087864
1,1,0.99431795
0,0,0.009772556
0,1,0.9779007
1,1,0.99518967
0,0,0.009519342
0,0,0.041106082
0,0,0.0015383888
1,1,0.99538815
1,1,0.99354726
0,0,0.058739766
1,1,0.9934609
1,1,0.9962425
1,1,0.99001175
1,1,0.9790669
0,0,0.12899637
0,0,0.0015152971
1,1,0.9904062
1,1,0.9946568
0,0,0.002474042
0,0,0.035084978
1,1,0.990386
0,0,0.0023564624
1,1,0.99353516
0,0,0.3328069
1,1,0.99573827
1,1,0.991836
1,1,0.99008185
1,1,0.9873448
0,0,0.001413044
0,1,0.9836866
1,1,0.99290884
1,1,0.9885387
1,1,0.9850579
1,1,0.9929598
0,0,0.0025397409
0,0,0.21951854
0,0,0.057629906
0,0,0.07514163
0,0,0.15175182
0,0,0.12841669
0,1,0.89581865
0,0,0.029709592
0,0,0.021056563
0,0,0.066505834
1,1,0.9951865
0,0,0.019767005
1,1,0.99482924
0,0,0.018437421
0,0,0.07093523
0,0,0.0020520994
0,0,0.0077653844
0,0,0.0013343812
0,0,0.09045499
0,0,0.01887441
1,1,0.9891783
0,0,0.11467867
1,1,0.99559635
1,1,0.993133
0,0,0.0028803193
1,1,0.99443495
1,1,0.9924785
1,1,0.9933183
1,1,0.99612564
1,1,0.9902575
1,1,0.99365765
1,1,0.9910697
0,0,0.0030627032
1,1,0.9951137
1,1,0.99582076
1,1,0.99349964
1,1,0.99565804
1,1,0.9940665
1,1,0.99546224
1,1,0.99459934
0,1,0.8664026
1,1,0.99394256
1,1,0.95729786
1,1,0.99509263
0,0,0.17115574
1,1,0.9905577
1,1,0.99298906
1,1,0.9946701
0,0,0.002831972
0,0,0.047707584
1,1,0.9841585
1,1,0.9956162
0,0,0.0019412515
0,0,0.053413548
0,0,0.03379869
1,1,0.9910567
1,1,0.9893561
1,1,0.9925316
1,1,0.9887059
1,1,0.9901084
0,0,0.010293205
1,1,0.994419
1,1,0.9938992
0,0,0.07236025
1,1,0.9943123
1,1,0.994938
1,1,0.9950636
1,1,0.9933391
0,1,0.9662243
1,1,0.9953916
1,1,0.8233145
1,1,0.98013854
0,0,0.23559451
0,0,0.1437167
0,1,0.6062116
1,1,0.98817015
1,1,0.9934861
0,0,0.022881618
0,0,0.13339308
0,1,0.9627832
1,1,0.99506783
0,0,0.0027253882
0,0,0.002814416
0,0,0.003786017
1,1,0.9918916
1,1,0.9889311
1,1,0.9937391
1,1,0.98186034
0,0,0.0063407714
0,0,0.07520774
1,1,0.9939553
0,0,0.045638263
0,0,0.49495992
0,1,0.5716517
0,0,0.0054202713
0,0,0.035011064
0,0,0.05356014
0,0,0.016294543
1,1,0.9908812
1,1,0.9923498
0,1,0.9459982
0,0,0.0673809
0,1,0.5405229
0,1,0.597645
0,0,0.29243752
0,0,0.0030077745
0,0,0.09898006
1,1,0.9906775
1,1,0.9934227
1,1,0.98446333
1,1,0.99614644
1,1,0.9966528
1,1,0.99583143
0,1,0.6090862
1,1,0.9904051
1,1,0.99303424
1,1,0.9933476
0,1,0.6626947
1,1,0.98180133
1,1,0.9951717
0,1,0.6337674
0,0,0.027134318
0,0,0.0018191013
0,0,0.098756135
0,1,0.97512347
0,0,0.012541631
1,1,0.9926778
1,1,0.98832244
1,1,0.9950488
1,1,0.99252045
0,0,0.09091181
0,0,0.0035626257
1,1,0.9924455
1,1,0.9929646
1,1,0.9938366
1,1,0.99540013
0,1,0.6884928
1,1,0.98949426
1,1,0.99380684
0,0,0.0745461
1,1,0.9934928
0,1,0.990042
1,1,0.9943468
1,1,0.99533087
0,0,0.008809044
1,1,0.99159616
0,0,0.1444131
1,1,0.99602544
0,0,0.008913398
1,1,0.99223083
0,1,0.6031969
1,1,0.9961618
0,0,0.0110250125
1,1,0.9713869
1,1,0.99630487
0,1,0.98880845
0,0,0.013640941
1,1,0.99092495
0,0,0.012406287
0,0,0.15165886
0,0,0.07750371
1,1,0.9918697
1,1,0.99283916
0,0,0.02695093
1,1,0.9959331
0,0,0.28064832
1,1,0.9920697
0,1,0.971657
0,0,0.161563
0,0,0.021122381
1,1,0.9932607
1,1,0.9960064
0,0,0.0047083255
1,1,0.99558276
1,1,0.9961934
0,1,0.98930174
0,1,0.7545688
0,0,0.12470518
0,1,0.59208757
1,1,0.99465525
0,1,0.9607535
0,0,0.23505609
0,1,0.8332411
0,0,0.05106071
1,1,0.9944246
1,1,0.98557323
1,1,0.9910063
0,0,0.15681385
1,1,0.9912861
0,0,0.004541807
1,1,0.9935545
0,0,0.011995715
0,0,0.037290037
0,0,0.069753364
0,0,0.118666664
1,1,0.9970926
1,1,0.9908382
1,1,0.9930622
1,1,0.9946208
0,0,0.09163104
1,1,0.993848
0,0,0.011953178
1,1,0.9961778
0,0,0.062602974
1,1,0.99594116
1,1,0.98613703
0,1,0.99360955
1,1,0.9931941
1,1,0.9920066
1,1,0.9873074
1,1,0.9957345
1,1,0.99188423
0,0,0.04558028
0,0,0.04982582
1,1,0.99327445
1,1,0.9949163
1,1,0.9938393
0,0,0.1505882
0,0,0.0015597496
0,0,0.0016952358
0,0,0.049136117
0,0,0.3328872
0,1,0.9861844
0,0,0.08645806
1,1,0.99237293
1,1,0.9891159
0,0,0.004095771
1,1,0.9928456
1,1,0.9934795
1,1,0.9931745
0,0,0.0020807935
1,1,0.99155676
1,1,0.99508435
1,1,0.99215406
1,1,0.9951977
0,1,0.97851324
1,1,0.9915752
0,0,0.0068815355
1,1,0.99414295
0,0,0.01592243
0,0,0.0205515
0,1,0.99092567
1,1,0.9914324
0,0,0.13419355
0,0,0.0023533
0,0,0.055062745
0,1,0.984774
0,1,0.83105093
1,1,0.9956785
0,1,0.9907601
0,0,0.13202892
0,1,0.72636
1,1,0.9953117
0,1,0.8649485
1,1,0.99387664
0,0,0.1898146
0,0,0.058194496
1,1,0.99478096
0,0,0.029414255
1,1,0.99571437
0,1,0.9765154
1,1,0.9924035
0,0,0.03759697
1,1,0.99386793
1,1,0.9940069
1,1,0.98969436
0,0,0.3298458
0,1,0.91747814
1,1,0.9941255
1,1,0.9957711
0,0,0.3103157
1,1,0.9959777
0,0,0.04887247
1,1,0.99552935
1,1,0.98875964
0,1,0.9647198
0,0,0.004215372
1,1,0.9932279
1,1,0.9915582
1,1,0.99541664
1,1,0.9953312
1,1,0.9952449
1,1,0.99376315
0,0,0.06898129
0,0,0.3308273
0,1,0.99187696
1,1,0.9946554
0,1,0.9851245
0,0,0.019843679
0,0,0.025573697
0,0,0.13685344
1,1,0.99513346
0,0,0.041812398
0,0,0.009948518
0,0,0.003080974
0,0,0.07121791
0,0,0.002165588
0,0,0.0394461
0,0,0.12057673
1,1,0.9938905
0,0,0.077114485
0,0,0.12078494
1,1,0.994504
1,1,0.99431324
1,1,0.99468035
0,0,0.0013025859
1,1,0.9952892
0,0,0.0023045603
1,1,0.9950991
0,1,0.9391201
0,0,0.0013301014
0,0,0.06618972
1,1,0.98977345
0,0,0.12780795
0,0,0.04248112
0,0,0.046880443
1,1,0.9918324
1,1,0.9907884
1,1,0.996394
1,1,0.9953648
1,1,0.99318427
1,1,0.98801094
1,1,0.99370146
1,1,0.99624085
1,1,0.9941816
1,1,0.99441963
1,1,0.99232024
0,0,0.0019328439
0,0,0.006986237
1,1,0.99330294
0,0,0.011953527
1,1,0.996512
0,0,0.12802984
1,1,0.9909264
0,0,0.0880228
0,0,0.052069806
1,1,0.99240476
1,1,0.9940823
1,1,0.9953555
1,1,0.9958259
1,1,0.9955806
0,0,0.033717103
1,1,0.99005777
1,1,0.9927275
0,0,0.084929354
1,1,0.995312
1,1,0.994027
1,1,0.9891629
1,1,0.9928924
0,0,0.112969406
1,1,0.9902406
1,1,0.9925211
1,1,0.99293846
1,1,0.9875399
1,1,0.9956371
0,0,0.0022308463
1,1,0.9954158
1,1,0.995248
1,1,0.9930072
0,0,0.034394305
0,0,0.122678764
0,0,0.056801986
1,1,0.99046296
0,0,0.093507946
0,0,0.005324394
1,1,0.9942983
1,1,0.99234045
1,1,0.99270755
0,0,0.0030284596
1,1,0.9930306
1,1,0.99616003
1,1,0.98032045
1,1,0.9907197
0,1,0.99197406
0,0,0.04441777
1,1,0.9940096
0,0,0.049515028
1,1,0.9954614
0,0,0.4719008
1,1,0.99427843
0,0,0.0061878855
0,0,0.08897938
1,1,0.9897709
1,1,0.9944502
0,0,0.0016943605
1,1,0.9954218
0,0,0.007902987
0,0,0.0021114391
0,0,0.09044424
0,1,0.98281753
1,1,0.9936651
1,1,0.99540734
1,1,0.9790844
1,1,0.9914957
0,0,0.017567147
0,0,0.117385
0,1,0.9883583
0,1,0.84596694
1,1,0.99569917
0,0,0.0033567282
1,1,0.9958902
1,1,0.9959906
0,0,0.117006965
0,1,0.98046917
1,1,0.9903578
1,1,0.99440503
0,0,0.059131287
1,1,0.99557567
0,0,0.025515843
1,1,0.9896164
0,0,0.06551995
1,1,0.99014425
0,1,0.9769266
1,1,0.99391633
1,1,0.984543
1,1,0.9936832
0,0,0.009283592
0,0,0.014215656
1,1,0.99302554
1,1,0.9892323
0,1,0.56810576
1,1,0.98577046
0,0,0.003349858
0,0,0.015714496
1,1,0.99591273
1,1,0.994808
1,1,0.9639811
0,1,0.9541094
0,0,0.0040492257
0,0,0.0058644046
1,1,0.99198455
0,0,0.077395745
0,0,0.010342771
0,0,0.004981981
0,0,0.13089825
1,1,0.9920676
0,0,0.025600648
1,1,0.993934
0,0,0.038194552
0,0,0.0040753325
1,1,0.99565744
1,1,0.99661833
1,1,0.99422306
0,0,0.0014483801
0,0,0.0016146334
0,0,0.06827829
0,1,0.5916303
1,1,0.9957854
0,0,0.13470179
1,1,0.9804937
0,0,0.0901901
0,0,0.01950144
1,1,0.99472153
0,0,0.048168395
0,0,0.032330222
0,0,0.039431628
0,0,0.0031362206
1,1,0.9940422
1,1,0.9845963
0,0,0.0014222222
1,1,0.991804
1,1,0.8658769
1,1,0.9885339
0,0,0.009098574
1,1,0.9933683
0,0,0.024263365
0,0,0.085037366
0,0,0.26484397
0,0,0.0233189
1,1,0.9951534
0,0,0.0044081225
1,1,0.9944614
1,1,0.9926806
1,1,0.9944522
0,1,0.9301501
0,0,0.0022971227
1,1,0.99255896
0,0,0.07163568
0,0,0.0021951296
1,1,0.9944258
1,1,0.99480337
1,1,0.99183685
0,1,0.60241026
1,1,0.9928388
1,1,0.9867697
0,0,0.0033424904
0,0,0.0016804857
1,1,0.99268407
1,1,0.99468
0,0,0.0044578654
1,1,0.99410206
0,1,0.8316247
1,1,0.995331
1,1,0.99475807
0,0,0.081862375
0,1,0.97961766
0,0,0.13106363
1,1,0.9519179
0,0,0.036776777
0,1,0.57835835
1,1,0.99020773
0,0,0.11601958
1,1,0.9879723
1,1,0.9946209
1,1,0.99488306
1,1,0.99185395
1,1,0.99372405
0,0,0.0027758805
1,1,0.993006
1,1,0.9826659
1,1,0.9932461
0,0,0.045989342
0,0,0.18379383
1,1,0.98854095
0,0,0.0032215167
1,1,0.9946043
0,1,0.9263581
0,1,0.9387355
0,0,0.10694256
1,1,0.9922815
1,1,0.9919274
1,1,0.98945135
1,1,0.9939797
1,1,0.99263257
1,1,0.99101675
0,1,0.98732126
0,0,0.04863084
1,1,0.9927533
0,1,0.9602486
1,1,0.9959312
0,0,0.02179569
1,1,0.9932957
0,1,0.9890722
0,0,0.06747666
1,1,0.99470156
1,1,0.9925194
1,1,0.99345905
0,0,0.0028003466
0,0,0.0073429067
0,0,0.009769695
0,0,0.010177379
0,0,0.006146653
1,1,0.99408543
0,0,0.0017020102
1,1,0.99231464
1,1,0.99432385
1,1,0.9943017
1,1,0.994885
1,1,0.9856871
0,0,0.014350783
1,1,0.996349
1,1,0.99485755
1,1,0.9925383
1,1,0.99353254
0,0,0.10395227
0,1,0.9791285
0,0,0.0053715464
0,0,0.029918661
1,1,0.9910533
0,0,0.3868877
1,1,0.9928639
0,0,0.011177492
0,0,0.014952458
0,0,0.058280803
1,1,0.9944944
0,0,0.16516647
0,0,0.14519869
1,1,0.9957457
0,0,0.21245949
1,1,0.9918948
1,1,0.9954294
0,0,0.0029165375
1,1,0.99517834
0,0,0.012714313
1,1,0.9956845
1,1,0.99126095
0,0,0.023294277
0,0,0.0016329413
1,1,0.995001
0,0,0.0016668362
1,1,0.99471164
1,1,0.99617213
0,0,0.015710255
0,1,0.98150957
1,1,0.9498701
1,1,0.9928457
1,0,0.110644035
1,1,0.98843926
1,1,0.9944306
0,0,0.011664983
0,1,0.98634154
0,0,0.015046437
1,1,0.9950289
0,0,0.12007016
0,0,0.009655933
1,1,0.9921944
1,1,0.99039286
0,0,0.009505743
0,0,0.0074531334
0,0,0.16576785
0,0,0.008219336
0,0,0.0625472
1,1,0.9911355
0,0,0.31765702
0,0,0.0109
1,1,0.99130476
1,1,0.9895856
1,1,0.9929987
0,0,0.13599621
0,0,0.122237
0,0,0.0015668075
0,0,0.0069639767
0,0,0.007355972
1,1,0.98281926
1,1,0.9942036
1,1,0.9956239
0,0,0.00635654
1,1,0.9959145
0,0,0.26416206
0,0,0.15079069
1,1,0.99582255
0,0,0.058013517
1,1,0.99104124
0,0,0.14832275
1,1,0.9929604
1,1,0.9882393
0,0,0.07689924
1,1,0.9903072
1,1,0.9946936
1,1,0.9897077
0,1,0.8450475
0,0,0.011216027
0,0,0.0027821166
0,1,0.87282085
0,0,0.0018674859
1,1,0.9963392
0,0,0.0039000188
1,1,0.9841069
1,1,0.99340194
0,0,0.042882208
1,1,0.99044514
1,1,0.9907788
1,1,0.9957235
1,1,0.9937425
1,1,0.9876881
1,1,0.9949226
1,1,0.9915513
1,1,0.9956713
1,1,0.9948578
0,0,0.018644366
0,0,0.008478823
0,0,0.015908124
0,0,0.0031395792
0,0,0.19781274
0,0,0.007982343
0,1,0.95305574
1,1,0.9908387
0,1,0.96775156
0,1,0.9731151
0,0,0.069243625
1,1,0.9951379
0,0,0.11700568
1,1,0.9950296
1,1,0.99200857
1,1,0.99305314
1,1,0.99462813
1,1,0.9894342
1,1,0.9894797
1,1,0.98641545
0,0,0.0018121671
1,1,0.9946021
0,0,0.014025337
1,1,0.99414563
0,0,0.022159839
1,1,0.9923258
0,0,0.0024316262
1,1,0.9947744
0,0,0.15299873
1,1,0.9926763
0,0,0.057145987
1,1,0.990119
1,1,0.995278
0,1,0.9901272
0,0,0.015140488
1,1,0.99352103
0,0,0.06787026
0,0,0.049191844
1,1,0.99029267
0,0,0.0033255268
1,1,0.9745744
0,0,0.0043868413
0,1,0.6263552
1,1,0.9956937
0,0,0.124046475
1,1,0.9909114
1,1,0.9931183
1,1,0.98793334
0,0,0.0711742
1,1,0.9904847
0,0,0.12486319
0,0,0.012889846
1,1,0.99047583
1,1,0.9948074
1,1,0.9903308
0,0,0.0049978346
1,1,0.99591833
0,0,0.0020207018
0,0,0.06773026
1,1,0.9844428
0,1,0.97518086
0,0,0.035573244
0,0,0.007489196
1,1,0.9877166
1,1,0.9942437
1,1,0.60789454
0,0,0.053265233
1,1,0.9952683
1,1,0.9963117
1,1,0.9946287
0,0,0.023774268
1,1,0.98870707
0,0,0.03378448
1,1,0.99539477
0,0,0.082965195
0,0,0.0036309273
0,0,0.015379126
1,1,0.9888621
0,1,0.97205365
1,1,0.9929953
1,1,0.99441284
1,1,0.9946477
1,1,0.99597186
1,1,0.990293
0,1,0.96558106
0,0,0.0014540678
0,0,0.12785499
0,0,0.0019565327
0,1,0.99082243
0,1,0.84535855
1,1,0.9923964
1,1,0.9931143
0,0,0.030959211
1,1,0.9918017
1,1,0.99233234
0,0,0.0927578
0,0,0.045380753
0,1,0.9863247
0,0,0.0026554074
0,1,0.9850722
0,0,0.066204965
1,1,0.98933053
0,0,0.008702216
0,0,0.012046072
0,0,0.16472268
1,1,0.9897299
1,1,0.9951444
1,1,0.9918412
1,1,0.99230653
1,1,0.9948738
0,0,0.0020286697
1,1,0.9939908
1,1,0.99513334
0,0,0.03364319
1,1,0.9636848
0,0,0.0013503708
0,0,0.029940853
0,1,0.9929677
1,1,0.994352
1,1,0.99513346
1,1,0.9950204
1,1,0.9935168
0,0,0.12020517
1,1,0.9922072
1,1,0.9735145
1,1,0.9916187
1,1,0.9949856
1,1,0.9950717
1,1,0.99435836
1,1,0.99305576
1,1,0.9924776
0,0,0.3200457
0,0,0.003832067
1,1,0.99460465
1,1,0.99537694
1,1,0.9933349
0,0,0.0018861173
0,0,0.04804963
1,1,0.9923389
1,1,0.99476105
1,1,0.9947855
1,1,0.99203146
0,0,0.008438529
1,1,0.9912445
1,1,0.99166673
1,1,0.99255204
1,1,0.98787004
1,1,0.9932234
0,1,0.96505415
1,1,0.9888631
1,1,0.9952442
0,0,0.05056023
0,0,0.05784778
1,1,0.9863624
0,1,0.5582155
0,0,0.046705443
1,1,0.9894358
0,0,0.0017710701
1,1,0.9933513
0,0,0.0036592341
0,0,0.48378238
0,0,0.025407687
1,1,0.99309945
0,0,0.01831053
0,0,0.13459592
1,1,0.99335396
0,0,0.0016042435
1,1,0.9917869
0,0,0.092126936
1,1,0.990571
0,0,0.0392503
0,0,0.004683396
1,1,0.98399353
1,1,0.992065
0,0,0.0032795176
0,0,0.026264638
0,1,0.8232775
0,0,0.015072657
1,1,0.98905736
0,0,0.02067175
0,0,0.08387851
1,1,0.99571383
0,0,0.0045677284
1,1,0.9937099
1,1,0.99276674
1,1,0.99285614
0,1,0.9556723
0,0,0.0735925
1,1,0.98985475
0,0,0.09957451
0,0,0.08633999
1,1,0.9860053
0,0,0.061982762
0,0,0.026779428
1,1,0.9940631
1,1,0.9944159
1,1,0.99601364
0,0,0.0025950344
1,1,0.99255943
1,1,0.9961725
1,1,0.99361414
0,0,0.03054197
1,1,0.99318236
0,0,0.026004624
1,1,0.9304733
0,0,0.019116383
0,0,0.009562484
1,1,0.9963288
0,0,0.0037511168
0,0,0.0024058816
0,0,0.070868134
1,1,0.9945562
0,0,0.03853304
0,0,0.089492045
0,0,0.20418675
1,1,0.9940866
1,1,0.9960444
1,1,0.99056226
0,0,0.009511517
1,1,0.99586475
1,1,0.99521637
0,1,0.9184643
1,1,0.994709
0,0,0.49753574
0,0,0.1266829
0,0,0.079318665
1,1,0.9937762
0,0,0.3803182
1,1,0.99570847
0,0,0.02213622
0,1,0.98583686
0,0,0.006103813
0,0,0.0014309877
0,1,0.5048916
0,0,0.0020835933
0,0,0.31458512
0,1,0.990862
0,1,0.9920149
0,0,0.001956877
0,0,0.01703174
0,0,0.007684894
0,0,0.0626958
1,1,0.99516004
0,0,0.032590512
0,0,0.027009202
1,1,0.9936919
1,1,0.98797274
0,0,0.19044138
0,0,0.1435764
0,0,0.043399964
1,1,0.9895363
1,1,0.99153405
0,0,0.009691606
0,0,0.01567346
0,0,0.0020681126
1,1,0.9953324
1,1,0.99047816
1,1,0.99511695
1,1,0.9941256
1,1,0.9903509
1,1,0.9952915
0,0,0.011314703
0,0,0.0023813774
0,0,0.055860475
0,0,0.0460673
1,1,0.9957979
0,1,0.719063
1,1,0.9953874
0,0,0.07782847
1,1,0.9940627
1,1,0.99120516
0,1,0.8865156
0,1,0.73081166
1,1,0.99485886
0,0,0.0027763327
0,0,0.002511417
0,0,0.006693948
1,1,0.9847265
1,1,0.993913
0,0,0.053736735
0,0,0.0082024755
0,0,0.08820561
1,1,0.99125004
1,1,0.9945075
0,1,0.9644152
0,0,0.0019188193
0,0,0.040447254
0,0,0.0088489605
1,1,0.9920609
1,1,0.9909374
1,1,0.9960328
1,1,0.98827064
1,1,0.9960757
1,1,0.9944179
0,0,0.025514647
0,1,0.92827463
0,1,0.9724238
0,0,0.08100292
0,0,0.14707801
0,0,0.0026161154
1,1,0.9860911
0,0,0.07692747
0,0,0.113597974
0,0,0.1699319
0,0,0.022624597
1,1,0.9942486
0,0,0.0016298743
0,0,0.06432901
0,0,0.114728354
0,0,0.012349895
1,1,0.990533
1,1,0.9922299
0,0,0.0040220083
1,1,0.9932989
0,0,0.021531722
0,0,0.0013119658
1,1,0.99599576
0,0,0.1609996
0,0,0.17475484
1,1,0.98224163
1,1,0.99598604
1,1,0.99372685
0,0,0.17866087
0,0,0.014829182
0,0,0.11431884
0,0,0.0031618269
0,0,0.03094931
0,0,0.093983516
0,0,0.0071779755
0,0,0.0018641897
1,1,0.9930519
0,0,0.0446758
1,1,0.99579984
0,0,0.014240849
0,0,0.14142914
0,0,0.022204189
0,0,0.059687793
0,0,0.005735304
1,1,0.99524754
1,1,0.9950565
1,1,0.9955432
1,1,0.995659
0,0,0.004755134
1,1,0.99597025
1,1,0.99128413
1,1,0.9925052
1,1,0.99401975
1,1,0.99014133
0,0,0.21298262
1,1,0.9942847
1,1,0.9944616
1,1,0.995513
0,0,0.011980263
0,0,0.005192232
0,0,0.092777885
1,1,0.9882158
0,0,0.0024916078
1,1,0.9945251
1,1,0.99548125
0,0,0.0075725303
1,1,0.9921083
0,0,0.039332718
0,0,0.023260463
1,1,0.9924585
1,1,0.9941711
1,1,0.9950165
1,1,0.9950891
0,0,0.15773922
0,0,0.036667515
0,0,0.03839918
1,1,0.9940929
0,0,0.01188208
0,0,0.007561834
1,1,0.9933275
0,0,0.038480993
0,1,0.89578897
0,0,0.025437439
1,1,0.9917932
0,1,0.6303316
0,0,0.0029927636
1,1,0.9951815
0,0,0.05127864
1,1,0.98923314
0,0,0.010170704
0,0,0.03174678
1,1,0.99312955
0,0,0.19782004
1,1,0.99597603
0,0,0.0027242946
1,1,0.9962974
1,1,0.9960031
1,1,0.9931537
1,1,0.99159324
0,0,0.016244493
1,1,0.99640036
0,0,0.0036666251
0,0,0.0013956426
0,0,0.05495991
0,0,0.13934419
1,1,0.99057114
0,0,0.07625455
0,0,0.0034446826
1,1,0.9836668
0,0,0.021790069
1,1,0.99596184
1,1,0.96334404
0,0,0.24624367
1,1,0.9925861
1,1,0.9904863
1,1,0.9791844
1,1,0.9924501
0,0,0.0047217924
1,1,0.9934908
1,1,0.9934936
0,0,0.01791503
0,0,0.06333491
0,0,0.0017090507
1,1,0.99594116
0,0,0.0031717238
0,0,0.035875466
0,0,0.013764345
1,1,0.99444854
0,0,0.03480139
1,1,0.9912247
0,0,0.018415736
0,0,0.4365348
0,0,0.002476425
0,0,0.1912396
1,1,0.94327164
0,0,0.05395101
1,1,0.9957735
0,1,0.9451412
0,0,0.049075793
1,1,0.99268734
0,1,0.78352547
1,1,0.98353785
0,1,0.96043587
1,1,0.98677325
0,1,0.55000925
0,0,0.0042714193
1,1,0.9929971
1,1,0.98775
0,0,0.004599161
1,1,0.7472631
0,0,0.074547976
0,1,0.83296376
1,1,0.99465805
1,1,0.9902919
0,0,0.003047593
1,1,0.995089
1,1,0.9909135
0,1,0.71485275
0,0,0.025669556
0,0,0.0016243885
0,0,0.0014982875
0,0,0.3253044
0,0,0.0024511549
0,0,0.29901516
1,1,0.99331677
1,1,0.9853329
0,0,0.010404986
1,1,0.99612695
1,1,0.9837584
0,0,0.004128428
0,0,0.03423853
0,0,0.3416777
1,1,0.98824817
1,1,0.99385357
0,0,0.0053610196
0,0,0.052378368
0,0,0.18013608
1,1,0.9950127
1,1,0.9936179
1,1,0.9943737
0,0,0.022608506
1,1,0.9937928
1,1,0.99405575
0,0,0.21889997
1,1,0.9923685
1,1,0.99338657
1,1,0.99254155
1,1,0.99272823
1,1,0.99321634
1,1,0.99515474
0,1,0.93142396
0,0,0.1121344
0,0,0.20387186
0,0,0.0018818213
0,0,0.03557503
0,0,0.00237006
1,1,0.99460727
0,0,0.009354687
0,0,0.04591945
0,0,0.011565833
1,1,0.98063695
0,0,0.03197013
0,0,0.24024403
1,1,0.99178106
1,1,0.990989
1,1,0.9812493
0,0,0.06838444
1,1,0.993672
0,0,0.029365867
1,1,0.9669784
1,1,0.9958632
0,0,0.0066415877
0,1,0.9919172
1,1,0.98874795
1,1,0.99377173
0,0,0.049838077
1,1,0.9912334
1,1,0.99468493
1,1,0.9960674
1,1,0.9967685
0,0,0.0847603
1,1,0.9961817
0,0,0.022888917
1,1,0.9942133
0,0,0.028244875
0,0,0.0077816145
1,1,0.991941
1,1,0.993612
1,1,0.99272025
1,1,0.9922351
1,1,0.9919453
1,1,0.9944194
0,0,0.057900153
0,1,0.98731846
0,0,0.09882783
1,1,0.9958246
1,1,0.99634886
1,1,0.9947241
0,0,0.17805992
0,0,0.23080379
1,1,0.99445724
0,0,0.020628463
1,1,0.99317074
0,1,0.9854565
0,0,0.0026783168
1,1,0.99183756
1,1,0.969118
1,1,0.99356365
1,1,0.99066836
1,1,0.9956884
1,1,0.9923018
0,0,0.11155763
1,1,0.9959235
1,1,0.9916931
1,1,0.9928196
0,0,0.002265861
1,1,0.9919993
0,0,0.0077611636
0,0,0.0047208425
1,1,0.99092835
0,0,0.046028834
0,0,0.0044925157
1,1,0.9901416
1,1,0.9925638
0,1,0.9553358
0,0,0.0065305904
0,0,0.43925342
0,1,0.70091206
1,1,0.99593216
1,1,0.9934283
1,1,0.99257725
1,1,0.9919274
0,1,0.86257434
0,0,0.275001
1,1,0.99470216
1,1,0.994412
1,1,0.98544145
0,0,0.1398717
1,1,0.99475914
0,0,0.08671538
1,1,0.99310416
0,0,0.0053878557
0,0,0.0027842727
0,0,0.09110634
0,1,0.79550636
1,1,0.9956109
1,1,0.9884179
1,1,0.98421824
0,0,0.0041487175
1,1,0.9966059
0,0,0.04966873
1,1,0.99426454
1,1,0.99544936
0,1,0.62795806
1,1,0.99460465
0,0,0.10614877
0,1,0.977441
1,1,0.9962961
1,1,0.99421304
0,1,0.97388
1,1,0.9952809
0,0,0.047202792
1,1,0.99297583
1,1,0.98476624
1,1,0.9953576
0,0,0.0401427
1,1,0.99348396
0,0,0.09903955
1,1,0.9948608
1,1,0.9944741
1,1,0.99629945
0,0,0.21694107
0,0,0.086164534
0,1,0.9157868
0,1,0.9853816
0,0,0.0031247921
0,1,0.9847157
1,1,0.9950907
1,1,0.9921481
1,1,0.9920224
0,0,0.09849826
1,1,0.98953325
0,0,0.010372209
0,0,0.013181325
1,1,0.98983836
1,1,0.98519146
0,0,0.037440155
0,0,0.01194865
1,1,0.9939791
0,0,0.009512979
0,0,0.055113774
0,0,0.06694198
1,1,0.99410534
0,0,0.00742458
1,1,0.98190224
1,1,0.98999584
0,0,0.4392015
1,1,0.99538934
1,1,0.9909854
0,1,0.90948445
1,1,0.9904236
1,1,0.9910616
0,0,0.018540047
1,1,0.9953192
1,1,0.9959202
1,1,0.9950977
0,0,0.013896988
1,1,0.9919356
0,0,0.17442572
0,0,0.003583807
0,1,0.9934947
1,1,0.9953204
0,0,0.0016328542
0,0,0.030605482
1,1,0.99411964
1,1,0.9922889
0,0,0.29983452
1,1,0.98585814
1,1,0.9833679
0,0,0.01471145
0,0,0.006186816
0,0,0.07506791
0,1,0.9420122
0,0,0.30223033
1,1,0.9950837
0,1,0.9274664
1,1,0.9837413
1,1,0.99269086
0,0,0.019559411
0,0,0.032881126
1,1,0.9891005
0,1,0.97118
0,0,0.008415485
0,0,0.03797751
0,0,0.06497279
1,1,0.99379164
1,1,0.9916734
1,1,0.9941742
1,1,0.99544686
1,1,0.99569714
1,1,0.9940368
1,1,0.99373573
1,1,0.9933119
0,0,0.036400374
1,1,0.9917868
1,1,0.969848
1,1,0.99287707
1,1,0.9927608
1,1,0.9941453
1,1,0.9902604
0,1,0.69055855
1,1,0.99459076
1,1,0.9954064
0,0,0.003931359
1,1,0.9918458
0,0,0.010939175
0,0,0.11800468
0,0,0.027990714
0,0,0.07033237
1,1,0.99406946
0,1,0.78720134
0,1,0.97544503
1,1,0.99473625
1,1,0.99519354
0,0,0.0040595923
0,0,0.0013800708
1,1,0.9952285
0,1,0.9906536
0,0,0.19764039
1,1,0.98972815
0,0,0.0029654924
0,1,0.94303983
1,1,0.99657506
0,0,0.0026107184
0,0,0.0018192028
1,1,0.9947848
1,1,0.9944741
1,1,0.98951226
1,1,0.9940228
1,1,0.98899776
0,0,0.18505614
0,0,0.048099644
0,0,0.107451886
1,1,0.9943066
1,1,0.9894036
0,0,0.01097303
1,1,0.9952429
1,1,0.9949373
0,1,0.6685973
0,1,0.84424317
1,1,0.9867812
0,0,0.0047266143
1,1,0.99288803
0,0,0.10252468
1,1,0.98874193
0,0,0.053998917
0,0,0.028819999
1,1,0.9901202
0,0,0.13989589
0,0,0.0062266956
1,1,0.9954692
0,0,0.0021691995
1,1,0.9919269
0,0,0.04143861
0,1,0.6164292
1,1,0.9956049
0,0,0.055215903
1,1,0.996108
1,1,0.9911225
1,1,0.99542844
0,0,0.12410197
1,1,0.99218106
1,1,0.9940948
1,1,0.9941229
0,0,0.053771
0,0,0.06297382
1,1,0.9960024
1,1,0.99512947
0,0,0.15875433
1,1,0.9936879
1,1,0.99215573
0,1,0.6982601
0,1,0.9834193
1,1,0.9949508
0,0,0.0032728456
1,1,0.99168855
0,0,0.004221902
0,0,0.06434654
0,1,0.60903394
0,1,0.86638284
1,1,0.9860576
1,1,0.9936639
0,0,0.0022066673
1,1,0.9745842
0,0,0.11535026
0,0,0.0017146702
0,0,0.026464991
0,0,0.06502553
0,0,0.0015924461
1,1,0.9949904
1,1,0.99491584
0,0,0.040494572
0,0,0.07985174
1,1,0.9943811
0,0,0.093214355
0,0,0.031175002
1,1,0.994728
1,1,0.99631363
1,1,0.9869473
1,1,0.99208224
1,1,0.9947901
0,1,0.98142093
1,1,0.9861799
0,0,0.073106416
0,0,0.02304488
1,1,0.9930189
1,1,0.99368554
0,0,0.004445595
1,1,0.9934135
1,1,0.9937285
1,1,0.9821859
0,0,0.016537061
0,0,0.0017604035
1,1,0.99510205
0,0,0.37120795
1,1,0.531485
0,0,0.103172995
0,1,0.97438043
1,1,0.9895762
0,0,0.016223561
0,0,0.00965618
0,0,0.03799455
1,1,0.993676
1,1,0.99459463
1,1,0.9954977
1,1,0.9948494
0,0,0.0029086678
1,1,0.9922726
1,1,0.99161434
1,1,0.9909984
1,1,0.9925127
1,1,0.9938857
1,1,0.977557
1,1,0.9959032
1,1,0.99295133
0,1,0.7775834
0,0,0.21675535
0,0,0.06367257
0,0,0.008611627
0,0,0.31581423
0,0,0.012011843
1,1,0.9925902
0,0,0.0031492622
0,0,0.021749264
0,0,0.002416574
1,1,0.9955487
1,1,0.99162865
1,1,0.9943591
1,1,0.99346584
1,1,0.99415046
1,1,0.99475104
0,0,0.044314682
0,0,0.1736198
0,0,0.18779741
1,1,0.99433905
0,0,0.033640712
0,0,0.00858577
1,1,0.99310017
1,1,0.9928814
0,1,0.99200296
0,0,0.42012462
0,0,0.0028470503
1,1,0.9928443
0,0,0.0016176032
0,0,0.004378803
1,1,0.9916425
1,1,0.9933431
1,1,0.9897407
0,0,0.023343712
0,0,0.0014830686
0,0,0.12943953
1,1,0.99296725
0,0,0.0017667927
1,1,0.9934843
0,0,0.030959334
1,1,0.9961473
0,0,0.0048796185
1,1,0.99497
0,0,0.08813418
0,0,0.014550293
1,1,0.9931752
0,0,0.006578344
0,0,0.0030024182
1,1,0.99264824
1,1,0.9958539
1,1,0.9916535
0,0,0.21901348
1,1,0.9928599
0,0,0.34019628
0,1,0.5021793
0,0,0.0020838948
0,0,0.004324664
1,1,0.9922712
0,0,0.035865366
0,0,0.07068802
0,1,0.98859555
1,1,0.99223197
0,1,0.642854
1,1,0.9902996
0,0,0.035391483
1,1,0.9799254
0,1,0.9907925
0,0,0.039116785
1,1,0.98178333
1,1,0.9941502
0,0,0.07060248
0,0,0.085759394
0,0,0.025616713
0,0,0.008896424
1,1,0.9926466
1,1,0.9636664
0,1,0.9862454
1,1,0.99191123
0,0,0.035986967
0,0,0.07557542
0,0,0.0014537374
0,0,0.031332534
0,0,0.07608499
0,1,0.97708976
0,0,0.0031702677
0,0,0.00301074
0,0,0.05141477
1,1,0.9900506
0,0,0.08005118
1,1,0.99075997
0,1,0.9513864
1,1,0.9959292
0,0,0.005637435
0,0,0.011129437
0,1,0.98723805
1,1,0.99452835
1,1,0.99351305
1,1,0.9953565
1,1,0.9950448
0,0,0.09053019
0,0,0.10362696
1,1,0.9899422
1,1,0.99546933
0,0,0.2102352
0,1,0.78646374
1,1,0.9921863
1,1,0.9948708
0,0,0.013036733
0,0,0.024690248
0,0,0.06156007
0,0,0.006930406
1,1,0.9887066
1,1,0.99170893
1,1,0.993911
1,1,0.9937045
1,1,0.99578696
0,0,0.21111412
1,1,0.9893873
0,0,0.033893496
0,0,0.0017491773
0,1,0.9926651
1,1,0.9937219
1,1,0.99572396
1,1,0.99182254
1,1,0.99214256
0,0,0.0018086884
1,1,0.9947232
0,0,0.003441247
1,1,0.9960854
0,0,0.0061054444
1,1,0.99559635
1,1,0.98573303
0,0,0.0024256767
0,0,0.0017724481
1,1,0.9946578
0,0,0.17179698
1,1,0.9804868
0,1,0.97837675
1,1,0.9951544
0,0,0.0025593622
1,1,0.99504554
0,0,0.44300494
1,1,0.9920482
0,0,0.018283382
0,1,0.97432095
0,0,0.008151089
1,1,0.988531
0,0,0.0014416903
1,1,0.9935456
0,1,0.87589264
0,0,0.13768199
0,1,0.99282455
0,0,0.0211808
1,1,0.9948946
1,1,0.99397117
0,0,0.094791755
1,1,0.9954079
0,0,0.2067217
0,0,0.0064020827
1,1,0.98970324
0,0,0.05527959
1,1,0.98577964
0,0,0.005668766
1,1,0.993255
0,1,0.7131745
1,1,0.98743117
1,1,0.99355376
1,1,0.9963296
0,0,0.17236263
0,0,0.01707621
0,0,0.06421201
1,1,0.9921703
1,1,0.9918888
0,0,0.046199083
0,0,0.13949606
0,1,0.98555434
1,1,0.9946104
0,0,0.012657803
0,0,0.015559788
1,1,0.9907169
0,0,0.03612096
1,1,0.9959416
0,0,0.08091277
1,1,0.9947712
0,0,0.018131612
1,1,0.99224794
0,0,0.081905104
0,0,0.010122568
0,1,0.9779023
0,0,0.097976156
0,0,0.19786875
0,0,0.09172215
1,1,0.99032086
0,0,0.08476962
0,0,0.002103325
1,1,0.99061525
1,1,0.98914367
1,1,0.98967946
0,0,0.008949672
1,1,0.995542
0,0,0.0017789402
0,0,0.022896618
1,1,0.98123586
1,1,0.9945748
1,1,0.99575835
0,0,0.06583775
1,1,0.99330795
1,1,0.99469876
1,1,0.9952276
0,0,0.032260213
1,1,0.9948388
0,0,0.021367013
0,0,0.1475928
1,1,0.9882051
1,1,0.9955512
0,0,0.20114133
0,0,0.043086987
0,0,0.07931256
0,0,0.015995933
0,0,0.03101614
1,1,0.99380267
1,1,0.9961159
1,1,0.9936574
1,1,0.99576974
1,1,0.9937552
1,1,0.9949698
0,0,0.010092402
0,0,0.005149107
0,0,0.0018975431
0,0,0.023922253
1,1,0.9954496
1,1,0.99173236
0,0,0.26945812
1,1,0.9915583
0,0,0.036797207
1,1,0.9963147
1,1,0.9499778
0,1,0.7371785
0,0,0.0021031168
0,1,0.9751417
1,1,0.99558085
1,1,0.9922848
1,1,0.9841181
0,0,0.049148645
0,0,0.008573416
1,1,0.98298645
1,1,0.9945052
0,0,0.05201538
1,1,0.9909733
0,0,0.0052950047
1,1,0.99355835
1,1,0.99281174
0,0,0.027989443
1,1,0.99581856
0,0,0.0273667
0,1,0.7697508
1,1,0.99396014
1,1,0.99561065
1,1,0.99450433
1,1,0.98425066
0,0,0.0018873241
0,0,0.0038737017
0,0,0.0017203703
1,1,0.99510324
0,0,0.009900102
0,0,0.003805794
1,1,0.9876751
0,0,0.0024800273
1,1,0.9859686
0,0,0.014177697
0,0,0.18150423
1,1,0.9920218
1,1,0.9895865
0,0,0.01390372
0,0,0.0065965177
0,0,0.10032769
1,1,0.9955462
1,1,0.9930413
1,1,0.99614894
0,0,0.00556038
0,0,0.024785168
0,0,0.1003537
0,0,0.08914224
1,1,0.9931457
0,0,0.16426381
0,0,0.0014574913
1,1,0.99207765
1,1,0.9906803
0,0,0.26218006
0,0,0.053923916
0,0,0.030913759
1,1,0.9940912
0,0,0.27120548
1,1,0.9895886
1,1,0.9817653
0,0,0.018626621
1,1,0.9917291
1,1,0.98641056
1,1,0.99380046
1,1,0.989926
1,1,0.99566936
1,1,0.9942713
0,0,0.06268555
1,1,0.9942827
0,0,0.013870599
0,0,0.0066227037
0,0,0.023648437
1,1,0.99643964
1,1,0.9911027
1,1,0.99576724
1,1,0.99478877
0,0,0.059922483
0,0,0.10721536
1,1,0.9933083
0,0,0.016374815
1,1,0.99069464
1,1,0.9941928
1,1,0.992953
0,0,0.0029522383
1,1,0.99619114
1,1,0.99438196
1,1,0.9956787
1,1,0.9917985
1,1,0.98069143
1,1,0.9915257
1,1,0.99225616
1,1,0.9945127
0,0,0.014794553
0,0,0.030432105
0,0,0.0028918777
0,0,0.0027955954
0,0,0.0953983
0,0,0.01735703
1,1,0.99538666
1,1,0.9920853
0,0,0.006174757
0,0,0.091252364
0,1,0.9064568
1,1,0.9923035
1,1,0.9958222
1,1,0.9939061
1,1,0.9922035
0,0,0.0031768237
1,1,0.99829584
1,1,0.98779047
1,1,0.99564207
0,0,0.015110882
1,1,0.9923488
0,0,0.06224846
0,0,0.29109344
0,1,0.9853343
0,0,0.022063674
0,0,0.008782503
0,0,0.017350394
1,1,0.9942327
1,1,0.9902834
0,0,0.009635585
0,0,0.17367731
0,0,0.0119661605
0,0,0.009277766
0,0,0.18392813
1,1,0.99056494
0,0,0.0075703347
1,1,0.99370897
1,1,0.99534154
1,1,0.9947577
0,1,0.76550937
1,1,0.9926757
1,1,0.9957093
0,0,0.0074701766
0,0,0.029388633
0,0,0.39007214
0,0,0.48267636
1,1,0.99120986
1,1,0.99415827
0,1,0.9924867
1,1,0.9925411
0,1,0.85597545
0,0,0.021486778
0,0,0.006223911
0,0,0.002063361
1,1,0.98053014
0,0,0.023668097
1,1,0.99511117
1,1,0.99582833
1,1,0.98814803
0,1,0.5747257
0,1,0.9919099
1,1,0.9935288
0,0,0.0074126497
1,1,0.9942756
1,1,0.99472934
0,1,0.98751885
1,1,0.98826295
0,0,0.0016899528
0,0,0.07191744
0,0,0.14519876
0,0,0.103351295
1,1,0.9941512
1,1,0.9909314
1,1,0.99196976
1,1,0.9930314
1,1,0.9950407
0,0,0.02473131
1,1,0.99512213
0,1,0.5237076
1,1,0.9963483
0,0,0.0033214712
0,0,0.010084125
0,0,0.054629203
1,1,0.9935529
1,1,0.9897175
0,0,0.39176634
0,0,0.028954742
0,0,0.16295174
0,0,0.13916287
0,0,0.10395778
0,0,0.10369813
1,1,0.99576664
0,0,0.001722268
0,0,0.0031270906
1,1,0.9938896
0,0,0.20155366
1,1,0.9958973
1,1,0.9952572
0,0,0.08376061
0,0,0.04972726
1,1,0.99224937
0,0,0.07629399
1,1,0.9928214
1,1,0.993745
0,1,0.9345159
1,1,0.9876223
1,1,0.9965509
0,0,0.003782366
0,1,0.9432028
1,1,0.99486357
1,1,0.9913105
0,0,0.024048079
1,1,0.99425066
1,1,0.98757523
0,0,0.041763928
0,0,0.09654623
0,0,0.0019067543
0,0,0.1333275
1,1,0.99445254
0,0,0.0022488441
0,0,0.027005255
1,1,0.99316627
1,1,0.99319685
0,0,0.0037295495
0,1,0.8966382
1,1,0.9945597
0,0,0.11202141
0,1,0.98667115
0,0,0.062734455
0,0,0.14510271
0,1,0.9892644
1,1,0.99288756
0,0,0.0049029277
0,0,0.024630157
0,0,0.0031867279
0,1,0.9182029
0,0,0.14603831
0,0,0.003781051
1,1,0.991076
0,0,0.28103107
1,1,0.9946726
1,1,0.9877878
1,1,0.9931861
0,0,0.050199308
1,1,0.947694
1,1,0.9915063
1,1,0.9905806
0,0,0.0014471019
1,1,0.9917551
0,0,0.008415794
1,1,0.99464154
1,1,0.99235255
1,1,0.848671
1,1,0.9899228
0,0,0.19102335
1,1,0.9930038
0,0,0.15032992
1,1,0.99361926
1,1,0.99566793
1,1,0.9934483
0,0,0.04257651
0,0,0.33927366
1,1,0.99533
0,0,0.008173199
0,0,0.006254469
0,0,0.06270631
0,0,0.47327185
1,1,0.9933963
1,1,0.9899518
1,1,0.9953766
1,1,0.99137306
1,1,0.9925984
0,0,0.030951852
1,1,0.99504447
0,0,0.0279191
1,1,0.9902928
1,1,0.9943903
0,0,0.040188197
0,1,0.5559834
1,1,0.98990726
0,0,0.010886855
1,1,0.9906329
0,0,0.0019492557
1,1,0.9928236
1,1,0.996626
1,1,0.99579006
1,1,0.9940984
0,0,0.012628826
1,1,0.9952939
0,0,0.02601963
1,1,0.9935813
1,1,0.99580246
0,0,0.0014362952
1,1,0.99316424
0,0,0.005249491
1,1,0.99389243
0,0,0.0068876636
0,0,0.007355972
0,0,0.06685301
0,0,0.0029134802
1,1,0.9930816
0,0,0.3640508
0,0,0.005140716
1,1,0.9899442
1,1,0.9950335
1,1,0.99365944
0,0,0.059847966
0,0,0.0024133725
0,0,0.053331975
1,1,0.9877067
0,0,0.01905482
0,1,0.97468764
0,0,0.12621681
1,1,0.991846
0,0,0.015348592
1,1,0.9961408
1,1,0.99384993
1,1,0.9839931
0,0,0.014203833
0,0,0.0023314708
0,0,0.008718564
0,0,0.062452737
0,0,0.12696178
0,0,0.16787817
0,0,0.0029358086
1,1,0.99349195
0,0,0.009393756
0,0,0.092153564
1,1,0.98917866
1,1,0.9942596
1,1,0.9962184
0,0,0.124221936
1,1,0.99522674
1,1,0.99307597
1,1,0.99398744
1,1,0.9955674
0,0,0.010252956
0,0,0.0029578044
1,1,0.995312
1,1,0.9956161
1,1,0.97992253
0,0,0.007438096
1,1,0.9952468
1,1,0.9941029
0,0,0.20066313
0,0,0.16560674
1,1,0.9943963
0,0,0.036378004
1,1,0.99349314
1,1,0.99468493
0,0,0.001996328
0,0,0.0014486904
0,0,0.0035466768
1,1,0.99303293
1,1,0.9955448
1,1,0.9933368
1,1,0.994928
0,0,0.12737985
1,1,0.99539775
0,0,0.053086184
0,0,0.0015018387
1,1,0.9876774
0,0,0.018057557
1,1,0.9886485
0,0,0.09629844
1,1,0.99112517
0,0,0.042651758
1,1,0.99616635
0,0,0.012219352
0,0,0.020204732
0,0,0.0032194103
0,0,0.027706973
1,1,0.9949496
1,1,0.9957152
0,0,0.05665383
0,0,0.006363585
0,0,0.009466548
0,0,0.0020630155
1,1,0.9949309
0,0,0.107716285
1,1,0.98920536
0,1,0.75469786
1,1,0.99336314
0,0,0.12929271
1,1,0.9854533
1,1,0.9826889
1,1,0.9927753
1,1,0.99139905
0,0,0.23373075
0,0,0.026866931
0,1,0.9514424
0,0,0.012105506
1,1,0.9965513
0,0,0.09961181
0,0,0.0062768464
0,0,0.088556826
0,0,0.0021953082
0,0,0.03153456
0,0,0.3395616
1,1,0.9672601
0,0,0.07825635
0,1,0.98762
1,1,0.99138147
0,0,0.028891422
0,0,0.40379497
1,1,0.99613535
1,1,0.96175724
1,1,0.9935487
1,1,0.9946445
1,1,0.9934296
1,1,0.9956203
0,0,0.005739681
0,0,0.076897874
0,0,0.012797662
1,1,0.99536264
0,0,0.02124075
0,0,0.0019478562
0,0,0.15079194
1,1,0.9948619
0,0,0.008380446
1,1,0.9960316
0,0,0.026449526
0,0,0.062955074
1,1,0.9950606
1,1,0.988155
1,1,0.9910188
0,0,0.0027420486
0,1,0.983651
1,1,0.99226975
1,1,0.99244624
1,1,0.9881562
1,1,0.994989
1,1,0.98509556
1,1,0.97373235
1,1,0.9876002
1,1,0.9913713
1,1,0.99293655
1,1,0.99247617
0,0,0.05808856
1,1,0.9894164
1,1,0.99153733
1,1,0.9924264
1,1,0.99367803
0,0,0.015093767
1,1,0.99316686
0,0,0.1361232
0,0,0.0023360006
1,1,0.98881245
0,0,0.019711925
1,1,0.99600875
1,1,0.9917058
0,0,0.0022444353
1,1,0.99532676
1,1,0.83836627
1,1,0.99479276
1,1,0.9954216
1,1,0.9876859
1,1,0.9916477
0,0,0.003095917
1,1,0.99188566
1,1,0.99456054
0,0,0.005166848
1,1,0.9883526
0,0,0.0057709147
0,0,0.030856578
0,0,0.49020785
1,1,0.99410015
0,0,0.14218885
1,1,0.9914164
1,1,0.99492306
1,1,0.9950808
0,0,0.11272754
1,1,0.99463344
0,0,0.001819478
0,0,0.027093902
0,0,0.018218242
0,0,0.103075236
0,1,0.5193063
1,1,0.99091786
1,0,0.2734629
1,1,0.9160489
0,1,0.9912186
0,0,0.0041089514
0,1,0.97994286
0,0,0.005006219
1,1,0.99526054
1,1,0.9922525
1,1,0.99610436
1,1,0.99520135
0,0,0.0061538373
1,1,0.9955943
0,0,0.002949968
0,0,0.1698305
1,1,0.99619824
0,1,0.98787665
1,1,0.98952734
0,1,0.8855808
0,0,0.27077657
0,0,0.20180272
1,1,0.99184704
1,1,0.9910252
1,1,0.9938642
1,1,0.99535537
0,0,0.0071972357
1,1,0.99649847
1,1,0.99595034
0,0,0.013006807
0,1,0.98659617
0,0,0.0047440673
1,1,0.9756506
0,0,0.018463656
0,0,0.0928157
0,0,0.04627604
0,0,0.21500912
1,1,0.99314743
1,1,0.9958494
1,1,0.9942563
0,0,0.24649544
0,0,0.10756732
1,1,0.99430436
1,1,0.995276
1,1,0.99484503
0,0,0.2047834
1,1,0.9910198
1,1,0.99572694
0,0,0.2775133
0,0,0.0063851015
1,1,0.99266
1,1,0.99258137
0,0,0.0025128173
0,1,0.9865044
0,0,0.011658949
1,1,0.996534
1,1,0.99307644
0,0,0.0138595225
1,1,0.99484825
1,1,0.99566734
1,1,0.9950971
1,1,0.9936186
0,0,0.14575619
1,1,0.99392563
1,1,0.9798053
1,1,0.9936119
0,1,0.9800757
0,0,0.15661839
0,1,0.9946556
0,0,0.0065823654
0,1,0.91069853
1,1,0.99611026
1,1,0.99040914
1,1,0.9875289
1,1,0.98894715
0,0,0.001883064
0,0,0.034448195
1,1,0.9932203
0,0,0.0019341718
0,0,0.20945773
1,1,0.9942246
0,0,0.0034278668
1,1,0.9962598
0,0,0.32850724
1,1,0.99329317
1,1,0.9946607
1,1,0.99590284
1,1,0.99613744
0,1,0.91979474
0,0,0.0039812503
1,1,0.991441
0,0,0.0064724833
1,1,0.9957883
0,0,0.02860835
1,1,0.99580586
0,1,0.84972805
0,0,0.018836003
0,0,0.39601362
1,1,0.9956921
0,0,0.018391216
0,0,0.028715296
1,1,0.9952917
0,0,0.06718749
0,0,0.010771937
1,1,0.9959527
1,1,0.9952028
1,1,0.99193114
1,1,0.9926282
1,1,0.993569
1,1,0.98528415
1,1,0.99524635
1,1,0.9889976
0,0,0.019310145
1,1,0.9906247
1,1,0.993912
1,1,0.99610436
0,0,0.067184255
0,0,0.035702698
1,1,0.99533254
1,1,0.99631786
0,1,0.9437238
0,0,0.090531275
1,1,0.9941578
0,0,0.087401174
0,1,0.76941615
1,1,0.99533373
0,1,0.53523797
1,1,0.9945834
1,1,0.9959079
1,1,0.9962179
0,0,0.016194277
0,0,0.016987808
0,0,0.05914964
0,0,0.27589715
0,0,0.03065367
1,1,0.99539834
0,0,0.0027163695
0,0,0.067829184
1,1,0.9922586
1,1,0.99472576
0,0,0.0022296729
0,0,0.045840446
1,1,0.99447024
0,0,0.005398137
0,0,0.37496978
0,0,0.01895895
0,0,0.005023626
1,1,0.9927786
0,0,0.006295573
0,0,0.19232288
1,1,0.9946268
0,0,0.0056864894
1,1,0.9934342
1,1,0.9745353
0,0,0.08474073
1,1,0.99460584
0,0,0.014788868
0,0,0.11545838
1,1,0.98414904
0,0,0.42945254
0,0,0.04473608
0,0,0.27346563
0,0,0.036208358
0,0,0.005230621
1,1,0.9955721
0,1,0.97631365
1,1,0.99241805
1,1,0.99323326
0,0,0.0041392073
1,1,0.99559987
1,1,0.9924786
0,0,0.018528914
1,1,0.9949883
0,0,0.048041843
0,0,0.0048149
0,0,0.002938993
0,1,0.99029493
0,0,0.010632354
0,0,0.060404453
1,1,0.9941425
0,0,0.041491278
0,0,0.01706088
1,1,0.9923018
1,1,0.9940362
0,0,0.027223974
1,1,0.994934
1,1,0.99468094
0,0,0.37196016
0,0,0.0016861543
1,1,0.9911794
0,0,0.09558317
1,1,0.9956228
0,0,0.0020613256
1,1,0.9959674
1,1,0.99304223
0,1,0.98706067
1,1,0.99155116
0,0,0.07406721
1,1,0.9953448
1,1,0.99563533
0,0,0.014852922
1,1,0.9956541
0,0,0.0670687
1,1,0.99032885
0,0,0.12864569
0,0,0.18254986
1,1,0.99210733
1,1,0.99546945
1,1,0.9943914
0,0,0.017751174
1,1,0.9929779
0,0,0.018124398
0,0,0.093413256
1,1,0.96828115
1,1,0.9901917
0,0,0.0059419004
0,0,0.014641316
0,1,0.79325694
1,1,0.9894956
1,1,0.9923741
0,0,0.22591533
0,0,0.0034652376
1,1,0.9883968
0,0,0.06891521
1,1,0.98870325
1,1,0.9753211
0,0,0.027076336
0,0,0.0022523692
0,0,0.0017840958
0,0,0.05472652
0,0,0.0013983846
1,1,0.9885718
1,1,0.9942272
0,0,0.024671527
0,0,0.008673209
1,1,0.99398947
1,1,0.99131197
1,1,0.99620795
1,1,0.9950871
1,1,0.99023473
0,0,0.09017594
1,1,0.9944101
0,0,0.0027825548
1,1,0.9951308
1,1,0.6675818
0,0,0.020762216
1,1,0.9923515
1,1,0.996151
0,0,0.0030561034
1,1,0.99445504
0,1,0.965735
1,1,0.99359554
0,0,0.19705415
1,1,0.99256516
0,0,0.0045211487
1,1,0.98450965
0,1,0.91891694
0,0,0.0024363168
1,1,0.99215287
0,0,0.0054920004
1,1,0.99481046
1,1,0.99661714
1,1,0.99393266
0,0,0.019989746
1,1,0.99522
1,1,0.9951513
1,1,0.99127674
1,1,0.9948342
1,1,0.9953689
0,0,0.09692922
1,1,0.99553585
1,1,0.9689789
0,0,0.01896791
0,0,0.009043847
0,0,0.015124285
0,0,0.0045629786
0,0,0.024272004
0,1,0.9514778
1,1,0.99564123
0,1,0.5554983
1,1,0.99179137
1,1,0.9946331
1,1,0.9921577
1,1,0.99552166
0,0,0.0034461268
0,1,0.9929317
1,1,0.99318177
1,1,0.99629456
0,0,0.021867067
0,0,0.008866561
0,0,0.29038343
0,0,0.012000046
1,1,0.9929409
0,0,0.0088237785
1,1,0.99274313
1,1,0.99352986
0,0,0.015358266
0,0,0.009094259
1,1,0.99429387
1,1,0.99148154
1,1,0.9954791
1,1,0.9935794
1,1,0.992288
1,1,0.9895214
1,1,0.9958792
1,1,0.9910746
0,1,0.66681963
1,1,0.9950062
1,1,0.995764
1,1,0.9895779
1,1,0.98983884
1,1,0.99343634
0,0,0.17945614
0,0,0.032922126
0,0,0.015038582
0,0,0.0090392325
0,1,0.83553714
0,0,0.111677304
0,0,0.27834207
0,0,0.013578529
0,0,0.022086892
0,0,0.002936864
0,0,0.0046618315
0,1,0.82680875
1,1,0.9956157
0,1,0.95731807
0,0,0.051858187
0,0,0.0956534
0,0,0.15372406
1,1,0.99286735
1,1,0.99600947
0,0,0.028287888
0,0,0.13458957
1,1,0.9898673
1,1,0.9950176
0,0,0.025376784
0,0,0.291054
1,1,0.9934029
1,1,0.99309546
1,1,0.99320674
1,1,0.99161786
0,0,0.0020176251
1,1,0.99608827
0,0,0.005077281
1,1,0.9949974
0,1,0.9847802
1,1,0.9902182
0,0,0.076145425
1,1,0.9961901
0,1,0.553226
1,1,0.9951401
0,0,0.046068907
1,1,0.99510324
0,0,0.041338094
1,1,0.9937063
0,0,0.032529823
1,1,0.99494296
1,1,0.99082524
0,0,0.09276697
1,1,0.9954723
1,1,0.99394166
0,0,0.19512528
1,1,0.9917269
0,0,0.25532198
1,1,0.9904475
1,1,0.99378335
0,0,0.095538504
1,1,0.9947523
1,1,0.9951316
1,1,0.98991895
0,0,0.04933022
0,0,0.033504006
1,1,0.9953074
0,0,0.03430644
1,1,0.99596775
0,0,0.1885404
1,1,0.9435385
0,0,0.03772177
0,1,0.9915959
0,0,0.037926935
0,0,0.052564964
0,1,0.9401595
0,0,0.30664486
1,1,0.99329185
0,0,0.10401329
0,0,0.02399068
1,1,0.9936195
1,1,0.9964347
1,1,0.99544805
0,0,0.051690184
0,0,0.015867997
1,1,0.9920934
0,1,0.9852492
0,0,0.050182924
0,0,0.13531066
1,1,0.9943146
0,0,0.0022060794
1,1,0.9916328
0,0,0.09417235
0,0,0.015445161
1,1,0.95225567
1,1,0.9945221
0,1,0.7390542
0,1,0.97205365
0,1,0.7772492
1,1,0.9939733
1,1,0.9938275
0,0,0.015811823
0,0,0.06223852
1,1,0.9944916
1,1,0.9960133
0,1,0.902467
1,1,0.9917161
1,1,0.98528856
1,1,0.9951887
0,0,0.025309913
1,1,0.992424
1,1,0.99297637
0,0,0.47095096
0,0,0.4803232
0,0,0.05733888
0,0,0.1597218
1,1,0.99469453
0,0,0.039774805
1,1,0.9840608
0,1,0.95612633
0,0,0.0023096018
1,1,0.99099463
1,1,0.9890836
0,0,0.044741146
1,1,0.99193865
1,1,0.99093103
0,0,0.010664216
0,0,0.025199467
1,1,0.99231744
1,1,0.9834115
1,1,0.98857844
1,1,0.9910801
0,0,0.17336103
0,0,0.0025381143
1,1,0.9957403
0,1,0.9034264
0,0,0.02968608
1,1,0.9930201
1,1,0.99605185
0,0,0.10211644
0,0,0.0014356968
0,0,0.011089278
0,0,0.10464791
0,0,0.0015102843
0,0,0.004721084
1,1,0.99342644
1,1,0.9948512
1,1,0.99153626
1,1,0.9876249
1,1,0.9947249
0,0,0.08481136
0,0,0.016076062
1,1,0.994093
0,0,0.0294663
1,1,0.9935136
0,0,0.059607957
0,0,0.022599101
0,0,0.03148004
0,0,0.062307324
0,0,0.04277945
1,1,0.9876172
1,1,0.9949239
0,0,0.005853098
1,1,0.99078405
0,1,0.70767856
0,0,0.23027277
1,1,0.9949779
1,1,0.9943252
0,0,0.10137778
0,0,0.010715133
1,1,0.9731452
0,0,0.019426541
1,1,0.99191564
1,1,0.964164
1,1,0.99018747
1,1,0.9907419
1,1,0.99264413
1,1,0.97286946
1,1,0.9947672
0,0,0.00545117
1,1,0.99532086
0,1,0.8534956
1,1,0.99262434
0,0,0.042665154
0,0,0.051106777
0,0,0.0016988307
0,0,0.103643455
0,0,0.31501147
1,1,0.9934103
1,1,0.99337316
0,0,0.02192325
0,0,0.013251941
0,0,0.025810378
1,1,0.9897816
0,0,0.0017095762
1,1,0.9914381
0,0,0.08659189
1,1,0.9827564
1,1,0.99318874
0,0,0.036607664
1,1,0.9938916
0,0,0.040540144
0,0,0.005644231
1,1,0.9931078
1,1,0.9956143
1,1,0.99365294
1,1,0.99324155
0,0,0.056356996
0,0,0.02346704
0,1,0.9850588
0,0,0.13068125
1,1,0.9866484
1,1,0.990686
0,0,0.012798518
0,0,0.04349348
0,0,0.019583758
1,1,0.99490756
0,1,0.98293924
1,1,0.98735225
1,1,0.99553204
0,0,0.093388654
0,0,0.0015205409
0,0,0.10843708
1,1,0.987317
1,1,0.99480516
0,0,0.088060714
1,1,0.99192274
1,1,0.99272364
1,1,0.9954046
1,1,0.996514
1,1,0.99177176
0,0,0.013934887
0,0,0.0030107913
1,1,0.9940988
1,1,0.99506664
1,1,0.9952434
0,0,0.0033580286
1,1,0.99100304
0,0,0.14968768
1,1,0.9930016
1,1,0.9922735
0,0,0.04202847
1,1,0.9916858
1,1,0.9952173
0,0,0.005970316
0,0,0.32911223
0,0,0.0019119451
0,1,0.9789083
0,0,0.002090761
0,1,0.95515233
0,0,0.0097022625
1,1,0.99177563
0,0,0.15418814
1,1,0.97937185
1,1,0.995743
0,0,0.026192626
0,0,0.13306102
1,1,0.9869545
0,0,0.025715543
0,0,0.0015791964
1,1,0.99516284
0,0,0.0013779504
1,1,0.99304634
1,1,0.9954739
0,0,0.17839445
0,0,0.0040711975
0,0,0.0027063643
0,0,0.0031545716
0,0,0.0061514615
1,1,0.9878092
1,1,0.99358255
0,1,0.85599655
1,1,0.99555886
1,1,0.9913496
0,0,0.007016465
1,1,0.9931045
1,1,0.995613
1,1,0.99363965
1,1,0.99417394
0,0,0.36252442
0,0,0.0014946068
1,1,0.9930461
1,1,0.99485743
0,0,0.046492074
0,0,0.0039384924
1,1,0.9823866
0,0,0.002824366
0,0,0.029676786
0,0,0.0018145207
0,1,0.98748916
1,1,0.9900254
0,0,0.024832152
0,0,0.12568168
0,0,0.19737361
1,1,0.99629384
0,0,0.0035823786
1,1,0.99264926
1,1,0.9950787
1,1,0.9897398
0,0,0.04039885
0,0,0.025676064
0,0,0.004597602
0,0,0.01318042
1,1,0.9954123
1,1,0.992656
1,1,0.99327105
0,0,0.0019258893
1,1,0.9936593
0,0,0.0011929686
0,0,0.0045633125
1,1,0.99221814
1,1,0.9910817
0,0,0.0030266708
0,0,0.0039657415
1,1,0.98438454
1,1,0.9951534
1,1,0.9925113
0,1,0.9890177
0,1,0.9938792
1,1,0.99501824
1,1,0.9864247
0,0,0.0026804032
1,1,0.9938147
0,0,0.0022753854
1,1,0.993026
0,1,0.93944925
1,1,0.9778616
1,1,0.7016205
0,0,0.020761149
1,1,0.9912498
0,0,0.038322926
0,1,0.8656701
0,0,0.0033693209
1,1,0.9821677
1,1,0.9909366
0,0,0.001635254
1,1,0.9954667
0,0,0.19785768
0,1,0.9694249
0,0,0.0043792543
0,0,0.053336937
0,0,0.14902334
1,1,0.9931345
0,0,0.0023253374
1,1,0.9953876
0,0,0.068486385
0,0,0.0072976844
0,0,0.016247254
1,1,0.9947195
1,1,0.98905015
0,1,0.5547644
0,0,0.0014127151
1,1,0.98726463
0,0,0.080319926
1,1,0.9956091
0,0,0.31021756
0,0,0.40706894
1,1,0.99090844
1,1,0.9915365
0,0,0.008693942
1,1,0.99387556
1,1,0.9922776
0,0,0.0052210963
0,1,0.9809411
0,0,0.0023589963
0,0,0.008656605
1,1,0.9938974
0,0,0.018350292
1,1,0.9954171
0,0,0.0033790618
1,1,0.9944199
0,0,0.043141518
0,0,0.05320599
0,0,0.069504045
0,0,0.14407016
0,0,0.093077414
1,1,0.9891879
1,1,0.9920007
1,1,0.90831226
1,1,0.9917522
1,1,0.99035
0,0,0.047034066
1,1,0.9950413
1,1,0.9961979
0,0,0.029306628
1,1,0.9951557
1,1,0.9535385
0,0,0.04138338
1,1,0.9957338
1,1,0.99462974
1,1,0.99515814
1,1,0.99379915
1,1,0.9937968
1,1,0.9932574
1,1,0.9957974
1,1,0.99302214
0,0,0.0018217458
1,1,0.99193
0,0,0.006749022
0,0,0.00588036
0,0,0.48404098
1,1,0.9926131
1,1,0.9950819
0,1,0.53495336
0,0,0.002280271
0,0,0.0025928358
1,1,0.9911782
0,0,0.0529852
1,1,0.9965365
0,0,0.0026037649
0,0,0.010659931
0,1,0.96311903
1,1,0.995605
1,1,0.9939831
1,1,0.9928295
0,1,0.9922792
0,0,0.0029314402
0,0,0.15334545
0,0,0.020780675
1,1,0.9963981
1,0,0.48679948
1,1,0.9645751
1,1,0.99347246
1,1,0.9939761
0,0,0.0015229654
1,1,0.993072
0,0,0.06978324
0,1,0.94812155
1,1,0.99355125
1,1,0.98613733
0,0,0.16595405
1,1,0.9916107
1,1,0.9948027
1,1,0.9900885
0,1,0.9539951
0,0,0.00801216
0,0,0.20599596
0,0,0.10314046
0,0,0.027539035
1,1,0.98952454
0,0,0.006047147
0,0,0.086282566
0,0,0.021915963
0,0,0.14550965
1,1,0.9949403
1,1,0.99075633
1,1,0.9879886
0,0,0.14794959
0,0,0.020519594
0,0,0.04471304
1,1,0.9934191
1,1,0.9945253
0,1,0.59466827
1,1,0.9952867
0,0,0.18269622
1,1,0.9868023
1,1,0.9937412
1,1,0.98437124
1,1,0.9945076
0,1,0.5484507
0,0,0.015590728
0,0,0.18863802
0,0,0.002828003
1,1,0.9864717
0,0,0.00475697
0,0,0.0024121031
1,1,0.99549377
1,1,0.994565
1,1,0.9938408
1,1,0.99260956
1,1,0.9929007
1,1,0.9937272
1,1,0.9938764
1,1,0.99554574
0,0,0.19094716
1,1,0.99223256
1,1,0.9891453
1,1,0.9923822
1,1,0.9949833
0,0,0.013783886
0,0,0.001343909
1,1,0.9941151
1,1,0.99618584
0,0,0.0017147699
1,1,0.994743
1,1,0.9934407
0,0,0.07107665
0,1,0.9725821
0,0,0.0041594952
1,1,0.992979
0,1,0.94945264
0,0,0.02737748
0,0,0.031413063
0,0,0.0012857872
0,0,0.0045218635
0,0,0.006671076
1,1,0.99563795
1,1,0.99376583
0,0,0.018088708
1,1,0.9907803
0,1,0.97817045
1,1,0.97933805
1,1,0.99594647
0,0,0.0033870586
1,1,0.9944172
1,1,0.99466336
0,0,0.01374825
0,0,0.02358725
1,1,0.99334455
0,0,0.0032069176
1,1,0.994528
0,0,0.019882511
1,1,0.99573475
1,1,0.99510336
0,1,0.80721796
1,1,0.9945833
1,1,0.9926604
0,0,0.0035729173
1,1,0.9954847
1,1,0.99325186
1,1,0.9957171
1,1,0.99214464
1,1,0.99187624
0,0,0.32756495
0,0,0.0116125615
0,0,0.022489106
0,0,0.0034090558
0,0,0.0029863934
0,1,0.76916486
1,1,0.9954516
1,1,0.99228066
0,0,0.001874148
0,1,0.9821025
1,1,0.99259865
1,1,0.9932594
1,1,0.99069923
1,1,0.99254507
1,1,0.9939772
0,1,0.9836866
0,0,0.009480781
1,1,0.9946795
1,1,0.9920515
0,1,0.56911933
1,1,0.9928128
0,0,0.012667187
1,1,0.9939442
0,0,0.039314542
1,1,0.994951
0,0,0.11724504
1,1,0.9952857
0,0,0.14167209
1,1,0.9933961
1,1,0.99176276
0,0,0.02839059
0,0,0.0060646203
0,0,0.004326717
1,1,0.9861449
1,1,0.99448013
1,1,0.99437994
0,0,0.4290846
1,1,0.98797774
1,1,0.995223
1,1,0.99281514
1,1,0.9948237
0,0,0.0025402831
0,0,0.15686274
1,1,0.9952786
1,1,0.99155384
0,0,0.12536384
0,0,0.019630292
0,1,0.9287292
0,0,0.031750314
1,1,0.9931896
1,1,0.9934987
0,0,0.0016339726
0,0,0.039072696
1,1,0.9922868
1,1,0.9964826
0,0,0.007420343
1,1,0.99520123
1,1,0.99016273
1,1,0.9958807
0,1,0.9571459
1,1,0.9960077
0,0,0.003059054
0,0,0.24719405
1,1,0.9948821
0,0,0.045530703
0,0,0.04071265
1,1,0.9953863
1,1,0.98130244
0,0,0.18335518
1,1,0.9932313
0,1,0.9857227
0,0,0.002547733
0,1,0.99174315
0,0,0.044201616
0,0,0.012089174
0,0,0.07165891
1,1,0.99297273
1,1,0.988112
1,1,0.9955974
0,1,0.71737057
1,1,0.9948894
0,0,0.0018969579
1,1,0.9648967
1,1,0.9930354
0,1,0.98299545
0,0,0.022969633
1,1,0.9935284
0,0,0.105107866
1,1,0.9940346
1,1,0.9918554
1,1,0.99095726
1,1,0.99551815
0,0,0.0014383243
1,1,0.9927649
1,1,0.9927638
0,0,0.013433967
0,0,0.0037589278
1,1,0.9918662
1,1,0.9888265
1,1,0.9950282
1,1,0.98809206
0,0,0.0051509705
1,1,0.9943498
1,1,0.99131507
1,1,0.99338585
1,1,0.98921937
1,1,0.99533916
0,0,0.003504076
1,1,0.9908728
0,0,0.005976176
0,0,0.10115324
0,0,0.09720438
1,1,0.99563086
1,1,0.99212193
1,1,0.99474084
1,1,0.9873284
1,1,0.98365927
0,0,0.02890807
1,1,0.9906403
0,0,0.012940899
1,1,0.9959971
0,1,0.84441775
1,1,0.9870101
0,0,0.0029698152
1,1,0.9896909
0,0,0.09263655
0,0,0.06549952
1,1,0.9903904
1,1,0.9930763
1,1,0.9961874
1,1,0.9937662
1,1,0.9900691
1,1,0.9796473
0,0,0.37785694
0,1,0.9895838
1,1,0.9929455
0,1,0.5813561
0,0,0.0024425234
1,1,0.99469095
1,1,0.99586284
0,0,0.0057915337
1,1,0.9913777
1,1,0.99531025
1,1,0.89217544
1,1,0.9910328
0,0,0.1686198
0,0,0.011743072
1,1,0.9795563
0,0,0.15349144
0,0,0.0015125652
0,0,0.2597717
0,0,0.0022825056
1,1,0.99523675
0,0,0.010847906
0,0,0.026514089
1,1,0.993769
0,0,0.0017231222
0,0,0.08183016
0,1,0.9764658
0,0,0.003274817
0,1,0.97299236
0,0,0.008802593
1,1,0.9917591
1,1,0.99253196
0,0,0.08051731
1,1,0.99435776
1,1,0.99609864
0,0,0.11395964
0,0,0.04236048
0,0,0.12137104
0,0,0.009247318
1,1,0.9887073
0,0,0.11162646
1,1,0.8612403
0,0,0.027439602
0,0,0.024045713
0,0,0.23931035
1,1,0.99547064
0,1,0.53688323
1,1,0.9932499
0,0,0.010284846
1,1,0.97773063
1,1,0.9924434
0,0,0.0048487447
1,1,0.9931787
1,1,0.9906652
0,0,0.001983958
1,1,0.99558204
1,1,0.9947048
1,1,0.99367815
1,1,0.99590504
1,1,0.9951416
1,1,0.9938724
0,1,0.9450428
0,1,0.84577227
0,1,0.9850618
0,0,0.10954873
0,0,0.26240876
1,1,0.9929703
1,1,0.99555004
0,0,0.039177682
0,0,0.0049832296
1,1,0.99520063
0,0,0.18414636
0,0,0.38911334
0,0,0.43916726
1,1,0.99564326
1,1,0.99599826
0,0,0.005066292
0,0,0.46524832
0,1,0.66977555
1,1,0.9938817
1,1,0.9918134
0,0,0.33493984
0,0,0.01265128
0,0,0.08933402
1,1,0.99173343
1,1,0.9929178
1,1,0.9943508
0,0,0.004872682
0,0,0.016110605
1,1,0.9954437
1,1,0.98881394
1,1,0.9898018
0,0,0.014180137
0,0,0.0044111875
0,0,0.119180575
0,1,0.98933625
1,1,0.9920902
1,1,0.99550337
0,0,0.021738157
1,1,0.994759
1,1,0.9964663
0,0,0.08646872
1,1,0.9937609
0,0,0.37145606
1,1,0.9958163
0,0,0.10181569
0,0,0.031176958
0,0,0.007263279
0,0,0.11058694
0,1,0.96838
1,1,0.991861
1,1,0.9959065
0,0,0.05455123
0,0,0.0061062207
1,1,0.9945589
0,0,0.47620204
0,0,0.2618319
0,0,0.0074358406
0,0,0.030909654
0,0,0.07148013
1,1,0.99441355
0,0,0.036372688
1,1,0.99376655
0,0,0.002451015
1,1,0.99224997
0,0,0.059955955
0,0,0.0017807955
0,1,0.511747
0,0,0.027454192
0,1,0.99239963
1,1,0.9941199
0,0,0.019147415
0,0,0.04481708
0,1,0.573154
0,0,0.012457335
0,0,0.0027595914
1,1,0.99657464
1,1,0.9877209
0,0,0.03364994
1,1,0.9920223
0,0,0.16304028
0,0,0.11549117
1,1,0.98801696
0,0,0.0037844796
0,0,0.009243295
0,1,0.9696601
0,0,0.0022219983
0,0,0.1599863
0,0,0.005597617
0,0,0.02018811
0,0,0.022256324
1,1,0.9926851
1,1,0.99508506
0,0,0.01591662
0,0,0.25539666
1,1,0.9927511
0,1,0.93153274
1,1,0.99558026
0,0,0.12188395
1,1,0.99557173
0,1,0.9607548
0,0,0.083605684
1,1,0.9934918
0,0,0.3064687
1,1,0.9954145
0,0,0.0035072675
1,1,0.99309653
0,0,0.0033378047
1,1,0.9935981
0,0,0.0029395297
0,0,0.08669387
1,1,0.98942673
0,0,0.011898254
0,0,0.47145766
0,0,0.1253621
1,1,0.99510276
1,1,0.9908087
1,1,0.99593496
0,0,0.2749456
1,1,0.9909334
1,1,0.99397886
0,0,0.39589512
1,1,0.99356925
1,1,0.9932673
0,0,0.04245236
1,1,0.993594
0,0,0.13360192
0,0,0.036330987
1,1,0.99057555
0,0,0.0042611333
1,1,0.9919486
0,0,0.019157432
0,0,0.2561059
0,0,0.002873603
0,0,0.05629138
0,0,0.11665355
1,1,0.9935654
1,1,0.98747987
0,0,0.44393593
0,1,0.93544513
0,0,0.003547449
1,1,0.99355656
1,1,0.9861573
0,0,0.010780661
0,1,0.6564897
0,0,0.066604584
1,1,0.9726848
0,0,0.01671749
0,0,0.007524794
0,0,0.0021450405
1,1,0.98941886
0,0,0.034309205
0,0,0.01639571
1,1,0.987352
1,1,0.9964631
1,1,0.9940421
1,1,0.99026114
0,1,0.97636455
0,0,0.0015365457
1,1,0.99369496
0,0,0.010936683
0,0,0.022642173
1,1,0.9962567
0,0,0.00746562
0,0,0.15963411
1,1,0.9899332
0,0,0.057088673
1,1,0.9960679
1,1,0.9946279
0,0,0.098984554
1,1,0.98439944
1,1,0.9917282
0,1,0.8142191
0,0,0.093210585
1,1,0.98998696
0,0,0.092736855
1,1,0.9935807
0,0,0.0022504563
0,0,0.0022311606
0,0,0.14573462
1,1,0.993634
0,0,0.004331294
0,1,0.8992669
0,0,0.0075023174
0,1,0.96317834
0,0,0.029994745
1,1,0.9954651
1,1,0.99374557
0,0,0.0019884119
1,1,0.9854365
0,0,0.005556229
1,1,0.9914972
1,1,0.98916477
0,0,0.18502223
0,0,0.37203163
0,0,0.362029
0,0,0.39962596
0,0,0.0024984027
0,0,0.10514508
1,1,0.99564725
1,1,0.99174446
0,1,0.8651953
0,0,0.062549636
0,0,0.0022154588
1,1,0.9899845
1,1,0.9929992
1,1,0.96775717
0,0,0.0013869123
0,0,0.010717909
1,1,0.9952419
1,1,0.9929114
0,0,0.0071745315
1,1,0.9912571
1,1,0.99523914
0,1,0.99229616
1,1,0.9926643
1,1,0.99550396
0,0,0.06508375
1,1,0.9927099
1,1,0.97868764
0,0,0.039849915
1,1,0.9955153
1,1,0.9912237
1,1,0.98506886
0,1,0.73665583
0,0,0.0025727663
1,1,0.9960829
0,0,0.0023546214
0,0,0.04169933
0,1,0.98460037
0,0,0.0030245222
1,1,0.9945826
0,0,0.016188862
1,1,0.9939282
1,1,0.991462
0,0,0.03496745
1,1,0.99437934
0,0,0.062257797
1,1,0.9893784
0,0,0.052845825
1,1,0.99446505
0,0,0.002748384
1,1,0.99585813
0,0,0.036853105
0,0,0.021410108
0,1,0.90483934
1,1,0.9793108
0,0,0.2276082
0,0,0.2746357
1,1,0.9953755
1,1,0.99274397
0,0,0.010492665
1,1,0.98787814
1,1,0.9944265
0,0,0.093730934
1,1,0.9923564
0,0,0.18826388
1,1,0.9932532
0,0,0.026374009
1,1,0.9920203
1,1,0.99221957
1,1,0.99442434
0,0,0.038076412
0,0,0.2108865
1,1,0.9942556
1,1,0.9944179
0,1,0.97408503
0,0,0.027553748
1,1,0.989675
0,0,0.038091693
0,0,0.009634789
1,1,0.99520385
1,1,0.9954537
0,1,0.98146087
1,1,0.99306726
0,0,0.0056678783
1,1,0.9959163
1,1,0.99298143
0,0,0.056343976
1,1,0.9943189
0,0,0.029948525
0,0,0.063500226
1,1,0.9963505
1,1,0.99304354
0,1,0.98337597
1,1,0.98939383
0,0,0.005084874
0,0,0.07288733
1,1,0.98679
1,1,0.995909
1,1,0.9960551
0,0,0.014051441
1,1,0.98783743
0,0,0.003079229
0,0,0.010031146
1,1,0.99092054
0,0,0.10423062
1,1,0.9948614
0,1,0.98630595
0,0,0.0068134405
0,0,0.0023735077
1,1,0.98854095
1,1,0.99537694
1,1,0.9924596
0,1,0.9931832
0,0,0.013326673
0,0,0.07869812
0,0,0.03388867
0,0,0.009849405
0,0,0.008199732
0,0,0.1937409
1,1,0.99358785
1,1,0.99271774
1,1,0.9954946
0,1,0.6710829
0,0,0.039471075
1,1,0.9916789
0,0,0.08799124
1,1,0.9950511
1,1,0.9968659
1,1,0.9925436
0,0,0.011353229
0,0,0.018778205
0,1,0.9633128
0,0,0.020920487
1,1,0.993803
1,1,0.994873
0,0,0.087787114
1,1,0.9903346
1,1,0.9961047
1,1,0.9949561
1,1,0.99363685
1,1,0.993916
0,1,0.9833693
0,0,0.15036967
0,1,0.9640834
0,0,0.0057894145
1,1,0.9960466
0,0,0.0014591786
1,1,0.9954182
1,1,0.9933155
0,0,0.0042728963
1,1,0.99557173
1,1,0.99157226
0,0,0.14003333
1,1,0.991078
1,1,0.99290705
0,0,0.12740554
1,1,0.989484
0,0,0.054298926
0,1,0.7406099
1,1,0.99186796
0,1,0.9743109
0,1,0.98803085
1,1,0.99387884
0,1,0.6683491
0,0,0.015353183
1,1,0.99323833
1,1,0.9960037
0,0,0.023184681
0,0,0.0014421702
1,1,0.9878906
1,1,0.9463426
0,1,0.9726106
0,1,0.6429665
1,1,0.99429375
1,1,0.9930098
0,0,0.024604985
0,1,0.97993267
1,1,0.9895139
1,1,0.9932661
1,1,0.9948244
1,1,0.9948742
1,1,0.9854553
0,0,0.022957766
1,1,0.9932991
0,0,0.06782723
0,0,0.119544536
0,0,0.0036774746
1,1,0.993127
0,0,0.04723443
1,1,0.9947712
1,1,0.99580365
0,0,0.19533452
0,0,0.009866897
1,1,0.9913551
1,1,0.99202126
1,1,0.99442166
1,1,0.9892603
0,0,0.06051092
1,1,0.99285287
0,0,0.0804035
0,0,0.16872989
0,0,0.007901287
0,0,0.0057439855
1,0,0.28424153
1,1,0.9933389
1,1,0.9914328
0,0,0.06954713
0,0,0.15897718
1,1,0.9909685
0,0,0.0012465584
1,1,0.99595875
0,0,0.0023717845
1,1,0.99407
1,1,0.9876413
0,0,0.0032481367
1,1,0.9922464
1,1,0.99594134
0,1,0.917858
0,0,0.034612145
1,1,0.9956695
1,1,0.9961577
1,1,0.99140364
0,0,0.11594077
1,1,0.99058783
0,0,0.08095002
1,1,0.99274844
0,1,0.9241869
1,1,0.9957806
1,1,0.99084985
0,0,0.17104462
1,1,0.99270976
0,0,0.01579848
1,1,0.99297947
1,1,0.9926327
0,1,0.8987896
1,1,0.9948249
0,0,0.002566784
1,1,0.9889352
0,0,0.081243895
0,1,0.9903108
1,1,0.9907789
0,1,0.97937506
0,0,0.3035629
0,0,0.04674656
0,0,0.12983999
1,1,0.9932173
1,1,0.99182117
1,1,0.9906356
0,0,0.020423321
0,0,0.024497833
0,1,0.6062433
0,0,0.029980049
1,1,0.9942508
1,1,0.9920231
1,1,0.9912758
1,1,0.99110854
0,0,0.36236146
1,1,0.9964653
1,1,0.9933708
0,1,0.8534072
1,1,0.99291867
0,0,0.003842955
1,1,0.9933028
1,1,0.98980534
1,1,0.9962262
0,1,0.792568
0,0,0.45817357
0,0,0.090979956
1,1,0.9948665
0,0,0.21827328
0,0,0.001849799
1,1,0.99483395
1,1,0.99260265
1,1,0.9961908
0,1,0.9931531
0,0,0.017151676
1,1,0.98973453
0,0,0.0888311
1,1,0.9952779
0,0,0.010468163
1,1,0.9934076
1,1,0.9878064
1,1,0.9940872
1,1,0.9950948
1,1,0.9883654
0,0,0.037984148
1,1,0.99567467
1,1,0.87220985
0,0,0.0085424
0,1,0.98800373
0,0,0.029653061
0,0,0.0029260626
0,0,0.11103861
1,1,0.9921863
0,0,0.016175259
0,0,0.059503388
1,1,0.9935806
1,1,0.9930901
0,0,0.0015344577
1,1,0.9912962
1,1,0.9933077
0,0,0.048928723
1,1,0.98910415
0,0,0.010724301
1,1,0.9935569
1,1,0.99294657
0,0,0.0021158848
1,1,0.99188447
0,0,0.1601345
0,0,0.0832153
1,1,0.99620205
0,0,0.069062606
1,1,0.9946544
1,1,0.9907815
1,1,0.99541473
1,1,0.99365544
0,0,0.0072535216
1,1,0.9823147
0,0,0.025987871
1,1,0.9954919
1,1,0.9929154
1,1,0.9960551
1,1,0.99299896
1,1,0.99235356
0,1,0.98909354
0,0,0.0062463535
1,1,0.99061453
0,0,0.07359162
1,1,0.99419904
0,0,0.047479022
0,0,0.0014259829
0,1,0.97892123
1,1,0.99523276
1,1,0.9945648
1,1,0.99525696
1,1,0.99078184
1,1,0.9942673
1,1,0.98682016
1,1,0.99350256
0,0,0.07358498
1,1,0.9956038
0,0,0.001338583
1,1,0.9892874
0,0,0.17018612
1,1,0.99037874
1,1,0.9935515
0,0,0.07801221
0,0,0.0019139068
0,0,0.21769466
0,0,0.00866424
0,0,0.009058458
0,1,0.50175476
1,1,0.9930401
1,1,0.99076396
1,1,0.8602905
1,1,0.993309
1,1,0.9863644
1,1,0.98903453
0,1,0.974662
1,1,0.9956728
0,1,0.9844216
0,0,0.02048956
0,0,0.01399769
1,1,0.98600453
0,0,0.020095635
0,0,0.1739255
1,1,0.9922706
1,1,0.9928054
0,0,0.12660111
1,1,0.9889243
1,1,0.9822196
1,1,0.9930039
0,0,0.13133009
1,1,0.99520516
1,1,0.99419564
1,1,0.9765772
1,1,0.9933837
1,1,0.99315274
1,1,0.991569
1,1,0.99409086
0,0,0.11213543
1,1,0.9867922
1,1,0.9930998
0,1,0.8837919
1,1,0.9931814
0,1,0.9521719
1,1,0.9937796
1,1,0.9947885
1,1,0.99235743
1,1,0.9958192
1,1,0.9920344
0,1,0.78957886
1,1,0.99317133
1,1,0.9886007
1,1,0.99551433
1,1,0.9886093
1,1,0.9923339
1,1,0.9929442
1,1,0.9881613
0,0,0.005535178
1,1,0.99514776
0,0,0.030034242
1,1,0.9939772
0,0,0.0019625972
0,0,0.14014302
0,0,0.14671601
1,1,0.9923304
1,1,0.9897962
1,1,0.9859023
1,1,0.990729
0,0,0.008914906
1,1,0.9847965
1,1,0.99542433
0,0,0.20243579
1,0,0.088373445
0,0,0.11857901
1,1,0.98500943
0,0,0.003976062
1,1,0.9943328
1,1,0.9823152
1,1,0.9983152
0,0,0.11726541
1,1,0.9941895
1,1,0.99129117
1,1,0.98828053
0,0,0.18377247
1,1,0.9959259
1,1,0.9963631
0,1,0.9854595
1,1,0.99317145
1,1,0.99212766
0,0,0.0015354796
1,1,0.99034834
0,0,0.002837335
0,1,0.983678
0,0,0.076504886
0,0,0.07825329
0,0,0.0021135674
1,1,0.99559903
1,1,0.9890836
1,1,0.9855801
0,0,0.0040207356
1,1,0.97471607
0,0,0.18777269
0,1,0.926478
0,1,0.98956937
0,0,0.11798301
1,1,0.99394625
0,0,0.09988753
1,1,0.9917671
1,1,0.99299544
1,1,0.9958533
0,0,0.010865434
1,1,0.99593854
0,0,0.21628089
0,0,0.011292577
1,1,0.98854405
0,0,0.1980258
0,0,0.095430434
1,1,0.9958211
1,1,0.98994726
0,0,0.10791461
0,0,0.0019742984
1,1,0.9918527
0,0,0.0071692206
1,1,0.9941402
1,1,0.9936621
1,1,0.9899228
0,0,0.010301749
0,0,0.04848394
0,0,0.015406199
1,1,0.99579924
1,1,0.9888398
0,0,0.003063379
0,0,0.065498546
0,1,0.9578392
0,0,0.14083444
1,1,0.99505264
1,1,0.9951185
1,1,0.9948842
1,1,0.99477684
0,0,0.044693634
0,0,0.085209005
0,1,0.60914904
0,0,0.015188479
0,1,0.9706463
1,1,0.9948343
0,0,0.0016289722
1,1,0.99525946
1,1,0.9952644
1,1,0.9904469
1,1,0.98369956
1,1,0.9964406
0,0,0.0014917756
0,0,0.0047320263
1,1,0.99458474
1,1,0.99380386
1,1,0.99489874
0,1,0.9449888
1,1,0.9920368
1,1,0.9944054
1,1,0.9912498
1,1,0.99568236
1,1,0.99393636
1,1,0.9952429
0,0,0.11845085
0,0,0.04118681
0,0,0.035128634
1,1,0.98707193
1,1,0.99378574
0,0,0.005013901
1,1,0.994412
0,0,0.12320686
1,1,0.9955395
1,1,0.99543506
1,1,0.9962243
1,1,0.98328614
1,1,0.9956851
0,1,0.8169982
0,0,0.013961808
0,1,0.98637354
1,1,0.9941896
0,0,0.0071922555
0,0,0.020278895
0,0,0.03505194
1,1,0.9930067
1,1,0.9934942
0,0,0.3660652
1,1,0.9931765
1,1,0.99093163
1,1,0.99240184
1,1,0.99625826
0,0,0.14982074
0,0,0.013915361
0,0,0.16485222
0,0,0.093412034
0,0,0.006620967
1,1,0.98995566
1,1,0.99467987
1,1,0.5140615
0,0,0.0564826
1,1,0.9935935
1,1,0.9737519
1,1,0.99247724
1,1,0.99305266
1,1,0.99458045
1,1,0.99511236
0,1,0.9615774
0,0,0.0041254037
0,0,0.023691125
1,1,0.9959598
0,0,0.2896021
1,1,0.9943507
1,1,0.9862408
1,1,0.99441516
0,0,0.0018116127
0,1,0.8355814
1,1,0.9958876
0,0,0.056286503
0,0,0.0038181236
1,1,0.99313354
1,1,0.99354666
0,0,0.025706343
0,0,0.032000452
1,1,0.99420565
0,0,0.02645905
1,1,0.99104756
1,1,0.99449617
1,1,0.9853603
0,1,0.94462585
0,1,0.99264
0,0,0.0018915848
0,0,0.49052927
1,1,0.9954554
0,0,0.0027501294
1,1,0.99390703
1,1,0.9947352
1,1,0.9920054
1,1,0.99088544
1,1,0.99228376
1,1,0.99407274
1,1,0.9960984
0,0,0.003061117
0,1,0.96296924
1,1,0.9106151
1,1,0.9948572
0,0,0.010354568
0,0,0.011383143
1,1,0.99446505
1,1,0.9944614
0,0,0.09816806
1,1,0.9948696
0,1,0.6485181
1,1,0.9965154
0,0,0.042621683
0,1,0.9925695
0,0,0.04561633
0,1,0.8745142
1,1,0.9920359
0,0,0.056677327
1,1,0.9952366
1,1,0.9949008
1,1,0.9924446
0,1,0.9844976
1,1,0.99531615
0,0,0.016915286
0,1,0.91907316
1,1,0.9783562
1,1,0.9968086
1,1,0.9628568
1,1,0.9937131
1,1,0.99331456
0,0,0.014436274
1,1,0.9931866
0,0,0.0018608175
1,1,0.99039596
0,1,0.89322174
1,1,0.98832136
1,1,0.97784996
0,0,0.0020676404
1,1,0.99317306
0,0,0.0030751713
0,0,0.00400818
0,1,0.8999812
0,1,0.8747684
0,0,0.07505178
1,1,0.9946849
1,1,0.9911396
1,1,0.9958859
1,1,0.9946085
0,0,0.0016092453
1,1,0.99555933
0,1,0.8689323
1,1,0.99499077
0,0,0.0025468026
0,0,0.010090801
0,0,0.054979283
0,0,0.0562291
1,1,0.9931798
0,0,0.022011809
1,1,0.99184096
0,0,0.11041165
0,0,0.32976058
1,1,0.99352455
1,1,0.99598
0,0,0.040644284
1,1,0.9926704
0,0,0.08729437
1,1,0.9946413
1,1,0.9942364
1,1,0.99268264
0,0,0.10012877
0,0,0.064486094
1,1,0.99274915
1,1,0.9954229
1,1,0.8882804
1,1,0.99535674
1,1,0.99596584
0,0,0.27743196
1,1,0.9949799
0,1,0.6030888
1,1,0.991305
0,0,0.0063923625
1,1,0.9957211
0,0,0.06003742
1,1,0.9908242
0,0,0.008391595
0,0,0.023907788
1,1,0.994676
1,1,0.99276537
0,0,0.009830269
0,0,0.055580545
0,0,0.4279028
1,1,0.9950708
0,0,0.041760243
0,0,0.06579843
0,0,0.06485268
1,1,0.99327844
1,1,0.9945133
1,1,0.9931591
1,1,0.99600995
1,1,0.9920564
1,1,0.99609584
0,0,0.044250388
1,1,0.9816653
1,1,0.99419576
0,0,0.0016206586
1,1,0.996117
1,1,0.99375534
0,0,0.0755027
1,1,0.9961039
1,1,0.9951527
1,1,0.9935342
0,0,0.04331277
1,1,0.99524105
0,0,0.06024695
0,1,0.98630595
1,1,0.99496526
1,1,0.99525213
1,1,0.99149007
0,1,0.97543746
0,0,0.15449211
0,1,0.987756
1,1,0.99451965
0,1,0.9254815
0,0,0.006521983
0,0,0.01803027
0,0,0.0032400447
0,1,0.689027
1,1,0.99296784
0,0,0.03647574
0,0,0.16681907
1,1,0.9914677
0,0,0.07787958
1,1,0.99517775
1,1,0.9925702
1,1,0.9958134
1,1,0.9947031
1,1,0.9947103
1,1,0.9952656
0,1,0.96137714
0,0,0.025457622
0,0,0.28578442
1,1,0.9922701
0,0,0.0019108726
0,0,0.016303366
0,0,0.30326155
0,1,0.9390982
1,1,0.99229103
1,1,0.9959358
0,0,0.044392414
0,1,0.87134653
0,0,0.0014413915
1,1,0.9917773
1,1,0.9939162
1,1,0.9922815
1,1,0.993905
0,1,0.98940545
1,1,0.9945826
0,0,0.013318743
1,1,0.99426115
0,1,0.65747714
1,1,0.99427634
0,0,0.23160915
0,0,0.18383178
1,1,0.9934263
1,1,0.9878169
0,0,0.0026060308
0,0,0.039407775
0,0,0.0025608758
0,0,0.010315186
1,1,0.992161
1,1,0.992388
1,1,0.99565446
0,0,0.021057228
0,0,0.017493192
0,0,0.1002865
1,1,0.99382126
1,1,0.9952937
1,1,0.99364686
1,1,0.99164647
0,0,0.20813957
1,1,0.9936427
1,1,0.9952047
1,1,0.98846114
1,1,0.9954737
1,1,0.993768
1,1,0.99597293
0,0,0.035465453
0,1,0.98643005
0,0,0.01055492
1,1,0.9910039
1,1,0.99452496
1,1,0.97860146
1,1,0.99487114
1,1,0.9958288
1,1,0.99474335
1,1,0.9957704
1,1,0.98724127
0,0,0.06024704
1,1,0.99384284
0,0,0.0018782519
0,0,0.006748588
1,1,0.9958723
1,1,0.9943235
0,0,0.042798016
1,1,0.9774259
1,1,0.99214035
1,1,0.99554825
1,1,0.9917031
1,1,0.9893512
1,1,0.996262
0,0,0.00874796
1,1,0.9876243
0,1,0.9806506
1,1,0.9917265
0,0,0.0660624
0,0,0.0987288
1,1,0.99307513
0,0,0.12596603
1,1,0.99636394
0,0,0.0032594318
1,1,0.9964646
1,1,0.99594504
1,1,0.9963337
0,0,0.035622813
1,1,0.99470586
0,0,0.05815068
1,1,0.9565619
1,1,0.98912126
0,0,0.09386937
0,0,0.11668056
0,0,0.001443278
0,0,0.14254467
1,1,0.99094766
1,1,0.9941326
1,1,0.99562305
0,0,0.0017864277
1,1,0.9937087
0,0,0.007826369
0,0,0.026292205
1,1,0.99507046
1,1,0.99369025
1,1,0.99240124
0,0,0.007151607
1,1,0.9922869
0,0,0.010462498
1,1,0.99459404
1,1,0.99085605
1,1,0.9756781
0,0,0.031242339
1,1,0.99314225
1,1,0.99321634
1,1,0.99355423
1,1,0.9941221
1,1,0.98561966
0,1,0.91985124
0,0,0.14862062
0,0,0.49797165
0,0,0.06847365
1,1,0.9879004
1,1,0.9958587
1,1,0.99502677
1,1,0.994659
1,1,0.9924034
1,1,0.9953177
1,1,0.98588085
0,0,0.0028229428
1,1,0.99284536
0,0,0.009991963
1,1,0.9948938
1,1,0.99641365
1,1,0.9847169
0,0,0.008086846
0,1,0.98117995
1,1,0.99656206
0,0,0.020979429
0,0,0.002073287
0,1,0.9533808
0,1,0.98974437
0,1,0.9159925
0,1,0.93038875
1,1,0.99253654
1,1,0.9936335
0,1,0.53014266
1,1,0.9287256
1,1,0.99118644
1,1,0.9952675
0,1,0.97776204
1,1,0.98857915
1,1,0.99235815
0,0,0.08297935
0,0,0.014440427
0,0,0.017371057
0,0,0.048304737
1,1,0.9847928
1,1,0.995414
0,0,0.014717172
1,1,0.9923999
0,1,0.99092895
0,0,0.08441953
1,1,0.9909452
1,1,0.99533916
1,1,0.9959636
0,0,0.012693394
0,0,0.015113968
1,1,0.99130857
1,1,0.99499595
0,0,0.001818072
0,0,0.0026854314
0,0,0.13614908
1,1,0.9940691
1,1,0.994799
0,0,0.07765552
1,1,0.99283785
0,0,0.0024485898
1,1,0.99200785
0,0,0.013878454
1,1,0.9933561
0,0,0.053722218
0,0,0.0032413353
1,1,0.9934993
0,0,0.098999955
0,0,0.0038827164
1,1,0.9932401
0,0,0.037934277
0,0,0.019844571
0,0,0.007954097
0,0,0.05456109
0,0,0.057477105
0,0,0.023934916
0,0,0.012605039
0,0,0.033367503
1,1,0.99415404
0,0,0.037417807
0,0,0.008877286
1,1,0.99430084
1,1,0.9964425
0,0,0.06492322
0,0,0.23858029
1,1,0.98210436
1,1,0.9914021
1,1,0.99545765
1,1,0.9907165
0,0,0.03472161
1,1,0.9953485
1,1,0.9955123
0,0,0.006765818
0,0,0.037543397
1,1,0.9852822
1,1,0.9910172
1,1,0.99132955
0,1,0.8348708
0,0,0.003108058
1,1,0.9923247
0,0,0.019246811
0,0,0.17773783
1,1,0.9936697
0,0,0.0031741958
1,1,0.9833624
0,0,0.0031568576
1,1,0.992796
1,1,0.99369097
0,0,0.105123684
0,0,0.0028066917
1,1,0.99418783
0,0,0.010030323
1,1,0.9930803
0,0,0.0022204376
1,1,0.99530643
1,1,0.99276567
0,0,0.13512914
0,0,0.09544422
1,1,0.99269426
0,0,0.0023990204
1,1,0.9897726
1,1,0.98435646
0,1,0.880245
0,1,0.9918309
0,0,0.05893863
0,0,0.04898675
1,1,0.98978275
1,1,0.9381159
0,0,0.13951397
0,1,0.98777103
0,0,0.008823937
1,1,0.9945726
0,1,0.9934256
0,1,0.9942819
0,0,0.0025568584
1,1,0.99333584
1,1,0.99344456
0,0,0.069876045
1,1,0.99560153
0,0,0.0023568964
1,1,0.9954951
0,0,0.14936237
0,0,0.16938548
0,0,0.001961349
1,1,0.9935309
0,0,0.18841189
0,0,0.1755735
1,1,0.9933021
0,0,0.016081478
1,1,0.99239576
1,1,0.9941858
1,1,0.9961902
1,1,0.994501
1,1,0.9913344
1,1,0.9942279
0,0,0.014441737
0,0,0.0058811274
1,1,0.978223
1,1,0.9909304
0,0,0.057469174
1,1,0.99186474
1,1,0.9889698
1,1,0.99350536
0,0,0.24563944
1,1,0.9925816
1,1,0.98877174
1,1,0.9945391
1,1,0.9956762
0,1,0.6550384
1,1,0.99315107
1,1,0.9905958
0,0,0.009271275
1,1,0.992782
0,1,0.7775802
1,1,0.99584574
1,1,0.99405485
1,1,0.99263203
0,0,0.019044377
1,1,0.99016577
0,0,0.025467366
1,1,0.9941552
1,1,0.9922382
0,0,0.087075934
1,1,0.9933535
0,0,0.0042366413
1,1,0.99489284
1,1,0.99482286
0,0,0.1165079
1,1,0.9941856
0,1,0.9438913
1,1,0.9922125
1,1,0.9941322
1,1,0.9809476
1,1,0.9947737
0,0,0.19441468
0,1,0.91882664
1,1,0.9947596
1,1,0.9922288
1,1,0.9963058
1,1,0.99646676
1,1,0.9961747
1,1,0.9938352
1,1,0.99285156
1,1,0.9947825
1,1,0.9928872
0,0,0.08216308
1,1,0.99140185
0,0,0.044860143
1,1,0.9917129
0,0,0.007756678
0,0,0.10962038
1,1,0.9937682
0,1,0.99140054
1,1,0.992673
0,0,0.0017506476
1,1,0.9928739
1,1,0.9898908
0,0,0.26258487
1,1,0.9957974
0,0,0.0019620713
1,1,0.9942297
0,0,0.014557276
0,0,0.14173526
0,0,0.11518998
1,1,0.99423707
1,1,0.991748
1,1,0.9948355
1,1,0.9940725
0,0,0.016374031
1,1,0.9836504
1,1,0.9943141
0,0,0.011522337
0,0,0.08479533
1,1,0.9961052
0,0,0.016124025
1,1,0.9933708
0,0,0.37514982
0,0,0.051853
1,1,0.99613297
0,0,0.10106072
0,1,0.9890041
0,0,0.0325148
1,1,0.992463
0,0,0.00826261
0,0,0.010232874
0,1,0.98871404
1,1,0.9904792
0,1,0.9828818
1,1,0.9921713
0,0,0.07326929
1,1,0.99133533
1,1,0.9915876
0,1,0.9905558
0,0,0.08326433
1,1,0.9927428
1,1,0.99137735
0,0,0.0795644
1,1,0.99500185
0,0,0.022936834
0,0,0.25437102
1,1,0.99567586
1,1,0.9835111
1,1,0.99494755
1,1,0.9952266
0,0,0.009073347
1,1,0.993026
1,1,0.9833152
1,1,0.99402535
0,0,0.0095567
0,0,0.009993813
1,1,0.9919926
1,1,0.98985744
0,0,0.022614373
0,0,0.0074902913
0,0,0.031764816
1,1,0.9938175
1,1,0.9827754
1,1,0.9873103
1,1,0.9916869
0,0,0.002524943
0,0,0.055550378
1,1,0.9953229
1,1,0.9932594
1,1,0.993736
1,1,0.99123585
0,0,0.07479282
1,1,0.99520314
0,0,0.14053696
1,1,0.990768
0,0,0.005104177
0,0,0.05414083
1,1,0.9922429
0,0,0.0032938432
0,0,0.23405324
1,1,0.99404067
1,1,0.9933925
1,1,0.9804489
0,0,0.033720564
1,1,0.9931537
1,1,0.99629396
0,1,0.95427436
1,1,0.995902
0,0,0.16927063
0,0,0.002527579
1,0,0.045904938
0,0,0.0016033083
1,1,0.9927596
0,0,0.046316862
1,1,0.9961569
1,1,0.99127275
0,0,0.007829574
1,1,0.9901496
0,0,0.002912095
1,1,0.9930896
0,0,0.021383092
1,1,0.9931872
0,0,0.08905745
1,1,0.993541
1,1,0.9586657
1,1,0.99132526
0,0,0.029741526
1,1,0.99335724
1,1,0.99479854
0,0,0.34889048
0,0,0.044810113
0,1,0.9837315
0,0,0.06034863
1,1,0.99273586
1,1,0.988313
0,0,0.0016492632
1,1,0.99396175
0,0,0.18767475
1,1,0.9928185
0,0,0.020092385
0,1,0.9860293
1,1,0.99235654
0,0,0.014726773
1,1,0.9896959
1,1,0.9946725
1,1,0.9948472
1,1,0.99576926
1,1,0.9913326
0,0,0.0012417736
1,1,0.9952527
0,0,0.080549076
1,1,0.992576
1,1,0.99511045
0,0,0.0021536825
1,1,0.9634319
1,1,0.98632425
0,1,0.98497576
1,1,0.9962478
0,0,0.004818628
0,0,0.029515814
0,0,0.0015128555
1,1,0.9950795
0,0,0.025386939
1,1,0.9894839
1,1,0.9923787
1,1,0.99035347
1,1,0.9936708
0,0,0.10613447
0,0,0.008878029
0,0,0.0019022793
0,0,0.18563214
0,0,0.02209854
0,0,0.052484293
1,1,0.9944358
0,0,0.011328229
1,1,0.991525
0,0,0.11705635
0,0,0.023274243
0,0,0.008391191
1,1,0.99228644
0,0,0.0028803495
1,1,0.9941565
0,0,0.0035442207
0,0,0.0029809591
1,1,0.9874756
1,1,0.9929181
1,1,0.9947678
0,0,0.015060925
0,0,0.09619576
1,1,0.98920536
0,1,0.92022425
0,0,0.16409308
0,0,0.0013676852
1,1,0.9917602
0,1,0.9064305
0,1,0.98772484
1,1,0.9899338
0,0,0.060089055
1,1,0.9962547
0,0,0.2270364
1,1,0.99346924
0,0,0.002262201
0,0,0.001590791
1,1,0.99221647
0,0,0.12392424
0,1,0.5267345
0,1,0.99172825
1,1,0.99594134
0,0,0.07814776
1,1,0.9134323
1,1,0.9918962
0,0,0.36931178
1,1,0.9931102
1,1,0.99326044
0,0,0.16746339
1,1,0.99419844
0,0,0.06899155
0,0,0.07471085
1,1,0.99386865
1,1,0.99464804
1,1,0.989398
1,1,0.99598026
1,1,0.9887411
1,1,0.99064714
0,0,0.023978818
1,1,0.98884565
0,0,0.29534206
1,1,0.99513924
0,0,0.0020611265
0,0,0.013188261
0,0,0.09143584
0,0,0.0655355
0,0,0.06772491
0,0,0.0017510201
1,1,0.99450964
0,0,0.085175075
0,0,0.0023541914
0,0,0.020875225
0,0,0.052379563
0,1,0.9572508
1,1,0.99541485
1,1,0.9953726
1,1,0.99261403
1,1,0.9898314
0,0,0.045326572
0,0,0.09838399
0,0,0.08344679
1,1,0.99304235
1,1,0.99331915
1,1,0.97875255
1,1,0.992382
0,0,0.019952072
0,0,0.08717077
0,0,0.004899306
1,1,0.9934864
0,0,0.34314683
0,0,0.06862374
1,1,0.9964838
0,0,0.071075454
0,0,0.0042149853
1,1,0.9932469
0,0,0.0045908904
0,0,0.011169202
0,0,0.019685725
0,1,0.9682865
1,1,0.9927208
0,0,0.030080397
1,1,0.99199885
1,1,0.9950256
0,1,0.8808899
1,1,0.9959764
1,0,0.48571384
0,1,0.86858106
0,0,0.0018063654
1,1,0.9891873
0,0,0.10724772
0,0,0.010395406
1,1,0.9948403
1,1,0.995385
0,0,0.01818367
1,1,0.99183285
1,1,0.9933969
0,0,0.03523844
0,1,0.9902891
1,1,0.99427384
1,1,0.9915842
0,0,0.011588992
1,1,0.9961392
1,1,0.992285
0,0,0.06173431
1,1,0.9855883
1,1,0.99153006
0,0,0.0034329628
1,1,0.9938378
0,0,0.018777533
1,1,0.9934782
0,0,0.06806494
1,1,0.9963814
0,0,0.05552417
0,0,0.0014794102
0,0,0.038898326
0,0,0.31605542
0,0,0.07192452
0,0,0.037279606
0,0,0.20641276
1,1,0.99575657
1,1,0.9960504
1,1,0.9954039
0,0,0.09066639
0,0,0.08387799
0,0,0.0040215687
1,1,0.99247193
0,0,0.05594869
1,1,0.9939744
0,0,0.002294711
0,1,0.986418
0,0,0.0015447314
0,0,0.053992316
0,0,0.0023293223
0,1,0.98717475
1,1,0.99452114
1,1,0.85659665
0,0,0.026709333
0,1,0.9871638
1,1,0.9905183
0,0,0.05348703
0,1,0.87425226
1,1,0.9953015
1,1,0.99169815
1,1,0.99268746
1,1,0.9919121
0,0,0.045542292
1,1,0.9935409
0,0,0.004273598
0,0,0.03278381
1,1,0.9943598
0,0,0.009555576
0,0,0.17876378
1,1,0.98967534
1,1,0.99469584
1,1,0.99550545
1,1,0.9939778
1,1,0.99182844
0,0,0.09899266
1,1,0.99341995
0,0,0.006226111
1,1,0.9947896
1,1,0.9895628
0,0,0.056964397
0,0,0.10360147
1,1,0.9907831
0,0,0.020706648
0,0,0.04522809
0,0,0.06318227
1,1,0.99299353
0,0,0.011307729
0,0,0.028715769
1,1,0.9958817
0,0,0.11470918
1,1,0.99515605
1,1,0.99531037
0,0,0.002270431
1,1,0.9932335
0,0,0.024742099
1,1,0.9929081
1,1,0.9953902
1,1,0.98915756
0,0,0.0057922616
1,1,0.9947796
1,1,0.9932817
0,0,0.097678244
1,1,0.9754201
1,1,0.9888843
1,1,0.99231404
0,0,0.04286943
1,1,0.99501896
0,0,0.004569208
0,0,0.014950343
1,1,0.99373746
1,1,0.9934663
1,1,0.9964355
0,0,0.12310477
0,0,0.048136584
0,0,0.033798784
0,0,0.1602747
1,1,0.9802713
1,1,0.9923915
0,0,0.085555926
0,0,0.19446269
0,0,0.044405304
0,0,0.19398752
1,1,0.9953635
1,1,0.9888115
0,0,0.366948
0,0,0.018549038
1,1,0.9820426
1,1,0.9957082
1,1,0.9953797
0,0,0.0038571295
0,0,0.035497937
0,0,0.0863204
1,1,0.99369806
1,1,0.99655247
0,1,0.8571559
1,1,0.9491872
1,1,0.9929812
1,1,0.9919059
0,0,0.0073404047
1,1,0.9766198
1,1,0.993343
1,1,0.9925327
0,0,0.054980233
1,1,0.9813161
1,1,0.99136144
0,0,0.0017964058
1,1,0.994276
0,0,0.0024908374
0,0,0.002427144
1,1,0.99249834
1,1,0.993846
1,1,0.9638143
0,0,0.009177628
0,0,0.11808752
1,1,0.9946557
1,1,0.9895182
1,1,0.9932783
1,1,0.99415094
1,1,0.98274636
1,1,0.9865672
1,1,0.99044234
1,1,0.99559826
0,0,0.02224437
1,1,0.99411666
1,1,0.9957308
1,1,0.99220896
1,1,0.99523526
0,0,0.3572285
0,0,0.0073215547
1,1,0.99255145
1,1,0.9952017
1,1,0.9904751
1,1,0.99438924
0,0,0.14972189
0,0,0.05291904
1,1,0.9953708
0,0,0.19601613
0,1,0.5317389
1,1,0.99475914
1,1,0.99253523
1,1,0.9938822
1,1,0.99360377
0,0,0.37504816
0,0,0.029301165
0,0,0.015809761
1,1,0.99320495
1,1,0.996908
1,1,0.99360436
0,0,0.0014165147
0,0,0.051553737
0,0,0.0050754985
1,1,0.9935684
0,0,0.009967673
0,0,0.0018245052
0,1,0.98795253
0,0,0.2809377
1,1,0.99297947
0,0,0.02419813
1,1,0.98627263
0,0,0.009837832
0,1,0.71493995
0,0,0.34349045
0,0,0.063991375
0,0,0.05805285
0,1,0.9844418
1,1,0.99526465
0,0,0.04214806
1,1,0.9956304
0,0,0.001332614
1,1,0.99552697
1,1,0.995643
1,1,0.99357563
0,0,0.16047265
1,1,0.9805931
0,0,0.0017034676
0,0,0.023229849
0,0,0.12320899
0,0,0.005081206
1,1,0.9920106
1,1,0.9913293
1,1,0.99521685
1,1,0.99475205
0,0,0.0032310747
1,1,0.9746447
0,0,0.0115054315
1,1,0.9948579
1,1,0.9892168
1,1,0.9957105
0,0,0.0033864798
1,1,0.99529254
1,1,0.9925545
1,1,0.9938525
1,1,0.9940262
0,0,0.013438556
1,1,0.9961343
0,0,0.0021090123
1,1,0.9930386
1,1,0.9935929
1,1,0.9957682
1,1,0.99341303
1,1,0.9902174
1,1,0.995738
0,0,0.008289551
1,1,0.98758835
0,0,0.0023102106
1,1,0.9958341
0,0,0.012935186
1,1,0.9911212
1,1,0.9909067
0,0,0.013915198
1,1,0.9969855
0,0,0.12147241
0,0,0.0018570883
0,0,0.10696879
1,1,0.99479115
1,0,0.013662644
1,1,0.99342257
0,0,0.0024450962
0,0,0.004366387
1,1,0.9963566
1,1,0.9924219
0,1,0.8387573
1,1,0.99260473
0,1,0.8564352
0,0,0.030927945
0,0,0.0023836778
1,1,0.9955391
0,0,0.23247431
1,1,0.9944528
1,1,0.9942357
0,0,0.048429906
0,0,0.08871519
0,0,0.09304028
1,1,0.99420244
1,1,0.9860611
1,1,0.990695
0,0,0.0038584778
0,1,0.7875638
1,1,0.99379224
0,0,0.0013985371
0,1,0.9847911
0,1,0.6418149
1,1,0.9790791
0,0,0.003944537
1,1,0.9943545
1,1,0.9947784
1,1,0.9930225
0,0,0.22015758
0,0,0.14539713
1,1,0.9855591
0,1,0.94555146
1,1,0.9928946
0,0,0.0055216793
1,1,0.9937529
0,0,0.06461155
1,1,0.9947771
0,0,0.008431223
1,1,0.9942749
0,1,0.9011177
1,1,0.9960813
1,1,0.9896297
1,1,0.99347806
1,1,0.99508435
0,1,0.8918072
0,0,0.16336784
0,0,0.002776092
1,1,0.99194473
0,0,0.13668208
0,0,0.07434257
1,1,0.9934481
0,0,0.0050422433
0,1,0.84302795
0,0,0.012132593
0,0,0.035340745
0,0,0.037324406
1,1,0.98893994
1,1,0.9911799
0,1,0.99065465
0,0,0.04057466
0,0,0.009840657
0,0,0.043319505
1,1,0.994586
0,0,0.0030450025
1,1,0.9930426
0,0,0.19040963
0,0,0.024080668
0,0,0.016259007
0,0,0.11119655
0,0,0.06416963
1,1,0.9936976
0,0,0.3852767
0,0,0.037307426
1,1,0.9950912
1,1,0.99166894
0,0,0.019162662
0,1,0.993818
1,1,0.9895309
1,1,0.9961094
0,0,0.11503091
1,1,0.99610186
0,1,0.9043352
0,0,0.0020796333
1,1,0.98993367
0,0,0.10365875
1,1,0.99393207
0,0,0.16271433
1,0,0.24927084
1,1,0.99454737
0,0,0.049355853
1,1,0.99090475
0,0,0.24651717
1,1,0.99254674
0,0,0.02651673
1,1,0.99200577
0,0,0.032496393
1,1,0.9933615
1,1,0.99366695
1,1,0.9953511
1,1,0.99592304
0,0,0.0034042057
1,1,0.9938421
1,1,0.9960503
0,1,0.5917126
0,1,0.65349025
0,0,0.0026271585
1,1,0.9919315
1,1,0.99510854
0,0,0.092386544
0,0,0.06579649
1,1,0.9925701
1,1,0.9938426
1,1,0.99320436
1,0,0.43596914
0,0,0.1669643
0,0,0.03191394
0,0,0.015618364
0,0,0.0060412716
1,1,0.9930274
1,1,0.81391156
1,1,0.9917442
0,1,0.9919002
0,0,0.0027101377
0,0,0.026180256
0,0,0.0057738675
1,1,0.98684585
1,1,0.9912396
0,0,0.013046338
1,1,0.9935448
0,0,0.0013561111
0,0,0.24144222
1,1,0.9928075
1,1,0.990715
0,0,0.12755339
1,1,0.98637426
1,1,0.9916654
0,0,0.42097923
1,1,0.989421
1,1,0.9928543
1,1,0.9925373
0,0,0.002221234
0,0,0.048727617
0,1,0.87347925
0,1,0.9907769
0,0,0.04152478
0,1,0.88246286
0,0,0.030923186
0,0,0.036552
1,1,0.9928814
1,1,0.9937198
1,1,0.9760369
1,1,0.9739415
0,0,0.010244139
0,0,0.1360676
0,0,0.17782477
1,1,0.9934977
0,0,0.033945184
1,1,0.5068189
0,0,0.13605018
1,1,0.99340546
1,1,0.9770973
1,1,0.9903521
0,0,0.003677667
0,0,0.005450735
0,0,0.004711654
1,1,0.99340314
1,1,0.99464864
0,0,0.43317363
1,1,0.9407391
0,1,0.6494921
0,0,0.11210639
0,0,0.008775023
1,1,0.9935935
1,1,0.9949254
1,1,0.9918703
0,0,0.0024940358
0,0,0.0017602309
0,0,0.14469229
0,0,0.1610186
1,1,0.9907749
0,0,0.102177255
1,1,0.99525416
1,1,0.98859847
0,0,0.002717414
0,1,0.9574565
0,1,0.9732911
0,0,0.048283327
1,1,0.995434
1,1,0.8254282
0,0,0.2265987
1,1,0.9824218
1,1,0.99477214
0,1,0.989716
0,0,0.0035676395
0,0,0.4000274
1,1,0.99402374
0,0,0.024236677
1,1,0.9962727
0,0,0.0042167534
0,0,0.047821607
0,0,0.17574325
0,0,0.05146873
0,0,0.3387934
0,0,0.008987208
1,1,0.98988956
0,1,0.9509218
0,0,0.0662266
1,1,0.9949361
1,1,0.99345255
1,1,0.9943711
1,1,0.9938684
1,1,0.98620796
1,1,0.995598
1,1,0.99381375
1,1,0.9915935
0,0,0.0016627737
0,1,0.9887368
1,1,0.9904717
0,0,0.030794706
0,0,0.01940939
1,1,0.9917898
1,1,0.9961493
1,1,0.9850492
0,0,0.06390983
1,1,0.9933211
0,1,0.9866356
0,0,0.025287231
0,0,0.01696607
0,0,0.0015563435
0,0,0.0045919106
0,0,0.0062497533
0,1,0.7483281
1,1,0.99576926
0,1,0.9687113
0,0,0.0151372235
0,0,0.05891508
1,1,0.99585235
0,0,0.29068315
1,1,0.99162275
1,1,0.99250245
1,1,0.99434304
1,1,0.99410075
0,0,0.031531565
1,1,0.98929054
1,1,0.982487
0,0,0.16245191
1,1,0.9834525
1,1,0.99305093
1,1,0.98317647
1,1,0.9919859
0,1,0.9871111
1,1,0.99345267
1,1,0.9959686
0,0,0.07011064
0,0,0.068313934
0,0,0.0021186692
1,1,0.9949437
1,1,0.9940474
1,1,0.9912845
1,1,0.990446
1,1,0.99523073
1,1,0.9918522
0,0,0.0114156855
1,1,0.98881197
0,0,0.001864123
1,1,0.99499786
0,0,0.014902471
0,0,0.032702804
0,0,0.0029192953
1,1,0.99230015
0,0,0.010900271
1,1,0.9914072
0,0,0.027389683
0,0,0.009783793
0,0,0.034932867
0,0,0.010423261
0,0,0.021961883
0,0,0.021685243
1,1,0.98950106
1,1,0.99435693
1,1,0.99230546
1,1,0.99130285
0,0,0.003012673
0,0,0.027445354
1,1,0.9958762
0,0,0.16549751
0,0,0.38136083
1,1,0.98851997
0,0,0.1891359
1,1,0.9889515
1,1,0.9891033
0,0,0.019336928
0,0,0.02493098
1,1,0.98741096
1,1,0.9954716
0,0,0.07514187
1,1,0.9921967
0,0,0.008360048
1,1,0.9946444
0,0,0.08753236
0,1,0.6697803
1,1,0.99162054
0,1,0.95065206
0,1,0.6560532
0,0,0.109135784
1,1,0.99589217
1,1,0.9938453
1,1,0.9924003
0,0,0.04931908
0,0,0.052713424
1,1,0.993036
1,1,0.98675376
1,1,0.99071664
0,1,0.98570025
1,1,0.9957443
0,1,0.9907528
0,1,0.9920507
1,1,0.9923584
1,1,0.78292644
1,1,0.993328
0,0,0.053816758
0,0,0.05749836
1,1,0.9954306
1,1,0.99639267
0,0,0.058574393
0,0,0.020692106
1,1,0.99151695
0,0,0.02428857
0,0,0.15425293
0,0,0.09925336
0,0,0.0040139426
1,1,0.98908037
0,0,0.21246691
0,0,0.12357494
1,1,0.99276936
1,1,0.9957463
1,1,0.9932969
0,1,0.9919471
1,1,0.994776
0,0,0.0026002775
0,0,0.049884073
0,0,0.22700362
0,0,0.02003426
1,1,0.99311054
0,0,0.0027813243
1,1,0.99065185
0,0,0.01066145
0,0,0.0064229006
0,1,0.9845174
1,1,0.99518776
0,0,0.0014431744
1,1,0.97879124
0,1,0.8490969
0,0,0.47859073
1,1,0.99525523
1,1,0.99430627
0,0,0.15743923
1,1,0.99187285
1,1,0.9957624
0,1,0.5528536
0,1,0.9929558
1,1,0.9935406
0,0,0.09115939
0,0,0.03862666
0,0,0.019873932
0,0,0.01566475
1,1,0.99528235
1,1,0.98487455
1,1,0.990666
0,0,0.06938695
1,1,0.99376583
1,1,0.99518234
1,1,0.9933415
0,0,0.023800107
0,0,0.0029002978
0,0,0.003224732
1,1,0.97843105
0,0,0.11070777
1,1,0.9935855
1,1,0.9944602
0,0,0.4746285
0,0,0.009671687
0,0,0.20972568
0,1,0.9891769
1,1,0.9960968
0,0,0.0014202002
0,0,0.15728226
1,0,0.42278707
1,1,0.995181
0,0,0.022841142
0,0,0.100059435
0,0,0.044701673
1,1,0.9910054
0,1,0.88446337
1,1,0.9924976
0,0,0.014284753
1,1,0.9209176
0,0,0.015974997
1,1,0.99500483
1,1,0.99566466
1,1,0.98903775
0,0,0.0027318164
0,0,0.16117984
1,1,0.99366283
1,1,0.994356
0,1,0.56553686
0,0,0.0033861995
1,1,0.99388677
0,0,0.051290166
1,1,0.9935707
1,1,0.9937272
1,1,0.99622834
1,1,0.99055254
0,0,0.007874218
0,0,0.098096326
0,0,0.150928
1,1,0.9945661
0,1,0.9629444
0,0,0.06716913
0,1,0.9919361
0,0,0.37664884
0,0,0.05871742
1,1,0.99312806
1,1,0.9926736
1,1,0.99426717
1,1,0.9929103
1,1,0.9948361
1,1,0.99432844
0,0,0.07914486
0,0,0.010338764
1,1,0.99617165
1,1,0.991608
0,1,0.9565329
1,1,0.9909815
1,1,0.9911485
1,1,0.9902712
0,0,0.0054848846
0,0,0.012099394
0,0,0.0016740104
0,1,0.89003503
1,1,0.9935568
1,1,0.9925891
1,1,0.9844847
1,1,0.9958568
0,0,0.034737177
1,1,0.9929086
1,1,0.9957852
1,1,0.9962741
0,0,0.0049044047
0,1,0.6977175
1,1,0.99528706
1,1,0.99345523
0,0,0.44126448
1,1,0.9908602
0,0,0.10125023
1,1,0.9933466
1,1,0.9871459
1,1,0.9942213
0,0,0.0077187386
1,1,0.96099323
1,1,0.9939926
0,0,0.003980305
0,0,0.0065896623
0,0,0.29278332
1,1,0.992132
0,1,0.7461697
0,0,0.018091783
0,1,0.63925946
0,0,0.0014693905
0,0,0.0024759434
1,1,0.98278576
0,0,0.013093095
0,0,0.04541592
0,0,0.38381118
1,1,0.9928249
0,0,0.003018545
0,0,0.010139424
1,1,0.9754853
0,0,0.022596825
0,0,0.15899119
1,1,0.99339867
0,0,0.02970151
0,1,0.90361744
0,0,0.1973465
0,1,0.98744303
0,1,0.9834531
1,1,0.992847
0,0,0.24849962
0,0,0.0693114
0,0,0.02995975
1,1,0.9902366
0,0,0.010295636
0,1,0.77012837
0,0,0.07804385
0,1,0.98173356
0,0,0.12631768
0,0,0.442395
1,1,0.9959138
0,0,0.015360279
1,1,0.992853
0,0,0.008151027
1,1,0.9954873
0,0,0.09925766
1,1,0.9962172
1,1,0.9934823
1,1,0.99330056
0,0,0.052345768
0,0,0.066925086
1,1,0.9926023
0,0,0.42329758
1,1,0.9955342
1,1,0.98881537
0,0,0.20407984
1,1,0.99456125
1,1,0.99617636
0,0,0.048020143
0,0,0.4211587
0,0,0.12464923
0,0,0.015270884
0,0,0.19696234
1,1,0.99181694
0,0,0.007789634
1,1,0.99471515
1,1,0.99238986
1,1,0.9952178
0,0,0.056010474
0,0,0.03230296
0,0,0.103380255
1,1,0.9949352
0,0,0.034503616
0,0,0.008658746
0,0,0.12936398
1,1,0.99165946
1,1,0.99477863
1,1,0.9918577
1,1,0.9922193
0,1,0.95360464
1,1,0.9899809
1,1,0.9953467
0,0,0.3709052
1,1,0.9963858
0,1,0.65501034
1,1,0.9954352
1,1,0.99569255
1,1,0.9936557
1,1,0.99603003
1,1,0.9941391
1,1,0.99158853
1,1,0.9950063
0,0,0.0013490049
1,1,0.98726195
0,0,0.11601052
0,0,0.027792672
1,1,0.98493516
0,1,0.9464684
1,1,0.99258184
0,0,0.0192662
0,0,0.49207163
1,1,0.9538541
1,1,0.99282503
1,1,0.99613345
0,0,0.03377674
1,1,0.9950118
0,0,0.015564654
1,1,0.9933002
1,1,0.9952865
1,1,0.98650163
1,1,0.9945358
0,0,0.008115177
0,0,0.010251728
0,0,0.003353444
1,1,0.9927857
1,1,0.9886635
1,1,0.99222916
0,0,0.121592544
1,1,0.9959121
1,1,0.993996
1,1,0.9955657
0,0,0.10174115
0,0,0.020730603
1,1,0.9931335
1,1,0.99320024
1,1,0.99364
1,1,0.9754294
1,1,0.99511933
0,0,0.08056703
1,1,0.9958824
0,0,0.036951873
0,0,0.0042826757
1,1,0.99304307
1,1,0.98446137
1,1,0.9926945
1,1,0.99394363
1,1,0.97749716
0,0,0.08865671
1,1,0.99393576
0,0,0.0050085187
0,0,0.0017588137
0,1,0.7396279
0,0,0.041112162
0,1,0.9860157
0,1,0.6215017
0,1,0.60832804
0,0,0.19523273
1,1,0.9933275
1,1,0.99485356
1,1,0.99499905
1,1,0.9881566
1,1,0.98937863
0,1,0.5077387
1,1,0.9913453
1,1,0.9928462
1,1,0.9924367
0,1,0.68467593
1,1,0.9943679
1,1,0.99277437
0,0,0.07479413
0,0,0.03283828
0,0,0.048599966
0,0,0.0017517455
0,0,0.027029805
1,1,0.9942264
1,1,0.99344134
0,0,0.005411337
0,0,0.13861999
0,0,0.004154216
1,1,0.994351
1,1,0.9958633
1,1,0.9922017
1,1,0.9960598
0,0,0.0036792692
1,1,0.9955605
0,0,0.0021904486
1,1,0.9948336
1,1,0.99101275
0,0,0.027264543
1,1,0.99480695
1,1,0.99346244
1,1,0.99560505
1,1,0.99623674
0,0,0.0068521705
0,0,0.04265866
0,0,0.0012150255
0,0,0.06569859
1,1,0.9934336
0,0,0.008281496
1,1,0.99329376
0,0,0.01632663
1,1,0.9951627
0,0,0.021128446
1,1,0.9945299
1,1,0.99101067
0,0,0.07269679
1,1,0.9914948
1,1,0.9917487
0,0,0.022906339
1,1,0.9863642
0,0,0.010677939
0,0,0.044594023
0,0,0.22914235
0,0,0.011750901
0,0,0.0025621476
1,1,0.9947153
0,0,0.0061568483
1,1,0.9960147
1,1,0.9904372
0,0,0.004618133
1,1,0.9962692
0,1,0.9750171
1,1,0.99256366
0,0,0.074109204
1,1,0.9902334
0,1,0.9647362
1,1,0.9950937
0,0,0.049837433
0,0,0.018183487
1,1,0.9943467
0,0,0.00261466
0,0,0.028486824
0,0,0.0037559203
0,0,0.010282461
0,0,0.088579275
0,1,0.9467721
0,0,0.0018861494
1,1,0.9914521
0,0,0.23611765
1,1,0.9934669
1,1,0.9931201
1,1,0.9942748
1,1,0.995574
0,0,0.11439987
1,1,0.98502916
0,0,0.18771146
0,0,0.23876564
0,0,0.007187293
0,0,0.0040518283
1,1,0.99465275
0,0,0.15675911
0,0,0.0058807335
0,0,0.047031052
0,0,0.0050785816
0,0,0.17273477
0,0,0.22924516
0,0,0.39008686
1,1,0.9944026
1,1,0.99663913
0,0,0.029534828
0,0,0.027685277
1,1,0.9855239
1,1,0.9936334
1,1,0.99342585
0,0,0.07515509
0,0,0.010248805
0,0,0.0013792884
0,0,0.005376272
1,1,0.9933809
1,1,0.99289143
0,0,0.016558992
1,1,0.9930728
0,0,0.06549575
0,0,0.12090897
0,0,0.06988439
0,0,0.027093666
1,1,0.9938672
0,0,0.0049745175
1,1,0.96730185
0,1,0.9452562
0,1,0.53183323
0,0,0.17800532
0,0,0.0026954059
1,1,0.9408237
0,0,0.010517135
0,0,0.40960607
0,0,0.006959529
0,0,0.014509566
1,1,0.9943023
0,1,0.9684894
1,1,0.9947206
0,0,0.11495537
0,0,0.005188832
1,1,0.9936795
1,1,0.8222607
0,0,0.14031775
1,1,0.9917509
0,1,0.9837535
1,1,0.9937708
1,1,0.9962494
1,1,0.9858505
1,1,0.9915856
1,1,0.99426275
1,1,0.9910745
1,1,0.98548526
0,0,0.009481866
0,0,0.11501781
0,0,0.008795914
1,1,0.9906651
1,1,0.9905331
1,1,0.99171937
0,0,0.29235372
1,1,0.9925167
1,1,0.98870313
1,1,0.98011667
1,1,0.98726094
0,0,0.013890585
0,0,0.0029720173
0,1,0.9891945
1,1,0.9832533
1,1,0.9950151
1,1,0.9946768
1,1,0.99219257
0,0,0.045075983
1,1,0.9896917
1,1,0.9940837
1,1,0.99300534
1,1,0.9915833
1,1,0.99643505
1,1,0.9940983
0,0,0.013697676
1,1,0.9906295
1,1,0.9945528
0,0,0.3660064
0,0,0.0057634753
0,0,0.030049296
1,1,0.9931195
1,1,0.9890398
0,0,0.10288879
0,1,0.991228
0,0,0.062036417
1,1,0.9907039
1,1,0.9929773
0,0,0.0016422386
0,1,0.9799589
0,0,0.07909804
0,0,0.002603294
1,1,0.99372226
0,0,0.02473978
0,0,0.11280888
1,1,0.9915565
1,1,0.9936964
0,1,0.9879282
1,1,0.9939313
1,1,0.99682766
1,1,0.9958056
0,0,0.023376811
0,0,0.0060935696
0,0,0.0025635737
1,1,0.974665
0,0,0.018708311
1,1,0.9935486
1,1,0.9927234
1,1,0.9900142
0,0,0.082511105
1,1,0.98947805
0,0,0.071497
1,1,0.99540377
0,1,0.55033636
0,0,0.10555682
1,1,0.9886712
0,0,0.004827857
0,0,0.10240332
0,0,0.0023473096
0,0,0.05556196
0,1,0.6320524
0,0,0.011233761
1,1,0.9941089
0,0,0.004284504
1,1,0.9959299
1,1,0.99261814
0,0,0.029948525
0,0,0.005741636
1,1,0.99102193
1,1,0.9929183
0,0,0.009308927
0,0,0.014907009
0,0,0.10308231
0,0,0.0015406397
1,1,0.9906393
0,0,0.009443996
1,1,0.9923476
1,1,0.98825467
0,0,0.048894044
0,0,0.031775888
0,1,0.960739
0,0,0.04163661
1,1,0.99018294
1,1,0.9926569
1,1,0.99497014
0,0,0.018740274
0,0,0.016069172
0,0,0.0065059336
1,1,0.99578863
1,1,0.99470747
1,1,0.9941151
0,0,0.058963418
0,0,0.12122646
1,1,0.99310523
0,0,0.05782183
0,1,0.99284756
0,0,0.15597571
0,0,0.12099694
0,0,0.061540052
1,1,0.99306387
0,0,0.0014994236
0,0,0.016656347
1,1,0.9933258
0,0,0.04785649
0,0,0.045808654
1,1,0.99508023
0,0,0.44887176
1,1,0.99239033
1,1,0.9952041
1,1,0.9911385
0,0,0.025034457
0,0,0.030440774
0,0,0.03145058
0,0,0.040001426
1,1,0.9933629
0,1,0.9695878
0,0,0.0019002887
0,0,0.0019292653
0,0,0.45068207
1,1,0.9845771
1,1,0.9930099
0,0,0.015389176
1,1,0.9891894
1,1,0.9941824
1,1,0.9907578
0,0,0.1538751
0,0,0.0148133105
0,1,0.98247683
1,1,0.9947242
0,0,0.02325688
0,0,0.0020957023
0,0,0.082631916
0,0,0.0155098
1,1,0.992496
1,1,0.9904835
1,1,0.99174446
0,1,0.7186861
0,0,0.0034281928
1,1,0.99338716
0,0,0.0052911625
1,1,0.99530256
0,0,0.024008485
1,1,0.98461676
0,0,0.0071318345
0,0,0.004235101
0,0,0.010824523
1,1,0.9928636
0,0,0.07399729
1,1,0.99613804
1,1,0.99496716
0,0,0.054471564
1,1,0.9935116
1,1,0.99516064
1,1,0.98870254
0,0,0.07585946
0,0,0.036536433
1,1,0.99293387
0,0,0.0071032085
1,1,0.9918568
0,0,0.016946986
0,0,0.04769098
0,0,0.007830928
0,0,0.017147897
0,0,0.30386633
1,1,0.986233
0,0,0.0632475
1,1,0.9949734
0,0,0.12192287
1,1,0.9957367
0,0,0.089123346
0,0,0.08579215
1,1,0.99292797
1,1,0.99056166
0,0,0.47571722
0,0,0.1063623
1,1,0.9943567
0,0,0.044394884
1,1,0.99416155
0,0,0.017158654
0,0,0.0031471415
0,0,0.12064318
0,0,0.09939066
1,1,0.9923327
1,1,0.99658656
0,1,0.9011267
0,0,0.034940958
1,1,0.99331784
1,1,0.9931278
1,1,0.99534106
1,1,0.9945009
0,0,0.0024870087
1,1,0.9942154
1,1,0.9947515
0,0,0.0012649213
1,1,0.99435425
0,1,0.93706524
0,0,0.14328006
0,0,0.33929443
1,1,0.99187523
1,1,0.99120104
1,1,0.98610467
0,0,0.0046109334
0,0,0.00464771
0,0,0.4400934
0,0,0.004516957
1,1,0.9965689
1,1,0.9959187
1,1,0.9928803
0,0,0.08243933
1,1,0.9880883
0,0,0.30007944
0,0,0.10957392
1,1,0.99290645
1,1,0.9479532
0,1,0.8843755
0,1,0.9245686
0,0,0.28831995
0,0,0.05188206
1,1,0.9915087
0,1,0.9814631
1,1,0.9916931
0,0,0.082639515
1,1,0.9909418
0,0,0.00224772
1,1,0.99405944
0,0,0.0022894996
1,1,0.9954436
1,1,0.9949167
0,0,0.032314185
0,0,0.0037075982
0,0,0.025639063
0,1,0.7409219
0,0,0.020918528
0,0,0.0073161647
0,0,0.24570481
0,0,0.11465331
1,1,0.9902497
1,1,0.99250984
1,1,0.9952982
0,0,0.10537858
0,0,0.0023355559
1,1,0.9904412
0,0,0.00267273
0,0,0.0021076407
1,1,0.9925207
1,1,0.992642
0,0,0.03413616
0,0,0.09046601
1,1,0.994776
0,0,0.11863628
1,1,0.9875544
0,0,0.023200585
0,0,0.0035353638
1,1,0.9911301
1,1,0.98698425
1,1,0.9929039
1,1,0.99495536
1,1,0.9939691
0,1,0.6817679
0,0,0.008441064
0,0,0.15782942
0,0,0.03540704
1,1,0.9951568
0,0,0.0036913059
1,1,0.99307704
0,1,0.8716874
0,0,0.031750616
0,0,0.047552507
1,1,0.99488914
1,1,0.99371463
1,1,0.99160504
1,1,0.99506086
1,1,0.99522746
0,0,0.0017439638
0,1,0.9847494
0,0,0.065125234
0,0,0.028167056
1,1,0.99315214
1,1,0.9753009
1,1,0.9922948
1,1,0.9958074
1,1,0.99599165
0,0,0.43314466
0,0,0.047080457
0,0,0.012926946
1,1,0.9936539
1,1,0.97795767
0,0,0.0055451295
1,1,0.9476557
1,1,0.9941003
1,1,0.98271656
0,1,0.9901669
1,1,0.9924355
1,1,0.9811715
0,0,0.010128986
1,1,0.82400537
1,1,0.9954796
1,1,0.9924975
1,1,0.9948112
1,1,0.99505144
1,1,0.98907137
0,0,0.16048425
1,1,0.9903846
0,0,0.023201829
0,0,0.0037320768
0,0,0.24321407
1,1,0.9934117
1,1,0.993232
0,0,0.11915786
1,1,0.99617106
0,0,0.06614195
1,1,0.99579763
0,1,0.9401629
0,1,0.8650065
0,0,0.0029084368
0,0,0.010244599
1,1,0.99270344
0,0,0.06683623
1,1,0.9949079
1,1,0.9933255
0,0,0.008133544
0,0,0.024343437
0,0,0.01205579
1,1,0.9932373
1,1,0.991264
1,1,0.99593985
1,1,0.99192613
0,0,0.029865408
0,0,0.06295564
1,1,0.99567974
1,1,0.9897462
1,1,0.9717882
0,0,0.05257124
1,1,0.9933988
0,0,0.0034896166
0,0,0.002451028
0,0,0.0021480385
1,1,0.9915159
1,1,0.99532
0,0,0.026754765
0,0,0.0020124987
0,0,0.0021985385
1,1,0.968254
0,0,0.0021826
0,0,0.0035552583
1,1,0.9950486
0,0,0.032551754
1,1,0.99214315
0,0,0.002834405
1,1,0.99305576
1,1,0.99197996
0,0,0.059547234
0,0,0.0032537684
0,0,0.002796908
1,1,0.9927919
0,0,0.004108669
1,1,0.9917372
1,1,0.99448276
1,1,0.98676413
1,1,0.9587291
1,1,0.99671847
1,1,0.99479336
0,0,0.13531232
0,0,0.042802613
0,0,0.019992638
0,0,0.0082429955
0,1,0.75543576
1,1,0.99527633
0,0,0.1785199
0,0,0.024829417
0,0,0.00129533
1,1,0.99402136
1,1,0.995782
0,0,0.2762625
1,1,0.99246526
0,0,0.30606803
1,1,0.9931676
1,1,0.9926513
0,0,0.10893023
1,1,0.98884165
0,0,0.07877837
1,1,0.9071077
0,1,0.5307458
1,1,0.8843165
0,0,0.0018084283
0,0,0.032737777
0,0,0.33484066
0,0,0.024879934
0,1,0.99004817
0,0,0.09290757
0,0,0.0025991795
0,0,0.06862181
0,0,0.0048115975
0,0,0.023157466
0,0,0.13065411
0,1,0.8228852
1,1,0.99274033
0,0,0.06329564
1,1,0.99087286
1,1,0.9937802
1,1,0.9862192
0,1,0.9819032
1,1,0.9951427
0,0,0.0018754401
1,1,0.989903
0,0,0.0020939151
1,1,0.9936872
1,1,0.99286133
1,1,0.98520285
1,1,0.99453616
1,1,0.9941742
0,0,0.018902702
0,0,0.21053924
0,1,0.9766926
1,1,0.992847
1,1,0.99605054
1,1,0.99560416
0,0,0.02793233
0,0,0.040375493
0,0,0.023286225
0,0,0.26543674
1,1,0.9895034
0,0,0.004785213
1,1,0.99585825
1,1,0.9951644
0,1,0.65671563
0,0,0.0871211
0,0,0.0016937967
1,1,0.99575186
0,0,0.12862436
1,1,0.99111825
1,1,0.9920081
0,0,0.054505527
1,1,0.9966017
0,0,0.008118003
0,0,0.03601272
1,1,0.9836842
1,1,0.9926329
0,0,0.0016956844
0,0,0.07099954
1,1,0.99363625
1,1,0.99319285
1,1,0.9923211
0,0,0.034730807
1,1,0.9917427
0,0,0.05475746
1,1,0.99194664
1,1,0.99442494
0,0,0.010734819
1,1,0.99382496
0,0,0.0030845338
0,1,0.99062
0,1,0.92594653
1,1,0.99575824
1,1,0.9959046
1,1,0.99508864
1,1,0.9930419
1,1,0.9930443
0,0,0.030616054
1,1,0.9957302
1,1,0.99300873
1,1,0.99094754
0,0,0.001233799
0,0,0.026813349
1,1,0.99364376
0,0,0.044536054
0,0,0.16173604
1,1,0.9947524
1,1,0.9947444
0,1,0.9682312
1,1,0.99331844
1,1,0.99551845
1,1,0.9945648
0,0,0.0055002267
1,1,0.9838472
0,0,0.0018811667
0,0,0.001980673
0,0,0.026238702
1,1,0.9948843
1,1,0.9874879
0,0,0.09675762
0,0,0.05521616
1,1,0.99303037
0,0,0.0028401492
1,1,0.9889283
0,0,0.11447337
1,1,0.9944325
0,0,0.0013405923
1,1,0.9931398
0,0,0.11942494
1,1,0.9926523
0,0,0.02680281
1,1,0.99486923
0,0,0.42041227
1,1,0.9929772
1,1,0.99617684
0,0,0.013940797
0,0,0.0029521047
0,0,0.0032881063
1,1,0.99568594
1,1,0.9951538
0,0,0.25343072
1,1,0.989876
1,1,0.9956644
1,1,0.995917
0,0,0.091143794
0,0,0.03542401
1,1,0.9950381
0,0,0.015391797
1,1,0.9921327
0,0,0.024457507
0,0,0.002396471
0,0,0.054063473
0,0,0.0015692987
0,0,0.009255102
0,1,0.73258936
1,1,0.9940959
0,0,0.05919611
0,0,0.041572023
0,0,0.31213394
0,0,0.03429273
1,1,0.9935743
0,0,0.0021353522
0,0,0.006857247
0,1,0.972284
0,0,0.20554689
0,0,0.011257579
1,1,0.6635046
1,1,0.99059314
1,1,0.99542844
1,1,0.9926109
0,0,0.014976003
1,1,0.9936107
0,0,0.0012672854
1,1,0.99131995
0,0,0.11720097
0,0,0.0014786455
0,0,0.07216916
0,1,0.9881066
0,0,0.0045934143
1,1,0.9962799
0,0,0.040526103
1,1,0.99416876
1,1,0.9937251
0,0,0.013235295
1,1,0.9947044
1,1,0.9917368
0,0,0.006104794
1,1,0.9938094
1,1,0.9904765
1,1,0.99331105
1,1,0.9904213
0,0,0.0031640085
0,0,0.026568003
1,1,0.9937714
1,1,0.99119097
1,1,0.9950163
0,0,0.018055031
1,1,0.987087
1,1,0.9966912
0,1,0.9742768
0,0,0.017279768
1,1,0.9942603
0,1,0.679056
1,1,0.98690504
0,0,0.47470352
1,1,0.9930513
1,1,0.9941943
1,1,0.9961195
1,1,0.9948431
0,0,0.09665299
1,1,0.9912005
0,0,0.01011378
1,1,0.99403447
1,1,0.99507505
1,1,0.9943873
0,0,0.16477577
1,1,0.990222
0,1,0.7843103
0,1,0.9485869
1,1,0.99595284
1,1,0.9919109
0,0,0.20127015
0,0,0.006865702
1,0,0.12718953
1,1,0.9945701
0,0,0.045846812
0,0,0.074300826
0,0,0.0588763
0,0,0.013493655
0,0,0.006367887
0,0,0.07978978
0,0,0.08704463
1,1,0.9906018
0,0,0.0014739337
1,1,0.9950204
1,1,0.9916732
0,0,0.031952217
1,1,0.99380577
1,1,0.9932766
0,0,0.0188968
0,1,0.54273117
1,1,0.9943486
1,1,0.9897808
1,1,0.9933356
0,0,0.0023473653
1,1,0.99458045
1,1,0.9935272
0,0,0.073452644
0,0,0.0013955628
1,1,0.9954423
1,1,0.9923505
1,1,0.99835867
1,1,0.993338
0,0,0.12578358
1,1,0.9930093
0,1,0.9817059
1,1,0.99587387
0,0,0.0018971585
1,1,0.99259675
1,1,0.9919694
1,1,0.9929321
1,1,0.9957885
1,1,0.9938737
1,1,0.9930218
1,1,0.9918401
0,0,0.03569487
1,1,0.9950931
1,1,0.9916636
0,0,0.06721157
1,1,0.9831876
0,0,0.0035099671
1,1,0.9931926
0,0,0.023331476
1,1,0.98984283
1,1,0.9954465
0,0,0.0038254505
1,1,0.99448735
1,1,0.9924793
0,0,0.0017655778
0,0,0.20262983
1,1,0.9922841
1,1,0.99139345
1,1,0.99218774
0,0,0.16723688
0,0,0.066919886
1,1,0.9927543
0,0,0.001335542
0,1,0.97810876
0,0,0.010929836
0,0,0.0052200514
0,1,0.99072474
1,1,0.9897455
0,0,0.14972286
1,1,0.99294394
0,1,0.970199
0,0,0.0069227205
1,1,0.9916215
0,0,0.08366982
1,1,0.9928651
0,1,0.8463469
1,1,0.99096406
1,1,0.99473876
0,0,0.009213478
1,1,0.99304646
0,0,0.01682624
1,1,0.9906661
1,1,0.97239393
0,0,0.13994831
1,1,0.99018013
0,0,0.0887566
0,0,0.0063054427
1,1,0.9965552
0,1,0.98945075
0,0,0.047402743
1,1,0.99338394
0,0,0.18066964
0,0,0.0068266243
1,1,0.9951114
0,0,0.0020103394
0,0,0.121010385
0,0,0.0069931783
1,1,0.9949992
0,0,0.060096264
0,0,0.015967399
0,0,0.034232855
1,1,0.9950942
1,1,0.996082
1,1,0.9961287
0,0,0.38291076
1,1,0.9658702
1,1,0.9885217
0,1,0.91462255
1,1,0.9956039
1,1,0.9914773
0,0,0.001959068
1,1,0.8903824
0,0,0.004971474
0,0,0.13512404
1,1,0.995828
0,0,0.4339342
1,1,0.9878732
1,1,0.99279964
1,1,0.9875366
0,0,0.0022699526
1,1,0.99655557
0,0,0.023795253
0,0,0.09010293
0,0,0.008107998
1,1,0.9955746
1,1,0.99266464
1,1,0.99389315
0,0,0.022146763
0,0,0.03010445
1,1,0.99020606
0,0,0.0029991742
0,0,0.08219479
0,0,0.16684912
1,1,0.9963735
1,1,0.9954014
0,0,0.43654305
1,1,0.9928082
1,1,0.9910256
1,1,0.99185735
1,1,0.99598867
1,1,0.99541
1,1,0.99463934
1,1,0.9939844
1,1,0.9902194
1,1,0.9966608
0,0,0.012480822
1,1,0.99413705
1,1,0.9946733
0,0,0.011649001
1,1,0.9723192
0,1,0.98031986
1,1,0.9906753
0,0,0.24952698
1,1,0.99282974
1,1,0.9916291
0,0,0.045529466
1,1,0.9918142
1,1,0.9917265
0,0,0.4962492
1,1,0.99408925
0,0,0.14355262
0,0,0.0591709
0,0,0.044615213
1,1,0.9853682
1,1,0.9921137
1,1,0.9930528
1,1,0.9894538
1,1,0.99459743
0,0,0.009694211
1,1,0.9944741
0,0,0.04052925
1,1,0.98974544
1,1,0.9920849
1,1,0.9940665
1,1,0.9931322
1,1,0.9943891
1,1,0.9954791
0,0,0.4058568
1,1,0.993909
0,1,0.8810797
1,1,0.99485517
0,0,0.07939296
1,1,0.9923343
0,0,0.15147403
1,1,0.99327
0,0,0.022880444
0,0,0.059466776
0,0,0.0013348083
0,0,0.001769512
1,1,0.98952883
1,1,0.9944537
0,0,0.08947773
1,1,0.99539596
0,0,0.0012148861
0,0,0.070464715
0,0,0.0023230629
0,0,0.19102545
1,1,0.9919946
1,1,0.9957151
1,1,0.99584717
1,1,0.9943282
1,1,0.9945491
1,1,0.99461585
1,1,0.9957124
0,0,0.15618321
0,0,0.082628384
0,0,0.09675903
1,1,0.9952502
1,1,0.98426396
0,0,0.012391713
0,0,0.01932653
0,0,0.11090711
1,1,0.9928294
0,0,0.022228057
0,1,0.95110875
0,0,0.0051622475
0,0,0.02353953
0,0,0.013614943
0,0,0.0020169204
1,1,0.9903369
0,1,0.66424066
0,0,0.473922
1,1,0.99295336
1,1,0.9949309
0,0,0.061286654
0,0,0.022472026
0,0,0.004145736
1,1,0.9948214
0,0,0.046581082
1,1,0.7651185
0,0,0.005861114
1,1,0.99181753
1,1,0.9950824
1,1,0.9923139
1,1,0.9940539
0,1,0.96507007
1,1,0.9943652
1,1,0.99287474
0,0,0.0033800157
0,0,0.121855035
1,1,0.99521893
0,0,0.37429225
0,0,0.029680528
0,0,0.10751153
1,1,0.98899406
1,1,0.9932254
0,0,0.23807153
1,1,0.9887806
1,1,0.99261343
1,1,0.9791077
1,1,0.9874794
1,1,0.9961629
1,1,0.9946243
0,0,0.008241164
0,0,0.2560819
0,0,0.019180538
1,1,0.9942908
0,0,0.0023221958
1,1,0.9940795
1,1,0.99371135
0,0,0.005882206
1,1,0.99303365
1,1,0.9947372
0,0,0.029293489
1,1,0.987931
1,1,0.9942069
1,1,0.99201703
1,1,0.9939704
0,1,0.9400178
0,0,0.008103502
0,1,0.7120537
1,1,0.9951858
0,0,0.0163054
0,0,0.06733979
1,1,0.98664933
1,1,0.9806157
1,1,0.9919384
0,1,0.9852137
0,0,0.13114497
0,0,0.006839565
1,1,0.994024
1,1,0.99365884
0,0,0.0061206347
0,0,0.08786834
1,1,0.99493814
1,1,0.9912497
1,1,0.9935655
0,0,0.0052749394
1,1,0.98279136
0,0,0.12668839
0,0,0.054568123
0,1,0.99186724
0,0,0.14281009
0,0,0.041296355
0,0,0.0017245839
1,1,0.9947627
0,0,0.026374638
0,1,0.68162227
0,0,0.061886344
0,0,0.18603292
1,1,0.99317765
0,1,0.9733295
0,1,0.61042666
0,0,0.016797462
0,0,0.21703592
1,1,0.99359906
0,1,0.98940593
1,1,0.995758
0,0,0.006807761
0,0,0.009614927
0,0,0.41076437
1,1,0.99601316
1,1,0.99558985
0,0,0.0036231778
1,1,0.9888602
1,1,0.9927979
1,1,0.99045664
0,0,0.002259813
0,0,0.106970616
0,0,0.037132677
0,1,0.6833089
1,1,0.9956518
0,1,0.96817666
1,1,0.99436885
0,0,0.0028749944
1,1,0.986891
1,1,0.99028987
0,1,0.5416121
0,0,0.31868708
0,0,0.0013610186
0,0,0.025228925
1,1,0.9587431
0,0,0.010833788
1,1,0.99410015
1,1,0.9930253
1,1,0.99262905
1,1,0.99622154
1,1,0.99503267
0,0,0.006676807
0,1,0.825989
0,0,0.14091077
1,1,0.99486357
1,1,0.9939459
0,0,0.3653853
0,1,0.97676796
1,1,0.9700678
0,0,0.2886551
0,0,0.028286094
0,0,0.021765472
1,1,0.9953874
0,0,0.035500694
0,0,0.052429684
1,1,0.99450135
1,1,0.99068743
1,1,0.9907862
1,1,0.99099207
0,0,0.068212755
0,0,0.18914106
0,0,0.003621964
0,0,0.051874086
1,1,0.9958579
0,1,0.954822
1,1,0.9951507
0,0,0.024775142
0,0,0.0038177571
1,1,0.99337935
0,0,0.002488648
0,0,0.01654665
1,1,0.98186916
1,1,0.98510844
0,0,0.15589091
0,0,0.007240495
1,1,0.9908117
1,1,0.99442744
1,1,0.9888671
0,0,0.052699264
1,1,0.99412006
1,1,0.9916821
0,0,0.12695459
1,1,0.99234605
1,1,0.99455863
0,0,0.002120878
1,1,0.99386615
0,1,0.5725852
0,0,0.0069638384
1,1,0.99423355
0,1,0.794613
0,0,0.20212959
1,1,0.9945557
1,1,0.99246854
0,0,0.0027015295
1,1,0.99422884
1,1,0.99223316
1,1,0.99546427
1,1,0.99492186
1,1,0.992255
1,1,0.9951114
0,1,0.6468669
1,1,0.99591845
0,0,0.0016504397
0,0,0.0049375426
0,0,0.015584035
1,1,0.98987794
1,0,0.48516807
1,1,0.99120516
1,1,0.9889608
1,1,0.9949136
0,0,0.033875868
0,0,0.023220543
1,1,0.99352586
0,0,0.011453038
1,1,0.99398685
0,0,0.002179238
0,0,0.037419543
0,1,0.8845448
1,1,0.9930154
0,0,0.020640457
0,0,0.02305791
0,0,0.0020109918
0,1,0.9855021
0,0,0.061646644
0,0,0.06641573
0,0,0.071202986
0,1,0.9723583
0,0,0.0397977
0,0,0.020876866
0,1,0.6862014
0,0,0.06536254
1,1,0.9857919
1,1,0.99345523
1,1,0.9922643
0,0,0.0135097755
1,1,0.99602664
1,1,0.99525744
0,0,0.016249996
1,1,0.990053
0,0,0.25624406
1,1,0.9893595
0,0,0.056655686
0,0,0.02346529
1,1,0.9925054
0,1,0.9822202
0,0,0.0018274777
1,1,0.93151724
0,0,0.0027626096
1,1,0.9933676
0,0,0.05090482
0,1,0.9839589
0,0,0.0036436769
1,1,0.9955978
0,0,0.011413264
1,1,0.9968515
1,1,0.9937356
1,1,0.99224997
0,0,0.017764091
0,0,0.0028924595
1,1,0.9949856
0,0,0.0044816104
0,0,0.03201304
1,1,0.9944969
1,1,0.9922678
1,1,0.9947802
1,1,0.99213177
0,0,0.08661422
0,0,0.20513166
1,1,0.9925442
0,0,0.119890794
1,1,0.9941732
1,1,0.9904219
0,0,0.275014
0,1,0.7243893
0,0,0.07343226
1,1,0.98411834
1,1,0.99381846
0,1,0.99233305
0,1,0.89538664
1,1,0.99162406
0,0,0.079994306
1,1,0.9912224
1,1,0.9941445
1,1,0.9944167
1,1,0.9920569
1,1,0.9957306
0,0,0.10142779
1,1,0.9944382
1,1,0.994224
1,1,0.99480045
0,0,0.048623513
0,0,0.0058437795
0,1,0.97323304
0,0,0.0024084663
0,0,0.06847548
1,1,0.9911725
0,0,0.0114290975
0,1,0.648247
1,1,0.99428034
1,1,0.99091387
1,1,0.99507797
1,1,0.99492574
0,1,0.9713817
0,0,0.032481648
0,0,0.3300774
0,0,0.0026381752
1,1,0.9958651
0,1,0.98969144
0,1,0.93451214
1,1,0.99556303
0,0,0.0043794625
0,0,0.10630229
1,1,0.9900457
0,0,0.073203
1,1,0.9856199
0,1,0.9881967
0,0,0.07941647
1,1,0.9958081
1,1,0.99374986
1,1,0.9925962
0,1,0.8673543
1,1,0.99324095
1,1,0.9941467
0,0,0.003337754
1,1,0.9929427
0,1,0.8715944
1,1,0.9935121
0,0,0.08626842
0,0,0.010755021
0,0,0.009387619
0,0,0.011555295
1,1,0.99405473
1,1,0.99547946
0,0,0.10819623
1,1,0.98973364
0,0,0.28555197
0,0,0.0111900335
1,1,0.9937423
1,1,0.992979
0,0,0.40959656
0,1,0.95775795
0,0,0.0020678039
0,0,0.016343363
1,1,0.995701
1,1,0.983859
0,0,0.0064207334
0,0,0.01622684
0,0,0.011170255
1,1,0.9903059
0,0,0.004474099
1,1,0.9900317
1,1,0.993755
1,1,0.9933711
1,1,0.99076617
1,0,0.4797218
0,0,0.002130191
0,0,0.06385054
0,1,0.95298374
0,1,0.93577605
1,1,0.9958859
1,1,0.9918521
1,1,0.99147475
1,1,0.9952781
1,1,0.9943516
1,1,0.99355656
0,0,0.0068376027
0,0,0.09216537
0,1,0.98071414
1,1,0.9861313
1,1,0.98940605
1,1,0.99352586
0,0,0.118169315
1,1,0.9951645
0,0,0.0021390507
0,1,0.98171496
1,1,0.9957767
1,1,0.99256116
1,1,0.99387854
1,1,0.9916496
1,1,0.9922925
0,0,0.022566624
1,1,0.99101186
0,0,0.1326922
1,1,0.9816127
0,0,0.27683634
0,0,0.06890188
0,0,0.11121717
1,1,0.9887355
1,1,0.98844427
0,0,0.0025600232
1,1,0.99408674
1,1,0.9957021
1,1,0.9938326
1,1,0.78900766
1,1,0.9940567
0,1,0.9232
0,0,0.041825257
1,1,0.99324495
1,1,0.99426347
0,0,0.4702143
0,0,0.2920956
1,1,0.9948813
0,0,0.042346425
0,0,0.045673143
1,1,0.99577314
0,0,0.16608101
1,1,0.9950104
1,1,0.99469465
1,1,0.9948813
0,1,0.53872675
0,0,0.0016425842
0,1,0.96192586
0,0,0.057651047
0,1,0.9198309
1,1,0.9938518
1,1,0.99461293
1,1,0.9923458
1,1,0.99462986
1,1,0.9948519
0,0,0.023996783
1,1,0.99312806
0,1,0.81000113
1,1,0.9944107
0,0,0.012990639
1,1,0.97434235
0,0,0.0024364674
0,1,0.93845487
0,0,0.037104994
1,1,0.99545515
1,1,0.9956721
0,0,0.09608304
0,0,0.003617015
0,0,0.14201906
1,1,0.9948414
0,0,0.023303393
0,0,0.0019151425
0,1,0.6414214
0,0,0.26763314
0,0,0.004861029
0,0,0.0095055625
1,1,0.9935666
0,0,0.032130856
1,1,0.9905005
0,0,0.12058066
1,1,0.9869797
0,0,0.033713713
1,1,0.99362826
1,1,0.99427575
1,1,0.99519795
0,0,0.027661154
1,1,0.99321556
0,0,0.27121234
1,1,0.99367684
0,0,0.014925084
1,1,0.98396736
1,1,0.98323625
1,1,0.9945299
0,0,0.0072597903
0,0,0.08595852
1,1,0.99414706
0,0,0.028202437
0,0,0.0796061
0,0,0.056807347
1,1,0.99469614
0,0,0.010930567
1,1,0.9958567
1,1,0.9952123
0,0,0.078393966
0,0,0.13833022
1,1,0.99535745
1,1,0.9942649
1,1,0.98588353
1,1,0.991994
0,0,0.10756903
0,1,0.7206521
1,1,0.9954079
1,1,0.9937313
0,0,0.04569583
0,0,0.078910425
0,0,0.03615141
1,1,0.99320364
1,1,0.9948515
0,0,0.11201427
1,1,0.99212646
0,0,0.25024727
0,0,0.08857501
0,0,0.099011794
1,1,0.99112636
1,1,0.98893434
1,1,0.99438524
0,0,0.020459397
0,0,0.028250545
1,1,0.9924271
1,1,0.99487525
1,1,0.99288356
1,1,0.98591214
1,1,0.9900671
1,1,0.99223083
0,0,0.19703071
1,1,0.9952129
0,0,0.041030705
0,0,0.04205257
0,0,0.046989735
0,0,0.0045525962
0,0,0.024805725
0,0,0.07875073
1,1,0.99362296
0,0,0.25211275
0,0,0.1326816
1,1,0.9939744
0,0,0.009299208
0,0,0.063379884
0,0,0.005626126
1,1,0.9906034
0,0,0.07790987
0,1,0.725009
1,1,0.9950872
1,1,0.9936201
1,1,0.9910648
0,0,0.005500419
1,1,0.99232036
1,1,0.9932033
0,0,0.022588095
0,0,0.011380096
1,1,0.9944654
1,1,0.9952121
0,0,0.06260958
1,1,0.9952928
0,0,0.0025496373
0,0,0.0051995795
0,0,0.001924898
1,1,0.9944278
1,1,0.995751
0,1,0.57635117
0,0,0.07548451
1,1,0.992691
1,1,0.9953461
0,0,0.071944565
1,1,0.99484456
0,0,0.0012392888
0,0,0.030234814
0,0,0.055618577
1,1,0.9964994
1,1,0.99083567
0,0,0.047147833
0,0,0.1076573
1,1,0.9936055
1,1,0.9928445
1,1,0.9914868
0,0,0.0027843788
0,0,0.082490854
1,1,0.9944153
1,1,0.99242353
0,0,0.001855181
0,0,0.013251523
1,1,0.9170785
0,0,0.0024389743
0,0,0.054482125
1,1,0.9962083
0,1,0.8074867
1,1,0.9943183
1,1,0.99200493
0,0,0.05166909
0,0,0.18472293
0,0,0.00572207
0,1,0.6443109
1,1,0.9939083
0,0,0.049936324
1,1,0.9869889
1,1,0.99566025
0,0,0.19225663
1,1,0.99530596
1,1,0.9942988
1,1,0.99524176
0,1,0.7584572
1,1,0.99358976
1,1,0.99262434
1,1,0.93858486
0,0,0.06275477
0,0,0.19605082
1,1,0.99505013
1,1,0.9920293
0,0,0.17132387
0,0,0.19225253
0,0,0.027409546
0,0,0.113951966
0,1,0.98660916
0,0,0.018864805
1,1,0.9925033
0,0,0.07648961
1,1,0.99239033
0,0,0.010845641
1,1,0.9962942
0,0,0.019493807
0,0,0.0024793374
0,1,0.6892985
0,0,0.001904738
1,1,0.99215627
0,0,0.00722909
0,0,0.0018216096
0,0,0.0032732533
0,0,0.0031956409
0,0,0.03911152
0,0,0.025724297
0,0,0.023973497
1,1,0.9926992
0,0,0.026668407
0,0,0.03468984
1,1,0.99600536
0,0,0.08131246
0,1,0.9730637
0,0,0.06397628
1,1,0.9923127
1,1,0.98918265
1,1,0.99222213
1,1,0.9950787
1,1,0.9949897
0,0,0.049491122
0,0,0.003221688
0,0,0.0018240642
1,1,0.99418986
0,0,0.16795796
1,1,0.9943163
0,1,0.9467047
1,1,0.99451584
0,0,0.047970254
1,1,0.9914511
1,1,0.99023086
1,1,0.98046035
1,1,0.99499786
0,0,0.0029204034
1,1,0.98898405
1,1,0.9951018
1,1,0.99280083
0,0,0.03445407
0,0,0.013626001
0,0,0.013995577
1,1,0.99520373
1,1,0.99517953
0,0,0.0037916773
0,0,0.0021231703
0,0,0.2752519
0,1,0.59843254
1,1,0.9949962
0,0,0.012526611
0,0,0.009500895
0,0,0.016961345
0,0,0.0023634501
0,0,0.026742522
1,1,0.9960294
1,1,0.9969754
0,0,0.02198132
0,0,0.032061826
1,1,0.99450916
1,1,0.9949058
1,1,0.99506724
0,0,0.0019464543
1,1,0.9950682
0,0,0.049877312
0,0,0.070926584
0,1,0.7958393
1,1,0.9954203
1,1,0.9937354
0,1,0.9881307
1,1,0.995466
1,1,0.9862831
1,1,0.99534297
0,0,0.083963595
1,1,0.9933247
0,0,0.0016115201
0,0,0.05698698
1,1,0.99235725
1,1,0.9933461
1,1,0.9901456
0,0,0.10544172
0,0,0.010081394
1,1,0.9957443
1,1,0.98902124
0,1,0.52524245
1,1,0.9946301
1,1,0.99450463
0,0,0.12821278
0,0,0.0032605445
1,1,0.9897161
1,1,0.9765504
1,1,0.9468321
1,1,0.99432313
0,0,0.003798297
1,1,0.9917824
1,1,0.99553275
0,0,0.028043982
0,0,0.16487028
0,0,0.01153146
0,1,0.9876342
1,1,0.99594975
0,0,0.00206214
0,0,0.051163156
0,0,0.039344788
1,1,0.99514776
0,0,0.0017175332
0,0,0.10102044
1,1,0.9919116
0,0,0.35011992
0,0,0.03756198
0,0,0.0024393317
0,0,0.04970169
1,0,0.13720983
0,1,0.98478556
0,0,0.09796678
0,0,0.064256586
1,1,0.99314743
0,0,0.0015264963
1,1,0.9919503
1,1,0.9909129
0,1,0.883986
1,1,0.99389416
1,1,0.9930901
1,1,0.99366105
1,1,0.9940023
1,1,0.9952259
0,0,0.0023464742
0,0,0.026444443
0,0,0.0946145
1,1,0.991907
0,1,0.974601
0,0,0.06290759
0,0,0.008290987
0,1,0.9918894
1,1,0.9941941
0,1,0.9877132
0,0,0.061719302
1,1,0.99492776
1,1,0.9870356
0,0,0.092554614
0,0,0.07027132
1,1,0.9964101
1,1,0.99214315
0,0,0.03265132
1,1,0.99357915
1,1,0.9953674
0,0,0.024412056
1,1,0.8521868
1,1,0.9954005
0,0,0.064442456
1,1,0.994504
0,0,0.04212221
1,1,0.9792437
1,1,0.9950021
0,0,0.113260016
1,1,0.99627244
1,1,0.99476284
0,0,0.08405693
1,1,0.99470335
0,0,0.05503871
0,0,0.06995808
1,1,0.9945208
1,1,0.9924851
0,0,0.09873251
0,0,0.0037041844
0,1,0.75795627
0,0,0.036806367
1,1,0.9962624
0,0,0.0029280987
0,0,0.07852043
1,1,0.9958151
1,1,0.9933524
1,1,0.9924636
0,0,0.3989934
0,0,0.03869987
1,1,0.9854193
0,0,0.02067637
1,1,0.995593
0,0,0.004914678
0,1,0.9903955
0,0,0.012173891
1,1,0.9931244
1,1,0.9951627
1,1,0.9928685
1,1,0.9935104
0,0,0.0015513736
0,0,0.0014103613
0,0,0.0031418307
0,0,0.024643993
1,1,0.99591535
0,0,0.0020931629
0,0,0.056327343
0,0,0.40548083
1,1,0.9942198
0,0,0.009239615
0,0,0.07176131
0,0,0.0042283298
1,1,0.9961838
1,1,0.99638283
1,1,0.9934094
0,0,0.0062108827
1,1,0.9960296
0,0,0.005087895
1,1,0.99433655
0,0,0.0014763086
0,0,0.0944581
1,1,0.9914653
1,1,0.98840195
0,0,0.003591387
1,1,0.99477345
1,1,0.9956197
0,0,0.07058698
1,1,0.9960522
1,1,0.99454737
0,1,0.9884588
1,1,0.9956391
0,0,0.040434696
0,0,0.3831894
1,1,0.9922948
0,1,0.63967085
0,1,0.9821003
1,1,0.9948255
0,0,0.0026995428
0,0,0.0019388942
0,0,0.0076986845
1,0,0.38894472
1,1,0.97904646
0,0,0.3690243
0,0,0.026969085
0,0,0.0014399888
1,1,0.9920041
1,1,0.9962269
0,0,0.06361548
1,1,0.99493563
1,1,0.9951109
1,1,0.98936707
1,1,0.9962675
0,0,0.0014025096
0,0,0.0545229
1,1,0.99083835
1,1,0.99364614
1,1,0.98605365
1,1,0.99446106
1,1,0.985518
1,1,0.99543023
0,0,0.004917443
0,0,0.3013976
1,1,0.99631256
1,1,0.99337256
0,0,0.13058275
1,1,0.99612576
0,0,0.048340898
1,1,0.991816
1,1,0.9934273
0,0,0.027315073
1,1,0.9951787
1,1,0.9929488
1,1,0.9943777
0,0,0.005916291
1,1,0.9935436
1,1,0.99211264
1,1,0.99313253
0,0,0.0047880905
0,0,0.030279009
0,0,0.045444384
1,1,0.99408394
0,0,0.025151066
0,0,0.1044028
1,1,0.9929491
0,0,0.10013967
0,0,0.012123722
0,0,0.054803457
0,1,0.95770705
1,1,0.99570966
1,1,0.9917425
1,1,0.9933513
0,0,0.018344771
1,1,0.9892371
1,1,0.9936162
1,1,0.99567753
1,1,0.9887024
1,1,0.99486625
0,0,0.058535594
0,0,0.11110589
0,1,0.75943816
0,0,0.017074503
0,0,0.384533
1,1,0.98516685
0,1,0.98597866
1,1,0.9933616
1,1,0.99572206
1,1,0.99604344
0,0,0.0017430701
1,1,0.97900826
1,1,0.991598
0,1,0.9883008
1,0,0.3842782
0,1,0.5498039
1,1,0.9945221
1,1,0.9945187
1,1,0.9950577
0,0,0.0025989
1,1,0.9951698
0,1,0.98799175
1,1,0.9932342
1,1,0.98956877
0,0,0.024754621
0,0,0.0018643813
1,1,0.9940157
0,0,0.048727583
0,0,0.08922964
1,1,0.9965988
1,1,0.9930609
1,1,0.99440634
0,0,0.016985439
1,1,0.9925028
0,0,0.07615338
1,1,0.98992854
0,0,0.024067784
1,1,0.9945134
0,1,0.9683252
0,0,0.016863301
0,0,0.0014667693
0,0,0.016228901
0,0,0.019741679
1,1,0.9953644
1,1,0.9955006
0,0,0.04259325
0,0,0.006231991
1,1,0.9931861
0,1,0.97985804
0,0,0.005061917
0,0,0.001468263
0,0,0.008559869
1,1,0.99462813
0,0,0.003580316
0,1,0.9501398
0,1,0.99373573
0,0,0.19299449
1,1,0.9936708
1,1,0.99097073
1,1,0.9895163
1,1,0.8637004
0,0,0.0019708404
0,0,0.002445374
0,1,0.9823501
1,1,0.9890788
1,1,0.9932614
0,0,0.029399555
1,1,0.9932574
0,0,0.1328961
0,0,0.038546607
0,0,0.09680128
0,0,0.04451194
1,1,0.99521446
1,1,0.9930861
1,1,0.9950654
0,0,0.01898531
1,1,0.99514055
0,0,0.3863513
0,0,0.013112789
1,1,0.99126816
1,1,0.993042
0,0,0.032374687
1,1,0.9938698
1,1,0.99242353
1,1,0.99533206
1,1,0.99617094
1,1,0.9953342
1,1,0.986917
0,0,0.3596554
0,0,0.057216886
1,1,0.99364364
0,0,0.13319047
1,1,0.9920406
1,1,0.9933687
0,1,0.5174359
1,1,0.995103
1,1,0.9922724
0,0,0.01874605
1,1,0.9935768
1,1,0.97834945
1,1,0.9953921
0,0,0.028433334
1,1,0.9888793
0,0,0.045979038
1,1,0.99088895
0,0,0.027500441
1,1,0.9953265
1,1,0.99262977
1,1,0.99232906
1,1,0.99541855
1,1,0.9945862
0,1,0.6964891
1,1,0.9950287
0,0,0.036423262
0,0,0.004658041
0,0,0.045561515
0,0,0.110331476
1,1,0.98616713
1,1,0.88729966
1,1,0.995365
0,0,0.004617412
1,1,0.9924131
0,0,0.0024180976
1,1,0.99156296
1,1,0.99614954
1,1,0.99488294
1,1,0.9940035
1,1,0.9959187
1,1,0.924639
0,0,0.006339258
0,0,0.011532455
0,0,0.013770839
1,1,0.99050856
1,1,0.9949078
1,1,0.99488693
0,1,0.53160197
1,1,0.9886875
1,1,0.99636084
1,1,0.99451137
1,1,0.9923963
0,0,0.0050709015
1,1,0.9917196
0,0,0.091192335
1,1,0.9910319
1,1,0.99214184
0,0,0.012002957
1,1,0.99315155
1,1,0.98927116
0,0,0.14483525
0,1,0.923143
0,0,0.009852791
0,0,0.12737438
0,0,0.10449379
1,1,0.99706477
1,1,0.9930374
0,1,0.9849311
1,1,0.996111
0,0,0.0028810643
1,1,0.9924775
0,0,0.013081807
1,1,0.98976314
0,0,0.47342542
0,0,0.0142777525
1,1,0.99591416
1,1,0.99435645
0,0,0.03395244
1,1,0.99298674
1,1,0.99579585
1,1,0.99283665
0,0,0.067571715
0,0,0.11051505
0,0,0.0026373072
1,1,0.99530965
0,0,0.12291262
0,0,0.001465851
0,1,0.87559134
0,0,0.29007563
1,1,0.99592066
0,0,0.021778014
0,0,0.45370534
0,1,0.96595854
0,1,0.9948319
0,0,0.14498569
0,0,0.0018437798
1,1,0.9904317
1,1,0.98819643
1,1,0.99622005
1,1,0.99180484
1,1,0.98900324
1,1,0.9951094
0,1,0.96301544
1,1,0.996745
0,0,0.037069425
0,0,0.09247452
1,1,0.98785305
1,1,0.99522346
1,1,0.99186265
0,0,0.0021076861
1,1,0.9890926
1,1,0.99197924
1,1,0.9899592
1,1,0.97343653
1,1,0.9900039
1,1,0.99355763
1,1,0.99495196
1,1,0.994493
0,0,0.30535913
1,1,0.9954092
0,1,0.9627928
0,0,0.20127003
0,0,0.06473185
1,1,0.99529654
1,1,0.99414706
0,0,0.109169036
1,1,0.9912475
0,0,0.008093696
1,1,0.9886382
0,0,0.025839444
1,1,0.99672866
1,1,0.9907355
1,1,0.9020973
0,0,0.0018044044
1,1,0.9954288
1,1,0.9960239
1,1,0.9933122
0,1,0.8822103
0,0,0.0025288023
0,0,0.011480205
0,0,0.019679062
1,1,0.9932954
0,0,0.033624507
1,1,0.9951043
1,1,0.9939107
1,1,0.9908585
0,0,0.0036055811
1,1,0.9931144
0,0,0.026294872
1,1,0.99270505
1,1,0.99347174
1,1,0.9955876
0,0,0.11718309
0,0,0.019152666
0,0,0.13647497
0,0,0.0016126167
1,1,0.9933543
1,1,0.9952297
0,1,0.97371906
1,1,0.9900989
0,1,0.900958
0,1,0.9840502
0,1,0.5988618
0,0,0.0077097737
1,1,0.9945529
1,1,0.99609536
0,0,0.07856192
0,0,0.012864214
0,0,0.050673816
1,1,0.99573755
0,0,0.0040388484
0,0,0.014723072
0,0,0.048164528
0,0,0.004048341
0,0,0.014315437
1,1,0.9877636
1,1,0.98946637
0,1,0.5528174
1,1,0.9954378
1,1,0.99192214
0,0,0.030852808
0,0,0.040280797
0,0,0.005540267
1,1,0.9954758
1,1,0.99031407
1,1,0.9888392
1,1,0.9920589
0,0,0.031040175
0,0,0.0019280795
1,1,0.99172837
0,1,0.85270435
1,1,0.9853351
1,1,0.99479806
1,1,0.98659956
0,0,0.021765934
1,1,0.99005055
0,0,0.16936016
1,1,0.99521977
1,1,0.9873317
0,1,0.8352471
1,1,0.9947954
1,1,0.99559045
1,1,0.99586606
0,1,0.921418
1,1,0.991814
1,1,0.9935855
0,0,0.23987181
1,1,0.99565434
1,1,0.994068
1,1,0.99165803
1,1,0.9932688
1,1,0.9913701
0,0,0.096384585
1,1,0.9946161
1,1,0.9954659
0,0,0.0018358459
1,1,0.9887144
1,1,0.9924764
1,1,0.99488753
1,1,0.9955533
0,0,0.0019419073
1,1,0.99345714
0,0,0.053602207
0,0,0.12625808
1,1,0.99305457
0,0,0.09708719
1,1,0.99233013
0,0,0.028182993
1,1,0.99462515
0,0,0.012736389
0,0,0.044387955
0,1,0.99329644
0,0,0.0023457466
1,1,0.99527377
0,0,0.01701363
1,1,0.99385613
1,0,0.1462043
1,1,0.9913579
0,1,0.8862187
0,0,0.003593582
0,0,0.068956114
0,0,0.082468644
1,1,0.99267584
0,0,0.35974213
0,0,0.052153137
1,1,0.99486345
0,1,0.9857305
1,1,0.9942701
0,0,0.07307179
1,1,0.9949645
1,1,0.9920466
0,0,0.009686881
0,0,0.0015367491
0,0,0.19854403
0,0,0.120371535
0,0,0.00231408
0,1,0.99363494
1,1,0.99297214
0,0,0.12000519
0,0,0.099904336
0,0,0.1057737
1,1,0.99424285
1,1,0.9855043
1,1,0.9961295
1,1,0.9929188
1,1,0.99106544
0,0,0.025740486
1,1,0.9951931
1,1,0.9950753
0,0,0.03588964
1,1,0.99406344
1,1,0.98764986
1,1,0.9948324
0,0,0.0021661196
0,0,0.030436223
0,0,0.09926064
0,0,0.0064981193
0,0,0.037098866
0,0,0.07769976
1,1,0.996725
0,0,0.15727027
1,1,0.99049336
1,1,0.99232024
0,0,0.034503687
1,1,0.9911998
1,1,0.99373454
1,0,0.18187393
0,0,0.07810068
0,1,0.9919835
0,1,0.9144988
1,1,0.9918528
0,0,0.4170513
1,1,0.9906103
1,1,0.99432665
0,0,0.009213061
0,0,0.07576053
1,1,0.99344105
1,1,0.99555063
0,0,0.0030883444
0,0,0.18292521
1,1,0.9916769
0,0,0.30014774
1,1,0.9950471
0,0,0.07476922
1,1,0.9924194
1,1,0.920529
1,1,0.9919877
1,1,0.9926306
1,1,0.9956737
0,0,0.009334811
1,1,0.9946906
1,1,0.9952565
1,1,0.9954692
1,1,0.9928988
0,0,0.01406013
0,0,0.002848735
0,0,0.008445124
1,1,0.9943668
0,0,0.07194369
1,1,0.9919007
0,1,0.8903105
0,0,0.0026224137
1,1,0.9937131
1,1,0.99517256
0,0,0.3792121
0,0,0.038528144
1,1,0.9921027
0,0,0.0054285084
0,0,0.09746202
1,1,0.99096924
0,0,0.022385148
0,0,0.0067171208
0,0,0.0279143
1,1,0.9889987
1,1,0.99551684
1,1,0.99511456
1,1,0.9967694
1,1,0.9940562
0,0,0.022736084
1,1,0.9785735
0,0,0.038981643
0,0,0.012965394
1,1,0.9847543
1,1,0.99417394
0,0,0.022940725
0,0,0.1505266
1,1,0.9955264
0,0,0.11375441
0,0,0.028919911
0,1,0.96277076
0,0,0.0014299096
1,1,0.98640233
1,0,0.27078488
0,0,0.021765014
0,0,0.04338231
0,0,0.01309397
0,0,0.21790653
1,1,0.9911594
0,0,0.007469412
0,0,0.07207918
1,1,0.9818693
0,0,0.0019020276
0,0,0.071152695
1,1,0.99629056
0,1,0.71565795
1,1,0.9914641
1,1,0.99533045
1,1,0.9937682
0,0,0.15647247
1,1,0.99204284
1,1,0.9872825
0,0,0.008715713
1,1,0.9946733
0,0,0.065795265
1,1,0.99172735
1,1,0.9931097
1,1,0.9905273
1,1,0.9950884
0,1,0.94162714
1,1,0.9914971
0,0,0.13911006
0,1,0.9824928
1,1,0.9948643
0,0,0.011323146
1,1,0.99144214
1,1,0.9958643
0,1,0.99263203
1,1,0.99307394
0,1,0.557446
1,1,0.9927978
1,1,0.99432653
1,1,0.995138
1,1,0.9947885
0,0,0.06194778
0,0,0.016353255
1,1,0.9846978
1,1,0.9950203
0,0,0.09529637
0,0,0.0053559165
0,0,0.0049730404
0,0,0.08069614
1,1,0.9939277
1,1,0.9935632
0,1,0.80113894
0,0,0.0024759208
1,1,0.9957852
0,0,0.00832334
0,0,0.009226785
1,1,0.98971087
0,0,0.09109208
1,1,0.9917637
0,0,0.00860464
0,1,0.9510864
1,1,0.99346364
0,0,0.019536957
1,1,0.9934907
1,1,0.99403524
1,1,0.9830056
0,0,0.01887018
1,1,0.9809367
1,1,0.9961737
1,1,0.99166393
0,0,0.05374433
0,0,0.002553974
1,1,0.9904357
1,1,0.9274953
0,0,0.0037214507
0,0,0.1380588
0,0,0.0029043935
0,0,0.38802487
0,0,0.043221544
0,0,0.0033078166
0,0,0.006543519
1,1,0.99470115
0,0,0.0020570972
0,0,0.029886417
0,0,0.038498677
1,1,0.99222744
0,0,0.010529244
0,0,0.04963453
1,1,0.9935045
1,1,0.99043334
0,0,0.10128178
0,0,0.045838475
1,1,0.9939156
0,0,0.10538129
0,0,0.0132066365
1,1,0.99117225
0,0,0.3796045
0,0,0.038287528
1,1,0.99199015
0,0,0.09802142
0,0,0.113386504
1,1,0.9886022
1,1,0.9927456
1,1,0.99267066
0,0,0.0022043409
1,1,0.9908511
0,0,0.0026598903
0,1,0.986067
1,1,0.994288
0,1,0.6968018
1,1,0.9927354
0,0,0.009953034
0,1,0.99081075
1,1,0.99269825
0,0,0.00469336
0,0,0.08059859
1,1,0.97944427
0,0,0.0072258166
0,0,0.030433374
1,1,0.9720078
1,1,0.99404943
1,1,0.99611306
0,0,0.06535485
0,1,0.7638055
1,1,0.9906922
1,1,0.9940738
0,0,0.08151154
1,1,0.99240726
0,0,0.3486365
0,0,0.012766831
1,1,0.9881197
0,1,0.907863
0,0,0.027738132
0,0,0.053619806
0,0,0.11446887
0,1,0.9666375
1,1,0.9872366
0,0,0.039336268
1,1,0.9957514
1,1,0.9835783
0,0,0.0028014306
1,1,0.995685
1,1,0.9936579
0,0,0.0017970126
0,0,0.038944025
0,0,0.003497098
0,0,0.10052996
1,1,0.9925411
0,0,0.009942515
1,1,0.9933594
1,1,0.993411
1,1,0.9907493
0,1,0.5086476
1,1,0.99491227
0,0,0.43940574
1,1,0.98831904
1,1,0.9932352
0,1,0.94154876
0,1,0.6236139
0,0,0.0074879345
0,0,0.12546754
0,0,0.064694054
1,1,0.99446785
1,1,0.99148494
1,1,0.9896745
1,1,0.9885889
1,1,0.99606186
0,0,0.11440843
0,0,0.010271884
1,1,0.9923551
0,0,0.01143043
1,1,0.9938839
0,0,0.009790401
0,1,0.51386267
1,1,0.9944799
1,1,0.9916386
0,0,0.0025776704
0,0,0.021463176
0,1,0.9891423
0,0,0.026887478
0,0,0.01968646
0,0,0.083774336
1,1,0.9944699
0,1,0.86904174
0,0,0.0023378057
0,0,0.027697897
0,0,0.0077983146
0,0,0.018146712
0,1,0.9767493
1,1,0.9939294
0,0,0.027810981
1,1,0.99483854
0,0,0.00924178
1,1,0.9935927
0,0,0.04451857
0,0,0.0072501744
1,1,0.9884077
0,0,0.019509362
1,1,0.9890997
1,1,0.99427855
1,1,0.9963014
0,1,0.57872695
0,0,0.050401997
1,1,0.9962237
1,1,0.9872717
0,0,0.07245507
0,0,0.08047171
1,1,0.99355185
0,1,0.9934958
1,1,0.98680484
0,0,0.061228145
1,1,0.9951793
1,1,0.9917052
1,1,0.9907453
0,0,0.014708119
1,1,0.99539256
1,1,0.9923941
0,0,0.02261486
1,1,0.99444866
1,1,0.9849251
1,1,0.99547535
0,0,0.003858738
1,1,0.9950127
1,1,0.99434716
0,0,0.0019271821
1,1,0.9925712
1,1,0.9905261
1,1,0.9932255
1,1,0.9934095
0,0,0.09199839
0,0,0.010873125
0,1,0.78916043
1,1,0.9906635
0,0,0.014020458
1,1,0.9957482
0,0,0.052767813
0,1,0.9049235
1,1,0.99483997
0,0,0.0019594494
0,0,0.0013395497
1,1,0.99611
0,0,0.001830915
1,1,0.9208966
1,1,0.9918023
1,1,0.99114555
0,0,0.0021646626
1,1,0.98950994
0,0,0.03924969
0,0,0.0023860717
1,1,0.99648595
0,0,0.18024114
1,1,0.9914744
1,1,0.99174565
0,0,0.0046033673
0,0,0.01596969
0,0,0.0019933102
0,0,0.04142384
1,1,0.99470127
0,0,0.017004412
1,0,0.13005537
0,0,0.18730335
1,1,0.9935322
0,0,0.072109394
1,1,0.99072427
0,0,0.006562501
0,0,0.10374291
0,0,0.013061198
1,1,0.99224854
0,0,0.4271703
0,0,0.06283965
0,0,0.0016020484
0,0,0.12647027
0,0,0.11371394
0,0,0.33923674
1,1,0.9841302
0,1,0.9411725
0,0,0.11940547
0,0,0.02849391
0,0,0.033487286
0,0,0.05909594
0,0,0.034693137
0,0,0.0040896526
0,0,0.0025683492
1,1,0.9939022
0,0,0.0015556568
1,1,0.995346
1,1,0.99579513
1,1,0.9962722
0,0,0.0617361
1,1,0.99622107
1,1,0.99296993
1,1,0.98287994
1,1,0.99147964
0,0,0.0030318047
0,0,0.002575994
0,1,0.9889914
0,1,0.98906857
1,1,0.99368757
0,0,0.097269036
1,1,0.9960926
1,1,0.9939705
1,1,0.7312276
1,1,0.9960406
1,1,0.9890026
1,1,0.9888825
0,0,0.05605701
1,1,0.9921787
1,1,0.99440765
0,0,0.16361922
0,0,0.01416839
1,1,0.99114823
1,1,0.9945418
1,1,0.9869473
1,1,0.9928011
0,1,0.93648434
1,1,0.9980708
0,0,0.013208756
0,0,0.04473181
0,0,0.12970752
0,0,0.082833685
1,1,0.99234104
0,0,0.007256977
1,1,0.99301577
0,0,0.009823885
1,1,0.98762465
1,1,0.9943685
1,1,0.99449205
0,0,0.06582672
0,0,0.022180913
1,1,0.9879242
1,1,0.9931874
0,0,0.04431535
1,1,0.9934568
0,0,0.005276862
0,0,0.09602752
0,0,0.0058616665
1,1,0.9940832
0,1,0.76100045
1,1,0.9924045
1,1,0.99407935
0,0,0.21017452
0,0,0.00679238
0,0,0.005771834
0,0,0.013165394
1,1,0.9954066
0,0,0.0029354275
0,0,0.059298914
0,0,0.06629605
1,1,0.9952134
1,1,0.9851216
1,1,0.9921495
1,1,0.99425936
0,0,0.04240154
1,1,0.99364567
1,1,0.9955877
1,1,0.99014485
0,0,0.003263121
0,0,0.08430404
1,1,0.99339175
0,0,0.0015758062
1,1,0.99145025
0,0,0.49797955
1,1,0.99201775
1,1,0.9900006
1,1,0.9932365
0,0,0.05731417
1,1,0.98942965
0,0,0.04069254
0,0,0.061614715
1,1,0.99371946
0,0,0.002040167
0,0,0.09895777
1,1,0.99487007
1,1,0.98904943
0,0,0.18411036
1,1,0.99220884
1,1,0.99451655
1,1,0.9916819
1,1,0.99246466
0,0,0.0040925937
1,1,0.9809343
1,1,0.9771199
1,1,0.99478525
0,1,0.5654992
1,1,0.995959
0,0,0.065073736
0,0,0.123728245
0,0,0.083267234
1,1,0.9908213
0,0,0.021606404
0,0,0.0019854184
1,1,0.99376476
1,1,0.9924711
1,1,0.99177825
1,1,0.99174774
1,1,0.9707764
0,0,0.429329
0,0,0.43745065
1,1,0.99569076
1,1,0.993246
1,1,0.9932893
0,1,0.9864645
1,1,0.9954462
1,1,0.9866334
1,1,0.99393
0,0,0.0072403173
1,1,0.98990697
0,0,0.04107214
1,1,0.9948965
0,0,0.008522828
0,0,0.0032917135
0,0,0.00198649
0,0,0.079828866
1,1,0.9909643
1,1,0.99420244
1,1,0.99448204
1,1,0.9900239
0,1,0.98676723
1,1,0.9948714
0,0,0.005199466
0,0,0.0015604048
0,0,0.015431593
0,0,0.0030094932
0,0,0.0042021465
1,1,0.9937856
1,1,0.9957325
0,0,0.009803567
1,1,0.99449533
1,1,0.99178165
0,0,0.015465142
1,1,0.994317
1,1,0.9909786
1,1,0.99261016
1,1,0.98888856
1,1,0.98757756
0,1,0.5363549
1,1,0.993651
1,1,0.9960693
1,1,0.9957724
0,0,0.35695842
1,1,0.96480924
0,1,0.9683257
1,1,0.9944429
0,1,0.9766476
1,1,0.9935802
0,0,0.038773376
0,0,0.07210381
0,0,0.0031176175
1,1,0.9932516
0,1,0.978293
1,1,0.99394083
0,0,0.00791304
1,1,0.98708576
0,0,0.03195016
1,1,0.9932488
1,1,0.9837801
1,1,0.99214137
1,1,0.98763126
1,1,0.9960502
1,1,0.995542
0,0,0.0025133183
0,0,0.0053297244
1,1,0.99007845
0,0,0.0038902133
1,1,0.9958864
1,1,0.9931774
1,1,0.9952974
0,0,0.4474
0,0,0.023097418
1,1,0.9924711
1,1,0.9941111
0,0,0.026755763
1,1,0.9878588
0,0,0.03949923
0,0,0.14161122
0,0,0.11506651
0,1,0.97866166
1,1,0.99076426
0,0,0.0047664694
0,0,0.019224899
0,0,0.18338187
0,1,0.97327536
1,1,0.9955297
0,0,0.011407176
1,1,0.9944056
1,1,0.99533516
1,1,0.8803488
1,1,0.98882616
1,1,0.99009776
0,1,0.9873376
1,1,0.9913641
0,0,0.021198826
0,0,0.0014527977
0,0,0.04302822
1,1,0.99459994
0,0,0.44222912
0,0,0.23549442
0,0,0.12132549
0,0,0.0016537643
1,1,0.98680186
1,1,0.9953602
1,1,0.99585176
0,1,0.8843402
0,0,0.0044363653
1,1,0.9871415
1,1,0.99455935
1,1,0.9935315
0,1,0.97874224
1,1,0.9906556
1,1,0.99221027
0,1,0.6617706
0,0,0.0065471255
0,0,0.0077694645
0,1,0.80342895
0,0,0.044114884
0,0,0.023216316
0,1,0.75494856
0,0,0.15320371
1,1,0.99453413
1,1,0.9867604
0,0,0.0018040437
1,1,0.99135536
0,0,0.044990983
0,0,0.0022274528
0,0,0.002070409
1,1,0.99225193
0,0,0.020821987
1,1,0.9932376
0,0,0.03017021
0,0,0.12646377
0,0,0.01041482
1,1,0.99578047
0,0,0.42358622
1,1,0.99614316
1,1,0.9882917
0,0,0.007406147
1,1,0.9952194
1,1,0.9920225
0,0,0.0265198
0,0,0.003077072
1,1,0.99568546
1,1,0.9947754
1,1,0.9929859
1,1,0.99569845
1,1,0.99643886
1,1,0.9942624
0,1,0.7950321
0,0,0.0020878848
1,1,0.9930031
0,0,0.005300366
1,1,0.99553996
0,0,0.066098206
1,1,0.987122
1,1,0.99625325
0,0,0.29756713
0,0,0.006885867
0,1,0.97293514
1,1,0.99248064
1,1,0.9848792
0,0,0.05108595
1,1,0.9936609
0,0,0.0018357849
0,0,0.0042000012
1,1,0.9934629
0,1,0.51647145
0,0,0.08566098
1,1,0.99409616
1,1,0.993912
0,1,0.5508539
0,0,0.010325345
1,1,0.9950229
0,0,0.00623245
0,0,0.005225494
1,1,0.99517953
0,0,0.004084144
0,0,0.06303766
0,0,0.122218795
1,1,0.949032
1,1,0.9950541
0,0,0.009482891
0,0,0.0062153223
0,0,0.0015714279
1,1,0.9945095
1,1,0.9952223
0,0,0.018914575
1,1,0.98300064
0,1,0.9700328
1,1,0.9917705
0,0,0.0023550494
0,0,0.001809489
1,1,0.995201
1,1,0.99479127
0,0,0.004406667
0,0,0.005124206
0,0,0.010044504
1,1,0.99383295
1,1,0.99131656
1,1,0.99461454
0,0,0.14501145
0,0,0.0023779054
1,1,0.992937
0,1,0.5699775
1,1,0.99633515
1,1,0.99535614
0,0,0.006829231
0,0,0.010482174
0,0,0.0020503337
0,0,0.0020561179
1,1,0.9917099
1,1,0.99514526
1,1,0.99275523
1,1,0.99253815
1,1,0.98853534
0,1,0.6409339
1,1,0.9897636
1,1,0.98609483
0,0,0.043282297
0,0,0.0015372804
0,1,0.8940125
0,0,0.10920621
0,0,0.0015743783
1,1,0.99197537
1,1,0.9914035
1,1,0.9924063
1,1,0.990387
0,0,0.0014838828
1,1,0.9923137
0,0,0.12444857
1,1,0.99369496
0,1,0.9894655
0,0,0.045579012
0,1,0.9578096
0,0,0.0066680308
1,1,0.9959325
0,0,0.0050247745
1,1,0.9916346
1,1,0.9862504
0,0,0.0016332828
0,0,0.1392735
0,0,0.032631475
0,1,0.90539366
0,0,0.29833257
0,0,0.0050252997
0,0,0.101432465
0,0,0.060643658
1,1,0.90428257
0,0,0.0026378713
1,1,0.99544805
1,1,0.9933083
0,0,0.033839
0,0,0.013436306
1,1,0.99434644
1,1,0.9954848
1,1,0.9960632
0,0,0.0034594003
0,0,0.113639176
1,1,0.9950564
1,1,0.99541676
0,0,0.012891643
1,1,0.99637884
0,0,0.02661388
1,1,0.9924529
0,0,0.036294337
1,1,0.99112505
1,1,0.99617577
0,0,0.17184629
1,1,0.99342316
1,1,0.99271446
0,0,0.0023272086
1,1,0.99448353
0,0,0.005669099
1,1,0.99049157
1,1,0.9926146
1,1,0.9800228
1,1,0.9919857
0,0,0.026445672
0,0,0.036929667
0,0,0.047626734
0,0,0.33255127
0,0,0.15032524
1,1,0.9910095
1,1,0.9943614
0,0,0.101091966
1,1,0.9905489
0,0,0.011815353
0,0,0.0056588966
1,1,0.9944993
1,1,0.99384093
1,1,0.9914375
0,1,0.85127354
1,1,0.99424595
1,1,0.99561405
0,0,0.016500156
1,1,0.9928179
0,0,0.060823034
0,0,0.005921187
1,1,0.993915
0,0,0.002013697
1,1,0.9933227
1,1,0.99308383
1,1,0.5306634
1,1,0.99468094
1,1,0.9907843
0,0,0.0048197233
0,0,0.0038763043
0,1,0.51753396
0,1,0.9527005
1,1,0.9739058
0,0,0.011345475
0,0,0.022278178
0,0,0.013830167
1,1,0.99292094
1,1,0.991582
0,0,0.011485693
1,1,0.9905793
0,0,0.1336754
0,1,0.8147132
0,0,0.1906264
1,1,0.8613412
0,0,0.16771187
1,1,0.9954326
1,1,0.99186873
1,1,0.9934076
0,1,0.9879639
0,0,0.4114631
0,0,0.0040757703
0,0,0.0046162196
0,0,0.49482757
0,0,0.0037728243
1,1,0.9917235
0,0,0.070999295
0,0,0.0033565399
0,1,0.697102
0,0,0.15770032
0,0,0.044094756
1,1,0.99491984
1,1,0.9954732
0,0,0.002517381
0,0,0.0018548251
0,0,0.07766058
0,1,0.958523
1,1,0.98797333
1,1,0.9937191
0,0,0.29859543
0,0,0.013387118
0,1,0.9828089
0,0,0.09736827
1,1,0.9855633
0,0,0.07382462
0,0,0.020802459
0,0,0.15080555
1,1,0.99483395
0,1,0.76938367
1,1,0.9924604
0,0,0.12356999
1,1,0.9891803
0,1,0.98142105
0,0,0.21351609
1,1,0.9958681
1,1,0.9921604
1,1,0.99223995
1,1,0.9947685
0,1,0.944362
0,0,0.16098869
0,1,0.758629
0,0,0.14351468
1,1,0.99304765
0,0,0.17502289
0,0,0.0020760046
0,0,0.0128289005
1,1,0.99403316
1,1,0.9841695
0,0,0.015702382
0,0,0.001400317
0,1,0.8299938
0,1,0.50949806
0,0,0.09464981
0,0,0.005412624
1,1,0.9894721
1,1,0.9947784
0,1,0.78347296
0,0,0.018255508
0,1,0.7209438
0,0,0.03650785
0,0,0.0618471
0,0,0.086334914
0,0,0.002523272
1,1,0.9935616
0,0,0.00196111
0,0,0.0023828754
1,1,0.99334174
1,1,0.9945274
0,0,0.024614342
0,0,0.012149517
1,1,0.9932596
0,0,0.061166503
1,1,0.9958295
1,1,0.99293375
1,1,0.99330175
0,1,0.98875487
0,0,0.011745796
0,0,0.002355166
0,0,0.008591015
0,1,0.8621087
1,1,0.99240375
0,1,0.95582634
0,0,0.0092582535
0,0,0.014012294
0,0,0.008469644
1,1,0.9925849
0,1,0.9907074
0,0,0.061210763
1,1,0.9958372
1,1,0.9957837
1,1,0.9953793
0,0,0.007947053
0,0,0.007577223
0,0,0.04183954
1,1,0.9912923
0,0,0.39125383
0,0,0.007947486
0,0,0.008463375
1,1,0.9958163
1,1,0.9948473
0,0,0.0020912217
1,1,0.9959919
0,0,0.0025351665
0,0,0.09896233
0,0,0.3587724
0,0,0.47294775
1,1,0.98374546
1,1,0.9931438
1,1,0.99189395
0,0,0.01894411
0,0,0.14682944
0,0,0.13978177
1,1,0.99205315
1,1,0.9890731
0,0,0.007093049
1,1,0.99525356
0,0,0.015240468
1,1,0.99513113
1,1,0.98545736
0,0,0.0014277602
1,1,0.9957984
1,1,0.9962669
1,1,0.9959097
0,0,0.012223962
0,1,0.9817007
1,1,0.99371415
0,0,0.08033959
1,1,0.99307996
1,1,0.98874134
1,1,0.98483306
0,0,0.13046707
0,0,0.014298014
1,1,0.9952748
1,1,0.9923246
0,1,0.8528135
1,1,0.9877287
1,1,0.9904337
1,1,0.9912816
0,1,0.81035113
1,1,0.99457246
1,1,0.9916814
0,0,0.056503803
1,1,0.99242264
0,0,0.011362598
1,1,0.97873735
0,0,0.006176378
0,0,0.025949921
0,0,0.0018428707
0,0,0.078192025
1,1,0.99109167
0,1,0.9816436
0,0,0.002014808
1,1,0.9942221
0,0,0.031989608
1,1,0.9874635
1,1,0.98756367
0,0,0.011962371
1,1,0.9889684
1,1,0.99640626
0,0,0.005685702
1,1,0.9941194
0,0,0.061347064
1,1,0.9905413
0,0,0.14129063
1,1,0.9936055
0,0,0.001461711
0,0,0.06417786
0,0,0.03175054
0,0,0.01141474
1,1,0.99500436
1,1,0.9929529
1,1,0.9933889
1,1,0.99551386
1,1,0.9949319
0,0,0.2532116
1,1,0.94686604
0,0,0.025617735
0,0,0.002543273
0,0,0.006760008
1,1,0.9918516
1,1,0.9955729
1,1,0.9934209
1,1,0.9436083
0,0,0.0330358
0,0,0.11339158
0,0,0.040485237
0,0,0.12901689
1,1,0.99630654
1,1,0.9896007
1,1,0.9948407
0,0,0.0026580556
0,0,0.31361324
1,1,0.9941162
1,1,0.9920598
1,1,0.99495894
1,1,0.9939978
0,1,0.9735728
0,0,0.09216875
1,1,0.9936341
1,1,0.9863202
1,1,0.9953496
1,1,0.9944945
0,0,0.018711638
0,0,0.0018145113
0,0,0.08100539
1,1,0.9922145
0,0,0.22227965
1,1,0.994676
1,1,0.98817676
1,1,0.9951573
1,1,0.990746
0,0,0.025458489
0,0,0.12903735
0,0,0.09221497
1,1,0.9792516
1,1,0.99556905
1,0,0.11874576
0,0,0.18710317
1,1,0.98408765
1,1,0.98001343
1,1,0.9895244
0,0,0.17119576
1,1,0.99573344
1,1,0.99499065
0,1,0.9881021
1,1,0.99496776
1,1,0.9940143
1,1,0.99348974
1,1,0.99325997
0,0,0.029350651
1,1,0.9915809
1,1,0.9934453
1,1,0.992863
1,1,0.99279904
0,0,0.3801737
1,1,0.99442625
1,1,0.9931172
0,0,0.0032630654
0,1,0.588465
0,0,0.03246677
1,1,0.9953113
0,1,0.83105373
1,1,0.99546957
0,0,0.012370477
1,1,0.9934488
0,0,0.102366894
0,0,0.07932188
0,0,0.21222454
1,1,0.99421114
1,1,0.9930767
0,0,0.13918443
1,1,0.9867735
0,0,0.051544596
0,0,0.0382706
1,1,0.9947679
0,1,0.7378942
1,1,0.98965937
1,1,0.99554294
1,1,0.97967976
0,0,0.30669102
0,0,0.074755825
0,0,0.11270348
1,1,0.9896729
0,0,0.002043416
1,1,0.99501944
1,1,0.9943071
0,0,0.011842414
0,0,0.1190082
0,0,0.1744839
0,0,0.019916939
0,0,0.049568374
0,1,0.8366596
0,0,0.08257962
1,1,0.99230134
1,1,0.9923349
1,1,0.9937224
0,0,0.057120297
1,1,0.99471235
1,1,0.9923701
1,1,0.99637467
0,1,0.9863929
0,0,0.015457001
0,0,0.043544106
0,0,0.0026616456
1,1,0.99126923
0,1,0.9800468
1,1,0.99636024
0,0,0.42134556
1,1,0.99359775
1,1,0.9873416
0,0,0.31354913
0,0,0.12762156
0,0,0.09278757
1,1,0.99122906
1,1,0.992411
1,1,0.99025214
0,0,0.0015073303
1,1,0.993238
0,0,0.0015551873
0,0,0.004147177
0,1,0.98818576
0,0,0.19499236
1,1,0.9743828
0,1,0.7661121
1,1,0.99355376
1,1,0.9907969
0,0,0.0027680513
0,0,0.006215773
1,1,0.99102694
0,0,0.0020579658
1,1,0.99601245
0,0,0.3633782
0,0,0.3027459
1,1,0.979708
1,1,0.98482114
1,1,0.99564785
0,0,0.024314987
1,1,0.99288815
1,1,0.996183
1,1,0.990944
1,1,0.99578214
1,1,0.99557185
1,1,0.9949362
1,1,0.99046624
1,1,0.9851481
1,1,0.9951108
1,1,0.9897131
1,1,0.99296886
0,0,0.09510475
0,0,0.010463179
1,1,0.9847782
0,0,0.008589862
0,0,0.19790295
1,1,0.9912703
1,1,0.99303824
1,1,0.9948565
0,0,0.041893438
1,1,0.9943869
1,1,0.9933223
0,0,0.0036875778
0,0,0.013660741
1,1,0.9921252
1,1,0.9971265
1,1,0.99636453
0,0,0.118610136
1,1,0.99126
0,0,0.0030547597
0,0,0.06399938
1,1,0.9882755
1,1,0.99421024
1,1,0.99192905
1,1,0.9881342
1,1,0.99499124
1,1,0.9914513
0,0,0.004987108
1,1,0.9928221
0,0,0.19398578
1,1,0.99836177
1,1,0.9947247
0,1,0.9861573
1,1,0.9941797
0,0,0.0051193116
1,1,0.9952407
1,1,0.9862941
1,1,0.99627554
0,0,0.007517992
0,0,0.004823843
0,0,0.0028767188
0,0,0.0067961416
0,0,0.0017629158
1,1,0.9883243
1,1,0.9893227
1,1,0.9940328
0,0,0.101496264
0,0,0.048128206
1,1,0.9944565
1,1,0.9931954
1,1,0.9948797
1,1,0.99401724
0,0,0.005224238
0,0,0.008551815
1,1,0.99281317
0,0,0.07065714
1,1,0.9949066
1,1,0.99398535
1,1,0.99263424
0,0,0.017155116
0,0,0.0019866072
0,0,0.053031202
1,1,0.9956201
0,0,0.0070788716
0,0,0.0032697346
1,1,0.99332845
0,0,0.016382037
1,1,0.99454427
0,0,0.025151225
1,1,0.99475205
1,1,0.99350315
1,1,0.9961144
0,0,0.06884866
1,1,0.9936
1,1,0.99367285
1,1,0.98884356
1,1,0.9864406
0,0,0.34906343
1,1,0.9949391
1,1,0.9938572
1,1,0.99323845
1,1,0.9928665
1,1,0.9926439
1,1,0.9944659
1,1,0.9938205
1,1,0.9915902
1,1,0.99648947
1,1,0.9901433
1,1,0.9954567
0,0,0.025454039
0,0,0.071934275
0,0,0.008437461
1,1,0.9915575
1,1,0.97408956
1,1,0.99263704
1,1,0.99072427
1,1,0.9952426
1,1,0.995427
1,1,0.99557245
1,1,0.9959299
1,1,0.97603214
1,1,0.9928262
0,0,0.009636847
0,0,0.09944395
0,1,0.914465
0,0,0.0035054518
0,1,0.7962521
0,0,0.023497699
0,0,0.0013671792
0,0,0.0058068605
0,0,0.015496886
0,0,0.1098541
1,1,0.9932615
0,0,0.08046986
0,0,0.0059502004
0,0,0.07419454
0,1,0.9914881
1,1,0.9927142
1,1,0.9950688
0,0,0.016862076
1,1,0.9963315
1,1,0.99419844
0,0,0.042570207
0,1,0.9713377
0,0,0.1176369
0,0,0.028054679
1,1,0.9934701
1,1,0.9898538
1,1,0.99289626
1,1,0.995168
1,1,0.98442787
0,0,0.08079319
0,0,0.11722545
0,0,0.0037797308
1,1,0.9912459
1,1,0.99616575
0,1,0.62420183
1,1,0.99429154
0,0,0.04942135
0,0,0.17315584
0,0,0.0023204132
1,1,0.9932346
0,0,0.25580627
0,0,0.033491746
1,1,0.9958448
0,0,0.045580186
0,1,0.9832323
1,1,0.99615425
0,0,0.0582837
1,1,0.9862381
1,1,0.99221593
0,0,0.014748937
0,1,0.93459094
1,1,0.9944898
1,1,0.9936387
1,1,0.9922693
0,0,0.003232397
1,1,0.9918286
0,0,0.010087045
0,0,0.015159724
1,1,0.9920859
0,0,0.24203023
1,1,0.995886
1,1,0.9944806
0,0,0.008480699
1,1,0.9942772
1,1,0.99593854
1,1,0.99576426
1,1,0.99360883
0,0,0.014520049
0,0,0.08598704
1,1,0.9917474
0,0,0.0024399396
1,1,0.9701976
1,1,0.98952204
0,1,0.7440655
0,0,0.15874898
1,1,0.9723255
0,0,0.039172117
0,0,0.005419287
1,1,0.9917191
0,0,0.0069268425
1,1,0.99389017
1,1,0.990119
1,1,0.9965403
1,1,0.99152595
0,0,0.041427862
0,0,0.006509967
0,0,0.08296555
0,0,0.0020915782
0,0,0.2643249
1,1,0.98769104
1,1,0.9957961
1,1,0.99601847
0,0,0.0018817183
0,0,0.018754786
0,0,0.002657995
1,1,0.9944712
1,1,0.9957832
0,0,0.0037474264
1,1,0.9889815
0,0,0.0019433515
0,1,0.9887205
1,1,0.9927874
0,0,0.00545826
1,1,0.9953276
0,0,0.2751242
0,0,0.031871665
1,1,0.99220496
0,0,0.009621121
1,1,0.9911384
0,0,0.022538722
1,1,0.9933221
1,1,0.99558455
1,1,0.9956125
0,1,0.97961766
0,0,0.0019567655
0,0,0.067254476
1,1,0.9942595
0,0,0.057326008
1,1,0.9942385
0,0,0.079341605
0,1,0.9912486
0,0,0.014723744
0,0,0.091322675
1,1,0.994576
0,0,0.051295154
0,0,0.03744289
0,0,0.013840069
0,1,0.59171754
1,1,0.99027646
0,0,0.030124066
0,0,0.00899548
1,1,0.9514235
1,1,0.9950412
1,1,0.994069
0,0,0.024043476
1,1,0.9940322
1,1,0.9917665
0,1,0.7969154
1,1,0.99390197
1,1,0.9917144
1,1,0.99362373
0,0,0.19988039
0,0,0.00349465
0,0,0.38277763
1,1,0.99284416
0,1,0.9213374
0,0,0.0018887232
0,1,0.96961516
0,1,0.9903501
1,1,0.9933155
1,1,0.9722782
1,1,0.99267745
1,1,0.9956553
1,1,0.9947962
0,0,0.01389112
0,0,0.003352013
1,1,0.9896237
1,1,0.99473995
0,0,0.114977926
1,1,0.9923861
0,0,0.013219805
0,0,0.004744182
1,1,0.9954572
0,0,0.13446324
1,1,0.98831683
0,0,0.1690139
1,1,0.994555
0,0,0.032233138
1,1,0.98835385
0,0,0.1101367
0,1,0.54265296
1,1,0.99302715
1,1,0.98389393
1,1,0.9933842
0,0,0.019727383
0,0,0.0057039815
0,1,0.96078366
0,1,0.6431837
1,1,0.9888204
0,0,0.002798576
1,1,0.9940018
1,1,0.55650413
0,0,0.0014413901
0,0,0.18052971
1,1,0.99229664
1,1,0.9884906
0,0,0.010854601
1,1,0.957963
1,1,0.9915627
1,1,0.9899816
1,1,0.994856
0,0,0.08047111
1,1,0.99447316
1,1,0.9954027
1,1,0.9881457
1,1,0.99247074
0,0,0.03689654
1,1,0.9902531
0,0,0.12937419
0,0,0.052485164
0,0,0.08920037
0,0,0.0028618523
1,1,0.9944132
0,1,0.9592195
0,0,0.025455233
0,0,0.1147852
1,1,0.7240416
1,1,0.9961055
0,0,0.09527213
0,1,0.98850423
0,0,0.08591866
1,1,0.9910255
0,0,0.006047147
0,0,0.04381909
1,1,0.99115974
1,1,0.99293256
1,1,0.99479985
1,1,0.99134773
0,0,0.0046795416
0,0,0.016780172
0,0,0.06731221
0,0,0.001610704
0,0,0.3830175
0,0,0.11022459
1,1,0.9919281
1,1,0.99239445
0,0,0.02208556
0,0,0.015631435
1,1,0.99341303
0,0,0.14353426
0,1,0.7056576
1,1,0.992671
0,1,0.9817925
0,0,0.2947004
1,1,0.9954399
1,1,0.9956475
0,0,0.0030774975
1,1,0.9940294
0,0,0.27114585
0,0,0.14842796
0,0,0.0053671896
1,1,0.9944758
0,0,0.12538606
1,1,0.9942258
1,1,0.9958788
0,0,0.022590423
0,0,0.08410819
0,1,0.94087595
1,1,0.996167
1,1,0.9946037
0,0,0.0025674356
1,1,0.99253404
1,1,0.99170834
1,1,0.99397707
1,1,0.9963491
1,1,0.9933559
1,1,0.99515367
0,1,0.85501343
0,0,0.09358848
1,1,0.9917264
0,1,0.978276
1,1,0.9923459
1,1,0.99057204
1,1,0.9929125
1,1,0.9954869
0,0,0.4031297
0,0,0.17102627
0,0,0.0092358
1,1,0.99388885
1,1,0.99730575
1,1,0.9947916
1,1,0.9958917
1,1,0.9899328
0,0,0.41976714
1,1,0.9939328
0,0,0.08336536
1,1,0.98647714
0,0,0.017008152
1,1,0.9878941
0,0,0.099942766
1,1,0.99321765
0,0,0.022078782
1,1,0.9906001
1,1,0.993828
0,0,0.029673971
0,0,0.008197682
0,1,0.91024
0,1,0.79836386
1,1,0.9959331
0,0,0.007106145
0,0,0.032735668
0,0,0.0018259691
0,1,0.9256461
0,0,0.1335058
0,0,0.086577386
1,1,0.9951361
0,0,0.009248856
1,1,0.99510527
0,0,0.005989107
0,0,0.083840854
0,0,0.116139404
1,1,0.99558604
1,1,0.99622154
0,0,0.008079142
1,1,0.9930228
1,1,0.9943369
0,0,0.023801856
1,1,0.99530375
0,0,0.0042362595
0,0,0.068072006
0,0,0.09870899
0,0,0.013146252
0,1,0.9895838
0,0,0.0035054015
0,0,0.017685447
1,1,0.99465466
0,0,0.016524037
0,0,0.009172556
1,1,0.99373287
1,1,0.9892887
0,1,0.9633459
1,1,0.99262345
1,1,0.994726
1,1,0.99031395
1,1,0.9913611
0,1,0.9431391
0,0,0.06568426
0,0,0.021582743
0,0,0.0020116754
0,0,0.12983991
0,0,0.38023353
1,1,0.98826164
0,0,0.4445657
1,1,0.99552464
1,1,0.9942028
1,1,0.9893939
1,1,0.9886436
1,1,0.9870379
0,1,0.9799105
1,1,0.99580765
0,0,0.033255816
0,0,0.040522493
0,0,0.04963695
0,0,0.47662762
1,1,0.9950033
0,0,0.017234819
1,1,0.9935453
0,0,0.013100966
0,0,0.0034660837
1,1,0.99616736
0,0,0.2654562
1,1,0.99549687
0,0,0.10461903
1,1,0.9956145
1,1,0.9920968
0,0,0.07984211
1,1,0.9945469
1,1,0.99518245
1,1,0.9920746
0,1,0.7101519
0,0,0.0017493047
0,0,0.009681992
1,1,0.99553865
1,1,0.994204
0,0,0.1722536
0,0,0.006060512
0,1,0.95147336
1,1,0.99255484
0,1,0.757861
1,1,0.99347275
1,1,0.9954051
0,0,0.0838617
1,1,0.9931513
0,1,0.67976683
0,1,0.9672135
1,1,0.9908664
0,0,0.0037495703
1,1,0.99200857
1,1,0.9945286
1,1,0.99581957
0,0,0.09410454
1,1,0.99674076
0,0,0.0016407704
1,1,0.9924178
1,1,0.9945484
1,1,0.9936639
1,1,0.99306846
1,1,0.98536843
0,0,0.0016583455
0,0,0.004334785
1,1,0.9937734
0,1,0.93105614
1,1,0.9938638
1,1,0.9944172
1,1,0.99433845
0,0,0.016329952
0,0,0.0019889304
1,1,0.98580384
1,1,0.99468225
0,0,0.013375095
1,1,0.9959837
1,1,0.9961582
0,0,0.42232713
1,1,0.9916761
1,1,0.9939606
0,0,0.015048085
1,1,0.9878533
0,1,0.98026514
1,1,0.9940149
0,0,0.15444711
0,0,0.059093542
1,1,0.9893112
1,1,0.9954074
0,0,0.0013718591
0,0,0.008895521
0,0,0.0022297215
1,1,0.99306834
1,1,0.99273443
1,1,0.99408746
0,0,0.0043828427
1,1,0.9906001
0,0,0.09190635
1,1,0.98308945
0,0,0.11043489
1,1,0.99139166
0,0,0.0021264856
1,1,0.991689
0,0,0.0017066174
0,0,0.055967722
0,0,0.07427521
1,1,0.9964334
0,0,0.15731625
1,1,0.9910444
1,1,0.9900497
0,1,0.99034166
0,0,0.0018474963
0,0,0.45794436
0,0,0.06089188
0,0,0.15583798
0,0,0.002486312
0,0,0.0022129102
0,1,0.5380498
0,0,0.16257676
1,1,0.99606556
1,1,0.99363744
1,1,0.99400723
0,0,0.0015730687
0,0,0.26761478
0,0,0.06780799
1,1,0.9902446
1,1,0.9942163
1,1,0.994899
0,0,0.0048037125
0,0,0.020599136
1,1,0.9928911
0,1,0.9632814
0,0,0.011036985
1,1,0.9954567
1,1,0.99455786
1,1,0.9934953
1,1,0.9948866
1,1,0.9954052
0,1,0.9537181
0,1,0.9566802
1,1,0.9958477
1,1,0.9926335
0,1,0.9481262
1,1,0.99505496
0,0,0.0028460461
0,0,0.031165551
1,1,0.99645895
0,0,0.02559038
1,1,0.9944397
1,1,0.993385
1,1,0.99498415
1,1,0.9959174
1,1,0.99645305
0,0,0.0052942107
0,0,0.011879169
0,0,0.09443339
1,1,0.9924489
1,1,0.99405825
1,1,0.99498725
0,0,0.0025336742
1,1,0.9953046
0,0,0.04680369
1,1,0.9920144
0,0,0.0036515307
1,1,0.99634284
0,0,0.27700707
1,1,0.9960968
0,0,0.1211937
0,0,0.17686693
0,0,0.049680162
1,1,0.9922069
1,1,0.99394447
0,0,0.04670073
0,0,0.094416894
1,1,0.9917259
0,0,0.1846524
0,0,0.0038553178
0,0,0.0017822745
0,0,0.43201202
0,0,0.13652642
0,1,0.9048251
0,1,0.97920406
0,0,0.06967537
1,1,0.98809564
1,1,0.9931421
1,1,0.9952676
0,0,0.0063333916
1,1,0.9945701
1,1,0.9942899
0,0,0.0057783755
1,1,0.9921367
1,1,0.9934669
0,0,0.0015567791
0,0,0.015785435
1,1,0.9921388
0,0,0.009177455
1,1,0.9841376
0,1,0.9007452
0,0,0.18766174
1,1,0.9942153
1,1,0.99498296
1,1,0.9938024
0,0,0.00914864
0,0,0.09267486
1,1,0.98838544
0,0,0.1949112
1,1,0.9872442
0,0,0.011490896
1,1,0.9959336
1,1,0.9912316
0,0,0.0392839
0,0,0.07528687
1,1,0.9932052
0,0,0.021563638
0,0,0.041574758
1,1,0.9929783
1,1,0.995379
1,1,0.9934197
0,0,0.248035
0,0,0.011642197
1,1,0.9803885
1,1,0.9958068
1,1,0.9923314
1,1,0.9936739
1,1,0.97962224
0,0,0.049248654
1,1,0.9939289
1,1,0.99315554
1,1,0.9880695
1,1,0.9938407
1,1,0.99465925
1,1,0.9880002
0,0,0.11866775
0,0,0.0033489368
0,1,0.9809153
1,1,0.99516463
0,1,0.96761996
0,0,0.05377319
0,0,0.0020196405
1,1,0.99297196
0,1,0.9917173
0,0,0.07559711
1,1,0.9873153
0,0,0.016698109
0,1,0.7494528
0,1,0.6225511
1,1,0.9934515
0,0,0.013225797
1,1,0.99407
1,1,0.9604112
1,1,0.99580836
1,1,0.98405474
0,0,0.4862712
0,0,0.15545566
1,1,0.9930901
0,0,0.25248715
1,1,0.9947561
0,0,0.024911124
1,1,0.99295926
1,1,0.99241465
0,0,0.03666996
0,0,0.0016142044
1,1,0.9923915
1,1,0.9914642
0,0,0.16329584
0,0,0.062225662
1,1,0.9957974
0,0,0.026307065
1,1,0.9899713
0,0,0.0032667026
0,0,0.45299023
1,1,0.99281114
1,1,0.9906156
1,1,0.99320614
1,1,0.9926736
1,1,0.99602306
1,1,0.9957137
1,1,0.9928417
1,1,0.9950119
1,1,0.984501
1,1,0.9928612
0,0,0.044275425
1,1,0.9942399
1,1,0.998406
0,0,0.008905818
0,0,0.010727053
1,1,0.99387133
0,0,0.051008612
1,1,0.9926075
0,0,0.0921835
0,0,0.0362699
0,0,0.011859221
1,1,0.9939891
1,1,0.9923568
1,1,0.9951199
0,0,0.09297972
1,1,0.9924274
0,1,0.964178
1,1,0.98894566
0,0,0.3517914
1,1,0.99146324
1,1,0.99379236
0,1,0.70168406
1,1,0.9929796
0,1,0.97852224
1,1,0.991772
1,1,0.9942883
0,1,0.98597914
0,0,0.14154783
0,0,0.11543763
0,0,0.051145732
1,1,0.995069
1,1,0.99375373
0,0,0.023682702
1,1,0.9933501
1,1,0.98963916
0,0,0.029827267
0,1,0.7076352
0,0,0.0076121413
1,0,0.49985477
0,0,0.0023826305
0,0,0.0822605
1,1,0.9892512
0,1,0.8640934
1,1,0.9899809
1,1,0.99185014
0,0,0.010561356
1,1,0.9928484
0,0,0.05776729
0,1,0.59186214
1,1,0.99039966
1,1,0.99548906
0,1,0.80593175
1,1,0.98945963
1,1,0.9938566
0,0,0.106379844
0,1,0.9808172
0,0,0.06605648
0,0,0.053619914
1,1,0.99550784
1,1,0.99458015
1,1,0.9950003
0,0,0.0029493438
0,0,0.024819752
0,0,0.22428128
0,0,0.15744117
1,1,0.9923253
1,1,0.9953016
0,0,0.04346305
0,0,0.04045058
1,1,0.993155
0,0,0.19920711
0,0,0.010936374
0,0,0.010030507
1,1,0.99455243
0,0,0.01230015
0,0,0.06532921
1,1,0.9922168
1,1,0.9895158
1,1,0.9901878
1,1,0.99427456
0,0,0.04514738
1,1,0.99443734
0,0,0.020030886
1,1,0.9952041
0,0,0.039475225
0,0,0.13755955
0,1,0.8682571
1,1,0.9951462
1,1,0.9854011
0,1,0.9911513
0,0,0.19649507
1,1,0.9931151
1,1,0.98992574
0,1,0.63303643
1,1,0.9899413
1,1,0.9952728
0,0,0.006575148
0,0,0.027194764
1,1,0.99171644
1,1,0.99425924
1,1,0.9929051
0,0,0.0700484
0,0,0.026002267
0,0,0.03925122
1,1,0.98885894
1,1,0.99297076
0,0,0.06428643
1,1,0.99491453
1,1,0.9940545
1,1,0.9939361
1,1,0.99126714
0,0,0.006708199
1,1,0.9939144
1,1,0.99407226
0,0,0.00813636
0,0,0.0034740746
1,1,0.99246126
0,0,0.015177127
1,1,0.99394035
1,1,0.6114203
1,1,0.9831777
1,1,0.9924697
1,1,0.9904873
0,1,0.98031884
1,1,0.99166566
1,1,0.9902839
1,1,0.9905482
1,1,0.9913589
1,1,0.9961842
0,0,0.09044338
1,1,0.99401134
1,1,0.99426275
1,1,0.99579227
1,1,0.9922524
0,0,0.13960955
1,1,0.98774815
1,1,0.98623866
1,1,0.99491817
1,1,0.9927301
0,0,0.046346627
1,1,0.9952318
1,1,0.9883624
1,1,0.9960771
0,0,0.031907532
1,1,0.9946154
1,1,0.98978955
0,0,0.0017797237
1,1,0.9922063
0,0,0.014585293
0,0,0.043674976
1,1,0.9915724
1,1,0.9938313
0,0,0.0023036497
1,1,0.9933647
0,0,0.0025776704
0,1,0.60842353
1,1,0.9736647
1,1,0.9938105
1,1,0.9914709
0,0,0.00734096
0,1,0.9636545
1,1,0.99236816
1,1,0.987541
1,1,0.9794708
1,1,0.98787105
1,1,0.99246687
0,0,0.028060285
0,0,0.02153319
1,1,0.9922213
1,1,0.99078065
0,1,0.9843625
0,0,0.011705966
0,1,0.9747694
0,0,0.04374542
0,0,0.09167583
0,0,0.0020512228
0,0,0.1620139
1,1,0.99126446
1,1,0.99238247
0,0,0.0060702856
1,1,0.9900513
0,0,0.39210293
1,1,0.9947314
0,0,0.00652716
1,1,0.993306
0,1,0.98543787
0,0,0.11852444
1,1,0.9932821
1,1,0.99565095
0,0,0.009962116
0,0,0.010842396
0,0,0.054246753
0,1,0.6322734
0,0,0.004533815
1,1,0.98142725
0,0,0.03097337
1,1,0.9955277
1,1,0.9932597
0,0,0.0054903026
0,0,0.046489306
0,0,0.022077002
0,0,0.058206365
0,0,0.030636804
0,0,0.0049783476
0,0,0.09790412
1,1,0.9908937
1,1,0.9917571
1,1,0.99126
1,1,0.99423087
0,0,0.06066992
1,1,0.9944893
0,1,0.98786
1,1,0.9956416
1,1,0.9905347
0,0,0.0027747818
1,1,0.9935202
0,0,0.009594778
1,1,0.9853977
0,0,0.04107997
1,1,0.9908598
1,1,0.9959644
0,0,0.0022591182
0,0,0.13675131
0,0,0.02107603
1,1,0.99459887
1,1,0.9945074
1,1,0.9933229
0,0,0.46107677
1,1,0.9955799
0,0,0.0029232693
0,0,0.015684718
1,1,0.99423164
0,0,0.12970096
1,1,0.97441983
1,1,0.9945214
0,0,0.0067765415
0,0,0.014386202
1,1,0.97769606
1,1,0.99626875
0,0,0.10740256
1,1,0.99235064
1,1,0.99302304
0,0,0.06297883
1,1,0.99136615
1,1,0.99266195
1,1,0.9927569
1,1,0.99586403
0,0,0.018529436
0,1,0.95772207
0,0,0.0718909
1,1,0.9877862
1,1,0.9942384
1,1,0.9826034
0,0,0.0105953235
1,1,0.9944411
1,1,0.99249434
1,1,0.9901157
1,1,0.9888311
0,0,0.009696345
1,1,0.9914649
1,1,0.99579066
1,1,0.9915422
1,1,0.99459654
1,1,0.98882574
0,0,0.4850384
1,1,0.99468577
1,1,0.995887
0,0,0.020378688
1,1,0.9925868
1,1,0.9948368
1,1,0.9983339
0,0,0.0042345542
1,1,0.9936103
1,1,0.9940877
0,0,0.00871701
1,1,0.9931426
1,1,0.9750378
0,0,0.05085306
1,1,0.99093086
1,1,0.9960145
0,0,0.18026115
1,1,0.9939214
0,0,0.0136712175
1,1,0.9698808
0,0,0.18625258
0,0,0.015350379
0,0,0.018907702
0,0,0.011919054
0,0,0.0019390776
1,1,0.99581546
1,1,0.9924776
0,0,0.033014875
0,0,0.0017161611
1,1,0.99519414
1,1,0.9937729
0,0,0.12172539
0,0,0.025083864
1,1,0.9938306
0,0,0.11233315
1,1,0.9960891
0,0,0.008973361
0,0,0.0040708277
1,1,0.9953243
0,0,0.01712386
0,0,0.0151341185
0,0,0.02324655
0,0,0.03784986
1,1,0.995236
0,1,0.9873416
1,1,0.9924643
1,1,0.99616385
0,0,0.0019059697
0,0,0.02136448
0,0,0.023069061
0,0,0.49628234
0,0,0.014144533
1,1,0.9960062
1,1,0.9932636
0,1,0.9113874
0,0,0.0047122827
1,1,0.99643254
0,0,0.18358311
1,1,0.9915935
0,0,0.15934323
0,0,0.040256437
0,0,0.038771458
0,0,0.0021822366
0,0,0.012205482
0,0,0.0014286783
0,0,0.0036810543
1,1,0.9942589
1,1,0.9940864
1,1,0.9936313
0,0,0.010739558
0,1,0.9122937
0,1,0.84600556
0,0,0.0024402346
0,0,0.07786176
1,1,0.9924508
0,0,0.06910631
1,1,0.9941381
1,1,0.99457306
1,1,0.99204975
0,0,0.07143556
0,0,0.16462475
0,0,0.003632297
1,1,0.9929831
1,1,0.99395615
0,0,0.06326914
1,1,0.99186933
0,0,0.11421331
0,0,0.0039402153
1,1,0.9927772
1,1,0.99105495
0,0,0.373986
0,0,0.004644901
1,1,0.9924414
1,1,0.98936915
0,0,0.1533818
0,0,0.0019499756
1,1,0.9902805
0,0,0.0078124953
1,1,0.99443346
0,0,0.002998031
0,1,0.7848335
1,1,0.99463755
0,0,0.03403429
1,1,0.99483585
0,0,0.20782463
0,0,0.049153436
1,1,0.99070543
1,1,0.9928197
0,1,0.9889116
1,1,0.98933
0,0,0.3476344
1,1,0.9931248
1,1,0.988236
1,1,0.98660976
0,0,0.03615662
0,0,0.09228955
0,1,0.5960946
0,1,0.96914166
0,0,0.006283962
0,0,0.0023816584
1,1,0.99320674
1,1,0.99344
0,0,0.0017739006
1,1,0.99347717
1,1,0.9957831
0,0,0.007755434
0,0,0.019783916
0,0,0.039698455
0,0,0.3683012
1,1,0.99198943
0,0,0.011712443
1,1,0.99479127
1,1,0.99497944
0,0,0.007955031
1,1,0.9940094
0,0,0.20765543
1,1,0.9942002
1,1,0.9209912
0,0,0.024834488
0,0,0.37397733
0,0,0.32285276
0,0,0.14341007
0,0,0.078877054
0,0,0.055564813
1,1,0.99170786
1,1,0.99488926
0,0,0.0061157313
0,1,0.992979
0,0,0.11157494
1,1,0.99310595
0,0,0.002713581
0,0,0.0040588654
0,0,0.08859957
1,1,0.99477696
1,1,0.9909417
1,1,0.99427384
1,1,0.9958567
0,0,0.009073467
1,1,0.99225956
0,1,0.96179605
1,1,0.9923379
0,0,0.05171892
0,0,0.01031782
0,0,0.010050631
1,1,0.9902653
1,1,0.99421644
0,0,0.46234238
0,0,0.06321299
0,0,0.021988569
0,1,0.9819735
1,1,0.99417806
1,1,0.9910857
1,1,0.9954014
1,1,0.99547476
1,1,0.99088204
1,1,0.99006164
1,1,0.992134
0,0,0.034078803
0,1,0.88422453
0,0,0.0041581625
1,1,0.9962178
1,1,0.9947732
1,1,0.9936028
1,1,0.99296784
1,1,0.9947365
1,1,0.9879291
0,0,0.03136093
0,0,0.0049702427
1,1,0.9729091
0,0,0.05655877
1,1,0.9935015
0,1,0.92379785
1,1,0.9949007
1,1,0.99246985
0,0,0.19731897
0,1,0.9930957
0,0,0.002778949
1,1,0.9947635
0,0,0.028463613
1,1,0.9959204
1,1,0.9961843
0,1,0.9707092
0,1,0.579896
1,1,0.99207836
1,1,0.9908312
0,0,0.07275766
0,1,0.69537926
0,0,0.08259645
1,1,0.9950287
1,1,0.9904079
1,1,0.9921049
0,0,0.0022065614
1,1,0.99496293
0,0,0.0015619061
0,1,0.9940158
1,1,0.9950597
0,1,0.9322193
0,0,0.017405046
0,0,0.0976694
0,1,0.93910396
1,1,0.99532145
1,1,0.9962115
1,1,0.99350065
1,1,0.99423826
0,0,0.0035061683
1,1,0.99019486
1,1,0.99500966
1,1,0.9825491
0,1,0.99056566
0,0,0.007603444
1,1,0.9806669
1,1,0.9882785
0,0,0.11653316
1,1,0.99550253
0,0,0.13814275
1,1,0.99196
1,1,0.99279505
0,0,0.10327002
0,0,0.0604646
1,1,0.9954626
0,0,0.06946459
1,1,0.97691715
0,0,0.13932553
0,0,0.036798745
0,0,0.17430116
1,1,0.99266475
0,0,0.05940051
0,0,0.09898617
0,1,0.99087965
1,1,0.99296826
1,1,0.99237144
1,1,0.97880656
0,0,0.00391911
1,1,0.9936772
1,1,0.9928254
0,0,0.033239003
1,1,0.99224395
0,0,0.12989983
1,1,0.9917075
0,0,0.0053549367
1,1,0.98954076
1,1,0.9788493
1,1,0.9867388
0,1,0.98578507
1,1,0.98635143
0,0,0.0025065455
1,1,0.99560046
1,1,0.9943289
1,1,0.9947082
1,1,0.99261475
1,1,0.99442977
0,0,0.025605466
1,1,0.99442047
1,1,0.99474007
1,1,0.99311405
0,0,0.07965066
1,1,0.99389464
0,0,0.004269274
1,1,0.98977005
0,1,0.9869643
1,1,0.98803467
1,1,0.9826278
0,0,0.0033996368
1,1,0.99533
0,0,0.054073073
1,1,0.9900005
1,1,0.9950682
0,0,0.0022274887
1,1,0.99262154
0,0,0.0013767265
0,0,0.0026254773
0,0,0.0074321427
1,1,0.9909147
1,1,0.9887538
1,1,0.960874
0,0,0.016401123
1,1,0.9939142
0,0,0.020015996
1,1,0.9940646
1,1,0.99518615
1,1,0.9940194
1,1,0.995076
1,1,0.98310447
1,1,0.980457
1,1,0.99326766
1,1,0.99504894
0,0,0.0048768613
1,1,0.98766077
0,0,0.14493304
0,1,0.6833116
1,1,0.9932302
0,1,0.9723488
1,1,0.9882875
1,1,0.99522
0,0,0.007912373
1,1,0.9908732
1,1,0.9957808
1,1,0.99531245
0,0,0.106111854
0,0,0.03166936
1,1,0.99533683
0,0,0.025602717
1,1,0.9905466
1,1,0.99466395
0,0,0.039264347
0,1,0.993997
1,1,0.992997
0,0,0.021087263
1,1,0.9583274
0,0,0.0045309686
0,0,0.056324773
0,0,0.022860758
0,1,0.6275258
1,1,0.99327254
0,0,0.009975844
1,1,0.993016
0,0,0.0016859199
0,0,0.09307431
0,0,0.07552288
0,0,0.12442061
1,1,0.99089664
1,1,0.9948084
0,0,0.22949652
0,0,0.07301857
0,1,0.99392724
1,1,0.9957481
0,0,0.15637925
0,0,0.40988368
0,0,0.006180401
0,0,0.011638116
0,0,0.0029396103
1,1,0.9934093
1,1,0.9948513
1,1,0.9683613
1,1,0.9912006
0,0,0.1486068
1,1,0.9922665
0,0,0.0016140193
0,0,0.009525707
0,0,0.03877833
0,0,0.017668597
1,1,0.98431385
1,1,0.992092
0,1,0.6819131
0,0,0.18164843
0,0,0.003535802
1,1,0.93983287
0,0,0.078781456
1,1,0.99461293
0,1,0.94316685
1,1,0.992993
1,1,0.99320686
1,1,0.99388146
0,0,0.01980861
1,1,0.8873231
1,1,0.9951858
0,0,0.0044984743
1,1,0.9885492
0,0,0.016675092
0,0,0.033914376
1,1,0.9908312
0,0,0.005017678
1,1,0.98917437
0,0,0.021859622
1,1,0.99027467
0,1,0.89256424
0,0,0.006782572
0,0,0.34584624
0,0,0.0094781
0,0,0.03733855
0,0,0.019918611
1,1,0.99428856
1,1,0.73811734
1,1,0.9949432
0,1,0.5705559
0,0,0.013072089
1,1,0.99313086
0,0,0.1411126
1,1,0.9885007
1,1,0.8116756
0,0,0.3304355
0,0,0.16837877
1,1,0.9906641
1,1,0.9915461
1,1,0.99315685
0,0,0.13002682
0,0,0.011489266
1,1,0.9963122
0,0,0.002114387
1,1,0.9876401
0,0,0.011624822
1,1,0.9912908
1,1,0.9922611
1,1,0.9941859
1,1,0.99149925
1,1,0.9960995
1,1,0.9932486
1,1,0.991912
1,1,0.9943979
0,0,0.09542939
0,0,0.019369502
0,0,0.14041148
1,1,0.99319386
1,1,0.99462575
0,0,0.00402045
1,1,0.99510866
1,1,0.9930535
0,0,0.032373838
1,1,0.9956766
1,1,0.9559335
0,0,0.009468319
1,1,0.98981327
1,1,0.9830434
0,0,0.029213853
1,1,0.99431074
1,1,0.99476504
1,1,0.99522
0,0,0.0012441392
0,0,0.023495078
0,0,0.08054814
1,1,0.99588567
1,1,0.9886903
0,0,0.11936162
1,1,0.9948946
1,1,0.9962806
1,1,0.99599516
0,0,0.010557706
0,1,0.9464531
0,1,0.9889404
0,0,0.043175377
0,0,0.030512406
0,0,0.0030343784
1,1,0.99563074
1,1,0.99154645
0,0,0.0039547966
1,1,0.9866763
1,1,0.99663323
0,0,0.03904865
1,1,0.9958223
1,1,0.99491984
1,1,0.99288905
0,0,0.24579504
1,1,0.99486595
1,1,0.98499703
0,0,0.027741618
1,1,0.9910697
1,1,0.99410737
0,0,0.006426297
0,0,0.021234
1,1,0.9937442
0,0,0.0016192588
0,0,0.0710772
1,1,0.99160963
1,1,0.99545753
0,1,0.9870716
1,1,0.99546176
1,1,0.9944676
1,1,0.9929503
1,1,0.9915782
1,1,0.9698527
1,1,0.99388367
0,0,0.07439035
0,0,0.0014261566
1,1,0.9944892
1,1,0.99311066
1,1,0.98966706
1,1,0.9918093
0,0,0.005911674
1,1,0.99438655
0,0,0.04220223
1,1,0.97975355
0,0,0.18714489
0,0,0.049123995
1,1,0.99167377
0,0,0.015102388
1,1,0.992898
1,1,0.9925051
0,0,0.012370146
1,1,0.99521196
1,1,0.99630463
1,1,0.9938863
1,1,0.99471235
1,1,0.9944008
1,1,0.9924247
1,1,0.9953088
1,1,0.9809899
1,1,0.9943504
0,0,0.009820049
0,1,0.98995143
1,1,0.9947567
0,0,0.010905938
1,1,0.9915326
0,0,0.12745108
1,1,0.9916899
1,1,0.9842705
1,1,0.99441457
1,1,0.9837937
0,0,0.001304588
0,0,0.0022530442
1,1,0.99530053
1,1,0.9854306
0,0,0.16879985
1,1,0.99619246
1,1,0.9966498
0,0,0.0019175629
0,0,0.0016614271
1,1,0.99525046
1,1,0.99434537
0,0,0.0019269786
0,0,0.03714583
1,1,0.9888987
1,1,0.984213
0,0,0.057289597
1,1,0.994439
1,1,0.99526274
1,1,0.99390924
0,0,0.0083197905
1,1,0.9954171
0,0,0.0090482915
0,0,0.34950358
0,0,0.03948957
0,0,0.043736048
1,1,0.995439
1,1,0.9921417
1,1,0.993367
1,1,0.9906013
1,1,0.9908189
1,1,0.9898645
0,0,0.3847904
1,1,0.99488634
0,0,0.0019939612
0,0,0.12722698
1,1,0.9925653
0,0,0.022267243
1,1,0.9731449
0,0,0.023632957
1,1,0.9922449
1,1,0.9928745
0,0,0.07655985
1,1,0.9941659
0,0,0.004090511
1,1,0.9935266
0,0,0.0023924194
0,0,0.10180045
0,0,0.013061401
0,1,0.5780742
0,0,0.052512206
1,1,0.99280095
0,0,0.097160906
1,1,0.99485946
0,0,0.0727791
1,1,0.9880756
1,1,0.9922391
0,0,0.0026050739
0,0,0.0021562541
0,0,0.005782146
1,1,0.99578035
1,1,0.96277094
1,1,0.99630797
0,0,0.013759192
1,1,0.99671906
0,1,0.993032
1,1,0.99491817
1,1,0.9960955
0,1,0.9775933
0,0,0.047841903
0,1,0.57693017
0,1,0.68217546
1,1,0.9947023
1,1,0.99552685
0,0,0.39950752
1,1,0.99569017
1,1,0.9191615
0,0,0.03330328
1,1,0.9900552
1,1,0.9779048
1,1,0.9861347
0,0,0.09870644
1,1,0.9892503
1,1,0.993371
0,0,0.012397357
1,1,0.9949426
1,1,0.99108934
0,1,0.92260104
0,0,0.0025315084
0,1,0.6530674
0,0,0.023927232
0,0,0.037246954
1,1,0.9958834
0,0,0.034631338
0,0,0.016515857
0,0,0.06759727
0,0,0.037609324
0,0,0.0019660906
0,0,0.22925146
1,1,0.9949622
0,0,0.049397208
1,1,0.9891555
0,1,0.93289983
1,1,0.9892715
0,1,0.907752
1,1,0.995934
1,1,0.9946648
0,1,0.99283546
0,0,0.06335851
0,0,0.04162513
0,1,0.98414314
1,1,0.9948773
0,0,0.023735154
0,0,0.0028498564
0,1,0.9924396
1,1,0.9957163
1,1,0.9923475
1,1,0.9931852
0,1,0.990871
1,1,0.993053
0,1,0.96210647
0,0,0.009140075
1,1,0.9914676
0,0,0.011783522
0,0,0.0110687055
0,0,0.005495658
1,1,0.99389875
0,1,0.959348
1,1,0.9716249
0,0,0.22089042
1,1,0.99353445
1,1,0.9908264
1,1,0.9377739
0,0,0.0030566787
0,0,0.0017356978
1,1,0.995021
1,1,0.99492764
1,1,0.9941275
0,0,0.014773521
1,1,0.9957812
0,0,0.04037843
1,1,0.99226147
0,0,0.0041283225
1,1,0.97313315
0,1,0.9787754
1,1,0.980907
0,0,0.0016774005
1,1,0.98993754
0,0,0.018915929
1,1,0.9851965
0,0,0.101899885
1,1,0.9958079
1,1,0.9946578
1,1,0.9935359
0,0,0.012839863
1,1,0.9949243
0,1,0.83422744
1,1,0.9887355
1,1,0.99223936
0,1,0.6215115
0,1,0.9666113
0,0,0.010923146
0,0,0.031999588
1,1,0.99440104
0,0,0.0023682532
1,1,0.99594337
1,1,0.9952283
1,1,0.99417865
1,1,0.994945
1,1,0.9947377
0,0,0.028294247
1,1,0.99339986
0,0,0.3196025
1,1,0.99535465
1,1,0.9948224
0,1,0.9798396
0,0,0.089196205
0,0,0.108605444
0,0,0.056149855
0,0,0.007933039
0,1,0.97546726
0,0,0.08057314
0,0,0.029788082
1,1,0.9955057
1,1,0.9929502
0,1,0.9909473
1,1,0.9855619
0,0,0.01199098
1,1,0.99025553
0,1,0.99217105
1,1,0.9941077
1,1,0.99346924
0,0,0.0056305937
1,1,0.9935486
0,0,0.003956974
0,0,0.0400817
0,1,0.9248161
0,0,0.0098591475
1,1,0.99546474
1,1,0.9844862
0,0,0.0019911872
0,0,0.008899689
1,1,0.73253626
1,1,0.98699784
1,1,0.8293203
1,1,0.99098676
1,1,0.9955332
0,1,0.97062385
1,1,0.99023074
1,1,0.99561113
1,1,0.99499726
1,1,0.9950133
1,1,0.9956286
0,0,0.16810639
0,0,0.0013313981
1,1,0.9953818
1,1,0.99542266
1,1,0.99493587
0,0,0.017654797
1,1,0.9875144
1,1,0.99610436
1,1,0.9945861
0,0,0.12902749
0,1,0.891207
1,1,0.99491006
1,1,0.9954399
0,0,0.02458181
1,1,0.9922482
0,0,0.025491234
1,1,0.9915394
0,0,0.10657621
1,1,0.9929
1,1,0.9926016
1,1,0.99387145
1,1,0.99178433
0,0,0.0018679304
0,0,0.0065414147
1,1,0.98424006
0,0,0.0019360479
0,0,0.02174702
1,1,0.9929224
1,1,0.9832704
0,0,0.031268705
0,0,0.015105446
0,0,0.002624198
1,1,0.9898178
0,0,0.15251072
1,1,0.98800194
1,1,0.9899485
1,1,0.99169004
0,0,0.0022177969
0,1,0.5362732
0,0,0.023399755
1,1,0.9948154
1,1,0.99467754
0,0,0.018595396
0,0,0.0012961308
0,0,0.007727326
0,0,0.010716685
0,0,0.18606171
1,1,0.9898893
1,1,0.993244
1,1,0.9937901
1,1,0.9919191
1,1,0.99506974
1,1,0.9916564
0,0,0.0070206383
0,0,0.001855926
0,0,0.08320993
0,0,0.0025863675
1,1,0.9932187
1,1,0.994511
0,0,0.24317859
1,1,0.990573
1,1,0.99125975
1,1,0.9961976
0,0,0.064651705
1,1,0.99131775
1,1,0.99523276
0,0,0.012362692
0,0,0.007661617
0,1,0.9317241
0,0,0.13699311
1,1,0.932738
1,1,0.9947883
1,1,0.9935167
1,1,0.9948908
1,1,0.9887511
1,1,0.99081135
1,1,0.99449944
1,1,0.99477637
1,1,0.99344
0,0,0.006411158
1,1,0.991078
1,1,0.99217075
0,0,0.06275203
1,1,0.9906708
1,1,0.9904627
0,0,0.48391864
1,1,0.9952312
1,1,0.9931805
1,1,0.92124206
1,1,0.9865094
0,0,0.1183186
1,1,0.99380493
1,1,0.80897856
1,1,0.99421173
1,1,0.9953192
1,1,0.99290425
1,1,0.99331117
0,1,0.55627185
0,0,0.12650797
1,1,0.9939687
0,0,0.052492872
1,1,0.9959156
0,0,0.05621967
1,1,0.9945878
1,1,0.99283916
0,0,0.0088980105
1,1,0.9929813
0,0,0.10678397
0,0,0.0023743368
1,1,0.9957514
1,1,0.9942017
0,0,0.04702776
1,1,0.9927129
0,1,0.90291166
0,0,0.016293854
0,1,0.9828294
1,1,0.99483126
1,1,0.994836
1,1,0.99395305
0,0,0.044905562
0,0,0.02656853
1,1,0.9938625
1,1,0.9946287
0,1,0.92355955
0,0,0.019784018
1,1,0.99583924
1,1,0.993937
0,0,0.007680285
1,1,0.9863993
1,1,0.9951747
1,1,0.9931161
0,0,0.016706442
1,1,0.99442047
0,0,0.47692138
1,1,0.9935091
1,1,0.99587554
1,1,0.9942398
0,0,0.042584732
0,0,0.016158376
1,1,0.99191964
1,1,0.99335843
1,1,0.9669827
1,1,0.99496233
0,1,0.5409095
0,0,0.0024901847
1,1,0.99405515
1,1,0.99238706
1,1,0.99421555
1,1,0.99406815
0,0,0.13722679
0,0,0.0021453593
0,0,0.053379368
1,1,0.99520594
0,0,0.10051508
1,1,0.995366
1,1,0.9913135
0,0,0.0053122705
1,1,0.996167
0,1,0.9854946
0,1,0.99369603
0,0,0.030387582
1,1,0.9932294
1,1,0.994949
1,1,0.9895682
0,0,0.008862698
0,0,0.103761196
1,1,0.9897339
0,0,0.017580293
0,0,0.1593137
0,0,0.0044866637
0,1,0.98756486
0,0,0.16967095
0,0,0.005856542
1,1,0.99621457
1,1,0.99247473
0,0,0.1417518
1,1,0.9932574
0,1,0.5201
0,0,0.015947802
0,0,0.0075928015
1,1,0.9922984
1,1,0.9900802
1,1,0.9913455
0,0,0.03871587
1,1,0.9892763
1,1,0.9958171
1,1,0.9915611
0,0,0.0016903252
0,0,0.02379098
1,1,0.99340844
1,1,0.9917054
0,0,0.04513129
0,0,0.008021573
0,1,0.9207733
0,0,0.07915696
1,1,0.99037457
1,1,0.99153674
0,0,0.07292696
0,0,0.008338688
1,1,0.9880484
1,1,0.9930408
0,1,0.9009146
1,1,0.99502087
1,1,0.9896828
0,0,0.10287736
1,1,0.9929476
0,1,0.9318492
0,0,0.043761842
1,1,0.9902782
0,0,0.009452153
0,0,0.051229
1,1,0.9892685
0,0,0.1568948
0,0,0.004832156
1,1,0.99255204
1,1,0.994843
0,0,0.07262039
1,1,0.9932962
0,0,0.23300925
1,1,0.9951079
0,0,0.011434073
0,1,0.98540384
1,1,0.99101347
1,1,0.9956825
1,1,0.99224055
1,1,0.9910597
1,1,0.97726256
1,1,0.98843676
1,1,0.99354047
1,1,0.9954289
0,0,0.012325108
1,1,0.99216664
1,1,0.9932486
1,1,0.99202514
1,1,0.9946424
1,1,0.9959669
0,0,0.055497695
0,0,0.1460386
0,1,0.6264808
0,0,0.1909769
1,1,0.99145824
0,0,0.040348265
1,1,0.9963576
1,1,0.9938929
1,1,0.9938024
1,1,0.9920353
1,1,0.9917583
0,0,0.026667586
0,1,0.99158525
0,0,0.033947956
1,1,0.99479854
1,1,0.9950637
0,0,0.06968572
1,1,0.9843629
0,0,0.10078101
1,1,0.9924677
1,1,0.99153507
1,1,0.993802
1,1,0.99482006
1,1,0.9900851
1,1,0.99191403
1,1,0.9946569
1,1,0.99104893
1,1,0.9926785
1,1,0.99328727
1,1,0.99460536
1,1,0.9851105
1,1,0.9962836
1,1,0.9950329
0,0,0.18897547
0,0,0.050584674
0,0,0.0025666237
0,0,0.0047279806
0,0,0.010468958
1,1,0.9916237
1,1,0.9938263
0,0,0.29459187
0,0,0.4858477
1,1,0.99451643
0,0,0.0021581026
1,1,0.99088836
1,1,0.99430496
0,0,0.050251585
1,1,0.99409133
1,1,0.9946404
0,0,0.0034676224
1,1,0.9957189
0,0,0.006694535
1,1,0.9956365
1,1,0.9925251
1,1,0.99276745
1,1,0.99278647
1,1,0.9931502
0,1,0.990635
1,1,0.99279106
0,0,0.0053127194
1,1,0.9947856
1,1,0.99382883
1,1,0.9915365
1,1,0.9908715
1,1,0.99545825
1,1,0.9941187
0,0,0.007973958
0,0,0.026947891
0,0,0.01979177
1,1,0.9937867
0,0,0.04761286
1,1,0.9904418
1,1,0.991492
0,0,0.29380926
0,0,0.2979519
1,1,0.99477416
0,0,0.05787998
1,1,0.9961951
0,0,0.06348463
0,0,0.045526356
0,1,0.8376238
0,1,0.7532872
1,1,0.9913504
0,0,0.0066913585
1,1,0.9959915
0,0,0.018760426
1,1,0.9913653
1,1,0.9938736
1,1,0.99416935
0,0,0.0062158266
0,0,0.42783037
0,1,0.9890871
1,1,0.99359256
1,1,0.9935462
1,1,0.9893539
0,0,0.0014399232
0,0,0.005207787
1,1,0.9956839
0,0,0.22057773
1,1,0.9770836
0,0,0.16087668
0,1,0.9571628
0,0,0.015285777
1,1,0.9918465
0,0,0.057746273
0,0,0.011521729
1,1,0.9918454
1,1,0.99455184
1,1,0.9952508
1,1,0.99201137
1,1,0.9873147
1,1,0.99612975
1,1,0.9948291
0,0,0.062437493
0,1,0.94738704
1,1,0.99522334
0,0,0.07378086
1,1,0.99306136
1,1,0.9160244
1,1,0.994162
1,1,0.99091154
0,0,0.036040302
1,1,0.9948119
0,1,0.9609476
1,1,0.9957515
0,0,0.06367217
1,1,0.99538165
0,0,0.006839287
1,1,0.995067
0,1,0.99184567
1,1,0.9948763
1,1,0.99407554
1,1,0.99229336
1,1,0.99263644
0,0,0.004612389
0,0,0.0019787645
1,1,0.9856749
1,1,0.9926259
1,1,0.9930735
1,1,0.9897792
1,1,0.9915366
0,0,0.47428498
0,0,0.012081243
0,0,0.0036563983
1,1,0.99280566
0,1,0.97595936
1,1,0.82203466
1,1,0.99389267
0,0,0.0020931233
0,0,0.04307547
0,0,0.0046389215
1,1,0.9585473
1,1,0.993729
0,0,0.019037835
1,1,0.99408555
0,1,0.89646745
0,0,0.0015090262
0,0,0.014440027
0,1,0.9650978
1,1,0.9939856
1,1,0.99494654
1,1,0.9943979
0,0,0.004744083
1,1,0.9959971
1,1,0.99553853
1,1,0.98608124
1,1,0.99265224
0,0,0.01149258
0,0,0.016226353
0,1,0.9871224
1,1,0.9928585
0,0,0.038191393
1,1,0.99393576
0,1,0.9758881
1,1,0.989994
1,1,0.9949458
0,0,0.10091578
0,0,0.03196297
1,1,0.99501204
1,1,0.9901001
0,0,0.060419124
0,1,0.9760296
0,0,0.15985338
1,1,0.99502534
0,0,0.025454855
1,1,0.9953402
1,1,0.9961952
0,0,0.008599735
1,1,0.9909917
0,0,0.102945976
0,0,0.14049669
1,1,0.99034166
0,1,0.95662487
0,0,0.014080186
1,1,0.9544644
0,1,0.76425815
0,0,0.029875468
0,0,0.14246516
1,1,0.99579805
1,1,0.99286276
0,0,0.1885461
1,1,0.9898824
1,1,0.9896826
0,0,0.0033479212
1,1,0.9802365
0,0,0.17037012
0,0,0.047947578
0,0,0.035747584
1,1,0.9919396
0,0,0.012042904
0,0,0.008069943
0,0,0.0029252921
1,1,0.9949587
0,0,0.0047774394
0,0,0.12919481
1,1,0.9932602
0,0,0.0049827048
1,1,0.9939272
1,1,0.9918282
1,1,0.99377865
1,1,0.9935675
0,0,0.0061220704
0,0,0.053669974
1,1,0.9912027
1,1,0.98912853
0,1,0.81339896
0,0,0.14352839
1,1,0.9936871
0,0,0.12373274
0,0,0.012279001
0,0,0.0035074595
1,1,0.9952596
0,0,0.0035746472
1,1,0.9957871
1,1,0.9944371
1,1,0.9928525
0,0,0.06568419
1,1,0.993816
1,1,0.9937621
0,0,0.0020408041
1,1,0.9949142
0,0,0.0046768435
1,1,0.9924446
1,1,0.99232894
1,1,0.9927152
1,1,0.9940732
0,0,0.14559089
1,1,0.99645555
0,0,0.0031464174
1,1,0.9923275
1,1,0.9952814
0,1,0.9939324
0,0,0.23408908
0,1,0.9040043
1,1,0.9905946
1,1,0.99362767
0,0,0.055122152
0,0,0.0016739754
0,0,0.015475274
1,1,0.9957208
1,1,0.995445
1,1,0.9922065
0,0,0.13378914
1,1,0.959083
0,0,0.0027781073
0,0,0.038878918
1,1,0.9891516
1,1,0.9930748
1,1,0.9956821
0,0,0.007782848
1,1,0.9931502
0,0,0.003790827
1,1,0.99348783
1,1,0.99583155
0,0,0.002744654
0,0,0.04366869
1,1,0.99550134
0,0,0.05546518
0,0,0.021377215
1,1,0.99582326
0,1,0.97886765
1,1,0.9939465
1,1,0.99568117
0,0,0.08932579
1,1,0.99433315
1,1,0.9933577
1,1,0.9940832
1,1,0.98901224
1,1,0.9961958
1,1,0.9933513
1,1,0.99324447
1,1,0.99392116
1,1,0.9948938
0,0,0.1780371
1,1,0.98947704
0,0,0.093860164
0,1,0.56999993
0,0,0.002726101
1,1,0.9930855
0,0,0.29777843
0,0,0.02870748
0,0,0.018808916
1,1,0.9933256
1,1,0.9903127
1,1,0.9956844
1,1,0.9879032
0,0,0.0024840345
1,1,0.9879953
1,1,0.9923503
0,0,0.33143994
0,0,0.04628226
1,1,0.9958014
1,1,0.989654
1,1,0.9148438
0,0,0.0017235416
1,1,0.99402845
0,0,0.09238835
0,0,0.020497477
1,1,0.9935022
1,1,0.99590564
1,1,0.99234664
1,1,0.9958014
1,1,0.9957885
0,0,0.124139234
1,1,0.9928445
0,0,0.0132442415
0,1,0.8810882
0,1,0.59217495
1,1,0.99073875
0,1,0.8168782
0,0,0.0032080181
0,0,0.08479496
1,1,0.9945133
0,0,0.06437329
0,0,0.11099665
1,1,0.99371874
1,1,0.9955219
0,0,0.071538165
1,1,0.99265903
0,0,0.002983792
1,1,0.9921456
0,0,0.03349024
1,1,0.9944577
0,0,0.10555232
1,1,0.9958735
0,1,0.78663486
1,1,0.98986673
1,1,0.9886847
1,1,0.9914653
0,1,0.88705206
1,1,0.99628997
0,0,0.0133928815
1,1,0.9952685
0,0,0.055404983
0,0,0.15423095
0,0,0.003990951
0,0,0.019236544
0,0,0.00819157
1,0,0.15000862
0,0,0.2033422
1,1,0.9943064
1,1,0.99505925
0,0,0.0025457346
0,0,0.0021346759
1,1,0.9931103
0,0,0.004273943
1,1,0.99243015
0,0,0.048357613
1,1,0.9918331
1,1,0.9959
1,1,0.995972
1,1,0.99197453
0,0,0.03353633
1,1,0.9953113
0,0,0.0036657143
0,1,0.98085093
1,1,0.9941432
0,0,0.18476294
1,1,0.993236
1,1,0.9877765
0,0,0.005694816
0,0,0.082161024
0,0,0.022962455
0,0,0.042514157
0,0,0.010169947
0,0,0.079624794
1,1,0.9926173
1,1,0.9920421
1,1,0.99003136
1,1,0.99581367
1,1,0.99577904
1,1,0.991647
0,0,0.07615929
0,0,0.12508385
1,1,0.99535084
1,1,0.9933496
0,0,0.019430604
0,1,0.6760691
0,1,0.8595519
1,1,0.991998
0,0,0.0041989386
0,0,0.019738074
0,0,0.0161932
0,0,0.089378916
0,0,0.31025782
1,1,0.9935137
1,1,0.9930379
0,0,0.0027435748
0,1,0.93665177
0,0,0.05540047
1,1,0.9910415
0,0,0.1994595
1,1,0.9933636
1,1,0.98561215
0,0,0.010352912
1,1,0.9935468
1,1,0.99411964
1,1,0.99157774
1,1,0.995631
0,0,0.08987644
1,1,0.995747
1,1,0.98895895
1,1,0.99314487
1,1,0.98796684
1,1,0.9940025
0,1,0.9894477
0,0,0.027363703
0,1,0.7397959
1,1,0.9922855
0,0,0.10193249
1,1,0.9925581
0,0,0.14430656
1,1,0.9903661
0,0,0.03696055
0,0,0.0014636738
1,1,0.9845382
1,1,0.9937598
1,1,0.99642193
1,1,0.9958234
1,1,0.99452233
1,1,0.9945351
1,1,0.99460006
1,1,0.9916857
1,1,0.9931462
1,1,0.9958639
0,0,0.0019968248
1,1,0.99503845
0,1,0.5610974
1,1,0.9964579
1,0,0.09630841
0,0,0.18674742
1,1,0.99027914
1,1,0.99208707
0,1,0.9745789
0,1,0.9037038
1,1,0.96081644
1,1,0.99167144
1,1,0.9932894
1,1,0.9923665
1,1,0.9956493
0,0,0.014701701
0,0,0.003914892
1,1,0.9951219
1,1,0.9953046
1,1,0.99663264
1,1,0.99338293
0,0,0.043819863
0,1,0.98789024
0,1,0.9859264
0,0,0.3477597
0,0,0.0017827547
1,1,0.99510974
0,0,0.0970454
1,1,0.9929558
0,1,0.99397933
0,0,0.02598108
1,1,0.99541605
0,0,0.07450299
0,0,0.0031303999
1,1,0.9925085
0,0,0.13180771
1,1,0.9946643
1,1,0.9949502
0,0,0.019583004
0,0,0.0025061273
0,1,0.6951353
1,1,0.98879147
0,0,0.13986298
0,1,0.7557545
0,0,0.010931305
0,0,0.05532811
1,1,0.9912998
0,0,0.003016588
1,1,0.9937109
1,1,0.99262345
0,0,0.015172189
1,1,0.9907432
0,0,0.06342612
1,1,0.9905432
0,0,0.053580582
1,1,0.9961593
0,0,0.002356957
0,0,0.022617066
1,1,0.994245
1,1,0.9909088
0,0,0.28779808
0,0,0.22412592
1,1,0.9957748
0,0,0.09497468
0,1,0.98389536
1,1,0.9959751
1,1,0.99615115
0,0,0.0036987697
0,0,0.051766027
0,1,0.98103803
1,1,0.9957996
1,1,0.99462634
0,0,0.18243529
0,1,0.8396159
0,0,0.0026257657
1,1,0.9955278
0,0,0.07997617
0,0,0.08564866
1,1,0.99586356
1,1,0.99229395
1,1,0.9944845
0,0,0.015236419
1,1,0.99473983
0,0,0.02269431
1,1,0.99466175
0,1,0.7718581
1,1,0.99470633
0,0,0.01131187
0,0,0.0081419265
0,0,0.004022505
1,1,0.9909011
1,1,0.99134237
0,0,0.08619719
1,1,0.99301803
1,1,0.9898084
1,1,0.9955461
1,1,0.9917041
1,1,0.9934164
1,1,0.9886157
1,1,0.9961546
1,1,0.9941605
0,0,0.18216847
1,1,0.98848224
1,1,0.9920542
1,1,0.9930633
1,1,0.9909471
1,1,0.98987913
0,0,0.0016928191
0,0,0.024696013
0,0,0.119151846
1,1,0.995602
1,1,0.99420553
0,1,0.991234
1,1,0.99439126
0,0,0.019972192
0,0,0.038713068
0,0,0.017355453
0,0,0.0014213435
0,0,0.0013668629
1,1,0.9953798
0,1,0.89676446
1,1,0.99281234
0,0,0.017022403
1,1,0.9929721
0,0,0.0024335275
1,1,0.9943705
0,1,0.9661549
1,1,0.9884417
0,0,0.0017896957
0,0,0.010110997
1,1,0.99529344
1,1,0.9876152
0,0,0.003113355
1,1,0.9959403
0,0,0.01290913
0,0,0.08540129
1,1,0.9896107
1,1,0.9930032
0,0,0.05864756
0,0,0.012758142
0,0,0.025186287
1,1,0.9942502
1,1,0.9951905
1,1,0.9927012
0,1,0.97237056
1,1,0.9948814
1,1,0.99586177
1,1,0.9930883
0,0,0.014896578
0,0,0.07703581
1,1,0.9951776
0,0,0.23402965
1,1,0.9952118
1,1,0.9921834
1,1,0.9899914
0,0,0.11736377
1,1,0.9944359
0,1,0.9080359
1,1,0.99134177
1,1,0.99125403
1,1,0.99547786
0,0,0.16839294
1,1,0.99264926
0,0,0.11470179
1,1,0.9898948
1,1,0.9938261
1,1,0.9965274
1,1,0.9957502
0,0,0.004255579
1,1,0.9953126
0,1,0.97438455
1,1,0.99063444
0,0,0.0036999616
1,1,0.99458236
1,1,0.9933862
0,0,0.019246724
1,1,0.9917402
1,1,0.8225932
0,0,0.0020221178
0,0,0.033570718
1,1,0.992943
0,1,0.6729595
1,1,0.9942427
0,0,0.0024346216
0,0,0.2976915
0,0,0.18245676
0,0,0.015856681
1,1,0.995854
1,1,0.99601424
1,1,0.99181986
0,0,0.0566451
0,0,0.13832626
0,0,0.0017218039
0,0,0.05913382
0,0,0.28599817
0,0,0.0016606189
0,0,0.0027497867
0,0,0.1797551
0,0,0.0045781652
1,1,0.9942468
0,0,0.01970847
1,1,0.9582616
1,1,0.9934783
0,0,0.23695345
0,0,0.007797739
1,1,0.9927228
1,1,0.99535394
0,1,0.9798973
1,1,0.97888684
1,1,0.9923609
0,0,0.062901095
0,0,0.11612078
0,0,0.028418347
1,1,0.9836273
1,1,0.99538404
0,0,0.1039687
1,1,0.9927342
0,0,0.023472864
0,0,0.0014869388
1,1,0.99161196
0,0,0.009425301
1,1,0.99167097
1,1,0.9935499
1,1,0.99276465
1,1,0.9924557
1,1,0.99509615
1,1,0.9938088
0,0,0.0017740586
0,0,0.009919668
0,0,0.012006519
0,0,0.33095044
0,0,0.0022365747
0,0,0.07045161
1,1,0.99265397
0,0,0.30597258
1,1,0.99517125
1,1,0.990759
1,1,0.9942405
1,1,0.99358106
1,1,0.9899837
1,1,0.9950423
1,1,0.9918583
1,1,0.99293196
0,0,0.02389183
1,1,0.9912076
1,1,0.9937131
1,1,0.9954621
0,0,0.11436992
1,1,0.9962366
0,0,0.0037423314
0,0,0.44577807
1,1,0.9943768
0,0,0.052636072
0,0,0.06414811
0,0,0.22353102
1,1,0.9933961
1,1,0.9948449
1,1,0.9942743
0,0,0.39757603
0,0,0.448015
0,0,0.10526882
1,1,0.99569535
0,0,0.015974773
1,1,0.9953269
1,1,0.99165416
1,1,0.993997
1,1,0.98527366
1,1,0.9704936
1,1,0.9957065
0,0,0.031986985
0,0,0.1304179
1,1,0.9927341
1,1,0.9904145
1,1,0.99163026
0,0,0.068465866
1,1,0.9952609
1,1,0.99533844
1,1,0.988918
0,0,0.002042547
0,0,0.0034305588
0,0,0.39625397
1,1,0.98891604
0,0,0.00438868
0,0,0.05985727
1,1,0.9936888
0,0,0.0069817733
1,1,0.99460196
1,1,0.9948084
0,0,0.045245472
0,0,0.16217688
0,0,0.21759258
1,1,0.99358505
0,0,0.001986288
1,1,0.99631846
0,0,0.18969761
0,0,0.16066056
1,1,0.99391514
0,1,0.9865871
0,0,0.004954996
1,1,0.9924973
0,0,0.0015065451
1,1,0.99241227
0,0,0.041409858
0,0,0.001365623
1,1,0.9965938
1,1,0.99269193
1,1,0.994207
1,1,0.9952319
0,1,0.98245424
1,1,0.9885515
0,0,0.3394992
0,0,0.034589272
1,1,0.9895648
1,1,0.9944008
1,1,0.9942145
1,1,0.9921407
1,1,0.99342126
1,1,0.9939447
1,1,0.9926502
0,0,0.19834566
0,0,0.16041134
0,0,0.0044927783
0,0,0.15560101
1,1,0.9930702
1,1,0.993038
1,1,0.9931171
1,1,0.99523276
0,0,0.032476824
0,0,0.039272547
1,1,0.9937237
0,0,0.046364628
0,0,0.013703038
0,0,0.014656876
1,1,0.99343586
0,0,0.10331063
1,1,0.99571985
0,0,0.02278377
0,0,0.006964319
1,1,0.9940772
1,0,0.16997436
0,0,0.031189919
0,0,0.03760784
1,1,0.99095154
1,1,0.9965402
0,0,0.001591135
0,0,0.004744889
1,1,0.9863014
1,1,0.99547124
0,1,0.893441
0,0,0.13174585
0,0,0.0056293122
1,1,0.99459237
1,1,0.99043626
1,1,0.9924482
1,1,0.9945262
1,1,0.9954542
0,0,0.0025395765
1,1,0.99227905
1,1,0.9958377
1,1,0.99039173
1,1,0.9933316
1,1,0.99559987
0,0,0.16585906
1,1,0.9885216
1,1,0.968217
1,1,0.96801186
1,1,0.9940374
1,1,0.98878944
0,0,0.018699218
1,1,0.99274313
0,0,0.0030240659
0,0,0.0025669532
1,1,0.9934223
1,1,0.994842
1,1,0.99592566
1,1,0.99155456
1,1,0.9889737
1,1,0.99587446
1,1,0.99602854
1,1,0.9959985
0,0,0.0013999095
0,0,0.005318281
1,1,0.99331635
1,1,0.98991346
0,0,0.030077001
1,1,0.9944705
0,0,0.0022359937
1,1,0.9928612
1,1,0.9918405
0,0,0.030262003
0,0,0.0024620902
0,0,0.061856862
1,1,0.9958187
0,0,0.12616885
1,1,0.9961229
0,0,0.008377882
0,0,0.004015782
0,0,0.02497724
0,0,0.015304998
1,1,0.9914848
0,0,0.0014093268
0,0,0.0015742584
0,0,0.0018403743
1,1,0.9878637
0,0,0.064482816
0,0,0.0026541776
0,0,0.03229686
1,1,0.9940165
0,0,0.018089276
0,1,0.9922409
0,0,0.01948259
0,0,0.0130695915
0,1,0.9817313
1,1,0.99332374
1,1,0.99222785
0,0,0.20047097
1,1,0.9945186
1,1,0.99617934
0,0,0.12742004
0,0,0.1340727
1,1,0.99483466
0,0,0.0037783915
1,1,0.99615604
0,0,0.07327576
1,1,0.9933396
1,1,0.9880144
0,0,0.07428164
0,0,0.07807669
1,1,0.9949226
1,0,0.25962105
0,0,0.009379374
1,1,0.9957833
1,1,0.99434364
1,1,0.994921
1,1,0.9919022
1,1,0.9816207
0,0,0.12638055
1,1,0.9921296
0,0,0.11957158
1,1,0.99500257
1,1,0.99568605
1,1,0.99618584
1,1,0.9952685
0,0,0.050036706
0,0,0.11124479
1,1,0.99384624
0,1,0.98379356
0,0,0.011256188
0,0,0.16452967
0,0,0.0029987295
1,1,0.7117428
1,1,0.99393165
1,1,0.99420655
1,1,0.9900983
0,0,0.035067555
1,1,0.99448097
1,1,0.99294186
0,0,0.09259634
1,1,0.98623765
0,1,0.8964956
1,1,0.9948159
1,1,0.973742
0,0,0.005419325
0,0,0.063868195
1,1,0.99493223
0,0,0.09861239
0,0,0.0016488831
0,0,0.0016010635
1,1,0.9946473
1,1,0.9914575
0,0,0.03788484
0,0,0.011074888
0,0,0.008482886
0,0,0.021493034
0,0,0.0028975178
1,1,0.9954957
1,1,0.9951368
0,0,0.018860208
1,1,0.99196774
1,1,0.99150145
1,1,0.9956832
1,1,0.97766614
1,0,0.044481557
1,1,0.98952276
0,0,0.1448575
0,0,0.026992178
1,1,0.9932259
0,0,0.16821195
0,0,0.0018099827
0,0,0.025514647
0,0,0.03025519
0,0,0.00823662
0,0,0.053845834
0,0,0.007881843
0,1,0.9547129
0,0,0.003927223
0,0,0.008874299
0,0,0.011018112
1,1,0.98521703
0,1,0.83387554
0,0,0.009597343
1,1,0.99403524
0,1,0.82095367
1,1,0.993389
0,0,0.0038892175
1,1,0.99299264
1,1,0.99054784
0,0,0.20832607
0,0,0.017732212
1,1,0.99430424
0,1,0.86839175
0,0,0.058851864
0,0,0.1438206
0,0,0.14908378
1,1,0.996421
0,1,0.987074
1,1,0.9938407
1,1,0.9934464
1,1,0.99510044
1,1,0.99498594
1,1,0.9919165
1,1,0.9963361
1,1,0.9939492
1,1,0.99589753
0,0,0.0057136607
1,1,0.991979
0,1,0.96707916
1,1,0.9957925
1,1,0.98779154
1,1,0.9930738
0,0,0.08825974
0,1,0.9861579
1,1,0.9942814
0,0,0.004647534
0,0,0.005652702
0,0,0.010509892
1,1,0.8727114
1,1,0.98944867
0,0,0.0062606605
1,1,0.9891845
1,1,0.9959091
1,1,0.9720972
0,1,0.9288827
0,0,0.0023803567
1,1,0.99568605
1,1,0.99232894
1,1,0.99551046
1,1,0.9895488
0,0,0.0053137424
1,1,0.99295616
1,1,0.99661165
0,0,0.019493807
1,1,0.99464744
0,0,0.10972799
1,1,0.9930912
0,1,0.8541562
1,1,0.9948584
0,0,0.124468856
0,1,0.9563729
0,1,0.7450047
1,1,0.9946813
1,1,0.9810627
0,0,0.0030333803
0,0,0.061805464
0,0,0.0021811195
1,1,0.98622626
1,1,0.9918281
0,0,0.043061826
1,1,0.9902789
1,1,0.99458766
1,1,0.99406356
1,1,0.98659116
0,0,0.011215969
1,1,0.9931172
1,1,0.9664403
1,1,0.9920691
1,1,0.9948396
1,1,0.9932232
1,1,0.99612975
1,1,0.9927112
0,0,0.10028878
0,0,0.0018557806
0,1,0.6399999
0,1,0.5020193
0,0,0.15110685
1,1,0.99447614
0,0,0.0013831253
1,1,0.9833028
1,1,0.99163216
0,0,0.040216498
1,1,0.9957489
0,1,0.68418694
1,1,0.99425817
0,0,0.07552767
1,1,0.9939959
0,0,0.007674215
0,1,0.9791393
0,0,0.12501101
1,1,0.9889143
0,0,0.048351053
0,0,0.0032501782
1,1,0.99429154
1,1,0.9960521
1,1,0.5148277
0,0,0.3390658
1,1,0.99360186
1,1,0.9896757
1,1,0.9818381
1,1,0.9812589
0,0,0.016667228
1,1,0.99543226
1,1,0.99460524
1,1,0.9929087
0,0,0.16718805
1,1,0.9962997
0,0,0.020205012
1,1,0.9839271
0,1,0.98488843
1,1,0.99127126
1,1,0.99470466
0,0,0.009507548
1,1,0.99549305
1,1,0.98399514
0,0,0.0014529168
0,0,0.18757129
0,0,0.09502802
0,1,0.9833377
1,1,0.99535036
1,1,0.99641657
0,0,0.003221556
0,0,0.02673272
1,1,0.9937981
1,1,0.993718
0,0,0.035545252
0,0,0.024293961
0,1,0.85483277
1,1,0.9907823
0,0,0.006016782
1,1,0.99260145
0,0,0.0014215208
0,0,0.0050458475
1,1,0.9891741
0,0,0.45187664
0,0,0.48835346
0,0,0.0055278437
0,0,0.090288326
1,1,0.99513865
1,1,0.9908698
0,0,0.0046885647
0,0,0.020499311
1,1,0.99591404
0,0,0.0035185518
1,1,0.9902345
1,1,0.99259174
0,1,0.9928491
1,1,0.9032603
1,1,0.9924176
1,1,0.9942035
0,0,0.0043732394
0,0,0.08079193
0,0,0.002012079
0,0,0.0050311866
0,0,0.016002756
0,0,0.0118810395
0,0,0.06980895
0,0,0.027058698
1,1,0.99579716
1,1,0.9970108
1,1,0.9845919
1,1,0.99520653
1,1,0.9926674
0,0,0.09170628
1,1,0.99518317
1,1,0.99420434
0,0,0.27383095
1,1,0.9958424
0,0,0.012263931
1,1,0.9966577
1,1,0.9930823
0,0,0.04648937
0,0,0.03699482
1,1,0.99458706
1,1,0.99306494
0,0,0.08232222
0,0,0.022256896
1,1,0.99442405
0,0,0.019822832
0,0,0.0015688543
1,1,0.9945878
0,0,0.0018255746
1,1,0.99522614
0,0,0.028062588
0,1,0.97158957
0,1,0.5228339
1,1,0.9939756
0,1,0.8189945
1,1,0.9941194
1,1,0.9935417
1,1,0.9884173
0,0,0.021417683
0,0,0.058705162
1,1,0.9950395
1,1,0.996415
0,0,0.1689977
0,0,0.004415508
0,0,0.0034636573
1,1,0.98827064
1,1,0.99428743
0,0,0.016765984
1,1,0.99061567
1,1,0.994159
0,1,0.6491058
1,1,0.99317956
1,1,0.9949037
0,0,0.16156451
0,0,0.13754152
1,1,0.99579793
1,1,0.9913873
0,0,0.11567302
0,0,0.013835398
0,0,0.0039065266
1,1,0.99531233
1,1,0.99136955
1,1,0.9938081
0,0,0.4736271
1,1,0.98964113
0,0,0.015571559
0,0,0.005121552
1,1,0.99392587
1,1,0.99301827
0,0,0.08196216
1,1,0.9941559
0,0,0.0061530448
0,0,0.0431767
0,0,0.0035695103
0,0,0.0024570662
1,1,0.9925719
0,1,0.97888535
0,0,0.07649593
1,0,0.4100003
1,1,0.9914664
1,1,0.99007726
0,1,0.9576319
0,0,0.018756723
1,1,0.9946907
1,1,0.9941356
1,1,0.99463105
0,1,0.97012323
1,1,0.9957761
0,0,0.15579869
0,0,0.026836347
1,1,0.996033
0,0,0.01109218
0,0,0.0014810713
1,1,0.99601716
1,1,0.9957853
0,0,0.106226705
1,1,0.99539477
1,1,0.99559206
0,0,0.22823496
1,1,0.97053266
1,1,0.9960295
0,0,0.0024574695
0,1,0.92185634
0,0,0.0015734109
1,1,0.9871394
1,1,0.9878869
1,1,0.97368217
0,1,0.57870877
1,1,0.994216
0,0,0.0052322336
1,1,0.99189395
0,0,0.14108582
0,0,0.29452434
1,1,0.668112
1,1,0.9937052
0,0,0.008092012
1,1,0.9917282
0,0,0.0369982
0,0,0.041675176
0,0,0.017029315
1,1,0.9923309
1,1,0.9955199
0,1,0.84010065
1,1,0.995968
0,0,0.23788407
1,1,0.9874594
0,0,0.0873364
0,0,0.005355414
0,0,0.15349877
0,0,0.12212091
0,0,0.009230977
1,1,0.99343586
0,0,0.001740785
0,0,0.0027318187
1,1,0.9924225
1,1,0.99198884
0,0,0.07779708
0,0,0.0493573
0,0,0.12512861
1,1,0.9938626
1,1,0.995865
0,0,0.03128641
1,1,0.9903042
0,0,0.034212522
0,0,0.43587902
1,1,0.9941438
1,1,0.99555475
0,0,0.002397463
1,1,0.9342675
0,0,0.011673265
0,0,0.0021322158
1,1,0.99579597
1,1,0.99497545
1,1,0.9954184
1,1,0.98404443
0,0,0.04497242
0,1,0.92230403
0,0,0.0073255408
1,1,0.99287647
1,1,0.98910403
0,0,0.072980784
0,0,0.0026525385
0,1,0.5659711
1,1,0.9949303
0,0,0.0030956178
1,1,0.9957415
0,1,0.59636945
0,0,0.11110382
1,1,0.9922437
1,1,0.99414957
0,0,0.06879057
1,1,0.99540174
1,1,0.9893277
0,0,0.015580757
1,1,0.9940614
1,1,0.993117
0,0,0.0046074195
0,0,0.09543889
0,0,0.0118953725
1,1,0.9933428
1,1,0.9955622
1,1,0.9954627
1,1,0.9657506
1,1,0.9855334
1,1,0.99607605
1,1,0.99223036
0,0,0.033707544
0,0,0.055648427
1,1,0.99282223
0,1,0.95226216
1,1,0.96709955
0,0,0.214983
0,1,0.8108681
0,0,0.017726177
0,0,0.15231253
0,0,0.0015369407
0,0,0.11260163
0,0,0.0014329958
1,1,0.98863775
1,1,0.9963464
1,1,0.9940919
0,0,0.002080712
1,1,0.99363095
0,0,0.029955802
0,0,0.22816378
1,1,0.99065936
1,1,0.99260557
1,1,0.99227965
0,0,0.035909772
0,0,0.009972181
1,1,0.9944226
1,1,0.99622357
1,1,0.9954181
0,0,0.11609267
1,1,0.99097
0,1,0.9678994
1,1,0.9955695
0,0,0.019115241
0,1,0.63119274
0,0,0.08460902
0,0,0.1324675
0,0,0.020734007
1,1,0.9938035
0,0,0.07714085
1,1,0.9898891
0,0,0.014567471
0,0,0.15470155
0,0,0.0062548933
1,1,0.9899422
1,1,0.9924735
1,1,0.99389935
0,1,0.83715093
0,0,0.16954707
0,0,0.09336411
0,0,0.15800846
0,0,0.069044925
1,1,0.9861114
0,0,0.29457498
0,0,0.015504078
1,1,0.9945128
1,1,0.9926593
0,1,0.9914761
1,1,0.9914335
0,0,0.007044006
1,1,0.9955662
0,0,0.080016464
1,1,0.98915756
0,0,0.026515812
1,1,0.9948251
0,1,0.9853603
0,0,0.0076783006
1,1,0.9936021
1,1,0.9956809
0,0,0.0012727531
0,0,0.117526725
0,0,0.0022144536
1,1,0.9945062
0,0,0.031979937
0,0,0.0037834868
0,1,0.9890848
0,0,0.24520242
0,0,0.21435043
0,0,0.0012513024
1,1,0.9850328
0,0,0.005025502
1,1,0.99004316
1,1,0.9947908
1,1,0.9918242
1,1,0.9923259
1,1,0.99140525
1,1,0.9883356
0,0,0.002398218
0,0,0.14390625
1,1,0.9926198
0,0,0.0019350344
0,0,0.025557918
1,1,0.99128693
0,0,0.19535457
0,0,0.0027824873
0,0,0.0048902673
0,0,0.0044563734
1,1,0.99340993
0,1,0.86860836
1,1,0.9943674
1,1,0.9953876
1,1,0.9892371
0,0,0.015513746
1,1,0.9958859
1,1,0.99031734
1,1,0.99597067
0,0,0.2703976
0,0,0.012338529
0,0,0.06941223
1,1,0.98869276
1,1,0.9951538
0,0,0.015105849
0,0,0.002989527
0,0,0.0020237728
1,1,0.9952651
0,0,0.0028762415
0,0,0.008882658
0,0,0.07951293
0,1,0.9853086
1,1,0.9944825
0,0,0.01324064
1,1,0.9947432
1,1,0.99292165
0,0,0.026597725
1,1,0.9959155
1,1,0.99523216
0,0,0.09726464
0,0,0.045114692
1,1,0.99044424
1,1,0.9946518
0,0,0.024880702
1,1,0.8765089
1,1,0.99246126
1,1,0.9958657
0,0,0.0077435467
0,0,0.0020128943
1,1,0.99522334
1,1,0.9917162
1,1,0.99294007
0,0,0.20053583
1,1,0.99199003
0,1,0.84763837
1,1,0.99549556
0,0,0.14474657
0,0,0.0049755652
1,1,0.98338896
0,1,0.74086756
1,1,0.99433607
0,0,0.2970026
0,0,0.030524693
1,1,0.9928322
1,1,0.9965785
1,1,0.9952003
1,1,0.9929737
0,0,0.010872878
1,1,0.99021614
0,0,0.0034106646
0,0,0.016090767
0,0,0.0030392986
0,0,0.1637657
0,0,0.2953902
1,1,0.9930275
1,1,0.9954485
1,1,0.9939452
0,0,0.0038714132
1,1,0.9960835
1,1,0.9903396
0,0,0.13935433
0,0,0.025264833
1,1,0.9961373
0,0,0.04026375
1,1,0.99422306
1,1,0.9927735
1,1,0.9853231
1,1,0.9921017
0,0,0.011521897
1,1,0.99356705
1,1,0.9934727
1,1,0.9931068
1,1,0.9946684
1,1,0.9940469
0,0,0.014865704
0,0,0.041424803
0,1,0.9191023
1,1,0.9936825
1,1,0.99514526
1,1,0.9928276
0,1,0.9882997
1,1,0.9917346
1,1,0.9941597
0,0,0.0014110605
1,1,0.99269
0,0,0.06464513
1,1,0.9931403
1,1,0.9953317
1,1,0.9954905
1,1,0.72705525
0,0,0.002575362
0,0,0.23303318
0,1,0.9887001
1,1,0.99342537
1,1,0.99064016
0,0,0.0014975673
0,0,0.27443457
0,0,0.07283897
1,1,0.99253696
1,1,0.99554574
1,1,0.99285126
1,1,0.9955967
0,0,0.11682435
1,1,0.9903894
1,1,0.9906781
0,0,0.004488432
0,1,0.9852534
1,1,0.9949397
1,1,0.9924899
0,0,0.038754802
0,0,0.0041671703
0,0,0.055442937
0,0,0.25731394
1,1,0.9757711
1,1,0.995191
1,1,0.9913914
1,1,0.99256235
1,1,0.9954913
0,0,0.24873085
1,1,0.99103314
1,1,0.9959644
1,1,0.9899586
1,1,0.99402505
1,1,0.99371547
0,0,0.013437274
0,1,0.9805629
0,1,0.98565
1,1,0.97645164
1,1,0.98907745
0,0,0.013740543
0,0,0.095198624
0,0,0.011614537
1,1,0.99550384
0,0,0.0022724287
1,1,0.9959279
1,1,0.9851612
1,1,0.9952304
0,0,0.06591702
0,0,0.011306034
1,1,0.9952366
1,1,0.99520004
1,1,0.9929953
0,0,0.0072089033
1,1,0.992038
0,0,0.049557187
1,1,0.991768
0,1,0.9765781
1,1,0.9959059
0,0,0.0013663891
0,0,0.06208796
0,0,0.002297504
0,0,0.0059947986
0,0,0.19782954
0,0,0.0019740316
1,1,0.9942392
0,0,0.0041159
0,0,0.020183273
1,1,0.93262774
1,1,0.98862225
1,1,0.991204
1,1,0.9938891
0,1,0.98294085
0,0,0.008469007
1,1,0.99446714
0,0,0.007799968
1,1,0.99554044
0,1,0.91165996
1,1,0.9872667
0,1,0.98779416
0,0,0.053573407
0,0,0.053185195
1,1,0.9910157
0,0,0.06165512
0,0,0.061905555
0,1,0.99026394
0,0,0.0032179141
0,0,0.0024372253
0,0,0.09972128
0,0,0.444532
1,1,0.994368
1,1,0.99430484
1,1,0.99116325
0,0,0.0030452958
0,0,0.011575546
0,0,0.009520607
1,1,0.9951029
0,0,0.122088715
0,0,0.029187612
1,1,0.99580437
1,1,0.99538934
1,1,0.99500364
1,1,0.9877582
0,0,0.11642113
0,0,0.24911664
0,0,0.036209136
1,1,0.9943984
0,0,0.0064805467
0,0,0.05842695
1,1,0.9905116
1,1,0.99601835
1,1,0.9927423
1,1,0.9955278
1,1,0.9842732
1,1,0.99484915
0,0,0.3699148
0,0,0.008444116
0,0,0.0017678434
0,1,0.9227149
1,1,0.9941445
0,0,0.0061910297
1,1,0.99575704
1,1,0.99070346
1,1,0.99078065
0,0,0.039262976
1,1,0.9929253
1,1,0.99493355
0,0,0.0013170501
0,0,0.06468074
1,1,0.9891823
1,1,0.9938455
1,1,0.9937581
1,1,0.9934058
0,0,0.26994866
1,1,0.99531627
0,0,0.07113023
0,0,0.034886636
0,0,0.0063664806
1,1,0.98430425
0,0,0.10410289
1,1,0.9933409
0,0,0.02197872
0,0,0.012106258
1,1,0.9946737
1,1,0.99089885
0,1,0.8573277
1,1,0.9934017
0,0,0.016942298
0,0,0.11442785
1,1,0.9957788
0,0,0.0016672853
1,1,0.9957754
1,1,0.9891004
0,1,0.9079904
0,0,0.12206223
0,0,0.37823996
0,0,0.0017175815
0,0,0.013571256
1,1,0.99530774
1,1,0.99018914
1,1,0.99283
1,1,0.99541736
1,1,0.9929236
1,1,0.99014026
0,0,0.0016416352
0,1,0.51340497
1,1,0.99330646
0,1,0.66778636
0,1,0.87068194
1,1,0.9864732
0,0,0.03914874
0,0,0.016807059
0,0,0.04261694
0,1,0.77601665
0,0,0.032903064
1,1,0.9932688
1,1,0.9950347
1,1,0.99580896
0,0,0.03347432
0,0,0.032735124
0,0,0.1099965
0,0,0.018057302
1,1,0.99498945
0,0,0.17920935
1,1,0.9930876
0,0,0.033683345
1,1,0.99623966
0,0,0.040766433
0,0,0.005974086
0,0,0.07849731
0,0,0.0032789847
0,0,0.019784402
0,0,0.009935603
0,0,0.025217846
0,0,0.07437613
0,0,0.0038367328
0,0,0.09321322
1,1,0.9918783
0,0,0.038472403
0,0,0.05907478
0,0,0.0025099062
0,0,0.004961054
0,0,0.013158829
1,1,0.9940303
0,0,0.034151286
0,0,0.46694243
1,1,0.99357903
0,0,0.07041757
1,1,0.98969334
1,1,0.9938403
1,1,0.99133086
0,0,0.43008992
1,1,0.9927983
0,0,0.0017009831
0,0,0.07279776
0,0,0.10306185
1,1,0.9912866
1,1,0.9857291
0,0,0.056116812
1,1,0.9965604
1,1,0.99426645
0,1,0.9824494
1,1,0.9908345
0,0,0.2799406
1,1,0.9956077
0,0,0.0190938
0,0,0.36501014
1,1,0.99579877
1,1,0.9881847
0,0,0.012074938
0,1,0.97981334
0,0,0.011950627
0,0,0.0012393432
1,1,0.9942471
0,0,0.06131445
0,1,0.7516387
1,1,0.99291587
1,1,0.99253076
1,1,0.99279845
0,1,0.5611759
1,1,0.9852887
0,0,0.033124976
1,1,0.9937344
0,1,0.9835571
1,1,0.9883067
1,1,0.9923171
1,1,0.989556
0,0,0.047679957
1,1,0.99395496
1,1,0.9950702
0,0,0.009184924
1,1,0.99262744
0,1,0.97502816
1,1,0.9904688
1,1,0.99551105
1,1,0.92494744
0,0,0.042939216
0,0,0.05596655
0,0,0.0018967686
0,0,0.020286204
0,0,0.29132956
1,1,0.9882593
1,1,0.99545753
0,1,0.60306567
0,0,0.095330216
0,0,0.008660645
0,0,0.005290548
1,1,0.9951662
0,0,0.01707924
0,0,0.0071582287
1,1,0.9952608
1,1,0.99292666
0,0,0.028893001
0,1,0.5260363
0,0,0.15078299
1,1,0.99121326
0,0,0.123579875
1,1,0.9939819
1,1,0.992927
0,0,0.055828143
1,1,0.9960871
1,1,0.9966228
1,1,0.99440336
0,0,0.007884965
0,0,0.0025619555
0,0,0.17955531
1,1,0.9920631
1,1,0.9946207
1,1,0.994835
0,0,0.0074729696
1,1,0.9921176
1,1,0.99242663
0,0,0.016362768
1,1,0.9913017
0,0,0.0026390296
0,0,0.19654155
1,1,0.99493355
0,0,0.015454011
0,0,0.05676671
1,1,0.9921812
1,1,0.9922671
1,1,0.9936941
1,1,0.9958001
1,1,0.99112916
0,0,0.1424317
1,1,0.9915821
1,1,0.9940328
1,1,0.9931035
0,1,0.9898728
0,0,0.11481847
1,1,0.56488836
0,0,0.002318929
0,0,0.10346396
1,1,0.9938636
0,0,0.1545161
0,0,0.009535996
1,1,0.9795934
1,1,0.99391645
0,0,0.0038888075
0,0,0.36355823
0,0,0.007398068
0,0,0.001273927
0,0,0.13300107
1,1,0.54353625
0,0,0.0787195
0,0,0.0015308857
0,0,0.010018441
1,1,0.99584144
0,0,0.014851345
1,1,0.9954229
0,0,0.0015297789
1,1,0.98866045
0,0,0.2817097
0,0,0.031478897
1,1,0.9968581
0,1,0.9821712
0,0,0.0019993065
0,0,0.02129967
1,1,0.95740706
0,0,0.016660618
0,0,0.0022859243
0,0,0.033001196
1,1,0.99413437
0,1,0.6228358
1,1,0.9947084
0,0,0.0014141693
0,0,0.30988398
0,0,0.0034743058
0,0,0.0071482155
1,1,0.9921293
0,0,0.24468312
1,1,0.9924899
1,1,0.97805846
1,1,0.9945378
0,0,0.017500225
0,0,0.006045863
0,0,0.084591806
1,1,0.99541324
1,1,0.99310005
0,0,0.09142028
1,1,0.99566144
1,1,0.9955303
0,0,0.0026510893
1,1,0.995188
0,0,0.024145057
1,1,0.9929757
1,1,0.9945931
0,0,0.077140145
0,0,0.020312237
0,0,0.024626732
1,1,0.99568546
1,1,0.9935068
0,0,0.07075431
1,1,0.99186933
1,1,0.99417394
0,0,0.020940868
0,0,0.028130908
0,0,0.0090392595
0,0,0.0024378563
1,1,0.992008
1,1,0.99458534
1,1,0.9927118
1,1,0.9915079
1,1,0.98978734
0,0,0.06276079
1,1,0.9936445
1,1,0.9962166
1,1,0.99611735
1,1,0.99361515
0,1,0.68363005
1,1,0.9921646
0,1,0.95386183
0,0,0.08503094
0,0,0.06683484
1,1,0.9915917
1,1,0.995174
1,1,0.98107165
0,0,0.17019524
0,0,0.13254686
1,1,0.99409604
0,0,0.14204495
0,1,0.9862982
0,0,0.08223826
0,0,0.029340817
1,1,0.9922355
0,0,0.062087987
0,0,0.0025063392
0,0,0.11328172
1,1,0.9960616
1,1,0.9944079
1,1,0.9943271
0,0,0.07408325
0,0,0.16053846
1,1,0.9868978
1,1,0.99367553
1,1,0.9934047
1,1,0.9919276
1,1,0.99672097
0,1,0.9781828
1,1,0.9793585
1,1,0.99367756
0,0,0.038454104
1,1,0.98938984
0,1,0.93200636
0,0,0.002282106
0,0,0.038752463
1,1,0.9948803
1,1,0.9840258
1,1,0.9937603
1,1,0.99333847
1,1,0.9940409
1,1,0.9928001
0,0,0.018182054
1,1,0.9872459
0,0,0.16422422
0,0,0.12883411
0,0,0.021631595
0,0,0.20287655
0,1,0.9790998
0,0,0.030417599
0,0,0.17083924
1,1,0.99290496
1,1,0.99547464
0,0,0.0061433446
0,1,0.7261909
0,0,0.016967054
1,1,0.50601804
1,1,0.99455404
1,1,0.9954301
1,1,0.99142975
1,1,0.99376523
1,1,0.9888299
1,1,0.9836469
1,1,0.9940393
1,1,0.99382704
0,0,0.16035734
1,1,0.99602413
0,0,0.0027404726
0,0,0.07623123
1,1,0.9923483
0,0,0.11096806
1,1,0.9904737
1,1,0.9961605
1,1,0.9896346
0,0,0.03642356
0,0,0.02912136
1,1,0.98876953
0,0,0.04634562
0,0,0.001989291
1,1,0.9938074
1,1,0.9963813
0,0,0.009072352
0,0,0.05034994
0,0,0.06673444
0,0,0.094049506
1,1,0.98735434
0,0,0.03541276
0,1,0.6991018
0,0,0.05584048
0,0,0.07282203
0,0,0.011286466
1,1,0.9938421
0,0,0.0819666
0,0,0.05179156
1,1,0.99120563
0,0,0.017324423
1,1,0.99314404
0,0,0.0033947339
1,1,0.99602747
0,0,0.012619327
0,1,0.9804174
0,0,0.0065424806
0,0,0.005556239
0,0,0.009473696
1,1,0.9901636
0,0,0.026926963
1,1,0.99616665
0,1,0.9723884
0,0,0.0029803312
0,0,0.34673524
1,1,0.99596786
1,1,0.9938122
0,0,0.13103332
0,0,0.052220963
0,0,0.0021549722
1,1,0.9951556
0,0,0.0015083576
1,1,0.9811421
1,1,0.9924589
1,1,0.99275887
0,0,0.11939499
0,0,0.0024066556
0,0,0.13600223
1,1,0.99251854
0,0,0.025345854
0,0,0.0482161
0,0,0.07329885
0,0,0.002683856
1,1,0.9838847
1,1,0.9783998
0,0,0.027513616
1,1,0.99008197
1,1,0.98448825
0,0,0.002928806
1,1,0.9948308
0,0,0.087167405
0,0,0.00976571
1,1,0.9814355
1,1,0.98323745
1,1,0.9946985
1,1,0.99310124
1,1,0.99608225
1,1,0.9737118
0,0,0.0014843943
0,1,0.5739791
0,0,0.07332104
1,1,0.9928208
1,1,0.99412966
0,0,0.014460997
0,0,0.03355476
0,0,0.038465913
1,1,0.9943256
1,1,0.9912048
0,1,0.9916039
0,1,0.98831487
1,1,0.9930553
0,0,0.010933619
0,0,0.09499776
0,0,0.010445017
0,1,0.82442373
0,0,0.020106021
0,0,0.11701706
0,0,0.0018566252
1,1,0.98841536
0,0,0.0123341195
0,0,0.013697978
0,0,0.030115055
1,1,0.9955491
1,1,0.9906879
1,1,0.9936963
0,0,0.0016672576
1,1,0.82514346
0,0,0.034426894
0,0,0.020958155
0,0,0.088566385
0,0,0.011689374
1,1,0.9933842
1,1,0.9947931
0,1,0.65332395
0,0,0.18126525
0,0,0.23861152
0,0,0.21705061
0,0,0.0017001381
1,1,0.9959021
1,1,0.9938642
0,0,0.010552311
1,1,0.9943974
1,1,0.9913818
1,1,0.9936451
0,0,0.03845852
1,1,0.99431735
1,1,0.9955065
1,1,0.99536824
1,1,0.99250597
0,0,0.0015093668
1,1,0.98978126
1,1,0.9878961
1,1,0.9901669
1,1,0.9952922
0,0,0.023637408
0,0,0.04156355
0,0,0.0032395306
1,1,0.99267757
0,0,0.030350754
0,0,0.043432612
0,0,0.027217217
0,0,0.07030843
1,1,0.9944569
0,0,0.0019064231
0,0,0.04054773
0,0,0.06401743
0,1,0.5692531
1,1,0.99558616
0,0,0.08019464
0,0,0.003259296
0,0,0.035698257
1,1,0.9934769
0,1,0.7248464
1,1,0.99437284
0,1,0.9021826
1,1,0.989303
0,0,0.032165106
0,0,0.064240634
1,1,0.99421555
0,1,0.9851554
1,1,0.99498737
1,1,0.9911411
1,1,0.9770627
0,0,0.0753411
1,1,0.99123794
0,0,0.08060138
1,1,0.99560577
0,0,0.012188162
1,1,0.99179465
1,1,0.98521465
1,1,0.9941551
1,1,0.9822218
0,0,0.0120496135
1,1,0.9960218
0,0,0.018493643
0,0,0.054364003
1,1,0.99515224
0,0,0.117999256
1,1,0.99337983
1,1,0.9626976
0,0,0.21069612
0,0,0.06394343
1,1,0.9786386
0,1,0.7160263
1,1,0.9894644
0,1,0.9816222
1,1,0.99450123
1,1,0.98778546
1,1,0.9956247
0,0,0.0045545567
0,1,0.5699105
0,1,0.96769977
1,1,0.99262035
1,1,0.9942603
1,1,0.9949988
1,1,0.9937354
1,1,0.9961767
1,1,0.99517375
1,1,0.9923989
0,1,0.989518
1,1,0.99623495
1,1,0.99489945
0,0,0.4030186
1,1,0.9921183
1,1,0.9931722
1,1,0.99196905
0,0,0.0038964048
0,0,0.0037682964
1,1,0.99597496
0,0,0.037337102
0,1,0.9842949
0,0,0.22878334
0,1,0.98554176
0,0,0.009866822
1,1,0.99055755
0,0,0.044641644
1,1,0.9927671
0,0,0.03038803
1,1,0.98928154
1,1,0.9934908
0,0,0.0042665745
1,1,0.99403584
0,0,0.010778703
1,1,0.98968166
0,1,0.993067
1,1,0.99278635
0,1,0.5950918
0,0,0.019915197
0,0,0.0036599648
0,0,0.19519274
1,1,0.99510926
1,1,0.99382895
0,1,0.9800061
1,1,0.99399143
0,0,0.048331574
0,1,0.72185177
1,1,0.98884684
0,0,0.006019184
1,1,0.9954562
0,0,0.00472467
0,0,0.02831498
0,0,0.0027148963
1,1,0.9942087
1,1,0.99023354
1,1,0.9864872
1,1,0.9904435
0,1,0.978999
1,1,0.9954621
1,1,0.9843864
0,0,0.06667238
1,1,0.99340147
0,0,0.09123021
1,1,0.9905385
1,1,0.99249
1,1,0.9886086
0,0,0.17775804
0,0,0.15988895
1,1,0.9945522
0,0,0.0025880702
0,0,0.053313468
0,0,0.0070726573
0,0,0.003092975
1,1,0.98407507
0,0,0.04765732
1,1,0.99351525
0,0,0.0015467525
1,1,0.9938607
0,0,0.077529386
0,0,0.011866118
0,1,0.7918798
0,0,0.11892908
0,0,0.46334007
0,0,0.025084488
0,0,0.0018811077
0,1,0.855529
1,1,0.9936627
1,1,0.99357635
1,1,0.9864911
0,1,0.96837574
1,1,0.99251646
1,1,0.99522614
0,0,0.10520088
1,1,0.9933561
0,0,0.16017202
1,1,0.99392277
1,1,0.9925679
0,1,0.99071324
1,1,0.9870422
0,0,0.0026984198
0,1,0.9931151
0,0,0.0032379262
1,1,0.99551916
0,0,0.03210115
0,0,0.024538288
1,1,0.9955537
0,0,0.0022418885
0,0,0.033285387
1,1,0.9928041
1,1,0.9949956
0,1,0.9863994
1,1,0.99383163
1,1,0.9913368
1,1,0.9947548
1,1,0.9877302
0,0,0.041247424
0,0,0.08869092
1,1,0.99044716
1,1,0.9963756
0,1,0.9890882
0,0,0.0037366927
0,1,0.6567208
1,1,0.9948047
0,0,0.006125286
1,1,0.99478686
0,1,0.961991
1,1,0.99509734
0,1,0.54286474
0,0,0.068702176
0,0,0.005609116
0,0,0.0017828608
1,1,0.9955329
1,1,0.9929622
1,1,0.99592763
0,0,0.0042028045
0,0,0.0327924
0,0,0.058578495
0,0,0.006780504
0,0,0.005990503
0,1,0.899722
0,0,0.00827046
0,1,0.77145183
1,1,0.99496835
0,1,0.59121853
0,0,0.032792673
1,1,0.9736466
0,0,0.097059004
1,1,0.9946374
0,0,0.3412311
1,1,0.99240947
0,0,0.009773709
0,0,0.12030972
0,0,0.02471825
0,0,0.0044780886
1,1,0.9949936
0,0,0.07377267
0,0,0.11820992
1,1,0.99551517
0,0,0.008618709
0,1,0.87476474
0,0,0.0012768802
0,0,0.1051041
0,0,0.016849566
0,1,0.9087897
0,0,0.060689814
0,0,0.0061741304
1,1,0.99484915
1,1,0.9890477
0,0,0.006750832
0,0,0.15588838
1,1,0.9909108
0,1,0.9767677
0,0,0.0024971366
0,0,0.018304914
1,1,0.9942781
0,0,0.008747166
1,1,0.9904474
0,0,0.009256366
0,1,0.97077864
1,1,0.99179006
0,0,0.16922636
1,1,0.9950304
0,0,0.11611356
1,1,0.9942774
0,0,0.008103811
1,1,0.98827225
0,0,0.013209428
1,1,0.9911759
1,1,0.9926589
1,1,0.9951349
0,1,0.98076105
0,0,0.36302185
1,1,0.99463344
0,0,0.0016438937
1,1,0.99460137
0,0,0.0023600063
1,1,0.9928122
0,0,0.019068075
1,1,0.9961844
1,1,0.99456406
0,0,0.10133497
0,0,0.05341201
1,1,0.9956879
1,1,0.99217415
0,0,0.042529304
1,1,0.9897321
1,1,0.9968514
0,0,0.0961115
1,1,0.9938393
0,0,0.07235737
1,1,0.9944616
0,0,0.0066550435
1,1,0.9877699
0,0,0.0016903252
1,1,0.99370086
0,0,0.0070771123
0,1,0.847296
1,1,0.9915843
1,1,0.9958003
0,1,0.9747447
1,1,0.9932161
1,1,0.9890454
0,0,0.02519787
0,0,0.09708475
0,0,0.007956829
0,0,0.03028734
1,1,0.9944411
0,1,0.98379356
1,1,0.9917536
1,1,0.93695575
1,1,0.995934
1,1,0.9730066
0,0,0.0033328652
0,0,0.010513746
0,1,0.9144902
1,1,0.9930351
1,1,0.9944464
0,0,0.18770011
1,1,0.9864318
0,0,0.22138792
0,1,0.65227485
1,1,0.9940941
0,0,0.023852382
0,0,0.047212012
0,0,0.024782358
1,1,0.99341536
1,1,0.9948264
1,1,0.9859097
0,0,0.012471886
1,1,0.9940534
1,1,0.9963212
0,0,0.0014808029
1,1,0.9943165
0,0,0.11759753
0,0,0.0022189864
1,1,0.9937309
0,0,0.04823132
1,1,0.9921434
0,0,0.00543509
0,0,0.020114847
1,1,0.9777144
0,0,0.09305972
1,1,0.99504626
1,1,0.99493957
1,1,0.99041325
1,1,0.99334925
0,0,0.003464966
1,1,0.98761916
0,0,0.034783795
0,0,0.12200365
1,1,0.9947925
1,1,0.9964904
1,1,0.98719287
1,1,0.99318075
1,1,0.9942726
0,0,0.003789419
0,0,0.0033459587
0,0,0.007994504
0,0,0.1729184
0,0,0.10920885
1,1,0.9905689
1,1,0.9869265
0,0,0.0022126683
0,1,0.962917
1,1,0.99470574
0,0,0.001814443
1,1,0.99602425
1,1,0.99328125
0,0,0.06836646
0,0,0.0017450292
1,1,0.9948836
1,1,0.9863218
0,0,0.047252923
1,1,0.979999
0,0,0.00327586
1,1,0.9916522
1,1,0.9955474
1,1,0.9885034
1,1,0.99508107
1,1,0.99466395
1,1,0.9908222
1,1,0.9925769
0,1,0.71037096
1,1,0.9447023
1,1,0.9926294
0,1,0.9331528
0,0,0.0036666375
1,1,0.9943246
1,1,0.9936394
0,0,0.092435956
0,0,0.108651504
0,0,0.04126899
0,1,0.9658915
0,0,0.21909873
1,1,0.99065465
0,0,0.08264218
0,0,0.26011926
0,0,0.30573928
0,0,0.1073601
0,0,0.099835664
1,0,0.43583623
0,0,0.018731473
0,0,0.0014893642
0,1,0.9786451
1,1,0.99580234
1,1,0.99373055
1,1,0.98893225
0,1,0.94242775
1,1,0.991394
0,0,0.08394646
1,1,0.9323636
0,0,0.029085727
0,1,0.9653638
0,1,0.9770413
1,1,0.9932361
1,1,0.99150336
0,0,0.011928188
1,1,0.9951066
0,0,0.0023402248
1,1,0.9943072
1,1,0.9941374
1,1,0.99401
0,0,0.089897245
1,1,0.9940612
1,1,0.99540734
0,1,0.75182927
0,0,0.016558735
0,0,0.058528766
0,1,0.9837218
0,0,0.0021095513
0,0,0.00954225
0,0,0.04037039
0,0,0.0040760376
1,1,0.9941559
1,1,0.9905419
0,1,0.9911034
1,1,0.99514776
0,0,0.037997212
0,0,0.15795393
0,1,0.89695054
1,1,0.99266523
0,0,0.008673698
1,1,0.9946163
0,1,0.9819905
1,1,0.9958578
0,0,0.016906478
0,1,0.8154805
0,0,0.03222847
1,1,0.99347395
1,1,0.9936187
0,0,0.040165655
1,1,0.99129206
0,0,0.013092209
0,1,0.5208411
0,0,0.14608543
1,1,0.9620696
1,1,0.98779917
0,0,0.003412839
1,1,0.9930226
1,1,0.9928912
0,0,0.011526552
1,1,0.99231213
1,1,0.9960504
0,0,0.19220874
0,0,0.0018281814
0,0,0.21012652
0,0,0.0017974131
1,1,0.99456406
0,0,0.1109663
0,0,0.032982506
1,1,0.99620795
0,1,0.8166447
1,1,0.99436426
0,0,0.026137479
0,0,0.04304908
0,0,0.00903901
0,0,0.00613239
0,1,0.9215908
1,1,0.98467076
1,1,0.99558383
1,1,0.9956102
0,0,0.05919488
0,0,0.005340307
0,0,0.39821586
1,1,0.9954461
1,1,0.9956611
1,1,0.9922546
0,0,0.09533579
0,1,0.992902
1,1,0.99429804
0,0,0.0014886233
0,0,0.024052978
1,1,0.9954318
0,1,0.6668342
1,1,0.9951651
0,0,0.20692666
1,1,0.9947218
1,1,0.9954301
0,0,0.20645982
1,1,0.9931813
0,1,0.98127145
1,1,0.9932787
1,1,0.99501556
0,0,0.38618892
1,1,0.9944483
1,1,0.99499977
0,0,0.08525534
1,1,0.9882786
1,1,0.9830025
1,1,0.9939889
0,0,0.28479186
0,0,0.0027942995
1,1,0.99274594
1,1,0.988801
0,0,0.050889812
1,1,0.99203014
1,1,0.9950074
1,1,0.99588025
0,0,0.018431084
1,1,0.9948138
1,1,0.9905595
1,1,0.99215955
1,1,0.99571675
1,1,0.996221
0,0,0.007842995
0,0,0.020506093
1,1,0.9957053
1,1,0.99301845
1,1,0.99474394
0,0,0.0024971112
0,1,0.5818374
0,0,0.010928062
0,0,0.21701409
0,1,0.98638946
0,0,0.24504958
0,0,0.00180011
0,0,0.018159889
1,1,0.99440825
0,1,0.9222975
0,0,0.0019130436
1,1,0.99414116
0,0,0.029452218
1,1,0.99480313
0,0,0.051871512
0,0,0.05075168
0,1,0.81972724
1,1,0.99360484
0,0,0.18184961
0,0,0.03190146
0,0,0.015284321
0,0,0.009613107
0,0,0.007893321
0,0,0.014078094
0,0,0.0066792397
0,0,0.42884612
0,0,0.009962582
1,1,0.9929374
1,1,0.98119515
0,0,0.020634318
0,0,0.061288353
0,1,0.9803941
0,0,0.13122696
0,0,0.029845975
1,1,0.99168795
1,1,0.9920536
0,0,0.012946405
1,1,0.9935401
1,1,0.9901378
0,0,0.005838319
1,1,0.9933897
0,1,0.8855728
1,1,0.9946931
1,1,0.99101686
0,1,0.9925464
1,1,0.99388844
1,1,0.994173
1,1,0.9886097
1,1,0.9925695
0,0,0.013953597
1,1,0.9950029
0,0,0.09395975
0,1,0.98539007
1,1,0.9906061
1,1,0.99469924
1,1,0.96038204
1,1,0.99321496
0,1,0.9803714
0,0,0.007832809
0,0,0.027635131
1,1,0.9919441
1,1,0.99110776
0,0,0.035043586
0,0,0.0016557369
1,1,0.9947249
1,1,0.99431086
1,1,0.99294746
1,1,0.9914
0,0,0.17122583
0,0,0.062012948
0,0,0.097901605
0,0,0.023912491
1,1,0.98928076
1,1,0.9866937
0,0,0.086647704
0,0,0.0014930385
1,1,0.99642676
0,0,0.0034613519
0,0,0.018908838
0,1,0.9763678
1,1,0.9806521
0,0,0.034929205
1,1,0.9957995
0,0,0.08844417
0,0,0.0038227888
0,0,0.053875044
1,1,0.9952467
1,1,0.9885953
0,0,0.0064724833
0,0,0.14406942
1,1,0.9918032
1,1,0.99608254
0,0,0.06309173
1,1,0.9923016
0,0,0.07164571
1,1,0.99194205
0,0,0.17034979
0,0,0.08504021
0,1,0.99064225
0,1,0.98985964
0,0,0.07579226
0,1,0.84110117
1,1,0.9857905
1,1,0.9949162
0,0,0.2567168
1,1,0.9925007
1,1,0.99506736
1,1,0.995395
1,1,0.9930421
1,1,0.99508107
0,1,0.83400005
1,1,0.990615
0,0,0.09981006
0,0,0.12457001
0,0,0.005737951
0,0,0.1223941
1,1,0.9939283
1,1,0.99078196
1,1,0.99298954
0,0,0.004392122
0,0,0.07204248
1,1,0.99550617
1,1,0.99179405
1,1,0.99538004
0,0,0.0152598815
0,0,0.18594745
0,0,0.011055305
0,0,0.0019986045
0,0,0.001672161
1,1,0.9894002
0,1,0.53839964
1,1,0.9942834
1,1,0.9925321
1,1,0.99529594
0,0,0.0221633
1,1,0.991537
1,1,0.9940355
1,1,0.99484587
0,0,0.1939644
0,0,0.037681405
0,0,0.05173501
1,1,0.98762894
0,0,0.031883735
0,0,0.49636024
0,1,0.9792675
1,1,0.9945005
1,1,0.9931925
1,1,0.99209154
1,1,0.9940222
1,1,0.9731371
1,1,0.99580836
1,1,0.995466
0,0,0.42902955
1,1,0.99188143
1,1,0.99496484
1,1,0.9851698
1,1,0.9942801
0,0,0.08741191
0,0,0.024028994
1,1,0.9954183
0,0,0.088567816
1,1,0.98446935
0,0,0.004453941
0,0,0.051991403
0,0,0.0035292292
0,0,0.085905805
0,0,0.15375344
0,1,0.9577938
1,1,0.986188
0,0,0.014479527
1,1,0.99556655
1,1,0.99463695
0,1,0.9868891
1,1,0.9937981
0,0,0.0069002034
0,0,0.06385854
0,0,0.007875708
1,1,0.9933211
1,1,0.99508804
1,1,0.99498147
1,1,0.9956923
1,1,0.99640685
0,1,0.5010015
1,1,0.99502206
0,0,0.018110786
0,0,0.0071170465
0,0,0.022727225
0,1,0.8522241
0,0,0.040728223
0,0,0.0069622486
0,0,0.009124284
0,0,0.0591141
1,1,0.9931043
1,1,0.98802197
1,1,0.99372065
0,0,0.10230458
1,1,0.9914752
0,0,0.038193267
1,1,0.9927973
1,1,0.986661
1,1,0.9914
1,1,0.9951206
1,1,0.9952922
1,1,0.99072903
0,0,0.01161917
0,0,0.0014845323
1,1,0.994325
0,1,0.8456995
0,0,0.17244619
0,0,0.0075381063
1,1,0.9955603
1,1,0.98898226
0,0,0.002936484
1,1,0.99521035
0,0,0.007165224
0,0,0.009797744
1,1,0.99514467
0,0,0.07948072
