label,pred,prob_ai
0,0,0.17027256
1,1,0.84559214
0,0,0.005574763
0,0,0.0062888
1,1,0.99625957
0,0,0.2095703
0,0,0.26315755
0,0,0.03237544
0,0,0.0043495065
0,0,0.002917329
1,1,0.6428683
0,1,0.62959105
1,1,0.99612635
1,1,0.9964561
0,0,0.044488672
0,0,0.009963236
0,0,0.007692494
0,0,0.008461222
0,0,0.0077975728
1,1,0.99630225
0,0,0.023865392
1,1,0.71625626
1,1,0.8646348
0,0,0.47377983
0,0,0.0037911565
0,0,0.0025692875
0,0,0.002949881
1,1,0.5559417
0,0,0.0031589805
1,1,0.9924238
1,1,0.9887139
0,0,0.09203169
0,0,0.0034404786
1,1,0.93969434
0,0,0.0031916623
0,0,0.0028849712
0,0,0.02893622
1,1,0.65815544
1,1,0.99494463
0,0,0.22866619
0,0,0.0045096166
1,1,0.60905707
0,0,0.06752688
0,0,0.0031005472
0,0,0.48972258
0,0,0.03597177
0,0,0.005924853
0,0,0.038285177
0,0,0.0028126664
0,0,0.0071132644
1,1,0.9355605
0,0,0.006969473
1,1,0.9942954
0,0,0.005539847
0,0,0.16379108
0,0,0.003947358
0,1,0.6265155
1,1,0.98454803
1,1,0.979924
1,1,0.9971342
0,0,0.0033023357
1,1,0.72355896
0,0,0.06628587
1,1,0.9747277
1,1,0.99477166
0,0,0.46710077
0,0,0.007661824
1,1,0.997352
0,0,0.0025570323
1,1,0.9234236
0,0,0.00465969
0,0,0.0032613347
1,1,0.7560164
1,1,0.6135126
1,1,0.996231
0,0,0.0067509017
0,0,0.009288632
0,0,0.0042360104
1,1,0.76666576
0,0,0.10260731
0,0,0.3968869
0,0,0.18119042
1,1,0.6479737
0,0,0.048488345
0,0,0.003071316
0,0,0.43847263
0,0,0.0040345117
0,0,0.0372876
0,0,0.00367875
1,1,0.9966781
1,1,0.64068645
1,0,0.48631468
0,0,0.0039641107
0,0,0.0093937395
1,1,0.6161868
0,0,0.19307245
1,1,0.6457633
1,1,0.9955954
1,1,0.6675737
0,0,0.04484094
1,1,0.6252793
0,1,0.63903224
1,1,0.6136903
1,1,0.6794295
1,1,0.6324525
1,1,0.9974523
1,1,0.997433
1,1,0.7133638
1,1,0.8913474
1,1,0.8893765
1,0,0.46900436
1,1,0.5909667
0,0,0.0033318996
1,1,0.7880665
1,1,0.9941854
1,1,0.5794548
0,0,0.00523274
0,0,0.22295576
0,0,0.047421876
1,1,0.9965995
0,0,0.003595032
0,1,0.5019124
0,0,0.0043877703
0,0,0.045598786
1,1,0.63977927
0,0,0.0026843434
1,1,0.9577961
0,0,0.0049683284
1,1,0.5998465
0,0,0.0038358476
0,0,0.004557221
1,0,0.4883072
0,0,0.006167902
1,0,0.17734672
1,1,0.99763215
0,0,0.008131936
0,0,0.005517387
0,0,0.003590899
1,1,0.6719082
1,1,0.76946473
1,1,0.9504585
1,1,0.9866545
1,1,0.98689413
1,1,0.9588606
1,1,0.9763071
0,0,0.0032723092
1,1,0.56951165
1,1,0.5863494
1,1,0.71356946
0,0,0.060603783
1,1,0.9952596
0,0,0.0043071234
1,1,0.77351195
0,0,0.27576
0,0,0.0029895655
0,0,0.16216423
1,0,0.024008784
0,0,0.00869142
0,0,0.011042367
0,0,0.00302591
0,0,0.013571766
1,1,0.6193032
0,0,0.0043756217
0,0,0.01681799
0,0,0.0026760013
1,1,0.9253262
0,0,0.043798577
0,0,0.0030612708
1,1,0.9658722
1,1,0.9925533
1,1,0.81233424
0,0,0.0026013807
1,1,0.6877647
1,1,0.6239005
1,1,0.7721508
1,1,0.84207094
1,1,0.6239764
0,0,0.011552164
0,0,0.21127877
1,1,0.99638605
0,0,0.0028337906
1,0,0.4706969
1,1,0.6415503
0,0,0.0057654786
1,1,0.6297296
1,1,0.9364681
1,1,0.6207496
0,0,0.004427056
1,1,0.7537822
1,1,0.6812622
1,1,0.71833616
1,1,0.9969476
1,1,0.9967618
1,1,0.9973226
0,0,0.0099048475
0,0,0.050005868
0,0,0.0067357346
1,1,0.9897334
1,1,0.9854301
1,1,0.6470056
1,1,0.9830436
0,0,0.007829442
0,0,0.008879435
1,1,0.5996966
0,0,0.004151204
1,1,0.9693592
1,1,0.68571293
0,0,0.031179652
1,1,0.99738723
1,1,0.7224086
1,1,0.99294525
1,1,0.7250772
0,0,0.14973728
0,0,0.1309659
1,0,0.36355296
0,0,0.34412643
0,0,0.0037436078
1,1,0.8778522
1,1,0.9966311
0,0,0.003585827
1,1,0.7539124
1,1,0.64924294
1,1,0.9945602
1,1,0.8139145
1,1,0.93835413
0,0,0.13939388
0,0,0.0025762487
0,0,0.0042857616
1,1,0.99687636
1,1,0.531556
0,1,0.50888956
0,0,0.0042652907
0,0,0.0028642565
1,1,0.9904971
1,1,0.99338716
0,0,0.052304342
0,0,0.043717984
1,1,0.9890149
1,1,0.96798563
1,1,0.6494343
0,0,0.009107649
1,1,0.84464407
1,1,0.95832413
1,1,0.62794775
0,0,0.019311095
1,1,0.50333935
0,0,0.006494633
1,1,0.9097992
0,0,0.0031107634
0,0,0.49314865
0,0,0.005762005
1,1,0.60170346
0,0,0.0031030527
0,0,0.0028676302
0,1,0.5734117
0,0,0.012735293
1,1,0.9967078
1,1,0.9934395
1,1,0.59935784
0,0,0.21036234
0,0,0.01797555
0,0,0.008373182
1,1,0.60656935
1,1,0.6179717
1,1,0.9584692
1,1,0.7095033
1,0,0.3826119
1,1,0.99282634
0,0,0.11538279
1,1,0.9970573
1,1,0.71578026
0,0,0.003930539
1,1,0.97300106
1,0,0.34902728
0,0,0.11655621
0,0,0.003822533
0,0,0.0065834164
1,1,0.97466063
1,1,0.98322093
0,0,0.0131661985
0,0,0.0056366785
0,0,0.0036890043
1,1,0.85129654
1,1,0.590153
1,1,0.9694473
1,1,0.9969512
1,1,0.9937727
0,0,0.011844874
0,0,0.0031139131
1,1,0.75934577
1,1,0.9494232
0,0,0.04536945
0,0,0.009063671
0,0,0.0028784836
0,0,0.008294088
1,1,0.9969085
1,1,0.99486524
0,0,0.43951842
0,0,0.25539997
0,0,0.0032488944
0,0,0.0044947276
1,1,0.9967051
1,1,0.8221098
1,1,0.85715926
0,0,0.002941383
1,1,0.9885457
1,1,0.5984653
1,1,0.58796906
1,1,0.6563383
1,1,0.96821743
1,1,0.7344161
1,1,0.9969591
0,0,0.26573673
1,1,0.9968881
1,1,0.733492
0,0,0.40415704
1,1,0.99730045
0,0,0.0026953495
0,0,0.002675374
0,0,0.0026035071
0,0,0.002610108
0,0,0.0038072492
0,0,0.005445498
0,0,0.112802796
1,1,0.9890999
0,0,0.28434792
1,1,0.8691412
0,0,0.14388563
1,1,0.9925585
0,0,0.0053706625
0,0,0.10157748
1,1,0.5336413
0,0,0.011233814
1,1,0.9963135
0,0,0.013848818
0,0,0.005437189
0,0,0.051119365
1,1,0.87000793
1,1,0.7364472
0,0,0.029041383
1,1,0.9972459
1,1,0.576626
0,0,0.49632275
1,1,0.9148949
1,1,0.74682283
0,1,0.6098415
0,0,0.007929168
1,1,0.88670677
0,0,0.00611917
0,0,0.10939616
1,1,0.9520365
1,1,0.99003077
1,1,0.8180917
1,1,0.99732333
1,1,0.99664056
1,1,0.9966191
0,0,0.0034121869
0,0,0.008163296
0,0,0.005947088
1,1,0.6119499
0,0,0.0032239642
0,0,0.0028371355
0,0,0.00396526
0,0,0.0045383777
1,1,0.5574767
1,1,0.9841524
1,1,0.9465839
1,1,0.9974885
0,0,0.34786558
1,1,0.99709666
0,0,0.011916044
0,0,0.0027055996
0,0,0.004485752
0,0,0.0569302
0,0,0.00315628
1,1,0.995146
0,0,0.011194075
1,1,0.99699306
1,1,0.993433
0,0,0.003224623
0,0,0.2426154
1,1,0.72393215
1,1,0.6151518
1,1,0.9963158
1,1,0.72281575
0,0,0.0040229675
0,0,0.005107404
1,1,0.99498427
0,0,0.01300472
0,0,0.19927208
0,0,0.00449575
1,1,0.99724776
0,0,0.08566259
1,1,0.676538
0,0,0.0034971482
1,1,0.7687224
1,1,0.70769906
1,1,0.9880376
1,1,0.96851987
1,1,0.9970197
0,0,0.0027067298
1,1,0.99471104
0,0,0.32644847
0,0,0.004320949
1,1,0.9964425
0,0,0.0067912373
0,0,0.0027694886
0,0,0.002764079
0,0,0.04819656
1,1,0.8395298
1,1,0.6555498
0,0,0.43207917
0,0,0.00840598
0,0,0.0031176454
1,1,0.9969163
0,0,0.003603081
1,1,0.99672407
0,0,0.01053339
1,1,0.79252446
0,0,0.0028796445
1,1,0.89229774
0,0,0.027941251
1,1,0.7899159
1,1,0.53966933
1,1,0.99579144
1,1,0.6208426
0,0,0.004201859
0,0,0.00521865
0,0,0.0069357213
1,1,0.7381793
1,1,0.9961259
1,1,0.6444874
1,1,0.99523276
0,0,0.0029413425
0,0,0.0028682232
1,1,0.6778211
1,1,0.9792325
1,1,0.9936108
0,0,0.0026313025
1,1,0.6595109
0,0,0.0037724287
1,1,0.9885345
0,0,0.38489854
0,0,0.3738062
0,0,0.09093732
0,0,0.005028822
0,0,0.34756044
1,1,0.954695
0,0,0.047846213
0,0,0.0026421002
0,0,0.020093726
1,1,0.9635597
0,0,0.1174063
0,0,0.009097095
1,1,0.9483593
1,1,0.8069326
0,0,0.0062910286
0,0,0.26410416
1,1,0.6014459
1,1,0.64425296
0,0,0.03941942
1,1,0.9973247
0,0,0.0035779593
1,1,0.97194064
0,0,0.0058935345
1,1,0.6240016
0,0,0.021230923
0,0,0.0096111
0,0,0.021684073
1,1,0.89530665
0,0,0.0024983112
0,0,0.04499385
1,1,0.9961301
0,0,0.3485173
1,1,0.81927073
0,0,0.0057481993
0,0,0.0049715964
0,0,0.005396371
0,0,0.0028906774
0,0,0.016177284
1,1,0.9974342
0,0,0.079745926
1,1,0.99610573
1,1,0.97940457
0,0,0.0024994465
1,1,0.6902778
1,0,0.39736775
0,0,0.003763046
0,0,0.0033472946
1,1,0.9946732
0,0,0.02168766
0,0,0.02935951
0,0,0.005805517
1,1,0.69564515
1,1,0.88847154
0,0,0.002745941
1,1,0.87389183
1,1,0.6122815
0,0,0.004767293
1,1,0.73401505
1,1,0.72404945
0,0,0.07008341
0,0,0.12472757
1,1,0.9968278
0,0,0.05244947
1,1,0.9965295
0,0,0.042797927
0,0,0.0030726723
0,0,0.058070377
0,0,0.002945783
0,0,0.003433785
0,0,0.0050721527
1,1,0.717259
1,1,0.66985095
0,0,0.0055394317
1,1,0.72402394
0,0,0.11275919
1,1,0.6143508
0,0,0.14059581
0,0,0.0027433503
1,1,0.9668053
1,1,0.9977448
0,0,0.17234486
0,0,0.0029027562
0,0,0.47188
1,1,0.93628806
0,0,0.1609258
0,0,0.26414928
1,1,0.65519494
1,1,0.6678269
1,1,0.6421175
1,1,0.5005842
1,1,0.8393669
1,1,0.99695754
1,1,0.67761004
1,1,0.98148465
1,1,0.9959978
0,0,0.15389228
0,0,0.03088658
0,0,0.006472962
1,1,0.8939219
1,1,0.9863659
0,0,0.007706367
1,1,0.75445986
0,0,0.0028211933
0,0,0.025171634
1,1,0.6157656
0,0,0.076454915
1,1,0.5912971
0,0,0.17300993
1,1,0.97462535
0,0,0.0051800665
1,1,0.9964671
1,1,0.66853416
1,1,0.8036649
0,0,0.3032931
0,0,0.0058796084
1,1,0.720609
0,0,0.09317313
1,1,0.99681467
1,1,0.978298
0,0,0.013448612
1,1,0.994319
0,0,0.45635003
0,0,0.36267254
1,1,0.9725652
0,0,0.0028887927
0,0,0.013912247
0,0,0.0036898367
1,1,0.6116662
0,0,0.01690819
0,0,0.38233194
0,0,0.082623325
1,1,0.6663743
1,1,0.77365345
0,0,0.10152936
0,0,0.033963483
0,0,0.0107039735
0,0,0.0068919184
1,1,0.88703334
1,1,0.6117156
0,0,0.0034503052
1,1,0.9972121
1,1,0.6035188
1,1,0.9894071
1,0,0.16103755
1,1,0.6559413
1,1,0.96156394
1,1,0.67683655
0,0,0.0027283446
0,0,0.003774447
1,1,0.9966698
1,1,0.768731
1,1,0.87460834
0,0,0.042029325
1,1,0.69569886
1,1,0.62266034
1,1,0.71427286
1,1,0.99717295
1,1,0.9915154
1,1,0.719223
0,0,0.009485122
1,1,0.755053
0,0,0.01395142
0,0,0.017838325
0,0,0.028592633
0,0,0.20611045
0,0,0.00389689
0,0,0.066284955
0,0,0.012234457
0,0,0.018713264
0,0,0.02238525
0,0,0.0201085
0,0,0.31268868
0,0,0.0062222653
0,0,0.0038171366
0,0,0.0033968415
0,0,0.1919335
1,1,0.56074536
1,1,0.99629384
0,0,0.0039549605
0,0,0.026190694
1,1,0.97722447
1,1,0.9812134
1,1,0.61694276
1,1,0.9969311
1,1,0.5971122
0,0,0.0029313315
0,0,0.016596291
1,1,0.91182745
1,1,0.6862766
1,1,0.8921165
0,0,0.006951227
1,1,0.8677008
1,1,0.65089506
1,0,0.43986732
1,1,0.7922395
1,1,0.6460554
0,0,0.003909643
0,0,0.013435636
1,1,0.5848054
1,1,0.9929676
1,1,0.640351
1,1,0.9845503
1,1,0.65784025
0,0,0.002610895
1,1,0.60025954
1,1,0.98941714
1,1,0.99706763
1,1,0.77352035
1,1,0.9275149
0,0,0.0045801974
0,0,0.0027332117
1,1,0.9867143
0,0,0.0027932476
1,1,0.99446183
1,1,0.9748478
1,1,0.64252543
1,1,0.64978796
1,1,0.9919423
1,1,0.94061124
0,0,0.30547905
0,0,0.100050054
1,1,0.634553
1,1,0.6547776
1,1,0.99231297
0,0,0.07769976
1,1,0.92232835
1,1,0.99700755
1,1,0.6601286
0,0,0.0032213419
1,1,0.73201865
1,1,0.62965596
0,0,0.0029792702
1,1,0.7002164
0,0,0.0031114465
1,1,0.9140309
1,1,0.7891539
1,1,0.9968641
1,1,0.99553937
1,1,0.9953092
0,0,0.02343451
0,0,0.0068543544
0,0,0.0042905016
1,1,0.9671085
0,0,0.009948078
0,0,0.049782313
1,1,0.9911908
0,0,0.012935224
1,1,0.6706762
1,1,0.5770885
0,0,0.24102531
1,1,0.98541945
1,1,0.700748
0,0,0.19253176
0,0,0.003034996
1,1,0.9954926
0,0,0.0033776078
0,0,0.008993326
1,1,0.9927447
0,0,0.003330025
0,0,0.004220379
1,1,0.71456844
0,0,0.0051562074
0,0,0.0035287833
1,1,0.5848088
0,1,0.57564986
0,0,0.0079019135
0,0,0.021115014
0,0,0.0027030394
1,1,0.92547405
0,0,0.0028444307
1,1,0.64567643
0,0,0.26952237
1,1,0.97696805
0,1,0.64604145
1,1,0.6604784
1,1,0.69849956
0,0,0.37973696
0,0,0.48862395
0,0,0.052025404
0,0,0.15518881
1,1,0.63460195
0,0,0.013152193
1,1,0.9912383
1,0,0.34230545
1,1,0.9973195
1,1,0.98318934
1,0,0.45935616
1,1,0.5980893
1,1,0.99231887
1,1,0.95605856
0,0,0.0034791664
1,1,0.9597126
1,1,0.99719584
1,1,0.81119907
1,1,0.71037966
0,0,0.0065174373
1,1,0.7075359
1,1,0.69349855
0,0,0.0058844592
0,0,0.049190965
1,1,0.9954536
0,0,0.0029770131
0,0,0.06545084
0,0,0.24812506
1,1,0.64060533
0,0,0.007726258
0,0,0.004710813
0,0,0.003289621
1,1,0.9714687
0,0,0.00832908
0,0,0.20560102
0,0,0.045792297
0,0,0.3334669
0,0,0.01011422
1,1,0.85008854
1,1,0.9972205
1,1,0.56654984
1,1,0.70138645
0,0,0.0057613607
0,0,0.002895192
1,1,0.9793307
1,1,0.56180966
0,0,0.004558882
1,1,0.65661925
1,1,0.99734867
0,0,0.007613093
1,1,0.61933017
0,0,0.041398097
1,1,0.97650844
1,1,0.9950712
0,0,0.20699553
0,0,0.0071124285
1,1,0.63520473
0,0,0.13511898
1,1,0.9777998
0,0,0.0036929615
1,1,0.6423541
0,0,0.0039485884
0,0,0.0031960874
1,1,0.6021078
0,0,0.0049198368
0,0,0.008071042
0,0,0.4580548
0,0,0.042032853
0,0,0.0039789807
0,0,0.009388717
1,1,0.9967308
0,0,0.026258033
0,0,0.003449154
0,0,0.22186522
1,1,0.99091184
1,1,0.621978
1,1,0.996811
1,1,0.9119996
1,1,0.994303
0,0,0.0030517073
1,1,0.76857805
1,1,0.983642
0,0,0.0056764577
0,0,0.005681471
0,0,0.018641287
0,0,0.0060263346
0,0,0.00304729
0,0,0.07933068
1,1,0.59314793
1,1,0.9489947
1,1,0.97930855
1,1,0.6615325
1,1,0.6463741
1,1,0.9968696
1,1,0.99641234
1,1,0.90177554
1,1,0.9864797
0,0,0.06213549
0,0,0.010129641
1,1,0.9969362
0,0,0.003024256
1,1,0.6880215
1,1,0.95538443
0,0,0.006076874
1,1,0.7886648
0,0,0.060367577
1,1,0.6811887
1,1,0.99346536
0,0,0.007325396
0,0,0.46434245
0,0,0.010313803
0,0,0.007770574
1,1,0.9971968
0,0,0.023395015
1,1,0.97184247
0,0,0.004837075
1,1,0.97183686
0,0,0.007869246
0,0,0.09294722
0,0,0.0054022297
1,1,0.98722214
1,1,0.73218584
1,1,0.75705373
1,1,0.62022936
1,1,0.8615814
1,1,0.6379613
0,0,0.020040054
1,1,0.81681526
0,1,0.57936895
0,0,0.0029364764
1,1,0.56685627
0,0,0.36324272
1,1,0.95078266
0,0,0.0073968116
1,1,0.9955096
1,1,0.744309
1,1,0.99636203
1,0,0.18506357
0,0,0.005661943
1,1,0.73862064
0,0,0.053342897
1,1,0.57429266
0,0,0.0039546895
1,1,0.8754758
0,0,0.0026856384
0,0,0.0148209995
1,0,0.45360917
1,1,0.9966972
1,1,0.6839228
0,0,0.009221294
1,1,0.64673406
1,1,0.932109
1,1,0.99487126
1,1,0.8430532
0,0,0.0031953037
1,1,0.96406806
1,1,0.9973717
0,0,0.003977263
0,0,0.002686131
0,0,0.042099763
1,1,0.99264455
1,1,0.9903266
1,1,0.923818
1,1,0.996869
1,1,0.66505474
0,0,0.0060328674
0,0,0.054677438
1,1,0.9962559
1,1,0.790958
0,0,0.0067190547
0,0,0.20690438
0,0,0.0036217144
0,0,0.020411566
0,0,0.004594095
1,1,0.8933295
1,1,0.9970643
1,1,0.96088517
0,0,0.11659571
0,0,0.0033332806
1,1,0.9936977
0,0,0.258798
0,0,0.06845935
0,0,0.013614212
0,0,0.0029022098
1,1,0.9921238
1,1,0.61133695
0,0,0.1573213
0,0,0.0024579861
0,0,0.0034694425
0,0,0.0027899966
1,1,0.9952893
0,0,0.0032251107
0,0,0.13430288
0,0,0.023886394
1,1,0.8541064
0,0,0.15655299
0,0,0.0028123213
1,1,0.99602926
0,0,0.14139958
0,0,0.0026932787
1,1,0.7909404
1,1,0.62695444
0,0,0.009628195
0,0,0.0060240813
0,0,0.15673526
1,1,0.86009127
1,1,0.9972051
1,1,0.99707663
0,0,0.003424656
0,1,0.6233753
0,0,0.003231879
1,1,0.8938633
0,0,0.0030072464
1,1,0.74128085
1,1,0.9169881
1,1,0.6035681
1,1,0.99694496
0,0,0.23173657
0,0,0.11917813
0,0,0.027136156
1,1,0.9967493
1,1,0.9811065
1,1,0.9969002
1,1,0.9975001
1,1,0.6225507
0,0,0.057812907
0,0,0.02481432
1,1,0.99575293
1,1,0.9682797
1,1,0.93113714
1,1,0.83121365
0,0,0.003285905
1,1,0.99552757
0,0,0.005036659
0,0,0.008965342
0,0,0.0141036045
1,1,0.59098005
0,0,0.00616071
1,0,0.2677097
1,1,0.96803945
1,1,0.9975259
1,1,0.7942564
1,1,0.9845472
0,0,0.011657675
1,0,0.4374754
0,0,0.007262626
0,0,0.0028629953
1,1,0.9210762
0,0,0.00609227
0,0,0.03400461
1,1,0.5870193
1,1,0.55195934
1,1,0.9857093
1,1,0.99450386
1,1,0.98704046
1,1,0.9969104
1,1,0.9963749
1,1,0.997607
0,0,0.3772273
1,1,0.9970516
1,1,0.995904
1,1,0.65924484
1,1,0.5900572
1,1,0.65181065
0,0,0.009915842
1,1,0.91462916
0,0,0.010304594
0,0,0.006851317
0,0,0.003001525
0,0,0.0028678104
1,1,0.70901376
1,1,0.64868504
0,0,0.009127604
1,1,0.6003796
0,0,0.0047389353
0,0,0.027740141
0,0,0.0028310472
0,0,0.17636529
1,1,0.728525
1,1,0.8397057
0,0,0.072076164
1,0,0.48461708
0,0,0.0033309145
1,1,0.8773399
1,1,0.9423151
1,1,0.7203281
1,1,0.86040944
0,0,0.09969896
1,1,0.9383161
0,0,0.27840263
0,0,0.0050287126
1,1,0.996691
1,1,0.9897335
0,0,0.041604694
0,0,0.10483071
0,0,0.0033738872
0,0,0.02376455
0,0,0.015682055
0,1,0.5286566
1,1,0.72727853
1,1,0.98018485
0,0,0.024958845
1,1,0.8849182
1,1,0.9755165
1,1,0.6179081
1,1,0.99679583
1,1,0.576985
0,0,0.4764133
0,0,0.0026893064
0,0,0.011074239
1,1,0.99367696
0,1,0.5837872
1,1,0.9794127
1,1,0.97392285
1,1,0.5855506
1,1,0.9970074
1,1,0.9780953
0,0,0.0035629491
1,1,0.99683267
1,1,0.6058461
1,1,0.99518365
1,1,0.9968837
0,0,0.0032433819
0,0,0.002499216
0,0,0.006530776
1,1,0.6061756
0,0,0.0049289824
0,0,0.003554201
0,0,0.07144622
1,1,0.65384614
0,0,0.024807157
1,1,0.99663216
0,0,0.0031600287
0,0,0.19467688
0,0,0.26080865
0,0,0.0031462407
1,1,0.9968334
0,0,0.0035905698
0,0,0.007482554
1,1,0.6566972
1,1,0.9928843
0,1,0.5178132
0,0,0.0060902783
1,1,0.9712271
1,1,0.56703305
0,0,0.02511776
0,0,0.005427798
0,0,0.009978557
0,0,0.01013661
1,1,0.99717194
0,0,0.0032620402
1,1,0.5801019
1,1,0.99728847
0,0,0.023245681
0,0,0.006303561
0,0,0.002602132
0,0,0.037128005
0,0,0.19965917
1,1,0.99428636
1,1,0.7348663
0,0,0.016582381
0,1,0.57821554
0,0,0.0032907217
0,0,0.0036007054
0,0,0.0037139338
1,1,0.72153324
1,1,0.9970067
1,1,0.97934306
0,0,0.003882337
1,1,0.96332157
1,1,0.9533908
1,1,0.9794032
0,0,0.13460101
0,0,0.19816196
0,0,0.005090942
0,0,0.0052130087
0,0,0.0034877271
0,0,0.03660561
1,1,0.65582246
0,0,0.0030158425
1,1,0.60061955
1,1,0.99709034
1,1,0.6551433
0,0,0.0057773995
0,0,0.0035934488
1,1,0.9970976
1,1,0.923966
0,0,0.003989223
1,1,0.58161473
0,0,0.01093792
1,1,0.9941955
0,0,0.020810552
0,0,0.0043389685
0,0,0.003227756
1,1,0.6615484
1,1,0.98683935
1,1,0.9970945
0,0,0.049756087
1,1,0.7637597
1,1,0.9964359
0,1,0.8088908
0,0,0.018019795
0,0,0.024656165
0,0,0.014298182
0,0,0.0028474324
0,0,0.004915135
1,1,0.99722385
0,0,0.42639992
1,1,0.76107365
0,0,0.0029217917
1,1,0.88755304
1,1,0.8892969
1,1,0.9354003
0,0,0.008865312
0,0,0.0034122958
1,1,0.9954454
0,0,0.0046636993
0,0,0.004555495
1,1,0.810922
1,1,0.90639305
0,0,0.0028669804
1,1,0.9944418
0,0,0.009248873
1,1,0.64506763
0,0,0.11149651
1,1,0.6851281
0,0,0.026271435
0,0,0.0029367663
1,1,0.82603633
1,1,0.98102677
1,1,0.70560056
0,0,0.004291145
1,0,0.4738717
0,0,0.009995691
0,0,0.048913598
0,0,0.03280368
1,1,0.6755492
0,0,0.08502831
0,0,0.0047725895
0,0,0.004924814
0,0,0.0040095504
0,0,0.010707826
1,1,0.6439878
0,0,0.002760766
1,1,0.66108906
0,0,0.0047402256
0,0,0.009645898
1,1,0.99516785
1,1,0.99655885
1,1,0.99213433
0,1,0.8344609
0,0,0.3180811
0,0,0.05802839
1,1,0.803615
0,0,0.0621229
0,0,0.005014113
0,0,0.016325803
0,0,0.011450447
0,0,0.003553755
0,0,0.09281595
0,0,0.26698378
0,0,0.0029772494
1,1,0.61123234
1,1,0.86742854
0,0,0.028783973
1,1,0.5856561
1,1,0.87850785
0,0,0.008138682
0,0,0.0048554405
1,1,0.9843395
0,0,0.031137314
0,0,0.0044444706
0,0,0.0029587662
0,0,0.0025788415
0,0,0.003129037
0,0,0.008282859
1,1,0.99233705
1,1,0.9967001
0,0,0.002919573
1,1,0.99682945
0,0,0.17557031
0,0,0.004607562
1,1,0.6634724
1,1,0.6789306
0,0,0.0626046
0,0,0.0034372234
1,1,0.9342708
1,1,0.6977464
0,0,0.096667774
1,1,0.90355194
1,1,0.9966157
1,1,0.61055964
0,0,0.032743648
1,1,0.86697227
0,0,0.087711915
0,0,0.00750072
0,0,0.0033425984
1,1,0.76986724
0,0,0.0048929662
1,1,0.6248379
1,1,0.9927245
1,1,0.99724245
1,1,0.99666494
1,1,0.9916236
1,1,0.8683224
0,1,0.631146
1,1,0.63184905
0,1,0.5702419
1,1,0.6247243
0,0,0.0064035086
1,1,0.99684876
1,1,0.6861371
1,1,0.99706095
1,1,0.99692804
1,1,0.99688786
1,1,0.9947089
0,0,0.0029488376
0,0,0.043862764
1,1,0.9966022
1,1,0.6893555
0,0,0.18706016
1,1,0.7030045
0,0,0.003161235
0,0,0.009046446
0,0,0.009795594
0,0,0.0037487526
0,0,0.008258868
0,0,0.37749085
1,1,0.73592234
0,0,0.24761315
0,0,0.011636115
0,0,0.015383987
0,1,0.5151719
0,0,0.48879266
1,1,0.6397121
1,1,0.6403888
1,1,0.59710497
1,1,0.65732974
1,1,0.99706656
0,0,0.0029052638
1,1,0.746928
1,1,0.6718186
1,1,0.8712699
0,0,0.1666873
1,1,0.9954443
0,0,0.005124534
0,0,0.1850248
0,0,0.44358575
1,1,0.9769255
1,1,0.55247724
0,0,0.27708623
1,1,0.9893618
0,0,0.03840167
0,0,0.010664172
1,1,0.9927182
0,0,0.004274677
0,0,0.0052954154
1,1,0.9973972
1,1,0.93641096
0,0,0.09203021
1,1,0.99728084
1,1,0.78165656
0,0,0.0054595103
1,1,0.63223547
1,1,0.66495544
1,1,0.9918773
1,1,0.68645525
1,1,0.991143
0,0,0.002632355
1,1,0.9835118
1,1,0.79555345
0,0,0.0028864173
1,1,0.9765927
1,1,0.9900275
1,1,0.96921384
1,1,0.6120436
0,0,0.009228429
0,0,0.0053879735
1,1,0.63303494
1,1,0.85199755
0,0,0.09708887
0,0,0.0026040473
1,1,0.9904935
1,1,0.9970681
1,1,0.60947686
0,0,0.15485016
1,1,0.99708384
0,0,0.0067943097
0,0,0.0029704464
1,1,0.63886285
1,1,0.5677905
0,0,0.37673002
1,1,0.6509758
1,1,0.9796681
0,0,0.008153919
0,0,0.3856711
1,1,0.96465135
1,1,0.9929765
1,1,0.9235455
1,1,0.6607917
0,0,0.0043053487
0,0,0.0032027757
0,0,0.0034065878
1,1,0.65990573
0,0,0.011724937
1,1,0.93635523
0,0,0.002978225
1,1,0.6704312
0,0,0.046487562
0,0,0.0025181908
1,1,0.6222716
0,0,0.021908399
0,0,0.0028212306
0,0,0.0045768614
1,1,0.7337539
0,0,0.1330415
1,1,0.648431
1,1,0.9464021
1,1,0.58930796
1,1,0.99436605
1,1,0.90485746
1,1,0.9967751
1,1,0.95944995
1,0,0.3928547
0,0,0.030431405
1,1,0.9971132
0,0,0.0047092466
1,1,0.6394925
1,1,0.97563064
0,0,0.07655735
1,1,0.7129731
0,0,0.004167135
0,0,0.0037333285
0,0,0.0034179809
1,1,0.9971342
0,0,0.003003966
1,1,0.9964966
1,1,0.9824013
0,0,0.28554294
1,1,0.8894011
0,0,0.018673263
0,0,0.008760796
0,0,0.0029408156
1,1,0.5729638
1,1,0.63050205
0,0,0.0033124764
0,0,0.007588552
1,1,0.9874242
0,0,0.0028005298
1,1,0.9965677
0,0,0.11267235
1,1,0.98991907
0,0,0.00411737
1,1,0.86806583
0,0,0.08239848
0,0,0.0060754544
1,1,0.9971539
1,1,0.7053593
1,1,0.6654181
0,0,0.0054698447
0,0,0.0029572165
1,1,0.8677424
0,0,0.004672335
0,0,0.0026854286
0,1,0.72100794
1,1,0.91442037
1,1,0.98787373
1,1,0.99130964
0,0,0.003392181
1,1,0.8677215
1,1,0.64182717
1,1,0.99497026
1,1,0.6026536
0,0,0.0028094118
1,1,0.99451834
0,0,0.0035303966
0,0,0.011798839
0,0,0.102527544
1,0,0.25104067
1,1,0.59613186
0,0,0.0073827575
0,0,0.017974598
1,1,0.9961087
0,0,0.0038281588
1,1,0.6794974
0,0,0.0041738637
1,1,0.6908688
0,0,0.01986044
1,1,0.90569955
1,1,0.7633393
1,1,0.9853071
0,0,0.13173531
0,0,0.006320154
0,0,0.0135228075
0,0,0.010488349
0,0,0.0025712082
0,0,0.0033225054
0,0,0.002632435
0,0,0.002759754
1,1,0.9976545
0,0,0.034525726
1,1,0.8025734
1,1,0.9975061
1,1,0.9021203
0,0,0.003262783
1,1,0.99674606
0,0,0.051578622
0,0,0.0033018286
0,0,0.002502794
1,1,0.9971625
1,1,0.69210666
0,0,0.004943839
0,0,0.015238257
1,1,0.5930914
0,0,0.0032751395
1,1,0.9461888
0,0,0.24403216
1,1,0.76532704
0,0,0.33598998
0,0,0.0028954672
1,1,0.87873775
1,1,0.8450729
0,0,0.006776648
1,1,0.76866454
0,0,0.06653278
0,0,0.008449801
1,1,0.9971825
0,0,0.04596699
0,0,0.014523986
0,0,0.012526498
0,0,0.08525995
0,0,0.009099665
0,1,0.7068564
0,0,0.006426824
1,1,0.99731964
0,0,0.0036673273
0,0,0.05374826
1,1,0.8045904
1,1,0.9586202
0,1,0.5740537
1,1,0.9506663
0,0,0.0031308061
1,1,0.7443887
0,0,0.0029303047
1,1,0.7082363
0,0,0.43234044
0,0,0.0060312096
0,0,0.0027769634
1,1,0.9960278
1,1,0.6442803
0,0,0.003446333
0,0,0.0028303459
1,1,0.62611437
0,0,0.053643364
0,0,0.0024702812
0,0,0.005050197
0,0,0.012412299
1,1,0.7474128
0,0,0.0067650974
0,0,0.0032698775
0,0,0.008624113
0,0,0.0026812
0,0,0.0029281054
0,0,0.00933661
0,0,0.40504685
0,0,0.0044853752
1,1,0.6816964
1,1,0.99704677
1,1,0.5228912
0,0,0.007948823
1,1,0.9974833
0,0,0.04460215
0,0,0.004121862
0,0,0.0061273417
1,1,0.99742573
0,0,0.02900304
1,1,0.99393153
0,0,0.00680031
1,1,0.7056633
0,0,0.004549743
1,1,0.9946978
1,1,0.6189621
1,1,0.6217197
0,0,0.003198022
1,1,0.9972574
1,1,0.6622098
1,1,0.62903553
1,1,0.98371303
1,1,0.99701834
0,0,0.0033051763
0,0,0.01259986
1,1,0.9776014
0,0,0.024642238
1,1,0.98967826
0,0,0.0033854882
1,1,0.99678075
0,0,0.35440597
1,1,0.99508566
0,0,0.0047312765
0,0,0.0039609815
0,0,0.0134655265
1,1,0.64607805
0,0,0.0035963715
0,1,0.6981221
0,0,0.0038351277
1,1,0.72023493
0,0,0.010848617
1,1,0.6717605
0,0,0.020752449
1,1,0.97357035
1,1,0.7268072
1,1,0.5052992
1,1,0.99670714
0,0,0.004349938
1,1,0.70171726
0,0,0.021118132
0,0,0.036819868
0,0,0.0089130765
0,0,0.058502022
0,0,0.04230708
1,1,0.69138485
1,1,0.9968714
1,1,0.594826
0,0,0.0051429863
0,0,0.002698081
1,1,0.8420266
0,0,0.003589425
1,1,0.99722385
0,0,0.0030674504
0,0,0.003700768
1,1,0.99483347
0,0,0.004546893
1,1,0.9960758
0,0,0.0057264823
1,1,0.92590976
1,1,0.62417406
1,1,0.6147751
0,0,0.0031346646
0,0,0.0032083322
1,1,0.54292494
1,1,0.5963582
0,0,0.0026334766
1,1,0.8898201
1,1,0.98594046
0,0,0.005653278
1,1,0.90959865
0,0,0.0035651333
1,1,0.9071014
0,0,0.34003752
1,1,0.5816024
0,1,0.67774945
1,1,0.93675435
1,1,0.99689996
0,0,0.004092252
1,1,0.6541182
1,1,0.794287
1,1,0.99770135
0,0,0.030104304
1,1,0.60215276
1,1,0.9970727
1,1,0.9836442
1,1,0.6458813
1,1,0.99630034
0,0,0.042778518
0,0,0.00473151
1,1,0.9969612
0,0,0.003455536
1,1,0.9951859
0,0,0.011096644
0,0,0.02008572
0,0,0.10826627
1,0,0.4235292
0,0,0.002772857
1,1,0.9897503
1,1,0.9970726
1,1,0.62210786
1,1,0.6440115
0,0,0.016981598
0,0,0.0026485766
0,0,0.012808179
0,0,0.0104559
0,0,0.12580074
0,0,0.007945281
1,1,0.63120973
1,1,0.5518154
1,1,0.5822415
0,0,0.18631855
0,0,0.0037385498
0,0,0.00315771
1,1,0.90469736
0,0,0.33366045
1,1,0.681742
0,0,0.0027398458
1,1,0.9684572
0,0,0.0040833335
1,1,0.6675493
1,1,0.6662506
1,1,0.6621173
1,1,0.5749506
1,1,0.81886667
0,0,0.011683926
0,0,0.31272742
0,0,0.030251453
0,0,0.008429435
1,1,0.9946903
0,0,0.01560339
0,0,0.002852765
1,1,0.997207
0,0,0.016585741
1,1,0.96509224
0,0,0.01651578
0,0,0.005598795
0,0,0.007216067
1,1,0.7213201
1,1,0.66777116
0,0,0.0048729084
0,0,0.0047354097
1,1,0.99522793
1,1,0.80087936
1,1,0.82013565
0,1,0.8184907
1,1,0.99575704
1,1,0.6361752
1,1,0.99238354
0,1,0.6061356
1,1,0.6300639
0,0,0.05857668
0,0,0.0045116083
1,1,0.7820102
0,0,0.005390339
0,0,0.007069198
0,0,0.010880841
0,0,0.21110028
0,0,0.0028446026
0,0,0.033952273
0,0,0.0040238155
1,1,0.6914849
0,0,0.035018776
0,0,0.041890025
1,1,0.99075234
1,1,0.95693666
0,0,0.025667774
1,1,0.80745226
1,1,0.99726784
0,0,0.031642266
1,1,0.70388836
0,0,0.013018505
1,1,0.5752456
0,0,0.21922782
0,0,0.0036621704
0,0,0.014311992
1,1,0.99706393
1,1,0.96398807
1,1,0.6803057
0,0,0.12567991
0,0,0.18425657
0,0,0.0044970727
0,0,0.005474039
1,1,0.6308296
1,1,0.98944855
1,1,0.9972746
0,0,0.009197747
1,1,0.9015757
0,0,0.006063149
1,1,0.98714674
0,1,0.5437373
0,0,0.0028286804
0,0,0.0032269172
0,0,0.005295592
0,0,0.0029023916
0,0,0.0040680524
1,1,0.97223943
0,0,0.035010524
0,0,0.44358835
0,0,0.20061931
1,1,0.69328403
0,0,0.00281339
0,0,0.004475976
1,1,0.66918737
0,0,0.0073588346
1,1,0.99708813
1,1,0.61963284
1,1,0.9952082
0,0,0.0028745816
0,0,0.0071103754
1,1,0.8848163
1,1,0.6503947
1,1,0.64449364
0,0,0.0034878498
1,1,0.99412066
0,0,0.0055112597
0,0,0.0054227137
0,0,0.02833214
0,0,0.4300266
1,1,0.6262168
0,0,0.015279471
0,0,0.003542507
0,0,0.00391503
0,0,0.09141077
1,1,0.9886779
0,0,0.010889044
0,0,0.02551313
0,0,0.12741184
0,0,0.009992246
1,1,0.5711294
0,0,0.0033044505
1,1,0.936566
0,0,0.009041224
1,1,0.9968279
0,0,0.08423091
0,0,0.011503747
0,0,0.024062768
0,0,0.0024244045
1,1,0.683556
1,1,0.56431866
1,1,0.9968207
1,1,0.9883807
1,1,0.9844223
0,0,0.15073054
0,0,0.07911805
0,0,0.016171927
1,1,0.9969382
0,0,0.0043326
0,0,0.010086972
0,0,0.035787743
0,0,0.0027242012
1,1,0.99730194
0,0,0.0031510305
1,1,0.64907783
0,0,0.004119279
1,1,0.99339503
0,0,0.0033370687
0,0,0.0025809482
1,1,0.9969494
1,1,0.6481011
0,0,0.0032976638
0,0,0.017429968
1,1,0.8591922
1,1,0.99189705
1,1,0.99755424
1,1,0.9972205
1,1,0.82239616
1,1,0.7322665
1,1,0.98821545
1,1,0.9946538
1,1,0.9960245
0,0,0.29480737
1,0,0.20932154
1,1,0.51477593
1,1,0.99741745
1,1,0.9967489
1,1,0.99577504
1,1,0.9773162
0,0,0.006359179
0,0,0.010334071
1,1,0.9962059
1,1,0.7019474
0,0,0.1039538
0,0,0.004920325
0,0,0.003117604
1,1,0.99718815
1,1,0.78309166
1,1,0.9971541
0,0,0.016368002
0,0,0.0034594263
0,0,0.0034361158
1,1,0.9555208
1,1,0.65995413
0,1,0.686669
0,0,0.0244994
1,1,0.7720529
0,0,0.24384438
0,0,0.0027810363
0,0,0.0063799727
0,1,0.642492
1,1,0.99728596
1,1,0.5631765
0,0,0.22628164
0,0,0.0028115006
0,0,0.002813573
0,0,0.08051147
0,0,0.045047827
0,0,0.006334439
1,1,0.9808327
0,0,0.0036050912
0,0,0.0052630487
0,0,0.0046471413
0,0,0.0028004502
1,1,0.9671158
1,1,0.9557466
1,1,0.8296643
1,1,0.9917367
0,0,0.016155146
1,1,0.9923288
1,1,0.6605441
0,1,0.6050548
0,0,0.0028700803
0,0,0.053919375
1,1,0.94705564
1,1,0.98564667
0,0,0.0068237484
0,0,0.013152316
0,0,0.005582662
0,0,0.0050721336
0,0,0.029918758
1,1,0.7629744
0,0,0.024106408
1,1,0.9823444
0,0,0.0036207254
1,1,0.58319104
0,0,0.0032924616
1,1,0.9968977
0,0,0.003600168
0,0,0.107032835
1,1,0.66862476
0,0,0.15320702
0,0,0.012679168
1,1,0.983479
1,1,0.626885
0,0,0.045712385
1,1,0.62450033
1,1,0.8050423
1,1,0.9912846
1,1,0.9398
0,0,0.036448807
1,1,0.99727696
1,1,0.9962225
0,0,0.011140452
1,1,0.99716175
1,1,0.9741898
1,1,0.7245351
1,1,0.6168641
1,0,0.41340813
0,0,0.092037804
1,1,0.9864283
1,1,0.8754664
1,1,0.9929997
1,1,0.99653685
1,1,0.9424508
1,1,0.9970794
0,0,0.42489982
0,0,0.076347604
0,0,0.38569978
0,0,0.22374232
0,0,0.006420585
1,1,0.99720424
1,1,0.65159196
0,0,0.006303556
1,1,0.6821908
1,1,0.9959377
1,1,0.93827665
0,0,0.13406819
0,0,0.0057394113
0,1,0.5520659
1,1,0.5592527
1,1,0.7692664
0,0,0.0034390006
1,1,0.9922294
0,0,0.0027390043
1,1,0.95782876
1,1,0.9131802
0,0,0.0032435176
1,1,0.99751496
0,0,0.0026542293
0,0,0.10680358
0,0,0.003016333
1,1,0.94333655
1,1,0.59211063
0,0,0.0033205997
1,1,0.9945695
1,1,0.9895837
1,1,0.9918859
0,0,0.003081762
0,0,0.37876403
0,0,0.0038472337
1,1,0.53435445
1,1,0.98269594
0,0,0.0030858612
1,1,0.7319136
1,1,0.9009276
1,1,0.9514102
1,1,0.9821733
0,0,0.005730377
1,1,0.9964904
0,1,0.5919058
1,1,0.95482063
1,1,0.9970642
1,1,0.7114313
1,1,0.98998547
1,1,0.9972038
1,1,0.9274702
1,0,0.3991606
0,0,0.008059418
1,1,0.70368207
0,0,0.0030545667
0,0,0.020285958
0,0,0.002544967
1,1,0.954492
0,0,0.23906599
0,0,0.0024507549
0,0,0.005920463
0,0,0.035323985
1,1,0.72236055
0,0,0.01697073
1,1,0.9765336
0,0,0.003047868
0,0,0.0105975075
0,0,0.042964455
0,0,0.006815893
0,0,0.031085396
1,1,0.68292654
1,1,0.9955836
0,0,0.0028890877
1,1,0.6677336
0,0,0.1514869
0,0,0.029253164
0,0,0.010407853
1,1,0.6097137
1,1,0.99711835
0,0,0.0989602
1,1,0.9943613
1,1,0.97557753
0,0,0.06270625
1,1,0.59559804
0,0,0.003009877
1,0,0.43941298
0,0,0.0041178786
1,1,0.60821795
0,0,0.009571045
0,0,0.08641062
1,1,0.9970741
1,1,0.9022296
1,1,0.55451775
1,1,0.99738485
1,1,0.82765615
0,0,0.0027502575
1,1,0.99690694
1,1,0.9971451
1,1,0.9956995
1,1,0.9361037
1,1,0.9762738
0,0,0.014863432
0,0,0.005039933
1,1,0.71597224
1,1,0.7441082
1,1,0.99536645
0,0,0.020108707
1,1,0.99689096
0,0,0.0029288407
1,1,0.6431802
0,0,0.0059134453
0,0,0.30301318
1,1,0.9505014
0,1,0.56726056
1,1,0.74750316
1,1,0.6531892
0,0,0.004791257
1,1,0.55726486
1,1,0.6389866
0,0,0.0062042517
1,1,0.9317359
1,1,0.60761017
0,0,0.32266593
1,1,0.566453
0,0,0.0038827758
1,1,0.9968425
1,1,0.9956163
1,1,0.69553715
1,1,0.98193663
1,1,0.9972101
0,0,0.0032204723
0,0,0.003874423
0,0,0.0034328976
0,0,0.0028501304
0,0,0.003699394
0,0,0.48769277
0,0,0.0043300213
1,1,0.81436986
0,1,0.59702855
0,0,0.004463494
1,1,0.9669954
1,1,0.99817383
0,0,0.009747388
1,1,0.996926
0,0,0.0057150368
1,1,0.6250933
1,1,0.83371526
1,1,0.62403613
1,1,0.64760566
1,1,0.6571543
1,1,0.99701273
1,1,0.700228
0,0,0.18556805
0,0,0.0048045907
0,0,0.004561798
0,0,0.017888488
1,1,0.950601
1,1,0.9413906
0,0,0.0067283185
0,0,0.010721028
0,0,0.003092203
1,1,0.75422955
0,0,0.02462021
1,1,0.99686986
0,0,0.17979707
0,0,0.017987095
0,0,0.0069641615
0,1,0.53281933
1,1,0.99398625
1,1,0.9969495
1,1,0.6461269
0,1,0.64331436
0,0,0.0038264028
1,1,0.99723595
1,1,0.7999273
1,1,0.9820385
1,1,0.6390669
0,0,0.016355893
0,0,0.343748
1,1,0.6515953
1,1,0.5638989
0,0,0.020052275
1,1,0.63068175
0,0,0.009625994
0,0,0.0054617375
0,0,0.37353304
1,1,0.95041466
0,0,0.0037451661
0,0,0.22291507
0,0,0.017592337
0,0,0.009630037
1,1,0.9625485
0,0,0.028421836
0,0,0.07223992
0,0,0.004009055
1,1,0.9930702
1,1,0.9806277
0,0,0.094206974
0,0,0.014305778
0,0,0.009639554
1,1,0.99457943
0,0,0.011769128
0,0,0.3806839
0,0,0.48716968
1,1,0.7467443
0,0,0.004507122
1,1,0.99025494
0,0,0.0372669
1,1,0.61008716
0,0,0.25540036
1,1,0.68635267
0,0,0.0060270173
1,1,0.9961953
1,1,0.8395333
1,1,0.5918301
1,1,0.9969997
1,1,0.9896779
0,0,0.010805463
0,0,0.011348134
1,1,0.6154638
1,1,0.6612916
1,1,0.82522154
1,1,0.9901799
1,1,0.98972917
0,0,0.0140429605
1,1,0.64466286
1,1,0.99727637
1,1,0.9919905
0,0,0.0036620593
0,0,0.0038561893
0,0,0.016698409
0,0,0.008846031
0,0,0.0027058518
1,1,0.5787624
0,0,0.002788388
1,1,0.59603465
1,1,0.9872585
1,1,0.9969727
0,0,0.005879786
0,0,0.009887635
1,1,0.9969554
0,0,0.014208861
0,0,0.04164761
1,1,0.99422836
1,1,0.60040087
1,1,0.7954456
1,1,0.9632237
1,1,0.9974166
1,1,0.9843581
1,1,0.98906964
1,1,0.97171324
1,1,0.9973271
1,1,0.69677895
0,0,0.0036467735
1,1,0.99685174
0,0,0.005082404
1,1,0.9970951
1,1,0.9972607
1,1,0.9957684
0,0,0.078619696
0,0,0.0063566607
0,0,0.07743382
0,0,0.0063911695
1,1,0.9843381
0,0,0.014242247
0,0,0.017891044
0,0,0.004440194
1,0,0.31627712
0,0,0.004963519
1,1,0.99483705
0,0,0.10826627
0,0,0.03640623
0,0,0.42373502
1,1,0.93056387
1,1,0.99490684
0,0,0.0035361198
0,0,0.0030302757
1,1,0.82321763
0,0,0.0062395316
1,1,0.9813471
1,1,0.61155385
0,0,0.0075709936
0,0,0.0024557167
0,0,0.0027805998
0,0,0.002640432
0,0,0.004464068
0,0,0.0030216477
1,1,0.9263402
0,0,0.00396291
0,0,0.044899117
1,1,0.99710196
1,1,0.9968855
1,1,0.9697843
0,0,0.0034780079
1,1,0.9753823
1,1,0.9250044
1,1,0.99692553
1,1,0.88133615
1,1,0.70747244
0,0,0.0027064646
0,0,0.003502718
1,1,0.6282721
1,1,0.761792
0,0,0.029273547
1,1,0.6592595
1,1,0.7140212
1,1,0.9973079
0,0,0.003943595
1,1,0.987928
1,1,0.9951048
0,0,0.01879127
1,0,0.0975925
0,0,0.004189658
0,1,0.7107439
1,1,0.91717887
0,0,0.0034189487
0,0,0.13910513
0,0,0.009151277
1,1,0.99713576
0,0,0.003293485
0,0,0.005077459
0,0,0.46736795
1,1,0.96976435
1,1,0.9551051
1,1,0.98040074
1,1,0.81788546
0,0,0.0067141107
1,1,0.82432985
1,1,0.8991073
1,1,0.6454105
0,0,0.0027690663
1,1,0.605228
1,1,0.981506
1,1,0.98893994
0,0,0.004151796
0,0,0.007923223
0,0,0.0067257984
0,0,0.25114387
1,1,0.6128804
0,0,0.0042709997
0,0,0.011078527
1,1,0.5196198
1,1,0.99586403
0,0,0.067022085
1,1,0.992486
1,1,0.5803281
1,1,0.58830506
0,0,0.003266693
1,1,0.72931886
0,0,0.0027959156
0,0,0.05210335
1,1,0.9971921
1,1,0.6576329
0,0,0.0032704743
0,0,0.0027907663
0,0,0.008045344
0,0,0.0075496743
1,1,0.8185687
0,0,0.0028286937
1,1,0.5883018
1,1,0.9937716
1,1,0.88880444
1,1,0.5883337
0,0,0.2519299
1,1,0.55850285
0,0,0.13652587
0,0,0.0049313544
1,1,0.9947917
1,1,0.6615543
1,1,0.9968438
1,1,0.8557719
0,0,0.007677062
1,1,0.9968828
0,0,0.0049435366
1,1,0.67601025
0,0,0.003251116
0,0,0.003494618
1,1,0.98401386
0,0,0.011041878
0,0,0.15376581
0,0,0.1029292
1,1,0.6383963
1,1,0.99284405
1,1,0.9971668
1,1,0.6335534
0,0,0.0027734397
0,1,0.56387895
0,0,0.21756554
0,0,0.36199296
1,1,0.9356281
0,0,0.019615568
0,0,0.12482938
0,1,0.6217887
1,1,0.66150355
1,1,0.9967128
1,1,0.9968663
0,0,0.009608943
0,0,0.0034567744
0,0,0.005545035
0,0,0.003055906
1,1,0.64298403
0,0,0.010845011
1,1,0.9842493
1,1,0.9907232
1,1,0.8454412
1,1,0.6910636
0,0,0.19630554
0,1,0.76709497
1,1,0.99703026
0,0,0.1765918
1,1,0.84799415
0,0,0.019824151
1,1,0.6678798
0,0,0.1837591
1,1,0.52992195
1,1,0.96908087
1,1,0.9967938
1,1,0.785632
0,0,0.20744994
0,0,0.0032724445
1,1,0.9963163
1,1,0.98003435
0,0,0.2763853
0,0,0.08084521
1,1,0.96128416
0,0,0.0042416994
1,0,0.40003508
0,0,0.0048044557
1,1,0.52265924
1,1,0.67093307
0,0,0.4341922
0,0,0.2794656
0,0,0.0037893865
0,0,0.0028824701
0,0,0.0049504684
1,1,0.98413277
1,1,0.9598479
0,0,0.104661375
0,0,0.002876464
0,0,0.062309526
0,0,0.036648635
1,1,0.9954561
0,0,0.06441893
0,0,0.0046688886
0,0,0.0074746283
1,1,0.99721587
1,1,0.98701173
1,1,0.99591535
1,1,0.99678457
1,1,0.96927667
1,1,0.8931762
1,1,0.64750487
0,0,0.11953937
1,1,0.77007854
1,1,0.6652942
1,1,0.617873
1,1,0.95066863
1,1,0.8635009
1,1,0.6660816
1,1,0.9961622
1,1,0.6941534
0,0,0.0029042691
1,1,0.98977214
0,0,0.0032639632
1,1,0.81151426
0,0,0.0024912679
1,1,0.965123
0,0,0.00367698
0,0,0.002721376
1,1,0.99401927
1,1,0.65825903
1,1,0.99706846
0,0,0.21535924
1,1,0.592332
0,0,0.002470883
1,1,0.99663025
1,1,0.6753442
0,0,0.004771422
1,1,0.933705
0,0,0.021715088
0,0,0.014527871
1,1,0.9897786
1,1,0.6234226
1,1,0.9969612
0,0,0.003178778
0,1,0.6105155
0,0,0.024479633
0,0,0.0048962645
1,1,0.8105592
0,0,0.1606077
0,0,0.094689675
0,0,0.003473898
1,1,0.64644474
0,0,0.0033654624
1,1,0.71901774
1,1,0.9952217
1,1,0.5149322
1,1,0.9888377
0,0,0.33356404
1,1,0.9967282
1,1,0.99694
0,0,0.0076297
1,1,0.9972217
1,1,0.7067943
1,1,0.6961734
0,0,0.011515084
0,0,0.016141502
0,0,0.04723718
0,0,0.0032966263
1,1,0.995456
1,1,0.9968297
0,0,0.06418399
0,0,0.003393482
1,1,0.5701104
1,1,0.99380106
1,1,0.99694747
0,0,0.0025924721
1,1,0.9946174
0,0,0.005228765
0,0,0.008754893
1,1,0.9616719
0,0,0.10673196
0,0,0.0028512867
0,0,0.009735948
0,0,0.010155737
1,1,0.9971277
1,1,0.61798185
1,0,0.1926909
1,1,0.96188164
1,1,0.98471326
1,1,0.71405816
1,1,0.69091475
0,0,0.0059174546
0,0,0.39400944
0,0,0.06197105
1,1,0.9407879
0,1,0.5538577
1,1,0.66581064
1,1,0.96406233
0,0,0.06052026
0,0,0.0055878954
0,0,0.007770383
1,1,0.95684487
0,0,0.003667404
0,0,0.0028685795
1,1,0.8664203
1,1,0.6173788
0,0,0.011681256
1,1,0.9972607
0,0,0.29135358
1,1,0.6361552
1,1,0.50707597
0,0,0.01744336
0,0,0.0042330343
1,1,0.79964656
0,0,0.008973828
1,1,0.99205834
0,0,0.0024578623
1,1,0.62878036
1,1,0.9892369
1,1,0.6047192
1,1,0.99679846
1,1,0.9489106
1,1,0.996617
0,1,0.54833114
1,1,0.9001401
0,0,0.011500893
0,0,0.0069707334
0,0,0.0058568507
0,0,0.017438073
0,0,0.0026051954
0,0,0.029472172
0,0,0.0025234711
0,0,0.029931933
1,1,0.6474114
0,0,0.2836168
1,1,0.7445113
1,1,0.6428484
1,1,0.72511417
1,1,0.99612
0,0,0.10741119
0,0,0.0044206968
1,1,0.74817765
1,1,0.9892027
1,1,0.59147006
0,0,0.0067102094
1,1,0.5906946
1,1,0.622917
1,1,0.70146435
0,0,0.012169609
0,0,0.027642593
1,1,0.79396087
1,1,0.9609134
0,1,0.68424743
0,0,0.0071960427
1,1,0.57496476
1,1,0.6674895
0,0,0.43439928
1,1,0.8415227
0,1,0.61855346
0,0,0.0028218615
0,0,0.003193978
0,0,0.3741111
1,1,0.68141073
1,1,0.9829448
1,1,0.71572685
0,0,0.005362569
1,1,0.90983397
1,1,0.9118535
1,1,0.5783541
1,1,0.61592025
1,1,0.99519485
0,0,0.0076555684
1,1,0.99703395
1,1,0.9859242
1,1,0.9945057
0,0,0.004612109
0,0,0.11046332
0,0,0.002803459
0,0,0.02825695
0,0,0.0024606732
0,0,0.0030465415
1,1,0.95723003
0,0,0.061652094
0,0,0.003451699
0,0,0.0069769416
0,0,0.06358688
1,1,0.99683845
0,0,0.018297106
1,1,0.82433635
0,0,0.0034910797
1,1,0.5923389
0,0,0.0028722016
1,1,0.6560109
0,0,0.029536385
0,0,0.0034952692
1,1,0.89653385
1,1,0.53028375
1,1,0.9967242
1,1,0.58458483
0,0,0.003191858
0,0,0.012560016
0,0,0.0033237909
1,1,0.5991563
1,1,0.6262642
0,0,0.0048184264
1,1,0.9874205
1,1,0.99752444
1,1,0.9850418
1,1,0.92260146
1,1,0.70772636
0,0,0.0034537497
1,1,0.58171165
1,1,0.9758749
1,1,0.75227946
0,1,0.6119925
1,1,0.6049546
1,1,0.99697256
0,0,0.0029006551
1,1,0.9917605
1,1,0.8983809
1,1,0.9968196
0,0,0.00678139
0,0,0.0032877547
1,1,0.68667537
0,0,0.009358096
0,0,0.0032024242
1,0,0.44294715
0,0,0.017216707
0,0,0.15475167
1,1,0.96393406
0,0,0.006071079
0,0,0.014567074
0,0,0.46234918
0,0,0.0034327996
1,1,0.9745268
0,0,0.048269324
1,1,0.6627967
1,1,0.6677441
1,1,0.6566663
0,0,0.0027064404
1,1,0.9641907
0,0,0.071732335
0,0,0.0037050063
0,0,0.04439879
1,1,0.60299003
1,1,0.64055026
0,0,0.008604338
0,0,0.0037650487
0,0,0.11001797
1,1,0.99707174
0,0,0.012647605
0,0,0.49349362
1,1,0.99720085
0,0,0.0040373257
1,1,0.99651355
0,0,0.0074344967
1,1,0.9968683
1,1,0.83868474
0,0,0.004989267
0,0,0.04684221
1,1,0.9971475
0,0,0.27880764
1,1,0.7139103
1,1,0.95687956
0,0,0.0046075466
0,0,0.013548797
0,0,0.0025828837
1,1,0.9969901
1,1,0.99471563
1,1,0.9427591
0,0,0.4078836
0,0,0.0067184055
1,1,0.6561576
0,0,0.0030674913
1,1,0.99581856
0,0,0.0056414595
0,0,0.002723876
1,1,0.59269077
1,1,0.5353228
0,0,0.0036594137
0,0,0.03905017
1,1,0.74846333
1,1,0.99611306
0,0,0.0032908735
1,1,0.99696594
1,1,0.67148507
1,1,0.99275523
1,1,0.96045434
0,0,0.0028208108
1,1,0.9969387
0,0,0.0028355075
1,1,0.9941929
0,0,0.003011742
0,0,0.0046311733
1,1,0.9972253
1,1,0.598037
1,1,0.65075684
0,0,0.0122996
0,0,0.0025539375
1,1,0.6038793
0,0,0.0038460514
0,0,0.08812618
1,1,0.99366754
0,0,0.0029538667
1,1,0.68819314
1,1,0.67613095
1,1,0.98880965
0,0,0.06827133
1,0,0.39761797
0,0,0.060920406
0,0,0.014703711
0,0,0.052724287
1,1,0.95212144
0,0,0.011002608
0,0,0.05864843
1,1,0.99572647
0,0,0.21201064
1,1,0.9824197
0,0,0.003186481
0,0,0.014237095
0,0,0.009424815
0,0,0.0025273422
0,0,0.008564838
1,1,0.9761292
1,1,0.98796254
1,1,0.6554993
0,0,0.0037009707
0,0,0.00392358
1,1,0.589427
1,1,0.8341891
0,0,0.044875484
0,0,0.004864365
1,1,0.6941525
1,1,0.8731014
0,0,0.0129163135
1,1,0.99661154
1,0,0.23037498
0,0,0.008431726
0,0,0.26949725
1,1,0.66666305
0,0,0.00449284
0,0,0.0027131478
0,1,0.7166889
0,0,0.02277145
1,1,0.9839416
0,0,0.008091828
1,1,0.89044595
1,1,0.7620465
0,0,0.083318025
1,1,0.5115355
1,1,0.90022576
0,0,0.0027985186
0,0,0.0028044933
0,0,0.04980986
0,0,0.3307035
1,1,0.9969195
0,0,0.0027194356
0,0,0.009755796
0,0,0.011415907
0,0,0.29647693
0,0,0.006168708
0,0,0.007982231
1,1,0.6367708
1,1,0.97423446
0,0,0.0041581364
1,1,0.9455189
1,1,0.7115345
0,0,0.004078233
1,1,0.72818214
1,1,0.8216602
1,1,0.7557348
1,1,0.8747185
1,1,0.9453607
1,1,0.8676158
0,0,0.14293195
0,0,0.22873062
1,1,0.9814122
0,0,0.0041113757
0,0,0.23292808
1,1,0.7222482
1,1,0.73686963
1,1,0.6961887
0,1,0.52006876
1,1,0.97675985
1,1,0.9970927
1,1,0.99711525
0,0,0.009387897
1,1,0.67899364
0,0,0.026178097
0,0,0.360264
1,1,0.9972235
1,1,0.996929
1,1,0.6300001
1,1,0.99553055
1,1,0.9950198
0,0,0.004489318
1,1,0.69972605
0,0,0.004545091
0,0,0.36952558
1,1,0.99378633
1,0,0.29455897
1,1,0.99672097
1,1,0.99661237
0,0,0.058492433
1,1,0.9895648
1,1,0.59721726
0,0,0.35950062
0,0,0.0045255567
1,1,0.7897285
0,0,0.0025173335
1,1,0.6549126
0,0,0.01766039
1,1,0.9825739
0,0,0.0040755263
0,0,0.004468244
1,1,0.6344004
0,0,0.0040526018
1,1,0.9960306
1,1,0.63941807
1,1,0.82659805
1,1,0.6697737
0,0,0.004307851
0,0,0.07274818
0,0,0.009104817
1,1,0.99740547
1,1,0.96929044
0,0,0.0027279241
0,0,0.006586099
1,1,0.9973634
1,1,0.9973562
0,0,0.0035155986
0,0,0.0026460108
1,1,0.87514263
1,1,0.79260546
0,0,0.004644843
0,0,0.008232648
0,0,0.007901974
0,0,0.004820572
1,1,0.6204259
0,0,0.0035625226
1,1,0.9939137
0,0,0.1789741
0,0,0.052252706
0,0,0.13855082
1,1,0.9971323
1,1,0.9697529
0,0,0.16039099
0,0,0.30555862
1,1,0.9957278
0,0,0.003830465
1,1,0.9970618
1,1,0.66441745
1,1,0.84996635
1,1,0.9508734
0,0,0.0028924912
0,1,0.54026884
1,1,0.92238396
0,0,0.0058745407
0,0,0.042083517
0,0,0.0028621925
1,1,0.99772257
1,1,0.7582219
0,0,0.03772022
1,1,0.95887583
1,1,0.9968748
1,1,0.8972563
1,0,0.49480826
0,0,0.065244146
0,0,0.0027275116
1,1,0.66775787
1,1,0.9012877
0,0,0.0027015295
0,0,0.013825005
1,1,0.7873473
0,0,0.002789425
1,1,0.9973665
0,0,0.029614035
1,1,0.98985916
1,1,0.9968721
1,1,0.71387905
1,1,0.68287843
0,0,0.0028114454
0,0,0.23142533
1,1,0.9971213
1,1,0.5928092
1,1,0.63251877
1,1,0.95196986
0,0,0.0030215487
0,0,0.020875717
0,0,0.005111818
0,0,0.0113893375
0,0,0.013558807
0,0,0.049287047
0,0,0.2900917
0,0,0.0048236777
0,0,0.018898973
0,0,0.008748158
1,1,0.99100924
0,0,0.0026182577
1,1,0.8506916
0,0,0.0030829874
0,0,0.010205604
0,0,0.002902461
0,0,0.0034064227
0,0,0.0023667004
0,0,0.06934184
0,0,0.005889382
1,1,0.84799343
0,0,0.0040555284
1,1,0.82995087
1,1,0.9970981
0,0,0.0031943973
1,1,0.8064184
1,1,0.9444729
1,1,0.62228227
1,1,0.9798947
1,1,0.9969495
1,1,0.9964623
1,1,0.63227767
0,0,0.0027755613
1,1,0.96233195
1,1,0.97026694
1,1,0.6128714
1,1,0.98567396
1,1,0.96837425
1,1,0.97344923
1,1,0.794728
0,0,0.12451088
1,1,0.7011695
1,1,0.54667306
1,1,0.9698229
0,0,0.014197118
1,1,0.7793583
1,1,0.65799737
1,1,0.96854043
0,0,0.004016053
0,0,0.0050198305
1,1,0.69863945
1,1,0.6582515
0,0,0.0026628345
0,0,0.0075525534
0,0,0.030936081
1,1,0.643186
1,1,0.5895481
1,1,0.8640728
1,1,0.99700445
1,1,0.99695706
0,0,0.0033240954
1,1,0.992253
1,1,0.83986396
0,0,0.010427132
1,1,0.9971
1,1,0.9955171
1,1,0.7927593
1,1,0.6654424
0,0,0.03966121
1,1,0.99096066
1,0,0.46740523
1,0,0.46595803
0,0,0.13632135
0,0,0.0949689
0,0,0.021382924
1,1,0.997038
1,1,0.9957931
0,0,0.006424793
0,0,0.0053405324
0,0,0.22590585
1,1,0.99695206
0,0,0.0036427458
0,0,0.0036308942
0,0,0.0031244715
1,1,0.6239214
1,1,0.6008107
1,1,0.63629925
1,1,0.9960312
0,0,0.002941909
0,0,0.01180394
1,1,0.630385
0,0,0.38680828
0,0,0.013127053
0,0,0.31722006
0,0,0.0027000948
0,0,0.0045135017
0,0,0.019558841
0,0,0.015848285
1,1,0.996179
1,1,0.9883012
0,0,0.29611942
0,0,0.33544144
0,0,0.032692727
0,0,0.1923822
0,0,0.08904631
0,0,0.0028555142
0,0,0.01961651
1,1,0.95262575
1,1,0.6613933
1,1,0.62514555
1,1,0.9953152
1,1,0.95020014
1,1,0.99758387
0,0,0.17806421
1,1,0.6090292
1,1,0.6891912
1,1,0.9965043
0,0,0.20582509
1,1,0.5265164
1,1,0.9555256
0,0,0.14039513
0,0,0.004161827
0,0,0.0028712815
0,0,0.06254551
0,0,0.45766783
0,0,0.0030870188
1,1,0.65278995
1,1,0.99681646
1,1,0.9879693
1,1,0.9952253
0,0,0.012224497
0,0,0.003536829
1,1,0.60593456
1,1,0.64223075
1,1,0.6738119
1,1,0.97090596
0,0,0.022111537
1,1,0.99217576
1,1,0.65308684
0,0,0.012276357
1,1,0.604769
0,1,0.8514967
1,1,0.99687696
1,1,0.9967386
0,0,0.003195618
1,1,0.9967955
0,0,0.0053245854
1,1,0.99737287
0,0,0.0039297924
1,1,0.7297742
0,0,0.10683033
1,1,0.97665477
0,0,0.0051770573
1,0,0.37267473
1,1,0.92393434
0,1,0.63821566
0,0,0.005773321
1,1,0.9787779
0,0,0.006090426
0,0,0.10541631
0,0,0.0671206
1,1,0.99666446
1,1,0.9711131
0,0,0.005281379
1,1,0.98423046
0,0,0.17798771
1,1,0.90922666
0,0,0.12096741
0,0,0.012731013
0,0,0.01428983
1,1,0.7509799
1,1,0.99439055
0,0,0.0026750101
1,1,0.71734226
1,1,0.8566378
0,0,0.41868013
0,0,0.37470633
0,0,0.034594014
0,0,0.05426173
1,1,0.99480975
0,0,0.33182606
0,0,0.21554789
0,0,0.1557932
0,0,0.0030342499
1,1,0.6099631
1,1,0.5991886
1,1,0.6732024
0,0,0.026826922
1,0,0.37213805
0,0,0.002954888
1,1,0.6532177
0,0,0.0068635144
0,0,0.0059027527
0,0,0.0076793223
0,0,0.0063234875
1,1,0.9938684
1,1,0.66361
1,1,0.9958851
1,1,0.927922
0,0,0.006718196
1,1,0.96906954
0,0,0.002917081
1,1,0.92385143
0,0,0.020250395
1,1,0.7026675
1,1,0.56581056
0,1,0.5365578
1,1,0.5841162
1,1,0.8140254
1,1,0.55779684
1,1,0.5463732
1,1,0.60149485
0,0,0.008451754
0,0,0.004141191
1,1,0.7159609
1,1,0.99755955
1,1,0.68898416
0,0,0.06253839
0,0,0.002531612
0,0,0.0026466313
0,0,0.012473478
0,0,0.29636672
0,0,0.41879588
0,0,0.03065974
1,1,0.6489237
1,1,0.61089534
0,0,0.0064259074
1,1,0.99640536
1,1,0.73580116
1,1,0.6883952
0,0,0.0026285106
1,1,0.99663347
1,1,0.9944753
1,1,0.7072853
1,1,0.96524364
0,0,0.09205342
1,1,0.7183187
0,0,0.0034799003
1,1,0.9960652
0,0,0.003528503
0,0,0.020387316
0,0,0.37326318
1,1,0.6603523
0,0,0.004533256
0,0,0.0036518709
0,0,0.012880773
0,1,0.5331267
0,0,0.20258243
1,1,0.9934744
0,1,0.59553415
0,0,0.03372934
0,0,0.15153894
1,1,0.99738234
0,0,0.43706968
1,1,0.6430342
0,0,0.03805949
0,0,0.0057306406
1,1,0.985357
0,0,0.0061472766
1,1,0.97685176
0,0,0.466347
1,1,0.65411526
0,0,0.0052572708
1,1,0.99650085
1,1,0.9149784
1,1,0.6778357
0,0,0.035765905
0,0,0.10066677
1,1,0.6347212
1,1,0.99249
0,0,0.36185277
1,1,0.9973652
0,0,0.082232535
1,1,0.99690515
1,1,0.62198836
0,0,0.19930509
0,0,0.0035559067
1,1,0.9967121
1,1,0.70147336
1,1,0.99694234
1,1,0.8122902
1,1,0.9917139
1,1,0.9971937
0,0,0.0069135022
0,1,0.5206051
0,1,0.6164492
1,1,0.8368286
0,1,0.72517663
0,0,0.0048818556
0,0,0.0046381024
0,0,0.07005818
1,1,0.96332544
0,0,0.011871461
0,0,0.004770771
0,0,0.0030971447
0,0,0.00817827
0,0,0.0031644008
0,0,0.023044072
0,0,0.0051340302
1,1,0.6634891
0,0,0.021250198
0,0,0.21376881
1,1,0.99604994
1,1,0.9663527
1,1,0.67909545
0,0,0.0028744643
1,1,0.6511191
0,0,0.002495091
1,1,0.6271904
0,0,0.23597988
0,0,0.0025876395
0,0,0.0063467477
1,1,0.6167756
0,0,0.053047054
0,0,0.01463685
0,0,0.09357016
1,1,0.8861897
1,1,0.99695325
1,1,0.9838148
1,1,0.95850176
1,1,0.97482115
1,1,0.9962572
1,1,0.7252236
1,1,0.9345501
1,1,0.97967637
1,1,0.8741143
1,1,0.9950283
0,0,0.002544069
0,0,0.0033608114
1,1,0.9814078
0,0,0.0034204375
1,1,0.9971462
0,0,0.07880002
1,1,0.8649383
0,0,0.031347778
0,0,0.004776775
1,1,0.9965005
1,1,0.74361783
1,1,0.99708766
1,1,0.9665392
1,1,0.9971685
0,0,0.0050701173
1,1,0.99626935
1,1,0.97842216
0,0,0.021003759
1,1,0.9965448
1,1,0.6281734
1,1,0.6430701
1,1,0.9972927
0,0,0.009212094
1,1,0.6743218
1,1,0.63357264
1,1,0.6681528
1,1,0.63022673
1,1,0.9857488
0,0,0.0026993568
1,1,0.94426167
1,1,0.93827254
1,1,0.8448275
0,0,0.0057879332
0,0,0.029863684
0,0,0.0121610835
1,1,0.60583377
0,0,0.0041771713
0,0,0.0033546363
1,1,0.90883815
1,1,0.60182893
1,1,0.99516076
0,0,0.0035582087
1,1,0.5906464
1,1,0.99191284
1,1,0.5355855
1,1,0.63760346
0,1,0.5396021
0,0,0.0049832584
1,1,0.6913954
0,0,0.0050698766
1,1,0.97816044
0,0,0.18026134
1,1,0.95629376
0,0,0.0031052954
0,0,0.016921178
1,1,0.5753548
1,1,0.6264963
0,0,0.002539154
1,1,0.7881721
0,0,0.0038249705
0,0,0.002629321
0,0,0.023315331
0,0,0.32358333
1,1,0.73953986
1,1,0.9894727
1,1,0.50709164
1,1,0.99712795
0,0,0.0030668091
0,0,0.015802195
0,0,0.3610125
0,0,0.36099923
1,1,0.92273796
0,0,0.0028793716
1,1,0.9443218
1,1,0.9914113
0,0,0.10845675
0,0,0.47356388
1,1,0.9939877
1,1,0.9971769
0,0,0.003969431
1,1,0.9281176
0,0,0.16499873
1,1,0.99701
0,0,0.005405925
1,1,0.6360585
0,0,0.4519606
1,1,0.9966635
1,1,0.65551597
1,1,0.9941052
0,0,0.0036472757
0,0,0.003882499
1,1,0.6413779
1,1,0.99044913
0,0,0.2585788
1,1,0.52575195
0,0,0.0027733108
0,0,0.0034639253
1,1,0.6845315
1,1,0.9686168
1,1,0.65823555
0,1,0.57125735
0,0,0.004106055
0,0,0.003718238
1,1,0.5436772
0,0,0.0068232925
0,0,0.0040450105
0,0,0.0035614038
0,0,0.008044447
1,1,0.72742045
0,0,0.0061732065
1,1,0.6823726
0,0,0.0035430288
0,0,0.0026429594
1,1,0.6899894
1,1,0.9929738
1,1,0.68118024
0,0,0.0025802134
0,0,0.0048093535
0,0,0.010372835
0,0,0.011983187
1,1,0.9864775
0,0,0.034621775
1,1,0.55054253
0,0,0.025581606
0,0,0.015686132
1,1,0.9974868
0,0,0.08593414
0,0,0.0032693972
0,0,0.0061828
0,0,0.0027642907
1,1,0.9975527
1,1,0.6128524
0,0,0.0026325665
1,1,0.62613326
1,1,0.5128585
1,1,0.56331664
0,0,0.0032901524
1,1,0.6355375
0,0,0.005924519
0,0,0.017256817
0,0,0.0888047
0,0,0.0043227132
1,1,0.9459952
0,0,0.003743263
1,1,0.8309596
1,1,0.54813254
1,1,0.9953536
0,0,0.057802405
0,0,0.0030096364
1,1,0.996965
0,0,0.006223563
0,0,0.0030893392
1,1,0.63916373
1,1,0.9463635
1,1,0.9910641
0,0,0.22055002
1,1,0.8204032
1,1,0.5587566
0,0,0.0027722954
0,0,0.0030642804
1,1,0.8513534
1,1,0.99572796
0,0,0.00475033
1,1,0.99719894
0,0,0.10981779
1,1,0.5526777
1,1,0.9935423
0,0,0.0051865205
0,0,0.44867826
0,0,0.16643092
1,1,0.52895945
0,0,0.02150386
0,0,0.00836011
1,1,0.6333023
0,0,0.035418108
1,1,0.86020094
1,1,0.6241162
1,1,0.7484464
1,1,0.9967614
1,1,0.9093354
0,0,0.003027052
1,1,0.66927034
1,1,0.9956534
1,1,0.99680734
0,0,0.00462809
0,0,0.021608805
1,1,0.6023265
0,0,0.003414961
1,1,0.7763232
0,0,0.3037335
0,0,0.25184965
0,0,0.0235159
1,1,0.84453964
1,1,0.9964618
1,1,0.6507623
1,1,0.95260304
1,1,0.77306676
1,1,0.99653566
0,0,0.4402598
0,0,0.005191678
1,1,0.70481026
0,0,0.28631303
1,1,0.9972435
0,0,0.0027490777
1,1,0.9831592
0,1,0.54664963
0,0,0.020413788
1,1,0.9563921
1,1,0.6885686
1,1,0.97670865
0,0,0.0028686617
0,0,0.0042895605
0,0,0.0032813062
0,0,0.0047740126
0,0,0.008618681
1,1,0.6976756
0,0,0.0025144517
1,1,0.61029637
1,1,0.64041024
1,1,0.9967429
1,1,0.94612175
1,1,0.8915623
0,0,0.013352441
1,1,0.99184275
1,1,0.93213403
1,1,0.9525197
1,1,0.6195037
0,0,0.03534188
0,0,0.37755027
0,0,0.0036579552
0,0,0.005634044
1,1,0.64813584
0,0,0.10481924
1,1,0.65609527
0,0,0.0039395816
0,0,0.002993559
0,0,0.016346123
1,1,0.66414666
0,0,0.049527507
0,0,0.0071302205
1,1,0.96058035
0,0,0.09429798
1,1,0.6606076
1,1,0.8583537
0,0,0.0024699278
1,1,0.9947973
0,0,0.0031307153
1,1,0.99342936
1,1,0.61795515
0,0,0.0074021453
0,0,0.0025306898
1,1,0.65853316
0,0,0.0025657755
1,1,0.97414804
1,1,0.99422073
0,0,0.0039230194
0,0,0.3015321
1,0,0.42254543
1,1,0.68044335
1,0,0.05383641
1,1,0.5634641
1,1,0.95843506
0,0,0.0042446395
0,0,0.28827676
0,0,0.0043359464
1,1,0.9971136
0,0,0.0067043486
0,0,0.003975492
1,1,0.69257927
1,1,0.63187677
0,0,0.0023957733
0,0,0.005915178
0,0,0.028318293
0,0,0.004866173
0,0,0.0050608986
1,1,0.5965118
0,0,0.0064505413
0,0,0.009105067
1,1,0.8433656
1,1,0.71541166
1,1,0.68267953
0,0,0.4489996
0,0,0.038501874
0,0,0.0025332381
0,0,0.003137974
0,0,0.013421511
1,1,0.5648657
1,1,0.997521
1,1,0.96081626
0,0,0.0055011963
1,1,0.9947418
0,0,0.029587172
0,0,0.07113187
1,1,0.9910585
0,0,0.06914024
1,1,0.9970155
0,0,0.059422832
1,1,0.99591714
1,1,0.64224845
0,0,0.03070064
1,1,0.814594
1,1,0.65777826
1,1,0.8680967
0,0,0.1012278
0,0,0.0031826228
0,0,0.003519291
0,0,0.09837004
0,0,0.0030523632
1,1,0.92965305
0,0,0.0025718305
1,1,0.65972096
1,1,0.99661887
0,0,0.0044951397
1,1,0.9966702
1,1,0.56365013
1,1,0.9896403
1,1,0.98416674
1,1,0.5962811
1,1,0.6261484
1,1,0.9676512
1,1,0.97939247
1,1,0.997018
0,0,0.0046531837
0,0,0.003661836
0,0,0.00631892
0,0,0.002618083
0,0,0.03410129
0,0,0.0054385765
0,1,0.5223478
1,1,0.863813
0,1,0.6938028
0,0,0.1742366
0,0,0.0038274098
1,1,0.9967175
0,0,0.20743129
1,1,0.9377331
1,1,0.66499335
1,1,0.70653176
1,1,0.99219984
1,1,0.69582826
1,1,0.9928033
1,1,0.9961606
0,0,0.0032059115
1,1,0.7200182
0,0,0.038796898
1,1,0.66331345
0,0,0.0050638164
1,1,0.65736747
0,0,0.003727275
1,1,0.9587857
0,0,0.051125262
1,1,0.6561362
0,0,0.016158238
1,1,0.5878071
1,1,0.6507528
0,1,0.6165733
0,0,0.005062719
1,1,0.666557
0,0,0.01635479
0,0,0.022467231
1,1,0.57542586
0,0,0.004201849
1,1,0.54779845
0,0,0.0036767093
0,0,0.045841992
1,1,0.96977824
0,0,0.033340197
1,1,0.9960354
1,1,0.881441
1,1,0.9584386
0,0,0.023670752
1,1,0.9097483
0,0,0.02167868
0,0,0.0055994703
1,1,0.5877818
1,1,0.69706607
1,1,0.6388785
0,0,0.0040264763
1,1,0.99004984
0,0,0.0027801448
0,0,0.115129754
1,1,0.9970124
0,0,0.033608854
0,0,0.00552733
0,0,0.014433588
1,1,0.74729115
1,1,0.5980205
1,0,0.21613236
0,0,0.008423645
1,1,0.9938651
1,1,0.9869349
1,1,0.9969908
0,0,0.0070750713
1,1,0.8439916
0,0,0.0030425466
1,1,0.9905861
0,0,0.0053893984
0,0,0.0030755734
0,0,0.029370626
1,1,0.8298656
0,0,0.29656133
1,1,0.7008362
1,1,0.9699489
1,1,0.9611488
1,1,0.99496955
1,1,0.62240094
0,0,0.10864087
0,0,0.0027249448
0,0,0.013105191
0,0,0.0025982328
0,1,0.5677707
0,0,0.05256702
1,1,0.69961274
1,1,0.9700856
0,0,0.020796185
1,1,0.6959848
1,1,0.58356875
0,0,0.09992449
0,0,0.005717481
0,0,0.15502855
0,0,0.0027553313
0,1,0.6395255
0,0,0.009224611
1,1,0.9515617
0,0,0.0031485076
0,0,0.005282574
0,0,0.16624238
1,1,0.9941989
1,1,0.8836228
1,1,0.9599418
1,1,0.996121
1,1,0.95475006
0,0,0.0034779464
1,1,0.9832602
1,1,0.97670984
0,0,0.0036897175
1,1,0.61711395
0,0,0.0031315458
0,0,0.009452742
0,1,0.75495964
1,1,0.9600021
1,1,0.99408215
1,1,0.9746616
1,1,0.5915686
0,0,0.00726855
1,1,0.574808
1,1,0.5757084
1,1,0.98427445
1,1,0.9969168
1,1,0.87827367
1,1,0.87098235
1,1,0.98116803
1,1,0.6471019
0,0,0.043319937
0,0,0.0030034948
1,1,0.66851115
1,1,0.9964438
1,1,0.6196028
0,0,0.0025842965
0,0,0.019565137
1,1,0.68672603
1,1,0.67317396
1,1,0.9498615
1,1,0.89253664
0,0,0.0046288664
1,1,0.92704225
1,1,0.80567884
1,1,0.9970132
1,1,0.67943686
1,1,0.99745375
0,0,0.02645906
1,1,0.7988287
1,1,0.99420255
0,0,0.0058341143
0,0,0.008459031
1,1,0.58458763
0,0,0.020065177
0,0,0.017915063
1,1,0.61054426
0,0,0.0032533987
1,1,0.72991514
0,0,0.0047744317
0,0,0.036343366
0,0,0.03654092
1,1,0.70879537
0,0,0.0053235227
0,0,0.0071123717
1,1,0.9966528
0,0,0.0030617223
1,1,0.88043594
0,0,0.018671058
1,1,0.9969171
0,0,0.051788516
0,0,0.0036353804
1,1,0.6161021
1,1,0.61300224
0,0,0.004824174
0,0,0.02047151
0,0,0.21906616
0,0,0.004110156
1,1,0.6550857
0,0,0.0060069175
0,0,0.021532923
1,1,0.9483723
0,0,0.0041103647
1,1,0.6550812
1,1,0.972388
1,1,0.6020407
0,0,0.015267687
0,0,0.0069340104
1,1,0.9967186
0,0,0.026252845
0,0,0.052948948
1,1,0.9311721
0,0,0.08171917
0,0,0.0060248235
1,1,0.99670947
1,1,0.95554304
1,1,0.9812788
0,0,0.0027066346
1,1,0.9790299
1,1,0.99710494
1,1,0.8793503
0,0,0.044418395
1,1,0.66249055
0,0,0.0032816473
1,1,0.6465836
0,0,0.0059578484
0,0,0.0042683375
1,1,0.99733293
0,0,0.0027257276
0,0,0.003036842
0,0,0.0074197743
1,1,0.98919934
0,0,0.021309659
0,0,0.007659472
0,0,0.0051334607
1,1,0.9967769
1,1,0.92357284
1,1,0.996154
0,0,0.014394359
1,1,0.9599841
1,1,0.8037408
0,0,0.44203523
1,1,0.99704725
0,0,0.18097223
0,0,0.018741414
0,0,0.008720333
1,1,0.99727863
0,0,0.10194059
1,1,0.99074125
0,0,0.0035354914
0,1,0.5301436
0,0,0.0072205844
0,0,0.0025531435
0,0,0.24463117
0,0,0.003390921
0,0,0.013529794
0,1,0.6321592
0,0,0.41058666
0,0,0.0025350365
0,0,0.016915279
0,0,0.00285982
0,0,0.021282537
1,1,0.9971673
0,0,0.0048243618
0,0,0.010081141
1,1,0.6521311
1,1,0.71172047
0,0,0.047783908
0,0,0.1822389
0,0,0.030024586
1,1,0.5929654
1,1,0.9889604
0,0,0.005166966
0,0,0.006114722
0,0,0.0031757548
1,1,0.67613566
1,1,0.62284833
1,1,0.9734499
1,1,0.65439516
1,1,0.99707365
1,1,0.9968093
0,0,0.0031764733
0,0,0.003800118
0,0,0.010157386
0,0,0.04900879
1,1,0.98596954
0,0,0.13335618
1,1,0.69209796
0,0,0.004502112
1,1,0.9908738
1,1,0.9916545
0,1,0.52843785
0,0,0.39040783
1,1,0.65019363
0,0,0.004320641
0,0,0.0028575314
0,0,0.003607298
1,1,0.70016116
1,1,0.73808634
0,0,0.3790488
0,0,0.008779723
0,0,0.15985346
1,1,0.61185807
1,1,0.99703896
0,1,0.6289159
0,0,0.0031507623
0,0,0.0070815966
0,0,0.0042902716
1,1,0.63980603
1,1,0.63096803
1,1,0.9831201
1,1,0.63114816
1,1,0.85917944
1,1,0.98836154
0,0,0.019132348
0,1,0.56807613
0,0,0.016621416
0,0,0.0105057685
0,0,0.009177017
0,0,0.0027595111
1,1,0.5147217
0,0,0.003009186
0,0,0.010342477
0,0,0.11052827
0,0,0.0036629324
1,1,0.72199094
0,0,0.0027447648
0,0,0.008691781
0,0,0.01470639
0,0,0.004298682
1,1,0.5951977
1,1,0.9968238
0,0,0.003066089
1,1,0.996646
0,0,0.003914084
0,0,0.0025339974
1,1,0.9699346
0,0,0.008785609
0,0,0.0070218756
1,1,0.69813716
1,1,0.93772566
1,1,0.99696785
0,0,0.025576632
0,0,0.002984351
0,0,0.006949927
0,0,0.0031154794
0,0,0.003554932
0,0,0.012806938
0,0,0.024780726
0,0,0.0026693856
1,1,0.6688438
0,0,0.0035315794
1,1,0.7738159
0,0,0.0040983465
0,0,0.11579946
0,0,0.004846456
0,0,0.008497801
0,0,0.0035663226
1,1,0.9828441
1,1,0.99683565
1,1,0.997701
1,1,0.99219054
0,0,0.0043180347
1,1,0.991531
1,1,0.75231695
1,1,0.90997034
1,1,0.6452125
1,1,0.99631846
0,0,0.07762681
1,1,0.9961571
1,1,0.9954333
1,1,0.6478629
0,0,0.005461499
0,0,0.0036054372
0,0,0.005513513
1,1,0.916445
0,0,0.0034075237
1,1,0.9971944
1,1,0.86992466
0,0,0.00924279
1,1,0.7768792
0,0,0.009127622
0,0,0.003896525
1,1,0.6408899
1,1,0.74958307
1,1,0.9973246
1,1,0.9309681
0,0,0.0053646266
0,0,0.022653468
0,0,0.0035286373
1,1,0.66372466
0,0,0.0046944963
0,0,0.0027345119
1,1,0.9969584
0,0,0.006804386
0,0,0.23559475
0,0,0.008916717
1,1,0.99739194
0,0,0.028919477
0,0,0.003287569
1,1,0.9926944
0,0,0.0042927708
1,1,0.9923476
0,0,0.006163689
0,0,0.0031148293
1,1,0.637061
0,0,0.07058587
1,1,0.9892663
0,0,0.0032890392
1,1,0.98595923
1,1,0.96953523
1,1,0.8008527
1,1,0.99770063
0,0,0.003329965
1,1,0.9931162
0,0,0.0027850778
0,0,0.002558121
0,0,0.0037236915
0,0,0.25053272
1,1,0.99663097
0,0,0.006257917
0,0,0.00470577
1,1,0.57959104
0,0,0.00369532
1,1,0.85723203
1,1,0.5691803
0,0,0.009946801
1,1,0.9969156
1,1,0.83712494
1,1,0.6214557
1,1,0.6193741
0,0,0.004168144
1,1,0.94614613
1,1,0.6179423
0,0,0.0040625874
0,0,0.023190906
0,0,0.0026348298
1,1,0.9955609
0,0,0.002804632
0,0,0.012147834
0,0,0.0052524647
1,1,0.697506
0,0,0.0057687727
1,1,0.59735584
0,0,0.0031222354
0,0,0.023151228
0,0,0.002809954
0,0,0.02951034
1,1,0.62134314
0,0,0.009650419
1,1,0.7647342
0,0,0.025783543
0,0,0.004541483
1,1,0.99465704
0,0,0.23900022
1,1,0.62235004
0,0,0.26455092
1,1,0.55778193
0,0,0.20799077
0,0,0.002616123
1,1,0.67584974
1,1,0.5628462
0,0,0.0030853122
1,0,0.47945702
0,0,0.019822266
0,0,0.2368047
1,1,0.6971616
1,1,0.683527
0,0,0.003340139
1,1,0.99729055
1,1,0.7853793
0,0,0.032485485
0,0,0.003444241
0,0,0.0025810539
0,0,0.0024078349
0,0,0.057660975
0,0,0.0027948683
0,0,0.01342556
1,1,0.88208526
1,1,0.99727196
0,0,0.008486295
1,1,0.9884477
1,1,0.63011634
0,0,0.002719676
0,0,0.0039268425
0,0,0.36975965
1,1,0.53189504
1,1,0.96513057
0,0,0.0030326508
0,0,0.027170714
0,0,0.22579743
1,1,0.69061804
1,1,0.75183684
1,1,0.99006253
0,0,0.01571508
1,1,0.6345052
1,1,0.99505156
0,0,0.015698964
1,1,0.62348986
1,1,0.5911246
1,1,0.69941694
1,1,0.77852386
1,1,0.6835662
1,1,0.9969554
0,0,0.14633541
0,0,0.008613344
0,0,0.32728407
0,0,0.0034634236
0,0,0.03463728
0,0,0.0027768896
1,1,0.86799014
0,0,0.010149824
0,0,0.01156803
0,0,0.00647953
1,1,0.7184919
0,0,0.009626812
0,0,0.2785334
1,1,0.91623324
1,1,0.6929364
1,1,0.6696313
0,0,0.0040053213
1,1,0.99657357
0,0,0.0060216635
1,0,0.18560725
1,1,0.9820696
0,0,0.0033525417
0,1,0.5277875
1,1,0.7877015
1,1,0.94577533
0,0,0.0047566737
1,1,0.9965996
1,1,0.91841424
1,1,0.9758957
1,1,0.96393114
0,0,0.020141536
1,1,0.9863788
0,0,0.005062352
1,1,0.95415044
0,0,0.029731497
0,0,0.0037831853
1,1,0.6362986
1,1,0.68111026
1,1,0.9506059
1,1,0.9972173
1,1,0.7084699
1,1,0.6496607
0,0,0.013464918
0,0,0.07881756
0,0,0.004619121
1,1,0.9631459
1,1,0.9979627
1,1,0.68904835
0,0,0.20977919
0,0,0.08058876
1,1,0.88561225
0,0,0.003115025
1,1,0.9348044
0,0,0.4801811
0,0,0.0028442482
1,1,0.996894
1,1,0.5081032
1,1,0.6181928
1,1,0.99727744
1,1,0.99757594
1,1,0.9845576
0,0,0.011672078
1,1,0.9885151
1,1,0.9938699
1,1,0.64412457
0,0,0.0029370289
1,1,0.99709296
0,0,0.003013068
0,0,0.0026686722
1,1,0.97741735
0,0,0.015247076
0,0,0.003775487
1,1,0.84644717
1,1,0.99720556
0,0,0.4394124
0,0,0.0032185107
0,0,0.43476653
0,0,0.38866
1,1,0.99693215
1,1,0.6454096
1,1,0.9968732
1,1,0.996506
0,0,0.18090901
0,0,0.009710265
1,1,0.985628
1,1,0.99673563
1,1,0.60125333
0,0,0.008064799
1,1,0.936635
0,0,0.009504274
1,1,0.8265733
0,0,0.0052227243
0,0,0.0032896865
0,0,0.048342474
0,0,0.085179456
1,1,0.9957736
1,1,0.5902259
1,1,0.5756283
0,0,0.0030094034
1,1,0.77906096
0,0,0.008632058
1,1,0.9970362
1,1,0.9514081
0,0,0.062267665
1,1,0.99721056
0,0,0.012127937
0,1,0.9870869
1,1,0.9746286
1,1,0.66429174
0,0,0.4234443
1,1,0.9888315
0,0,0.017038073
1,1,0.9967892
1,1,0.6162921
1,1,0.8175371
0,0,0.008024313
1,1,0.9042926
0,0,0.1594049
1,1,0.9954762
1,1,0.63322264
1,1,0.9711213
0,0,0.014768595
0,0,0.4190831
0,0,0.037893854
0,1,0.5892218
0,0,0.0027880538
0,1,0.98647666
1,1,0.9229028
1,1,0.98651993
1,1,0.7162771
0,0,0.098225616
1,1,0.9966683
0,0,0.0032824026
0,0,0.003690461
1,1,0.93113685
1,1,0.56868315
0,0,0.01211477
0,0,0.003328044
1,1,0.9966493
0,0,0.0038932136
0,0,0.0047813742
0,0,0.020043148
1,1,0.9677109
0,0,0.0034380138
1,1,0.6095161
1,1,0.7254535
0,0,0.20206775
1,1,0.65177524
1,1,0.7956812
0,0,0.042389795
1,1,0.71216774
1,1,0.6350159
0,0,0.004855608
1,1,0.8077576
1,1,0.9964155
1,1,0.8061719
0,0,0.006854653
1,1,0.5801283
0,0,0.01775318
0,0,0.0029616484
0,1,0.6365746
1,1,0.9721132
0,0,0.002529227
0,0,0.004944625
1,1,0.7859291
1,1,0.88424355
0,0,0.11766018
1,1,0.67419785
1,1,0.5360304
0,0,0.0033376876
0,0,0.0034339516
0,0,0.052656155
0,0,0.14887044
0,0,0.08419266
1,1,0.9290567
0,0,0.36678952
1,1,0.56123364
1,1,0.99703825
0,0,0.0097612385
0,0,0.0054917145
1,1,0.5774775
0,0,0.32623532
0,0,0.0031720358
0,0,0.051869996
0,0,0.0035613952
1,1,0.67860585
1,1,0.8001302
1,1,0.61463577
1,1,0.99529785
1,1,0.9506625
1,1,0.63138837
1,1,0.9733508
1,1,0.72096324
0,0,0.00500729
1,1,0.9435685
1,1,0.5696106
1,1,0.996516
1,1,0.7584175
1,1,0.6213153
1,1,0.6511469
0,0,0.29974365
1,1,0.9692712
1,1,0.635512
0,0,0.0028608972
1,1,0.69659615
0,0,0.007402208
0,0,0.007627069
0,0,0.0049525634
0,0,0.14436162
1,1,0.7901483
0,0,0.39615223
0,0,0.4065994
1,1,0.6789158
1,1,0.9691123
0,0,0.005863348
0,0,0.0027460544
1,1,0.95500433
0,1,0.7061644
0,0,0.14841972
1,1,0.99650866
0,0,0.00322114
0,0,0.29661652
1,1,0.9956779
0,0,0.002931602
0,0,0.0029975092
1,1,0.71852595
1,1,0.69802535
1,1,0.6011274
1,1,0.9972681
1,1,0.5852616
0,0,0.0057590012
0,0,0.019586073
0,0,0.017442355
1,1,0.6924036
1,1,0.6786432
0,0,0.005770173
1,1,0.91340375
1,1,0.92100424
0,0,0.032609686
0,0,0.21339972
1,1,0.59796184
0,0,0.003925092
1,1,0.7024638
0,0,0.017643431
1,1,0.9975776
0,0,0.14007804
0,0,0.007530213
1,1,0.61627585
0,0,0.013112555
0,0,0.003452273
1,1,0.98725754
0,0,0.0028157816
1,1,0.9953017
0,0,0.013744752
0,0,0.049117226
1,1,0.9955778
0,0,0.011858825
1,1,0.9869686
1,1,0.99701405
1,1,0.99192894
0,0,0.0033791582
1,1,0.7310628
1,1,0.7769624
1,1,0.9971866
0,0,0.009614363
0,0,0.0066827014
1,1,0.9973176
1,1,0.88375914
0,0,0.01887971
1,1,0.8542985
1,1,0.76286674
0,0,0.06497069
0,0,0.045823246
1,1,0.91491216
0,0,0.0028292104
1,1,0.89843476
0,0,0.0041010804
0,0,0.047146246
0,0,0.07121938
0,0,0.23042144
1,1,0.5272582
1,1,0.98666984
0,0,0.0028620458
1,1,0.5271194
0,0,0.30125564
0,0,0.002716937
0,0,0.0070001716
0,0,0.0035474692
0,0,0.002659416
1,1,0.9975097
1,1,0.59739834
0,0,0.021600258
0,0,0.049776196
1,1,0.87278116
0,0,0.061011333
0,0,0.0032040137
1,1,0.9549892
1,1,0.92323333
1,1,0.6236974
1,1,0.9743037
1,1,0.98801893
0,0,0.123280644
1,1,0.6284764
0,0,0.06415565
0,0,0.0052886107
1,1,0.70954347
1,1,0.99596584
0,0,0.002961007
1,1,0.9175762
1,1,0.65370613
1,1,0.5206449
0,0,0.0050582653
0,0,0.0025878563
1,1,0.8480898
0,0,0.2086408
1,1,0.5373931
0,0,0.009408412
0,0,0.42983344
1,1,0.9158334
0,0,0.004462809
0,0,0.0038325072
0,0,0.005129622
1,1,0.65884787
1,1,0.7159335
1,1,0.9966409
1,1,0.6449094
0,0,0.0046748994
1,1,0.9357848
1,1,0.6879086
1,1,0.77416044
1,1,0.68994725
1,1,0.9968694
1,1,0.57923055
1,1,0.97146195
1,1,0.68227184
0,0,0.09988042
0,0,0.11016538
0,0,0.011314139
0,0,0.005148572
0,0,0.07194787
0,0,0.0068016667
1,1,0.9149864
0,0,0.0027310085
0,0,0.0043347315
0,0,0.0033372338
1,1,0.99545974
1,1,0.9971942
1,1,0.98496556
1,1,0.9623642
1,1,0.9927463
1,1,0.9958567
0,0,0.015339767
0,0,0.020927435
0,0,0.018535025
1,1,0.948629
0,0,0.0040728566
0,0,0.0046749525
1,1,0.73876035
1,1,0.991999
0,1,0.72454023
0,0,0.19005674
0,0,0.003063813
1,1,0.6984824
0,0,0.0024959096
0,0,0.0035973678
1,1,0.7959135
1,1,0.6646536
1,1,0.6997487
0,0,0.0034096031
0,0,0.0024659906
0,0,0.13296638
1,1,0.9967007
0,0,0.0024886841
1,1,0.9157847
0,0,0.0034802707
1,1,0.9764456
0,0,0.0027819686
1,1,0.96840435
0,0,0.026146602
0,0,0.015649544
1,1,0.99580485
0,0,0.0043052547
0,0,0.0035201234
1,1,0.5895082
1,1,0.9829437
1,1,0.9698352
0,0,0.012991306
1,1,0.98496103
0,0,0.008331739
0,0,0.049015865
0,0,0.002805875
0,0,0.0045507164
1,1,0.69704956
0,0,0.005741428
0,0,0.16851877
0,0,0.4517655
1,1,0.6443265
0,0,0.340618
1,1,0.6603923
0,0,0.0033474884
1,1,0.68969625
0,1,0.5446345
0,0,0.047403645
1,1,0.7816429
1,1,0.6243274
0,0,0.009903095
0,0,0.01989028
0,0,0.014373491
0,0,0.010177451
1,1,0.9550353
1,1,0.9959565
0,0,0.27398235
1,1,0.8438857
0,0,0.0073397644
0,0,0.003992502
0,0,0.0032049182
0,0,0.007428953
0,0,0.009470107
0,1,0.5425906
0,0,0.0033516495
0,0,0.003597147
0,0,0.009663177
1,1,0.92021954
0,0,0.018483568
1,1,0.64789546
0,0,0.04724839
1,1,0.99008894
0,0,0.004276127
0,0,0.009375989
0,0,0.41153094
1,1,0.99738103
1,1,0.9856653
1,1,0.9949986
1,1,0.6325625
0,0,0.006247443
0,0,0.023782441
1,1,0.7007578
1,1,0.99265385
0,0,0.020837156
0,0,0.32476124
1,1,0.9600775
1,1,0.97980577
0,0,0.004566714
0,0,0.0032935617
0,0,0.008578495
0,0,0.004329257
1,1,0.9965995
1,1,0.65565974
1,1,0.9880332
1,1,0.7550876
1,1,0.72465175
0,0,0.025543472
1,1,0.6009363
0,0,0.024217932
0,0,0.0027309044
0,0,0.45741472
1,1,0.64940333
1,1,0.97461855
1,1,0.6060367
1,1,0.9973441
0,0,0.0030279732
1,1,0.9816906
0,0,0.0033038289
1,1,0.9954483
0,0,0.0036767686
1,1,0.9972574
1,1,0.58061403
0,0,0.0030006804
0,0,0.0028702712
1,1,0.99690884
0,0,0.0928962
1,1,0.59741443
0,0,0.059899367
1,1,0.9940732
0,0,0.002730642
1,1,0.6431364
0,0,0.059871223
1,1,0.72171307
0,0,0.003403445
0,0,0.019461654
0,0,0.006889298
1,1,0.99694735
0,0,0.0026910822
1,1,0.93458325
0,0,0.1163371
0,0,0.09295945
0,1,0.756736
0,0,0.004943602
1,1,0.6909117
1,1,0.99696153
0,0,0.056488756
1,1,0.9957912
0,0,0.06772187
0,0,0.0042018252
1,1,0.6967288
0,0,0.094097905
1,1,0.6114028
0,0,0.0035006213
1,1,0.997262
0,1,0.55284524
1,0,0.42358375
1,1,0.6393503
1,1,0.98517007
0,0,0.2375827
0,0,0.008417506
0,0,0.070592426
1,1,0.6719872
1,1,0.9909464
0,0,0.01097527
0,0,0.01198339
0,1,0.5102681
1,1,0.99673116
0,0,0.0032509845
0,0,0.004260223
1,1,0.6305187
0,0,0.004546459
1,1,0.99409926
0,0,0.14613424
1,1,0.97776026
0,0,0.025630645
1,1,0.7064043
0,0,0.053158354
0,0,0.003677609
0,0,0.47449738
0,0,0.023221778
0,0,0.06013235
0,0,0.008554731
1,1,0.9149803
0,0,0.027823584
0,0,0.0031095538
1,1,0.63101655
1,1,0.7620351
1,1,0.99601847
0,0,0.0074173976
1,1,0.9812666
0,0,0.0026969109
0,0,0.016784128
1,1,0.5267802
1,1,0.9967404
1,1,0.9730583
0,0,0.007299084
1,1,0.9920163
1,1,0.98443884
1,1,0.97349757
0,0,0.01295747
1,1,0.6806926
0,0,0.10271313
0,0,0.011867243
1,1,0.8928063
1,1,0.81361294
0,0,0.008238634
0,0,0.004782162
0,0,0.2888179
0,0,0.0037404294
0,0,0.0528809
1,1,0.68540585
1,1,0.99274784
1,1,0.5967341
1,1,0.910893
1,1,0.58741045
1,1,0.6619884
0,0,0.0027331782
0,0,0.0055117747
0,0,0.0033690662
0,0,0.0049452563
1,1,0.9967097
1,1,0.6463081
0,0,0.012423855
1,1,0.63553584
0,0,0.007185779
1,1,0.9777996
1,1,0.5184664
0,0,0.12169541
0,0,0.0035956623
0,0,0.1273635
1,1,0.97478205
1,1,0.9965927
1,1,0.6631566
0,0,0.0031804526
0,0,0.0036772056
1,1,0.73215365
1,1,0.9944336
0,0,0.0048940275
1,1,0.84569144
0,0,0.0029224101
1,1,0.9968382
1,1,0.7093657
0,0,0.005042428
1,1,0.9241756
0,0,0.0034013726
0,0,0.3283001
1,1,0.67329574
1,1,0.9704865
1,1,0.9125481
1,1,0.5948791
0,0,0.0025369457
0,0,0.0029701034
0,0,0.0030007274
1,1,0.9969959
0,0,0.0036402058
0,0,0.00469919
1,1,0.7002318
0,0,0.0027051857
1,1,0.60899866
0,0,0.0031975098
0,0,0.009625599
1,1,0.7148637
1,1,0.70335096
0,0,0.0031878597
0,0,0.004456109
0,0,0.008852078
1,1,0.90402246
1,1,0.996761
1,1,0.995109
0,0,0.0071244673
0,0,0.0055735265
0,0,0.009431918
0,0,0.0053481897
1,1,0.6623378
0,0,0.02793236
0,0,0.0027800158
1,1,0.6588761
1,1,0.64148617
0,0,0.094697766
0,0,0.0054575866
0,0,0.0040954514
1,1,0.7510488
0,0,0.09877092
1,1,0.74634665
1,1,0.5807681
0,0,0.01746661
1,1,0.8981624
1,1,0.7266007
1,1,0.7627679
1,1,0.7965173
1,1,0.9881241
1,1,0.9895051
0,0,0.028743954
1,1,0.6051422
0,0,0.003035872
0,0,0.003853573
0,0,0.004210887
1,1,0.9353753
1,1,0.99713767
1,1,0.993569
1,1,0.99196285
0,0,0.06977019
0,0,0.010492001
1,1,0.87671727
0,0,0.018834153
1,1,0.59993124
1,1,0.71837443
1,1,0.61380035
0,0,0.0034492754
1,1,0.90487957
1,1,0.75339305
1,1,0.7530065
1,1,0.9972144
1,1,0.5844684
1,1,0.62281954
1,1,0.9600221
1,1,0.69093674
0,0,0.057488136
0,0,0.010236599
0,0,0.0028920881
0,0,0.0028741253
0,0,0.008313364
0,0,0.0038004862
1,1,0.95720154
1,1,0.984126
0,0,0.0026788113
0,0,0.010370428
0,0,0.030724747
1,1,0.95286405
1,1,0.9964024
1,1,0.66087854
1,1,0.9896438
0,0,0.004976047
1,1,0.99823004
1,1,0.64032984
1,1,0.8805512
0,0,0.003386521
1,1,0.99638414
0,0,0.03396319
0,0,0.041974373
0,0,0.2148331
0,0,0.0053015556
0,0,0.003280974
0,0,0.005105454
1,1,0.99103326
1,1,0.8362138
0,0,0.003109854
0,0,0.1789309
0,0,0.0044394056
0,0,0.0054293685
0,0,0.030257534
1,1,0.7642183
0,0,0.0033930743
1,1,0.6725382
1,1,0.6368097
1,1,0.9960794
0,0,0.39434403
1,1,0.9907402
1,1,0.9472009
0,0,0.0035360693
0,0,0.0064794105
0,0,0.017335718
0,0,0.097066134
1,1,0.7397754
1,1,0.6572324
0,0,0.499922
1,1,0.95082587
0,0,0.16067359
0,0,0.003873593
0,0,0.0033733966
0,0,0.0028068412
1,1,0.6020981
0,0,0.011049414
1,1,0.990738
1,1,0.99468493
1,1,0.62457055
0,0,0.18583673
0,1,0.81544495
1,1,0.9900148
0,0,0.0027652252
1,1,0.8544309
1,1,0.9974341
0,1,0.56744874
1,1,0.8257346
0,0,0.0031326597
0,0,0.0040112985
0,0,0.020741412
0,0,0.006558219
1,1,0.6429617
1,1,0.66534245
1,1,0.8864886
1,1,0.9964568
1,1,0.9384153
0,0,0.0031116419
1,1,0.9972464
0,0,0.02349171
1,1,0.99097943
0,0,0.00648739
0,0,0.003010182
0,0,0.009956394
1,1,0.6615248
1,1,0.6260473
0,0,0.15447181
0,0,0.004833346
0,0,0.006276564
0,1,0.9456095
0,0,0.03534058
0,0,0.1059323
1,1,0.9557317
0,0,0.0029205256
0,0,0.0050169732
1,1,0.7401156
0,0,0.05920271
1,1,0.99421483
1,1,0.92487645
0,0,0.0167964
0,0,0.030718923
1,1,0.7519256
0,0,0.0060016722
1,1,0.7994606
1,1,0.71073574
0,0,0.025722053
1,1,0.6411369
1,1,0.9773217
0,0,0.0032815572
0,0,0.48790127
1,1,0.9966181
1,1,0.6505078
0,0,0.009071075
1,1,0.69188505
1,1,0.85766685
0,0,0.0047061313
0,0,0.027221372
0,0,0.003651954
0,0,0.018663125
1,1,0.9457536
0,0,0.0035723096
0,0,0.012784355
1,1,0.9966934
1,1,0.6169901
0,0,0.0029374997
0,0,0.03787682
1,1,0.9271367
0,0,0.07917292
0,1,0.559068
0,0,0.028918093
0,0,0.03710011
0,0,0.49897853
1,1,0.6346995
0,0,0.0027165506
0,0,0.009186079
0,0,0.003256982
0,0,0.27762428
0,0,0.010191738
0,0,0.003569666
1,1,0.6714713
0,0,0.027865045
1,1,0.6774284
1,1,0.5904774
1,1,0.99678826
0,0,0.0036859731
1,1,0.5541487
1,1,0.88629365
1,1,0.5846719
0,0,0.0027681747
1,1,0.75377256
0,0,0.0032466624
1,1,0.85802835
1,1,0.99648064
1,1,0.5554884
1,1,0.6789299
0,0,0.27707842
1,1,0.7359642
0,0,0.083558895
1,1,0.99708396
1,1,0.99733514
1,1,0.60740274
0,0,0.0033688038
0,0,0.38999274
1,1,0.7451733
0,0,0.0031214652
0,0,0.003426945
0,0,0.0047241095
0,0,0.012295279
1,1,0.70600915
1,1,0.9151003
1,1,0.9917796
1,1,0.96009296
1,1,0.9928306
0,0,0.0062780874
1,1,0.91788614
0,0,0.0039432147
1,1,0.8707498
1,1,0.9937636
0,0,0.006343633
0,0,0.23775658
1,1,0.58251584
0,0,0.0049496205
1,1,0.9875265
0,0,0.0030715596
1,1,0.99685645
1,1,0.9976433
1,1,0.98210967
1,1,0.63392586
0,0,0.0045123026
1,1,0.9539542
0,0,0.0062780036
1,1,0.9874154
1,1,0.9799891
0,0,0.0025271706
1,1,0.99708194
0,0,0.003469215
1,1,0.98995703
0,0,0.0059918007
0,0,0.013421511
0,0,0.0075788265
0,0,0.004141966
1,1,0.72307307
0,0,0.21888539
0,0,0.008669623
1,1,0.56714296
1,1,0.87555224
1,1,0.61359745
0,0,0.005536761
0,0,0.0027314236
0,0,0.010857391
1,1,0.60817593
0,0,0.013333652
0,0,0.41576394
0,0,0.15852097
1,1,0.9963707
0,0,0.0038252722
1,1,0.9974125
1,1,0.6682261
1,1,0.6008792
0,0,0.013241082
0,0,0.0027629014
0,0,0.0037522682
0,0,0.0073971227
0,0,0.014505735
0,0,0.030264635
0,0,0.0028730156
1,1,0.68945944
0,0,0.004774085
0,0,0.033580855
1,1,0.90097374
1,1,0.63549984
1,1,0.9651863
0,0,0.032839138
1,1,0.98205435
1,1,0.99758875
1,1,0.9661636
1,1,0.92098594
0,0,0.0060981866
0,0,0.0031222564
1,1,0.6649736
1,1,0.93855643
1,1,0.6123716
0,0,0.0055034617
1,1,0.98546547
1,1,0.60459167
0,1,0.51187974
0,0,0.0211218
1,1,0.9973098
0,0,0.004602664
1,1,0.9309252
1,1,0.9970054
0,0,0.0025464527
0,0,0.0025308896
0,0,0.0033858938
1,1,0.9965718
1,1,0.98212826
1,1,0.99715316
1,1,0.8612279
0,0,0.011997213
1,1,0.99742883
0,0,0.21554646
0,0,0.0030028606
1,1,0.9845064
0,0,0.004041174
1,1,0.6333923
0,0,0.020302549
1,1,0.59503585
0,0,0.0127052665
1,1,0.99743634
0,0,0.006099886
0,0,0.004081232
0,0,0.0030865713
0,0,0.011158862
1,1,0.9168554
1,1,0.72540426
0,0,0.003336317
0,0,0.0027569733
0,0,0.004519252
0,0,0.002511005
1,1,0.9969023
0,0,0.02513486
1,1,0.6590512
0,0,0.1710901
1,1,0.99573696
0,0,0.060810234
1,0,0.46867305
1,1,0.5549392
1,1,0.6076297
1,1,0.6606621
0,0,0.0690508
0,0,0.0032918071
0,0,0.12111724
0,0,0.0046229986
1,1,0.98699796
0,0,0.006257858
0,0,0.0038544734
0,0,0.067008875
0,0,0.0026812062
0,0,0.0042586653
0,0,0.024863549
1,1,0.5644435
0,0,0.060669508
0,0,0.45056623
1,1,0.94845676
0,0,0.05855821
0,0,0.20222425
1,1,0.9100917
1,1,0.6216051
1,1,0.9974043
1,1,0.6387976
1,1,0.66225415
1,1,0.9973756
0,0,0.0033103859
0,0,0.009650235
0,0,0.021320319
1,1,0.98267937
0,0,0.0035273097
0,0,0.0027828272
0,0,0.14577387
1,1,0.98390967
0,0,0.003265332
1,1,0.9738608
0,0,0.0052139913
0,0,0.014530076
1,1,0.9547644
1,1,0.59114695
1,1,0.990095
0,0,0.0025528541
0,0,0.057779633
1,1,0.9971476
1,1,0.69515055
1,1,0.64671236
1,1,0.99289685
1,1,0.81645894
1,1,0.5118539
1,1,0.9410031
1,1,0.9622537
1,1,0.911493
1,1,0.7335549
0,0,0.022132544
1,1,0.60781485
1,1,0.7939355
1,1,0.9970594
1,1,0.6219122
0,0,0.013353798
1,1,0.80046254
0,0,0.040318687
0,0,0.0035489728
1,1,0.6401202
0,0,0.0042681573
1,1,0.98086
1,1,0.7044167
0,0,0.0026969828
1,1,0.9932986
1,0,0.46147987
1,1,0.6752891
1,1,0.9089692
1,1,0.8725909
1,1,0.622684
0,0,0.0044086836
1,1,0.99637824
1,1,0.9646493
0,0,0.0031580257
1,1,0.6420743
0,0,0.0059350487
0,0,0.009852428
0,0,0.07267045
1,1,0.97670585
0,0,0.20824528
1,1,0.66954195
1,1,0.9972573
1,1,0.9971413
0,0,0.015343772
1,1,0.8987779
0,0,0.002716831
0,0,0.008109992
0,0,0.0052830577
0,0,0.0053977584
0,0,0.054694545
1,1,0.80740124
1,0,0.057378326
1,0,0.30176112
0,1,0.59553385
0,0,0.0028241917
0,0,0.44840413
0,0,0.0031875384
1,1,0.7039595
1,1,0.99686986
1,1,0.9947895
1,1,0.901528
0,0,0.005461841
1,1,0.99745995
0,0,0.0029144553
0,0,0.058195014
1,1,0.9946327
0,0,0.43020472
1,1,0.8042899
0,0,0.08662554
0,0,0.32731503
0,0,0.006545023
1,1,0.99533725
1,1,0.63004756
1,1,0.66567343
1,1,0.96325654
0,0,0.0026595981
1,1,0.9564978
1,1,0.99065125
0,0,0.0030289695
0,0,0.40733227
0,0,0.0035012567
1,1,0.5297597
0,0,0.0067850137
0,0,0.0032684729
0,0,0.00360292
0,0,0.013312552
1,1,0.62802917
1,1,0.87055576
1,1,0.9757593
0,0,0.015490983
0,0,0.058229737
1,1,0.9611975
1,1,0.82264364
1,1,0.99360377
0,0,0.007899339
1,1,0.72246975
1,1,0.99040157
0,0,0.062361456
0,0,0.004357172
1,1,0.64386016
1,1,0.91757435
0,0,0.0026953032
0,0,0.3947992
0,0,0.0027667456
1,1,0.9864064
1,1,0.9970661
0,0,0.006332228
1,1,0.9911851
1,1,0.7717585
1,1,0.9872786
1,1,0.6067485
0,0,0.009794036
1,1,0.9948718
1,0,0.3920987
1,1,0.56118447
0,0,0.013042195
0,0,0.033462543
0,1,0.78707415
0,0,0.0039505144
0,0,0.04641745
1,1,0.99630296
1,1,0.9968502
1,1,0.9920506
1,1,0.62176085
0,0,0.0025657876
0,0,0.0042106104
1,1,0.69682527
0,0,0.002957121
0,0,0.12502205
1,1,0.99709964
0,0,0.0039051145
1,1,0.99580437
0,0,0.067156695
1,1,0.6725947
1,1,0.7796858
1,1,0.9717596
1,1,0.96226835
0,0,0.10054341
0,0,0.0040333243
1,1,0.77209765
0,0,0.0027524552
1,1,0.8932939
0,0,0.005658062
1,1,0.96727175
0,0,0.3654913
0,0,0.005195398
0,0,0.24260214
1,1,0.9341068
0,0,0.04588195
0,0,0.054488637
1,1,0.9896338
0,0,0.47248417
0,0,0.0032431507
1,1,0.9910864
1,1,0.9972065
1,1,0.6205441
1,1,0.61104465
1,1,0.6319465
1,1,0.5527869
1,1,0.7292301
1,1,0.7037187
0,0,0.010553899
1,1,0.56874055
1,1,0.9961085
1,1,0.9855444
0,0,0.027498366
0,0,0.01726938
1,1,0.9943457
1,1,0.9450808
0,0,0.47127828
0,0,0.014598608
1,1,0.66798985
0,0,0.012668843
0,0,0.18119942
1,1,0.8308733
0,0,0.05762819
1,1,0.9422527
1,1,0.9632827
1,1,0.9853463
0,0,0.0054636444
0,0,0.005469563
0,0,0.0081112245
0,0,0.12004479
0,0,0.0045270775
1,1,0.98384446
0,0,0.0033441463
0,0,0.0091911405
1,1,0.9972224
1,1,0.96879566
0,0,0.0029938465
0,0,0.004425085
1,1,0.9797412
0,0,0.003247386
0,0,0.09417475
0,0,0.052113995
0,0,0.0036496886
1,1,0.7122095
0,0,0.0044356077
0,0,0.0069658565
1,1,0.9975326
0,0,0.0033212516
1,1,0.72710717
1,1,0.58893055
0,0,0.082941115
1,1,0.9969855
0,0,0.0066664205
0,0,0.007105815
1,1,0.5265733
0,0,0.029773314
0,0,0.01415403
0,0,0.15092601
0,0,0.007853701
0,0,0.0042150314
1,1,0.9640736
0,0,0.24696113
1,1,0.9423721
1,1,0.6202168
0,0,0.0054435153
1,1,0.8548581
1,1,0.62524676
0,0,0.004640921
1,1,0.9973484
0,0,0.0055394317
0,0,0.0035232727
0,0,0.0032301212
0,1,0.56440604
0,0,0.005169629
0,0,0.006019909
1,1,0.6939729
0,0,0.0052917097
0,0,0.0037918251
1,1,0.75653934
1,1,0.6241349
0,0,0.010122228
1,1,0.9944148
1,1,0.684387
0,0,0.15260689
0,0,0.0032224783
1,1,0.64324874
0,0,0.0434381
1,1,0.98449904
0,0,0.002754427
1,1,0.9887581
1,1,0.997018
0,1,0.56315565
1,1,0.6843059
0,0,0.006010426
1,1,0.9563278
1,1,0.9945028
0,0,0.0033186025
1,1,0.9964797
0,0,0.015108318
1,1,0.6755649
0,0,0.062111735
0,0,0.15022747
1,1,0.6532593
1,1,0.9943942
1,1,0.8633347
0,0,0.0031639978
1,1,0.9939985
0,0,0.012197286
0,0,0.011353261
1,1,0.8802259
1,1,0.64103216
0,0,0.0034076918
0,0,0.005832001
0,0,0.041440576
1,1,0.94589615
1,1,0.6685421
0,0,0.27839586
0,0,0.0031036763
1,1,0.62336737
0,0,0.07826695
1,1,0.8257251
1,1,0.6508554
0,0,0.0045482847
0,0,0.0025095574
0,0,0.0025293818
0,0,0.0095596565
0,0,0.0025867806
1,1,0.98920935
1,1,0.8037881
0,0,0.006975042
0,0,0.003415889
1,1,0.8399238
1,1,0.73183674
1,1,0.97460854
1,1,0.9884701
1,1,0.58879507
0,0,0.021140194
1,1,0.95098877
0,0,0.0026779315
1,1,0.7972437
1,0,0.3289066
0,0,0.0067233965
1,1,0.67343354
1,1,0.99259937
0,0,0.0027782444
1,1,0.9910801
0,0,0.44751263
1,1,0.9715371
0,0,0.017952459
1,1,0.99691486
0,0,0.0048356038
1,1,0.996042
0,0,0.05093333
0,0,0.0026190146
1,1,0.6203275
0,0,0.0030487056
1,1,0.96726537
1,1,0.9721325
1,1,0.6569216
0,0,0.008466217
1,1,0.9973132
1,1,0.6325332
1,1,0.6712581
1,1,0.64513373
1,1,0.819534
0,0,0.005226494
1,1,0.9668441
1,1,0.5483842
0,0,0.0046946984
0,0,0.0030693759
0,0,0.0040357886
0,0,0.003051616
0,0,0.0041570077
0,0,0.335449
1,1,0.99534637
0,0,0.07996537
1,1,0.6710397
1,1,0.99429375
1,1,0.86405295
1,1,0.99365884
0,0,0.0028066868
0,0,0.38531536
1,1,0.99717087
1,1,0.9957585
0,0,0.005612077
0,0,0.0029224034
0,0,0.012816858
0,0,0.0057020993
1,1,0.9968644
0,0,0.0029416545
1,1,0.9900713
1,1,0.7737715
0,0,0.008370949
0,0,0.0047665397
1,1,0.99194795
1,1,0.7003153
1,1,0.97286713
1,1,0.70265484
1,1,0.7389601
1,1,0.9971796
1,1,0.92796916
1,1,0.99706656
0,0,0.048073217
1,1,0.97626764
1,1,0.9973254
1,1,0.66097313
1,1,0.9841166
1,1,0.9968623
0,0,0.3576197
0,0,0.009758031
0,0,0.0041946224
0,0,0.03815793
0,0,0.18057846
0,0,0.005777002
0,0,0.09037095
0,0,0.0041377395
0,0,0.015329391
0,0,0.0031398868
0,0,0.0037910792
0,0,0.03426159
1,1,0.9138002
0,0,0.21918663
0,0,0.0062068873
0,0,0.03261969
0,0,0.025000986
1,1,0.6749427
1,1,0.8968529
0,0,0.0037432206
0,0,0.21341442
1,1,0.9970433
1,1,0.72604835
0,0,0.004856994
0,0,0.015510425
1,1,0.8947174
1,1,0.9841509
1,1,0.9466314
1,1,0.9633689
0,0,0.004138022
1,1,0.9784595
0,0,0.003773522
1,1,0.96187335
0,1,0.6068363
1,1,0.5918284
0,0,0.016816255
1,1,0.9448284
0,0,0.40883794
1,1,0.9910937
0,0,0.015599405
1,1,0.94954586
0,0,0.005452007
1,1,0.99670756
0,0,0.0046412093
1,1,0.94452715
1,1,0.99621505
0,0,0.024188306
1,1,0.9967694
1,1,0.97941166
0,0,0.007863181
1,1,0.79672784
0,0,0.34871668
1,1,0.9964923
1,1,0.994618
0,0,0.05235852
1,1,0.9968483
1,1,0.57339483
1,1,0.72444725
0,0,0.009769759
0,0,0.017757364
1,1,0.9952302
0,0,0.025577553
1,1,0.8793272
0,0,0.19841519
1,0,0.022541229
0,0,0.004093799
0,1,0.5561212
0,0,0.007055696
0,0,0.0028790296
0,0,0.017345006
0,0,0.081057
1,1,0.62663805
0,0,0.021037592
0,0,0.023790287
1,1,0.7058739
1,1,0.98812777
1,1,0.9859877
0,0,0.012917494
0,0,0.0038445797
1,1,0.98968035
0,0,0.449579
0,0,0.015679935
0,0,0.1061899
1,1,0.99675
0,0,0.0031461588
1,1,0.99116206
0,0,0.012874129
0,0,0.0053923796
1,1,0.5548109
1,1,0.99666804
0,0,0.016967317
0,1,0.59271526
0,0,0.06971534
1,1,0.72164226
1,1,0.9059524
0,0,0.004966518
0,0,0.004175166
1,1,0.8633159
1,1,0.96198684
0,0,0.21707419
1,1,0.996789
1,1,0.582223
1,1,0.8488018
0,0,0.0048139836
1,0,0.4515645
1,1,0.99713576
0,0,0.10497487
0,0,0.4230174
0,0,0.01885681
0,0,0.30871463
1,1,0.6423882
0,0,0.014254403
1,1,0.6255322
0,0,0.46548486
0,0,0.003976866
1,1,0.99678147
1,1,0.9118189
0,0,0.041624323
1,1,0.89177215
1,1,0.79018515
0,0,0.0071468954
0,0,0.048996415
1,1,0.99696535
1,1,0.5752192
1,1,0.63424194
1,1,0.59379286
0,0,0.013366676
0,0,0.0028012376
1,1,0.9896812
0,0,0.33722496
0,0,0.02988246
1,1,0.67524195
1,1,0.65835136
0,0,0.10396049
0,0,0.0025361327
0,0,0.008268707
0,0,0.03274847
0,0,0.0024837009
0,0,0.005340507
1,1,0.66619366
1,1,0.94645387
1,1,0.9973878
1,1,0.6023067
1,1,0.97201025
0,0,0.010414072
0,0,0.0034570897
1,1,0.5989748
0,0,0.0047377986
1,1,0.6398962
0,0,0.009792792
0,0,0.02760784
0,0,0.0070271967
0,0,0.008193867
0,0,0.015535507
1,1,0.657918
1,1,0.9968767
0,0,0.0056669647
1,1,0.9969013
0,0,0.07339898
0,0,0.039580252
1,1,0.94689924
1,1,0.99698466
0,0,0.01036531
0,0,0.0030700294
1,1,0.65989465
0,0,0.0132605415
1,1,0.65050966
1,1,0.5558238
1,1,0.61029404
1,1,0.5905239
1,1,0.711328
1,1,0.7714502
1,1,0.9362363
0,0,0.0053150076
1,1,0.7412611
0,0,0.04015185
1,1,0.9974721
0,0,0.0059457035
0,0,0.04218382
0,0,0.00324316
0,0,0.04209862
0,0,0.045575593
1,1,0.6680776
1,1,0.98926663
0,0,0.0028491684
0,0,0.003085996
0,0,0.003147574
1,1,0.66029394
0,0,0.003075516
1,1,0.7235946
0,0,0.009943401
1,1,0.604811
1,1,0.99626523
0,0,0.01428752
1,1,0.6547532
0,0,0.14633447
0,0,0.003797384
1,1,0.6627531
1,1,0.6991004
1,1,0.923528
1,1,0.9963858
0,0,0.08350888
0,0,0.0077408724
0,0,0.14989871
0,0,0.0073952884
1,1,0.9698851
1,1,0.7138269
0,0,0.0075345114
0,0,0.005316485
0,0,0.0029138182
1,1,0.970015
0,1,0.5814676
1,1,0.60726315
1,1,0.997195
0,0,0.010192776
0,0,0.002923718
0,0,0.03422701
1,1,0.79247284
1,1,0.74778926
0,0,0.003618438
1,1,0.6213751
1,1,0.9928115
1,1,0.6606493
1,1,0.9607454
1,1,0.7256177
0,0,0.0066640466
0,0,0.0028688454
1,1,0.89905864
1,1,0.88239545
1,1,0.8814861
0,0,0.0029712247
1,1,0.69976556
0,0,0.1602617
1,1,0.6436143
1,1,0.76087904
0,0,0.0029776844
1,1,0.9971506
1,1,0.99431497
0,0,0.0039852993
0,0,0.18352202
0,0,0.002541678
0,0,0.38421857
0,0,0.0027248892
0,0,0.44385433
0,0,0.0045370962
1,1,0.9961294
0,0,0.008435921
1,0,0.4270757
1,1,0.9934041
0,0,0.23961954
0,0,0.06287173
1,1,0.9970921
0,0,0.0041304086
0,0,0.002618189
1,1,0.98094887
0,0,0.002785724
1,1,0.99642676
1,1,0.96760845
0,0,0.0061160442
0,0,0.00331167
0,0,0.0035189844
0,0,0.0028914171
0,0,0.010867465
1,1,0.8735163
1,1,0.986174
0,1,0.57151437
1,1,0.98867863
1,1,0.65043885
0,0,0.0028471723
1,1,0.99623835
1,1,0.9714649
1,1,0.9652748
1,1,0.69587296
0,0,0.011076203
0,0,0.0025290246
1,1,0.9128259
1,1,0.8404004
0,0,0.004006733
0,0,0.0042547365
1,1,0.583338
0,0,0.0026538495
0,0,0.008102444
0,0,0.002637154
0,0,0.27876893
1,1,0.90517306
0,0,0.004034236
0,0,0.029985806
0,0,0.017757205
1,1,0.94208634
0,0,0.0032545093
1,1,0.9603014
1,1,0.9030375
1,1,0.99677724
0,0,0.0071806405
0,0,0.0876032
0,0,0.0031523353
0,0,0.0043743174
1,1,0.67488194
1,1,0.7890559
1,1,0.98597705
0,0,0.0028395795
1,1,0.99694616
0,0,0.0027388206
0,0,0.016731497
1,1,0.6398435
1,1,0.99724376
0,0,0.0027762083
0,0,0.0059471494
1,1,0.6389075
1,1,0.7076319
1,1,0.747344
0,0,0.47579846
0,1,0.6454458
1,1,0.9776433
1,1,0.9960121
0,0,0.0030758816
1,1,0.9043822
0,0,0.002680059
1,1,0.6192026
0,0,0.14253525
1,1,0.5549732
1,1,0.52617365
0,0,0.016378278
1,1,0.58997875
0,0,0.004553524
0,0,0.05675639
0,0,0.0032324002
1,1,0.9957212
1,1,0.94687426
0,0,0.0032382035
1,1,0.95801866
0,0,0.0865813
0,0,0.43962222
0,0,0.0027651319
0,0,0.0038517208
0,0,0.025799405
1,1,0.954834
0,0,0.0030616785
1,1,0.6688322
0,0,0.008352675
0,0,0.004234622
0,0,0.0029866302
1,1,0.99428916
1,1,0.6365877
0,0,0.11720836
0,0,0.0024702966
1,1,0.65052545
0,0,0.015454004
1,1,0.98700446
0,1,0.5453676
0,0,0.08691433
1,1,0.91398597
1,1,0.7269258
0,0,0.004353591
1,1,0.8753915
1,1,0.9342119
0,0,0.003872984
0,1,0.57789594
0,0,0.002705834
0,0,0.0028543617
1,1,0.64330643
0,0,0.008924711
1,1,0.80116975
0,0,0.0029241699
1,1,0.71787685
0,0,0.0047169453
0,0,0.02019019
0,0,0.18381535
0,0,0.03918873
0,0,0.0060992097
1,1,0.9961222
1,1,0.61876434
1,0,0.13471107
1,1,0.641692
1,1,0.99649906
0,0,0.0027223441
1,1,0.9566204
1,1,0.9882883
0,0,0.010396505
1,1,0.9522996
1,1,0.5526104
0,0,0.077200085
1,1,0.86525166
1,1,0.99726105
1,1,0.77064675
1,1,0.66016036
1,1,0.985126
1,1,0.8665561
1,1,0.95585114
1,1,0.6224559
0,0,0.0025630468
1,1,0.73572785
0,0,0.018176736
0,0,0.004330791
0,0,0.1710873
1,1,0.99705565
1,1,0.635091
0,0,0.19887167
0,0,0.0027898334
0,0,0.002834936
1,1,0.73686504
0,0,0.018195987
1,1,0.95032036
0,0,0.0034493413
0,0,0.00363432
0,0,0.11216573
1,1,0.95121616
1,1,0.99761814
1,1,0.7311081
0,0,0.39091286
0,0,0.0028369562
0,0,0.008826957
0,0,0.0062496406
1,1,0.691698
1,0,0.17046666
1,0,0.48387617
1,1,0.65464765
1,1,0.6438844
0,0,0.002610315
1,1,0.73671204
0,0,0.015439521
0,0,0.315509
1,1,0.6427111
1,1,0.78588647
0,0,0.11146884
1,1,0.99546945
1,1,0.66291785
1,1,0.8555697
0,0,0.20137317
0,0,0.0043508657
0,0,0.06872116
0,0,0.007127082
0,0,0.007168596
1,1,0.92112386
0,0,0.0032167535
0,0,0.021594191
0,0,0.007637622
0,0,0.01188189
1,1,0.9722463
1,1,0.9952304
1,1,0.57889926
0,0,0.09427129
0,0,0.0031527292
0,0,0.075183146
1,1,0.8245963
1,1,0.99673057
0,0,0.39393553
1,1,0.9810059
0,0,0.016994301
1,1,0.6240481
1,1,0.9968545
1,1,0.6141958
1,1,0.8631659
0,0,0.04253237
0,0,0.004187773
0,0,0.028090278
0,0,0.00422262
1,1,0.6904162
0,0,0.0076119867
0,0,0.0029183934
1,1,0.9970356
1,1,0.9944746
1,1,0.8699253
1,1,0.6507758
1,1,0.63537073
1,1,0.9752112
1,1,0.9618207
1,1,0.91142106
0,0,0.015515027
1,1,0.6243121
1,1,0.5439454
1,1,0.81492615
1,1,0.9922276
0,0,0.0035332192
0,0,0.0030881723
1,1,0.9933088
1,1,0.9895902
0,0,0.0025699635
1,1,0.6574977
1,1,0.99699426
0,0,0.008855864
0,1,0.53738153
0,0,0.0038552647
1,1,0.8774423
0,0,0.45057076
0,0,0.007821422
0,0,0.036949854
0,0,0.002465872
0,0,0.0027415545
0,0,0.016369686
1,1,0.98821336
1,1,0.9954595
0,0,0.005312868
1,1,0.94734734
0,0,0.36368665
1,1,0.58896774
1,1,0.9569172
0,0,0.0029371574
1,1,0.93078876
1,1,0.6476184
0,0,0.003656315
0,0,0.00614817
1,1,0.63339895
0,0,0.0026622862
1,1,0.9651147
0,0,0.010489378
1,1,0.71193814
1,1,0.86743784
0,0,0.09834861
1,1,0.99724907
1,1,0.85080665
0,0,0.0031092216
1,1,0.99480325
1,1,0.6439327
1,1,0.95368505
1,1,0.65558004
1,1,0.99638224
0,0,0.010935011
0,0,0.0036511282
0,0,0.0054799505
0,0,0.0027308343
0,0,0.003122234
0,0,0.06023791
1,1,0.9829199
1,1,0.6632062
0,0,0.0034033938
0,0,0.48503742
1,1,0.8360284
1,1,0.99544
1,1,0.6036672
1,1,0.9968406
1,1,0.71683425
0,0,0.23142533
0,0,0.0037850675
1,1,0.6123489
1,1,0.7944147
0,0,0.3941861
1,1,0.95015395
0,0,0.0063965647
1,1,0.943054
0,0,0.0030973062
1,1,0.9970812
0,0,0.047918625
1,1,0.65893847
0,0,0.056181
1,1,0.60980004
1,1,0.99541473
0,0,0.00887971
0,0,0.09319709
0,0,0.0028603992
1,1,0.81270194
1,1,0.9706661
1,1,0.6606345
0,0,0.059648816
1,1,0.7962705
1,1,0.930705
1,1,0.83141893
1,1,0.9971131
0,0,0.0036777242
0,0,0.099918194
1,1,0.6561678
1,1,0.9965933
0,0,0.3860484
0,0,0.0036665262
0,0,0.17590246
0,0,0.014025978
1,1,0.98984283
1,1,0.6073507
0,0,0.0026224412
0,0,0.0043235635
1,1,0.9020478
1,1,0.58587855
0,0,0.004095724
1,1,0.8246105
1,1,0.81895465
1,1,0.7968022
0,0,0.07228065
1,1,0.9973974
0,0,0.0031307898
0,0,0.05292657
1,1,0.9958118
0,0,0.0073825163
0,0,0.008893722
1,1,0.8176751
1,1,0.589364
0,0,0.019054107
1,1,0.99689984
0,0,0.4774752
0,0,0.0064685475
0,0,0.49557632
0,0,0.0056387843
0,0,0.003919151
0,0,0.023216091
1,1,0.98087883
1,1,0.9966695
1,1,0.989249
0,0,0.22485115
1,1,0.9397695
0,0,0.0025124408
1,1,0.59942776
1,1,0.99564725
0,0,0.43674675
0,0,0.0029315557
1,1,0.8890629
0,0,0.014623522
1,1,0.9971334
1,1,0.9429848
1,1,0.6181193
1,1,0.7421206
0,0,0.0026008477
1,1,0.88797766
1,1,0.7132019
0,0,0.0056646685
0,0,0.0037801652
1,1,0.65368676
1,1,0.6113661
1,1,0.9890063
1,1,0.99645966
0,0,0.0031161564
1,1,0.66202366
1,1,0.6714583
1,1,0.99769104
1,1,0.9963419
1,1,0.981282
0,0,0.0029964123
1,1,0.7166488
0,0,0.0030959786
0,0,0.011301743
0,0,0.014067317
1,1,0.96927905
1,1,0.64701176
1,1,0.95825595
1,1,0.6791036
1,1,0.5638911
0,0,0.00546014
1,1,0.6256892
0,0,0.010189136
1,1,0.9970035
0,0,0.39698544
1,1,0.7491034
0,0,0.0029331716
1,1,0.6251269
0,0,0.012502239
0,0,0.007678173
1,1,0.6623387
1,1,0.65353125
1,1,0.9970368
1,1,0.99466646
1,1,0.64910126
1,1,0.6370549
0,0,0.08292424
0,0,0.0395214
1,1,0.7122352
0,0,0.13745362
0,0,0.0032170883
1,1,0.9924521
1,1,0.99424696
0,0,0.0028996926
1,1,0.6500418
1,1,0.99721694
1,0,0.38888177
1,1,0.94837326
0,0,0.1501852
0,0,0.003981285
1,1,0.536251
0,0,0.017119175
0,0,0.002484769
0,0,0.19902797
0,0,0.0029619078
1,1,0.9543633
0,0,0.0027749385
0,0,0.0033163258
1,1,0.6248543
0,0,0.0038146428
0,0,0.012001277
0,0,0.19190896
0,0,0.004416862
0,0,0.4866181
0,0,0.004241234
1,1,0.99685645
1,1,0.72339374
0,0,0.005516162
1,1,0.98532236
1,1,0.9969047
0,0,0.009039703
0,0,0.0030058117
0,0,0.018739907
0,0,0.0033862365
1,1,0.9068205
0,0,0.041594557
1,1,0.5642202
0,0,0.0038864734
0,0,0.011373457
0,0,0.033070363
1,1,0.9788987
0,0,0.20327123
1,1,0.60366195
0,0,0.0065512396
1,1,0.55401665
1,1,0.7497398
0,0,0.0033264626
1,1,0.9974661
1,1,0.6204987
0,0,0.0046930974
1,1,0.9148027
1,1,0.9818441
1,1,0.6089813
1,1,0.8002439
1,1,0.64239985
1,1,0.854562
0,0,0.036871284
0,0,0.4145541
0,0,0.31365794
0,0,0.034547962
0,0,0.18762936
1,1,0.6389906
1,1,0.9322901
0,0,0.0067412085
0,0,0.0033968366
1,1,0.9621104
0,0,0.028061766
0,0,0.018888464
0,0,0.025582753
1,1,0.9482053
1,1,0.9820884
0,0,0.0042125164
0,0,0.03978908
0,0,0.15513018
1,1,0.98325133
1,1,0.99524224
0,0,0.1493552
0,0,0.003848853
0,0,0.008048519
1,1,0.9780669
1,1,0.99680424
1,1,0.6694462
0,0,0.0028052176
0,0,0.0042350003
1,1,0.9677595
1,1,0.60805315
1,1,0.62230587
0,0,0.0031534682
0,0,0.0031739455
0,0,0.030725423
0,1,0.6626838
1,1,0.72767335
1,1,0.8863735
0,0,0.007265779
1,1,0.8976875
1,1,0.9507605
0,0,0.011595882
1,1,0.60574234
0,0,0.13231923
1,1,0.9876199
0,0,0.1483725
0,0,0.004330725
0,0,0.004062155
0,0,0.012725638
0,0,0.48693496
1,1,0.9961947
1,1,0.9775294
0,0,0.022579085
0,0,0.002908625
1,1,0.9971655
0,0,0.1559589
0,0,0.0275591
0,0,0.004829149
0,0,0.00500643
0,0,0.06361045
1,1,0.99701524
0,0,0.016134113
1,1,0.71531254
0,0,0.0037828796
1,1,0.99664414
0,0,0.031183075
0,0,0.002760202
0,0,0.4191271
0,0,0.009233061
0,1,0.61716914
1,1,0.99687696
0,0,0.0029977658
0,0,0.0052413
0,0,0.15073054
0,0,0.0032381557
0,0,0.002913865
1,1,0.9223902
1,1,0.5892467
0,0,0.00581751
1,1,0.77963924
0,0,0.0075802566
0,0,0.017018246
1,1,0.8465738
0,0,0.005496276
0,0,0.004465626
0,0,0.4280054
0,0,0.0031826333
0,0,0.06113312
0,0,0.0027872676
0,0,0.004503811
0,0,0.0044854414
1,1,0.68253434
1,1,0.9642308
0,0,0.0077517647
0,0,0.01947109
1,1,0.7464621
0,1,0.6142582
1,1,0.7680674
0,0,0.010644945
1,1,0.78386676
0,0,0.11634921
0,0,0.12198532
1,1,0.6606388
0,0,0.036333032
1,1,0.89598083
0,0,0.002703362
1,1,0.64981484
0,0,0.0030966706
1,1,0.9950596
0,0,0.0030437415
0,0,0.0046123387
1,1,0.8901607
0,0,0.003527167
0,0,0.0362616
0,0,0.091537446
1,1,0.9699079
1,1,0.63795525
1,1,0.99262565
0,0,0.010779493
1,1,0.67806315
1,1,0.99411136
0,0,0.36041838
1,1,0.99667406
1,1,0.582694
0,0,0.009773178
1,1,0.9970215
0,0,0.28436694
0,0,0.037647013
1,1,0.97915846
0,0,0.00722215
1,1,0.615931
0,0,0.015256443
0,0,0.083438985
0,0,0.0026472693
0,0,0.0051515945
0,0,0.29831025
1,1,0.8170449
1,1,0.5857706
0,0,0.059163965
0,0,0.039524116
0,0,0.0035786051
1,1,0.77245045
1,1,0.8193047
0,0,0.0038172384
0,0,0.08248916
0,0,0.097881444
1,1,0.5206212
0,0,0.0039984183
0,0,0.0040234104
0,0,0.00341661
1,1,0.99646026
0,0,0.0064686704
0,0,0.002687616
1,1,0.67649764
1,1,0.98651737
1,1,0.7300689
1,1,0.8725396
0,0,0.3679226
0,0,0.002691205
1,1,0.71254444
0,0,0.0044592638
0,0,0.0057678376
1,1,0.9861973
0,0,0.0028543319
0,0,0.07874968
1,1,0.6623467
0,0,0.011789926
1,1,0.8043239
1,1,0.6409911
0,0,0.048887927
1,1,0.5129602
1,1,0.915883
0,0,0.15611608
0,0,0.06469916
1,1,0.64117104
0,0,0.010565633
1,1,0.98276573
0,0,0.0030662988
0,0,0.002527751
0,0,0.008300625
1,1,0.9922465
0,0,0.0027307835
0,0,0.39863673
0,0,0.0038230359
0,1,0.52015597
0,0,0.007581373
1,1,0.99228066
1,1,0.996461
0,0,0.0025794045
1,1,0.8403694
0,0,0.0075764884
1,1,0.739567
1,1,0.593127
0,0,0.023801586
0,0,0.13464743
0,0,0.07811606
0,0,0.05510902
0,0,0.0034292063
0,0,0.005315461
1,1,0.9967269
1,1,0.74280524
0,0,0.15437691
0,0,0.0061222045
0,0,0.0027864948
1,1,0.5581087
1,1,0.76448286
1,0,0.46536273
0,0,0.002725401
0,0,0.0025384296
1,1,0.68979293
1,1,0.93098325
0,0,0.0026142413
1,1,0.9963387
1,1,0.9829905
0,1,0.8810621
1,1,0.99779725
1,1,0.96918666
0,0,0.019326007
1,1,0.59245735
1,1,0.9942409
0,0,0.006750237
1,1,0.95946264
1,1,0.9966288
1,1,0.6102379
0,0,0.024930868
0,0,0.0030794896
1,1,0.98634505
0,0,0.0037887855
0,0,0.0040940125
0,0,0.29902178
0,0,0.0030135494
1,1,0.8368779
0,0,0.004395297
1,1,0.8456965
1,1,0.9976991
0,0,0.0051185205
1,1,0.5848362
0,0,0.036087126
1,1,0.67269146
0,0,0.009142875
1,1,0.92582226
0,0,0.0030046229
1,1,0.989851
0,0,0.004948281
0,0,0.0043568993
0,0,0.13794503
1,0,0.41200036
0,0,0.19867343
0,0,0.13810164
1,1,0.67781854
1,1,0.64683443
0,0,0.037590016
1,1,0.5636825
1,1,0.9972006
0,0,0.018437916
1,1,0.9912628
0,0,0.0103125665
1,1,0.9660039
0,0,0.003987522
1,1,0.79746586
1,1,0.9968934
1,1,0.9821748
0,0,0.010012998
0,0,0.082538985
1,1,0.9969837
1,1,0.65733767
0,0,0.20800446
0,0,0.006174092
1,1,0.6055341
0,0,0.0055728387
0,0,0.0029392638
1,1,0.9958462
1,1,0.98807853
0,0,0.34888235
1,1,0.64740217
0,0,0.0031391946
1,1,0.91253346
1,1,0.9972676
0,0,0.011064478
1,1,0.8254557
0,0,0.005535745
0,0,0.018828174
1,1,0.98438406
1,1,0.94710964
0,1,0.5307684
1,1,0.79074895
0,0,0.005207819
0,0,0.007292491
1,1,0.67523766
1,1,0.9913191
1,1,0.9017781
0,0,0.0039889575
1,1,0.5317189
0,0,0.005231987
0,0,0.004500719
1,1,0.7306129
0,0,0.3012189
1,1,0.64600456
0,0,0.4404587
0,0,0.0037248607
0,0,0.0032169812
1,1,0.6125113
1,1,0.9614015
1,1,0.997414
0,0,0.17678358
0,0,0.005064919
0,0,0.003255818
0,0,0.004716005
0,0,0.0036974554
0,0,0.0044955467
0,0,0.008928263
1,1,0.6048885
1,1,0.9320021
1,1,0.65302354
0,0,0.39803103
0,0,0.0069658533
1,1,0.88989663
0,0,0.044432037
1,1,0.9952095
1,1,0.9913999
1,1,0.9818746
0,0,0.0030725452
0,0,0.0069435486
0,0,0.32223174
0,0,0.0037225536
1,1,0.653217
1,1,0.9971119
0,0,0.0232331
1,1,0.9959847
1,1,0.9475244
1,1,0.99154997
1,1,0.6785812
1,1,0.7068512
0,1,0.5947325
0,0,0.06234612
0,1,0.803322
0,0,0.004477884
1,1,0.84769785
0,0,0.003025734
1,1,0.6643992
1,1,0.61851656
0,0,0.0038252687
1,1,0.98335254
1,1,0.6343304
0,0,0.36925432
1,1,0.9495159
1,1,0.7364696
0,0,0.00536481
1,1,0.6173234
0,0,0.012929283
0,0,0.016272895
1,1,0.9973218
0,1,0.702361
0,1,0.6872574
1,1,0.73324686
0,0,0.085553885
0,0,0.0030742136
1,1,0.997139
1,1,0.92588574
0,0,0.008627155
0,0,0.0033995237
1,1,0.64462566
1,1,0.5493502
0,1,0.52364415
0,0,0.17269601
1,1,0.9973368
1,1,0.9271142
0,0,0.016617035
0,0,0.35146052
1,1,0.98519325
1,1,0.6506975
1,1,0.6933043
1,1,0.99061805
1,1,0.60079175
0,0,0.010149019
1,1,0.9725901
0,0,0.009068941
0,0,0.024767589
0,0,0.004310738
1,1,0.65960497
0,0,0.0072799604
1,1,0.9817285
1,1,0.7065193
0,0,0.027200362
0,0,0.0046177404
1,1,0.9971022
1,1,0.6166785
1,1,0.5936471
1,1,0.99673754
0,0,0.0046325116
1,1,0.95733
0,0,0.006155649
0,0,0.124692746
0,0,0.0030922075
0,0,0.0029150182
1,1,0.6427865
1,1,0.6346318
1,1,0.7232969
0,0,0.009534052
0,0,0.020081831
1,1,0.9970751
0,0,0.0029280472
1,1,0.9096937
0,0,0.003274316
1,1,0.99060106
1,1,0.6117051
0,0,0.0026855462
1,1,0.60169274
1,1,0.99294066
0,0,0.14824398
0,0,0.0072559076
1,1,0.7721873
1,1,0.9934056
1,1,0.99196315
0,0,0.058188953
1,1,0.9968972
0,0,0.26258913
1,1,0.99683446
0,0,0.3735446
1,1,0.9900265
1,1,0.8095661
0,0,0.12131525
1,1,0.9971597
0,0,0.003472246
1,1,0.9667514
1,1,0.64450145
0,0,0.13352424
1,1,0.9901681
0,0,0.0033118844
1,1,0.6537013
0,0,0.004584354
0,1,0.6418771
1,1,0.6534791
0,1,0.50148314
0,0,0.33138958
0,0,0.03243665
0,0,0.029158171
1,1,0.60134983
1,1,0.68058443
1,1,0.6434148
0,0,0.009851689
0,0,0.013771875
0,0,0.014140464
0,0,0.008953957
1,1,0.6684691
1,1,0.77165365
1,1,0.9815869
1,1,0.6050254
0,0,0.043032445
1,1,0.9979227
1,1,0.9972132
0,0,0.13722053
1,1,0.74547017
0,0,0.0029699816
1,1,0.58902496
1,1,0.50949794
1,1,0.95266795
0,0,0.047777813
0,0,0.08433494
0,0,0.065201506
1,1,0.83928055
0,0,0.0056611965
0,0,0.005457181
1,1,0.9618416
1,1,0.7623647
1,1,0.9875486
0,0,0.2754935
0,0,0.0036231412
1,1,0.9960169
0,0,0.01253852
1,1,0.7019495
0,0,0.003442019
1,1,0.68320745
1,1,0.53388757
1,1,0.6965879
1,1,0.9974058
1,1,0.63625944
0,0,0.005249222
1,1,0.99552155
1,1,0.57857096
0,0,0.003332631
0,0,0.10482253
0,0,0.02466972
0,0,0.004242222
0,0,0.012054972
1,1,0.99634475
0,0,0.04256538
0,0,0.008791363
1,1,0.8179742
1,1,0.996902
0,0,0.0025658293
1,1,0.6359248
1,1,0.605938
0,0,0.0043800236
1,1,0.9870489
0,0,0.0029805622
1,1,0.6415545
1,1,0.9315153
0,0,0.0025783398
1,1,0.60515237
0,0,0.004160361
0,0,0.20880824
1,1,0.9971359
0,0,0.011860485
1,1,0.6951867
1,1,0.7490555
1,1,0.97459126
1,1,0.741192
0,0,0.0031717569
1,1,0.59473014
0,0,0.019169008
1,1,0.9553184
1,1,0.84809065
1,1,0.8927578
1,1,0.6380289
1,1,0.90165544
0,1,0.60321623
0,0,0.0033299203
1,1,0.6785859
0,0,0.04219047
1,1,0.9970897
0,0,0.028947372
0,0,0.0028466024
0,0,0.040930208
1,1,0.99409604
1,1,0.99622345
1,1,0.73914796
1,1,0.8538406
1,1,0.9965635
1,1,0.9963862
1,1,0.9966012
0,0,0.05378251
1,1,0.9726142
0,0,0.0025298402
1,1,0.56395245
0,0,0.011647756
1,1,0.83140355
1,1,0.99507
0,0,0.010684207
0,0,0.0030698222
0,0,0.0679729
0,0,0.0039376505
0,0,0.0056422027
0,0,0.05233524
1,1,0.66213286
1,1,0.6553019
1,1,0.9962549
1,1,0.62411135
1,1,0.6194039
1,1,0.6088305
0,0,0.3124781
1,1,0.68071645
0,0,0.42571956
0,0,0.011620029
0,0,0.004073777
1,1,0.57153517
0,0,0.0057636336
0,0,0.17113732
1,1,0.6227294
1,1,0.75785094
0,0,0.013489016
1,1,0.7762178
1,1,0.9966922
1,1,0.9969585
0,0,0.07475575
1,1,0.92947555
1,1,0.72245926
1,1,0.6346777
1,1,0.61012083
1,1,0.9658897
1,1,0.9916373
1,1,0.9823038
0,0,0.0072187483
1,1,0.5878299
1,1,0.60763955
0,0,0.3222543
1,1,0.9972339
0,1,0.50805557
1,1,0.99690276
1,1,0.644234
1,1,0.5968622
1,1,0.9519449
1,1,0.7449233
0,0,0.19944035
1,1,0.9947319
1,1,0.6682763
1,1,0.99628496
1,1,0.9872305
1,1,0.84555167
1,1,0.99544984
1,1,0.8219698
0,0,0.002775399
1,1,0.9930882
0,0,0.003217388
1,1,0.7023009
0,0,0.0028129765
0,0,0.1267256
0,0,0.04124404
1,1,0.71267056
1,1,0.791267
1,1,0.6434545
1,1,0.63363194
0,0,0.0029294116
1,1,0.574816
1,1,0.9939877
0,0,0.22403643
1,0,0.01565322
0,0,0.08601149
1,1,0.65698653
0,0,0.0031789353
1,1,0.9976432
1,1,0.6266085
1,1,0.9978538
0,0,0.0048299115
1,1,0.9922276
1,1,0.6306073
1,1,0.9968827
0,0,0.015955571
1,1,0.9419628
1,1,0.9322783
0,0,0.29663292
1,1,0.97375035
1,1,0.99509275
0,0,0.0026801904
1,1,0.6456243
0,0,0.0024798824
0,0,0.4019902
0,0,0.0055840863
0,0,0.12724382
0,0,0.0027218184
1,1,0.9707807
1,1,0.9966331
1,1,0.6158837
0,0,0.0029835394
1,1,0.54863405
0,0,0.15555522
0,0,0.029119968
0,1,0.5764969
0,0,0.0524486
1,1,0.98090875
0,0,0.0036898402
1,1,0.65636855
1,1,0.61670744
1,1,0.95098704
0,0,0.009233877
1,1,0.99705434
0,0,0.0414171
0,0,0.013538574
1,1,0.56003237
0,0,0.027975747
0,0,0.027290285
1,1,0.9915283
1,1,0.85641813
0,0,0.012978271
0,0,0.002686696
1,1,0.9802838
0,0,0.0032486827
1,1,0.9942914
1,1,0.5179659
1,1,0.5910873
0,0,0.004020324
0,0,0.006123063
0,0,0.003602201
1,1,0.97140074
1,1,0.6189688
0,0,0.0033536158
0,0,0.0061776307
0,0,0.29585138
0,0,0.0198292
1,1,0.9878776
1,1,0.6638789
1,1,0.65233415
1,1,0.87155384
0,0,0.004307184
0,0,0.052166097
0,0,0.17768984
0,0,0.009806862
0,1,0.5379421
1,1,0.8372981
0,0,0.0025854819
1,1,0.99309725
1,1,0.9881269
1,1,0.63814014
1,1,0.64301616
1,1,0.9546952
0,0,0.0025891955
0,0,0.00359419
1,1,0.8842387
1,1,0.8448203
1,1,0.80263394
0,0,0.2844993
1,1,0.84681696
1,1,0.9957202
1,1,0.9950742
1,1,0.99669087
1,1,0.6467327
1,1,0.99758244
0,0,0.07037697
0,0,0.0056926557
0,0,0.08283633
1,1,0.70734763
1,1,0.69686615
0,0,0.0025737786
1,1,0.59200895
0,0,0.008431008
1,1,0.98937327
1,1,0.8929834
1,1,0.95965266
1,1,0.57919466
1,1,0.9886057
0,0,0.06300272
0,0,0.018927963
0,1,0.56409603
1,1,0.9961701
0,0,0.004608369
0,0,0.0042217756
0,0,0.004613979
1,1,0.5905669
1,1,0.6707269
0,0,0.21972767
1,1,0.9972268
1,1,0.61522496
1,1,0.6617171
1,1,0.990261
0,0,0.16564913
0,0,0.004907287
0,0,0.0631413
0,0,0.082535505
0,0,0.0027795238
1,1,0.9969699
1,1,0.66111284
1,1,0.692053
0,0,0.01101235
1,1,0.848995
1,1,0.5392868
1,1,0.99703145
1,1,0.82980585
1,1,0.9659827
1,1,0.7618028
0,1,0.61711794
0,0,0.0038270624
0,0,0.005619663
1,1,0.96714896
0,0,0.1346997
1,1,0.7091903
1,1,0.592481
1,1,0.9641368
0,0,0.0027866936
0,0,0.024257887
1,1,0.997373
0,0,0.0054065795
0,0,0.0070586167
1,1,0.6346072
1,1,0.6805861
0,0,0.0038525155
0,0,0.023731217
1,1,0.67047507
0,0,0.0034830652
1,1,0.64614546
1,1,0.673469
1,1,0.59712493
0,0,0.35422835
0,1,0.51166064
0,0,0.0027348865
0,1,0.60566485
1,1,0.9810323
0,0,0.0038957272
1,1,0.9971776
1,1,0.69295037
1,1,0.7012734
1,1,0.9962618
1,1,0.99546
1,1,0.9753636
1,1,0.9890744
0,0,0.003234478
0,0,0.21198459
1,1,0.56153977
1,1,0.96817756
0,0,0.0040092445
0,0,0.009739139
1,1,0.9612714
1,1,0.933188
0,0,0.17080975
1,1,0.6337374
0,0,0.34444103
1,1,0.99711955
0,0,0.0043888553
0,1,0.52168214
0,0,0.0064831935
0,0,0.021200022
1,1,0.68372595
0,0,0.0032531049
1,1,0.9495295
1,1,0.72564626
1,1,0.64378846
0,0,0.25904554
1,1,0.9745589
0,0,0.015320837
0,0,0.09695609
1,1,0.5873058
1,1,0.9114386
1,1,0.5246131
1,1,0.66298604
1,1,0.5873527
0,0,0.021849757
1,1,0.58355904
0,0,0.0026471408
1,1,0.63915485
0,0,0.28475344
1,1,0.76675415
1,1,0.55553997
0,0,0.0028963706
1,1,0.9913727
0,0,0.0030543196
0,0,0.0039000323
0,0,0.21140331
0,0,0.28467238
0,0,0.027407562
1,1,0.9970952
1,1,0.6372783
1,1,0.8602385
1,1,0.9937028
0,0,0.0027008217
1,1,0.9971228
0,0,0.1713169
1,1,0.99613154
0,0,0.0039298655
0,0,0.0030798027
0,0,0.010935101
0,0,0.005520438
1,1,0.9264292
0,0,0.0041681263
1,1,0.99644995
0,0,0.018514097
0,0,0.04561082
1,1,0.6349599
1,1,0.9690962
0,0,0.0035931282
1,1,0.90117943
0,0,0.026943177
1,1,0.9800336
1,1,0.9957254
1,1,0.9926604
0,0,0.04394048
0,0,0.010890492
1,1,0.64442253
1,1,0.9967001
1,1,0.6128498
1,1,0.8891638
1,1,0.9780936
0,0,0.021033378
1,1,0.6834644
0,0,0.027571369
1,1,0.63975006
0,0,0.0039744177
1,1,0.99163276
0,0,0.0052651437
1,1,0.9821623
0,0,0.0030241164
0,0,0.015562339
1,1,0.6673589
1,1,0.6478819
0,0,0.0044529857
0,0,0.0127998
0,0,0.47726712
1,1,0.9966935
0,0,0.036517046
0,0,0.0071389247
0,0,0.004698945
1,1,0.9448847
1,1,0.6476342
1,1,0.66715765
1,1,0.89274985
1,1,0.6372948
1,1,0.93932813
0,0,0.0033550055
1,1,0.60934883
1,1,0.9972451
0,0,0.0026732946
1,1,0.9902768
1,1,0.99728036
0,0,0.024989206
1,1,0.6338115
1,1,0.8763947
1,1,0.8246745
0,0,0.007935628
1,1,0.87786955
0,0,0.0033903455
0,0,0.32964325
1,1,0.97585684
1,1,0.99639964
1,1,0.6630762
0,1,0.747507
0,0,0.01744596
0,0,0.02273536
1,1,0.9968484
0,0,0.24893342
0,0,0.0029633837
0,0,0.05331549
0,0,0.0029758615
0,0,0.024052724
1,1,0.8463474
0,0,0.0077016787
0,0,0.016619528
1,1,0.82248265
0,0,0.004728869
1,1,0.9221743
1,1,0.99729735
1,1,0.9765236
1,1,0.9970797
1,1,0.65768874
1,1,0.9731504
0,0,0.27252394
0,0,0.0073532774
0,0,0.0070514544
1,1,0.99565244
0,0,0.0032195693
0,0,0.022011809
0,0,0.035228565
0,0,0.46839938
1,1,0.9484551
1,1,0.9971482
0,0,0.012940753
0,0,0.06311211
0,0,0.0026351004
1,1,0.6383214
1,1,0.6725456
1,1,0.64058656
1,1,0.75796545
0,0,0.3543696
1,1,0.65234905
0,0,0.0031401825
1,1,0.68421507
0,0,0.07388547
1,1,0.9927886
0,0,0.38487956
0,0,0.24142972
1,1,0.6625453
1,1,0.58540875
0,0,0.0029867368
0,0,0.0060615395
0,0,0.002766379
0,0,0.003977146
1,1,0.62926376
1,1,0.6609748
1,1,0.6796341
0,0,0.007445609
0,0,0.005012822
0,0,0.07827916
1,1,0.9752549
1,1,0.66869265
1,1,0.99627703
1,1,0.6787457
0,0,0.09392889
1,1,0.68184125
1,1,0.99626017
1,1,0.5819133
1,1,0.99684983
1,1,0.96286124
1,1,0.98703927
0,0,0.018440928
0,1,0.5709739
0,0,0.0037811638
1,1,0.99620855
1,1,0.9960752
1,1,0.5345196
1,1,0.6822142
1,1,0.93385977
1,1,0.62483764
1,1,0.9750072
1,1,0.6373803
0,0,0.027161919
1,1,0.6593991
0,0,0.002562211
0,0,0.0038907547
1,1,0.91506094
1,1,0.99707365
0,0,0.012464777
1,1,0.59217596
1,1,0.5604194
1,1,0.9599405
1,1,0.9974062
1,1,0.7249426
1,1,0.99662673
0,0,0.0026869948
1,1,0.9964586
0,0,0.48775923
1,1,0.9001451
0,0,0.008005296
0,0,0.0038263735
1,1,0.6855152
0,0,0.00844665
1,1,0.97522926
0,0,0.0033506844
1,1,0.9946203
1,1,0.99481636
1,1,0.9946755
0,0,0.0143420575
1,1,0.7069493
0,0,0.010266813
1,1,0.58666766
1,1,0.6455778
0,0,0.04100158
0,0,0.0057195146
0,0,0.002977312
0,0,0.39925948
1,1,0.9932753
1,1,0.67727655
1,1,0.8752405
0,0,0.0025853661
1,1,0.66332626
0,0,0.0028847463
0,0,0.0046475623
1,1,0.9925587
1,1,0.6800818
1,1,0.99659353
0,0,0.04429436
1,1,0.98443973
0,0,0.004987629
1,1,0.8265295
1,1,0.9947168
1,1,0.59667325
0,0,0.003510776
1,1,0.6119525
1,1,0.66099167
1,1,0.6745691
1,1,0.98348343
1,1,0.5568192
0,0,0.33129475
0,0,0.02160792
0,0,0.020753397
0,0,0.0050181285
1,1,0.9945175
1,1,0.98874146
1,1,0.9938061
1,1,0.70692736
1,1,0.9965312
1,1,0.9751761
1,1,0.9969518
0,0,0.0028239863
1,1,0.8392434
0,0,0.043299064
1,1,0.9658685
1,1,0.9689595
1,0,0.4335843
0,0,0.0035819258
0,0,0.3939051
1,1,0.927947
0,0,0.0052577863
0,0,0.0029107828
0,0,0.06322473
0,0,0.0677248
0,0,0.03260567
0,0,0.17860907
1,1,0.9969484
1,1,0.98250026
0,0,0.01897371
1,1,0.5374002
1,1,0.6383285
1,1,0.99569136
0,0,0.49497664
1,1,0.85137033
1,1,0.6516871
0,0,0.010317611
0,0,0.003985534
0,0,0.0053685256
0,0,0.006257813
1,1,0.6620914
1,1,0.85667783
0,0,0.0064524054
1,1,0.60918677
0,1,0.6913251
0,0,0.0036538912
1,1,0.65457
1,1,0.99533445
1,1,0.99201524
0,0,0.003885021
0,0,0.0037589013
1,1,0.9464443
1,1,0.9971089
0,0,0.0026231683
0,0,0.0027589758
0,0,0.11660925
1,1,0.64129907
1,1,0.6287155
0,0,0.005933614
1,1,0.9966792
0,0,0.0027344574
1,1,0.535903
0,0,0.0031842464
1,1,0.99688584
0,0,0.24806423
0,0,0.002675351
1,1,0.99637514
0,0,0.0059816595
0,0,0.0042212503
1,1,0.66980475
0,0,0.004607844
0,0,0.0075877835
0,0,0.006940442
0,0,0.005025702
0,0,0.003935005
0,0,0.002849159
0,0,0.00445488
0,0,0.0049768738
1,1,0.8181756
0,0,0.0048787477
0,0,0.0036171626
1,1,0.9970822
1,1,0.9896666
0,0,0.09887848
0,0,0.11975665
1,1,0.5937002
1,0,0.41500822
1,1,0.99674326
1,1,0.99715257
0,0,0.0034139953
1,1,0.9397458
1,1,0.9972149
0,0,0.0058952817
0,0,0.005342308
1,1,0.85017276
1,1,0.99319106
1,1,0.7151663
0,0,0.23930429
0,0,0.0035823889
1,1,0.6613503
0,0,0.003814516
0,0,0.16421491
1,1,0.6496166
0,0,0.0033368468
1,1,0.6301416
0,0,0.00271286
1,1,0.6630463
1,1,0.60931504
0,0,0.015630018
0,0,0.0037326654
1,1,0.8158848
0,0,0.0038624627
1,1,0.94695044
0,0,0.004513335
1,1,0.99668914
1,1,0.64423394
0,0,0.22779143
0,0,0.005562521
1,1,0.99749243
0,0,0.003716998
1,1,0.7925498
1,1,0.8511168
0,0,0.45721865
0,1,0.67785245
0,0,0.018158091
0,0,0.042050954
1,1,0.9968856
1,1,0.68581825
0,0,0.36873114
0,0,0.35002387
0,0,0.0031827695
1,1,0.70459443
0,1,0.6127822
0,1,0.70266676
0,0,0.0031268457
1,1,0.99679357
1,1,0.6665102
0,0,0.027014058
1,1,0.9787017
0,0,0.002590432
1,1,0.9908963
0,0,0.022296952
0,0,0.022356862
0,0,0.0026443137
1,1,0.9956202
0,0,0.15234903
0,0,0.103434555
1,1,0.66995174
0,0,0.0039747437
1,1,0.6372289
1,1,0.9959889
1,1,0.9891901
1,1,0.99695
1,1,0.55752856
1,1,0.9971855
0,0,0.012293495
0,0,0.0056230356
1,1,0.5594424
1,1,0.6223785
0,0,0.015614935
1,1,0.9452951
1,1,0.74479127
1,1,0.6457892
0,0,0.20460029
1,1,0.86659896
1,1,0.6174086
1,1,0.94326824
1,1,0.99711454
0,0,0.07890664
1,1,0.6551906
1,1,0.9961318
0,0,0.0033715651
1,1,0.5951576
0,0,0.15705016
1,1,0.95222175
1,1,0.67038786
1,1,0.99678826
0,0,0.05427578
1,1,0.80900097
0,0,0.018382454
1,1,0.9945479
1,1,0.7858135
0,0,0.07653956
1,1,0.7839692
0,0,0.0035091783
1,1,0.9306561
1,1,0.6532022
0,0,0.044768598
1,1,0.9029681
0,0,0.20063527
1,1,0.997015
1,1,0.9905466
1,1,0.99660325
1,1,0.6949647
0,0,0.22554979
0,0,0.21291763
1,1,0.99318886
1,1,0.9918453
1,1,0.95951885
1,1,0.97157997
1,1,0.8436647
1,1,0.9965223
1,1,0.8314795
1,1,0.92365074
1,1,0.64086425
0,0,0.021371735
1,1,0.7008766
0,0,0.029557565
1,1,0.60478026
0,0,0.0026951188
0,0,0.18986554
1,1,0.9949079
0,1,0.55200666
1,1,0.6173343
0,0,0.0026241704
1,0,0.32968697
1,1,0.99429095
0,0,0.11312657
1,1,0.97358537
0,0,0.0027240172
1,1,0.64735615
0,0,0.003233906
0,0,0.0038102674
0,0,0.30193344
1,1,0.9385504
1,1,0.9852519
1,1,0.9969126
1,1,0.71105474
0,0,0.011936908
1,1,0.67895883
1,1,0.99618393
0,0,0.0041453526
0,0,0.03758055
1,1,0.9157286
0,0,0.0032354202
1,1,0.9953982
0,0,0.014814032
0,0,0.005225061
1,1,0.9826668
0,0,0.03126306
0,1,0.515141
0,0,0.005461194
1,1,0.9966066
0,0,0.0056802295
0,0,0.0062643406
0,0,0.23822455
1,1,0.8803437
0,1,0.6490595
1,1,0.6379282
0,0,0.04699529
1,1,0.6922901
1,1,0.6815755
0,1,0.53430897
0,0,0.33609024
1,1,0.99243104
1,1,0.99591583
0,0,0.0069391704
1,1,0.9572755
0,0,0.009025771
0,0,0.17999414
1,1,0.97989595
1,1,0.5989836
1,1,0.6291041
1,1,0.8967205
0,0,0.003495593
1,1,0.75480956
1,1,0.59500724
1,1,0.97758704
0,0,0.0051949
0,0,0.003702849
1,1,0.9968688
1,1,0.9928703
0,0,0.008024677
0,0,0.0037297301
0,0,0.011647236
1,1,0.66750014
1,1,0.73490286
1,1,0.9960444
1,1,0.6236542
0,0,0.0032951604
0,0,0.06424214
1,1,0.9366141
1,1,0.6456048
1,1,0.6463177
1,1,0.9969969
0,0,0.0037276011
1,1,0.57028246
0,0,0.012458762
1,1,0.6934245
0,0,0.007115646
0,0,0.005797794
1,1,0.7632451
0,0,0.0026124627
0,0,0.057909686
1,1,0.66008055
1,1,0.59990686
1,1,0.64157295
0,0,0.005187173
1,1,0.77604055
1,1,0.9945609
0,1,0.58938813
1,1,0.98199683
0,0,0.025235908
0,0,0.0027913647
1,1,0.99669707
0,0,0.0028018462
1,1,0.66448617
0,0,0.0036046836
1,1,0.90346164
1,1,0.9971208
0,0,0.00435356
1,1,0.6689633
0,0,0.0035984444
1,1,0.6803812
0,0,0.023400908
1,1,0.6484235
0,0,0.006772698
1,1,0.9943851
1,1,0.5491762
1,1,0.65723467
0,0,0.004661221
1,1,0.6600161
1,1,0.9444138
0,0,0.10979707
0,0,0.00813176
0,1,0.591678
0,0,0.025146047
1,1,0.68489516
1,1,0.6573492
0,0,0.0028212483
1,1,0.6497155
0,0,0.0190169
1,1,0.99183536
0,0,0.0065843356
0,1,0.55355686
1,0,0.3798316
0,0,0.0070061274
1,1,0.9945708
1,1,0.81512356
1,1,0.9495855
1,1,0.9870352
1,1,0.66362137
0,0,0.0029266498
1,1,0.9937431
0,0,0.0050070547
1,1,0.6469856
1,1,0.9952479
0,0,0.0033630067
1,0,0.21995355
1,1,0.5799007
0,0,0.24244244
1,1,0.98358095
0,0,0.004500808
0,0,0.02170263
0,0,0.002826494
1,1,0.9869593
0,0,0.011984745
1,1,0.64886713
1,1,0.8019769
1,1,0.6802443
1,1,0.7960249
0,0,0.022334266
0,0,0.006417741
0,0,0.0025681646
0,0,0.11960716
0,0,0.0040516276
0,0,0.18560821
1,1,0.9942321
0,0,0.008620412
1,1,0.634399
0,0,0.009249879
0,0,0.011782484
0,0,0.0037576854
1,1,0.9970003
0,0,0.002950874
1,1,0.7951747
0,0,0.0029131726
0,0,0.0030556777
1,1,0.6293069
1,1,0.8521668
1,1,0.9821316
0,0,0.004036419
0,0,0.016503153
1,1,0.99688196
0,0,0.017793579
0,0,0.047953013
0,0,0.002831708
1,1,0.99709666
0,0,0.30081782
0,1,0.58735347
1,1,0.9972995
0,0,0.12986375
1,1,0.99340916
0,0,0.10597521
1,1,0.67334104
0,0,0.0030929071
0,0,0.0028001443
1,1,0.6574004
0,0,0.009681397
0,0,0.03179698
0,0,0.42575467
1,1,0.9960031
0,0,0.027590234
1,1,0.57662666
1,0,0.47642428
0,0,0.37800086
1,1,0.99710935
1,1,0.9971175
0,0,0.03706659
1,1,0.871728
0,0,0.27239433
0,0,0.004260263
1,1,0.6857198
1,1,0.99323285
1,1,0.8448318
1,1,0.71573263
1,1,0.997086
1,1,0.75942135
0,0,0.007468946
1,1,0.622493
0,0,0.08949418
1,1,0.9866045
0,0,0.0029727903
0,0,0.0037631
0,0,0.008395005
0,0,0.018317796
0,0,0.062009897
0,0,0.004602179
1,1,0.9879964
0,0,0.007458572
0,0,0.0028994319
0,0,0.003908895
0,0,0.0069244783
0,0,0.27974
1,1,0.9947272
1,1,0.9812253
1,1,0.963639
1,1,0.704374
0,0,0.0060183024
0,0,0.011915563
0,0,0.030920686
1,1,0.8210811
1,1,0.6599248
1,0,0.41966456
1,1,0.99718106
0,0,0.00346087
0,0,0.011254203
0,0,0.0034177904
1,1,0.61498094
0,0,0.11950859
0,0,0.01268534
1,1,0.988499
0,1,0.579862
0,0,0.0038347216
1,1,0.8743405
0,0,0.0036400536
0,0,0.02587793
0,0,0.0066529447
0,1,0.54597795
1,1,0.9972167
0,0,0.0033730422
1,1,0.6897838
1,1,0.99776864
0,1,0.6614027
1,1,0.91944
1,1,0.55627215
0,0,0.011891197
0,0,0.002826575
1,1,0.9967834
0,0,0.008964841
0,0,0.0031771695
1,1,0.9670948
1,1,0.9970759
0,0,0.0035083028
1,1,0.99454284
1,1,0.86618507
0,0,0.005465839
0,1,0.60509783
1,1,0.77513045
1,1,0.594772
0,0,0.003534957
1,1,0.99360245
1,1,0.84175223
0,0,0.008003485
1,1,0.61937666
1,1,0.6221443
0,0,0.0045814603
1,1,0.9966281
0,0,0.0030246011
1,1,0.70734155
0,0,0.0057619424
1,1,0.9266086
0,0,0.008029643
0,0,0.0024885589
0,0,0.004394474
0,1,0.6529425
0,0,0.07996957
0,0,0.0059845946
0,0,0.008435746
1,1,0.9851099
1,1,0.99734974
1,1,0.91494197
0,0,0.038758345
0,0,0.0055538453
0,0,0.0031980767
1,1,0.99706405
0,0,0.0057080076
1,1,0.86274964
0,0,0.0026513995
0,0,0.14432408
0,0,0.0040415153
0,0,0.0076205493
0,0,0.0035445474
0,0,0.475117
1,1,0.98838043
1,0,0.4316091
0,0,0.0036152592
0,1,0.5217822
1,1,0.7553102
0,0,0.007950892
0,0,0.07735161
1,1,0.72883755
1,1,0.76117325
1,1,0.63372004
1,1,0.59181935
0,0,0.027853
1,1,0.89957464
0,0,0.0083777625
0,0,0.004434521
1,1,0.8793574
0,0,0.0035473576
0,0,0.019391892
1,1,0.5828956
1,1,0.99287754
1,1,0.98655397
1,1,0.9922104
1,1,0.67324626
0,0,0.028847266
1,1,0.9968309
0,0,0.0040668724
1,1,0.9757078
1,1,0.9904407
0,0,0.17891452
0,0,0.009383034
1,1,0.6891171
0,0,0.0033208777
0,0,0.01081776
0,0,0.003235356
1,1,0.7307066
0,0,0.0039947005
0,0,0.0070332214
1,1,0.9718056
0,0,0.009014578
1,1,0.91473645
1,1,0.97335386
0,0,0.0026310256
1,1,0.61745197
0,0,0.0032423432
1,1,0.6918951
1,1,0.9964134
1,1,0.5590389
0,0,0.0036653797
1,1,0.963729
1,1,0.64345413
0,0,0.05631521
1,1,0.59553504
1,1,0.7570753
1,1,0.99675554
0,0,0.0045713643
1,1,0.99677116
0,0,0.0025937571
0,0,0.00602234
1,1,0.6231868
1,1,0.9969421
1,1,0.9941174
0,0,0.0064981068
0,0,0.008241636
0,0,0.003925593
0,0,0.16882467
1,1,0.5546143
1,1,0.5503794
0,0,0.37818456
0,0,0.12156307
0,0,0.013929292
0,0,0.042788133
1,1,0.96517855
1,1,0.61496216
0,0,0.08493539
0,0,0.009919985
1,1,0.58636165
1,1,0.6191479
1,1,0.88968813
0,0,0.0025555925
0,0,0.003920531
0,0,0.27084622
1,1,0.97170377
1,1,0.99425584
0,0,0.18852365
1,1,0.6300821
1,1,0.6675468
1,1,0.71862483
0,0,0.004067465
1,0,0.23816033
1,1,0.9972205
1,1,0.99689424
0,0,0.012939376
1,1,0.61357427
1,1,0.6986577
0,0,0.0045604883
1,1,0.6122495
0,0,0.0027502389
0,0,0.004078198
1,1,0.9676687
1,1,0.80550826
1,1,0.69276184
0,0,0.0032564467
0,0,0.015063111
1,1,0.68667436
1,1,0.9964407
1,1,0.7154711
1,1,0.6288418
1,1,0.65177184
1,1,0.76062876
1,1,0.9904857
1,1,0.68768674
0,0,0.005008331
1,1,0.66378015
1,1,0.98363185
1,1,0.5838341
1,1,0.67793375
0,0,0.051899172
0,0,0.0032084559
1,1,0.58715886
1,1,0.9919229
1,1,0.6155814
1,1,0.98682076
0,0,0.13454396
0,0,0.009362226
1,1,0.86620384
0,0,0.093374245
0,0,0.031142808
1,1,0.8165335
1,1,0.7939444
1,1,0.9433178
1,1,0.6980034
0,0,0.39566967
0,0,0.007890771
0,0,0.0035128468
1,1,0.9972721
1,1,0.9979925
1,1,0.6253443
0,0,0.0029006826
0,0,0.010896565
0,0,0.011882809
1,1,0.90200186
0,0,0.0033266242
0,0,0.0028849437
0,1,0.65609515
0,0,0.023121467
1,1,0.814639
0,0,0.0087731145
1,1,0.58918667
0,0,0.0048695896
0,0,0.051409096
0,0,0.096678525
0,0,0.006667058
0,0,0.085854255
0,0,0.32936338
1,1,0.8764191
0,0,0.004102892
1,1,0.9913577
0,0,0.0027118807
1,1,0.7973151
1,1,0.98773694
1,1,0.9882535
0,0,0.010418141
1,1,0.5654535
0,0,0.0028888227
0,0,0.0031742877
0,0,0.0078134965
0,0,0.00547716
1,1,0.528061
1,1,0.56301534
1,1,0.9727859
1,1,0.996152
0,0,0.0026317015
1,1,0.56453764
0,0,0.0050694225
1,1,0.96281064
1,1,0.6224397
1,1,0.90599054
0,0,0.0035463974
1,1,0.98340994
1,1,0.9972013
1,1,0.97901934
1,1,0.6314841
0,0,0.0042174463
1,1,0.95845443
0,0,0.0025782615
1,1,0.6182609
1,1,0.90593
1,1,0.9973551
1,1,0.9968958
1,1,0.61960673
1,1,0.7201871
0,0,0.0032950758
1,1,0.86340284
0,0,0.0038205434
1,1,0.9955231
0,0,0.0057745213
1,1,0.706976
1,0,0.34530294
0,0,0.0040018954
1,1,0.9951709
0,0,0.03574501
0,0,0.0029455493
0,0,0.022846298
1,1,0.9957308
1,0,0.004371859
1,1,0.701052
0,0,0.00275122
0,0,0.004269243
1,1,0.9810111
1,1,0.62531626
0,0,0.10641043
1,1,0.95914674
0,0,0.13413177
0,0,0.014888855
0,0,0.0027417408
1,1,0.976383
0,0,0.20630175
1,1,0.8006002
1,1,0.6586596
0,0,0.09203377
0,0,0.015156928
0,0,0.0071940403
1,1,0.6479155
1,1,0.6080364
1,1,0.73012567
0,0,0.007049892
0,0,0.03497415
1,1,0.9965837
0,0,0.0023820228
0,0,0.3937043
0,0,0.23696384
1,1,0.60343474
0,0,0.003038037
1,1,0.9916216
1,1,0.6686864
1,1,0.9849465
0,0,0.121290125
0,0,0.02951542
1,1,0.5938434
0,1,0.5722254
1,1,0.6192733
0,0,0.0038016126
1,1,0.7205785
0,0,0.045637757
1,1,0.9963406
0,0,0.0055895112
1,1,0.6435222
0,1,0.53508186
1,1,0.7750751
1,1,0.99709666
1,1,0.6914235
1,1,0.9848349
0,0,0.2425547
0,0,0.015767902
0,0,0.0035354476
1,1,0.6375004
0,0,0.02508383
0,0,0.01283842
1,1,0.99714786
0,0,0.0028910376
0,0,0.28546128
0,0,0.0036842946
0,0,0.0051806243
0,0,0.005920536
1,1,0.95585346
1,1,0.997036
0,1,0.50947714
0,0,0.004793818
0,0,0.004377388
0,0,0.0036334533
1,1,0.9866794
0,0,0.0029100275
1,1,0.61617863
0,0,0.058712568
0,0,0.014973444
0,0,0.00280851
0,0,0.0041507888
0,0,0.019259812
1,1,0.95952576
0,0,0.053937323
0,0,0.12515314
1,1,0.97020984
1,1,0.9332587
0,0,0.011869339
0,0,0.45422447
1,1,0.5841085
1,1,0.80043024
0,0,0.04672205
1,1,0.9969965
0,0,0.21802779
0,0,0.0034882808
1,1,0.6143311
0,0,0.09170069
1,1,0.996763
0,0,0.007476712
1,1,0.61592454
1,1,0.7086092
0,0,0.015559496
1,1,0.865514
0,0,0.37111172
1,1,0.92715496
0,0,0.005453502
1,1,0.740526
0,0,0.0039548604
1,1,0.9759099
1,1,0.8931989
1,1,0.9925303
1,1,0.9938066
0,0,0.003239544
1,1,0.83487326
1,1,0.99150485
0,0,0.1165059
0,0,0.30929893
0,0,0.005949439
1,1,0.6059827
1,1,0.9977133
0,0,0.05833737
0,0,0.008572321
1,1,0.6261945
1,1,0.9963999
1,1,0.97768027
1,1,0.5361435
0,0,0.022593528
0,0,0.007358326
0,0,0.004163337
0,0,0.0033549676
1,1,0.9966697
1,1,0.59491795
1,1,0.9964658
0,1,0.71233165
0,0,0.0036776876
0,0,0.0075905705
0,0,0.0029951618
1,1,0.57562625
1,1,0.89570826
0,0,0.004568698
1,1,0.9949681
0,0,0.0024022209
0,0,0.069153406
1,1,0.64591765
1,1,0.99723214
0,0,0.012225096
1,1,0.9960228
1,1,0.63777894
0,0,0.014406331
1,1,0.68710715
1,1,0.9959651
1,1,0.9965995
0,0,0.0028573682
0,0,0.063387305
0,0,0.22049007
0,0,0.47165403
0,0,0.005513602
0,0,0.34710038
0,0,0.0033871103
0,0,0.0042531122
1,1,0.9964813
1,1,0.692159
1,1,0.5522199
1,0,0.40210322
0,0,0.0028713113
0,0,0.38237944
0,0,0.0048969355
1,1,0.62930274
0,0,0.0070271273
1,0,0.10281372
0,0,0.0032527838
1,1,0.9844126
1,1,0.58595866
1,1,0.6188477
0,0,0.0027818296
0,0,0.004046828
0,0,0.0031318527
1,1,0.8962008
1,1,0.966898
0,0,0.044185344
1,1,0.5268758
0,0,0.17317668
0,0,0.0036323003
0,0,0.005104681
1,1,0.7505632
1,1,0.9059909
1,1,0.9972656
0,0,0.0063134255
0,0,0.0027737576
0,0,0.3184233
0,0,0.021798836
1,1,0.83404106
0,0,0.11206641
1,1,0.7143222
1,1,0.5980887
0,0,0.0045777243
0,0,0.33680928
0,0,0.4176572
0,0,0.007426432
1,1,0.99788827
1,0,0.25277993
0,0,0.0103673935
1,1,0.6744256
1,1,0.9121594
0,0,0.49429572
0,0,0.0029790988
0,0,0.014835447
1,1,0.65065616
0,0,0.05832435
1,1,0.88161266
0,0,0.0027142393
0,0,0.030664727
0,0,0.13882554
0,0,0.01340866
0,0,0.36545318
0,0,0.0056433687
1,1,0.9969298
0,0,0.2162696
0,0,0.03567632
1,1,0.9164674
1,1,0.64967614
1,1,0.98686695
1,1,0.86441034
1,1,0.55468035
1,1,0.98037213
1,1,0.996777
1,1,0.6138626
0,0,0.002469513
0,1,0.61436784
1,1,0.9971085
0,0,0.0053316923
0,0,0.0064782384
1,1,0.99637455
1,1,0.97546864
1,1,0.9960258
0,0,0.014248436
1,1,0.7116887
0,0,0.47958368
0,0,0.004035582
0,0,0.00901457
0,0,0.002933133
0,0,0.0033675777
0,0,0.0029206392
0,0,0.23717052
1,1,0.81782174
0,1,0.52783567
0,0,0.0045788432
0,0,0.01123622
1,1,0.9977514
0,0,0.008484248
1,1,0.9737085
1,1,0.5986368
1,1,0.9335631
1,1,0.68974847
0,0,0.049031418
1,1,0.6299379
1,1,0.5747655
0,0,0.008281993
1,1,0.86744267
1,1,0.70676047
1,1,0.59310156
1,1,0.6319924
0,0,0.44713908
1,1,0.9971323
1,1,0.8382211
0,0,0.010453932
0,0,0.0087066665
0,0,0.0033685442
1,1,0.9927856
1,1,0.6558809
1,1,0.99670464
1,1,0.5860843
1,1,0.98231375
1,1,0.6602623
0,0,0.0037893546
1,1,0.9968635
0,0,0.0027445976
1,1,0.99713504
0,0,0.00383646
0,0,0.009673591
0,0,0.003627251
1,1,0.9969496
0,0,0.016284762
1,1,0.5841287
0,0,0.054380212
0,0,0.0034596764
0,0,0.009089043
0,0,0.0041368175
0,0,0.003200029
0,0,0.0037647306
1,1,0.99685466
1,1,0.99096465
1,1,0.9970898
1,1,0.74236614
0,0,0.003523524
0,0,0.0046207746
1,1,0.9978709
0,0,0.0054281433
0,0,0.05297676
1,1,0.8208856
0,0,0.047518093
1,1,0.9960627
1,1,0.5528649
0,0,0.0043099374
0,0,0.007212584
1,1,0.6544538
1,1,0.9818939
0,0,0.010518202
1,1,0.84700525
0,0,0.012685567
1,1,0.5443611
0,0,0.014306256
0,0,0.039221454
1,1,0.60922486
0,0,0.116233125
0,1,0.64589167
0,0,0.09418288
1,1,0.91525954
1,1,0.6909599
1,1,0.78438854
0,0,0.0042528477
0,0,0.0075771622
1,1,0.6579273
1,1,0.9966042
1,1,0.9966618
0,0,0.23555085
1,1,0.9463458
0,1,0.81922406
0,0,0.4857956
1,1,0.75743693
1,0,0.028375285
1,1,0.6639581
0,0,0.004797805
0,0,0.005951639
1,1,0.77835774
1,1,0.9856016
0,0,0.0044821505
0,0,0.0059795217
1,1,0.9179793
0,0,0.005603082
0,0,0.0254214
0,0,0.0124490615
0,0,0.0031810573
1,1,0.9970169
0,0,0.23141469
0,0,0.10126646
1,1,0.61363566
1,1,0.94027245
1,1,0.9008209
0,1,0.7560348
1,1,0.9648131
0,0,0.0026609304
0,0,0.008450564
0,0,0.27634597
0,0,0.0056342944
1,1,0.6246091
0,0,0.0027337838
1,1,0.6200088
0,0,0.0029080382
0,0,0.0052036038
0,1,0.60238206
1,1,0.87110084
0,0,0.0026164588
1,0,0.4952148
0,0,0.17241414
0,0,0.023820154
1,1,0.7788543
1,1,0.6092014
0,0,0.31066942
1,1,0.69581354
1,1,0.89264375
0,0,0.09841399
0,0,0.2483866
1,1,0.996757
0,0,0.21279725
0,0,0.0046595954
0,0,0.0048499918
0,0,0.011377477
1,1,0.7098472
1,1,0.66148645
1,1,0.7188004
0,0,0.022224812
1,1,0.67598253
1,1,0.9704338
1,1,0.80780536
0,0,0.004583557
0,0,0.002804128
0,0,0.0031380951
1,1,0.5821802
0,0,0.004638646
1,1,0.6419931
1,1,0.9971117
0,0,0.27784398
0,0,0.003483575
0,0,0.011570348
0,0,0.29020968
1,1,0.99293727
0,0,0.0026438232
0,0,0.0342155
1,0,0.45651066
1,1,0.9966029
0,0,0.00579822
0,0,0.010115542
0,0,0.0048663323
1,1,0.996482
0,0,0.06599053
1,1,0.80575764
0,0,0.004250512
1,0,0.47909924
0,0,0.0047154566
1,1,0.99515355
1,1,0.91548216
1,1,0.8323756
0,0,0.0031188547
0,0,0.28738505
1,1,0.54635435
1,1,0.99575555
0,0,0.023747435
0,0,0.0028355916
1,1,0.65889984
0,0,0.011180761
1,1,0.9906646
1,1,0.98647064
1,1,0.99402124
1,1,0.63276106
0,0,0.008871498
0,0,0.010601058
0,0,0.30956393
1,1,0.66402435
0,1,0.96721786
0,0,0.00844371
0,1,0.7272122
0,0,0.306078
0,0,0.006785952
1,1,0.6942004
1,1,0.9971802
1,1,0.64493454
1,1,0.64015853
1,1,0.69735897
1,1,0.9004487
0,0,0.011008893
0,0,0.04555943
1,1,0.9714044
1,1,0.99698883
0,0,0.14043903
1,1,0.61915714
1,1,0.9968298
1,1,0.7856221
0,0,0.0034673528
0,0,0.006295943
0,0,0.0025314654
0,0,0.2280289
1,1,0.99260604
1,1,0.89305884
1,1,0.61927277
1,1,0.92965007
0,0,0.003044144
1,1,0.8295145
1,1,0.9880287
1,1,0.99362344
0,0,0.004782593
0,0,0.008279757
1,1,0.9937728
1,1,0.89444196
0,0,0.16969603
1,1,0.7975258
0,0,0.108707644
1,1,0.61326236
1,1,0.5854717
1,1,0.9971426
0,0,0.0042889146
1,1,0.67969894
1,1,0.64982414
0,0,0.0031182382
0,0,0.005392983
0,0,0.103986345
1,1,0.6672183
0,0,0.16720507
0,0,0.004725805
0,0,0.021274192
0,0,0.002650091
0,0,0.0026128413
1,1,0.58373797
0,0,0.007402159
0,0,0.006753012
0,0,0.015682656
1,1,0.6587116
0,0,0.0032959967
0,0,0.004841048
1,1,0.58221424
0,0,0.006565328
0,0,0.038337685
1,1,0.9495825
0,0,0.007988274
0,0,0.4943635
0,0,0.029754985
0,0,0.3217821
0,0,0.25836053
1,1,0.6826976
0,0,0.0068900683
0,0,0.01979515
0,0,0.007965544
1,1,0.9966884
0,0,0.0031499506
0,0,0.056076493
0,0,0.0033064836
0,0,0.37213418
0,0,0.0038297263
0,0,0.083995156
1,1,0.9095702
0,0,0.0071253874
1,1,0.9953566
0,0,0.003828117
1,1,0.9385166
0,0,0.20822284
1,1,0.9909865
1,1,0.96103114
1,1,0.99725443
0,0,0.0052808127
0,0,0.006211083
1,1,0.9948873
0,1,0.52221537
1,1,0.9342442
1,1,0.6414871
0,0,0.024587058
1,1,0.9844267
1,1,0.9821927
0,0,0.009216865
0,0,0.05061812
0,0,0.026680198
0,0,0.0049709924
0,0,0.0151913315
1,1,0.6298424
0,0,0.002939584
1,1,0.9878824
1,1,0.5808115
1,1,0.9868334
0,0,0.0047316668
0,0,0.023311373
0,0,0.0058270656
1,1,0.9970577
0,0,0.030705726
0,0,0.010626551
0,0,0.04332961
1,1,0.980594
1,1,0.76577795
1,1,0.61976314
1,1,0.99685717
0,0,0.15136033
1,1,0.6586268
1,1,0.86905605
0,0,0.34350032
1,1,0.97951084
0,0,0.06057807
1,1,0.98194915
1,1,0.9972357
1,1,0.6435374
1,1,0.92792034
1,1,0.9906866
1,1,0.85246766
1,1,0.8196508
0,0,0.0026293595
1,1,0.9107308
0,0,0.026354529
0,0,0.003462408
1,1,0.6424443
0,0,0.4909061
1,1,0.99688184
0,0,0.0035062414
0,0,0.06969475
1,1,0.53433406
1,1,0.6210562
1,1,0.9954136
0,0,0.0041740104
1,1,0.9924166
0,0,0.006921226
1,1,0.9906205
1,1,0.99698883
1,1,0.9973937
1,1,0.6339275
0,0,0.0030691163
0,0,0.0034407598
0,0,0.003446433
1,1,0.7629145
1,1,0.65040016
1,1,0.80386955
0,0,0.059966482
1,1,0.98435843
1,1,0.678782
1,1,0.9727948
0,0,0.0070409453
0,0,0.00606902
1,1,0.69093496
1,1,0.9933611
1,1,0.9624333
1,1,0.56807506
1,1,0.76082015
0,0,0.0052400324
1,1,0.99049056
0,0,0.03444362
0,0,0.0042967023
1,1,0.9971204
1,1,0.62187433
1,1,0.9955258
1,1,0.99685293
1,1,0.5375729
0,0,0.005269808
1,1,0.997042
0,0,0.0027629696
0,0,0.002472689
0,0,0.18550825
0,0,0.0056056064
0,0,0.44336307
0,0,0.28134358
0,0,0.042166397
0,0,0.019818654
1,1,0.599757
1,1,0.9971636
1,1,0.9943351
1,1,0.9967752
1,1,0.9773267
0,0,0.013630692
1,1,0.6827958
1,1,0.9966832
1,1,0.6247083
0,0,0.2624774
1,1,0.9970023
1,1,0.7091737
0,0,0.0074320054
0,0,0.0063607697
0,0,0.08262687
0,0,0.002932639
0,0,0.005294658
1,1,0.97563124
1,1,0.9948919
0,0,0.013696484
0,0,0.062066086
0,0,0.0043778033
1,0,0.45597762
1,1,0.99348503
1,1,0.7380524
1,1,0.99322575
0,0,0.003113315
1,1,0.68662864
0,0,0.0026072569
1,1,0.99073374
1,1,0.625058
0,0,0.007493262
1,1,0.95983166
1,1,0.9904907
1,1,0.9593894
1,1,0.9968432
0,0,0.004501947
0,0,0.020381382
0,0,0.00264821
0,0,0.05489193
1,1,0.6499145
0,0,0.004788057
1,1,0.6931379
0,0,0.004165564
1,1,0.9974485
0,0,0.01079152
1,1,0.8718331
1,1,0.6677527
0,0,0.018729929
1,1,0.99288875
1,1,0.9966401
0,0,0.005471373
1,1,0.63329387
0,0,0.0029954568
0,0,0.047692034
0,0,0.27751413
0,0,0.008226165
0,0,0.0065771597
1,1,0.9964759
0,0,0.005645575
1,1,0.97320503
1,1,0.63050133
0,0,0.0030920974
1,1,0.98150486
0,0,0.026284369
1,1,0.99664044
0,0,0.0043898914
1,1,0.69050485
0,0,0.044947915
1,1,0.8973894
0,0,0.01965688
0,0,0.0072806226
1,1,0.97018135
0,0,0.0041888305
0,0,0.009429919
0,0,0.004813835
0,0,0.0049029835
0,0,0.32308334
0,0,0.11377689
0,0,0.0033093826
1,1,0.5458494
0,0,0.062003933
1,1,0.9503672
1,1,0.66660917
1,1,0.6800192
1,1,0.9967848
0,0,0.11790833
1,1,0.59199315
0,0,0.10459297
0,0,0.21517293
0,0,0.002971431
0,0,0.0026160544
1,1,0.70420325
0,0,0.063827164
0,0,0.0034814356
0,0,0.008501892
0,0,0.0046536457
0,0,0.097357124
0,0,0.025942322
0,0,0.06220712
1,1,0.69322354
1,1,0.9834298
0,0,0.021712676
0,0,0.006544843
1,1,0.5497697
1,1,0.77255744
1,1,0.9969297
0,0,0.004795229
0,0,0.0037489363
0,0,0.0025439034
0,0,0.0031286418
1,1,0.992332
1,1,0.9963815
0,0,0.0059338245
1,1,0.6515016
0,0,0.032126695
0,0,0.034820978
0,0,0.035543498
0,0,0.0065107592
1,1,0.8672441
0,0,0.00418791
1,1,0.6358618
0,0,0.2628583
0,0,0.28714797
0,0,0.022080101
0,0,0.004040748
1,1,0.53467834
0,0,0.003602845
0,0,0.03072267
0,0,0.0034907446
0,0,0.005249979
1,1,0.99709773
0,0,0.062004723
1,1,0.67693025
0,0,0.0061177057
0,0,0.0040433817
1,1,0.99740016
1,0,0.079256
0,0,0.030417757
1,1,0.9972939
0,0,0.23393658
1,1,0.8547581
1,1,0.87659496
1,1,0.57057965
1,1,0.9818392
1,1,0.9949609
1,1,0.9972832
1,1,0.6407224
0,0,0.003363833
0,0,0.010193589
0,0,0.004993511
1,1,0.63489044
1,1,0.6210459
1,1,0.6660981
0,0,0.01907571
1,1,0.8736226
1,1,0.9971551
1,1,0.99375796
1,1,0.6185918
0,0,0.00796128
0,0,0.002782732
0,1,0.67084044
1,1,0.59741837
1,1,0.96960473
1,1,0.88511807
1,1,0.88254046
0,0,0.0030346017
1,1,0.99718165
1,1,0.7512518
1,1,0.9950917
1,1,0.56776106
1,1,0.9972428
1,1,0.9943539
0,0,0.0037007015
1,1,0.66255033
1,1,0.93565893
0,0,0.2056416
0,0,0.004624786
0,0,0.0066426634
1,1,0.63068306
1,1,0.6080932
0,0,0.005795527
0,1,0.73405147
0,0,0.008977212
1,1,0.7221084
1,1,0.6744282
0,0,0.0024417872
0,0,0.14325204
0,0,0.0041669807
0,0,0.0028137148
1,1,0.7712927
0,0,0.004599181
0,0,0.012381633
1,1,0.70165133
1,1,0.74929434
0,1,0.51008266
1,1,0.6347169
1,1,0.9882472
1,1,0.99366224
0,0,0.011202725
0,0,0.0035212846
0,0,0.0028541826
1,0,0.37884304
0,0,0.0036166592
1,1,0.98314255
1,1,0.9970938
1,1,0.72947043
0,0,0.005059751
1,1,0.6195612
0,0,0.024538718
1,1,0.9970034
0,0,0.21334565
0,0,0.0246305
1,1,0.81453395
0,0,0.006370621
0,0,0.07143976
0,0,0.0026582691
0,0,0.017859811
0,0,0.06898537
0,0,0.0034265246
1,1,0.995899
0,0,0.0037914575
1,1,0.99454236
1,1,0.9965552
0,0,0.005535745
0,0,0.0056849476
1,1,0.6529984
1,1,0.99067736
0,0,0.0046665994
0,0,0.013434528
0,0,0.015518024
0,0,0.0026036866
1,1,0.52427983
0,0,0.0028490166
1,1,0.63787425
1,1,0.64058197
0,0,0.0054324795
0,0,0.010308671
0,0,0.3192133
0,0,0.0042264853
1,1,0.61004466
1,1,0.7177211
1,1,0.9879874
0,0,0.0035337247
0,0,0.004924156
0,0,0.0038343137
1,1,0.99581015
1,1,0.99669635
1,1,0.8251921
0,0,0.13978653
0,0,0.009644969
1,1,0.6377046
0,0,0.008679243
0,1,0.69191873
0,0,0.021968553
0,0,0.010798953
0,0,0.009045676
1,1,0.98293346
0,0,0.0025640517
0,0,0.008284051
1,1,0.9244123
0,0,0.0034961796
0,0,0.0085857855
1,1,0.77310514
0,0,0.14511606
1,1,0.6780317
1,1,0.9873998
1,1,0.6120374
0,0,0.0042351973
0,0,0.015006993
0,0,0.007226343
0,0,0.006773487
1,1,0.6485245
0,1,0.5391197
0,0,0.0029904067
0,0,0.0034400614
0,0,0.052872326
1,1,0.6228637
1,1,0.629628
0,0,0.00404561
1,1,0.74389476
1,1,0.9920021
1,1,0.6172423
0,0,0.012364408
0,0,0.0039038167
0,0,0.17140895
1,1,0.9965365
0,0,0.0058103
0,0,0.0027644495
0,0,0.02339159
0,0,0.0033198327
1,1,0.84831345
1,1,0.6244474
1,1,0.8329234
0,0,0.0512424
0,0,0.005762943
1,1,0.7156684
0,0,0.004618159
1,1,0.9784792
0,0,0.004976817
1,1,0.6633888
0,0,0.0037319632
0,0,0.0027825707
0,0,0.0035865882
1,1,0.65721065
0,0,0.0034299756
1,1,0.635865
1,1,0.6868878
0,0,0.0072501567
1,1,0.5775935
1,1,0.74087065
1,1,0.99575824
0,0,0.08286308
0,0,0.043003388
1,1,0.9968033
0,0,0.003040456
1,1,0.99705684
0,0,0.0037593674
0,0,0.011217523
0,0,0.004353025
0,0,0.00297441
0,0,0.18303585
1,1,0.9969035
0,0,0.12001711
1,1,0.898896
0,0,0.017095737
1,1,0.9255611
0,0,0.010080957
0,0,0.016985262
1,1,0.99673706
1,1,0.60801005
0,0,0.12445699
0,0,0.0043787225
1,1,0.8156499
0,0,0.003486322
1,1,0.9968663
0,0,0.0035259824
0,0,0.0028549493
0,0,0.10924719
0,0,0.0786107
1,1,0.9951676
1,1,0.57173973
0,0,0.043258946
0,0,0.01620891
1,1,0.9969873
1,1,0.6566386
1,1,0.9897837
1,1,0.6466657
0,0,0.0027690544
1,1,0.9945268
1,1,0.6199195
0,0,0.002489196
1,1,0.9385372
0,0,0.05814716
0,0,0.08602394
0,0,0.020780895
1,1,0.5578513
1,1,0.92819387
1,1,0.56500024
0,0,0.0028910951
0,0,0.0031802256
0,0,0.25467753
0,0,0.003989181
1,1,0.7375402
1,1,0.99005884
1,1,0.99145573
0,0,0.01525158
1,1,0.95881563
0,0,0.092285216
0,0,0.013214039
1,1,0.995695
1,1,0.5004317
0,0,0.09018231
0,0,0.27695563
0,0,0.018269803
0,0,0.011051463
1,1,0.9968958
0,1,0.6840899
1,1,0.6988323
0,0,0.0035325664
1,1,0.8746741
0,0,0.0030646843
1,1,0.996788
0,0,0.002559021
1,1,0.8363871
1,1,0.99708027
0,0,0.005378269
0,0,0.0033692792
0,0,0.0037681465
0,0,0.2231225
0,0,0.0036116606
0,0,0.005286813
0,0,0.023408901
0,0,0.008780876
1,1,0.8363885
1,1,0.99177855
1,1,0.9924435
0,0,0.10590276
0,0,0.002836031
1,1,0.92873174
0,0,0.0026974948
0,0,0.0025725681
1,1,0.6381253
1,1,0.9951179
0,0,0.025874006
0,0,0.0032844907
1,1,0.77433074
0,0,0.099973135
1,1,0.57272583
0,0,0.042339973
0,0,0.0027876878
1,1,0.59710854
1,1,0.61576366
1,1,0.6696202
1,1,0.93190765
1,1,0.99687636
0,0,0.12472653
0,0,0.0036945234
0,0,0.021240674
0,0,0.0039628083
1,1,0.6513922
0,0,0.0039230995
1,1,0.6572897
0,0,0.031777676
0,0,0.0044647115
0,0,0.005505779
1,1,0.9609051
1,0,0.29089865
1,1,0.99549294
1,1,0.9969118
1,1,0.9970432
0,0,0.0025980412
0,0,0.06401483
0,0,0.0122560095
0,0,0.0068245716
1,1,0.9966035
1,1,0.6101981
1,1,0.9964684
1,1,0.98841953
1,1,0.9910781
0,0,0.055369157
0,0,0.0047640866
0,0,0.004038846
1,1,0.9570429
1,1,0.5480151
0,0,0.0040371553
1,1,0.5337132
1,1,0.9779378
1,1,0.56902367
0,1,0.6007294
1,1,0.99156016
1,1,0.78739625
0,0,0.0047819344
1,0,0.4895078
1,1,0.85225034
1,1,0.74702436
1,1,0.9968112
1,1,0.9826048
1,1,0.9958262
0,0,0.03289446
1,1,0.85605866
0,0,0.0041899127
0,0,0.002957785
0,0,0.031166652
1,1,0.99710757
1,1,0.62357575
0,0,0.10364341
1,1,0.9854447
0,0,0.00921367
1,1,0.9329546
0,0,0.21669456
0,0,0.06318633
0,0,0.0025188136
0,0,0.00278512
1,1,0.6121026
0,0,0.005998487
1,1,0.9808919
1,1,0.8836353
0,0,0.0034524964
0,0,0.0117710745
0,0,0.0033050585
1,1,0.8125315
1,1,0.7196204
1,1,0.8707913
1,1,0.62818605
0,0,0.0059956843
0,0,0.028212084
1,1,0.9943336
1,1,0.6575767
1,1,0.60314494
0,0,0.00533858
1,1,0.9971698
0,0,0.0027097873
0,0,0.005155875
0,0,0.0028173553
1,1,0.9235017
1,1,0.6616616
0,0,0.007506903
0,0,0.0026772183
0,0,0.0029537021
1,1,0.6342273
0,0,0.0030554552
0,0,0.0036684703
1,1,0.9972504
0,0,0.03307858
1,1,0.6452667
0,0,0.0029467496
1,1,0.6712466
1,1,0.83859086
0,0,0.008693815
0,0,0.0032830907
0,0,0.002822492
1,1,0.6621198
0,0,0.0031880038
1,1,0.6109929
1,1,0.9946635
1,0,0.46664017
1,1,0.51067036
1,1,0.98975974
1,1,0.67444754
0,0,0.039726537
0,0,0.012673044
0,0,0.005743764
0,0,0.0032875547
0,1,0.5399639
1,1,0.959861
0,0,0.21196198
0,0,0.00788467
0,0,0.002617229
1,1,0.6949469
1,1,0.7397569
0,0,0.491714
1,1,0.9969984
0,0,0.2185884
1,1,0.6325442
1,1,0.65553105
0,0,0.01210562
1,1,0.62380195
0,0,0.004567087
1,0,0.33931467
0,0,0.24123837
1,0,0.09279098
0,0,0.0026361786
0,0,0.005470214
0,1,0.658652
0,0,0.006178047
0,0,0.471365
0,0,0.040555947
0,0,0.0032339522
0,0,0.006285725
0,0,0.0043118643
0,0,0.01209206
0,0,0.044489834
0,0,0.097843274
1,1,0.67757624
0,0,0.0032625413
1,1,0.99684566
1,1,0.6528899
1,1,0.8815463
0,0,0.37408784
1,1,0.9695813
0,0,0.0036673204
1,1,0.8513145
0,0,0.0027332169
1,1,0.99268675
1,1,0.6535982
1,1,0.82761383
1,1,0.98896956
1,1,0.7757986
0,0,0.0038099126
0,0,0.14317006
0,0,0.44592932
1,1,0.9941585
1,1,0.8586886
1,1,0.97846013
0,0,0.0050867465
0,0,0.0049705426
0,0,0.0142759
0,0,0.06288104
1,1,0.59740293
0,0,0.0036326835
1,1,0.96029544
1,1,0.9691983
0,0,0.08103447
0,0,0.020257235
0,0,0.0026563748
1,1,0.961839
0,0,0.004071335
1,1,0.96650344
1,1,0.68076843
0,0,0.03832259
1,1,0.9650109
0,0,0.009927022
0,0,0.0034081258
1,1,0.5898464
1,1,0.99523145
0,0,0.0026639565
0,0,0.021191228
1,1,0.7089149
1,1,0.66797507
1,1,0.6897236
0,0,0.0071903146
1,1,0.6609578
0,0,0.010674017
1,1,0.54913735
1,1,0.6102633
0,0,0.0044960403
1,1,0.9719929
0,0,0.0025870858
0,1,0.6384763
0,0,0.27653277
1,1,0.9971723
1,1,0.99074745
1,1,0.98446447
1,1,0.6798557
1,1,0.60120606
0,0,0.005655058
1,1,0.97068304
1,1,0.6630209
1,1,0.99710006
0,0,0.0024430102
0,0,0.005619226
1,1,0.99729306
0,0,0.012229001
0,0,0.005290059
1,1,0.6271709
1,1,0.99647224
0,0,0.38039887
1,1,0.79845816
1,1,0.9962697
1,1,0.98103917
0,0,0.0033920105
1,1,0.5807258
0,0,0.0025660598
0,0,0.0027529818
0,0,0.004450957
1,1,0.8472242
1,1,0.55760443
0,0,0.008659335
0,0,0.016846305
1,1,0.99711037
0,0,0.003183844
1,1,0.65580463
0,0,0.12553596
1,1,0.9207833
0,0,0.0027460314
1,1,0.99507916
0,0,0.03264104
1,1,0.9959347
0,0,0.019758668
1,1,0.8422073
0,0,0.02596194
1,1,0.97952706
1,1,0.9648878
0,0,0.0046440894
0,0,0.0047927625
0,0,0.0025844874
1,1,0.93983394
1,1,0.97655255
0,0,0.014119739
1,1,0.99712855
1,1,0.91554064
1,1,0.98597175
0,0,0.03318394
0,0,0.017474223
1,1,0.8937307
0,0,0.015605234
1,1,0.6353745
0,0,0.004788157
0,0,0.0027574678
0,0,0.009895022
0,0,0.002814558
0,0,0.0036302542
0,1,0.505334
1,1,0.99698645
0,0,0.088632464
0,0,0.0075081224
0,0,0.004455603
0,0,0.003783232
1,1,0.9653319
0,0,0.003021267
0,0,0.0025741102
0,0,0.13774474
0,0,0.017426409
0,0,0.003141659
1,0,0.13707115
1,1,0.8523458
1,1,0.676334
1,1,0.65378594
0,0,0.0065710284
1,1,0.6436473
0,0,0.0024088465
1,1,0.60883266
0,0,0.0056998343
0,0,0.002652107
0,0,0.011021208
0,0,0.2909286
0,0,0.0038145466
1,1,0.6915123
0,0,0.0076577063
1,1,0.9921467
1,1,0.99673635
0,0,0.002941087
1,1,0.6160533
1,1,0.99774134
0,0,0.012168124
1,1,0.69139016
1,1,0.6715473
1,1,0.9972608
1,1,0.9967391
0,0,0.0029304093
0,0,0.00559151
1,1,0.9527436
1,1,0.6488993
1,1,0.6556832
0,0,0.005176284
1,1,0.6212778
1,1,0.98887604
0,0,0.32324374
0,0,0.0054509165
1,1,0.97222406
0,0,0.4147008
1,1,0.6826732
0,0,0.40423456
1,1,0.99701226
1,1,0.7076577
1,1,0.979384
1,1,0.6795469
0,0,0.0035084216
1,1,0.6149107
0,0,0.0027087089
1,1,0.9967488
1,1,0.71344006
1,1,0.6634022
0,0,0.017542383
1,1,0.58074737
0,0,0.06657676
0,0,0.3103705
1,1,0.9765196
1,1,0.66802454
0,0,0.004258629
0,0,0.003950556
1,0,0.21710685
1,1,0.6611885
0,0,0.010977237
0,0,0.017389739
0,0,0.004652658
0,0,0.0026963314
0,0,0.0040760376
0,0,0.0574139
0,0,0.042869207
1,1,0.89306694
0,0,0.00252844
1,1,0.9972651
1,1,0.6800818
0,0,0.004106736
1,1,0.9973061
1,1,0.65788597
0,0,0.0041559814
0,0,0.15311974
1,1,0.78210455
1,1,0.9532074
1,1,0.64627004
0,0,0.0030612943
1,1,0.6445075
1,1,0.9956072
0,0,0.0042659994
0,0,0.0025357853
1,1,0.99247885
1,1,0.6804657
1,1,0.9979513
1,1,0.6677586
0,0,0.022316534
1,1,0.61291987
0,0,0.46936166
1,1,0.877764
0,0,0.002560453
1,1,0.96184236
1,1,0.8051065
1,1,0.9948284
1,1,0.8010504
1,1,0.98128146
1,1,0.99697244
1,1,0.99683917
0,0,0.0052555325
1,1,0.6868462
1,1,0.6372484
0,0,0.13743913
1,1,0.5418295
0,0,0.0026515103
1,1,0.60177493
0,0,0.008217042
1,1,0.9400962
1,1,0.8955671
0,0,0.003051568
1,1,0.6488968
1,1,0.9821807
0,0,0.0026769114
0,0,0.013508555
1,1,0.985615
1,1,0.93692845
1,1,0.9963444
0,0,0.0343953
0,0,0.020070428
1,1,0.6715188
0,0,0.0026179377
0,1,0.64451295
0,0,0.006978785
0,0,0.0054168995
0,1,0.6410631
1,1,0.99733645
0,0,0.21632707
1,1,0.996223
0,0,0.29899222
0,0,0.0042043533
1,1,0.9830021
0,0,0.004431288
1,1,0.8590942
0,0,0.027911868
1,1,0.99692243
1,1,0.99660397
0,0,0.005562284
1,1,0.9632271
0,0,0.003362607
1,1,0.9607367
1,1,0.65127593
0,0,0.06032814
1,1,0.8957462
0,0,0.0054565757
0,0,0.0028564609
1,1,0.9972873
0,0,0.44479463
0,0,0.009283986
1,1,0.66490334
0,0,0.007454156
0,0,0.0057875374
1,1,0.96455306
0,0,0.0029347534
0,0,0.2510306
0,0,0.0041232496
1,1,0.70379776
0,0,0.02904382
0,0,0.0039417003
0,0,0.0067294757
1,1,0.6221993
1,1,0.95163757
1,1,0.99602556
0,0,0.26080665
1,0,0.4217454
1,1,0.812533
0,0,0.36693236
1,1,0.9965911
1,1,0.8682739
0,0,0.0031793916
1,0,0.22919351
0,0,0.0032097127
0,0,0.11990185
1,1,0.99397546
0,0,0.10729884
1,1,0.58566505
1,1,0.6496156
1,1,0.99646324
0,0,0.0028781863
1,1,0.9610168
0,0,0.0035189793
0,0,0.008997955
0,0,0.0038245092
1,1,0.98783714
1,1,0.65889716
1,1,0.73963845
0,0,0.003586759
0,0,0.020291228
1,1,0.7276794
0,0,0.0044802786
0,0,0.0036875904
0,0,0.029234244
1,1,0.70428056
1,1,0.97276264
0,0,0.0091624465
1,1,0.6130488
1,1,0.7207815
1,1,0.77258176
1,1,0.7086182
1,1,0.8203861
1,1,0.6587182
1,1,0.9866938
1,1,0.9965886
1,1,0.95224804
0,0,0.004696074
1,1,0.98018974
1,1,0.90748215
0,0,0.008770067
1,1,0.60419756
0,1,0.52687865
1,1,0.57670146
0,0,0.1855996
1,1,0.75459975
1,1,0.6450739
0,0,0.08283222
1,1,0.9583135
1,1,0.6199618
0,0,0.057157654
1,1,0.6422721
0,0,0.20156236
0,0,0.18126698
0,0,0.016202606
1,1,0.9966493
1,1,0.6004188
1,1,0.76073897
1,1,0.61844575
1,1,0.90600246
0,0,0.0026699519
1,1,0.856272
0,0,0.005914455
1,1,0.62056696
1,1,0.65059286
1,1,0.62149584
1,1,0.99672973
1,1,0.99683255
1,1,0.97698134
0,0,0.13364156
1,1,0.9398205
0,0,0.3641858
1,1,0.98652667
0,0,0.022481201
1,1,0.65619135
0,0,0.0069919555
1,1,0.63983685
0,0,0.006845271
0,0,0.01483119
0,0,0.002640605
0,0,0.0037928699
1,1,0.9966174
1,1,0.83640647
0,0,0.013843559
1,1,0.9366298
0,0,0.0025210658
0,0,0.008754015
0,0,0.0028216145
0,0,0.009196644
1,1,0.9973349
1,1,0.75028896
1,1,0.9968071
1,1,0.9885726
1,1,0.99010485
1,1,0.99083155
1,1,0.99438417
0,0,0.07971556
0,0,0.03710398
0,0,0.0043524997
1,1,0.89271545
1,1,0.7372699
0,0,0.004789852
0,0,0.019838464
0,0,0.014673827
1,1,0.9971084
0,0,0.00441376
0,0,0.1156837
0,0,0.002918202
0,0,0.0077816998
0,0,0.002892982
0,0,0.0031310339
1,1,0.9282096
0,0,0.036511067
0,0,0.009073638
1,1,0.99681807
1,1,0.9946074
0,0,0.09416442
0,0,0.0040563405
0,0,0.0027507527
1,1,0.99369216
0,0,0.022462372
1,0,0.38912028
0,0,0.0063416404
1,1,0.99615353
1,1,0.86895657
1,1,0.65526885
1,1,0.98962736
0,0,0.1396051
1,1,0.94380367
1,1,0.99681014
0,0,0.0035428233
0,0,0.0075999442
1,1,0.9834796
0,0,0.060843524
0,0,0.005812857
0,0,0.09537069
1,1,0.9968154
1,1,0.7301192
0,1,0.51060975
1,1,0.9970421
1,1,0.66483873
1,1,0.6211208
1,1,0.99642193
1,1,0.99573034
1,1,0.7194478
0,0,0.0030925365
0,0,0.03968067
0,0,0.0032731101
1,1,0.9953046
0,0,0.002582505
1,1,0.9841525
1,1,0.69629675
0,0,0.003217498
1,1,0.995086
1,1,0.746446
0,0,0.008759234
1,1,0.6102151
1,1,0.952947
1,1,0.6296227
1,1,0.6907437
0,0,0.07827163
0,0,0.0030925306
0,0,0.039899614
1,1,0.9898491
0,0,0.006662392
0,0,0.00473301
1,1,0.5964992
1,1,0.53573424
1,1,0.68389565
0,1,0.5521849
0,0,0.07189807
0,0,0.003851064
1,1,0.67163455
1,1,0.6601928
0,0,0.00322121
0,0,0.048891094
1,1,0.95945555
1,1,0.9966562
1,1,0.997015
0,0,0.0031894133
1,0,0.4859444
0,0,0.009695236
0,0,0.10193486
0,1,0.5569947
0,0,0.012597968
0,0,0.003472563
0,0,0.0029175086
1,1,0.99748033
0,0,0.0046364344
0,0,0.049987167
0,0,0.0054722214
0,0,0.0067419773
1,1,0.60770243
0,0,0.2819515
0,1,0.55363435
0,0,0.007684407
0,0,0.45401955
1,1,0.9923113
0,1,0.6467866
1,1,0.9951999
0,0,0.007868837
0,0,0.0035752214
0,0,0.033896193
1,1,0.95469564
1,1,0.98385054
0,0,0.0039995695
1,1,0.6012872
1,1,0.98122954
1,1,0.5805238
0,0,0.0027267078
0,0,0.0034539925
0,0,0.0049015293
0,0,0.30184835
1,1,0.9498058
0,0,0.032602362
1,1,0.8642418
0,0,0.0034134781
1,1,0.55036145
1,1,0.8909275
0,0,0.10647144
0,0,0.26814732
0,0,0.0032915366
0,0,0.004457956
1,1,0.54185355
0,0,0.0036991371
1,1,0.845709
1,1,0.99390596
1,1,0.67839444
1,1,0.93118685
1,1,0.89096934
0,0,0.002885635
0,0,0.12636556
0,0,0.026436124
1,1,0.74302447
1,1,0.60548127
0,0,0.3189938
0,0,0.02897694
1,1,0.52770853
0,0,0.033657238
0,0,0.033093713
0,0,0.016460577
1,1,0.987282
0,0,0.0056537157
0,0,0.0060342853
1,1,0.9530313
1,1,0.6334467
1,1,0.97455615
1,1,0.8298772
0,0,0.0054538404
0,0,0.09570797
0,0,0.003316378
0,0,0.0054338705
1,1,0.83918566
0,0,0.27464232
1,1,0.87743556
0,0,0.0058311443
0,0,0.0031995696
1,1,0.8625011
0,0,0.0036858318
0,0,0.032025952
1,1,0.55031174
1,1,0.98189527
0,0,0.025532484
0,0,0.00556593
1,1,0.9927959
1,1,0.653847
1,1,0.60981166
0,0,0.036415964
1,1,0.99653
1,1,0.9968631
0,0,0.072367914
1,1,0.6977191
1,1,0.99033374
0,0,0.0026937297
1,1,0.64983904
0,0,0.45571494
0,0,0.032082364
1,1,0.97929996
0,0,0.4669303
0,0,0.08243464
1,1,0.6532717
1,1,0.72591937
0,0,0.003466346
1,1,0.9968905
1,1,0.99740726
1,1,0.9975243
1,1,0.9946838
1,1,0.598113
1,1,0.89866525
0,0,0.46440515
1,1,0.911888
0,0,0.0029416769
0,0,0.004046678
0,0,0.0039339475
1,1,0.5957251
1,0,0.46438378
1,1,0.70418483
1,1,0.5937836
1,1,0.69563085
0,0,0.012333858
0,0,0.002994171
1,1,0.69646436
0,0,0.008332408
1,1,0.8186882
0,0,0.0028849847
0,0,0.009284245
0,0,0.32403305
1,1,0.99613637
0,0,0.0057436936
0,0,0.009398719
0,0,0.0033457833
0,1,0.5674287
0,0,0.007966143
0,0,0.009512812
0,0,0.021018127
0,0,0.49908504
0,0,0.00623905
0,0,0.009742424
0,0,0.39421207
0,0,0.0059973327
1,1,0.66105425
1,1,0.9967679
1,1,0.950582
0,0,0.0040795575
1,1,0.9908827
1,1,0.993518
0,0,0.0051272158
1,1,0.9968273
0,0,0.1756884
1,1,0.5029276
0,0,0.03127333
0,0,0.0037777042
1,1,0.76768804
0,0,0.26891306
0,0,0.0025985378
1,0,0.48678863
0,0,0.0028117439
1,1,0.6861077
0,0,0.009241326
0,0,0.47262272
0,0,0.0030362671
1,1,0.9962864
0,0,0.005285835
1,1,0.94849056
1,1,0.643757
1,1,0.9966091
0,0,0.0036862607
0,0,0.00320044
1,1,0.86153704
0,0,0.0045919777
0,0,0.0032291848
1,1,0.958727
1,1,0.87681055
1,1,0.9964886
1,1,0.7166866
0,0,0.018017014
0,0,0.017480943
1,1,0.68869823
0,0,0.048517276
1,1,0.81282663
1,1,0.64509064
0,0,0.10993441
0,0,0.38502815
0,0,0.011684901
1,1,0.9966605
1,1,0.9971245
0,1,0.59774613
0,0,0.09368366
1,1,0.99096316
0,0,0.18471175
1,1,0.74357677
1,1,0.65020055
1,1,0.6466793
1,1,0.7642827
1,1,0.98282444
0,0,0.17398848
1,1,0.68508154
1,1,0.96730566
1,1,0.9953153
0,0,0.004260211
0,0,0.009662497
0,0,0.44290698
0,0,0.0031619861
0,0,0.005192722
1,1,0.7157454
0,0,0.0032424296
0,0,0.25938895
1,1,0.8127063
1,1,0.62045574
1,1,0.97903454
1,1,0.99682885
0,0,0.040379748
0,0,0.044148616
0,0,0.13224225
0,0,0.0031146475
1,1,0.9975931
0,0,0.24070083
0,0,0.1456106
1,1,0.9537675
0,0,0.0029237834
0,0,0.10602171
1,1,0.6267257
0,0,0.016323239
1,1,0.8185097
0,0,0.48985752
0,0,0.022984957
1,1,0.99755824
1,1,0.96406144
1,1,0.64194906
0,1,0.52707106
1,1,0.99505264
1,1,0.66337794
0,0,0.0026743514
1,1,0.61103934
0,0,0.33899674
1,1,0.7256803
0,0,0.016325947
0,0,0.018706258
0,0,0.006695083
0,0,0.006136949
1,1,0.64623296
1,1,0.8695547
0,0,0.00534942
1,1,0.7716366
0,0,0.03284288
0,0,0.0052202693
1,1,0.9159651
1,1,0.61290497
0,0,0.064007826
0,1,0.54836637
0,0,0.00266718
0,0,0.0044595054
1,1,0.71068144
1,1,0.52390444
0,0,0.0035728207
0,0,0.0043577617
0,0,0.0032874767
1,1,0.58612436
0,0,0.0027481983
1,1,0.99496126
1,1,0.99523795
1,1,0.69244635
1,1,0.96243626
1,1,0.50927484
0,0,0.002889328
0,0,0.0073085986
0,0,0.090722434
0,0,0.19353978
1,1,0.9825981
1,1,0.99685436
1,1,0.69915843
1,1,0.6860986
1,1,0.6637679
1,1,0.9971482
0,0,0.005989055
0,0,0.022769926
0,1,0.54539126
1,1,0.99731404
1,1,0.99628204
1,1,0.99469405
0,0,0.020752091
1,1,0.99635637
0,0,0.0026655165
0,1,0.7010978
1,1,0.88197345
1,1,0.99654216
1,1,0.9357044
1,1,0.84825623
1,1,0.89914244
0,0,0.00518249
1,1,0.703038
0,0,0.16801096
1,1,0.577367
0,0,0.4031181
0,0,0.014353388
0,0,0.01603021
1,1,0.5835112
1,1,0.8644932
0,0,0.002705744
1,1,0.9968311
1,1,0.8879118
1,1,0.99694735
1,0,0.41412896
1,1,0.7232613
0,0,0.10277186
0,0,0.004328295
1,1,0.9724139
1,1,0.9967726
0,0,0.08415214
0,0,0.3345468
1,1,0.6819279
0,0,0.017716615
0,0,0.010064134
1,1,0.9522006
0,0,0.09181864
1,1,0.9966889
1,1,0.98933893
1,1,0.9968815
0,0,0.29173782
0,0,0.0028308935
0,1,0.8021191
0,0,0.006679949
0,0,0.3491083
1,1,0.9932592
1,1,0.8791649
1,1,0.9962882
1,1,0.9895002
1,1,0.9732712
0,0,0.006006186
1,1,0.6345303
0,0,0.21059485
1,1,0.9867371
0,0,0.0036876707
1,1,0.5910809
0,0,0.002986311
0,0,0.465618
0,0,0.020185843
1,1,0.9935736
1,1,0.8026416
0,0,0.017053757
0,0,0.002666412
0,0,0.06395942
1,1,0.9834659
0,0,0.107839175
0,0,0.002694342
0,0,0.023742467
0,0,0.114625424
0,0,0.0054991515
0,0,0.002779048
1,1,0.89413345
0,0,0.027750887
1,1,0.82924855
0,0,0.0072100474
1,1,0.5572617
0,0,0.017370544
1,1,0.89723325
1,1,0.99717677
1,1,0.9846069
0,0,0.0075698434
1,1,0.99726
0,0,0.060693726
1,1,0.99605054
0,0,0.0044371155
1,1,0.5842887
1,1,0.59208065
1,1,0.99731725
0,0,0.004990633
0,0,0.010818755
1,1,0.6591455
0,0,0.022157677
0,0,0.018681878
0,0,0.01574146
1,1,0.99709964
0,0,0.0033912526
1,1,0.9962669
1,1,0.99262756
0,0,0.016284974
0,0,0.23158596
1,1,0.59028804
1,1,0.99678767
1,1,0.55727816
1,1,0.9970009
0,0,0.10513755
0,0,0.43326685
1,1,0.9899536
1,1,0.69208115
0,0,0.0036003946
0,0,0.020454906
0,0,0.00759934
1,1,0.83408546
1,1,0.6841549
0,0,0.014363618
1,1,0.996734
0,0,0.09511661
0,0,0.010490377
0,0,0.022943748
1,1,0.99698824
1,1,0.93283945
1,1,0.93807113
0,0,0.0043286695
0,0,0.0149144735
1,1,0.7523588
1,1,0.7103541
1,1,0.91826725
1,1,0.97891426
1,1,0.6479572
1,1,0.90774876
0,0,0.04768079
1,1,0.99663013
0,0,0.0055067562
0,0,0.006446527
0,0,0.058012083
0,0,0.0027875102
0,0,0.0032874013
0,0,0.008092196
1,1,0.6851721
0,0,0.021913731
0,1,0.6578448
1,1,0.6609047
0,0,0.0029394957
0,0,0.008094826
0,0,0.004379097
1,1,0.65869844
0,0,0.04167167
0,0,0.08692603
1,1,0.9940941
1,1,0.9923206
1,1,0.99692935
0,0,0.0031680595
1,1,0.9388024
1,1,0.99667144
0,0,0.018970909
0,0,0.0040822555
1,1,0.6135024
1,1,0.96738976
0,0,0.0074242926
1,1,0.8752506
0,0,0.0030111808
0,0,0.003542941
0,0,0.0030103119
1,1,0.98857003
1,1,0.9667095
0,0,0.23844431
0,0,0.004587162
1,1,0.9966723
1,1,0.98750454
0,0,0.008433672
1,1,0.9931937
0,0,0.0026447678
0,0,0.0069668265
0,0,0.010391002
1,1,0.9821591
1,1,0.99169064
0,0,0.03873612
0,0,0.046305247
1,1,0.68398815
1,1,0.9961798
1,1,0.9723566
0,0,0.0025888346
0,0,0.065699406
1,1,0.80965954
1,1,0.9966364
0,0,0.0026217105
0,0,0.0044228
1,1,0.5823203
0,0,0.003743862
0,0,0.37557226
1,1,0.6516041
0,0,0.07215276
1,1,0.62628275
1,1,0.65560853
0,0,0.0072127273
0,0,0.009985682
0,0,0.0033049753
0,0,0.013431238
1,1,0.99772483
0,0,0.010463762
1,1,0.61680263
1,1,0.98559546
0,0,0.042863432
1,1,0.96021014
1,1,0.67654717
1,1,0.66032976
0,0,0.11295259
1,1,0.9923711
1,1,0.78886914
1,1,0.51647294
0,0,0.004674136
0,0,0.29078323
1,1,0.9970409
1,1,0.9964169
0,0,0.029474316
0,0,0.29506457
0,0,0.034224827
0,0,0.06731321
0,1,0.5746276
0,0,0.014337664
1,1,0.9198644
0,0,0.016858708
1,1,0.6010903
0,0,0.0039553978
1,1,0.9769026
0,0,0.0031076905
0,0,0.0027492233
0,0,0.43879092
0,0,0.0026816067
1,1,0.9968299
0,0,0.0044643516
0,0,0.0030913448
0,0,0.0025604689
0,0,0.0036836786
0,0,0.0036657718
0,0,0.0033082769
0,0,0.025446257
1,1,0.8916852
0,0,0.0057453713
0,0,0.0041087447
1,1,0.9736544
0,0,0.007829627
0,0,0.1314335
0,0,0.004298702
1,1,0.54712415
1,1,0.99613
1,1,0.74419904
1,1,0.71539605
1,1,0.6324871
0,0,0.0068325954
0,0,0.0034187639
0,0,0.0025336938
1,1,0.9967801
0,0,0.079697795
1,1,0.994875
0,0,0.1389164
1,1,0.885307
0,0,0.0035767253
1,1,0.7625749
1,1,0.6763858
1,1,0.62946963
1,1,0.9934823
0,0,0.0026728597
1,1,0.78380543
1,1,0.97283167
1,1,0.80340356
0,0,0.015034846
0,0,0.004588037
0,0,0.0042423303
1,1,0.97905767
1,1,0.9968041
0,0,0.003436864
0,0,0.0026177533
0,0,0.04983124
0,0,0.020269247
1,1,0.6766409
0,0,0.0040913112
0,0,0.0040250137
0,0,0.0050384365
0,0,0.0042192563
0,0,0.008639064
1,1,0.9241234
1,1,0.9959623
0,0,0.0036958102
0,0,0.0049306126
1,1,0.9975254
1,1,0.66897565
1,1,0.60787994
0,0,0.004253316
1,1,0.9787137
0,0,0.007689314
0,0,0.035282433
0,0,0.040777937
1,1,0.9793423
1,1,0.7667561
0,0,0.1416703
1,1,0.9319836
1,1,0.63237154
1,1,0.98789805
0,0,0.037231214
1,1,0.994433
0,0,0.002502344
0,0,0.0049268804
1,1,0.73613584
1,1,0.94568425
1,1,0.9970157
0,0,0.005518561
0,0,0.009468399
1,1,0.9901793
1,1,0.99709773
0,0,0.056972016
1,1,0.6792727
1,1,0.9968545
0,0,0.046589375
0,0,0.0030296461
1,0,0.15763499
1,1,0.53544134
1,0,0.47202334
1,1,0.9969695
0,0,0.0038238603
1,1,0.8827693
1,1,0.9917441
0,0,0.0033766478
0,0,0.04665935
0,0,0.0043058777
0,0,0.43992403
1,1,0.8713552
0,0,0.0027932718
0,0,0.0096357865
0,0,0.30798545
1,1,0.95538205
0,0,0.002980792
0,0,0.12588935
1,1,0.6099126
0,0,0.39211062
0,0,0.013068116
0,0,0.0025703204
0,0,0.0046092705
1,0,0.14484635
0,0,0.08404021
0,0,0.005005684
0,0,0.085679136
1,1,0.6605204
0,0,0.0027239425
1,1,0.9960043
1,1,0.6698279
0,0,0.27112606
1,1,0.86380684
1,1,0.9385977
1,1,0.7518313
1,1,0.78988993
1,1,0.6455203
0,0,0.0031126018
0,0,0.0034485348
0,0,0.007994678
1,1,0.7721085
0,0,0.44701204
0,0,0.0071365936
0,0,0.0048405607
0,0,0.3871089
1,1,0.8926063
0,0,0.13108444
0,0,0.019463388
1,1,0.64379776
1,1,0.6402611
0,0,0.021784863
0,0,0.020288622
1,1,0.9975466
1,1,0.9961391
0,0,0.003563372
1,1,0.6005916
1,1,0.9895146
0,0,0.007590279
1,1,0.63362837
1,1,0.6246815
0,0,0.0077926787
1,1,0.9921204
0,0,0.04663698
1,1,0.9379856
1,1,0.7643389
0,0,0.037434574
1,1,0.9258889
1,1,0.9861535
0,0,0.019044673
1,1,0.99038374
0,0,0.020574503
0,0,0.020273102
1,1,0.9930854
1,1,0.6077183
0,0,0.01681523
0,0,0.0027076465
0,0,0.36636674
0,0,0.012891195
1,1,0.9971433
0,0,0.0031365366
0,0,0.0045411987
1,1,0.9972753
1,1,0.67325526
1,1,0.6221887
0,0,0.26948333
0,0,0.004266267
1,1,0.834185
0,0,0.011329169
1,1,0.93458104
0,0,0.0026247695
0,1,0.578207
0,0,0.01200751
1,1,0.9973363
1,1,0.65112597
1,1,0.9897175
1,1,0.62386215
0,0,0.0026369984
0,0,0.0025527303
0,0,0.0035115702
0,0,0.037320618
1,1,0.89275444
0,0,0.0025227943
0,0,0.012652215
0,0,0.049634844
1,1,0.9729978
0,0,0.0052552656
0,0,0.008543531
0,0,0.0028862841
1,1,0.91798687
1,1,0.9193791
1,1,0.9946385
0,0,0.0031900466
1,1,0.9595452
0,0,0.002828905
1,1,0.99708587
0,0,0.0030470367
0,0,0.016285336
1,1,0.6667154
1,1,0.57611644
0,0,0.002950877
1,1,0.97497606
1,1,0.98512995
0,0,0.007327647
1,1,0.9959015
1,1,0.9938753
0,1,0.69476444
1,1,0.93591696
0,0,0.0105057685
0,0,0.442887
1,1,0.8588314
0,0,0.35325474
0,0,0.28638607
1,1,0.9945925
0,0,0.005819281
0,0,0.0026086087
0,0,0.0035441772
1,0,0.40882602
1,1,0.7742048
0,0,0.17741616
0,0,0.010598733
0,0,0.002566574
1,1,0.9708826
1,1,0.66620755
0,0,0.0048763505
1,1,0.60988176
1,1,0.91702205
1,1,0.99458224
1,1,0.78030246
0,0,0.0024402102
0,0,0.021927303
1,1,0.80595
1,1,0.99641174
1,1,0.727394
1,1,0.67339027
1,1,0.9110162
1,1,0.9972928
0,0,0.0056761564
0,0,0.1342328
1,1,0.9656749
1,1,0.9957359
0,0,0.0042447723
1,1,0.9893618
0,0,0.013670149
1,1,0.5917332
1,1,0.9972071
0,0,0.008409148
1,1,0.88845676
1,1,0.75650245
1,1,0.9699536
0,0,0.0072949002
1,1,0.98824954
1,1,0.70183134
1,1,0.6159729
0,0,0.012340947
0,0,0.008510628
0,0,0.0761245
1,1,0.97107375
0,0,0.013706312
0,0,0.005885985
1,1,0.7416064
0,0,0.04413465
0,0,0.0037031267
0,0,0.00925229
0,0,0.16745117
1,1,0.98180264
1,1,0.62596285
1,1,0.9918716
0,0,0.0063401535
1,1,0.6964017
1,1,0.87971115
1,1,0.9815516
1,1,0.9969789
1,1,0.61827105
0,0,0.022302087
0,0,0.023658011
0,0,0.13972457
0,0,0.0035665296
0,0,0.31224588
1,1,0.8745296
0,0,0.48098758
1,1,0.7452311
1,1,0.9904321
1,1,0.9903804
0,0,0.0028588306
1,1,0.5317704
1,1,0.66897094
0,1,0.6371453
1,0,0.012013223
0,0,0.235433
1,1,0.996684
1,1,0.9966524
1,1,0.70895094
0,0,0.003180483
1,1,0.9810308
0,1,0.5426746
1,1,0.8275468
1,1,0.99650913
0,0,0.004480674
0,0,0.0031053498
1,1,0.9928281
0,0,0.01614641
0,0,0.010805475
1,1,0.9902339
1,1,0.9906803
1,1,0.6927554
0,0,0.17807612
1,1,0.6519523
0,0,0.0058525153
1,0,0.21693352
0,0,0.007713882
1,1,0.7030307
0,0,0.42654887
0,0,0.007663579
0,0,0.002497091
0,0,0.0031186994
0,0,0.0056505823
1,1,0.9975662
1,1,0.99699426
0,0,0.004985696
0,0,0.003250079
1,1,0.6505606
0,0,0.22609827
0,0,0.0036096142
0,0,0.002747131
0,0,0.003666376
1,1,0.9974814
0,0,0.0035520294
0,0,0.35462004
0,1,0.5178132
0,0,0.03492914
1,1,0.6634156
1,1,0.65104854
1,1,0.6827298
1,1,0.5138584
0,0,0.0031985103
0,0,0.0029049553
0,0,0.024251794
1,1,0.57950795
1,1,0.9968556
0,0,0.0036792187
1,1,0.70405674
0,0,0.004336107
0,0,0.0048052906
0,0,0.004663159
0,0,0.006053829
1,1,0.99719965
1,0,0.24197148
1,1,0.99661934
0,0,0.0031623815
1,1,0.98594695
0,0,0.034262266
0,0,0.0050526336
1,1,0.6626849
1,1,0.6110268
0,0,0.006364931
1,1,0.82456976
1,1,0.62184304
1,1,0.6658947
1,1,0.99633175
1,1,0.8476374
1,1,0.6199469
0,0,0.057084486
0,0,0.007985253
1,1,0.61527973
0,0,0.007686615
1,1,0.70436734
1,1,0.65288293
0,0,0.16345792
1,0,0.22524229
1,1,0.9848984
0,0,0.0045223455
1,1,0.91432077
1,1,0.58415425
1,1,0.923955
0,0,0.0032099246
1,0,0.48933813
0,0,0.006539308
1,1,0.9960334
0,0,0.005847909
1,1,0.945876
1,1,0.6754414
1,1,0.6214061
1,1,0.6588723
1,1,0.9968585
0,0,0.32944503
1,1,0.9879337
0,0,0.09495445
0,0,0.0027033645
0,0,0.0122857215
0,0,0.22594744
1,1,0.6077334
1,0,0.42231053
1,1,0.8899784
0,0,0.0033647427
1,1,0.76079136
0,0,0.003469078
1,1,0.6439555
1,1,0.9976763
1,1,0.9937828
1,1,0.9835924
1,1,0.99490404
1,0,0.4732987
0,0,0.0035174415
0,0,0.0034758614
0,0,0.009302465
1,1,0.9972512
1,1,0.9662528
1,1,0.9942684
0,0,0.40973312
1,1,0.9760433
1,1,0.99274373
1,1,0.6954202
1,1,0.6340575
0,0,0.0032156173
1,1,0.66485476
0,0,0.0032091085
1,1,0.8660637
1,1,0.63842946
0,0,0.004081052
1,1,0.6177554
1,1,0.74735904
0,0,0.017983818
0,0,0.024420662
0,0,0.0047341376
0,0,0.03474772
0,0,0.004394944
1,1,0.9954449
1,1,0.6497805
0,1,0.6449659
1,1,0.9027729
0,0,0.0035219004
1,1,0.60988075
0,0,0.00351536
1,1,0.59362227
0,0,0.11334471
0,0,0.0044890726
1,1,0.9875123
1,1,0.8148802
0,0,0.027063541
1,1,0.97367054
1,1,0.99012333
1,1,0.99695706
0,0,0.047970105
0,0,0.01555118
0,0,0.0026894698
1,1,0.8174964
0,0,0.24149457
0,0,0.0029509107
0,0,0.011021859
0,0,0.361395
1,1,0.971142
0,0,0.05560771
0,0,0.27060983
0,1,0.6351892
0,1,0.64132017
0,0,0.0077691586
0,0,0.0025419102
1,1,0.6267517
1,1,0.5867043
1,1,0.9684401
1,1,0.9860654
1,1,0.99680907
1,1,0.9054465
0,0,0.46687225
1,1,0.9953975
0,0,0.008072306
0,0,0.14156316
1,1,0.56389505
1,1,0.9693691
1,1,0.7882376
0,0,0.003265712
1,1,0.9130541
1,1,0.8841007
1,1,0.9958127
1,1,0.6506304
1,1,0.6103716
1,1,0.99674916
1,1,0.61827946
1,1,0.6754651
0,0,0.046986777
1,1,0.996101
0,1,0.6589784
0,0,0.35867274
0,0,0.010718101
1,1,0.96602505
1,1,0.6681945
0,0,0.031796467
1,1,0.95557916
0,0,0.0053636394
1,1,0.6427711
0,0,0.002823053
1,1,0.99705577
1,1,0.69155395
1,1,0.55324966
0,0,0.0026661402
1,1,0.73346657
1,1,0.97791034
1,1,0.6361271
0,0,0.1486504
0,0,0.00296523
0,0,0.0044779247
0,0,0.0044893306
1,1,0.7027856
0,0,0.0048204903
1,1,0.9924643
1,1,0.7425594
1,1,0.6726527
0,0,0.0028553866
1,1,0.9961994
0,0,0.019711453
1,1,0.76082087
1,1,0.9971917
1,1,0.9914799
0,0,0.026350621
0,0,0.0031014052
0,0,0.005873432
0,0,0.0027166202
1,1,0.9969535
1,1,0.99427927
0,0,0.43489912
1,1,0.99730253
0,0,0.0735323
0,1,0.63465726
0,0,0.11295153
0,0,0.004700103
1,1,0.67812866
1,1,0.9881891
0,0,0.009758869
0,0,0.003379894
0,0,0.04571418
1,1,0.9973832
0,0,0.0034878252
0,0,0.0032257147
0,0,0.0038674762
0,0,0.0037571555
0,0,0.0035269372
1,1,0.7669316
1,1,0.65636986
0,0,0.30126894
1,1,0.920324
1,1,0.8565939
0,0,0.011459022
0,0,0.0064894934
0,0,0.002669358
1,1,0.9951251
1,1,0.55912447
1,1,0.6865672
1,1,0.61321473
0,0,0.059342302
0,0,0.0028867356
1,1,0.6325779
0,0,0.40363923
1,1,0.9973671
1,1,0.99537426
1,1,0.9962858
0,0,0.008426904
1,1,0.713849
0,0,0.14299572
1,1,0.98708344
1,1,0.6430545
0,0,0.045003094
1,1,0.9978696
1,1,0.95573443
1,1,0.6822996
0,0,0.18589324
1,1,0.65882075
1,1,0.9960975
0,0,0.1925751
1,1,0.9403821
1,1,0.5927063
1,1,0.99641377
1,1,0.65124714
1,1,0.61569476
0,0,0.004159397
1,1,0.9385446
1,1,0.99755657
0,0,0.0026622908
1,1,0.8169631
1,1,0.67733103
1,1,0.99678314
1,1,0.879714
0,0,0.0027360804
1,1,0.95999837
0,0,0.020112064
0,0,0.22699977
1,1,0.99727565
0,0,0.007332139
1,1,0.99726677
0,0,0.0036842735
1,1,0.6687796
0,0,0.04542386
0,0,0.05411599
0,1,0.5885615
0,0,0.0026207205
1,1,0.8474717
0,0,0.0027927721
1,1,0.6209428
1,0,0.07728425
1,1,0.61213
0,0,0.030527418
0,0,0.0034397752
0,0,0.021078447
0,0,0.0066026542
1,1,0.69600886
0,0,0.047768142
0,0,0.025799949
1,1,0.65808076
0,1,0.5127306
1,1,0.9672714
0,0,0.00536294
1,1,0.93613046
1,1,0.99604684
0,0,0.0030452092
0,0,0.0025361192
0,0,0.015938833
0,0,0.007473037
0,0,0.002821048
0,0,0.34445423
1,1,0.9968336
0,0,0.018159006
0,0,0.01166859
0,0,0.013006098
1,1,0.61033916
1,1,0.5566198
1,1,0.98993
1,1,0.9948638
1,1,0.57716244
0,0,0.004763216
1,1,0.63665295
1,1,0.9769289
0,0,0.0061529754
1,1,0.7230186
1,1,0.6296496
1,1,0.9834609
0,0,0.0030666983
0,0,0.0061887125
0,0,0.05398408
0,0,0.0034575332
0,0,0.02678802
0,0,0.012219086
1,1,0.9420398
0,0,0.041519467
1,1,0.99642414
1,1,0.9971163
0,0,0.0051062484
1,1,0.6802262
1,1,0.6908977
1,1,0.848046
0,0,0.010915751
0,1,0.63447326
0,0,0.009578325
1,1,0.8087572
0,0,0.12305173
1,1,0.71200114
1,1,0.6753952
0,0,0.0035804745
0,0,0.1298117
1,1,0.6426947
1,1,0.9827899
0,0,0.0029407693
0,0,0.0067748767
1,1,0.6714408
0,0,0.44581103
1,1,0.71928376
0,0,0.007245892
1,1,0.97604173
1,1,0.95671684
1,1,0.79994965
1,1,0.99277765
1,1,0.9058327
0,0,0.0031651002
1,1,0.6753543
1,1,0.97209924
1,1,0.8451281
1,1,0.64186215
0,0,0.003133437
0,0,0.0035924313
0,0,0.0040777368
1,1,0.6700711
0,0,0.039034218
1,1,0.682252
0,0,0.34161013
0,0,0.002706457
1,1,0.8513483
1,1,0.97115076
0,0,0.1357367
0,0,0.0060733897
1,1,0.97026664
0,0,0.0028697448
0,0,0.27509734
1,1,0.59374094
0,0,0.0032866267
0,0,0.0028815605
0,0,0.054200873
1,1,0.59204555
1,1,0.9774789
1,1,0.99755055
1,1,0.99668163
1,1,0.97015935
0,0,0.02096548
1,1,0.7424644
0,0,0.004785867
0,0,0.018898576
1,1,0.5564018
1,1,0.98870045
0,0,0.0044266693
0,0,0.010366142
1,1,0.98385185
0,0,0.0072554965
0,0,0.0041570514
0,0,0.392661
0,0,0.002506158
1,1,0.64315265
1,0,0.013652661
0,0,0.0043239817
0,0,0.004962231
0,0,0.0044036107
0,0,0.11608733
1,1,0.9969848
0,0,0.003274425
0,0,0.046673477
1,1,0.86797214
0,0,0.0034616333
0,0,0.0033134194
1,1,0.91859674
0,0,0.07451776
1,1,0.75562763
1,1,0.9435306
1,1,0.6750472
0,0,0.0659848
1,1,0.94321924
1,1,0.62983537
0,0,0.0034521385
1,1,0.9919218
0,0,0.09645218
1,1,0.65945846
1,1,0.7932847
1,1,0.58083874
1,1,0.9891046
0,0,0.43995097
1,1,0.61496377
0,0,0.045636408
0,0,0.119776875
1,1,0.9602861
0,0,0.007383537
1,1,0.9796285
1,1,0.96402985
0,1,0.61142325
1,1,0.70642465
0,0,0.41484293
1,1,0.6647423
1,1,0.9964104
1,1,0.73445547
1,1,0.9759261
0,0,0.0039354577
0,0,0.017787538
1,1,0.6030406
1,1,0.9975606
0,0,0.012387519
0,0,0.0033286486
0,0,0.0027849388
0,0,0.06109998
1,1,0.91267973
1,1,0.6581508
0,0,0.021389158
0,0,0.002916751
1,1,0.9973496
0,0,0.008980866
0,0,0.0043364074
1,1,0.99685055
0,0,0.024575615
1,1,0.8179323
0,0,0.0036650333
0,0,0.20436469
1,1,0.9973544
0,0,0.008232929
1,1,0.67423403
1,1,0.98315585
1,1,0.58237827
0,0,0.0165453
1,1,0.6269105
1,1,0.9912661
1,1,0.5870612
0,0,0.0057058693
0,0,0.0026547331
1,1,0.9966037
1,0,0.3739748
0,0,0.003063542
0,0,0.0143234255
0,0,0.0037576978
0,0,0.015804814
0,0,0.0071664383
0,0,0.0066891643
0,0,0.0033845424
1,1,0.9382861
0,0,0.0027007025
0,0,0.0040047015
0,0,0.0074529005
1,1,0.70827377
0,0,0.0042268364
0,0,0.0037102588
1,1,0.62224185
1,1,0.6848483
0,0,0.014439599
0,0,0.0078115715
1,1,0.6404538
0,0,0.025117643
0,0,0.003365184
1,1,0.9970402
0,0,0.14999557
0,0,0.20926403
1,1,0.61086273
0,0,0.418509
0,0,0.029328164
1,1,0.78755003
1,1,0.6264903
1,1,0.7105532
0,0,0.0029804094
1,1,0.66702217
0,0,0.0027905975
0,1,0.65280825
1,1,0.9967818
0,0,0.36662742
1,1,0.80941594
0,0,0.0033458376
0,0,0.35249808
1,1,0.69498754
0,0,0.0050044493
0,0,0.012649474
1,1,0.6185555
0,0,0.006737238
0,0,0.0071040387
1,1,0.5795341
1,1,0.7142983
1,1,0.8520388
0,0,0.00665978
0,0,0.4545266
1,1,0.9968906
1,1,0.687668
0,0,0.012415376
1,1,0.70671916
0,0,0.041101087
0,0,0.00430559
1,1,0.93125284
0,0,0.3160984
0,0,0.009022147
0,0,0.0050280965
0,0,0.33706573
0,0,0.058030415
1,0,0.35980713
0,0,0.014710453
1,1,0.9933256
1,1,0.6357736
0,0,0.0027321333
1,1,0.9942386
1,1,0.799685
0,0,0.002712291
0,0,0.058692597
0,0,0.0029102406
0,0,0.015914649
1,1,0.8261487
0,0,0.004473104
1,1,0.99567163
1,1,0.63347495
1,1,0.5831668
0,0,0.4708584
1,1,0.99655485
0,0,0.055046163
1,1,0.9845552
1,1,0.6326357
0,0,0.115777045
0,0,0.20997861
0,0,0.003608625
0,0,0.0067840563
0,0,0.03906313
1,1,0.6815005
1,1,0.8118298
1,1,0.63660336
1,1,0.9151424
1,1,0.9712624
0,0,0.007248846
0,0,0.004117065
1,1,0.65525997
0,0,0.005493584
1,1,0.997124
0,0,0.008353265
0,0,0.06929718
1,1,0.5277367
1,1,0.660038
0,0,0.002684134
0,0,0.0031550603
0,0,0.26237303
0,0,0.0049511637
0,0,0.005720621
0,0,0.0093662115
1,1,0.9844549
0,0,0.03061833
0,0,0.002863607
0,0,0.0076003824
0,0,0.0040285042
0,0,0.008016603
0,1,0.7148752
1,1,0.6764078
0,0,0.0032484236
1,1,0.98066187
0,0,0.00304188
1,1,0.7741565
0,0,0.0039952258
0,0,0.0032156818
1,1,0.54127365
0,0,0.0047566895
1,1,0.99514043
1,1,0.61644804
1,1,0.9889579
0,0,0.091890946
0,0,0.0149615
1,1,0.9099734
1,1,0.6254283
0,0,0.0060355444
0,0,0.007628083
1,1,0.9899513
0,1,0.6410911
1,1,0.99716383
0,0,0.00928579
1,1,0.891358
1,1,0.5493534
1,1,0.9971933
0,0,0.003770286
1,1,0.93960834
1,1,0.5967527
0,0,0.024944475
1,1,0.9454019
1,1,0.61179835
1,1,0.89087784
0,0,0.003538402
1,1,0.9799344
1,1,0.9964675
0,0,0.003514219
1,1,0.9967746
1,1,0.68160284
1,1,0.8930442
1,1,0.99679106
0,0,0.016798127
0,0,0.00400695
0,0,0.059514843
1,1,0.673122
0,0,0.0037140255
1,1,0.9791253
0,0,0.0037406215
0,0,0.29958495
1,1,0.8926349
0,0,0.0028731825
0,0,0.0025375267
1,1,0.99375373
0,0,0.0024787062
1,0,0.47276455
1,1,0.57190645
1,1,0.9859541
0,0,0.002801761
1,1,0.96610737
0,0,0.0054279985
0,0,0.002826892
1,1,0.9896507
0,0,0.005168344
1,1,0.91763407
1,1,0.9962063
0,0,0.0036157176
0,0,0.0067792637
0,0,0.0027553637
0,0,0.004832546
1,1,0.61944526
0,0,0.0084131295
1,1,0.589762
0,0,0.4803161
1,1,0.65077037
0,0,0.0072179055
1,1,0.9587521
0,0,0.0032875137
0,0,0.0054474194
0,0,0.004111696
1,1,0.6646613
0,0,0.017216044
0,0,0.009210668
0,0,0.002614848
0,0,0.0043433285
0,0,0.013208086
0,0,0.008704054
1,1,0.6977488
0,0,0.07709077
0,0,0.005637141
0,0,0.00942234
0,0,0.007130622
0,0,0.19969799
0,0,0.005014299
0,0,0.0028473698
0,0,0.0030198165
1,1,0.99717474
0,0,0.0025183319
1,1,0.8063415
1,1,0.9969007
1,1,0.99235266
0,0,0.018436456
1,1,0.9660967
1,1,0.99662375
1,1,0.6047335
1,1,0.6315675
0,0,0.003079422
0,0,0.002835845
0,1,0.73540014
0,1,0.75265026
1,1,0.7365113
0,0,0.09525273
1,1,0.968135
1,1,0.9496114
1,0,0.4171225
1,1,0.7597898
1,1,0.59992456
1,1,0.5989435
0,0,0.017873632
1,1,0.70598394
1,1,0.99706656
0,0,0.07893745
0,0,0.005256343
1,1,0.6369509
1,1,0.7707386
1,1,0.6948421
1,1,0.90839535
0,1,0.5026771
1,1,0.99812824
0,0,0.0041391305
0,0,0.0101602925
0,0,0.013165059
0,0,0.0059941444
1,1,0.81174666
0,0,0.00299564
1,1,0.9483235
0,0,0.005784414
1,1,0.9921588
1,1,0.9967349
1,1,0.99565804
0,0,0.0036164152
0,0,0.03041675
1,1,0.65037906
1,1,0.6739665
0,0,0.0036568919
1,1,0.6790295
0,0,0.002949504
0,0,0.006867458
0,0,0.0030572407
1,1,0.99064004
0,0,0.032781295
1,1,0.99625945
1,1,0.9737159
0,0,0.14914617
0,0,0.0030347104
0,0,0.0038714483
0,0,0.003473101
1,1,0.9916854
0,0,0.0026513212
0,0,0.00698908
0,0,0.0038809797
1,1,0.9571829
1,1,0.54124415
1,1,0.9801529
1,1,0.9969279
0,0,0.009632288
1,1,0.99689
1,1,0.9975133
1,1,0.697152
0,0,0.004804326
0,0,0.007816459
1,1,0.7938069
0,0,0.002579646
1,1,0.6212947
0,0,0.39799094
1,1,0.62966573
1,1,0.6234599
1,1,0.99649507
0,0,0.012052206
1,1,0.67983097
0,0,0.0065710377
0,0,0.06292537
1,1,0.9769657
0,0,0.0028250378
0,0,0.02357125
1,1,0.6799572
1,1,0.99370295
0,0,0.16178897
1,1,0.65553856
1,1,0.64890885
1,1,0.6567069
1,1,0.806697
0,0,0.0029526507
1,1,0.5558751
1,0,0.48858038
1,1,0.67598933
0,0,0.15263586
1,1,0.9385351
0,0,0.012779602
0,0,0.028159386
0,0,0.016031623
1,1,0.6462966
0,0,0.0033585953
0,0,0.0026622838
1,1,0.6287809
1,1,0.6034784
1,1,0.9971523
1,1,0.9790285
1,0,0.46274146
0,0,0.00932841
0,0,0.12618744
1,1,0.887575
1,1,0.6872728
1,1,0.9971301
0,0,0.38744357
1,1,0.89169025
1,1,0.80018646
1,1,0.9969586
0,0,0.0032271515
1,1,0.7587734
0,0,0.0042241537
1,1,0.717648
0,0,0.0072990665
0,0,0.0031514633
0,0,0.0031755222
0,0,0.0027902527
1,1,0.99692553
1,1,0.90593934
1,1,0.6189148
1,1,0.6521435
0,0,0.062136114
1,1,0.997785
0,0,0.0037394806
0,0,0.0034723333
0,0,0.0067323507
0,0,0.0025253752
0,0,0.0052544335
1,1,0.996808
1,1,0.6236813
0,0,0.0058805835
1,1,0.6663865
1,1,0.78855747
0,0,0.004073483
1,1,0.6170809
1,1,0.73354745
1,1,0.6875293
1,1,0.6171769
1,0,0.45152268
0,0,0.081081115
1,1,0.6477159
1,1,0.9877983
1,1,0.98654246
0,0,0.24817158
1,1,0.5182954
0,0,0.31079778
1,1,0.9765891
0,0,0.14715463
1,1,0.99744296
0,0,0.0038328166
0,0,0.049939107
0,0,0.0035100952
1,1,0.662061
0,0,0.062784575
1,1,0.8547746
0,0,0.0034799417
1,1,0.56347674
0,0,0.0067326217
1,1,0.8572591
1,1,0.6979875
1,1,0.7639457
1,1,0.6321393
1,1,0.97070426
1,1,0.99808073
0,0,0.00472847
0,0,0.0032485274
1,1,0.99671125
0,0,0.0030102965
1,1,0.86264354
1,1,0.6305553
1,1,0.64563525
0,0,0.059520826
0,0,0.00289619
1,1,0.6098825
1,1,0.54000986
0,0,0.012438344
1,1,0.6224228
0,0,0.0127734365
0,0,0.022958258
0,0,0.013889396
0,1,0.605464
1,1,0.9972982
0,0,0.004979824
0,0,0.0030481552
0,0,0.00721441
0,0,0.007740822
1,1,0.9906589
0,0,0.0034650664
1,1,0.92099816
1,1,0.99440986
1,1,0.6835365
1,1,0.61354166
1,1,0.7795016
0,0,0.39939615
1,1,0.58246493
0,0,0.004509112
0,0,0.0025890132
0,0,0.027566552
1,1,0.7855828
0,0,0.049878508
0,0,0.21501595
0,0,0.021222815
0,0,0.0027744465
1,1,0.99653316
1,1,0.99512297
1,1,0.9938454
0,0,0.10641464
0,0,0.003570592
1,1,0.8999622
1,1,0.65949464
1,1,0.8692923
0,0,0.2632237
1,1,0.6155842
1,1,0.9879894
0,0,0.2351131
0,0,0.0028443444
0,0,0.007457106
0,0,0.034067158
0,0,0.010574859
0,0,0.004428927
0,1,0.54785895
0,0,0.19349058
1,1,0.9815013
1,0,0.41671452
0,0,0.0030625549
1,1,0.99693847
0,0,0.004319008
0,0,0.0027049193
0,0,0.0028687143
1,1,0.9198003
0,0,0.0042175143
1,1,0.99758923
0,0,0.008355874
0,0,0.00851592
0,0,0.00333662
1,1,0.9941856
0,0,0.41699514
1,1,0.98767006
1,1,0.8203079
0,0,0.0036827687
1,1,0.9851666
1,1,0.9384766
0,0,0.0047138347
0,0,0.0031617715
1,1,0.9977107
1,1,0.9826012
1,1,0.6610431
1,1,0.54403687
1,1,0.97520137
1,1,0.9972204
0,0,0.34818754
0,0,0.0026631006
1,1,0.99479926
0,0,0.002681442
1,1,0.9262577
0,0,0.0053986805
1,1,0.59106106
1,1,0.9617932
0,0,0.008996523
0,0,0.0027871681
0,0,0.3740918
1,1,0.9969349
1,1,0.7435437
0,0,0.004925955
1,1,0.9805533
0,0,0.0026982722
0,0,0.003443315
1,1,0.6892342
0,0,0.02931588
0,0,0.021944387
1,1,0.98993766
1,1,0.6619329
0,0,0.017628983
0,0,0.007867645
1,1,0.9422984
0,0,0.003215355
0,0,0.0039459947
1,1,0.97376275
0,0,0.003355967
0,0,0.008729083
0,0,0.010357736
1,0,0.47481444
1,1,0.9199907
0,0,0.0071309637
0,0,0.003366769
0,0,0.0030881446
1,1,0.67240685
1,1,0.96243674
0,0,0.005070584
1,0,0.2120518
0,0,0.24067505
1,1,0.67275
0,0,0.0029453211
0,0,0.0027191252
1,1,0.83750767
1,1,0.7171331
0,0,0.0031711147
0,0,0.0043417267
0,0,0.005231931
1,1,0.9948369
1,1,0.99709904
1,1,0.99290013
0,0,0.496017
0,0,0.0026468413
1,1,0.6208871
0,0,0.07973065
1,1,0.7858742
1,1,0.9889298
0,0,0.0047948323
0,0,0.0039737322
0,0,0.0030611285
0,0,0.002690785
1,1,0.99587363
1,1,0.9805931
1,1,0.9936841
1,1,0.9865328
1,1,0.992657
0,0,0.32722992
1,1,0.98461735
1,0,0.2753632
0,0,0.0046121944
0,0,0.0027906613
0,0,0.14882134
0,0,0.016693117
0,0,0.002785014
1,1,0.6728885
1,0,0.3819587
1,1,0.6024779
1,1,0.5776414
0,0,0.002355083
1,1,0.6511681
0,0,0.011209413
1,1,0.87743586
0,0,0.48047477
0,0,0.0033061393
0,0,0.31763062
0,0,0.0028337284
1,1,0.9943826
0,0,0.003897932
1,1,0.95776504
1,1,0.6337911
0,0,0.0026946138
0,0,0.019205566
0,0,0.003337091
0,0,0.41733804
0,0,0.2708877
0,0,0.00266319
0,0,0.014563775
0,0,0.12282907
1,1,0.6061522
0,0,0.003015831
1,1,0.98375374
1,1,0.9790146
0,0,0.015524471
0,0,0.012315069
1,1,0.7024037
1,1,0.65176696
1,1,0.9884052
0,0,0.0032022127
0,0,0.04998691
1,1,0.6072679
1,1,0.9913612
0,0,0.015374825
1,1,0.8935595
0,0,0.0040176404
1,1,0.7109771
0,0,0.009233096
1,1,0.99677914
1,1,0.9728229
0,0,0.0071673943
1,1,0.9557966
1,1,0.6579861
0,0,0.0028529668
1,1,0.6578375
0,0,0.0035956963
1,1,0.75222915
1,1,0.6593636
1,1,0.5933368
1,1,0.9969656
0,0,0.0059810188
0,0,0.0048593776
0,0,0.004505973
0,0,0.010810583
0,0,0.014955689
1,1,0.5601182
1,1,0.9897077
0,0,0.005115214
1,1,0.99666023
0,0,0.0073659993
0,0,0.0068004685
1,1,0.99596596
1,1,0.62440085
1,1,0.76478183
0,0,0.4498485
1,1,0.65851307
1,1,0.989437
0,0,0.0057938104
1,1,0.9853425
0,0,0.0751707
0,0,0.0032478834
1,1,0.9976373
0,0,0.0026126439
1,1,0.78404343
1,1,0.6720837
1,1,0.50296766
1,1,0.9954917
1,1,0.9967489
0,0,0.003457939
0,0,0.0029165568
0,0,0.10729797
0,0,0.21963863
1,1,0.6385619
0,0,0.0042884154
0,0,0.022553412
0,0,0.0036643841
1,1,0.6435183
1,1,0.6075118
0,0,0.002992462
1,1,0.7693196
0,0,0.004070867
0,0,0.033956993
0,0,0.011596159
1,0,0.03810974
0,0,0.04976461
1,1,0.9462069
1,1,0.994068
1,1,0.69693637
0,0,0.4899935
0,0,0.074511886
0,0,0.0035742454
0,0,0.005212485
0,0,0.15304653
0,0,0.0028946826
1,1,0.61663854
0,0,0.009182877
0,0,0.003308524
0,1,0.50613236
0,0,0.059093915
0,0,0.0040467125
1,1,0.74664545
1,1,0.93214536
0,0,0.0036934777
0,0,0.002716393
0,0,0.0052944636
0,0,0.17287865
1,1,0.71551013
1,1,0.9971348
0,0,0.038182903
0,0,0.003376673
0,0,0.41469502
0,0,0.016285647
1,1,0.5849257
0,0,0.05512083
0,0,0.020664498
0,0,0.015032926
1,1,0.85854775
0,0,0.16150077
1,1,0.644093
0,0,0.038512453
1,1,0.9957307
0,0,0.3481225
0,0,0.040912423
1,1,0.7375468
1,1,0.64206356
1,1,0.76164937
1,1,0.9972657
0,0,0.19940947
0,0,0.09442358
0,0,0.49529684
0,0,0.010091563
1,1,0.7003629
0,0,0.23637068
0,0,0.0032695525
0,0,0.005258323
1,1,0.9964708
1,1,0.6486806
0,0,0.004476701
0,0,0.0025588959
0,0,0.1038075
0,0,0.4270299
0,0,0.008175319
0,0,0.0028761483
1,1,0.67723596
1,1,0.65808594
0,0,0.48610416
0,0,0.0039753816
0,0,0.14895524
0,0,0.0058592465
0,0,0.007022687
0,0,0.012385243
0,0,0.004106627
1,1,0.75900877
0,0,0.0027960185
0,0,0.0028203027
1,1,0.62494504
1,1,0.99417627
0,0,0.0073825163
0,0,0.003470382
1,1,0.68869096
0,0,0.0046209726
1,1,0.8864512
1,1,0.60566115
1,1,0.8984755
0,0,0.4310248
0,0,0.009942003
0,0,0.0028422798
0,0,0.005076611
0,0,0.4080634
1,1,0.87946635
0,0,0.28156954
0,0,0.0042018886
0,0,0.0027278867
0,0,0.00440891
1,1,0.9163846
0,1,0.6070926
0,0,0.026142126
1,1,0.9296316
1,1,0.99610484
1,1,0.9909677
0,0,0.0036715285
0,0,0.0031678004
0,0,0.11775349
1,1,0.9968316
0,0,0.076340675
0,0,0.0039458186
0,0,0.0028523537
1,1,0.9507306
1,1,0.63707674
0,0,0.002669156
1,1,0.9972892
0,0,0.0036013864
0,0,0.02113327
0,0,0.04025857
0,0,0.07261313
1,1,0.7514708
1,1,0.9968964
1,1,0.605653
0,0,0.017539812
0,0,0.01352329
0,0,0.008232944
1,1,0.55250275
1,1,0.6059582
0,0,0.0038994055
1,1,0.9964044
0,0,0.003747715
1,1,0.9974554
1,1,0.72856045
0,0,0.002861017
1,1,0.99513924
1,1,0.9948369
1,1,0.981699
0,0,0.0049762125
0,0,0.32216567
1,1,0.9584228
0,0,0.015509231
1,1,0.63810843
1,1,0.9957877
1,1,0.5824916
0,0,0.013316762
0,0,0.0037219247
1,1,0.9464949
1,1,0.6470879
0,0,0.08690156
1,1,0.7064124
1,1,0.9965695
1,1,0.9954254
0,0,0.07740389
1,1,0.6646612
1,1,0.9541402
0,0,0.043490283
1,1,0.86979306
0,0,0.008570425
1,1,0.62635785
0,0,0.003527023
0,0,0.006459186
0,0,0.004704265
0,0,0.055924285
1,1,0.99288565
0,1,0.67266613
0,0,0.0027499879
1,1,0.99686205
0,0,0.004184833
1,1,0.6624154
1,1,0.95271426
0,0,0.0037164579
1,1,0.81367534
1,1,0.9164438
0,0,0.0046229023
1,1,0.9970425
0,0,0.005133875
1,1,0.66919035
0,0,0.030245077
1,1,0.9963676
0,0,0.0025857796
0,0,0.0155100105
0,0,0.003868439
0,0,0.0026490628
1,1,0.9944792
1,1,0.6422847
1,1,0.6789285
1,1,0.6419228
1,1,0.99747247
0,0,0.24523552
1,1,0.56588787
0,0,0.027249254
0,0,0.0025975087
0,0,0.005023438
1,1,0.6079189
1,1,0.5479452
1,1,0.6675854
1,0,0.34266645
0,0,0.005582762
0,0,0.1353279
0,0,0.009391486
0,0,0.03876568
1,1,0.9673428
1,1,0.9966446
1,1,0.6190661
0,0,0.0028536534
0,0,0.032140173
1,1,0.97294056
1,1,0.975349
1,1,0.9487771
1,1,0.7934161
0,0,0.39581445
0,0,0.009425617
1,1,0.70795494
1,1,0.5832693
1,1,0.98851925
1,1,0.8737992
0,0,0.0065225116
0,0,0.0025501773
0,0,0.024308072
1,1,0.68722403
0,0,0.11904499
1,1,0.99494153
1,1,0.99615675
1,1,0.9886691
1,1,0.7071496
0,0,0.01703507
0,0,0.007179515
0,0,0.043405775
1,1,0.61709553
1,1,0.9397426
1,1,0.614595
0,0,0.005052363
1,1,0.99661523
1,1,0.98791146
1,1,0.9967541
0,0,0.06432892
1,1,0.9370759
1,1,0.68876857
0,0,0.092716895
1,1,0.9138957
1,1,0.99600524
1,1,0.9459374
1,1,0.79207236
0,0,0.006928122
1,1,0.8165949
1,1,0.7001257
1,1,0.95474714
1,1,0.83148885
0,0,0.13701889
1,1,0.9631485
1,1,0.994729
0,0,0.0033226772
0,0,0.14316627
0,0,0.010200838
1,1,0.9924661
0,0,0.28771463
1,1,0.99503726
0,0,0.0037511599
1,1,0.9661787
0,0,0.0041530184
0,0,0.006489874
0,0,0.022120425
1,1,0.9900602
1,1,0.606102
0,0,0.15884075
1,1,0.5421153
0,0,0.008551419
0,0,0.0058251102
1,1,0.6283051
0,0,0.25263715
1,1,0.6258369
1,1,0.91351604
1,1,0.64562505
0,0,0.026977027
0,0,0.013967165
0,0,0.38681775
1,1,0.9969252
0,0,0.0030100844
1,1,0.93388987
1,1,0.99693215
0,0,0.0034194526
0,0,0.01176666
0,0,0.032953974
0,0,0.0064968355
0,0,0.109149344
0,0,0.347159
0,0,0.036691424
1,1,0.72118706
1,1,0.6087947
1,1,0.8868746
0,0,0.017889734
1,1,0.98944116
1,1,0.9531546
1,1,0.69946086
0,1,0.6205786
0,0,0.006068668
0,0,0.008798246
0,0,0.0073934332
1,1,0.9968995
0,0,0.33735585
1,1,0.9906571
0,0,0.38464677
1,1,0.64675266
1,1,0.5968482
0,0,0.05168523
0,0,0.0069563966
0,0,0.013268418
1,1,0.66642845
1,1,0.7965818
1,1,0.5686279
0,0,0.0026118688
1,1,0.66211337
0,0,0.0027306136
0,0,0.0029961446
0,1,0.57785875
0,0,0.0305231
1,1,0.9960157
0,0,0.27722138
1,1,0.99755895
1,1,0.7333068
0,0,0.0026379894
0,0,0.0034827392
1,1,0.6290717
0,0,0.003736897
1,1,0.99349385
0,0,0.027433606
0,0,0.03921077
1,1,0.54005134
1,1,0.63496506
1,1,0.9897933
0,0,0.003174994
1,1,0.62632024
1,1,0.99038965
1,1,0.7184765
1,1,0.9967032
1,1,0.9938433
1,1,0.6348754
1,1,0.99625325
1,1,0.6292861
1,1,0.621969
1,1,0.9964283
1,1,0.59751606
0,0,0.03649794
0,0,0.0064377673
1,1,0.79135424
0,0,0.0027145285
0,0,0.023897825
1,1,0.69450694
1,1,0.91820127
1,1,0.81025
0,0,0.0033007467
1,1,0.7227845
1,1,0.99691075
0,0,0.0032451337
0,0,0.005306786
1,1,0.62552434
1,1,0.9912942
1,1,0.99477345
0,0,0.017859032
1,1,0.5696242
0,0,0.0031963137
0,0,0.07057911
1,1,0.5984354
1,1,0.5933566
1,1,0.67284596
1,1,0.5983566
1,1,0.6378088
1,1,0.6543075
0,0,0.004661526
1,1,0.6840215
0,0,0.0072696847
1,1,0.99795485
1,1,0.83937603
0,0,0.03599944
1,1,0.64045787
0,0,0.0033192649
1,1,0.98338276
1,1,0.9954782
1,1,0.5975037
0,0,0.005718549
0,0,0.00444541
0,0,0.0026319947
0,0,0.0054277256
0,0,0.0025838385
1,1,0.8030159
1,1,0.6730062
1,1,0.946999
0,0,0.005646803
0,0,0.0040862784
1,1,0.995904
1,1,0.95960635
1,1,0.86759317
1,1,0.9969957
0,0,0.0051333266
0,0,0.004104638
1,1,0.99289495
0,0,0.008314143
1,1,0.8603299
1,1,0.7015657
1,1,0.62186575
0,0,0.009198083
0,0,0.0029815743
0,0,0.010776034
1,1,0.99544793
0,0,0.0041048857
0,0,0.0034978746
1,1,0.98902065
0,0,0.010036162
1,1,0.91933215
0,0,0.00491556
1,1,0.66843414
1,1,0.99607325
1,1,0.8806103
0,0,0.0074393395
1,1,0.6107037
1,1,0.9964301
1,1,0.555303
1,1,0.60611767
0,0,0.2997107
1,1,0.99664885
1,1,0.99203306
1,1,0.9969783
1,1,0.67925394
1,1,0.95841855
1,1,0.9903832
1,0,0.42986768
1,1,0.68819034
1,1,0.7597924
1,1,0.52708465
1,1,0.903939
0,0,0.012290404
0,0,0.024352573
0,0,0.0047068866
1,1,0.7157585
1,1,0.57007456
1,1,0.5899882
1,1,0.9966942
1,1,0.99541426
1,1,0.99578166
1,1,0.98778766
1,1,0.99656516
1,0,0.4911839
1,1,0.6600135
0,0,0.005097956
0,0,0.011597225
0,1,0.550736
0,0,0.0030051172
0,0,0.20922498
0,0,0.004083603
0,0,0.0025720678
0,0,0.0028957839
0,0,0.0056049363
0,0,0.00509954
1,1,0.7295728
0,0,0.012946856
0,0,0.0049396604
0,0,0.030405315
0,1,0.7621135
1,1,0.7409554
1,1,0.6565938
0,0,0.0049820854
1,1,0.9792407
1,1,0.99621236
0,0,0.0065353997
0,1,0.6575955
0,0,0.048253763
0,0,0.0029164169
1,1,0.8973594
1,1,0.63808835
1,1,0.64861965
1,1,0.9960075
1,1,0.6101724
0,0,0.0046716966
0,0,0.4202813
0,0,0.0028217246
1,1,0.99708396
1,1,0.98165244
0,0,0.07822922
1,1,0.9972932
0,0,0.021033369
0,0,0.010177279
0,0,0.002868086
1,1,0.7129012
0,0,0.07193872
0,0,0.011732747
1,1,0.96386534
0,0,0.0115661165
0,0,0.27524915
1,1,0.9926878
0,0,0.058849286
1,1,0.695142
1,1,0.99724364
0,0,0.0073198504
0,1,0.613519
1,1,0.6634707
1,1,0.657595
1,1,0.97107744
0,0,0.003088347
1,1,0.6737858
0,0,0.0052062753
0,0,0.0061242813
1,1,0.86373615
0,0,0.019377086
1,1,0.9925645
1,1,0.8046917
0,0,0.00565092
1,1,0.6843134
1,1,0.97360027
1,1,0.9434048
1,1,0.9927941
0,0,0.011616208
0,0,0.008295861
1,1,0.6168812
0,0,0.0036138322
1,1,0.5852932
1,1,0.67849797
0,0,0.3260935
0,0,0.14557569
1,1,0.54687494
0,0,0.0048644943
0,0,0.0040648878
1,1,0.9776332
0,0,0.0036106897
1,1,0.9932981
1,1,0.99451494
1,1,0.99768245
1,1,0.65513355
0,0,0.0075491383
0,0,0.005533934
0,0,0.06345701
0,0,0.002730802
0,0,0.023007147
1,1,0.6461978
1,1,0.995014
1,1,0.955693
0,0,0.0028757981
0,0,0.0085461205
0,0,0.0028914353
1,1,0.9964445
1,1,0.77748096
0,0,0.002868311
1,1,0.86302483
0,0,0.0035425657
0,1,0.55172354
1,1,0.9655705
0,0,0.0055035497
1,1,0.89364564
0,0,0.0059206365
0,0,0.003385183
1,1,0.99717146
0,0,0.003333366
1,1,0.6617934
0,0,0.004071309
1,1,0.86018443
1,1,0.8968502
1,1,0.8799157
0,0,0.44867826
0,0,0.0026718974
0,0,0.005638488
1,0,0.31227732
0,0,0.020559078
1,1,0.97626436
0,0,0.006562331
0,0,0.24666014
0,0,0.005817689
0,0,0.015223896
1,1,0.9972857
0,0,0.009762713
0,0,0.0044239257
0,0,0.01530621
0,0,0.29503423
1,1,0.77371836
0,0,0.0075705275
0,0,0.004650239
1,1,0.6018651
1,1,0.95843977
1,1,0.8939345
0,0,0.00299907
1,0,0.47779045
1,1,0.6541252
0,0,0.3095976
1,1,0.8966644
1,1,0.6489806
1,1,0.9966714
0,0,0.14508991
0,0,0.003015418
0,0,0.07855334
1,1,0.6760998
0,0,0.3317643
0,0,0.0024867498
0,0,0.4016621
0,1,0.60582936
1,1,0.9936465
1,1,0.60156745
1,1,0.80491066
1,1,0.99705267
1,1,0.6708089
0,0,0.0026643025
0,0,0.0052620503
1,1,0.99693465
1,1,0.9722588
0,0,0.007836756
1,1,0.9969969
0,0,0.004861467
0,0,0.0028342283
1,1,0.94115216
0,0,0.013833172
1,1,0.78330636
0,0,0.10141446
1,1,0.9899109
0,0,0.0050434736
1,1,0.66137844
0,0,0.02310025
0,0,0.39972332
1,1,0.68098634
1,1,0.676792
1,1,0.6485161
0,0,0.009379783
0,0,0.002799236
0,0,0.2381991
0,0,0.094582394
1,1,0.6422463
0,0,0.0031536212
1,1,0.9955332
1,1,0.8380848
0,0,0.0027982327
0,0,0.0801225
1,1,0.88713497
1,1,0.9970289
0,0,0.008505349
1,1,0.5294511
1,1,0.6111701
1,1,0.6470268
1,1,0.7146914
0,0,0.03331676
1,1,0.62830734
1,1,0.93717706
1,1,0.82161945
1,1,0.7116962
0,0,0.004468465
1,1,0.62371856
0,0,0.033129327
0,0,0.004652636
0,0,0.018735355
0,0,0.0029250751
1,1,0.85453033
0,0,0.4382613
0,0,0.004365175
0,0,0.010793188
1,1,0.58980864
1,1,0.9969342
0,0,0.008837576
0,1,0.5701073
0,0,0.023902912
1,1,0.9963437
0,0,0.0032167535
0,0,0.005079922
1,1,0.9972459
1,1,0.9175348
1,1,0.89989257
1,1,0.67848104
0,0,0.0028290434
0,0,0.006299963
0,0,0.035254493
0,0,0.0024886536
0,0,0.026402753
0,0,0.10365347
1,1,0.99679095
1,1,0.6144435
0,0,0.027819065
0,0,0.0049917107
1,1,0.75515753
0,0,0.20593284
0,0,0.09466078
1,1,0.9851677
0,0,0.42905715
0,1,0.54086596
1,1,0.9976004
1,1,0.99289435
0,0,0.0028698987
1,1,0.82912916
0,0,0.079182714
0,0,0.012188735
0,0,0.0040170033
1,1,0.99639505
0,0,0.015938977
1,1,0.6021679
1,1,0.996988
0,0,0.0049003595
0,0,0.03399443
0,1,0.6343415
1,1,0.991994
1,1,0.7838227
0,0,0.003256711
1,1,0.6355706
1,1,0.6971102
1,1,0.9940421
1,1,0.94018394
1,1,0.60856384
1,1,0.9950293
0,0,0.228038
0,0,0.043282952
1,1,0.9971244
0,0,0.32678267
1,1,0.64119774
1,1,0.6610522
1,1,0.99541324
1,1,0.9969631
0,0,0.3898016
0,0,0.028026264
0,0,0.0047082407
1,1,0.94433755
1,1,0.7854185
1,1,0.97791153
1,1,0.9454905
1,1,0.6262301
0,0,0.015375199
1,1,0.9970156
0,0,0.17322086
1,1,0.5950756
0,0,0.010565662
1,1,0.56183267
0,0,0.006422821
1,1,0.9969158
0,0,0.005492303
1,1,0.6658134
1,1,0.94356126
0,0,0.0032889328
0,0,0.004778192
0,1,0.5599011
0,0,0.019925319
1,1,0.8961666
0,0,0.0060781445
0,0,0.011106882
0,0,0.0024471101
0,1,0.5964145
0,0,0.009710576
0,0,0.0069288174
1,1,0.6667207
0,0,0.0034778472
1,1,0.96339947
0,0,0.0044274763
0,0,0.00648207
0,0,0.035512447
1,1,0.90868706
1,1,0.9156405
0,0,0.0035144293
1,1,0.99707377
1,1,0.9958403
0,0,0.0030729088
1,1,0.6262077
0,0,0.0036732245
0,0,0.13401654
0,0,0.013323757
0,0,0.0042830883
0,0,0.0395214
0,0,0.0034789217
0,0,0.0071190954
1,1,0.99720323
0,0,0.0040053045
0,0,0.0037110078
1,1,0.808281
1,1,0.5431938
0,0,0.19157001
1,1,0.9466424
1,1,0.95541805
1,1,0.64703166
1,1,0.7414875
0,0,0.33448792
0,0,0.016807726
0,0,0.010209777
0,0,0.002721433
0,0,0.02421937
0,0,0.4707674
1,1,0.61540484
0,0,0.18603201
1,1,0.6652448
1,1,0.9902512
1,1,0.6070196
1,0,0.2433346
1,1,0.88282967
0,1,0.53076106
1,1,0.9972579
0,0,0.07706452
0,0,0.0068188603
0,0,0.09635642
0,0,0.04174709
1,1,0.9951137
0,0,0.0041684345
1,1,0.9169817
0,0,0.0050560725
0,0,0.003360818
1,1,0.9473203
0,0,0.12079007
1,1,0.9267466
0,0,0.019962162
1,1,0.8989233
1,1,0.99723864
0,0,0.058641836
1,1,0.983537
1,1,0.9903261
1,1,0.94356585
0,0,0.06760339
0,0,0.0026109496
0,0,0.00949561
1,1,0.9955271
1,1,0.95580924
0,0,0.022960879
0,0,0.0052156015
0,0,0.071905844
1,1,0.6776483
0,0,0.29843545
1,1,0.99725974
1,1,0.5762997
0,0,0.017307604
1,1,0.99653184
0,0,0.25039807
0,0,0.48306555
1,1,0.9964909
0,0,0.004087505
1,1,0.6729273
1,1,0.98303103
1,1,0.99496305
0,0,0.0064256177
1,1,0.99072415
0,0,0.0031802957
1,1,0.6847687
1,1,0.75700206
1,1,0.66140795
1,1,0.9084725
1,1,0.8342184
0,0,0.0027259793
0,0,0.0032931282
1,1,0.9949739
0,0,0.09458915
1,1,0.99723154
1,1,0.99740124
1,1,0.6482692
0,0,0.0051201913
0,0,0.0026885879
1,1,0.8488867
1,1,0.99684626
0,0,0.006197047
1,1,0.9868547
1,1,0.93924433
0,0,0.11348653
1,1,0.5809773
1,1,0.6051444
0,0,0.002798837
1,1,0.99710006
0,0,0.20090558
1,1,0.9451098
0,0,0.07523389
0,0,0.0087313205
1,1,0.9972007
1,1,0.78687704
0,0,0.0027139166
0,0,0.0028440848
0,0,0.0029031134
1,1,0.60274404
1,1,0.9972459
1,1,0.73451877
0,0,0.003148271
1,1,0.6379648
0,0,0.22476803
1,1,0.5847193
0,0,0.0054831523
1,1,0.9967552
0,0,0.0027950916
1,1,0.788705
0,0,0.0027270035
0,0,0.0038368423
0,0,0.009348755
1,1,0.979654
0,0,0.020016761
1,1,0.9292755
1,1,0.6129806
0,1,0.5420644
0,0,0.0025215512
0,0,0.011282148
0,0,0.021606764
0,0,0.22671135
0,0,0.0027043803
0,0,0.0033448045
0,0,0.2242781
0,0,0.030180976
1,1,0.9972466
1,1,0.99404293
1,1,0.9970789
0,0,0.0027675247
0,0,0.018827662
0,0,0.022574257
1,1,0.7669065
1,1,0.9966709
1,1,0.6482111
0,0,0.0030161205
0,0,0.00520011
1,1,0.9956904
0,0,0.01731514
0,0,0.0037461126
1,1,0.9922116
1,1,0.6932743
1,1,0.97733057
1,1,0.9968526
1,1,0.9881075
0,0,0.25929403
0,0,0.33444774
1,1,0.98607826
1,1,0.6319845
0,0,0.42734906
1,1,0.93426263
0,0,0.0025708156
0,0,0.009557676
1,1,0.99311996
0,0,0.016993513
1,1,0.7312
1,1,0.6467218
1,1,0.6430128
1,1,0.747248
1,1,0.9972072
0,0,0.005097455
0,0,0.0073797633
0,0,0.04617006
1,1,0.6384124
1,1,0.9657539
1,1,0.7071213
0,0,0.0053113736
1,1,0.955733
0,0,0.11392398
1,1,0.99688065
0,0,0.0032825693
1,1,0.99256563
0,0,0.1392444
1,1,0.93396163
0,0,0.021158779
0,0,0.015786072
0,0,0.003965823
1,1,0.99697363
1,1,0.98920083
0,0,0.015845718
0,0,0.0789521
1,1,0.6458953
0,0,0.04251383
0,0,0.0028711774
0,0,0.0028740512
0,0,0.009657995
0,0,0.0445898
0,0,0.06370146
0,0,0.2835136
0,0,0.0070064054
1,1,0.6453991
1,1,0.765656
1,1,0.9954092
0,0,0.004435239
1,1,0.99729604
1,1,0.7259159
0,0,0.004588102
1,1,0.5784976
1,1,0.9965758
0,0,0.0024561503
0,0,0.008184123
1,1,0.746127
0,0,0.0052378704
1,1,0.63783973
0,0,0.40438032
0,0,0.07548279
1,1,0.9724539
1,1,0.9920121
1,1,0.7672742
0,0,0.0050213696
0,0,0.0053590373
1,1,0.8246655
0,0,0.12000941
1,1,0.9949851
0,0,0.020643521
1,1,0.6821884
1,1,0.5993192
0,0,0.008419489
0,0,0.003338157
1,1,0.6298198
0,0,0.0039681834
0,0,0.057357837
1,1,0.66708463
1,1,0.7163659
1,1,0.73172486
0,0,0.08005841
0,0,0.018331792
1,0,0.27335763
1,1,0.9967631
1,1,0.9850839
1,1,0.6946881
1,1,0.52867544
0,0,0.014852307
1,1,0.95597696
1,1,0.98688436
1,1,0.53130454
1,1,0.8731858
1,1,0.6797123
1,1,0.9969207
0,0,0.0069737975
0,0,0.0037754744
0,0,0.121686235
1,1,0.99354327
0,0,0.28336158
0,0,0.016977048
0,0,0.0037109547
1,1,0.9720509
0,1,0.5507455
0,0,0.017522754
1,1,0.5733108
0,0,0.004920451
0,0,0.47243658
0,0,0.005426099
1,1,0.99701583
0,0,0.004319222
1,1,0.70688003
1,1,0.55251575
1,1,0.9803357
1,1,0.57846516
0,1,0.61100996
0,0,0.07974063
1,1,0.66395426
0,0,0.080215946
1,1,0.67406076
0,0,0.0039413907
1,1,0.6874744
1,1,0.6306954
0,0,0.0039359774
0,0,0.0036270102
1,1,0.66215664
1,1,0.9347012
0,0,0.04755902
0,0,0.004581469
1,1,0.95520115
0,0,0.0076503186
1,1,0.7439959
0,0,0.0028734445
0,0,0.24614172
1,1,0.63176346
1,1,0.64691216
1,1,0.81923664
1,1,0.6920159
1,1,0.9687489
1,1,0.95382255
1,1,0.74178225
1,1,0.9918465
1,1,0.7544908
1,1,0.9516397
0,0,0.003601831
1,1,0.67217547
1,1,0.9979086
0,0,0.003180371
0,0,0.0069438904
1,1,0.6326943
0,0,0.006150689
1,1,0.56373423
0,0,0.3689377
0,0,0.023583
0,0,0.042501
1,1,0.9483754
1,1,0.62771505
1,1,0.9972619
0,0,0.0057411017
1,1,0.6248336
0,0,0.016410975
1,1,0.5619239
0,0,0.30332464
1,1,0.64251447
1,1,0.9713264
0,0,0.006127585
1,1,0.6020574
0,1,0.5291605
1,1,0.67387223
1,1,0.6842806
0,0,0.32049266
0,0,0.048855875
0,0,0.006386294
0,0,0.02454122
1,1,0.996429
1,1,0.7402807
0,0,0.015076573
1,1,0.99714404
1,1,0.6337452
0,0,0.0046238503
0,0,0.30913943
0,0,0.0060326704
1,0,0.4004492
0,0,0.0029481172
0,0,0.014008301
1,1,0.95994294
0,0,0.2563372
1,1,0.9948769
1,1,0.9259331
0,0,0.0036342787
1,1,0.62599653
0,0,0.25558117
0,0,0.4646882
1,1,0.99677116
1,1,0.98551893
0,0,0.25190628
1,1,0.8520523
1,1,0.85781616
0,0,0.024923943
0,1,0.55405265
0,0,0.016517546
0,0,0.007213946
1,1,0.9972256
1,1,0.7531014
1,1,0.99095505
0,0,0.0030600287
0,0,0.007055806
0,0,0.077841565
0,0,0.015211904
1,1,0.6530272
1,1,0.99678814
0,0,0.005748821
0,0,0.007194272
1,1,0.9974558
0,0,0.016895117
0,0,0.04223676
0,0,0.003127778
1,1,0.94128525
0,0,0.00371059
0,0,0.17031677
1,1,0.67714316
1,1,0.98698956
1,1,0.6978626
1,1,0.73931295
0,0,0.008158038
1,1,0.98118997
0,0,0.026264135
1,1,0.996058
0,0,0.013763303
0,0,0.015845122
0,0,0.019364486
1,1,0.6590768
1,1,0.9971943
0,1,0.5167908
0,0,0.0071317875
1,1,0.99697113
1,1,0.9971718
0,0,0.010320805
1,1,0.8140709
1,1,0.9854547
0,0,0.0028319964
0,0,0.008526818
1,1,0.9961391
1,1,0.97206104
1,1,0.9971769
0,0,0.0053928867
0,0,0.007787003
0,0,0.007098643
1,1,0.74314755
1,1,0.63995945
0,0,0.0049558147
1,1,0.9968464
1,1,0.99197525
1,1,0.67735386
1,1,0.6532592
0,0,0.0039797192
1,1,0.9719997
1,1,0.65631115
0,0,0.0052240645
0,0,0.003208116
1,1,0.66235226
0,0,0.00545524
1,1,0.98899883
1,0,0.40725264
1,1,0.63759285
1,1,0.99422616
1,1,0.91224
0,1,0.5249556
1,1,0.99527574
1,1,0.584197
1,0,0.43063867
1,1,0.6506344
1,1,0.9960675
0,0,0.006771544
1,1,0.9970124
1,1,0.99341667
1,1,0.9898114
1,1,0.99702686
0,0,0.021723814
1,1,0.57133704
1,1,0.5965244
1,1,0.9971034
1,1,0.6655904
0,0,0.006825745
1,1,0.9715035
1,1,0.612377
1,1,0.9455198
0,0,0.0028853307
1,1,0.98058057
1,1,0.90869
0,0,0.0027974767
1,1,0.99719065
0,0,0.0029076403
0,0,0.0029800013
1,1,0.9947035
1,1,0.585716
0,0,0.002825896
1,1,0.650811
0,0,0.0028426812
0,0,0.1302775
1,1,0.58850783
1,1,0.61154586
1,1,0.6370618
0,0,0.0032789442
0,0,0.078664616
1,1,0.6299709
1,1,0.99727255
1,1,0.56959224
1,1,0.6203712
1,1,0.9746143
0,0,0.010899474
0,0,0.00408732
1,1,0.76796275
1,1,0.9967437
0,0,0.03427027
0,0,0.0028863214
0,1,0.51105595
0,0,0.45457342
0,0,0.016488066
0,0,0.0030984902
0,0,0.032028172
1,1,0.99645245
1,1,0.6324997
0,0,0.0038163355
1,1,0.72520494
0,0,0.007913163
1,1,0.52964115
0,0,0.00430671
1,1,0.9961522
0,0,0.06938449
0,0,0.017404696
1,1,0.9790765
1,1,0.98639315
0,0,0.0032393858
0,0,0.0026147545
0,0,0.0070680813
0,0,0.07618955
0,0,0.0032278865
1,0,0.36500445
0,0,0.011628554
1,1,0.97565925
1,1,0.9958805
0,0,0.0037250125
0,0,0.004721523
0,0,0.011739151
0,0,0.015988106
0,0,0.003559071
0,0,0.0052968827
0,0,0.004647033
1,1,0.9970125
1,1,0.996738
1,1,0.98930514
1,1,0.99744105
0,0,0.0055701397
1,1,0.6580435
0,0,0.46159282
1,1,0.98501563
1,1,0.6201632
0,0,0.002967488
1,1,0.9176976
0,0,0.004891021
1,1,0.9054786
0,0,0.0030929071
1,1,0.91472477
1,1,0.9591488
0,0,0.0027328427
0,0,0.009775961
0,0,0.0030337628
1,1,0.9876237
1,1,0.5767661
1,1,0.9961205
0,0,0.010731886
1,1,0.99370956
0,0,0.0028705634
0,0,0.004333792
1,1,0.6058732
0,0,0.06283027
1,1,0.537893
1,1,0.8603667
0,0,0.0054365057
0,0,0.0052074534
1,1,0.58311194
1,1,0.96940976
0,0,0.01393655
1,1,0.6322249
1,1,0.6246157
0,0,0.07496176
1,1,0.99696153
1,1,0.90301836
1,1,0.96281165
1,1,0.9919844
0,0,0.003753222
0,0,0.16923511
0,0,0.04456382
1,1,0.5191648
1,1,0.66676867
1,1,0.97132957
0,0,0.0034244447
1,1,0.96790475
1,1,0.9926912
1,1,0.5811288
1,1,0.706384
0,0,0.0033807713
1,1,0.5719508
1,1,0.99003017
1,1,0.6196425
1,1,0.9727745
1,1,0.99698097
0,0,0.30779848
1,1,0.7979885
1,1,0.6560274
0,0,0.006787845
1,1,0.65616536
1,1,0.72515315
1,1,0.9984276
0,0,0.0038203604
1,1,0.7839305
1,1,0.72272617
0,0,0.0092369
1,1,0.68875784
1,0,0.47846755
0,0,0.008644888
1,1,0.906545
1,1,0.989272
0,0,0.056201432
1,1,0.8655759
0,0,0.0040231007
1,1,0.5869447
0,0,0.23007923
0,0,0.0032795598
0,0,0.015036003
0,0,0.01027323
0,0,0.0024834082
1,1,0.99711585
1,1,0.6731638
0,0,0.0038704902
0,0,0.0027714558
1,1,0.8113374
1,1,0.9704871
0,0,0.3020924
0,0,0.019498525
1,1,0.99666685
0,0,0.39707553
1,1,0.99714476
0,0,0.0028442456
0,0,0.0030006203
1,1,0.95534635
0,0,0.0031109643
0,0,0.004048081
0,0,0.0039846706
0,0,0.008736848
1,1,0.9025684
0,0,0.37370142
1,1,0.99642855
1,1,0.9752051
0,0,0.002609013
0,0,0.002728799
0,0,0.014326711
0,0,0.3291044
0,0,0.0035089613
1,1,0.7270912
1,1,0.68740445
0,0,0.022434277
0,0,0.0036769698
1,1,0.98440695
0,0,0.021692414
1,1,0.62908906
0,0,0.06342311
0,0,0.0051610037
0,0,0.008600069
0,0,0.0029648466
0,0,0.0039159693
0,0,0.0027304138
0,0,0.0047531785
1,1,0.55541515
1,0,0.36841905
1,1,0.9302683
0,0,0.0066876505
0,0,0.1374608
0,0,0.17459251
0,0,0.0029874996
0,0,0.06766926
1,1,0.92525655
0,0,0.1575639
1,1,0.63865894
1,1,0.9937272
1,1,0.6221371
0,0,0.020336267
0,0,0.07950714
0,0,0.003124189
1,1,0.9970222
1,1,0.6780891
0,0,0.006523736
1,1,0.97304374
0,0,0.059651807
0,0,0.002934271
1,1,0.9969013
1,1,0.9392677
0,0,0.32553518
0,0,0.005511788
1,1,0.61112183
1,1,0.655484
0,0,0.13799919
0,0,0.0025413502
1,1,0.6746037
0,0,0.0029735565
1,1,0.76279575
0,0,0.0027942786
0,0,0.14722961
1,1,0.6523317
0,0,0.0059412294
1,1,0.9887593
0,0,0.019762529
0,0,0.013834772
1,1,0.97014546
1,1,0.8332134
0,0,0.23098074
1,1,0.9969043
0,0,0.33048904
1,1,0.7510394
1,1,0.6534042
1,1,0.9776964
0,0,0.017257506
0,0,0.004546008
0,0,0.22075881
0,0,0.36553478
0,0,0.003280129
0,0,0.0026428115
1,1,0.9919756
1,1,0.99421036
0,0,0.0035507488
1,1,0.8046073
1,1,0.96997
0,0,0.005039273
0,0,0.008450245
0,0,0.007061391
0,0,0.38814577
1,1,0.98505986
0,0,0.0037084997
1,1,0.71313256
1,1,0.9176439
0,0,0.003804664
1,1,0.6938187
0,0,0.36918092
1,1,0.9736004
1,0,0.40163624
0,0,0.0071889944
0,0,0.016966188
0,0,0.05842879
0,0,0.23358522
0,0,0.02394178
0,0,0.0039314413
1,1,0.6380059
1,1,0.645955
0,0,0.0057393
0,0,0.14840887
0,0,0.0059243315
1,1,0.6466686
0,0,0.0038422556
0,0,0.0049646623
0,1,0.5110361
1,1,0.9954739
1,1,0.65180004
1,1,0.63223237
1,1,0.6507097
0,0,0.0029354917
1,1,0.86136276
0,0,0.07917763
1,1,0.70617145
0,0,0.07879416
0,0,0.012216197
0,0,0.003365162
1,1,0.9085881
1,1,0.5261052
0,0,0.013400059
0,0,0.016108489
0,0,0.006920919
0,1,0.5363098
1,1,0.74845505
1,1,0.62614983
1,1,0.97808707
1,1,0.65758634
1,1,0.6101089
1,1,0.8187991
1,1,0.6461963
0,0,0.006680135
0,0,0.32223344
0,0,0.0074503687
1,1,0.98190457
1,1,0.9894497
1,1,0.98800653
1,1,0.6684898
1,1,0.9942188
1,1,0.6036333
0,0,0.008171701
0,0,0.004272871
1,1,0.54758894
0,0,0.01928365
1,1,0.623982
0,0,0.10581143
1,1,0.99746203
1,1,0.77478373
0,0,0.016989281
0,1,0.58642066
0,0,0.0030820493
1,1,0.9170302
0,0,0.0048634605
1,1,0.9456513
1,1,0.994042
0,1,0.5069109
0,0,0.19186477
1,1,0.91020244
1,1,0.6403452
0,0,0.065221295
0,0,0.1359915
0,0,0.006701905
1,1,0.96817166
1,1,0.9970497
1,1,0.6768265
0,0,0.0027037477
1,1,0.9963677
0,0,0.0025303336
0,1,0.7881218
1,1,0.70186883
0,0,0.042143922
0,0,0.0055728103
0,0,0.035341132
0,0,0.03792209
1,1,0.96771884
1,1,0.9636924
1,1,0.8097156
1,1,0.7128326
0,0,0.0034524372
1,1,0.63279855
1,1,0.73136514
1,1,0.58029056
0,1,0.6035977
0,0,0.0053891786
1,1,0.6004374
1,1,0.8147113
0,0,0.0032988614
1,1,0.9973647
0,0,0.019292284
1,1,0.7920981
1,1,0.699309
0,0,0.03649382
0,0,0.016111823
1,1,0.9948986
0,0,0.003552911
1,1,0.61910635
0,0,0.0809512
0,0,0.0043299706
0,0,0.007930091
1,1,0.77372247
0,0,0.0044320147
0,0,0.12381773
0,1,0.62770265
1,1,0.9271334
1,1,0.9965842
1,1,0.5937415
0,0,0.0035642409
1,1,0.9754167
1,1,0.6052928
0,0,0.008652616
1,1,0.9966871
0,0,0.07032352
1,1,0.9606535
0,0,0.0044399747
1,1,0.62542236
1,1,0.575323
1,0,0.08758301
0,0,0.38226432
1,1,0.5812915
0,0,0.002807474
1,1,0.9885539
1,1,0.6443159
1,1,0.9661134
1,1,0.9643614
1,1,0.73381877
0,0,0.010302799
1,1,0.9970325
1,1,0.68732274
1,1,0.983104
0,0,0.0031944364
1,1,0.74086386
0,0,0.0044406727
1,1,0.6510134
0,1,0.8345238
1,1,0.9656587
1,1,0.80348533
0,0,0.0031304862
1,1,0.990864
0,0,0.0052296626
1,1,0.6639381
1,1,0.9631403
0,0,0.003129156
1,1,0.99580187
0,0,0.0025600488
0,0,0.0026305616
0,0,0.0029373
1,1,0.9976699
1,1,0.7407325
1,0,0.49330577
0,0,0.0039371066
1,1,0.71717644
0,0,0.004047112
1,1,0.70394874
1,1,0.9873252
1,1,0.99264055
1,1,0.84123474
1,1,0.5514749
1,1,0.5876357
1,1,0.74501467
1,1,0.63937885
0,0,0.0027248557
1,1,0.5340367
0,0,0.03021294
0,0,0.23668703
1,1,0.69487673
0,1,0.62149686
1,1,0.8894011
1,1,0.9971818
0,0,0.0033524204
1,1,0.81641996
1,1,0.7182827
1,1,0.9296662
0,0,0.005428194
0,0,0.1535351
1,1,0.98280764
0,0,0.00498153
1,1,0.9975326
1,1,0.9146351
0,0,0.02263553
0,1,0.6584223
1,1,0.662593
0,0,0.0033853853
1,1,0.67094594
0,0,0.003346547
0,0,0.014942424
0,0,0.0032826865
0,0,0.124356784
1,1,0.6419996
0,0,0.0055851038
1,1,0.9973882
0,0,0.0024215253
0,0,0.005472652
0,0,0.007141511
0,0,0.022647083
1,1,0.81068677
1,1,0.993632
0,0,0.04143789
0,0,0.0074872007
0,1,0.75299686
1,1,0.9502524
0,0,0.03347425
0,0,0.34257123
0,0,0.0071627754
0,0,0.0047921436
0,0,0.0027974572
1,1,0.9970848
1,1,0.9598791
1,0,0.46454772
1,1,0.9970431
0,0,0.053558946
1,1,0.90575993
0,0,0.0029691882
0,0,0.004484036
0,0,0.005596805
0,0,0.0031035969
1,1,0.9917354
1,1,0.99682295
0,1,0.692797
0,0,0.34249297
0,0,0.0026302824
1,1,0.5643114
0,0,0.004917686
1,1,0.9443692
0,0,0.14693826
1,1,0.6725291
1,1,0.6595811
1,1,0.5580333
0,0,0.058171738
1,1,0.612098
1,1,0.92251205
0,0,0.0033678624
1,1,0.63194877
0,0,0.0033545308
0,0,0.13084574
1,1,0.92856956
0,0,0.0031478342
1,1,0.6530374
0,0,0.003540353
1,1,0.85585386
0,0,0.18737344
0,0,0.0028302746
0,0,0.21082062
0,0,0.010193002
0,0,0.005479821
0,0,0.00286999
1,1,0.9972698
1,1,0.5543016
1,1,0.9893895
0,0,0.16840886
0,0,0.0030832218
1,1,0.7883532
0,0,0.32529217
1,1,0.9762733
1,0,0.09259783
0,0,0.27227607
0,0,0.2911101
1,1,0.8669635
1,1,0.8267851
1,1,0.9942385
0,0,0.021275224
0,0,0.0035729934
1,1,0.9626267
0,0,0.0038495883
1,1,0.623306
0,0,0.005612154
1,1,0.99716324
1,1,0.94430566
1,1,0.66450614
1,1,0.5443727
1,1,0.9929085
1,1,0.9446037
1,1,0.9968945
1,1,0.90858656
0,0,0.008647497
0,0,0.002829969
0,0,0.004174613
1,1,0.7110973
1,1,0.93173397
0,0,0.0029420406
1,1,0.9653499
1,1,0.635378
0,0,0.007955964
1,1,0.92303056
1,1,0.5802783
0,0,0.004382274
1,1,0.9396743
1,1,0.5508703
0,0,0.009556917
1,1,0.67029995
1,1,0.997247
1,1,0.955664
0,0,0.002466054
0,0,0.006831524
0,0,0.010592974
1,1,0.9975418
1,1,0.5455502
0,0,0.016826438
1,1,0.85319906
1,1,0.92487174
1,1,0.9872838
0,0,0.0069334097
0,0,0.0628678
0,0,0.45285612
0,0,0.013177418
0,0,0.0059051313
0,0,0.002675056
1,1,0.9024017
1,1,0.99720675
0,0,0.0029445635
1,1,0.5416076
1,1,0.9976513
0,0,0.013529959
1,1,0.98991895
1,1,0.65995806
1,1,0.63627106
0,0,0.015106318
1,1,0.6185617
1,1,0.60854113
0,0,0.0040681534
1,1,0.9968389
1,1,0.85485864
0,0,0.0038130556
0,0,0.008686943
1,1,0.99704784
0,0,0.0025640128
0,0,0.35685667
1,1,0.99648464
1,1,0.65512353
0,1,0.65879345
1,1,0.9947941
1,1,0.9696055
1,1,0.59338015
1,1,0.99725854
1,1,0.5651694
1,1,0.9971739
0,0,0.007017641
0,0,0.0025674638
1,1,0.6720277
1,1,0.9965521
1,1,0.61930805
1,1,0.6379498
0,0,0.0039735544
1,1,0.99690175
0,0,0.005586258
1,1,0.6081271
0,0,0.020951344
0,0,0.013723268
1,1,0.79486185
0,0,0.0058651604
1,1,0.99550843
1,1,0.6039599
0,0,0.0035748053
1,1,0.99733907
1,1,0.9684485
1,1,0.99729556
1,1,0.6505845
1,1,0.99732566
1,1,0.9972772
1,1,0.9897215
1,1,0.6292797
1,1,0.649197
0,0,0.0032575086
0,0,0.47043326
1,1,0.9930346
0,0,0.0032835726
1,1,0.8042917
0,0,0.0062096403
1,1,0.7909079
1,1,0.66291696
1,1,0.9456204
1,1,0.6324943
0,0,0.0024417138
0,0,0.0025042659
1,1,0.9831352
1,1,0.605179
0,0,0.009995324
1,1,0.9903409
1,1,0.9920706
0,0,0.0026437491
0,0,0.0027612885
1,1,0.9432655
1,1,0.89114046
0,0,0.0026814626
0,0,0.011767563
1,1,0.87211305
1,1,0.5289252
0,0,0.0074982643
1,1,0.67646587
1,1,0.9782186
1,1,0.9967468
0,0,0.017912855
1,1,0.69463885
0,0,0.0049771713
0,1,0.5341963
0,0,0.0064928136
0,0,0.0665654
1,1,0.9923861
1,1,0.6485831
1,1,0.7570773
1,1,0.5976685
1,1,0.6053955
1,1,0.6373496
0,0,0.32003862
1,1,0.9972754
0,0,0.006897802
0,0,0.0044126706
1,1,0.9909774
0,0,0.007312882
1,1,0.56982416
0,0,0.006299417
1,1,0.77939934
1,1,0.7255896
0,0,0.020275906
1,1,0.68906415
0,0,0.004193312
1,1,0.99460226
0,0,0.0028637252
0,0,0.23212238
0,0,0.005379414
0,0,0.08996721
0,0,0.013604496
1,1,0.62216794
0,0,0.1055659
1,1,0.8433142
0,0,0.0063645025
1,1,0.994371
1,1,0.6318154
0,0,0.0035346514
0,0,0.003006355
0,0,0.02500185
1,1,0.94294864
1,1,0.59828
1,1,0.9896343
0,0,0.006918523
1,1,0.9304878
0,1,0.5415526
1,1,0.9773154
1,1,0.9821708
0,1,0.5243829
0,0,0.009015749
0,0,0.140108
0,1,0.6035954
1,1,0.9971336
1,1,0.65940326
0,0,0.08104095
1,1,0.9014692
1,0,0.1398186
0,0,0.0076082344
1,1,0.6841541
1,1,0.6088679
1,1,0.5861835
0,0,0.04722188
1,1,0.5911287
1,1,0.995284
0,0,0.0027265393
1,1,0.9905786
1,1,0.99627846
0,0,0.099125184
0,0,0.002951427
0,0,0.17669773
0,0,0.007335909
0,0,0.016423186
1,1,0.9970487
0,0,0.0083685815
0,0,0.004150254
0,0,0.015767265
0,0,0.010582594
0,0,0.0031703357
0,0,0.021504875
1,1,0.9684248
0,0,0.0035165192
1,1,0.99658716
0,0,0.16568327
1,1,0.9972692
0,0,0.04632826
1,1,0.9953532
1,1,0.6835095
0,1,0.62343884
0,0,0.031924777
0,0,0.02073893
0,0,0.29150483
1,1,0.7784366
0,0,0.008886403
0,0,0.00303841
0,1,0.664919
1,1,0.9827428
1,1,0.6255579
1,1,0.624988
0,1,0.6023744
1,1,0.996443
0,0,0.42019233
0,0,0.0037245124
1,1,0.99705684
0,0,0.0056838426
0,0,0.0030475408
0,0,0.0053163543
1,1,0.6183749
0,0,0.39524996
1,0,0.17044002
0,0,0.04388056
1,1,0.99750286
1,1,0.9751483
1,1,0.5849169
0,0,0.0035456845
0,0,0.0026822786
1,1,0.98886603
1,1,0.71761507
1,1,0.9971521
0,0,0.0043584425
1,1,0.95031077
0,0,0.010172069
1,1,0.9972247
0,0,0.0031432528
1,1,0.5404002
0,0,0.17652749
1,1,0.6266212
0,0,0.0037069144
1,1,0.79832953
0,0,0.0034021712
1,1,0.59897894
0,0,0.0062878374
1,1,0.9850328
1,1,0.7604
1,1,0.733715
0,0,0.024863131
1,1,0.73112124
0,0,0.0358208
1,1,0.54667157
1,1,0.70679575
0,0,0.45929253
0,1,0.55976105
0,0,0.0048725735
0,0,0.005755082
1,1,0.9750376
0,0,0.0029110569
1,1,0.9972204
1,1,0.9922008
1,1,0.99325424
1,1,0.7813161
1,1,0.9751643
0,0,0.0032415586
1,1,0.61965895
0,0,0.36053917
1,1,0.614805
1,1,0.92289025
0,0,0.03068606
0,0,0.006198228
0,0,0.01903834
0,0,0.004753562
0,0,0.003019469
0,0,0.15184765
0,0,0.027181158
0,0,0.004808648
1,1,0.99247324
1,1,0.91838646
0,1,0.6071462
1,1,0.9967361
0,0,0.0044915304
1,1,0.98627883
0,0,0.4459854
1,1,0.6331626
1,1,0.6623432
0,0,0.0057753134
1,1,0.98669773
0,0,0.0027743552
0,0,0.012748483
0,0,0.028098844
0,0,0.0031770198
1,1,0.6628254
1,1,0.70586663
0,0,0.002929636
0,0,0.0031608245
1,1,0.5789981
1,1,0.67351353
1,1,0.5343562
1,1,0.99624914
1,1,0.88449806
0,0,0.09458472
1,1,0.93507046
1,1,0.69804144
1,1,0.81244993
1,1,0.67017937
1,1,0.963295
0,0,0.031176912
0,0,0.002527687
1,1,0.99316543
1,1,0.9274105
1,1,0.99579644
0,0,0.0090213455
1,1,0.5709795
1,1,0.9192815
1,1,0.9890569
0,0,0.02294435
0,1,0.62293375
1,1,0.95282584
1,1,0.9066465
0,0,0.0059689116
1,1,0.98126274
0,0,0.009270893
1,1,0.6294352
0,0,0.032510765
1,1,0.6790956
1,1,0.99729
1,1,0.668194
1,1,0.82585686
0,0,0.0035877952
0,0,0.0039227977
1,1,0.82975143
0,0,0.0027088597
0,0,0.004105258
1,1,0.99684286
1,1,0.5791771
0,0,0.006546852
0,0,0.0041600484
0,0,0.0027343638
1,1,0.56411827
0,0,0.0134462835
1,1,0.8734072
1,1,0.6092013
1,1,0.6525988
0,0,0.0026564582
0,0,0.27622923
0,0,0.0037196053
1,1,0.8566203
1,1,0.70404947
0,0,0.00689631
0,0,0.0026632992
0,0,0.0034721275
0,0,0.0035055885
0,0,0.0075618774
1,1,0.6381324
1,1,0.89873356
1,1,0.76901263
1,1,0.58478236
1,1,0.99713635
1,1,0.9970632
0,0,0.011562595
0,0,0.0026530821
0,0,0.0045090993
0,0,0.0035825793
1,1,0.65444744
1,1,0.9913598
0,0,0.0062806755
1,1,0.6246343
1,1,0.7088244
1,1,0.9592224
0,0,0.1300613
1,1,0.72307837
1,1,0.99710065
0,0,0.00859858
0,0,0.003148849
0,0,0.10442805
0,0,0.11257131
1,1,0.6591086
1,1,0.98784095
1,1,0.6402363
1,1,0.72365683
1,1,0.996506
1,1,0.996222
1,1,0.6868337
1,1,0.96872354
1,1,0.63371605
0,0,0.0038463513
1,1,0.996822
1,1,0.987613
0,0,0.04498393
1,1,0.7691472
1,1,0.9972728
0,0,0.46987835
1,1,0.88026845
1,1,0.6113723
1,1,0.5087081
1,1,0.6231312
0,0,0.040471777
1,1,0.8398143
1,1,0.5018399
1,1,0.6942566
1,1,0.89144707
1,1,0.70762837
1,1,0.9966163
0,0,0.29974025
0,0,0.019881649
1,1,0.9898745
0,0,0.0076895105
1,1,0.99222386
0,0,0.005191293
1,1,0.9973195
1,1,0.57877266
0,0,0.005426287
1,1,0.7143986
0,0,0.14882892
0,0,0.0027633694
1,1,0.8236498
1,1,0.66772795
0,0,0.012512628
1,1,0.7126911
0,0,0.20080018
0,0,0.008194507
0,0,0.10270155
1,1,0.98321664
1,1,0.77146983
1,1,0.64389765
0,0,0.0051000267
0,0,0.0046595577
1,1,0.985666
1,1,0.9970431
0,0,0.25190893
0,0,0.009838483
1,1,0.99141276
1,1,0.71669096
0,0,0.005096844
1,1,0.5870217
1,1,0.921161
1,1,0.9278266
0,0,0.003945238
1,1,0.99253136
0,0,0.02676699
1,1,0.9974348
1,1,0.9886044
1,1,0.9933476
0,0,0.015885819
0,0,0.005800571
1,1,0.69104004
1,1,0.77586156
1,1,0.527998
1,1,0.9795384
0,0,0.49112892
0,0,0.003057804
1,1,0.9972103
1,1,0.8673818
1,1,0.9973278
1,1,0.7844887
0,0,0.018820534
0,0,0.0030578878
0,0,0.0088755535
1,1,0.99338466
0,0,0.005837658
1,1,0.94950134
1,1,0.9963727
0,0,0.0037869937
1,1,0.98478436
0,0,0.4666545
0,1,0.51814437
0,0,0.005624392
1,1,0.9130406
1,1,0.99727637
1,1,0.98810774
0,0,0.0049492894
0,0,0.005028655
1,1,0.6254829
0,0,0.004990721
0,0,0.012315633
0,0,0.0027787506
0,1,0.59492284
0,0,0.06032976
0,0,0.0061460994
1,1,0.89890456
1,1,0.6757153
0,0,0.033336483
1,1,0.90854156
0,0,0.04948925
0,0,0.016238201
0,0,0.002855935
1,1,0.6233993
1,1,0.9462015
1,1,0.9971474
0,0,0.0060132896
1,1,0.9971174
1,1,0.9902519
1,1,0.6275442
0,0,0.0026188318
0,0,0.00842943
1,1,0.94779
1,1,0.6636521
0,0,0.0038278732
0,0,0.0028758335
0,0,0.07731352
0,0,0.0069610886
1,1,0.5775326
1,1,0.6115443
0,0,0.0038496358
0,0,0.0066358047
1,1,0.87960076
1,1,0.82181793
0,0,0.16533741
1,1,0.72604764
1,1,0.8961196
0,0,0.057043202
1,1,0.74935454
0,0,0.33446223
0,0,0.003720791
1,1,0.5114211
0,0,0.003214282
0,0,0.049414843
1,1,0.6454239
0,0,0.005632345
0,0,0.003320789
1,1,0.67310107
1,1,0.75981045
0,0,0.0039318367
1,1,0.6597572
0,0,0.08467303
1,1,0.898013
0,0,0.0041196784
0,0,0.4911672
1,1,0.99722004
1,1,0.9943111
1,1,0.67202944
1,1,0.99673635
1,1,0.62007225
1,1,0.6307938
1,1,0.81189334
1,1,0.94686025
0,0,0.005416027
1,1,0.99450725
1,1,0.5895094
1,1,0.9969008
1,1,0.838901
1,1,0.99131024
0,0,0.059951067
0,0,0.16927142
0,0,0.41040364
0,0,0.2755474
1,1,0.6247358
0,0,0.0038646297
1,1,0.9970908
1,1,0.9243037
1,1,0.9248066
1,1,0.6226597
1,1,0.9965495
0,0,0.012096904
0,0,0.29548413
0,0,0.0037574267
1,1,0.97075045
1,1,0.89994484
0,0,0.016897587
1,1,0.6047304
0,0,0.059376027
1,1,0.81146735
1,1,0.83104616
1,1,0.7038745
1,1,0.99489945
1,1,0.83349264
1,1,0.8343058
1,1,0.6304151
1,1,0.9963903
1,1,0.68858397
1,1,0.9616138
1,1,0.61299545
1,1,0.6952292
1,1,0.98791355
1,1,0.76921654
0,0,0.010332832
0,0,0.004995378
0,0,0.003071634
0,0,0.00431117
0,0,0.0046958816
1,1,0.9963252
1,1,0.9961876
0,0,0.09444744
0,0,0.24002486
1,1,0.94570196
0,0,0.0029688287
1,1,0.9591457
1,1,0.99159765
0,0,0.0064741396
1,1,0.9971746
1,1,0.99564904
0,0,0.003195541
1,1,0.98981434
0,0,0.0035070477
1,1,0.98303485
1,1,0.69493926
1,1,0.7648198
1,1,0.9363899
1,1,0.9731804
0,0,0.27974927
1,1,0.65297014
0,0,0.0033878575
1,1,0.69143176
1,1,0.99762255
1,1,0.6594651
1,1,0.64547974
1,1,0.9884362
1,1,0.9796412
0,0,0.00478975
0,0,0.010484153
0,0,0.004614467
1,1,0.97031176
0,0,0.007941694
1,1,0.9967097
1,1,0.7259085
0,0,0.44922686
0,0,0.009634662
1,1,0.7216096
0,0,0.017223751
1,1,0.9973792
0,0,0.06865323
0,0,0.15463276
0,0,0.2116405
0,0,0.2719699
1,1,0.8131238
0,0,0.003153531
1,1,0.9720063
0,0,0.0032833389
1,1,0.7073437
1,1,0.9913737
1,1,0.66423404
0,0,0.005269079
0,0,0.41070384
0,0,0.444962
1,1,0.99672556
1,1,0.6346881
1,1,0.7199524
0,0,0.002610165
0,0,0.0035651333
1,1,0.9924952
0,0,0.010138276
1,1,0.5237651
0,0,0.012173094
0,1,0.5710379
0,0,0.003922742
1,1,0.62895036
0,0,0.029708423
0,0,0.003191626
1,1,0.69455594
1,1,0.9966198
1,1,0.8855055
1,1,0.8039753
1,1,0.59805
1,1,0.9727236
1,1,0.6877349
0,0,0.13343474
0,0,0.4652878
1,1,0.68854135
0,0,0.026704809
1,1,0.8234308
1,0,0.4987918
1,1,0.62767476
1,1,0.6876246
0,0,0.003540696
1,1,0.99752265
0,1,0.79815245
1,1,0.9365728
0,0,0.0049386695
1,1,0.8139472
0,0,0.0037144315
1,1,0.9943422
0,1,0.6596673
1,1,0.95850736
1,1,0.9739527
1,1,0.6811457
1,1,0.6810798
0,0,0.0024297924
0,0,0.002807665
1,1,0.8598892
1,1,0.99743587
1,1,0.9906125
1,1,0.7115403
1,1,0.8923053
0,0,0.4047539
0,0,0.0050707334
0,0,0.002809985
1,1,0.996995
0,1,0.5257305
1,0,0.45627275
1,1,0.9575783
0,0,0.0029105726
0,0,0.0061499225
0,0,0.006740404
1,0,0.34100103
1,1,0.95515734
0,0,0.005808042
1,1,0.9969111
0,1,0.84192556
0,0,0.002544626
0,0,0.004194445
0,0,0.021951647
1,1,0.5800304
1,1,0.9970854
1,1,0.93070585
0,0,0.003476666
1,1,0.9778501
1,1,0.96764934
1,1,0.6451214
1,1,0.6967736
0,0,0.00639708
0,0,0.0206592
0,0,0.3553792
1,1,0.9386187
0,0,0.0049864464
1,1,0.846657
0,0,0.15853362
1,1,0.9965898
1,1,0.70526206
0,0,0.007452265
0,0,0.011617505
1,1,0.9897849
1,1,0.99720603
0,0,0.010072755
0,0,0.46491247
0,0,0.0049023298
1,1,0.99092394
0,0,0.005077722
1,1,0.90839636
1,1,0.9974602
0,0,0.0039697723
1,1,0.99400866
0,0,0.08046423
0,0,0.010684575
1,1,0.60858077
0,1,0.6408492
0,0,0.0031975692
1,0,0.47654492
0,0,0.31228405
0,0,0.007071328
0,0,0.21253021
1,1,0.99599165
1,1,0.758217
0,0,0.0121154785
1,1,0.99728024
1,1,0.9959345
0,0,0.0032407148
1,1,0.60643184
0,0,0.33391738
0,0,0.0041084485
0,0,0.30106357
1,1,0.6693506
0,0,0.0059480374
0,0,0.0035805407
0,0,0.002797009
1,1,0.9968369
0,0,0.003505275
0,0,0.012315017
1,1,0.7148985
0,0,0.0030130066
1,1,0.9283023
1,1,0.65134996
1,1,0.9957217
1,1,0.86042553
0,0,0.002845402
0,0,0.024311734
1,1,0.93072236
1,1,0.7778914
0,0,0.3951625
0,0,0.020142525
1,1,0.7930519
0,0,0.011846299
0,0,0.0029207976
0,0,0.0031494144
1,1,0.67505604
0,0,0.002878422
1,1,0.9818615
1,1,0.98857075
1,1,0.6371726
0,0,0.013990701
1,1,0.6593515
1,1,0.77258784
0,0,0.0038392488
1,1,0.58235633
0,0,0.0030767822
1,1,0.7463821
1,1,0.9935754
1,1,0.73933077
1,1,0.6694856
0,0,0.03918298
1,1,0.6743454
0,0,0.0038211294
1,1,0.95672417
1,1,0.71940136
0,1,0.55311424
0,0,0.0316544
0,0,0.4658522
1,1,0.6464645
1,1,0.7523476
0,0,0.0046403925
0,0,0.0028810974
0,0,0.0029138029
1,1,0.96145284
1,1,0.99405354
1,1,0.9967237
0,0,0.029063994
1,0,0.4673466
0,0,0.0032075515
0,0,0.019306986
1,1,0.9864205
1,1,0.6179042
1,1,0.7827766
0,0,0.003239352
1,1,0.99705756
0,0,0.0029563238
1,1,0.67589694
1,1,0.9960962
0,0,0.0026437293
0,0,0.0062669027
1,1,0.8660001
0,0,0.006850265
0,0,0.0133596165
1,1,0.95138836
0,0,0.1443257
1,1,0.9965611
1,1,0.95028085
0,0,0.0768123
1,1,0.9321586
1,1,0.82987636
1,1,0.96228445
1,1,0.9459276
1,1,0.99604154
1,1,0.9968399
1,1,0.9969927
1,1,0.70170367
1,1,0.77821875
0,0,0.019878376
1,1,0.9970571
0,0,0.011099717
0,0,0.065149516
0,0,0.0026898151
1,0,0.49704358
0,0,0.0067594447
0,0,0.0105802575
0,0,0.0034568384
1,1,0.8087998
1,1,0.68932724
1,1,0.99314743
1,0,0.112461194
0,0,0.0030486102
1,1,0.6085771
1,1,0.997209
0,0,0.04211584
0,0,0.030692024
1,1,0.99590224
1,1,0.71647114
1,1,0.99640083
0,0,0.0025568302
1,1,0.9850272
0,0,0.053780194
0,0,0.012889859
1,1,0.95231664
1,1,0.8027322
1,1,0.9965655
1,1,0.9133255
1,1,0.6923116
0,0,0.23810679
1,1,0.9971456
0,0,0.0041780397
0,0,0.3662439
0,0,0.2677267
1,1,0.82627237
0,0,0.11269179
0,0,0.003866455
0,0,0.00671166
1,1,0.997174
0,0,0.003540607
0,0,0.038901605
1,1,0.96752965
1,1,0.9725425
0,0,0.028256657
1,1,0.6291751
0,0,0.0026887741
1,1,0.99677926
0,0,0.0059604356
1,1,0.64979583
0,0,0.027362995
1,1,0.97875667
0,0,0.3307507
1,1,0.67915606
1,1,0.97164637
1,1,0.99704033
0,0,0.031620197
1,1,0.97549564
0,0,0.004575397
1,1,0.8990698
0,0,0.0041623837
0,0,0.01074708
0,0,0.0034700658
0,0,0.005189427
0,0,0.0073840604
1,0,0.007975497
0,0,0.21924978
1,1,0.9159052
1,1,0.71558475
0,0,0.0035359617
0,0,0.0026787834
1,1,0.62951076
0,0,0.002618732
1,1,0.8999454
0,0,0.012730156
1,1,0.9696462
1,1,0.9966275
1,1,0.977662
1,1,0.9970542
0,0,0.0077338177
1,1,0.9971813
0,0,0.0036283303
0,0,0.32956156
1,1,0.9974214
0,0,0.13696797
1,1,0.7585731
1,1,0.969011
0,0,0.0031081175
0,0,0.0038175213
0,0,0.003159366
0,0,0.14945674
0,0,0.009622412
0,0,0.035944704
1,1,0.8934752
1,1,0.67252547
1,1,0.72353125
1,1,0.9825623
1,1,0.978463
1,1,0.7483991
0,0,0.008821977
0,0,0.046576187
1,1,0.97092766
1,1,0.9356176
0,0,0.0028846695
0,0,0.03099437
0,0,0.045871735
1,1,0.99013793
0,0,0.0036919797
0,0,0.0029462734
0,0,0.007218274
0,0,0.0818556
0,0,0.022878367
1,1,0.9901252
1,1,0.7645388
0,0,0.0027817038
0,0,0.32448182
0,0,0.008188491
1,1,0.9902473
0,0,0.029591564
1,1,0.8842146
1,1,0.549024
0,0,0.0042543933
1,0,0.2375966
1,1,0.96334976
1,1,0.9948225
1,1,0.68674105
0,0,0.07605541
1,1,0.9973501
1,1,0.55866903
1,1,0.99569726
1,1,0.97065306
1,1,0.707531
0,0,0.43499982
0,0,0.004571095
0,0,0.21309768
1,1,0.63579035
0,0,0.0149677135
1,1,0.60496515
0,0,0.0209539
1,1,0.9941618
0,0,0.009818844
0,0,0.0024486529
1,1,0.99632204
1,1,0.9873668
1,1,0.9912992
1,1,0.9815778
1,1,0.63838387
1,1,0.9963618
1,1,0.9610821
1,1,0.9223811
1,1,0.9965228
1,1,0.9931765
0,0,0.0030092231
1,1,0.9640425
0,0,0.1894718
1,1,0.9553296
1,0,0.006615681
0,0,0.01088548
1,1,0.6514583
1,1,0.62603736
0,0,0.14107159
0,0,0.25416404
1,1,0.5190141
1,1,0.78722215
1,1,0.59982675
1,1,0.8324488
1,1,0.9965467
0,0,0.004389266
0,0,0.003213584
1,1,0.9932313
1,1,0.8869046
1,1,0.9957671
1,1,0.9963438
0,0,0.0044858432
0,0,0.083540745
0,1,0.5152462
0,0,0.031961586
0,0,0.0025152795
1,1,0.96664006
0,0,0.007144118
1,1,0.99698824
0,0,0.25717166
0,0,0.007335215
1,1,0.96370417
0,0,0.021963624
0,0,0.0068905847
1,1,0.56444305
0,0,0.102209195
1,1,0.9960161
1,1,0.9972128
0,0,0.003186042
0,0,0.0039329524
0,0,0.030124556
1,1,0.5931629
0,0,0.19599696
0,0,0.18173975
0,0,0.0048099463
0,0,0.015320707
1,1,0.6591611
0,0,0.0034830053
1,1,0.6795499
1,1,0.99715924
0,0,0.0050100083
1,1,0.9968731
0,0,0.009808622
1,1,0.89028096
0,0,0.0054575484
1,1,0.98716694
0,0,0.0045866496
0,0,0.0029050976
1,1,0.90998524
1,1,0.6731015
0,0,0.40120357
0,0,0.018309271
1,1,0.72353745
0,0,0.11011939
0,0,0.31673852
1,1,0.9780643
1,1,0.928045
0,0,0.0037744434
0,0,0.3411645
0,0,0.47167975
1,1,0.9669652
1,1,0.6403146
0,0,0.07276075
0,0,0.16780137
0,0,0.0026258319
1,1,0.95621526
0,0,0.08633656
0,0,0.024942664
1,1,0.90772754
1,1,0.65147746
1,1,0.9888333
0,0,0.0041707256
1,1,0.60381633
0,0,0.007729256
1,1,0.964774
0,0,0.025990678
1,1,0.99708253
0,0,0.0048882114
0,0,0.003918574
0,0,0.0032762787
1,1,0.625299
1,1,0.9924892
0,0,0.0032150566
1,1,0.9970489
1,1,0.99713194
1,1,0.90363467
1,1,0.5758032
1,1,0.9664854
1,1,0.9964044
1,1,0.79406345
1,1,0.9893533
0,0,0.03045759
1,1,0.64771724
1,1,0.9968045
1,1,0.7524943
1,1,0.6595568
1,1,0.9965114
0,0,0.0032909405
0,0,0.0048708995
0,0,0.042104043
1,1,0.9973863
1,1,0.9958692
0,0,0.3634904
1,1,0.99493116
0,0,0.01046958
0,0,0.0044830786
0,0,0.008060687
0,0,0.0027548305
0,0,0.0024166282
1,1,0.658005
0,0,0.06511434
1,1,0.77543235
0,0,0.064727955
1,1,0.9974235
0,0,0.0031783655
1,1,0.9968466
0,1,0.5016858
1,1,0.59449035
0,0,0.0034095256
0,0,0.0028031787
1,1,0.99206877
1,1,0.606182
0,0,0.0027171385
1,1,0.99363023
0,0,0.0035160047
0,0,0.019411175
1,1,0.8505597
1,1,0.8541706
0,0,0.029288381
0,0,0.0060586617
0,0,0.009031205
1,1,0.84865814
1,1,0.99216145
1,1,0.8923852
0,1,0.7171335
1,1,0.94927484
1,1,0.9372535
1,1,0.9917087
0,0,0.0095024025
0,0,0.004299743
1,1,0.92902935
0,0,0.08376317
1,1,0.98811907
1,1,0.7785404
1,1,0.6263127
0,0,0.053585157
1,1,0.9955693
0,0,0.21315795
1,1,0.78350824
1,1,0.76656204
1,1,0.6827253
0,0,0.13278241
1,1,0.9906261
0,0,0.32878488
1,1,0.71472013
1,1,0.9969426
1,1,0.9874631
1,1,0.8415612
0,0,0.0031924054
1,1,0.9977851
0,0,0.12593806
1,1,0.7410626
0,0,0.003743633
1,1,0.99260795
1,1,0.6120959
0,0,0.050955493
1,1,0.5505607
1,1,0.51603484
0,0,0.0032241773
0,0,0.0040310607
1,1,0.9972608
0,0,0.024184642
1,1,0.6458233
0,0,0.002654834
0,0,0.013740614
0,0,0.03269415
0,0,0.008370299
1,1,0.9456472
1,1,0.96583617
1,1,0.99677247
0,0,0.008296806
0,0,0.032899085
0,0,0.0025482858
0,0,0.0047486336
0,0,0.033540767
0,0,0.002519977
0,0,0.0030491103
0,0,0.006254908
0,0,0.0026053947
1,1,0.9975159
0,0,0.0044704974
1,1,0.6075693
1,1,0.6163572
0,0,0.007233613
0,0,0.0065326733
1,1,0.6231614
1,1,0.7027844
0,1,0.8118852
1,1,0.52880085
1,1,0.66152173
0,0,0.004271257
0,0,0.04268865
0,0,0.003334938
1,1,0.99694014
1,1,0.96122193
0,0,0.0053717345
1,1,0.6483823
0,0,0.030289166
0,0,0.0027236117
1,1,0.9966536
0,0,0.0034985058
1,1,0.9965969
1,1,0.7838322
1,1,0.78010297
1,1,0.8447427
1,1,0.9942483
1,1,0.7023851
0,0,0.0025252842
0,0,0.005026797
0,0,0.0055729235
0,0,0.06987828
0,0,0.0027688278
0,0,0.019750888
1,1,0.99666095
0,0,0.004169133
1,1,0.98419964
1,1,0.9971679
1,1,0.9700997
1,1,0.6298187
1,1,0.6169387
1,1,0.9862324
1,1,0.9973912
1,1,0.66291004
0,0,0.004199647
1,1,0.64216244
1,1,0.9900665
1,1,0.99562836
0,0,0.1720893
1,1,0.7976299
0,0,0.0038222768
0,0,0.3064646
1,1,0.78845465
0,0,0.005694951
0,0,0.0038232666
0,0,0.14672737
1,1,0.7177481
1,1,0.9922464
1,1,0.99342185
0,0,0.23533851
0,0,0.38363788
0,0,0.013737991
1,1,0.9765379
0,0,0.0075088185
1,1,0.9684359
1,1,0.71638966
1,1,0.73319316
1,1,0.9898225
1,1,0.99716836
1,1,0.92162627
0,0,0.0041844887
0,0,0.008477872
1,1,0.99414825
1,1,0.97948015
1,1,0.658337
0,0,0.010080913
1,1,0.93883604
1,1,0.96034724
1,1,0.6375428
0,0,0.0029193829
0,0,0.003537955
0,0,0.33457682
1,1,0.7380714
0,0,0.0045341253
0,0,0.0055337343
1,1,0.7322437
0,0,0.0031516848
1,1,0.9974023
1,1,0.96381754
0,0,0.007717811
0,0,0.013286328
0,0,0.00977742
1,1,0.9506949
0,0,0.0030217888
1,1,0.892829
0,0,0.038014486
0,0,0.03972553
1,1,0.99724495
0,0,0.0364551
0,0,0.0042426996
1,1,0.67830807
0,0,0.0026052042
1,1,0.7748702
0,0,0.0062613846
0,0,0.0027693755
1,1,0.9444858
1,1,0.7698511
1,1,0.9642483
1,1,0.9505281
0,1,0.6527313
1,1,0.9970585
0,0,0.32944983
0,0,0.009626829
1,1,0.5629291
1,1,0.99569654
1,1,0.9969702
1,1,0.5964243
1,1,0.64044756
1,1,0.7134771
1,1,0.91789895
0,0,0.034405973
0,0,0.012293554
0,0,0.0029274598
0,0,0.124215476
1,1,0.6990561
1,1,0.6875764
1,1,0.9970638
1,1,0.8459992
0,0,0.011974913
0,0,0.0034968671
1,1,0.6878721
0,0,0.008136785
0,0,0.003856908
0,0,0.004670513
1,1,0.6254944
0,0,0.040521704
1,1,0.97626096
0,0,0.003243445
0,0,0.0044043153
1,1,0.72491115
1,0,0.45167547
0,0,0.0037037868
0,0,0.0038147005
1,1,0.7413549
1,1,0.7475157
0,0,0.0031407913
0,0,0.003664558
1,1,0.90222615
1,1,0.81194216
0,0,0.22032167
0,0,0.008245185
0,0,0.0034349451
1,1,0.9790997
1,1,0.7259692
1,1,0.96103907
1,1,0.91679156
1,1,0.8662612
0,0,0.002814344
1,1,0.6288725
1,1,0.9714651
1,1,0.99692184
1,1,0.6215929
1,1,0.6257253
0,0,0.40062898
1,1,0.6301874
1,1,0.836715
1,1,0.5441065
1,1,0.9968412
1,1,0.68821406
0,0,0.022269104
1,1,0.709867
0,0,0.0056318133
0,0,0.0025462091
1,1,0.9965119
1,1,0.97628367
1,1,0.9148931
1,1,0.9959287
1,1,0.66369575
1,1,0.6548391
1,1,0.99529195
1,1,0.99621165
0,0,0.0024653443
0,0,0.0026736136
1,1,0.6011488
1,1,0.828771
0,0,0.022807974
1,1,0.79132414
0,0,0.0041661374
1,1,0.7577774
1,1,0.9403863
0,0,0.0029924065
0,0,0.003054192
0,0,0.00403886
1,1,0.9851681
0,0,0.09093337
1,1,0.9837284
0,0,0.0032758508
0,0,0.0036430056
0,0,0.017727967
0,0,0.0043295985
1,1,0.90558374
0,0,0.0028085967
0,0,0.0026043332
0,0,0.0031586527
1,1,0.5935129
0,0,0.015309511
0,0,0.0041865995
0,0,0.011166232
1,1,0.9968502
0,0,0.0026861953
0,1,0.6190593
0,0,0.0039401012
0,0,0.004300819
0,1,0.53014654
1,1,0.9081332
1,1,0.99619967
0,0,0.08966226
1,1,0.7025486
1,1,0.99597734
0,0,0.15927625
0,0,0.23253036
1,1,0.99719465
0,0,0.002979483
1,1,0.9482578
0,0,0.00849115
1,1,0.97755104
1,1,0.6643231
0,0,0.004026568
0,0,0.0398233
1,1,0.9007289
1,0,0.014561668
0,0,0.003429273
1,1,0.956367
1,1,0.6238689
1,1,0.9538832
1,1,0.8144646
1,1,0.58029485
0,0,0.04915304
1,1,0.66057074
0,0,0.37510058
1,1,0.9951094
1,1,0.98556894
1,1,0.6576261
1,1,0.9953284
0,0,0.1232319
0,0,0.029956993
1,1,0.62495047
0,1,0.53713363
0,0,0.0032692186
0,0,0.11823451
0,0,0.0029109798
1,1,0.6274155
1,1,0.6125333
1,1,0.9965025
1,1,0.6450196
0,0,0.009132301
1,1,0.9929883
1,1,0.98155767
0,0,0.004653798
1,1,0.6057263
0,0,0.0838403
1,1,0.67802465
1,1,0.6272728
0,0,0.0031321654
0,0,0.004995701
1,1,0.6995527
0,0,0.0074328217
0,0,0.0028607694
0,0,0.0027301384
1,1,0.9919344
1,1,0.94991314
0,0,0.016608056
0,0,0.0032277731
0,0,0.0032483311
0,0,0.058011256
0,0,0.0027069934
1,1,0.99727863
1,1,0.9959488
0,0,0.0032980293
1,1,0.6029431
1,1,0.92678076
1,1,0.9643691
1,0,0.44389722
1,0,0.030585386
1,1,0.56877184
0,0,0.016805252
0,0,0.005124283
1,1,0.9977684
0,0,0.06683263
0,0,0.002885314
0,0,0.019132348
0,0,0.017843405
0,0,0.0029275431
0,0,0.012970839
0,0,0.004224072
0,0,0.14085639
0,0,0.0026939067
0,0,0.0038919009
0,0,0.0037670701
1,1,0.66797304
0,0,0.17394322
0,0,0.0033294205
1,1,0.75119716
0,0,0.46987852
1,1,0.99701524
0,0,0.003804662
1,1,0.99705136
1,1,0.60827595
0,0,0.0059842914
0,0,0.0048610982
1,1,0.9508947
0,1,0.5521911
0,0,0.020705627
0,0,0.10639811
0,0,0.094872914
1,1,0.9922965
0,1,0.51065344
1,1,0.68048185
1,1,0.9741521
1,1,0.9870718
1,1,0.7458306
1,1,0.6512926
1,1,0.8153423
1,1,0.9974273
1,1,0.7637773
0,0,0.0031853423
1,1,0.99411315
0,0,0.20562895
1,1,0.99706525
1,1,0.64946306
1,0,0.4968971
0,0,0.03722514
0,1,0.60752594
1,1,0.9403683
0,0,0.0041273325
0,0,0.004551987
0,0,0.0058691595
1,1,0.56714356
1,1,0.60547453
0,0,0.0042888676
1,1,0.56369436
1,1,0.93867195
1,1,0.59984356
0,0,0.32941228
0,0,0.0036765556
1,1,0.8717194
1,1,0.99704903
1,1,0.97481424
1,0,0.33271626
0,0,0.004559164
1,1,0.6223007
1,1,0.9971396
0,0,0.007354538
1,1,0.9428884
0,0,0.1407953
1,1,0.6001198
0,0,0.082104616
1,1,0.9800877
0,0,0.13535073
0,0,0.32277697
0,0,0.38128352
1,1,0.99636614
1,1,0.61514163
0,0,0.0030365472
0,0,0.003604735
0,0,0.0029965178
1,1,0.6155887
1,1,0.99292785
0,0,0.0035134961
1,1,0.9269134
1,1,0.8886916
1,1,0.89725035
1,1,0.5774391
0,0,0.0050879293
1,1,0.72460693
1,1,0.6337975
1,1,0.9966702
1,1,0.6355979
1,1,0.9968368
1,1,0.99532735
1,1,0.66844213
0,0,0.014435975
0,0,0.003018921
0,0,0.123426594
0,0,0.017016085
0,0,0.4137239
1,1,0.9966633
0,0,0.0024647545
1,1,0.8766635
1,1,0.6260284
0,0,0.011584753
1,1,0.8852662
0,0,0.2575271
1,1,0.97823024
0,0,0.11108544
1,1,0.78293973
0,0,0.0056871204
0,0,0.26391384
0,0,0.006257529
1,1,0.60375637
0,0,0.028160335
0,0,0.0029609292
1,1,0.9964804
1,1,0.9628953
1,0,0.33567372
0,0,0.25421992
1,1,0.7358788
1,1,0.68019617
1,1,0.6430901
1,1,0.51356953
0,0,0.008627302
1,1,0.9629717
1,1,0.9755857
1,1,0.6605768
0,0,0.16499646
1,1,0.93793666
0,0,0.008802883
1,1,0.7214719
0,0,0.41348016
1,1,0.6690232
1,1,0.9452992
0,0,0.003595223
1,1,0.9866759
1,1,0.5848263
0,0,0.0025464343
0,0,0.043121148
0,0,0.0041483925
0,1,0.62065405
1,1,0.99752647
1,1,0.99772745
0,0,0.0032266746
0,0,0.004633156
1,1,0.73778445
1,1,0.9971259
0,0,0.0062186248
0,0,0.0039735325
0,0,0.058846585
1,1,0.9922994
0,0,0.0039375518
1,1,0.99652004
0,0,0.0026846013
0,0,0.0033607027
1,1,0.5834436
0,0,0.011318616
0,0,0.2518658
0,0,0.0036234271
0,0,0.01640024
1,1,0.98654675
1,1,0.990594
0,0,0.0056247655
0,0,0.010673804
1,1,0.98994726
0,0,0.0035701052
1,1,0.5950343
1,1,0.99679285
0,0,0.36754107
1,1,0.5331536
1,1,0.6355818
1,1,0.8816853
0,0,0.0043129674
0,0,0.007011981
0,0,0.0026725663
0,0,0.004370338
0,0,0.0051735323
0,0,0.0038536754
0,0,0.0042596865
0,0,0.0033163668
1,1,0.99761367
1,1,0.78824437
1,1,0.99667144
1,1,0.6638584
1,1,0.63408315
0,0,0.04200184
1,1,0.9941691
1,1,0.9943737
0,0,0.09696525
1,1,0.99425703
0,0,0.0075198067
1,1,0.9906392
1,1,0.60639036
0,0,0.008642837
0,0,0.021406345
1,1,0.68749994
1,1,0.9935068
0,0,0.007501335
0,0,0.004268147
1,1,0.9972951
0,0,0.0037402236
0,0,0.002921203
1,1,0.9810889
0,0,0.0026204265
1,1,0.95181197
0,0,0.06064805
0,0,0.182756
0,0,0.46819893
1,1,0.99679095
0,0,0.0515815
1,1,0.982407
1,1,0.99644095
1,1,0.5455954
0,0,0.06340151
0,0,0.0053091655
1,1,0.99463177
1,1,0.9551559
0,0,0.0833728
0,0,0.0047953986
0,0,0.002827134
1,1,0.60888815
1,1,0.92424566
0,0,0.011270111
1,1,0.6892168
1,1,0.62367237
0,0,0.13104923
1,1,0.90478086
1,1,0.8612455
0,0,0.09784122
0,0,0.01136696
1,1,0.93912286
1,1,0.9971107
0,0,0.06650353
0,0,0.007636404
0,0,0.00310922
1,1,0.99668306
1,1,0.99720675
1,1,0.93320274
0,0,0.090687856
1,1,0.99593556
0,0,0.004271013
0,0,0.008175195
1,1,0.66232264
1,1,0.9472269
0,0,0.005109054
1,1,0.99716395
0,0,0.0031614075
0,0,0.005583869
0,0,0.0037055872
0,0,0.0034734127
1,1,0.9289218
0,0,0.15065974
0,0,0.12597945
1,0,0.4208031
1,1,0.79995155
1,1,0.9970968
0,0,0.23012832
0,0,0.00471048
1,1,0.99404305
1,1,0.8598003
1,1,0.62895304
0,1,0.7421289
1,1,0.86084557
0,0,0.07423229
0,0,0.007213345
1,1,0.94591725
0,0,0.004411644
0,0,0.0035263493
1,1,0.96675926
1,1,0.98219436
0,0,0.039650843
1,1,0.96741873
1,1,0.95657796
0,0,0.029977432
1,1,0.5102893
1,1,0.84807825
0,0,0.004277975
0,0,0.37231055
0,0,0.0026983658
1,1,0.8678514
1,1,0.5938294
1,1,0.5521547
0,0,0.24605854
1,1,0.93160933
0,0,0.003036618
1,1,0.6670386
0,0,0.06876114
0,0,0.018018529
1,0,0.33399263
1,1,0.97703075
0,0,0.005059568
1,1,0.97741574
0,0,0.028212188
0,0,0.02270382
0,0,0.008823803
1,1,0.80737954
1,1,0.9970451
0,0,0.008679502
1,1,0.99670094
0,0,0.061781492
1,1,0.6383222
0,0,0.3224444
0,0,0.0032307105
0,0,0.026994996
0,0,0.009535456
0,0,0.0096058315
1,1,0.6366759
0,0,0.0027130314
0,0,0.002953989
1,1,0.99734145
1,1,0.5674461
0,0,0.012115739
0,0,0.005855554
0,0,0.02273681
1,1,0.6121734
1,1,0.9963831
0,0,0.015760724
1,1,0.66055024
0,0,0.003851011
0,0,0.09054519
1,1,0.74252194
1,1,0.963682
0,0,0.0034784374
1,1,0.5105698
0,0,0.0034159478
0,0,0.0029306847
1,1,0.9780458
1,1,0.97615594
1,1,0.9159452
1,1,0.6408191
0,0,0.011575235
0,0,0.19490679
0,0,0.0034588773
1,1,0.98764867
1,1,0.5856418
0,0,0.007670516
0,0,0.0031223155
0,0,0.006043972
1,1,0.8342738
0,0,0.0040454445
1,1,0.99550503
0,0,0.020193761
0,0,0.034013852
1,1,0.9941024
1,1,0.99063
0,0,0.019316899
1,1,0.95527405
1,1,0.5753849
0,0,0.0031741476
1,1,0.9941936
1,1,0.98322564
0,0,0.0054814056
0,0,0.009143116
0,0,0.0038637675
1,1,0.95838577
1,1,0.9965173
1,1,0.67819995
1,1,0.501337
1,1,0.59357095
1,1,0.9919258
1,1,0.9059962
0,0,0.0038889055
0,0,0.009038277
1,1,0.99713385
0,1,0.5391267
1,1,0.5528054
0,0,0.38738203
0,0,0.0513812
0,0,0.0035744691
0,0,0.040121496
0,0,0.0029330086
0,0,0.07227885
0,0,0.0028377306
1,1,0.6748055
1,1,0.9897872
1,1,0.7235511
0,0,0.0028014253
1,1,0.6616091
0,0,0.0058013876
0,0,0.20047072
1,1,0.7072089
1,1,0.7077075
1,1,0.7571145
0,0,0.0050932704
0,0,0.0041550146
1,1,0.99179137
1,1,0.9824539
1,1,0.98549414
0,0,0.013759266
1,1,0.63473
0,0,0.24879344
1,1,0.9968178
0,0,0.003827142
0,0,0.11771793
0,0,0.034028657
0,0,0.023073783
0,0,0.0075494736
1,1,0.9947358
0,0,0.014482548
1,1,0.99650925
0,0,0.010056507
0,0,0.0054270173
0,0,0.004004504
1,1,0.8182801
1,1,0.9886817
1,1,0.98791456
0,0,0.3223465
0,0,0.019118633
0,0,0.068227
0,0,0.006803973
0,0,0.0052781687
1,1,0.56486297
0,0,0.18647844
0,0,0.00317487
1,1,0.6314106
1,1,0.951423
0,1,0.52482694
1,1,0.98992735
0,0,0.0033009944
1,1,0.99592066
0,0,0.004770515
1,1,0.77438354
0,0,0.003977044
1,1,0.88497984
0,0,0.34698424
0,0,0.005285644
1,1,0.6797865
1,1,0.9157492
0,0,0.0026803482
0,0,0.00666944
0,0,0.002575156
1,1,0.99667656
0,0,0.0031567554
0,0,0.0027371685
0,1,0.6673027
0,0,0.04864849
0,0,0.15770014
0,0,0.0026745114
1,1,0.7133695
0,0,0.0026161154
1,1,0.9938112
1,1,0.816888
1,1,0.99712104
1,1,0.9974269
1,1,0.9974045
1,1,0.9597709
0,0,0.002583998
0,0,0.0073448354
1,1,0.67843014
0,0,0.0031122216
0,0,0.0030883953
1,1,0.99481225
0,0,0.25121143
0,0,0.0041378294
0,0,0.0066112513
0,0,0.0030833757
1,1,0.65637463
0,0,0.15307398
1,1,0.81864125
1,1,0.6682735
1,1,0.5848541
0,0,0.004734434
1,1,0.9968837
1,1,0.99579597
1,1,0.8298362
0,0,0.027611215
0,0,0.005863045
0,0,0.03642574
1,1,0.62703586
1,1,0.99569064
0,0,0.0032549407
0,0,0.0029045343
0,0,0.002816577
1,1,0.6896349
0,0,0.0028310376
0,0,0.0029487805
0,0,0.0608909
0,1,0.5250565
1,1,0.9975842
0,0,0.0028600595
1,1,0.89473885
1,1,0.61708933
0,0,0.008025785
1,1,0.89562595
1,1,0.6776866
0,0,0.004843888
0,0,0.0053702528
1,1,0.9191067
1,1,0.94490546
0,0,0.0075465157
1,1,0.5764117
1,1,0.639686
1,1,0.9283487
0,0,0.0032612854
0,0,0.0031069804
1,1,0.6984101
1,1,0.9967338
1,1,0.62433976
0,0,0.14560029
1,1,0.6962639
0,0,0.3279372
1,1,0.9874829
0,0,0.008053073
0,0,0.004073824
1,1,0.58275044
0,0,0.0398287
1,1,0.99671173
0,0,0.005552712
0,0,0.004825571
1,1,0.69768417
1,1,0.99747926
1,1,0.99668425
1,1,0.99698955
0,0,0.007177548
1,1,0.7391959
0,0,0.002816558
0,0,0.00455665
0,0,0.0027855358
0,0,0.045021232
0,0,0.15563059
1,1,0.98157287
1,1,0.94950885
1,1,0.9737099
0,0,0.0030347607
1,1,0.7315944
1,1,0.561655
0,0,0.1259428
0,0,0.006187815
1,1,0.98981947
0,0,0.05888988
1,1,0.99714845
1,1,0.99567837
1,1,0.8410939
1,1,0.70778704
0,0,0.0035949175
1,1,0.66059244
1,1,0.6262273
1,1,0.6234674
1,1,0.72215533
1,1,0.99720675
0,0,0.0037610643
0,0,0.0040076813
0,0,0.21828912
1,1,0.6481784
1,1,0.9922315
1,1,0.67316693
0,0,0.38427314
1,1,0.77011424
1,1,0.95970744
0,0,0.0026909052
1,1,0.99675757
0,0,0.085421875
1,1,0.7683341
1,1,0.7747873
1,1,0.6360594
1,0,0.28252214
0,0,0.0026986662
0,0,0.09834631
0,1,0.57082033
1,1,0.99559057
1,1,0.99678576
0,0,0.0024799907
0,0,0.27024063
0,0,0.0035004548
1,1,0.994265
1,1,0.88159615
1,1,0.9192298
1,1,0.98607326
0,0,0.030422948
1,1,0.6399908
1,1,0.799129
0,0,0.0031752628
0,0,0.43861532
1,1,0.99740714
1,1,0.88172174
0,0,0.0062054344
0,0,0.003182461
0,0,0.005421706
0,0,0.066859834
1,1,0.9190572
1,1,0.98956853
1,1,0.665552
1,1,0.99712867
1,1,0.9800309
0,0,0.006477778
1,1,0.5894516
1,1,0.68067396
1,1,0.8886471
1,1,0.9961085
1,1,0.6421399
0,0,0.0039527365
0,1,0.7509681
0,0,0.104495704
1,1,0.63438
1,1,0.6385828
0,0,0.004469643
0,0,0.06107539
0,0,0.010602985
1,1,0.9951061
0,0,0.0027537437
1,1,0.9867013
1,1,0.63254535
1,1,0.88433003
0,0,0.0438068
0,0,0.0055825426
1,1,0.9955272
1,1,0.98419905
1,1,0.9970523
0,0,0.0030674653
1,1,0.9862873
0,0,0.012376229
1,1,0.9969138
0,0,0.3197357
1,1,0.8351518
0,0,0.0026429016
0,0,0.18493196
0,0,0.0031028737
0,0,0.0026489457
0,0,0.14230444
0,0,0.002751448
1,1,0.7929949
0,0,0.01048342
0,0,0.0051062824
1,1,0.6789293
1,1,0.6387966
1,1,0.9967738
1,1,0.99718827
0,1,0.679914
0,0,0.0069369557
1,1,0.6880559
0,0,0.0061653703
1,1,0.7011683
0,0,0.35769486
1,1,0.5011382
0,0,0.42423284
0,0,0.008590658
0,0,0.009691296
1,1,0.6479549
0,0,0.02425226
0,0,0.008719954
0,1,0.5921677
0,0,0.0029208171
0,0,0.0031670374
0,0,0.1480491
0,0,0.024085587
1,1,0.8040871
1,1,0.9437784
1,1,0.6649049
0,0,0.003184513
0,0,0.0059445
0,0,0.0032745665
1,1,0.9817266
0,0,0.0586159
0,0,0.0069845044
1,1,0.99391806
1,1,0.97599936
1,1,0.9923424
1,1,0.992245
0,0,0.037945915
0,0,0.0074361432
0,0,0.0053669373
1,1,0.9962878
0,0,0.0049356055
0,0,0.004624329
1,1,0.61430866
1,1,0.99713564
1,1,0.9966204
1,1,0.99524224
1,1,0.6035549
1,1,0.697312
0,0,0.35214746
0,0,0.004265811
0,0,0.0026848207
0,0,0.085422695
1,1,0.9951199
0,0,0.0031156573
1,1,0.9763288
1,1,0.99722517
1,1,0.8019408
0,0,0.04978299
1,1,0.62846196
1,1,0.99722505
0,0,0.0026882528
0,0,0.0038245453
1,1,0.62660414
1,1,0.6539301
1,1,0.94061166
1,1,0.9498745
0,0,0.122005075
1,1,0.9932821
0,0,0.02818946
0,0,0.004950205
0,0,0.004562792
1,1,0.6044332
0,0,0.0044899955
1,1,0.6715022
0,0,0.0036034812
0,0,0.0040235673
1,1,0.6635862
1,1,0.9608177
0,0,0.23722804
1,1,0.5739363
0,0,0.005527026
0,0,0.0062953588
1,1,0.9975102
0,0,0.003944013
1,1,0.99409086
1,1,0.83703464
0,0,0.11086875
0,0,0.044370938
0,0,0.061465636
0,0,0.0024877777
0,0,0.006276635
1,1,0.9934145
1,1,0.90604395
1,1,0.79467076
1,1,0.98715776
1,1,0.98719984
1,1,0.9917502
0,0,0.0028172573
0,0,0.36560875
1,1,0.61250126
0,0,0.35243812
0,0,0.12140609
1,1,0.59450644
0,0,0.037201058
0,0,0.0038502356
0,0,0.018067589
0,0,0.062275473
0,0,0.0036023275
1,1,0.9900333
1,1,0.9786835
1,1,0.9636253
0,0,0.009189039
0,0,0.004146444
0,0,0.006298217
0,0,0.0036156354
1,1,0.65823865
0,0,0.005271726
1,1,0.98760635
0,0,0.027866147
1,1,0.9923874
0,0,0.0043436564
0,0,0.004399653
0,0,0.006461497
0,0,0.0027110002
0,0,0.015239345
0,0,0.007850747
0,0,0.005280189
0,0,0.20424458
0,0,0.003516155
0,0,0.030175686
1,1,0.99691665
0,0,0.011350494
0,0,0.028364297
0,0,0.0031919142
0,0,0.0028546632
0,0,0.0052048797
1,1,0.6805354
0,0,0.007905892
0,0,0.010714152
1,1,0.80768764
0,0,0.012634714
1,1,0.9964301
1,1,0.9618979
1,1,0.7844868
0,0,0.033245027
1,1,0.9968732
0,0,0.0028811086
0,0,0.007478694
0,0,0.031034965
1,1,0.9964289
1,1,0.59852046
0,0,0.020878455
1,1,0.8917345
1,1,0.99698156
0,0,0.039655488
1,1,0.6769964
0,0,0.03982407
1,1,0.9851248
0,0,0.0033726832
0,0,0.15308198
1,1,0.9906493
1,1,0.62861115
0,0,0.006632204
0,1,0.59178585
0,0,0.003563684
0,0,0.0025118964
1,1,0.997013
0,0,0.0075954893
0,0,0.43784863
1,1,0.7979941
1,1,0.9977635
1,1,0.9872142
0,0,0.22009094
1,1,0.67118144
0,0,0.004383269
1,0,0.4995693
0,0,0.20770644
1,1,0.9726676
1,1,0.5028332
1,1,0.9969311
0,0,0.07690117
1,1,0.7027377
1,1,0.97411776
0,0,0.008849187
1,1,0.67355263
0,0,0.4614852
1,1,0.8130429
1,1,0.9667244
1,1,0.6208422
0,0,0.017528838
0,0,0.015267808
0,0,0.0029947301
0,0,0.0031162866
0,0,0.10657576
1,1,0.55156714
1,1,0.88534653
0,0,0.07577645
0,0,0.27734342
0,0,0.0035251365
0,0,0.003189985
1,1,0.99698275
0,0,0.004459209
0,0,0.003527719
1,1,0.99260557
1,1,0.6537979
0,0,0.020687778
0,0,0.11731402
0,0,0.03770938
1,1,0.6599265
0,0,0.010075104
1,1,0.99692494
1,1,0.97812784
0,0,0.0097787455
1,1,0.96871716
1,1,0.9843836
1,1,0.65523624
0,0,0.005072158
0,0,0.003584694
0,0,0.36717305
1,1,0.6721221
1,1,0.6729791
1,1,0.9971367
0,0,0.005244737
1,1,0.67719746
1,1,0.6369324
0,0,0.003500982
1,1,0.6674105
0,0,0.0030202586
0,0,0.3039636
1,1,0.9489498
0,0,0.0072106575
0,0,0.0047472813
1,1,0.8124558
1,1,0.63007975
1,1,0.6471257
1,1,0.98539376
1,1,0.8799135
0,0,0.20373124
1,1,0.9936708
1,1,0.9012053
1,1,0.99498886
0,1,0.56467354
0,0,0.03203898
1,0,0.24175185
0,0,0.0027568329
0,0,0.004497436
1,1,0.9973605
0,0,0.008031747
0,0,0.0039980086
1,1,0.63453037
1,1,0.9972277
0,0,0.0029540998
0,0,0.2419517
0,0,0.0037974203
0,0,0.0024526815
0,0,0.007464313
1,0,0.045350187
0,0,0.043347426
0,0,0.002645744
0,0,0.004742332
1,1,0.9963289
0,0,0.005284647
1,1,0.7435395
0,0,0.0026195766
1,1,0.77396643
0,0,0.23521858
0,0,0.012950903
1,1,0.9312696
0,0,0.11753425
0,0,0.003023517
0,0,0.0026929176
1,1,0.5804165
0,0,0.00334042
0,0,0.0037432753
0,0,0.0032678423
1,1,0.99469817
0,0,0.279248
1,1,0.9937615
0,0,0.002570235
0,0,0.012429235
0,0,0.0026355216
0,0,0.003808997
1,1,0.6691459
0,0,0.03473469
1,1,0.57969713
1,1,0.65842205
1,1,0.9917652
0,0,0.005689469
0,0,0.0025498949
0,0,0.020240493
1,1,0.9888537
1,1,0.84218466
0,0,0.010585675
1,1,0.95741403
1,1,0.98158103
0,0,0.0026394324
1,1,0.9733209
0,0,0.033019565
1,1,0.6424993
1,1,0.9904553
0,0,0.014740473
0,0,0.0037990531
0,0,0.004806492
1,1,0.9183272
1,1,0.99725133
0,0,0.05248073
1,1,0.64074403
1,1,0.8052492
0,0,0.25063837
0,0,0.016298443
0,0,0.004603625
0,0,0.0026598715
1,1,0.7908328
1,1,0.5924806
1,1,0.6310253
1,1,0.87273467
1,1,0.58556217
0,0,0.021635285
1,1,0.9377712
1,1,0.9903322
1,1,0.8321238
1,1,0.93726754
0,0,0.36335534
1,1,0.639635
0,0,0.359126
0,0,0.008664878
0,0,0.0041968436
1,1,0.6057181
1,1,0.82434946
1,1,0.621106
0,0,0.0059759296
0,0,0.049036425
1,1,0.9676724
0,0,0.07135602
0,0,0.051945414
0,0,0.013337811
0,0,0.004994418
1,1,0.84926593
0,0,0.014969569
0,0,0.002604135
0,0,0.01991815
1,1,0.96250254
1,1,0.61068594
1,1,0.99677557
0,0,0.09432646
0,0,0.099827714
1,1,0.9956204
1,1,0.9192967
1,1,0.9969892
1,1,0.87004024
1,1,0.99737704
0,1,0.5576464
1,0,0.46410474
1,1,0.9967566
0,0,0.01337861
1,1,0.671181
0,1,0.7107716
0,0,0.002551558
0,0,0.0459875
1,1,0.92281216
1,1,0.69196874
1,1,0.9877259
1,1,0.739186
1,1,0.64430624
1,1,0.9973201
0,0,0.024094025
1,1,0.8042096
0,0,0.00763678
0,0,0.0883368
0,0,0.0038035694
0,0,0.010821409
0,0,0.44937655
0,0,0.05398196
0,0,0.051245034
1,1,0.8426946
1,1,0.9972415
0,0,0.004500687
0,0,0.08404929
0,0,0.009467558
1,1,0.7818124
1,1,0.99702543
1,1,0.9891044
1,1,0.62737554
1,1,0.997038
1,1,0.78642845
1,1,0.58549947
1,1,0.95514786
1,1,0.9970829
0,0,0.022341486
1,1,0.96987927
0,0,0.0034138386
0,0,0.008535377
1,1,0.9975955
0,0,0.012676648
1,1,0.61140484
1,1,0.97496504
1,1,0.5689813
0,0,0.0055194665
0,0,0.007681702
1,1,0.6007633
0,0,0.046896443
0,0,0.0026304855
1,1,0.94126225
1,1,0.99203485
0,0,0.0028420163
0,0,0.0040103733
0,0,0.04756986
0,0,0.009075234
1,1,0.6033235
0,0,0.0068980083
0,0,0.059821736
0,0,0.08393426
0,0,0.042696428
0,0,0.0029069579
1,1,0.9968267
0,0,0.005781959
0,0,0.007493827
1,1,0.9974457
0,0,0.004462932
1,1,0.8611797
0,0,0.0041174055
1,1,0.97871196
0,0,0.0032339306
0,1,0.56054556
0,0,0.0040779156
0,0,0.0031984781
0,0,0.004133503
1,1,0.99710804
0,0,0.01312699
1,1,0.99726945
0,0,0.018621422
0,0,0.0027692888
0,0,0.46783268
1,1,0.9969524
1,1,0.6664178
0,0,0.008871108
0,0,0.005863309
0,0,0.0031111683
1,1,0.99700624
0,0,0.0024932222
1,1,0.92882574
1,1,0.62500554
1,1,0.989051
0,0,0.15332963
0,0,0.0029650975
0,0,0.004607179
1,1,0.99650997
0,0,0.00507492
0,0,0.016588068
0,0,0.0057674167
0,0,0.0027660066
1,1,0.5068904
1,1,0.5937421
0,0,0.004884034
1,1,0.66622645
1,1,0.5793811
0,0,0.0026545338
1,1,0.6638942
0,0,0.048320107
0,0,0.005805504
1,1,0.5248868
1,1,0.61142194
1,1,0.9866862
1,1,0.6643847
1,1,0.7979317
1,0,0.061917957
0,0,0.0026338678
0,0,0.038095877
0,0,0.0036647639
1,1,0.6406446
1,1,0.9969434
0,0,0.005134954
0,0,0.0049762223
0,0,0.008658051
1,1,0.98321784
1,1,0.99367213
0,1,0.91490555
0,0,0.48087054
1,1,0.99495333
0,0,0.003876194
0,0,0.02147062
0,0,0.0031836063
0,0,0.47235435
0,0,0.0039283503
0,0,0.016446974
0,0,0.0025992042
1,1,0.5047486
0,0,0.0028432368
0,0,0.0071003605
0,0,0.014400253
1,1,0.98585135
1,1,0.9964708
1,1,0.99126714
0,0,0.0030978306
1,0,0.14089867
0,0,0.004176289
0,0,0.00996007
0,0,0.00416125
0,0,0.0041244794
1,1,0.98806167
1,1,0.9965424
0,0,0.12711127
0,0,0.024274856
0,0,0.2214086
0,0,0.034080595
0,0,0.0027617286
1,1,0.9958621
1,1,0.8598266
0,0,0.0030021118
1,1,0.8394756
1,1,0.91786784
1,1,0.6669111
0,0,0.003908811
1,1,0.99732506
1,1,0.9361573
1,1,0.9939619
1,1,0.68431187
0,0,0.002482274
1,1,0.99595284
1,1,0.9948555
1,1,0.6281757
1,1,0.9095702
0,0,0.00578396
0,0,0.021062562
0,0,0.0026147063
1,1,0.99700063
0,0,0.019801712
0,0,0.0076703667
0,0,0.068820015
0,0,0.009889689
1,1,0.9772917
0,0,0.0037106252
0,0,0.0039727283
0,0,0.007905384
0,0,0.38575554
1,1,0.96854603
0,0,0.009989072
0,0,0.0026504127
0,0,0.0034332452
1,1,0.99673116
0,0,0.38785255
1,1,0.97617984
0,0,0.2291267
1,1,0.996265
0,0,0.010353289
0,0,0.0050445404
1,1,0.9930617
0,1,0.5522158
1,1,0.99673367
1,1,0.6666697
1,1,0.52506405
0,0,0.018141197
1,1,0.94215405
0,0,0.015133755
1,1,0.9567711
0,0,0.007915877
1,1,0.99722373
1,1,0.80119854
1,1,0.9292924
1,1,0.9568242
0,0,0.0033820018
1,1,0.9959776
0,0,0.0025898153
0,0,0.009832463
1,1,0.6746131
0,0,0.009385658
1,1,0.67267615
1,1,0.64514214
0,0,0.016099233
0,0,0.0058504427
1,1,0.9963576
0,0,0.020186385
1,1,0.99408084
0,0,0.15173396
1,1,0.87538207
1,1,0.8568896
1,1,0.9795034
0,0,0.0027201392
0,0,0.046871707
0,0,0.05512316
1,1,0.78575414
1,1,0.9967871
1,1,0.972934
1,1,0.65210086
1,1,0.8740103
1,1,0.8428572
1,1,0.6641007
0,0,0.45701742
1,1,0.9796607
1,1,0.99760014
0,0,0.030510796
1,1,0.6204913
1,1,0.96773905
1,0,0.36249518
0,0,0.0049103573
0,0,0.0032640577
1,1,0.99788
0,0,0.013244298
0,0,0.28090099
0,0,0.010227319
0,0,0.46131375
0,0,0.0062628468
1,1,0.9965867
0,0,0.004172429
1,1,0.63002765
0,0,0.018906172
1,1,0.99669766
1,1,0.7683022
0,0,0.0033453705
1,1,0.9932226
0,0,0.004081112
1,0,0.2338437
0,1,0.654118
1,1,0.9654673
0,0,0.10039327
0,0,0.006897133
0,0,0.0043122675
0,0,0.08061983
1,1,0.99558485
1,1,0.8691375
0,1,0.58102775
1,1,0.89426535
0,0,0.013395371
0,0,0.20306207
1,1,0.9946667
0,0,0.0032444906
1,1,0.6253009
0,0,0.0033066534
0,0,0.0034156912
0,0,0.0035208794
1,1,0.9954574
1,1,0.9965707
1,0,0.39954367
1,1,0.58122474
0,0,0.2328433
1,1,0.78518075
1,1,0.57986575
0,0,0.009243194
1,1,0.8465701
0,0,0.0038847977
1,1,0.621557
1,1,0.6335038
1,1,0.6312459
0,0,0.022112956
0,0,0.09982066
1,1,0.9733555
0,0,0.0026494786
0,0,0.0044274237
0,0,0.004626902
0,0,0.0030492567
1,1,0.5753377
0,0,0.016331716
1,1,0.5801633
0,0,0.0027334872
1,1,0.9970878
0,0,0.0046549113
0,0,0.004942066
0,0,0.0597773
0,0,0.049658295
0,0,0.008664961
0,0,0.0061241947
0,0,0.0024965687
0,0,0.064815596
1,1,0.65578717
1,1,0.6182624
1,1,0.85456514
0,1,0.56845903
1,1,0.60829425
1,1,0.7932404
0,0,0.061312843
1,1,0.97558653
0,0,0.017368339
1,1,0.9961004
1,1,0.63218254
0,0,0.48015973
1,1,0.64656556
0,0,0.003164941
0,0,0.20305869
0,0,0.0037221685
1,1,0.945463
0,0,0.005319921
0,0,0.0060417987
1,1,0.93532103
0,0,0.0027505476
0,0,0.008855688
1,1,0.8397203
1,1,0.9893668
0,0,0.24742775
1,1,0.8913875
1,1,0.6439575
1,1,0.9867138
1,1,0.9963561
0,0,0.00905677
0,0,0.006733461
1,1,0.64605534
1,1,0.9841299
0,0,0.47911543
0,0,0.0027561896
0,0,0.21237238
1,1,0.9960531
0,0,0.0049753673
1,1,0.975837
0,0,0.28015372
1,1,0.9329218
0,0,0.014609764
0,0,0.056107722
0,0,0.0031905228
0,0,0.0028050614
1,1,0.96956897
1,1,0.9977386
1,1,0.98028666
0,0,0.0033973048
0,0,0.0077862693
0,0,0.0045014513
0,0,0.003597532
0,0,0.0030646843
0,0,0.28092664
0,0,0.0035745811
0,0,0.050966207
1,1,0.993294
0,0,0.31472754
0,0,0.003266597
1,1,0.6229765
0,0,0.004375794
1,1,0.9747405
0,0,0.032635845
1,1,0.9967997
0,0,0.0028804617
0,0,0.052630056
0,0,0.013459117
0,0,0.0035547041
1,1,0.9928349
0,0,0.01228803
0,0,0.027173594
1,1,0.9636607
0,0,0.005051215
0,0,0.24444698
0,0,0.0026806986
0,0,0.007187497
0,0,0.009379922
0,1,0.53635675
0,0,0.006557989
0,0,0.005081614
1,1,0.99710506
1,1,0.72194964
0,0,0.0043575526
0,0,0.012103134
1,1,0.6700085
0,0,0.42974585
0,0,0.0032838723
0,0,0.0042958907
1,1,0.99712014
0,0,0.009527241
1,1,0.78003013
0,0,0.003064553
0,0,0.2537968
1,1,0.69417053
0,0,0.22050741
1,1,0.98520595
0,0,0.0075254072
1,1,0.63909805
0,0,0.0048989765
1,1,0.6660739
0,0,0.003991222
1,1,0.6572758
1,1,0.63101685
1,1,0.77899945
0,1,0.5346562
0,0,0.033504386
1,1,0.99652016
0,0,0.0030753026
1,1,0.98015654
0,0,0.0028567733
1,1,0.7361386
0,0,0.0128796585
1,1,0.9937594
1,1,0.97981787
0,0,0.39181137
0,0,0.013550176
1,1,0.9810735
1,1,0.99683553
0,0,0.014837843
1,1,0.6399521
1,1,0.8205874
0,0,0.019050738
1,1,0.88177365
0,0,0.03983245
1,1,0.6614512
0,0,0.0054425
1,1,0.62358224
0,0,0.002620344
1,1,0.5977991
0,0,0.0034556082
0,0,0.34074754
1,1,0.99714065
1,1,0.993501
0,0,0.22565089
1,1,0.639695
1,1,0.63467574
0,0,0.0032041187
0,0,0.27999136
0,0,0.0029958622
0,0,0.0081432555
1,1,0.99592066
0,1,0.53713363
1,1,0.996804
1,1,0.5377484
1,1,0.91344446
1,0,0.4264771
0,0,0.00610329
0,0,0.0035445574
0,0,0.32425907
1,1,0.597787
1,1,0.6924183
0,0,0.020506496
1,1,0.770417
0,0,0.17923208
0,0,0.050303288
1,1,0.7897467
0,0,0.008979851
0,0,0.009634721
0,0,0.11250175
1,1,0.9392646
1,1,0.98712337
1,1,0.6964934
0,0,0.00385699
1,1,0.8025159
1,1,0.9896254
0,0,0.0024522115
1,1,0.9216408
0,0,0.040405504
0,0,0.0026107994
1,1,0.7293631
0,0,0.0030594526
1,1,0.6178835
0,0,0.0029966459
0,0,0.002731894
1,0,0.49985206
0,0,0.0092875
1,1,0.9819421
1,1,0.6739714
1,1,0.86783856
1,1,0.9935468
0,0,0.0034027016
1,1,0.8581696
0,0,0.018512154
0,0,0.011436758
1,1,0.9811389
1,1,0.98850584
1,0,0.2896028
1,1,0.9973347
1,1,0.92115384
0,0,0.0031756142
0,0,0.0036995043
0,0,0.0032789847
0,0,0.017338287
0,0,0.01603546
1,1,0.6574803
1,1,0.88230014
0,0,0.0029131088
0,0,0.021023814
1,1,0.99696606
0,0,0.0025267426
1,1,0.9922816
1,1,0.66957307
0,0,0.059542857
0,0,0.0029175694
1,1,0.72870386
1,1,0.6101218
0,0,0.060597423
1,0,0.48947626
0,0,0.0031332495
1,1,0.8677164
1,1,0.98729277
1,1,0.99729544
1,1,0.99126583
1,1,0.6299885
1,1,0.6976713
1,1,0.695982
0,1,0.5470407
1,1,0.51960784
1,1,0.93796843
0,0,0.27082798
0,0,0.0031271635
1,1,0.64911056
1,1,0.67374676
0,0,0.0054805432
0,0,0.010703084
0,0,0.0132834455
0,0,0.12178489
0,0,0.019616822
1,1,0.588026
0,0,0.15285055
0,0,0.03769442
0,0,0.023875676
0,0,0.010999841
0,0,0.042515866
1,1,0.72303045
0,0,0.0035823563
0,0,0.0028817274
0,1,0.95427763
1,1,0.992546
1,1,0.9942272
1,1,0.7293683
0,0,0.32492444
1,1,0.99693054
0,0,0.01533919
1,0,0.4847796
0,0,0.007205955
0,1,0.6052864
0,0,0.39954793
1,1,0.9202734
1,1,0.6741626
0,0,0.006330617
1,1,0.7358766
0,0,0.0057695876
1,1,0.99697053
1,1,0.9664269
1,1,0.97212416
0,0,0.021777153
1,1,0.6447524
1,1,0.976397
0,0,0.11222633
0,0,0.004959378
0,0,0.014634609
0,0,0.32716063
0,0,0.0024967089
0,0,0.004976486
0,0,0.10988198
0,0,0.0025323527
1,1,0.9973084
1,1,0.6080816
0,0,0.41929445
1,1,0.88124126
0,0,0.031471055
0,0,0.041309316
0,1,0.6044848
1,1,0.6941191
0,0,0.0036337418
1,1,0.99501437
0,1,0.70861393
1,1,0.9957846
0,0,0.007864903
0,0,0.27038762
0,0,0.004864441
1,1,0.6886005
1,1,0.92152643
0,0,0.025834398
1,1,0.64367646
0,0,0.005429641
0,0,0.36557642
0,0,0.015054899
1,1,0.67081046
1,1,0.6633167
0,0,0.002684216
1,1,0.8861057
1,1,0.9968641
0,0,0.003398054
1,1,0.98039186
1,1,0.9003572
0,0,0.16191047
0,0,0.0028247007
0,0,0.040125173
0,0,0.0026914824
1,1,0.9502616
0,0,0.05380321
0,0,0.0049810624
1,1,0.9087591
0,0,0.2563866
1,1,0.66355276
0,0,0.0036645131
0,0,0.013207948
0,0,0.0033781226
0,0,0.002878972
0,1,0.5457105
1,1,0.6822182
1,1,0.99264646
1,1,0.9965522
0,0,0.0051208837
0,0,0.0031428018
0,0,0.10788517
1,1,0.8904329
1,1,0.9946467
1,1,0.64077425
0,0,0.013284521
0,1,0.50482374
1,1,0.84677356
0,0,0.0025987742
0,0,0.0057873507
1,1,0.9974661
0,0,0.2026359
1,1,0.9953898
0,0,0.24078748
1,1,0.63985366
1,1,0.82259965
0,0,0.07089553
1,1,0.96522206
0,0,0.31094822
1,1,0.62989795
1,1,0.76647204
0,0,0.046090987
1,1,0.9973036
1,1,0.9904683
0,0,0.1013548
1,1,0.53706425
1,1,0.9965654
1,1,0.996947
0,0,0.14227302
0,0,0.0027668537
1,1,0.65044016
1,1,0.57425493
0,0,0.007860852
1,1,0.65643865
1,1,0.977961
1,1,0.9338752
0,0,0.0042179427
1,1,0.934622
1,1,0.7329242
1,1,0.625109
1,1,0.99511296
1,1,0.99211615
0,0,0.003255416
0,0,0.005283373
1,1,0.98437595
1,1,0.8800952
1,1,0.5953709
0,0,0.003177689
0,0,0.028538177
0,0,0.0040669325
0,0,0.010854611
0,0,0.23560299
0,0,0.009373969
0,0,0.0025803226
0,0,0.0034993906
1,1,0.70570964
0,0,0.019427085
0,0,0.00313665
1,1,0.8866923
0,0,0.0044002947
1,1,0.9183086
0,0,0.027518138
0,0,0.0051889275
0,0,0.21362153
1,1,0.7347153
0,0,0.086395584
0,0,0.006393805
0,0,0.0049510133
0,0,0.0027317046
0,0,0.0029193175
0,0,0.0050961664
0,0,0.005279843
0,0,0.2987357
0,0,0.0046002106
1,1,0.99072975
1,0,0.337618
0,0,0.0091893
0,0,0.003748071
0,0,0.27499858
0,0,0.026441539
0,0,0.0072933985
1,1,0.9763129
1,1,0.61738104
0,0,0.006234366
1,1,0.660773
1,1,0.6940408
0,0,0.002827798
1,1,0.789005
0,0,0.011066274
1,1,0.99085134
1,1,0.574475
0,0,0.39850512
1,1,0.7292083
1,1,0.99487126
1,1,0.60230136
1,1,0.95251334
0,0,0.0033520858
1,1,0.99674857
0,0,0.018294767
0,0,0.380558
1,1,0.6702323
1,1,0.88830954
1,1,0.55951595
1,1,0.9933656
0,0,0.14903468
0,0,0.0028028912
0,0,0.021178463
1,1,0.5810282
1,1,0.997051
0,0,0.0043408982
0,0,0.002680584
1,1,0.8238325
1,1,0.64812
1,1,0.73251617
1,1,0.6070474
0,0,0.03320854
0,0,0.0123346485
0,0,0.010817015
0,0,0.022121727
1,1,0.6766348
1,1,0.80246943
0,0,0.006306298
0,0,0.002572676
1,1,0.9844244
0,0,0.0026533192
0,0,0.011015602
0,0,0.31340006
1,1,0.6113554
0,0,0.009567752
1,1,0.98347175
0,0,0.025996272
0,0,0.0035733485
0,0,0.0036305354
1,1,0.99712604
1,1,0.9925217
0,0,0.004408728
0,0,0.10863054
1,1,0.6251532
1,1,0.9891344
0,0,0.005894147
1,1,0.99630946
0,0,0.003933488
1,1,0.8333954
0,0,0.009455931
0,0,0.01768559
0,0,0.4424127
0,0,0.29068288
0,0,0.0051817354
0,0,0.22981764
1,1,0.6965021
1,1,0.99707675
0,0,0.009486234
1,1,0.9967495
1,1,0.99243164
1,1,0.97896737
1,1,0.6753623
1,1,0.6473947
0,0,0.15855592
1,1,0.7636445
0,0,0.07172395
0,0,0.04397926
0,0,0.0042693187
0,0,0.2251447
1,1,0.6767661
1,1,0.9495238
1,1,0.9969952
0,0,0.0028843733
0,0,0.009887135
1,1,0.9948796
1,1,0.70285463
1,1,0.98948634
0,0,0.006285144
0,0,0.005537981
0,0,0.0033773475
0,0,0.0039315065
0,0,0.0028638833
1,1,0.995139
0,0,0.010454089
1,1,0.68779653
1,1,0.73473406
1,1,0.97977316
0,0,0.006003351
1,1,0.8470476
1,1,0.64667964
1,1,0.9375403
0,0,0.07265338
0,0,0.0058329855
0,0,0.0048345462
1,1,0.99706084
0,0,0.0069832085
0,0,0.014702307
0,0,0.280491
1,1,0.86918205
1,1,0.9958087
1,1,0.9081334
1,1,0.99684817
1,1,0.961489
1,1,0.90900826
1,1,0.9970835
0,0,0.07291752
1,1,0.7015813
1,1,0.985707
1,1,0.5883317
1,1,0.9973568
0,0,0.06669992
0,0,0.011551745
1,1,0.99346536
0,0,0.006544942
1,1,0.6252316
0,0,0.0034640178
0,0,0.0034596897
0,0,0.0035113364
0,0,0.007009687
0,0,0.06550742
0,0,0.061446596
1,1,0.5250674
0,0,0.009736959
1,1,0.99689436
1,1,0.73786974
0,0,0.28913647
1,1,0.6473805
0,0,0.0071600555
0,0,0.029043568
0,0,0.003562389
1,1,0.8691524
1,1,0.9860951
1,1,0.6695328
1,1,0.9926795
1,1,0.994262
0,0,0.15717202
1,1,0.99726665
0,0,0.007903373
0,0,0.0058840327
0,0,0.00370779
0,0,0.14279155
0,0,0.002897467
0,0,0.018694984
0,0,0.0037845082
0,0,0.0047376165
1,1,0.6842035
1,1,0.64080334
1,1,0.9975042
0,0,0.06367937
1,1,0.6222003
0,0,0.0052251397
1,1,0.99511945
1,1,0.6583184
1,0,0.496995
1,1,0.98764336
1,1,0.9955641
1,1,0.66464907
0,0,0.0068875332
0,0,0.0028782208
1,1,0.94303465
0,0,0.051194496
0,0,0.03499006
0,0,0.0046054367
1,1,0.99464613
1,1,0.621166
0,0,0.0037335732
1,1,0.99600935
0,0,0.0032144487
0,0,0.0047301
1,1,0.7465426
0,0,0.008424753
