label,pred,prob_ai
1,1,0.99988973
1,1,0.99904305
1,1,0.76941365
1,0,0.0037199978
1,1,0.6548019
1,1,0.99307185
1,1,0.999881
1,1,0.95701426
1,1,0.9248905
1,0,0.35283718
1,1,0.98570955
1,0,0.037485585
1,1,0.9999293
1,1,0.8715547
1,1,0.99894494
1,1,0.993192
1,1,0.9999348
1,1,0.9968188
1,1,0.99496114
1,1,0.6024399
1,1,0.9998357
1,1,0.9956864
1,1,0.5932206
1,1,0.8904657
1,1,0.9999132
1,1,0.9999304
1,0,0.08425859
1,1,0.99954706
1,0,0.046266396
1,1,0.56080645
1,1,0.99985886
1,0,0.18000194
1,0,0.19753034
1,1,0.93391275
1,0,0.15822773
1,1,0.9955081
1,0,0.039349146
1,1,0.99974555
1,1,0.9999403
1,1,0.9998084
1,0,0.28274623
1,1,0.9999454
1,1,0.99866307
1,0,0.009209422
1,1,0.98779374
1,1,0.6065145
1,1,0.9996443
1,0,0.2024014
1,1,0.99943453
1,1,0.9964395
1,1,0.9971909
1,1,0.99993086
1,0,0.23716255
1,1,0.9997607
1,1,0.99992394
1,1,0.9685931
1,0,0.22816096
1,1,0.99754685
1,1,0.9995857
1,0,0.32639453
1,1,0.99964297
1,1,0.9999349
1,1,0.9368396
1,1,0.99015725
1,1,0.995419
1,1,0.99228525
1,1,0.99985516
1,1,0.9991973
1,0,0.16521527
1,1,0.93326855
1,0,0.20292616
1,0,0.001766818
1,1,0.802617
1,1,0.9999503
1,0,0.27531776
1,1,0.9994486
1,1,0.5919301
1,1,0.9859896
1,1,0.9658942
1,0,0.3787679
1,0,0.47297254
1,0,0.12681031
1,0,0.18940827
1,1,0.9766143
1,0,0.0013331001
1,1,0.94360864
1,1,0.9278005
1,1,0.5222957
1,1,0.7420662
1,1,0.98813695
1,1,0.9997379
1,1,0.99599516
1,1,0.9999379
1,0,0.15691553
1,0,0.027659578
1,1,0.9999287
1,1,0.99993575
1,1,0.9897423
1,1,0.99759454
1,1,0.9774533
1,1,0.9985411
1,1,0.9994223
1,0,0.012867734
1,1,0.9862643
1,1,0.83194494
1,1,0.995994
1,0,0.23864089
1,1,0.9999254
1,1,0.99992466
1,1,0.98448724
1,1,0.99459213
1,1,0.850928
1,0,0.014798459
1,1,0.9998969
1,1,0.9996834
1,1,0.9998914
1,1,0.9999114
1,1,0.9704781
1,0,0.3810814
1,1,0.93897647
1,0,0.08219638
1,1,0.9307318
1,1,0.9999298
1,1,0.7932497
1,1,0.88682574
1,1,0.97828
1,1,0.9294315
1,0,0.17935719
1,0,0.13553855
1,1,0.9967006
1,0,0.004118174
1,0,0.11174785
1,0,0.1106827
1,1,0.9783806
1,1,0.9998036
1,1,0.99993217
1,1,0.9997898
1,1,0.9894924
1,1,0.6379809
1,1,0.9256634
1,0,0.03629572
1,1,0.84119993
1,1,0.9877923
1,1,0.9999064
1,1,0.99938047
1,0,0.00050697674
1,1,0.93921393
1,0,0.47793984
1,1,0.89310324
1,0,0.12387768
1,0,0.48877805
1,1,0.8137294
1,1,0.9999145
1,1,0.72844344
1,1,0.99992144
1,0,0.2127219
1,1,0.9998814
1,1,0.9998865
1,1,0.57654285
1,1,0.93705153
1,1,0.99159604
1,1,0.9996536
1,1,0.9968773
1,1,0.99722445
1,1,0.97989696
1,1,0.99993455
1,1,0.72578406
1,0,0.11238746
1,0,0.052428994
1,1,0.9987104
1,0,0.036780663
1,1,0.5932957
1,1,0.9999312
1,1,0.9977229
1,1,0.6050511
1,1,0.99994993
1,0,0.025922239
1,1,0.99193007
1,1,0.9999504
1,0,0.3739153
1,1,0.995424
1,0,0.00028147534
1,0,0.0004903243
1,0,0.35918528
1,1,0.935157
1,1,0.99920195
1,1,0.6963388
1,1,0.99647564
1,1,0.9692374
1,1,0.7177399
1,1,0.9993845
1,1,0.9694966
1,0,0.03742502
1,1,0.9980704
1,1,0.99988127
1,1,0.7825023
1,1,0.9770034
1,0,0.011410817
1,1,0.9765672
1,1,0.59567255
1,1,0.9985538
1,1,0.9998888
1,1,0.70811826
1,1,0.999116
1,0,0.09853018
1,1,0.99989235
1,1,0.9999286
1,0,0.26076928
1,1,0.9999423
1,1,0.9839804
1,1,0.9977568
1,0,0.14122255
1,1,0.99973863
1,1,0.99980897
1,1,0.5919635
1,1,0.9978124
1,1,0.99989057
1,1,0.866802
1,0,0.1533262
1,1,0.99988365
1,1,0.96112055
1,1,0.62560517
1,1,0.99972624
1,1,0.6032508
1,1,0.99990857
1,1,0.97683835
1,1,0.9852191
1,1,0.76204
1,0,0.013830505
1,1,0.77416265
1,1,0.9800331
1,0,0.21738812
1,1,0.9999341
1,1,0.9999441
1,1,0.9991339
1,1,0.9999496
1,0,0.0012245068
1,1,0.975694
1,1,0.9507029
1,1,0.92527044
1,1,0.91222614
1,1,0.9982992
1,1,0.9998004
1,1,0.9985642
1,1,0.8579938
1,1,0.9996007
1,1,0.99933726
1,1,0.8219239
1,1,0.5781977
1,1,0.9999466
1,0,0.47162533
1,0,0.010459586
1,1,0.9989862
1,1,0.996678
1,1,0.99994946
1,1,0.9999081
1,1,0.9918887
1,1,0.999949
1,1,0.9479659
1,0,0.00013545192
1,1,0.99993765
1,1,0.9994272
1,1,0.99624544
1,1,0.99635786
1,1,0.99980384
1,1,0.9812537
1,1,0.988226
1,1,0.99917454
1,1,0.8540498
1,1,0.9999262
1,0,0.31188357
1,1,0.9998989
1,1,0.9997004
1,1,0.9999492
1,1,0.9999063
1,1,0.9999529
1,1,0.9963898
1,1,0.9997484
1,1,0.9986609
1,0,0.060202148
1,1,0.99966216
1,0,0.0018421833
1,0,0.26771614
1,1,0.9946009
1,0,0.17857605
1,1,0.98681647
1,0,0.06900235
1,1,0.8288732
1,1,0.9975758
1,1,0.9324387
1,1,0.9991115
1,1,0.9994711
1,1,0.99990463
1,1,0.99977094
1,1,0.9965251
1,1,0.9997986
1,0,0.0012938497
1,1,0.9531122
1,1,0.9998585
1,1,0.9997681
1,0,0.0060140304
1,1,0.99863106
1,1,0.99985313
1,1,0.9998311
1,1,0.9998622
1,1,0.539396
1,1,0.9999256
1,1,0.99922585
1,1,0.54223174
1,1,0.9412998
1,1,0.99958795
1,1,0.8132254
1,1,0.99566853
1,1,0.9967951
1,1,0.9992279
1,1,0.97337997
1,0,0.07071597
1,1,0.9995196
1,1,0.9985025
1,1,0.9998073
1,0,0.075628445
1,1,0.9999474
1,1,0.99994147
1,1,0.5092761
1,0,0.35608178
1,1,0.9876742
1,1,0.8021064
1,1,0.9993993
1,1,0.9994968
1,1,0.9990283
1,0,0.011498985
1,1,0.99993205
1,1,0.9999434
1,0,0.25014058
1,0,0.33889768
1,1,0.92427665
1,1,0.99375796
1,1,0.99913955
1,1,0.9996118
1,1,0.64203405
1,1,0.9981933
1,1,0.99929774
1,1,0.99906975
1,0,0.22539419
1,1,0.7719318
1,1,0.9745272
1,1,0.9935149
1,1,0.99987066
1,0,0.05975758
1,0,0.28887692
1,0,0.19777595
1,1,0.9977477
1,1,0.9217427
1,0,0.00043298193
1,1,0.9419706
1,1,0.99640214
1,1,0.99982977
1,1,0.98384815
1,1,0.86724937
1,0,0.050719526
1,0,0.2702127
1,1,0.99975044
1,1,0.549497
1,0,0.30448377
1,1,0.85531265
1,1,0.9863295
1,1,0.57185817
1,0,0.0031386348
1,1,0.99986196
1,1,0.9571502
1,0,0.4221658
1,1,0.7060674
1,1,0.99987996
1,1,0.9997693
1,1,0.99991643
1,0,0.23093033
1,1,0.5771289
1,1,0.9783079
1,1,0.9971847
1,1,0.9995061
1,0,0.10434949
1,1,0.9999441
1,1,0.9999037
1,1,0.9950883
1,0,0.0038310438
1,1,0.6443194
1,1,0.9905428
1,1,0.9935545
1,1,0.9991154
1,1,0.97055817
1,1,0.74004364
1,1,0.9999337
1,1,0.9753694
1,1,0.99985886
1,1,0.9997794
1,0,0.033928543
1,1,0.99667007
1,0,0.3470546
1,1,0.7869718
1,1,0.9996166
1,1,0.9996356
1,1,0.99983466
1,1,0.8903961
1,0,0.26377758
1,1,0.99987745
1,1,0.92719513
1,0,0.053254966
1,1,0.9998497
1,1,0.99983466
1,1,0.99988556
1,1,0.99992037
1,1,0.67819893
1,1,0.99992
1,1,0.8743002
1,1,0.9996259
1,1,0.5042429
1,1,0.97306055
1,1,0.969328
1,1,0.87168586
1,1,0.99952996
1,1,0.9563835
1,0,0.00061963254
1,0,0.12774338
1,1,0.9987858
1,1,0.999726
1,1,0.52659976
1,1,0.9702032
1,1,0.99958926
1,1,0.9791309
1,1,0.99919075
1,1,0.97598064
1,0,0.47062394
1,1,0.99981576
1,1,0.9983171
1,1,0.99986815
1,1,0.96235734
1,1,0.9966354
1,0,0.00022101142
1,1,0.99784255
1,1,0.99706584
1,1,0.81805426
1,0,0.0074784327
1,1,0.9996958
1,1,0.9998233
1,1,0.9999293
1,1,0.999629
1,1,0.9998938
1,1,0.9208394
1,1,0.99939835
1,1,0.99979836
1,0,0.22671208
1,1,0.9935044
1,1,0.891051
1,1,0.9543143
1,0,0.4746703
1,1,0.99981886
1,1,0.99989915
1,1,0.92378086
1,0,0.4221552
1,1,0.99993944
1,0,0.00030694314
1,0,0.26009318
1,1,0.9971572
1,0,0.24648364
1,1,0.99993265
1,1,0.9899816
1,1,0.9998636
1,1,0.9998265
1,1,0.56269455
1,1,0.79819995
1,0,0.011315995
1,1,0.99980897
1,1,0.999676
1,1,0.99994624
1,1,0.99968493
1,1,0.8742143
1,1,0.9960588
1,1,0.99995196
1,1,0.84016323
1,1,0.999032
1,1,0.999689
1,1,0.97463405
1,0,0.3211184
1,1,0.986798
1,1,0.9999062
1,1,0.99994946
1,1,0.5082815
1,1,0.77737796
1,0,0.010173744
1,1,0.9931108
1,1,0.9411505
1,1,0.9847668
1,1,0.9997242
1,1,0.99991286
1,1,0.87835544
1,1,0.9999516
1,1,0.99830663
1,1,0.9517632
1,0,0.07520735
1,1,0.99981123
1,1,0.9998516
1,0,0.015624561
1,1,0.99885595
1,1,0.9583937
1,1,0.9999044
1,1,0.75941837
1,1,0.9957712
1,1,0.9999465
1,1,0.99990404
1,1,0.93719506
1,1,0.9992894
1,1,0.9999387
1,1,0.9995315
1,0,0.4427369
1,1,0.96418375
1,1,0.99985445
1,1,0.6691756
1,0,0.00015722324
1,0,8.93139e-05
1,0,0.04345058
1,0,0.4883749
1,1,0.9973514
1,0,0.021170875
1,1,0.99928135
1,1,0.7082495
1,1,0.9893881
1,1,0.9850755
1,0,0.42290428
1,1,0.99724114
1,1,0.99992824
1,1,0.9998068
1,1,0.8512737
1,1,0.9997305
1,1,0.9999145
1,1,0.9998399
1,1,0.93939495
1,0,0.36785245
1,1,0.9118556
1,0,0.26959753
1,1,0.99961156
1,0,0.22693722
1,0,0.37498176
1,1,0.9991492
1,1,0.999795
1,1,0.80255234
1,1,0.9994553
1,1,0.9930502
1,1,0.99914527
1,0,0.00016438315
1,1,0.99504
1,1,0.9804601
1,1,0.9993011
1,1,0.99981266
1,1,0.9999486
1,1,0.9994912
1,1,0.9998128
1,1,0.99986315
1,1,0.84282935
1,1,0.87527835
1,1,0.99992585
1,0,0.4679656
1,0,9.1235415e-05
1,1,0.99474925
1,1,0.9997634
1,1,0.99995255
1,1,0.9993051
1,0,0.37652853
1,1,0.99956924
1,1,0.97873074
1,0,0.43359947
1,1,0.8202073
1,1,0.99977916
1,1,0.99885035
1,1,0.9999472
1,1,0.97211695
1,0,0.2080798
1,1,0.9998437
1,1,0.84921557
1,0,0.4925878
1,1,0.9981865
1,1,0.99706775
1,1,0.99943095
1,1,0.97684675
1,1,0.9187741
1,1,0.99879885
1,1,0.9932789
1,1,0.6519887
1,1,0.99992526
1,1,0.99358904
1,1,0.9999416
1,1,0.99934477
1,1,0.9995338
1,1,0.9994319
1,1,0.8249409
1,1,0.97702205
1,1,0.99938726
1,0,0.005019102
1,1,0.9276892
1,0,0.039404817
1,0,0.31431195
1,1,0.99968255
1,1,0.9530613
1,1,0.90771157
1,0,0.18060145
1,1,0.914759
1,1,0.985338
1,1,0.98814756
1,0,0.2414025
1,1,0.99970573
1,1,0.9999484
1,1,0.9950647
1,1,0.9375489
1,1,0.8178845
1,1,0.99973387
1,1,0.9733421
1,0,0.060271844
1,1,0.99981755
1,1,0.5999769
1,0,0.24352819
1,1,0.8747039
1,1,0.8538814
1,1,0.9953733
1,1,0.9913293
1,1,0.6928032
1,0,0.11487168
1,1,0.99929476
1,1,0.9996145
1,1,0.9999361
1,1,0.9999175
1,1,0.99865437
1,1,0.99930775
1,1,0.99981123
1,1,0.99943835
1,1,0.999767
1,1,0.99963355
1,1,0.9997813
1,1,0.9948242
1,1,0.84533656
1,1,0.9992736
1,0,0.000156229
1,0,0.0719727
1,1,0.99826765
1,0,0.3638939
1,0,0.40635586
1,1,0.99974424
1,1,0.99993515
1,1,0.5324343
1,1,0.9741683
1,1,0.9998853
1,1,0.99874747
1,1,0.9999294
1,1,0.7324162
1,1,0.9998641
1,0,0.043286443
1,1,0.99992836
1,0,0.046227418
1,1,0.99593264
1,0,6.5771936e-05
1,1,0.9999049
1,0,0.20057026
1,1,0.59495807
1,1,0.99451077
1,1,0.7976754
1,1,0.97450805
1,0,0.4158397
1,0,0.23188353
1,1,0.9999225
1,1,0.9982657
1,1,0.99988353
1,1,0.99705243
1,1,0.98467547
1,1,0.9944517
1,0,0.00334971
1,0,0.16296777
1,1,0.8998704
1,1,0.92354155
1,1,0.9993617
1,1,0.669139
1,1,0.9999242
1,1,0.99983656
1,1,0.5953175
1,1,0.9996302
1,1,0.99991846
1,1,0.9995608
1,1,0.9286343
1,1,0.9950165
1,1,0.9540316
1,1,0.99994683
1,1,0.99849844
1,1,0.99953353
1,1,0.9998952
1,1,0.99824035
1,1,0.99864155
1,1,0.8258233
1,1,0.9289249
1,1,0.9999058
1,1,0.9921475
1,1,0.99002284
1,1,0.98931503
1,1,0.86853105
1,0,0.3572162
1,1,0.81768
1,1,0.9998919
1,1,0.9998204
1,1,0.99988914
1,1,0.99990344
1,1,0.9999467
1,1,0.9998511
1,1,0.99784327
1,1,0.9986382
1,1,0.98704195
1,1,0.8656475
1,1,0.9354032
1,1,0.99769956
1,1,0.9995235
1,1,0.99960786
1,1,0.6701542
1,1,0.9218698
1,1,0.99934393
1,1,0.9868088
1,1,0.9999064
1,1,0.996111
1,1,0.98319536
1,1,0.61148864
1,1,0.9811515
1,1,0.9942384
1,1,0.9999422
1,1,0.99805224
1,1,0.99814725
1,1,0.9710929
1,1,0.6912525
1,1,0.99990654
1,1,0.9999348
1,1,0.9994879
1,0,0.00013317014
1,1,0.9997589
1,0,0.15126055
1,1,0.9731502
1,1,0.75589633
1,1,0.6942257
1,1,0.80882794
1,1,0.99797565
1,0,0.008036277
1,1,0.99958104
1,1,0.92913806
1,1,0.91760415
1,1,0.82602364
1,1,0.9998355
1,1,0.9994735
1,1,0.99912745
1,0,0.3485546
1,1,0.9551095
1,1,0.9993461
1,1,0.9975647
1,0,0.00224852
1,1,0.99989736
1,1,0.8807135
1,0,0.34935024
1,1,0.5669865
1,1,0.9993382
1,1,0.96385497
1,1,0.9872208
1,1,0.80404437
1,1,0.9968491
1,1,0.8485876
1,1,0.87995726
1,1,0.99965703
1,1,0.99082804
1,1,0.9999304
1,1,0.9996489
1,1,0.9928973
1,1,0.9994252
1,1,0.99990106
1,1,0.99972314
1,1,0.9989197
1,1,0.9994474
1,0,0.038545072
1,1,0.9970682
1,1,0.8613327
1,1,0.9651276
1,1,0.99980754
1,1,0.99978
1,1,0.6368582
1,1,0.78370786
1,1,0.998285
1,0,0.49632096
1,1,0.9996978
1,1,0.9999188
1,1,0.5504835
1,1,0.952904
1,1,0.6735344
1,0,0.0006224239
1,0,0.32751784
1,1,0.9381118
1,1,0.9998857
1,1,0.9999188
1,1,0.7277015
1,1,0.99995136
1,1,0.69037175
1,1,0.988478
1,1,0.6542734
1,1,0.94268554
1,1,0.9582694
1,0,0.0044652247
1,1,0.99993443
1,1,0.63856745
1,1,0.7202704
1,1,0.87884104
1,1,0.99986863
1,1,0.84434474
1,1,0.9990565
1,1,0.98379713
1,1,0.9998565
1,1,0.99881136
1,1,0.94315934
1,1,0.82390326
1,0,0.0071038846
1,0,0.0012578743
1,1,0.9999101
1,1,0.9889448
1,1,0.64506197
1,0,0.23007569
1,1,0.99848586
1,1,0.9999484
1,1,0.99697614
1,1,0.99972516
1,0,0.026244005
1,0,0.31448704
1,1,0.99992085
1,1,0.76195025
1,1,0.75675803
1,0,0.4778112
1,1,0.62283397
1,1,0.98178446
1,0,0.0069236583
1,1,0.79297125
1,1,0.7902794
1,1,0.98999435
1,0,0.28149524
1,0,0.04160507
1,1,0.9945364
1,1,0.99280035
1,1,0.9960173
1,1,0.6594067
1,1,0.9992501
1,1,0.99979
1,1,0.9999255
1,1,0.9808631
1,1,0.9998204
1,1,0.9968458
1,1,0.99610835
1,1,0.999915
1,1,0.51045793
1,1,0.99989307
1,1,0.82905203
1,1,0.98981375
1,0,0.00015933492
1,1,0.999361
1,1,0.99609226
1,1,0.999941
1,0,0.09421283
1,1,0.9990809
1,0,0.19971025
1,1,0.9755879
1,1,0.9998822
1,1,0.9948539
1,1,0.9999274
1,1,0.973516
1,1,0.99992335
1,1,0.99969447
1,1,0.99163276
1,1,0.983937
1,1,0.9890849
1,1,0.99987924
1,1,0.995395
1,1,0.9421424
1,1,0.99992156
1,1,0.9991559
1,1,0.99975854
1,1,0.9774201
1,0,0.04643871
1,1,0.71873784
1,1,0.99990976
1,1,0.87809056
1,1,0.9999167
1,1,0.99994385
1,0,0.45694607
1,1,0.95799375
1,1,0.9769802
1,1,0.73309183
1,1,0.9959039
1,1,0.7794669
1,1,0.94120204
1,1,0.99994445
1,1,0.99986315
1,1,0.67956764
1,1,0.99993765
1,1,0.99995327
1,1,0.999944
1,1,0.9996687
1,0,0.31370938
1,1,0.99212074
1,1,0.98496234
1,0,0.3910968
1,1,0.9999106
1,1,0.9992847
1,1,0.99976987
1,1,0.9806012
1,1,0.99215734
1,1,0.9998902
1,1,0.9178592
1,0,0.010475514
1,0,0.021407273
1,0,0.07378197
1,0,0.017533755
1,1,0.67711234
1,1,0.98379123
1,1,0.99992955
1,1,0.9256878
1,1,0.9933115
1,1,0.9950324
1,1,0.99983716
1,1,0.99974674
1,1,0.988245
1,1,0.99963784
1,1,0.9993773
1,1,0.9999274
1,1,0.99838626
1,1,0.66874766
1,0,0.22305508
1,0,0.40829265
1,1,0.9982881
1,1,0.9997161
1,1,0.9999199
1,1,0.9995289
1,1,0.7015175
1,1,0.99993896
1,0,0.008034226
1,1,0.9973226
1,1,0.94377625
1,1,0.985047
1,1,0.9942473
1,0,0.3491249
1,1,0.98620796
1,1,0.9977344
1,1,0.9999368
1,1,0.9993967
1,1,0.9638667
1,1,0.84212995
1,1,0.999348
1,1,0.9986181
1,1,0.7030312
1,0,0.17443635
1,1,0.99983084
1,1,0.99990237
1,1,0.97533995
1,1,0.9993839
1,0,0.00019651794
1,1,0.9980107
1,1,0.9995819
1,1,0.9999423
1,1,0.9764801
1,1,0.5177786
1,1,0.9991937
1,1,0.9997038
1,1,0.99866605
1,1,0.99173576
1,1,0.99992037
1,0,0.4693468
1,0,0.036206193
1,1,0.85965765
1,0,0.0027260052
1,1,0.5868175
1,1,0.99691546
1,0,0.22278261
1,1,0.9999474
1,1,0.9999368
1,1,0.99736303
1,1,0.9515362
1,0,0.02134162
1,0,0.26346508
1,1,0.9530077
1,1,0.9980421
1,1,0.99978346
1,1,0.9998609
1,1,0.9991217
1,1,0.9062102
1,1,0.9987882
1,1,0.96512145
1,1,0.99991477
1,1,0.99976546
1,1,0.9017462
1,1,0.99972516
1,1,0.88930476
1,0,0.04897309
1,0,0.007426703
1,1,0.9943895
1,0,0.038875125
1,1,0.9628153
1,1,0.9906461
1,0,0.33371472
1,1,0.90051717
1,1,0.999869
1,1,0.9999088
1,1,0.88130516
1,1,0.9999211
1,1,0.9925331
1,1,0.96179765
1,1,0.99857616
1,1,0.998789
1,1,0.99965644
1,0,0.18837237
1,0,0.00044426837
1,0,0.053302832
1,1,0.9994035
1,1,0.99796224
1,1,0.9993274
1,1,0.9734537
1,1,0.5754645
1,0,0.057938293
1,0,0.0577134
1,0,0.368443
1,0,0.19897817
1,1,0.99979144
1,1,0.99974424
1,1,0.9998499
1,1,0.97922647
1,1,0.7077936
1,1,0.97467405
1,0,0.19875202
1,1,0.93436027
1,1,0.9998859
1,1,0.9994831
1,1,0.98211795
1,0,0.037072126
1,1,0.9998913
1,1,0.99076754
1,1,0.9995753
1,1,0.9986873
1,0,0.001552974
1,1,0.9782704
1,0,0.2539631
1,1,0.9999161
1,1,0.95176494
1,1,0.9999168
1,1,0.99984646
1,0,0.0023040355
1,1,0.98146814
1,1,0.8966644
1,0,0.24342385
1,1,0.999363
1,1,0.96603864
1,1,0.9964855
1,1,0.9999291
1,0,0.32906228
1,0,0.28445467
1,1,0.9988147
1,1,0.99982965
1,1,0.9996978
1,1,0.9675794
1,1,0.9995797
1,0,0.11608989
1,1,0.9959447
1,1,0.99786466
1,1,0.6305092
1,1,0.99943715
1,1,0.9961295
1,1,0.99934953
1,1,0.9754149
1,0,0.2802655
1,1,0.9998865
1,1,0.99992955
1,1,0.7364432
1,0,0.20199847
1,1,0.8720081
1,1,0.9993781
1,1,0.9941743
1,1,0.99865305
1,1,0.9999325
1,0,0.056866508
1,1,0.9997898
1,1,0.99995244
1,1,0.99984276
1,1,0.99725145
1,1,0.9993538
1,1,0.99961084
1,0,0.0033739433
1,1,0.9991917
1,1,0.9996749
1,0,0.49831614
1,0,0.33310243
1,1,0.999233
1,1,0.9999119
1,1,0.99994564
1,1,0.999445
1,1,0.9984078
1,1,0.9535795
1,1,0.99930596
1,0,0.109398216
1,0,7.893839e-05
1,0,0.066248454
1,1,0.9931827
1,1,0.99110514
1,1,0.9999461
1,1,0.99913967
1,1,0.99899477
1,0,0.2774841
1,0,0.06245182
1,1,0.8491489
1,0,0.065891355
1,1,0.99994695
1,1,0.7742842
1,1,0.99435556
1,1,0.99986446
1,1,0.80377215
1,0,0.46772316
1,1,0.99710757
1,1,0.99859303
1,1,0.9862087
1,0,0.077853605
1,1,0.9861466
1,1,0.8748958
1,1,0.9995578
1,1,0.99993503
1,1,0.99987566
1,1,0.999813
1,1,0.9994653
1,0,0.09034246
1,1,0.7335679
1,1,0.9997894
1,1,0.86975455
1,1,0.97048587
1,1,0.9995802
1,1,0.9918697
1,0,0.013412357
1,1,0.9998969
1,1,0.9877142
1,1,0.97908896
1,0,0.22264376
1,0,0.26737666
1,1,0.9992716
1,1,0.9985373
1,1,0.98943406
1,1,0.99866045
1,1,0.99983466
1,1,0.99989974
1,0,0.047605403
1,1,0.99986494
1,0,0.34192818
1,1,0.92748106
1,1,0.9632749
1,0,0.0103627425
1,1,0.99929416
1,1,0.92233527
1,1,0.9737467
1,1,0.87455416
1,1,0.9926825
1,1,0.9999263
1,1,0.99968565
1,1,0.9957599
1,1,0.99744874
1,1,0.9997403
1,1,0.96501756
1,0,0.31923994
1,1,0.9986286
1,1,0.99930227
1,0,0.1842206
1,0,0.053308185
1,1,0.8673657
1,1,0.62599707
1,1,0.9708393
1,1,0.63128537
1,1,0.9998337
1,1,0.99289286
1,0,0.36886272
1,1,0.9999244
1,1,0.87936544
1,1,0.9998654
1,1,0.9997893
1,0,0.33447748
1,0,0.29418153
1,1,0.9998692
1,1,0.9997545
1,1,0.59755236
1,1,0.9747966
1,1,0.9373314
1,1,0.7878555
1,1,0.999912
1,1,0.8680984
1,0,0.2604283
1,1,0.8258688
1,1,0.9994836
1,0,0.07108093
1,1,0.99945885
1,1,0.96774006
1,1,0.9534762
1,1,0.515565
1,1,0.94386524
1,1,0.95260847
1,1,0.9908755
1,1,0.9993042
1,1,0.9479791
1,1,0.8546865
1,1,0.9994992
1,1,0.99985754
1,0,0.034411233
1,0,0.10963286
1,1,0.9982836
1,1,0.9960752
1,1,0.90318334
1,1,0.99410594
1,0,0.36111778
1,1,0.99495393
1,1,0.9977723
1,0,0.10275256
1,0,0.3671654
1,0,4.28818e-05
1,1,0.6792207
1,1,0.9999275
1,1,0.99806696
1,1,0.999196
1,1,0.99753296
1,1,0.99993384
1,1,0.99947363
1,1,0.9995241
1,1,0.9591038
1,0,0.0067246547
1,1,0.89099544
1,0,0.07336539
1,1,0.99986744
1,1,0.9997012
1,1,0.9610095
1,1,0.7929817
1,1,0.99988747
1,0,0.024644198
1,1,0.94205946
1,0,0.030409323
1,1,0.9582276
1,1,0.8252789
1,0,0.23301907
1,1,0.99990153
1,1,0.6129288
1,1,0.5292645
1,1,0.99980193
1,1,0.7405588
1,1,0.99984
1,1,0.99835026
1,1,0.996612
1,1,0.9996779
1,1,0.9997676
1,1,0.97069216
1,1,0.99919003
1,1,0.999275
1,1,0.9998004
1,1,0.9939679
1,1,0.916641
1,1,0.9986532
1,0,0.037762202
1,1,0.9942674
1,1,0.99889827
1,1,0.9772546
1,1,0.99991274
1,0,0.0088009285
1,1,0.99990606
1,1,0.9999242
1,1,0.96959853
1,1,0.8942572
1,1,0.8874152
1,0,0.0013244881
1,1,0.9582943
1,1,0.87621015
1,1,0.79781014
1,0,0.008557153
1,1,0.9999497
1,1,0.9377306
1,1,0.993838
1,1,0.7884209
1,1,0.8040249
1,1,0.9023521
1,0,0.36024302
1,1,0.99933225
1,1,0.9951976
1,1,0.9999528
1,1,0.9950553
1,1,0.9874756
1,1,0.99956506
1,1,0.99730754
1,1,0.8131935
1,1,0.9999113
1,1,0.99982446
1,0,0.33547294
1,1,0.9654008
1,0,0.47025865
1,1,0.99994195
1,1,0.9145508
1,0,0.14751248
1,1,0.97057635
1,1,0.9909763
1,1,0.814231
1,1,0.9955841
1,1,0.9966018
1,1,0.99976283
1,1,0.99864644
1,1,0.9807684
1,1,0.9999459
1,1,0.9994673
1,1,0.6038229
1,0,0.054186217
1,1,0.99960405
1,0,0.16844295
1,0,0.17285186
1,1,0.8326027
1,0,0.2967835
1,1,0.8107829
1,1,0.9998853
1,1,0.99966097
1,0,0.0025251664
1,0,0.47171643
1,0,0.109444305
1,1,0.9926242
1,1,0.9997421
1,1,0.6290629
1,1,0.9977704
1,1,0.99826366
1,1,0.99992454
1,1,0.99983776
1,1,0.9527042
1,1,0.99995327
1,0,0.10092188
1,1,0.93501025
1,1,0.93754566
1,1,0.95749635
1,0,0.14629811
1,1,0.9999325
1,1,0.9997211
1,1,0.9998971
1,1,0.58366066
1,1,0.9170208
1,1,0.9950919
1,1,0.9051194
1,1,0.99968886
1,1,0.9998859
1,1,0.9999052
1,1,0.9461317
1,1,0.68757594
1,1,0.979076
1,1,0.99988663
1,0,0.3079165
1,0,0.0052745203
1,1,0.9998191
1,1,0.9998615
1,1,0.74159527
1,1,0.99986696
1,1,0.9318062
1,1,0.9963084
1,1,0.99993646
1,1,0.99913776
1,1,0.8804744
1,0,0.1225752
1,1,0.99696594
1,1,0.99908185
1,1,0.8275859
1,1,0.98785734
1,1,0.88586706
1,1,0.99969196
1,1,0.98667175
1,1,0.9999467
1,1,0.9994547
1,0,0.000115480456
1,1,0.99989104
1,1,0.9941454
1,1,0.6727487
1,1,0.99507844
1,0,0.31207138
1,0,0.0067040315
1,1,0.9999398
1,1,0.9930315
1,1,0.9798608
1,1,0.94866747
1,0,0.0013022561
1,1,0.9999417
1,1,0.97554225
1,1,0.99960035
1,1,0.97744125
1,1,0.9998454
1,1,0.9931318
1,1,0.9933403
1,1,0.9998167
1,1,0.7220096
1,0,0.09993346
1,1,0.65983427
1,1,0.99919385
1,1,0.9998952
1,1,0.9995701
1,0,0.04681992
1,1,0.9998648
1,1,0.9989386
1,0,0.04892855
1,0,0.016021486
1,1,0.9983171
1,1,0.9997116
1,1,0.9995437
1,1,0.9992373
1,1,0.99455476
1,1,0.9994271
1,0,0.10503698
1,0,5.0044502e-05
1,1,0.9971411
1,1,0.99931204
1,1,0.52926445
1,1,0.9999547
1,1,0.9970079
1,1,0.9999136
1,1,0.9855865
1,1,0.9997043
1,0,0.056634564
1,1,0.9991417
1,1,0.9995728
1,1,0.94735223
1,1,0.9998685
1,0,0.13860986
1,1,0.9999143
1,0,0.00063639286
1,1,0.9999424
1,1,0.99976677
1,1,0.9999472
1,1,0.99905795
1,1,0.9951638
1,1,0.9987469
1,0,0.00024947408
1,1,0.99951124
1,1,0.9988537
1,1,0.99993706
1,1,0.6295677
1,1,0.9957814
1,0,0.16942433
1,1,0.99652207
1,1,0.83407605
1,1,0.9946839
1,1,0.99987566
1,1,0.9994159
1,1,0.90774393
1,0,0.29077023
1,1,0.75557595
1,0,0.00019127385
1,0,0.23355483
1,1,0.9821268
1,1,0.5503268
1,1,0.99991226
1,0,0.26924747
1,1,0.9918291
1,1,0.999629
1,0,0.4977401
1,1,0.9368192
1,1,0.9846674
1,1,0.983959
1,1,0.9149014
1,1,0.99785393
1,0,0.047173083
1,0,0.027209075
1,1,0.99699306
1,1,0.999801
1,0,0.3885352
1,1,0.7758965
1,1,0.9859737
1,1,0.99979943
1,1,0.9998011
1,1,0.9988355
1,0,0.02382264
1,1,0.55445385
1,1,0.999445
1,1,0.95090604
1,1,0.9999025
1,0,0.19569924
1,1,0.99942964
1,1,0.8626769
1,1,0.99913615
1,1,0.98676026
1,1,0.99266934
1,1,0.9998623
1,1,0.9998437
1,0,0.0016202619
1,1,0.99742126
1,1,0.99987304
1,0,0.3872976
1,1,0.99990904
1,1,0.9999114
1,1,0.9911708
1,1,0.9999391
1,1,0.9998281
1,1,0.9995845
1,1,0.9993432
1,1,0.9999491
1,0,0.0015683038
1,1,0.9994867
1,1,0.9926156
1,1,0.97117484
1,1,0.7991801
1,1,0.99978405
1,1,0.9567188
1,1,0.97790295
1,1,0.7324826
1,1,0.9760248
1,1,0.6672666
1,0,0.0029803526
1,1,0.70496875
1,0,0.024800131
1,0,0.32037348
1,0,0.17855728
1,1,0.9999429
1,1,0.9970498
1,0,0.01051851
1,1,0.8432409
1,1,0.9997682
1,1,0.9989617
1,1,0.9999405
1,1,0.9995889
1,1,0.9722878
1,0,0.11348218
1,1,0.9790495
1,1,0.97952455
1,1,0.9984945
1,1,0.9994931
1,1,0.99992955
1,1,0.999884
1,1,0.99993455
1,1,0.6305289
1,0,0.014828381
1,1,0.6504359
1,1,0.9998171
1,1,0.9690185
1,1,0.9853945
1,0,0.00041756924
1,0,0.169993
1,1,0.9914069
1,1,0.9957461
1,1,0.99994254
1,0,0.0401789
1,1,0.9960531
1,1,0.9998988
1,1,0.99994063
1,0,0.0015924702
1,1,0.6975506
1,1,0.9998658
1,1,0.99991024
1,1,0.9999186
1,1,0.9991738
1,1,0.9086577
1,0,2.6872389e-05
1,0,0.00042760264
1,1,0.99982256
1,1,0.99991596
1,0,0.04016709
1,1,0.97642535
1,1,0.65068334
1,1,0.9997366
1,1,0.9999125
1,1,0.9966151
1,1,0.9967078
1,1,0.99992263
1,1,0.9940394
1,1,0.99723536
1,1,0.99977094
1,1,0.9871633
1,0,0.2333983
1,1,0.5424265
1,1,0.905621
1,1,0.9651901
1,1,0.9998821
1,1,0.93780714
1,0,0.08891471
1,0,0.10325542
1,1,0.9998623
1,1,0.9953381
1,0,0.00013711098
1,1,0.9998989
1,1,0.84819925
1,1,0.9993319
1,1,0.70748335
1,1,0.9999106
1,1,0.9973024
1,1,0.9977157
1,1,0.99807054
1,1,0.9933222
1,1,0.9991961
1,1,0.9804935
1,1,0.98147136
1,1,0.99894494
1,1,0.9866828
1,1,0.9666716
1,1,0.99991643
1,1,0.99994504
1,1,0.99972576
1,1,0.8033989
1,1,0.99842286
1,1,0.99972945
1,1,0.9995678
1,0,0.042482074
1,1,0.9998852
1,1,0.99949336
1,1,0.99833727
1,1,0.9467666
1,1,0.9997013
1,1,0.99822503
1,0,0.28770995
1,1,0.95359236
1,1,0.9787144
1,1,0.99970967
1,1,0.99994016
1,1,0.84618366
1,0,0.0029905122
1,1,0.9747345
1,1,0.76532793
1,1,0.9991642
1,1,0.9990288
1,0,0.21886934
1,1,0.99951494
1,1,0.9991473
1,1,0.97815347
1,1,0.9997211
1,1,0.999824
1,0,0.01707712
1,1,0.99994564
1,1,0.71925193
1,1,0.9995548
1,1,0.99854314
1,1,0.9946708
1,1,0.50030106
1,0,0.3046792
1,1,0.99994576
1,1,0.7949986
1,0,0.23362602
1,1,0.999739
1,1,0.70225215
1,1,0.9974446
1,1,0.92188394
1,1,0.9999281
1,1,0.99576014
1,0,0.27448565
1,0,0.4357046
1,1,0.9999212
1,1,0.9998661
1,1,0.9999045
1,1,0.99994004
1,1,0.9319392
1,1,0.9631282
1,1,0.9994368
1,1,0.53552663
1,1,0.9947436
1,1,0.99994385
1,1,0.9792782
1,1,0.99936336
1,0,0.002976364
1,0,0.085073575
1,0,0.24929741
1,1,0.99991524
1,1,0.8591977
1,1,0.99915016
1,1,0.99956757
1,1,0.9998098
1,1,0.9996979
1,1,0.9792813
1,1,0.9940435
1,1,0.86700565
1,1,0.9979723
1,0,0.15730499
1,1,0.9961952
1,1,0.837849
1,1,0.8628769
1,1,0.7521516
1,0,0.004372123
1,1,0.99783427
1,1,0.91782486
1,1,0.99994206
1,0,0.028252587
1,1,0.9368846
1,1,0.99511945
1,1,0.98256403
1,1,0.9988319
1,1,0.99994195
1,1,0.99830544
1,1,0.9793927
1,1,0.9463629
1,1,0.8694035
1,1,0.999017
1,1,0.9988294
1,0,0.00037458527
1,0,0.15982342
1,1,0.52744615
1,1,0.8181195
1,1,0.98684883
1,0,0.20991172
1,1,0.9996455
1,1,0.9998074
1,1,0.9941194
1,0,0.35347536
1,1,0.99974734
1,1,0.9221977
1,1,0.99913186
1,0,0.37808472
1,1,0.9998043
1,1,0.9999385
1,1,0.9990269
1,1,0.99993
1,1,0.98663366
1,1,0.8232397
1,0,0.026479071
1,1,0.59276366
1,1,0.9999044
1,1,0.9981781
1,0,0.43480703
1,1,0.9999428
1,1,0.9970607
1,1,0.9997787
1,0,0.012281076
1,1,0.9974879
1,1,0.999858
1,1,0.9998565
1,1,0.996234
1,1,0.99990237
1,1,0.9910323
1,1,0.7569057
1,1,0.99967504
1,1,0.9957717
1,0,0.32768726
1,1,0.9909463
1,1,0.59256315
1,1,0.98937047
1,0,0.4963164
1,1,0.9992711
1,1,0.9999478
1,1,0.99991035
1,0,0.056646824
1,0,0.013107867
1,1,0.9693644
1,1,0.6157412
1,1,0.9947907
1,1,0.9471321
1,0,0.057730574
1,1,0.8280647
1,1,0.98360056
1,1,0.9959026
1,1,0.99061954
1,1,0.9998337
1,1,0.999629
1,1,0.9990847
1,1,0.97198683
1,1,0.6387068
1,1,0.9985701
1,1,0.9971487
1,0,0.31512973
1,1,0.960687
1,1,0.9997434
1,1,0.9996772
1,1,0.99705017
1,1,0.84417564
1,1,0.99994457
1,1,0.97461116
1,1,0.9999281
1,1,0.99971884
1,1,0.95917743
1,1,0.99975914
1,1,0.9992772
1,0,0.00030275228
1,1,0.78659123
1,0,0.07355707
1,1,0.8801544
1,1,0.99544513
1,0,0.25273404
1,1,0.9825555
1,0,0.012963941
1,0,0.02710846
1,0,0.18948004
1,1,0.9996412
1,0,0.30768844
1,0,0.030840125
1,1,0.79013705
1,1,0.62069076
1,1,0.9523392
1,1,0.99985385
1,1,0.99990594
1,0,0.3438729
1,1,0.99921143
1,1,0.9999151
1,1,0.68230057
1,1,0.99781185
1,1,0.99994206
1,1,0.9999496
1,1,0.9464811
1,0,0.4461411
1,0,0.28148425
1,1,0.9495266
1,0,0.10342714
1,1,0.9988268
1,1,0.9999517
1,1,0.99984527
1,1,0.769741
1,0,0.035084777
1,1,0.99992704
1,1,0.984714
1,1,0.9962985
1,1,0.99719834
1,1,0.9865867
1,1,0.5242673
1,1,0.99851507
1,1,0.99612844
1,1,0.99824524
1,1,0.8316518
1,1,0.99950755
1,1,0.99243355
1,1,0.999824
1,1,0.99897766
1,1,0.99987304
1,1,0.6067968
1,1,0.98850596
1,0,0.08906975
1,1,0.9999392
1,1,0.70561516
1,0,0.17409688
1,1,0.99992776
1,0,0.44006637
1,1,0.95770293
1,1,0.9099377
1,1,0.9997447
1,1,0.98471963
1,1,0.999637
1,1,0.6201127
1,1,0.99989617
1,1,0.99547356
1,1,0.9998957
1,1,0.9999361
1,1,0.764063
1,1,0.7125013
1,0,0.3751974
1,1,0.9980945
1,1,0.99989355
1,1,0.9580383
1,1,0.99992335
1,1,0.7853156
1,1,0.9922376
1,1,0.9999454
1,1,0.9998685
1,0,0.12899733
1,1,0.99921966
1,1,0.9987608
1,1,0.99940765
1,1,0.99956197
1,0,0.0005506463
1,0,0.0014323504
1,0,0.27395508
1,1,0.9940363
1,1,0.9921029
1,0,0.02061492
1,1,0.9997491
1,1,0.9998266
1,1,0.9989478
1,1,0.70817345
1,1,0.9802114
1,0,3.4659068e-05
1,1,0.9992912
1,1,0.9998055
1,1,0.9999273
1,1,0.8572372
1,0,0.20622048
1,0,0.033444487
1,1,0.999684
1,1,0.9994386
1,1,0.99720275
1,1,0.83782846
1,1,0.99952936
1,1,0.9938021
1,0,0.0005984549
1,1,0.98892957
1,1,0.9998969
1,1,0.999941
1,0,0.054411456
1,0,0.007727066
1,1,0.77179384
1,1,0.969494
1,1,0.99991894
1,1,0.5205646
1,1,0.99637055
1,0,0.0013026984
1,1,0.96611553
1,1,0.99982554
1,1,0.9996742
1,1,0.9990695
1,1,0.9955117
1,1,0.6707366
1,0,0.017535646
1,1,0.99887913
1,1,0.7744685
1,1,0.999736
1,1,0.9995529
1,0,0.0008157045
1,1,0.9997054
1,1,0.9997218
1,1,0.9717757
1,1,0.99970835
1,1,0.9998889
1,1,0.9969081
1,0,0.4050585
1,0,0.21389513
1,1,0.99881196
1,1,0.5099654
1,1,0.99828196
1,0,0.00010619489
1,1,0.99958366
1,1,0.9976178
1,0,0.027174892
1,1,0.999936
1,1,0.99994874
1,1,0.96053714
1,0,0.00068440905
1,1,0.82818246
1,1,0.9698193
1,1,0.9997546
1,1,0.9998702
1,1,0.99995303
1,0,0.16478531
1,1,0.99983215
1,0,0.06555404
1,1,0.9993537
1,1,0.9999448
1,0,0.06432858
1,1,0.9995328
1,0,0.24116772
1,1,0.78604317
1,1,0.98016167
1,0,0.00047827789
1,1,0.9941199
1,1,0.8628199
1,0,0.29014617
1,0,0.2823922
1,1,0.99981195
1,1,0.9964645
1,0,0.22252001
1,0,0.42179787
1,1,0.9996716
1,1,0.99970824
1,1,0.8788779
1,1,0.9998778
1,0,0.10690297
1,1,0.9998671
1,1,0.9994178
1,0,0.019196086
1,1,0.9964121
1,0,0.3036418
1,1,0.977883
1,1,0.6475118
1,1,0.98717904
1,0,0.00917409
1,1,0.9791108
1,1,0.9932301
1,1,0.94484365
1,1,0.99772316
1,1,0.99994445
1,0,0.08751573
1,1,0.9999293
1,1,0.9998827
1,1,0.98558515
1,1,0.5184698
1,0,0.24959345
1,1,0.99966276
1,0,0.0006383105
1,1,0.9999403
1,1,0.9994655
1,1,0.9603648
1,1,0.80925095
1,1,0.969399
1,0,0.0031917687
1,1,0.99990845
1,1,0.8660323
1,1,0.7882643
1,1,0.9998215
1,1,0.99751174
1,1,0.7621535
1,0,0.032242347
1,0,0.39237702
1,1,0.97190297
1,1,0.99984825
1,1,0.9998319
1,1,0.9996829
1,1,0.9597262
1,1,0.5163003
1,1,0.9772366
1,0,0.31898135
1,0,0.3774836
1,1,0.968698
1,0,0.47537056
1,0,0.46130055
1,1,0.999933
1,1,0.9998266
1,1,0.9999088
1,1,0.99994004
1,1,0.9998561
1,0,0.077553615
1,1,0.96176815
1,1,0.9999193
1,1,0.9940899
1,1,0.82497764
1,1,0.97071785
1,1,0.99944884
1,0,0.19501911
1,1,0.99993587
1,1,0.8980781
1,1,0.99962664
1,1,0.99992025
1,0,0.004390944
1,1,0.99968386
1,1,0.9999486
1,1,0.99952996
1,0,0.25556713
1,1,0.99842703
1,1,0.9988587
1,0,0.0013235618
1,1,0.9985253
1,0,0.4446828
1,1,0.98570234
1,0,0.00013598056
1,1,0.99961567
1,1,0.9997497
1,0,0.00020392374
1,1,0.97362566
1,0,0.16573893
1,0,0.06616403
1,0,0.024263304
1,1,0.99848974
1,0,0.08385653
1,1,0.99987805
1,1,0.9623479
1,1,0.9274781
1,0,0.13337529
1,1,0.75644255
1,0,0.2811026
1,1,0.96816015
1,1,0.9516538
1,1,0.99799156
1,1,0.9174764
1,0,0.00025355685
1,1,0.9131371
1,1,0.87809145
1,1,0.99335575
1,1,0.9066247
1,0,0.0900561
1,0,0.15988803
1,1,0.9121655
1,1,0.9813787
1,1,0.99877423
1,1,0.6492242
1,0,0.041222826
1,1,0.6149426
1,1,0.99988794
1,0,0.3018171
1,1,0.9999331
1,1,0.99991035
1,0,0.0051952256
1,1,0.9435347
1,1,0.99040705
1,1,0.99150324
1,0,0.003848425
1,1,0.9999106
1,0,0.11062572
1,1,0.9997551
1,1,0.9981146
1,0,0.071117945
1,1,0.9989793
1,1,0.99991405
1,0,0.48887324
1,1,0.9979176
1,1,0.9971955
1,1,0.9990858
1,1,0.96126676
1,1,0.9998331
1,1,0.7554175
1,1,0.9889163
1,1,0.9996195
1,1,0.9925271
1,1,0.99889153
1,1,0.999212
1,1,0.9657878
1,1,0.9999343
1,1,0.7269325
1,1,0.9995309
1,1,0.99993086
1,1,0.9999021
1,0,0.32686684
1,0,0.24568567
1,1,0.99926335
1,1,0.9583924
1,1,0.99971396
1,1,0.98849446
1,1,0.9989134
1,1,0.99988234
1,1,0.99113023
1,1,0.8764996
1,1,0.9997248
1,0,0.21918195
1,1,0.9983902
1,1,0.93519056
1,1,0.95198274
1,1,0.9998118
1,0,0.30348858
1,1,0.99764925
1,1,0.99729306
1,1,0.9999236
1,1,0.8795578
1,0,0.26338133
1,0,0.0010214944
1,1,0.9999107
1,0,0.22900756
1,1,0.99976057
1,0,0.36779577
1,1,0.999228
1,0,0.0021593587
1,1,0.9999399
1,1,0.87648827
1,1,0.92118055
1,1,0.9976803
1,0,0.0038389277
1,0,0.082471125
1,1,0.98276585
1,0,0.4288754
1,1,0.5219358
1,1,0.5864032
1,1,0.9966545
1,1,0.9987858
1,1,0.999749
1,1,0.7272327
1,1,0.9998512
1,1,0.99993634
1,1,0.9759685
1,1,0.99992776
1,1,0.99976236
1,1,0.9987204
1,1,0.998044
1,1,0.6728015
1,1,0.90312016
1,1,0.58421767
1,1,0.8562403
1,1,0.9995036
1,0,7.255981e-05
1,1,0.99994326
1,1,0.55935603
1,1,0.99925905
1,1,0.9991301
1,1,0.55527776
1,1,0.74827933
1,1,0.9926755
1,1,0.99677235
1,1,0.96832174
1,1,0.9918779
1,1,0.982667
1,1,0.9999355
1,1,0.99994826
1,0,8.436594e-05
1,1,0.9600351
1,1,0.9992799
1,0,0.0019227299
1,1,0.9699611
1,1,0.9970662
1,1,0.9995535
1,1,0.85791105
1,1,0.98912
1,0,0.44272554
1,1,0.82654643
1,1,0.9999056
1,1,0.98468935
1,1,0.999258
1,1,0.9441917
1,0,0.0035615915
1,1,0.9875042
1,1,0.99810815
1,1,0.9990688
1,1,0.9989561
1,0,0.18923143
1,1,0.99994695
1,1,0.9230448
1,1,0.9992778
1,1,0.97524095
1,1,0.9521501
1,1,0.99984336
1,1,0.99988675
1,1,0.99987173
1,0,0.29609758
1,1,0.5846831
1,1,0.99993896
1,1,0.99929345
1,1,0.9997851
1,1,0.9019971
1,1,0.9969408
1,1,0.8787083
1,1,0.9969067
1,0,0.21874411
1,1,0.99994767
1,1,0.6503606
1,1,0.99933904
1,1,0.99992406
1,1,0.99946254
1,1,0.9984517
1,1,0.787531
1,1,0.9792741
1,1,0.9992908
1,0,0.117575176
1,1,0.57956994
1,1,0.97475123
1,0,0.0021836741
1,1,0.9996306
1,1,0.6309084
1,0,0.007126127
1,1,0.97108036
1,1,0.999874
1,1,0.99983525
1,1,0.9969137
1,0,0.0017861052
1,1,0.9996263
1,1,0.9605403
1,1,0.9603225
1,1,0.9240576
1,1,0.99994683
1,1,0.9994673
1,1,0.9999436
1,1,0.97562575
1,1,0.95430356
1,1,0.9999403
1,1,0.99993324
1,1,0.92388296
1,1,0.9994885
1,1,0.9964508
1,1,0.6418165
1,0,0.27445087
1,1,0.96462107
1,0,0.18098359
1,1,0.6045628
1,1,0.9999505
1,1,0.99372274
1,1,0.99960357
1,1,0.9999447
1,1,0.9999478
1,0,0.3241375
1,1,0.99934536
1,1,0.9999418
1,1,0.9999292
1,0,0.35456997
1,1,0.999689
1,1,0.72510344
1,1,0.9999161
1,1,0.9894211
1,1,0.88910484
1,1,0.97770226
1,1,0.92281365
1,1,0.9981773
1,1,0.9992192
1,1,0.9999212
1,0,0.010127953
1,1,0.9995647
1,0,0.1260595
1,1,0.8671516
1,1,0.9944066
1,1,0.99770135
1,1,0.5876362
1,1,0.99567634
1,0,0.0012974971
1,1,0.86944616
1,1,0.9984742
1,1,0.9998079
1,1,0.9942416
1,1,0.97309804
1,0,0.21020856
1,0,0.07396114
1,1,0.85775244
1,1,0.5581851
1,1,0.99994826
1,1,0.86054915
1,1,0.99314594
1,1,0.9392824
1,0,0.00025798572
1,1,0.99898416
1,0,0.07899158
1,0,0.048470754
1,0,0.022980563
1,1,0.99994683
1,0,0.00305142
1,0,0.38850904
1,1,0.99464595
1,1,0.9999497
1,1,0.99967396
1,1,0.9956963
1,0,0.47578922
1,1,0.9618635
1,1,0.9999366
1,1,0.89785
1,0,0.09843337
1,1,0.9999279
1,1,0.99990845
1,1,0.9980539
1,1,0.99990904
1,1,0.99992096
1,0,0.017198488
1,1,0.91253686
1,1,0.995605
1,1,0.98046356
1,1,0.7546412
1,1,0.99835455
1,1,0.99993205
1,1,0.925135
1,1,0.9992654
1,1,0.9855032
1,1,0.72127634
1,0,0.21080671
1,1,0.97683924
1,1,0.9999354
1,0,0.40644982
1,1,0.9989548
1,1,0.99948883
1,1,0.99584645
1,1,0.9827975
1,1,0.99935347
1,1,0.9982778
1,1,0.78143126
1,1,0.99993885
1,1,0.998735
1,1,0.95600474
1,1,0.8141318
1,1,0.87843466
1,1,0.992109
1,1,0.99581367
1,0,0.2224546
1,1,0.99975985
1,1,0.9998766
1,0,0.009608773
1,1,0.991
1,1,0.99762183
1,1,0.9988691
1,1,0.63377666
1,0,0.214749
1,1,0.9354707
1,1,0.9976545
1,1,0.9728257
1,0,0.41300538
1,1,0.9762639
1,0,0.01691773
1,0,0.036395524
1,1,0.99923015
1,0,0.3257388
1,1,0.99584144
1,1,0.9998611
1,1,0.9289887
1,1,0.9982822
1,1,0.9956857
1,0,0.036673494
1,1,0.7425246
1,1,0.99972445
1,1,0.95621395
1,0,0.12124683
1,1,0.9998971
1,1,0.9999342
1,1,0.9255715
1,0,0.40166706
1,1,0.9998939
1,1,0.99199367
1,0,0.0101302015
1,1,0.9999291
1,1,0.99228233
1,1,0.9992242
1,1,0.9999304
1,0,0.024972953
1,1,0.9610313
1,0,0.00018003401
1,1,0.9999517
1,1,0.9796197
1,1,0.99924755
1,1,0.9999316
1,1,0.9998888
1,1,0.9676802
1,1,0.9995883
1,1,0.9999435
1,1,0.9997634
1,1,0.71105075
1,0,0.0022731945
1,1,0.96492183
1,1,0.9998921
1,1,0.99983716
1,1,0.9999449
1,1,0.99217296
1,1,0.9989214
1,0,0.22326949
1,1,0.95482
1,1,0.9993311
1,1,0.999808
1,1,0.9999083
1,1,0.9998857
1,1,0.9826151
1,1,0.9999223
1,0,0.0030794044
1,1,0.84332657
1,1,0.66012245
1,1,0.9984091
1,0,0.18139805
1,1,0.5452017
1,1,0.7119599
1,1,0.97167236
1,1,0.9995202
1,1,0.96797603
1,1,0.9998945
1,1,0.6069191
1,1,0.9999422
1,1,0.984009
1,1,0.99952626
1,1,0.99883884
1,0,0.19202667
1,0,0.18327318
1,1,0.9689002
1,1,0.999949
1,1,0.9452353
1,0,0.09952744
1,1,0.9994043
1,1,0.93622774
1,1,0.9999372
1,1,0.8952567
1,1,0.9673648
1,1,0.9546212
1,0,0.4199576
1,1,0.6519099
1,1,0.9997236
1,1,0.99970573
1,1,0.9997186
1,1,0.99881786
1,1,0.9999112
1,1,0.78058743
1,1,0.99993944
1,1,0.99973184
1,1,0.996496
1,1,0.9951599
1,0,0.0007944934
1,1,0.9370121
1,0,0.006563294
1,1,0.81060207
1,1,0.9989791
1,1,0.9996848
1,1,0.9998363
1,1,0.98751384
1,1,0.9310118
1,1,0.9998418
1,1,0.9368396
1,1,0.9997862
1,0,0.12989669
1,1,0.99965715
1,0,0.0016088937
1,1,0.99855405
1,1,0.9999304
1,1,0.99426264
1,1,0.9997731
1,0,0.1707395
1,1,0.9999089
1,1,0.99987435
1,0,0.4476796
1,1,0.89016443
1,1,0.9948508
1,1,0.9997565
1,1,0.8355799
1,0,0.14885008
1,1,0.99992025
1,1,0.9990121
1,1,0.9941578
1,1,0.98219657
1,1,0.99453956
1,1,0.9999155
1,1,0.51328796
1,1,0.9982919
1,1,0.99430627
1,0,0.0026964266
1,1,0.9998305
1,1,0.9987431
1,1,0.9995716
1,1,0.99746335
1,0,0.0013546757
1,1,0.99993086
1,1,0.9506758
1,1,0.9924785
1,0,0.018240867
1,1,0.99817646
1,1,0.97231805
1,1,0.88272554
1,1,0.99630654
1,1,0.9995116
1,0,0.35461435
1,1,0.9475148
1,1,0.9999434
1,1,0.99995077
1,0,0.08468858
1,1,0.9976119
1,0,0.32492477
1,0,0.005790285
1,0,0.0004158147
1,1,0.9804786
1,1,0.7706896
1,1,0.99455875
1,0,0.08173346
1,1,0.96969134
1,1,0.99948525
1,1,0.99848086
1,0,0.23112075
1,1,0.7470859
1,0,0.2293156
1,1,0.999458
1,1,0.99993896
1,1,0.99992466
1,1,0.8510257
1,1,0.99920005
1,0,0.14021957
1,1,0.84855527
1,1,0.52638197
1,1,0.99890625
1,1,0.9997912
1,1,0.91571844
1,1,0.9641592
1,0,0.0011189982
1,1,0.9863331
1,1,0.9996803
1,1,0.9924892
1,1,0.99991405
1,1,0.7762139
1,1,0.999899
1,1,0.99964345
1,1,0.9039803
1,1,0.9871084
1,1,0.6023544
1,1,0.9993988
1,1,0.5536397
1,1,0.9999218
1,1,0.9993476
1,1,0.6195706
1,1,0.99988115
1,1,0.99995327
1,1,0.9960049
1,1,0.99990904
1,1,0.9996598
1,1,0.9995952
1,0,0.31044957
1,1,0.7840743
1,1,0.9965958
1,0,0.043762483
1,1,0.980962
1,1,0.99846125
1,0,0.37969634
1,1,0.9998222
1,1,0.9998697
1,1,0.99527127
1,0,0.13608053
1,1,0.9975051
1,1,0.9846944
1,1,0.9962245
1,0,0.46739382
1,0,0.28944972
1,1,0.9998203
1,0,0.11811634
1,0,0.44525713
1,1,0.99929106
1,1,0.84490365
1,1,0.9976902
1,1,0.9983486
1,1,0.7939089
1,1,0.99850214
1,1,0.9998553
1,1,0.9232251
1,0,0.25828138
1,0,0.0054572998
1,1,0.71308815
1,1,0.9945562
1,1,0.50658435
1,1,0.9995646
1,0,0.04889806
1,1,0.9890919
1,1,0.9989968
1,1,0.9998919
1,0,0.0881746
1,1,0.9993993
1,1,0.9694504
1,1,0.97689784
1,1,0.9383572
1,1,0.99966705
1,1,0.9489977
1,1,0.75003666
1,1,0.9508703
1,1,0.9999273
1,1,0.9997383
1,1,0.99707174
1,1,0.9183358
1,0,0.13888474
1,1,0.9882456
1,1,0.57115835
1,1,0.5144491
1,1,0.95397896
1,1,0.99994075
1,1,0.99990904
1,0,0.32191244
1,0,0.41074637
1,1,0.99990773
1,1,0.99864155
1,1,0.73119307
1,0,0.0025168739
1,1,0.8673078
1,0,0.048717238
1,1,0.99960285
1,1,0.94425493
1,1,0.9999473
1,0,0.12415323
1,1,0.9996985
1,1,0.5110014
1,1,0.9189079
1,1,0.99941933
1,1,0.99986446
1,1,0.99909043
1,1,0.99760264
1,1,0.93503505
1,1,0.99967766
1,0,0.41026813
1,1,0.99992335
1,1,0.9300652
1,1,0.9598365
1,1,0.8272009
1,1,0.9990544
1,0,0.0012518264
1,0,0.0064636157
1,1,0.99879897
1,1,0.9998468
1,1,0.9997489
1,1,0.974007
1,1,0.9985043
1,1,0.998422
1,0,0.0018953128
1,1,0.79607713
1,1,0.6950645
1,1,0.88126165
1,1,0.79140776
1,1,0.96757543
1,1,0.7005605
1,1,0.9993505
1,0,0.07494404
1,1,0.9997682
1,1,0.9127523
1,1,0.99723756
1,1,0.99832994
1,1,0.993919
1,1,0.9990932
1,1,0.98056257
1,0,0.34685686
1,1,0.99966383
1,0,0.00013907292
1,1,0.9999429
1,1,0.99990857
1,0,0.35001814
1,1,0.9593385
1,1,0.999889
1,1,0.9988783
1,1,0.998351
1,0,0.025709687
1,1,0.99714154
1,1,0.99740064
1,1,0.99993205
1,1,0.9820895
1,0,0.27042708
1,1,0.94444865
1,1,0.9997036
1,1,0.99624795
1,1,0.9995871
1,1,0.9982451
1,1,0.99969995
1,1,0.9996451
1,1,0.992589
1,1,0.99323297
1,1,0.99994683
1,0,0.15485501
1,1,0.999938
1,1,0.99820864
1,1,0.99985945
1,1,0.9962064
1,1,0.94201005
1,0,0.11382437
1,0,0.037501372
1,1,0.9859964
1,1,0.9715206
1,0,0.22215344
1,1,0.9841493
1,1,0.99938285
1,1,0.96741563
1,1,0.999946
1,1,0.99976486
1,1,0.99971753
1,0,0.26176205
1,1,0.99488896
1,1,0.99979764
1,1,0.99987376
1,1,0.9880653
1,1,0.9994192
1,0,0.0022905706
1,1,0.9985676
1,1,0.99994576
1,1,0.9996997
1,1,0.99936813
1,0,0.062514864
1,1,0.9998573
1,0,0.03209942
1,0,0.0017951439
1,1,0.99994814
1,1,0.8324263
1,1,0.9999107
1,1,0.8721721
1,0,0.0051656184
1,1,0.83946866
1,0,0.0005970889
1,0,0.000284989
1,1,0.7850682
1,1,0.9994481
1,1,0.99992526
1,1,0.9957325
1,1,0.99969983
1,1,0.9999025
1,1,0.8127983
1,1,0.9997671
1,1,0.9992405
1,1,0.9999194
1,0,0.058030974
1,0,0.00023887194
1,0,0.435139
1,1,0.7509199
1,1,0.82046056
1,0,0.004980743
1,1,0.749611
1,0,0.08319462
1,1,0.6784862
1,1,0.99982697
1,1,0.999954
1,1,0.94309306
1,1,0.990021
1,1,0.99991274
1,1,0.9995623
1,1,0.99986184
1,1,0.9998987
1,0,0.015191688
1,1,0.9956151
1,1,0.9993543
1,0,0.47354415
1,1,0.9995956
1,1,0.99945086
1,1,0.81782293
1,1,0.8011988
1,1,0.996375
1,0,0.057380803
1,1,0.9876847
1,1,0.9998404
1,1,0.99956065
1,0,0.2872093
1,1,0.5557577
1,1,0.9743827
1,1,0.99993944
1,1,0.9951261
1,1,0.9997845
1,1,0.99573284
1,1,0.9700712
1,0,0.14752467
1,1,0.9992661
1,1,0.9958906
1,0,0.04265427
1,1,0.99546343
1,1,0.8713075
1,1,0.99995255
1,1,0.99991333
1,0,0.13487472
1,1,0.99883944
1,1,0.760429
1,1,0.96851414
1,1,0.9788602
1,0,0.012513553
1,1,0.9998128
1,1,0.8952442
1,1,0.9999515
1,1,0.89292157
1,1,0.9388129
1,1,0.99526167
1,1,0.9999001
1,1,0.9997832
1,1,0.9999554
1,1,0.9999372
1,1,0.9858461
1,1,0.9959699
1,1,0.9800894
1,1,0.98135066
1,0,0.07144027
1,1,0.99981767
1,0,0.4665552
1,1,0.9171145
1,0,0.12799558
1,1,0.999049
1,1,0.9908931
1,1,0.6949663
1,0,0.2624915
1,1,0.9998938
1,1,0.7114359
1,1,0.9930086
1,1,0.97083783
1,1,0.99963844
1,0,0.0002649114
1,1,0.9996055
1,1,0.98931724
1,1,0.87427604
1,1,0.9999279
1,1,0.999951
1,0,0.0011581327
1,1,0.9992843
1,1,0.8872163
1,1,0.98955137
1,0,0.10770919
1,1,0.9996878
1,1,0.94824773
1,1,0.96740526
1,1,0.9921543
1,1,0.9993449
1,1,0.99994636
1,1,0.99001044
1,1,0.998973
1,0,0.16565251
1,1,0.96264786
1,0,0.35646313
1,1,0.99991107
1,1,0.70980674
1,1,0.99840873
1,0,0.14008689
1,0,0.1417354
1,1,0.999902
1,1,0.9962722
1,0,0.47936642
1,0,0.00053930096
1,0,0.058252696
1,1,0.9446491
1,1,0.9999093
1,1,0.9970034
1,1,0.8567216
1,1,0.99993896
1,1,0.9998832
1,0,0.0869249
1,1,0.9752915
1,1,0.99959606
1,0,0.40869135
1,1,0.9982864
1,1,0.9735685
1,1,0.99771
1,1,0.99571544
1,1,0.99883133
1,1,0.9995652
1,1,0.99988866
1,0,0.35003978
1,1,0.999154
1,1,0.9999479
1,1,0.9811236
1,0,0.05616876
1,0,0.29846805
1,1,0.99897325
1,1,0.5044944
1,1,0.9999399
1,1,0.9992944
1,0,0.0122804865
1,1,0.99850607
1,0,0.24290922
1,1,0.99841535
1,0,0.39033943
1,1,0.99990916
1,1,0.97200304
1,1,0.97215974
1,1,0.8310452
1,1,0.9297503
1,1,0.9994324
1,1,0.97797424
1,1,0.9996444
1,1,0.9999386
1,1,0.9691167
1,1,0.5450617
1,1,0.9998486
1,1,0.99995077
1,1,0.9999082
1,1,0.9999343
1,1,0.7077708
1,1,0.9357698
1,1,0.99890816
1,1,0.99934775
1,1,0.5761799
1,1,0.998676
1,1,0.9998667
1,0,0.2680415
1,1,0.7031417
1,1,0.98309064
1,1,0.9822041
1,1,0.99993265
1,0,0.23795603
1,1,0.9694064
1,1,0.68975943
1,1,0.9990339
1,1,0.97541976
1,1,0.7525415
1,0,0.0025116475
1,1,0.88353765
1,1,0.88376284
1,1,0.9980427
1,1,0.50446934
1,1,0.99994373
1,0,0.1342127
1,1,0.99994636
1,1,0.9964455
1,1,0.922241
1,1,0.9999199
1,1,0.99876726
1,1,0.5000842
1,0,0.015423018
1,1,0.99814546
1,1,0.96142113
1,1,0.99930704
1,1,0.9395574
1,1,0.99875975
1,1,0.9990815
1,0,0.00015506499
1,0,0.01231235
1,1,0.99348456
1,1,0.982692
1,1,0.5138699
1,1,0.9997559
1,0,0.3089082
1,1,0.9997919
1,0,0.008790149
1,1,0.9868395
1,1,0.99993503
1,0,0.41593015
1,1,0.9686553
1,1,0.5981308
1,1,0.9999409
1,1,0.92024195
1,1,0.9993261
1,1,0.97189146
1,1,0.5455399
1,1,0.9219614
1,1,0.6955399
1,1,0.99979013
1,0,0.369127
1,1,0.9933924
1,1,0.99993384
1,1,0.8448239
1,1,0.9994923
1,1,0.99993
1,0,0.03118351
1,1,0.9997155
1,0,0.02198044
1,1,0.9838071
1,1,0.9973273
1,1,0.5545577
1,1,0.8810082
1,1,0.9968664
1,1,0.99994016
1,0,0.30703065
1,0,0.418443
1,1,0.9998356
1,1,0.99856263
1,1,0.953201
1,1,0.9999355
1,1,0.9998965
1,1,0.9999417
1,1,0.9998517
1,1,0.94657516
1,1,0.9998779
1,1,0.95973116
1,0,0.055491183
1,1,0.92146033
1,1,0.99935263
1,1,0.97453123
1,1,0.99985564
1,1,0.99971944
1,1,0.9999472
1,1,0.84733164
1,1,0.99613297
1,1,0.9998946
1,0,0.054124296
1,1,0.9996375
1,0,0.0054909354
1,1,0.9153654
1,1,0.9848082
1,1,0.9640844
1,1,0.99845374
1,1,0.999708
1,1,0.9988055
1,1,0.93916374
1,1,0.9905579
1,1,0.8579445
1,1,0.97963995
1,1,0.99957246
1,1,0.9509395
1,1,0.99990165
1,1,0.5111442
1,1,0.7074859
1,1,0.9999199
1,0,0.4253351
1,1,0.99933654
1,1,0.8137381
1,1,0.9998448
1,0,0.0017567063
1,0,0.16029547
1,0,0.18909098
1,0,0.008882944
1,0,0.0008177988
1,1,0.9998797
1,1,0.99963677
1,1,0.99358773
1,1,0.99325013
1,1,0.9998154
1,1,0.99957865
1,0,0.21135402
1,1,0.9978713
1,0,0.03882306
1,0,0.19065009
1,1,0.99993324
1,1,0.5249643
1,1,0.9972295
1,1,0.9961331
1,1,0.983529
1,1,0.99990225
1,0,0.32327935
1,1,0.999777
1,1,0.9808137
1,1,0.9731259
1,1,0.99974495
1,0,0.45358217
1,1,0.9863819
1,1,0.993905
1,0,0.34402415
1,1,0.9082557
1,1,0.9994342
1,1,0.8601214
1,0,0.11539688
1,1,0.99971014
1,1,0.67468625
1,1,0.99994767
1,1,0.9997832
1,1,0.9781491
1,1,0.99839276
1,1,0.9963643
1,1,0.9778209
1,1,0.9999236
1,1,0.98746765
1,0,0.14820322
1,1,0.9993755
1,1,0.99980086
1,1,0.999902
1,0,0.042947087
1,0,0.0016480323
1,1,0.99874264
1,1,0.9969157
1,0,0.18406813
1,1,0.9896465
1,1,0.7462985
1,1,0.8058168
1,1,0.8003649
1,1,0.99830306
1,1,0.7410923
1,1,0.9984005
1,1,0.9146476
1,1,0.98734224
1,0,0.36213577
1,1,0.9996722
1,1,0.9992341
1,0,0.109393194
1,1,0.9409395
1,0,0.018436251
1,1,0.9994357
1,1,0.9998474
1,1,0.9999051
1,1,0.99984753
1,1,0.9997831
1,1,0.8653962
1,1,0.5803029
1,1,0.97734606
1,1,0.96287084
1,1,0.99991775
1,1,0.99960667
1,1,0.9082024
1,1,0.9977204
1,1,0.9999392
1,1,0.58811486
1,0,0.07153496
1,1,0.8156123
1,1,0.62599653
1,1,0.98220396
1,1,0.9995634
1,1,0.99993837
1,1,0.99989533
1,1,0.99552757
1,0,0.05445235
1,0,0.07170532
1,0,0.12604904
1,1,0.96240956
1,1,0.9762206
1,1,0.99898404
1,1,0.8345714
1,0,0.39002296
1,1,0.995381
1,1,0.9993333
1,1,0.97825456
1,1,0.9989146
1,1,0.63799846
1,1,0.99866235
1,1,0.9960323
1,0,0.0001242897
1,1,0.65089446
1,1,0.99969614
1,1,0.999944
1,0,0.014033985
1,1,0.99994767
1,1,0.9710461
1,0,0.41058177
1,1,0.6387094
1,0,0.013200796
1,1,0.9997367
1,1,0.58626515
1,1,0.9242166
1,1,0.999788
1,1,0.9999368
1,1,0.95796466
1,1,0.99864715
1,1,0.99984
1,1,0.9997414
1,0,0.40878466
1,1,0.9999205
1,1,0.95019656
1,1,0.99902654
1,1,0.7783009
1,1,0.8661405
1,1,0.9996643
1,1,0.99985886
1,0,0.03738186
1,1,0.9925047
1,0,0.052235328
1,1,0.9349501
1,1,0.9986008
1,1,0.9681143
1,1,0.78507954
1,1,0.97365755
1,1,0.9998828
1,0,0.15713044
1,0,0.2252773
1,1,0.9997707
1,0,0.09443877
1,1,0.99979883
1,0,0.02215199
1,1,0.9576597
1,1,0.9998233
1,1,0.99990916
1,1,0.63784045
1,1,0.999876
1,1,0.7293849
1,1,0.6196872
1,1,0.9303659
1,1,0.99991953
1,0,0.40591088
1,0,0.1954419
1,0,0.26235643
1,0,0.045757063
1,0,0.07743664
1,1,0.9974546
1,1,0.9998671
1,1,0.976995
1,0,0.0005161185
1,1,0.99992394
1,1,0.9884974
1,1,0.9216537
1,1,0.999912
1,1,0.9957147
1,1,0.99861574
1,1,0.99990916
1,1,0.51601297
1,0,0.0009231702
1,1,0.9600106
1,1,0.6963392
1,1,0.9909093
1,0,0.15176055
1,1,0.999874
1,1,0.9895488
1,1,0.99780697
1,1,0.79321134
1,1,0.99992776
1,1,0.9216866
1,1,0.99984527
1,0,0.36389944
1,1,0.9999
1,1,0.99975795
1,1,0.9744899
1,1,0.97567284
1,1,0.99945945
1,0,0.00687365
1,1,0.99961096
1,1,0.99590355
1,1,0.9990695
1,1,0.8744198
1,1,0.66629297
1,1,0.99954516
1,1,0.9998398
1,1,0.9999069
1,1,0.9992644
1,1,0.6907431
1,1,0.99989676
1,1,0.9283648
1,1,0.99487454
1,1,0.999503
1,1,0.9994912
1,1,0.9566903
1,0,0.01816601
1,1,0.99989986
1,1,0.99829596
1,1,0.99873286
1,1,0.9993729
1,1,0.99971956
1,0,0.3536672
1,1,0.9994305
1,0,0.27098885
1,0,0.13046032
1,1,0.9999368
1,1,0.9999232
1,1,0.99806577
1,1,0.60787743
1,1,0.63583386
1,1,0.99964345
1,1,0.98737794
1,1,0.8202123
1,1,0.9729654
1,0,0.11717663
1,1,0.6191673
1,1,0.996415
1,1,0.9998716
1,1,0.9998486
1,0,0.2123885
1,0,0.0008219715
1,1,0.70615816
1,1,0.9740776
1,1,0.99958795
1,1,0.9976603
1,1,0.9944108
1,1,0.96374035
1,1,0.966535
1,1,0.96547693
1,1,0.6063266
1,1,0.99905425
1,0,0.03278637
1,1,0.9140584
1,1,0.99801743
1,1,0.999564
1,1,0.99981755
1,0,0.1677957
1,1,0.85906285
1,1,0.9530934
1,1,0.99993217
1,1,0.9999424
1,1,0.6788921
1,0,0.02600307
1,1,0.9999403
1,1,0.9965664
1,1,0.98941654
1,1,0.99912864
1,1,0.97305036
1,1,0.9995421
1,1,0.9999379
1,1,0.9927568
1,1,0.8825428
1,1,0.94645816
1,1,0.9525588
1,1,0.9999083
1,0,0.41965082
1,1,0.9189849
1,1,0.99954563
1,1,0.9992482
1,0,0.034494516
1,1,0.9997464
1,1,0.999894
1,1,0.95931566
1,0,0.0010970839
1,1,0.999877
1,1,0.9968526
1,1,0.9996259
1,1,0.97803587
1,1,0.9983822
1,0,0.1387959
1,1,0.9983669
1,1,0.7836797
1,1,0.9993673
1,1,0.7745748
1,1,0.9999404
1,1,0.99969554
1,1,0.99980134
1,1,0.97486466
1,1,0.74049675
1,0,9.39606e-05
1,1,0.7165119
1,1,0.9999306
1,1,0.9999236
1,1,0.9999503
1,1,0.99495834
1,1,0.99842983
1,1,0.8504276
1,0,0.09687708
1,1,0.9934402
1,0,0.00090462004
1,1,0.99911636
1,1,0.8943895
1,1,0.9998579
1,1,0.99992824
1,0,0.25268576
1,1,0.99936277
1,1,0.955459
1,1,0.9999398
1,1,0.9992779
1,0,0.0026117098
1,1,0.98999935
1,0,0.30188167
1,1,0.9755774
1,1,0.9997056
1,1,0.5089814
1,1,0.9998636
1,1,0.99991465
1,1,0.9998393
1,1,0.99770194
1,1,0.681088
1,1,0.9982364
1,0,0.22564624
1,0,0.273569
1,0,0.00011202101
1,1,0.5708931
1,1,0.9926722
1,1,0.9994068
1,0,0.074798286
1,1,0.99994373
1,1,0.99991727
1,1,0.9564573
1,1,0.9974843
1,1,0.79489875
1,1,0.61495715
1,1,0.9993673
1,1,0.9918675
1,1,0.99963295
1,0,0.014051706
1,1,0.96745044
1,1,0.9999356
1,1,0.9978352
1,1,0.9993444
1,1,0.9999356
1,1,0.94297624
1,1,0.96361727
1,0,0.3634299
1,1,0.99802953
1,0,0.3185624
1,1,0.83368295
1,1,0.99992085
1,1,0.9990503
1,1,0.8273857
1,1,0.9622329
1,1,0.99683446
1,1,0.76995885
1,1,0.99681276
1,1,0.9997447
1,1,0.99899024
1,1,0.9927307
1,1,0.9999299
1,1,0.78577024
1,1,0.9998939
1,0,0.025265317
1,0,0.3701962
1,1,0.9992042
1,0,0.17118314
1,0,0.22675274
1,1,0.9965932
1,1,0.999516
1,0,0.000389108
1,1,0.9985598
1,1,0.8645511
1,0,0.03839199
1,1,0.875631
1,1,0.998319
1,1,0.99869835
1,1,0.991679
1,0,0.0034096977
1,0,0.023784215
1,0,0.058687616
1,1,0.9998115
1,1,0.9946227
1,1,0.9987631
1,1,0.999946
1,1,0.9999424
1,1,0.99924505
1,1,0.9573098
1,0,4.2540312e-05
1,1,0.9698618
1,1,0.99995327
1,1,0.99932265
1,1,0.99884593
1,0,0.109089464
1,0,0.22920556
1,1,0.99663216
1,1,0.86500514
1,1,0.9578733
1,0,0.10179875
1,1,0.99991107
1,1,0.9004847
1,1,0.5613441
1,1,0.99992585
1,1,0.9046971
1,1,0.9343194
1,0,0.37287602
1,0,0.012609754
1,1,0.99666387
1,1,0.9974577
1,1,0.9999138
1,1,0.99991727
1,1,0.90548074
1,1,0.99705625
1,1,0.9938188
1,1,0.99991727
1,1,0.9999399
1,1,0.999925
1,0,0.20361683
1,1,0.9822809
1,0,0.0030522498
1,1,0.9965036
1,1,0.9999145
1,1,0.99425656
1,1,0.93356854
1,1,0.99993014
1,1,0.99312204
1,0,0.1924675
1,1,0.9999248
1,1,0.9939814
1,0,0.054644313
1,1,0.8797214
1,1,0.9880364
1,1,0.9992513
1,1,0.9828813
1,1,0.9999398
1,1,0.99659616
1,1,0.99963176
1,1,0.99968266
1,1,0.99989927
1,0,0.09267909
1,1,0.99968946
1,1,0.5816218
1,1,0.99989104
1,0,0.24089842
1,1,0.9979247
1,1,0.9899395
1,1,0.5010919
1,0,0.035002884
1,1,0.99989915
1,1,0.99636674
1,1,0.999592
1,0,0.0005427674
1,1,0.9976699
1,1,0.9621793
1,1,0.96836376
1,1,0.99982053
1,0,0.23494044
1,1,0.9518707
1,1,0.99984336
1,1,0.9999269
1,1,0.87477076
1,0,0.00023289082
1,1,0.9893441
1,1,0.9998355
1,1,0.9941427
1,0,0.0016842298
1,1,0.99978226
1,1,0.99993336
1,0,0.12666273
1,1,0.9936178
1,1,0.99913687
1,1,0.9998609
1,0,0.13785565
1,0,0.03981469
1,1,0.8622743
1,1,0.9495595
1,1,0.9939985
1,1,0.9989422
1,1,0.997177
1,1,0.9950689
1,0,0.032576595
1,1,0.9216789
1,1,0.58298266
1,1,0.9999268
1,1,0.58190453
1,1,0.9932035
1,1,0.99979764
1,1,0.9993462
1,1,0.9999387
1,1,0.78947103
1,1,0.6358309
1,1,0.9460015
1,1,0.88077974
1,1,0.99774724
1,1,0.78244954
1,0,0.38577452
1,1,0.9606217
1,1,0.9991572
1,1,0.6776809
1,0,0.09295821
1,0,0.03854955
1,0,0.0009308467
1,1,0.9924775
1,1,0.99829
1,1,0.9977576
1,1,0.9999405
1,1,0.9995814
1,1,0.66302276
1,1,0.999729
1,1,0.9999355
1,0,0.24352533
1,1,0.99976665
1,1,0.9127388
1,1,0.98967
1,1,0.99284256
1,1,0.977219
1,0,0.13046022
1,1,0.9829164
1,1,0.99974996
1,0,0.07219102
1,0,0.00013442039
1,1,0.7971199
1,1,0.9957776
1,1,0.9431296
1,0,0.49896434
1,1,0.92793065
1,0,0.008741579
1,0,0.013319269
1,1,0.9998739
1,1,0.9722899
1,1,0.99981934
1,1,0.9998646
1,1,0.9174249
1,0,0.45887053
1,1,0.9736536
1,1,0.9996952
1,0,0.10647657
1,1,0.97711235
1,0,0.07388085
1,1,0.9987962
1,1,0.69222206
1,1,0.9999416
1,1,0.9988695
1,1,0.9229989
1,1,0.5905143
1,0,0.040039074
1,1,0.99958616
1,1,0.92335963
1,1,0.9490083
1,1,0.9723707
1,1,0.99994266
1,1,0.9578629
1,1,0.6586383
1,1,0.6163134
1,1,0.9410432
1,1,0.929784
1,1,0.9940813
1,1,0.62946606
1,0,0.33612397
1,1,0.8703453
1,1,0.9999275
1,1,0.8483081
1,1,0.6315166
1,1,0.9386962
1,1,0.996606
1,1,0.5249489
1,1,0.99968886
1,1,0.99991167
1,1,0.94144785
1,1,0.99713093
1,1,0.9998976
1,1,0.99787664
1,1,0.9999325
1,1,0.99716574
1,1,0.9997843
1,0,0.0005527117
1,1,0.55080193
1,1,0.99911577
1,1,0.9999076
1,1,0.9832428
1,1,0.99216616
1,1,0.9999
1,1,0.9995977
1,1,0.9993331
1,1,0.9973103
1,1,0.99992657
1,0,0.0248472
1,1,0.6067586
1,1,0.5772275
1,1,0.8765367
1,0,0.3688157
1,1,0.99982554
1,1,0.9987741
1,1,0.9912867
1,1,0.99247414
1,1,0.9998834
1,1,0.9989667
1,1,0.9986859
1,1,0.9997881
1,1,0.99939466
1,0,0.27666566
1,1,0.9982492
1,1,0.9990194
1,1,0.9996276
1,0,0.32277262
1,1,0.9122804
1,1,0.9939348
1,0,0.2950156
1,1,0.9301248
1,1,0.9999254
1,1,0.9592772
1,1,0.99980897
1,1,0.99909437
1,1,0.9999306
1,0,0.028977932
1,0,0.006627543
1,1,0.9998037
1,1,0.99983954
1,1,0.532377
1,1,0.9994253
1,1,0.9998666
1,1,0.6912474
1,1,0.9797736
1,1,0.96729106
1,0,0.0020566874
1,0,0.03194968
1,1,0.98935485
1,0,0.46705955
1,1,0.6079822
1,1,0.9998869
1,0,0.0029081216
1,1,0.9982668
1,0,0.4353456
1,0,0.08432228
1,1,0.99784195
1,1,0.74871975
1,1,0.8491779
1,1,0.999887
1,1,0.76627004
1,1,0.99947673
1,1,0.9999416
1,0,0.36686286
1,1,0.9999509
1,1,0.99421614
1,1,0.9999527
1,1,0.9233311
1,1,0.99740857
1,0,0.42829415
1,1,0.99729806
1,1,0.9998227
1,0,0.32411474
1,1,0.83394265
1,1,0.9634216
1,0,0.08162961
1,1,0.65139097
1,1,0.999532
1,0,0.10208388
1,1,0.99981385
1,1,0.889574
1,1,0.99993026
1,1,0.9970843
1,1,0.98791367
1,1,0.8872486
1,1,0.846353
1,0,0.365101
1,1,0.86951953
1,1,0.9955901
1,0,0.06078629
1,1,0.94731843
1,1,0.7821044
1,1,0.99979454
1,0,0.26651433
1,1,0.5764763
1,1,0.9999403
1,1,0.9999058
1,1,0.9998735
1,1,0.77472234
1,1,0.99256706
1,1,0.77811205
1,1,0.9999443
1,1,0.93838453
1,1,0.9713642
1,1,0.9271837
1,0,0.08689511
1,1,0.99954516
1,1,0.9885526
1,1,0.9695087
1,1,0.95811397
1,1,0.9998592
1,1,0.95433974
1,1,0.9887593
1,1,0.98477596
1,0,0.21089908
1,1,0.99850047
1,1,0.99978703
1,1,0.99462897
1,1,0.9990978
1,1,0.9823147
1,1,0.9509291
1,1,0.9998927
1,1,0.66092587
1,1,0.94998395
1,1,0.9987708
1,1,0.7313187
1,1,0.99988854
1,1,0.9989932
1,1,0.9999163
1,1,0.9432273
1,1,0.9999443
1,0,0.040455144
1,1,0.9998754
1,1,0.99773043
1,1,0.999723
1,1,0.98768103
1,1,0.9998179
1,1,0.99958473
1,1,0.6765722
1,0,0.28994018
1,1,0.9990933
1,1,0.98403347
1,0,0.07749307
1,1,0.99995387
1,1,0.99982506
1,1,0.996434
1,0,0.12771165
1,1,0.9971318
1,1,0.99680483
1,1,0.9998971
1,1,0.9573941
1,1,0.9728483
1,1,0.8361288
1,1,0.99991524
1,1,0.9999236
1,1,0.9835444
1,1,0.99964416
1,1,0.82546616
1,1,0.60813254
1,1,0.99960643
1,1,0.99894017
1,1,0.98936963
1,0,0.05185705
1,1,0.9285574
1,1,0.8433615
1,1,0.9999007
1,1,0.8150338
1,1,0.9999213
1,1,0.78113985
1,1,0.9979177
1,1,0.9993357
1,1,0.9999057
1,1,0.9014039
1,1,0.9999225
1,1,0.99994755
1,1,0.9944688
1,1,0.98595214
1,1,0.99946517
1,1,0.9898707
1,1,0.7146568
1,1,0.9998323
1,0,0.013723321
1,1,0.99992347
1,1,0.99915814
1,1,0.9999254
1,1,0.93680024
1,0,0.29213852
1,1,0.99531955
1,1,0.9930742
1,1,0.99960774
1,1,0.9986141
1,1,0.7416579
1,1,0.9929294
1,1,0.9171157
1,1,0.99993837
1,1,0.99991405
1,1,0.99990594
1,1,0.9331276
1,1,0.9999051
1,1,0.99977607
1,1,0.9998944
1,0,0.10327519
1,1,0.99932444
1,0,0.07622627
1,0,0.00036675207
1,1,0.9999256
1,1,0.9868253
1,1,0.9991468
1,0,0.00080912036
1,1,0.99719304
1,1,0.81141186
1,1,0.99413896
1,1,0.9972663
1,1,0.60719055
1,1,0.99019253
1,1,0.98177147
1,1,0.9998166
1,1,0.97224516
1,1,0.9998865
1,1,0.9919993
1,0,0.0006722243
1,1,0.99975044
1,0,0.20804739
1,1,0.99952114
1,0,0.39938566
1,0,0.00015429685
1,0,0.4491904
1,0,0.13943835
1,1,0.9995801
1,1,0.9993618
1,1,0.99990094
1,1,0.9989336
1,1,0.9999254
1,1,0.99972016
1,1,0.9986817
1,1,0.99990225
1,1,0.9998497
1,1,0.55241483
1,1,0.7812378
1,1,0.99988127
1,1,0.999943
1,0,0.046219055
1,1,0.99940395
1,1,0.9996087
1,0,0.35095787
1,0,0.02138977
1,1,0.9855128
1,1,0.98201424
1,0,0.110178486
1,1,0.9843629
1,0,0.26309943
1,1,0.9999279
1,1,0.995641
1,1,0.8782592
1,1,0.91090107
1,1,0.6248761
1,1,0.6331772
1,1,0.9979175
1,1,0.9997899
1,1,0.9969156
1,1,0.9965814
1,1,0.9420686
1,1,0.9995079
1,1,0.9997378
1,1,0.99954814
1,1,0.99970764
1,1,0.9997521
1,1,0.99986124
1,1,0.98021084
1,1,0.53265935
1,1,0.7144629
1,1,0.986075
1,0,0.051417254
1,1,0.9807859
1,1,0.99993634
1,1,0.8099058
1,1,0.99980396
1,1,0.9981744
1,1,0.76311356
1,0,0.3710526
1,1,0.9998864
1,1,0.5896888
1,0,0.45852327
1,1,0.9841892
1,1,0.99987876
1,1,0.9987184
1,0,0.018218337
1,1,0.9999502
1,0,0.13544947
1,1,0.99954045
1,1,0.9953856
1,1,0.66363394
1,1,0.9999522
1,1,0.97353685
1,1,0.99983466
1,1,0.9985202
1,1,0.99697614
1,1,0.999172
1,0,0.11656054
1,1,0.8574186
1,0,0.49946472
1,1,0.95604724
1,1,0.9998963
1,1,0.99783593
1,0,0.22178325
1,1,0.9919835
1,1,0.9999428
1,1,0.9926219
1,1,0.97073954
1,1,0.9989134
1,1,0.98659813
1,1,0.99912256
1,0,0.36499324
1,1,0.9996935
1,1,0.7605406
1,0,0.07562253
1,0,0.2869712
1,1,0.99972683
1,1,0.6580479
1,1,0.99994564
1,1,0.99956924
1,1,0.9965521
1,1,0.9999174
1,0,0.058563452
1,1,0.993853
1,1,0.97897935
1,1,0.9999206
1,0,0.4618309
1,1,0.9989672
1,1,0.99854785
1,1,0.9899721
1,1,0.99984586
1,1,0.9921267
1,1,0.5419583
1,1,0.92683196
1,1,0.99983823
1,1,0.9967809
1,1,0.997493
1,1,0.99630827
1,1,0.9875453
1,1,0.9847661
1,1,0.99973804
1,1,0.999731
1,0,0.032409742
1,1,0.9998647
1,1,0.9926957
1,1,0.9785744
1,1,0.9923218
1,0,0.03264266
1,1,0.9974782
1,1,0.97278225
1,1,0.9998209
1,1,0.9835286
1,1,0.9909773
1,1,0.99790597
1,1,0.7370476
1,1,0.9998196
1,0,0.12670888
1,1,0.9997085
1,1,0.99262404
1,1,0.99978036
1,1,0.99988663
1,1,0.9998436
1,1,0.96769834
1,0,0.00020890498
1,1,0.9999542
1,1,0.96314716
1,0,0.11991026
1,0,0.2188336
1,1,0.75666475
1,0,0.0036658363
1,1,0.9999175
1,1,0.99990237
1,1,0.9995999
1,1,0.97097504
1,1,0.99005604
1,0,0.3364217
1,1,0.9396114
1,1,0.89785635
1,1,0.8689036
1,1,0.804682
1,1,0.55355144
1,1,0.9730638
1,1,0.9927248
1,1,0.99749506
1,1,0.9543046
1,1,0.9998516
1,1,0.7726363
1,1,0.99491274
1,0,0.0014878247
1,1,0.973017
1,0,0.4616766
1,0,0.023638686
1,1,0.99900204
1,1,0.96521276
1,1,0.9725261
1,1,0.99992406
1,0,0.013363496
1,1,0.9999293
1,0,0.14520258
1,1,0.99929965
1,1,0.9999186
1,0,0.36520976
1,1,0.9994646
1,1,0.893008
1,0,0.08097759
1,1,0.7231666
1,0,0.13263446
1,1,0.60029054
1,1,0.9699103
1,0,0.0036626908
1,1,0.99985504
1,1,0.9748244
1,1,0.99995303
1,1,0.9999527
1,1,0.99949026
1,1,0.9968009
1,1,0.9997383
1,1,0.9106389
1,1,0.90164477
1,1,0.99971575
1,1,0.6554483
1,1,0.9995945
1,0,0.17140459
1,1,0.9999205
1,1,0.9993461
1,1,0.9999391
1,1,0.9999231
1,1,0.8686808
1,1,0.999691
1,1,0.635771
1,1,0.99939096
1,1,0.9996928
1,1,0.9985856
1,0,0.206061
1,1,0.9991893
1,1,0.6755735
1,1,0.9999416
1,1,0.9993711
1,0,0.14143808
1,1,0.7122354
1,1,0.99480337
1,0,0.028971545
1,1,0.999925
1,1,0.7549157
1,1,0.59204984
1,1,0.98622465
1,0,0.0062179207
1,1,0.9835242
1,1,0.9995271
1,1,0.9996419
1,1,0.9999285
1,1,0.9980463
1,1,0.99974316
1,1,0.99948585
1,0,0.00032317758
1,0,0.36439434
1,1,0.9998939
1,1,0.999637
1,0,0.023146436
1,1,0.9993469
1,1,0.9626403
1,1,0.99988914
1,1,0.9984018
1,1,0.8357269
1,1,0.9983235
1,1,0.9997069
1,1,0.9659109
1,1,0.99994063
1,1,0.9989773
1,1,0.7642027
1,1,0.99917465
1,1,0.9681178
1,1,0.9472467
1,1,0.99975914
1,1,0.9999429
1,0,0.03067929
1,1,0.99941695
1,1,0.97255117
1,1,0.89850587
1,1,0.9839865
1,1,0.99991524
1,1,0.99985814
1,1,0.9181017
1,1,0.9985195
1,1,0.98102504
1,1,0.5337823
1,1,0.9242386
1,1,0.9832062
1,0,0.00056401687
1,1,0.903774
1,1,0.9566359
1,1,0.86053044
1,1,0.9999372
1,1,0.98159605
1,1,0.99992526
1,1,0.9987172
1,1,0.9998635
1,1,0.9992053
1,1,0.999944
1,1,0.9998869
1,1,0.98656285
1,0,0.02768371
1,1,0.9998927
1,0,0.10116125
1,1,0.9999174
1,0,0.009568609
1,0,0.101235695
1,1,0.97491485
1,1,0.9999291
1,1,0.93927103
1,0,0.074336655
1,1,0.79566956
1,0,0.4967435
1,1,0.97740936
1,1,0.9159212
1,0,3.8483475e-05
1,0,0.035534803
1,0,0.0011521138
1,1,0.9997484
1,1,0.99957603
1,1,0.9654596
1,1,0.999851
1,0,0.00018233062
1,1,0.9909136
1,1,0.9999298
1,1,0.9991805
1,1,0.9957989
1,1,0.9412597
1,1,0.99305177
1,1,0.99977523
1,1,0.9998282
1,0,0.15658838
1,1,0.9992453
1,1,0.9999125
1,1,0.99993074
1,1,0.99500245
1,1,0.9999273
1,1,0.97765094
1,1,0.51303214
1,1,0.9999497
1,1,0.9998932
1,1,0.9994574
1,0,0.48847258
1,1,0.9993168
1,1,0.9979468
1,1,0.99991035
1,1,0.984263
1,1,0.8967128
1,1,0.99794346
1,1,0.75908893
1,1,0.99976903
1,1,0.9942697
1,1,0.9035535
1,1,0.99577147
1,0,0.42640558
1,0,0.2831514
1,1,0.6412173
1,1,0.99989414
1,1,0.9488724
1,1,0.96241057
1,1,0.99994516
1,1,0.99937373
1,0,0.0023482386
1,1,0.9874434
1,0,0.0028841621
1,0,0.003572296
1,1,0.9988423
1,1,0.52123636
1,0,0.20496616
1,0,0.0007724676
1,0,0.40948504
1,0,0.13433051
1,1,0.97938573
1,1,0.99992096
1,1,0.9999373
1,0,0.0064575057
1,1,0.99932706
1,0,0.012047341
1,1,0.9778767
1,0,0.030550286
1,1,0.99914896
1,1,0.999928
1,1,0.9978933
1,1,0.9749451
1,1,0.9938193
1,1,0.99977523
1,1,0.8488701
1,0,0.18707567
1,1,0.9999347
1,1,0.99938357
1,1,0.9981572
1,1,0.92599654
1,1,0.9834049
1,1,0.94129604
1,1,0.99850816
1,1,0.99992037
1,1,0.99982077
1,1,0.9998846
1,1,0.99993896
1,0,0.01806243
1,1,0.97728306
1,1,0.99986494
1,0,0.2535122
1,1,0.9999225
1,1,0.997976
1,1,0.9998884
1,1,0.9943299
1,1,0.92236286
1,1,0.9842535
1,1,0.9999379
1,1,0.98637474
1,1,0.901936
1,1,0.99926597
1,1,0.9827511
1,1,0.83966166
1,1,0.5251854
1,1,0.99905795
1,1,0.9106576
1,1,0.9944964
1,1,0.9726317
1,1,0.99992657
1,1,0.98114187
1,0,0.07928052
1,1,0.53987706
1,1,0.99988234
1,1,0.9367746
1,1,0.9993574
1,1,0.5464008
1,1,0.9992675
1,1,0.99985194
1,1,0.9999461
1,1,0.9948907
1,1,0.98470414
1,1,0.96470714
1,0,0.030850682
1,1,0.9997254
1,1,0.9997609
1,0,0.024461074
1,1,0.8852278
1,1,0.99994874
1,1,0.53925043
1,1,0.99909294
1,0,0.0005215515
1,1,0.8929232
1,1,0.98279244
1,1,0.99979454
1,1,0.7682308
1,1,0.9752872
1,1,0.9880084
1,1,0.9999355
1,1,0.96204793
1,1,0.9999418
1,1,0.9985544
1,1,0.9003121
1,1,0.9999405
1,0,0.103211716
1,1,0.96798843
1,1,0.99987495
1,1,0.9997526
1,1,0.87398493
1,1,0.9334858
1,1,0.99969196
1,1,0.8922078
1,0,0.002632708
1,1,0.99851495
1,1,0.9996644
1,1,0.9988518
1,1,0.9997713
1,1,0.9997696
1,0,0.051341493
1,1,0.9952839
1,0,0.34153384
1,1,0.8869635
1,1,0.97383446
1,1,0.9951786
1,1,0.96485746
1,0,0.49609253
1,0,0.0010357699
1,1,0.60764706
1,0,0.01997451
1,1,0.99629325
1,1,0.9830647
1,1,0.8488285
1,1,0.9997547
1,1,0.99781007
1,0,0.11112154
1,1,0.9139683
1,1,0.50137544
1,1,0.97567093
1,1,0.97072595
1,1,0.9999447
1,1,0.9856725
1,0,0.19609997
1,0,0.027576828
1,1,0.9271297
1,1,0.99878865
1,1,0.9998665
1,1,0.9999236
1,1,0.93494844
1,0,0.176265
1,0,0.0030689717
1,1,0.7216419
1,0,0.056672636
1,0,0.09427165
1,1,0.7831158
1,1,0.9982784
1,0,0.00237089
1,1,0.8340049
1,1,0.6137225
1,0,0.31211555
1,1,0.99835443
1,1,0.99963176
1,0,0.15565819
1,1,0.82270485
1,0,0.12442653
1,0,0.22986473
1,1,0.9998553
1,1,0.9933003
1,1,0.9937943
1,1,0.9998971
1,0,0.00064724305
1,1,0.8049449
1,1,0.99937326
1,1,0.99387324
1,1,0.99987113
1,1,0.99892944
1,0,0.39265665
1,1,0.94477373
1,1,0.99191403
1,1,0.99990046
1,1,0.9956713
1,1,0.7979885
1,1,0.6847855
1,1,0.99973196
1,1,0.9978757
1,1,0.9999355
1,1,0.99942017
1,1,0.9994795
1,1,0.76650876
1,1,0.9998963
1,1,0.9998741
1,1,0.99993885
1,1,0.9998722
1,1,0.9928082
1,1,0.9747532
1,1,0.9998247
1,1,0.8648893
1,1,0.9964569
1,1,0.9993105
1,1,0.99958605
1,1,0.99990094
1,1,0.9999224
1,1,0.9997023
1,0,0.00012496447
1,0,0.029578915
1,1,0.8885093
1,1,0.99337536
1,1,0.69998
1,1,0.99518
1,1,0.51723236
1,1,0.999506
1,0,0.0026128255
1,1,0.9994386
1,1,0.99993753
1,1,0.99936205
1,1,0.96856326
1,0,0.022532351
1,1,0.99981624
1,1,0.9649912
1,0,0.12907463
1,1,0.99956304
1,1,0.99994946
1,0,0.10258611
1,1,0.9983803
1,1,0.5189936
1,0,0.049129184
1,0,0.21742813
1,0,0.009668747
1,0,0.0034642697
1,1,0.5065409
1,0,0.46102268
1,1,0.99961925
1,1,0.9975715
1,0,0.2306336
1,1,0.9996026
1,1,0.9995171
1,1,0.9885853
1,1,0.99964654
1,1,0.90707386
1,1,0.99986625
1,0,0.06677915
1,1,0.99991107
1,1,0.999912
1,1,0.99991655
1,0,0.46189156
1,1,0.99880147
1,1,0.99966836
1,1,0.99974185
1,1,0.94908327
1,0,0.0008080655
1,1,0.99995303
1,1,0.9988016
1,1,0.99991477
1,1,0.9999502
1,1,0.999866
1,1,0.999912
1,1,0.9995944
1,1,0.9999331
1,1,0.8559301
1,1,0.57808137
1,1,0.9978605
1,1,0.999936
1,1,0.9996263
1,1,0.7342434
1,1,0.98054665
1,1,0.99967134
1,1,0.9984761
1,0,0.3802984
1,1,0.99981695
1,1,0.99562186
1,1,0.9938479
1,1,0.9992061
1,1,0.9968832
1,1,0.9999207
1,1,0.9997154
1,1,0.9997919
1,1,0.9992186
1,1,0.99800724
1,1,0.99820924
1,1,0.9943058
1,1,0.9999397
1,1,0.99992156
1,1,0.9625595
1,1,0.9996668
1,1,0.97134024
1,1,0.93380487
1,1,0.95291144
1,1,0.99994993
1,1,0.9934435
1,0,0.41624454
1,1,0.9670866
1,1,0.7723111
1,1,0.9754596
1,1,0.9993462
1,1,0.9999403
1,1,0.97481334
1,0,0.24307875
1,1,0.9436552
1,1,0.9998086
1,1,0.9996195
1,1,0.9985238
1,0,0.18396614
1,0,0.21169397
1,1,0.98136157
1,0,0.26368114
1,1,0.9999511
1,1,0.9997539
1,1,0.99987674
1,1,0.99949896
1,1,0.9999443
1,1,0.9933802
1,1,0.9997317
1,1,0.96865284
1,1,0.8702734
1,0,0.10762469
1,1,0.99737346
1,0,0.15198185
1,1,0.999882
1,1,0.99876523
1,1,0.7555771
1,0,0.47907364
1,1,0.9987122
1,0,0.2640678
1,1,0.99965036
1,1,0.99961877
1,1,0.99994767
1,1,0.8699222
1,1,0.9459791
1,1,0.9998888
1,1,0.9714444
1,1,0.99982846
1,0,0.22103842
1,1,0.8312775
1,0,0.37851322
1,1,0.9985051
1,1,0.89540577
1,1,0.9998884
1,1,0.99892694
1,1,0.9998903
1,1,0.9857436
1,0,0.022365328
1,1,0.93533164
1,1,0.99991
1,1,0.99975246
1,1,0.9203521
1,1,0.9999075
1,1,0.97142
1,0,0.15557712
1,1,0.9700814
1,1,0.98655593
1,1,0.9999095
1,1,0.9996538
1,1,0.9994288
1,1,0.94761014
1,1,0.9366762
1,1,0.9984642
1,1,0.74429804
1,1,0.59815216
1,1,0.97295195
1,1,0.99992085
1,1,0.89348984
1,1,0.7577941
1,1,0.999948
1,1,0.996911
1,1,0.9999479
1,1,0.83027524
1,1,0.99960715
1,1,0.9693774
1,1,0.9997354
1,0,0.026985891
1,1,0.99993086
1,1,0.99985695
1,1,0.7054501
1,0,0.48889896
1,0,0.02279825
1,1,0.9993242
1,1,0.9994918
1,1,0.8741193
1,0,0.004911461
1,0,0.1958535
1,1,0.64427704
1,1,0.93980044
1,0,0.11787977
1,1,0.99971896
1,1,0.9994561
1,1,0.9999434
1,1,0.99862695
1,1,0.76468873
1,1,0.99981457
1,0,0.37591016
1,1,0.9743861
1,1,0.99991536
1,1,0.9811152
1,1,0.9995061
1,0,8.241917e-05
1,0,0.08914785
1,0,0.0009139982
1,1,0.929176
1,1,0.99096984
1,1,0.9994929
1,1,0.99976116
1,1,0.9999201
1,0,0.022481091
1,1,0.99429697
1,1,0.9923809
1,1,0.6547893
1,0,0.0062180916
1,1,0.9996562
1,1,0.9999324
1,1,0.95419806
1,1,0.9426808
1,0,0.4772406
1,1,0.57922405
1,1,0.9953205
1,1,0.9744169
1,1,0.99975294
1,1,0.99969673
1,0,0.022051623
1,0,0.019542985
1,1,0.99993134
1,1,0.99980205
1,1,0.5646714
1,1,0.9999397
1,0,0.047407087
1,1,0.62895864
1,1,0.99914694
1,1,0.68442625
1,1,0.98784655
1,1,0.98168254
1,0,0.009297188
1,1,0.9241925
1,1,0.99835604
1,1,0.98781335
1,1,0.67981124
1,1,0.9999057
1,1,0.9998149
1,1,0.9976515
1,1,0.9995134
1,1,0.99989605
1,1,0.9989845
1,1,0.9997669
1,1,0.9991217
1,1,0.78560305
1,0,0.0003903284
1,1,0.94160295
1,1,0.9997646
1,0,0.0029967413
1,1,0.99807906
1,1,0.9461297
1,1,0.6977164
1,1,0.98769814
1,1,0.9999207
1,1,0.8550018
1,1,0.9998882
1,1,0.9832239
1,1,0.5552393
1,1,0.9845317
1,1,0.999892
1,1,0.9862249
1,1,0.9984915
1,1,0.986801
1,1,0.99993086
1,1,0.9988863
1,1,0.59641576
1,1,0.9139589
1,1,0.9998621
1,1,0.9990031
1,0,0.08251352
1,1,0.9995302
1,1,0.99965894
1,1,0.99993324
1,1,0.9998646
1,1,0.88077253
1,1,0.82838637
1,1,0.61154705
1,0,0.000118528194
1,1,0.6307209
1,1,0.9946142
1,1,0.9608003
1,1,0.6420613
1,0,0.12844805
1,0,0.19222192
1,1,0.9255884
1,0,0.43527824
1,1,0.83904004
1,0,0.28166237
1,1,0.997442
1,0,0.4606024
1,0,0.32677996
1,1,0.9998499
1,1,0.5494971
1,1,0.9985343
1,0,0.0029147272
1,1,0.9882438
1,1,0.9996618
1,1,0.9982539
1,1,0.9998921
1,1,0.99992704
1,0,0.12775727
1,1,0.99950516
1,0,0.4130343
1,1,0.80829203
1,0,0.46656072
1,1,0.7877409
1,1,0.985471
1,1,0.7109022
1,1,0.98876333
1,1,0.88872963
1,1,0.9866002
1,1,0.74479586
1,1,0.9924649
1,1,0.92045015
1,1,0.93072546
1,1,0.9993155
1,1,0.83039016
1,1,0.9871023
1,1,0.9559957
1,0,0.49628502
1,0,0.3064084
1,1,0.8248804
1,1,0.99991214
1,1,0.99837327
1,1,0.9348125
1,1,0.7803666
1,1,0.9992287
1,0,0.016262127
1,0,0.41504565
1,1,0.9988568
1,1,0.9997435
1,1,0.96582353
1,1,0.9365776
1,0,0.0014385175
1,0,0.08644172
1,1,0.8818772
1,1,0.99981326
1,1,0.9932662
1,1,0.9999323
1,1,0.95200354
1,1,0.9999056
1,0,0.37969208
1,1,0.99995077
1,1,0.99982196
1,1,0.97979045
1,1,0.9998522
1,1,0.9962585
1,1,0.80343354
1,1,0.9305558
1,1,0.9997671
1,1,0.999843
1,1,0.9888548
1,1,0.9994535
1,1,0.99922013
1,1,0.99993896
1,1,0.99989164
1,1,0.84780276
1,0,0.020851938
1,1,0.6925337
1,1,0.99838567
1,1,0.9991731
1,1,0.7923185
1,1,0.9993723
1,1,0.9917698
1,1,0.98917145
1,1,0.99995327
1,1,0.9970732
1,1,0.94531703
1,0,0.0033545354
1,0,0.00014306617
1,0,0.1295902
1,1,0.57023203
1,1,0.9961588
1,1,0.99989986
1,1,0.9999
1,1,0.99928683
1,0,6.6326975e-05
1,1,0.9992711
1,1,0.9986154
1,1,0.9999261
1,0,0.037400395
1,1,0.99993324
1,0,0.4762612
1,1,0.9999417
1,1,0.9999119
1,0,0.0003282483
1,1,0.9999362
1,1,0.9999145
1,0,0.0015863924
1,1,0.8037657
1,1,0.84796387
1,1,0.99930537
1,1,0.99051595
1,1,0.9275592
1,1,0.9994338
1,1,0.92786074
1,1,0.9954722
1,1,0.999874
1,1,0.9995128
1,1,0.99994457
1,1,0.96580374
1,1,0.9998921
1,1,0.9993255
1,1,0.95620537
1,0,0.4516665
1,1,0.9957281
1,1,0.99873024
1,1,0.9126514
1,0,0.36593118
1,0,0.057318497
1,1,0.9998809
1,1,0.9942591
1,1,0.99994886
1,1,0.67308736
1,1,0.99772733
1,1,0.83205837
1,1,0.9996815
1,1,0.9989813
1,1,0.9441086
1,1,0.9999294
1,1,0.9998909
1,1,0.99989974
1,1,0.99984074
1,1,0.99968874
1,1,0.9924516
1,0,0.00040985068
1,1,0.9914631
1,1,0.9999347
1,0,0.0003460592
1,1,0.9893812
1,0,0.021660274
1,1,0.9938158
1,1,0.9814162
1,1,0.73555976
1,1,0.99571025
1,1,0.9994535
1,1,0.99937457
1,1,0.98835933
1,1,0.9808623
1,1,0.74384433
1,1,0.9997056
1,1,0.99729025
1,1,0.7301964
1,0,0.41501892
1,0,0.24025063
1,1,0.99974567
1,0,0.06801523
1,1,0.94858825
1,1,0.6047483
1,1,0.8455011
1,1,0.9472303
1,1,0.9999107
1,1,0.99597603
1,0,0.20350216
1,1,0.9957409
1,0,0.05875034
1,1,0.99994135
1,1,0.8480771
1,1,0.9351602
1,1,0.9998878
1,0,0.1195084
1,1,0.8357568
1,1,0.9998814
1,1,0.99650264
1,1,0.9997004
1,1,0.9982192
1,1,0.86814725
1,1,0.97008944
1,1,0.9941928
1,0,0.06790895
1,1,0.9986533
1,1,0.79446155
1,1,0.99969566
1,1,0.9621608
1,1,0.9931351
1,1,0.87633115
1,1,0.99696606
1,1,0.94519526
1,1,0.997982
1,1,0.99816966
1,1,0.9999522
1,1,0.99994826
1,1,0.9991078
1,1,0.81766146
1,0,0.016700083
1,1,0.99810106
1,1,0.99978465
1,1,0.8999157
1,1,0.8159359
1,1,0.99768686
1,1,0.8552704
1,1,0.9774277
1,1,0.82002646
1,1,0.99994934
1,1,0.9999472
1,1,0.999681
1,1,0.99965847
1,1,0.9805911
1,1,0.9999527
1,1,0.9998311
1,1,0.9287811
1,1,0.9995441
1,1,0.99992883
1,1,0.9997626
1,1,0.9999039
1,1,0.6986881
1,1,0.98988956
1,1,0.6254612
1,1,0.9718898
1,1,0.99979144
1,1,0.67119384
1,1,0.999931
1,1,0.99993217
1,1,0.98177457
1,1,0.9568921
1,1,0.9967681
1,1,0.9629232
1,1,0.99980456
1,1,0.99920446
1,1,0.9992874
1,1,0.9979411
1,1,0.99897385
1,1,0.99893254
1,1,0.99982965
1,1,0.9994535
1,1,0.99937636
1,1,0.9839318
1,1,0.99982315
1,1,0.8945967
1,0,0.16914017
1,1,0.9957574
1,1,0.9998946
1,0,0.122204706
1,1,0.93358505
1,1,0.98981524
1,1,0.99741864
1,0,0.16482127
1,1,0.82546115
1,1,0.9992768
1,1,0.9122694
1,0,0.020994248
1,1,0.8611282
1,1,0.9996418
1,1,0.998237
1,1,0.9998598
1,1,0.9999306
1,1,0.6743064
1,1,0.9888282
1,1,0.9998317
1,1,0.99984527
1,1,0.9999434
1,1,0.9999449
1,1,0.8649133
1,1,0.9948218
1,1,0.9980514
1,0,0.17306134
1,1,0.9999262
1,1,0.99863535
1,1,0.8768935
1,0,0.4906493
1,0,0.036348343
1,1,0.99995184
1,1,0.80017674
1,1,0.99436873
1,1,0.99994934
1,1,0.98090816
1,1,0.99965954
1,1,0.9999485
1,1,0.9999198
1,1,0.99990785
1,1,0.94446766
1,1,0.9382725
1,1,0.9912743
1,1,0.99983394
1,1,0.99994934
1,1,0.9952715
1,1,0.97486955
1,1,0.9920719
1,1,0.9998467
1,1,0.98273265
1,0,0.48992455
1,1,0.9386229
1,1,0.99851674
1,1,0.9999306
1,1,0.9998066
1,0,0.009695474
1,1,0.96814716
1,1,0.6269209
1,1,0.9997812
1,1,0.98781407
1,0,0.07697751
1,1,0.99991834
1,1,0.99408025
1,0,0.4447655
1,1,0.90173906
1,1,0.99974257
1,1,0.99991477
1,0,0.1788411
1,1,0.9998833
1,1,0.9999176
1,1,0.52059
1,1,0.99988437
1,1,0.9996631
1,1,0.9998778
1,1,0.99956435
1,0,0.123420276
1,1,0.9978789
1,1,0.5756033
1,1,0.8541488
1,1,0.9994266
1,1,0.9999471
1,1,0.99921465
1,1,0.9998729
1,1,0.8808627
1,1,0.98505324
1,1,0.99976593
1,1,0.99990654
1,1,0.9872952
1,1,0.9739929
1,1,0.99903595
1,1,0.9999385
1,1,0.7206438
1,1,0.99965155
1,1,0.99946696
1,1,0.9998838
1,1,0.9986072
1,1,0.9435366
1,1,0.6840443
1,0,0.20006052
1,1,0.94854057
1,0,0.31165007
1,1,0.99924517
1,1,0.99993527
1,1,0.99912316
1,1,0.9996319
1,0,0.013802723
1,1,0.95668095
1,1,0.9958513
1,1,0.96271485
1,1,0.9873356
1,1,0.9017785
1,0,0.14392954
1,0,0.003706052
1,1,0.75594187
1,1,0.9743484
1,1,0.9992508
1,0,0.01794538
1,0,0.4774896
1,1,0.9979267
1,1,0.98901165
1,1,0.77788824
1,1,0.9996618
1,1,0.9996774
1,1,0.9999052
1,1,0.9999349
1,1,0.9995766
1,1,0.99866676
1,1,0.99227375
1,1,0.9146907
1,0,0.0015051615
1,1,0.99899226
1,0,0.35898876
1,1,0.9566643
1,1,0.99995375
1,1,0.99487334
1,0,0.002476963
1,1,0.9163709
1,1,0.9990766
1,0,0.0027668169
1,1,0.9989466
1,1,0.9954972
1,1,0.9937913
1,1,0.9999423
1,1,0.9978951
1,1,0.8526646
1,0,0.17662251
1,1,0.7999232
1,1,0.9811628
1,1,0.6207239
1,1,0.99813026
1,1,0.9653276
1,1,0.99908996
1,1,0.9996897
1,0,0.16252314
1,1,0.99991417
1,1,0.99994195
1,0,0.006856699
1,0,0.025540661
1,1,0.99977845
1,1,0.9852976
1,1,0.76770234
1,1,0.99977905
1,1,0.99520314
1,1,0.9750049
1,0,0.28348225
1,1,0.9995234
1,1,0.989426
1,1,0.9581095
1,1,0.9997595
1,1,0.99984336
1,1,0.9999356
1,0,0.028945481
1,1,0.60734683
1,1,0.9941076
1,1,0.7593836
1,1,0.99808383
1,1,0.9996463
1,1,0.834695
1,1,0.998281
1,1,0.9998945
1,1,0.99872214
1,1,0.96529484
1,1,0.9152341
1,1,0.99993885
1,1,0.99877983
1,1,0.99808913
1,0,0.012814723
1,1,0.8977388
1,1,0.65403104
1,1,0.9586141
1,1,0.94974464
1,0,0.19266011
1,1,0.9852468
1,1,0.9985077
1,1,0.9840667
1,1,0.9981487
1,0,0.04101224
1,1,0.99991286
1,1,0.9970157
1,1,0.99983335
1,1,0.9988355
1,1,0.996561
1,1,0.6747462
1,1,0.9620872
1,1,0.86781377
1,1,0.9999281
1,1,0.9999478
1,1,0.999944
1,0,0.02418044
1,1,0.8723484
1,1,0.7671822
1,1,0.99951434
1,1,0.5012969
1,1,0.9485516
1,1,0.9993618
1,1,0.99993646
1,1,0.9989555
1,1,0.9986506
1,0,0.08911407
1,1,0.850078
1,1,0.99728966
1,1,0.9991756
1,1,0.9862678
1,1,0.95466644
1,1,0.99986804
1,1,0.9993851
1,1,0.9503073
1,1,0.76339006
1,1,0.9998419
1,1,0.92964107
1,1,0.99992085
1,1,0.98359203
1,1,0.9999149
1,1,0.9998622
1,1,0.8700898
1,0,0.15874124
1,1,0.9999236
1,1,0.999848
1,1,0.9997904
1,1,0.94098073
1,1,0.9999063
1,1,0.9977463
1,1,0.9234638
1,1,0.9561425
1,1,0.98947865
1,1,0.9871034
1,1,0.99897206
1,1,0.9764657
1,1,0.57856935
1,1,0.9978866
1,1,0.99944085
1,1,0.9999267
1,1,0.99957305
1,1,0.99021614
1,1,0.99952316
1,0,0.2658849
1,0,0.2938123
1,0,0.3526308
1,1,0.99991703
1,0,0.20618783
1,1,0.9527375
1,1,0.95761514
1,1,0.99936694
1,1,0.9998784
1,0,0.0015489291
1,1,0.99994195
1,1,0.9766913
1,1,0.98288834
1,1,0.7136053
1,1,0.9998666
1,1,0.99985147
1,1,0.99989593
1,1,0.98955613
1,0,0.07092834
1,1,0.9770836
1,0,0.039777376
1,1,0.9998246
1,1,0.9981438
1,1,0.99857914
1,1,0.99979335
1,1,0.90959156
1,1,0.96781015
1,1,0.9998499
1,1,0.9999387
1,1,0.9934429
1,1,0.9999305
1,1,0.53172696
1,1,0.99992085
1,1,0.92674994
1,1,0.9998468
1,0,0.400305
1,1,0.6102358
1,0,0.485937
1,0,0.14528532
1,1,0.93354845
1,1,0.9999385
1,1,0.8521964
1,1,0.85290897
1,1,0.99942577
1,1,0.999943
1,0,0.1046363
1,1,0.99969435
1,1,0.9918441
1,1,0.99994063
1,1,0.99941313
1,1,0.9999486
1,1,0.98245597
1,1,0.78152215
1,1,0.9943189
1,1,0.9991798
1,1,0.99978334
1,1,0.99945956
1,1,0.5835409
1,1,0.93084866
1,0,0.27785522
1,1,0.99649304
1,1,0.9294397
1,1,0.959212
1,1,0.83825636
1,1,0.9946985
1,1,0.99495846
1,1,0.92149556
1,1,0.999879
1,1,0.9998797
1,1,0.9996166
1,1,0.99991465
1,0,0.00025829463
1,0,0.12797569
1,1,0.98777837
1,0,0.0047974545
1,0,0.1390783
1,1,0.99983776
1,1,0.98267615
1,1,0.935615
1,1,0.99833786
1,1,0.6897233
1,1,0.9998136
1,0,0.00037708896
1,1,0.99131924
1,1,0.9998841
1,1,0.99995506
1,1,0.54503816
1,0,0.00019729581
1,0,0.437232
1,1,0.9518155
1,1,0.600648
1,1,0.99986017
1,0,0.021995941
1,1,0.8701803
1,1,0.9816175
1,0,0.0358051
1,1,0.99991405
1,1,0.99974245
1,1,0.9999466
1,0,0.00035293418
1,1,0.9970669
1,1,0.9994444
1,0,0.3208779
1,1,0.99994385
1,0,0.15296511
1,1,0.9998746
1,1,0.99989176
1,0,0.44674245
1,1,0.99834895
1,1,0.99781054
1,1,0.9998902
1,1,0.9998729
1,1,0.6992271
1,1,0.989094
1,1,0.99806887
1,1,0.70305026
1,0,0.15531228
1,0,0.053316936
1,1,0.99928147
1,1,0.9999485
1,0,0.0476381
1,1,0.999948
1,1,0.9866627
1,0,0.16120592
1,1,0.8996959
1,1,0.9999417
1,1,0.7258258
1,1,0.8661556
1,1,0.9986904
1,1,0.9957659
1,0,0.041981604
1,0,0.3269705
1,1,0.99775285
1,0,0.123851
1,1,0.9921077
1,1,0.999607
1,1,0.9985726
1,1,0.9987471
1,1,0.9558939
1,1,0.8930542
1,1,0.99833494
1,1,0.9193262
1,1,0.9996668
1,1,0.8867333
1,1,0.84670347
1,1,0.9999424
1,1,0.9810728
1,1,0.9998894
1,0,0.26472822
1,1,0.9990252
1,1,0.99438864
1,1,0.99994063
1,1,0.5359526
1,0,0.0062438855
1,1,0.90391755
1,1,0.9962788
1,1,0.9791976
1,1,0.99980325
1,1,0.9878663
1,1,0.93863404
1,1,0.9995326
1,1,0.98914427
1,0,0.020337863
1,1,0.56486607
1,1,0.52900016
1,0,0.26109505
1,1,0.96058697
1,1,0.99986994
1,0,8.040189e-05
1,1,0.9994862
1,0,0.088654704
1,1,0.99992955
1,1,0.9994236
1,1,0.99967134
1,1,0.99993503
1,1,0.9999505
1,0,0.1096222
1,1,0.9990644
1,1,0.9924232
1,1,0.9413568
1,1,0.99917966
1,1,0.999895
1,1,0.84344375
1,1,0.8869916
1,1,0.99990225
1,1,0.83700764
1,1,0.99723107
1,1,0.8297268
1,1,0.5013843
1,1,0.9648953
1,0,0.16317105
1,1,0.99277425
1,0,0.08014271
1,1,0.99970716
1,1,0.8424481
1,1,0.91303194
1,1,0.9994393
1,1,0.99991965
1,1,0.99958855
1,1,0.9245738
1,1,0.9999237
1,0,0.47247604
1,1,0.83033144
1,0,0.3465778
1,1,0.99988806
1,1,0.99593794
1,1,0.99986863
1,1,0.9941896
1,1,0.9999019
1,1,0.99047524
1,1,0.98878664
1,1,0.9995666
1,1,0.9999478
1,1,0.9817778
1,1,0.99877244
1,0,0.22206827
1,1,0.96807534
1,1,0.9897664
1,1,0.99991167
1,1,0.990045
1,0,0.26954088
1,1,0.9229662
1,1,0.99994195
1,1,0.9997105
1,0,0.4006481
1,1,0.9999505
1,1,0.97147053
1,1,0.9878433
1,1,0.99709964
1,1,0.99915385
1,1,0.67968047
1,1,0.999385
1,1,0.9878247
1,1,0.9474464
1,1,0.9996778
1,1,0.99990165
1,1,0.9839684
1,1,0.78728795
1,0,0.058309693
1,1,0.9969119
1,1,0.99764293
1,1,0.9823193
1,0,0.046941604
1,1,0.999728
1,1,0.9999411
1,1,0.9612353
1,1,0.998403
1,0,0.007109773
1,1,0.685526
1,1,0.9929516
1,1,0.9998196
1,1,0.9292329
1,1,0.8087229
1,1,0.9974252
1,0,0.02525541
1,1,0.94088554
1,0,0.09874
1,1,0.5415317
1,1,0.99995136
1,1,0.96305203
1,1,0.99130577
1,1,0.9987172
1,1,0.998599
1,1,0.99980193
1,1,0.99640477
1,1,0.999941
1,1,0.99974567
1,1,0.9413033
1,1,0.9997861
1,0,0.4020868
1,1,0.999946
1,1,0.99817276
1,1,0.99711084
1,1,0.99995494
1,0,0.07441797
1,1,0.991959
1,1,0.999912
1,1,0.9990305
1,1,0.99989355
1,1,0.9124426
1,1,0.9994178
1,1,0.99993134
1,0,0.11416265
1,1,0.9689294
1,1,0.9997259
1,1,0.9987679
1,1,0.99952567
1,1,0.99906236
1,1,0.7521432
1,1,0.9766068
1,0,0.0051656817
1,1,0.9999492
1,0,0.38461795
1,1,0.99898285
1,0,0.010218075
1,1,0.99669313
1,0,0.432846
1,0,0.11263687
1,1,0.99925655
1,1,0.8579324
1,0,0.10225427
1,1,0.99919814
1,0,0.052511647
1,1,0.7358332
1,1,0.99990714
1,0,0.23204985
1,0,0.0010787371
1,1,0.9997441
1,1,0.9990657
1,1,0.9999505
1,1,0.8919944
1,1,0.9870342
1,0,0.018331045
1,0,0.05681878
1,1,0.99729055
1,1,0.9275903
1,1,0.9526941
1,1,0.9999199
1,1,0.9998838
1,1,0.9988825
1,1,0.8598575
1,0,0.014697066
1,1,0.999225
1,0,0.35111994
1,1,0.999607
1,1,0.9803324
1,0,0.004037159
1,1,0.99462765
1,1,0.99861586
1,1,0.9895298
1,1,0.99949527
1,1,0.9830981
1,1,0.8479498
1,1,0.8747235
1,1,0.9958015
1,1,0.998825
1,1,0.99995136
1,0,0.02133986
1,1,0.9496526
1,1,0.9693944
1,0,2.7073767e-05
1,1,0.914319
1,0,0.3271686
1,0,0.09016675
1,1,0.99833053
1,1,0.99820507
1,1,0.9990833
1,0,0.04062139
1,1,0.9985757
1,1,0.999871
1,1,0.9871774
1,1,0.9999515
1,0,0.43601042
1,1,0.96873415
1,1,0.8057925
1,0,0.34918544
1,1,0.99978703
1,1,0.6784062
1,1,0.5538641
1,1,0.9986518
1,0,0.00029690503
1,1,0.97973377
1,1,0.9580595
1,0,0.24869587
1,1,0.8125908
1,1,0.9978574
1,1,0.7422107
1,0,0.063528076
1,1,0.5509656
1,0,0.07172814
1,1,0.9546053
1,1,0.9999486
1,1,0.9990951
1,0,0.089199714
1,1,0.9999199
1,1,0.9981343
1,1,0.9998696
1,1,0.9970898
1,1,0.9998548
1,1,0.7396238
1,0,0.07966419
1,1,0.9999293
1,1,0.9981833
1,1,0.9475154
1,1,0.99836653
1,1,0.9991942
1,1,0.99988234
1,1,0.9992556
1,1,0.62253475
1,1,0.9993734
1,1,0.9871207
1,1,0.996983
1,1,0.9997805
1,1,0.998292
1,1,0.9799336
1,0,0.065222055
1,1,0.9710707
1,1,0.99691963
1,0,0.10343708
1,1,0.9805957
1,0,0.14793888
1,1,0.99992704
1,0,0.040104266
1,1,0.9031564
1,1,0.9466867
1,1,0.5061462
1,1,0.99952674
1,1,0.99943024
1,1,0.8024429
1,1,0.99994016
1,1,0.99769443
1,1,0.9992167
1,0,0.34486708
1,1,0.9962836
1,1,0.99995005
1,1,0.99987686
1,0,0.0038727964
1,1,0.9998061
1,0,0.45726776
1,0,0.13470203
1,1,0.8121456
1,0,0.13336153
1,0,0.35501528
1,0,0.2201471
1,1,0.99592316
1,1,0.99890494
1,1,0.9998449
1,1,0.99990535
1,1,0.99986017
1,0,0.31565094
1,1,0.9797094
1,1,0.82356095
1,1,0.99992895
1,0,0.2519363
1,1,0.86658967
1,1,0.9998004
1,1,0.94111323
1,1,0.996318
1,1,0.828424
1,1,0.98502904
1,1,0.99974793
1,1,0.99787235
1,1,0.9993006
1,1,0.99978536
1,0,0.015413976
1,1,0.9852158
1,0,0.023918953
1,1,0.9999542
1,1,0.9998789
1,1,0.95894575
1,1,0.9981694
1,1,0.9821983
1,1,0.9999305
1,1,0.9997944
1,1,0.9997149
1,0,0.0024784494
1,1,0.9980908
1,1,0.79257363
1,1,0.99440926
1,1,0.9983297
1,1,0.8658048
1,1,0.7353925
1,1,0.96795267
1,1,0.9999124
1,1,0.9991266
1,1,0.7138248
1,1,0.9992906
1,1,0.9998004
1,1,0.9844409
1,1,0.9769057
1,0,7.1605114e-05
1,1,0.9991135
1,1,0.8459335
1,0,0.013625936
1,1,0.99130976
1,1,0.99953485
1,0,0.02265433
1,1,0.99977475
1,1,0.99889237
1,1,0.9925625
1,1,0.9985586
1,0,0.0010243859
1,1,0.9998671
1,1,0.7963099
1,1,0.99995506
1,1,0.9296586
1,0,0.12741798
1,1,0.82092965
1,1,0.99792284
1,1,0.99515593
1,0,0.06798553
1,1,0.9424534
1,1,0.9319581
1,1,0.9824514
1,1,0.98047984
1,1,0.9909382
1,1,0.9998566
1,0,0.18446113
1,0,0.053775158
1,1,0.6894427
1,1,0.9998511
1,1,0.99401927
1,1,0.80790836
1,1,0.9054971
1,1,0.92772025
1,1,0.99924016
1,1,0.9343039
1,0,0.25165728
1,0,0.111824766
1,1,0.9980605
1,0,0.0007321948
1,1,0.99829143
1,1,0.7583591
1,1,0.95739424
1,1,0.99878234
1,0,0.0007616378
1,0,0.005887065
1,1,0.9699781
1,1,0.9933201
1,1,0.99620014
1,1,0.9997389
1,1,0.7378826
1,1,0.54581535
1,1,0.99935263
1,0,0.0014391416
1,1,0.98559535
1,1,0.9664639
1,1,0.9993844
1,1,0.9998286
1,1,0.9930542
1,0,0.117370985
1,1,0.9965174
1,1,0.808338
1,0,0.4183437
1,1,0.6687179
1,1,0.9407764
1,0,0.0017190072
1,1,0.9990983
1,1,0.99574184
1,1,0.9997751
1,1,0.99988306
1,0,0.012420171
1,0,0.02945598
1,1,0.99853003
1,0,0.05380341
1,1,0.9997472
1,0,0.0024597615
1,1,0.77261645
1,0,0.0009508192
1,1,0.99980694
1,0,0.43218875
1,1,0.61314166
1,1,0.810069
1,1,0.9998981
1,0,0.0035999836
1,0,0.45557168
1,1,0.9999231
1,1,0.99983
1,1,0.99689484
1,1,0.6649534
1,1,0.9967452
1,0,0.34525275
1,1,0.9696932
1,1,0.9998362
1,1,0.9899697
1,1,0.9996544
1,1,0.91970086
1,0,0.46803626
1,1,0.98968226
1,1,0.91653836
1,0,0.010680609
1,1,0.99834704
1,1,0.9430427
1,0,0.29612947
1,1,0.9999018
1,1,0.9976549
1,1,0.9693206
1,0,0.31242266
1,1,0.9998154
1,1,0.99971205
1,1,0.999255
1,0,0.010009383
1,1,0.99992955
1,1,0.9988273
1,1,0.9326633
1,1,0.9998747
1,0,0.004626107
1,1,0.9660226
1,1,0.54717857
1,1,0.9998518
1,1,0.9998574
1,1,0.99995077
1,1,0.99990976
1,1,0.99792296
1,1,0.99970055
1,0,0.00071964966
1,0,0.2962021
1,1,0.9978383
1,1,0.9996269
1,0,0.30077332
1,1,0.99698037
1,0,0.26981175
1,1,0.78876776
1,1,0.98645914
1,1,0.9744028
1,1,0.99652404
1,1,0.99993706
1,1,0.9106141
1,1,0.9989392
1,1,0.9846452
1,1,0.997619
1,1,0.99815756
1,1,0.99994326
1,1,0.9988613
1,1,0.8690396
1,1,0.98558503
1,1,0.9997794
1,1,0.9998042
1,1,0.973031
1,1,0.9997658
1,1,0.99943405
1,1,0.9996722
1,1,0.99210405
1,0,0.00024835297
1,1,0.99477154
1,1,0.8522128
1,1,0.99910516
1,1,0.83692497
1,1,0.9998784
1,1,0.90868074
1,1,0.99978536
1,1,0.9997956
1,1,0.9999517
1,1,0.577551
1,1,0.9995369
1,1,0.9136942
1,1,0.99989676
1,1,0.99936634
1,0,0.07363988
1,1,0.9999021
1,1,0.9999523
1,0,0.03464867
1,1,0.99994886
1,1,0.8321308
1,1,0.7845661
1,1,0.9980117
1,1,0.99982774
1,1,0.9982901
1,1,0.9579268
1,1,0.99960965
1,1,0.9848905
1,1,0.95848465
1,1,0.9999428
1,1,0.5788159
1,1,0.9999441
1,1,0.9998952
1,1,0.9999027
1,0,0.010044405
1,0,0.12589817
1,1,0.9820864
1,1,0.9998109
1,1,0.6911361
1,1,0.6150078
1,1,0.99971014
1,1,0.9553445
1,1,0.9999311
1,1,0.8120204
1,1,0.97917616
1,1,0.9984054
1,1,0.9998522
1,1,0.793466
1,1,0.99992025
1,1,0.999933
1,1,0.9987685
1,0,0.00022776582
1,1,0.5029451
1,1,0.9948531
1,0,0.12055239
1,1,0.9992636
1,1,0.99990535
1,1,0.99989724
1,1,0.9928827
1,1,0.75521797
1,1,0.9997029
1,1,0.9995383
1,0,6.324819e-05
1,1,0.999108
1,1,0.998381
1,1,0.9883072
1,1,0.9998331
1,1,0.98814887
1,1,0.9981055
1,1,0.9995005
1,0,0.46568835
1,1,0.9928703
1,1,0.97092474
1,1,0.9998447
1,1,0.99689215
1,1,0.9191869
1,1,0.9995272
1,1,0.9997255
1,1,0.9923901
1,1,0.99992895
1,1,0.67930406
1,1,0.99821824
1,1,0.99991655
1,1,0.9995321
1,1,0.8945243
1,0,0.33151427
1,1,0.99990356
1,1,0.99793684
1,1,0.889027
1,1,0.998389
1,0,0.14178446
1,1,0.9978823
1,1,0.74891746
1,1,0.6694531
1,1,0.99812335
1,1,0.8296836
1,1,0.9998454
1,1,0.99941957
1,1,0.68581134
1,1,0.9999467
1,1,0.9998276
1,0,0.006985986
1,0,0.13937134
1,1,0.9991811
1,1,0.9848626
1,0,0.000102368154
1,1,0.8936408
1,1,0.8355859
1,1,0.9998324
1,0,0.471161
1,1,0.52013004
1,0,0.00041361272
1,1,0.99974495
1,0,0.14059858
1,1,0.9987674
1,0,0.026607584
1,1,0.7885217
1,0,0.023732267
1,1,0.54352665
1,0,0.3968594
1,1,0.9999125
1,1,0.9995425
1,1,0.70512915
1,1,0.9989297
1,1,0.99806505
1,1,0.9999454
1,1,0.8399763
1,1,0.9999075
1,1,0.99859554
1,0,0.030815015
1,0,0.09881997
1,1,0.92919254
1,1,0.999819
1,1,0.999948
1,1,0.9998522
1,1,0.8982762
1,1,0.9999095
1,1,0.9996649
1,1,0.99978334
1,1,0.9999186
1,1,0.98218185
1,0,0.0014944004
1,1,0.58191544
1,1,0.99920195
1,0,0.012496801
1,0,0.1678186
1,1,0.8841971
1,1,0.9998679
1,1,0.92960465
1,1,0.99993813
1,1,0.6525731
1,1,0.9984464
1,1,0.99658304
1,1,0.9999281
1,1,0.99977785
1,1,0.99296427
1,1,0.99995375
1,1,0.9913721
1,0,0.000324719
1,1,0.9999299
1,1,0.8478229
1,1,0.99828833
1,1,0.9999299
1,1,0.98491144
1,1,0.9999175
1,1,0.9617692
1,1,0.9976597
1,1,0.98973656
1,1,0.9986959
1,0,0.0010844959
1,1,0.9894286
1,1,0.99978155
1,1,0.99994814
1,1,0.98973256
1,1,0.99761486
1,0,0.3487927
1,1,0.9998265
1,1,0.9975702
1,1,0.8739961
1,1,0.6031463
1,1,0.9885358
1,0,0.0724699
1,1,0.99993443
1,0,0.0038427499
1,1,0.9996693
1,1,0.99806005
1,1,0.9998185
1,0,0.4334107
1,1,0.7461109
1,1,0.98530823
1,1,0.81832933
1,1,0.9961378
1,1,0.99966943
1,1,0.999647
1,0,0.40462434
1,1,0.8352071
1,1,0.999281
1,1,0.6478766
1,1,0.78185296
1,1,0.9997273
1,1,0.97781414
1,1,0.9818409
1,0,0.3496157
1,0,0.0015311285
1,1,0.9999443
1,1,0.9105091
1,1,0.9999416
1,1,0.9996555
1,1,0.9999205
1,1,0.99412847
1,1,0.9688618
1,0,0.38366213
1,0,0.19795722
1,1,0.99975115
1,1,0.9895774
1,1,0.9997807
1,1,0.9999485
1,1,0.99752873
1,1,0.9995653
1,1,0.99951565
1,0,0.010893194
1,1,0.81720537
1,1,0.9996445
1,1,0.9280829
1,1,0.9998512
1,1,0.9925248
1,1,0.9997509
1,0,0.061888307
1,1,0.99273455
1,0,0.084966026
1,1,0.6861601
1,1,0.99827707
1,1,0.9997768
1,1,0.99829704
1,1,0.9992292
1,1,0.9767454
1,1,0.99981135
1,1,0.99975353
1,0,0.07157196
1,1,0.9998646
1,1,0.99839157
1,0,4.147842e-05
1,1,0.99573684
1,1,0.9998282
1,1,0.9789601
1,1,0.99869686
1,1,0.9866193
1,1,0.99961
1,1,0.9639586
1,1,0.9993574
1,1,0.9974547
1,1,0.99994016
1,1,0.995353
1,0,0.058678962
1,1,0.9996675
1,1,0.9995511
1,1,0.7596367
1,1,0.9998832
1,1,0.9998636
1,0,0.19768868
1,1,0.99959713
1,1,0.9689031
1,1,0.99973625
1,1,0.99691147
1,0,0.13143283
1,1,0.95893586
1,1,0.8842203
1,0,0.040420666
1,0,0.43360087
1,1,0.99949217
1,1,0.9923161
1,1,0.9997979
1,1,0.9673492
1,0,0.38667324
1,1,0.98030466
1,1,0.9999478
1,0,0.00033266228
1,1,0.99992204
1,1,0.99578637
1,1,0.9990308
1,0,0.45658123
1,1,0.90964216
1,1,0.99952877
1,1,0.997818
1,0,0.26776305
1,1,0.9993498
1,1,0.99990463
1,0,0.16607356
1,1,0.99977213
1,1,0.99978536
1,1,0.9999442
1,1,0.99964213
1,1,0.99974257
1,1,0.9909623
1,1,0.98184264
1,1,0.8752137
1,1,0.9998939
1,1,0.9945057
1,0,0.0014626523
1,1,0.99995005
1,1,0.99944454
1,1,0.9714077
1,1,0.8781386
1,0,0.1947754
1,0,0.1350412
1,1,0.9997441
1,0,5.0190323e-05
1,0,0.1529882
1,0,0.47808465
1,1,0.9998777
1,1,0.9926075
1,1,0.9998615
1,0,0.03635153
1,1,0.95882285
1,1,0.99806243
1,1,0.70363003
1,1,0.95555663
1,1,0.99912244
1,1,0.95852256
1,1,0.99650085
1,1,0.7648137
1,1,0.9049947
1,1,0.9999262
1,1,0.99862766
1,1,0.9334673
1,1,0.9558098
1,1,0.7963139
1,1,0.99012417
1,1,0.98249465
1,1,0.9850877
1,1,0.99837047
1,1,0.9991842
1,1,0.9996165
1,1,0.96648014
1,1,0.9994924
1,1,0.99972385
1,0,0.16140322
1,1,0.7819179
1,0,0.029923841
1,1,0.9989987
1,0,0.025276298
1,1,0.9967918
1,1,0.95649046
1,1,0.9978929
1,1,0.99989104
1,1,0.9901883
1,0,0.0003173932
1,1,0.9238157
1,0,0.0057584005
1,1,0.999938
1,0,0.092745006
1,1,0.8644834
1,1,0.9992372
1,1,0.9995115
1,1,0.9996557
1,0,0.012721977
1,1,0.99994147
1,1,0.9485276
1,1,0.9997887
1,1,0.9999435
1,1,0.70773983
1,1,0.9999398
1,1,0.86577123
1,1,0.999895
1,1,0.8986433
1,1,0.95511645
1,1,0.62889946
1,1,0.65816486
1,1,0.9995716
1,1,0.8018957
1,1,0.9600964
1,1,0.83790904
1,1,0.99771225
1,1,0.99022067
1,0,0.084396064
1,1,0.63001454
1,1,0.99992454
1,1,0.699126
1,1,0.9990615
1,1,0.8275517
1,1,0.99988055
1,1,0.9998068
1,1,0.9990821
1,1,0.9985771
1,1,0.99984586
1,1,0.9999199
1,1,0.954516
1,0,0.003630844
1,1,0.9999374
1,1,0.99937797
1,1,0.8888233
1,1,0.87086654
1,1,0.9964676
1,0,0.03263262
1,1,0.9988869
1,0,0.0555742
1,1,0.99973434
1,1,0.99991417
1,1,0.99987805
1,1,0.8847899
1,1,0.9987399
1,1,0.99932647
1,1,0.9979157
1,1,0.9996427
1,1,0.99971765
1,1,0.9955734
1,1,0.9943287
1,1,0.99657
1,1,0.9999242
1,1,0.9927464
1,1,0.99981993
1,1,0.98002714
1,1,0.9760818
1,1,0.9871586
1,1,0.9997873
1,0,0.002018011
1,1,0.66764987
1,1,0.9990238
1,1,0.99981016
1,1,0.99942315
1,1,0.9998677
1,0,0.0011911558
1,1,0.9999063
1,1,0.99845207
1,0,0.26886356
1,0,0.3049522
1,1,0.9998454
1,1,0.99994993
1,1,0.97123206
1,1,0.99991965
1,1,0.9996822
1,1,0.99626535
1,0,0.004983518
1,0,0.058910288
1,1,0.92419964
1,1,0.9596553
1,1,0.999887
1,0,7.150495e-05
1,1,0.99985015
1,1,0.9030543
1,1,0.99655426
1,1,0.99853563
1,1,0.9927065
1,1,0.8797955
1,1,0.99987805
1,1,0.9998288
1,0,0.0001065803
1,1,0.9996846
1,1,0.9961707
1,1,0.9996817
1,1,0.6772688
1,0,0.45150134
1,1,0.7087888
1,1,0.572979
1,1,0.9957182
1,1,0.98431855
1,1,0.99962175
1,1,0.99670947
1,1,0.98955977
1,0,0.2503755
1,1,0.76919085
1,0,0.05602169
1,0,0.049122524
1,1,0.88523394
1,1,0.6694375
1,1,0.9981623
1,1,0.6818814
1,0,0.007175176
1,0,0.26872835
1,1,0.81281054
1,1,0.9997701
1,1,0.99274737
1,1,0.8854464
1,1,0.9999474
1,1,0.99525046
1,1,0.9966702
1,1,0.99945825
1,0,0.2119175
1,1,0.70483977
1,1,0.9953171
1,0,0.0014319692
1,0,0.007762989
1,1,0.9997162
1,1,0.99985194
1,1,0.99887854
1,1,0.95740616
1,1,0.9997893
1,1,0.6889545
1,1,0.69637984
1,1,0.9997631
1,1,0.99969494
1,0,0.021086732
1,0,0.121417865
1,1,0.9997527
1,1,0.8953123
1,0,0.0069114994
1,1,0.99098223
1,1,0.99984133
1,1,0.99938095
1,1,0.99640286
1,1,0.99931586
1,1,0.9935009
1,1,0.9934862
1,1,0.9994351
1,1,0.99750227
1,1,0.9894797
1,1,0.9997706
1,1,0.99994504
1,1,0.99643147
1,1,0.99990773
1,1,0.99946374
1,1,0.99288416
1,1,0.99991417
1,1,0.9994616
1,1,0.99990904
1,1,0.97107846
1,1,0.9998435
1,1,0.97035193
1,1,0.9844994
1,1,0.999744
1,1,0.9999125
1,1,0.9548815
1,1,0.9980592
1,0,0.23816408
1,0,0.44109246
1,1,0.82284737
1,1,0.99795014
1,1,0.9998091
1,0,0.0024133883
1,1,0.8001186
1,0,0.00244884
1,1,0.99887437
1,0,0.007687574
1,1,0.9998405
1,1,0.9999459
1,1,0.99785405
1,1,0.7325933
1,1,0.9998665
1,1,0.99399275
1,1,0.99992716
1,1,0.9995739
1,1,0.9999392
1,1,0.99993956
1,1,0.99952877
1,1,0.9899996
1,1,0.9646498
1,1,0.94428504
1,1,0.95258033
1,0,0.420673
1,1,0.99543494
1,1,0.94073325
1,0,0.14057235
1,1,0.9999018
1,1,0.9999417
1,0,0.48516592
1,0,0.0045473245
1,1,0.9999347
1,1,0.999108
1,1,0.9999386
1,1,0.99988675
1,1,0.99992204
1,1,0.9999404
1,1,0.99920493
1,1,0.9794112
1,1,0.9995345
1,1,0.99903846
1,1,0.9997328
1,1,0.9932815
1,1,0.9873325
1,1,0.90401155
1,0,0.11940164
1,0,0.22433135
1,1,0.98584425
1,1,0.9994185
1,1,0.9477627
1,1,0.5897929
1,1,0.99930704
1,1,0.99899334
1,1,0.9999188
1,1,0.9876938
1,1,0.9997733
1,1,0.9993625
1,1,0.99876046
1,1,0.68194795
1,1,0.9987558
1,1,0.9405622
1,1,0.99993193
1,1,0.99994385
1,0,0.00017545742
1,1,0.9999517
1,1,0.9470885
1,0,0.47894764
1,1,0.9960006
1,1,0.9970112
1,1,0.5372972
1,1,0.979656
1,1,0.9998425
1,0,0.032268923
1,1,0.9967123
1,0,0.20896477
1,0,0.18475959
1,1,0.9997726
1,1,0.9998826
1,0,0.0002341039
1,1,0.97365075
1,0,0.031723138
1,1,0.99986064
1,0,0.052961513
1,0,0.21091975
1,1,0.9900024
1,0,0.001440039
1,1,0.9935842
1,1,0.9997173
1,1,0.9971796
1,1,0.9957416
1,1,0.8287974
1,1,0.99992025
1,1,0.5108567
1,1,0.9959417
1,1,0.93805003
1,1,0.9998528
1,1,0.9974904
1,0,0.0067771645
1,1,0.7922348
1,1,0.99992657
1,1,0.90090156
1,0,0.33071503
1,1,0.9998976
1,1,0.98820204
1,1,0.9999461
1,1,0.999864
1,1,0.7580991
1,1,0.99975187
1,0,0.21999805
1,1,0.99978405
1,1,0.9226773
1,1,0.9998399
1,1,0.9830518
1,1,0.97583735
1,1,0.98551315
1,1,0.9998841
1,1,0.7878882
1,1,0.99708146
1,1,0.99993074
1,1,0.998782
1,1,0.99761
1,1,0.99993217
1,1,0.98444426
1,1,0.98773915
1,1,0.9891384
1,1,0.9996088
1,0,0.03520278
1,1,0.9999198
1,1,0.8648216
1,1,0.9999428
1,1,0.99785703
1,1,0.71503687
1,1,0.5226673
1,1,0.9997025
1,1,0.99670726
1,1,0.57506984
1,1,0.99921525
1,1,0.8502191
1,1,0.96910423
1,1,0.99657565
1,1,0.99962056
1,1,0.86709255
1,1,0.99885297
1,1,0.927414
1,1,0.97147554
1,1,0.86912984
1,1,0.9998337
1,1,0.9234717
1,1,0.50552225
1,1,0.95953465
1,1,0.73586404
1,1,0.99991226
1,1,0.99981934
1,1,0.99985015
1,1,0.74303514
1,1,0.99992466
1,1,0.9970402
1,1,0.9998105
1,1,0.8633117
1,1,0.9996269
1,1,0.9980204
1,0,0.02941503
1,1,0.9992617
1,1,0.99983954
1,1,0.99581134
1,0,0.00019004439
1,1,0.9999348
1,1,0.95972544
1,1,0.5687403
1,1,0.9999372
1,1,0.970248
1,0,3.8314884e-05
1,0,0.0015443402
1,1,0.8904045
1,1,0.9992403
1,0,0.00071945443
1,1,0.9999008
1,1,0.9994785
1,1,0.99938416
1,1,0.999913
1,1,0.99966526
1,0,0.0006773407
1,1,0.86706483
1,1,0.7299775
1,1,0.9997111
1,1,0.9995289
1,1,0.9999448
1,1,0.9998288
1,1,0.8176329
1,1,0.99725336
1,1,0.9998217
1,0,9.1296766e-05
1,1,0.9854057
1,0,0.21523787
1,1,0.9993667
1,0,0.33698434
1,0,0.28974053
1,1,0.9999459
1,1,0.9984126
1,1,0.90173274
1,1,0.99991786
1,1,0.753311
1,1,0.9831377
1,1,0.99931955
1,1,0.9998616
1,1,0.99927336
1,0,0.2944284
1,1,0.7864958
1,1,0.98657274
1,1,0.99992096
1,0,0.3818793
1,1,0.9997085
1,1,0.90192115
1,1,0.9857459
1,1,0.997858
1,1,0.9994017
1,1,0.9909272
1,1,0.9998559
1,1,0.6715693
1,1,0.99985087
1,1,0.99993956
1,1,0.95420426
1,1,0.9986218
1,0,0.38028997
1,1,0.709093
1,1,0.99784005
1,1,0.9995326
1,1,0.9979849
1,1,0.9873167
1,0,0.14251192
1,1,0.99968684
1,0,0.022020308
1,0,0.05362945
1,1,0.94683236
1,0,0.06625875
1,1,0.9993098
1,0,0.42686582
1,0,0.0955059
1,1,0.7510301
1,1,0.9694713
1,1,0.58945566
1,1,0.9997725
1,1,0.9967879
1,1,0.99813735
1,1,0.9999267
1,1,0.9998914
1,1,0.999448
1,1,0.9996773
1,1,0.82694715
1,1,0.93658763
1,1,0.9998659
1,1,0.8814085
1,1,0.9998227
1,1,0.99979156
1,1,0.9987974
1,1,0.9995289
1,1,0.9842532
1,1,0.71917534
1,1,0.99993837
1,1,0.99706393
1,1,0.99994385
1,0,0.061477277
1,0,0.022219725
1,1,0.711139
1,1,0.96805924
1,1,0.9327911
1,1,0.9995295
1,1,0.9807881
1,1,0.9989573
1,0,0.05734014
1,0,0.00030260018
1,1,0.9981863
1,1,0.77728415
1,0,0.3880426
1,1,0.97222185
1,1,0.8792528
1,1,0.9999254
1,1,0.9480318
1,1,0.9095733
1,1,0.9942063
1,1,0.99967766
1,1,0.9874422
1,1,0.9988348
1,0,0.0056737405
1,0,0.32538977
1,0,0.0140991565
1,1,0.9950655
1,1,0.9995347
1,1,0.9811462
1,1,0.9751972
1,1,0.99815947
1,0,0.0003987542
1,0,0.28223306
1,0,0.12544945
1,1,0.9999505
1,0,0.110176474
1,1,0.99812347
1,1,0.9913537
1,0,0.058538746
1,1,0.99918705
1,1,0.6580562
1,1,0.99913687
1,1,0.9989178
1,1,0.97649276
1,1,0.9946408
1,0,0.0006136918
1,0,0.062215235
1,0,0.00037455882
1,1,0.9992268
1,1,0.90291035
1,1,0.999913
1,1,0.9999007
1,0,0.0073788525
1,1,0.9905952
1,1,0.8600564
1,1,0.99986553
1,1,0.9998754
1,1,0.9998221
1,1,0.7356032
1,1,0.9969003
1,0,0.023565764
1,0,0.007977217
1,1,0.91460353
1,1,0.9998963
1,1,0.5657735
1,1,0.86080974
1,1,0.99988043
1,1,0.99992967
1,1,0.8840755
1,1,0.99875534
1,1,0.9961493
1,1,0.9132892
1,0,0.3517304
1,1,0.9997732
1,0,0.4943557
1,1,0.9998437
1,1,0.9988765
1,1,0.99995136
1,1,0.99155384
1,0,0.000417588
1,1,0.9956299
1,1,0.96945906
1,1,0.9995415
1,0,0.34435156
1,1,0.9997961
1,1,0.99877876
1,1,0.98216635
1,1,0.9998915
1,0,0.015523487
1,1,0.99966836
1,1,0.9943289
1,0,0.30348322
1,1,0.99992836
1,1,0.9790896
1,0,0.0054683406
1,0,0.16740821
1,1,0.9995372
1,1,0.99740833
1,1,0.9995776
1,1,0.98904467
1,1,0.9992792
1,0,0.05303993
1,1,0.9568968
1,1,0.99801624
1,1,0.9991379
1,1,0.96010804
1,0,0.35482195
1,0,0.13730744
1,1,0.99993896
1,0,0.38892338
1,0,0.36495003
1,1,0.90483475
1,1,0.9264495
1,0,0.27495107
1,1,0.9451877
1,1,0.9841776
1,1,0.6169188
1,1,0.99963427
1,1,0.99992144
1,1,0.99985635
1,1,0.9994222
1,1,0.9982383
1,1,0.98838997
1,1,0.9999511
1,1,0.9998568
1,1,0.99750084
1,0,0.24205713
1,1,0.99933606
1,1,0.99955314
1,0,0.34276414
1,1,0.87502754
1,0,0.43022385
1,1,0.9999503
1,0,0.0021270732
1,0,0.0018993845
1,1,0.9999306
1,1,0.9996288
1,1,0.9998653
1,1,0.99323964
1,1,0.99970883
1,1,0.9999312
1,1,0.9997905
1,1,0.98287153
1,0,0.07753281
1,0,0.44157866
1,1,0.9999443
1,1,0.98526025
1,1,0.5987115
1,1,0.8024525
1,1,0.99993825
1,0,6.5701606e-05
1,1,0.9987759
1,1,0.9692442
1,0,0.23114517
1,0,0.43909624
1,1,0.9999453
1,1,0.9988404
1,1,0.92944634
1,1,0.9997533
1,1,0.9999175
1,1,0.99990654
1,1,0.567075
1,1,0.9998771
1,1,0.9310467
1,0,0.28819615
1,1,0.99949396
1,1,0.9997906
1,0,0.48912022
1,0,0.13877779
1,1,0.9911249
1,1,0.99992454
1,1,0.9940957
1,1,0.6920911
1,1,0.9963586
1,0,0.42830595
1,1,0.9999149
1,1,0.99970955
1,1,0.99988425
1,1,0.9974146
1,1,0.99986625
1,1,0.9645073
1,1,0.99836844
1,1,0.99800664
1,1,0.9315646
1,1,0.9990865
1,1,0.98589164
1,1,0.999577
1,1,0.99980587
1,1,0.998585
1,0,0.20240162
1,1,0.9994691
1,1,0.999724
1,1,0.6639109
1,1,0.9999262
1,1,0.99989176
1,1,0.9988753
1,1,0.999938
1,1,0.9991229
1,0,0.07644332
1,1,0.9979772
1,1,0.94843006
1,1,0.99994016
1,1,0.7719727
1,1,0.99949634
1,0,0.4096964
1,1,0.9957048
1,1,0.9995467
1,1,0.99981064
1,1,0.9999175
1,1,0.9997974
1,1,0.999111
1,1,0.9995715
1,1,0.9255104
1,0,0.045918178
1,1,0.99601376
1,1,0.99835986
1,1,0.998511
1,1,0.9998579
1,1,0.999316
1,1,0.9587913
1,1,0.9995665
1,1,0.96778965
1,1,0.9978235
1,0,0.10898676
1,1,0.78505427
1,1,0.9345699
1,1,0.99565965
1,0,0.006730106
1,0,0.0056606275
1,1,0.85779786
1,1,0.9996964
1,1,0.87498754
1,1,0.9963315
1,1,0.98544204
1,1,0.9998592
1,1,0.9999137
1,1,0.9082735
1,1,0.9999194
1,1,0.68219596
1,0,0.07066998
1,1,0.9999205
1,1,0.96697336
1,1,0.99537647
1,1,0.9998536
1,1,0.9957897
1,1,0.9996039
1,1,0.99970704
1,1,0.99994826
1,1,0.90272915
1,1,0.99989796
1,1,0.96075714
1,0,0.1965856
1,1,0.99825495
1,1,0.9715508
1,1,0.99657035
1,1,0.99972826
1,0,0.42910776
1,1,0.9999516
1,1,0.9996613
1,1,0.99755704
1,1,0.9992157
1,1,0.9999541
1,1,0.99983
1,0,0.08122071
1,1,0.99983525
1,1,0.99988425
1,1,0.9841949
1,1,0.99837863
1,1,0.94641054
1,0,0.36698383
1,1,0.83231723
1,1,0.99992657
1,1,0.99986887
1,1,0.9072505
1,1,0.9993259
1,1,0.9998814
1,1,0.9999453
1,1,0.9880989
1,0,0.0035839856
1,1,0.99888915
1,1,0.99993503
1,1,0.9999467
1,1,0.9981949
1,1,0.9933443
1,0,0.005120461
1,1,0.99993336
1,1,0.86769444
1,1,0.8725109
1,0,0.051344827
1,1,0.998429
1,1,0.99837434
1,1,0.9998029
1,1,0.99987245
1,1,0.9185895
1,1,0.9542726
1,1,0.99660325
1,1,0.9812634
1,1,0.99994946
1,1,0.99966323
1,1,0.98403233
1,0,0.005556632
1,1,0.50115347
1,1,0.99975365
1,1,0.96105444
1,1,0.9471064
1,1,0.99994993
1,1,0.994113
1,1,0.9986237
1,1,0.75766873
1,0,0.002023362
1,1,0.9984523
1,0,0.015174506
1,1,0.99754274
1,1,0.96621424
1,1,0.99991214
1,1,0.99581546
1,1,0.91550106
1,1,0.9997888
1,1,0.5681074
1,1,0.99994016
1,1,0.99993277
1,1,0.99992335
1,1,0.99934095
1,1,0.9999143
1,0,0.4790014
1,1,0.9992861
1,1,0.97637105
1,1,0.9998117
1,1,0.99989784
1,0,0.020017518
1,0,0.1768122
1,1,0.99936527
1,0,0.03366393
1,1,0.7980062
1,1,0.9915148
1,1,0.9995259
1,1,0.5339223
1,1,0.9961802
1,1,0.8107506
1,1,0.9998634
1,1,0.99961436
1,0,0.09047159
1,1,0.5149279
1,0,0.097500525
1,1,0.9995378
1,1,0.6391578
1,1,0.9949432
1,0,0.4817864
1,1,0.9355044
1,0,0.18295504
1,1,0.97628856
1,1,0.9998777
1,0,0.043263346
1,1,0.77738976
1,1,0.9998952
1,1,0.9588676
1,1,0.9998336
1,1,0.8378664
1,1,0.9999536
1,1,0.99975294
1,1,0.95702386
1,1,0.8450771
1,0,0.4557677
1,1,0.9994579
1,0,0.43329754
1,1,0.6882851
1,1,0.9996214
1,0,0.11704981
1,0,0.011842831
1,1,0.9998423
1,1,0.6190581
1,1,0.999936
1,0,0.49625137
1,1,0.5982188
1,1,0.9998447
1,1,0.99020517
1,1,0.9999434
1,1,0.9999306
1,1,0.5420225
1,1,0.9953768
1,0,0.33646452
1,0,0.07850453
1,1,0.99983025
1,1,0.99928916
1,1,0.998558
1,1,0.9053993
1,0,0.09939762
1,1,0.9783432
1,0,0.05814883
1,1,0.8249534
1,1,0.6757022
1,1,0.99768674
1,1,0.9573617
1,1,0.9980684
1,1,0.9329383
1,1,0.7685742
1,1,0.9855048
1,1,0.6123361
1,1,0.94251704
1,0,0.019428203
1,1,0.9951325
1,1,0.99982977
1,1,0.99911064
1,1,0.5935845
1,0,0.008780021
1,1,0.9697999
1,0,0.0015352938
1,1,0.96593314
1,1,0.99945754
1,0,4.732044e-05
1,0,0.02082413
1,0,0.4166913
1,1,0.9998307
1,1,0.9999026
1,1,0.9743552
1,0,0.39453012
1,0,0.27195522
1,0,0.00025698513
1,1,0.99993324
1,1,0.99950206
1,1,0.7358096
1,0,0.020840364
1,1,0.9966523
1,0,0.17112412
1,1,0.9999336
1,1,0.97968376
1,0,0.12353018
1,1,0.9893042
1,1,0.99994135
1,1,0.9605118
1,1,0.9999502
1,1,0.9879759
1,1,0.99983
1,1,0.9971861
1,1,0.99994767
1,1,0.99990284
1,1,0.9996345
1,1,0.9933531
1,0,0.36631796
1,1,0.9987795
1,1,0.9997615
1,0,0.41944984
1,1,0.99887985
1,1,0.9996754
1,1,0.9943336
1,1,0.9998969
1,1,0.98823404
1,1,0.8265207
1,1,0.9952963
1,1,0.865905
1,0,0.35922697
1,1,0.9988926
1,1,0.99989283
1,0,0.09767894
1,1,0.99991333
1,1,0.97621095
1,0,0.4590053
1,1,0.9997485
1,0,0.0038686008
1,1,0.9965789
1,1,0.999881
1,1,0.95033026
1,1,0.99958426
1,0,0.21929571
1,1,0.9478923
1,1,0.5858208
1,1,0.99912375
1,0,0.22043581
1,0,0.4699198
1,1,0.9988042
1,1,0.99886763
1,1,0.9999236
1,1,0.70139265
1,1,0.99929774
1,0,0.08838717
1,0,0.2722046
1,1,0.9837821
1,1,0.9971842
1,0,0.14325097
1,1,0.99990773
1,1,0.9861221
1,1,0.99979883
1,1,0.99927527
1,1,0.98526263
1,0,0.00042121677
1,1,0.999946
1,0,0.1521489
1,1,0.7770783
1,1,0.9998807
1,0,0.0014820788
1,1,0.52319443
1,0,0.04002262
1,1,0.99957365
1,1,0.9999175
1,1,0.9811492
1,1,0.9997094
1,1,0.5423805
1,1,0.9997954
1,1,0.9998685
1,0,4.3188407e-05
1,0,0.38039082
1,1,0.90980273
1,1,0.99460185
1,1,0.9965867
1,0,0.020880638
1,1,0.9975096
1,1,0.97433305
1,1,0.9962205
1,1,0.9998907
1,0,0.43639153
1,1,0.9978655
1,1,0.99801564
1,1,0.90263844
1,0,0.00637718
1,1,0.99956506
1,1,0.99972016
1,1,0.82822686
1,0,0.17111538
1,1,0.99991333
1,1,0.9991918
1,1,0.8277723
1,1,0.9295523
1,1,0.5755106
1,1,0.5296307
1,0,0.037986673
1,1,0.9999269
1,1,0.99737203
1,0,0.2951872
1,1,0.9990953
1,1,0.99414515
1,0,0.022977708
1,1,0.99987054
1,0,0.22179855
1,1,0.99974304
1,1,0.99857664
1,1,0.9945905
1,1,0.999435
1,1,0.9995628
1,1,0.99913055
1,1,0.9985493
1,1,0.97935337
1,1,0.99990845
1,1,0.9939878
1,0,0.00031395693
1,1,0.99909246
1,1,0.9964495
1,1,0.9980197
1,1,0.7091481
1,1,0.85921544
1,0,0.039795548
1,1,0.99988115
1,1,0.9996228
1,1,0.98171586
1,1,0.99024314
1,1,0.99715686
1,1,0.999421
1,1,0.8766738
1,1,0.9850595
1,1,0.99961287
1,0,0.20336758
1,0,0.16818027
1,0,0.0035407937
1,1,0.90455717
1,0,0.2800671
1,1,0.9997104
1,1,0.97011507
1,1,0.9994654
1,1,0.99989057
1,1,0.6902169
1,1,0.99223256
1,0,0.461148
1,1,0.99976414
1,1,0.97255737
1,1,0.97685426
1,1,0.99993587
1,1,0.997456
1,1,0.6167681
1,1,0.99968004
1,1,0.9999008
1,1,0.9972907
1,1,0.999718
1,1,0.9998828
1,0,0.19166552
1,0,0.05193273
1,1,0.99989784
1,0,0.0058447053
1,1,0.9998234
1,1,0.59848386
1,0,0.00048645012
1,1,0.9997745
1,1,0.530323
1,0,0.0028247125
1,0,0.26592404
1,1,0.98476875
1,1,0.99993765
1,1,0.9961832
1,1,0.67279726
1,1,0.9999484
1,1,0.9980147
1,1,0.8487527
1,1,0.9817317
1,1,0.9930951
1,1,0.9996686
1,1,0.7755144
1,1,0.9996301
1,1,0.9939383
1,1,0.97603685
1,1,0.99956816
1,1,0.5413019
1,1,0.999723
1,1,0.9999472
1,1,0.97719884
1,1,0.9999155
1,1,0.9793315
1,1,0.99982494
1,1,0.99154145
1,1,0.9811118
1,1,0.99994314
1,1,0.992059
1,1,0.99991333
1,0,0.3117396
1,1,0.9996105
1,1,0.98203504
1,1,0.9999387
1,1,0.99866426
1,1,0.65377295
1,0,0.30164158
1,1,0.5600198
1,1,0.81355405
1,1,0.99921966
1,1,0.61438674
1,1,0.7807101
1,0,0.3589566
1,1,0.999665
1,0,0.2070237
1,1,0.704579
1,1,0.9998983
1,1,0.9850964
1,1,0.9908654
1,1,0.9999409
1,1,0.9935675
1,1,0.9990941
1,1,0.94969666
1,1,0.99949586
1,1,0.8347466
1,1,0.8509067
1,1,0.94284636
1,1,0.99852484
1,1,0.78297555
1,1,0.99990964
1,1,0.9953365
1,1,0.8260382
1,0,0.45041513
1,1,0.77372104
1,1,0.97428435
1,1,0.99079823
1,1,0.9998832
1,1,0.99990284
1,1,0.99974006
1,1,0.9617646
1,1,0.9985915
1,1,0.9998994
1,0,0.0030309977
1,1,0.9667576
1,0,5.5958306e-05
1,1,0.9999472
1,1,0.99917275
1,0,0.00011077606
1,1,0.9999335
1,1,0.91978335
1,1,0.9997634
1,1,0.97635955
1,1,0.99962413
1,0,0.047828082
1,1,0.9998468
1,1,0.88443416
1,0,0.38749412
1,1,0.99994075
1,1,0.9998503
1,0,0.07930785
1,0,0.0030625663
1,0,0.46959814
1,1,0.99975723
1,1,0.993952
1,1,0.58516246
1,0,0.16278863
1,1,0.6743865
1,1,0.89567804
1,1,0.9764014
1,1,0.6466679
1,1,0.9900748
1,0,0.45999926
1,0,0.088437945
1,1,0.9997855
1,1,0.9998909
1,1,0.9280297
1,1,0.997684
1,1,0.99974316
1,1,0.9999502
1,1,0.9998272
1,1,0.999226
1,1,0.99955136
1,0,0.052531783
1,1,0.9996283
1,1,0.9995179
1,1,0.79420555
1,1,0.8587748
1,1,0.9999038
1,1,0.68690836
1,0,0.22599515
1,1,0.5908763
1,1,0.9994541
1,1,0.99991703
1,1,0.86746
1,1,0.9995809
1,0,0.00880271
1,0,0.28510895
1,1,0.9971916
1,1,0.9999397
1,1,0.9865702
1,0,0.0012763111
1,1,0.99397355
1,1,0.9753724
1,1,0.7235782
1,1,0.5433524
1,1,0.78733915
1,1,0.99992347
1,1,0.789237
1,1,0.9994956
1,1,0.98718655
1,1,0.9992873
1,1,0.9999137
1,0,0.1940798
1,0,0.36573046
1,1,0.998159
1,0,0.018348977
1,0,0.2734668
1,1,0.9998994
1,1,0.9999037
1,1,0.9638692
1,1,0.99987066
1,1,0.613842
1,1,0.99994755
1,1,0.9999397
1,1,0.78636336
1,1,0.9664814
1,1,0.99903345
1,1,0.9998847
1,1,0.99570423
1,1,0.99939454
1,1,0.9989625
1,1,0.99839044
1,1,0.9998809
1,1,0.99992526
1,0,0.24221839
1,1,0.99887675
1,1,0.9670574
1,0,0.30891517
1,1,0.9994475
1,1,0.86757207
1,1,0.74453217
1,1,0.9998921
1,1,0.9995321
1,1,0.99993587
1,1,0.9946366
1,1,0.99995244
1,0,0.0587683
1,1,0.9819816
1,0,0.17351538
1,1,0.99994266
1,1,0.9994666
1,1,0.86997324
1,1,0.99991
1,1,0.9999
1,1,0.99981123
1,1,0.99992573
1,1,0.9753818
1,1,0.9996972
1,1,0.9998871
1,0,0.09171324
1,0,0.3132488
1,1,0.52772313
1,1,0.999564
1,1,0.9581714
1,1,0.8029089
1,1,0.9981851
1,0,0.00013652156
1,1,0.99980766
1,1,0.9998574
1,1,0.8133303
1,0,0.01208374
1,1,0.9910591
1,1,0.9999304
1,0,0.10257143
1,1,0.9999294
1,1,0.99994516
1,1,0.9269567
1,1,0.8877486
1,1,0.99306375
1,1,0.99899167
1,1,0.9998797
1,1,0.57375884
1,0,0.4359553
1,1,0.99005353
1,1,0.9945023
1,1,0.9740728
1,0,0.056964565
1,0,0.34377056
1,0,0.039969284
1,1,0.99994206
1,1,0.9983918
1,1,0.9999397
1,1,0.8752104
1,1,0.9999275
1,1,0.90462387
1,0,0.0013502758
1,1,0.94723755
1,1,0.99406695
1,1,0.9984238
1,0,0.26029295
1,0,0.005309117
1,1,0.99724567
1,1,0.9910075
1,1,0.9998197
1,0,0.14552936
1,1,0.7631221
1,0,0.04490245
1,0,0.39238837
1,1,0.999938
1,1,0.6894189
1,1,0.92981267
1,1,0.9998072
1,1,0.99995124
1,1,0.9997639
1,1,0.9998442
1,1,0.79869986
1,1,0.9991756
1,1,0.99993443
1,1,0.9988555
1,1,0.8830308
1,1,0.99986863
1,1,0.9943047
1,1,0.75430214
1,1,0.97792816
1,1,0.99994886
1,1,0.99980944
1,0,0.23252355
1,1,0.9998248
1,0,0.14050484
1,0,0.449689
1,1,0.99993753
1,1,0.9999341
1,1,0.98268926
1,0,0.21303315
1,1,0.9976865
1,1,0.99518627
1,1,0.8719316
1,1,0.8907646
1,1,0.9303692
1,1,0.9998411
1,1,0.9874626
1,1,0.9826385
1,1,0.9886193
1,1,0.793523
1,1,0.9996092
1,1,0.99960417
1,0,0.32744524
1,1,0.999146
1,0,0.044908814
1,0,0.029045822
1,1,0.99509865
1,1,0.55447966
1,1,0.9963793
1,1,0.9998548
1,1,0.998374
1,1,0.998869
1,1,0.99845517
1,1,0.75765926
1,1,0.9183983
1,1,0.99990606
1,1,0.62784576
1,1,0.9998776
1,1,0.99977547
1,1,0.999762
1,0,0.26403153
1,1,0.8236084
1,1,0.99802893
1,1,0.99880815
1,0,0.16863637
1,1,0.7156503
1,1,0.9929182
1,1,0.9996574
1,1,0.9985464
1,1,0.9981674
1,1,0.999913
1,1,0.9970921
1,0,0.32087883
1,0,0.0033485992
1,0,0.18140969
1,1,0.9919471
1,1,0.9750396
1,1,0.84298605
1,0,0.020626664
1,0,0.0076928693
1,1,0.9999212
1,1,0.999223
1,0,0.00294651
1,1,0.99992883
1,1,0.64379853
1,1,0.9913822
1,0,6.204617e-05
1,1,0.9972464
1,1,0.9998833
1,1,0.7410854
1,1,0.9297605
1,1,0.999881
1,1,0.9999348
1,0,0.12773742
1,1,0.978147
1,1,0.9998573
1,1,0.99907506
1,0,0.44516438
1,1,0.99645555
1,1,0.9998708
1,1,0.9998167
1,1,0.97354376
1,1,0.99964046
1,1,0.999946
1,1,0.99882895
1,1,0.999814
1,0,0.005508214
1,1,0.51827395
1,1,0.9998895
1,1,0.9391673
1,1,0.9998759
1,1,0.9999399
1,0,0.26350904
1,1,0.9999144
1,1,0.9995141
1,1,0.999571
1,1,0.5893336
1,1,0.98502815
1,1,0.99893945
1,0,0.0932988
1,0,0.08336229
1,0,0.0062426734
1,1,0.87871623
1,1,0.9994856
1,0,0.08131352
1,1,0.9291111
1,0,0.0030218444
1,1,0.99986076
1,1,0.99990046
1,1,0.9997552
1,1,0.6383033
1,1,0.999038
1,1,0.9810223
1,0,0.05505471
1,1,0.9989697
1,1,0.7785852
1,1,0.87625086
1,1,0.9985851
1,1,0.99914837
1,1,0.9214277
1,1,0.99974567
1,1,0.99982494
1,1,0.999905
1,0,0.008369389
1,1,0.72083676
1,0,0.29598668
1,0,0.0027682076
1,1,0.98063976
1,1,0.97061276
1,1,0.93616617
1,1,0.99869895
1,1,0.9985447
1,1,0.9998933
1,0,0.00047753396
1,1,0.9999355
1,1,0.9994246
1,1,0.9998938
1,0,0.0009991451
1,1,0.67993927
1,0,0.12103378
1,0,0.0001375342
1,0,0.46553886
1,1,0.8920857
1,1,0.99989486
1,0,0.019216286
1,1,0.99192
1,0,6.641583e-05
1,1,0.6412537
1,1,0.9914118
1,1,0.997959
1,1,0.99992824
1,1,0.9999459
1,1,0.96266764
1,1,0.677342
1,1,0.9713245
1,1,0.8071995
1,1,0.60835415
1,0,0.04529687
1,1,0.9999454
1,1,0.5790227
1,1,0.92658794
1,0,0.36338797
1,1,0.8030316
1,1,0.9998605
1,0,0.47303185
1,0,0.020252846
1,0,0.17033751
1,1,0.90866184
1,0,0.393212
1,1,0.99980575
1,1,0.94972503
1,0,0.23630239
1,1,0.99984133
1,1,0.99990237
1,1,0.999046
1,0,0.047610823
1,0,0.24474792
1,1,0.999949
1,1,0.999913
1,1,0.9909595
1,1,0.98418784
1,1,0.9931926
1,0,0.0031051016
1,0,0.0042263684
1,1,0.8859527
1,1,0.99631613
1,1,0.9992861
1,1,0.98596394
1,1,0.518567
1,1,0.9997993
1,1,0.9922724
1,1,0.848047
1,1,0.9999515
1,1,0.9955433
1,1,0.999943
1,0,0.2956553
1,1,0.98615414
1,1,0.9607981
1,1,0.9525088
1,1,0.9975957
1,1,0.89896446
1,1,0.8058622
1,1,0.99993074
1,0,0.0010507242
1,1,0.9969267
1,1,0.9995284
1,1,0.95291275
1,1,0.99809474
1,1,0.99985325
1,1,0.9996841
1,1,0.9994198
1,1,0.9995617
1,0,0.13409199
1,1,0.9955569
1,1,0.9999219
1,1,0.99755436
1,1,0.90324634
1,0,0.0005394917
1,1,0.99991906
1,1,0.9657262
1,1,0.99988973
1,1,0.8559736
1,1,0.76760674
1,1,0.9991385
1,1,0.9606005
1,1,0.99974793
1,0,0.15702611
1,1,0.998645
1,0,0.00042953712
1,1,0.999159
1,1,0.99968004
1,1,0.99974436
1,1,0.69030327
1,1,0.99986994
1,1,0.9999249
1,1,0.968483
1,1,0.97981215
1,0,0.02577201
1,1,0.99920815
1,1,0.7325511
1,0,0.12354726
1,1,0.9687525
1,0,0.008673936
1,1,0.9996743
1,1,0.73960745
1,1,0.79064786
1,1,0.9392088
1,0,0.006439051
1,1,0.99987245
1,0,0.11713512
1,1,0.9975401
1,1,0.7503269
1,1,0.99991775
1,1,0.9942477
1,1,0.8466771
1,1,0.9725115
1,1,0.9161531
1,1,0.99989235
1,1,0.8878513
1,0,0.001276761
1,1,0.9900955
1,1,0.999833
1,1,0.99856526
1,1,0.90838355
1,1,0.8322147
1,0,0.00062127615
1,1,0.9999027
1,0,0.38753322
1,1,0.9998036
1,1,0.9999429
1,1,0.99596137
1,1,0.79012775
1,1,0.9960343
1,1,0.9983816
1,1,0.9976367
1,1,0.98290986
1,1,0.74405336
1,1,0.61603844
1,1,0.9988506
1,1,0.96149707
1,1,0.82226026
1,0,0.3019985
1,0,0.14594108
1,1,0.9998815
1,1,0.9998553
1,1,0.81441057
1,1,0.99987733
1,0,0.011225969
1,1,0.99481624
1,1,0.7655722
1,0,0.02492593
1,1,0.99980325
1,1,0.9981646
1,1,0.817413
1,1,0.9673893
1,0,0.2595856
1,1,0.99903655
1,1,0.99995625
1,1,0.99963963
1,1,0.6352
1,1,0.8730853
1,1,0.999806
1,1,0.99986947
1,1,0.809547
1,1,0.86081874
1,1,0.9905832
1,1,0.99981576
1,1,0.999925
1,1,0.9998851
1,1,0.7445492
1,1,0.99982846
1,1,0.9918662
1,1,0.9988121
1,1,0.94770855
1,1,0.9995765
1,1,0.9571888
1,0,0.00945615
1,1,0.8753786
1,0,0.32010257
1,1,0.99993587
1,0,0.22504641
1,1,0.99992347
1,0,0.16437069
1,1,0.7940938
1,0,0.0032295038
1,1,0.73726743
1,0,0.39389148
1,0,0.0002920033
1,1,0.9984296
1,0,0.04188138
1,1,0.7437088
1,1,0.9998994
1,1,0.8696691
1,1,0.9949477
1,1,0.9975352
1,1,0.979179
1,1,0.9874576
1,1,0.99989057
1,0,0.08131187
1,1,0.98156965
1,1,0.9986889
1,1,0.99994576
1,1,0.9840776
1,1,0.9979995
1,0,0.1668468
1,0,0.17093466
1,1,0.9999095
1,0,0.15258355
1,1,0.9969862
1,1,0.9998374
1,1,0.88493
1,1,0.97191316
1,1,0.99903643
1,0,0.24409094
1,0,0.0852172
1,1,0.99889296
1,0,0.00023878676
1,0,0.03203857
1,1,0.9998442
1,0,0.0898024
1,1,0.99660265
1,0,0.014887114
1,1,0.9999175
1,1,0.9988005
1,1,0.99986386
1,1,0.7170806
1,1,0.9998964
1,1,0.9999043
1,0,0.0012025406
1,1,0.9385694
1,1,0.9983897
1,1,0.9983241
1,1,0.99922705
1,1,0.9999428
1,1,0.9983156
1,1,0.9881649
1,1,0.99820864
1,1,0.9991684
1,1,0.9058844
1,1,0.83110434
1,1,0.99982196
1,1,0.98806095
1,1,0.9996049
1,0,0.046185367
1,1,0.99990046
1,0,0.00079392624
1,1,0.9997391
1,1,0.9998983
1,1,0.99339175
1,1,0.9893637
1,1,0.99977356
1,1,0.7574643
1,1,0.9998878
1,0,0.00039696615
1,1,0.9951792
1,0,0.15100376
1,1,0.9994294
1,0,0.00499498
1,0,0.0020248021
1,1,0.8119706
1,1,0.989981
1,1,0.9412203
1,1,0.9576358
1,1,0.99923277
1,1,0.99974567
1,1,0.9615818
1,1,0.99986005
1,1,0.978456
1,0,0.00950828
1,1,0.96456695
1,1,0.99959964
1,1,0.99995387
1,0,0.00705871
1,1,0.9997656
1,1,0.94234204
1,0,0.00018392412
1,1,0.93922234
1,1,0.999728
1,1,0.7386229
1,0,0.4074123
1,1,0.86141914
1,1,0.93753463
1,0,0.0047983536
1,1,0.99984276
1,0,0.083572544
1,1,0.99077225
1,1,0.9993629
1,0,0.053109244
1,1,0.80378085
1,1,0.8479061
1,1,0.99945956
1,1,0.99993885
1,1,0.999928
1,1,0.96566784
1,1,0.9986559
1,1,0.7993415
1,1,0.99714345
1,0,0.016149199
1,0,0.00049747137
1,1,0.9680544
1,1,0.9997825
1,0,0.020509494
1,1,0.9989975
1,1,0.992806
1,0,0.021028684
1,1,0.81414884
1,0,0.00042519558
1,1,0.7322648
1,1,0.9691131
1,1,0.99994266
1,1,0.99995196
1,1,0.9999473
1,1,0.99975353
1,1,0.9970873
1,1,0.5827974
1,1,0.6434145
1,0,0.067345165
1,1,0.9998573
1,0,0.033303145
1,1,0.8703662
1,1,0.9996786
1,1,0.99939144
1,0,0.18462718
1,1,0.9902352
1,0,0.2904852
1,1,0.99883145
1,1,0.97519886
1,1,0.971263
1,1,0.9998398
1,1,0.99819213
1,1,0.9992793
1,1,0.9986677
1,1,0.75585145
1,1,0.9994516
1,1,0.9999093
1,1,0.9998752
1,1,0.77775466
1,1,0.99730647
1,1,0.9256477
1,1,0.99953747
1,1,0.9990202
1,1,0.98888516
1,1,0.69345945
1,0,0.19290149
1,1,0.9565858
1,1,0.9958619
1,1,0.99909306
1,1,0.9587387
1,1,0.9948388
1,1,0.9992567
1,1,0.9996561
1,1,0.99994254
1,1,0.69722986
1,1,0.5417454
1,1,0.99971074
1,0,0.00995401
1,1,0.9998196
1,0,0.06869269
1,1,0.99960893
1,1,0.94510645
1,1,0.96953684
1,0,0.06897483
1,1,0.99943656
1,1,0.9673286
1,1,0.99995077
1,1,0.99563473
1,1,0.999897
1,1,0.99989605
1,1,0.8704897
1,1,0.99884135
1,1,0.99677557
1,1,0.99806327
1,1,0.99427336
1,1,0.9999176
1,0,0.009241177
1,1,0.99445504
1,0,0.32231838
1,1,0.9987908
1,0,0.00035050476
1,0,0.1602435
1,0,0.009869495
1,1,0.99859315
1,0,0.0031264264
1,1,0.99992085
1,1,0.6879408
1,1,0.9992225
1,0,0.014991691
1,1,0.9999182
1,0,0.18896082
1,1,0.99963963
1,1,0.9998938
1,1,0.9996074
1,1,0.9998927
1,1,0.9974511
1,1,0.55986685
1,1,0.99824786
1,1,0.99993324
1,1,0.99883014
1,1,0.9987129
1,1,0.9986596
1,1,0.9328011
1,0,0.008117618
1,1,0.9991929
1,1,0.9507801
1,1,0.7811773
1,1,0.9998659
1,1,0.9802014
1,1,0.99842167
1,1,0.9998313
1,0,0.19502433
1,1,0.9998399
1,1,0.9999337
1,1,0.68191665
1,1,0.8472529
1,1,0.9997603
1,0,0.00044153127
1,1,0.998544
1,1,0.99995005
1,1,0.9999114
1,1,0.9956589
1,1,0.99477744
1,1,0.9910774
1,1,0.9008536
1,1,0.99988794
1,1,0.9999466
1,1,0.96368796
1,0,0.17523526
1,1,0.99493474
1,1,0.981171
1,1,0.9769702
1,1,0.98970455
1,1,0.99832517
1,1,0.9985446
1,0,0.12663421
1,1,0.99982494
1,1,0.9998504
1,1,0.9403199
1,0,0.022652688
1,0,0.4300356
1,0,0.1948948
1,1,0.8860014
1,1,0.9608126
1,0,0.25997555
1,0,0.33310106
1,1,0.9998517
1,1,0.9997762
1,1,0.9944559
1,1,0.9088951
1,1,0.9870859
1,0,0.26891884
1,1,0.99973553
1,1,0.99991095
1,1,0.9996786
1,1,0.9981369
1,0,0.042421993
1,1,0.9994622
1,1,0.88253385
1,1,0.999673
1,0,0.0003958604
1,1,0.9982033
1,1,0.69232225
1,1,0.9998342
1,1,0.9999354
1,1,0.99991286
1,1,0.88368976
1,1,0.9998671
1,1,0.9970216
1,1,0.9536694
1,1,0.99981564
1,1,0.8434803
1,1,0.9997782
1,1,0.99286675
1,1,0.999936
1,1,0.9993368
1,1,0.6289914
1,1,0.998434
1,1,0.99951625
1,0,0.062112693
1,1,0.96643883
1,1,0.9998423
1,1,0.9989311
1,1,0.99989545
1,1,0.9989027
1,1,0.99673694
1,1,0.8893897
1,1,0.6230148
1,1,0.9987219
1,0,0.38216758
1,1,0.950996
1,1,0.99968576
1,1,0.9904689
1,1,0.63736004
1,1,0.9815584
1,1,0.9998684
1,1,0.8236214
1,1,0.7472813
1,1,0.9642087
1,1,0.99994516
1,1,0.99980444
1,1,0.9992836
1,0,0.2992934
1,0,0.1626987
1,1,0.89308345
1,0,0.00761812
1,1,0.99599755
1,1,0.63186014
1,1,0.999907
1,1,0.96486235
1,1,0.9997452
1,1,0.99420375
1,1,0.99932456
1,1,0.99989474
1,1,0.99979585
1,0,0.24250744
1,1,0.99991655
1,0,0.046799563
1,1,0.98417825
1,1,0.99990225
1,0,0.4320035
1,1,0.8623616
1,1,0.8726211
1,1,0.99988866
1,1,0.9999335
1,1,0.9987035
1,1,0.9999449
1,1,0.9999392
1,1,0.70733535
1,1,0.9967229
1,1,0.999925
1,1,0.9998621
1,1,0.99992514
1,1,0.9995658
1,1,0.99993134
1,1,0.9925256
1,0,0.36910287
1,1,0.6912975
1,1,0.9984326
1,1,0.97511965
1,1,0.99162406
1,1,0.98886824
1,1,0.97472477
1,1,0.9787921
1,1,0.97833043
1,1,0.99587846
1,1,0.9999509
1,1,0.9206992
1,1,0.99908197
1,1,0.99933654
1,1,0.9999441
1,1,0.7944804
1,1,0.9999136
1,1,0.9614868
1,1,0.9989347
1,0,0.1263073
1,1,0.99979895
1,1,0.9996886
1,1,0.9769384
1,1,0.63892746
1,0,0.028031914
1,1,0.999848
1,1,0.9964551
1,1,0.9569867
1,1,0.9996507
1,1,0.9998884
1,1,0.9999107
1,1,0.9497388
1,1,0.67958593
1,1,0.99989927
1,0,0.25303617
1,1,0.9998276
1,1,0.9998623
1,1,0.9998165
1,1,0.99946934
1,1,0.96803737
1,0,0.04820799
1,1,0.99459934
1,1,0.9997873
1,1,0.95366687
1,1,0.99842834
1,1,0.99993825
1,1,0.98528093
1,1,0.7325338
1,1,0.9994809
1,1,0.9990652
1,1,0.999524
1,1,0.6747907
1,1,0.99993217
1,1,0.8744221
1,1,0.9970522
1,1,0.9999131
1,1,0.9999105
1,0,0.20376964
1,1,0.99954164
1,1,0.9873311
1,1,0.9454841
1,0,0.009624576
1,1,0.97989386
1,1,0.99796474
1,1,0.9989225
1,1,0.99988675
1,0,0.38435495
1,1,0.99749184
1,1,0.83119607
1,1,0.99993706
1,1,0.99873084
1,0,0.23557109
1,0,0.08161442
1,1,0.99894375
1,1,0.9999534
1,1,0.9993525
1,1,0.9999126
1,1,0.9526263
1,1,0.998367
1,1,0.9976211
1,1,0.9986339
1,1,0.7745065
1,1,0.56665105
1,1,0.9792306
1,1,0.99974257
1,1,0.99990654
1,1,0.97533494
1,1,0.9891671
1,0,0.00026969658
1,1,0.9722419
1,1,0.99991953
1,1,0.9994962
1,1,0.99166507
1,1,0.9998337
1,1,0.9999161
1,1,0.99867874
1,1,0.99990416
1,1,0.999087
1,1,0.68458796
1,1,0.9998735
1,1,0.9108668
1,0,0.43209517
1,1,0.962241
1,1,0.99994946
1,1,0.8851086
1,1,0.89585483
1,0,0.18682377
1,1,0.922901
1,0,0.3249423
1,1,0.981402
1,1,0.99982965
1,0,0.14640464
1,1,0.52841085
1,1,0.91980654
1,1,0.9973597
1,0,0.087449014
1,1,0.9976871
1,1,0.9997465
1,1,0.9997831
1,1,0.98907065
1,1,0.8911719
1,1,0.90660155
1,0,0.010087543
1,1,0.98881125
1,1,0.99421185
1,1,0.9456265
1,1,0.9463295
1,0,0.26832622
1,1,0.99914825
1,1,0.9738569
1,1,0.9999114
1,1,0.905842
1,0,0.0061356053
1,1,0.93203205
1,1,0.96292436
1,1,0.8386577
1,1,0.999564
1,1,0.98798954
1,1,0.7708811
1,0,0.009300469
1,0,0.43457708
1,1,0.999949
1,1,0.99970895
1,1,0.98701036
1,1,0.9998265
1,0,0.0035913307
1,1,0.9999397
1,1,0.9810193
1,1,0.7351461
1,1,0.9972594
1,1,0.9993888
1,1,0.53824097
1,1,0.99936646
1,1,0.9509687
1,1,0.82443565
1,0,0.43212807
1,1,0.9999114
1,1,0.99943334
1,1,0.9995499
1,1,0.9981797
1,0,0.0008081888
1,1,0.9957035
1,1,0.9998274
1,1,0.9996829
1,1,0.99947816
1,1,0.98258
1,1,0.9998698
1,0,0.014559027
1,1,0.9971764
1,1,0.97386485
1,1,0.9998735
1,1,0.99939966
1,0,0.0571759
1,1,0.9998702
1,1,0.99991095
1,0,0.40731165
1,1,0.9674397
1,1,0.99995136
1,1,0.99993217
1,1,0.9195797
1,1,0.99239165
1,1,0.9988626
1,1,0.98134583
1,1,0.98696774
1,0,0.01695033
1,1,0.99988973
1,1,0.9998342
1,1,0.9999484
1,1,0.99636567
1,1,0.9994899
1,1,0.9982743
1,1,0.9999194
1,1,0.9990619
1,0,0.0015745448
1,1,0.99993026
1,1,0.7829468
1,1,0.9999045
1,1,0.9766411
1,1,0.9881307
1,1,0.98478717
1,1,0.9472692
1,1,0.91737056
1,1,0.99968636
1,1,0.9996971
1,1,0.97005457
1,1,0.84046954
1,1,0.99374664
1,1,0.9857121
1,1,0.6590361
1,0,0.22158042
1,1,0.9997439
1,1,0.9831428
1,1,0.9999335
1,1,0.9951042
1,1,0.9999174
1,0,0.16330712
1,1,0.729396
1,1,0.99994123
1,1,0.9593178
1,1,0.54955584
1,1,0.78147644
1,0,0.27278218
1,1,0.94862753
1,1,0.54981333
1,1,0.9946563
1,1,0.8845879
1,1,0.9996419
1,1,0.9632554
1,1,0.9829395
1,0,0.02657518
1,0,0.29936868
1,1,0.9998889
1,1,0.9974535
1,1,0.66191
1,1,0.9829974
1,1,0.90618336
1,1,0.99978215
1,1,0.99993324
1,1,0.9458194
1,1,0.99982005
1,1,0.9999378
1,1,0.99963903
1,0,0.016677346
1,0,0.015012759
1,0,0.029734213
1,0,0.38777834
1,1,0.7774202
1,0,0.012281521
1,1,0.79062396
1,0,0.16701348
1,1,0.9993747
1,1,0.9993622
1,1,0.52824247
1,1,0.9995072
1,1,0.9998443
1,0,0.17539164
1,1,0.99964166
1,1,0.9952331
1,1,0.8857202
1,1,0.995972
1,1,0.99994993
1,1,0.9971871
1,0,0.23098043
1,1,0.9999081
1,1,0.9994742
1,1,0.9997811
1,1,0.99764913
1,0,0.41668785
1,1,0.99159044
1,1,0.999736
1,1,0.795976
1,1,0.7077333
1,0,0.44228512
1,1,0.99963295
1,1,0.94969785
1,1,0.7299384
1,1,0.99590826
1,1,0.9824437
1,1,0.9989994
1,1,0.99948454
1,1,0.9998442
1,1,0.99864405
1,1,0.9952923
1,1,0.9965377
1,0,0.18608914
1,1,0.8652042
1,1,0.9998373
1,0,0.2070442
1,1,0.8830992
1,1,0.83748984
1,1,0.9817769
1,1,0.99986875
1,1,0.9994271
1,1,0.90978205
1,1,0.99982554
1,1,0.9428914
1,1,0.99987245
1,1,0.99816555
1,1,0.79931647
1,1,0.78251004
1,1,0.9998733
1,1,0.98079026
1,1,0.64815557
1,1,0.98568964
1,1,0.99586666
1,1,0.9952089
1,1,0.99810153
1,1,0.99963987
1,1,0.99931014
1,1,0.99725574
1,0,0.036834095
1,1,0.9998909
1,1,0.90493804
1,0,0.19364092
1,1,0.9999491
1,1,0.99993646
1,1,0.78810865
1,1,0.9999138
1,1,0.9997229
1,1,0.99343586
1,0,0.35718673
1,1,0.9996296
1,0,0.0006207739
1,0,0.41804656
1,1,0.98858565
1,1,0.9187386
1,1,0.9999243
1,1,0.9884907
1,1,0.99993753
1,0,0.32758456
1,1,0.76572835
1,0,0.15402693
1,1,0.99988425
1,1,0.9841703
1,1,0.8852229
1,1,0.9959741
1,0,0.13009953
1,1,0.99468803
1,1,0.984511
1,1,0.99966776
1,1,0.9246645
1,1,0.99991226
1,1,0.9949588
1,1,0.9941854
1,1,0.9999325
1,1,0.9992119
1,1,0.56936413
1,1,0.54885864
1,1,0.9998091
1,1,0.7961326
1,1,0.9998085
1,1,0.873072
1,0,0.35494462
1,1,0.99992144
1,1,0.9993216
1,1,0.9560176
1,0,0.0692314
1,1,0.9993818
1,1,0.9999367
1,1,0.735826
1,1,0.99274033
1,0,0.44691443
1,1,0.9994568
1,1,0.9916858
1,1,0.9901798
1,1,0.8136446
1,0,0.0004076343
1,0,0.44247982
1,1,0.532208
1,1,0.99990165
1,0,0.2183342
1,1,0.9999113
1,1,0.58358496
1,1,0.9626027
1,1,0.68549603
1,1,0.99993956
1,1,0.9910245
1,1,0.99729496
1,1,0.7402361
1,1,0.997888
1,0,0.0037607017
1,0,0.011024728
1,1,0.92915064
1,1,0.9898106
1,0,0.033567145
1,0,0.00052007247
1,1,0.99778265
1,1,0.9942515
1,1,0.8365516
1,1,0.9999479
1,0,0.2603395
1,0,0.06111011
1,1,0.93211955
1,1,0.6999315
1,1,0.9870499
1,0,0.40244555
1,1,0.999858
1,1,0.9971042
1,1,0.9999193
1,1,0.99992573
1,1,0.99977726
1,1,0.98893154
1,0,0.20805998
1,0,0.32818124
1,1,0.9048044
1,1,0.9996815
1,1,0.8761003
1,0,0.051120244
1,0,0.013595808
1,0,0.043017045
1,1,0.9996093
1,1,0.9821836
1,1,0.9998981
1,0,0.30889675
1,1,0.7363043
1,1,0.9995147
1,1,0.94491196
1,1,0.9974451
1,1,0.990293
1,1,0.9999242
1,0,0.00032282222
1,1,0.9992411
1,1,0.81202817
1,1,0.9999293
1,1,0.9680705
1,1,0.9987519
1,1,0.99994767
1,1,0.99083203
1,1,0.9999434
1,1,0.93310136
1,1,0.9893113
1,0,0.007826595
1,1,0.9998109
1,1,0.99956316
1,1,0.99991333
1,1,0.9908503
1,0,0.066112034
1,1,0.9675583
1,1,0.9909272
1,1,0.9986632
1,1,0.99338335
1,1,0.9996458
1,0,0.030337688
1,1,0.9988152
1,0,0.12080928
1,1,0.99894243
1,1,0.99951506
1,1,0.87712246
1,1,0.89459467
1,1,0.9991493
1,1,0.9999503
1,1,0.9924803
1,1,0.8940353
1,1,0.54354024
1,0,9.614678e-05
1,1,0.99994576
1,1,0.9994986
1,1,0.8489217
1,1,0.861302
1,1,0.99878377
1,0,0.1284358
1,1,0.9998858
1,0,0.03220486
1,1,0.9986701
1,0,0.44052702
1,1,0.59372896
1,1,0.99795485
1,1,0.9998185
1,1,0.99993837
1,1,0.9924775
1,0,0.014656063
1,1,0.99993455
1,1,0.9007708
1,1,0.82190573
1,0,0.2914174
1,1,0.99976593
1,1,0.99990404
1,1,0.6392363
1,0,0.3301514
1,1,0.9999188
1,1,0.9998586
1,1,0.9890659
1,0,0.058611527
1,0,0.11031776
1,1,0.9954
1,1,0.99438006
1,1,0.9999052
1,1,0.9649989
1,1,0.9971003
1,1,0.99980456
1,1,0.9997255
1,1,0.99898034
1,1,0.99951005
1,1,0.9616476
1,1,0.8233346
1,1,0.735017
1,0,0.3040926
1,1,0.95771253
1,1,0.9973264
1,1,0.60364336
1,1,0.9993734
1,0,0.352295
1,0,0.3261932
1,1,0.76622504
1,1,0.97101766
1,1,0.9999291
1,0,4.648158e-05
1,1,0.99491006
1,1,0.8760837
1,1,0.9998104
1,0,0.36213818
1,1,0.9998987
1,1,0.957342
1,1,0.8122678
1,1,0.6542363
1,1,0.99993575
1,1,0.9933749
1,1,0.999845
1,1,0.9999422
1,1,0.99994564
1,1,0.9998313
1,1,0.992159
1,1,0.9551113
1,1,0.9997272
1,1,0.92737585
1,1,0.9999542
1,1,0.9948397
1,1,0.9599654
1,1,0.98965013
1,1,0.9800268
1,1,0.9986608
1,1,0.90136844
1,1,0.96776193
1,0,0.0012591118
1,1,0.93268746
1,1,0.97846425
1,1,0.9996319
1,1,0.99176097
1,1,0.71055335
1,1,0.9922208
1,0,0.24529749
1,1,0.9997805
1,1,0.9999268
1,1,0.99981636
1,1,0.9959578
1,1,0.99916387
1,1,0.9999348
1,1,0.9952651
1,0,0.02589807
1,1,0.99798834
1,1,0.9996867
1,0,0.0092903
1,1,0.9998504
1,1,0.9992157
1,1,0.98422736
1,1,0.9996456
1,1,0.99067724
1,1,0.9999474
1,1,0.99993455
1,1,0.9453101
1,1,0.9914076
1,1,0.9995017
1,1,0.5697224
1,0,0.020177873
1,1,0.998659
1,1,0.9643146
1,1,0.99763966
1,1,0.9996815
1,1,0.9998934
1,0,0.0010967932
1,0,0.24645409
1,1,0.99674255
1,0,0.024766963
1,1,0.99982256
1,1,0.99992
1,1,0.99728847
1,1,0.93597996
1,1,0.99971217
1,1,0.8035781
1,0,0.3273727
1,0,0.021552255
1,1,0.51944005
1,1,0.6937554
1,0,0.44185272
1,0,0.0017717488
1,1,0.99985874
1,1,0.7770981
1,0,0.063580975
1,1,0.97520965
1,1,0.9998895
1,1,0.97293234
1,1,0.9617762
1,1,0.9999057
1,1,0.99821234
1,1,0.999933
1,1,0.89706117
1,1,0.99889153
1,1,0.8360417
1,0,0.081001535
1,1,0.95856625
1,1,0.8331768
1,1,0.9986148
1,1,0.99971765
1,1,0.9998789
1,1,0.7514393
1,0,0.002385847
1,1,0.99684614
1,0,0.0010992938
1,1,0.9839753
1,1,0.999884
1,1,0.9999069
1,1,0.8736663
1,0,0.03469464
1,1,0.9999449
1,1,0.9997749
1,1,0.9998235
1,1,0.94193476
1,1,0.99977976
1,1,0.9999492
1,1,0.9034812
1,1,0.99993336
1,0,0.32202187
1,0,0.39312184
1,1,0.9631418
1,1,0.99949765
1,1,0.9996495
1,1,0.9702327
1,1,0.9988965
1,0,0.01891601
1,1,0.6207567
1,1,0.73840535
1,1,0.999884
1,1,0.85159934
1,1,0.94459033
1,0,0.26189923
1,1,0.8693008
1,1,0.9936055
1,1,0.999551
1,1,0.9995888
1,0,0.0013071545
1,0,0.3019282
1,0,0.3933407
1,1,0.997104
1,1,0.98944116
1,1,0.99993455
1,0,0.04530216
1,1,0.9995351
1,0,0.0062402477
1,1,0.7011632
1,1,0.99980325
1,1,0.99965835
1,0,0.4783971
1,1,0.9836909
1,1,0.9239542
1,1,0.999933
1,0,0.4863619
1,1,0.9945958
1,0,0.0018589861
1,1,0.5215251
1,1,0.9997534
1,1,0.99925524
1,0,0.41913763
1,1,0.8897646
1,0,0.0223051
1,1,0.99424416
1,1,0.9959526
1,0,0.019125199
1,1,0.9999405
1,0,0.08503842
1,1,0.9997619
1,1,0.9999502
1,1,0.9995919
1,1,0.99992085
1,0,0.4526732
1,1,0.9995876
1,1,0.9999242
1,1,0.98450387
1,1,0.99958163
1,1,0.98371214
1,1,0.75707054
1,1,0.9998932
1,1,0.9996799
1,1,0.94486576
1,1,0.5035033
1,1,0.99710697
1,1,0.9772059
1,1,0.895651
1,1,0.8217493
1,1,0.9998592
1,1,0.99955887
1,1,0.99917775
1,1,0.99926144
1,0,0.0037280188
1,1,0.98514843
1,0,0.39305726
1,1,0.9990113
1,1,0.98565
1,1,0.840032
1,1,0.99421644
1,0,0.20685685
1,1,0.9996183
1,1,0.9854011
1,1,0.99981016
1,1,0.9999354
1,1,0.9998591
1,1,0.9787098
1,1,0.9986701
1,0,0.30470037
1,1,0.99646384
1,1,0.9989483
1,1,0.9691497
1,1,0.9999553
1,1,0.9529317
1,1,0.99987435
1,0,0.3702224
1,1,0.9879731
1,1,0.98281395
1,0,0.008309709
1,1,0.9995147
1,1,0.99399054
1,1,0.9974625
1,0,0.3704252
1,1,0.9920088
1,1,0.9997688
1,0,0.47752878
1,1,0.9984024
1,1,0.9610924
1,1,0.99926096
1,1,0.99476445
1,0,0.4462502
1,1,0.96708775
1,1,0.6544345
1,0,0.03830586
1,1,0.9861021
1,0,0.4437164
1,0,0.028731745
1,1,0.9655457
1,1,0.9912684
1,1,0.9972669
1,1,0.9999045
1,1,0.9919093
1,1,0.9995358
1,1,0.9999212
1,1,0.99994624
1,1,0.99965155
1,1,0.9733681
1,0,0.33548328
1,0,0.22004719
1,1,0.81029814
1,1,0.6832063
1,1,0.962689
1,1,0.99945277
1,0,0.1694425
1,1,0.9980532
1,0,0.25546542
1,1,0.9998348
1,1,0.930533
1,1,0.998912
1,0,0.027889453
1,1,0.9999006
1,0,0.20377642
1,1,0.9955472
1,1,0.9949588
1,1,0.99972624
1,1,0.9999051
1,1,0.9090128
1,1,0.9880745
1,1,0.9998254
1,1,0.9950906
1,0,0.1647447
1,1,0.99987185
1,1,0.99969935
1,1,0.9998406
1,1,0.999943
1,1,0.99286956
1,1,0.98795277
1,1,0.9999081
1,1,0.9784252
1,0,0.15617333
1,1,0.9972703
1,1,0.99986255
1,0,0.048056718
1,0,0.02832351
1,1,0.99939585
1,1,0.99985886
1,1,0.9958903
1,1,0.7383047
1,1,0.75687087
1,1,0.99994206
1,1,0.9999466
1,1,0.9546571
1,1,0.9953323
1,1,0.9995047
1,1,0.99936897
1,1,0.9999206
1,1,0.9999232
1,1,0.9998665
1,1,0.99978834
1,1,0.9966666
1,0,0.47221527
1,1,0.9738099
1,1,0.99980634
1,0,0.0073900428
1,0,0.058524597
1,0,0.073269375
1,0,0.19706836
1,0,0.14930132
1,1,0.8316155
1,1,0.99725395
1,1,0.9988335
1,1,0.99981636
1,1,0.99993825
1,1,0.9986401
1,1,0.53472555
1,1,0.9998311
1,1,0.9997286
1,0,0.12319068
1,1,0.9999001
1,1,0.9632983
1,1,0.94712794
1,0,0.37504363
1,1,0.9998018
1,1,0.9999417
1,1,0.99929786
1,1,0.9999205
1,1,0.998412
1,1,0.99974376
1,0,0.4112754
1,1,0.9998447
1,1,0.9887453
1,1,0.97507745
1,1,0.91169006
1,1,0.999757
1,1,0.820476
1,1,0.99085814
1,1,0.99975795
1,1,0.9999219
1,1,0.9999076
1,1,0.99683917
1,1,0.72431064
1,1,0.9967434
1,1,0.99989307
1,1,0.997733
1,1,0.9998832
1,0,0.0008046586
1,0,0.064685784
1,0,0.32348144
1,1,0.99867463
1,1,0.95047134
1,0,0.00048096015
1,0,0.32548344
1,0,0.00047442218
1,1,0.99989355
1,1,0.99993396
1,1,0.995968
1,1,0.9850514
1,1,0.9999263
1,1,0.7725644
1,1,0.84652865
1,1,0.999419
1,1,0.990746
1,1,0.9998964
1,0,0.27549917
1,0,0.0013669144
1,1,0.9989913
1,1,0.86917937
1,1,0.9999461
1,1,0.9999019
1,1,0.9990939
1,0,0.32597613
1,1,0.99831843
1,1,0.6297088
1,1,0.9997234
1,1,0.9989838
1,1,0.99955183
1,1,0.6868571
1,1,0.99990785
1,1,0.8187585
1,1,0.96196944
1,1,0.9999298
1,1,0.99018306
1,1,0.9992386
1,1,0.9999347
1,0,0.25565913
1,1,0.9998853
1,1,0.9999548
1,1,0.8455029
1,1,0.99993086
1,1,0.9935201
1,1,0.9998889
1,1,0.99990773
1,0,0.0008781106
1,1,0.99976975
1,1,0.7239963
1,1,0.99939024
1,1,0.99982256
1,1,0.99991846
1,0,0.037089206
1,1,0.9853366
1,1,0.98550385
1,0,0.2093584
1,1,0.9478216
1,1,0.9998566
1,1,0.99682945
1,1,0.9997714
1,1,0.99896586
1,1,0.99697506
1,1,0.9896541
1,1,0.9981858
1,1,0.9995183
1,1,0.8327913
1,0,0.4115049
1,1,0.9988734
1,1,0.8221726
1,1,0.9988876
1,0,0.14584114
1,1,0.9994392
1,0,0.21042123
1,0,0.008506628
1,1,0.9999336
1,1,0.9406932
1,0,0.3960992
1,1,0.9999515
1,1,0.8999878
1,0,0.44442365
1,1,0.99888736
1,0,0.23743168
1,1,0.80040646
1,0,0.28344753
1,1,0.9996111
1,1,0.99744165
1,0,0.22642739
1,1,0.95333683
1,1,0.6583277
1,0,0.047102675
1,0,0.016766379
1,1,0.9114988
1,1,0.5139354
1,1,0.99992466
1,1,0.92854196
1,0,0.13436238
1,1,0.99973863
1,0,0.23351707
1,1,0.99992883
1,1,0.99982005
1,1,0.9999442
1,1,0.9973847
1,1,0.9997434
1,0,0.0027580527
1,1,0.9994454
1,1,0.9991509
1,1,0.99330324
1,1,0.8069108
1,1,0.99994826
1,1,0.9978364
1,0,0.024276244
1,1,0.5583022
1,1,0.9997192
1,1,0.9999486
1,1,0.9999447
1,1,0.99985874
1,1,0.99746597
1,1,0.6226391
1,0,0.022269038
1,1,0.99866414
1,1,0.6164997
1,1,0.68836594
1,1,0.99932754
1,1,0.99990416
1,1,0.9995061
1,1,0.99989414
1,1,0.97575015
1,1,0.9723545
1,1,0.999912
1,1,0.99981207
1,1,0.9997861
1,1,0.9987477
1,1,0.5383032
1,1,0.9975369
1,1,0.9938689
1,0,0.20158912
1,0,0.13103132
1,1,0.9984987
1,0,0.46698013
1,1,0.98873436
1,1,0.9999318
1,1,0.57460153
1,0,0.03469166
1,1,0.99289775
1,1,0.99959785
1,1,0.9999529
1,1,0.9312063
1,1,0.99174
1,0,0.13373688
1,1,0.9999012
1,1,0.9999068
1,1,0.99975914
1,1,0.614917
1,1,0.9847114
1,1,0.9978035
1,1,0.8335462
1,1,0.9996119
1,1,0.7281254
1,1,0.99979705
1,1,0.9881672
1,0,0.39117348
1,1,0.97663695
1,1,0.99921286
1,1,0.59743035
1,1,0.9998337
1,1,0.9997936
1,1,0.97079384
1,1,0.99963903
1,0,0.3748995
1,0,0.20772338
1,1,0.99994445
1,1,0.9855516
1,1,0.9999335
1,0,0.4196023
1,0,0.009577601
1,1,0.70264226
1,1,0.99925584
1,1,0.9991731
1,0,0.007968952
1,0,0.40613496
1,1,0.99990654
1,0,0.020423844
1,0,0.08118026
1,1,0.99985385
1,1,0.89200115
1,1,0.9999262
1,1,0.999876
1,1,0.6852384
1,1,0.99896324
1,1,0.99976665
1,1,0.9995086
1,1,0.9993424
1,1,0.9869256
1,1,0.9922442
1,1,0.9925373
1,1,0.9914419
1,1,0.9998134
1,1,0.9982122
1,1,0.97782385
1,1,0.9999466
1,0,0.046760257
1,1,0.6782047
1,0,0.28697208
1,0,0.044573747
1,0,0.31256595
1,1,0.99933237
1,1,0.9990277
1,1,0.9962496
1,1,0.87723035
1,1,0.9173799
1,0,0.000239688
1,1,0.9981413
1,1,0.99990404
1,1,0.7647796
1,1,0.9998852
1,1,0.67418057
1,1,0.95762116
1,1,0.99335927
1,0,0.0059472676
1,1,0.7079135
1,0,0.1313258
1,1,0.99995244
1,1,0.99881065
1,0,0.22973052
1,1,0.69979405
1,1,0.9998838
1,1,0.9733653
1,0,0.09867076
1,1,0.99198216
1,1,0.9900075
1,1,0.9969241
1,0,0.034352086
1,1,0.98960936
1,1,0.52144617
1,1,0.7758454
1,1,0.92325044
1,1,0.86002594
1,1,0.99993193
1,1,0.99556667
1,1,0.79802006
1,1,0.9988851
1,1,0.99987733
1,1,0.97755593
1,1,0.5701871
1,0,0.0054913783
1,1,0.94373846
1,1,0.99990726
1,1,0.97935665
1,0,0.39135543
1,0,0.3716336
1,1,0.9999372
1,1,0.63458985
1,1,0.9973629
1,0,0.010387922
1,1,0.9999263
1,1,0.9999225
1,1,0.9879582
1,1,0.9482143
1,1,0.99847394
1,1,0.694328
1,1,0.79117227
1,0,0.40327838
1,1,0.9987919
1,1,0.7876303
1,1,0.999833
1,1,0.99989164
1,1,0.999877
1,1,0.99992883
1,1,0.99818426
1,1,0.8100233
1,1,0.98223025
1,1,0.9997081
1,0,0.020338329
1,1,0.9997923
1,1,0.8586904
1,1,0.9884277
1,1,0.99103093
1,1,0.8877961
1,1,0.9998398
1,1,0.6109483
1,1,0.9999294
1,1,0.9995814
1,1,0.98637956
1,1,0.9865109
1,1,0.8510143
1,0,0.49266
1,1,0.90249765
1,1,0.99382776
1,1,0.9998604
1,1,0.842452
1,1,0.9995906
1,1,0.9755996
1,1,0.6537056
1,1,0.9980301
1,1,0.88687384
1,1,0.9985929
1,1,0.9952864
1,0,0.013924558
1,0,0.08461584
1,0,0.003668889
1,1,0.9846319
1,1,0.57664406
1,1,0.94310915
1,1,0.999936
1,1,0.9999051
1,1,0.99993575
1,1,0.9999001
1,0,0.07012754
1,1,0.99817944
1,0,0.10073046
1,1,0.999635
1,0,0.35381785
1,1,0.99985325
1,1,0.996563
1,1,0.99958545
1,1,0.99869746
1,1,0.51245666
1,1,0.9975465
1,0,0.016037364
1,1,0.99993896
1,1,0.9032326
1,0,0.036234207
1,1,0.9796284
1,1,0.9971033
1,1,0.9849604
1,1,0.9964812
1,1,0.97927344
1,1,0.6159509
1,1,0.9998354
1,1,0.8662028
1,0,0.001058085
1,1,0.99990535
1,0,0.030944958
1,1,0.66204333
1,0,0.19202809
1,1,0.9883428
1,1,0.99970216
1,1,0.99986625
1,1,0.99551755
1,0,0.4056185
1,1,0.98465586
1,1,0.9998242
1,1,0.9716242
1,1,0.7405421
1,1,0.9998331
1,1,0.8987378
1,0,0.49910566
1,0,0.27172464
1,1,0.9574716
1,1,0.9714495
1,0,0.12959826
1,0,0.0148696
1,1,0.99896216
1,0,0.015560343
1,1,0.99665713
1,1,0.71738166
1,1,0.9997447
1,1,0.9996997
1,1,0.9726828
1,1,0.99690765
1,1,0.96158636
1,1,0.99993384
1,1,0.95161563
1,1,0.9505426
1,1,0.8992456
1,1,0.99992716
1,0,0.18231314
1,1,0.99938333
1,0,0.32272178
1,1,0.60610044
1,1,0.896923
1,1,0.9954145
1,1,0.56711966
1,1,0.97593904
1,1,0.96063393
1,0,0.16206531
1,1,0.9975272
1,1,0.90383124
1,1,0.64309835
1,1,0.72006816
1,1,0.84157175
1,1,0.99971384
1,1,0.98319674
1,1,0.9969163
1,1,0.97570306
1,1,0.9542459
1,1,0.98491293
1,1,0.999902
1,1,0.9986834
1,1,0.99995184
1,1,0.95916396
1,1,0.99981445
1,1,0.9968604
1,0,0.0690607
1,1,0.9997893
1,1,0.99954295
1,1,0.8002917
1,1,0.8796992
1,0,0.18290888
1,1,0.9722182
1,1,0.99510986
1,0,0.26261088
1,1,0.90156144
1,1,0.99959797
1,1,0.9928449
1,1,0.9998715
1,1,0.99990976
1,1,0.8847026
1,1,0.99083203
1,1,0.94503266
1,1,0.9997838
1,1,0.99987495
1,1,0.99932754
1,1,0.92840314
1,1,0.9376488
1,1,0.99990106
1,1,0.9934402
1,1,0.9987727
1,0,0.370158
1,1,0.651809
1,0,0.12207459
1,1,0.9221131
1,0,0.010934827
1,0,0.37698
1,1,0.99894863
1,1,0.97049946
1,1,0.98803663
1,1,0.99952567
1,0,0.16124181
1,1,0.9145717
1,1,0.95290506
1,1,0.9982443
1,1,0.9718032
1,1,0.99970394
1,1,0.99975234
1,1,0.99789774
1,1,0.9991903
1,1,0.77770144
1,1,0.98998624
1,1,0.9998436
1,1,0.9873957
1,1,0.89450884
1,1,0.7194404
1,1,0.99990034
1,1,0.9998878
1,0,0.2770043
1,1,0.99993575
1,1,0.9999119
1,1,0.65528965
1,1,0.952924
1,1,0.9990791
1,1,0.98094016
1,1,0.9995043
1,0,0.00038296176
1,1,0.99905866
1,1,0.90066206
1,1,0.95598894
1,1,0.962548
1,1,0.99984455
1,1,0.999918
1,1,0.99994147
1,1,0.96829784
1,1,0.99993837
1,1,0.9999293
1,1,0.9996025
1,1,0.9998511
1,1,0.9996648
1,1,0.89921445
1,0,0.31373057
1,1,0.8966288
1,1,0.9997384
1,1,0.99213856
1,1,0.9994241
1,1,0.9999368
1,1,0.5149282
1,0,0.07930219
1,1,0.9997205
1,1,0.87566215
1,1,0.9982664
1,1,0.72055054
1,1,0.986691
1,1,0.9999441
1,1,0.79617304
1,1,0.629264
1,1,0.99991643
1,1,0.8651585
1,1,0.83562833
1,1,0.9999304
1,1,0.99993813
1,1,0.99987316
1,1,0.99981886
1,1,0.8784376
1,1,0.8910307
1,0,0.025189923
1,1,0.7203635
1,0,0.4470006
1,0,5.4126274e-05
1,1,0.9998946
1,1,0.9970444
1,1,0.8319321
1,1,0.99991465
1,1,0.9972439
1,1,0.9996855
1,1,0.9997693
1,0,0.49083713
1,0,0.027942657
1,1,0.9407188
1,1,0.7777635
1,1,0.9881513
1,1,0.8343805
1,1,0.9382434
1,1,0.9988281
1,1,0.6712584
1,1,0.99901867
1,1,0.99806684
1,1,0.87022674
1,0,0.2515954
1,1,0.9997321
1,1,0.99359834
1,1,0.99875796
1,1,0.965318
1,1,0.9999244
1,0,0.023356881
1,0,0.0015429646
1,1,0.9970163
1,0,0.07781373
1,1,0.99619484
1,1,0.9439795
1,0,0.00018642847
1,1,0.99694926
1,1,0.7117418
1,1,0.9677759
1,1,0.99968374
1,1,0.99993336
1,1,0.847755
1,1,0.9979327
1,1,0.88719165
1,1,0.99982446
1,0,0.0065181935
1,1,0.9996669
1,1,0.89658165
1,1,0.97841907
1,1,0.9981437
1,1,0.80082536
1,1,0.99995244
1,1,0.87572205
1,1,0.99993885
1,0,0.46468446
0,1,0.757076
0,1,0.7819986
0,0,0.011005798
0,0,0.25732264
0,0,0.0033324822
0,0,0.0034077421
0,1,0.9978194
0,0,0.00023935894
0,0,0.0002873797
0,0,0.009637247
0,0,0.10505798
0,0,0.0003953072
0,1,0.9999306
0,0,0.4892241
0,1,0.99980205
0,0,0.00048219707
0,1,0.9996904
0,0,0.000930665
0,0,0.024802405
0,0,0.00024962894
0,1,0.9876573
0,0,0.0024794138
0,0,0.0007333823
0,0,0.397726
0,1,0.9996505
0,1,0.8782318
0,0,0.28232282
0,1,0.6090366
0,0,0.005615663
0,0,0.3085541
0,1,0.9996092
0,0,0.028291192
0,0,0.27838898
0,0,0.24598502
0,0,0.000386142
0,0,0.20804378
0,0,0.00019741229
0,0,0.002784765
0,1,0.9184857
0,1,0.9975399
0,0,0.028080266
0,0,0.4718796
0,1,0.94209635
0,0,0.0001770923
0,0,0.11637839
0,0,0.0037509084
0,0,0.0027638266
0,0,0.03499587
0,0,0.15017518
0,0,0.00016559608
0,1,0.99385977
0,1,0.9962853
0,0,0.00024491138
0,1,0.8032585
0,1,0.9997899
0,0,0.01552541
0,0,0.06844839
0,0,0.0017002083
0,0,0.04303636
0,0,4.4855045e-05
0,1,0.9992933
0,1,0.97724074
0,0,0.0017088782
0,0,0.4017612
0,0,0.0035262806
0,1,0.56391734
0,1,0.9997179
0,0,0.026205765
0,0,0.00014449541
0,0,0.27678454
0,0,0.06432245
0,0,0.00024108817
0,1,0.5239363
0,1,0.9926924
0,0,0.3030133
0,1,0.99964845
0,0,0.0010115157
0,0,0.19828701
0,0,0.00017792148
0,1,0.76448977
0,0,0.30185613
0,0,0.013408371
0,0,0.00041108634
0,1,0.9474312
0,0,0.00023703607
0,1,0.9995461
0,0,0.018037774
0,0,0.25415763
0,0,0.0016113897
0,0,0.004200666
0,0,0.18802878
0,0,0.081214406
0,1,0.99991155
0,0,0.30008826
0,0,0.24810435
0,1,0.99975353
0,1,0.835826
0,0,5.328504e-05
0,0,0.36674386
0,0,0.0005807799
0,0,0.0005163582
0,0,0.1010366
0,0,0.0019798514
0,0,0.04192905
0,0,0.00038526687
0,0,0.00043163993
0,0,0.00033751415
0,0,0.0020317924
0,1,0.9998971
0,0,0.47170693
0,0,0.0008507384
0,0,0.25923264
0,0,0.00013211857
0,1,0.99952435
0,1,0.8964484
0,0,0.0061456044
0,1,0.99334794
0,1,0.9971943
0,0,0.020783203
0,1,0.691377
0,0,0.0018563379
0,0,0.045606196
0,1,0.8365877
0,0,0.38778043
0,0,0.07560925
0,1,0.75803477
0,0,0.082113564
0,0,0.004361055
0,0,0.02568371
0,1,0.9917414
0,0,0.016128428
0,0,6.2927655e-05
0,0,0.0008065409
0,0,0.007056371
0,0,0.14951187
0,1,0.9609066
0,0,0.07875412
0,1,0.87305886
0,0,0.18642566
0,0,0.33205476
0,0,0.0075423415
0,0,0.06347309
0,1,0.8785588
0,0,0.0038924667
0,1,0.51972675
0,0,0.0005119528
0,0,0.011716104
0,0,0.005971708
0,1,0.8125322
0,1,0.92206085
0,0,0.018115038
0,0,0.00014001473
0,1,0.85456634
0,0,7.610632e-05
0,0,0.03692697
0,1,0.50974506
0,1,0.9867388
0,1,0.98157287
0,0,0.00023863385
0,0,8.0964935e-05
0,0,0.18478641
0,0,0.0006315263
0,1,0.9949522
0,1,0.5672712
0,1,0.99552804
0,1,0.5700645
0,0,0.06656659
0,0,0.37215704
0,0,0.35013056
0,0,0.2309647
0,1,0.54982156
0,0,9.393937e-05
0,1,0.99981993
0,0,0.00028060022
0,0,0.00012899889
0,1,0.9998747
0,0,0.17217006
0,1,0.6383085
0,1,0.9993461
0,0,0.00035981162
0,1,0.89180857
0,0,6.977176e-05
0,0,0.010232594
0,0,0.04012435
0,0,0.38023242
0,1,0.9982375
0,0,0.3110126
0,1,0.6638879
0,0,0.05843863
0,0,0.11482241
0,1,0.99488986
0,0,0.018868813
0,0,0.00012079354
0,1,0.5332939
0,1,0.9114451
0,0,0.008431618
0,1,0.77809095
0,0,6.1015544e-05
0,0,0.035910398
0,0,0.16549161
0,1,0.99222106
0,1,0.9991411
0,0,0.115654536
0,1,0.95650834
0,0,0.017175645
0,0,9.819955e-05
0,1,0.9991272
0,1,0.987027
0,0,0.00384923
0,0,0.024810852
0,1,0.913226
0,0,0.012882616
0,0,0.00015049134
0,0,0.11792566
0,0,0.22009657
0,0,0.0014899629
0,1,0.9235761
0,0,0.073139586
0,0,0.22328506
0,0,0.021631716
0,0,0.46028405
0,0,0.0001561827
0,1,0.939299
0,0,0.016658213
0,1,0.83579504
0,1,0.6020896
0,1,0.9978491
0,0,0.20106588
0,0,6.8319336e-05
0,0,0.10026231
0,1,0.76150525
0,0,0.10139551
0,0,0.00021133818
0,1,0.79298437
0,1,0.879575
0,1,0.9998227
0,0,0.029176228
0,1,0.9918039
0,0,0.19105087
0,1,0.9888326
0,0,0.030310526
0,0,0.009206064
0,1,0.9510984
0,0,0.011170824
0,0,0.023256296
0,1,0.9926368
0,1,0.9986766
0,1,0.8710218
0,0,0.18901148
0,0,0.0028361657
0,0,0.00015423332
0,0,0.027716832
0,0,0.0035919708
0,0,0.00015139492
0,1,0.9686123
0,0,0.3130847
0,0,0.006928926
0,1,0.9873678
0,1,0.9992605
0,0,6.837473e-05
0,1,0.9998635
0,0,0.009151173
0,0,0.10106951
0,0,4.474269e-05
0,1,0.99978167
0,0,0.15339589
0,1,0.94703674
0,1,0.89841163
0,0,0.4173046
0,0,0.1279449
0,0,0.31241715
0,1,0.99025047
0,0,0.003119488
0,1,0.9989429
0,1,0.5979415
0,1,0.99281055
0,1,0.9983393
0,0,0.0003408861
0,1,0.7581986
0,0,0.0066717556
0,0,0.25676978
0,0,0.0067803203
0,0,0.00064199435
0,1,0.8607002
0,0,0.024536358
0,1,0.628639
0,0,9.738406e-05
0,1,0.83472675
0,1,0.9599939
0,1,0.74568546
0,1,0.98593336
0,0,0.21052903
0,1,0.9710316
0,1,0.7998067
0,0,0.072193824
0,1,0.9775669
0,0,0.008212136
0,0,0.0015122072
0,1,0.99979883
0,1,0.9975375
0,0,0.017751027
0,1,0.94148576
0,1,0.8521124
0,1,0.98408914
0,0,0.010194244
0,1,0.70666426
0,0,0.47140038
0,1,0.9948259
0,1,0.61616033
0,1,0.81474185
0,1,0.97716993
0,0,0.003596913
0,0,0.08376803
0,0,0.00023719206
0,1,0.9862322
0,0,0.044088915
0,0,0.003872443
0,1,0.86876726
0,0,0.49430096
0,1,0.9727887
0,0,0.0047181593
0,1,0.9999471
0,0,0.01958895
0,1,0.9978516
0,0,0.026329268
0,1,0.8700428
0,0,0.00303453
0,1,0.998798
0,1,0.96814585
0,1,0.9977361
0,0,0.0006693571
0,0,0.00064888905
0,1,0.99987566
0,0,0.024458835
0,0,0.1857854
0,0,0.00056835084
0,0,0.007975701
0,1,0.9749816
0,1,0.99968266
0,0,6.506812e-05
0,1,0.68082756
0,1,0.99983263
0,1,0.99966514
0,0,0.00022687326
0,1,0.9940759
0,0,0.004734616
0,1,0.6821361
0,1,0.9570515
0,0,0.0009751386
0,0,5.530978e-05
0,0,0.02114745
0,1,0.5593023
0,0,0.0014003064
0,0,0.00019564187
0,1,0.57348746
0,1,0.6146676
0,0,9.166997e-05
0,0,0.06500198
0,1,0.96627754
0,1,0.7574628
0,0,0.0036494741
0,1,0.5765236
0,0,0.0022925765
0,0,0.016295604
0,0,0.32788312
0,0,0.01102739
0,0,0.022399375
0,0,0.24680948
0,1,0.9998927
0,0,0.0008665819
0,0,0.005175405
0,0,0.031577066
0,0,0.00055512664
0,0,0.03925751
0,1,0.99956363
0,0,7.4473865e-05
0,0,0.013660838
0,0,0.00030019737
0,0,0.026523938
0,1,0.99977094
0,0,0.19610201
0,0,0.021283304
0,0,0.0006321583
0,1,0.8774406
0,0,0.0009997436
0,0,0.021628924
0,1,0.9926835
0,1,0.8786028
0,0,0.12353407
0,0,0.19138545
0,0,0.29453078
0,1,0.9989636
0,0,0.13364917
0,1,0.62512434
0,0,0.23186812
0,0,0.13600275
0,1,0.9968078
0,0,0.42869553
0,0,0.010689769
0,1,0.9972364
0,1,0.93203443
0,1,0.6663828
0,0,0.2528389
0,0,0.4790384
0,1,0.9282559
0,0,0.108409785
0,0,0.0012573987
0,0,6.0597005e-05
0,1,0.9417927
0,1,0.9998864
0,1,0.975654
0,0,0.0541505
0,1,0.91290665
0,0,0.023250792
0,0,0.00047687988
0,0,0.007992425
0,1,0.67118156
0,0,0.0018472045
0,0,0.042183686
0,0,0.082416505
0,1,0.90900284
0,0,9.3359085e-05
0,0,3.1001706e-05
0,1,0.9536069
0,0,0.0021312025
0,1,0.5866884
0,0,0.00023879223
0,1,0.999032
0,1,0.9974492
0,0,0.0014278705
0,1,0.70860344
0,1,0.7361458
0,0,0.009008961
0,0,0.039002635
0,0,0.14208739
0,0,0.00018928252
0,0,0.0500611
0,0,2.8637965e-05
0,1,0.9078674
0,1,0.6679804
0,1,0.9132795
0,0,0.0011337515
0,1,0.9692368
0,0,0.00074242754
0,1,0.9972915
0,1,0.9998739
0,1,0.85591424
0,0,0.00026505915
0,1,0.95262367
0,1,0.9994456
0,0,0.0021360738
0,1,0.9748633
0,0,0.23864971
0,1,0.8609391
0,0,0.00025572392
0,0,0.18836163
0,0,0.00016237107
0,0,0.00038114868
0,0,0.12203402
0,1,0.97465605
0,0,6.4872525e-05
0,0,7.300352e-05
0,0,0.02366142
0,0,0.4607918
0,1,0.89474857
0,1,0.96561086
0,1,0.9123682
0,0,0.1646528
0,0,0.32045925
0,1,0.6873195
0,0,0.07290699
0,1,0.9783497
0,0,0.003421696
0,1,0.8506115
0,0,0.2350653
0,0,0.004322174
0,0,0.35426512
0,1,0.99903727
0,1,0.5510932
0,1,0.9749615
0,1,0.9923304
0,0,0.32816267
0,0,0.07158182
0,0,0.0074037705
0,1,0.98234487
0,1,0.9995492
0,0,0.26495016
0,1,0.8167322
0,0,0.009161827
0,1,0.8174022
0,1,0.7353315
0,1,0.9962237
0,1,0.9982856
0,1,0.99967074
0,1,0.5668901
0,1,0.95500815
0,0,0.047549866
0,1,0.93248844
0,0,0.00010544686
0,1,0.9983612
0,1,0.9812775
0,0,3.6656627e-05
0,1,0.9366443
0,0,0.0071989046
0,0,0.0008323153
0,0,0.14222912
0,0,0.09145466
0,1,0.9997179
0,0,0.0032953606
0,0,0.25750023
0,1,0.5697932
0,0,0.15702476
0,1,0.99695694
0,0,0.00019442123
0,0,0.00011482558
0,1,0.70895976
0,0,0.0019168421
0,0,0.027479544
0,0,0.048917416
0,0,0.00022621838
0,0,9.997779e-05
0,0,0.00076246355
0,0,0.0037796986
0,1,0.585149
0,0,0.15889256
0,1,0.97042996
0,1,0.9843395
0,0,0.036089763
0,1,0.83314824
0,1,0.99986184
0,1,0.99623185
0,0,0.0011631089
0,1,0.98448825
0,1,0.8920552
0,1,0.6289131
0,0,0.022508426
0,1,0.6199897
0,0,0.107823715
0,0,0.00018210942
0,0,0.0038462656
0,0,0.0410878
0,0,0.03914856
0,0,0.36633754
0,0,0.24585533
0,0,0.0010168329
0,1,0.8924936
0,0,0.017979978
0,1,0.99926645
0,0,0.00016475946
0,0,0.23142847
0,0,0.045767836
0,0,0.00066611107
0,0,0.0036275992
0,1,0.9996723
0,1,0.99963117
0,0,0.0011186961
0,1,0.9978053
0,0,0.45280603
0,0,0.472865
0,1,0.99800104
0,0,0.06938165
0,0,3.958302e-05
0,0,0.12786576
0,1,0.9976706
0,1,0.7723341
0,1,0.9223442
0,0,4.51466e-05
0,0,0.11158864
0,0,0.17736052
0,1,0.71467674
0,0,0.39930394
0,0,0.00080620736
0,0,0.002954541
0,1,0.9594595
0,0,0.0077526276
0,0,0.0052291118
0,1,0.9992316
0,0,0.10230049
0,0,0.0017947936
0,1,0.52268755
0,1,0.91145
0,1,0.8765043
0,1,0.99924326
0,0,0.003485762
0,1,0.8871357
0,1,0.9949084
0,0,0.012639628
0,0,0.00036434078
0,0,0.00032785177
0,1,0.8897023
0,0,0.41990787
0,1,0.99727064
0,1,0.9987676
0,0,0.17596954
0,0,4.281797e-05
0,0,0.3837171
0,0,0.00014785356
0,0,0.009846449
0,0,0.0029151042
0,0,0.0017296474
0,1,0.9859664
0,1,0.96775043
0,0,0.15687041
0,0,0.012200591
0,0,0.0011325534
0,1,0.99125355
0,0,0.16910408
0,0,0.106046446
0,0,0.002339214
0,1,0.9956405
0,0,0.075759284
0,0,0.059392728
0,0,0.04527535
0,0,0.27018496
0,1,0.7373641
0,0,0.0011093408
0,0,0.3554703
0,0,0.00045477695
0,0,0.050561875
0,0,0.056329016
0,1,0.7147633
0,1,0.99853563
0,0,0.32200682
0,0,0.004601663
0,0,0.028264856
0,1,0.9834024
0,1,0.98409754
0,1,0.9950742
0,0,0.0048193005
0,0,0.14296
0,0,0.106390074
0,1,0.9761574
0,1,0.8989977
0,1,0.9987198
0,1,0.9980096
0,1,0.6352697
0,0,0.42433068
0,0,0.02945264
0,1,0.7553094
0,0,6.8686524e-05
0,0,0.0008249985
0,0,0.06292063
0,0,0.045996297
0,0,0.14391167
0,1,0.9994728
0,1,0.99959177
0,1,0.94410115
0,0,0.17090717
0,0,0.018000584
0,0,0.00018783734
0,0,6.0410985e-05
0,1,0.5352687
0,1,0.97141844
0,0,0.0016791951
0,1,0.99958557
0,0,0.17496058
0,0,0.015362117
0,0,0.00018098323
0,1,0.52238154
0,0,0.006416573
0,1,0.8496642
0,1,0.9969875
0,1,0.74312854
0,1,0.5048144
0,1,0.76802087
0,1,0.6264699
0,1,0.6991282
0,0,0.2794237
0,0,0.007781405
0,1,0.8685067
0,1,0.6696934
0,0,6.669242e-05
0,0,0.00026934766
0,0,0.013230794
0,0,7.5372955e-05
0,0,0.083820015
0,1,0.8989363
0,0,0.00033089763
0,1,0.551231
0,1,0.98295
0,0,0.1370223
0,1,0.92291224
0,1,0.9992543
0,0,0.057064235
0,1,0.8420716
0,1,0.73989224
0,0,0.47399727
0,0,0.015803581
0,1,0.992492
0,0,0.3272016
0,0,0.0009565687
0,0,0.061702855
0,0,0.000258896
0,0,0.2548053
0,0,0.0018281224
0,1,0.9982722
0,1,0.80625886
0,1,0.9995266
0,0,0.38598523
0,0,0.4184037
0,1,0.96953213
0,0,0.00033934347
0,1,0.9991979
0,1,0.98886955
0,1,0.7231472
0,0,0.09954494
0,0,0.00013773551
0,1,0.9991233
0,0,0.0025210825
0,1,0.9971795
0,0,0.009566847
0,1,0.9979558
0,1,0.551188
0,0,0.3766883
0,1,0.5291819
0,0,0.0013789416
0,0,0.00014721024
0,0,0.14717914
0,0,0.18220633
0,0,0.14966217
0,1,0.99644935
0,1,0.6354699
0,1,0.9603276
0,0,0.44038546
0,0,9.562105e-05
0,1,0.8188952
0,1,0.9998354
0,1,0.95168865
0,0,0.0009283809
0,1,0.5561151
0,0,0.26936615
0,0,0.04444328
0,1,0.85779524
0,1,0.799114
0,0,0.000290183
0,1,0.99730194
0,0,0.063681416
0,0,0.0012126421
0,1,0.98955846
0,0,0.30829704
0,1,0.71664476
0,1,0.99855214
0,1,0.8652183
0,1,0.98264515
0,0,0.18768351
0,0,0.0736363
0,1,0.75778836
0,1,0.6868794
0,1,0.59893066
0,0,0.00035126708
0,0,0.12435365
0,0,0.3501466
0,0,0.00084560236
0,1,0.96517843
0,0,4.1774954e-05
0,0,0.4708543
0,1,0.88532937
0,0,0.00021520695
0,0,0.20589554
0,0,0.38964078
0,0,0.00027880288
0,0,0.39849773
0,0,0.39004344
0,1,0.9996983
0,0,0.2407008
0,0,4.603314e-05
0,1,0.60500926
0,0,0.42643905
0,0,0.00012369285
0,1,0.9767312
0,0,0.13850635
0,1,0.9646329
0,1,0.88582116
0,0,0.27393636
0,0,0.088480026
0,1,0.52621204
0,1,0.92078286
0,0,0.43783772
0,0,0.017835544
0,0,0.4593073
0,1,0.6380431
0,0,0.07835235
0,1,0.5966448
0,1,0.86018115
0,0,0.475113
0,1,0.798796
0,0,0.021737998
0,0,0.00048281456
0,0,0.2675188
0,1,0.8684769
0,0,0.0021381036
0,0,0.004435205
0,0,0.010809176
0,0,0.019654939
0,1,0.999729
0,1,0.66390306
0,0,0.0016010879
0,1,0.99384004
0,1,0.9636966
0,1,0.6888756
0,0,0.15410896
0,1,0.9975667
0,0,0.09443696
0,0,0.00018432862
0,0,0.11437268
0,0,0.0028887154
0,0,0.005222112
0,1,0.5934052
0,0,0.3504679
0,0,0.43828672
0,1,0.9978248
0,1,0.9146948
0,1,0.99836415
0,0,0.035906047
0,0,0.00038892493
0,0,0.00339147
0,0,0.24845311
0,0,0.037737306
0,1,0.98836833
0,0,0.046210017
0,1,0.99734867
0,1,0.9920021
0,1,0.9983292
0,1,0.99970657
0,0,0.029413069
0,1,0.7054884
0,0,0.0001201029
0,0,7.141636e-05
0,1,0.80306536
0,1,0.92858845
0,1,0.88194275
0,0,0.30684832
0,0,0.036147702
0,1,0.9993125
0,0,0.37900606
0,0,0.00010879727
0,0,4.9536833e-05
0,1,0.9836199
0,0,9.800881e-05
0,0,0.00043816527
0,1,0.8874567
0,0,0.2688739
0,1,0.99916244
0,0,0.0013357494
0,1,0.9288172
0,0,0.0019541099
0,1,0.9949675
0,1,0.6616168
0,0,0.010252027
0,1,0.71124154
0,1,0.99427104
0,1,0.99941766
0,0,0.005731847
0,0,0.02366301
0,0,0.065857045
0,0,0.10262281
0,0,0.00020459389
0,0,0.3931452
0,0,0.00085920095
0,1,0.9997229
0,0,0.08440368
0,0,0.00011750995
0,0,0.015212649
0,0,0.11225841
0,0,0.25476423
0,0,0.15555993
0,1,0.9749077
0,1,0.99576855
0,1,0.99293435
0,1,0.8800132
0,0,0.014186616
0,1,0.7269618
0,1,0.9939389
0,0,0.30987975
0,0,0.005999829
0,0,0.001387121
0,0,0.0017690943
0,1,0.81855434
0,1,0.9731627
0,0,0.18639371
0,0,0.00010029672
0,0,0.11285423
0,1,0.90020704
0,0,0.3598213
0,0,0.13076866
0,0,0.04747139
0,0,0.0006207317
0,0,0.01436802
0,0,0.020840364
0,0,0.00019145705
0,0,0.0025457565
0,0,0.03081651
0,1,0.8473244
0,1,0.99977046
0,0,0.3137356
0,0,0.012316102
0,1,0.9997222
0,1,0.99814093
0,1,0.9998975
0,1,0.9990839
0,0,0.008815216
0,0,0.4469758
0,1,0.9991874
0,0,0.40366942
0,1,0.9400295
0,0,0.000944202
0,0,3.5006324e-05
0,0,0.00020412724
0,1,0.81646985
0,1,0.9528811
0,0,0.0017069401
0,0,5.6550656e-05
0,0,0.00028371398
0,0,0.1400416
0,0,0.008018819
0,0,0.18385075
0,1,0.98836446
0,1,0.99927896
0,0,0.0016673966
0,0,0.044047486
0,0,0.18348895
0,0,0.31629753
0,1,0.9916679
0,1,0.6212765
0,0,0.027505815
0,0,0.21249397
0,1,0.9841357
0,0,0.09590777
0,1,0.6196517
0,0,8.2949e-05
0,0,0.12778531
0,0,0.13881385
0,0,0.47702965
0,1,0.9964059
0,0,0.07566821
0,1,0.977746
0,1,0.9442443
0,0,0.00019041894
0,0,0.415534
0,0,0.4948381
0,0,0.021748917
0,1,0.90174675
0,0,0.012909763
0,0,0.03900346
0,1,0.5576219
0,0,0.0027623693
0,1,0.99374133
0,0,0.001897265
0,0,0.0005133279
0,1,0.9889298
0,0,0.031488646
0,0,4.6899586e-05
0,0,0.00020021915
0,0,0.25278005
0,0,0.4144714
0,0,0.26211384
0,0,0.48843503
0,0,0.0001697788
0,1,0.99309033
0,1,0.99329245
0,1,0.99994504
0,0,0.00018099546
0,0,0.00018913204
0,1,0.9488528
0,0,0.034858756
0,0,0.00065152405
0,0,0.09211031
0,1,0.99896824
0,0,0.18326148
0,0,0.17559117
0,0,0.23139605
0,0,0.0012637633
0,0,0.015678741
0,1,0.5827332
0,1,0.99451953
0,1,0.99992466
0,1,0.99966466
0,0,0.3316789
0,0,0.08705645
0,0,0.03205615
0,0,0.004203254
0,0,0.029627442
0,1,0.9909836
0,1,0.8583767
0,1,0.64315027
0,0,0.00017030428
0,0,0.42214128
0,0,0.03829278
0,0,0.2407879
0,0,0.0022389423
0,1,0.7240512
0,0,6.222257e-05
0,1,0.9446434
0,0,0.00038922095
0,1,0.91151935
0,0,0.0005924493
0,0,0.0035878124
0,0,0.00011892827
0,1,0.62276053
0,0,0.20700577
0,1,0.93724656
0,0,0.00012607493
0,0,0.0037903737
0,0,9.386916e-05
0,1,0.62118727
0,1,0.91148233
0,1,0.89396363
0,0,0.27250695
0,1,0.8889146
0,0,0.22292227
0,1,0.8246605
0,0,0.064441815
0,0,0.00022133469
0,0,0.018177068
0,1,0.80101126
0,0,0.044504445
0,1,0.88362086
0,0,0.13492283
0,0,0.18526924
0,0,0.0021712924
0,0,0.27380124
0,0,0.00090779224
0,0,0.04928878
0,0,0.2754984
0,0,0.0023919644
0,0,0.03615252
0,0,0.0016655608
0,0,0.44106784
0,0,0.01796748
0,0,0.0011634014
0,1,0.94760233
0,1,0.8484448
0,0,0.0024118677
0,1,0.8818238
0,0,0.010365775
0,0,0.13983373
0,1,0.6927122
0,1,0.9911305
0,1,0.99645716
0,0,0.00096740155
0,1,0.98895454
0,0,0.014522021
0,1,0.9901292
0,1,0.62836635
0,0,0.12777574
0,1,0.9931961
0,0,0.00042487303
0,1,0.6687174
0,1,0.9927961
0,0,0.020189691
0,1,0.9962388
0,1,0.9531509
0,1,0.88487977
0,0,0.028836789
0,0,0.008996356
0,0,0.0012570106
0,1,0.9993861
0,1,0.99971825
0,1,0.997919
0,0,0.44716108
0,0,0.006602789
0,0,0.004455553
0,0,0.0062959376
0,0,0.00010433384
0,0,0.00024909404
0,1,0.52410924
0,0,0.007834727
0,0,0.0043503223
0,0,0.054851618
0,0,0.0028705555
0,0,0.4120777
0,0,0.00840408
0,0,7.145853e-05
0,1,0.5692141
0,0,0.15411782
0,0,0.038061373
0,0,0.39020324
0,0,0.17040285
0,0,0.013660099
0,0,0.0032439462
0,0,0.00048001893
0,1,0.9998498
0,1,0.5613683
0,0,0.00014193307
0,1,0.9665876
0,1,0.9980823
0,0,0.00032484904
0,1,0.51322836
0,0,0.0026183247
0,1,0.94462246
0,0,0.015741188
0,1,0.9741434
0,1,0.60934657
0,1,0.88449985
0,0,0.44529444
0,1,0.9971927
0,0,0.00014934516
0,0,0.09207632
0,0,0.051061686
0,0,0.00011805511
0,0,0.00011391211
0,1,0.6813403
0,1,0.64306986
0,0,8.745645e-05
0,0,0.0332652
0,0,0.07872071
0,1,0.9885966
0,0,0.00016986641
0,0,0.034840684
0,0,0.0011614553
0,1,0.99958175
0,0,0.0063574016
0,1,0.9967445
0,0,0.000113472175
0,0,0.15622222
0,0,0.3068475
0,1,0.9170685
0,0,0.33813113
0,1,0.8217683
0,1,0.99278
0,1,0.72011375
0,1,0.9229419
0,0,0.3900147
0,0,0.011800463
0,1,0.94630075
0,1,0.9393818
0,1,0.88824606
0,0,0.012157496
0,0,0.01735586
0,0,0.29593614
0,0,0.31552708
0,0,0.0087450445
0,1,0.9320562
0,1,0.9974226
0,0,0.17205168
0,1,0.9613113
0,0,0.015461549
0,0,0.0014455141
0,1,0.6700889
0,0,0.028034428
0,1,0.99740833
0,1,0.9537245
0,0,0.055211857
0,0,0.16680703
0,1,0.99797446
0,0,0.052816957
0,0,0.029864265
0,1,0.9983859
0,0,0.0009616531
0,0,0.2280481
0,0,0.03049507
0,0,0.0016533589
0,0,0.033774465
0,0,0.12686625
0,1,0.9534611
0,1,0.85233945
0,0,0.22051181
0,0,0.02092044
0,0,0.45400304
0,0,0.0032109986
0,1,0.7551721
0,0,0.0012302077
0,0,0.000113773705
0,1,0.65169716
0,0,0.18321852
0,1,0.9996803
0,0,0.006363779
0,0,0.005369443
0,1,0.7344296
0,0,0.00028160066
0,0,0.00027595626
0,0,0.16891718
0,0,0.041828852
0,0,0.0032715267
0,0,0.018724417
0,1,0.9942008
0,1,0.62285423
0,1,0.98341507
0,1,0.9940567
0,0,0.025683975
0,0,0.00229657
0,1,0.81615096
0,1,0.79295963
0,0,0.003556321
0,0,6.472916e-05
0,0,0.00010091637
0,0,0.18123074
0,0,0.00011484507
0,0,0.031042958
0,0,0.48523456
0,0,0.12875237
0,0,0.37878752
0,0,0.4606317
0,0,0.074379705
0,0,0.015746891
0,1,0.5037069
0,0,0.0002630168
0,0,0.06588339
0,0,0.0014558933
0,0,0.0009970816
0,0,0.0130582545
0,0,0.36096677
0,1,0.9858662
0,1,0.97603136
0,0,0.37109768
0,0,9.002077e-05
0,0,0.095831126
0,0,0.0003600092
0,1,0.9950075
0,0,6.825512e-05
0,1,0.80310565
0,0,0.0012659306
0,1,0.97048426
0,0,0.0091375625
0,1,0.7071048
0,0,0.0016548834
0,0,0.012070729
0,0,0.0023464477
0,0,0.0007148583
0,1,0.9999205
0,1,0.52145606
0,0,0.29862195
0,1,0.9999075
0,0,0.007976105
0,0,0.40988043
0,0,0.010417986
0,0,7.937453e-05
0,0,0.1615242
0,0,0.00019264623
0,1,0.586172
0,1,0.99887997
0,1,0.9772045
0,0,0.00043824545
0,1,0.6239809
0,1,0.9073149
0,0,0.0001739512
0,0,0.00019510965
0,1,0.8886266
0,0,0.120501496
0,0,0.009610043
0,1,0.79824126
0,0,0.086546026
0,1,0.99406826
0,0,0.071522325
0,0,0.0009360553
0,1,0.9954483
0,0,0.28805196
0,0,0.00028592136
0,0,0.18662517
0,1,0.863952
0,0,0.48516694
0,1,0.99381644
0,0,0.0032576742
0,1,0.9783894
0,1,0.9927725
0,1,0.95915866
0,1,0.99199885
0,0,0.020007767
0,1,0.994117
0,1,0.7962286
0,1,0.9946109
0,1,0.73102754
0,0,0.0022762148
0,1,0.9988475
0,1,0.9999083
0,0,0.034257293
0,0,0.12148197
0,0,0.0028750503
0,1,0.971667
0,0,0.083016835
0,0,0.00027429903
0,0,0.13007025
0,0,0.24582754
0,1,0.9945715
0,1,0.6371299
0,1,0.7367512
0,1,0.7251622
0,0,0.030240363
0,1,0.9998467
0,0,0.12400944
0,0,0.41107437
0,1,0.8003959
0,0,0.0005032953
0,1,0.9247828
0,0,0.00029299743
0,0,0.1199607
0,1,0.9579048
0,0,0.00043296439
0,1,0.99685234
0,1,0.9992582
0,0,0.14521499
0,0,0.00023501388
0,0,0.08413843
0,0,6.76063e-05
0,0,0.26958647
0,0,0.075090475
0,1,0.92853796
0,0,0.003236394
0,0,7.9433135e-05
0,1,0.8048283
0,0,0.0002357055
0,0,0.0018339998
0,1,0.97963494
0,1,0.95205086
0,1,0.99701166
0,1,0.99056506
0,1,0.7107006
0,0,0.02873556
0,0,0.117317915
0,0,6.0127928e-05
0,0,0.00051825657
0,1,0.75775856
0,0,0.0005952431
0,0,0.31299052
0,1,0.99979156
0,1,0.92384297
0,0,0.32997882
0,0,0.0034927854
0,1,0.79190123
0,0,0.0001914753
0,1,0.9982476
0,0,0.011844273
0,0,0.49395594
0,0,0.10250923
0,1,0.9935642
0,1,0.6613125
0,1,0.99635893
0,0,0.008599638
0,1,0.5587436
0,0,0.0005920073
0,0,0.11678107
0,0,0.0021589252
0,0,0.0017258337
0,1,0.99993503
0,0,0.00039987772
0,1,0.99891853
0,0,0.031313278
0,0,0.00024435346
0,1,0.61912227
0,0,0.0014606961
0,1,0.96288013
0,0,0.00075318164
0,1,0.8517193
0,0,0.051205106
0,0,0.095703244
0,0,0.020171272
0,1,0.9965179
0,0,8.650921e-05
0,0,0.13471386
0,0,0.30560163
0,0,0.00028038843
0,0,0.013188398
0,1,0.9964972
0,0,0.35238278
0,0,0.28722602
0,0,0.000101606005
0,1,0.9368553
0,0,0.05272943
0,0,0.006042952
0,0,0.019813728
0,0,0.015979901
0,0,0.00010904591
0,0,0.37454268
0,0,0.07715074
0,0,0.059033707
0,0,0.32677194
0,0,0.15276945
0,1,0.97179663
0,0,3.256981e-05
0,1,0.940308
0,0,0.20827635
0,0,0.0012790187
0,1,0.7121589
0,0,0.021641828
0,0,0.00019731048
0,1,0.95620614
0,1,0.97182447
0,0,0.41216272
0,0,0.009424752
0,0,0.06925261
0,1,0.9700216
0,0,8.787159e-05
0,0,4.3617874e-05
0,0,0.09727761
0,0,0.34224543
0,0,0.21962425
0,1,0.9681005
0,0,0.20951556
0,0,0.22049645
0,0,0.07539274
0,1,0.8643465
0,0,0.025333319
0,1,0.9897412
0,1,0.96028996
0,0,0.005552055
0,1,0.97792304
0,1,0.91927963
0,0,0.00019835624
0,1,0.9905599
0,0,0.44930357
0,0,0.0061745397
0,0,0.04197403
0,0,0.0031796305
0,1,0.73483384
0,0,0.16069795
0,1,0.5356928
0,0,9.7510725e-05
0,1,0.9883309
0,0,0.00079253194
0,1,0.7923731
0,1,0.9999236
0,1,0.8085153
0,1,0.99975055
0,1,0.6545864
0,1,0.9960192
0,1,0.99374133
0,1,0.9971553
0,0,0.14022242
0,0,0.13599488
0,1,0.99715245
0,0,0.004341475
0,1,0.99964976
0,0,0.1476101
0,0,0.008834047
0,1,0.97197187
0,1,0.99985754
0,0,0.14726907
0,0,0.00058649195
0,1,0.99456775
0,0,4.144038e-05
0,1,0.9841687
0,0,0.4530236
0,1,0.9090059
0,1,0.85637397
0,0,0.00026764427
0,1,0.97239536
0,1,0.9509287
0,0,0.08718509
0,1,0.93377626
0,1,0.99833775
0,1,0.6337843
0,0,7.258985e-05
0,0,0.004979325
0,1,0.9154164
0,0,0.0011819112
0,0,0.09118771
0,1,0.89432985
0,1,0.700843
0,0,0.016797116
0,0,0.0009702658
0,0,0.055935085
0,0,0.091311775
0,0,0.4975424
0,1,0.9994081
0,1,0.9550615
0,0,0.15189977
0,1,0.7633762
0,0,0.012758551
0,0,7.843819e-05
0,0,0.012843171
0,0,0.0367185
0,0,0.04806864
0,0,0.019548774
0,0,0.0011429013
0,0,0.00164513
0,1,0.97849065
0,1,0.9983156
0,0,0.002139675
0,0,0.00066376623
0,0,5.5359014e-05
0,0,0.3182926
0,1,0.58773994
0,1,0.87986016
0,0,0.2286053
0,1,0.8240644
0,0,0.15961187
0,1,0.99422705
0,0,0.09589146
0,1,0.8704543
0,1,0.70442903
0,1,0.9987055
0,0,0.26269695
0,1,0.81837857
0,1,0.97451866
0,0,5.779113e-05
0,1,0.7800311
0,0,0.00016955489
0,0,0.006935386
0,1,0.8807824
0,1,0.999073
0,1,0.50434184
0,0,0.22548252
0,1,0.82996154
0,0,0.0010561837
0,0,0.027115444
0,1,0.9649929
0,0,0.40669897
0,0,0.035611298
0,1,0.9975253
0,0,0.041953724
0,0,0.29813564
0,0,0.002951138
0,0,0.08259037
0,1,0.65139765
0,0,9.803676e-05
0,0,0.0002262572
0,0,0.0006854296
0,0,0.008575514
0,0,0.19223411
0,1,0.995776
0,1,0.86844164
0,0,0.013937598
0,0,0.0004724476
0,0,0.49866098
0,1,0.9490868
0,1,0.9191837
0,0,0.01570797
0,0,0.08739461
0,0,6.988177e-05
0,0,0.23831867
0,0,0.04938984
0,0,3.9736766e-05
0,0,0.18116792
0,1,0.9167021
0,1,0.9903833
0,0,0.051397797
0,0,0.039070338
0,0,0.0002992444
0,0,0.43452412
0,1,0.8197255
0,0,0.0075255246
0,1,0.9953395
0,0,4.3256005e-05
0,0,0.13481738
0,0,0.24450876
0,1,0.76797056
0,0,0.037486997
0,1,0.7782589
0,0,0.084179096
0,1,0.96656835
0,0,0.12324734
0,0,0.120129175
0,0,0.34868118
0,1,0.9926601
0,1,0.9997732
0,1,0.99609596
0,1,0.55913293
0,0,0.11505299
0,0,4.0804007e-05
0,0,0.0010607505
0,0,0.40765283
0,1,0.8692154
0,0,0.008342924
0,1,0.7250096
0,0,0.06635493
0,1,0.9998056
0,1,0.9962494
0,1,0.99643826
0,0,0.015610238
0,0,0.004443548
0,1,0.52512187
0,0,0.0004005939
0,1,0.69957525
0,1,0.9793672
0,0,0.0002499059
0,1,0.6416609
0,0,0.00038390176
0,0,0.37754044
0,1,0.8079857
0,0,0.002992708
0,1,0.5437482
0,0,0.00091487257
0,0,0.41103747
0,1,0.9996505
0,0,0.00015414481
0,0,0.0014592006
0,0,0.4322207
0,1,0.96484226
0,0,0.00010831426
0,1,0.9910188
0,0,0.0026477668
0,1,0.9701847
0,1,0.89213216
0,0,0.47314486
0,1,0.5941666
0,0,0.1975085
0,1,0.8565183
0,0,0.47980905
0,0,0.4177387
0,1,0.97151315
0,1,0.99852365
0,1,0.9997013
0,0,0.16289291
0,1,0.5059928
0,1,0.8943917
0,0,0.031738576
0,0,0.0020738482
0,0,0.004622949
0,0,0.0039674393
0,1,0.99017847
0,0,0.000347912
0,0,0.00013568875
0,1,0.76939005
0,0,0.42573878
0,0,0.03144488
0,0,0.054182503
0,0,0.014826626
0,1,0.99982387
0,1,0.7893442
0,0,0.01178627
0,0,0.0025297478
0,0,0.36301136
0,0,0.29573002
0,0,0.011286099
0,1,0.9096078
0,0,0.00023628016
0,1,0.99628437
0,1,0.96525186
0,1,0.94609296
0,1,0.9839498
0,1,0.84838957
0,0,0.18105404
0,1,0.9950937
0,0,0.007969969
0,0,0.0010812135
0,0,0.00015891556
0,1,0.995378
0,0,0.00052653684
0,0,4.1382133e-05
0,1,0.9998808
0,0,0.3029871
0,0,0.3313497
0,0,0.041789744
0,1,0.60528374
0,1,0.7517207
0,0,0.00048303642
0,0,0.21950482
0,0,0.1456602
0,1,0.6317322
0,0,0.011498693
0,0,0.0006370892
0,0,0.0011829141
0,0,0.07510651
0,0,0.38954964
0,0,0.20949517
0,0,0.06882432
0,0,0.20607188
0,0,8.092264e-05
0,0,0.040398717
0,1,0.9869017
0,0,0.012082763
0,0,0.47414204
0,0,0.050688803
0,0,0.008204787
0,0,0.00093145535
0,1,0.9998951
0,0,0.019546485
0,0,0.12335322
0,0,0.12482928
0,1,0.9511746
0,1,0.6097636
0,1,0.96675485
0,0,0.061183613
0,0,0.06757818
0,1,0.62383705
0,0,0.0012832981
0,1,0.6312786
0,1,0.9151259
0,0,0.00064016285
0,1,0.85696113
0,0,0.17191164
0,0,0.30134764
0,1,0.972483
0,1,0.9911481
0,1,0.5637182
0,1,0.7668309
0,1,0.9640384
0,1,0.5596696
0,1,0.99759513
0,1,0.99988747
0,0,0.0012932904
0,0,0.029910501
0,0,0.15135214
0,1,0.66631633
0,0,0.0025488797
0,0,0.0067172246
0,0,0.09024475
0,0,0.035664625
0,0,0.0043942756
0,0,5.7774323e-05
0,1,0.8472817
0,0,0.12727436
0,0,0.004441298
0,0,0.0018159705
0,0,0.20218447
0,1,0.6364208
0,1,0.98555934
0,0,0.47356153
0,1,0.69617045
0,0,0.00031489457
0,1,0.968049
0,1,0.9646369
0,1,0.8351599
0,1,0.57290775
0,0,0.32184023
0,0,0.003294678
0,0,0.4144211
0,0,0.00021648088
0,1,0.94328487
0,1,0.999059
0,0,0.15990514
0,1,0.9979626
0,0,0.011367566
0,1,0.63681245
0,1,0.7459249
0,1,0.99948126
0,1,0.5929558
0,1,0.5328122
0,0,0.12200779
0,0,0.10390023
0,1,0.99341196
0,0,0.108256094
0,0,0.20185274
0,0,0.46986803
0,0,0.070032574
0,1,0.9854704
0,0,0.0015458263
0,0,0.00095417973
0,0,0.006176334
0,1,0.98641205
0,1,0.999866
0,1,0.60779464
0,0,3.764689e-05
0,0,0.0015169719
0,1,0.6112337
0,0,0.029614415
0,1,0.9224528
0,0,0.22652929
0,0,7.111088e-05
0,0,0.43036383
0,0,0.0006610511
0,0,0.01573612
0,1,0.9430638
0,1,0.9759837
0,0,0.00021716353
0,1,0.9988121
0,1,0.8935641
0,0,0.00031094858
0,1,0.7644575
0,1,0.98213124
0,0,0.2509831
0,1,0.9996424
0,1,0.99888426
0,1,0.99554884
0,0,0.44303405
0,0,0.17169972
0,1,0.99965346
0,0,0.12774217
0,1,0.8105412
0,1,0.98425597
0,0,0.03259889
0,1,0.939178
0,1,0.9667947
0,0,0.00020670748
0,0,0.030048795
0,0,5.9499587e-05
0,0,0.0033783044
0,0,6.0637e-05
0,0,0.054623526
0,1,0.61906725
0,0,0.040790882
0,1,0.93686724
0,0,0.07781849
0,0,0.29845148
0,0,9.8647986e-05
0,1,0.99922705
0,1,0.9675185
0,1,0.99610656
0,0,0.14089352
0,1,0.81575423
0,1,0.5253682
0,0,0.47780177
0,1,0.9600696
0,1,0.99990666
0,0,0.29689047
0,1,0.9406842
0,1,0.99848866
0,1,0.60318726
0,0,0.1047114
0,1,0.998355
0,1,0.65350616
0,0,0.025216991
0,0,9.713384e-05
0,0,0.033409096
0,1,0.9996025
0,0,0.10142681
0,0,0.18081857
0,1,0.6676894
0,0,0.026139008
0,1,0.87902534
0,0,0.0045845713
0,0,0.018369699
0,0,0.0006147901
0,0,0.03723967
0,1,0.9922157
0,0,0.3288834
0,1,0.83600235
0,1,0.8025448
0,1,0.9950493
0,1,0.99104697
0,1,0.99883765
0,1,0.9989385
0,1,0.9998387
0,1,0.9726576
0,1,0.9568527
0,0,0.010504683
0,1,0.6824252
0,0,0.0048961714
0,0,8.332734e-05
0,1,0.72262573
0,0,0.06398485
0,1,0.8417239
0,1,0.69313914
0,1,0.9651861
0,0,0.0059621367
0,1,0.99827254
0,0,0.0018638687
0,1,0.9732535
0,1,0.9401893
0,1,0.77098036
0,1,0.9997384
0,0,0.00023561608
0,0,0.091712646
0,0,0.020081151
0,1,0.8315937
0,1,0.53525865
0,1,0.82350105
0,0,0.11993627
0,1,0.6820086
0,0,0.07785997
0,1,0.6867003
0,1,0.62518
0,1,0.58378667
0,1,0.71433324
0,0,0.13214391
0,0,0.11009877
0,1,0.85019934
0,0,0.00011185812
0,0,4.363481e-05
0,1,0.72580177
0,1,0.99924695
0,1,0.9987269
0,0,0.0013341829
0,0,0.47568852
0,1,0.9959841
0,1,0.83838034
0,0,0.4382673
0,1,0.9943949
0,0,7.4881646e-05
0,1,0.6683575
0,1,0.8646698
0,0,0.3705922
0,1,0.59734213
0,0,0.07890963
0,0,0.033645093
0,1,0.7633526
0,1,0.99223036
0,0,0.06381452
0,0,0.00059370254
0,0,0.005327875
0,0,0.024862874
0,0,0.00014057258
0,1,0.99626535
0,1,0.9143904
0,1,0.9999281
0,0,0.41757196
0,0,0.0013330646
0,0,0.05798741
0,0,0.03397141
0,0,0.109026566
0,0,0.028752638
0,0,0.025170261
0,0,0.058418345
0,1,0.99978167
0,1,0.98127466
0,1,0.8937876
0,1,0.6032473
0,0,0.009161344
0,0,0.26619235
0,0,0.016026337
0,1,0.7655783
0,0,0.17615731
0,0,0.21415022
0,0,0.0020520866
0,0,0.00024036838
0,1,0.64774156
0,1,0.94833004
0,1,0.9395748
0,1,0.9232277
0,1,0.9998685
0,1,0.8207749
0,0,0.3522593
0,0,9.627393e-05
0,0,0.339266
0,1,0.50942564
0,0,0.20221016
0,0,0.049868457
0,1,0.8844914
0,1,0.7803423
0,0,8.557501e-05
0,1,0.9995902
0,1,0.5906357
0,0,0.47986257
0,0,0.0009555326
0,0,0.006894573
0,0,0.4874379
0,1,0.7842817
0,0,0.18623202
0,1,0.9999553
0,0,0.00025737402
0,1,0.88911897
0,0,0.0012934253
0,1,0.98619634
0,1,0.9970938
0,0,0.012856563
0,1,0.99232835
0,0,8.416281e-05
0,0,0.030925706
0,1,0.9583147
0,0,0.00020355405
0,0,0.0073304325
0,0,7.1469694e-05
0,0,0.15607528
0,0,0.02477799
0,0,0.16848469
0,0,0.080147065
0,0,0.45325574
0,0,0.0120093925
0,1,0.99956757
0,0,0.00038192928
0,0,0.0011484169
0,1,0.9981236
0,0,0.15797175
0,1,0.8585754
0,0,0.18987915
0,1,0.8686509
0,0,0.3829271
0,1,0.59056747
0,0,0.3690003
0,0,0.046090685
0,1,0.7463087
0,0,0.0068199136
0,0,0.0024220992
0,1,0.992759
0,0,0.00014847644
0,0,0.12758127
0,1,0.8695936
0,0,0.035115946
0,1,0.9953002
0,1,0.9903722
0,0,0.3157775
0,0,0.0045351735
0,0,0.0029810895
0,1,0.93251973
0,0,0.034918502
0,1,0.6011024
0,0,0.03329924
0,0,0.00017040613
0,1,0.83757806
0,1,0.8670309
0,0,0.047018163
0,0,0.31296593
0,0,0.47685772
0,0,0.20470904
0,1,0.99944896
0,1,0.8598327
0,0,3.9978582e-05
0,0,0.037053633
0,0,0.062042937
0,1,0.8768124
0,1,0.95714223
0,0,0.029896496
0,0,0.29177272
0,1,0.92223763
0,1,0.99072975
0,1,0.73784286
0,0,0.4707932
0,0,0.27869335
0,0,0.007864397
0,1,0.6975472
0,0,0.025744764
0,0,0.002481873
0,1,0.9994998
0,1,0.99275655
0,1,0.9998487
0,0,0.008511891
0,0,0.0010380474
0,0,3.9821436e-05
0,1,0.7749968
0,0,0.0048308084
0,0,0.0067368937
0,0,0.00096259575
0,1,0.9845084
0,0,0.001705509
0,0,0.25624368
0,0,0.014464348
0,1,0.99904555
0,1,0.9955655
0,1,0.65407825
0,1,0.8366592
0,1,0.9999411
0,1,0.9984621
0,0,0.49067014
0,1,0.7325228
0,1,0.92551666
0,0,0.00093274354
0,0,0.008662487
0,0,0.0067808824
0,1,0.8916505
0,0,0.0004240824
0,1,0.6966942
0,1,0.99900645
0,0,0.03529588
0,1,0.99696785
0,0,0.0146503905
0,0,0.006710973
0,0,6.474718e-05
0,0,0.000114305134
0,1,0.7114126
0,1,0.9589599
0,0,0.37843505
0,0,0.009156804
0,0,0.015816009
0,0,0.49550945
0,1,0.99867487
0,0,0.0004817365
0,1,0.52564794
0,0,0.42696127
0,0,0.00042333512
0,0,0.0017154702
0,0,0.0029554062
0,1,0.81644434
0,0,0.01957919
0,1,0.95875895
0,1,0.5403355
0,0,0.007866838
0,0,0.07806273
0,1,0.8582962
0,1,0.80048
0,0,0.0017910984
0,0,0.0068709683
0,0,0.00015547036
0,1,0.8777487
0,0,0.00020567178
0,0,0.10564029
0,0,0.38816556
0,0,4.7590343e-05
0,1,0.5027206
0,1,0.71044815
0,1,0.86193496
0,0,0.018152473
0,1,0.9983096
0,0,0.29994327
0,1,0.990004
0,1,0.9788149
0,0,0.0012910456
0,1,0.9095306
0,0,0.049576193
0,0,0.00013745947
0,1,0.999506
0,0,0.0018040446
0,0,0.0003015211
0,1,0.9691176
0,0,0.00011374908
0,1,0.73957783
0,0,0.00032460943
0,0,0.11207046
0,0,0.005395818
0,0,0.14889598
0,0,0.0019689691
0,0,0.0022409228
0,0,0.22487672
0,0,0.37565896
0,1,0.9932295
0,1,0.8371121
0,1,0.9999455
0,0,0.07143046
0,0,0.0015836082
0,1,0.9593466
0,0,8.1027494e-05
0,1,0.96489465
0,0,0.38885608
0,1,0.99012274
0,1,0.5649976
0,1,0.997658
0,0,0.06207451
0,0,0.0018432059
0,0,0.006570988
0,1,0.991597
0,1,0.8045983
0,1,0.9630744
0,0,0.10709263
0,1,0.58924556
0,1,0.98640895
0,1,0.90599006
0,1,0.9842253
0,0,0.014713206
0,0,0.24301812
0,0,0.00021838113
0,1,0.9998579
0,1,0.915022
0,1,0.99971706
0,0,0.19460118
0,1,0.9827308
0,0,0.00028550404
0,1,0.976454
0,0,0.00025284613
0,0,0.41319364
0,0,0.0040270425
0,0,0.0008248602
0,1,0.9989899
0,0,0.0035297943
0,0,0.330632
0,0,0.00050742633
0,0,0.0155338645
0,1,0.97854006
0,0,0.011188715
0,0,0.00038353135
0,1,0.91547495
0,1,0.9974807
0,1,0.6758014
0,1,0.9827005
0,1,0.9920739
0,1,0.9383049
0,0,0.0009526668
0,1,0.9992273
0,0,0.004626647
0,1,0.9841399
0,0,0.014564897
0,0,0.049929086
0,1,0.58274204
0,0,3.3847697e-05
0,1,0.97728115
0,0,0.08386503
0,1,0.7843985
0,0,0.00087223586
0,0,0.09879772
0,1,0.9821862
0,0,0.00695205
0,0,0.16027364
0,0,0.053444494
0,0,0.00043506283
0,0,0.00681335
0,0,0.1917926
0,1,0.68906915
0,0,2.7255131e-05
0,1,0.8400257
0,1,0.9976514
0,0,0.4232507
0,1,0.9998029
0,1,0.99149525
0,1,0.9736205
0,0,4.494042e-05
0,1,0.95289856
0,0,0.015239195
0,0,0.00021455054
0,1,0.99990475
0,1,0.6857143
0,0,0.009994558
0,1,0.8960107
0,1,0.79746485
0,0,0.00049659394
0,1,0.7288293
0,0,0.34995237
0,0,0.11022829
0,0,3.874758e-05
0,1,0.9998809
0,1,0.9974406
0,1,0.6654916
0,0,0.000826571
0,0,0.002191396
0,0,0.00010171312
0,0,0.000594561
0,1,0.9973726
0,0,0.04914081
0,0,0.026377914
0,1,0.99915755
0,0,0.47479144
0,1,0.9742115
0,0,0.042516723
0,0,0.0014494493
0,1,0.84275806
0,0,0.020887084
0,0,4.325852e-05
0,1,0.9929432
0,1,0.73386943
0,1,0.9468926
0,1,0.99960107
0,0,0.03597541
0,0,0.44102344
0,1,0.59247786
0,0,0.12849902
0,0,0.0026826744
0,0,0.00018433598
0,0,0.17137182
0,1,0.91468817
0,0,0.011957774
0,0,0.2921513
0,0,0.085376404
0,0,0.0010634884
0,0,0.0009235114
0,1,0.99888414
0,0,0.08834707
0,1,0.99919826
0,0,0.022109805
0,1,0.9998342
0,0,0.0034852223
0,0,0.00028152793
0,1,0.8037611
0,1,0.99877995
0,1,0.99739313
0,1,0.9987907
0,0,0.00035708802
0,0,0.20915307
0,0,0.008334148
0,0,0.001960546
0,1,0.57013845
0,0,0.08175244
0,1,0.714717
0,0,0.0011674073
0,0,4.6629688e-05
0,0,0.0020970232
0,0,0.003313386
0,0,0.00022022869
0,1,0.8598143
0,1,0.8179725
0,0,0.08035476
0,1,0.999828
0,1,0.99989057
0,1,0.99742186
0,0,0.23453607
0,1,0.9870488
0,1,0.7932769
0,0,0.00042597897
0,0,0.03377352
0,0,0.0003055324
0,1,0.99942786
0,1,0.9392846
0,0,0.058501966
0,0,0.44074467
0,0,0.089498654
0,1,0.9634128
0,1,0.9989021
0,1,0.9984824
0,0,5.3219122e-05
0,1,0.85673803
0,1,0.6003921
0,0,0.1189489
0,1,0.9994332
0,1,0.6945586
0,1,0.60396826
0,1,0.71199113
0,0,0.3453832
0,0,0.084567256
0,1,0.9584157
0,1,0.9985442
0,1,0.9835602
0,1,0.9957761
0,0,0.19225286
0,0,0.0002256888
0,1,0.77114755
0,0,0.0021678498
0,1,0.73928094
0,0,6.0153565e-05
0,1,0.90678674
0,0,4.6461413e-05
0,0,0.00019019176
0,1,0.99856347
0,0,0.00089445844
0,0,0.00012657978
0,0,0.00015309763
0,0,0.0008037933
0,0,0.00024507302
0,0,0.033836108
0,1,0.79790694
0,1,0.99987054
0,1,0.9997725
0,0,0.004003998
0,0,0.00132318
0,0,0.0012046386
0,1,0.99990046
0,0,0.009275617
0,0,4.4203145e-05
0,1,0.99734616
0,1,0.998415
0,0,0.0012328628
0,1,0.99303985
0,1,0.7511474
0,1,0.77030003
0,0,0.0036228867
0,1,0.9861595
0,1,0.9344306
0,0,0.008300562
0,0,0.49283388
0,1,0.9444964
0,1,0.99530655
0,1,0.8889908
0,0,0.050271053
0,0,0.003434813
0,0,0.0006062892
0,1,0.5373918
0,1,0.99991786
0,0,0.054065805
0,1,0.97352713
0,1,0.9973308
0,0,0.006455004
0,0,0.083437964
0,0,0.20786597
0,0,0.0070261955
0,0,0.2512263
0,1,0.9631133
0,0,0.46733987
0,0,0.24544337
0,1,0.79750854
0,1,0.9878768
0,0,0.32193637
0,0,0.00015141774
0,0,0.004274383
0,1,0.6740353
0,1,0.89164597
0,0,0.0003708505
0,1,0.9680998
0,1,0.86926633
0,1,0.62376875
0,0,0.00034260686
0,0,0.14382103
0,0,0.0040100305
0,1,0.99948347
0,0,0.0014307982
0,0,0.001117954
0,1,0.91210234
0,0,0.03078701
0,0,0.00015007405
0,1,0.9988758
0,0,0.0001280149
0,0,0.19277301
0,0,0.15382987
0,1,0.5572212
0,1,0.8558357
0,1,0.89480233
0,0,0.13892509
0,0,0.04976256
0,1,0.99817765
0,1,0.9571441
0,0,4.9945433e-05
0,1,0.57556367
0,0,0.47067946
0,0,0.0024122703
0,1,0.5075203
0,1,0.99347645
0,0,0.00015464655
0,0,0.000136176
0,0,0.177329
0,1,0.6040437
0,0,0.12973443
0,0,0.0028443092
0,0,0.0012258313
0,1,0.65876657
0,0,0.008785131
0,1,0.9999285
0,1,0.9822239
0,1,0.96659654
0,0,0.008560553
0,1,0.74016976
0,0,0.007869704
0,0,0.27850345
0,1,0.814151
0,1,0.90786713
0,0,0.00017437134
0,0,0.056309354
0,0,0.0024774119
0,1,0.985305
0,0,0.12839931
0,1,0.99988747
0,0,0.29723743
0,0,0.08960624
0,0,0.00036446028
0,0,0.05886977
0,0,0.00044700172
0,0,0.002510323
0,1,0.99567956
0,1,0.9992956
0,1,0.97941667
0,1,0.8420799
0,0,0.00015768898
0,1,0.942467
0,1,0.8825231
0,0,0.003110642
0,0,0.011649766
0,1,0.9983531
0,0,0.0027339137
0,1,0.95002115
0,0,0.15642752
0,1,0.85192925
0,1,0.80881476
0,0,0.0030369284
0,1,0.70753974
0,0,0.00079768064
0,1,0.9932336
0,1,0.9874321
0,0,0.010183457
0,1,0.64589334
0,1,0.77403665
0,1,0.59027743
0,0,0.0030772912
0,0,0.0004455636
0,1,0.9024792
0,0,0.00426228
0,0,0.2048038
0,1,0.8492059
0,1,0.79720867
0,0,0.25665617
0,1,0.9919714
0,0,0.008676305
0,0,0.12475872
0,0,0.32312527
0,0,0.32337558
0,1,0.99988115
0,0,0.14557634
0,0,0.13786028
0,1,0.9962244
0,1,0.9989361
0,0,0.00024419092
0,1,0.9879681
0,0,0.0019944336
0,0,0.00094746787
0,0,0.0077754543
0,0,0.00072983914
0,1,0.7593615
0,1,0.9504866
0,1,0.9988883
0,0,0.0009275741
0,1,0.88008016
0,1,0.843055
0,0,0.11100162
0,0,0.24520811
0,0,0.0005278683
0,0,0.2873128
0,0,0.0073686293
0,1,0.96469736
0,1,0.71658915
0,0,0.41398752
0,1,0.8294334
0,0,0.00041295195
0,0,0.0018937973
0,1,0.9951199
0,0,0.00016509378
0,1,0.7516217
0,1,0.98523104
0,1,0.9322682
0,0,0.2481625
0,0,0.0082962345
0,1,0.94688666
0,0,3.598253e-05
0,0,0.38962498
0,1,0.958299
0,1,0.9670144
0,1,0.9995776
0,0,0.021183606
0,1,0.9984798
0,0,0.004812111
0,0,0.00011488396
0,1,0.9351435
0,0,0.25861645
0,1,0.99892575
0,0,0.22076418
0,0,9.50882e-05
0,0,0.0007742355
0,0,0.0028069639
0,0,0.0704723
0,0,0.4275079
0,0,0.35319296
0,0,0.17897916
0,0,0.17111495
0,0,0.0007197047
0,0,0.19246799
0,1,0.6782081
0,0,0.0002334061
0,1,0.9971499
0,1,0.96926916
0,0,0.015708236
0,1,0.55436677
0,0,0.2936499
0,0,0.00062517927
0,0,0.0004932574
0,1,0.9451427
0,0,0.0003220958
0,0,0.4144662
0,0,0.13643639
0,0,0.45484376
0,1,0.9483829
0,0,4.592878e-05
0,1,0.8740234
0,0,0.026155442
0,0,0.32327086
0,1,0.7942541
0,0,0.07051656
0,0,0.08065521
0,0,0.00037974116
0,1,0.9912059
0,0,3.2306678e-05
0,0,0.35802546
0,0,0.010512457
0,1,0.52381974
0,0,0.1609502
0,0,0.43521538
0,0,0.13503346
0,0,0.07615269
0,0,0.06224882
0,1,0.9898442
0,1,0.8942365
0,1,0.97844887
0,0,0.0001207735
0,1,0.99473405
0,1,0.8338203
0,0,0.0012425581
0,1,0.629406
0,0,0.080206886
0,0,0.07526976
0,0,0.111686364
0,1,0.99991846
0,0,0.014014783
0,0,0.18705368
0,1,0.9995944
0,1,0.6796547
0,1,0.99542564
0,1,0.9989248
0,0,0.0137485005
0,1,0.9996512
0,0,0.0026449864
0,0,0.00027221013
0,1,0.7012282
0,0,0.0028148177
0,0,0.0008927427
0,0,0.18334244
0,0,0.00030592413
0,1,0.9987489
0,0,0.18801443
0,1,0.99817693
0,0,0.006383262
0,1,0.6089193
0,0,5.5430537e-05
0,1,0.98742956
0,1,0.6312693
0,0,0.02368208
0,1,0.63892186
0,0,0.0424554
0,0,0.3014391
0,1,0.93601954
0,1,0.523334
0,0,0.040714405
0,0,0.37788337
0,0,4.1432362e-05
0,1,0.9984824
0,1,0.55156785
0,0,0.00023808159
0,1,0.86526614
0,1,0.5445157
0,0,0.08606091
0,0,0.0005275337
0,1,0.8829601
0,0,0.029367633
0,0,0.00031385245
0,0,0.0011374274
0,1,0.5426927
0,0,0.102842875
0,1,0.8222659
0,0,0.0030509676
0,0,0.00022890158
0,1,0.9759813
0,0,0.16981994
0,0,0.15532519
0,1,0.98514766
0,0,0.23024729
0,0,0.37801623
0,1,0.9963355
0,0,0.15488353
0,1,0.9943434
0,0,0.00036032594
0,0,0.013166174
0,1,0.7558494
0,0,4.287812e-05
0,0,0.00032240825
0,1,0.7991897
0,0,0.29497725
0,1,0.9999443
0,0,9.382702e-05
0,0,0.031318277
0,1,0.99955827
0,1,0.7957163
0,0,0.4695608
0,0,0.00015857164
0,0,0.019027656
0,0,0.24874276
0,1,0.9759788
0,0,0.46389636
0,1,0.99993765
0,0,0.0022402531
0,0,0.19421926
0,0,0.0014844382
0,0,0.001214494
0,1,0.99832374
0,1,0.9062971
0,1,0.96154267
0,1,0.5932286
0,0,0.0006746472
0,1,0.9994671
0,0,0.11154447
0,0,0.00017786534
0,0,0.017177818
0,1,0.76018316
0,1,0.8170505
0,1,0.9613035
0,0,0.00013056658
0,0,0.036055714
0,0,0.0002332388
0,1,0.999511
0,0,0.015451544
0,0,0.04833321
0,0,0.018591283
0,1,0.99044925
0,0,0.00030646444
0,0,0.44227558
0,0,0.00045143263
0,1,0.97135264
0,0,0.29010946
0,0,0.0076186135
0,0,0.08522621
0,1,0.90571487
0,0,0.11977429
0,1,0.99912375
0,1,0.7640102
0,0,0.21393938
0,0,0.2086596
0,0,0.06771507
0,1,0.8598025
0,0,0.0039088926
0,1,0.9906934
0,1,0.6334271
0,0,0.0036882155
0,1,0.99934524
0,0,0.010915102
0,0,0.00044328906
0,0,0.0028121183
0,0,0.19949426
0,0,0.040589564
0,1,0.7569191
0,0,0.00061548775
0,1,0.99658847
0,0,0.06970675
0,1,0.8557595
0,0,0.044191238
0,1,0.9948861
0,1,0.9337747
0,1,0.88603884
0,0,0.18933322
0,1,0.99596256
0,0,0.47168437
0,1,0.97771263
0,0,6.5785425e-05
0,0,0.33143964
0,1,0.5291481
0,1,0.9997632
0,0,0.044489168
0,1,0.999673
0,1,0.9994424
0,1,0.9962094
0,1,0.9990269
0,0,0.00012861812
0,0,9.668805e-05
0,1,0.64515424
0,0,0.1964786
0,0,0.0177641
0,1,0.8888581
0,0,0.010600353
0,0,0.064533256
0,1,0.999846
0,1,0.99990463
0,1,0.9757587
0,0,0.013494759
0,0,0.26305524
0,1,0.9181633
0,0,0.23182142
0,0,0.00034282674
0,0,0.08495414
0,0,6.153966e-05
0,0,0.000106099855
0,0,0.011696734
0,1,0.99993014
0,1,0.6943738
0,1,0.99316895
0,1,0.98100466
0,0,0.00022243778
0,0,6.134201e-05
0,0,0.004303493
0,1,0.92971146
0,0,0.014772064
0,1,0.91338426
0,1,0.8375106
0,0,0.06636908
0,0,0.026861496
0,0,0.004095825
0,0,5.474442e-05
0,0,0.00040800226
0,0,0.009635077
0,1,0.9991598
0,0,0.0535775
0,1,0.8301439
0,0,0.003013386
0,1,0.61954963
0,1,0.5375373
0,1,0.9969125
0,1,0.99106324
0,0,0.00010940964
0,0,6.384576e-05
0,1,0.7827006
0,0,0.0030274922
0,0,0.029825024
0,0,0.05435021
0,0,0.0042116586
0,0,0.4483245
0,0,3.8557828e-05
0,1,0.97476804
0,1,0.9999161
0,1,0.89753675
0,0,0.24286565
0,0,0.30259332
0,0,0.0060043526
0,1,0.96874833
0,0,8.538965e-05
0,0,0.002015088
0,1,0.5734685
0,1,0.8493272
0,0,0.00015944388
0,1,0.96014285
0,1,0.9553467
0,0,0.47268632
0,0,4.6047717e-05
0,0,5.4277723e-05
0,0,0.09171042
0,1,0.9894616
0,0,0.23704727
0,1,0.9998934
0,0,0.33853617
0,1,0.91090965
0,0,0.40962625
0,0,0.083222605
0,0,0.1199341
0,1,0.9997423
0,0,0.0022686105
0,0,0.010931001
0,0,0.39133617
0,1,0.9997938
0,1,0.9922695
0,0,0.20900938
0,1,0.9952246
0,0,0.032617696
0,1,0.99935466
0,1,0.8380033
0,0,0.072999075
0,0,0.066404104
0,0,0.07710445
0,1,0.8849856
0,0,0.0020334464
0,0,0.0010915711
0,0,0.018102836
0,1,0.9079109
0,1,0.9997476
0,0,0.39967784
0,1,0.8672946
0,0,0.16973549
0,1,0.51310223
0,1,0.88740826
0,1,0.98499006
0,1,0.9963314
0,1,0.7580534
0,0,4.4178363e-05
0,0,0.25569096
0,0,0.09319041
0,0,0.4328202
0,1,0.9585864
0,0,0.0013972722
0,1,0.90693754
0,0,0.006343278
0,1,0.7691616
0,1,0.98995155
0,1,0.56006664
0,0,0.00024837072
0,1,0.7252852
0,1,0.5924378
0,0,0.00023334955
0,1,0.64765054
0,1,0.51588863
0,0,4.504734e-05
0,0,0.18123049
0,1,0.9953762
0,1,0.9536148
0,1,0.91819346
0,1,0.5878427
0,0,0.2251619
0,0,0.00035283566
0,0,0.31062979
0,1,0.8286314
0,0,0.05177231
0,0,0.20002124
0,0,0.0017297016
0,0,0.0029388464
0,1,0.89885515
0,0,0.022151118
0,1,0.999923
0,0,0.020439578
0,0,0.30789784
0,0,0.029858658
0,0,0.082179315
0,1,0.6791713
0,1,0.9313436
0,1,0.80352247
0,0,0.117226824
0,0,0.30905762
0,0,0.0008593623
0,1,0.9996123
0,1,0.9698986
0,0,0.0018084921
0,0,0.025449995
0,0,0.2492874
0,1,0.8076086
0,0,0.249698
0,1,0.687946
0,0,0.41115275
0,1,0.96849203
0,1,0.99968433
0,1,0.99489164
0,0,6.849742e-05
0,0,0.4039237
0,0,4.9687944e-05
0,0,0.21461007
0,0,0.32411978
0,1,0.7134828
0,1,0.99230254
0,1,0.99597013
0,0,0.0013147296
0,1,0.99970967
0,0,0.21410201
0,0,0.054002054
0,1,0.9694773
0,1,0.9869867
0,0,0.0003871929
0,0,0.008658762
0,1,0.9920685
0,0,0.12250992
0,0,0.00025499158
0,0,0.3288174
0,0,0.001247937
0,1,0.9678487
0,0,0.0005256577
0,0,0.3551382
0,0,0.1902393
0,1,0.9939381
0,0,0.3511817
0,0,0.43038183
0,0,0.00017404725
0,1,0.95915145
0,1,0.5740692
0,1,0.9979836
0,1,0.75077707
0,0,0.34683675
0,0,0.04648964
0,0,0.3138622
0,1,0.98995906
0,1,0.9976465
0,0,0.1359423
0,1,0.99627304
0,0,0.42463282
0,0,0.057489775
0,0,0.09502425
0,0,0.19207633
0,1,0.6694072
0,1,0.92541087
0,0,0.38630882
0,0,0.21365386
0,1,0.99951065
0,0,0.48901623
0,0,0.23629154
0,1,0.9987134
0,1,0.75904906
0,0,9.404414e-05
0,1,0.97018963
0,1,0.93377566
0,0,0.10594798
0,0,0.15907748
0,0,0.013937382
0,0,0.00010990455
0,0,0.017218707
0,1,0.62028575
0,0,0.00046613504
0,1,0.89231664
0,0,0.004691886
0,1,0.69340545
0,0,0.025188722
0,0,0.00044557636
0,0,0.07557411
0,1,0.8834879
0,0,0.00067984284
0,0,0.16584864
0,1,0.9988325
0,0,7.0273636e-05
0,0,3.9077884e-05
0,1,0.98314786
0,1,0.8848829
0,1,0.9324845
0,0,0.001418493
0,0,9.868524e-05
0,0,0.3022903
0,0,0.0038974169
0,0,0.015960613
0,1,0.9459355
0,0,0.07412586
0,1,0.913491
0,0,0.059155904
0,1,0.62605464
0,0,0.3099671
0,0,0.23493277
0,1,0.9842992
0,0,0.022711407
0,1,0.9399698
0,0,0.026546132
0,0,0.02176468
0,0,0.030164504
0,0,0.11912957
0,1,0.8911535
0,1,0.7770347
0,1,0.9751889
0,0,0.09093261
0,0,0.014263044
0,0,0.00018129566
0,1,0.9997149
0,1,0.5373946
0,1,0.8449009
0,0,0.25468972
0,0,0.41258568
0,1,0.9924839
0,0,0.010670879
0,1,0.9617292
0,0,0.0840412
0,0,8.877716e-05
0,1,0.99970466
0,1,0.9805274
0,0,0.029806845
0,0,0.107398115
0,1,0.8860929
0,0,0.1139043
0,0,0.048277102
0,0,0.0954925
0,1,0.99280316
0,0,0.31936768
0,1,0.9958832
0,0,0.0407039
0,1,0.9894057
0,0,0.0036980005
0,0,0.00093460415
0,1,0.9476677
0,0,0.013438911
0,0,0.0016113496
0,1,0.9995146
0,1,0.9921421
0,1,0.96927804
0,0,0.030000325
0,1,0.63434315
0,1,0.99917716
0,1,0.689368
0,0,0.13477774
0,0,5.8364018e-05
0,0,0.046335116
0,0,0.029747862
0,1,0.95296407
0,0,0.21626225
0,0,0.44033864
0,1,0.99873596
0,0,0.0038844103
0,0,0.081540756
0,1,0.96007484
0,0,0.0059971907
0,1,0.9941989
0,1,0.7925809
0,0,0.005923287
0,0,7.534867e-05
0,0,0.0005565534
0,1,0.9999057
0,0,0.0008746797
0,0,0.4975101
0,0,0.00010719756
0,0,0.00013940566
0,0,6.643686e-05
0,0,0.0027315423
0,0,0.00075931894
0,0,0.08379823
0,0,0.00020532537
0,0,0.47579387
0,1,0.9992455
0,1,0.50349784
0,1,0.9100199
0,0,0.07783783
0,0,0.29460132
0,0,0.00019263705
0,0,0.16948867
0,0,5.973809e-05
0,0,0.14019936
0,1,0.9999137
0,0,0.001525787
0,1,0.99511045
0,0,0.17080939
0,1,0.5461148
0,0,0.017454231
0,0,0.0008149369
0,1,0.71339977
0,0,3.9042832e-05
0,0,0.0035276245
0,1,0.6414054
0,1,0.99590236
0,1,0.9728661
0,1,0.9435756
0,0,0.011814529
0,0,0.13140206
0,0,0.10613243
0,0,0.0026023523
0,0,0.19116116
0,0,0.00022371711
0,0,0.0011108002
0,1,0.9922409
0,1,0.9968027
0,1,0.6966689
0,0,0.0010323038
0,0,0.013613701
0,1,0.9980013
0,1,0.99241525
0,0,0.39413697
0,0,0.22878686
0,0,0.024870565
0,0,0.16295613
0,1,0.5666959
0,0,0.0034338243
0,0,3.3544802e-05
0,0,0.0023045156
0,0,0.00016432173
0,0,0.14062257
0,0,0.09884889
0,0,0.014896565
0,1,0.97196114
0,0,0.24003804
0,1,0.8676459
0,0,0.0016728904
0,0,0.000903223
0,0,0.10477697
0,0,0.0014836405
0,0,0.10000837
0,0,0.000887437
0,0,0.0003506946
0,0,0.38479018
0,1,0.9515882
0,0,0.24498323
0,1,0.51497144
0,0,0.0037424236
0,1,0.99939024
0,0,0.00023036743
0,1,0.76043224
0,0,0.07967994
0,0,0.0021230914
0,1,0.9987509
0,0,0.0038105675
0,1,0.84330326
0,1,0.9865181
0,1,0.73992825
0,0,0.21321683
0,1,0.9965766
0,0,0.059348814
0,0,0.0034358385
0,0,0.20402455
0,0,5.4237364e-05
0,1,0.74581313
0,1,0.99774456
0,1,0.9007672
0,1,0.9138489
0,1,0.9937827
0,0,0.0018043872
0,0,0.004163776
0,0,0.07197399
0,0,0.00010701535
0,0,0.44862556
0,0,0.26222354
0,0,0.37072596
0,0,0.004080918
0,0,0.002713234
0,1,0.7831822
0,1,0.9848439
0,1,0.9741247
0,0,8.53522e-05
0,0,0.20385675
0,0,0.00043689646
0,0,0.0027085042
0,0,0.04184238
0,1,0.9998535
0,0,0.18153441
0,0,0.26035178
0,1,0.9998965
0,1,0.99970406
0,0,9.1739144e-05
0,0,0.101606295
0,0,0.027503926
0,1,0.70342845
0,1,0.9406976
0,1,0.99045956
0,0,0.30886397
0,1,0.9676539
0,0,0.0011529229
0,0,0.10615311
0,1,0.99825555
0,0,0.036229115
0,1,0.77329737
0,0,0.025658628
0,1,0.9778817
0,0,0.066994414
0,0,6.5085624e-05
0,0,0.005386767
0,1,0.9990693
0,1,0.7113966
0,0,0.00012324711
0,0,0.015651066
0,0,0.0013546628
0,1,0.56766593
0,0,0.04477208
0,1,0.9933106
0,1,0.6060042
0,1,0.74299145
0,1,0.99944466
0,0,0.2384828
0,0,0.00355125
0,1,0.9991503
0,0,0.00084665127
0,1,0.99963856
0,0,0.00039690878
0,1,0.98709816
0,1,0.91607225
0,0,0.13459878
0,1,0.92585874
0,1,0.512356
0,1,0.6851017
0,1,0.81002074
0,1,0.8572419
0,0,0.00012670223
0,0,0.40586936
0,1,0.7237984
0,1,0.98854476
0,0,0.0552313
0,0,0.28780264
0,1,0.9947338
0,0,0.012672459
0,1,0.6141725
0,0,0.006526938
0,1,0.72421974
0,1,0.9939295
0,1,0.6402989
0,1,0.99985635
0,0,0.0008875622
0,1,0.999469
0,1,0.8178292
0,0,0.1377867
0,0,0.022237966
0,1,0.92923105
0,0,0.0016517539
0,1,0.951354
0,0,0.0018822802
0,0,0.117062055
0,1,0.99865687
0,0,0.37563407
0,0,0.0008130144
0,1,0.8473738
0,0,0.32451168
0,1,0.94784313
0,0,0.043556787
0,1,0.6458503
0,1,0.64459354
0,0,0.26996338
0,0,0.20127447
0,1,0.9999361
0,0,0.00014263298
0,1,0.9991689
0,0,8.373629e-05
0,1,0.99266547
0,0,0.31174985
0,0,5.2912455e-05
0,1,0.84071034
0,1,0.9779513
0,1,0.6662764
0,0,0.39323026
0,0,0.0026890456
0,0,0.32907006
0,0,4.235201e-05
0,1,0.98329115
0,1,0.99698275
0,1,0.9886354
0,1,0.56275654
0,0,4.693036e-05
0,1,0.7842735
0,0,0.24975604
0,1,0.9433021
0,0,0.17045635
0,1,0.99888974
0,0,0.00015442785
0,1,0.9998777
0,0,0.36945173
0,0,0.010508708
0,0,0.025985185
0,1,0.74226534
0,1,0.9965873
0,0,0.00027194608
0,1,0.5867737
0,1,0.9980446
0,1,0.9830168
0,0,0.16065161
0,0,0.02285708
0,0,0.016479248
0,0,0.0021378573
0,1,0.9670263
0,1,0.8799268
0,1,0.86158633
0,0,0.013893602
0,0,6.440376e-05
0,0,0.014726676
0,0,0.0010330623
0,1,0.9808317
0,0,0.00024427334
0,0,0.003562238
0,0,0.094325036
0,1,0.88520706
0,0,0.42212564
0,0,0.4726141
0,0,7.891175e-05
0,0,0.45493484
0,1,0.8558062
0,0,2.9386436e-05
0,1,0.9695237
0,1,0.99910444
0,0,0.016179636
0,1,0.55809355
0,1,0.9787799
0,1,0.9999162
0,0,0.00012194344
0,0,8.8202025e-05
0,0,0.0677561
0,1,0.99991155
0,1,0.9183003
0,0,0.2828637
0,0,0.25349155
0,0,0.17632906
0,0,0.0027687645
0,1,0.50967324
0,1,0.69640726
0,0,0.058628555
0,1,0.8791297
0,0,0.17038743
0,1,0.9998952
0,0,0.19638455
0,0,0.23649727
0,0,0.008864151
0,0,0.30523208
0,0,0.21148336
0,1,0.9885434
0,0,0.0039797532
0,1,0.9815865
0,0,0.004289572
0,0,0.053216163
0,0,0.4617118
0,1,0.9975483
0,0,0.041622136
0,1,0.9989876
0,0,0.07459166
0,0,0.41768056
0,0,4.986158e-05
0,0,0.0010583693
0,0,0.020059954
0,1,0.9994778
0,1,0.97610927
0,1,0.9975032
0,0,0.10353202
0,0,0.020471986
0,0,0.0003603538
0,0,0.03646688
0,1,0.9972076
0,0,0.000120249024
0,1,0.99991965
0,0,0.00012388077
0,1,0.55322
0,0,0.485877
0,0,0.0010689705
0,1,0.96869457
0,0,5.2813848e-05
0,1,0.91817456
0,1,0.5731138
0,0,0.15772082
0,1,0.9986191
0,0,0.43453968
0,1,0.99902225
0,1,0.98949885
0,1,0.99951935
0,0,0.00014700377
0,0,0.00013519346
0,0,0.0006103564
0,0,0.0365775
0,1,0.9913667
0,1,0.99902105
0,0,0.001986435
0,1,0.99697495
0,1,0.5979573
0,1,0.9992091
0,1,0.9478516
0,0,0.051643204
0,1,0.9778335
0,0,0.35133743
0,0,0.013724921
0,0,0.00011263691
0,0,0.015372441
0,0,0.42359138
0,1,0.9729074
0,0,0.0045310427
0,0,0.03547623
0,1,0.50251657
0,0,0.00013948597
0,0,0.00061098154
0,1,0.9938694
0,1,0.7364109
0,1,0.56836987
0,1,0.99414706
0,0,0.047697708
0,0,0.00056031224
0,1,0.9742364
0,1,0.9997732
0,1,0.996523
0,0,0.00075220363
0,1,0.78457195
0,0,0.43415016
0,0,0.053414915
0,0,0.07805589
0,0,5.1756055e-05
0,1,0.58942217
0,0,0.22002444
0,1,0.99185574
0,0,3.4508743e-05
0,0,0.41652977
0,0,0.0008279561
0,0,0.06075457
0,0,0.012417252
0,1,0.99897206
0,0,0.00028914903
0,0,0.00011153582
0,0,0.0002828171
0,1,0.6676422
0,1,0.99011666
0,0,0.0040372536
0,0,0.010267865
0,0,0.4702759
0,1,0.9886757
0,0,0.046583325
0,0,0.11769396
0,1,0.992035
0,0,0.4511272
0,0,0.0057323817
0,1,0.9623325
0,0,0.068546206
0,0,0.003727321
0,1,0.7456533
0,0,5.5102777e-05
0,0,0.21622504
0,0,9.7456796e-05
0,0,0.043507315
0,0,0.00031320142
0,0,6.3078274e-05
0,1,0.99972445
0,1,0.8567568
0,1,0.991503
0,1,0.9652106
0,1,0.99982065
0,0,0.034552112
0,0,0.003651336
0,0,3.2447602e-05
0,0,0.46682623
0,1,0.9998716
0,1,0.8560959
0,1,0.93059236
0,1,0.9391436
0,1,0.81401974
0,0,0.005386705
0,0,0.0055485796
0,1,0.90441465
0,0,0.0004330061
0,1,0.9047608
0,0,0.33350658
0,1,0.7172526
0,1,0.9998227
0,0,0.0044998494
0,1,0.51044047
0,0,0.07771986
0,0,0.00010756074
0,1,0.9095727
0,1,0.5845016
0,1,0.5988229
0,0,0.31083435
0,0,0.010649093
0,1,0.84111804
0,0,0.00023202374
0,1,0.9957826
0,0,0.18246223
0,1,0.99988043
0,1,0.65909106
0,0,0.0021353848
0,0,0.002875082
0,1,0.52912104
0,1,0.99856
0,0,3.507824e-05
0,0,0.17567804
0,1,0.9898969
0,1,0.9793093
0,0,0.00015703148
0,0,0.10511869
0,1,0.6909413
0,0,0.00015796316
0,0,0.056386434
0,1,0.7959122
0,0,0.07118166
0,1,0.9988518
0,0,0.0072409995
0,0,0.067930415
0,1,0.9946824
0,1,0.9913005
0,1,0.8060745
0,0,7.855826e-05
0,1,0.9937384
0,1,0.9923341
0,1,0.9320051
0,0,0.20488334
0,0,0.31352577
0,1,0.8773008
0,0,3.399605e-05
0,0,0.328495
0,1,0.94282687
0,0,0.0009548172
0,1,0.85795283
0,0,0.29456967
0,0,0.093175106
0,1,0.9757985
0,0,0.49430937
0,0,0.005365858
0,0,0.0013803855
0,0,0.00044505505
0,1,0.9970221
0,0,0.001859008
0,0,0.22000061
0,0,0.00023497401
0,0,0.33142135
0,0,0.0003068688
0,1,0.99908304
0,1,0.66280776
0,1,0.60826313
0,0,0.010304637
0,0,0.00017668348
0,0,0.0007615835
0,0,0.09810514
0,0,0.22654541
0,0,0.00034992784
0,0,0.2847577
0,1,0.94036347
0,0,0.20855354
0,0,0.2756989
0,1,0.8073163
0,1,0.8634226
0,0,0.21634653
0,0,4.4765304e-05
0,0,0.08594696
0,1,0.8975403
0,1,0.9768356
0,0,0.21792708
0,0,0.00018168607
0,1,0.68509525
0,0,0.000339686
0,1,0.9999441
0,1,0.6334827
0,0,0.21487036
0,0,0.00010389898
0,0,0.016585289
0,0,0.044449423
0,1,0.8810833
0,0,0.019896686
0,1,0.7534118
0,0,0.00078907347
0,0,5.7890084e-05
0,0,0.12309402
0,0,0.122861624
0,0,0.00014323324
0,0,0.27380523
0,1,0.9793825
0,1,0.9530773
0,1,0.99944407
0,1,0.9834477
0,0,0.00016207345
0,1,0.8441419
0,0,0.220159
0,1,0.8236739
0,0,0.00025013715
0,1,0.8688194
0,0,9.3668066e-05
0,1,0.99384683
0,0,0.42668805
0,0,0.012346365
0,0,0.0015021439
0,0,0.12434713
0,0,4.5040688e-05
0,0,5.0184626e-05
0,0,0.22322187
0,1,0.99510163
0,0,0.04033562
0,1,0.9534171
0,0,0.00010410705
0,0,0.0008866864
0,0,0.03473801
0,0,0.00535468
0,1,0.9806834
0,1,0.9995912
0,0,0.22424147
0,0,0.046179414
0,0,0.33065993
0,0,0.024816122
0,0,0.027144043
0,0,6.378053e-05
0,0,0.0028754808
0,0,3.651028e-05
0,0,0.021715382
0,1,0.89357966
0,0,0.0003575413
0,0,0.054506693
0,1,0.7275484
0,0,0.00177747
0,0,0.021553317
0,0,0.12295564
0,1,0.70869887
0,0,0.39547557
0,0,6.329012e-05
0,1,0.9998698
0,0,0.0002974944
0,1,0.93211687
0,0,0.30901003
0,0,0.0050336677
0,0,0.09278622
0,0,0.22229964
0,0,0.022300307
0,1,0.85708946
0,0,0.22603127
0,1,0.8589293
0,0,0.00079156744
0,0,0.27343324
0,1,0.7794728
0,1,0.9995321
0,1,0.6543987
0,1,0.87578166
0,0,0.10562931
0,0,0.24371953
0,1,0.9850971
0,0,5.7962567e-05
0,1,0.7894174
0,1,0.9999343
0,1,0.9938002
0,0,0.0008283127
0,0,0.20498638
0,0,0.002622174
0,1,0.9797763
0,1,0.84997267
0,0,0.26649526
0,1,0.93884385
0,0,0.27719504
0,0,0.42047673
0,0,0.07952892
0,0,0.006261993
0,1,0.989291
0,0,0.0018588853
0,0,0.00020563237
0,1,0.9646326
0,0,0.2475753
0,0,0.24266683
0,0,0.053756524
0,1,0.8444656
0,0,0.085299544
0,1,0.61404353
0,1,0.9970086
0,0,0.0010779102
0,1,0.8202418
0,1,0.9746541
0,1,0.9998061
0,0,0.0206506
0,1,0.6226624
0,0,0.00043995996
0,0,0.00012625672
0,1,0.62598723
0,0,0.003467491
0,0,0.019452114
0,0,0.060327373
0,0,0.00014520924
0,1,0.9995722
0,0,3.3775017e-05
0,1,0.87254995
0,1,0.9768883
0,0,0.4217346
0,0,0.00096522784
0,0,0.0034574086
0,0,0.021055248
0,1,0.850355
0,1,0.5772979
0,1,0.9963115
0,1,0.99990845
0,0,0.32420704
0,0,0.47030714
0,0,0.04186224
0,0,0.0001554674
0,0,0.006526663
0,1,0.65117806
0,0,0.1454354
0,1,0.9440615
0,1,0.6331112
0,0,0.012537906
0,0,0.12546359
0,0,0.0037413498
0,0,0.00032943714
0,1,0.9918555
0,0,0.0009270201
0,1,0.99452597
0,1,0.7719776
0,0,0.04231402
0,1,0.967634
0,1,0.9997347
0,0,0.49684855
0,1,0.99993324
0,1,0.9945326
0,1,0.93193865
0,0,2.6976659e-05
0,0,0.010360766
0,0,0.35139763
0,0,0.35671377
0,1,0.9997805
0,1,0.66157055
0,1,0.8558664
0,0,0.009327875
0,1,0.67969567
0,0,0.01103891
0,1,0.9764156
0,0,5.2121435e-05
0,0,0.032607738
0,0,0.42944148
0,0,0.022759786
0,1,0.506903
0,0,0.014484673
0,1,0.6969403
0,1,0.9971282
0,0,0.0023986723
0,1,0.63639927
0,1,0.99917823
0,1,0.8266916
0,0,0.21443678
0,0,0.00018011848
0,1,0.80293113
0,0,8.710555e-05
0,0,0.002984703
0,1,0.9994593
0,1,0.9900096
0,1,0.62337583
0,0,0.00025646912
0,0,0.00043475832
0,0,0.0001368478
0,1,0.7487616
0,1,0.76088405
0,0,0.05632623
0,0,0.0007492115
0,0,0.00012870277
0,0,0.00011255498
0,0,0.020815587
0,1,0.9015152
0,0,0.13983004
0,1,0.9994336
0,0,0.22948998
0,0,0.12503086
0,1,0.6879081
0,0,0.004469239
0,0,0.005016883
0,1,0.551826
0,0,0.1172615
0,0,0.02858378
0,1,0.749666
0,1,0.74919766
0,0,0.2805004
0,1,0.73931223
0,0,0.031052858
0,1,0.7918798
0,1,0.92738414
0,0,0.00012141829
0,0,0.010137845
0,0,6.338556e-05
0,0,0.18482505
0,1,0.9999268
0,0,0.0005916246
0,1,0.5151223
0,0,0.44970885
0,1,0.9999074
0,1,0.99987483
0,1,0.6807496
0,0,0.3362536
0,0,0.004561649
0,0,0.004127695
0,1,0.58502567
0,0,0.00014397992
0,0,0.00029778777
0,1,0.999846
0,0,0.00014555414
0,1,0.55567825
0,0,0.10815629
0,0,0.21951038
0,0,9.5994714e-05
0,1,0.9716523
0,0,0.27166346
0,1,0.64936775
0,0,0.1028005
0,1,0.96395886
0,1,0.9814494
0,0,0.012685079
0,1,0.95501006
0,0,0.1497129
0,1,0.66629994
0,0,0.30196843
0,1,0.99836594
0,1,0.9996327
0,0,0.0001843585
0,0,0.089216135
0,0,0.00014749097
0,0,0.1834809
0,0,0.030285386
0,1,0.99523455
0,0,0.18825932
0,1,0.89464056
0,1,0.992512
0,0,0.14312954
0,0,0.042296033
0,0,0.4114527
0,1,0.99985135
0,0,0.14945066
0,1,0.6306409
0,1,0.99642617
0,1,0.9971934
0,0,2.823685e-05
0,1,0.9853506
0,1,0.5086643
0,1,0.9986588
0,1,0.6970487
0,1,0.99984264
0,1,0.9889414
0,0,0.0014119484
0,1,0.82006794
0,0,0.27251583
0,0,0.26625574
0,0,0.01997672
0,0,0.0008504421
0,1,0.9781345
0,1,0.96886605
0,1,0.99348795
0,1,0.9533857
0,1,0.9990584
0,1,0.94112396
0,1,0.9993591
0,1,0.97065556
0,1,0.5135104
0,0,0.004333117
0,0,0.0362158
0,1,0.95288295
0,0,0.00041203617
0,1,0.9978823
0,1,0.99460405
0,1,0.9977291
0,0,0.0018808491
0,0,0.014378734
0,0,0.010192771
0,0,0.11477039
0,0,0.0065842182
0,0,0.042046975
0,1,0.94792616
0,0,0.0010650976
0,1,0.9613917
0,0,0.05761647
0,1,0.8651671
0,0,0.043644972
0,1,0.7526435
0,0,0.34123784
0,0,0.00077707006
0,1,0.85685325
0,0,0.0002796569
0,0,5.8311616e-05
0,0,0.0016100523
0,0,0.4029299
0,0,0.32919517
0,1,0.98416764
0,1,0.77960724
0,0,0.00032277056
0,0,0.41675356
0,0,0.41210553
0,1,0.8827027
0,0,0.020873064
0,1,0.9889782
0,0,0.23878577
0,1,0.50397754
0,1,0.7733433
0,1,0.9986808
0,0,0.033358898
0,1,0.79868215
0,1,0.6294762
0,0,0.06868653
0,0,7.16707e-05
0,0,0.3696834
0,0,0.09768518
0,0,0.034039065
0,1,0.59231174
0,0,5.9849906e-05
0,1,0.9817446
0,0,0.06925443
0,0,0.015135854
0,1,0.90226203
0,0,0.20288147
0,0,0.042582147
0,1,0.98056304
0,1,0.9851031
0,0,0.27144623
0,0,0.4872893
0,0,0.0009812439
0,1,0.7789713
0,0,0.27505848
0,1,0.97292656
0,0,0.11761072
0,0,0.0018302395
0,1,0.9991278
0,1,0.9940852
0,0,0.01412477
0,0,0.0022254232
0,1,0.97447103
0,0,0.0005525158
0,0,4.1808027e-05
0,1,0.99840003
0,0,0.2740863
0,0,0.041439857
0,0,8.938248e-05
0,1,0.9288898
0,0,0.00038554834
0,0,0.00091129175
0,1,0.642052
0,1,0.5984758
0,0,0.30455714
0,0,0.000121610065
0,0,0.29634878
0,1,0.89391357
0,1,0.9961116
0,0,0.0009985627
0,0,8.009824e-05
0,0,0.0015822154
0,1,0.9605089
0,1,0.9950805
0,0,0.0016476647
0,1,0.9821962
0,1,0.9843539
0,1,0.99371284
0,1,0.7494672
0,1,0.5997981
0,0,0.032252036
0,0,0.43693396
0,0,0.00792023
0,1,0.97884697
0,1,0.9987338
0,0,3.5364108e-05
0,1,0.9899697
0,1,0.9998952
0,1,0.8537731
0,1,0.9994178
0,1,0.7435525
0,1,0.70854396
0,0,0.49651605
0,0,0.07875921
0,1,0.9977356
0,0,8.31876e-05
0,0,0.001688928
0,1,0.52204317
0,1,0.9929195
0,1,0.985298
0,1,0.73156893
0,0,7.645505e-05
0,1,0.88638103
0,1,0.70205086
0,0,0.00091324735
0,1,0.9962515
0,0,0.000112077956
0,0,0.05659932
0,1,0.6793032
0,0,0.20039257
0,1,0.99758387
0,1,0.9928718
0,1,0.53399134
0,1,0.9461884
0,0,0.0012498361
0,0,0.42395023
0,1,0.99768984
0,1,0.5577887
0,1,0.8886151
0,0,0.41690174
0,1,0.95952994
0,1,0.99130625
0,0,0.0083929775
0,0,0.3349536
0,0,0.013815023
0,0,0.0033902987
0,1,0.98062426
0,0,0.23483174
0,1,0.99861217
0,0,0.00021224728
0,0,0.0003473814
0,0,0.018970473
0,0,0.039825086
0,0,0.49560115
0,0,0.0003862267
0,0,0.055087093
0,0,0.07201746
0,0,0.12837286
0,1,0.97506875
0,0,0.00017361564
0,0,0.00057683326
0,1,0.999605
0,0,8.979503e-05
0,1,0.99229044
0,0,0.13153586
0,0,3.377444e-05
0,1,0.99959797
0,0,0.0036548008
0,0,0.21222465
0,0,0.000814035
0,0,6.458684e-05
0,0,8.2690916e-05
0,1,0.9998653
0,0,0.0040378016
0,1,0.971914
0,0,0.009283078
0,1,0.5903068
0,0,0.07796205
0,0,0.21694112
0,0,0.2992696
0,0,0.0006647475
0,0,0.2897342
0,0,0.17157704
0,0,0.4216203
0,0,0.48829293
0,1,0.9917454
0,0,0.3148686
0,0,0.15177014
0,0,0.0148304235
0,0,0.0007903603
0,0,0.0056633176
0,0,0.4941849
0,0,0.4049663
0,0,0.08347393
0,0,0.26907396
0,1,0.98741186
0,0,0.008180719
0,1,0.99985814
0,0,4.717266e-05
0,0,0.41312972
0,0,0.0002297425
0,0,0.10482652
0,0,6.268832e-05
0,0,0.4711191
0,1,0.96960676
0,0,0.09546284
0,0,0.00013827083
0,1,0.9951025
0,0,0.024939777
0,0,0.31922174
0,0,0.00049355486
0,0,0.0067629414
0,1,0.99656004
0,1,0.93431157
0,0,0.36361873
0,1,0.9999528
0,1,0.9985266
0,1,0.8103065
0,1,0.99965036
0,0,0.029416198
0,0,0.019799259
0,1,0.65218085
0,0,0.006092802
0,1,0.56705916
0,0,0.00086281815
0,0,0.4544717
0,1,0.9997991
0,1,0.9995902
0,1,0.9996123
0,1,0.5017639
0,1,0.9925289
0,0,0.0019268999
0,1,0.9993579
0,1,0.99677485
0,0,0.0025585527
0,1,0.8417723
0,0,0.45696798
0,1,0.741062
0,1,0.99989665
0,0,5.880223e-05
0,0,0.21806051
0,0,0.48064017
0,0,0.07529884
0,0,0.004269469
0,1,0.95006734
0,0,8.964069e-05
0,0,0.15643
0,1,0.7427718
0,0,6.414522e-05
0,0,0.0046421876
0,0,0.18073545
0,0,0.024049535
0,1,0.99545985
0,1,0.74524844
0,1,0.98642343
0,1,0.98096573
0,0,0.00062183
0,1,0.99893755
0,1,0.71153384
0,0,0.035169706
0,0,0.0070001385
0,0,0.08911653
0,0,0.004442256
0,1,0.8071345
0,0,0.0043282537
0,0,0.055604927
0,0,0.00079932425
0,0,0.08239296
0,1,0.964576
0,0,0.00014664032
0,1,0.9910965
0,0,0.37897974
0,1,0.9992798
0,0,8.449678e-05
0,0,0.000696316
0,1,0.9821176
0,0,0.11761156
0,0,0.0003524764
0,0,0.00021885219
0,1,0.7683666
0,0,0.11807714
0,0,0.0019829613
0,1,0.99756587
0,1,0.8997264
0,0,0.028339026
0,0,0.00041321188
0,0,0.082351044
0,0,0.25159323
0,0,0.0001906973
0,0,0.0001865261
0,0,0.00074559904
0,0,0.00068044406
0,1,0.92943424
0,0,0.36060357
0,1,0.9463821
0,0,0.00023887354
0,1,0.5465848
0,1,0.9852533
0,1,0.9908036
0,1,0.9985178
0,1,0.9996778
0,1,0.6223689
0,1,0.95476204
0,0,0.0018063542
0,1,0.99225205
0,0,0.00014095564
0,1,0.98903114
0,0,0.121184655
0,0,0.0028182475
0,0,0.15304668
0,0,0.0076287114
0,0,0.0041767964
0,0,0.033967678
0,0,0.38965243
0,0,0.12858102
0,1,0.6210483
0,1,0.8938564
0,0,9.1722526e-05
0,0,0.022962548
0,0,5.0683127e-05
0,1,0.60744256
0,1,0.8889634
0,1,0.941494
0,1,0.95050997
0,1,0.5786192
0,1,0.50663006
0,1,0.94102687
0,0,0.021657616
0,1,0.68129474
0,1,0.9754494
0,1,0.7060592
0,0,0.012963941
0,0,0.4507306
0,0,5.669817e-05
0,1,0.9689059
0,1,0.8816932
0,1,0.99928004
0,1,0.98990566
0,0,0.0029966459
0,1,0.99769837
0,1,0.63813496
0,1,0.9971635
0,1,0.999806
0,1,0.990488
0,0,0.12713228
0,1,0.93188244
0,0,0.005070454
0,1,0.9989635
0,0,0.27869666
0,0,0.112283
0,0,0.32087883
0,0,0.071406215
0,0,0.35486692
0,0,8.93651e-05
0,0,0.07000099
0,1,0.572822
0,0,0.08073252
0,0,0.007220243
0,0,0.09141339
0,0,0.20659672
0,1,0.96135736
0,0,0.006658865
0,0,0.4282885
0,1,0.99964213
0,0,0.00011566341
0,0,0.042656858
0,1,0.79980886
0,0,0.00022824713
0,1,0.78493255
0,0,0.0002104809
0,0,0.469018
0,0,6.211805e-05
0,0,0.00064045034
0,0,0.00012008597
0,1,0.85686195
0,1,0.97723675
0,1,0.9955006
0,0,0.20405969
0,0,0.34706476
0,1,0.5399782
0,0,0.43811467
0,0,0.0006021446
0,1,0.88123137
0,1,0.9954129
0,1,0.98545516
0,1,0.99678063
0,0,0.009986753
0,0,0.0016852155
0,0,0.1187029
0,0,0.0007335418
0,1,0.9997236
0,1,0.78445727
0,1,0.5944102
0,0,0.013847113
0,0,0.02371925
0,0,0.00011023021
0,0,0.061666258
0,1,0.8383615
0,0,0.05623505
0,1,0.9221124
0,1,0.99937963
0,0,0.37863448
0,1,0.81637496
0,1,0.8945113
0,0,0.00016301392
0,1,0.86004704
0,0,0.12612936
0,0,0.23242442
0,1,0.9473348
0,1,0.9808642
0,1,0.9900159
0,1,0.9962507
0,1,0.99522877
0,0,0.009989378
0,0,0.0012620795
0,0,0.03217502
0,0,0.018430889
0,1,0.9849437
0,1,0.9019846
0,1,0.5246051
0,1,0.88616675
0,1,0.98347235
0,0,0.45325005
0,1,0.9527728
0,0,0.0108505525
0,0,0.000724261
0,1,0.99983966
0,0,0.39080328
0,0,0.00095924834
0,0,0.0010999966
0,1,0.9944166
0,1,0.9233338
0,1,0.9989656
0,0,0.3526428
0,0,0.0065898034
0,0,0.0014091515
0,0,0.00016816234
0,1,0.99949384
0,0,0.00037563514
0,0,0.00015522922
0,0,0.07950631
0,1,0.9993612
0,0,0.00073336216
0,0,0.09956711
0,0,3.1007443e-05
0,1,0.98446935
0,0,0.027277855
0,0,0.46454453
0,1,0.99919003
0,0,0.02810686
0,1,0.60826
0,1,0.55724394
0,1,0.9853498
0,0,0.2806356
0,1,0.5128091
0,0,0.009558916
0,1,0.998437
0,0,0.0764575
0,0,6.438416e-05
0,0,0.020266
0,0,3.607991e-05
0,1,0.994732
0,1,0.8673827
0,0,0.21061721
0,1,0.58444375
0,0,3.6423993e-05
0,1,0.70348
0,1,0.88518465
0,1,0.9573057
0,0,0.0024162533
0,0,0.19821921
0,0,7.245361e-05
0,1,0.79073775
0,0,0.106580004
0,0,0.030351127
0,0,8.451087e-05
0,1,0.9992884
0,1,0.86721015
0,0,0.0032132568
0,0,0.01674639
0,0,0.021718876
0,0,0.40615398
0,0,0.13877408
0,1,0.51184064
0,1,0.6985727
0,0,0.070087306
0,1,0.9759473
0,1,0.62572825
0,0,0.0001721656
0,0,0.016379824
0,0,0.00034917533
0,0,0.0064509534
0,1,0.9990804
0,1,0.9883333
0,1,0.8067298
0,1,0.5879962
0,0,0.012255283
0,0,0.104660265
0,1,0.989934
0,0,0.09611315
0,0,0.002727997
0,1,0.92230386
0,0,0.0005725962
0,1,0.7134746
0,0,0.028279684
0,0,0.00012566542
0,1,0.9211145
0,1,0.99749714
0,0,0.0028596597
0,0,0.02264431
0,0,0.07782572
0,0,0.40097806
0,0,0.00014102233
0,1,0.970183
0,0,0.15282615
0,0,0.044282727
0,0,9.075877e-05
0,1,0.5550574
0,1,0.99807215
0,0,0.020569151
0,1,0.636353
0,1,0.6924884
0,0,0.0125465095
0,1,0.9911902
0,1,0.99838483
0,1,0.996653
0,0,0.21818928
0,1,0.9963199
0,0,0.016269399
0,1,0.880174
0,0,0.28741345
0,0,0.0003491061
0,0,0.0033384217
0,0,0.21166852
0,0,0.0005739141
0,0,0.0006519662
0,1,0.9908116
0,0,0.46632907
0,1,0.9908722
0,0,0.00711794
0,0,0.077576846
0,1,0.82882196
0,0,0.03636639
0,1,0.9986136
0,1,0.99969673
0,1,0.9941047
0,0,0.00050928566
0,0,0.03901937
0,1,0.98676074
0,1,0.967872
0,0,0.3094878
0,0,0.37719995
0,1,0.83245856
0,0,0.013080108
0,1,0.70280176
0,0,5.5788867e-05
0,0,0.00016844463
0,0,0.49632865
0,0,0.33674842
0,0,0.27414814
0,1,0.87216085
0,0,0.10332974
0,0,0.075200066
0,0,0.00086372957
0,1,0.9996804
0,1,0.99983776
0,1,0.99972755
0,1,0.9963445
0,0,0.0015386216
0,0,0.2892094
0,0,0.05189948
0,0,0.0061750733
0,0,0.22328246
0,0,0.31760836
0,0,0.00011348451
0,0,0.029025093
0,0,0.0020192617
0,0,0.00039834937
0,1,0.88865685
0,0,0.2648578
0,0,0.000108944485
0,0,0.028940065
0,1,0.6923103
0,1,0.9989151
0,1,0.96615565
0,0,0.09373527
0,0,0.0030636368
0,1,0.99987817
0,0,4.9385806e-05
0,1,0.9809964
0,1,0.99729675
0,1,0.99907804
0,0,3.356259e-05
0,1,0.56065637
0,0,0.02262398
0,1,0.9973671
0,0,0.16633771
0,1,0.93948984
0,1,0.9986041
0,1,0.5698596
0,0,0.45837873
0,0,0.00020062104
0,1,0.99988997
0,0,0.00076417223
0,0,0.17834403
0,1,0.998403
0,1,0.8151937
0,1,0.9790836
0,1,0.9995751
0,1,0.9833487
0,1,0.9844981
0,0,0.0006554905
0,1,0.9998796
0,0,0.044018053
0,0,0.011065136
0,0,0.3195773
0,1,0.9988996
0,0,0.0007753312
0,1,0.95943624
0,0,0.011250798
0,1,0.99940777
0,0,0.41486943
0,1,0.556189
0,0,0.000116752446
0,1,0.9915969
0,1,0.9938147
0,1,0.90595156
0,0,0.0006174472
0,1,0.9545466
0,0,0.11732427
0,0,0.006279054
0,1,0.8636321
0,1,0.98313683
0,1,0.9960376
0,1,0.9847206
0,1,0.6603523
0,0,5.3727108e-05
0,0,0.00012985972
0,1,0.58429235
0,1,0.9252114
0,1,0.6688037
0,0,0.00026393996
0,0,6.6281566e-05
0,0,0.018341139
0,1,0.8836813
0,0,0.0015312232
0,1,0.999413
0,1,0.9354564
0,0,0.00022799437
0,1,0.9844854
0,1,0.99802834
0,0,0.38215274
0,1,0.91167164
0,1,0.5963268
0,0,0.020878403
0,1,0.8698748
0,0,0.00017909198
0,1,0.9998698
0,0,0.0022284407
0,1,0.9712867
0,1,0.97984904
0,0,0.0532801
0,1,0.99819773
0,1,0.5502505
0,0,0.002543037
0,0,0.33629614
0,0,0.0010077539
0,0,0.032919634
0,1,0.9398724
0,0,0.03087096
0,0,0.00010804956
0,0,0.42693833
0,0,3.7341506e-05
0,1,0.61411905
0,0,0.003665305
0,0,0.12946852
0,1,0.57415813
0,1,0.999925
0,1,0.9914534
0,0,0.0031011323
0,0,0.04494006
0,0,0.13584585
0,1,0.851714
0,1,0.96067905
0,1,0.9932261
0,1,0.7607936
0,1,0.7918969
0,0,0.0005233887
0,1,0.9834899
0,0,0.00017519477
0,1,0.999739
0,0,0.0024053543
0,1,0.52098584
0,0,0.117270485
0,1,0.99896204
0,1,0.92475593
0,0,0.026746508
0,1,0.99914396
0,0,0.0804017
0,0,0.06462307
0,0,0.005588473
0,1,0.5017497
0,0,0.43647385
0,1,0.7001192
0,0,0.062166784
0,0,0.26609
0,0,0.42013943
0,1,0.80991155
0,0,0.35392526
0,0,0.32248452
0,1,0.9598477
0,1,0.693781
0,1,0.7855879
0,0,0.389059
0,0,0.0001422782
0,1,0.5423313
0,0,0.30507118
0,0,0.00082616153
0,0,0.019502651
0,1,0.69999343
0,1,0.9995233
0,0,0.48545972
0,1,0.78488135
0,1,0.9836646
0,0,0.0837212
0,0,0.018438164
0,0,0.13324763
0,1,0.69652987
0,1,0.9997545
0,0,0.00015340112
0,0,0.00947627
0,1,0.63721454
0,0,0.00086185854
0,0,0.0006511397
0,0,0.00010387779
0,1,0.9977102
0,1,0.9971439
0,1,0.9999262
0,0,0.08917362
0,0,5.3950855e-05
0,0,0.0007054106
0,1,0.91783834
0,0,0.04499334
0,1,0.9994795
0,0,0.011654457
0,1,0.8304495
0,0,0.0015768651
0,0,0.0006929302
0,0,7.039852e-05
0,1,0.7326724
0,1,0.9344145
0,1,0.533959
0,1,0.98340917
0,1,0.9298558
0,0,0.35149124
0,0,0.45537928
0,0,0.017090693
0,0,5.486829e-05
0,0,0.00020445914
0,1,0.67951685
0,1,0.53715074
0,0,0.042484015
0,1,0.942572
0,1,0.8225796
0,0,0.00359238
0,0,0.006286244
0,1,0.7812945
0,0,0.028117094
0,0,0.011460317
0,0,0.0048393984
0,0,0.020010944
0,1,0.99712676
0,0,0.038963858
0,0,0.00070973876
0,1,0.7046459
0,0,0.13073485
0,0,0.00037817648
0,0,0.0021687525
0,0,9.3890565e-05
0,0,0.16849856
0,1,0.976776
0,0,0.001388524
0,0,0.001749707
0,0,0.00043301293
0,1,0.8455557
0,0,0.40671313
0,1,0.99414045
0,1,0.95392615
0,1,0.99302214
0,0,0.39029297
0,1,0.9606328
0,1,0.65307975
0,1,0.7762563
0,1,0.99894375
0,1,0.5146024
0,0,0.00019248594
0,0,0.0066409865
0,1,0.9998622
0,0,0.00027770034
0,1,0.8430114
0,0,0.089400746
0,0,7.4334734e-05
0,0,0.017953075
0,1,0.9998325
0,1,0.98190856
0,1,0.9494557
0,0,0.00010832563
0,0,0.00897784
0,1,0.974761
0,1,0.99667114
0,1,0.9223002
0,1,0.9998851
0,1,0.9988619
0,1,0.9998005
0,1,0.91800416
0,1,0.62047493
0,0,0.0005607017
0,1,0.9555883
0,1,0.94775146
0,0,0.00020744983
0,1,0.64228094
0,1,0.6482784
0,1,0.95380855
0,0,0.0226411
0,0,0.00011707788
0,0,0.023822848
0,0,0.023223478
0,0,5.5451583e-05
0,0,0.002497185
0,0,0.20636398
0,0,0.0043607336
0,0,0.20705442
0,0,0.29290172
0,0,0.40770286
0,1,0.9908082
0,0,0.4168465
0,0,0.00048654195
0,0,0.043193355
0,1,0.95114326
0,0,0.11313225
0,1,0.8888209
0,1,0.92973185
0,0,0.0004135181
0,0,0.15160263
0,0,0.12747134
0,0,0.14225778
0,1,0.9980708
0,1,0.7083544
0,0,0.40909162
0,1,0.99726886
0,0,0.0020036271
0,0,0.25509837
0,0,0.32055756
0,0,0.058670837
0,0,0.000367452
0,0,0.3142547
0,0,0.023784705
0,1,0.6345038
0,1,0.9877495
0,0,0.22961599
0,0,0.29075953
0,0,0.32840565
0,1,0.56034094
0,1,0.80911326
0,0,0.00027562972
0,1,0.998139
0,1,0.97129166
0,0,0.26167184
0,0,0.00013229025
0,0,0.29172248
0,0,0.00045509593
0,0,0.0123833185
0,1,0.9998623
0,0,0.0021538069
0,0,0.1481992
0,0,0.13626035
0,1,0.681655
0,0,0.056759454
0,0,5.335154e-05
0,0,0.3668015
0,0,0.1198063
0,0,0.109476514
0,0,0.0006828487
0,0,4.063881e-05
0,0,0.22007753
0,0,0.0015467466
0,1,0.9224947
0,0,0.10076977
0,0,0.3386849
0,1,0.99689144
0,1,0.99961984
0,0,0.008998023
0,1,0.99992645
0,0,0.025914256
0,0,0.00091133855
0,1,0.96205074
0,1,0.91565615
0,0,0.00027322522
0,0,0.006406212
0,1,0.98830557
0,1,0.8327104
0,0,0.4093678
0,1,0.9959694
0,1,0.7019026
0,0,0.17417894
0,0,6.7896326e-05
0,0,0.00074986654
0,0,0.00036700844
0,0,0.28246692
0,0,0.4789827
0,0,0.00818745
0,0,0.042339824
0,0,0.0058968626
0,0,3.9032562e-05
0,1,0.9998766
0,0,0.033409096
0,0,0.45168525
0,0,5.056042e-05
0,1,0.6049726
0,0,0.00096784404
0,0,4.4745164e-05
0,1,0.91360414
0,0,0.24541089
0,1,0.9923133
0,1,0.78948647
0,1,0.9919191
0,0,0.01342814
0,0,0.021579742
0,1,0.999811
0,1,0.6198531
0,0,0.00013029532
0,1,0.9999107
0,0,0.0015166186
0,1,0.99990857
0,1,0.9999137
0,0,9.4917166e-05
0,1,0.9997496
0,1,0.83629304
0,0,0.000686194
0,1,0.90388715
0,1,0.9211849
0,1,0.9796882
0,0,3.6760146e-05
0,1,0.95293677
0,1,0.99900335
0,0,0.10239925
0,0,0.40984
0,1,0.9602039
0,1,0.983294
0,1,0.9993498
0,0,0.11322018
0,0,0.446133
0,1,0.6575414
0,0,0.40406594
0,0,0.07297166
0,1,0.8558882
0,1,0.99928457
0,0,0.0165294
0,0,0.00013262218
0,0,0.017806482
0,1,0.9854666
0,1,0.996687
0,1,0.99717855
0,0,0.0019532095
0,0,0.025063746
0,0,0.004118281
0,1,0.999622
0,0,0.08417892
0,0,0.22321714
0,1,0.9956643
0,0,0.11999281
0,0,0.00032890553
0,1,0.9931329
0,1,0.99977666
0,0,0.00021973034
0,0,0.0019844188
0,1,0.99192375
0,1,0.9922637
0,0,6.5219014e-05
0,0,0.0009193847
0,0,0.00019499917
0,0,0.0006011062
0,1,0.9122481
0,1,0.93786526
0,0,0.29941776
0,1,0.9325787
0,1,0.9998394
0,0,0.25187993
0,1,0.8396573
0,0,0.13132334
0,1,0.9998522
0,0,0.00074784126
0,0,3.4831202e-05
0,0,0.033211615
0,0,0.024365863
0,0,0.00022295161
0,1,0.8146521
0,1,0.6586687
0,0,9.006473e-05
0,0,0.044511396
0,1,0.9727759
0,1,0.68272835
0,0,0.1043208
0,0,0.0013565439
0,0,0.009147316
0,0,0.0015617664
0,1,0.99885964
0,0,3.7472277e-05
0,1,0.8015888
0,1,0.9996159
0,0,0.00010338665
0,0,0.0005690868
0,0,0.19467
0,1,0.99773383
0,0,0.4727161
0,0,0.0007824543
0,0,0.33999094
0,0,6.9514885e-05
0,0,0.49330333
0,0,6.255789e-05
0,1,0.9518321
0,0,0.0019210395
0,1,0.974415
0,0,0.005379302
0,0,0.027272845
0,0,0.003135052
0,1,0.7065464
0,0,6.78452e-05
0,0,0.00022510771
0,1,0.61900383
0,1,0.97314125
0,0,5.206544e-05
0,0,0.00011679789
0,0,0.053561628
0,0,0.06467602
0,0,0.3529471
0,1,0.6886083
0,0,0.19732934
0,1,0.9309243
0,0,0.00042919474
0,0,0.0042615053
0,1,0.9008014
0,1,0.63823867
0,0,0.41723663
0,1,0.69945216
0,1,0.9761914
0,0,0.42531267
0,1,0.99286616
0,1,0.99987113
0,1,0.99190724
0,0,0.23579314
0,1,0.9998361
0,1,0.9976655
0,0,0.19426937
0,1,0.9004456
0,0,0.03377466
0,1,0.5883037
0,0,0.03485694
0,1,0.62687397
0,1,0.9977247
0,0,0.14473224
0,1,0.9999045
0,1,0.81724524
0,1,0.98847544
0,1,0.5001054
0,1,0.5306777
0,0,0.29553604
0,1,0.9986481
0,0,5.2075127e-05
0,0,0.0022429652
0,0,0.00042799828
0,0,0.0015174862
0,1,0.9992176
0,0,0.07599736
0,0,0.013222436
0,1,0.95762855
0,1,0.7590658
0,1,0.99864
0,1,0.95296836
0,0,0.034740575
0,1,0.813214
0,1,0.9999441
0,0,0.20527431
0,0,0.39193928
0,0,0.0038063743
0,0,0.0029232537
0,0,7.665025e-05
0,1,0.7598459
0,0,0.32951325
0,1,0.76316166
0,0,0.0004243327
0,0,0.00054391404
0,0,0.25213677
0,1,0.9325814
0,0,0.19318606
0,0,0.0107072815
0,0,8.58016e-05
0,1,0.8415688
0,1,0.9781406
0,1,0.94847053
0,1,0.87843406
0,1,0.965528
0,0,0.41597417
0,0,0.05191553
0,0,0.30061916
0,0,0.0033585825
0,0,0.047513887
0,1,0.9998652
0,0,0.0014061657
0,0,0.00028939283
0,0,0.010440485
0,1,0.99935395
0,0,0.0480428
0,0,0.017509049
0,1,0.9998227
0,0,0.13819532
0,1,0.75126845
0,1,0.9996475
0,1,0.99901915
0,1,0.86117584
0,0,0.0029894956
0,0,0.021397145
0,0,0.0013192665
0,1,0.9984297
0,1,0.99893373
0,0,0.0020498578
0,0,0.00012096574
0,0,0.119432874
0,1,0.98368686
0,0,0.14128193
0,0,0.105265185
0,1,0.95390826
0,0,0.0024363261
0,1,0.9942767
0,1,0.99969625
0,0,0.00012964048
0,0,0.35393807
0,1,0.9707558
0,0,5.1284638e-05
0,1,0.79162574
0,0,0.00090641546
0,0,8.9434674e-05
0,1,0.9621989
0,0,0.0026556472
0,0,0.0018256528
0,0,0.045002457
0,1,0.9979615
0,0,0.19221863
0,0,0.03491935
0,0,0.49018213
0,0,2.782665e-05
0,0,0.29111776
0,1,0.90628946
0,1,0.9997013
0,1,0.6208888
0,0,9.095562e-05
0,1,0.99890435
0,1,0.75746936
0,1,0.90448207
0,0,0.010131545
0,1,0.9512479
0,0,0.0110426685
0,1,0.9892777
0,0,0.3970778
0,0,9.250101e-05
0,1,0.9943019
0,0,0.0001246907
0,1,0.98368686
0,1,0.82793504
0,0,0.000400542
0,1,0.998987
0,0,0.31068456
0,0,9.710883e-05
0,1,0.9995802
0,1,0.9963547
0,1,0.98078996
0,1,0.6286641
0,0,0.006729227
0,0,0.059006747
0,0,0.42795238
0,1,0.72988117
0,1,0.9789933
0,1,0.9990639
0,0,0.0071705175
0,1,0.74798083
0,0,0.0020180359
0,0,0.4896923
0,0,0.00063352345
0,0,0.38666922
0,1,0.5700443
0,1,0.99553114
0,0,0.061242666
0,0,0.016674934
0,0,0.34126574
0,0,0.029950825
0,1,0.9986721
0,0,0.048069056
0,1,0.70109636
0,1,0.9333293
0,1,0.9494917
0,0,0.00013503397
0,1,0.9997942
0,1,0.87209773
0,1,0.83794576
0,0,0.00020367229
0,1,0.64684093
0,0,0.16961564
0,1,0.61638653
0,0,0.20592669
0,0,6.59549e-05
0,0,0.423957
0,0,0.00020293373
0,1,0.7890979
0,1,0.9959864
0,0,0.0006047962
0,1,0.89715266
0,0,0.10774956
0,0,0.07881122
0,0,0.19799027
0,1,0.9857788
0,0,0.28846022
0,0,0.476742
0,1,0.80839396
0,0,0.26444697
0,0,0.0051058605
0,0,5.1264054e-05
0,0,5.0803963e-05
0,0,0.0019329911
0,1,0.98706126
0,0,0.29052314
0,0,0.0001288897
0,0,0.0007396734
0,1,0.99934894
0,0,0.020075075
0,0,0.0026262293
0,1,0.99979097
0,0,0.26009086
0,0,0.0027385175
0,1,0.9999051
0,0,0.0021778927
0,0,0.00059720705
0,0,0.18231471
0,1,0.99167913
0,0,0.064074785
0,0,0.38381833
0,1,0.9978823
0,0,0.09227546
0,0,0.004584023
0,0,0.018848801
0,0,0.00021510459
0,0,0.04908402
0,0,0.0016689473
0,0,0.05464833
0,1,0.58856094
0,1,0.54146844
0,1,0.96400297
0,1,0.7392687
0,0,0.009054712
0,1,0.8318917
0,1,0.88562894
0,1,0.5262861
0,0,0.19682172
0,1,0.9484202
0,1,0.9877714
0,0,0.0015567637
0,1,0.716353
0,0,0.0732076
0,0,0.104706034
0,0,0.49073666
0,0,0.08979784
0,0,0.0026133799
0,0,0.0039222273
0,1,0.9665455
0,1,0.99584717
0,1,0.971933
0,0,0.27711242
0,0,0.0025345073
0,1,0.9343718
0,1,0.954271
0,1,0.8692883
0,1,0.9957397
0,0,0.0009686794
0,1,0.8951922
0,0,0.0017603508
0,0,0.34058145
0,1,0.9905082
0,1,0.9963284
0,1,0.8736848
0,0,0.00012380612
0,1,0.6063582
0,0,0.029341565
0,0,0.24111645
0,1,0.688355
0,1,0.9964646
0,1,0.9923747
0,1,0.9936575
0,1,0.818981
0,1,0.9983088
0,0,0.0018146026
0,0,0.04193512
0,1,0.62844855
0,0,0.119378574
0,0,0.026097678
0,0,5.959129e-05
0,1,0.9992668
0,0,0.24230368
0,1,0.8441508
0,0,0.30829662
0,1,0.8546027
0,0,0.00055519806
0,1,0.986033
0,0,0.00010354115
0,0,5.5060755e-05
0,1,0.99947435
0,1,0.6967241
0,0,0.034671996
0,1,0.99426657
0,1,0.8671416
0,0,0.2223462
0,0,0.4237318
0,1,0.92420226
0,1,0.97445357
0,0,0.0018464607
0,1,0.9880151
0,0,0.1713926
0,1,0.8562896
0,0,0.42354378
0,1,0.7934723
0,0,0.031659532
0,1,0.91095376
0,1,0.9929045
0,0,0.0004438844
0,1,0.9994649
0,0,0.044777587
0,1,0.99413776
0,0,0.4001353
0,0,0.07464584
0,0,0.0055969246
0,1,0.8458202
0,1,0.80073893
0,0,5.9388654e-05
0,0,0.0007641187
0,0,0.06043728
0,0,0.00013994773
0,0,0.00078974635
0,1,0.9808673
0,0,0.4496422
0,0,0.0529784
0,1,0.97197413
0,0,0.0018693145
0,1,0.68490535
0,1,0.99635077
0,1,0.55567735
0,1,0.6964512
0,1,0.99704796
0,0,0.00029181544
0,0,0.2640802
0,1,0.99793196
0,1,0.9961047
0,1,0.95057064
0,1,0.66625094
0,1,0.7073092
0,1,0.94695973
0,0,0.030446602
0,0,0.018145034
0,1,0.99573225
0,0,5.3757605e-05
0,1,0.9848327
0,0,0.4249727
0,0,0.46976873
0,0,7.20544e-05
0,0,0.0011756961
0,0,0.0016500792
0,0,0.069062665
0,0,0.00014124493
0,1,0.98702174
0,0,0.36827448
0,1,0.9866362
0,1,0.5693189
0,1,0.98463374
0,0,0.052560434
0,1,0.7795056
0,1,0.99856037
0,1,0.6630144
0,0,0.04363075
0,1,0.9236312
0,1,0.846018
0,0,0.052602876
0,0,0.0021973124
0,1,0.7024237
0,0,0.045833025
0,0,0.123690814
0,0,0.00018647718
0,0,0.00013314525
0,0,0.06328062
0,0,0.00048241013
0,1,0.7758068
0,1,0.9951237
0,0,0.15340374
0,0,0.33066005
0,0,0.084350854
0,0,0.28130686
0,1,0.66597795
0,0,0.06517706
0,1,0.99614966
0,1,0.9978124
0,0,3.0553994e-05
0,0,0.014354277
0,0,0.4849855
0,0,2.905375e-05
0,1,0.947539
0,1,0.9680843
0,1,0.9998528
0,1,0.68494874
0,0,0.024319304
0,0,0.090855956
0,1,0.99335253
0,0,0.32991195
0,1,0.9785034
0,0,0.0018831699
0,1,0.9999163
0,0,0.0001348645
0,0,0.0069823484
0,0,0.003329585
0,1,0.93404806
0,0,0.13705207
0,0,0.48521033
0,0,0.43495867
0,0,0.11928391
0,0,0.11600463
0,1,0.83227426
0,1,0.52413845
0,1,0.9986204
0,1,0.9974304
0,0,0.0033718755
0,1,0.789076
0,0,7.295869e-05
0,0,0.000649771
0,0,0.4277506
0,0,0.032562643
0,1,0.89654297
0,1,0.99982387
0,0,9.970083e-05
0,1,0.97011155
0,0,0.052426673
0,1,0.6753962
0,0,0.04201998
0,0,0.44466573
0,0,0.22205952
0,1,0.6195715
0,0,0.00041856477
0,0,0.00021563667
0,1,0.98167866
0,1,0.81320226
0,1,0.9800577
0,0,0.00011229073
0,1,0.999907
0,0,0.04569374
0,0,0.033537302
0,1,0.79491687
0,1,0.9732026
0,0,7.2899784e-05
0,0,0.00022924648
0,0,0.30875304
0,1,0.94536984
0,0,0.028397309
0,0,0.016734147
0,0,0.064391546
0,1,0.8731151
0,1,0.91616327
0,1,0.91778165
0,0,0.0009135233
0,1,0.9980989
0,1,0.50599
0,0,0.039191168
0,0,0.19988824
0,0,0.000566749
0,1,0.8955052
0,0,0.1263919
0,1,0.9754076
0,1,0.77565646
0,0,0.00015923164
0,1,0.57225734
0,0,0.0002238018
0,0,0.0030084623
0,1,0.9848209
0,0,0.49455312
0,1,0.9502927
0,0,9.325338e-05
0,0,0.10586241
0,0,0.122879595
0,0,0.027253399
0,1,0.862141
0,0,6.0021197e-05
0,0,0.20470455
0,0,0.13968505
0,0,0.37258762
0,0,0.0002840331
0,0,0.2283597
0,0,0.08530648
0,0,0.12466936
0,1,0.8385447
0,1,0.8323918
0,0,0.000105897285
0,1,0.92985946
0,0,8.360687e-05
0,1,0.89842933
0,0,0.0013066629
0,1,0.9946414
0,1,0.9937122
0,0,0.00010545068
0,0,0.04373721
0,1,0.9996402
0,0,0.014508992
0,0,0.00012220723
0,1,0.9973053
0,1,0.84364593
0,0,0.0034757638
0,0,0.00038366503
0,1,0.88479364
0,0,8.8219764e-05
0,0,0.39288378
0,0,0.00578111
0,0,0.04923662
0,0,0.008700822
0,0,0.0017644136
0,0,0.0036411919
0,0,0.004060431
0,0,0.00058755075
0,0,3.4039844e-05
0,0,0.28188214
0,1,0.99882334
0,1,0.9997315
0,1,0.95560235
0,1,0.96293455
0,1,0.82321787
0,0,0.13361387
0,0,0.012935186
0,0,0.016423933
0,1,0.99938405
0,0,0.0014096501
0,0,0.025648162
0,1,0.9458097
0,1,0.9985475
0,0,0.0025820828
0,0,0.07137491
0,1,0.9943749
0,1,0.59407294
0,1,0.84565294
0,0,0.23808493
0,1,0.9701838
0,0,0.4854504
0,0,0.0013729897
0,0,0.46355155
0,0,0.036274087
0,0,0.18574055
0,0,0.0007055932
0,0,0.049166244
0,1,0.9908155
0,1,0.9194958
0,1,0.9998609
0,0,0.033084117
0,0,0.013163276
0,1,0.9967615
0,0,0.0004702817
0,0,0.049261972
0,0,0.00019196815
0,0,0.17160837
0,0,0.38344145
0,0,0.27045095
0,1,0.5652247
0,1,0.9329691
0,1,0.965728
0,0,0.0065972176
0,0,0.00013127919
0,1,0.959082
0,1,0.6149669
0,0,0.0006160335
0,1,0.87091285
0,0,0.079910584
0,0,0.2973939
0,1,0.98861736
0,0,0.00012371433
0,0,0.31889412
0,0,0.18052533
0,1,0.90168273
0,0,0.00040767938
0,0,0.016756201
0,1,0.7186515
0,0,0.15294063
0,1,0.99056387
0,0,0.24395369
0,0,0.010105959
0,1,0.9997141
0,0,0.3758248
0,0,0.053589534
0,0,0.41842583
0,0,0.10211856
0,0,0.00030022283
0,0,0.06517272
0,1,0.98825085
0,1,0.96051997
0,0,0.031354062
0,1,0.966413
0,0,0.08398471
0,1,0.94924164
0,1,0.98516476
0,1,0.97596985
0,0,0.055228487
0,0,0.014156466
0,1,0.9997063
0,1,0.7450737
0,1,0.9988625
0,0,0.15730444
0,0,0.0018652208
0,1,0.9999038
0,1,0.73562217
0,1,0.9492361
0,0,0.07063656
0,1,0.99831545
0,0,0.35531464
0,1,0.8116092
0,1,0.9851739
0,0,0.45881006
0,0,0.08042526
0,0,0.0026924373
0,1,0.96729094
0,0,4.559215e-05
0,1,0.7298607
0,0,0.011236304
0,0,4.393259e-05
0,0,0.009056616
0,0,0.00021716041
0,0,0.02373799
0,1,0.88121426
0,0,0.0011401235
0,0,0.18706796
0,0,0.0042782305
0,0,0.062035028
0,0,0.29454547
0,1,0.9833809
0,0,0.00025738383
0,1,0.9990608
0,0,0.014594135
0,1,0.9998404
0,0,0.00054392806
0,1,0.9371981
0,0,0.07767096
0,0,0.021765372
0,0,0.12228797
0,0,6.665846e-05
0,1,0.56680155
0,1,0.8892276
0,1,0.90284693
0,1,0.58346856
0,1,0.97691524
0,1,0.97600913
0,1,0.9320318
0,0,0.03330527
0,0,0.00035686564
0,1,0.9977362
0,0,3.1971867e-05
0,1,0.9507555
0,0,0.0021686174
0,1,0.9931358
0,1,0.97235084
0,0,0.36769566
0,0,0.29771742
0,0,0.1385261
0,0,8.8923065e-05
0,1,0.879427
0,1,0.9961635
0,0,0.04357006
0,0,0.00017416447
0,0,0.007577807
0,0,2.6189267e-05
0,0,5.792907e-05
0,0,0.09169145
0,0,0.00017055307
0,0,0.00029683535
0,0,0.0002632471
0,0,0.014459108
0,1,0.67610437
0,0,0.15613241
0,1,0.9994929
0,0,0.11223351
0,1,0.9892999
0,0,0.00084338855
0,1,0.908412
0,0,0.10567299
0,1,0.95029396
0,1,0.98854876
0,1,0.6646251
0,0,0.0016666665
0,1,0.6110695
0,0,0.021229628
0,0,0.0004848727
0,1,0.7276575
0,0,0.002348358
0,0,0.28972542
0,0,0.36120105
0,1,0.7249682
0,0,0.00024845195
0,0,0.012343266
0,0,0.0009932814
0,0,0.03012348
0,0,6.6745735e-05
0,0,0.47000584
0,0,0.020140726
0,1,0.9998423
0,0,0.08509751
0,0,0.000928013
0,1,0.9305326
0,1,0.92341393
0,0,0.004726451
0,0,0.14921793
0,0,0.010351457
0,0,0.03997289
0,0,0.0077733104
0,0,0.22046399
0,1,0.9819172
0,1,0.75711495
0,1,0.9989029
0,0,0.28614956
0,0,0.0051577296
0,1,0.72310424
0,0,0.31209427
0,1,0.99367625
0,1,0.9641551
0,1,0.9215081
0,0,0.0007908327
0,0,0.056637138
0,0,0.02775232
0,0,0.0013175727
0,1,0.8646281
0,1,0.72085994
0,0,0.048773013
0,0,5.705397e-05
0,1,0.91146916
0,0,0.009472488
0,0,0.0075527397
0,1,0.9439872
0,1,0.99972385
0,1,0.76629275
0,1,0.5045706
0,1,0.82646406
0,1,0.99087393
0,0,0.008424903
0,0,0.0010710229
0,1,0.9999368
0,0,0.24528301
0,0,0.037259456
0,1,0.7314862
0,0,0.011467083
0,0,0.008954494
0,0,0.4998105
0,0,0.013593635
0,0,0.0038822594
0,0,0.014979895
0,0,0.39982998
0,0,0.0005235768
0,1,0.9915039
0,0,0.12570208
0,0,0.0025235552
0,0,0.049913973
0,1,0.8042465
0,1,0.66516834
0,1,0.9877994
0,0,0.00014398913
0,0,6.699456e-05
0,0,0.06018451
0,0,0.48004392
0,1,0.9989574
0,0,0.3352803
0,0,0.00015812712
0,0,0.0006743409
0,1,0.9979572
0,0,0.48920748
0,0,0.00020600585
0,1,0.9123459
0,1,0.87150675
0,0,0.00048439894
0,1,0.999889
0,1,0.85355425
0,0,0.07924483
0,0,0.18973689
0,0,0.29291353
0,0,0.020970104
0,0,0.00014808777
0,1,0.99563134
0,0,0.004212829
0,1,0.99740726
0,0,0.070782915
0,0,0.16996692
0,0,0.0059623853
0,0,0.1915075
0,0,0.077741124
0,0,0.00022739086
0,1,0.9999269
0,1,0.98216957
0,1,0.887217
0,1,0.83452547
0,1,0.99833363
0,0,0.088677764
0,1,0.99407685
0,0,3.6155e-05
0,1,0.5752114
0,0,0.00085394
0,0,3.7441703e-05
0,1,0.70963174
0,0,0.00084626937
0,0,0.013683826
0,0,0.14137265
0,0,0.0066098645
0,0,0.00018452521
0,0,0.0004478609
0,0,0.00011486215
0,1,0.998125
0,0,0.030110307
0,1,0.9999305
0,0,0.018167097
0,0,0.46141365
0,0,0.0002998987
0,1,0.6810896
0,0,0.15414938
0,0,0.00015053552
0,0,0.00045381536
0,0,0.0007886172
0,1,0.5518092
0,0,0.088873036
0,1,0.6862732
0,0,0.021147445
0,1,0.94725245
0,0,0.11010825
0,0,0.35488102
0,1,0.9995479
0,1,0.832558
0,0,0.24447003
0,0,0.00047824552
0,1,0.9997212
0,1,0.9807988
0,0,0.03480036
0,1,0.61275965
0,0,0.13806662
0,0,0.0019986634
0,0,0.025352009
0,0,0.00010794554
0,0,0.022089351
0,0,0.12054359
0,0,0.021595085
0,0,0.0017164878
0,0,0.015057076
0,1,0.57642204
0,0,0.02138086
0,0,0.009117656
0,1,0.5330548
0,0,0.0008877889
0,1,0.9927383
0,1,0.9753008
0,0,7.8791134e-05
0,1,0.9828355
0,1,0.89083797
0,1,0.88078797
0,0,9.182781e-05
0,0,0.13816647
0,0,0.000240056
0,1,0.91293496
0,0,0.021851638
0,0,0.03436603
0,0,0.2900311
0,0,0.054474987
0,0,0.00020519932
0,0,8.777838e-05
0,0,0.00019916243
0,1,0.99888283
0,0,0.22349091
0,0,0.04661426
0,0,0.10028745
0,1,0.9481443
0,0,0.000297214
0,1,0.97505647
0,0,0.0045660874
0,0,0.062893465
0,0,0.00049584376
0,1,0.918824
0,1,0.96247977
0,0,0.01269753
0,0,0.22431113
0,1,0.99811816
0,0,0.00045650476
0,0,0.005447794
0,1,0.9999082
0,1,0.9998253
0,0,0.3007805
0,1,0.83159447
0,0,0.31363994
0,0,0.04704594
0,0,0.048485927
0,0,0.027155306
0,0,0.010946921
0,1,0.9998827
0,0,0.023881124
0,0,0.25902244
0,0,0.00010821515
0,1,0.84588706
0,0,0.0007922575
0,0,0.035649933
0,0,0.12410139
0,0,7.484809e-05
0,1,0.9621266
0,1,0.79528475
0,0,0.122160666
0,0,0.04393424
0,1,0.98769426
0,1,0.99946016
0,0,0.008314615
0,0,0.031531658
0,1,0.9994973
0,0,0.29795584
0,1,0.80421156
0,1,0.9966197
0,0,5.24902e-05
0,1,0.5939465
0,1,0.9573672
0,1,0.86616534
0,0,0.32064995
0,1,0.9999405
0,0,0.00035793058
0,1,0.9962792
0,1,0.69702035
0,0,0.00010737311
0,0,0.00024770407
0,0,0.36614823
0,1,0.956732
0,0,0.013302522
0,0,0.35823947
0,1,0.6524583
0,1,0.92123526
0,1,0.996561
0,1,0.9357891
0,0,0.43993202
0,0,0.41202444
0,1,0.9537396
0,0,0.047525235
0,1,0.76844525
0,1,0.7800535
0,1,0.9998685
0,1,0.9417933
0,0,0.0012340025
0,0,8.056637e-05
0,1,0.9910315
0,0,0.35691807
0,1,0.9958385
0,0,0.0004527794
0,0,0.06918607
0,1,0.7805394
0,1,0.7128741
0,1,0.90251887
0,0,7.802788e-05
0,1,0.9942063
0,0,0.36901644
0,1,0.98265105
0,0,0.11104286
0,1,0.9986424
0,0,0.04537121
0,0,0.093957596
0,0,0.2830702
0,1,0.9999342
0,0,0.13815151
0,0,0.00013438324
0,1,0.7293612
0,0,0.20741257
0,0,0.00090730976
0,0,0.00012773859
0,1,0.5769582
0,1,0.999908
0,0,0.13835953
0,0,0.40232852
0,0,0.25707135
0,1,0.688516
0,1,0.9644812
0,1,0.9993369
0,1,0.997741
0,0,0.27932578
0,0,0.19181408
0,0,0.46698612
0,1,0.64665586
0,0,0.21036437
0,1,0.93398637
0,0,0.007954297
0,1,0.91760004
0,1,0.9998313
0,0,0.00041794838
0,0,0.0021819647
0,1,0.99376136
0,1,0.99398994
0,0,0.0016909665
0,0,0.22329743
0,0,0.44780234
0,1,0.9439496
0,1,0.9993699
0,0,0.26193905
0,1,0.92499423
0,1,0.87093383
0,1,0.9578828
0,0,0.0004404362
0,0,0.43652743
0,1,0.9997733
0,1,0.9955869
0,0,0.021640683
0,0,4.385553e-05
0,0,0.003284369
0,0,3.11321e-05
0,0,0.14353098
0,1,0.99935776
0,1,0.998847
0,1,0.9503112
0,0,0.010440228
0,1,0.8867967
0,0,0.0003410036
0,0,6.7107474e-05
0,1,0.9934455
0,0,0.09606771
0,0,0.10580611
0,0,6.443078e-05
0,0,0.053503376
0,0,0.36692393
0,1,0.6648792
0,0,0.0015280757
0,0,0.38990685
0,0,0.0021228127
0,1,0.9754657
0,1,0.9891294
0,0,0.00017719196
0,1,0.933877
0,1,0.9994568
0,0,0.005050007
0,1,0.9997626
0,0,0.0001654788
0,0,0.00020368297
0,0,0.410956
0,1,0.5673955
0,0,0.0033345304
0,0,0.16611859
0,1,0.99972504
0,1,0.72587043
0,0,0.012614468
0,1,0.9931799
0,0,0.010252274
0,0,0.1911453
0,0,0.0046050153
0,1,0.9738964
0,0,0.016919352
0,0,6.312876e-05
0,1,0.9982065
0,1,0.9012597
0,1,0.7160975
0,1,0.9999137
0,0,0.10731661
0,0,6.051073e-05
0,0,0.31452784
0,0,0.009516749
0,0,6.86329e-05
0,0,3.2107102e-05
0,0,0.003159066
0,1,0.99684876
0,1,0.99965477
0,0,0.00062614196
0,1,0.9134152
0,0,0.00025246895
0,0,0.29364154
0,0,7.824471e-05
0,0,0.07518589
0,0,0.0005296397
0,0,0.019363537
0,0,0.0073667285
0,0,0.14328556
0,0,0.002066191
0,1,0.67214334
0,1,0.95570177
0,1,0.7091878
0,1,0.9772619
0,1,0.766911
0,0,0.00021113917
0,0,0.06150455
0,1,0.6331694
0,1,0.75969195
0,0,0.00096698594
0,0,0.11514289
0,0,0.22691308
0,1,0.9984162
0,1,0.9740148
0,0,0.09571773
0,1,0.65734553
0,0,8.952664e-05
0,1,0.9989028
0,1,0.999503
0,1,0.83908623
0,0,0.00018518847
0,0,0.018764652
0,1,0.89518684
0,0,0.012216732
0,0,0.102962464
0,0,0.00024913467
0,1,0.96005374
0,0,0.016988588
0,1,0.67261004
0,1,0.999527
0,0,0.0422613
0,1,0.96131164
0,0,9.043927e-05
0,0,0.3586191
0,0,0.1309731
0,0,0.0146739455
0,1,0.9992636
0,0,5.8210775e-05
0,0,0.00011857001
0,1,0.9257167
0,1,0.8465218
0,1,0.99614006
0,1,0.90493715
0,1,0.9964174
0,0,0.11579017
0,0,0.008728729
0,1,0.7185896
0,0,0.018274968
0,1,0.6726476
0,0,0.00014416607
0,0,0.08385957
0,1,0.9966286
0,1,0.999943
0,1,0.93505484
0,1,0.908557
0,0,0.16086826
0,0,0.048637524
0,0,0.02706801
0,0,0.32877046
0,0,0.018099908
0,1,0.9314583
0,0,0.22106284
0,1,0.9987878
0,0,0.0057774056
0,0,0.00010645293
0,1,0.5069063
0,1,0.69361705
0,0,0.37530282
0,1,0.9220413
0,0,0.016261503
0,0,0.012067733
0,0,0.010242264
0,1,0.9877242
0,1,0.984884
0,0,0.00012815266
0,0,0.016249219
0,0,0.18119253
0,0,0.00041986833
0,0,5.3977874e-05
0,1,0.9999169
0,0,0.0040229782
0,1,0.9075504
0,0,0.086194366
0,0,0.00039999324
0,1,0.92299545
0,1,0.5247954
0,1,0.99977785
0,1,0.628626
0,1,0.98863065
0,1,0.85280025
0,1,0.73156494
0,0,0.20219512
0,0,0.0039044118
0,0,0.0029172834
0,1,0.999913
0,0,0.018913168
0,1,0.999106
0,0,0.07527281
0,0,0.18191865
0,0,0.0018440387
0,0,0.10752718
0,0,0.003957297
0,1,0.95023024
0,0,0.00031218425
0,1,0.7595591
0,0,0.43971115
0,0,0.08523119
0,0,0.0004831663
0,1,0.77422214
0,0,0.014857444
0,1,0.99374133
0,1,0.89089805
0,0,9.6310854e-05
0,0,0.17493106
0,0,0.00042356623
0,1,0.9992507
0,0,0.09920884
0,0,0.0008697949
0,0,0.008947311
0,1,0.6442771
0,1,0.50550276
0,0,2.2774093e-05
0,1,0.99231803
0,0,0.23480403
0,0,9.20526e-05
0,1,0.9939746
0,0,0.48897144
0,0,0.101129584
0,1,0.8301132
0,0,0.37496293
0,1,0.8756714
0,0,0.0018339212
0,0,0.13373129
0,0,0.00011606633
0,1,0.80754834
0,1,0.97021556
0,1,0.9998528
0,0,0.19545919
0,0,0.2958076
0,0,0.0010772112
0,0,0.46869236
0,0,0.061287474
0,1,0.996992
0,1,0.99830675
0,0,0.0066139232
0,1,0.9217269
0,0,0.3096841
0,0,0.006572183
0,0,0.005097227
0,0,0.07627293
0,1,0.57530755
0,1,0.9409097
0,0,0.005091072
0,0,0.0005077472
0,0,0.35134855
0,1,0.9074952
0,0,4.211403e-05
0,1,0.997445
0,0,0.008219825
0,0,0.0024010008
0,1,0.9927497
0,0,0.003195802
0,0,3.381298e-05
0,0,0.07480776
0,0,0.15521763
0,0,0.00017977122
0,1,0.99985707
0,0,4.9382885e-05
0,1,0.9930703
0,0,0.13347009
0,1,0.9975827
0,0,0.0005257958
0,0,0.4346959
0,1,0.96858144
0,0,0.24131227
0,1,0.9225883
0,0,0.032702927
0,1,0.85722077
0,0,0.2272019
0,1,0.8792327
0,1,0.79123855
0,1,0.99142367
0,0,0.2481232
0,0,0.006951714
0,0,4.391157e-05
0,0,0.38982812
0,1,0.87552506
0,0,0.0004370431
0,0,0.45255357
0,1,0.99470395
0,0,0.08676648
0,0,0.00024384704
0,0,9.6006515e-05
0,0,0.00039078994
0,1,0.78184646
0,0,0.00043388517
0,0,0.15478125
0,1,0.9912743
0,1,0.8815635
0,0,0.0006567014
0,1,0.99978846
0,0,0.00031803045
0,0,5.2483887e-05
0,1,0.5716932
0,1,0.9559842
0,1,0.72236234
0,0,9.170731e-05
0,0,0.15002204
0,0,0.0037670757
0,0,0.025731454
0,0,0.011441762
0,1,0.98493576
0,1,0.99826485
0,0,0.00046781296
0,1,0.9985275
0,0,0.2395859
0,0,0.02455555
0,1,0.9557799
0,1,0.60994315
0,1,0.99985147
0,0,0.00015930817
0,0,0.022805596
0,0,0.26969254
0,1,0.99988174
0,0,0.005360412
0,1,0.9865541
0,0,0.15367134
0,0,0.017964477
0,0,0.008035753
0,1,0.99984276
0,0,0.0014756155
0,1,0.97898895
0,1,0.99283266
0,1,0.9967355
0,1,0.999793
0,0,3.6335146e-05
0,1,0.9998491
0,0,0.0028902846
0,0,0.26082563
0,1,0.99095225
0,0,0.29614812
0,1,0.9999002
0,0,0.498509
0,1,0.98263794
0,0,0.066468574
0,0,0.019277027
0,0,0.006799898
0,1,0.7661383
0,1,0.9880778
0,0,0.0028507267
0,1,0.9120214
0,1,0.7872631
0,0,0.00032124537
0,1,0.99906236
0,0,0.017760256
0,1,0.9666637
0,1,0.9551162
0,0,0.3966283
0,1,0.999406
0,0,0.10205316
0,1,0.98928005
0,1,0.9915338
0,1,0.89114195
0,1,0.9192012
0,0,0.005518975
0,0,0.013974036
0,1,0.50748754
0,0,0.00023218819
0,1,0.9995036
0,1,0.9975453
0,0,0.028903097
0,0,0.0003263107
0,0,0.20719391
0,0,0.002424372
0,0,0.46451116
0,0,7.741746e-05
0,0,0.22605495
0,1,0.99975806
0,1,0.9919686
0,0,4.994943e-05
0,1,0.9372897
0,1,0.9543419
0,1,0.95716023
0,0,0.27017018
0,1,0.9988856
0,1,0.8763447
0,0,0.30889454
0,0,0.020317182
0,1,0.99981433
0,1,0.99957997
0,1,0.99247783
0,1,0.99974877
0,1,0.98423195
0,0,0.35156298
0,1,0.8672249
0,0,0.0019258691
0,1,0.8787778
0,1,0.9993672
0,1,0.9550492
0,1,0.829127
0,1,0.9996886
0,0,0.00037532728
0,0,0.014213945
0,0,0.023522427
0,0,0.20199047
0,0,0.002479617
0,1,0.9979954
0,0,0.015740056
0,1,0.9969438
0,1,0.9791972
0,1,0.58635956
0,1,0.8551116
0,0,0.0009288237
0,0,0.00011697534
0,1,0.9461857
0,1,0.992363
0,1,0.99710625
0,0,0.0032872045
0,1,0.99743074
0,0,0.48033547
0,0,0.4837243
0,0,0.00017269896
0,0,0.000116162766
0,0,0.0024886348
0,1,0.9933548
0,1,0.9937536
0,0,3.2670534e-05
0,1,0.9936587
0,0,5.1169696e-05
0,0,3.645426e-05
0,0,0.03216051
0,0,0.023517761
0,0,0.46617198
0,0,0.05396178
0,0,0.35818017
0,0,0.46020755
0,0,0.049026676
0,1,0.8777135
0,0,0.41435593
0,1,0.6719268
0,1,0.98628855
0,0,0.002135515
0,0,0.00011414806
0,1,0.7222548
0,0,0.00093676866
0,0,0.4650856
0,1,0.5136987
0,0,0.0013892873
0,1,0.80304277
0,0,0.00012951704
0,0,0.16836551
0,1,0.8757423
0,0,0.0015053485
0,1,0.8870866
0,0,9.876131e-05
0,0,0.00028403092
0,0,0.061180167
0,0,0.012313684
0,0,0.26218545
0,0,0.0006191727
0,0,0.00010702197
0,0,0.04442041
0,1,0.96563864
0,1,0.51710606
0,1,0.9991358
0,0,0.0053287596
0,1,0.99652344
0,0,0.38051802
0,0,0.013951761
0,1,0.99923563
0,0,0.27595678
0,0,0.004571056
0,0,0.013061118
0,0,0.09849754
0,0,0.00023841439
0,0,6.8297966e-05
0,1,0.9573253
0,1,0.9981426
0,1,0.9937556
0,0,0.11390438
0,0,0.0035263277
0,0,0.023887461
0,1,0.96018225
0,1,0.99234843
0,0,0.13183735
0,1,0.9791869
0,1,0.75140774
0,1,0.99900204
0,1,0.5073703
0,1,0.9997758
0,1,0.9686904
0,1,0.5878126
0,1,0.9993678
0,1,0.99629265
0,1,0.9637824
0,0,0.29117197
0,0,0.34427273
0,1,0.69813955
0,0,0.41876313
0,1,0.7306235
0,1,0.99740076
0,0,0.006155293
0,0,0.19273451
0,1,0.70995903
0,0,0.32833594
0,1,0.9144705
0,0,8.4922394e-05
0,1,0.68255705
0,0,6.800577e-05
0,0,0.1994038
0,0,0.00029140897
0,1,0.95571864
0,0,4.3217697e-05
0,1,0.99930954
0,1,0.9999293
0,1,0.9981092
0,0,0.030370079
0,1,0.56368643
0,1,0.9053283
0,1,0.9995783
0,0,0.00012586822
0,1,0.93083936
0,1,0.9414889
0,1,0.95745826
0,0,0.000106820014
0,0,7.259234e-05
0,1,0.59872156
0,0,0.000101393256
0,0,0.00035168964
0,1,0.7262039
0,0,0.00038850846
0,0,0.0018973363
0,1,0.9415998
0,0,0.07611916
0,1,0.68456244
0,0,0.00036128578
0,1,0.99976915
0,1,0.8277201
0,1,0.97216743
0,0,0.00060458283
0,1,0.9556732
0,0,0.3671166
0,1,0.7983327
0,0,0.021350587
0,1,0.9967891
0,0,0.06306865
0,1,0.9997607
0,0,0.39955792
0,0,0.249185
0,0,0.3825442
0,0,0.022551138
0,0,0.0026862985
0,0,0.043343946
0,0,0.32473716
0,0,0.032157145
0,1,0.57205856
0,1,0.99488336
0,0,0.40798154
0,1,0.9829081
0,1,0.79346555
0,0,8.872672e-05
0,1,0.50046897
0,0,0.0102877375
0,1,0.7804827
0,0,0.0007855559
0,0,0.0018583782
0,1,0.99968874
0,1,0.99940765
0,0,0.38207114
0,1,0.99874914
0,0,0.47985867
0,0,0.01228372
0,1,0.93213594
0,1,0.5271044
0,1,0.8881732
0,0,0.0013415017
0,1,0.920272
0,0,0.0025592376
0,1,0.7905777
0,0,0.0049242205
0,0,0.00030929496
0,1,0.74888784
0,1,0.7813167
0,0,0.00020406573
0,0,0.0009949777
0,0,0.0001861173
0,0,0.4715352
0,0,0.0076436927
0,0,0.14047472
0,1,0.9533108
0,0,0.00021643918
0,0,0.09081223
0,1,0.7049374
0,0,0.0056355484
0,1,0.99886346
0,0,0.1068544
0,1,0.87284064
0,1,0.51963204
0,1,0.7327808
0,1,0.98500246
0,0,0.4645042
0,1,0.89515895
0,0,0.3099645
0,0,0.25235385
0,1,0.9992592
0,1,0.95147717
0,0,0.0003726938
0,0,0.0042564496
0,0,0.2971399
0,1,0.9997774
0,0,0.023297241
0,0,0.22012511
0,1,0.99971396
0,1,0.6366075
0,0,0.045801356
0,0,0.14120686
0,1,0.99104285
0,0,0.0004897739
0,0,0.3367508
0,0,0.0116746295
0,0,5.691432e-05
0,1,0.99653083
0,0,0.21203923
0,0,0.30529544
0,1,0.9870761
0,1,0.636049
0,1,0.82583517
0,0,0.037874594
0,0,0.06217535
0,0,0.012077891
0,0,0.22287537
0,1,0.8303733
0,1,0.99424654
0,0,0.34630173
0,1,0.99982613
0,0,0.001141869
0,1,0.95092255
0,0,0.00042723396
0,1,0.9996706
0,1,0.9884742
0,1,0.96040845
0,0,0.023343062
0,0,0.00027863175
0,0,0.21115492
0,0,0.26981235
0,1,0.7331369
0,1,0.87898403
0,0,0.0050783693
0,0,0.06784064
0,0,0.22128333
0,0,0.0036475237
0,1,0.78992575
0,0,0.007069915
0,0,0.030559484
0,0,0.19083439
0,0,0.15961058
0,1,0.9974554
0,1,0.9972269
0,0,0.13101643
0,0,0.09957538
0,1,0.9996731
0,0,0.08188792
0,1,0.5024561
0,0,0.2337824
0,1,0.7272452
0,1,0.99661547
0,0,0.006583744
0,1,0.9901091
0,0,0.1953611
0,1,0.97837836
0,0,3.3955515e-05
0,1,0.9837053
0,0,0.031721
0,0,0.011596826
0,0,0.48677257
0,1,0.9876533
0,0,3.987699e-05
0,0,4.087302e-05
0,0,8.098795e-05
0,0,0.0013082828
0,0,0.0011125066
0,0,0.069318354
0,1,0.9961557
0,1,0.97862154
0,0,0.48345426
0,0,3.9891827e-05
0,0,0.0006940084
0,0,0.48300514
0,1,0.8800759
0,0,0.35454044
0,1,0.9371268
0,1,0.81341255
0,1,0.98194987
0,0,0.0009730917
0,1,0.9975598
0,1,0.7252954
0,0,0.00086031354
0,1,0.9995838
0,0,0.0055699646
0,0,0.013090053
0,0,0.15846099
0,0,0.0020076986
0,0,0.29396647
0,1,0.57078695
0,0,0.1185524
0,0,0.35475358
0,0,0.00051584217
0,0,0.06176887
0,0,0.00021999783
0,1,0.6799829
0,0,0.11837288
0,1,0.83085173
0,0,0.0013211828
0,0,3.8090246e-05
0,1,0.9846228
0,0,0.00080478285
0,0,0.00040670545
0,1,0.70323604
0,1,0.95594996
0,0,5.6474662e-05
0,1,0.9834589
0,0,5.5457876e-05
0,1,0.9998745
0,0,0.1283719
0,1,0.99800414
0,0,0.1138514
0,0,0.0008065846
0,0,0.0056628985
0,0,0.43801653
0,0,0.00010670802
0,1,0.9940951
0,1,0.97572327
0,0,0.00021655623
0,0,0.07537615
0,0,0.0013278074
0,0,0.05243476
0,1,0.98715705
0,0,0.0042144028
0,0,0.07824872
0,0,8.2682076e-05
0,0,0.08617087
0,0,0.015197653
0,0,0.2662185
0,0,7.3574076e-05
0,0,0.033828128
0,0,0.0017563073
0,0,0.060224004
0,1,0.99605006
0,0,0.007472241
0,0,0.2514592
0,0,0.0013508385
0,1,0.76186776
0,0,6.5730186e-05
0,1,0.7145288
0,0,0.011972431
0,0,0.027728818
0,0,0.0011268787
0,0,0.0031261828
0,0,0.038449623
0,0,0.013560165
0,1,0.98845124
0,0,0.058759797
0,0,0.11519226
0,1,0.9965411
0,1,0.92849535
0,1,0.7730976
0,1,0.5596316
0,0,0.039132264
0,0,0.00014823921
0,0,0.0053250603
0,1,0.7000533
0,1,0.7429615
0,0,0.08075048
0,1,0.9998728
0,0,7.359513e-05
0,0,8.898736e-05
0,1,0.95487106
0,0,0.00033560777
0,0,5.0802504e-05
0,0,0.0005769402
0,1,0.83880293
0,1,0.73373634
0,0,0.047726963
0,0,0.000119138036
0,1,0.9269949
0,1,0.7939199
0,0,0.20403779
0,1,0.64584816
0,1,0.5296629
0,0,0.0012282184
0,0,0.004059463
0,1,0.7115998
0,0,0.02447434
0,1,0.6320498
0,0,0.2062309
0,1,0.9917355
0,0,0.00023845075
0,0,0.0005125754
0,0,0.221289
0,1,0.9998609
0,0,5.737337e-05
0,0,0.13823068
0,0,0.104969114
0,0,0.37096015
0,0,0.0002104269
0,0,0.115935534
0,1,0.9991328
0,1,0.9329846
0,0,0.00022672559
0,0,0.13543254
0,0,0.008416775
0,0,0.000119270124
0,0,3.1510506e-05
0,1,0.5250163
0,0,0.39042813
0,0,0.0026550058
0,1,0.99987423
0,0,0.4809185
0,0,0.19758871
0,0,0.108733036
0,1,0.997232
0,0,0.4304041
0,1,0.96012807
0,0,0.0029415598
0,1,0.94088227
0,0,0.01357817
0,0,0.03486597
0,0,0.32020554
0,1,0.99610895
0,0,0.000232656
0,0,0.0002762511
0,1,0.9986625
0,1,0.99990284
0,0,0.25143996
0,1,0.9953336
0,1,0.5405265
0,1,0.54789007
0,0,0.37707987
0,1,0.832897
0,0,0.0009076807
0,1,0.80330604
0,0,0.036301434
0,1,0.9995473
0,0,0.214139
0,0,6.121317e-05
0,1,0.9901002
0,0,0.00017126442
0,1,0.8350158
0,1,0.9530829
0,0,0.11767805
0,0,0.40933186
0,0,0.1157138
0,1,0.99733776
0,1,0.59487313
0,0,0.48094425
0,1,0.99139035
0,0,0.29207268
0,1,0.7635429
0,1,0.9999037
0,0,0.0019703167
0,0,0.16518027
0,0,0.28399768
0,1,0.9464715
0,0,0.0055496697
0,0,0.0007528767
0,0,0.02206282
0,0,0.006459694
0,0,0.013671166
0,0,0.1373033
0,1,0.9717235
0,0,0.25605497
0,0,0.009817917
0,0,0.020180909
0,1,0.99736565
0,0,0.0063850437
0,0,0.013278321
0,0,0.032353826
0,1,0.8517391
0,0,0.00047709857
0,1,0.7111622
0,0,0.0031533528
0,0,0.00014928324
0,1,0.557185
0,1,0.9967031
0,1,0.9181238
0,1,0.98730755
0,1,0.9992322
0,0,0.12872455
0,1,0.90748537
0,1,0.9991417
0,1,0.59539133
0,0,0.16606037
0,0,0.19828612
0,0,0.00024313989
0,0,0.30756158
0,0,0.00014235801
0,0,0.00016414069
0,1,0.99986017
0,0,0.005994199
0,0,0.00088346953
0,1,0.993414
0,1,0.92111903
0,1,0.99984455
0,0,0.43693668
0,0,0.108206674
0,1,0.991779
0,1,0.8812385
0,0,0.0012422813
0,0,7.7157e-05
0,0,0.17045389
0,1,0.99974865
0,1,0.93050957
0,0,4.7215683e-05
0,0,0.1625319
0,1,0.9997851
0,0,0.00015663219
0,1,0.9955693
0,1,0.51780105
0,1,0.80506647
0,0,7.584008e-05
0,1,0.9777584
0,0,0.45319125
0,0,0.00019001923
0,1,0.9992549
0,0,0.09914138
0,1,0.9910891
0,1,0.9986841
0,0,0.060313396
0,0,0.006175275
0,0,0.017246932
0,0,0.1895677
0,1,0.9639399
0,1,0.9670506
0,0,0.0007454199
0,0,0.000106844054
0,1,0.9972867
0,1,0.9843292
0,1,0.59487313
0,0,0.45310453
0,0,0.00032626465
0,0,0.00065539335
0,1,0.99955446
0,1,0.9941988
0,0,0.0043702237
0,0,0.0057197316
0,0,0.17382126
0,0,0.102613606
0,0,0.00014473469
0,0,0.22067368
0,0,0.20761752
0,0,0.27211416
0,1,0.82070035
0,1,0.630191
0,1,0.8728227
0,0,0.35688427
0,1,0.9480842
0,0,4.632572e-05
0,0,0.020566855
0,1,0.9996244
0,1,0.9989728
0,1,0.68096143
0,0,0.09406409
0,1,0.9893399
0,0,0.004200211
0,0,0.0025192962
0,1,0.9941286
0,0,0.08750849
0,0,0.47223982
0,1,0.9963915
0,1,0.669638
0,1,0.76310647
0,1,0.9742339
0,0,3.4486897e-05
0,1,0.9958508
0,0,0.00069088966
0,1,0.9989774
0,1,0.9944267
0,0,0.27471694
0,0,7.936908e-05
0,0,0.25227252
0,1,0.9862511
0,1,0.9240963
0,1,0.67796886
0,0,0.00044953628
0,0,0.0016926466
0,1,0.9728338
0,0,0.46484745
0,0,0.009038776
0,0,4.84615e-05
0,0,0.2933237
0,0,0.00018670352
0,0,0.0011655831
0,0,0.015471223
0,0,3.3663182e-05
0,1,0.9525445
0,1,0.97911453
0,0,0.45080364
0,0,0.17336169
0,1,0.99573237
0,1,0.99977165
0,1,0.99957234
0,0,0.48304722
0,1,0.97409034
0,0,0.00047572868
0,0,0.062294345
0,1,0.9764981
0,1,0.9868646
0,1,0.9976307
0,1,0.9885803
0,1,0.95307565
0,1,0.59679294
0,0,0.03233429
0,1,0.99989784
0,0,0.00017008618
0,0,0.008069752
0,1,0.51096964
0,0,5.1383427e-05
0,1,0.9974935
0,1,0.66611767
0,0,0.06421123
0,0,0.19587348
0,0,0.11282655
0,0,0.21024382
0,0,0.32106054
0,1,0.6438892
0,1,0.99492127
0,1,0.99989617
0,1,0.92262065
0,0,0.0032582318
0,1,0.5888818
0,1,0.82088387
0,0,0.40010974
0,0,0.0075172023
0,0,0.33118513
0,0,0.0031529884
0,0,0.12320021
0,1,0.99928194
0,1,0.99962115
0,0,0.17274992
0,0,0.0021019739
0,1,0.5427658
0,1,0.9998833
0,1,0.99949265
0,0,0.17333038
0,0,0.0071275667
0,0,0.31201425
0,0,0.36034265
0,1,0.90746516
0,1,0.996603
0,0,0.029154468
0,0,0.16005948
0,0,0.48671812
0,1,0.5921719
0,0,0.00011006628
0,1,0.912699
0,0,0.026017683
0,0,0.115955375
0,1,0.99937445
0,1,0.98306054
0,0,0.0065285307
0,0,0.000270741
0,1,0.9952867
0,1,0.91927725
0,1,0.98110574
0,0,0.00017333792
0,0,0.0001186932
0,0,0.008199822
0,1,0.99739516
0,0,5.4199205e-05
0,1,0.5654646
0,1,0.9903448
0,1,0.6599662
0,0,0.012635071
0,1,0.96340567
0,0,0.002601084
0,0,0.00019375187
0,0,0.0011832527
0,0,0.016500397
0,0,0.00039470507
0,0,0.11068315
0,0,0.12891124
0,0,0.017899893
0,1,0.99073255
0,0,0.355871
0,0,0.0003342282
0,1,0.99991465
0,0,0.33360833
0,1,0.86079067
0,0,0.12839574
0,0,0.3246013
0,1,0.9909113
0,0,0.12833689
0,0,8.948261e-05
0,0,0.00016552425
0,0,0.008038008
0,0,0.0013617566
0,1,0.9481889
0,0,0.0040959436
0,0,0.049779624
0,0,0.046589594
0,0,0.30370882
0,0,0.06978808
0,0,0.00010759428
0,0,0.020835452
0,1,0.99234265
0,0,0.07049937
0,0,0.014260161
0,0,0.10277738
0,0,0.0028856571
0,0,0.079010025
0,0,0.08554878
0,1,0.7570992
0,0,0.0043101916
0,0,8.8042354e-05
0,0,0.0009657361
0,1,0.57970107
0,1,0.9946741
0,1,0.9917429
0,0,0.0033810313
0,1,0.8803515
0,1,0.51608396
0,0,0.0056262696
0,0,0.0004960236
0,0,0.00078499503
0,1,0.6604136
0,0,4.648486e-05
0,1,0.60227746
0,0,0.00065091014
0,1,0.99679774
0,1,0.81446004
0,1,0.5575527
0,0,0.00021319427
0,1,0.9989152
0,0,0.1710228
0,0,0.4853674
0,0,0.080827594
0,0,0.112392694
0,1,0.66466194
0,0,0.0004888065
0,1,0.93577564
0,0,0.022738427
0,1,0.91351676
0,0,0.21379219
0,0,0.012034176
0,0,0.00015854019
0,0,0.243816
0,1,0.7537915
0,1,0.9971831
0,0,4.5975088e-05
0,1,0.6486902
0,1,0.8359115
0,0,0.00023763663
0,0,0.0030728523
0,0,6.479536e-05
0,0,3.731146e-05
0,0,0.34254426
0,1,0.5928249
0,0,3.181678e-05
0,0,5.9811104e-05
0,0,0.08342079
0,1,0.7397794
0,1,0.9680481
0,0,0.00015591129
0,0,0.09737425
0,0,0.00021319203
0,1,0.9719121
0,0,0.43904862
0,0,0.00034380765
0,0,0.023772104
0,1,0.94064647
0,1,0.84356755
0,0,0.002194987
0,0,0.18065362
0,1,0.99802315
0,0,0.0009991056
0,1,0.8826741
0,0,0.24741839
0,1,0.9706467
0,0,0.076339535
0,0,0.052189775
0,0,0.008707688
0,1,0.5813635
0,0,0.01610835
0,1,0.5262768
0,1,0.96938926
0,0,0.12926076
0,0,0.00011181632
0,0,0.079439536
0,0,0.42293838
0,1,0.9982345
0,1,0.6209641
0,1,0.9536944
0,0,0.0529524
0,1,0.9999201
0,1,0.85041875
0,1,0.9999411
0,0,6.911115e-05
0,1,0.98982143
0,1,0.93908805
0,1,0.86571556
0,1,0.9264095
0,0,0.008729489
0,0,0.08416197
0,0,0.411489
0,1,0.98257625
0,1,0.67087716
0,0,0.0088465605
0,0,0.122671284
0,1,0.5276749
0,0,0.458819
0,1,0.9947419
0,0,0.002779217
0,1,0.8834441
0,1,0.9997253
0,0,0.0015416648
0,1,0.56808746
0,0,0.00013837319
0,1,0.99983394
0,0,0.032419093
0,0,0.0017346382
0,0,0.094301514
0,0,0.0031783946
0,1,0.54029304
0,0,0.004748809
0,0,0.24072199
0,0,0.0006360657
0,1,0.9735318
0,0,0.0034560156
0,0,0.0018420115
0,0,0.0020713906
0,0,0.010022168
0,0,5.8212718e-05
0,1,0.95778036
0,1,0.69497746
0,0,0.001958655
0,0,0.31389034
0,0,0.00028047935
0,0,0.044743318
0,1,0.81609607
0,0,0.0005515308
0,0,0.002965275
0,1,0.78135556
0,1,0.80888116
0,0,0.0032926586
0,1,0.99074495
0,0,0.09640439
0,0,0.011751201
0,1,0.9987123
0,1,0.61661863
0,0,5.4385906e-05
0,1,0.99878603
0,1,0.51441056
0,0,0.4630641
0,0,4.7412137e-05
0,0,4.9944858e-05
0,0,0.00010841388
0,0,0.23550901
0,1,0.7784124
0,0,0.13504145
0,1,0.92308307
0,1,0.8416575
0,1,0.99193525
0,0,0.0004931803
0,0,0.025488412
0,0,3.285055e-05
0,0,0.110335454
0,0,0.027311064
0,1,0.6125815
0,0,0.40822965
0,0,0.0013267967
0,0,0.00042386857
0,1,0.91972816
0,1,0.99875987
0,1,0.8076496
0,0,0.2926206
0,0,0.4278715
0,1,0.9754068
0,0,0.000585504
0,0,0.0016322964
0,0,0.004335071
0,0,0.19497931
0,0,0.071938515
0,0,0.36952722
0,0,0.15488496
0,0,0.012076195
0,0,0.09610111
0,1,0.6821899
0,1,0.7283926
0,0,0.0005171921
0,0,0.022391945
0,1,0.999567
0,0,0.01818872
0,0,0.21673875
0,0,0.048271228
0,0,0.4959818
0,0,0.045501247
0,1,0.9976755
0,0,0.02857998
0,0,0.019095873
0,0,0.00063416327
0,1,0.78136
0,1,0.91568553
0,0,0.00039436488
0,0,0.00015260426
0,1,0.98506665
0,1,0.588849
0,1,0.9991209
0,0,0.0018525153
0,0,0.001498687
0,1,0.9996784
0,1,0.99917585
0,1,0.5406276
0,1,0.93174744
0,1,0.8142359
0,0,0.000119598124
0,1,0.884588
0,1,0.9694473
0,0,0.01014266
0,0,0.097773015
0,1,0.8272079
0,1,0.7523358
0,1,0.582999
0,1,0.9076376
0,1,0.9996177
0,0,0.003007789
0,0,0.30391994
0,0,0.00043917383
0,0,0.0002937515
0,0,0.00023632772
0,0,0.36672732
0,1,0.99428445
0,1,0.9760094
0,1,0.99976295
0,0,0.16422093
0,1,0.8778789
0,1,0.65852576
0,1,0.9997124
0,0,0.14459431
0,1,0.77295995
0,1,0.9981828
0,0,0.012515279
0,0,0.012057994
0,1,0.5842322
0,0,0.018441074
0,1,0.8559182
0,1,0.66817737
0,0,0.3618503
0,0,9.299817e-05
0,0,0.14607377
0,0,0.23881412
0,0,0.0026150919
0,1,0.9060584
0,0,0.31219625
0,0,0.039773345
0,0,0.3088407
0,1,0.6890505
0,0,0.00026672418
0,0,0.004868095
0,0,0.00015034476
0,0,0.027285637
0,0,0.4249146
0,0,3.1245567e-05
0,1,0.99979764
0,1,0.63431233
0,0,0.00064580434
0,0,0.091434665
0,1,0.5639014
0,0,0.24104057
0,0,0.0030569811
0,1,0.9998443
0,0,0.17564908
0,0,0.23045664
0,1,0.9807161
0,0,0.00038733362
0,0,0.07628221
0,1,0.9998385
0,0,0.00022731326
0,0,0.034742396
0,0,0.002302588
0,0,0.13257699
0,1,0.9515931
0,1,0.91127855
0,1,0.86449176
0,1,0.943887
0,1,0.9985403
0,0,0.00034047285
0,1,0.9421001
0,0,9.1710375e-05
0,1,0.9964449
0,1,0.9976585
0,1,0.72172797
0,0,0.29492283
0,1,0.9206341
0,0,0.0020505055
0,1,0.970487
0,0,0.052229784
0,0,0.48007628
0,1,0.57664824
0,1,0.9994018
0,0,0.00042761082
0,0,0.016836932
0,1,0.9993735
0,0,0.46273088
0,1,0.99772793
0,1,0.791216
0,0,0.07573931
0,1,0.99365306
0,0,0.33036092
0,0,0.44707313
0,0,0.23217393
0,0,0.096127756
0,0,5.7702477e-05
0,1,0.9995641
0,1,0.5641299
0,1,0.9991862
0,1,0.9997367
0,0,0.44931734
0,0,0.02450115
0,0,0.12644728
0,1,0.6197898
0,1,0.836512
0,1,0.5427777
0,0,0.10989731
0,1,0.9938334
0,0,0.47514144
0,1,0.97251576
0,1,0.9664692
0,0,0.0034735121
0,0,0.0028738573
0,0,0.00022190712
0,1,0.999483
0,1,0.9937756
0,0,0.0003147067
0,1,0.99973255
0,0,0.0009437046
0,1,0.9990953
0,0,0.012476162
0,0,0.00044915275
0,0,0.000120305114
0,0,0.24322638
0,0,0.00011580212
0,0,0.0058139586
0,1,0.7755887
0,0,0.13459717
0,1,0.73301905
0,0,0.0009723072
0,1,0.9819748
0,0,0.03923446
0,0,0.021339178
0,0,5.0991795e-05
0,0,0.0005561106
0,1,0.82916766
0,0,0.017188676
0,0,0.41915387
0,0,0.0011384375
0,0,0.0061041834
0,0,0.0012536633
0,0,0.0015556767
0,0,0.00010224602
0,0,0.066596426
0,0,0.0698617
0,1,0.90963316
0,1,0.56896913
0,1,0.91561896
0,1,0.99965847
0,0,0.4158958
0,0,0.050963648
0,0,0.15273176
0,1,0.98457044
0,0,0.4618639
0,0,0.0001202668
0,0,0.1177779
0,0,0.015254214
0,0,0.010549534
0,0,0.06342977
0,1,0.8844488
0,1,0.9551073
0,1,0.6301548
0,0,0.00038720583
0,1,0.9928889
0,0,0.0017917327
0,1,0.988953
0,1,0.9469209
0,1,0.9998093
0,0,0.4498934
0,0,3.2069765e-05
0,1,0.93419325
0,0,0.00011265194
0,0,0.05187228
0,0,0.032330945
0,0,7.57813e-05
0,0,0.090462655
0,1,0.9633991
0,0,0.036420107
0,1,0.9923522
0,1,0.9415609
0,0,0.027564451
0,0,0.11009059
0,0,4.5485576e-05
0,0,0.01855495
0,0,0.00015141413
0,0,0.00011649001
0,1,0.90626085
0,1,0.52144593
0,1,0.5749992
0,0,0.32894084
0,0,0.022329
0,1,0.99988985
0,1,0.9999448
0,0,0.28720406
0,1,0.66737396
0,0,0.0002158325
0,1,0.76931685
0,0,0.0011070246
0,1,0.9528523
0,1,0.83077925
0,0,0.17309624
0,0,0.0009489114
0,0,0.057705406
0,0,0.014259986
0,0,7.797373e-05
0,1,0.9906238
0,0,0.00011684735
0,0,0.06505971
0,0,0.0006166086
0,1,0.8513131
0,1,0.99578625
0,0,0.49809155
0,1,0.99956197
0,1,0.7848247
0,1,0.99992275
0,0,0.17045882
0,1,0.99867475
0,0,2.9126408e-05
0,0,0.39946222
0,0,0.0060932203
0,1,0.6447543
0,1,0.5769064
0,1,0.9994492
0,1,0.99960357
0,1,0.53762597
0,1,0.56007206
0,0,0.12316016
0,0,0.00030276866
0,1,0.6053291
0,0,0.28373912
0,0,0.098173
0,1,0.99782455
0,0,0.080868356
0,1,0.8648703
0,1,0.99623966
0,0,7.703849e-05
0,0,0.00021996637
0,0,0.00096452417
0,0,0.30099198
0,0,4.4901008e-05
0,1,0.6571958
0,1,0.995436
0,1,0.67016745
0,0,0.15697892
0,0,0.00016129292
0,0,0.40740094
0,0,0.0006279689
0,1,0.9210732
0,1,0.99931526
0,0,0.33610275
0,1,0.5534964
0,1,0.67744035
0,0,0.000119708115
0,0,0.038485847
0,0,0.14826933
0,0,0.21317892
0,0,0.0391492
0,0,0.06346884
0,0,0.16544078
0,1,0.8645157
0,1,0.9998733
0,1,0.99641305
0,0,0.00017512299
0,1,0.6775836
0,0,0.00032107148
0,0,0.00036002637
0,1,0.9967051
0,1,0.96969116
0,0,0.28742093
0,0,0.10035295
0,1,0.95924574
0,0,0.030307423
0,1,0.9048222
0,0,0.08131638
0,1,0.50118095
0,0,0.047565382
0,0,0.0024833619
0,1,0.9997546
0,0,0.0042464496
0,0,0.017635426
0,1,0.71677476
0,1,0.9998789
0,1,0.7777207
0,0,0.086369574
0,0,0.057622164
0,0,0.23549195
0,1,0.79995924
0,0,0.43469217
0,0,0.0008006233
0,1,0.75282764
0,0,0.0076512485
0,0,0.003441492
0,0,0.12981394
0,1,0.9999063
0,0,0.014554847
0,0,0.019588511
0,0,0.0018425568
0,0,0.011853378
0,0,0.040559664
0,1,0.6049561
0,1,0.9965514
0,0,0.00010808027
0,0,0.000104326675
0,0,0.045517284
0,1,0.99156976
0,0,0.437127
0,1,0.729425
0,0,0.11728151
0,0,0.005918707
0,1,0.8865742
0,0,0.034567203
0,1,0.760494
0,0,0.00019978285
0,1,0.7022897
0,0,0.0002346449
0,1,0.8680869
0,1,0.5077192
0,0,0.00022005386
0,0,0.0012128247
0,0,0.32823262
0,0,0.0010079122
0,1,0.98382264
0,0,0.000104211744
0,0,0.01025165
0,0,0.0032550786
0,0,0.022341195
0,0,4.8008333e-05
0,0,0.05606793
0,0,0.48085052
0,0,0.08053359
0,1,0.99035186
0,0,0.041052174
0,0,0.051783163
0,0,0.0002959097
0,0,0.007818663
0,0,0.000107411404
0,0,0.0016010237
0,0,0.4345654
0,0,0.000117264906
0,0,0.17506678
0,1,0.99992335
0,0,0.023164252
0,1,0.9931144
0,0,3.5690675e-05
0,0,0.06426535
0,0,0.19396582
0,0,0.0059788707
0,0,0.007390449
0,0,0.0051134434
0,0,0.010311686
0,0,0.4829318
0,1,0.7120752
0,1,0.87278384
0,1,0.94108427
0,1,0.99991345
0,0,4.324994e-05
0,1,0.95703214
0,1,0.85637015
0,0,0.04845928
0,0,0.056142908
0,0,0.31562993
0,0,0.42949167
0,0,0.0015700357
0,1,0.85620916
0,1,0.9698855
0,0,0.43682086
0,1,0.55198354
0,0,0.0003237499
0,1,0.9984681
0,1,0.61379117
0,1,0.9723733
0,1,0.8271605
0,0,0.15128309
0,1,0.757504
0,0,0.0024900094
0,0,0.29190683
0,1,0.9942299
0,0,0.011207405
0,1,0.9921225
0,0,0.00041919493
0,0,0.0020146212
0,1,0.5942847
0,0,9.472131e-05
0,0,4.3039694e-05
0,0,0.10705172
0,0,0.002024734
0,1,0.9865573
0,1,0.5653841
0,1,0.5168375
0,0,0.16519319
0,0,0.20495395
0,1,0.9995115
0,0,0.0008618708
0,0,0.21660915
0,1,0.5469413
0,0,0.039968204
0,0,0.038896367
0,0,0.09146952
0,1,0.60513604
0,0,0.0068995696
0,1,0.99916077
0,0,0.17710012
0,1,0.8907562
0,0,0.000603435
0,1,0.5768816
0,0,0.004545279
0,0,0.14950164
0,0,0.0016982736
0,0,0.00024112494
0,0,0.06819236
0,1,0.9977507
0,1,0.74214107
0,0,0.0071334685
0,0,0.120055825
0,0,0.07872043
0,1,0.62822336
0,0,0.01037355
0,0,7.059678e-05
0,0,0.06181118
0,0,0.041236635
0,0,0.063875936
0,1,0.5911833
0,1,0.5516304
0,1,0.91815096
0,1,0.7569149
0,1,0.891868
0,0,0.000100139514
0,0,0.00039555054
0,1,0.96801466
0,1,0.5803687
0,0,0.064417064
0,1,0.5472426
0,0,0.034227617
0,0,0.00014018119
0,0,0.0002818943
0,0,0.34820628
0,1,0.9985599
0,0,0.18173547
0,1,0.995697
0,0,0.0005248174
0,0,0.09116327
0,0,0.062812276
0,0,0.0003837662
0,1,0.8050197
0,1,0.9999368
0,0,0.0002591953
0,1,0.52676564
0,1,0.9922157
0,1,0.9995395
0,0,0.010082831
0,0,0.00024351155
0,1,0.9929964
0,0,0.04958928
0,0,0.44845754
0,0,0.01575494
0,1,0.7496049
0,1,0.84762764
0,1,0.954792
0,0,0.00015389895
0,0,6.0247086e-05
0,1,0.99843985
0,0,0.25036576
0,0,0.0531735
0,0,0.117362395
0,0,0.48994374
0,0,0.14455329
0,1,0.994187
0,1,0.87208897
0,0,0.10693739
0,0,0.00020150616
0,0,0.02169666
0,1,0.70000386
0,1,0.9941704
0,1,0.9084172
0,1,0.98587716
0,0,4.313181e-05
0,0,0.0003091903
0,1,0.96419936
0,0,0.00029739627
0,1,0.7685106
0,1,0.89972574
0,0,0.024280785
0,1,0.86009765
0,0,0.072418906
0,0,0.21078154
0,1,0.99144405
0,1,0.98546857
0,1,0.9997814
0,0,8.956149e-05
0,1,0.9658135
0,0,0.37468538
0,1,0.92310524
0,1,0.98931795
0,0,0.38393942
0,0,0.09409074
0,0,0.17917106
0,0,0.071208894
0,1,0.96528536
0,1,0.8857404
0,1,0.9790491
0,0,0.023156114
0,0,0.4024928
0,1,0.9997321
0,0,0.31194833
0,1,0.9984212
0,0,0.07968167
0,1,0.79014164
0,1,0.9997863
0,1,0.8726031
0,0,0.012776209
0,0,7.2703595e-05
0,0,0.00057075097
0,1,0.899618
0,1,0.9884438
0,1,0.9275871
0,0,0.0002900552
0,0,0.2449399
0,1,0.9910483
0,0,0.0006826671
0,0,0.0023617516
0,1,0.5018617
0,0,0.07345266
0,1,0.97363216
0,0,0.0002305454
0,0,0.16250476
0,0,0.0012612466
0,1,0.97096324
0,0,0.022160435
0,0,0.00736865
0,1,0.7006379
0,0,0.0001040487
0,1,0.9678852
0,0,0.18465783
0,0,0.0077397595
0,0,0.0006903013
0,0,0.24143656
0,1,0.78632754
0,0,7.771703e-05
0,0,0.00842778
0,0,0.00012857617
0,0,9.8853845e-05
0,1,0.5030783
0,0,0.105589464
0,1,0.7591553
0,0,0.000100309146
0,1,0.9868255
0,1,0.75301385
0,1,0.65506816
0,1,0.84502226
0,0,0.40310243
0,1,0.67328465
0,0,0.00056106254
0,1,0.50125605
0,1,0.9731364
0,1,0.9998042
0,0,0.04291097
0,1,0.84479886
0,0,0.036430385
0,0,0.0013838093
0,1,0.7049697
0,0,0.00010111018
0,1,0.99925
0,1,0.99991095
0,1,0.98677456
0,0,0.0002426526
0,0,0.053958006
0,1,0.99817455
0,1,0.75627345
0,0,0.029347751
0,0,0.00025376002
0,0,0.34148216
0,1,0.99699223
0,0,0.0032966079
0,0,0.074862026
0,0,0.0009834302
0,0,0.0023146141
0,1,0.8542914
0,1,0.96097606
0,0,0.09171526
0,0,0.249834
0,0,5.6661098e-05
0,1,0.97170806
0,0,0.11073202
0,0,0.049617574
0,0,0.06846304
0,1,0.9862462
0,0,0.0007228743
0,0,0.246877
0,0,0.3381168
0,1,0.9151441
0,1,0.99993753
0,1,0.99968565
0,0,0.030380948
0,1,0.82887274
0,1,0.97992915
0,1,0.5669919
0,0,0.21965206
0,0,6.339638e-05
0,0,0.018218942
0,1,0.9997497
0,0,0.04027473
0,1,0.9959413
0,1,0.93924767
0,1,0.983354
0,1,0.8317465
0,0,0.05302912
0,1,0.69547236
0,1,0.73054105
0,1,0.842713
0,0,0.00010971701
0,0,0.111415714
0,0,0.00024025839
0,1,0.5706866
0,0,0.0012106005
0,1,0.9994067
0,0,0.003319142
0,0,0.0061076614
0,1,0.5862682
0,1,0.99891126
0,0,0.04212735
0,0,0.0034457287
0,1,0.6141024
0,0,0.053485222
0,1,0.5463205
0,1,0.99922454
0,0,0.22906868
0,0,0.47213456
0,0,0.0003855046
0,0,0.45111793
0,1,0.6370193
0,1,0.9056125
0,0,0.27032104
0,1,0.64937925
0,1,0.5262304
0,0,0.43670082
0,1,0.811543
0,0,0.15780146
0,1,0.9039134
0,0,0.0019109069
0,1,0.9990201
0,0,2.9210525e-05
0,1,0.8441828
0,0,0.0086879125
0,1,0.55932945
0,1,0.9982931
0,0,0.0019886068
0,0,0.011380288
0,0,0.0003503307
0,0,0.09451693
0,0,5.778364e-05
0,0,0.00030643324
0,0,0.0022556216
0,0,0.30951124
0,1,0.9922214
0,0,0.06310281
0,1,0.977853
0,1,0.9810284
0,0,0.26523027
0,1,0.72975886
0,1,0.9996737
0,0,0.23112887
0,0,2.4558041e-05
0,1,0.99868137
0,0,0.00017115472
0,1,0.99960417
0,1,0.9481443
0,0,0.005203566
0,0,0.00059728447
0,0,0.35064426
0,1,0.9988932
0,1,0.9927362
0,0,0.003914986
0,0,0.00019035362
0,0,0.48869985
0,0,0.27222508
0,0,0.0010835882
0,0,0.00709583
0,1,0.998279
0,0,0.00025261866
0,0,0.40876418
0,1,0.99889946
0,0,6.954864e-05
0,0,3.732591e-05
0,1,0.9947227
0,0,0.015144563
0,0,0.3188733
0,0,0.003779379
0,0,0.10785225
0,1,0.9701056
0,1,0.9716835
0,0,4.215662e-05
0,0,0.005071375
0,0,0.00021737772
0,0,0.002353168
0,0,0.043626476
0,0,0.023363974
0,1,0.9174883
0,0,0.08595626
0,1,0.95019466
0,1,0.8999595
0,1,0.9848459
0,0,0.008545017
0,0,0.17402259
0,1,0.92901695
0,1,0.9993724
0,0,0.00011544456
0,1,0.96836287
0,1,0.59487313
0,0,0.007814862
0,0,0.0031079727
0,1,0.89231676
0,0,0.0774831
0,0,0.0008914023
0,0,0.007921391
0,0,0.39628443
0,0,0.049606457
0,1,0.9990074
0,0,0.0003169792
0,1,0.9893991
0,1,0.83318555
0,0,5.021488e-05
0,0,0.21427332
0,0,0.0052035814
0,0,7.687806e-05
0,1,0.9772435
0,1,0.99702233
0,1,0.8350943
0,0,0.30308428
0,0,0.0026563548
0,1,0.9610009
0,0,0.3685963
0,0,4.6222725e-05
0,0,0.107145794
0,1,0.9963175
0,0,9.241179e-05
0,1,0.91234964
0,1,0.5947239
0,0,0.0001317777
0,1,0.8419488
0,0,0.013044435
0,0,0.020386672
0,0,0.00016303771
0,1,0.99994683
0,1,0.9999242
0,1,0.99991846
0,0,0.22397728
0,0,0.029539974
0,0,0.009849284
0,0,0.0009130856
0,0,0.0045838463
0,0,0.37363458
0,0,0.065777846
0,1,0.9654477
0,1,0.8812839
0,1,0.9909774
0,0,0.006090076
0,0,0.0006954104
0,1,0.7638425
0,0,0.044278126
0,1,0.9554685
0,1,0.99981433
0,1,0.995666
0,0,0.0034526144
0,0,0.019412544
0,0,0.039262187
0,0,0.0040284963
0,1,0.5352391
0,1,0.99932957
0,1,0.9996846
0,0,0.15340167
0,0,0.37512115
0,0,0.20937979
0,1,0.96090716
0,0,0.008926566
0,0,0.03407289
0,0,0.013242771
0,0,0.00016422021
0,1,0.7135714
0,1,0.9776219
0,0,0.04348479
0,1,0.999699
0,0,0.00055101985
0,1,0.81816626
0,1,0.99513584
0,1,0.9999455
0,1,0.9157772
0,0,0.038909946
0,1,0.9907198
0,0,0.0045268396
0,0,0.0017020637
0,0,0.013945019
0,1,0.99989295
0,1,0.9358016
0,0,0.48685315
0,0,0.00040438125
0,0,0.29660645
0,1,0.9498293
0,1,0.9998958
0,1,0.99795365
0,0,0.20219335
0,1,0.9998179
0,0,0.010800939
0,1,0.9907252
0,1,0.9998217
0,1,0.9735478
0,1,0.9427187
0,1,0.9976648
0,0,0.03437573
0,0,6.9172675e-05
0,0,6.382726e-05
0,0,4.4441953e-05
0,0,0.00011163371
0,0,0.00028145895
0,0,0.00021517827
0,0,0.000169869
0,0,0.000118093274
0,1,0.9961999
0,1,0.99829584
0,1,0.7064366
0,0,0.0028464778
0,1,0.97675097
0,0,0.12413547
0,0,0.0003022461
0,1,0.7425812
0,1,0.9898347
0,1,0.6002619
0,0,0.0008748919
0,0,0.0008647673
0,1,0.8013216
0,0,0.0004681982
0,0,0.01764806
0,1,0.9468144
0,1,0.9906577
0,1,0.99618906
0,0,0.14690128
0,0,0.00029037285
0,0,0.37909734
0,0,0.0076954947
0,1,0.96102595
0,0,0.005739915
0,0,0.03695715
0,0,0.030702073
0,1,0.5478973
0,0,0.41282454
0,1,0.96677977
0,0,0.00013142244
0,0,0.42290187
0,0,0.46673518
0,0,0.0033276454
0,1,0.9973667
0,1,0.99988544
0,1,0.5108641
0,1,0.9979632
0,0,0.0064257854
0,0,0.25982857
0,1,0.91158336
0,1,0.9864738
0,1,0.9999256
0,0,0.20014381
0,0,0.004765931
0,1,0.9977641
0,1,0.9488749
0,0,0.00014930699
0,0,0.00010508449
0,0,0.028506774
0,0,0.0031412602
0,0,0.000111205
0,1,0.9997497
0,1,0.98988974
0,1,0.99878293
0,0,0.0021102622
0,0,0.035531152
0,0,0.19896305
0,0,0.35445583
0,0,0.00199627
0,1,0.9476483
0,0,0.12991402
0,1,0.9258529
0,0,0.0116521055
0,0,0.0006848109
0,1,0.9911987
0,1,0.9692956
0,0,6.5151995e-05
0,0,0.0074204695
0,0,0.37475017
0,1,0.85120344
0,0,5.2109506e-05
0,0,0.00015221565
0,1,0.70248526
0,0,0.0003130647
0,0,0.00031949527
0,0,0.00081003597
0,0,0.02039946
0,0,0.02119548
0,1,0.9997451
0,1,0.9550654
0,1,0.999728
0,0,0.0015067984
0,1,0.9770872
0,0,0.0008086027
0,0,0.19800924
0,1,0.9930038
0,0,0.0108873015
0,0,0.0014890352
0,0,0.13388103
0,0,0.24890895
0,1,0.8838218
0,0,0.15659912
0,0,0.00022477056
0,1,0.92399627
0,0,9.3507435e-05
0,1,0.9772584
0,1,0.999225
0,0,0.32115617
0,0,0.4052294
0,1,0.99929094
0,1,0.52892965
0,0,0.48527157
0,0,0.06830906
0,1,0.94307363
0,0,0.0005282855
0,1,0.7946033
0,0,0.13599582
0,1,0.697745
0,1,0.9976908
0,0,0.35616642
0,1,0.99873275
0,0,0.09783748
0,1,0.64184123
0,0,0.002592483
0,1,0.70373493
0,1,0.9970835
0,1,0.97575605
0,0,0.10282156
0,0,0.45650822
0,0,0.012876942
0,0,0.00065154943
0,1,0.64264214
0,0,0.44818547
0,1,0.9983352
0,1,0.82668185
0,1,0.99678063
0,0,0.009113969
0,1,0.9699251
0,1,0.6700604
0,0,0.022905892
0,0,0.13883685
0,0,0.3483804
0,0,0.019371746
0,0,0.00048139176
0,1,0.9433111
0,0,0.14065117
0,1,0.99304384
0,1,0.5232701
0,0,0.0026705968
0,1,0.9958555
0,1,0.6817986
0,1,0.7374437
0,1,0.99829143
0,0,0.018884799
0,0,0.00035533105
0,1,0.9974572
0,0,0.03421188
0,1,0.9999033
0,1,0.99113667
0,0,0.12976754
0,0,0.094732404
0,0,0.0011180924
0,1,0.8583441
0,1,0.99986136
0,0,0.15278642
0,0,0.3696678
0,0,0.042961985
0,0,0.0030079302
0,1,0.9784776
0,0,0.4457072
0,0,0.00735341
0,0,0.007214834
0,0,0.0048406986
0,0,0.00013047336
0,1,0.9947094
0,1,0.99985003
0,0,0.115021035
0,1,0.99623185
0,0,0.0006581424
0,1,0.98823094
0,0,0.008664575
0,1,0.97058
0,0,0.00081143447
0,0,0.3291934
0,0,0.0012832358
0,0,0.0790699
0,0,0.00020402331
0,1,0.9974408
0,1,0.8529274
0,0,0.054455463
0,1,0.58139145
0,1,0.9993469
0,0,0.22919787
0,0,4.157164e-05
0,1,0.9240379
0,0,0.0005038343
0,1,0.9450359
0,1,0.9997595
0,1,0.9938246
0,1,0.71847785
0,0,0.0043677017
0,0,0.024808792
0,1,0.98842585
0,1,0.99956185
0,1,0.7583777
0,0,0.23405418
0,1,0.99393797
0,1,0.89372104
0,1,0.99289507
0,0,0.12684935
0,0,0.114119686
0,1,0.975289
0,0,0.004038327
0,1,0.999065
0,0,0.43685436
0,1,0.9844721
0,1,0.98417836
0,1,0.999892
0,0,0.05330651
0,0,0.29987127
0,1,0.94422156
0,1,0.7938306
0,0,0.01171739
0,1,0.90771514
0,1,0.99001265
0,1,0.9908178
0,0,0.16005832
0,0,0.003076844
0,0,0.02046734
0,1,0.8660818
0,1,0.9920365
0,0,0.1548103
0,0,7.911835e-05
0,0,0.011243883
0,1,0.99870014
0,1,0.99993753
0,0,0.010061988
0,0,0.050487645
0,1,0.8116144
0,0,0.04441189
0,0,0.017001392
0,0,0.4924403
0,0,4.948518e-05
0,0,0.0056817355
0,0,0.009428911
0,1,0.9945967
0,1,0.9998921
0,1,0.72171503
0,0,0.3228542
0,0,9.035291e-05
0,0,0.4824817
0,1,0.9711567
0,0,0.00031220718
0,1,0.9998498
0,1,0.9927735
0,1,0.99974614
0,0,0.10823354
0,1,0.9927798
0,1,0.89823484
0,1,0.906691
0,1,0.9999217
0,0,0.11948844
0,0,0.0018156405
0,0,0.0047635706
0,1,0.94714904
0,0,0.12173106
0,1,0.9726051
0,0,0.24730125
0,1,0.7949592
0,1,0.7079752
0,0,0.067023806
0,1,0.8706686
0,0,0.0013814304
0,1,0.9673465
0,0,0.013985788
0,0,0.00046833523
0,0,0.16413589
0,1,0.7146728
0,0,0.00018940853
0,0,0.08133696
0,0,0.19107041
0,1,0.9328055
0,0,0.4456526
0,0,0.024552679
0,0,0.12544103
0,1,0.90187013
0,0,0.0028716717
0,1,0.98230386
0,0,0.4071052
0,1,0.9998721
0,0,0.0032997741
0,0,0.05359945
0,1,0.56935936
0,0,5.0388626e-05
0,0,0.14254306
0,1,0.8834806
0,1,0.95991886
0,1,0.9946778
0,1,0.95668834
0,0,0.00028598352
0,0,0.00030903085
0,0,0.29241621
0,1,0.98290056
0,1,0.91923445
0,1,0.98168015
0,1,0.99452186
0,0,0.013809384
0,1,0.985068
0,0,0.005500863
0,0,0.16566725
0,0,0.09960209
0,1,0.99879813
0,0,0.0043743216
0,0,0.18879187
0,1,0.66825044
0,1,0.9305506
0,0,0.00080022815
0,1,0.98610955
0,1,0.99708885
0,0,0.00020646381
0,0,0.120157465
0,0,0.030094298
0,1,0.9522963
0,0,3.1601958e-05
0,1,0.98790145
0,1,0.6639471
0,0,0.00011899726
0,1,0.8760772
0,1,0.9513684
0,1,0.9975197
0,1,0.9034439
0,1,0.97508484
0,1,0.7469606
0,1,0.5031757
0,1,0.9871963
0,1,0.9871595
0,0,0.035212483
0,0,0.0058050086
0,0,0.00028626804
0,1,0.8014272
0,1,0.8314976
0,1,0.96318847
0,0,0.33069742
0,1,0.97423744
0,0,0.00034158313
0,0,0.00014762576
0,0,0.48566934
0,1,0.736044
0,1,0.7337638
0,0,0.42383415
0,1,0.9586596
0,1,0.76195693
0,1,0.9937489
0,1,0.99630594
0,0,0.0009472061
0,1,0.9997644
0,0,0.00644448
0,0,9.950954e-05
0,0,0.0013505073
0,0,0.41368756
0,1,0.96310765
0,0,0.03605221
0,1,0.62775683
0,0,0.007600552
0,0,5.792819e-05
0,0,0.04052998
0,1,0.53352445
0,0,0.4273684
0,1,0.7309536
0,0,0.011368288
0,1,0.9204129
0,1,0.9833878
0,0,0.24718475
0,1,0.997776
0,1,0.6373938
0,1,0.9974957
0,0,0.00010749973
0,0,0.000639739
0,1,0.9387181
0,0,0.40606716
0,0,2.9063172e-05
0,0,0.0047915434
0,1,0.6561906
0,0,0.00020933349
0,0,5.538367e-05
0,0,0.038174946
0,0,0.00012590172
0,1,0.7044098
0,1,0.98781
0,0,0.2955258
0,0,0.080331884
0,0,0.14969383
0,1,0.9691575
0,0,4.0990002e-05
0,0,0.001572933
0,0,0.039746903
0,1,0.77412915
0,0,0.0070568244
0,1,0.9990508
0,0,0.086150184
0,1,0.9943961
0,1,0.94798654
0,0,0.0003988563
0,1,0.7350698
0,0,0.0010994268
0,1,0.6013299
0,0,0.18334469
0,0,0.0021425518
0,0,0.1933778
0,0,0.15626672
0,0,0.0056933793
0,0,0.028915353
0,0,0.000692003
0,1,0.9297591
0,1,0.98200285
0,0,0.16205703
0,0,0.40618566
0,1,0.773629
0,0,0.14197499
0,0,9.626467e-05
0,0,0.000150052
0,1,0.98036045
0,1,0.67320096
0,1,0.967837
0,1,0.99428856
0,1,0.7170195
0,1,0.95416313
0,0,0.20443408
0,0,3.1310854e-05
0,1,0.69229436
0,1,0.9752814
0,0,5.397633e-05
0,1,0.92552596
0,1,0.67848915
0,0,0.013036665
0,1,0.7614939
0,0,0.0011318243
0,0,0.32874078
0,0,0.15404461
0,1,0.50635684
0,0,0.421773
0,1,0.9965917
0,1,0.9977785
0,0,0.010360498
0,1,0.9662234
0,0,0.008568626
0,0,0.02744327
0,1,0.6107587
0,0,0.00054321723
0,1,0.9771328
0,1,0.97357666
0,1,0.99954295
0,1,0.8832949
0,1,0.77101696
0,0,0.0008298454
0,1,0.93356186
0,0,0.0006506888
0,0,0.0004063478
0,0,0.03867043
0,0,0.0044076205
0,0,0.23582138
0,1,0.99937576
0,1,0.521857
0,1,0.94969195
0,1,0.54978347
0,1,0.9980019
0,0,0.35530254
0,0,0.005313238
0,1,0.9996772
0,1,0.9922288
0,0,0.0004954296
0,0,0.05058445
0,1,0.9986552
0,0,0.1531474
0,1,0.6985108
0,1,0.7514065
0,0,0.19871604
0,0,0.008101631
0,1,0.9888265
0,0,0.014722608
0,1,0.96709764
0,0,3.7761052e-05
0,1,0.9983993
0,0,0.00040049083
0,0,0.0001441026
0,0,0.33480468
0,0,0.0901784
0,0,0.0010871284
0,0,0.016340649
0,1,0.99833065
0,0,0.0086103855
0,0,0.08518815
0,0,0.15014015
0,0,0.47758928
0,0,0.12553038
0,0,0.00020753413
0,1,0.9994031
0,0,0.00020106742
0,0,0.47994864
0,0,0.0026848847
0,1,0.99823064
0,0,0.0037715326
0,0,0.3459356
0,1,0.6446132
0,1,0.99905986
0,1,0.91539943
0,1,0.97976756
0,0,0.006238001
0,0,0.33119023
0,1,0.6842471
0,1,0.6504679
0,1,0.90990764
0,0,0.14908135
0,0,0.009850335
0,1,0.84894514
0,0,0.00011354577
0,0,0.062370174
0,0,6.231015e-05
0,1,0.55682147
0,1,0.99867487
0,0,0.0016013866
0,0,5.3187665e-05
0,0,0.006058478
0,0,0.0013810437
0,0,0.43859354
0,1,0.7947233
0,0,0.08113265
0,0,7.815574e-05
0,0,0.05606616
0,0,0.33408108
0,1,0.9682437
0,0,0.43457824
0,0,7.2546936e-05
0,1,0.66369647
0,1,0.5961229
0,1,0.87857574
0,1,0.9999211
0,0,0.0022916212
0,0,3.359721e-05
0,0,0.0009682675
0,1,0.99902916
0,0,0.0016518475
0,0,0.1344587
0,0,0.0007923274
0,1,0.99979943
0,0,0.0004963178
0,0,0.00020459799
0,0,0.05114922
0,1,0.66527677
0,1,0.8254739
0,0,0.48255718
0,0,0.00016510308
0,0,0.04835697
0,0,0.077169806
0,0,0.00013839231
0,0,0.026271751
0,0,6.61467e-05
0,0,0.0980847
0,0,0.00028996394
0,0,0.00017289388
0,1,0.9942174
0,1,0.8864725
0,1,0.9942498
0,0,0.00013678987
0,0,0.0011411937
0,1,0.9994653
0,1,0.6477941
0,0,0.0013453992
0,0,0.00050267583
0,0,0.0011186156
0,0,0.00010590315
0,1,0.9499666
0,1,0.98493284
0,1,0.6359576
0,0,3.7876678e-05
0,0,0.00093836006
0,1,0.8783364
0,0,0.0036050535
0,0,0.18431437
0,1,0.9520047
0,1,0.9440415
0,0,8.976019e-05
0,1,0.5703073
0,0,2.8734918e-05
0,1,0.95933163
0,0,0.016046077
0,1,0.92646474
0,1,0.99911195
0,0,0.2170423
0,1,0.9997025
0,0,0.0034329593
0,1,0.90908134
0,0,0.016171934
0,0,0.39704883
0,1,0.64962727
0,1,0.9102762
0,0,0.010383787
0,1,0.9952526
0,0,0.19126038
0,0,0.099229306
0,1,0.568083
0,0,0.39940038
0,1,0.7704287
0,0,0.00012790631
0,1,0.9986975
0,0,0.00044568002
0,1,0.99884653
0,1,0.99969256
0,0,0.08430115
0,0,0.15941316
0,1,0.82062405
0,1,0.9980584
0,0,0.0033315339
0,0,0.20071645
0,0,0.014582976
0,0,6.308014e-05
0,0,0.0622185
0,1,0.99636924
0,0,0.0014524763
0,0,0.03738005
0,0,0.056204554
0,0,0.0728724
0,1,0.96973825
0,0,0.15785235
0,1,0.81227285
0,1,0.7638079
0,0,0.00020311495
0,1,0.8453793
0,1,0.87530196
0,1,0.5718225
0,0,0.024396801
0,0,5.278329e-05
0,1,0.883212
0,0,0.14911495
0,0,0.097967096
0,0,0.0033998985
0,0,0.012873112
0,0,0.00023987524
0,0,0.15964745
0,0,0.09396077
0,1,0.9999428
0,1,0.99927074
0,0,7.095279e-05
0,0,0.009367836
0,1,0.96467096
0,1,0.93087053
0,1,0.75775844
0,1,0.9998779
0,1,0.8662242
0,1,0.99576217
0,1,0.90764326
0,1,0.98767626
0,1,0.9254654
0,1,0.9991738
0,0,0.06401924
0,1,0.69120663
0,0,0.0023178845
0,0,0.0025981485
0,0,6.0890397e-05
0,1,0.9669266
0,0,7.22542e-05
0,0,0.0018955879
0,0,0.0024373156
0,0,6.743297e-05
0,1,0.6515342
0,0,0.050833613
0,1,0.9823728
0,0,0.0009993536
0,1,0.7389611
0,0,0.3715935
0,0,0.091754936
0,0,0.008460758
0,1,0.9997303
0,1,0.9016669
0,0,0.46449047
0,0,0.0009417368
0,1,0.9985055
0,0,0.01247668
0,1,0.63582844
0,1,0.9924557
0,1,0.9413538
0,1,0.8021776
0,1,0.8553595
0,0,0.21376562
0,1,0.55832213
0,0,0.12378672
0,1,0.9998099
0,1,0.9530397
0,0,0.00015794479
0,0,0.0043561445
0,0,3.6619247e-05
0,0,0.024193184
0,0,0.16080622
0,0,0.11694185
0,0,7.2958755e-05
0,0,8.802908e-05
0,0,0.0005625951
0,1,0.6569466
0,1,0.9800678
0,1,0.7805222
0,0,0.003248887
0,0,0.00013428267
0,1,0.9749654
0,0,0.39407125
0,1,0.9427668
0,1,0.9973176
0,1,0.9729445
0,1,0.99930704
0,1,0.7017998
0,0,0.01627188
0,1,0.99864036
0,1,0.78635937
0,0,0.04256127
0,0,0.07062395
0,1,0.8046056
0,0,0.31226358
0,1,0.71548116
0,0,0.37962586
0,1,0.9968659
0,1,0.9994791
0,1,0.9683431
0,0,0.004768864
0,0,0.0007000881
0,0,0.0020697482
0,0,0.008913154
0,1,0.9566581
0,0,0.010372081
0,1,0.8828162
0,1,0.90423274
0,1,0.65486497
0,0,6.317314e-05
0,0,0.0040612486
0,1,0.5399255
0,0,0.17115216
0,0,0.47133094
0,1,0.99874675
0,0,0.14508782
0,0,6.0906543e-05
0,1,0.9000922
0,0,0.16870153
0,0,0.40145165
0,0,0.09320931
0,0,0.0011155879
0,0,0.009118372
0,0,0.36855975
0,0,0.0013113205
0,1,0.9569543
0,1,0.9984914
0,0,0.0013590571
0,1,0.504285
0,0,0.052501604
0,0,0.11618155
0,1,0.7164113
0,0,0.26600987
0,0,0.35985026
0,1,0.9998388
0,0,0.00013860242
0,0,0.011422544
0,1,0.7102166
0,0,0.2632994
0,1,0.9664737
0,1,0.6623345
0,1,0.9073201
0,1,0.8482267
0,1,0.9850618
0,0,0.043199915
0,0,0.05109136
0,0,0.26230434
0,0,0.0006757498
0,1,0.99737996
0,1,0.99836725
0,1,0.99916995
0,1,0.55052286
0,1,0.97175115
0,0,0.011641764
0,0,0.4723189
0,0,0.0010129745
0,0,0.012447092
0,0,0.0030764872
0,1,0.9952415
0,0,0.005042607
0,1,0.99737966
0,0,0.00042394333
0,0,0.0005924264
0,0,0.03347495
0,0,0.47825804
0,1,0.9925182
0,1,0.98347694
0,0,0.0010855581
0,0,0.38169214
0,0,0.024435261
0,0,0.40267056
0,1,0.7712717
0,0,0.027912023
0,0,0.062534705
0,0,0.00010179928
0,1,0.8809629
0,1,0.82812566
0,0,9.58831e-05
0,0,0.014396753
0,0,0.009044052
0,0,0.03816677
0,0,0.38123164
0,0,0.012520195
0,0,0.007181219
0,1,0.999741
0,0,0.14704728
0,0,0.0993363
0,0,4.745882e-05
0,0,0.033443976
0,1,0.64465165
0,0,0.19010395
0,0,0.00030073817
0,1,0.98040044
0,1,0.5078262
0,1,0.999884
0,0,8.220683e-05
0,1,0.8262861
0,0,0.00048627972
0,0,0.0006140153
0,1,0.5378907
0,0,0.1632936
0,0,0.0014139458
0,0,0.2931438
0,0,6.460046e-05
0,0,0.07445388
0,0,0.121525206
0,0,0.09221455
0,1,0.99290717
0,0,0.17087196
0,0,0.011336979
0,1,0.96867263
0,0,0.21055996
0,1,0.9996804
0,0,0.38336837
0,1,0.5925376
0,1,0.7458922
0,1,0.9938
0,1,0.5768353
0,0,0.11091332
0,0,0.00016147157
0,1,0.9935969
0,1,0.9915766
0,0,0.00016425624
0,0,0.06550623
0,1,0.6813741
0,0,0.32541218
0,0,0.26098606
0,0,0.052419305
0,0,0.19577703
0,1,0.82120264
0,0,0.009658716
0,1,0.99030125
0,0,0.02053759
0,1,0.8889326
0,0,0.18136078
0,0,5.710378e-05
0,1,0.9516836
0,0,0.4568986
0,0,0.0005739147
0,0,4.591205e-05
0,1,0.7168786
0,0,0.0006675378
0,0,0.22156905
0,1,0.9673296
0,1,0.76191956
0,1,0.8263869
0,1,0.6918787
0,0,0.0006090617
0,0,0.0037031763
0,1,0.5549824
0,0,0.0007973577
0,1,0.98056215
0,0,0.006049349
0,1,0.99992776
0,1,0.9925966
0,1,0.5606884
0,0,0.0008487149
0,0,0.00013368386
0,0,0.013764868
0,0,0.0038952888
0,1,0.8949349
0,0,0.0667413
0,0,0.23964944
0,1,0.9997799
0,0,0.12608483
0,0,0.026262691
0,0,0.005646308
0,1,0.99969673
0,0,0.0047925618
0,0,0.0005557691
0,1,0.8181777
0,0,0.32239115
0,0,0.0020033792
0,0,0.032081928
0,0,0.1354956
0,0,0.0140942605
0,1,0.9990828
0,1,0.6943412
0,1,0.74304193
0,1,0.99988055
0,0,0.12262502
0,0,0.007144453
0,0,0.0052262903
0,0,0.045355465
0,0,5.526707e-05
0,1,0.8554007
0,0,0.20358388
0,0,0.032012448
0,1,0.8659777
0,0,0.0017227778
0,1,0.9317911
0,0,0.46724734
0,0,0.08070171
0,0,0.25225675
0,1,0.5866216
0,0,0.4667196
0,1,0.99321574
0,1,0.9961359
0,0,7.8194134e-05
0,0,0.019287094
0,0,0.0010808135
0,1,0.96821296
0,0,0.2939181
0,1,0.71414906
0,1,0.52038586
0,1,0.6697208
0,0,0.05113005
0,0,5.006689e-05
0,0,0.031844873
0,0,0.034817006
0,1,0.9546451
0,1,0.93232715
0,0,0.071264595
0,1,0.9983394
0,1,0.9994166
0,1,0.8916159
0,1,0.8160015
0,1,0.76973253
0,0,0.24472281
0,0,0.24931246
0,1,0.96496016
0,0,0.00016438347
0,0,0.0004597799
0,1,0.59487313
0,1,0.5630087
0,1,0.9484551
0,0,0.0011449531
0,0,0.00011371026
0,1,0.9998159
0,1,0.9999069
0,1,0.9969495
0,0,0.035656456
0,0,0.006463793
0,0,0.0003620654
0,1,0.8027764
0,1,0.9818355
0,1,0.99848384
0,1,0.9973374
0,1,0.99909616
0,0,0.0050440477
0,1,0.88920444
0,1,0.9974892
0,0,0.0006624498
0,0,0.03264804
0,0,0.00011670103
0,0,0.069902085
0,0,0.3281228
0,0,0.007731455
0,1,0.512945
0,0,0.058349926
0,1,0.56885093
0,1,0.99990034
0,1,0.9995353
0,1,0.9403125
0,1,0.9686798
0,1,0.735027
0,0,0.0010966362
0,1,0.9909191
0,0,0.2463203
0,1,0.54048884
0,0,0.00015422243
0,1,0.9492393
0,1,0.9822803
0,0,0.19067109
0,0,0.020337481
0,0,0.0033566456
0,0,0.28410715
0,0,0.00079160096
0,0,0.19364674
0,1,0.98082775
0,1,0.67745507
0,1,0.67045605
0,0,0.07774161
0,1,0.54010296
0,1,0.99388486
0,0,0.19265106
0,1,0.7630207
0,0,0.000112313865
0,1,0.93456066
0,1,0.553041
0,0,0.008694017
0,1,0.95140904
0,0,6.092037e-05
0,1,0.62948287
0,0,0.0012898847
0,0,0.054331746
0,0,0.15408102
0,0,0.049729098
0,0,9.5468335e-05
0,0,0.00012244949
0,0,0.22154225
0,0,0.00012815755
0,1,0.6911564
0,1,0.6687622
0,0,0.16646504
0,0,0.045924615
0,0,0.33618122
0,0,0.0016310596
0,0,0.3018684
0,1,0.9997695
0,1,0.9929467
0,1,0.9968828
0,0,0.00011626297
0,0,0.0002990465
0,1,0.9120108
0,0,0.33907425
0,1,0.99906236
0,1,0.9909287
0,0,0.00039470656
0,1,0.8745297
0,1,0.91405636
0,0,0.054382812
0,0,0.008951151
0,1,0.9710144
0,0,0.00078872306
0,1,0.99659365
0,1,0.99304515
0,0,0.024752365
0,0,0.42347085
0,1,0.990341
0,0,0.0025498571
0,0,0.004631261
0,0,0.002599627
0,0,0.053025097
0,1,0.9991242
0,1,0.9917088
0,0,0.11678323
0,1,0.92241305
0,0,0.0012660542
0,1,0.9789386
0,0,0.46191782
0,0,0.0005368248
0,1,0.9994413
0,1,0.9871423
0,0,0.00042899552
0,0,0.19404975
0,1,0.9995433
0,0,0.0015348787
0,0,0.05356482
0,1,0.9645574
0,0,0.0009583822
0,0,0.17714323
0,1,0.95725495
0,1,0.9993236
0,1,0.7980485
0,0,0.0077614733
0,1,0.9984295
0,1,0.931102
0,0,0.03925546
0,0,0.051410835
0,1,0.9976279
0,1,0.99923956
0,1,0.6413095
0,0,0.007212161
0,0,0.22360617
0,1,0.852128
0,1,0.77245694
0,0,0.08589416
0,0,0.0023807047
0,1,0.9999126
0,0,0.13321184
0,0,0.10463822
0,1,0.8583401
0,1,0.9863609
0,0,0.05788475
0,1,0.9980684
0,0,0.14977983
0,0,0.29978842
0,0,0.22031341
0,0,0.0034889737
0,0,4.5102624e-05
0,0,6.804728e-05
0,0,0.0003829129
0,1,0.5760573
0,0,8.443227e-05
0,1,0.7194217
0,0,0.03120581
0,0,0.047705982
0,1,0.623813
0,0,0.35546413
0,0,0.33584115
0,0,8.105903e-05
0,0,0.15490226
0,1,0.627371
0,1,0.9385187
0,0,0.2606468
0,0,0.0005163033
0,0,0.36101115
0,0,0.009915607
0,0,0.06242286
0,0,8.9202826e-05
0,0,0.0020074856
0,1,0.6037454
0,1,0.99839044
0,1,0.99642295
0,1,0.5578305
0,0,0.066245906
0,1,0.98441976
0,1,0.9978339
0,0,0.011759293
0,1,0.97668046
0,0,0.00021462073
0,0,0.48446944
0,0,0.07617532
0,1,0.99653184
0,1,0.98479307
0,0,0.023547634
0,1,0.98571265
0,1,0.99401844
0,1,0.81690156
0,1,0.99972934
0,1,0.7066454
0,0,0.34826395
0,1,0.83955044
0,1,0.99514955
0,0,0.41991553
0,0,0.029505873
0,0,0.00024448746
0,0,0.28495124
0,1,0.53791136
0,0,0.029133676
0,0,0.49165612
0,1,0.9992925
0,0,0.22436427
0,1,0.9714234
0,1,0.9408236
0,0,0.09091913
0,0,0.30546954
0,0,0.009779978
0,0,0.35776237
0,1,0.9999454
0,0,0.31659764
0,1,0.998555
0,0,0.0011938427
0,1,0.9394555
0,0,0.18148683
0,0,0.007841535
0,0,0.49506184
0,1,0.8684519
0,0,0.115407154
0,0,0.040102813
0,0,0.31545806
0,0,0.0014475227
0,1,0.9954758
0,1,0.967623
0,0,0.00011236442
0,0,0.1154369
0,1,0.88268894
0,0,0.04205997
0,1,0.7450592
0,1,0.9719795
0,0,0.12834804
0,1,0.72403747
0,0,0.00034079788
0,0,0.38670978
0,0,0.00025641732
0,0,0.02085329
0,1,0.5600595
0,0,0.27643663
0,1,0.7140249
0,0,0.17698933
0,1,0.9680454
0,1,0.8792113
0,0,0.004127713
0,0,0.00037550266
0,1,0.9992459
0,0,0.062223945
0,0,3.5314803e-05
0,1,0.9981993
0,0,0.0002536739
0,1,0.9997626
0,1,0.9993168
0,0,0.010783
0,1,0.86999613
0,1,0.6873509
0,0,0.037828125
0,1,0.9998523
0,1,0.8557993
0,0,0.091544755
0,1,0.9721453
0,0,0.007502588
0,0,0.23289551
0,1,0.6937811
0,0,0.03074457
0,1,0.99992216
0,0,0.19963335
0,1,0.9844844
0,0,0.0056367
0,0,5.2031795e-05
0,0,0.17149372
0,1,0.87137306
0,1,0.97487646
0,1,0.87244
0,0,0.00016941383
0,0,0.0067905686
0,0,4.0699546e-05
0,0,0.22440569
0,0,0.15248844
0,1,0.9864965
0,1,0.9992236
0,0,0.06549984
0,0,0.2780593
0,0,0.104668334
0,0,5.5761473e-05
0,0,0.23504181
0,0,0.00022460302
0,1,0.99995196
0,0,0.25025517
0,0,0.00010083181
0,1,0.8785131
0,0,0.025927402
0,0,0.0011608276
0,0,8.379044e-05
0,1,0.7595223
0,0,0.232561
0,0,0.00011623324
0,0,0.0041953097
0,1,0.95238054
0,0,0.018361857
0,0,9.165345e-05
0,0,0.24477936
0,0,0.31932804
0,1,0.9746362
0,0,0.00082906685
0,1,0.7060445
0,0,0.00054773584
0,0,5.9701753e-05
0,1,0.97807217
0,0,0.001085116
0,0,0.11650647
0,0,0.07679508
0,0,0.4708125
0,0,0.0013320366
0,0,0.044911366
0,0,0.00012628573
0,1,0.99906343
0,0,0.0021741798
0,1,0.9960674
0,0,0.16490526
0,1,0.91312486
0,1,0.99989307
0,0,0.03689063
0,0,0.07254309
0,1,0.83249336
0,0,5.595484e-05
0,1,0.8082784
0,0,9.0924914e-05
0,1,0.9928964
0,0,0.4118783
0,1,0.99542624
0,1,0.99418855
0,1,0.99981433
0,1,0.99987423
0,1,0.8966017
0,0,0.0006978465
0,0,5.7376983e-05
0,1,0.53532135
0,0,0.00016897146
0,1,0.6533842
0,0,0.003881345
0,0,0.30741563
0,0,0.034189325
0,1,0.9893231
0,1,0.93281454
0,1,0.5408095
0,1,0.99701405
0,1,0.84697634
0,1,0.99852824
0,1,0.99950063
0,0,0.049408294
0,1,0.9990909
0,0,0.040062446
0,0,0.07401462
0,0,0.2440662
0,0,3.8184953e-05
0,1,0.59487313
0,0,0.03249938
0,0,0.0012972623
0,1,0.59838974
0,0,0.017931078
0,1,0.9731564
0,1,0.69893885
0,0,0.00015148445
0,0,0.0021441048
0,0,8.318776e-05
0,0,0.11055163
0,1,0.99638784
0,0,0.20625117
0,1,0.8500604
0,1,0.9998184
0,1,0.99977547
0,1,0.97003514
0,0,0.029393459
0,0,0.004319029
0,1,0.91827595
0,1,0.93501264
0,0,0.010593719
0,1,0.8223954
0,1,0.99258375
0,0,0.0005538909
0,1,0.8903767
0,0,0.030249013
0,1,0.99673456
0,0,0.4842537
0,1,0.99930346
0,0,0.0047108294
0,0,0.004423909
0,1,0.9132552
0,1,0.8511594
0,0,0.030062648
0,0,0.0010006978
0,1,0.85621226
0,0,0.109595
0,1,0.5147945
0,0,0.029965138
0,0,0.22930595
0,1,0.9249468
0,0,0.35280263
0,0,0.036023848
0,0,0.063156985
0,0,0.26627016
0,1,0.99217814
0,1,0.73825157
0,1,0.90112746
0,0,0.05344401
0,0,0.07736677
0,0,0.43986455
0,1,0.81155074
0,0,0.117058314
0,1,0.94313896
0,0,0.025105879
0,0,0.38894328
0,0,0.00016624821
0,0,0.4619912
0,1,0.69200283
0,0,0.04855776
0,0,0.00016320118
0,1,0.8653991
0,1,0.6811964
0,1,0.66775876
0,0,0.4664495
0,0,0.34136218
0,1,0.97309923
0,1,0.61517423
0,1,0.959934
0,0,0.031148966
0,1,0.9920867
0,0,0.46428987
0,0,0.27466637
0,0,0.00015224208
0,0,0.16821052
0,0,0.007829975
0,0,0.0674781
0,0,0.08081344
0,0,0.12903574
0,0,5.5894197e-05
0,1,0.9577987
0,0,0.00059154653
0,0,0.0026547052
0,0,0.00019928018
0,1,0.8996152
0,1,0.9715375
0,1,0.9865422
0,0,0.028333733
0,0,0.0037364801
0,0,2.4891724e-05
0,1,0.655364
0,0,0.01609452
0,0,0.00022768136
0,0,0.4274669
0,0,0.00015814944
0,1,0.6778159
0,1,0.59959066
0,0,0.3988528
0,0,0.06766659
0,1,0.98907393
0,1,0.7876671
0,0,0.000107132764
0,0,0.02183736
0,1,0.9769359
0,0,0.00010919764
0,1,0.9930252
0,1,0.9926762
0,0,0.0029643732
0,1,0.7000338
0,1,0.9996891
0,0,0.02109784
0,1,0.6307432
0,0,0.0001600741
0,0,0.017394587
0,1,0.98877317
0,1,0.67376304
0,1,0.99938405
0,0,0.00076920976
0,1,0.7150223
0,1,0.9978289
0,1,0.99979645
0,0,0.13229567
0,1,0.9970175
0,0,0.045313124
0,1,0.50305057
0,1,0.73818415
0,0,0.0035150691
0,0,0.021089157
0,0,0.004368264
0,0,0.034547944
0,0,0.016660187
0,0,0.049334504
0,0,0.21701877
0,1,0.9838785
0,0,0.18851666
0,1,0.9818673
0,0,0.10486187
0,0,0.012603022
0,0,0.0099340305
0,0,0.00091422774
0,1,0.9605893
0,0,0.01455432
0,1,0.99927527
0,0,0.033786297
0,0,0.0010794392
0,0,0.3392376
0,1,0.77061546
0,0,0.059052113
0,0,7.965622e-05
0,1,0.9785517
0,0,0.27975008
0,0,0.182481
0,0,0.00023516161
0,1,0.99987555
0,0,0.34376222
0,1,0.99702877
0,1,0.85615975
0,0,0.021606201
0,1,0.9720968
0,1,0.8292046
0,0,0.006536719
0,1,0.6377155
0,0,6.0410635e-05
0,0,0.26487437
0,0,0.008024039
0,1,0.8524769
0,0,0.004500306
0,1,0.9473677
0,1,0.9976533
0,1,0.8512148
0,0,0.00031585584
0,1,0.9876787
0,1,0.9266086
0,1,0.9989706
0,0,0.44212207
0,1,0.99993
0,0,0.004295717
0,0,0.48675233
0,0,0.0022244852
0,0,0.022630962
0,1,0.87174827
0,0,4.5372766e-05
0,1,0.9999112
0,0,0.19801831
0,0,0.0062118364
0,1,0.9995283
0,0,0.43908262
0,1,0.73545295
0,0,0.08758731
0,1,0.998408
0,1,0.8560837
0,0,0.016636463
0,0,0.00013560792
0,0,0.20920134
0,0,0.18036124
0,1,0.93162453
0,1,0.9993692
0,1,0.9087413
0,1,0.999198
0,1,0.6974385
0,0,0.030295828
0,0,0.08839775
0,0,6.918013e-05
0,0,6.154581e-05
0,0,0.0048732734
0,0,0.0031057633
0,1,0.89571804
0,1,0.8206378
0,0,0.0003725876
0,1,0.54739845
0,0,0.3630901
0,0,0.0036345061
0,1,0.8996216
0,0,8.773654e-05
0,0,0.0004854024
0,1,0.7262561
0,0,0.000752858
0,0,0.002084489
0,0,0.0026133799
0,0,0.44644648
0,1,0.9989766
0,0,0.000526228
0,0,0.38454553
0,1,0.9949883
0,0,0.00018522344
0,0,0.44862723
0,1,0.9991315
0,0,0.03177924
0,0,0.39789
0,1,0.9908471
0,0,5.0092636e-05
0,0,0.0001775373
0,0,0.0005001087
0,1,0.9941554
0,0,0.2583277
0,0,0.0100480085
0,0,0.0045045638
0,0,0.00012558277
0,0,0.03279512
0,0,0.00035025124
0,1,0.563514
0,0,0.23921858
0,0,0.38057128
0,0,0.0001695518
0,1,0.9986858
0,0,0.18466705
0,1,0.999303
0,0,0.044906482
0,0,0.04164491
0,0,0.42056286
0,1,0.9570535
0,0,0.46791303
0,0,0.067350976
0,1,0.51837385
0,1,0.72514474
0,0,0.18113096
0,0,0.002572627
