label,pred,prob_ai
1,1,0.9999708
1,1,0.9998932
1,1,0.99984896
1,1,0.7922737
1,1,0.99994516
1,1,0.9997439
1,1,0.9999627
1,1,0.9999728
1,1,0.5504024
1,1,0.8936359
1,1,0.9987332
1,0,0.05608921
1,1,0.99997425
1,1,0.9993056
1,1,0.99996185
1,1,0.99949765
1,1,0.999974
1,1,0.9998259
1,1,0.99996126
1,1,0.9998995
1,1,0.99997175
1,1,0.9999231
1,1,0.99977916
1,1,0.8838579
1,1,0.9999745
1,1,0.9999733
1,1,0.93486625
1,1,0.99990785
1,1,0.60429823
1,0,0.3879329
1,1,0.99997365
1,0,0.26779866
1,0,0.06799126
1,1,0.9972682
1,0,0.17641817
1,1,0.99986255
1,0,0.009293951
1,1,0.9999645
1,1,0.99997413
1,1,0.9999703
1,1,0.88256407
1,1,0.9999696
1,1,0.9999647
1,0,0.3897884
1,1,0.93108827
1,0,0.48049986
1,1,0.9999708
1,0,0.052616686
1,1,0.99996996
1,1,0.9998369
1,1,0.9857005
1,1,0.99997437
1,1,0.9998987
1,1,0.9999702
1,1,0.99997437
1,1,0.9994455
1,1,0.99866605
1,1,0.9992767
1,1,0.99995697
1,1,0.9846926
1,1,0.999972
1,1,0.99997115
1,1,0.99991214
1,1,0.99996066
1,1,0.99732155
1,1,0.99996626
1,1,0.9999728
1,1,0.9999608
1,0,0.0072407085
1,1,0.99994504
1,1,0.9865601
1,1,0.99902534
1,1,0.9999652
1,1,0.9999732
1,1,0.8573981
1,1,0.9999703
1,1,0.9457689
1,1,0.9998337
1,0,0.39341474
1,1,0.99269605
1,0,0.1043917
1,0,0.36993405
1,0,0.0010984757
1,1,0.99995136
1,0,0.001398336
1,1,0.99995506
1,0,0.0082685
1,0,0.24087828
1,1,0.9997818
1,1,0.99995947
1,1,0.9999727
1,1,0.9890482
1,1,0.99997234
1,1,0.9943526
1,0,0.00086211675
1,1,0.99997413
1,1,0.999972
1,1,0.9995129
1,1,0.9999523
1,1,0.9990101
1,1,0.99993825
1,1,0.99995065
1,1,0.9995332
1,1,0.9998975
1,1,0.9998436
1,1,0.99997306
1,0,0.0015026869
1,1,0.9999646
1,1,0.9999716
1,1,0.99976724
1,0,0.29511517
1,1,0.99993527
1,0,0.00024068942
1,1,0.9999722
1,1,0.9999509
1,1,0.99983096
1,1,0.9999151
1,1,0.99986374
1,0,0.008510948
1,1,0.99995005
1,1,0.9916467
1,1,0.99970263
1,1,0.99997413
1,1,0.999948
1,1,0.9999236
1,1,0.97089934
1,1,0.9983966
1,1,0.99991083
1,1,0.9204662
1,1,0.99997187
1,0,0.00010925179
1,0,0.19587606
1,1,0.99994934
1,1,0.9999349
1,1,0.99994993
1,1,0.99997306
1,1,0.99991965
1,1,0.9999658
1,0,0.4934496
1,1,0.9999517
1,0,0.25493887
1,0,0.0009727381
1,1,0.9996871
1,1,0.99991214
1,1,0.9999608
1,0,5.6218036e-05
1,1,0.99993634
1,0,0.22776921
1,0,0.0032493086
1,1,0.9995377
1,0,0.002067054
1,1,0.99885726
1,1,0.99997365
1,1,0.9838605
1,1,0.99997044
1,0,0.40137288
1,1,0.99997103
1,1,0.9999733
1,0,0.010508857
1,1,0.9770124
1,1,0.9999031
1,1,0.99517125
1,1,0.9994821
1,1,0.99996865
1,1,0.9999566
1,1,0.999972
1,1,0.9999521
1,0,0.40171447
1,1,0.99996066
1,1,0.9999448
1,0,0.43825343
1,1,0.9678858
1,1,0.99997187
1,1,0.99996185
1,0,0.13608664
1,1,0.99997425
1,1,0.911129
1,1,0.9999628
1,1,0.99997365
1,1,0.99989986
1,1,0.9999714
1,0,0.036786325
1,0,0.19399522
1,0,0.37408724
1,0,0.001470644
1,1,0.99985707
1,1,0.99146056
1,1,0.99995923
1,0,0.37943888
1,0,0.27773243
1,1,0.9999651
1,1,0.99996006
1,0,0.22283712
1,1,0.9999707
1,1,0.99997354
1,0,0.0011496472
1,1,0.66621554
1,0,7.796481e-05
1,1,0.999966
1,1,0.99996734
1,1,0.99996686
1,1,0.99997365
1,1,0.9987809
1,1,0.99997246
1,0,0.0970815
1,1,0.9999566
1,1,0.9998228
1,0,0.0005855818
1,1,0.99997365
1,1,0.999966
1,1,0.9998553
1,0,0.38209385
1,1,0.99995136
1,1,0.999972
1,1,0.997291
1,1,0.9998882
1,1,0.9999652
1,1,0.9998634
1,1,0.99996364
1,1,0.9999194
1,1,0.9637663
1,1,0.5067411
1,1,0.999902
1,1,0.9999651
1,1,0.9999727
1,1,0.9999591
1,1,0.99993837
1,1,0.9995117
1,0,0.105341285
1,1,0.7830093
1,1,0.99993
1,1,0.9988758
1,1,0.99986863
1,1,0.99997234
1,1,0.9999653
1,1,0.9999703
1,1,0.9975673
1,1,0.9999473
1,1,0.99993515
1,1,0.9999664
1,1,0.9999604
1,1,0.99996924
1,1,0.9998605
1,1,0.99995923
1,1,0.9999634
1,1,0.99988675
1,1,0.9999684
1,1,0.9983152
1,1,0.9637089
1,1,0.99997354
1,1,0.8550982
1,0,0.00033237415
1,1,0.9976069
1,1,0.9907079
1,1,0.9999715
1,1,0.99996924
1,1,0.9998641
1,1,0.9999634
1,1,0.99996114
1,0,0.00020881477
1,1,0.9999716
1,1,0.96476185
1,1,0.999841
1,1,0.9842179
1,1,0.9999658
1,1,0.9999584
1,1,0.99997103
1,1,0.9999659
1,1,0.9999654
1,1,0.9999734
1,1,0.99992776
1,1,0.9999713
1,1,0.9999653
1,1,0.999969
1,1,0.9999727
1,1,0.9999727
1,1,0.9999571
1,1,0.93724394
1,1,0.99992347
1,0,0.106244326
1,1,0.9958632
1,1,0.95513916
1,0,0.42192808
1,1,0.9998387
1,1,0.9957094
1,1,0.9967012
1,1,0.9834674
1,1,0.9999119
1,1,0.9999678
1,1,0.9962895
1,1,0.9999726
1,1,0.99996996
1,1,0.999972
1,1,0.99987316
1,1,0.99982846
1,1,0.999969
1,0,0.00036380315
1,1,0.9999441
1,1,0.99997234
1,1,0.999972
1,0,0.00070709665
1,1,0.99995553
1,1,0.9999716
1,1,0.9999641
1,1,0.9999361
1,1,0.9994648
1,1,0.999954
1,1,0.9999548
1,1,0.9934829
1,1,0.99721634
1,1,0.99996483
1,1,0.99913317
1,1,0.99996746
1,1,0.9997763
1,1,0.9999677
1,1,0.8859142
1,0,0.4476962
1,1,0.9999708
1,1,0.9999472
1,1,0.9999738
1,1,0.540273
1,1,0.999974
1,1,0.99997437
1,1,0.9566996
1,1,0.9986318
1,1,0.99996257
1,1,0.9994875
1,1,0.7240855
1,1,0.9999585
1,1,0.9999732
1,1,0.9968335
1,1,0.9999629
1,1,0.99997413
1,0,0.20285259
1,0,0.34498352
1,1,0.99994624
1,1,0.9999485
1,1,0.999972
1,1,0.99997234
1,1,0.5673466
1,1,0.99996984
1,1,0.99996686
1,1,0.9999721
1,0,0.00014235637
1,1,0.99987626
1,1,0.99991167
1,1,0.9999666
1,1,0.99997354
1,1,0.9119344
1,1,0.93260175
1,1,0.7190141
1,1,0.9999671
1,1,0.76902544
1,0,0.0012392121
1,1,0.9999043
1,1,0.99957937
1,1,0.9792215
1,1,0.9998845
1,1,0.99848086
1,0,0.00011048162
1,1,0.6143648
1,0,0.0042963265
1,1,0.9767417
1,1,0.9999449
1,1,0.9999113
1,1,0.9999366
1,0,0.002342351
1,1,0.881457
1,1,0.9999683
1,1,0.9999267
1,1,0.98349243
1,1,0.68257093
1,1,0.9999428
1,1,0.9999702
1,1,0.9999726
1,1,0.5953698
1,1,0.9989656
1,1,0.999008
1,1,0.99991083
1,1,0.99996674
1,1,0.99739134
1,1,0.9999715
1,1,0.9999691
1,1,0.99996865
1,0,0.14386825
1,1,0.9993693
1,1,0.99937195
1,1,0.927807
1,1,0.99995434
1,1,0.9999627
1,1,0.98312485
1,1,0.9999721
1,1,0.98838276
1,1,0.9999596
1,1,0.99996245
1,0,0.00088963157
1,1,0.9999658
1,1,0.99669915
1,1,0.9950121
1,1,0.99996483
1,1,0.99997115
1,1,0.9999647
1,1,0.9985531
1,1,0.99887806
1,1,0.99994373
1,1,0.99985504
1,0,0.0012597664
1,1,0.99997187
1,1,0.9995384
1,1,0.9999738
1,1,0.99997234
1,1,0.9999553
1,1,0.999966
1,0,0.19872172
1,1,0.9998994
1,1,0.6818097
1,1,0.99964
1,1,0.5256126
1,1,0.9998882
1,1,0.9999695
1,1,0.9999721
1,1,0.76443285
1,0,0.40393728
1,1,0.9999683
1,1,0.9999162
1,1,0.99978703
1,1,0.99996924
1,1,0.9999434
1,1,0.9998983
1,1,0.9999728
1,1,0.9999528
1,1,0.79492867
1,1,0.9999608
1,1,0.99995923
1,1,0.9999498
1,1,0.99965024
1,1,0.9999478
1,0,0.00012877496
1,1,0.99738055
1,1,0.9999715
1,1,0.99977595
1,0,4.0857507e-05
1,1,0.99997187
1,1,0.9999727
1,1,0.99996734
1,1,0.99996996
1,1,0.999969
1,1,0.9999629
1,1,0.99997354
1,1,0.9999509
1,1,0.94126415
1,1,0.9999722
1,1,0.9997911
1,0,0.1845504
1,1,0.5964783
1,1,0.9999715
1,1,0.99996924
1,1,0.98496
1,1,0.9987398
1,1,0.9999715
1,0,0.0052975663
1,1,0.5929633
1,0,0.08096585
1,0,0.11944546
1,1,0.9999715
1,1,0.9999684
1,1,0.9999689
1,1,0.9999702
1,1,0.99100995
1,0,0.41352242
1,1,0.6990699
1,1,0.9999627
1,1,0.9999634
1,1,0.9999708
1,1,0.9998956
1,1,0.99994767
1,1,0.99993944
1,1,0.99997294
1,0,0.032489385
1,1,0.99970204
1,1,0.9999738
1,1,0.9999639
1,1,0.99987364
1,1,0.99997175
1,1,0.9999732
1,1,0.9999747
1,1,0.9951279
1,1,0.999972
1,1,0.9996613
1,1,0.9993736
1,1,0.9973348
1,1,0.9911793
1,1,0.9998185
1,1,0.9999738
1,1,0.9998884
1,1,0.99997354
1,1,0.9998938
1,1,0.9990575
1,0,0.29340258
1,1,0.999967
1,1,0.99997187
1,0,0.0038084812
1,1,0.99996245
1,1,0.9992894
1,1,0.999969
1,1,0.9986247
1,1,0.9999641
1,1,0.99997485
1,1,0.9995608
1,1,0.9999597
1,1,0.9999714
1,1,0.99997365
1,1,0.9999609
1,1,0.5900976
1,1,0.99424136
1,1,0.9999739
1,1,0.99959475
1,0,0.0018408492
1,0,0.054847736
1,0,0.4769673
1,1,0.8832589
1,1,0.9947227
1,1,0.99970156
1,1,0.9992336
1,1,0.99903536
1,1,0.99992335
1,1,0.9999502
1,1,0.98581076
1,1,0.9999473
1,1,0.9999734
1,1,0.9999721
1,0,0.1329198
1,1,0.99990785
1,1,0.9999738
1,1,0.999889
1,1,0.99993
1,1,0.9995135
1,0,0.020372111
1,1,0.77264196
1,1,0.99996924
1,1,0.93921995
1,1,0.7396684
1,1,0.9999727
1,1,0.9999653
1,1,0.99990284
1,1,0.9999479
1,1,0.99993956
1,1,0.99996865
1,0,0.07256135
1,1,0.9999237
1,1,0.99996364
1,1,0.99996495
1,1,0.99997175
1,1,0.99996936
1,1,0.9999739
1,1,0.9998481
1,1,0.99996865
1,1,0.9999068
1,1,0.9999548
1,1,0.99997365
1,0,0.46669632
1,0,9.502321e-05
1,1,0.998589
1,1,0.9999641
1,1,0.99997354
1,1,0.9999703
1,0,0.14050716
1,1,0.99996877
1,1,0.9971011
1,0,0.4057116
1,1,0.9998516
1,1,0.99996436
1,1,0.99995565
1,1,0.9999721
1,1,0.99997234
1,1,0.9997141
1,1,0.9999683
1,1,0.9999677
1,1,0.94580376
1,1,0.9978503
1,1,0.9999577
1,1,0.9997594
1,1,0.9964401
1,1,0.9999484
1,1,0.9999666
1,1,0.9999174
1,1,0.9994351
1,1,0.90567654
1,0,0.0008731414
1,1,0.9999733
1,1,0.9999627
1,1,0.9999647
1,1,0.9999734
1,0,0.0023937868
1,1,0.68057424
1,1,0.99995565
1,0,0.11461515
1,1,0.99997294
1,0,0.13522114
1,1,0.5872754
1,1,0.99876994
1,1,0.9998673
1,0,0.18584184
1,1,0.83093256
1,0,0.0071779354
1,1,0.9999405
1,1,0.9348503
1,0,0.2750749
1,1,0.9999703
1,1,0.999974
1,1,0.9998939
1,1,0.9999553
1,1,0.9997825
1,1,0.9999286
1,1,0.9999
1,0,0.040605277
1,1,0.99997115
1,1,0.9995326
1,0,0.16747253
1,1,0.5220708
1,1,0.9991578
1,1,0.999913
1,1,0.9995134
1,1,0.59300673
1,1,0.9351443
1,1,0.999967
1,1,0.99997246
1,1,0.99997354
1,1,0.9999714
1,1,0.9999677
1,1,0.9995453
1,1,0.9999645
1,1,0.99994826
1,1,0.99997413
1,1,0.9999733
1,1,0.9999702
1,1,0.9999633
1,1,0.9397358
1,1,0.99996746
1,0,0.00027769295
1,1,0.982107
1,1,0.99995196
1,1,0.9994717
1,0,0.00010532978
1,1,0.9999672
1,1,0.9999672
1,0,0.00020838597
1,0,0.45648795
1,1,0.99996924
1,1,0.9999641
1,1,0.9999728
1,1,0.9998758
1,1,0.9999622
1,1,0.9994898
1,1,0.9998902
1,0,0.009284617
1,1,0.9873755
1,0,5.6523157e-05
1,1,0.9999722
1,1,0.999943
1,1,0.9858289
1,1,0.99992514
1,1,0.9999466
1,1,0.99943966
1,1,0.9998729
1,1,0.9794049
1,1,0.9999522
1,1,0.99996376
1,1,0.9999646
1,1,0.98544633
1,1,0.9999577
1,1,0.99444073
1,0,7.796273e-05
1,1,0.8639911
1,1,0.9998356
1,1,0.99993277
1,1,0.9999682
1,1,0.99887913
1,1,0.99997365
1,1,0.99997175
1,1,0.99990046
1,1,0.9999646
1,1,0.99996793
1,1,0.9999629
1,1,0.9999703
1,1,0.99804974
1,1,0.99927574
1,1,0.99997437
1,1,0.9993876
1,1,0.9982134
1,1,0.999974
1,1,0.99995196
1,1,0.9999418
1,1,0.9999502
1,0,0.38317877
1,1,0.99996984
1,1,0.99679524
1,1,0.9997038
1,1,0.99987364
1,1,0.9989931
1,1,0.99980193
1,1,0.9981951
1,1,0.99996626
1,1,0.9999728
1,1,0.999974
1,1,0.99992585
1,1,0.9999689
1,1,0.99997187
1,1,0.9999671
1,1,0.9998803
1,1,0.9999491
1,1,0.9905043
1,1,0.9999677
1,1,0.99995923
1,1,0.99983394
1,1,0.9999727
1,1,0.9855548
1,1,0.9992519
1,1,0.99968445
1,1,0.9830936
1,1,0.9999664
1,1,0.99995995
1,1,0.9999633
1,1,0.72914696
1,0,0.00017266783
1,0,0.06266255
1,1,0.9999738
1,1,0.99996674
1,1,0.9999647
1,1,0.99993706
1,1,0.9999068
1,1,0.999972
1,1,0.99997365
1,1,0.99996734
1,0,8.543305e-05
1,1,0.9999615
1,0,0.00016791304
1,1,0.9995079
1,1,0.99858886
1,1,0.9420973
1,0,0.37959728
1,1,0.9998543
1,0,0.00054183905
1,1,0.9999672
1,1,0.99995005
1,1,0.99996054
1,1,0.9999541
1,1,0.999972
1,1,0.9998797
1,1,0.99996305
1,1,0.51749563
1,1,0.9947582
1,1,0.9999435
1,1,0.99050635
1,0,0.0010747511
1,1,0.9999732
1,1,0.99615896
1,1,0.99852896
1,1,0.55735666
1,1,0.99996805
1,1,0.99995816
1,1,0.99984765
1,1,0.9999597
1,1,0.99991035
1,0,0.053380147
1,1,0.99750155
1,1,0.9999627
1,1,0.99996245
1,1,0.99996996
1,1,0.9999672
1,1,0.99967396
1,1,0.99972814
1,1,0.9999703
1,1,0.99996305
1,1,0.9999616
1,1,0.99996305
1,0,0.002975805
1,1,0.9999664
1,1,0.9999335
1,1,0.999974
1,1,0.9999683
1,1,0.9999695
1,1,0.9999484
1,0,0.0029140757
1,1,0.99887043
1,1,0.9999403
1,1,0.9999497
1,1,0.99995565
1,1,0.9998568
1,1,0.9999708
1,1,0.9999
1,0,0.15484175
1,1,0.8260282
1,1,0.99581856
1,1,0.9999738
1,1,0.99997294
1,1,0.62803656
1,1,0.99997437
1,1,0.9999578
1,1,0.99983644
1,1,0.7603608
1,1,0.9996834
1,0,0.26523823
1,0,0.0031922085
1,1,0.9999726
1,1,0.9311273
1,1,0.99974054
1,1,0.999951
1,1,0.9999653
1,1,0.9998956
1,1,0.999964
1,1,0.99996865
1,1,0.9999665
1,1,0.99663085
1,1,0.9999509
1,1,0.9998344
1,1,0.50465745
1,0,0.00013076657
1,1,0.99987173
1,1,0.91523015
1,0,0.24024373
1,1,0.9999616
1,1,0.9999628
1,1,0.9999716
1,1,0.9995432
1,1,0.99083745
1,1,0.97917306
1,0,0.00012924155
1,1,0.9999716
1,1,0.99728084
1,1,0.95480746
1,0,0.015692791
1,1,0.95946497
1,1,0.99933285
1,0,0.008451419
1,1,0.99964106
1,0,0.30844253
1,1,0.9999714
1,1,0.94956875
1,0,0.13216425
1,1,0.99996305
1,1,0.9999728
1,1,0.9999696
1,0,0.3531005
1,1,0.9999689
1,1,0.9999672
1,1,0.9999734
1,1,0.68564653
1,1,0.99997246
1,1,0.9998636
1,1,0.99991953
1,1,0.9999727
1,1,0.99087596
1,1,0.9999715
1,1,0.9999505
1,1,0.9999728
1,0,9.861846e-05
1,1,0.9999722
1,1,0.9995247
1,1,0.99997306
1,0,0.023485698
1,1,0.9999505
1,1,0.9026221
1,1,0.99987066
1,1,0.9998215
1,1,0.99996173
1,1,0.9999732
1,1,0.9999678
1,1,0.9999696
1,1,0.99997294
1,0,0.17397729
1,1,0.99994135
1,1,0.99995005
1,1,0.9999567
1,1,0.99995315
1,1,0.9999651
1,1,0.9999629
1,1,0.9998472
1,1,0.9968213
1,1,0.70301896
1,1,0.99960524
1,1,0.99345905
1,1,0.99997306
1,1,0.99996114
1,1,0.99995553
1,1,0.99996424
1,1,0.88455373
1,1,0.87409294
1,1,0.9999033
1,1,0.99072134
1,1,0.99996185
1,1,0.9975388
1,1,0.99995863
1,1,0.99996877
1,1,0.9999726
1,1,0.9996331
1,1,0.9999722
1,1,0.99997365
1,1,0.99997294
1,1,0.9999734
1,0,0.24838638
1,1,0.9999379
1,1,0.84129333
1,1,0.77847296
1,1,0.9998385
1,1,0.9999709
1,1,0.99996626
1,1,0.9997923
1,1,0.9999695
1,1,0.9999548
1,1,0.99993527
1,0,0.4223692
1,0,0.0032133851
1,0,0.0034262969
1,1,0.61903685
1,1,0.99993324
1,1,0.99991775
1,1,0.9999727
1,1,0.9999585
1,1,0.9999695
1,1,0.9999454
1,1,0.999972
1,1,0.9999722
1,1,0.786792
1,1,0.99996483
1,1,0.9999665
1,1,0.99997425
1,1,0.9999422
1,1,0.9966704
1,0,0.3220047
1,1,0.9984977
1,1,0.99997294
1,1,0.9999733
1,1,0.999972
1,1,0.9984378
1,1,0.8717945
1,1,0.9999702
1,1,0.7843229
1,1,0.91906244
1,1,0.99341476
1,1,0.99154085
1,1,0.999964
1,1,0.99986887
1,1,0.9999658
1,1,0.99995136
1,1,0.9999696
1,1,0.99995935
1,1,0.9997329
1,1,0.9978715
1,1,0.9999603
1,1,0.99996614
1,1,0.9943592
1,0,0.48637873
1,1,0.99991643
1,1,0.99996936
1,1,0.997619
1,1,0.99813795
1,0,9.549402e-05
1,1,0.99996686
1,1,0.9999721
1,1,0.99997425
1,1,0.9995061
1,1,0.9232205
1,0,0.24486476
1,1,0.99996674
1,1,0.99955565
1,1,0.9876881
1,1,0.99997354
1,0,0.24726048
1,1,0.9495023
1,1,0.99887675
1,0,0.00035792918
1,1,0.99025226
1,1,0.9991019
1,1,0.95929193
1,1,0.99997365
1,1,0.999972
1,1,0.9999665
1,1,0.9999304
1,0,0.22513756
1,1,0.99940336
1,1,0.9984231
1,1,0.999972
1,1,0.9999517
1,1,0.99992573
1,1,0.9999485
1,1,0.98737437
1,1,0.9999728
1,1,0.999925
1,1,0.9999726
1,1,0.9999294
1,0,0.00011060611
1,1,0.99996865
1,0,0.0032648025
1,0,0.00028494847
1,0,7.4887204e-05
1,1,0.9144156
1,0,0.0016329197
1,1,0.999908
1,1,0.9999701
1,1,0.9994778
1,1,0.9632784
1,1,0.9999676
1,1,0.9999671
1,1,0.99407357
1,1,0.9999727
1,1,0.9998448
1,1,0.9999287
1,1,0.9999697
1,1,0.9972326
1,1,0.9999269
1,0,0.2978263
1,0,7.9693215e-05
1,1,0.99900323
1,1,0.9999279
1,1,0.9998933
1,1,0.9998672
1,1,0.9999565
1,1,0.99979216
1,0,0.0026172479
1,1,0.99330974
1,1,0.8104857
1,0,0.003252366
1,1,0.99996436
1,1,0.99996483
1,1,0.9999329
1,1,0.9999696
1,1,0.9664139
1,1,0.7090816
1,1,0.9998222
1,0,0.087548584
1,1,0.99995327
1,1,0.9999275
1,1,0.9999666
1,1,0.65539116
1,1,0.9999629
1,1,0.9999727
1,1,0.9999572
1,1,0.9999734
1,0,0.0002762137
1,1,0.9974152
1,0,0.0003034787
1,1,0.9999707
1,1,0.9999697
1,1,0.9999665
1,1,0.99996924
1,0,0.00012990479
1,1,0.7763264
1,1,0.99995947
1,1,0.997063
1,1,0.99994075
1,1,0.9999422
1,1,0.99845827
1,1,0.9999721
1,0,0.117623374
1,1,0.99651873
1,1,0.99996877
1,1,0.9999696
1,1,0.9999552
1,1,0.866796
1,1,0.99991715
1,0,0.00017660733
1,1,0.99996626
1,1,0.9943439
1,1,0.9999652
1,1,0.9999275
1,1,0.9176605
1,1,0.99997044
1,1,0.99986804
1,1,0.6637265
1,1,0.99997365
1,1,0.99997365
1,1,0.96462804
1,1,0.98463273
1,1,0.99992096
1,1,0.9997285
1,1,0.9999658
1,1,0.9999018
1,1,0.99997306
1,0,0.016662298
1,1,0.9999584
1,1,0.9999715
1,1,0.9999572
1,1,0.83812934
1,1,0.9999728
1,1,0.9999331
1,1,0.952245
1,1,0.9999697
1,1,0.99997056
1,0,0.00014669598
1,1,0.999257
1,1,0.99995565
1,1,0.99995077
1,1,0.99997246
1,1,0.9999565
1,1,0.99996376
1,1,0.9996904
1,1,0.9999515
1,1,0.99851435
1,0,3.490625e-05
1,0,0.01789099
1,1,0.97981447
1,1,0.9999523
1,1,0.99996424
1,1,0.999915
1,1,0.9998379
1,1,0.9999453
1,1,0.9999528
1,0,0.122540586
1,1,0.9852217
1,1,0.9999733
1,0,0.48160854
1,1,0.99969923
1,1,0.9999646
1,0,0.08652365
1,1,0.9904614
1,1,0.9999174
1,1,0.9999598
1,1,0.9999343
1,1,0.9999219
1,1,0.94009715
1,1,0.9885311
1,1,0.99826884
1,1,0.99996126
1,1,0.9999733
1,1,0.9999708
1,1,0.99996877
1,0,0.16553825
1,1,0.9911947
1,1,0.99993634
1,1,0.99991035
1,1,0.98286104
1,1,0.9999435
1,1,0.9999007
1,0,0.4100432
1,1,0.9999696
1,1,0.9579166
1,1,0.9999323
1,0,0.000284155
1,1,0.67024153
1,1,0.99995613
1,1,0.9999614
1,1,0.9999721
1,1,0.99290484
1,1,0.99995136
1,1,0.9999678
1,0,0.00013644034
1,1,0.99996996
1,1,0.99726474
1,1,0.93866104
1,1,0.99992657
1,0,0.0001842896
1,1,0.99982053
1,1,0.9997924
1,0,0.0025930381
1,1,0.99994993
1,1,0.99982303
1,1,0.9999689
1,1,0.9999734
1,1,0.99996984
1,1,0.99979264
1,1,0.9999454
1,1,0.99996567
1,1,0.501284
1,1,0.9999647
1,1,0.9997008
1,0,0.35605332
1,0,0.0018780914
1,1,0.9998628
1,1,0.50704145
1,1,0.99434644
1,1,0.9994018
1,1,0.9999658
1,1,0.99995697
1,0,0.018811766
1,1,0.999974
1,1,0.9999504
1,1,0.9995042
1,1,0.9999635
1,1,0.99996364
1,1,0.9682804
1,1,0.9999603
1,1,0.99996626
1,1,0.9969386
1,1,0.81617427
1,1,0.9819093
1,1,0.999605
1,1,0.9999746
1,1,0.99615073
1,0,0.089537285
1,1,0.9264792
1,1,0.99997103
1,1,0.7689292
1,1,0.5239283
1,1,0.6760107
1,1,0.9999076
1,1,0.9999701
1,1,0.99856853
1,0,0.103748895
1,1,0.99995565
1,1,0.9999522
1,1,0.95338506
1,1,0.9999571
1,1,0.9999708
1,1,0.99996805
1,1,0.57897174
1,1,0.98475087
1,1,0.9999548
1,1,0.9999728
1,1,0.5700523
1,1,0.9999598
1,1,0.9929854
1,1,0.998509
1,1,0.99033797
1,1,0.9978726
1,1,0.9998734
1,0,6.127584e-05
1,1,0.77756035
1,1,0.99996996
1,1,0.9999622
1,1,0.9999635
1,1,0.94549817
1,1,0.99997354
1,1,0.99996984
1,1,0.9998155
1,1,0.94551957
1,0,0.15746437
1,1,0.99719065
1,0,0.03845424
1,1,0.9999633
1,1,0.9999701
1,1,0.9999598
1,1,0.9561148
1,1,0.99996686
1,0,0.00070372905
1,0,0.46135575
1,0,0.43611914
1,0,0.11693432
1,1,0.9997104
1,1,0.99971837
1,1,0.9999747
1,1,0.9995758
1,0,0.0102582425
1,1,0.99993217
1,1,0.9513564
1,1,0.99996305
1,1,0.99997044
1,1,0.9999702
1,1,0.9999341
1,1,0.99813396
1,1,0.99996734
1,1,0.99997234
1,1,0.9999727
1,1,0.99997103
1,1,0.9999521
1,0,0.17671004
1,1,0.9999614
1,0,0.008599317
1,1,0.99987733
1,1,0.9999579
1,1,0.9999429
1,1,0.999972
1,0,0.00011727476
1,1,0.9999733
1,1,0.99997413
1,1,0.9999709
1,1,0.9988827
1,1,0.9999579
1,0,0.0001135722
1,1,0.9998838
1,1,0.99937975
1,1,0.99987864
1,0,0.09412773
1,1,0.99997437
1,1,0.9935743
1,1,0.99995196
1,0,0.099686995
1,1,0.83770627
1,1,0.9911823
1,1,0.9948879
1,1,0.9999682
1,1,0.9999664
1,1,0.99997234
1,1,0.9995394
1,1,0.7661942
1,1,0.9999733
1,1,0.99996877
1,0,0.111675665
1,1,0.99997044
1,1,0.99997246
1,1,0.9999658
1,1,0.9988022
1,1,0.99971694
1,1,0.99996877
1,1,0.99990237
1,1,0.85155666
1,1,0.9999598
1,1,0.99996686
1,1,0.9999449
1,1,0.99996734
1,1,0.99687505
1,1,0.9999423
1,1,0.9999715
1,1,0.6946937
1,1,0.9999708
1,1,0.99974996
1,1,0.9999243
1,0,0.052341368
1,1,0.9999734
1,0,0.0014567168
1,0,0.0863054
1,1,0.999938
1,1,0.8393106
1,1,0.9374243
1,1,0.99997425
1,1,0.9999565
1,0,0.041336667
1,1,0.95474356
1,1,0.7011626
1,1,0.99974674
1,1,0.999969
1,0,0.0029381183
1,1,0.99997413
1,1,0.99997425
1,1,0.99997246
1,1,0.9999571
1,1,0.999966
1,1,0.9999739
1,1,0.61105126
1,1,0.99884415
1,1,0.9972994
1,1,0.99996233
1,1,0.8548128
1,1,0.99997437
1,1,0.9999678
1,1,0.9999739
1,1,0.97534573
1,1,0.9993474
1,1,0.9996325
1,1,0.99827945
1,1,0.99997044
1,1,0.999943
1,1,0.99997365
1,1,0.99996436
1,0,0.46896112
1,1,0.9957604
1,1,0.99997246
1,0,0.1452386
1,0,0.41352454
1,1,0.99997306
1,1,0.9999689
1,1,0.8350449
1,1,0.99997246
1,1,0.9509356
1,1,0.9999608
1,1,0.9999713
1,1,0.9989247
1,1,0.9119635
1,1,0.99807286
1,1,0.9999622
1,1,0.99976176
1,1,0.9958637
1,1,0.99996424
1,1,0.9999621
1,1,0.999969
1,1,0.99996495
1,1,0.9999685
1,1,0.99997294
1,0,0.0046891784
1,1,0.9999212
1,1,0.99996436
1,1,0.99691004
1,1,0.93608093
1,0,0.07270409
1,0,7.910318e-05
1,1,0.9999726
1,1,0.9971986
1,1,0.999972
1,0,0.101967044
1,0,0.1924435
1,1,0.9999734
1,1,0.9998666
1,1,0.99996066
1,1,0.9940508
1,1,0.99997294
1,1,0.9999646
1,1,0.9999038
1,1,0.99996686
1,1,0.9753091
1,1,0.99947757
1,1,0.999548
1,1,0.99996674
1,1,0.9999684
1,1,0.98717344
1,0,0.03046383
1,1,0.99997187
1,1,0.9999571
1,0,0.01321853
1,0,0.007959992
1,1,0.9999722
1,1,0.9999722
1,1,0.9999287
1,1,0.99996936
1,1,0.99996686
1,1,0.9999527
1,1,0.99785715
1,0,0.02243025
1,1,0.9999598
1,1,0.99997103
1,1,0.99968266
1,1,0.99997437
1,1,0.9852865
1,1,0.99997365
1,1,0.99996483
1,1,0.99997246
1,0,0.06163933
1,1,0.9999708
1,1,0.99997354
1,1,0.9999126
1,1,0.99997365
1,0,0.0030264317
1,1,0.99997306
1,0,0.087711126
1,1,0.99995005
1,1,0.9999484
1,1,0.99997437
1,1,0.99997354
1,1,0.99988496
1,1,0.9999646
1,0,0.39708892
1,1,0.9993781
1,1,0.99997044
1,1,0.9999703
1,0,7.1217575e-05
1,1,0.54329675
1,1,0.9032492
1,1,0.99989724
1,1,0.999853
1,1,0.9999467
1,1,0.99997056
1,1,0.9999529
1,1,0.99928206
1,1,0.95219743
1,1,0.9967669
1,0,0.007998472
1,0,0.33424887
1,1,0.9999651
1,1,0.9899159
1,1,0.9999695
1,0,9.277857e-05
1,1,0.9999722
1,1,0.99997365
1,1,0.9999151
1,1,0.999966
1,1,0.9999206
1,1,0.99996376
1,1,0.99958116
1,1,0.9999635
1,0,0.000108936176
1,1,0.9490607
1,1,0.99947697
1,1,0.999967
1,0,0.0043971
1,1,0.999908
1,1,0.9997545
1,1,0.9999697
1,1,0.9999726
1,1,0.9996107
1,1,0.95089084
1,1,0.771849
1,1,0.9999728
1,1,0.99298155
1,1,0.99996996
1,0,0.0792932
1,1,0.99974567
1,0,0.42169562
1,1,0.9572665
1,1,0.99996865
1,1,0.99996114
1,1,0.99996555
1,1,0.99996936
1,0,0.0048078885
1,1,0.9999654
1,1,0.9999715
1,1,0.7679142
1,1,0.99997187
1,1,0.9999647
1,1,0.99995077
1,1,0.9999739
1,1,0.999967
1,1,0.9999666
1,1,0.99996877
1,1,0.99997365
1,0,0.00085815124
1,1,0.9999684
1,1,0.99990976
1,1,0.9999447
1,1,0.93213415
1,1,0.99997115
1,1,0.99994767
1,1,0.99971396
1,1,0.9999485
1,1,0.9999566
1,1,0.9996997
1,0,0.0003948582
1,0,0.062092178
1,1,0.99973816
1,1,0.6284133
1,1,0.6330128
1,1,0.9999716
1,1,0.99994683
1,0,0.24544498
1,1,0.9997851
1,1,0.9999707
1,1,0.9999609
1,1,0.999969
1,1,0.9999635
1,1,0.5518585
1,1,0.99995875
1,1,0.9997652
1,1,0.7788114
1,1,0.88456374
1,1,0.9999163
1,1,0.9999739
1,1,0.999933
1,1,0.9999734
1,1,0.9990876
1,1,0.95531887
1,1,0.6602704
1,1,0.99992955
1,1,0.99819034
1,1,0.999944
1,0,6.8162626e-05
1,0,0.36510903
1,1,0.97661406
1,1,0.781321
1,1,0.9999728
1,1,0.7078436
1,1,0.999966
1,1,0.9999738
1,1,0.99997365
1,0,0.00012626914
1,1,0.9997372
1,1,0.99995685
1,1,0.99996984
1,1,0.9998505
1,1,0.9999707
1,1,0.99995935
1,0,4.3758235e-05
1,0,9.999341e-05
1,1,0.9999714
1,1,0.99997294
1,1,0.9851222
1,1,0.99838054
1,1,0.53986776
1,1,0.9999709
1,1,0.9999697
1,1,0.99890053
1,1,0.99610484
1,1,0.9999714
1,1,0.9999597
1,1,0.9999316
1,1,0.9999739
1,1,0.9999702
1,1,0.99981076
1,1,0.5858283
1,1,0.9991379
1,1,0.9887637
1,1,0.9999652
1,1,0.99115974
1,0,0.014676606
1,0,0.00044854282
1,1,0.9999676
1,1,0.9999206
1,0,6.289394e-05
1,1,0.99995756
1,1,0.9846698
1,1,0.99996054
1,1,0.9999285
1,1,0.9999713
1,1,0.99995494
1,1,0.9977107
1,1,0.9504444
1,1,0.99958867
1,1,0.9996599
1,1,0.9984666
1,1,0.99987805
1,1,0.9999726
1,1,0.99995935
1,1,0.9999324
1,1,0.99997175
1,1,0.9999732
1,1,0.9999714
1,1,0.99996805
1,1,0.9999733
1,1,0.999962
1,1,0.99995315
1,0,9.092369e-05
1,1,0.99994123
1,1,0.9999733
1,1,0.99995756
1,1,0.999337
1,1,0.99996483
1,1,0.9998933
1,1,0.9617866
1,1,0.99966836
1,1,0.9999455
1,1,0.9999728
1,1,0.9999709
1,1,0.98398536
1,0,9.330755e-05
1,1,0.99958426
1,1,0.9994848
1,1,0.9999609
1,1,0.99996865
1,1,0.8386948
1,1,0.9999473
1,1,0.99997294
1,1,0.9993343
1,1,0.99996364
1,1,0.99996686
1,0,0.039996553
1,1,0.9999732
1,1,0.99989414
1,1,0.99997115
1,1,0.99780697
1,1,0.9999057
1,1,0.83052105
1,0,0.14737421
1,1,0.99997413
1,1,0.99993014
1,1,0.93693995
1,1,0.999887
1,1,0.9833771
1,1,0.99997425
1,0,0.2276143
1,1,0.9999527
1,1,0.99907374
1,1,0.99002105
1,1,0.9994764
1,1,0.9999646
1,1,0.99996173
1,1,0.9999591
1,1,0.99997103
1,1,0.9929554
1,1,0.998725
1,1,0.99995744
1,0,9.718637e-05
1,1,0.9999453
1,1,0.9999734
1,1,0.999967
1,1,0.99996936
1,0,0.19703272
1,1,0.990989
1,0,0.011413824
1,1,0.99997425
1,1,0.9999635
1,1,0.9998995
1,1,0.99997306
1,1,0.9999726
1,1,0.9999597
1,1,0.9999721
1,1,0.9999145
1,1,0.99996424
1,1,0.9999223
1,0,0.0092708515
1,1,0.99997056
1,0,0.15392378
1,1,0.57260156
1,1,0.9997867
1,0,0.08484104
1,1,0.9996804
1,1,0.9996233
1,1,0.99997413
1,0,7.1145885e-05
1,1,0.99905914
1,1,0.9999002
1,1,0.9999287
1,1,0.9999287
1,1,0.99997234
1,1,0.99995124
1,1,0.987135
1,1,0.7713878
1,1,0.99994636
1,1,0.9999646
1,1,0.9997973
1,0,0.0001939476
1,1,0.99936134
1,1,0.99934
1,0,0.05076243
1,1,0.99960035
1,1,0.89700884
1,1,0.99966013
1,1,0.9999473
1,1,0.9999641
1,1,0.9995598
1,1,0.9999707
1,1,0.99994385
1,1,0.9999697
1,1,0.9716069
1,1,0.99993
1,1,0.99997234
1,1,0.999931
1,1,0.9999745
1,1,0.9999269
1,0,0.43217728
1,0,0.003220509
1,0,0.2859757
1,1,0.9999685
1,1,0.999969
1,1,0.99799013
1,1,0.99996936
1,1,0.9999634
1,1,0.9999609
1,0,0.2027146
1,1,0.99996924
1,1,0.9999733
1,1,0.99995875
1,1,0.9929207
1,1,0.9999697
1,1,0.99995816
1,1,0.99777955
1,1,0.999966
1,1,0.9846277
1,1,0.97263443
1,1,0.9995654
1,1,0.99994934
1,1,0.99978095
1,1,0.9999672
1,1,0.999974
1,1,0.9999714
1,1,0.9999634
1,0,0.00026163048
1,1,0.9998555
1,1,0.99841964
1,1,0.99995637
1,1,0.9999691
1,0,0.36992592
1,0,0.013905896
1,1,0.998245
1,1,0.9999447
1,1,0.99997306
1,1,0.99991786
1,1,0.99997413
1,1,0.99992967
1,1,0.9999701
1,1,0.9996295
1,1,0.998938
1,1,0.9999641
1,1,0.9999509
1,0,0.11480924
1,1,0.9999521
1,1,0.99997365
1,1,0.99988496
1,1,0.99953806
1,1,0.99460644
1,1,0.9999715
1,0,0.45811856
1,1,0.99997044
1,1,0.99996996
1,1,0.9997967
1,1,0.99966764
1,1,0.9999738
1,0,0.00013593028
1,1,0.99993086
1,0,0.00065434165
1,1,0.94378483
1,1,0.99995923
1,1,0.9999404
1,1,0.9999466
1,0,8.6014516e-05
1,0,0.02785877
1,1,0.94838417
1,1,0.99996746
1,0,0.0044647674
1,0,0.003069624
1,1,0.99511933
1,1,0.9999033
1,1,0.99920875
1,1,0.9999677
1,1,0.9999708
1,1,0.9948619
1,1,0.9999653
1,1,0.9999739
1,1,0.9952082
1,1,0.9999684
1,1,0.999974
1,1,0.9999715
1,1,0.9999658
1,1,0.7351836
1,1,0.59421855
1,1,0.9999683
1,0,0.00012418935
1,1,0.9999703
1,1,0.9999721
1,1,0.9966695
1,0,0.0423962
1,0,0.18526055
1,1,0.99997103
1,1,0.9999645
1,1,0.99903333
1,1,0.9999161
1,1,0.9413705
1,1,0.99449486
1,1,0.999956
1,1,0.9999608
1,1,0.99997294
1,0,0.26676962
1,1,0.99995446
1,1,0.99991715
1,1,0.99996805
1,1,0.9998944
1,1,0.9999727
1,1,0.99696356
1,1,0.99992824
1,0,0.00094155595
1,1,0.99997306
1,1,0.950228
1,1,0.51807535
1,1,0.9999707
1,1,0.9914841
1,1,0.9005519
1,1,0.9999598
1,1,0.9999659
1,1,0.93683827
1,1,0.9999678
1,1,0.9997317
1,1,0.9999721
1,1,0.9994844
1,1,0.99996316
1,1,0.9999714
1,1,0.9998103
1,1,0.9985514
1,1,0.99975485
1,1,0.99996793
1,1,0.99996257
1,1,0.99995625
1,1,0.99997365
1,1,0.9999212
1,1,0.99913174
1,1,0.99997425
1,1,0.99992216
1,1,0.9942688
1,1,0.99994874
1,1,0.99997365
1,1,0.99910825
1,1,0.99996877
1,0,0.0492418
1,0,0.119837895
1,1,0.99991226
1,1,0.9996768
1,1,0.99963343
1,0,0.00016865469
1,1,0.9999716
1,1,0.99996734
1,1,0.99997306
1,1,0.99859697
1,1,0.9999654
1,0,7.483959e-05
1,1,0.9999659
1,1,0.9999424
1,1,0.99997175
1,1,0.9999695
1,0,0.05343494
1,1,0.99961615
1,1,0.9999666
1,1,0.99997115
1,1,0.9905096
1,0,0.36492458
1,1,0.99997365
1,1,0.8410366
1,0,0.00071575586
1,1,0.9999659
1,1,0.99997246
1,1,0.99997306
1,1,0.9608587
1,0,0.0017566001
1,1,0.9818396
1,1,0.9999578
1,1,0.9999701
1,1,0.50414836
1,1,0.99995816
1,1,0.75309455
1,1,0.99997187
1,1,0.99996996
1,1,0.9999703
1,1,0.9999323
1,1,0.99996483
1,1,0.8926866
1,1,0.9987538
1,1,0.999928
1,1,0.991446
1,1,0.9999721
1,1,0.91850954
1,0,0.0014865602
1,1,0.9999614
1,1,0.99980026
1,1,0.9999509
1,1,0.9999726
1,1,0.999974
1,1,0.9999654
1,1,0.9978775
1,1,0.99917704
1,1,0.999801
1,0,0.032719094
1,1,0.9999473
1,0,0.00010681451
1,1,0.99996626
1,1,0.999972
1,0,0.06023372
1,1,0.9999716
1,1,0.9999733
1,1,0.99994504
1,0,0.00012255779
1,1,0.9950348
1,1,0.9999641
1,1,0.9999738
1,1,0.9999573
1,1,0.9999722
1,1,0.53062904
1,1,0.9999739
1,1,0.94036883
1,1,0.99995315
1,1,0.9999746
1,0,0.08769937
1,1,0.9999654
1,1,0.8740738
1,1,0.9995372
1,1,0.9993082
1,0,0.00020076743
1,1,0.99072963
1,1,0.8502201
1,1,0.82724416
1,1,0.78363055
1,1,0.999933
1,1,0.99996173
1,1,0.99984145
1,1,0.6221432
1,1,0.9999716
1,1,0.9999702
1,1,0.99934584
1,1,0.9999733
1,0,0.42132753
1,1,0.9999733
1,1,0.99986887
1,0,0.37750673
1,1,0.99935526
1,1,0.98711663
1,0,0.4087021
1,1,0.69414485
1,1,0.9999591
1,1,0.99575114
1,1,0.9997125
1,1,0.92511064
1,1,0.99346244
1,1,0.9999418
1,1,0.9999701
1,1,0.7959412
1,1,0.9999727
1,1,0.9999709
1,1,0.99940383
1,0,0.0032401679
1,0,0.28875422
1,1,0.9999634
1,0,0.00025419734
1,1,0.99997413
1,1,0.9999716
1,1,0.9997812
1,1,0.97263193
1,1,0.99940515
1,1,0.9999145
1,1,0.9999734
1,1,0.9397876
1,1,0.9999467
1,1,0.99996686
1,1,0.99995065
1,0,0.31919777
1,1,0.9999254
1,0,0.11140665
1,1,0.9999728
1,1,0.9999597
1,1,0.9999682
1,1,0.9999503
1,1,0.9986687
1,0,0.00014506184
1,1,0.9999659
1,1,0.99991953
1,1,0.9213287
1,1,0.552489
1,1,0.9710244
1,1,0.9994413
1,1,0.9999709
1,1,0.99996984
1,1,0.9999722
1,1,0.99997294
1,1,0.9999682
1,0,0.47763178
1,1,0.99890184
1,1,0.9999739
1,1,0.99996173
1,1,0.9999664
1,1,0.99995315
1,1,0.9979254
1,1,0.58574426
1,1,0.9999739
1,1,0.99994755
1,1,0.999653
1,1,0.99997354
1,0,0.0050211716
1,1,0.9999354
1,1,0.9999739
1,1,0.99997306
1,1,0.9864921
1,1,0.9999716
1,1,0.99991643
1,1,0.59319526
1,1,0.9998254
1,1,0.9988856
1,1,0.97332394
1,0,5.4205455e-05
1,1,0.9999633
1,1,0.99997413
1,0,0.00011188543
1,1,0.68115914
1,1,0.98211193
1,0,0.022090597
1,1,0.99796045
1,1,0.999967
1,0,0.44619262
1,1,0.9999739
1,1,0.996824
1,1,0.9999232
1,1,0.94872755
1,1,0.96481
1,1,0.6830994
1,1,0.99994457
1,1,0.9999654
1,1,0.9951403
1,1,0.99989784
1,0,0.00029289242
1,1,0.9999733
1,1,0.9990361
1,1,0.9999658
1,1,0.99997365
1,1,0.80968624
1,1,0.9944062
1,1,0.99921453
1,1,0.99977535
1,1,0.99996245
1,1,0.90070957
1,1,0.9377828
1,0,0.00026250948
1,1,0.9999505
1,1,0.81419605
1,1,0.9999628
1,1,0.9999739
1,0,0.006941734
1,0,0.049308226
1,1,0.9987863
1,1,0.99994886
1,0,0.3716401
1,1,0.9999721
1,1,0.83907276
1,1,0.9999689
1,1,0.999949
1,0,0.00019417799
1,1,0.9999504
1,1,0.9999696
1,1,0.995589
1,1,0.9999037
1,1,0.9999504
1,1,0.9999088
1,1,0.9999454
1,1,0.99873906
1,1,0.9999659
1,1,0.99631244
1,1,0.99994934
1,1,0.99997056
1,1,0.99996316
1,1,0.99996746
1,1,0.9999254
1,1,0.99997187
1,1,0.9994677
1,1,0.9999689
1,1,0.9999739
1,1,0.99997413
1,0,0.390023
1,1,0.8262286
1,1,0.9999145
1,1,0.999114
1,1,0.9919956
1,1,0.9999695
1,1,0.9999292
1,1,0.99996686
1,1,0.9999715
1,1,0.9999404
1,1,0.9998919
1,1,0.99457765
1,1,0.9999521
1,1,0.9999589
1,1,0.97624195
1,1,0.9999076
1,1,0.9948822
1,1,0.9997557
1,1,0.99995506
1,1,0.9999703
1,1,0.9999622
1,1,0.9999012
1,0,0.07100353
1,1,0.9999738
1,1,0.94873184
1,1,0.9999728
1,1,0.9999349
1,1,0.99996936
1,0,0.0014980179
1,1,0.9999739
1,1,0.99995494
1,1,0.97365135
1,1,0.9999677
1,0,9.9501856e-05
1,1,0.9751857
1,1,0.99996877
1,1,0.6993091
1,1,0.6667273
1,1,0.99994504
1,1,0.9999651
1,1,0.99912125
1,1,0.99996245
1,1,0.5855126
1,1,0.9999726
1,1,0.9999738
1,1,0.9999707
1,1,0.99996555
1,1,0.99995995
1,1,0.9999598
1,1,0.9999608
1,1,0.9998386
1,1,0.99875355
1,1,0.9997569
1,1,0.99861014
1,1,0.999928
1,0,6.427233e-05
1,1,0.99997354
1,0,0.45006073
1,1,0.99996674
1,1,0.99997234
1,1,0.9977029
1,1,0.9989015
1,0,0.0784876
1,1,0.9998758
1,1,0.9999627
1,1,0.9999275
1,1,0.8162885
1,1,0.99997437
1,1,0.9999722
1,0,0.00010921743
1,1,0.9982835
1,1,0.99995446
1,1,0.98995787
1,1,0.9999573
1,1,0.9999355
1,1,0.9996309
1,1,0.99975055
1,1,0.9999479
1,0,0.000114117276
1,0,0.008255705
1,1,0.9999715
1,1,0.99996364
1,1,0.99996376
1,1,0.9999677
1,0,0.00011904061
1,1,0.99995947
1,1,0.99986076
1,1,0.9998047
1,1,0.99977213
1,1,0.9975183
1,1,0.99997354
1,1,0.9997863
1,1,0.99997294
1,1,0.8463918
1,1,0.9999
1,1,0.99996614
1,1,0.99994767
1,1,0.9999677
1,1,0.937345
1,1,0.9940607
1,1,0.99996555
1,1,0.9999727
1,1,0.9999645
1,1,0.99996245
1,1,0.9999651
1,1,0.9998392
1,1,0.8643954
1,1,0.7190373
1,1,0.9999665
1,1,0.9999155
1,1,0.99997246
1,1,0.9999738
1,1,0.9999399
1,1,0.9999665
1,1,0.99948394
1,1,0.9999416
1,1,0.999673
1,0,0.33132672
1,1,0.9519789
1,1,0.9999335
1,0,0.00012279503
1,1,0.99997103
1,1,0.9888164
1,0,8.3090876e-05
1,1,0.9417751
1,1,0.99996686
1,1,0.99997354
1,1,0.9999691
1,0,0.1805714
1,1,0.99997056
1,1,0.9981165
1,0,0.2769386
1,1,0.99996245
1,1,0.9999734
1,1,0.99993396
1,1,0.9999747
1,1,0.94658715
1,1,0.99995613
1,1,0.9999721
1,1,0.9999696
1,1,0.99932337
1,1,0.9998609
1,1,0.9999716
1,1,0.99674064
1,1,0.638376
1,1,0.99694663
1,0,0.48218217
1,1,0.5044615
1,1,0.99997306
1,1,0.99995303
1,1,0.99997044
1,1,0.9999722
1,1,0.9999745
1,1,0.9867748
1,1,0.9999639
1,1,0.99997044
1,1,0.9999738
1,1,0.852821
1,1,0.99997187
1,1,0.9932679
1,1,0.9999695
1,1,0.7247744
1,1,0.9999081
1,1,0.99995816
1,1,0.9987025
1,1,0.9999602
1,1,0.9999733
1,1,0.9999734
1,0,0.00012718812
1,1,0.9999682
1,1,0.9937127
1,1,0.9847987
1,1,0.9998369
1,1,0.9999635
1,1,0.77289706
1,1,0.99996555
1,0,0.021124719
1,1,0.9998598
1,1,0.9999597
1,1,0.99997187
1,1,0.9999659
1,1,0.99995863
1,0,0.053837504
1,0,0.43855235
1,1,0.9999634
1,1,0.99987745
1,1,0.9999728
1,0,0.0034968636
1,1,0.99995744
1,1,0.98269856
1,0,0.0001040868
1,0,0.03560167
1,0,0.017633814
1,1,0.64651245
1,1,0.8714893
1,1,0.999974
1,1,0.7028214
1,1,0.9128866
1,1,0.9694016
1,1,0.9999734
1,1,0.9999732
1,1,0.98948437
1,1,0.9715029
1,1,0.9999232
1,1,0.9999733
1,1,0.95546705
1,0,0.000103604565
1,1,0.9999666
1,1,0.9999671
1,1,0.9999317
1,1,0.9999727
1,1,0.9999685
1,0,0.06800313
1,1,0.9999616
1,1,0.99996877
1,1,0.8382079
1,1,0.9999571
1,1,0.76559716
1,1,0.9999709
1,1,0.99997246
1,1,0.9999734
1,1,0.99705684
1,1,0.9998323
1,0,0.33032143
1,1,0.9998913
1,1,0.9999746
1,1,0.99918884
1,1,0.9999443
1,1,0.9999577
1,1,0.9999659
1,1,0.9998324
1,1,0.9999709
1,1,0.99997056
1,1,0.999869
1,1,0.9999746
1,1,0.9994778
1,1,0.9999393
1,1,0.9999323
1,1,0.98290044
1,1,0.99995637
1,1,0.9831691
1,0,0.47824797
1,1,0.999961
1,1,0.9999665
1,1,0.9880409
1,1,0.999925
1,1,0.9999683
1,1,0.9999672
1,0,0.3525262
1,0,0.0023089151
1,1,0.9999542
1,1,0.999951
1,1,0.9999553
1,0,0.0002825508
1,1,0.9998834
1,0,0.011793282
1,1,0.777862
1,1,0.9996649
1,1,0.9748171
1,1,0.9999628
1,1,0.99997413
1,1,0.9998518
1,1,0.9999714
1,1,0.9986965
1,1,0.677709
1,1,0.9999733
1,1,0.99997413
1,1,0.99996483
1,1,0.92845327
1,1,0.9999722
1,1,0.9999697
1,1,0.9998466
1,1,0.9604926
1,1,0.9999733
1,1,0.9999515
1,0,0.0001508807
1,1,0.99997365
1,1,0.99702626
1,1,0.99992085
1,1,0.99997044
1,1,0.991516
1,1,0.99882203
1,0,6.644105e-05
1,1,0.9999745
1,1,0.99530387
1,1,0.9999722
1,1,0.99997365
1,1,0.9999646
1,1,0.9999659
1,1,0.99994826
1,1,0.99997365
1,1,0.99997056
1,1,0.99844414
1,1,0.88339436
1,1,0.9762265
1,1,0.99997413
1,1,0.99997294
1,1,0.9999664
1,1,0.99993265
1,1,0.99997294
1,0,0.2620418
1,1,0.99996305
1,1,0.9999651
1,1,0.99997056
1,1,0.9999678
1,1,0.9999703
1,1,0.999972
1,1,0.9999728
1,0,0.0001964891
1,1,0.99995863
1,1,0.9994481
1,1,0.998142
1,0,0.026894916
1,1,0.9997396
1,1,0.99996305
1,1,0.9999074
1,1,0.9999411
1,1,0.999964
1,1,0.9999728
1,1,0.9813867
1,1,0.999972
1,1,0.9998155
1,1,0.9999733
1,1,0.9999616
1,1,0.98683923
1,1,0.9999461
1,0,0.3118098
1,1,0.99997365
1,1,0.99260193
1,1,0.9990959
1,1,0.9999652
1,1,0.9999534
1,1,0.9999739
1,1,0.99997175
1,1,0.99903524
1,1,0.8175575
1,0,0.3250557
1,1,0.9908146
1,1,0.999966
1,1,0.9999052
1,1,0.9999696
1,1,0.9999727
1,1,0.999972
1,1,0.9997805
1,1,0.99997425
1,1,0.99997437
1,1,0.9786461
1,1,0.99724674
1,0,8.615012e-05
1,1,0.9880679
1,1,0.60254824
1,1,0.99718934
1,1,0.9999702
1,1,0.9999659
1,1,0.9999745
1,1,0.6716199
1,1,0.9974154
1,1,0.99996674
1,1,0.9930248
1,1,0.9999664
1,1,0.99987316
1,1,0.99988866
1,0,0.000745911
1,1,0.99995923
1,1,0.99997234
1,1,0.9960829
1,1,0.99997246
1,0,0.43064758
1,1,0.9999734
1,1,0.999966
1,0,0.11016293
1,1,0.9998517
1,1,0.99996936
1,1,0.99996626
1,1,0.93030906
1,0,0.35968095
1,1,0.999966
1,1,0.9999633
1,1,0.9999511
1,1,0.9999665
1,1,0.99996376
1,1,0.9999721
1,0,0.0058634593
1,1,0.9999701
1,1,0.9999056
1,0,0.0002257465
1,1,0.9999726
1,1,0.9999603
1,1,0.9502798
1,1,0.9999685
1,0,0.0001920864
1,1,0.9989631
1,1,0.99992704
1,1,0.9997347
1,0,9.029107e-05
1,1,0.99997354
1,1,0.9537741
1,1,0.9994917
1,1,0.99983704
1,1,0.999972
1,1,0.99651474
1,0,0.3851809
1,1,0.9999709
1,1,0.99997294
1,0,0.32730362
1,1,0.99995506
1,1,0.9875979
1,0,0.06345603
1,0,0.11389393
1,1,0.9999708
1,0,0.002796272
1,1,0.99996364
1,1,0.65016246
1,1,0.99958366
1,1,0.99995685
1,1,0.99997115
1,0,0.47712785
1,0,0.47116685
1,1,0.99995697
1,1,0.9999745
1,1,0.99997306
1,1,0.99996924
1,0,0.482854
1,1,0.99996805
1,1,0.8927893
1,1,0.9994523
1,1,0.9997539
1,1,0.9999658
1,1,0.99997175
1,0,0.43145123
1,1,0.9996412
1,0,7.577118e-05
1,1,0.61739
1,1,0.9999716
1,1,0.9998838
1,1,0.9999689
1,1,0.9911424
1,1,0.9999689
1,1,0.999972
1,1,0.99617803
1,1,0.99968946
1,1,0.6175522
1,1,0.99989676
1,1,0.999902
1,1,0.9999745
1,1,0.9999496
1,1,0.9998864
1,1,0.97397625
1,1,0.9999726
1,1,0.997965
1,1,0.9999739
1,1,0.99996984
1,1,0.99997246
1,1,0.99895346
1,1,0.9995833
1,1,0.99997044
1,1,0.99151295
1,1,0.9358051
1,1,0.9999713
1,1,0.9997187
1,1,0.99997246
1,1,0.999974
1,1,0.99992585
1,1,0.9942841
1,1,0.9999676
1,1,0.9999672
1,1,0.99436224
1,0,0.028701467
1,1,0.99981624
1,1,0.9999689
1,0,0.0001515327
1,1,0.98846555
1,1,0.99995065
1,1,0.98893356
1,1,0.9992187
1,1,0.99989045
1,1,0.9994185
1,1,0.9999728
1,1,0.9999347
1,1,0.99992347
1,1,0.72385144
1,1,0.85749334
1,1,0.9999633
1,1,0.9706188
1,1,0.9783161
1,1,0.999974
1,0,0.004420627
1,1,0.99895823
1,1,0.9999658
1,1,0.9999341
1,0,0.117839284
1,1,0.9999708
1,1,0.53678334
1,1,0.9998586
1,1,0.9999387
1,1,0.999972
1,1,0.9999695
1,1,0.93386173
1,1,0.9991258
1,1,0.999974
1,1,0.9998995
1,1,0.99997354
1,1,0.9964349
1,1,0.98950505
1,1,0.999956
1,0,0.026660452
1,1,0.5244095
1,1,0.99997306
1,1,0.9999722
1,1,0.9999738
1,0,0.14285815
1,1,0.99953413
1,1,0.99997115
1,1,0.9992354
1,1,0.8152387
1,1,0.75412303
1,1,0.99996173
1,1,0.9626291
1,1,0.99997354
1,0,0.13403006
1,1,0.99997485
1,1,0.9731803
1,1,0.9999703
1,1,0.9984226
1,1,0.68259877
1,1,0.99996495
1,1,0.99997354
1,1,0.9999739
1,1,0.9368498
1,1,0.9992988
1,1,0.9999659
1,1,0.99993145
1,1,0.99996877
1,1,0.9998996
1,1,0.9999032
1,1,0.99996936
1,1,0.9999708
1,0,0.0002411615
1,0,0.094326094
1,1,0.6390815
1,1,0.99997306
1,1,0.9999181
1,1,0.9997652
1,1,0.9998945
1,1,0.9999682
1,0,0.00011794472
1,1,0.9822208
1,0,0.022442998
1,1,0.9999223
1,1,0.9953526
1,0,0.2828947
1,1,0.99681515
1,1,0.99995613
1,0,0.00014190964
1,1,0.99996674
1,1,0.99409544
1,1,0.9999726
1,0,0.020212438
1,1,0.9999496
1,1,0.99993944
1,1,0.98065037
1,1,0.6902934
1,1,0.99996173
1,0,7.914688e-05
1,1,0.9999745
1,1,0.999972
1,1,0.9206509
1,1,0.99997246
1,1,0.9999554
1,1,0.9999727
1,1,0.9999286
1,1,0.65354073
1,1,0.9999715
1,1,0.99994767
1,1,0.99997056
1,1,0.99995565
1,1,0.99993074
1,1,0.974036
1,1,0.9999683
1,1,0.99990404
1,1,0.9999732
1,1,0.999956
1,1,0.9943738
1,1,0.999943
1,1,0.99995923
1,1,0.99996984
1,1,0.99997354
1,1,0.72341436
1,1,0.99997413
1,1,0.9993655
1,1,0.99989927
1,1,0.99997365
1,1,0.99997175
1,0,0.024835376
1,0,0.00010909023
1,1,0.9999685
1,1,0.8386789
1,0,0.019237425
1,1,0.99996924
1,1,0.9999678
1,1,0.9999708
1,1,0.99997175
1,1,0.9993741
1,1,0.9999678
1,1,0.88932216
1,1,0.9885511
1,1,0.99319565
1,1,0.99752957
1,1,0.99996483
1,1,0.9999596
1,0,0.0005602967
1,1,0.9999739
1,1,0.9999691
1,1,0.99997365
1,1,0.9999653
1,1,0.9999621
1,1,0.9999628
1,1,0.6317873
1,0,0.00020562788
1,1,0.9999738
1,1,0.99219257
1,1,0.9999738
1,0,0.2489062
1,1,0.56505245
1,1,0.9969868
1,0,9.558503e-05
1,0,9.666694e-05
1,1,0.9743939
1,1,0.999962
1,1,0.9999684
1,1,0.9999733
1,1,0.9999733
1,1,0.9999702
1,1,0.9951251
1,1,0.99996734
1,1,0.9999018
1,1,0.9999685
1,1,0.88382226
1,0,0.1464432
1,1,0.99883527
1,1,0.8548713
1,1,0.8538744
1,1,0.7337425
1,1,0.99993765
1,1,0.92469233
1,1,0.99995863
1,1,0.99985886
1,1,0.9999732
1,0,0.35943156
1,1,0.99936324
1,1,0.99996626
1,1,0.9999392
1,1,0.99997354
1,1,0.9999702
1,0,0.13262208
1,1,0.9999552
1,1,0.99995935
1,0,0.00010668015
1,1,0.9999728
1,1,0.9999472
1,1,0.99989736
1,1,0.5174382
1,1,0.99994147
1,0,9.731844e-05
1,1,0.999684
1,1,0.9999707
1,1,0.9999726
1,0,0.38257343
1,1,0.9999306
1,1,0.9999112
1,1,0.9999716
1,1,0.99996245
1,1,0.99996805
1,1,0.9600277
1,1,0.99992037
1,0,0.0689615
1,1,0.99997044
1,1,0.99796283
1,1,0.9999218
1,1,0.999964
1,1,0.9996101
1,1,0.9999732
1,1,0.9310248
1,0,0.34565124
1,1,0.9995409
1,0,0.22844361
1,1,0.99944705
1,1,0.999962
1,0,0.2176504
1,1,0.99997294
1,0,0.13479625
1,1,0.9999739
1,1,0.99160844
1,1,0.99996686
1,1,0.9999682
1,1,0.9999733
1,1,0.9999585
1,1,0.9999739
1,1,0.9999721
1,1,0.99991393
1,1,0.9998252
1,1,0.99965084
1,1,0.9875914
1,1,0.9999205
1,1,0.99997044
1,1,0.96805423
1,1,0.9998696
1,0,0.2881315
1,1,0.99993193
1,1,0.9999701
1,1,0.9995603
1,1,0.99992764
1,1,0.9999654
1,1,0.850379
1,1,0.9725503
1,0,0.22954592
1,1,0.9999727
1,0,4.3578e-05
1,1,0.9999249
1,1,0.9999703
1,1,0.96337444
1,1,0.99997175
1,1,0.9999746
1,0,0.0004073263
1,1,0.999966
1,1,0.99235135
1,1,0.999962
1,0,0.031112198
1,1,0.9999716
1,1,0.9999485
1,1,0.992462
1,1,0.99977976
1,1,0.9999585
1,1,0.99997103
1,1,0.99994934
1,1,0.9999579
1,1,0.9963414
1,1,0.9998834
1,0,0.47782454
1,1,0.9999722
1,1,0.9444371
1,1,0.9999671
1,0,0.187163
1,0,0.055921298
1,1,0.9999738
1,1,0.9270947
1,0,0.0033768725
1,0,8.2151986e-05
1,0,0.14245145
1,1,0.9925811
1,1,0.9999715
1,1,0.99994814
1,1,0.9971937
1,1,0.9999726
1,1,0.9999707
1,1,0.66966635
1,1,0.999861
1,1,0.99996805
1,1,0.9996538
1,1,0.9998611
1,1,0.9423594
1,1,0.9999678
1,1,0.9999541
1,1,0.99994373
1,1,0.9999492
1,1,0.9999689
1,1,0.9958625
1,1,0.9999534
1,1,0.9999738
1,1,0.9999702
1,1,0.9976768
1,1,0.6536863
1,1,0.9999573
1,1,0.99995935
1,1,0.99997294
1,1,0.99996185
1,1,0.8264095
1,1,0.99997306
1,0,0.00014092393
1,1,0.9999523
1,1,0.88292974
1,1,0.99982774
1,1,0.9996685
1,1,0.99988925
1,1,0.8223792
1,1,0.9999324
1,1,0.9999709
1,1,0.99984455
1,1,0.9999722
1,1,0.9999716
1,1,0.93340296
1,1,0.9999474
1,1,0.99993813
1,1,0.9999734
1,1,0.999967
1,1,0.9999733
1,0,0.02649307
1,1,0.99990726
1,1,0.99991345
1,1,0.9999646
1,1,0.9999455
1,1,0.99997437
1,1,0.9999509
1,1,0.9914659
1,1,0.99658906
1,1,0.9999732
1,1,0.98561156
1,1,0.9999716
1,1,0.9431534
1,1,0.9995746
1,1,0.9105717
1,1,0.99996746
1,1,0.99996424
1,1,0.99977404
1,0,7.834565e-05
1,1,0.99993956
1,1,0.9863876
1,1,0.9999417
1,0,0.0036801454
1,1,0.9999722
1,0,0.0030994094
1,1,0.99997354
1,1,0.9997944
1,1,0.99994147
1,1,0.99996877
1,1,0.9996716
1,1,0.99805105
1,1,0.7506814
1,1,0.9998739
1,0,0.1609445
1,1,0.96967566
1,1,0.9999553
1,1,0.9999713
1,1,0.99958843
1,0,0.00046608192
1,0,0.15643433
1,1,0.999972
1,1,0.9997788
1,1,0.99505734
1,1,0.9999722
1,0,0.37751144
1,1,0.9999709
1,0,0.2744576
1,1,0.99966204
1,1,0.9999727
1,0,0.2902499
1,1,0.79577863
1,1,0.99996567
1,1,0.99996996
1,1,0.99973756
1,1,0.999972
1,1,0.87701225
1,1,0.9788406
1,1,0.7426772
1,1,0.9999261
1,1,0.9999658
1,0,0.3092601
1,1,0.99995923
1,1,0.99997354
1,1,0.99996734
1,1,0.99996805
1,1,0.999972
1,0,0.09949129
1,1,0.9999125
1,1,0.9999542
1,1,0.5850342
1,1,0.99996376
1,1,0.56667984
1,1,0.99946266
1,1,0.9999553
1,1,0.99997294
1,1,0.94871414
1,0,0.022197213
1,1,0.9999604
1,1,0.9998783
1,1,0.99987876
1,1,0.99997354
1,1,0.9999738
1,1,0.9999745
1,1,0.99997365
1,1,0.9999585
1,1,0.9999697
1,1,0.9999385
1,1,0.96855974
1,1,0.999964
1,1,0.9999722
1,1,0.84430695
1,1,0.9999738
1,1,0.99992704
1,1,0.99997354
1,1,0.57144386
1,1,0.9999516
1,1,0.99996233
1,1,0.9926317
1,1,0.9928889
1,0,0.18067846
1,1,0.9599556
1,1,0.9999113
1,1,0.99994934
1,1,0.99984825
1,1,0.9999484
1,1,0.9999442
1,1,0.9999391
1,1,0.99996054
1,1,0.9998921
1,1,0.9998872
1,1,0.999974
1,1,0.99991596
1,1,0.99996495
1,0,0.15555637
1,1,0.98044455
1,1,0.99997413
1,1,0.98740363
1,1,0.9999683
1,1,0.80613655
1,1,0.99997187
1,0,0.0017962139
1,0,0.10959176
1,0,0.09551231
1,1,0.800317
1,1,0.79692334
1,1,0.99997413
1,1,0.9999546
1,1,0.97945786
1,1,0.99996555
1,0,0.2082554
1,1,0.9999659
1,1,0.69286114
1,1,0.999961
1,1,0.531631
1,0,0.00025611973
1,1,0.99997365
1,1,0.85039574
1,1,0.9999701
1,1,0.99994254
1,1,0.9999739
1,1,0.9998171
1,0,0.14763168
1,1,0.9999695
1,1,0.99988437
1,1,0.99993515
1,1,0.99992955
1,1,0.8910964
1,1,0.9689267
1,1,0.87376446
1,1,0.9999523
1,1,0.99502385
1,1,0.99997044
1,0,0.016807009
1,1,0.59376985
1,1,0.99982494
1,0,0.3454139
1,1,0.99997354
1,1,0.9999541
1,1,0.98512655
1,1,0.9999716
1,1,0.9999726
1,1,0.9999664
1,1,0.99997115
1,1,0.9998965
1,1,0.99504155
1,1,0.9999361
1,1,0.9999
1,1,0.9999746
1,0,0.00018461565
1,0,0.07142957
1,1,0.98997504
1,1,0.99966705
1,1,0.7521907
1,1,0.99956995
1,1,0.9737966
1,0,0.21914811
1,1,0.90078187
1,1,0.99996305
1,1,0.9594904
1,1,0.9999685
1,1,0.9999503
1,1,0.99987817
1,0,0.44346234
1,1,0.999974
1,1,0.99986076
1,0,0.0046228035
1,1,0.99643457
1,0,0.00011360729
1,1,0.99996173
1,1,0.9999616
1,1,0.9999733
1,1,0.99967074
1,1,0.9999558
1,1,0.9999633
1,1,0.9835877
1,0,0.00242084
1,1,0.99996006
1,1,0.9999658
1,1,0.9999583
1,1,0.9999578
1,1,0.9999709
1,1,0.99997246
1,1,0.9999682
1,0,0.31546718
1,1,0.99991226
1,1,0.9176188
1,1,0.9999691
1,1,0.99996483
1,1,0.9999726
1,1,0.99995506
1,1,0.9998627
1,0,0.13971828
1,1,0.99981314
1,0,0.020402053
1,0,0.043997686
1,1,0.9795376
1,1,0.9999728
1,1,0.9999608
1,1,0.9212689
1,1,0.9920345
1,1,0.9999695
1,1,0.99976
1,1,0.99996865
1,0,0.408906
1,1,0.9464541
1,1,0.99989116
1,0,5.605808e-05
1,1,0.99986255
1,1,0.9999628
1,1,0.9999722
1,1,0.99865735
1,1,0.9999726
1,1,0.99985635
1,1,0.8887551
1,1,0.9953399
1,0,0.00011821575
1,1,0.99996936
1,1,0.99990594
1,1,0.9999585
1,1,0.99997103
1,1,0.9999732
1,1,0.99958247
1,1,0.999974
1,1,0.9999745
1,1,0.99990416
1,1,0.99997246
1,1,0.9999654
1,1,0.9999622
1,1,0.9999707
1,1,0.9973688
1,1,0.9827292
1,1,0.9999746
1,1,0.9999697
1,1,0.9771359
1,1,0.99995327
1,0,0.06104763
1,1,0.9999411
1,1,0.9999646
1,1,0.9997346
1,1,0.9981152
1,1,0.999964
1,1,0.9999738
1,0,0.0030301479
1,0,0.33395344
1,1,0.9999726
1,0,0.13813426
1,1,0.999956
1,0,0.00023059113
1,1,0.99996126
1,1,0.9999722
1,1,0.9999709
1,1,0.9999529
1,1,0.9999596
1,1,0.99623126
1,1,0.997159
1,1,0.99993753
1,1,0.9999701
1,0,0.13865139
1,1,0.6614395
1,1,0.9998703
1,0,0.000599651
1,1,0.8928662
1,1,0.9998863
1,1,0.99997115
1,1,0.9999647
1,0,0.00038114723
1,1,0.9999726
1,1,0.99988675
1,1,0.9470473
1,1,0.99997234
1,1,0.999933
1,1,0.999966
1,1,0.99997306
1,1,0.9999213
1,0,0.000133651
1,0,0.14516242
1,1,0.9998994
1,1,0.73033214
1,1,0.9999578
1,1,0.999969
1,1,0.99997365
1,1,0.9999732
1,1,0.9999572
1,1,0.99997056
1,1,0.99996996
1,1,0.9998123
1,0,0.118730076
1,1,0.9999733
1,1,0.9999517
1,1,0.9998047
1,1,0.9999337
1,1,0.9999738
1,0,0.172338
1,1,0.999969
1,1,0.9999573
1,1,0.99995744
1,1,0.9921204
1,1,0.9965109
1,1,0.9999536
1,1,0.9999739
1,1,0.99997103
1,1,0.9999243
1,1,0.8860177
1,1,0.9999672
1,0,0.14789611
1,1,0.9990914
1,1,0.9890261
1,1,0.9999572
1,0,0.43924978
1,0,0.010189213
1,1,0.99997306
1,0,0.45834136
1,1,0.9999715
1,1,0.9996351
1,1,0.9999678
1,0,0.036243554
1,1,0.9999715
1,1,0.99996376
1,1,0.8356141
1,1,0.999974
1,1,0.9999738
1,1,0.9907268
1,0,0.26733452
1,1,0.999871
1,1,0.97195923
1,1,0.9927798
1,1,0.9980356
1,1,0.95299274
1,1,0.9999502
1,1,0.56223536
1,1,0.7436887
1,1,0.9999589
1,1,0.9999691
1,0,0.21732102
1,0,9.97479e-05
1,1,0.99993694
1,1,0.9999167
1,1,0.9999461
1,1,0.5413376
1,1,0.9999529
1,1,0.9999676
1,1,0.9999676
1,1,0.9999472
1,1,0.76325446
1,1,0.999966
1,0,0.17726792
1,1,0.99992883
1,0,0.34233204
1,1,0.9999567
1,1,0.9999659
1,1,0.74183935
1,1,0.99996996
1,1,0.99656963
1,1,0.9999745
1,1,0.999974
1,1,0.99834025
1,1,0.9001849
1,1,0.99997437
1,1,0.9999708
1,1,0.99994373
1,1,0.99996734
1,1,0.9999671
1,1,0.99915934
1,1,0.99997306
1,1,0.99995315
1,1,0.99863726
1,1,0.99991333
1,1,0.9611537
1,1,0.9999628
1,0,0.0026453729
1,1,0.9999504
1,1,0.9891667
1,1,0.9999739
1,0,8.629878e-05
1,1,0.99997413
1,0,0.1986666
1,1,0.99984384
1,0,0.0007441566
1,1,0.9999645
1,1,0.99940395
1,1,0.9999709
1,1,0.83991534
1,1,0.9999695
1,1,0.8192029
1,1,0.9999559
1,1,0.9973865
1,1,0.99995255
1,1,0.9954496
1,1,0.9999707
1,1,0.9999622
1,1,0.9999708
1,1,0.9999589
1,1,0.97644585
1,0,7.63813e-05
1,1,0.9999186
1,1,0.99997103
1,1,0.99992526
1,1,0.9999739
1,0,0.020056553
1,1,0.9999635
1,1,0.99074477
1,0,0.38045892
1,1,0.99996877
1,1,0.6140362
1,1,0.9999652
1,1,0.99832815
1,1,0.9999659
1,1,0.9999738
1,0,0.24733211
1,1,0.99997103
1,1,0.9121694
1,1,0.99997365
1,1,0.99993384
1,0,0.0002640462
1,1,0.99518377
1,1,0.99906176
1,1,0.9889586
1,1,0.99996984
1,0,0.33164227
1,1,0.99996936
1,1,0.9999689
1,1,0.9999641
1,1,0.99993515
1,1,0.99986815
1,1,0.9998361
1,1,0.87451047
1,0,0.25838095
1,0,0.00047402512
1,1,0.98746735
1,1,0.9998344
1,1,0.99997354
1,1,0.99995995
1,1,0.99997246
1,1,0.99996674
1,1,0.9999622
1,1,0.9999659
1,1,0.99994767
1,0,0.17315179
1,1,0.999757
1,1,0.9999702
1,1,0.99995255
1,0,0.0001233881
1,1,0.9999721
1,1,0.9999746
1,1,0.9999572
1,1,0.999969
1,1,0.99996793
1,1,0.99882454
1,0,0.49074712
1,1,0.9996619
1,1,0.9994692
1,1,0.99990344
1,1,0.9997485
1,1,0.9999739
1,1,0.86337894
1,1,0.99963236
1,1,0.9999378
1,1,0.999961
1,1,0.9676601
1,1,0.9999472
1,1,0.99992836
1,1,0.9999628
1,1,0.99871075
1,1,0.9999678
1,1,0.9999682
1,1,0.9999727
1,1,0.99965477
1,1,0.883792
1,1,0.99996924
1,1,0.6879794
1,1,0.9970812
1,1,0.99995935
1,1,0.9999628
1,0,0.0046202745
1,1,0.99996877
1,1,0.999961
1,0,0.014445775
1,1,0.9916821
1,1,0.99950624
1,1,0.99861395
1,1,0.9999391
1,1,0.99445134
1,0,0.0406548
1,0,7.767138e-05
1,1,0.9999734
1,1,0.9999696
1,1,0.999962
1,1,0.9999738
1,1,0.99997306
1,1,0.9999615
1,1,0.99989164
1,0,7.335852e-05
1,0,0.4380065
1,1,0.99997354
1,1,0.9999739
1,1,0.9999734
1,0,0.43810475
1,1,0.99992836
1,1,0.99996865
1,0,0.020789536
1,1,0.9999207
1,1,0.53261894
1,1,0.99996424
1,1,0.9375973
1,1,0.9992493
1,1,0.99997365
1,1,0.99985945
1,1,0.9999443
1,1,0.75070524
1,1,0.9951266
1,1,0.99996316
1,1,0.9999542
1,1,0.99997437
1,1,0.99997187
1,1,0.99996114
1,1,0.999966
1,1,0.99996495
1,1,0.9999707
1,1,0.99997306
1,1,0.99997187
1,1,0.9998692
1,1,0.99858826
1,0,0.00044312424
1,1,0.9999354
1,1,0.9999722
1,1,0.8481425
1,1,0.99995935
1,1,0.9999684
1,1,0.99996567
1,1,0.99045265
1,1,0.9999645
1,1,0.9999659
1,1,0.9999503
1,0,0.06476195
1,1,0.999966
1,1,0.999962
1,1,0.7444806
1,1,0.9999738
1,1,0.9998778
1,1,0.9999665
1,1,0.9999732
1,1,0.99997234
1,0,0.056747045
1,1,0.99997354
1,1,0.73194724
1,1,0.99996865
1,1,0.96772546
1,1,0.9999516
1,1,0.70877755
1,1,0.86572045
1,1,0.64183396
1,1,0.99997246
1,1,0.9999627
1,1,0.99996805
1,0,8.839044e-05
1,1,0.9644386
1,1,0.9999697
1,1,0.99996877
1,1,0.999972
1,1,0.8999673
1,0,0.0005072233
1,1,0.9999734
1,1,0.99996364
1,1,0.97716296
1,0,0.0028794364
1,1,0.99996734
1,1,0.99996984
1,1,0.9999471
1,0,0.0001072766
1,1,0.9999683
1,1,0.99996233
1,1,0.9996275
1,1,0.9999652
1,1,0.9999579
1,1,0.99997437
1,1,0.99996126
1,0,0.09556249
1,1,0.9985499
1,1,0.99996126
1,1,0.99996746
1,1,0.9999589
1,1,0.99985373
1,1,0.99993443
1,1,0.9651532
1,1,0.99996316
1,1,0.9954906
1,1,0.9999726
1,1,0.9386352
1,1,0.9999598
1,1,0.99994016
1,1,0.9991918
1,1,0.99997413
1,1,0.99977595
1,1,0.9457077
1,1,0.99744594
1,1,0.97083473
1,1,0.999923
1,1,0.97992516
1,1,0.85280275
1,1,0.9999372
1,1,0.9999609
1,1,0.52672476
1,1,0.98873854
1,0,0.0019973437
1,0,8.934107e-05
1,1,0.99991953
1,1,0.99996984
1,1,0.9999659
1,1,0.99997365
1,1,0.9999496
1,1,0.99989283
1,1,0.9999732
1,1,0.999962
1,1,0.9999436
1,1,0.99996746
1,0,9.166245e-05
1,1,0.87697315
1,1,0.9999684
1,1,0.99983215
1,1,0.9999621
1,1,0.9999678
1,1,0.9999728
1,1,0.8935299
1,0,0.00027633013
1,1,0.99942315
1,1,0.999964
1,1,0.9841262
1,1,0.9990693
1,1,0.99976987
1,0,0.118928395
1,0,0.0028096149
1,1,0.9999654
1,1,0.9972262
1,1,0.9999697
1,1,0.9999417
1,1,0.9999553
1,0,0.010822618
1,1,0.99989057
1,1,0.99996936
1,0,0.011980409
1,0,0.057762384
1,1,0.9997311
1,1,0.9878592
1,0,0.07039501
1,1,0.9999734
1,1,0.9998945
1,1,0.9999627
1,1,0.9999659
1,1,0.5963047
1,1,0.9999678
1,1,0.999923
1,1,0.9862363
1,1,0.9878883
1,1,0.9999738
1,1,0.9994684
1,1,0.9998123
1,1,0.9998846
1,1,0.997218
1,1,0.99693596
1,1,0.9998963
1,1,0.9153797
1,1,0.9783295
1,1,0.9997148
1,1,0.99997425
1,1,0.99961746
1,1,0.99993885
1,1,0.99987674
1,1,0.9999683
1,1,0.9999423
1,1,0.99996996
1,1,0.9999639
1,1,0.99984527
1,1,0.9999511
1,1,0.99996734
1,1,0.9999714
1,1,0.9999727
1,1,0.99997234
1,1,0.9999635
1,0,0.00010996418
1,1,0.95717674
1,1,0.99997056
1,1,0.9999714
1,1,0.99995697
1,1,0.9999691
1,1,0.99997056
1,1,0.99994886
1,1,0.9998629
1,1,0.9997191
1,1,0.999974
1,0,0.0040872623
1,1,0.9999652
1,0,6.707612e-05
1,1,0.999783
1,1,0.8633954
1,1,0.9999697
1,1,0.9999589
1,1,0.92174304
1,1,0.9998116
1,1,0.99996793
1,1,0.99996483
1,1,0.99996984
1,1,0.99996984
1,1,0.9999387
1,0,0.37030503
1,1,0.9997491
1,1,0.9999459
1,1,0.99997056
1,0,0.075591594
1,1,0.98985213
1,1,0.9999589
1,1,0.99696094
1,1,0.9995453
1,1,0.9999734
1,1,0.91855407
1,1,0.99997413
1,1,0.99997175
1,1,0.9999732
1,1,0.58982813
1,0,0.00023460956
1,1,0.9998783
1,1,0.9999658
1,1,0.999607
1,1,0.9999677
1,1,0.9999689
1,1,0.9993998
1,1,0.9999472
1,1,0.99944776
1,1,0.83050245
1,0,0.10665986
1,1,0.99983907
1,1,0.5716933
1,1,0.9996611
1,1,0.999795
1,0,0.00011509656
1,1,0.9999745
1,0,0.1687775
1,0,0.012280753
1,1,0.9999683
1,1,0.98730266
1,1,0.99991906
1,1,0.999972
1,0,0.4434461
1,1,0.99996805
1,1,0.9999738
1,1,0.9999627
1,1,0.9999739
1,1,0.99983275
1,1,0.9999722
1,1,0.76968545
1,1,0.99995553
1,1,0.99993837
1,1,0.99969625
1,1,0.9999727
1,1,0.99975985
1,1,0.99986935
1,1,0.99995744
1,1,0.82728493
1,0,0.15322778
1,1,0.9999578
1,1,0.9780765
1,1,0.99996483
1,1,0.99986756
1,1,0.9999733
1,1,0.99918944
1,0,0.4602099
1,1,0.9999536
1,1,0.99996316
1,1,0.9999653
1,1,0.9941758
1,1,0.9999701
1,1,0.9390538
1,1,0.9999149
1,0,0.00021893837
1,1,0.99994206
1,1,0.9999658
1,1,0.9976636
1,1,0.9999745
1,1,0.99997425
1,1,0.9999727
1,1,0.9998915
1,1,0.999969
1,1,0.99995255
1,1,0.9999732
1,1,0.9999713
1,1,0.99997294
1,1,0.98318624
1,0,0.000897106
1,1,0.52804273
1,1,0.99997246
1,1,0.99996185
1,1,0.6296952
1,1,0.99997103
1,1,0.9999598
1,1,0.99973196
1,1,0.9999707
1,1,0.9998362
1,1,0.99549145
1,1,0.99991703
1,1,0.9999281
1,1,0.99993837
1,1,0.7564461
1,1,0.9985108
1,1,0.9999732
1,1,0.84262156
1,1,0.99893373
1,1,0.88420784
1,1,0.9987112
1,1,0.9999728
1,1,0.9999099
1,1,0.99994254
1,1,0.9992907
1,1,0.9999738
1,0,0.06032811
1,1,0.99996734
1,1,0.9999697
1,1,0.99996996
1,1,0.99995804
1,1,0.99994004
1,1,0.99996996
1,0,0.107480824
1,0,4.364979e-05
1,1,0.9999691
1,1,0.9206353
1,0,0.082139015
1,1,0.9999739
1,1,0.65551513
1,1,0.9999646
1,1,0.98639524
1,1,0.99996483
1,1,0.99997044
1,1,0.9999714
1,1,0.8516058
1,1,0.9999728
1,1,0.8423526
1,1,0.9999701
1,1,0.9999721
1,1,0.8448545
1,1,0.99997306
1,1,0.9993319
1,1,0.9090655
1,1,0.9999708
1,1,0.999959
1,1,0.9999559
1,0,0.3839188
1,1,0.99929833
1,1,0.66266054
1,1,0.99981743
1,1,0.99992704
1,1,0.99997425
1,1,0.8749157
1,1,0.9999366
1,1,0.9988317
1,1,0.9999639
1,0,0.33161294
1,1,0.99996185
1,1,0.9999733
1,1,0.9994487
1,1,0.99996877
1,1,0.9999728
1,1,0.9999697
1,0,0.017185919
1,1,0.9999671
1,1,0.5734732
1,1,0.99997365
1,1,0.9999702
1,1,0.9999745
1,1,0.95112157
1,1,0.86105686
1,1,0.99995553
1,1,0.9997466
1,1,0.99995935
1,1,0.9997465
1,1,0.9951952
1,1,0.9943198
1,1,0.999967
1,1,0.99997413
1,1,0.99997365
1,1,0.9999745
1,1,0.9962352
1,1,0.9998987
1,1,0.99996114
1,1,0.999967
1,1,0.98246163
1,1,0.99995065
1,1,0.9977336
1,1,0.6690228
1,1,0.9999727
1,1,0.9910288
1,1,0.9999614
1,0,0.00042513397
1,1,0.9999727
1,1,0.9990736
1,1,0.99702924
1,1,0.99994814
1,1,0.940154
1,1,0.99997354
1,1,0.99992406
1,1,0.99997234
1,1,0.9999267
1,1,0.9999689
1,0,0.1241462
1,0,0.00015851282
1,1,0.9999294
1,0,0.2932349
1,1,0.9999387
1,0,0.10006043
1,0,8.389629e-05
1,1,0.88829327
1,1,0.9999585
1,1,0.9999691
1,1,0.99997103
1,1,0.9999707
1,1,0.9999589
1,1,0.99996793
1,1,0.99997103
1,1,0.9997873
1,1,0.9999387
1,1,0.9999651
1,1,0.9999689
1,1,0.9842971
1,1,0.9999727
1,1,0.9999722
1,1,0.9639225
1,1,0.9999503
1,1,0.99996114
1,1,0.9851415
1,1,0.7449314
1,1,0.9999347
1,1,0.99988997
1,0,0.00028778598
1,1,0.8761328
1,1,0.9727501
1,1,0.9999689
1,1,0.9999678
1,1,0.9874791
1,1,0.99996805
1,1,0.99944323
1,1,0.64929545
1,1,0.9999726
1,1,0.99996996
1,1,0.9997371
1,1,0.9999312
1,1,0.99980444
1,1,0.99994886
1,1,0.9999732
1,1,0.99997056
1,1,0.9999709
1,1,0.99997365
1,1,0.9999734
1,1,0.788222
1,1,0.99991333
1,1,0.9997867
1,1,0.9999695
1,1,0.87346214
1,1,0.9991364
1,1,0.9999684
1,1,0.999928
1,1,0.9999645
1,1,0.9998895
1,1,0.90663993
1,0,0.03835543
1,1,0.99997044
1,1,0.99992573
1,1,0.92283684
1,1,0.9999361
1,1,0.999967
1,1,0.9999677
1,1,0.6796626
1,1,0.99997354
1,1,0.99296546
1,1,0.99993825
1,1,0.9999497
1,1,0.99996173
1,1,0.9999703
1,1,0.9999485
1,1,0.9999598
1,1,0.99995995
1,1,0.9999653
1,1,0.9998765
1,0,0.47781175
1,0,0.40070468
1,1,0.9999664
1,1,0.99887615
1,1,0.99997246
1,1,0.9999621
1,0,0.077364966
1,1,0.67490625
1,1,0.9999728
1,1,0.99996805
1,1,0.98723805
1,1,0.9999651
1,1,0.8010866
1,1,0.99995625
1,1,0.91856414
1,1,0.99997187
1,1,0.99987483
1,1,0.9885388
1,1,0.99953055
1,1,0.99993217
1,1,0.97554886
1,1,0.9999732
1,1,0.99996054
1,1,0.9999212
1,1,0.99997365
1,0,0.38319382
1,1,0.99995947
1,1,0.9999603
1,1,0.99996746
1,1,0.78400815
1,1,0.99858165
1,1,0.9999509
1,0,0.012451137
1,1,0.9999714
1,1,0.99996114
1,0,0.078050576
1,1,0.9999732
1,1,0.999974
1,1,0.99696714
1,1,0.99994576
1,1,0.9999536
1,1,0.99997246
1,1,0.5309646
1,1,0.99997175
1,1,0.99996746
1,0,0.00090754055
1,1,0.99993193
1,1,0.99996126
1,1,0.859512
1,1,0.9999304
1,0,0.40621266
1,1,0.9425967
1,1,0.99996734
1,1,0.9997857
1,1,0.9999654
1,1,0.99976903
1,1,0.9999541
1,1,0.99989414
1,1,0.99995947
1,1,0.5384437
1,1,0.9999547
1,1,0.999967
1,1,0.9999707
1,1,0.9999716
1,1,0.9999703
1,1,0.9834457
1,1,0.709986
1,1,0.9999738
1,1,0.99990106
1,1,0.9999707
1,1,0.9999646
1,1,0.9896981
1,0,0.0024066532
1,1,0.9999733
1,1,0.999967
1,1,0.9999645
1,1,0.99930596
1,1,0.99995446
1,0,0.20775807
1,1,0.6962463
1,1,0.9967428
1,1,0.7222226
1,0,0.001983522
1,0,0.00018834221
1,1,0.99996734
1,1,0.99914074
1,1,0.9999721
1,1,0.9922869
1,1,0.9999273
1,0,0.20479739
1,1,0.80619574
1,0,0.00011233015
1,1,0.99990714
1,0,0.2347416
1,1,0.8634716
1,1,0.99995303
1,1,0.999887
1,1,0.99974173
1,1,0.99997234
1,1,0.683324
1,1,0.9999398
1,0,0.0034393126
1,1,0.9999628
1,1,0.99992454
1,1,0.88621557
1,1,0.9999596
1,1,0.99942434
1,1,0.75693184
1,1,0.99604553
1,0,0.0018340207
1,1,0.9999529
1,1,0.93226004
1,0,0.029848952
1,1,0.9999738
1,1,0.9980275
1,1,0.999974
1,1,0.99997437
1,1,0.9999701
1,1,0.97830975
1,1,0.99997306
1,1,0.9989693
1,0,0.044395637
1,1,0.99982774
1,1,0.99987185
1,1,0.99995303
1,1,0.92774016
1,1,0.9999715
1,1,0.9999684
1,1,0.9999747
1,1,0.99997294
1,1,0.9963337
1,1,0.99997425
1,0,0.00013574414
1,1,0.9999709
1,1,0.999974
1,1,0.9999292
1,0,0.00049491803
1,1,0.99996877
1,1,0.9966642
1,1,0.9999728
1,1,0.9999641
1,0,0.018326363
1,1,0.68546367
1,1,0.99982774
1,0,0.23034175
1,1,0.9999726
1,1,0.99975556
1,0,0.41950727
1,1,0.9999598
1,1,0.5465948
1,1,0.99974936
1,1,0.99987423
1,1,0.9999436
1,1,0.99997234
1,1,0.91438985
1,1,0.9999678
1,1,0.9998925
1,0,0.000101124155
1,1,0.99961674
1,1,0.9999659
1,1,0.9999125
1,0,0.0420744
1,1,0.9999658
1,1,0.9064148
1,1,0.9999733
1,1,0.8559749
1,1,0.98824346
1,1,0.9998191
1,1,0.99996984
1,1,0.99982566
1,1,0.9999685
1,1,0.9999697
1,1,0.9999695
1,1,0.99996984
1,1,0.99991894
1,1,0.9998894
1,1,0.99996924
1,1,0.9999676
1,0,0.0009215736
1,1,0.999967
1,1,0.9999701
1,1,0.99957293
1,1,0.9963314
1,1,0.9999727
1,1,0.99996984
1,1,0.99650323
1,1,0.99990916
1,1,0.9859751
1,1,0.82782733
1,1,0.99915564
1,1,0.9999647
1,0,5.3582e-05
1,1,0.9997018
1,1,0.99995434
1,0,0.16197567
1,1,0.9999733
1,1,0.9974195
1,1,0.99991536
1,1,0.9999709
1,1,0.99993134
1,1,0.9999702
1,1,0.9999733
1,1,0.999967
1,1,0.99996877
1,0,0.08386234
1,1,0.999972
1,0,0.018144675
1,1,0.9999745
1,0,0.12195039
1,0,0.00015717738
1,1,0.9977424
1,1,0.9999293
1,1,0.99972814
1,0,0.017999798
1,1,0.9999682
1,1,0.9999199
1,1,0.9956358
1,1,0.9999504
1,0,6.982994e-05
1,0,0.016867451
1,0,0.49042964
1,1,0.9999713
1,1,0.99993837
1,1,0.9935061
1,1,0.9999019
1,0,0.016323382
1,1,0.7718983
1,1,0.9999726
1,1,0.9999707
1,1,0.9999124
1,1,0.7787564
1,1,0.9999417
1,1,0.99996626
1,1,0.9999708
1,0,0.0001603182
1,1,0.9999707
1,1,0.999974
1,1,0.99997365
1,1,0.99536926
1,1,0.99997103
1,1,0.9999703
1,0,0.231593
1,1,0.99997413
1,1,0.99995685
1,1,0.99995613
1,1,0.9980141
1,1,0.99995697
1,1,0.99995697
1,1,0.99996674
1,1,0.99997425
1,1,0.9959831
1,1,0.99973553
1,1,0.99911004
1,1,0.99995756
1,1,0.9998374
1,1,0.9993476
1,1,0.9999641
1,0,0.02100565
1,1,0.77479976
1,1,0.99330926
1,1,0.9999727
1,0,0.37822944
1,1,0.9999596
1,1,0.999974
1,1,0.9999634
1,0,8.908569e-05
1,0,0.28551114
1,1,0.56910455
1,0,0.0023297833
1,1,0.99996686
1,1,0.9996722
1,1,0.99380165
1,0,0.00019283919
1,0,0.46558005
1,0,0.00047501543
1,1,0.9999386
1,1,0.9999701
1,1,0.99997425
1,1,0.9978969
1,1,0.9999715
1,0,0.00019667485
1,1,0.9999691
1,0,0.17278658
1,1,0.9999701
1,1,0.9999709
1,1,0.9999484
1,1,0.9999646
1,1,0.9999678
1,1,0.99996686
1,1,0.99996686
1,1,0.7709217
1,1,0.9999733
1,1,0.9999708
1,1,0.84036875
1,1,0.78774184
1,1,0.99995494
1,1,0.9998388
1,1,0.9999683
1,1,0.9999666
1,1,0.9999689
1,1,0.99997354
1,1,0.9999738
1,1,0.6294096
1,0,0.42953736
1,1,0.99997425
1,1,0.742687
1,1,0.9999733
1,1,0.999969
1,1,0.999972
1,1,0.9399739
1,1,0.9999229
1,1,0.93165195
1,1,0.9999732
1,1,0.9999709
1,1,0.74582523
1,1,0.9999535
1,1,0.9999689
1,0,0.47850782
1,1,0.9913378
1,1,0.99997175
1,1,0.92288435
1,1,0.9999658
1,1,0.5991316
1,1,0.99996495
1,1,0.9999629
1,0,0.04437846
1,0,0.183135
1,1,0.9999676
1,1,0.99997306
1,1,0.99989545
1,1,0.9999614
1,1,0.9999708
1,1,0.99997175
1,1,0.99997306
1,1,0.99996674
1,1,0.9999695
1,1,0.62731683
1,0,0.31262085
1,1,0.9999721
1,1,0.999966
1,1,0.96402895
1,1,0.99771357
1,1,0.99997425
1,1,0.99936897
1,1,0.99995494
1,0,0.019289937
1,1,0.99993396
1,1,0.9998996
1,1,0.99994254
1,1,0.99688953
1,1,0.99997115
1,1,0.99996734
1,1,0.99997413
1,1,0.9997712
1,1,0.99997115
1,1,0.99994946
1,1,0.9999696
1,1,0.999974
1,0,0.035445128
1,1,0.9946366
1,1,0.9999683
1,1,0.9999682
1,1,0.999721
1,1,0.99996567
1,1,0.9999672
1,1,0.9999099
1,1,0.7041831
1,1,0.99996805
1,1,0.99996436
1,1,0.9922512
1,1,0.9999691
1,1,0.9999728
1,0,8.0922015e-05
1,1,0.9991177
1,1,0.6330807
1,1,0.99991655
1,1,0.9999391
1,1,0.9998859
1,1,0.99997103
1,0,0.032588102
1,0,0.07779718
1,0,0.47162965
1,0,0.0013519948
1,1,0.99992883
1,1,0.99000424
1,1,0.9999268
1,1,0.9999348
1,1,0.99996734
1,1,0.9999181
1,1,0.8260378
1,1,0.9982133
1,1,0.97065914
1,1,0.940389
1,1,0.9999739
1,1,0.99996805
1,1,0.87023205
1,1,0.96120894
1,1,0.99994004
1,1,0.9999703
1,1,0.9999739
1,1,0.99997306
1,1,0.9918113
1,1,0.8837746
1,0,0.0009554388
1,0,0.010251412
1,1,0.9839061
1,0,0.12155517
1,1,0.99995494
1,1,0.9999685
1,1,0.68476176
1,0,0.4661113
1,0,0.043191295
1,1,0.9998031
1,1,0.9992367
1,1,0.9999639
1,1,0.99984515
1,1,0.99964654
1,0,0.000108809305
1,1,0.9999435
1,1,0.9999727
1,0,0.45351475
1,1,0.99986076
1,1,0.9999708
1,0,0.008782038
1,1,0.9953525
1,1,0.9999082
1,1,0.99994683
1,1,0.9999727
1,1,0.9999021
1,1,0.9999577
1,1,0.99838877
1,1,0.99992204
1,1,0.9999666
1,1,0.99996316
1,1,0.99990344
1,1,0.9879951
1,1,0.9892347
1,1,0.999966
1,1,0.99997234
1,1,0.99997425
1,1,0.99981624
1,1,0.8427631
1,1,0.9999633
1,1,0.99996567
1,1,0.63046056
1,1,0.9999738
1,1,0.9927285
1,1,0.99993825
1,1,0.9999691
1,1,0.99520844
1,1,0.9999721
1,1,0.99995863
1,1,0.9997706
1,1,0.9999658
1,1,0.9999745
1,1,0.9999658
1,0,0.00010025694
1,0,0.00091863115
1,1,0.98835164
1,1,0.9999727
1,0,0.21755059
1,1,0.9998247
1,1,0.99996305
1,1,0.9999695
1,1,0.6893491
1,1,0.9999707
1,1,0.9999734
1,1,0.9997824
1,1,0.5367918
1,0,0.002821907
1,1,0.9999616
1,1,0.9999541
1,0,0.20853458
1,1,0.9998977
1,1,0.9999733
1,0,0.024574298
1,1,0.99983406
1,1,0.8257305
1,0,0.00039878214
1,1,0.9543449
1,0,0.07953036
1,1,0.5305787
1,1,0.9999473
1,1,0.9797642
1,1,0.9998739
1,1,0.9999666
1,1,0.7505396
1,1,0.9999579
1,1,0.99992466
1,1,0.9999459
1,1,0.99996746
1,1,0.99151784
1,1,0.999974
1,0,0.004666649
1,1,0.999967
1,1,0.99992645
1,1,0.99994886
1,0,0.13663092
1,1,0.9999682
1,1,0.99994254
1,1,0.9999716
1,1,0.99963725
1,0,0.031485256
1,1,0.9999746
1,1,0.9999639
1,1,0.9999672
1,1,0.99997354
1,1,0.9997744
1,1,0.99997103
1,1,0.99997294
1,1,0.9999672
1,1,0.9999199
1,1,0.9998115
1,1,0.9999691
1,1,0.9999738
1,1,0.9999691
1,1,0.97941965
1,1,0.9999577
1,1,0.9999702
1,1,0.99997187
1,1,0.94376117
1,1,0.99997294
1,1,0.99993527
1,1,0.9984994
1,1,0.999946
1,1,0.99996674
1,1,0.9999721
1,1,0.99996865
1,1,0.9998265
1,1,0.9999584
1,1,0.9999629
1,1,0.99992585
1,1,0.99969196
1,1,0.99997354
1,1,0.99997234
1,1,0.99995506
1,1,0.9999732
1,1,0.9999739
1,1,0.9209549
1,1,0.99997056
1,1,0.99997437
1,1,0.9999651
1,1,0.9970788
1,1,0.9999714
1,1,0.9999509
1,1,0.9738836
1,1,0.9857431
1,1,0.999972
1,1,0.8686445
1,0,0.00034046537
1,1,0.99995303
1,1,0.9999727
1,1,0.9993143
1,1,0.99996805
1,1,0.9874079
1,1,0.9999682
1,1,0.9911971
1,0,0.00011287668
1,1,0.9999739
1,1,0.9999583
1,1,0.9999716
1,1,0.99997187
1,1,0.9999708
1,1,0.99996114
1,1,0.9999728
1,1,0.9967796
1,0,0.28914014
1,0,0.00011420773
1,1,0.9999541
1,1,0.99867505
1,1,0.9999628
1,1,0.9996612
1,1,0.9999404
1,0,0.057758883
1,1,0.999338
1,1,0.9937668
1,1,0.99978405
1,1,0.9999536
1,1,0.9999739
1,1,0.9989998
1,1,0.941453
1,1,0.99995005
1,1,0.9999727
1,1,0.99994636
1,1,0.72891957
1,1,0.99985933
1,1,0.9996593
1,1,0.9998841
1,0,0.05437187
1,1,0.9999716
1,1,0.99992263
1,1,0.9999716
1,1,0.99995863
1,1,0.9970163
1,0,0.00056317804
1,1,0.9999387
1,1,0.9999466
1,1,0.9999305
1,1,0.99996567
1,1,0.99996126
1,0,0.06130879
1,1,0.9999186
1,1,0.99983287
1,1,0.99997175
1,1,0.9999558
1,1,0.999949
1,1,0.99996984
1,1,0.9999646
1,1,0.9999627
1,1,0.9999347
1,0,0.08809605
1,1,0.9994155
1,1,0.9999732
1,1,0.99976426
1,1,0.7536902
1,1,0.99994886
1,0,0.1424873
1,1,0.99997294
1,1,0.99995255
1,1,0.9937929
1,1,0.99995613
1,1,0.99994934
1,1,0.6800041
1,1,0.9999734
1,1,0.9999714
1,1,0.99827623
1,1,0.9999335
1,0,0.0003263415
1,1,0.99996805
1,1,0.999974
1,1,0.99526525
1,0,0.42289585
1,1,0.8371643
1,0,0.01609477
1,1,0.9998586
1,0,0.004222283
1,1,0.9999653
1,1,0.99997294
1,1,0.99997413
1,1,0.9999596
1,0,0.0018834459
1,1,0.9999664
1,1,0.66133976
1,1,0.6955544
1,1,0.99997413
1,1,0.999936
1,1,0.9999696
1,0,5.7162182e-05
1,1,0.55650383
1,0,7.710477e-05
1,1,0.9745758
1,1,0.99997437
1,1,0.9999527
1,1,0.9999671
1,1,0.9999726
1,0,0.00014907794
1,1,0.89173764
1,1,0.9998704
1,0,0.001653721
1,1,0.9288994
1,1,0.99996865
1,1,0.9999721
1,1,0.99993694
1,1,0.99994683
1,1,0.99987674
1,0,0.00037222492
1,1,0.99984753
1,1,0.99894744
1,1,0.99993825
1,1,0.9999682
1,1,0.99833834
1,0,0.023090502
1,1,0.9999716
1,1,0.9997873
1,0,0.36833432
1,1,0.9999304
1,0,0.3610107
1,1,0.99988675
1,1,0.9999256
1,1,0.9999473
1,1,0.999634
1,1,0.99991846
1,1,0.99951994
1,1,0.5262114
1,1,0.9999604
1,1,0.99997306
1,1,0.999967
1,1,0.99996436
1,1,0.99996555
1,1,0.9995328
1,1,0.9999716
1,1,0.99997056
1,1,0.99996865
1,1,0.99997437
1,1,0.9999734
1,1,0.9998859
1,0,0.00590127
1,1,0.9998523
1,1,0.9999716
1,0,0.26232657
1,1,0.9999695
1,1,0.99391407
1,0,0.0006502269
1,0,0.2808792
1,1,0.9999727
1,1,0.99955815
1,1,0.9999721
1,1,0.8352185
1,0,0.27327827
1,1,0.95735675
1,1,0.9999739
1,1,0.9999677
1,1,0.9999298
1,1,0.99995935
1,1,0.9999739
1,1,0.9999689
1,1,0.99500126
1,1,0.9985625
1,1,0.99996984
1,1,0.99994934
1,0,0.1647302
1,1,0.9999702
1,1,0.9999708
1,1,0.99997365
1,1,0.9999713
1,0,0.0114448685
1,1,0.9999732
1,0,0.031663768
1,0,0.00014203474
1,1,0.9995565
1,1,0.9999684
1,1,0.99980074
1,1,0.99985886
1,0,0.020730983
1,0,0.38388503
1,1,0.9999685
1,0,0.10847111
1,1,0.99981505
1,0,0.2697358
1,1,0.9999063
1,1,0.61002177
1,1,0.9999409
1,1,0.99996984
1,0,0.4290957
1,1,0.9999212
1,1,0.965864
1,1,0.994848
1,1,0.99997413
1,1,0.9999738
1,1,0.99996936
1,1,0.999967
1,1,0.80480266
1,1,0.99996936
1,1,0.9120849
1,1,0.98872316
1,0,0.14652237
1,1,0.9916898
1,1,0.9999602
1,0,0.011097449
1,1,0.99989295
1,1,0.99994934
1,1,0.99996555
1,1,0.90377116
1,1,0.9999614
1,1,0.9999683
1,1,0.99995065
1,1,0.9999597
1,0,0.3053399
1,1,0.99994504
1,1,0.99135923
1,0,0.024936344
1,0,0.09968422
1,1,0.9974771
1,1,0.99997365
1,1,0.99946696
1,1,0.9999522
1,1,0.99993455
1,1,0.9999733
1,0,0.004131499
1,0,0.020120418
1,1,0.99996746
1,1,0.9999678
1,1,0.99993575
1,1,0.9759184
1,1,0.8528782
1,0,0.072184466
1,1,0.940906
1,1,0.99997234
1,1,0.9999622
1,1,0.99997175
1,1,0.9236627
1,1,0.99997306
1,1,0.73391056
1,1,0.99997354
1,1,0.9999708
1,1,0.9865737
1,1,0.9999722
1,1,0.99994636
1,1,0.6672319
1,1,0.9999672
1,1,0.9999646
1,1,0.99997306
1,1,0.99995387
1,1,0.99980587
1,1,0.99997354
1,1,0.99997234
1,1,0.99996424
1,1,0.94139564
1,0,0.00011486435
1,1,0.99965584
1,1,0.9999702
1,1,0.99996376
1,1,0.99994636
1,1,0.9999031
1,1,0.9941294
1,1,0.93689275
1,1,0.999974
1,1,0.9998919
1,1,0.9998492
1,0,0.024857027
1,0,7.474965e-05
1,1,0.85357654
1,1,0.98558676
1,1,0.9364559
1,1,0.99997115
1,1,0.999974
1,1,0.9999511
1,0,7.1831215e-05
1,1,0.9999485
1,1,0.9999678
1,1,0.99997437
1,1,0.55764276
1,1,0.99997437
1,0,0.00017554025
1,1,0.99997234
1,1,0.9999733
1,0,0.0001911794
1,1,0.999974
1,1,0.99996936
1,0,0.01915135
1,0,0.18277338
1,1,0.99997354
1,1,0.9999697
1,1,0.9970091
1,1,0.99995625
1,1,0.9999331
1,1,0.99992275
1,1,0.9999697
1,1,0.99996316
1,1,0.999966
1,1,0.9999695
1,1,0.99683315
1,1,0.99997413
1,1,0.99996984
1,1,0.9998741
1,1,0.99988997
1,1,0.9999702
1,1,0.9999515
1,1,0.9996717
1,1,0.93196917
1,0,0.017869683
1,1,0.9999714
1,1,0.99993193
1,1,0.99997103
1,1,0.99993503
1,1,0.99995387
1,1,0.60810965
1,1,0.999974
1,1,0.9999682
1,1,0.7261526
1,1,0.99997103
1,1,0.9997495
1,1,0.99997354
1,1,0.9999727
1,1,0.99995625
1,1,0.9999633
1,0,0.0003279621
1,1,0.99993443
1,1,0.9999707
1,0,6.914056e-05
1,1,0.9999553
1,0,0.00027665755
1,1,0.6169775
1,1,0.9999536
1,1,0.9998896
1,1,0.9999647
1,1,0.99996936
1,1,0.99997246
1,1,0.99997115
1,1,0.99911565
1,1,0.9916609
1,1,0.9999695
1,1,0.9997812
1,1,0.98627466
1,1,0.9999447
1,0,8.782602e-05
1,1,0.99996626
1,1,0.79333234
1,1,0.99990296
1,1,0.99968183
1,1,0.9999392
1,1,0.99995923
1,1,0.9999727
1,1,0.9997725
1,0,0.0010237293
1,1,0.9999579
1,1,0.9368895
1,1,0.9999726
1,1,0.9892291
1,1,0.9803631
1,1,0.9999745
1,1,0.9995227
1,0,0.057165217
1,1,0.9999434
1,1,0.66275513
1,1,0.9999567
1,1,0.9999473
1,1,0.82420456
1,1,0.9999627
1,1,0.99994016
1,0,0.009297978
1,1,0.99996483
1,1,0.99481094
1,1,0.99995375
1,1,0.9529317
1,1,0.999954
1,0,0.05287603
1,1,0.99987817
1,0,0.11986811
1,1,0.9996252
1,1,0.999966
1,1,0.99997115
1,1,0.9999734
1,1,0.99980956
1,1,0.99968004
1,0,0.14443237
1,1,0.9999136
1,1,0.99991333
1,0,0.00010878991
1,0,0.4518915
1,1,0.99996793
1,1,0.99977475
1,1,0.9999541
1,1,0.9951121
1,1,0.9999727
1,1,0.9999732
1,1,0.99974996
1,1,0.99996614
1,1,0.99684674
1,1,0.9999739
1,1,0.9998666
1,1,0.9999666
1,1,0.9999653
1,1,0.99997294
1,1,0.9999597
1,1,0.9999676
1,1,0.99963474
1,1,0.95872635
1,1,0.8259798
1,1,0.9996977
1,1,0.9999703
1,0,0.00032162844
1,1,0.9999746
1,1,0.99997354
1,1,0.9999299
1,1,0.99966025
1,1,0.9999726
1,1,0.9985884
1,1,0.9999732
1,1,0.99995506
1,1,0.9999076
1,1,0.90134394
1,1,0.99843854
1,1,0.9999733
1,1,0.99993193
1,1,0.9999622
1,1,0.9998995
1,1,0.99991953
1,1,0.9999728
1,0,0.004546397
1,0,0.26027343
1,1,0.99955326
1,1,0.99997437
1,0,0.18203388
1,1,0.9946359
1,1,0.9504094
1,1,0.99350196
1,0,0.00016712476
1,1,0.9705945
1,1,0.9999695
1,1,0.99993515
1,0,0.4427449
1,1,0.9878824
1,1,0.9999697
1,1,0.9999678
1,1,0.9999732
1,1,0.99996567
1,0,0.0013308295
1,1,0.99564904
1,1,0.99996555
1,1,0.9999372
1,1,0.9999745
1,1,0.9999738
1,1,0.6944036
1,1,0.99927145
1,1,0.9999672
1,0,0.060265485
1,1,0.9999491
1,1,0.9998067
1,1,0.99990296
1,0,0.19566022
1,0,0.00047555257
1,1,0.99997354
1,1,0.9998679
1,1,0.9999646
1,1,0.99997294
1,1,0.9937255
1,1,0.9999671
1,1,0.9999709
1,1,0.99997234
1,1,0.9999739
1,1,0.8702494
1,1,0.9999629
1,1,0.9999622
1,1,0.99997115
1,1,0.99997354
1,1,0.9871176
1,1,0.9999715
1,1,0.9997931
1,1,0.9999386
1,1,0.9999465
1,1,0.9785528
1,1,0.99996567
1,1,0.9999547
1,1,0.99997437
1,1,0.9999707
1,0,0.0058325655
1,1,0.9999547
1,1,0.9995648
1,1,0.9999541
1,1,0.9999566
1,0,0.032390106
1,1,0.9999691
1,1,0.99996305
1,1,0.9985499
1,1,0.9984219
1,1,0.9999684
1,1,0.9999734
1,0,0.0010187828
1,1,0.9999722
1,1,0.9999732
1,0,0.16220358
1,1,0.9999728
1,1,0.9999696
1,1,0.99997437
1,1,0.9999684
1,1,0.9997402
1,1,0.99996793
1,1,0.9999609
1,1,0.99996376
1,1,0.99996686
1,1,0.9999685
1,1,0.98537976
1,1,0.9999546
1,1,0.9999602
1,1,0.9998908
1,1,0.99996996
1,1,0.9999691
1,1,0.99996066
1,1,0.9993913
1,1,0.9992186
1,1,0.9999733
1,0,0.010597223
1,1,0.9999399
1,1,0.98754054
1,1,0.9999726
1,1,0.9999558
1,1,0.99955744
1,0,0.0053679557
1,1,0.9996636
1,1,0.99495643
1,0,0.12769525
1,1,0.9999721
1,1,0.99997306
1,1,0.99430376
1,1,0.999969
1,1,0.63978124
1,1,0.99975497
1,1,0.9999324
1,1,0.9972715
1,1,0.9999732
1,1,0.9999676
1,1,0.9998375
1,0,0.020390492
1,1,0.99238014
1,1,0.9998429
1,1,0.9999703
1,1,0.9423467
1,1,0.99996257
1,1,0.9999503
1,1,0.99997246
1,1,0.99996185
1,1,0.999962
1,1,0.9999604
1,1,0.99994636
1,1,0.9999684
1,1,0.9999521
1,1,0.9999691
1,1,0.999951
1,1,0.9997795
1,0,0.001395507
1,1,0.9999651
1,1,0.8457094
1,1,0.9999434
1,1,0.999974
1,1,0.99993193
1,0,0.15088542
1,1,0.99995375
1,1,0.9999689
1,0,0.00013579463
1,1,0.9999051
1,1,0.9730381
1,1,0.9999598
1,1,0.9999738
1,1,0.9999634
1,1,0.9990088
1,1,0.99993134
1,1,0.98999715
1,1,0.99995637
1,0,0.0049434076
1,1,0.99996376
1,1,0.9999589
1,1,0.9998894
1,1,0.9999714
1,1,0.9995372
1,1,0.9999709
1,1,0.999974
1,0,0.041839935
1,0,0.025502216
1,1,0.9999715
1,1,0.9989943
1,1,0.96000916
1,1,0.9999645
1,1,0.9971981
1,1,0.997666
1,1,0.99498063
1,1,0.99997056
1,1,0.9999083
1,1,0.9995758
1,1,0.9999641
1,1,0.9999629
1,1,0.9999733
1,1,0.5220397
1,1,0.71975255
1,1,0.9999671
1,1,0.99766785
1,1,0.999962
1,1,0.9999732
1,0,0.20089084
1,1,0.9999492
1,1,0.9999732
1,1,0.99974126
1,1,0.9999336
1,1,0.9996544
1,1,0.99997425
1,1,0.9999467
1,1,0.9999201
1,1,0.9928237
1,1,0.9965269
1,1,0.99500185
1,1,0.9790028
1,1,0.9998104
1,0,0.00012889437
1,1,0.9999242
1,1,0.99996984
1,1,0.9999554
1,1,0.99997115
1,1,0.99754167
1,1,0.9998406
1,1,0.9998739
1,1,0.99996865
1,1,0.99991846
1,1,0.9998946
1,1,0.7896699
1,1,0.99977547
1,1,0.9998288
1,1,0.9999665
1,1,0.999974
1,1,0.9999727
1,1,0.92022175
1,1,0.997624
1,1,0.999964
1,1,0.99996424
1,1,0.9999156
1,0,0.4534052
1,1,0.99996936
1,1,0.99997294
1,1,0.99995637
1,1,0.99996364
1,1,0.77484167
1,1,0.9981773
1,1,0.9999335
1,1,0.99996173
1,1,0.9999658
1,1,0.8726865
1,1,0.9999721
1,1,0.9999708
1,1,0.99422306
1,1,0.99995124
1,1,0.99997294
1,1,0.9999124
1,1,0.9999728
1,1,0.93455106
1,1,0.9999734
1,1,0.9999635
1,1,0.9994429
1,0,0.013788321
1,1,0.9999732
1,1,0.999967
1,1,0.99995387
1,0,0.00019980039
1,1,0.9999536
1,1,0.9999168
1,1,0.99994826
1,1,0.99996424
1,1,0.9999683
1,1,0.9998454
1,1,0.99997425
1,1,0.99995625
1,1,0.9347325
1,1,0.9999527
1,1,0.99975985
1,1,0.9999703
1,1,0.99997044
1,1,0.99997115
1,1,0.999966
1,1,0.9998202
1,1,0.9959935
1,0,0.0006167691
1,1,0.99995637
1,1,0.99993193
1,1,0.99989796
1,1,0.9998398
1,1,0.9999726
1,1,0.999969
1,1,0.9570425
1,1,0.9999713
1,1,0.9979225
1,1,0.99997234
1,1,0.9655664
1,1,0.999967
1,1,0.99994564
1,1,0.9999695
1,1,0.9998437
1,1,0.8274328
1,1,0.9999571
1,0,0.19811927
1,1,0.9999515
1,1,0.9999708
1,1,0.9622117
1,1,0.99997413
1,1,0.8106018
1,1,0.99996936
1,1,0.9999684
1,1,0.9999659
1,1,0.8211094
1,1,0.9999721
1,1,0.9420891
1,1,0.99997103
1,1,0.9501677
1,1,0.99995804
1,0,0.07821371
1,1,0.9993818
1,1,0.99995863
1,0,0.00018509931
1,1,0.64430594
1,1,0.9999709
1,1,0.9999418
1,1,0.9036466
1,1,0.999938
1,1,0.9998435
1,1,0.5651122
1,1,0.9969896
1,1,0.9999685
1,1,0.999974
1,1,0.99996483
1,1,0.99997354
1,1,0.99989045
1,1,0.9956535
1,1,0.99995136
1,1,0.99997187
1,1,0.99996066
1,1,0.99997354
1,1,0.9999199
1,1,0.999946
1,0,0.010492527
1,1,0.9995757
1,1,0.98270285
1,1,0.9216227
1,1,0.9997843
1,1,0.99996734
1,1,0.9997943
1,1,0.9946754
1,1,0.9999645
1,1,0.99997175
1,1,0.9999709
1,1,0.99997246
1,0,0.0011840189
1,1,0.9988226
1,1,0.9999635
1,0,0.16770144
1,1,0.9059602
1,1,0.9999716
1,1,0.9999448
1,1,0.9997563
1,1,0.99996305
1,0,0.00015453361
1,1,0.999974
1,0,0.00014256066
1,1,0.99995327
1,1,0.99996305
1,1,0.999974
1,0,0.49684224
1,0,0.0018732134
1,1,0.997954
1,1,0.9998778
1,0,0.26357228
1,1,0.99969184
1,0,0.20291759
1,1,0.99994266
1,1,0.999943
1,0,0.03403454
1,1,0.99997413
1,1,0.99995434
1,1,0.9999722
1,0,0.00870572
1,1,0.80242926
1,1,0.9998882
1,0,0.009371359
1,1,0.9999746
1,0,0.22863732
1,1,0.999933
1,1,0.99996877
1,0,0.31082612
1,1,0.9971886
1,1,0.99996877
1,1,0.99997294
1,1,0.99994206
1,0,0.34275365
1,1,0.99996626
1,1,0.99996674
1,1,0.99995697
1,1,0.99103034
1,1,0.9996213
1,1,0.9999505
1,1,0.99997294
1,1,0.9995865
1,1,0.9999733
1,1,0.9999521
1,1,0.9997118
1,1,0.918983
1,1,0.9999727
1,1,0.99996436
1,1,0.99671066
1,1,0.99996746
1,1,0.9979565
1,1,0.95082945
1,1,0.98670167
1,1,0.9999641
1,1,0.7891205
1,1,0.99966526
1,1,0.9999641
1,1,0.99396
1,1,0.99997354
1,1,0.9999633
1,1,0.74713045
1,1,0.999964
1,1,0.9938099
1,1,0.5599328
1,1,0.99996495
1,1,0.9999484
1,1,0.9999535
1,1,0.937524
1,1,0.99995494
1,1,0.97226185
1,1,0.99996686
1,0,0.3791524
1,1,0.9999728
1,1,0.99996924
1,0,0.004515542
1,1,0.99995553
1,1,0.9999193
1,1,0.999951
1,1,0.9999683
1,1,0.99991596
1,1,0.9999163
1,1,0.9999697
1,1,0.99945
1,1,0.7794038
1,1,0.70090514
1,1,0.9999609
1,1,0.99987113
1,1,0.9999523
1,1,0.9999502
1,0,0.35330844
1,1,0.9999591
1,1,0.92854875
1,1,0.9999708
1,1,0.99994314
1,1,0.99859935
1,1,0.99997437
1,1,0.9999739
1,0,0.4895092
1,1,0.9999467
1,1,0.99996865
1,1,0.9838844
1,1,0.99996483
1,1,0.999972
1,1,0.9907459
1,1,0.9999404
1,1,0.99997234
1,1,0.99986386
1,1,0.9999591
1,1,0.99950314
1,1,0.9992482
1,1,0.9990563
1,1,0.5630387
1,1,0.9999466
1,0,0.0012946207
1,1,0.9998172
1,1,0.95359504
1,1,0.9998846
1,1,0.999923
1,1,0.9999728
1,1,0.99987423
1,1,0.9994814
1,1,0.99996877
1,1,0.9999175
1,1,0.68185306
1,1,0.9999536
1,1,0.9999683
1,1,0.99991083
1,1,0.99997044
1,1,0.9999701
1,1,0.99996936
1,1,0.61270624
1,1,0.99995434
1,1,0.9999726
1,1,0.99997294
1,1,0.99997103
1,1,0.9999691
1,1,0.8693199
1,1,0.99990225
1,1,0.9996604
1,1,0.9999732
1,1,0.94025564
1,1,0.997914
1,1,0.99988437
1,1,0.9999683
1,1,0.9999716
1,1,0.99993455
1,1,0.99997413
1,1,0.991755
1,0,0.48036808
1,1,0.99992883
1,1,0.99996984
1,1,0.99989057
1,1,0.99991477
1,1,0.99991333
1,1,0.99996924
1,1,0.9999622
1,1,0.99996316
1,1,0.99967396
1,0,0.0004453778
1,0,0.3613742
1,0,0.13335316
1,1,0.99995935
1,1,0.9999714
1,1,0.81651133
1,1,0.9991622
1,1,0.99997187
1,1,0.99993396
1,1,0.9999733
1,0,0.08570405
1,1,0.9997155
1,1,0.9999269
1,1,0.99985933
1,1,0.9999198
1,1,0.999938
1,1,0.9999604
1,1,0.99630797
1,1,0.99927086
1,1,0.9984804
1,1,0.8441021
1,1,0.9999738
1,1,0.99994385
1,1,0.9999696
1,1,0.9999651
1,1,0.99995494
1,1,0.99997294
1,1,0.93270284
1,1,0.9999739
1,1,0.9999745
1,0,0.10477657
1,1,0.99994457
1,1,0.9998971
1,1,0.9999727
1,1,0.9997516
1,1,0.9999727
1,1,0.999974
1,0,0.009227972
1,1,0.99997044
1,1,0.9999268
1,1,0.9999161
1,1,0.9999716
1,0,0.024877876
1,1,0.99997294
1,1,0.99996626
1,1,0.99929416
1,1,0.9999647
1,1,0.9999696
1,1,0.999969
1,1,0.99995327
1,1,0.99997294
1,1,0.9998869
1,1,0.99982977
1,0,0.000121408906
1,1,0.99997365
1,1,0.8119527
1,1,0.99997306
1,1,0.99334747
1,1,0.9992926
1,1,0.9086203
1,0,0.4095956
1,1,0.9999471
1,1,0.96718186
1,1,0.99930334
1,1,0.99994814
1,1,0.9864486
1,1,0.99713385
1,1,0.9999666
1,0,0.0016438318
1,0,0.00014659307
1,1,0.99996924
1,1,0.99993396
1,1,0.9999739
1,1,0.9994012
1,1,0.99996734
1,0,0.0039363885
1,1,0.9667225
1,1,0.9999677
1,1,0.999861
1,1,0.9999343
1,1,0.999962
1,1,0.9999695
1,1,0.99995947
1,1,0.99966633
1,1,0.6102955
1,1,0.9999608
1,1,0.99928206
1,1,0.9954572
1,1,0.99996674
1,0,9.883349e-05
1,1,0.9987571
1,1,0.9999006
1,1,0.999882
1,1,0.9999621
1,1,0.99997103
1,1,0.948627
1,1,0.9926829
1,1,0.999694
1,1,0.9999732
1,1,0.9999721
1,1,0.9993455
1,0,0.006585652
1,1,0.9943467
1,0,5.8331418e-05
1,0,0.0018964688
1,1,0.7448038
1,1,0.84401274
1,1,0.9996972
1,1,0.9990722
1,1,0.99905604
1,0,0.0007633094
1,1,0.9999478
1,1,0.9999695
1,1,0.9999523
1,1,0.9999728
1,0,0.25201997
1,1,0.9999474
1,1,0.9998362
1,0,0.005319098
1,1,0.99979264
1,1,0.97792053
1,1,0.99829024
1,1,0.9999727
1,0,0.00010528982
1,1,0.99276626
1,1,0.9963407
1,0,0.22775574
1,1,0.99920326
1,1,0.9995547
1,1,0.99993134
1,1,0.91167134
1,1,0.99995685
1,1,0.59164286
1,1,0.99990916
1,1,0.999967
1,1,0.9999503
1,0,0.240607
1,1,0.99997175
1,1,0.99994135
1,1,0.99997044
1,1,0.99986076
1,1,0.99997413
1,1,0.999119
1,0,0.00082104583
1,1,0.9999716
1,1,0.9999676
1,1,0.99954236
1,1,0.67584825
1,1,0.9999546
1,1,0.9999713
1,1,0.99996877
1,1,0.99871194
1,1,0.99996257
1,1,0.9999734
1,1,0.99992085
1,1,0.9999722
1,1,0.99996924
1,1,0.9999628
1,0,8.6925495e-05
1,1,0.9999224
1,1,0.99993515
1,0,0.03224169
1,1,0.9999573
1,1,0.9999193
1,1,0.99996746
1,1,0.98831975
1,1,0.9999646
1,0,0.35407504
1,1,0.7950407
1,1,0.99996984
1,1,0.99970824
1,1,0.7527516
1,1,0.99997413
1,1,0.9855914
1,1,0.96213096
1,1,0.99158406
1,1,0.99996984
1,1,0.9999739
1,1,0.99995637
1,1,0.9867199
1,1,0.9999733
1,1,0.9999695
1,0,0.23893699
1,1,0.9967686
1,0,0.1599445
1,1,0.6825839
1,1,0.6929662
1,1,0.9999609
1,1,0.9999423
1,1,0.9999676
1,1,0.9999695
1,1,0.9992631
1,1,0.999912
1,1,0.99995875
1,1,0.89556897
1,1,0.9999716
1,1,0.9670514
1,1,0.82602584
1,1,0.9932995
1,1,0.9999709
1,1,0.99994016
1,1,0.99834275
1,1,0.99995565
1,1,0.99997246
1,1,0.9999695
1,1,0.99997103
1,1,0.9999585
1,0,9.762721e-05
1,1,0.9999199
1,0,0.0021844993
1,1,0.99997485
1,1,0.999905
1,1,0.9999473
1,1,0.9999627
1,1,0.99996054
1,1,0.9999331
1,1,0.999972
1,1,0.9999678
1,0,8.8193265e-05
1,1,0.9999523
1,1,0.7665491
1,1,0.9998491
1,1,0.99763787
1,1,0.9989699
1,0,0.061053872
1,1,0.9995608
1,1,0.9999721
1,1,0.99996173
1,1,0.9996934
1,1,0.99994886
1,1,0.99996793
1,1,0.97151035
1,1,0.9999536
1,0,7.850972e-05
1,1,0.999956
1,1,0.9999404
1,0,0.3484952
1,1,0.9999726
1,1,0.9999628
1,0,0.39587653
1,1,0.99994004
1,1,0.9999392
1,1,0.999549
1,1,0.99997187
1,0,0.00012939805
1,1,0.9999614
1,1,0.9976695
1,1,0.99997294
1,1,0.99993026
1,0,0.3513226
1,1,0.9998982
1,1,0.9999701
1,1,0.99996924
1,1,0.99995995
1,1,0.8373828
1,1,0.9999374
1,1,0.9999633
1,1,0.8839344
1,1,0.99997056
1,1,0.99997056
1,1,0.99880576
1,0,7.755881e-05
1,1,0.9973724
1,1,0.99996865
1,1,0.9997397
1,1,0.99970955
1,1,0.99994934
1,1,0.9891214
1,1,0.99975747
1,1,0.9999726
1,1,0.999961
1,1,0.99989045
1,1,0.9998653
1,1,0.5597138
1,1,0.9999523
1,1,0.8888421
1,1,0.9999287
1,1,0.99989545
1,1,0.54528534
1,0,7.664572e-05
1,0,0.02933624
1,1,0.99996436
1,1,0.99996936
1,1,0.9999696
1,1,0.7732412
1,0,0.3607098
1,1,0.99996984
1,0,0.002531292
1,1,0.9999647
1,1,0.99991524
1,1,0.99997115
1,1,0.9999279
1,1,0.99981517
1,1,0.68593377
1,1,0.9999682
1,1,0.9955771
1,1,0.99912137
1,1,0.7207676
1,1,0.995895
1,1,0.9547181
1,1,0.99443746
1,1,0.992622
1,1,0.99997294
1,1,0.99994934
1,0,0.123079285
1,0,0.017815975
1,1,0.9893422
1,1,0.697491
1,1,0.99996877
1,1,0.5319335
1,1,0.9996244
1,0,0.0038632832
1,1,0.9999722
1,1,0.9991124
1,1,0.99981993
1,1,0.99786806
1,1,0.9999691
1,0,0.00015896691
1,1,0.6230565
1,1,0.9999722
1,1,0.99997115
1,1,0.9999368
1,0,0.00013707923
1,1,0.9999201
1,0,0.24359512
1,1,0.89313674
1,1,0.99997354
1,1,0.99816775
1,1,0.999959
1,1,0.9995689
1,1,0.99947184
1,1,0.9994475
1,1,0.99969244
1,0,0.007823047
1,1,0.9999218
1,1,0.99996805
1,1,0.9999262
1,1,0.99996614
1,1,0.9999721
1,1,0.99994206
1,1,0.99995756
1,1,0.9999728
1,1,0.999969
1,1,0.6467612
1,0,0.4899117
1,1,0.99997425
1,1,0.99996877
1,1,0.9999682
1,1,0.99996185
1,1,0.5918938
1,1,0.9998634
1,0,0.49635392
1,1,0.99997294
1,1,0.9999721
1,1,0.9999728
1,1,0.99996245
1,1,0.9999653
1,1,0.9999702
1,0,8.456409e-05
1,1,0.9999665
1,1,0.99997175
1,1,0.9999602
1,0,0.00051437673
1,1,0.9999565
1,0,0.019351836
1,1,0.551203
1,1,0.9999608
1,1,0.999959
1,1,0.65151924
1,1,0.9999733
1,1,0.9998597
1,1,0.96176946
1,1,0.9998503
1,1,0.99997234
1,1,0.99996877
1,1,0.9999728
1,1,0.9997911
1,1,0.9999622
1,1,0.99291354
1,1,0.99996436
1,1,0.99996805
1,1,0.99995005
1,1,0.99085754
1,1,0.9946785
1,1,0.99979657
1,1,0.9999716
1,0,0.00010665838
1,1,0.9999645
1,1,0.99993706
1,1,0.99752825
1,1,0.9998412
1,1,0.999972
1,0,0.4747016
1,1,0.9999566
1,1,0.9999324
1,1,0.99997425
1,0,0.47343087
1,1,0.9999739
1,1,0.99994564
1,1,0.9999422
1,1,0.99997175
1,0,0.48273066
1,1,0.9999734
1,1,0.9999733
1,0,0.010375528
1,1,0.99997425
1,0,0.10319537
1,1,0.9999229
1,1,0.99932253
1,1,0.99997365
1,1,0.9999728
1,1,0.9999598
1,1,0.9999695
1,1,0.9999598
1,1,0.99996805
1,1,0.9999734
1,1,0.95026493
1,1,0.9999691
1,1,0.999969
1,1,0.99997365
1,1,0.79544795
1,1,0.99677473
1,1,0.9999422
1,1,0.9999659
1,1,0.89938366
1,1,0.9992337
1,1,0.99997187
1,1,0.99989355
1,1,0.99996877
1,1,0.9997228
1,1,0.9999304
1,1,0.9983966
1,1,0.99996233
1,1,0.9999641
1,1,0.99997425
1,1,0.9999739
1,1,0.99997175
1,1,0.5643026
1,1,0.6289876
1,1,0.99994385
1,0,9.870153e-05
1,1,0.99997115
1,1,0.99997056
1,1,0.99997413
1,1,0.99956244
1,1,0.99992967
1,1,0.99995697
1,1,0.64885783
1,0,0.00010116051
1,1,0.9999701
1,1,0.99996805
1,1,0.62485635
1,1,0.99997056
1,1,0.9999684
1,1,0.9999629
1,1,0.9999654
1,0,0.14098412
1,1,0.9999571
1,1,0.9999714
1,1,0.9999695
1,1,0.9999689
1,1,0.99375194
1,1,0.9998802
1,1,0.9999721
1,1,0.9999641
1,1,0.99997425
1,1,0.77851874
1,1,0.9997669
1,1,0.9999598
1,1,0.99997354
1,1,0.9999442
1,0,0.042470213
1,1,0.99997103
1,1,0.9998857
1,1,0.99945515
1,1,0.9999442
1,1,0.99980813
1,1,0.99989116
1,1,0.9869976
1,1,0.9616667
1,1,0.99975926
1,1,0.99994624
1,1,0.99996936
1,1,0.9999727
1,1,0.99486935
1,1,0.9999732
1,1,0.9999583
1,0,0.00017422558
1,0,0.00019858523
1,1,0.99975675
1,1,0.999744
1,0,6.371378e-05
1,1,0.99539703
1,1,0.99997103
1,1,0.99997413
1,1,0.9852358
1,1,0.9999554
1,0,0.00019346407
1,1,0.99994564
1,0,0.114437416
1,1,0.9999722
1,1,0.9770602
1,1,0.99983895
1,1,0.99960333
1,0,0.3509374
1,1,0.98972976
1,1,0.9999721
1,1,0.9999707
1,1,0.9996284
1,1,0.99983513
1,1,0.99996495
1,1,0.9999652
1,1,0.8207223
1,1,0.9999684
1,1,0.9999708
1,1,0.99339926
1,1,0.53089356
1,1,0.99995685
1,1,0.9999727
1,1,0.9999739
1,1,0.9999654
1,1,0.99987566
1,1,0.9999713
1,1,0.99990904
1,1,0.99997234
1,1,0.99997103
1,1,0.9999453
1,0,0.013340248
1,1,0.9965229
1,1,0.9999709
1,0,0.20682657
1,0,0.00013572822
1,1,0.99927574
1,1,0.99995935
1,1,0.9998528
1,1,0.9999722
1,1,0.9999347
1,1,0.9999647
1,1,0.99802375
1,1,0.999951
1,1,0.99779415
1,0,0.0065775034
1,1,0.9999746
1,1,0.999613
1,0,0.32706124
1,1,0.99997354
1,1,0.9998574
1,1,0.9999683
1,1,0.9999727
1,1,0.99970067
1,1,0.9999738
1,1,0.98632205
1,1,0.99993694
1,1,0.9998895
1,1,0.9997024
1,0,0.031272355
1,1,0.9999248
1,1,0.99991584
1,1,0.99997425
1,1,0.59775627
1,1,0.99996233
1,1,0.5129031
1,1,0.9999634
1,1,0.99994063
1,1,0.99995816
1,1,0.9847899
1,1,0.99974054
1,1,0.8263173
1,1,0.9999721
1,1,0.9766133
1,1,0.99953437
1,1,0.99978715
1,1,0.9999654
1,1,0.9995473
1,1,0.94339216
1,1,0.9999485
1,1,0.9999622
1,1,0.960473
1,1,0.99995565
1,1,0.99997187
1,1,0.99729604
1,1,0.9831108
1,1,0.9997825
1,1,0.9998715
1,1,0.7346104
1,1,0.9999739
1,0,0.35461357
1,1,0.9999279
1,1,0.99988115
1,0,0.04725871
1,1,0.9999709
1,1,0.99996555
1,1,0.9999747
1,1,0.9999609
1,1,0.99997187
1,1,0.9999702
1,1,0.98921716
1,0,0.4186008
1,0,0.03406752
1,1,0.9999701
1,1,0.99996066
1,1,0.9999659
1,1,0.99997354
1,1,0.9999651
1,1,0.99995184
1,1,0.99996793
1,0,0.013157678
1,1,0.9998796
1,1,0.8271262
1,1,0.92230284
1,1,0.999881
1,1,0.97775203
1,1,0.9999386
1,0,0.00042474025
1,1,0.9999349
1,1,0.7727406
1,1,0.9999039
1,1,0.9999645
1,1,0.99793786
1,1,0.9974717
1,1,0.9999722
1,1,0.99995756
1,1,0.99996066
1,0,0.30101308
1,0,0.42886487
1,1,0.99996877
1,1,0.99996865
1,0,5.7849033e-05
1,1,0.99995995
1,1,0.9997453
1,1,0.99973685
1,1,0.9999697
1,1,0.9999354
1,1,0.99995244
1,1,0.9943064
1,1,0.9999659
1,1,0.9999653
1,1,0.9999734
1,1,0.99996746
1,1,0.683782
1,1,0.9999671
1,1,0.9195065
1,1,0.9995701
1,1,0.9999536
1,1,0.99993646
1,0,0.08256205
1,1,0.99997306
1,1,0.99996114
1,1,0.99997365
1,1,0.9999287
1,0,0.0009531925
1,1,0.9999633
1,1,0.9983576
1,0,0.00027887253
1,1,0.9999174
1,1,0.9955462
1,1,0.99996877
1,1,0.9999746
1,1,0.9905578
1,0,0.013758313
1,1,0.99996376
1,1,0.99997365
1,0,8.879952e-05
1,1,0.9999727
1,1,0.99994946
1,1,0.9998939
1,1,0.9990766
1,1,0.9978294
1,1,0.999961
1,1,0.99631053
1,1,0.9892418
1,1,0.99997246
1,1,0.9999703
1,0,9.916484e-05
1,1,0.9999645
1,1,0.9999732
1,1,0.99997413
1,1,0.8835996
1,1,0.99995625
1,0,0.34299132
1,1,0.9999658
1,0,0.3280415
1,1,0.999967
1,1,0.9998147
1,0,0.35592535
1,1,0.99997365
1,1,0.9999491
1,1,0.99996984
1,1,0.99990714
1,1,0.944712
1,1,0.9997876
1,1,0.9999701
1,0,0.03887117
1,1,0.99990976
1,1,0.9033453
1,1,0.9999728
1,1,0.999967
1,1,0.999959
1,1,0.9912764
1,1,0.9998534
1,1,0.9999691
1,1,0.9997241
1,1,0.9998254
1,1,0.9999274
1,1,0.9935713
1,1,0.9941743
1,1,0.999908
1,1,0.9830913
1,1,0.9999727
1,1,0.9999676
1,1,0.987022
1,1,0.9999448
1,0,0.28857338
1,1,0.99961615
1,0,0.38340372
1,1,0.99995184
1,1,0.99996614
1,1,0.99994826
1,1,0.99997437
1,1,0.9929201
1,1,0.9999727
1,1,0.9999627
1,0,0.16870145
1,1,0.9999504
1,0,0.089792676
1,1,0.9999713
1,0,0.49275517
1,1,0.999933
1,1,0.99419
1,1,0.9999199
1,1,0.999907
1,1,0.9999528
1,0,0.00032619407
1,1,0.999899
1,1,0.9653867
1,1,0.99997354
1,0,0.33527243
1,1,0.99993694
1,1,0.9999707
1,1,0.9999621
1,1,0.9999504
1,1,0.9587683
1,1,0.9999739
1,1,0.9992035
1,1,0.9999665
1,1,0.9999732
1,1,0.99991536
1,1,0.9999738
1,1,0.9938002
1,1,0.9999708
1,1,0.99996066
1,1,0.999966
1,1,0.7995272
1,1,0.8320597
1,1,0.99996567
1,1,0.9999347
1,1,0.99472815
1,1,0.89786613
1,1,0.99995685
1,1,0.999969
1,0,0.15842558
1,1,0.99995005
1,1,0.999969
1,1,0.999353
1,1,0.999967
1,1,0.9939287
1,1,0.9999707
1,1,0.99997306
1,1,0.99997115
1,1,0.9999654
1,1,0.99995136
1,1,0.9999716
1,1,0.9999597
1,0,7.3712785e-05
1,1,0.99997365
1,1,0.99996734
1,1,0.9986607
1,1,0.99994886
1,1,0.94007415
1,0,0.30930585
1,1,0.9999695
1,0,8.62356e-05
1,1,0.9999647
1,1,0.99997354
1,1,0.99997365
1,1,0.9683894
1,1,0.99995947
1,1,0.9999622
1,1,0.99837935
1,1,0.9998913
1,1,0.99779
1,1,0.9994529
1,1,0.99996924
1,1,0.9999689
1,1,0.9999697
1,1,0.9999672
1,1,0.999972
1,1,0.9988304
1,1,0.99997175
1,1,0.9955914
1,1,0.9999585
1,0,0.0048653437
1,1,0.99491173
1,1,0.99996674
1,1,0.99997354
1,1,0.99997234
1,1,0.9999715
1,0,0.00024123026
1,1,0.99996257
1,1,0.9999521
1,0,0.30567804
1,1,0.96625096
1,1,0.9999664
1,1,0.99997365
1,1,0.9558306
1,1,0.9999728
1,1,0.9999726
1,1,0.9999701
1,1,0.99996316
1,0,0.43255678
1,1,0.9999229
1,1,0.9999249
1,1,0.9999713
1,0,0.00013800172
1,1,0.9999162
1,1,0.9999161
1,1,0.999974
1,1,0.99990094
1,1,0.9997693
1,1,0.99056375
1,1,0.9999585
1,1,0.9999628
1,0,6.182168e-05
1,1,0.99989927
1,1,0.9999535
1,1,0.9999567
1,1,0.9913406
1,1,0.9994855
1,1,0.99994016
1,1,0.99914145
1,1,0.9999733
1,1,0.99991596
1,1,0.9999721
1,1,0.99996555
1,1,0.9999418
1,1,0.9999554
1,1,0.99995804
1,1,0.93195456
1,1,0.9582553
1,1,0.9952636
1,1,0.9994363
1,1,0.99997056
1,1,0.99996865
1,0,0.0002480926
1,1,0.9459834
1,1,0.99435765
1,1,0.999966
1,1,0.9967991
1,1,0.84337276
1,1,0.99996877
1,0,0.00047770631
1,1,0.9989434
1,1,0.9997451
1,0,0.13989426
1,1,0.99955434
1,1,0.929903
1,0,0.40641394
1,1,0.9884254
1,1,0.9999666
1,1,0.9999696
1,1,0.9999721
1,1,0.99980813
1,1,0.99997246
1,1,0.97644913
1,1,0.99699414
1,1,0.999967
1,1,0.99995613
1,0,0.04727293
1,0,0.001179128
1,1,0.99997234
1,1,0.9994649
1,0,0.0010961998
1,1,0.9999645
1,1,0.99996734
1,1,0.99997044
1,1,0.9974246
1,1,0.9999386
1,1,0.99994457
1,1,0.9999534
1,1,0.9999738
1,1,0.97767776
1,1,0.99979216
1,1,0.99995255
1,1,0.9999747
1,1,0.99995506
1,1,0.99997437
1,1,0.9999733
1,1,0.98437566
1,1,0.9999738
1,1,0.9999732
1,1,0.99996746
1,1,0.99990547
1,1,0.9999738
1,1,0.9999529
1,1,0.99224126
1,1,0.99997175
1,1,0.9999689
1,1,0.9998994
1,1,0.9855818
1,0,0.077474155
1,1,0.9995425
1,1,0.9996376
1,1,0.99994767
1,1,0.9999722
1,0,6.566252e-05
1,1,0.9999534
1,0,0.0039095576
1,1,0.9600993
1,0,0.00013796777
1,1,0.9999734
1,1,0.99997437
1,1,0.9979361
1,1,0.9986609
1,1,0.87579876
1,1,0.9999726
1,1,0.9999653
1,1,0.9999572
1,1,0.99997413
1,1,0.9999715
1,1,0.9999684
1,1,0.99945647
1,1,0.8790088
1,1,0.999966
1,1,0.864909
1,1,0.9927827
1,1,0.99997103
1,1,0.9998753
1,1,0.9901271
1,1,0.9998872
1,1,0.9999689
1,1,0.9999579
1,0,0.17640802
1,1,0.99997234
1,0,0.43617472
1,1,0.9999708
1,1,0.9999691
1,1,0.9999713
1,1,0.99997234
1,1,0.9999441
1,1,0.98871803
1,1,0.99996364
1,1,0.9999646
1,1,0.99995255
1,1,0.6151843
1,1,0.9998944
1,1,0.99996614
1,0,0.011355065
1,0,0.00012656058
1,1,0.9998635
1,1,0.99909663
1,1,0.99445903
1,1,0.99968493
1,1,0.9999738
1,1,0.99996316
1,1,0.9999728
1,1,0.9790356
1,1,0.9999505
1,1,0.99996626
1,1,0.9999064
1,1,0.99991095
1,1,0.99624455
1,1,0.99994504
1,1,0.99997306
1,1,0.99997425
1,0,8.7835724e-05
1,1,0.9999738
1,1,0.99753416
1,1,0.99869496
1,1,0.99997115
1,1,0.99994075
1,1,0.9328251
1,1,0.9991103
1,1,0.9999716
1,1,0.5278619
1,1,0.99996555
1,0,0.06029327
1,1,0.86843467
1,1,0.9999691
1,1,0.99994373
1,0,9.662858e-05
1,1,0.99985695
1,1,0.99970514
1,1,0.9999683
1,1,0.65514594
1,0,0.0001610091
1,1,0.99995863
1,0,7.397868e-05
1,1,0.9954383
1,1,0.9999701
1,1,0.9999404
1,1,0.9999658
1,1,0.92526335
1,1,0.99997354
1,1,0.904481
1,1,0.8205979
1,1,0.99996185
1,1,0.99995804
1,1,0.9998909
1,1,0.89011335
1,1,0.9998913
1,1,0.99997306
1,1,0.99973387
1,0,0.013435685
1,1,0.9999691
1,1,0.98354775
1,1,0.99997306
1,1,0.99994826
1,1,0.99962234
1,1,0.99997306
1,1,0.70123786
1,1,0.9999727
1,1,0.9999249
1,1,0.99997044
1,1,0.9999633
1,1,0.99969864
1,1,0.9999217
1,1,0.9999633
1,1,0.99992764
1,1,0.99995756
1,1,0.9999734
1,1,0.9999701
1,1,0.9998516
1,1,0.99997413
1,1,0.9998281
1,1,0.99913883
1,1,0.9999665
1,1,0.99996865
1,0,0.24796511
1,1,0.99997294
1,1,0.99350476
1,1,0.99997413
1,1,0.9997781
1,1,0.9996568
1,1,0.9993556
1,1,0.9999707
1,1,0.9689432
1,1,0.99953187
1,1,0.99996257
1,1,0.5113157
1,1,0.99988806
1,1,0.9998011
1,1,0.99996686
1,1,0.88849026
1,1,0.99995184
1,1,0.9999354
1,1,0.99997175
1,1,0.99966705
1,1,0.999972
1,1,0.9997347
1,1,0.81191945
1,1,0.93652624
1,1,0.9936919
1,1,0.9999745
1,1,0.9999728
1,1,0.9999709
1,0,0.0004700762
1,1,0.9999739
1,1,0.9996711
1,1,0.999974
1,0,0.25406957
1,1,0.99997246
1,1,0.9999702
1,1,0.7762792
1,1,0.96705884
1,1,0.99996924
1,1,0.9999144
1,0,4.8760787e-05
1,1,0.9999707
1,1,0.98685455
1,1,0.953832
1,1,0.9999739
1,1,0.99996734
1,0,0.00010076377
1,0,5.858663e-05
1,1,0.99837506
1,1,0.99979466
1,0,0.00017508792
1,1,0.9999652
1,1,0.9999645
1,1,0.99996984
1,1,0.9999721
1,1,0.99925977
1,0,0.0045536924
1,1,0.9829009
1,1,0.9998709
1,1,0.99997246
1,1,0.9999713
1,1,0.9999604
1,1,0.99995244
1,0,0.00821604
1,1,0.9999404
1,1,0.9995523
1,0,8.315873e-05
1,1,0.9997261
1,0,0.049548797
1,1,0.72628576
1,1,0.9886386
1,0,7.384294e-05
1,1,0.99997187
1,1,0.999892
1,1,0.999683
1,1,0.99997115
1,1,0.98451495
1,1,0.9993148
1,1,0.99993646
1,1,0.99992836
1,1,0.99989045
1,1,0.9993661
1,1,0.99994457
1,1,0.9999578
1,1,0.9999745
1,1,0.9999559
1,1,0.99985933
1,1,0.98155653
1,1,0.9946197
1,1,0.9998264
1,1,0.9999703
1,1,0.9999653
1,1,0.9999721
1,0,0.00044582068
1,1,0.9999733
1,1,0.9999696
1,1,0.9999664
1,1,0.9999219
1,1,0.9913316
1,1,0.9999633
1,1,0.9998853
1,1,0.9999591
1,1,0.8569345
1,1,0.9762467
1,0,0.078255974
1,1,0.99997246
1,1,0.9659954
1,0,0.450963
1,1,0.9359215
1,1,0.99979764
1,1,0.9999566
1,0,0.0045148735
1,1,0.9769735
1,1,0.9887156
1,1,0.7540593
1,0,0.00014652516
1,1,0.9999651
1,1,0.999969
1,1,0.9999678
1,1,0.9999716
1,1,0.9999691
1,1,0.9999279
1,1,0.80132794
1,1,0.99976903
1,1,0.99994385
1,1,0.99997115
1,1,0.9991677
1,1,0.999966
1,1,0.9999734
1,1,0.9998159
1,1,0.9999745
1,1,0.9997502
1,1,0.99995136
1,1,0.9999738
1,1,0.9999621
1,1,0.9999703
1,1,0.9989806
1,1,0.9191879
1,1,0.81925446
1,1,0.99247384
1,1,0.993835
1,1,0.9999608
1,1,0.99947757
1,1,0.99996793
1,1,0.97254163
1,0,0.00023612434
1,1,0.99994373
1,1,0.99834883
1,0,0.000103458835
1,1,0.99995923
1,1,0.9993051
1,1,0.9999554
1,1,0.9952467
1,1,0.7869109
1,1,0.9850037
1,1,0.999967
1,1,0.99993706
1,1,0.9998636
1,0,0.012858348
1,1,0.65173525
1,0,0.0059389295
1,1,0.999964
1,1,0.9994885
1,1,0.9998776
1,1,0.9483667
1,1,0.999915
1,0,0.000716793
1,1,0.7224328
1,0,0.09750392
1,1,0.99997365
1,1,0.9998167
1,1,0.9317928
1,1,0.9999684
1,1,0.8788698
1,1,0.9999372
1,1,0.99739194
1,1,0.99996996
1,1,0.99990964
1,1,0.9999361
1,1,0.9947291
1,0,8.4985746e-05
1,0,0.47102958
1,0,0.10339338
1,1,0.7084288
1,1,0.99976104
1,1,0.99995065
1,1,0.999961
1,1,0.8960644
1,1,0.999948
1,1,0.9999031
1,1,0.99997425
1,1,0.99997365
1,1,0.9999739
1,1,0.73435825
1,1,0.9998982
1,1,0.9640896
1,0,6.899e-05
1,1,0.6607946
1,1,0.9999703
1,1,0.99978167
1,1,0.999905
1,1,0.9998697
1,1,0.99997425
1,1,0.99138665
1,1,0.9999552
1,1,0.9999697
1,1,0.99990225
1,1,0.99558866
1,1,0.9999745
1,1,0.9741056
1,1,0.9999534
1,1,0.9978611
1,1,0.9999727
1,1,0.99996054
1,0,0.011741817
1,1,0.9999664
1,1,0.99996567
1,1,0.9999634
1,1,0.999764
1,1,0.99997425
1,1,0.99996984
1,1,0.93415874
1,1,0.99997115
1,1,0.9996835
1,1,0.9999683
1,1,0.9999039
1,1,0.9999641
1,1,0.99997413
1,1,0.9999709
1,0,0.00010992686
1,1,0.7924071
1,1,0.97710764
1,1,0.9998667
1,1,0.9998889
1,1,0.9998882
1,1,0.999961
1,0,0.226309
1,1,0.99985003
1,1,0.98480725
1,1,0.99997115
1,1,0.9918589
1,1,0.9996823
1,1,0.99105835
1,1,0.9999709
1,1,0.99906224
1,0,0.0049826293
1,1,0.9999646
1,0,0.059131548
1,0,0.49296317
1,1,0.9999201
1,1,0.99996674
1,0,0.025355706
1,1,0.9999608
1,1,0.9999703
1,1,0.9999739
1,1,0.9999511
1,1,0.99996936
1,1,0.9999244
1,1,0.9999726
1,1,0.9999715
1,1,0.999928
1,1,0.99723536
1,1,0.9999589
1,1,0.99997187
1,0,0.09783794
1,1,0.9999658
1,1,0.9869502
1,1,0.99997306
1,0,0.024181291
1,0,0.000122444
1,1,0.9999707
1,1,0.9998035
1,1,0.9999635
1,1,0.9999615
1,1,0.9999664
1,1,0.9999708
1,1,0.9999733
1,1,0.9999478
1,0,0.4507622
1,1,0.9640768
1,1,0.999974
1,1,0.9999467
1,1,0.9858021
1,1,0.60169244
1,1,0.99997354
1,0,7.758773e-05
1,1,0.99997044
1,1,0.99003744
1,1,0.99986243
1,1,0.96398336
1,1,0.999974
1,1,0.99996984
1,1,0.9980236
1,1,0.99996936
1,1,0.9870723
1,1,0.99997246
1,1,0.99803466
1,1,0.99997437
1,1,0.9999678
1,1,0.9997744
1,1,0.9999726
1,1,0.99996877
1,0,0.00010473216
1,0,0.22856314
1,1,0.99996006
1,1,0.9999671
1,1,0.9997781
1,1,0.9999472
1,1,0.9901966
1,1,0.9999411
1,1,0.9999578
1,1,0.99997294
1,1,0.999972
1,1,0.9235714
1,1,0.99992144
1,1,0.8078452
1,1,0.9999553
1,1,0.99992275
1,1,0.99996066
1,1,0.9999653
1,1,0.99996746
1,1,0.9999603
1,1,0.99996614
1,1,0.99877733
1,1,0.6631387
1,1,0.9999546
1,1,0.9999602
1,0,0.00094126136
1,1,0.9999716
1,1,0.9999734
1,1,0.99997056
1,1,0.9999572
1,1,0.9999695
1,0,0.03137308
1,1,0.9999678
1,1,0.8860241
1,1,0.9999695
1,1,0.9999286
1,1,0.9999722
1,1,0.99373794
1,1,0.99996865
1,1,0.99947304
1,1,0.99996924
1,1,0.9999738
1,1,0.99997187
1,1,0.9999654
1,1,0.9999738
1,1,0.9943093
1,0,0.00017645687
1,1,0.99965286
1,1,0.99996126
1,1,0.99997306
1,1,0.98260087
1,1,0.9999671
1,1,0.999915
1,1,0.9999577
1,1,0.99997103
1,1,0.9996252
1,0,0.00016588812
1,1,0.9717846
1,1,0.92296416
1,1,0.99997234
1,1,0.64705545
1,0,0.0025851645
1,1,0.9987047
1,1,0.99997365
1,1,0.999185
1,1,0.98565185
1,1,0.9999584
1,1,0.9999733
1,1,0.9999722
1,1,0.9999713
1,1,0.99996924
1,1,0.86602116
1,1,0.9995289
1,1,0.9999715
1,1,0.9999503
1,1,0.99996674
1,1,0.99996984
1,1,0.9999682
1,1,0.9999484
1,1,0.9998925
1,1,0.9999747
1,0,0.026950464
1,1,0.9999678
1,1,0.9989806
1,0,0.29032752
1,1,0.9250038
1,1,0.999954
1,1,0.9999504
1,1,0.9999734
1,1,0.99992573
1,1,0.9999734
1,1,0.9999716
1,1,0.99996185
1,1,0.9998512
1,1,0.99997413
1,1,0.9999684
1,0,0.38245985
1,1,0.999964
1,1,0.9999739
1,1,0.9999038
1,1,0.9974247
1,1,0.99996924
1,1,0.999918
1,1,0.99913895
1,1,0.99996936
1,1,0.99997044
1,0,0.082922794
1,1,0.9999726
1,1,0.9999677
1,1,0.9999695
1,1,0.99997044
1,0,0.20099553
1,1,0.99996936
1,1,0.9999721
1,1,0.9999615
1,1,0.99996555
1,1,0.9999442
1,0,0.021334145
1,1,0.99993753
1,1,0.99980336
1,1,0.9976736
1,0,9.675435e-05
1,1,0.999956
1,1,0.9957541
1,1,0.9999697
1,1,0.999974
1,1,0.9945095
1,1,0.96754843
1,0,0.38584358
1,1,0.5804843
1,1,0.99997354
1,1,0.9999627
1,1,0.97508043
1,0,0.49660873
1,1,0.98479444
1,1,0.99996626
1,1,0.99993694
1,1,0.9999256
1,1,0.99997365
1,1,0.9999628
1,1,0.9999659
1,1,0.9999651
1,1,0.53769493
1,1,0.99991167
1,0,0.000113641545
1,1,0.99994695
1,0,0.48212123
1,1,0.9999715
1,1,0.9999671
1,1,0.9986099
1,1,0.99997413
1,0,0.08020102
1,1,0.9999738
1,1,0.99997365
1,1,0.9999703
1,1,0.99996865
1,1,0.99996495
1,1,0.986667
1,1,0.999974
1,1,0.9289974
1,1,0.9996044
1,1,0.9999696
1,1,0.8593508
1,1,0.99990404
1,1,0.9998062
1,0,0.014352604
1,1,0.99995565
1,1,0.7831525
1,1,0.9999546
1,1,0.99776554
1,1,0.96552926
1,0,0.0023496554
1,1,0.9999665
1,1,0.9999665
1,0,0.01454434
1,1,0.999912
1,1,0.7339032
1,1,0.9992181
1,1,0.9588663
1,1,0.9999677
1,1,0.9999596
1,1,0.99970263
1,1,0.99972445
1,1,0.99996746
1,1,0.9999728
1,1,0.94962966
1,1,0.9911281
1,1,0.99993205
1,1,0.76917887
1,1,0.9999641
1,1,0.99996626
1,1,0.99997425
1,1,0.9999683
1,1,0.9998983
1,0,0.17682579
1,1,0.99995816
1,1,0.99994445
1,1,0.8784232
1,1,0.9998926
1,1,0.9999511
1,1,0.9221018
1,1,0.9861866
1,1,0.99996805
1,1,0.9996389
1,1,0.9999722
1,1,0.9993431
1,1,0.99995613
1,1,0.9999708
1,1,0.9999304
1,1,0.9999738
1,1,0.9999622
1,1,0.999956
1,1,0.7465112
1,1,0.97158056
1,1,0.9871452
1,1,0.9999629
1,1,0.99493045
1,1,0.9999671
1,1,0.9966893
1,1,0.9999237
1,1,0.99904925
1,1,0.9844209
1,1,0.76277626
1,1,0.99957746
1,1,0.99996924
1,0,0.20332323
1,0,0.20481434
1,1,0.99997294
1,1,0.998489
1,1,0.999948
1,0,0.1868812
1,1,0.99966776
1,0,0.002304214
1,1,0.99996006
1,1,0.9999647
1,1,0.999944
1,1,0.99996006
1,0,0.032821316
1,1,0.9975197
1,0,6.3752006e-05
1,1,0.99993384
1,1,0.9999707
1,0,8.75182e-05
1,1,0.99992156
1,0,0.0033565147
1,1,0.99997413
1,1,0.9999703
1,1,0.9739571
1,1,0.99700814
1,1,0.8277618
1,0,9.223914e-05
1,1,0.9999739
1,1,0.99995804
1,1,0.99943715
1,0,0.00024798617
1,1,0.8705353
1,1,0.9542061
1,1,0.99997413
1,1,0.9983375
1,1,0.8543499
1,1,0.99996984
1,1,0.9999739
1,1,0.9999678
1,1,0.9999734
1,1,0.99994636
1,1,0.999974
1,1,0.9999583
1,1,0.9999739
1,1,0.9999697
1,1,0.9999701
1,1,0.9999639
1,1,0.9946713
1,1,0.99990225
1,1,0.9999716
1,1,0.99675554
1,1,0.9999709
1,1,0.99996185
1,1,0.9999659
1,1,0.9999739
1,1,0.9999461
1,1,0.9998186
1,1,0.9998709
1,1,0.6889519
1,0,0.0006922022
1,1,0.9861239
1,1,0.9999732
1,1,0.6974967
1,1,0.99997234
1,1,0.99989164
1,1,0.9997676
1,1,0.9999554
1,0,0.025778553
1,1,0.9756144
1,1,0.9997615
1,1,0.99969923
1,1,0.999959
1,1,0.98845553
1,1,0.9266195
1,1,0.7293231
1,1,0.9999634
1,1,0.67158914
1,0,0.37203854
1,1,0.9999707
1,1,0.999647
1,1,0.99996555
1,1,0.570813
1,1,0.99994636
1,0,0.14437346
1,1,0.9981981
1,1,0.9999608
1,1,0.9997987
1,1,0.9988906
1,1,0.9999739
1,1,0.9864151
1,1,0.9999615
1,0,0.0018958786
1,1,0.9999684
1,0,0.00016216868
1,1,0.99997425
1,1,0.65040565
1,1,0.713208
1,1,0.9998801
1,0,9.594885e-05
1,1,0.982789
1,1,0.9564615
1,1,0.99997234
1,1,0.9999665
1,1,0.99996936
1,1,0.99996245
1,1,0.688502
1,1,0.99996996
1,1,0.99996245
1,0,7.71403e-05
1,1,0.9737343
1,1,0.97002
1,1,0.99996555
1,1,0.9999281
1,1,0.8576192
1,1,0.99995387
1,1,0.99791795
1,1,0.9999727
1,1,0.9999733
1,1,0.9801313
1,1,0.9999659
1,1,0.99996114
1,1,0.9998215
1,0,0.08614621
1,1,0.9990965
1,1,0.99996686
1,1,0.99924064
1,0,0.01123077
1,1,0.9999713
1,1,0.99931765
1,1,0.99997306
1,1,0.9999664
1,1,0.9996592
1,1,0.99982303
1,0,0.0002125223
1,1,0.99997234
1,1,0.9646532
1,1,0.887161
1,1,0.99892694
1,1,0.9982022
1,0,0.30518946
1,1,0.9999738
1,0,0.00012484858
1,1,0.99995613
1,1,0.9917339
1,1,0.9999665
1,1,0.99996233
1,1,0.9997284
1,1,0.9999224
1,1,0.9999683
1,1,0.99996734
1,1,0.99997354
1,1,0.78211987
1,0,0.010418299
1,1,0.9999715
1,1,0.9999726
1,1,0.9999578
1,1,0.9997496
1,1,0.7179161
1,1,0.9009607
1,1,0.99997056
1,1,0.99981755
1,1,0.99991107
1,1,0.999481
1,1,0.9999684
1,1,0.9999516
1,1,0.9998741
1,1,0.99988353
1,1,0.99997115
1,1,0.9991234
1,1,0.57235575
1,1,0.9998553
1,1,0.73789376
1,0,0.012180286
1,1,0.9999727
1,1,0.99991727
1,1,0.9999567
1,1,0.99997413
1,1,0.99220055
1,1,0.999926
1,1,0.99996006
1,1,0.99997354
1,1,0.9986766
1,1,0.9998622
1,1,0.9999721
1,1,0.9997731
1,1,0.869674
1,1,0.999972
1,1,0.99997175
1,1,0.9967623
1,1,0.9999659
1,1,0.99994147
1,1,0.9862032
1,1,0.9261897
1,1,0.99996305
1,0,0.27632535
1,1,0.9999734
1,1,0.9998104
1,0,0.00013750822
1,1,0.9999651
1,1,0.69938195
1,0,0.019239249
1,1,0.9910296
1,1,0.9999628
1,1,0.99996245
1,1,0.99916995
1,1,0.98201454
1,1,0.99997485
1,1,0.99994767
1,1,0.9998529
1,1,0.9867365
1,1,0.9997696
1,1,0.99997246
1,1,0.97430223
1,1,0.9999727
1,1,0.9999193
1,1,0.9413613
1,1,0.9999726
1,0,0.4496508
1,1,0.99992156
1,1,0.9999734
1,1,0.99995804
1,1,0.99902236
1,1,0.84485793
1,1,0.999974
1,1,0.99996364
1,1,0.99995685
1,1,0.99997354
1,1,0.99997115
1,1,0.9999684
1,1,0.9990062
1,1,0.9999685
1,1,0.9347208
1,1,0.99997354
1,1,0.9999678
1,1,0.91612667
1,1,0.6953079
1,1,0.99973446
1,1,0.6711949
1,1,0.99979645
1,0,0.34654102
1,1,0.9544572
1,1,0.9898189
1,1,0.99996734
1,1,0.9062995
1,1,0.9642037
1,1,0.99997103
1,1,0.9998739
1,1,0.9999596
1,1,0.999974
1,1,0.99953234
1,1,0.9999697
1,0,9.6940916e-05
1,1,0.99933594
1,1,0.99974173
1,1,0.99996054
1,1,0.9999647
1,1,0.9999695
1,1,0.9942749
1,1,0.99996483
1,1,0.9999708
1,1,0.9999372
1,1,0.755339
1,1,0.9994956
1,1,0.9998116
1,1,0.99995875
1,1,0.9999317
1,1,0.99953115
1,1,0.999974
1,1,0.9998915
1,1,0.99995005
1,1,0.999972
1,0,0.00084618834
1,1,0.98440474
1,1,0.58741987
1,1,0.999974
1,1,0.9999676
1,0,9.991031e-05
1,1,0.9999732
1,1,0.9999472
1,1,0.9999722
1,1,0.99993336
1,1,0.9998996
1,0,9.0285306e-05
1,1,0.9997037
1,1,0.99970657
1,0,0.037584912
1,1,0.99996936
1,1,0.9999733
1,1,0.9998505
1,1,0.8809296
1,1,0.90496147
1,1,0.97556794
1,1,0.9999343
1,0,0.1993041
1,1,0.5910568
1,1,0.9803319
1,1,0.9996371
1,1,0.999897
1,1,0.9762632
1,1,0.9996475
1,1,0.99996173
1,0,0.00021017347
1,1,0.9999119
1,1,0.99996233
1,1,0.87513953
1,1,0.99992394
1,1,0.999972
1,1,0.99997294
1,1,0.99996793
1,1,0.99996984
1,1,0.99996054
1,1,0.99250704
1,1,0.9999714
1,1,0.99996126
1,1,0.7976449
1,1,0.83260643
1,1,0.9999733
1,0,0.0986187
1,1,0.85932475
1,1,0.87597966
1,1,0.9999647
1,1,0.9999714
1,0,0.012589725
1,1,0.9999645
1,0,0.020750208
1,1,0.99995863
1,1,0.99997425
1,1,0.9999738
1,1,0.9999678
1,0,0.00024886
1,1,0.6603494
1,1,0.9998388
1,0,0.032739088
1,1,0.9175533
1,1,0.9999497
1,1,0.99996257
1,1,0.9999647
1,1,0.999949
1,1,0.9999628
1,1,0.99983644
1,1,0.99995136
1,1,0.9444325
1,0,0.010775273
1,1,0.99981815
1,0,0.043431807
1,1,0.99996233
1,1,0.9999745
1,1,0.99997425
1,1,0.9999291
1,1,0.9999672
1,0,0.023734929
1,1,0.99997306
1,1,0.9999722
1,1,0.86137015
1,1,0.9999546
1,1,0.9999541
1,1,0.9999732
1,1,0.99996376
1,1,0.9998771
1,1,0.9999685
1,1,0.9999304
1,1,0.9999728
1,1,0.9999726
1,1,0.5733242
1,1,0.9999585
1,1,0.9997086
1,0,0.00076868443
1,1,0.9999547
1,1,0.9679359
1,1,0.99628997
1,1,0.999967
1,1,0.9999589
1,1,0.9999738
1,1,0.9999634
1,1,0.99997354
1,0,0.017953543
1,1,0.9999206
1,0,6.648293e-05
1,1,0.99997437
1,1,0.99995756
1,1,0.9999447
1,1,0.9999709
1,1,0.9999721
1,1,0.99997365
1,1,0.99997306
1,1,0.99996614
1,1,0.9999074
1,1,0.99994385
1,0,0.12941635
1,0,0.04493197
1,1,0.99988997
1,1,0.99996746
1,1,0.9999243
1,0,0.033086672
1,1,0.9999714
1,0,3.393664e-05
1,1,0.9999629
1,1,0.999969
1,1,0.9753863
1,0,0.0008200805
1,1,0.99997187
1,1,0.9999728
1,1,0.9927187
1,1,0.9999701
1,1,0.9999739
1,1,0.9996834
1,1,0.9999318
1,1,0.99978834
1,1,0.99995005
1,1,0.9997031
1,1,0.998324
1,1,0.5770001
1,1,0.7799354
1,1,0.9999511
1,1,0.99968576
1,1,0.91263276
1,1,0.9610339
1,1,0.5096215
1,1,0.999974
1,1,0.9998933
1,1,0.99997306
1,1,0.9999465
1,1,0.9999738
1,1,0.99676967
1,0,0.00043989075
1,1,0.999933
1,1,0.9999641
1,1,0.99996996
1,0,0.02354535
1,0,0.00530745
1,1,0.9999734
1,1,0.9999461
1,1,0.99996936
1,1,0.8994638
1,1,0.99995637
1,1,0.64239174
1,1,0.52571607
1,1,0.99997354
1,1,0.9996693
1,1,0.99992406
1,1,0.99996865
1,1,0.99997425
1,1,0.99996805
1,1,0.999967
1,1,0.99780244
1,1,0.9977736
1,1,0.999974
1,1,0.6459081
1,1,0.99993193
1,1,0.9999722
1,1,0.9999496
1,1,0.9998198
1,1,0.99801105
1,1,0.9999738
1,1,0.9999696
1,0,0.49668083
1,1,0.9999685
1,1,0.8862174
1,1,0.57988477
1,1,0.99997103
1,1,0.99997365
1,1,0.99901223
1,0,0.028459769
1,1,0.99608624
1,1,0.9999701
1,1,0.9999602
1,1,0.99996483
1,1,0.99995637
1,1,0.99995756
1,1,0.99993944
1,1,0.99995637
1,1,0.9999727
1,1,0.999877
1,1,0.99993706
1,1,0.99995995
1,1,0.52615976
1,1,0.99996805
1,1,0.9952968
1,1,0.7717966
1,1,0.98960567
1,1,0.89430314
1,1,0.9999577
1,1,0.9996586
1,1,0.99991965
1,1,0.9999671
1,1,0.9997801
1,1,0.9946832
1,1,0.998993
1,1,0.9999684
1,1,0.9973199
1,1,0.99997294
1,1,0.9998313
1,1,0.99996924
1,1,0.69290495
1,1,0.9908001
1,1,0.9999143
1,1,0.9999608
1,1,0.9998927
1,1,0.999041
1,1,0.9999269
1,1,0.99997234
1,1,0.9999691
1,1,0.9999497
1,1,0.9999708
1,1,0.9985783
1,1,0.962605
1,1,0.9972059
1,1,0.999863
1,1,0.9999682
1,1,0.99843544
1,1,0.9996675
1,1,0.9353766
1,1,0.731689
1,1,0.9999697
1,1,0.9999728
1,0,0.000101901845
1,1,0.99996686
1,1,0.9996476
1,1,0.76660836
1,0,0.0015041628
1,1,0.9999559
1,1,0.9999727
1,1,0.9997186
1,0,0.0126879215
1,1,0.99994445
1,1,0.9999734
1,0,0.3782031
1,1,0.99947673
1,1,0.999974
1,1,0.99996746
1,1,0.9998853
1,1,0.99996626
1,1,0.9999683
1,1,0.99987006
1,1,0.99969006
1,1,0.99991155
1,1,0.9999734
1,1,0.9999018
1,1,0.99996877
1,1,0.7215039
1,1,0.9999577
1,1,0.9999684
1,1,0.9999534
1,1,0.9999701
1,1,0.9999721
1,1,0.728049
1,1,0.9999665
1,1,0.99802893
1,1,0.9998733
1,1,0.951094
1,1,0.99995553
1,1,0.99996173
1,1,0.5930658
1,0,0.00033472633
1,0,0.013728311
1,1,0.99995077
1,1,0.9999716
1,1,0.9950045
1,1,0.98723954
1,0,0.013175495
1,1,0.9999715
1,1,0.9997372
1,1,0.9998894
1,0,0.0021599815
1,1,0.99997425
1,1,0.96021116
1,0,0.0014917871
1,1,0.9954644
1,1,0.999141
1,1,0.9981248
1,1,0.9999604
1,1,0.99978477
1,1,0.99916863
1,1,0.99988306
1,1,0.9999734
1,1,0.99997437
1,0,0.35237992
1,0,0.22777712
1,1,0.999969
1,1,0.77419835
1,1,0.97767663
1,1,0.99995065
1,1,0.9999201
1,1,0.9999193
1,1,0.999961
1,1,0.9999697
1,0,9.3151e-05
1,1,0.99996567
1,1,0.99992
1,1,0.99992204
1,0,0.004152947
1,1,0.9999536
1,1,0.9988349
1,0,0.0054808394
1,0,0.4703736
1,1,0.998814
1,1,0.9999696
1,0,0.11910182
1,1,0.9999703
1,0,8.825217e-05
1,1,0.9994758
1,1,0.99960154
1,1,0.99996984
1,1,0.99996805
1,1,0.99996924
1,1,0.9999212
1,1,0.9962017
1,1,0.99926764
1,1,0.99975973
1,1,0.95523137
1,1,0.9232564
1,1,0.9999738
1,1,0.9944167
1,1,0.99995995
1,0,0.000113584756
1,1,0.9997497
1,1,0.9999554
1,1,0.99995947
1,0,0.0049979193
1,1,0.95089227
1,1,0.9998888
1,1,0.99996805
1,1,0.9999597
1,1,0.84678894
1,1,0.9999558
1,1,0.9999541
1,1,0.9999685
1,1,0.99992275
1,1,0.5594939
1,1,0.9743137
1,1,0.99997365
1,1,0.9999721
1,1,0.50820714
1,1,0.99996436
1,1,0.9998834
1,0,0.099897996
1,0,9.682644e-05
1,1,0.9999223
1,1,0.9993318
1,1,0.99997425
1,1,0.99994934
1,0,0.26009217
1,1,0.99996567
1,1,0.9999621
1,1,0.9910403
1,1,0.9999728
1,1,0.99902153
1,1,0.99997413
1,1,0.8495774
1,1,0.99996686
1,1,0.9998627
1,1,0.99960715
1,1,0.9999609
1,1,0.6371266
1,1,0.9983267
1,1,0.99997425
1,0,0.4591401
1,1,0.99995685
1,1,0.99982435
1,1,0.95551634
1,1,0.99995553
1,1,0.99993145
1,1,0.9999684
1,1,0.99996233
1,1,0.9999722
1,1,0.999948
1,1,0.99966216
1,1,0.9999689
1,1,0.9999683
1,1,0.99897313
1,0,0.00054408563
1,1,0.99996936
1,1,0.9998783
1,1,0.999961
1,1,0.99996865
1,1,0.98201776
1,1,0.99996614
1,1,0.99996674
1,1,0.99997175
1,1,0.9949941
1,1,0.99996567
1,0,6.6566805e-05
1,1,0.99996567
1,1,0.99995315
1,1,0.99996376
1,1,0.78043836
1,1,0.99996984
1,1,0.99996996
1,1,0.9999651
1,1,0.83357877
1,0,6.8159374e-05
1,1,0.99996793
1,1,0.9999653
1,0,0.39312807
1,1,0.9987728
1,0,0.00020217667
1,1,0.9999696
1,1,0.99970263
1,1,0.8467993
1,1,0.99992645
1,0,8.917577e-05
1,1,0.9994623
1,1,0.95858467
1,1,0.9999727
1,1,0.9999081
1,1,0.99997413
1,1,0.96726424
1,1,0.9259138
1,1,0.99996114
1,1,0.99897873
1,1,0.99996495
1,1,0.80304444
1,1,0.936635
1,1,0.99994767
1,1,0.9999728
1,1,0.9999597
1,1,0.8518124
1,1,0.99892336
1,0,0.0001592983
1,1,0.9999734
1,1,0.9999424
1,1,0.9999707
1,1,0.9999734
1,1,0.99983764
1,1,0.9512716
1,1,0.9999436
1,1,0.9999113
1,1,0.9999502
1,1,0.9981767
1,0,0.1518289
1,1,0.99962926
1,1,0.999967
1,1,0.99977905
1,1,0.999537
1,0,0.00014894566
1,1,0.9990902
1,1,0.99996114
1,1,0.99996984
1,0,0.0010027201
1,1,0.9999461
1,0,0.000141622
1,1,0.9999597
1,1,0.99710673
1,1,0.76929647
1,1,0.999731
1,1,0.9999665
1,1,0.9667387
1,1,0.9999627
1,0,0.03921715
1,1,0.99987483
1,1,0.99997425
1,1,0.9995945
1,1,0.98815817
1,1,0.9999471
1,1,0.9999702
1,1,0.99997175
1,1,0.999967
1,1,0.9949085
1,1,0.9999645
1,1,0.999951
1,1,0.99996614
1,1,0.9999434
1,1,0.9999701
1,1,0.99997354
1,1,0.9999683
1,1,0.9999696
1,1,0.99996686
1,1,0.99984634
1,1,0.99997354
1,0,0.3174798
1,1,0.99995863
1,0,0.25457123
1,1,0.99997175
1,0,0.00011698025
1,1,0.9999702
1,1,0.99996173
1,1,0.9997466
1,0,0.15914099
1,1,0.9961151
1,1,0.9999653
1,0,0.00013576576
1,1,0.9999671
1,1,0.9933298
1,1,0.9745147
1,1,0.9999734
1,1,0.9998247
1,1,0.999966
1,1,0.99994576
1,1,0.9999354
1,1,0.9999634
1,1,0.9999702
1,1,0.9993425
1,1,0.99962234
1,1,0.9999684
1,1,0.9999738
1,1,0.9999707
1,1,0.9997942
1,0,0.00023718212
1,1,0.99988043
1,1,0.99997425
1,1,0.9991357
1,1,0.9986314
1,1,0.999972
1,0,0.19581434
1,1,0.999972
1,1,0.9999517
1,0,0.48847303
1,0,0.011570652
1,1,0.9999647
1,0,0.0010433547
1,1,0.9485297
1,1,0.9999665
1,1,0.9974921
1,1,0.99996555
1,1,0.8693392
1,1,0.99997246
1,1,0.9999707
1,1,0.9999734
1,1,0.98090166
1,1,0.99993265
1,1,0.99997115
1,0,0.002800879
1,1,0.9999205
1,1,0.9998449
1,1,0.9999728
1,1,0.9999702
1,1,0.99997365
1,1,0.99997175
1,1,0.9999285
1,1,0.74508077
1,1,0.99988174
1,1,0.9967392
1,1,0.99986315
1,1,0.9999701
1,1,0.9999553
1,1,0.9998745
1,1,0.9734153
1,1,0.9999527
1,0,8.081976e-05
1,1,0.9999652
1,1,0.999972
1,1,0.997678
1,1,0.99995327
1,1,0.9999652
1,1,0.9906218
1,1,0.9999676
1,0,9.250966e-05
1,1,0.9999298
1,1,0.9681846
1,1,0.9999703
1,0,0.00046618286
1,0,0.00019652133
1,0,0.0004663055
1,1,0.99994326
1,1,0.8869746
1,0,0.20702547
1,1,0.9999646
1,1,0.99996114
1,1,0.99912864
1,1,0.9999714
1,1,0.97253436
1,0,0.0028014146
1,1,0.99996865
1,1,0.99995494
1,1,0.9999715
1,0,0.42031285
1,1,0.9999732
1,1,0.99995637
1,0,0.0017622052
1,1,0.9994942
1,1,0.9999447
1,1,0.99640733
1,0,0.068711735
1,1,0.99985075
1,1,0.92456216
1,0,0.09023636
1,1,0.99996924
1,0,0.0021877426
1,1,0.87960887
1,1,0.9999633
1,0,0.06154946
1,1,0.9394869
1,1,0.9976115
1,1,0.99975973
1,1,0.9999734
1,1,0.999974
1,1,0.9999459
1,1,0.9998884
1,0,0.0024856154
1,1,0.9999695
1,0,0.00010300307
1,0,0.000125257
1,1,0.9570446
1,1,0.9999738
1,1,0.6076767
1,1,0.9999707
1,1,0.99997175
1,0,0.00020608598
1,1,0.9959331
1,0,0.09770296
1,0,0.03318719
1,0,0.49109682
1,1,0.9999745
1,1,0.9999734
1,1,0.9999747
1,1,0.99997413
1,1,0.9999598
1,1,0.9999306
1,1,0.8294367
1,1,0.99316335
1,1,0.9999728
1,0,0.15615833
1,1,0.99990344
1,1,0.9996364
1,1,0.9999721
1,1,0.8648491
1,1,0.9973858
1,0,0.39352232
1,1,0.99990237
1,1,0.9999672
1,1,0.99872166
1,1,0.9999608
1,1,0.9999459
1,1,0.999928
1,1,0.99980086
1,1,0.98309064
1,1,0.9999131
1,1,0.99997437
1,1,0.9999603
1,1,0.9989532
1,1,0.99996793
1,1,0.9948514
1,1,0.99997175
1,1,0.9999689
1,1,0.9999461
1,1,0.9911424
1,0,0.014862332
1,1,0.9999635
1,1,0.9997855
1,1,0.9999566
1,1,0.9999633
1,1,0.99983585
1,1,0.99994886
1,1,0.9999703
1,1,0.99997187
1,1,0.99005497
1,1,0.82218283
1,1,0.9997167
1,1,0.981912
1,1,0.9999608
1,0,0.0007722291
1,1,0.9999747
1,1,0.999949
1,1,0.6505567
1,0,0.12873593
1,1,0.9999659
1,1,0.9999683
1,1,0.99997306
1,1,0.9999522
1,1,0.99997437
1,1,0.99995637
1,1,0.99728715
1,1,0.99996996
1,1,0.9999647
1,1,0.9998983
1,1,0.9452616
1,1,0.99996424
1,1,0.99991834
1,0,0.2043833
1,1,0.9995258
1,1,0.999959
1,0,9.4109266e-05
1,0,0.00023567879
1,1,0.9033911
1,1,0.9999449
1,0,0.49798584
1,1,0.99997437
1,0,0.2688639
1,1,0.9999684
1,0,0.0037257224
1,1,0.99995863
1,1,0.8482645
1,1,0.99981207
1,1,0.99996936
1,1,0.99994886
1,1,0.9999652
1,1,0.9997434
1,1,0.99716944
1,1,0.99996626
1,1,0.9999714
1,1,0.99996674
1,1,0.60649294
1,1,0.99993193
1,1,0.9999634
1,0,0.06981939
1,1,0.99994206
1,1,0.60169226
1,1,0.98892576
1,1,0.9999727
1,1,0.9998516
1,1,0.93191516
1,1,0.9999671
1,0,0.346782
1,1,0.9998685
1,1,0.9999703
1,1,0.6960493
1,1,0.99995065
1,1,0.9999714
1,0,0.29500952
1,1,0.9999516
1,1,0.9999728
1,1,0.99997246
1,1,0.99996805
1,1,0.99996996
1,1,0.99923563
1,1,0.9964059
1,1,0.999972
1,1,0.99997437
1,1,0.99995744
1,0,0.16472
1,1,0.9999654
1,1,0.99996996
1,1,0.9999628
1,1,0.7047356
1,1,0.9999497
1,1,0.9999453
1,0,0.00011425783
1,1,0.99995613
1,1,0.99997425
1,1,0.9997887
1,0,0.00096950616
1,1,0.94722337
1,1,0.98337847
1,1,0.9999659
1,1,0.97652406
1,1,0.8251172
1,1,0.99995065
1,1,0.9999199
1,1,0.9999021
1,1,0.9945122
1,1,0.9996886
1,0,0.14673924
1,0,0.00017408507
1,1,0.7952762
1,1,0.99996805
1,1,0.9999639
1,1,0.99970764
1,1,0.7504265
1,1,0.9999658
1,1,0.9999691
1,1,0.999416
1,0,0.00010413465
1,1,0.9998956
1,1,0.99983263
1,1,0.9999738
1,1,0.99997115
1,1,0.9999734
1,1,0.99576306
1,1,0.9999727
1,1,0.99509794
1,1,0.99995244
1,1,0.9999732
1,1,0.81358933
1,1,0.99996996
1,1,0.9999554
1,1,0.99997413
1,1,0.9999696
1,1,0.9577026
1,1,0.9984616
1,1,0.9999721
1,0,4.3169424e-05
1,1,0.99994516
1,1,0.9999727
1,1,0.9999589
1,1,0.9999697
1,1,0.99997365
1,1,0.9999496
1,1,0.80198675
1,1,0.99995744
1,1,0.99996877
1,0,0.009251417
1,1,0.9999722
1,1,0.99994385
1,1,0.99996936
1,0,0.0020434337
1,1,0.9993259
1,1,0.9999672
1,1,0.99103594
1,1,0.99992895
1,1,0.9998901
1,1,0.9999746
1,1,0.9999715
1,1,0.9999738
1,1,0.93424016
1,0,0.16960925
1,0,0.14524348
1,0,0.00059215666
1,1,0.999966
1,1,0.9867482
1,1,0.99997413
1,1,0.9996853
1,1,0.9999684
1,1,0.9998932
1,1,0.9999734
1,1,0.9999628
1,1,0.9999672
1,0,0.19687095
1,1,0.9999745
1,1,0.99993277
1,1,0.99995315
1,1,0.99997115
1,1,0.9509092
1,1,0.99965286
1,1,0.9999696
1,1,0.9999553
1,1,0.99997306
1,1,0.99767464
1,1,0.99997425
1,1,0.99997354
1,0,0.024965713
1,1,0.9980292
1,1,0.9999684
1,1,0.9999708
1,1,0.99996996
1,1,0.9999722
1,1,0.99997354
1,1,0.9999267
1,1,0.9954952
1,1,0.9998989
1,1,0.9999584
1,1,0.99093646
1,1,0.99992335
1,1,0.99995935
1,1,0.9999715
1,1,0.9999558
1,1,0.99997294
1,1,0.99996936
1,1,0.99997365
1,1,0.9994791
1,1,0.99923277
1,1,0.99993193
1,1,0.99997365
1,1,0.87883466
1,1,0.9999478
1,0,0.46560135
1,1,0.9999651
1,0,0.00082261994
1,1,0.9999708
1,1,0.9997414
1,1,0.9994418
1,0,0.2304548
1,1,0.9949203
1,1,0.99996734
1,1,0.99997044
1,1,0.9999429
1,1,0.99991477
1,1,0.99997365
1,1,0.9999747
1,0,0.48329902
1,0,0.0001806944
1,1,0.9999403
1,1,0.9973296
1,1,0.99993837
1,1,0.99995744
1,1,0.9999713
1,1,0.99996936
1,1,0.99903667
1,0,8.331033e-05
1,0,0.38443768
1,1,0.99996996
1,1,0.99997246
1,1,0.99991584
1,1,0.9999738
1,1,0.9986135
1,0,0.46671194
1,1,0.9999684
1,1,0.9999727
1,1,0.99997306
1,0,0.027986279
1,1,0.999967
1,1,0.9995005
1,1,0.9999393
1,1,0.9999691
1,1,0.9999733
1,0,0.32507956
1,1,0.9999707
1,1,0.999956
1,1,0.9999391
1,0,0.021492383
1,1,0.6251697
1,1,0.99974126
1,1,0.99961084
1,1,0.99996245
1,1,0.5059165
1,1,0.99995375
1,1,0.9999008
1,1,0.9999684
1,1,0.9999589
1,1,0.5823218
1,1,0.81413585
1,1,0.9999597
1,1,0.99997354
1,1,0.99981016
1,1,0.99994147
1,1,0.99996734
1,1,0.5819152
1,1,0.99762934
1,1,0.9999703
1,1,0.9998211
1,1,0.9998808
1,1,0.99995744
1,1,0.9999728
1,1,0.99997246
1,0,0.29536825
1,1,0.9994848
1,0,8.560113e-05
1,0,0.069512114
1,1,0.99996984
1,1,0.9999658
1,1,0.9999647
1,1,0.99491936
1,1,0.9999715
1,1,0.999913
1,1,0.9999701
1,1,0.9997621
1,1,0.99990284
1,1,0.99997246
1,0,0.39693952
1,1,0.8300334
1,1,0.9999708
1,1,0.9999728
1,1,0.9998073
1,1,0.9997228
1,0,0.00015972526
1,1,0.9999645
1,1,0.99315757
1,1,0.999962
1,1,0.999966
1,1,0.9996904
1,1,0.55329674
1,1,0.8604018
1,1,0.9999732
1,1,0.99991715
1,1,0.99077344
1,1,0.99960643
1,1,0.9999634
1,1,0.99994814
1,1,0.99996626
1,1,0.7102433
1,1,0.9769181
1,1,0.99995995
1,1,0.99994886
1,1,0.99540377
1,1,0.9997532
1,1,0.9992818
1,0,0.07533691
1,0,0.3752826
1,1,0.9999702
1,1,0.99484384
1,0,0.00015022667
1,1,0.99979717
1,1,0.99965346
1,1,0.99990654
1,1,0.9999714
1,1,0.9999604
1,0,0.0008044868
1,0,0.013931217
1,0,0.00069285923
1,1,0.999972
1,1,0.9999721
1,1,0.9999169
1,1,0.9999696
1,0,0.14756025
1,1,0.99997413
1,1,0.9998801
1,1,0.9999627
1,1,0.99994993
1,1,0.9999697
1,1,0.9999448
1,1,0.9999608
1,1,0.99958104
1,1,0.9999459
1,0,0.29736564
1,1,0.9999709
1,1,0.99985325
1,1,0.99399734
1,1,0.9998037
1,0,0.3844519
1,1,0.99997103
1,1,0.99995446
1,1,0.9999608
1,1,0.99996805
1,0,0.09819567
1,1,0.99996996
1,0,0.40847167
1,1,0.99995494
1,1,0.93828684
1,1,0.99997103
1,1,0.9999738
1,0,0.0006507421
1,1,0.9999733
1,1,0.9999734
1,1,0.99991596
1,1,0.99978286
1,1,0.9999733
1,1,0.9999738
1,1,0.99997175
1,1,0.99975497
1,1,0.99996746
1,1,0.999964
1,1,0.999887
1,0,0.013660343
1,1,0.9999671
1,1,0.9999703
1,1,0.9999721
1,1,0.9999721
1,1,0.9999727
1,1,0.99996376
1,1,0.99997437
1,1,0.99996984
1,0,0.41674188
1,1,0.99997425
1,1,0.8773399
1,1,0.99986196
1,1,0.99986744
1,1,0.9992829
1,1,0.99993694
1,1,0.99994755
1,0,0.13994291
1,1,0.99997115
1,1,0.99996626
1,1,0.9999434
1,1,0.9422545
1,1,0.9996604
1,1,0.9999682
1,1,0.9997367
1,1,0.99915373
1,1,0.99997115
1,1,0.9999614
1,1,0.99997103
1,1,0.99994135
1,1,0.99997365
1,0,9.984982e-05
1,1,0.9998764
1,1,0.99997425
1,1,0.8180239
1,1,0.99990594
1,1,0.999419
1,1,0.9984475
1,1,0.9999435
1,0,0.00014428902
1,1,0.9999194
1,0,0.0002504168
1,1,0.99997365
1,1,0.99993205
1,1,0.8937328
1,0,0.0037098322
1,1,0.92938256
1,1,0.99997056
1,1,0.99992645
1,1,0.99856097
1,0,0.3791081
1,1,0.99736613
1,1,0.9999728
1,1,0.99997246
1,1,0.9998839
1,1,0.9999567
1,1,0.99997354
1,1,0.99801743
1,1,0.9996859
1,0,0.00013639145
1,1,0.99873966
1,1,0.99995303
1,1,0.9989243
1,1,0.750331
1,1,0.99859875
1,1,0.9759148
1,1,0.9999695
1,1,0.99996054
1,1,0.95361775
1,1,0.9999733
1,1,0.99997294
1,1,0.8951578
1,1,0.9999697
1,1,0.9999496
1,1,0.9933077
1,1,0.9999181
1,1,0.99997365
1,1,0.99997103
1,1,0.9997626
1,1,0.99997306
1,1,0.99923
1,1,0.99997294
1,1,0.9999646
1,1,0.99581015
1,1,0.87724966
1,1,0.99997246
1,1,0.9932199
1,1,0.9999378
1,0,0.062163442
1,1,0.99993145
1,1,0.9999697
1,1,0.97055423
1,1,0.9999497
1,1,0.6171187
1,1,0.9999472
1,1,0.99990654
1,1,0.9999492
1,1,0.9999684
1,1,0.999972
1,1,0.9999335
1,1,0.88342834
1,0,0.1982002
1,1,0.99965775
1,1,0.9978029
1,1,0.9985856
1,1,0.9996867
1,1,0.9991646
1,1,0.99996257
1,1,0.99993443
1,1,0.99576193
1,1,0.99997246
1,1,0.7788698
1,1,0.9999304
1,1,0.9999597
1,1,0.8788856
1,1,0.99940634
1,1,0.99996364
1,1,0.9999646
1,1,0.9998803
1,1,0.9983078
1,1,0.9999553
1,1,0.9982162
1,1,0.9999325
1,1,0.9999639
1,1,0.9999697
1,1,0.94241846
1,1,0.9997241
1,1,0.99995637
1,1,0.989922
1,0,0.00999941
1,1,0.999972
1,1,0.9999716
1,1,0.9625511
1,1,0.99995935
1,1,0.99996173
1,1,0.99995184
1,1,0.99989223
1,1,0.99996805
1,0,9.007727e-05
1,1,0.9111015
1,1,0.99996555
1,1,0.99996805
1,1,0.9999652
1,0,0.23001465
1,1,0.99997425
1,1,0.9990716
1,1,0.962881
1,0,0.3480606
1,1,0.99997044
1,1,0.9999701
1,1,0.82934105
1,1,0.9993586
1,0,0.33570582
1,1,0.7600091
1,1,0.999961
1,1,0.9999685
1,1,0.99813086
1,1,0.9999716
1,1,0.9999665
1,1,0.99996805
1,1,0.99997425
1,1,0.9999709
1,1,0.94968605
1,1,0.9827079
1,1,0.99996936
1,0,0.0001795831
1,1,0.9999685
1,1,0.99928397
1,0,0.4164144
1,1,0.99988616
1,1,0.99986875
1,1,0.6375765
1,0,0.05516545
1,1,0.9996427
1,1,0.99997365
1,1,0.99913377
1,1,0.9997923
1,1,0.8283967
1,1,0.9999546
1,1,0.999967
1,1,0.9993962
1,1,0.9649727
1,0,0.00015027911
1,0,0.43491384
1,0,0.4582815
1,1,0.99997365
1,1,0.9889858
1,1,0.9999672
1,0,0.24063985
1,1,0.9998073
1,1,0.9881539
1,1,0.9999739
1,1,0.9999591
1,1,0.99994564
1,1,0.99970454
1,1,0.99997437
1,0,0.008228887
1,0,0.001307223
1,1,0.9999664
1,1,0.999721
1,0,0.39611188
1,0,0.05641075
1,1,0.9723097
1,1,0.99978095
1,1,0.9999535
1,1,0.99997354
1,0,0.31627744
1,0,0.15958229
1,1,0.999961
1,0,0.0009271415
1,1,0.9999181
1,1,0.94345695
1,1,0.99996436
1,1,0.89944834
1,1,0.9999608
1,1,0.99997103
1,1,0.99996984
1,1,0.9301892
1,1,0.99983394
1,1,0.9999268
1,1,0.99585235
1,1,0.999974
1,1,0.9997141
1,0,0.0014983724
1,1,0.9640621
1,1,0.92430556
1,1,0.9999713
1,1,0.99996793
1,1,0.9999448
1,0,0.00019059805
1,1,0.9998652
1,1,0.99996495
1,1,0.9999095
1,1,0.9999615
1,1,0.9999658
1,1,0.99997246
1,0,8.284711e-05
1,1,0.95638484
1,1,0.9997489
1,1,0.9999722
1,0,0.047797013
1,1,0.9999721
1,1,0.99997365
1,1,0.9999678
1,1,0.9999715
1,1,0.6360996
1,1,0.9979735
1,0,0.0007852206
1,1,0.9999691
1,1,0.99990356
1,1,0.9999682
1,1,0.9999418
1,0,0.0017937946
1,1,0.9905882
1,1,0.861763
1,1,0.94207567
1,1,0.9999641
1,1,0.99996924
1,1,0.898617
1,1,0.9999615
1,1,0.9997148
1,1,0.9999685
1,1,0.9999697
1,1,0.9999641
1,1,0.99995625
1,1,0.99997306
1,1,0.9999708
1,1,0.99079096
1,1,0.99996006
1,1,0.99930525
1,0,5.681161e-05
1,1,0.99997115
1,1,0.9996289
1,1,0.99993324
1,1,0.9999025
1,0,0.014615429
1,0,0.013668261
1,1,0.99996984
1,1,0.99082434
1,1,0.9999558
1,0,0.29960462
1,1,0.99894863
1,0,0.40250978
1,1,0.99997056
1,1,0.9999739
1,1,0.99973446
1,0,0.0022132485
1,1,0.99997175
1,1,0.99974626
1,0,0.008369931
1,1,0.90912044
1,1,0.99997056
1,1,0.99996006
1,1,0.9997799
1,1,0.9999144
1,1,0.9999721
1,1,0.99997234
1,1,0.99992776
1,0,0.18873361
1,1,0.95195854
1,1,0.99995637
1,1,0.9997992
1,1,0.9999689
1,1,0.99997175
1,1,0.9999713
1,1,0.99996734
1,1,0.99997234
1,1,0.96444297
1,1,0.9999639
1,1,0.9999095
1,0,0.13402776
1,1,0.99987864
1,1,0.96735686
1,1,0.99934345
1,1,0.93652123
1,1,0.95802414
1,1,0.989999
1,1,0.9245219
1,0,0.00019919852
1,1,0.9533506
1,1,0.9860963
1,1,0.99997437
1,0,6.432923e-05
1,1,0.9608761
1,0,0.44065374
1,1,0.9999701
1,0,0.0041826414
1,1,0.9999732
1,1,0.9989021
1,1,0.98334694
1,1,0.9988236
1,1,0.9999732
1,1,0.99925107
1,1,0.99995196
1,1,0.99997246
1,1,0.9999739
1,1,0.9999547
1,1,0.9998735
1,1,0.99995995
1,1,0.9999672
1,1,0.99996376
1,1,0.9999727
1,1,0.9999635
1,1,0.82649314
1,1,0.99978405
1,1,0.9991573
1,1,0.99981064
1,1,0.886535
1,1,0.97732466
1,0,7.259234e-05
1,1,0.9991715
1,1,0.99639076
1,1,0.99996674
1,1,0.9999074
1,1,0.9999082
1,1,0.99995065
1,0,0.11096297
1,1,0.99996924
1,1,0.9999715
1,1,0.99996006
1,1,0.9999515
1,1,0.99996865
1,1,0.99997425
1,1,0.999969
1,0,0.00094774866
1,1,0.99995685
1,1,0.9999598
1,1,0.64824116
1,1,0.99997056
1,1,0.9999726
1,1,0.99995923
1,1,0.99997413
1,1,0.9999647
1,1,0.99997056
1,1,0.9999714
1,1,0.99910223
1,1,0.9992878
1,1,0.999962
1,0,0.48496318
1,0,0.24694693
1,1,0.99994206
1,1,0.94883686
1,1,0.9999616
1,1,0.99997187
1,1,0.9999534
1,0,9.069215e-05
1,0,0.37525666
1,0,0.03921949
1,1,0.72495365
1,1,0.9999702
1,1,0.9999721
1,1,0.9999653
1,1,0.99959284
1,1,0.9998622
1,1,0.58315647
1,1,0.999405
1,1,0.99488306
1,1,0.86546457
1,1,0.9962895
1,0,0.003000716
1,0,0.13840026
1,1,0.99996173
1,1,0.96565676
1,0,0.000114697985
1,1,0.99993706
1,1,0.99996185
1,1,0.99993813
1,1,0.8218359
1,1,0.99994993
1,1,0.99997354
1,1,0.9999739
1,0,0.00020789339
1,1,0.99997175
1,1,0.9998754
1,1,0.9767793
1,1,0.99143875
1,0,0.2759071
1,1,0.9999573
1,1,0.9999721
1,1,0.9999689
1,0,0.0055305185
1,0,0.34249973
1,1,0.9999721
1,0,0.02162221
1,1,0.99997437
1,1,0.9999726
1,1,0.9999738
1,0,0.2861458
1,0,0.22813947
1,1,0.9999703
1,1,0.9999019
1,1,0.999887
1,1,0.9830889
1,1,0.99993896
1,1,0.99997354
1,0,0.00015287894
1,1,0.9999727
1,0,0.0009015275
1,1,0.9979693
1,1,0.99996483
1,1,0.9999709
1,1,0.99996805
1,0,0.37945354
1,1,0.999966
1,1,0.9935754
1,1,0.7126398
1,0,0.053551346
1,1,0.9999682
1,1,0.9991968
1,1,0.99996185
1,1,0.7323745
1,1,0.999959
1,0,0.44197556
1,1,0.9999715
1,1,0.9999572
1,0,7.472684e-05
1,0,0.0054306993
1,1,0.98924446
1,1,0.9998932
1,1,0.9999598
1,1,0.99997365
1,0,0.38389608
1,1,0.99994254
1,0,0.04641735
1,1,0.9999335
1,1,0.99996746
1,1,0.99990547
1,0,0.00012915123
1,1,0.99997234
1,1,0.9995906
1,1,0.9999708
1,1,0.9987649
1,1,0.9999678
1,0,0.0002158434
1,0,0.039902393
1,1,0.9999198
1,1,0.9992563
1,1,0.6820145
1,1,0.99997187
1,0,0.00033109426
1,1,0.999943
1,1,0.99997187
1,1,0.67693025
1,1,0.99997234
1,1,0.99428755
1,1,0.9999664
1,1,0.9999747
1,1,0.99997115
1,1,0.999974
1,1,0.99668735
1,1,0.99997187
1,1,0.9999707
1,1,0.904552
1,1,0.9999609
1,1,0.99874324
1,1,0.9954673
1,1,0.99997294
1,1,0.9999701
1,1,0.99194723
1,1,0.97314405
1,1,0.9999708
1,1,0.9978114
1,1,0.7107964
1,0,0.00021691312
1,1,0.99996865
1,1,0.9999602
1,1,0.99995625
1,1,0.9999622
1,1,0.9874978
1,1,0.9998267
1,1,0.99992096
1,1,0.99996316
1,1,0.999959
1,1,0.99995756
1,1,0.99997044
1,0,0.18657205
1,1,0.9999722
1,1,0.9449266
1,1,0.99996734
1,1,0.999974
1,1,0.9999603
1,1,0.9992085
1,1,0.99994814
1,1,0.6363038
1,1,0.99985373
1,1,0.999972
1,1,0.6592699
1,1,0.99997413
1,1,0.9883918
1,1,0.99997354
1,0,0.07530908
1,1,0.99996114
1,1,0.99972576
1,1,0.51256436
1,1,0.99996316
1,1,0.9998621
1,1,0.99995136
1,0,0.44193462
1,1,0.99712735
1,1,0.9999739
1,1,0.99986553
1,1,0.9999553
1,1,0.99986017
1,1,0.9999678
1,1,0.9999443
1,1,0.92423
1,1,0.9999708
1,1,0.5167949
1,0,0.0015241099
1,1,0.99995804
1,1,0.99312264
1,1,0.9536812
1,1,0.9999521
1,1,0.98678756
1,1,0.9999616
1,1,0.99997234
1,1,0.9989772
1,1,0.9281762
1,1,0.99997365
1,1,0.9999709
1,1,0.9997856
1,1,0.99973124
1,1,0.66558546
1,1,0.99866366
1,0,0.48184058
1,1,0.99986255
1,1,0.99996305
1,1,0.9999733
1,1,0.61813474
1,1,0.99995697
1,0,0.2692127
1,1,0.99997246
1,1,0.9770956
1,1,0.99993634
1,0,0.31939673
1,1,0.9999709
1,1,0.76911104
1,1,0.9999629
1,1,0.9999685
1,1,0.99995816
1,1,0.99993014
1,1,0.999969
1,1,0.99992776
1,1,0.999967
1,1,0.9999652
1,1,0.9999633
1,1,0.99996746
1,1,0.99997056
1,1,0.9999696
1,1,0.99997294
1,1,0.995321
1,0,0.00018921104
1,1,0.9999633
1,1,0.9826779
1,1,0.5046409
1,1,0.99954057
1,1,0.9999683
1,1,0.7492086
1,0,0.3155544
1,1,0.99996567
1,1,0.99997234
1,1,0.99803823
1,1,0.99996436
1,1,0.9269825
1,1,0.9999726
1,1,0.9999739
1,1,0.9995913
1,1,0.99997115
1,1,0.9999697
1,1,0.99987364
1,1,0.9999722
1,1,0.99994624
1,1,0.9999732
1,1,0.99996984
1,1,0.9999734
1,1,0.9999068
1,1,0.9998307
1,1,0.9999684
1,0,0.0020100314
1,0,0.021226425
1,0,0.016929897
1,1,0.92821854
1,0,0.021208396
1,0,0.02319651
1,1,0.99585223
1,1,0.9999367
1,1,0.9999733
1,1,0.9999739
1,1,0.9999732
1,1,0.9999212
1,1,0.99997437
1,1,0.9999715
1,1,0.5972926
1,1,0.9999654
1,1,0.97043353
1,1,0.9999707
1,0,9.9694465e-05
1,1,0.9999701
1,1,0.99997437
1,1,0.9999665
1,1,0.9999732
1,1,0.9999639
1,1,0.9999697
1,0,0.00023401798
1,1,0.9999702
1,1,0.9999523
1,0,0.1033511
1,1,0.99996924
1,1,0.9999664
1,1,0.99980277
1,1,0.9999585
1,1,0.9999682
1,1,0.9999721
1,1,0.99996626
1,1,0.99997294
1,1,0.99955267
1,1,0.99972314
1,1,0.9999182
1,1,0.9904947
1,1,0.9999684
1,0,0.027900213
1,1,0.9280688
1,1,0.9946873
1,1,0.9997482
1,1,0.9996195
1,0,0.0063961768
1,1,0.8165374
1,0,8.577501e-05
1,1,0.99997103
1,1,0.9999745
1,1,0.99964774
1,1,0.99994147
1,1,0.9999732
1,1,0.9741789
1,1,0.9996463
1,1,0.99990475
1,1,0.99997103
1,1,0.99981016
1,1,0.9723086
1,1,0.5923723
1,1,0.9999423
1,1,0.9998958
1,1,0.9999715
1,1,0.99996793
1,1,0.9984849
1,1,0.98972183
1,1,0.99848855
1,1,0.9998908
1,1,0.99997103
1,1,0.99996495
1,1,0.9999573
1,1,0.66219145
1,1,0.9999646
1,1,0.9997731
1,1,0.9990982
1,1,0.9999739
1,1,0.99996567
1,1,0.99997306
1,1,0.999974
1,1,0.89970285
1,1,0.99996924
1,1,0.9999728
1,1,0.9922599
1,1,0.9999634
1,1,0.9805587
1,1,0.99997234
1,1,0.99996865
1,0,0.09683433
1,1,0.9999683
1,1,0.9993943
1,1,0.99996674
1,1,0.9999716
1,1,0.99997175
1,0,0.1704607
1,1,0.922459
1,1,0.9999318
1,1,0.661127
1,1,0.99994147
1,1,0.99996924
1,1,0.999972
1,1,0.99995685
1,1,0.9999068
1,1,0.9999558
1,1,0.9999685
1,1,0.9998888
1,1,0.99996555
1,1,0.9999281
1,1,0.9999217
1,1,0.9999658
1,0,0.119684935
1,1,0.9999374
1,1,0.99995863
1,1,0.9999722
1,0,0.2828642
1,0,0.005678024
1,1,0.999974
1,1,0.9999646
1,1,0.9995127
1,1,0.99997437
1,1,0.9989818
1,1,0.9999474
1,1,0.9999665
1,0,0.008269485
1,0,0.30359396
1,1,0.9995732
1,1,0.9999715
1,1,0.9999689
1,1,0.9758454
1,1,0.9999682
1,1,0.99995005
1,1,0.99996567
1,0,0.002748801
1,1,0.9992194
1,1,0.99990547
1,1,0.99997187
1,1,0.99996686
1,1,0.9998927
1,1,0.9999701
1,1,0.99994516
1,1,0.999974
1,1,0.99996936
1,1,0.9999739
1,1,0.999813
1,1,0.99997056
1,1,0.9999697
1,1,0.99997294
1,1,0.99997246
1,1,0.99995697
1,0,0.008777657
1,1,0.99997425
1,1,0.9994985
1,0,0.0006647938
1,1,0.70163983
1,1,0.99996984
1,1,0.999964
1,1,0.99997103
1,1,0.99996877
1,1,0.99996567
1,1,0.9998441
1,0,0.016672013
1,1,0.9999697
1,1,0.9776183
1,1,0.9999641
1,1,0.999964
1,1,0.9999733
1,1,0.9998889
1,1,0.99997246
1,1,0.96041936
1,1,0.99982846
1,1,0.99996924
1,1,0.99997413
1,1,0.9999658
1,1,0.9999473
1,0,0.30596986
1,1,0.99996734
1,1,0.9960679
1,1,0.6530426
1,0,0.00012522211
1,1,0.99996984
1,1,0.9999739
1,0,0.02817545
1,1,0.999974
1,1,0.99958843
1,0,0.4619885
1,1,0.99757105
1,1,0.999964
1,1,0.9999713
1,1,0.99983823
1,1,0.9998124
1,1,0.9899967
1,1,0.99997425
1,1,0.9999707
1,1,0.99974006
1,1,0.97704667
1,1,0.999966
1,1,0.95954704
1,1,0.9998733
1,1,0.9999678
1,1,0.9918737
1,1,0.9999653
1,1,0.98302484
1,1,0.6540268
1,1,0.8830825
1,1,0.99997425
1,0,0.026967948
1,1,0.9999684
1,1,0.99997115
1,1,0.997563
1,1,0.99997115
1,1,0.9924851
1,0,0.08621395
1,1,0.9999727
1,1,0.9924413
1,1,0.999974
1,1,0.6115573
1,1,0.95503664
1,0,0.18247916
1,1,0.9998087
1,1,0.99996495
1,0,0.00053911953
1,1,0.8872226
1,1,0.99997437
1,0,0.015515553
1,0,0.22597192
1,1,0.9999691
1,1,0.99969923
1,1,0.9999734
1,1,0.9999695
1,1,0.9968052
1,1,0.9999529
1,1,0.9999608
1,1,0.99996865
1,1,0.99997354
1,1,0.9744689
1,1,0.9999715
1,1,0.9998642
1,1,0.992355
1,1,0.9999676
1,1,0.99994695
1,1,0.9999616
1,1,0.9999715
1,0,0.008503943
1,1,0.9938929
1,1,0.57611525
1,0,0.3816714
1,1,0.5947399
1,1,0.9999676
1,1,0.6855432
1,1,0.99990916
1,1,0.9999585
1,1,0.9999721
1,0,0.086946316
1,1,0.99966264
1,1,0.9999732
1,1,0.99994063
1,1,0.99997294
1,1,0.85083675
1,1,0.7903208
1,1,0.97703016
1,0,6.665529e-05
1,1,0.99980384
1,0,0.0026208702
1,1,0.999974
1,1,0.99985886
1,1,0.5362689
1,1,0.97026473
1,1,0.9999709
1,1,0.99996924
1,0,0.04323618
1,1,0.99990904
1,1,0.9803507
1,1,0.99992645
1,1,0.895722
1,1,0.970712
1,1,0.92591566
1,0,0.0041192435
1,1,0.99996626
1,1,0.959755
1,1,0.9999701
1,1,0.998298
1,1,0.90412146
1,1,0.99997365
1,1,0.98941886
1,1,0.9999677
1,1,0.9997845
1,0,0.03319706
1,1,0.9999609
1,1,0.99997294
1,1,0.99953806
1,1,0.97972304
1,1,0.920528
1,1,0.9999738
1,1,0.9198029
1,1,0.99996996
1,0,8.6474414e-05
1,1,0.9999615
1,1,0.99996483
1,1,0.9999212
1,1,0.99993086
1,1,0.9973309
1,0,0.47887105
1,1,0.56652164
1,1,0.5156448
1,1,0.9999068
1,1,0.99996936
1,1,0.9999709
1,1,0.9999715
1,1,0.9999716
1,1,0.9999701
1,1,0.9997074
1,1,0.99988246
1,1,0.98876816
1,1,0.9999658
1,1,0.9906853
1,1,0.9999745
1,1,0.99996924
1,1,0.99981254
1,1,0.9998597
1,1,0.9999739
1,1,0.9999726
1,1,0.9889259
1,1,0.999974
1,1,0.9999583
1,1,0.99970275
1,1,0.7553997
1,1,0.9999311
1,1,0.9999658
1,1,0.99979776
1,1,0.9999579
1,1,0.9998128
1,0,0.17694138
1,1,0.99996984
1,1,0.99993074
1,1,0.960061
1,1,0.9999504
1,1,0.7026414
1,1,0.9997954
1,1,0.9999708
1,0,0.0008118261
1,0,0.15299615
1,0,0.3378246
1,1,0.8980577
1,1,0.9999374
1,1,0.9993709
1,1,0.9999076
1,1,0.9999734
1,1,0.99997246
1,1,0.9999684
1,0,0.00047313032
1,1,0.9997243
1,0,0.34238493
1,1,0.99996924
1,1,0.8163782
1,1,0.9998641
1,1,0.9999676
1,1,0.9999647
1,1,0.9999317
1,1,0.9998784
1,1,0.9999095
1,1,0.9951331
1,1,0.9999701
1,1,0.9998957
1,1,0.62870497
1,1,0.96654963
1,1,0.9995881
1,0,0.11391208
1,1,0.99900514
1,1,0.9999323
1,0,0.0013164537
1,1,0.99997175
1,1,0.9998709
1,0,0.045353226
1,1,0.99995506
1,1,0.7355958
1,1,0.99994934
1,1,0.9974693
1,1,0.9981121
1,1,0.99997294
1,1,0.9999721
1,1,0.99995315
1,1,0.99994195
1,1,0.99995506
1,1,0.9999515
1,0,0.44457495
1,1,0.9999232
1,1,0.9999716
1,1,0.99973994
1,1,0.999803
1,0,0.0011017349
1,1,0.95336735
1,0,0.44235265
1,0,0.057839975
1,0,0.006914675
1,1,0.99994516
1,1,0.5718648
1,1,0.99997365
1,1,0.99996614
1,1,0.99997187
1,1,0.91691124
1,1,0.9998553
1,1,0.9999715
1,1,0.9997037
1,1,0.9999713
1,1,0.9258321
1,0,0.3822588
1,1,0.8304222
1,1,0.9999739
1,1,0.71399677
1,1,0.99997044
1,0,8.100293e-05
1,1,0.99990857
1,0,0.4216107
1,1,0.99997044
1,1,0.85385865
1,1,0.99950933
1,1,0.99864477
1,1,0.99984133
1,1,0.9999715
1,1,0.52804327
1,1,0.9557111
1,1,0.9999641
1,1,0.9998332
1,1,0.99533045
1,1,0.99997413
1,1,0.9999093
1,1,0.9999603
1,1,0.9999505
1,1,0.99996746
1,1,0.9999682
1,1,0.99995804
1,1,0.9999589
1,1,0.9996499
1,1,0.99997413
1,1,0.9998753
1,1,0.7266143
1,1,0.999974
1,1,0.999969
1,0,0.41220078
1,0,0.37592545
1,1,0.98533195
1,1,0.99997175
1,1,0.99990284
1,1,0.8173117
1,1,0.99996996
1,1,0.99995863
1,1,0.9999511
1,1,0.9999739
1,1,0.999974
1,1,0.99989784
1,1,0.99996686
1,1,0.9999354
1,1,0.9999604
1,1,0.99997354
1,1,0.99995804
1,1,0.99978846
1,1,0.99985886
1,1,0.9999716
1,1,0.9999703
1,1,0.99992526
1,0,0.00044178258
1,1,0.6757184
1,0,0.0030851306
1,1,0.99972576
1,0,0.030260436
1,1,0.69356227
1,1,0.9999677
1,1,0.99976987
1,1,0.9999558
1,1,0.9997404
1,1,0.9837773
1,1,0.5188977
1,1,0.9994746
1,1,0.999678
1,1,0.99996877
1,1,0.9999714
1,1,0.9999714
1,1,0.9999188
1,1,0.99996805
1,1,0.9995024
1,1,0.999961
1,1,0.99996865
1,1,0.99959904
1,1,0.99992585
1,0,0.43577445
1,1,0.99994886
1,1,0.9999713
1,1,0.99826753
1,1,0.9999739
1,1,0.99996936
1,1,0.9938345
1,1,0.9998846
1,1,0.99996805
1,1,0.99780554
1,1,0.99997056
1,0,7.2798706e-05
1,1,0.9999311
1,1,0.9405127
1,1,0.999961
1,1,0.9999018
1,1,0.99996245
1,1,0.9999411
1,1,0.9999745
1,1,0.99928457
1,1,0.9999726
1,1,0.9999739
1,1,0.9999702
1,1,0.9999702
1,1,0.9999634
1,1,0.76575994
1,1,0.9999553
1,0,0.0048270365
1,1,0.99992037
1,1,0.9999603
1,1,0.9595791
1,1,0.99997294
1,0,0.0031328292
1,0,7.730754e-05
1,1,0.9998894
1,1,0.9999578
1,1,0.99997234
1,1,0.99906045
1,1,0.9999671
1,1,0.9999678
1,0,0.058608137
1,1,0.99972683
1,1,0.99997246
1,1,0.9973816
1,1,0.9999651
1,1,0.99997056
1,1,0.9999709
1,1,0.99994063
1,1,0.99997056
1,1,0.9986235
1,1,0.99996114
1,0,0.0006979041
1,0,0.031650152
1,1,0.9587754
1,0,5.6840116e-05
1,1,0.9999733
1,1,0.9998424
1,1,0.9751193
1,1,0.9999746
1,1,0.9999554
1,1,0.99997056
1,1,0.9999685
1,1,0.7109686
1,0,0.42677268
1,1,0.9160272
1,1,0.81656873
1,1,0.9999635
1,1,0.9999497
1,1,0.99539256
1,1,0.9999716
1,0,0.17316927
1,1,0.99955493
1,1,0.9999461
1,0,0.4477561
1,1,0.6726687
1,1,0.99995184
1,1,0.9999614
1,1,0.8485137
1,1,0.99985945
1,1,0.99996066
1,1,0.759049
1,1,0.9546048
1,1,0.999961
1,0,0.08336346
1,1,0.9999647
1,1,0.99503666
1,0,0.000102961036
1,1,0.99996614
1,1,0.99964356
1,1,0.99987566
1,1,0.99995816
1,1,0.9999697
1,1,0.9999168
1,1,0.9999659
1,1,0.9995912
1,1,0.9999733
1,0,0.00033850566
1,1,0.9999478
1,1,0.9687327
1,1,0.86665475
1,1,0.9992599
1,1,0.999928
1,1,0.999974
1,0,0.2932246
1,1,0.99997044
1,1,0.99985695
0,1,0.73409796
0,1,0.99994147
0,0,0.43423197
0,0,0.03673649
0,1,0.9432417
0,0,0.00013393715
0,1,0.9929301
0,0,0.00012721142
0,0,0.00016478678
0,1,0.99990416
0,0,0.0028171716
0,0,8.7166125e-05
0,1,0.9999722
0,1,0.9998857
0,1,0.99996054
0,0,0.00088710774
0,1,0.9999707
0,1,0.5783847
0,1,0.9586567
0,0,0.001729332
0,1,0.9999528
0,0,0.00012263739
0,0,0.0033520355
0,0,0.021462224
0,1,0.9999542
0,0,0.050079405
0,1,0.9999455
0,1,0.95187384
0,0,0.0010777994
0,0,7.207013e-05
0,1,0.99996984
0,0,0.07065478
0,1,0.9665486
0,1,0.6289183
0,0,0.00043496667
0,1,0.92945236
0,0,0.00018365635
0,0,0.000108303204
0,1,0.9999653
0,1,0.9999299
0,0,0.01488143
0,0,0.3166987
0,1,0.99729425
0,0,6.25224e-05
0,0,0.22917168
0,0,6.577846e-05
0,0,0.07880693
0,0,0.43591723
0,0,0.47428337
0,0,0.00010081162
0,1,0.9987313
0,1,0.9999651
0,0,0.00015820525
0,1,0.9889458
0,1,0.9999496
0,1,0.98915267
0,1,0.92496616
0,0,0.0013085939
0,0,0.00022021146
0,0,0.014786229
0,1,0.99978
0,1,0.99977344
0,0,0.08339396
0,1,0.9999448
0,0,7.0202645e-05
0,1,0.99194276
0,1,0.9999465
0,0,0.07596761
0,0,9.944988e-05
0,1,0.99935955
0,0,0.102350414
0,0,0.00011502547
0,1,0.970908
0,1,0.99858165
0,1,0.9241012
0,1,0.999967
0,1,0.6876589
0,1,0.55033475
0,0,8.420713e-05
0,1,0.99980944
0,0,0.4305272
0,0,0.04000914
0,0,0.00011846535
0,0,0.27756175
0,0,0.007598843
0,1,0.9999279
0,0,0.011475206
0,0,0.47043654
0,0,0.38220793
0,1,0.8651405
0,1,0.99772364
0,0,0.010568883
0,1,0.99995387
0,1,0.99631894
0,0,0.0033539124
0,1,0.9999714
0,1,0.9998022
0,0,7.4229116e-05
0,1,0.8850017
0,1,0.7760542
0,0,0.23140489
0,1,0.63456106
0,0,0.0006095542
0,0,0.00066607416
0,0,0.00019507001
0,0,0.20608334
0,0,0.0003871368
0,0,0.0016540824
0,1,0.99997175
0,0,0.27621642
0,0,7.4184965e-05
0,0,0.043137185
0,0,0.0002715652
0,1,0.99994934
0,0,0.44076848
0,0,0.0017871105
0,1,0.99515057
0,1,0.9997187
0,1,0.5018323
0,1,0.9999392
0,0,0.1755755
0,0,0.0006126343
0,1,0.9832833
0,1,0.9996587
0,1,0.99783736
0,1,0.9995932
0,0,0.00012554541
0,1,0.9980433
0,0,0.015517068
0,1,0.9999509
0,0,0.00014172954
0,0,5.185016e-05
0,1,0.98598623
0,0,0.3728613
0,0,0.102655716
0,1,0.99984205
0,1,0.56889564
0,1,0.9999629
0,0,0.00026510368
0,1,0.99982077
0,0,0.012921617
0,0,0.4781734
0,1,0.99815685
0,0,0.0001735521
0,0,0.011250198
0,0,0.00047154128
0,1,0.88147455
0,0,5.209594e-05
0,1,0.99847955
0,1,0.7881352
0,1,0.6161017
0,0,0.00010293806
0,1,0.9567597
0,0,0.0023058578
0,1,0.9998652
0,1,0.9998161
0,1,0.56167024
0,1,0.9999676
0,0,5.799866e-05
0,0,7.930908e-05
0,1,0.9991806
0,0,0.0034712432
0,1,0.9996691
0,0,0.014553896
0,1,0.9999579
0,1,0.9822114
0,1,0.9974331
0,0,0.0016760486
0,1,0.9998584
0,0,0.0025971308
0,0,0.00312645
0,0,5.5403958e-05
0,1,0.99997354
0,1,0.9966912
0,1,0.97592926
0,1,0.9997054
0,1,0.5078787
0,1,0.9999373
0,1,0.99996495
0,0,9.794433e-05
0,1,0.9998294
0,0,8.918275e-05
0,0,0.046470493
0,0,0.13362788
0,0,0.0012770079
0,1,0.99892825
0,1,0.9999201
0,1,0.99956626
0,0,5.6259276e-05
0,0,0.00019227003
0,1,0.77987194
0,0,4.3133252e-05
0,0,4.731859e-05
0,0,0.01494161
0,1,0.9999666
0,0,0.0001491172
0,0,0.0005053123
0,0,3.6873866e-05
0,1,0.99992466
0,1,0.9998073
0,1,0.99989676
0,1,0.99995875
0,0,0.49236155
0,1,0.9999547
0,0,0.00025100246
0,0,0.004516078
0,0,0.3614826
0,0,0.20841062
0,0,0.00011969121
0,0,0.00019786286
0,1,0.90491545
0,0,0.001045709
0,0,9.125133e-05
0,0,0.00022792876
0,0,0.47970852
0,0,8.766821e-05
0,1,0.57016426
0,0,0.24327171
0,1,0.7554677
0,0,0.00013744086
0,1,0.8049194
0,0,8.526605e-05
0,1,0.9889764
0,1,0.99514043
0,1,0.9994904
0,1,0.9997904
0,1,0.9997688
0,1,0.5632462
0,0,0.00010386452
0,1,0.90122676
0,0,6.355122e-05
0,1,0.9984151
0,0,7.752798e-05
0,1,0.8552203
0,1,0.9895012
0,1,0.99996316
0,1,0.9993818
0,1,0.9951757
0,1,0.9928595
0,1,0.99996865
0,1,0.9347499
0,0,0.33877146
0,1,0.9994943
0,0,0.063719176
0,0,0.12766331
0,0,0.23779975
0,1,0.9952278
0,1,0.9994622
0,0,0.41303384
0,0,9.9569246e-05
0,0,9.821303e-05
0,1,0.84155595
0,0,0.34017095
0,0,0.0003288704
0,1,0.6273423
0,0,0.07543164
0,0,0.0019933786
0,1,0.99704957
0,0,0.032904506
0,0,7.1755014e-05
0,1,0.9999552
0,0,0.00012990058
0,0,0.009186361
0,0,5.836947e-05
0,1,0.9999198
0,1,0.9898504
0,1,0.9999722
0,0,0.0011403157
0,0,0.15278144
0,1,0.9884722
0,1,0.9995963
0,1,0.99996865
0,0,0.15814511
0,1,0.99995375
0,1,0.9999651
0,1,0.99766445
0,1,0.9998481
0,0,0.34542504
0,1,0.62790513
0,0,0.015674312
0,0,0.0022081123
0,1,0.93167335
0,0,0.0013045073
0,1,0.9990195
0,0,0.42266542
0,1,0.99928373
0,0,0.00015240416
0,1,0.9997795
0,1,0.99988925
0,1,0.8205446
0,1,0.99997306
0,1,0.99980766
0,1,0.9999269
0,0,0.37604424
0,1,0.93547374
0,1,0.9901038
0,1,0.9926339
0,0,0.0030691864
0,1,0.9999715
0,1,0.9999603
0,1,0.84685594
0,1,0.9999541
0,1,0.509239
0,0,0.066911995
0,0,0.00017455085
0,1,0.99995255
0,0,0.0020196824
0,1,0.99994636
0,1,0.9754553
0,1,0.69423175
0,1,0.6672599
0,0,0.0711916
0,1,0.99941397
0,0,0.016855087
0,1,0.9984341
0,1,0.98591125
0,0,0.20825376
0,1,0.9996006
0,0,0.44381294
0,1,0.9999665
0,0,0.00016638238
0,1,0.9999746
0,0,7.257531e-05
0,1,0.9999684
0,0,0.00039701496
0,0,0.44560352
0,0,0.0003043233
0,1,0.9865768
0,1,0.978973
0,1,0.99997056
0,1,0.91097987
0,0,0.103841975
0,1,0.99997056
0,0,0.0011954792
0,0,5.9858867e-05
0,0,0.0013282734
0,0,7.7353405e-05
0,1,0.99997246
0,1,0.9999665
0,0,6.810013e-05
0,1,0.87842065
0,1,0.9999683
0,1,0.99996233
0,0,4.672018e-05
0,1,0.9999696
0,0,0.0009245322
0,1,0.99888617
0,1,0.8940535
0,0,0.00091541326
0,0,0.0024778661
0,1,0.86017704
0,1,0.9994616
0,0,0.08434237
0,0,0.13227695
0,0,0.00017397723
0,0,0.001515759
0,0,4.260162e-05
0,0,0.06379721
0,1,0.9999
0,1,0.9994363
0,0,0.00010369391
0,0,0.000116915326
0,0,6.882691e-05
0,1,0.9342915
0,0,0.0071138735
0,0,0.0005131381
0,0,0.00018519677
0,1,0.83817744
0,1,0.99996424
0,0,0.00014586409
0,0,0.17341197
0,0,0.00010788359
0,0,8.8850255e-05
0,0,0.00011720042
0,1,0.9999615
0,0,4.1288476e-05
0,0,0.000115006944
0,0,7.074282e-05
0,1,0.9999449
0,1,0.9999361
0,1,0.77283466
0,0,0.03960656
0,0,0.00015241375
0,1,0.9886156
0,0,0.42656446
0,0,7.3619485e-05
0,0,0.035438105
0,1,0.6628725
0,0,0.0002820518
0,1,0.99830973
0,1,0.9955153
0,1,0.99988365
0,1,0.9914585
0,0,0.40631095
0,0,0.07620952
0,1,0.656765
0,1,0.99905425
0,0,0.34325317
0,1,0.7936194
0,1,0.7100219
0,0,0.0027678127
0,0,0.49981022
0,1,0.7446173
0,0,0.008814599
0,1,0.5894509
0,0,0.05478511
0,0,0.00012793606
0,0,5.19381e-05
0,0,0.10625012
0,1,0.9999745
0,1,0.9967315
0,1,0.7896079
0,1,0.99992514
0,0,7.3251416e-05
0,0,8.3582316e-05
0,0,0.017909117
0,0,0.0023390003
0,0,0.00015168983
0,0,0.19099478
0,0,0.1452289
0,1,0.9991235
0,0,0.0058419737
0,0,4.1655057e-05
0,1,0.9999677
0,0,6.355655e-05
0,1,0.9997296
0,1,0.986193
0,1,0.9999498
0,1,0.99970156
0,0,0.008608122
0,0,0.22412932
0,0,0.24619174
0,0,0.0005646295
0,1,0.9972946
0,0,0.45046967
0,0,0.037367962
0,0,9.293672e-05
0,0,8.137703e-05
0,1,0.95655125
0,1,0.9999664
0,1,0.99873453
0,0,5.2979005e-05
0,1,0.9999609
0,0,0.00082971965
0,1,0.9999212
0,1,0.99997246
0,0,0.00010297163
0,0,0.0003039423
0,1,0.9482028
0,1,0.9999479
0,0,0.00017933224
0,1,0.9925012
0,1,0.9527731
0,0,0.00049133366
0,0,0.32827955
0,1,0.9997254
0,0,0.02120129
0,0,5.712758e-05
0,0,0.3488429
0,1,0.9896679
0,0,0.00015539138
0,0,4.2170494e-05
0,0,0.00017833555
0,0,0.466864
0,1,0.9917235
0,1,0.99983966
0,1,0.9572733
0,1,0.99710315
0,1,0.86263186
0,0,0.31774768
0,1,0.9963547
0,1,0.8929112
0,1,0.9041279
0,1,0.77665913
0,1,0.78036356
0,0,0.28188136
0,1,0.95924103
0,1,0.99996173
0,0,0.022796942
0,0,0.06434798
0,1,0.99974805
0,0,0.036322515
0,0,0.48355165
0,0,0.0044380208
0,1,0.99994636
0,1,0.999972
0,1,0.5403762
0,1,0.646276
0,1,0.9510489
0,1,0.99982977
0,1,0.99955505
0,1,0.99964345
0,1,0.97294116
0,1,0.99997103
0,1,0.9700777
0,1,0.990092
0,0,0.00015486582
0,0,0.41582814
0,0,0.0002370415
0,1,0.9999527
0,1,0.99912864
0,0,7.5334865e-05
0,0,0.00021018166
0,0,8.489179e-05
0,0,6.487964e-05
0,0,0.36441183
0,0,0.07944986
0,1,0.99997246
0,0,9.692954e-05
0,0,0.37849888
0,1,0.99365133
0,0,0.00546585
0,1,0.9994085
0,0,0.0036646035
0,0,6.421903e-05
0,1,0.99102074
0,1,0.5809305
0,1,0.81495184
0,0,0.439223
0,0,0.00042544169
0,0,0.00015668925
0,0,6.390856e-05
0,0,0.0040143826
0,0,0.09840436
0,1,0.8680472
0,1,0.9994584
0,1,0.9984658
0,0,0.00011741407
0,1,0.7648383
0,1,0.9999603
0,1,0.8180715
0,0,0.00011665797
0,1,0.99962616
0,1,0.9996854
0,1,0.9996263
0,1,0.9596204
0,1,0.9995522
0,1,0.80790603
0,0,8.90777e-05
0,0,0.00033843017
0,0,0.00037226558
0,0,0.49474978
0,1,0.9697234
0,1,0.9951267
0,0,0.31577125
0,1,0.9859569
0,0,0.00018433598
0,1,0.9999678
0,0,0.45888212
0,0,0.0004947907
0,1,0.99597365
0,0,0.09318892
0,0,5.8541726e-05
0,1,0.9472036
0,1,0.999972
0,0,0.0001151093
0,1,0.9996742
0,1,0.9998565
0,1,0.9993957
0,1,0.9999331
0,0,0.123262145
0,0,3.6101563e-05
0,1,0.9836077
0,0,0.4348532
0,1,0.96219957
0,1,0.9988096
0,0,4.6824596e-05
0,0,0.008457188
0,0,0.00092614884
0,0,6.499339e-05
0,1,0.9533851
0,0,0.00024730264
0,1,0.99718213
0,1,0.9989058
0,1,0.998611
0,1,0.6791213
0,1,0.9999635
0,1,0.99981636
0,1,0.98216724
0,0,0.42453077
0,1,0.92822623
0,0,0.008933833
0,1,0.999233
0,0,0.0017997101
0,1,0.99990344
0,1,0.9995358
0,1,0.7202175
0,0,4.8354497e-05
0,0,5.8948313e-05
0,0,0.00036269755
0,1,0.9794886
0,1,0.9996921
0,1,0.9999709
0,1,0.61646837
0,0,6.050369e-05
0,1,0.999721
0,0,0.00043571024
0,0,8.958805e-05
0,0,0.001300766
0,0,7.377178e-05
0,1,0.9998677
0,1,0.99977547
0,0,0.13905574
0,0,0.035514127
0,0,5.5315057e-05
0,1,0.994619
0,0,0.035870403
0,0,0.00028931446
0,1,0.94675165
0,1,0.910797
0,1,0.96441466
0,0,0.49341258
0,1,0.99167085
0,0,0.0023372667
0,0,0.4025766
0,0,0.044966206
0,0,0.23539132
0,0,0.008741479
0,0,0.00062564743
0,0,0.012672185
0,1,0.93183255
0,1,0.9999479
0,0,0.35875666
0,0,6.0499653e-05
0,1,0.6927825
0,1,0.99976176
0,1,0.9999608
0,1,0.9998078
0,1,0.77311915
0,1,0.99204016
0,0,0.35670277
0,1,0.998589
0,1,0.9998573
0,1,0.9999738
0,1,0.9999713
0,1,0.74733114
0,1,0.9998952
0,0,0.0031722456
0,1,0.72396517
0,0,5.5111977e-05
0,0,0.14041097
0,1,0.8969455
0,0,0.39675933
0,0,0.033727538
0,1,0.9999466
0,1,0.9999442
0,1,0.93133
0,0,0.01897478
0,0,0.059514128
0,0,0.00014727215
0,0,4.116523e-05
0,1,0.99880314
0,1,0.9918216
0,0,0.2420234
0,0,0.21885203
0,0,0.00015147348
0,0,0.00015524785
0,0,0.0006145815
0,0,0.0043561044
0,1,0.6518201
0,1,0.99981433
0,1,0.99990225
0,1,0.999861
0,1,0.5337989
0,1,0.998616
0,0,0.4717349
0,0,0.00025975393
0,0,0.15323555
0,1,0.99735343
0,0,0.00028033336
0,0,0.00089776184
0,0,3.6588946e-05
0,0,0.13541183
0,1,0.9937391
0,0,5.188661e-05
0,1,0.9977335
0,0,0.029409545
0,0,0.00011144641
0,1,0.7444135
0,1,0.9998938
0,1,0.9761804
0,1,0.98716754
0,1,0.9999474
0,0,0.4033502
0,1,0.9999658
0,1,0.59427935
0,0,0.0002390223
0,0,0.00039547792
0,1,0.9998863
0,1,0.97186726
0,0,0.27176926
0,1,0.9909412
0,0,0.00017098391
0,0,0.24749984
0,0,8.844374e-05
0,1,0.99980825
0,1,0.8844482
0,1,0.9983688
0,1,0.9493514
0,1,0.9914306
0,0,0.28094035
0,0,6.708584e-05
0,1,0.9149802
0,1,0.9999696
0,1,0.9986273
0,1,0.9544266
0,0,8.123468e-05
0,1,0.9999683
0,1,0.7162454
0,1,0.99092495
0,0,0.017356494
0,1,0.999778
0,1,0.9998919
0,0,0.27514526
0,1,0.9951828
0,0,0.43873522
0,0,8.1622005e-05
0,1,0.5195949
0,0,0.47344157
0,1,0.80960286
0,1,0.9930248
0,1,0.99993837
0,1,0.99547404
0,1,0.9686733
0,0,7.306849e-05
0,1,0.53553957
0,1,0.99996924
0,1,0.9995938
0,0,0.0014743858
0,1,0.9971764
0,0,0.14750549
0,0,0.19489673
0,1,0.9999689
0,0,0.038622063
0,0,0.00041449175
0,1,0.999054
0,0,4.4463322e-05
0,0,0.00016844495
0,1,0.99979895
0,1,0.8764442
0,1,0.96185744
0,1,0.99994147
0,1,0.99918145
0,1,0.7833629
0,1,0.90361637
0,1,0.9737811
0,1,0.9999622
0,1,0.9992281
0,1,0.9243519
0,1,0.9757869
0,0,0.007421106
0,1,0.9008219
0,0,9.787198e-05
0,1,0.9707351
0,0,7.310683e-05
0,0,8.995898e-05
0,0,0.00393214
0,0,0.00041058875
0,0,0.45080724
0,1,0.8204955
0,0,8.412638e-05
0,1,0.94785184
0,1,0.83031005
0,1,0.99988616
0,0,0.00011648867
0,0,4.026493e-05
0,1,0.99994004
0,0,0.070755385
0,0,9.177221e-05
0,1,0.9999682
0,0,0.07960963
0,1,0.99388015
0,0,0.44731954
0,0,0.0023663335
0,0,0.07337328
0,0,0.40357682
0,1,0.99713033
0,0,0.14693695
0,1,0.94157857
0,1,0.9999387
0,1,0.98819286
0,0,0.00018367384
0,1,0.9999032
0,0,0.0024148389
0,0,0.000154494
0,0,0.2395395
0,1,0.85782033
0,0,0.012934418
0,1,0.9588986
0,1,0.9998604
0,0,0.00059403194
0,1,0.6258374
0,0,0.18245247
0,1,0.62579054
0,1,0.99997103
0,1,0.99992394
0,0,0.0007249252
0,1,0.99997354
0,1,0.9960763
0,1,0.966057
0,0,0.017519644
0,1,0.9999366
0,0,0.0055208234
0,0,0.00042577114
0,1,0.97846687
0,0,0.41431966
0,0,8.9666006e-05
0,1,0.997175
0,0,8.996087e-05
0,0,0.122815534
0,1,0.99991775
0,1,0.99942195
0,1,0.99965143
0,0,9.836178e-05
0,0,0.00014000591
0,0,0.00037249984
0,0,0.24319974
0,1,0.56861156
0,0,0.0030843576
0,0,0.117584616
0,1,0.9915279
0,1,0.9997125
0,1,0.9998265
0,1,0.99957734
0,0,0.00073328457
0,1,0.95839214
0,0,0.016667861
0,0,0.00011107392
0,1,0.9997346
0,1,0.9999385
0,0,0.06516715
0,1,0.5404197
0,1,0.72802347
0,1,0.99995637
0,1,0.5000731
0,0,0.18571147
0,0,6.882782e-05
0,1,0.99991584
0,0,0.0034634876
0,0,7.587429e-05
0,0,0.4291432
0,0,0.00034832986
0,1,0.9999714
0,0,0.00013662822
0,1,0.9999628
0,0,0.33578345
0,1,0.9995721
0,1,0.9999256
0,0,0.001656578
0,0,0.108038306
0,1,0.9961551
0,1,0.9999677
0,0,0.013080342
0,0,0.00049186393
0,1,0.6437567
0,1,0.97461647
0,0,0.0010308641
0,1,0.99962986
0,0,0.00014284847
0,1,0.9999628
0,0,0.01393385
0,0,0.00010846403
0,0,0.27032363
0,1,0.60313195
0,0,0.22476484
0,1,0.8899512
0,1,0.99997306
0,1,0.9999317
0,1,0.9999659
0,1,0.9949745
0,1,0.62849325
0,1,0.99869055
0,1,0.999966
0,0,0.38001144
0,0,0.00011835809
0,0,9.2383154e-05
0,0,0.0001402661
0,0,0.09211386
0,0,0.0024022358
0,0,0.051145684
0,0,0.010924732
0,0,0.03958692
0,1,0.97723573
0,1,0.99968386
0,1,0.9735034
0,1,0.6740512
0,0,0.0006492145
0,0,7.7513934e-05
0,0,0.00077098934
0,0,9.854165e-05
0,0,0.00015931517
0,0,0.14259638
0,0,0.1557846
0,1,0.99995244
0,1,0.8968553
0,1,0.9593717
0,1,0.9999652
0,1,0.9972052
0,1,0.99994457
0,1,0.9997118
0,0,0.2955668
0,1,0.9957638
0,1,0.9999651
0,0,0.16732763
0,1,0.92629343
0,0,0.24741815
0,0,5.781296e-05
0,0,0.10037454
0,1,0.99986863
0,0,0.29063687
0,1,0.68955266
0,0,0.00013718997
0,0,0.0002620109
0,1,0.8539832
0,1,0.87788665
0,1,0.96965665
0,1,0.9998872
0,1,0.9999645
0,1,0.993083
0,0,0.007323926
0,0,0.0028096538
0,0,0.48155478
0,1,0.99996936
0,0,0.19026603
0,0,0.00013237352
0,0,0.006175559
0,1,0.99996936
0,0,0.026289497
0,1,0.78216493
0,0,5.9973656e-05
0,0,0.0004667796
0,1,0.99987376
0,1,0.8304576
0,1,0.99980253
0,0,0.00020057552
0,1,0.9999008
0,0,0.2893327
0,0,0.0005050104
0,0,0.17175421
0,0,0.2716758
0,0,0.008921378
0,1,0.9988752
0,1,0.89820164
0,0,0.073217966
0,1,0.9972318
0,0,0.0010287225
0,1,0.99979454
0,0,0.00017599476
0,0,0.088679984
0,1,0.9999497
0,0,0.00016925945
0,0,5.080919e-05
0,0,6.916819e-05
0,0,0.00042218697
0,0,0.00020700094
0,1,0.99960047
0,0,0.009848173
0,0,0.0006012892
0,1,0.9999577
0,1,0.9999726
0,1,0.99997437
0,0,6.647323e-05
0,0,0.08452592
0,0,0.23737945
0,0,0.005162115
0,0,0.4198732
0,0,0.0016280836
0,1,0.51989967
0,0,0.000247743
0,1,0.9999083
0,0,0.39426485
0,0,6.3915024e-05
0,0,0.020094614
0,1,0.98597646
0,1,0.93994063
0,1,0.99997413
0,1,0.99993134
0,1,0.99885845
0,0,0.0014419662
0,0,4.4853507e-05
0,1,0.71060175
0,0,0.0081508495
0,1,0.999613
0,1,0.9995115
0,1,0.9969099
0,0,4.737648e-05
0,0,0.39278597
0,1,0.9919165
0,0,0.034211326
0,0,0.0364993
0,0,0.46216637
0,0,3.799186e-05
0,0,0.04734303
0,0,8.334435e-05
0,1,0.9977191
0,0,0.22335863
0,0,9.572076e-05
0,0,6.0843093e-05
0,0,0.0102366805
0,0,0.00015605347
0,1,0.9999602
0,0,6.661538e-05
0,1,0.99403435
0,0,0.00012594913
0,1,0.9820067
0,1,0.99979764
0,0,0.07065965
0,0,0.00022585285
0,1,0.9989429
0,1,0.7280357
0,1,0.9999654
0,0,0.00053035084
0,0,0.050224327
0,0,0.0012080341
0,1,0.88810843
0,0,0.003063893
0,1,0.7352388
0,0,0.018612659
0,1,0.8055641
0,0,0.009527574
0,0,0.006160485
0,0,0.38300923
0,0,0.000591464
0,1,0.8145016
0,0,0.009473088
0,0,0.008197465
0,1,0.99908435
0,0,0.30104467
0,1,0.6575085
0,0,0.004581956
0,1,0.99708885
0,1,0.99842
0,0,0.0027002157
0,1,0.99583554
0,0,0.059908673
0,1,0.99849665
0,0,0.20083503
0,0,0.37876165
0,1,0.99996114
0,0,7.053049e-05
0,1,0.7532545
0,0,0.001872611
0,1,0.999368
0,1,0.9983437
0,0,0.0010040605
0,1,0.99969816
0,0,4.534703e-05
0,1,0.8012518
0,1,0.97538143
0,0,0.35897872
0,1,0.99993455
0,1,0.99971706
0,1,0.9984365
0,0,0.46002293
0,0,0.00019648853
0,1,0.9266993
0,1,0.99996734
0,1,0.99996364
0,1,0.99079496
0,0,0.17955005
0,0,0.12734957
0,0,0.00013540273
0,0,0.057227254
0,0,9.7871234e-05
0,1,0.87320966
0,1,0.9956241
0,1,0.9859416
0,0,0.0013974421
0,1,0.91021866
0,0,0.00012139282
0,1,0.9999728
0,0,8.109104e-05
0,0,0.00021710306
0,1,0.99985826
0,0,0.15189674
0,1,0.9795655
0,1,0.99995685
0,0,0.00013400128
0,1,0.92377484
0,0,0.0007043167
0,0,6.5921704e-05
0,1,0.9999701
0,0,0.033614065
0,0,0.00010954096
0,1,0.99996066
0,1,0.9998016
0,0,0.00085543474
0,1,0.99995184
0,0,0.015909363
0,1,0.70439535
0,0,0.31517923
0,1,0.65549767
0,0,7.4437245e-05
0,0,0.17838058
0,0,0.0011438468
0,1,0.9999211
0,0,8.454845e-05
0,0,0.03570637
0,1,0.9996518
0,0,4.2660202e-05
0,0,6.349621e-05
0,0,0.079087846
0,0,0.0015667405
0,0,7.9113066e-05
0,1,0.9306176
0,1,0.9284708
0,1,0.99969053
0,0,0.0011708479
0,0,0.21995208
0,0,0.21455307
0,1,0.9999728
0,0,0.012100215
0,1,0.99784374
0,0,8.359475e-05
0,0,0.0043240273
0,1,0.7749301
0,1,0.9018376
0,1,0.9999136
0,0,0.07641468
0,1,0.99997246
0,0,0.001670425
0,1,0.999619
0,1,0.96387166
0,0,0.0063927867
0,1,0.99932575
0,1,0.9994618
0,1,0.7811893
0,1,0.60343623
0,1,0.97953415
0,0,0.016812818
0,1,0.9921903
0,0,0.026690936
0,1,0.99913365
0,1,0.99996483
0,0,0.13693377
0,1,0.8213575
0,0,0.09343368
0,0,0.015142444
0,0,0.017683037
0,0,7.3339914e-05
0,1,0.9993393
0,1,0.99808526
0,1,0.9955759
0,1,0.5276566
0,0,0.176174
0,1,0.610188
0,0,0.23128451
0,1,0.8458567
0,0,0.1000185
0,0,0.10178912
0,1,0.985288
0,0,7.267129e-05
0,0,0.33102897
0,0,0.001149403
0,1,0.89945394
0,1,0.99995196
0,0,0.0002017582
0,0,0.023173027
0,0,0.019938668
0,1,0.9987413
0,1,0.9153957
0,0,0.00030159554
0,0,0.00011779973
0,0,0.029727068
0,1,0.99913687
0,1,0.8520934
0,0,0.005927663
0,0,0.00010613405
0,1,0.99659747
0,0,4.9595634e-05
0,0,0.035274647
0,1,0.7393241
0,0,0.1790185
0,0,0.0011440776
0,0,0.2250806
0,1,0.99986815
0,1,0.6814115
0,0,0.19856843
0,0,0.25392324
0,1,0.999889
0,0,0.0047393395
0,0,0.00019715796
0,1,0.9999665
0,0,0.0006515134
0,0,3.659868e-05
0,0,0.0001711015
0,0,0.16452876
0,0,0.0005192059
0,0,0.004840493
0,1,0.6860949
0,0,0.0031814417
0,1,0.9367503
0,1,0.99990296
0,1,0.9958268
0,0,0.00016939348
0,1,0.99984276
0,0,0.0014076398
0,1,0.7943589
0,0,0.00017935278
0,1,0.905808
0,0,0.0016462135
0,1,0.998852
0,1,0.9999683
0,1,0.9993137
0,0,0.40524527
0,0,0.014043265
0,1,0.99226123
0,0,0.46719417
0,1,0.99994755
0,0,3.7661364e-05
0,0,0.0011681163
0,0,0.48841962
0,1,0.80587196
0,0,0.00041342233
0,1,0.55341077
0,0,0.45897418
0,0,0.0004139758
0,1,0.7979133
0,0,0.001356998
0,1,0.9999714
0,1,0.9938524
0,0,6.618026e-05
0,1,0.99997413
0,0,0.07726641
0,1,0.6602813
0,0,0.013783376
0,0,0.00016014508
0,1,0.8047158
0,0,0.00014241556
0,0,0.00014937649
0,1,0.9999567
0,1,0.9999583
0,0,0.0009502808
0,0,0.14207837
0,0,0.09560733
0,0,5.3956308e-05
0,0,0.0014732293
0,1,0.7158611
0,1,0.9407834
0,1,0.884688
0,1,0.99988925
0,0,0.027267946
0,1,0.9908914
0,0,0.0008039473
0,0,0.19587925
0,1,0.9999255
0,1,0.9420757
0,0,0.008024031
0,1,0.68598306
0,1,0.5936105
0,1,0.9999677
0,1,0.9999628
0,0,0.2573739
0,1,0.9997626
0,1,0.99992263
0,1,0.9996823
0,1,0.999941
0,0,0.3046542
0,0,0.271507
0,1,0.7761592
0,1,0.9967781
0,1,0.9992649
0,0,9.0446e-05
0,1,0.99988925
0,1,0.9999622
0,1,0.8516623
0,1,0.99396014
0,0,3.502593e-05
0,1,0.999936
0,1,0.9431486
0,1,0.59973407
0,0,0.011796906
0,1,0.9676608
0,1,0.9999654
0,1,0.70607805
0,1,0.9991924
0,0,6.758348e-05
0,0,0.07782145
0,1,0.9999659
0,1,0.98119843
0,0,0.4853623
0,0,0.009957081
0,0,0.00014347381
0,0,0.17591606
0,0,0.00025659337
0,1,0.9185704
0,1,0.96735895
0,0,5.5393288e-05
0,1,0.9971935
0,1,0.9999597
0,1,0.9998648
0,0,6.656922e-05
0,1,0.7312995
0,0,5.2486594e-05
0,1,0.6401767
0,1,0.98718053
0,1,0.9999597
0,0,0.022579884
0,0,5.73142e-05
0,1,0.9906749
0,0,0.0012491434
0,0,7.1750976e-05
0,1,0.9999231
0,0,0.38685527
0,1,0.9966292
0,1,0.9999324
0,1,0.9834524
0,0,0.04095617
0,1,0.9980495
0,0,3.7962236e-05
0,0,0.00012417266
0,0,0.3487264
0,0,0.0003935917
0,0,0.00038339687
0,1,0.9998863
0,1,0.9908764
0,1,0.99979466
0,0,0.0054130983
0,1,0.9993807
0,0,0.001322836
0,1,0.999946
0,0,0.00012536836
0,1,0.99898
0,1,0.9999435
0,0,0.34000644
0,1,0.99995244
0,1,0.9999678
0,0,0.00093855767
0,1,0.99796754
0,0,0.13151604
0,0,8.990462e-05
0,0,9.004739e-05
0,0,0.00013777478
0,1,0.99997294
0,0,0.19797221
0,1,0.99996305
0,1,0.9986504
0,0,9.533506e-05
0,1,0.70586914
0,0,0.00011683554
0,1,0.99372536
0,1,0.6716025
0,1,0.999894
0,0,0.07781896
0,0,0.00010571003
0,0,0.12311807
0,1,0.9999614
0,0,5.2691204e-05
0,1,0.99907553
0,1,0.9991309
0,0,0.00014472198
0,0,5.6871348e-05
0,1,0.999622
0,0,0.0013987109
0,1,0.9701175
0,0,0.09369933
0,0,0.02247891
0,0,0.05909659
0,0,0.00011982152
0,1,0.97994393
0,0,0.12842901
0,0,4.0177747e-05
0,0,0.024077855
0,0,9.0080364e-05
0,0,0.23707113
0,0,0.017813256
0,0,0.00013004523
0,1,0.9999659
0,0,5.5820587e-05
0,1,0.6239097
0,1,0.99341255
0,0,0.00010396063
0,1,0.72406405
0,0,0.00014342293
0,0,0.00011668634
0,1,0.5005626
0,1,0.8409839
0,1,0.9999454
0,1,0.9969472
0,1,0.5078693
0,1,0.9998783
0,1,0.7157237
0,0,5.0613333e-05
0,1,0.6875425
0,1,0.52483237
0,1,0.9603104
0,1,0.9997793
0,0,0.00091278413
0,0,0.0007355816
0,1,0.9971245
0,1,0.9986651
0,0,0.13001135
0,1,0.99993026
0,0,9.3184215e-05
0,0,0.033023678
0,1,0.63271695
0,1,0.9800173
0,0,0.00849211
0,1,0.99708503
0,1,0.999967
0,0,0.0007094804
0,0,0.24171188
0,0,7.049432e-05
0,1,0.9873317
0,0,0.003467552
0,0,0.13284576
0,0,8.913071e-05
0,1,0.9999368
0,0,8.1742575e-05
0,1,0.5028371
0,1,0.9999716
0,1,0.99811625
0,1,0.9999738
0,1,0.993551
0,1,0.99997175
0,1,0.99979454
0,1,0.9999689
0,1,0.95273644
0,1,0.5805975
0,1,0.9998288
0,0,0.022659253
0,1,0.9999728
0,0,0.0432638
0,0,0.016724152
0,1,0.99917233
0,1,0.9999689
0,1,0.9999232
0,0,0.0001436093
0,1,0.999966
0,0,4.8527963e-05
0,0,0.22630642
0,0,0.4367741
0,0,0.4807898
0,0,0.01332279
0,0,4.0312883e-05
0,1,0.99927384
0,1,0.94921714
0,0,0.26236024
0,1,0.9912505
0,1,0.9999634
0,0,0.019992009
0,0,0.001347728
0,0,0.0027307526
0,1,0.99966943
0,1,0.9358232
0,0,0.12947774
0,1,0.9999448
0,1,0.99697554
0,0,0.2175525
0,0,3.4716493e-05
0,0,0.02453108
0,1,0.99302727
0,1,0.99995875
0,1,0.9999677
0,1,0.9904469
0,0,0.028332474
0,1,0.9954727
0,0,0.00024668637
0,0,5.0644285e-05
0,0,0.092077196
0,1,0.5275254
0,1,0.8054872
0,0,6.767983e-05
0,0,0.0001447979
0,0,0.0038801027
0,1,0.999959
0,1,0.9999714
0,0,8.548171e-05
0,1,0.8949282
0,0,6.1618746e-05
0,0,0.30813625
0,1,0.8059998
0,0,0.028849564
0,0,0.38202664
0,1,0.98362297
0,0,7.241065e-05
0,1,0.98722225
0,1,0.9999119
0,1,0.9810668
0,1,0.99982953
0,1,0.9999659
0,1,0.99656385
0,1,0.999826
0,0,0.11524309
0,0,5.9299804e-05
0,0,9.243823e-05
0,0,0.00030314966
0,1,0.7350836
0,1,0.9992878
0,1,0.9999645
0,0,0.00022596012
0,1,0.89452016
0,1,0.9999728
0,1,0.78390324
0,0,0.0015133254
0,1,0.9997814
0,1,0.9999541
0,0,0.33081272
0,1,0.9999281
0,0,0.022870667
0,0,0.20786178
0,0,0.002258478
0,0,0.00069020793
0,1,0.9347979
0,0,8.968473e-05
0,0,0.00075316156
0,1,0.98316115
0,0,0.00022085532
0,0,0.0015041413
0,1,0.9998357
0,1,0.96817815
0,0,0.00030992422
0,0,0.4480357
0,1,0.9265787
0,1,0.99533194
0,1,0.50683635
0,0,0.12391144
0,0,0.0007353703
0,1,0.6635199
0,1,0.8489552
0,0,0.010228751
0,0,5.8819955e-05
0,1,0.9802946
0,1,0.99944466
0,1,0.99982256
0,0,0.40671912
0,1,0.80785584
0,0,0.00011324345
0,1,0.9915941
0,1,0.8231011
0,0,0.11912892
0,1,0.9998227
0,0,5.3182386e-05
0,0,0.000109922155
0,0,0.19508824
0,1,0.5370225
0,0,0.00010774378
0,1,0.6413603
0,0,0.004099896
0,1,0.99913317
0,1,0.90781015
0,0,0.00061039627
0,0,0.43414977
0,1,0.99802303
0,1,0.99996996
0,1,0.9102646
0,1,0.9999324
0,1,0.6642834
0,0,3.8571725e-05
0,0,8.9387344e-05
0,1,0.9849694
0,1,0.99915004
0,1,0.9592089
0,1,0.8201864
0,0,0.05883793
0,1,0.9999466
0,1,0.9999119
0,1,0.9373257
0,0,6.0161936e-05
0,0,0.00077048416
0,0,0.3105928
0,0,0.00011769005
0,0,0.0075731333
0,1,0.9999701
0,0,0.00012354292
0,0,0.19480054
0,0,8.33957e-05
0,0,0.000114148825
0,1,0.96684957
0,0,0.00041989516
0,0,0.008339769
0,0,0.00022590887
0,1,0.9996674
0,1,0.9999652
0,0,5.7787e-05
0,0,7.646351e-05
0,0,8.969311e-05
0,1,0.9819695
0,0,0.1927735
0,1,0.99996316
0,0,0.3403832
0,1,0.91206855
0,1,0.9747747
0,0,0.45638835
0,0,0.48183098
0,0,0.0001171164
0,1,0.999846
0,1,0.603686
0,1,0.9234853
0,1,0.99992704
0,1,0.99994254
0,1,0.99980944
0,0,0.46036488
0,1,0.9998055
0,1,0.9999722
0,1,0.9962412
0,0,6.442175e-05
0,0,0.00014836692
0,0,0.00020267656
0,1,0.9996075
0,0,0.00038912758
0,0,0.00019020392
0,1,0.9976943
0,1,0.94165885
0,0,0.0004694235
0,0,0.17965165
0,1,0.9795456
0,1,0.9999733
0,0,0.14607765
0,0,0.2933929
0,0,7.6288925e-05
0,1,0.9998561
0,1,0.99961627
0,0,7.290229e-05
0,1,0.9993136
0,0,0.0001236853
0,1,0.98282826
0,1,0.9999622
0,0,0.44812927
0,1,0.99994767
0,1,0.9999703
0,0,0.099991225
0,1,0.90669733
0,0,0.0048318678
0,0,0.36318326
0,0,8.868401e-05
0,1,0.9997037
0,0,0.0148545
0,0,6.773834e-05
0,1,0.9999708
0,1,0.8708476
0,1,0.6435148
0,0,0.1424902
0,1,0.9921548
0,1,0.99940896
0,0,6.181838e-05
0,0,0.00014444251
0,1,0.9825373
0,1,0.9992549
0,1,0.99725795
0,0,0.00013029271
0,0,0.33418137
0,1,0.85344553
0,1,0.99674773
0,0,0.00010016501
0,0,0.18387556
0,0,0.000112184345
0,0,9.8697856e-05
0,1,0.9944343
0,1,0.9999521
0,0,0.40864307
0,0,0.00015538397
0,1,0.9773417
0,0,0.0067787473
0,0,5.2827952e-05
0,1,0.99997425
0,0,0.00040466123
0,0,0.00012280767
0,0,0.08797715
0,1,0.9999703
0,1,0.9994248
0,1,0.9999707
0,1,0.9903681
0,1,0.51320964
0,0,0.015457652
0,0,0.000104709805
0,1,0.9090644
0,0,0.34674832
0,0,0.21008943
0,1,0.9940919
0,1,0.68703693
0,1,0.99989736
0,1,0.99981874
0,1,0.99981743
0,0,0.00012413405
0,1,0.9989048
0,1,0.76687795
0,1,0.6328779
0,1,0.6519096
0,1,0.9999635
0,0,0.00040181703
0,0,0.00061534875
0,1,0.9845558
0,0,0.09313832
0,0,0.00013355279
0,1,0.83724576
0,0,0.00012081542
0,0,0.013563521
0,0,0.03121275
0,0,4.1872947e-05
0,1,0.7967509
0,0,0.00545878
0,0,0.00013045571
0,1,0.6434522
0,0,0.2596826
0,1,0.99982363
0,1,0.9999144
0,0,0.016176198
0,1,0.99356174
0,0,0.00017824682
0,0,0.2773651
0,1,0.9998828
0,0,0.485061
0,0,0.0014635161
0,0,0.0008652741
0,0,0.0042991266
0,1,0.9975637
0,0,0.0001491647
0,1,0.99834204
0,1,0.99971086
0,1,0.99988556
0,1,0.99995005
0,1,0.9187415
0,1,0.99074835
0,1,0.6493158
0,1,0.9999701
0,1,0.8483465
0,0,0.00012769451
0,0,9.2468195e-05
0,1,0.95132446
0,1,0.9968671
0,1,0.8057809
0,1,0.8563314
0,0,0.0004569192
0,1,0.97412586
0,1,0.99284863
0,0,0.078792356
0,0,9.027333e-05
0,1,0.9999567
0,1,0.99997306
0,1,0.99995744
0,0,0.3179336
0,0,6.573721e-05
0,1,0.9995834
0,0,0.05564023
0,1,0.9995915
0,1,0.9998791
0,1,0.98083156
0,0,9.0062145e-05
0,0,0.09186423
0,0,0.04003662
0,1,0.98629516
0,1,0.99721426
0,1,0.99988794
0,0,0.00063232245
0,1,0.99996984
0,1,0.99963856
0,0,7.7769815e-05
0,0,0.028381754
0,0,0.38952503
0,0,0.010503711
0,1,0.9999658
0,1,0.9999654
0,1,0.75503284
0,0,0.00047498717
0,1,0.99383706
0,1,0.99993706
0,0,7.7084485e-05
0,1,0.99412537
0,1,0.9996605
0,1,0.92864794
0,1,0.99183005
0,1,0.99995935
0,0,8.663197e-05
0,0,0.00017646476
0,0,4.013593e-05
0,0,0.042668995
0,0,6.577997e-05
0,1,0.8655067
0,1,0.9897656
0,0,0.02029142
0,1,0.9999546
0,1,0.7499299
0,1,0.90397924
0,0,5.8716498e-05
0,1,0.9998472
0,1,0.999938
0,1,0.9314377
0,0,0.0002599477
0,0,0.00023289281
0,1,0.9999051
0,1,0.9811571
0,1,0.99930036
0,1,0.9999739
0,0,0.0061908606
0,1,0.99957377
0,0,0.0002855574
0,0,0.26348928
0,0,0.014964184
0,1,0.9999541
0,1,0.672648
0,1,0.9028776
0,0,4.5789267e-05
0,0,0.3088199
0,1,0.9999361
0,0,7.806472e-05
0,0,0.10431892
0,1,0.9977043
0,0,7.605771e-05
0,1,0.99995816
0,0,0.12477218
0,1,0.7063421
0,0,0.12648097
0,0,0.14168753
0,1,0.9993025
0,1,0.9993844
0,0,0.0052694986
0,1,0.9619798
0,1,0.99836725
0,0,0.48592114
0,1,0.99979657
0,1,0.6994746
0,1,0.99997115
0,1,0.99975055
0,1,0.99985266
0,0,0.00011601335
0,1,0.998585
0,0,7.90642e-05
0,0,7.686574e-05
0,1,0.5000377
0,1,0.995
0,1,0.99986494
0,1,0.89861155
0,0,0.3513847
0,0,0.0008533518
0,1,0.99996233
0,0,0.4440197
0,1,0.9998454
0,1,0.9267509
0,0,4.050575e-05
0,1,0.99995685
0,0,9.026317e-05
0,0,0.27062565
0,0,0.00013058101
0,0,0.0024760151
0,1,0.99992836
0,1,0.97962785
0,1,0.99832183
0,0,0.3942921
0,1,0.90684056
0,1,0.9970584
0,0,0.34277546
0,1,0.7710814
0,1,0.997829
0,1,0.99446917
0,1,0.9999323
0,1,0.9999404
0,0,0.00013282962
0,0,5.0413953e-05
0,1,0.9997321
0,1,0.99993825
0,1,0.99995756
0,0,0.00024262532
0,1,0.9999566
0,1,0.999908
0,1,0.79014444
0,1,0.6549061
0,1,0.9984665
0,0,0.00029737924
0,1,0.99988234
0,1,0.9736381
0,1,0.5011684
0,1,0.9744732
0,0,0.00022265995
0,1,0.7895623
0,1,0.8893582
0,1,0.9999459
0,0,7.508112e-05
0,0,0.16982424
0,1,0.9637149
0,0,6.622098e-05
0,0,0.0005466244
0,1,0.99997056
0,1,0.99437654
0,1,0.9999734
0,1,0.99889815
0,0,0.0007238517
0,1,0.8594673
0,1,0.9988262
0,1,0.5749142
0,0,0.00013068193
0,1,0.89000463
0,1,0.7971489
0,1,0.9999672
0,1,0.9999658
0,1,0.9999503
0,1,0.88974327
0,0,7.0485985e-05
0,0,0.11899519
0,1,0.999762
0,0,0.26581037
0,0,0.00011609711
0,1,0.99813086
0,0,4.8847814e-05
0,0,0.0016190468
0,0,0.43463975
0,1,0.9980714
0,0,0.0001606573
0,1,0.9995003
0,1,0.99997187
0,1,0.98267615
0,1,0.97084963
0,0,9.479072e-05
0,0,0.35722116
0,0,0.06619759
0,0,0.046929386
0,0,0.0014378396
0,0,0.2848413
0,1,0.9986204
0,0,7.635493e-05
0,1,0.99994326
0,0,0.00013869628
0,0,0.48431033
0,0,6.513392e-05
0,0,9.056113e-05
0,1,0.6761525
0,1,0.99977547
0,1,0.6825191
0,1,0.99997294
0,0,5.321506e-05
0,1,0.99996555
0,0,0.17823741
0,0,0.41818488
0,1,0.9859137
0,0,0.1401703
0,1,0.9999057
0,0,0.00048668848
0,0,0.0063077263
0,0,0.00018459701
0,0,0.0017863639
0,0,9.874446e-05
0,0,6.047681e-05
0,1,0.8070444
0,0,0.004741717
0,0,0.00016690134
0,0,0.0064636157
0,1,0.6235435
0,0,0.00042500853
0,1,0.99992716
0,0,0.0005049468
0,1,0.64306813
0,1,0.9999615
0,1,0.99374324
0,1,0.99997115
0,1,0.85325134
0,1,0.8988098
0,1,0.8084657
0,0,0.018266508
0,0,0.00022257357
0,0,0.0004615135
0,1,0.9923362
0,0,0.019735247
0,0,0.00070355163
0,1,0.7961047
0,0,0.09338184
0,0,0.00011503535
0,1,0.99881136
0,1,0.98322093
0,1,0.9994568
0,0,0.03254176
0,1,0.9470871
0,0,6.0869555e-05
0,1,0.8006928
0,1,0.9982279
0,1,0.985859
0,1,0.99997187
0,1,0.90140516
0,0,0.0001097689
0,1,0.9981123
0,1,0.99835783
0,1,0.99901533
0,1,0.6291214
0,0,0.009114425
0,1,0.9999453
0,1,0.99994063
0,1,0.99985766
0,0,5.5417433e-05
0,1,0.99911505
0,1,0.60463136
0,1,0.9994192
0,1,0.90796924
0,0,0.11554475
0,0,0.0003697646
0,1,0.91226095
0,1,0.99885833
0,0,0.109290145
0,1,0.6015621
0,1,0.9387298
0,1,0.99791044
0,0,0.0121873
0,1,0.9510148
0,1,0.97373545
0,1,0.999972
0,1,0.5776255
0,1,0.99996674
0,0,0.0007465428
0,0,0.0002210112
0,0,0.00033176757
0,1,0.9998821
0,0,7.409588e-05
0,1,0.99650514
0,0,7.169155e-05
0,1,0.9999187
0,0,0.12045199
0,0,0.0025342433
0,0,0.00040706038
0,1,0.8330882
0,1,0.9999714
0,0,0.22350635
0,1,0.99621624
0,1,0.99997425
0,1,0.99997175
0,0,0.0064441385
0,1,0.9911827
0,1,0.9999162
0,1,0.5546222
0,0,0.017578842
0,0,0.0016641769
0,0,0.20096631
0,0,7.440544e-05
0,1,0.7017659
0,1,0.9999714
0,0,0.00084123196
0,1,0.99964774
0,1,0.5878899
0,0,9.127465e-05
0,0,0.0018935169
0,1,0.7202193
0,1,0.99137646
0,1,0.9991067
0,0,0.19584192
0,0,0.44260216
0,0,0.2890329
0,1,0.99962366
0,1,0.99993956
0,0,4.4913e-05
0,1,0.83854717
0,0,0.00792035
0,0,0.13606866
0,0,0.006636566
0,0,0.0020125369
0,1,0.9997179
0,1,0.9052002
0,1,0.99997246
0,1,0.96698296
0,1,0.9977768
0,0,0.2711467
0,1,0.9931011
0,1,0.99166495
0,0,0.25246927
0,0,0.01217609
0,0,5.2403615e-05
0,0,9.647576e-05
0,0,0.00010585398
0,0,0.0045584673
0,1,0.99870634
0,0,6.513355e-05
0,0,0.063498415
0,1,0.9993161
0,1,0.99189115
0,0,0.039711546
0,1,0.99993634
0,1,0.99993646
0,1,0.99992085
0,1,0.9999336
0,0,4.0263316e-05
0,1,0.8861515
0,0,7.380583e-05
0,0,0.00017366564
0,1,0.99989617
0,1,0.9865963
0,0,0.00011161753
0,1,0.9977245
0,0,0.00018148938
0,1,0.9999201
0,0,0.00012122046
0,1,0.72022945
0,0,4.892642e-05
0,0,0.06429113
0,0,6.677266e-05
0,0,0.0001593422
0,1,0.76176983
0,0,0.00036928794
0,1,0.99517775
0,0,0.00012636548
0,1,0.99997354
0,0,0.00015757144
0,0,0.00010581109
0,1,0.9965095
0,0,9.112664e-05
0,1,0.6788309
0,1,0.99899346
0,1,0.91716605
0,1,0.92962205
0,1,0.99914014
0,1,0.99696547
0,0,0.0013836127
0,1,0.8513842
0,1,0.9999361
0,1,0.9999484
0,1,0.80425644
0,0,0.14853288
0,1,0.99361354
0,1,0.9999596
0,1,0.99968386
0,1,0.9997594
0,1,0.9906441
0,1,0.9981035
0,0,0.0003081817
0,1,0.99997425
0,1,0.9992824
0,1,0.9999652
0,1,0.99979144
0,1,0.9999672
0,0,6.3458436e-05
0,1,0.99996865
0,0,0.00014710528
0,1,0.97365934
0,0,0.10762597
0,0,6.926515e-05
0,1,0.9993055
0,1,0.542365
0,1,0.9382817
0,0,5.5028526e-05
0,1,0.999559
0,1,0.99996424
0,0,0.00016859102
0,0,5.5196077e-05
0,0,0.0005772529
0,0,0.0021164839
0,0,0.105938606
0,1,0.9999598
0,0,0.03201324
0,0,0.0004970872
0,1,0.609613
0,1,0.99988747
0,0,0.009932358
0,1,0.9986192
0,0,0.024200955
0,0,0.0008022209
0,1,0.9609154
0,0,7.001371e-05
0,1,0.9992092
0,0,0.16402854
0,1,0.57099724
0,1,0.99668956
0,1,0.8192182
0,1,0.9999471
0,0,0.00046273303
0,0,0.0016089168
0,0,0.0012501433
0,1,0.7181683
0,0,0.00010501057
0,0,0.00011536852
0,0,0.28231475
0,0,4.677006e-05
0,1,0.82447803
0,1,0.9999397
0,0,0.03307809
0,1,0.9999654
0,1,0.9911122
0,1,0.9792462
0,0,0.00993238
0,1,0.9999645
0,0,5.2148083e-05
0,0,5.6506233e-05
0,1,0.9999547
0,1,0.99359494
0,0,0.33733
0,1,0.9996687
0,1,0.9999323
0,0,0.09100316
0,1,0.99965954
0,1,0.8248832
0,0,0.10544285
0,0,3.9456656e-05
0,1,0.99996626
0,1,0.99984884
0,1,0.98370117
0,0,0.12729605
0,0,0.0016202952
0,0,6.197787e-05
0,0,0.07255449
0,1,0.9998344
0,0,0.00016074005
0,0,9.318946e-05
0,1,0.9999404
0,1,0.9991278
0,1,0.99993455
0,1,0.9510074
0,0,6.8497946e-05
0,1,0.99589586
0,0,0.009376003
0,0,4.280605e-05
0,1,0.8939068
0,0,0.20919308
0,1,0.9079321
0,1,0.99996054
0,0,0.06220014
0,0,0.0039215083
0,1,0.81574225
0,1,0.5763711
0,0,0.2788404
0,0,8.796556e-05
0,1,0.98536426
0,1,0.9454194
0,0,0.0033388517
0,1,0.93127036
0,0,0.23610945
0,0,0.22190401
0,0,0.02860402
0,1,0.84118855
0,0,0.06392234
0,1,0.99475396
0,1,0.9001307
0,1,0.9999659
0,0,0.032988444
0,0,4.786693e-05
0,1,0.99529016
0,1,0.99995816
0,1,0.9998222
0,1,0.93937004
0,0,7.273522e-05
0,1,0.8725499
0,1,0.7930992
0,0,0.0032808925
0,0,0.0017721605
0,0,0.28983042
0,1,0.99996924
0,0,0.40967152
0,1,0.9931965
0,0,8.220362e-05
0,0,0.00014042789
0,0,0.0009008213
0,1,0.9791135
0,1,0.8055808
0,1,0.76642114
0,1,0.9999149
0,1,0.9995289
0,1,0.99996734
0,0,0.024695806
0,1,0.99996173
0,0,0.42946178
0,0,0.07536592
0,0,8.937447e-05
0,0,6.622528e-05
0,1,0.99571323
0,1,0.9980788
0,0,0.012410956
0,0,0.02009086
0,0,0.00011690351
0,1,0.61076605
0,1,0.99989164
0,1,0.9999628
0,0,4.5140227e-05
0,1,0.9966445
0,1,0.99935204
0,0,0.00010352623
0,1,0.99997044
0,1,0.998389
0,1,0.8851013
0,1,0.99995637
0,0,0.38532186
0,0,0.011111545
0,1,0.8774238
0,1,0.99996936
0,1,0.89059216
0,1,0.99988985
0,0,9.109953e-05
0,0,5.9795024e-05
0,1,0.9826645
0,0,0.0009231965
0,0,0.00013330785
0,0,7.4744166e-05
0,1,0.99786645
0,0,0.0005043441
0,0,0.007296441
0,1,0.63924026
0,0,7.156771e-05
0,0,0.00019165759
0,0,0.00012551835
0,0,8.7154905e-05
0,1,0.717236
0,0,0.46752855
0,1,0.7116224
0,1,0.9999727
0,1,0.9998584
0,0,6.5208624e-05
0,0,9.67075e-05
0,0,0.00016064229
0,1,0.9999672
0,0,0.0049207294
0,0,3.564272e-05
0,1,0.9693322
0,1,0.99927634
0,0,0.0036509186
0,1,0.9999541
0,1,0.73327994
0,1,0.9989318
0,0,0.000250791
0,1,0.99295664
0,1,0.984329
0,0,0.066261955
0,0,9.1738526e-05
0,1,0.5650409
0,1,0.99997103
0,1,0.99949694
0,0,0.00015436721
0,0,9.938446e-05
0,0,0.19052684
0,0,0.003611767
0,1,0.9999747
0,1,0.826149
0,0,0.24014342
0,1,0.9999565
0,0,8.563543e-05
0,0,0.0054529896
0,1,0.925318
0,1,0.626354
0,1,0.97676724
0,0,0.35875574
0,1,0.8982198
0,1,0.85344535
0,1,0.9922764
0,1,0.8514241
0,1,0.99983394
0,0,0.0005130532
0,0,0.0033699402
0,1,0.58096707
0,1,0.99968886
0,0,0.00310124
0,1,0.99986875
0,1,0.9999654
0,0,0.13356763
0,0,0.28807628
0,1,0.6304676
0,1,0.9615176
0,1,0.99996305
0,0,0.0019758756
0,0,7.964741e-05
0,1,0.8781651
0,0,0.00019786756
0,0,5.0681196e-05
0,1,0.99995744
0,0,0.23344688
0,0,0.00010680759
0,0,8.849057e-05
0,1,0.9999385
0,1,0.9999268
0,1,0.97673404
0,0,0.4117183
0,1,0.9367988
0,1,0.999778
0,1,0.9999629
0,0,6.0935887e-05
0,1,0.9907064
0,0,0.0046989676
0,0,0.00019237347
0,0,0.07136945
0,1,0.99993336
0,0,9.841647e-05
0,0,7.963077e-05
0,1,0.91177213
0,0,0.2409583
0,0,0.072737984
0,1,0.9425896
0,1,0.91188186
0,1,0.9998518
0,0,0.002817335
0,1,0.9999721
0,1,0.9992143
0,1,0.9999317
0,0,0.22936346
0,1,0.63073885
0,0,0.00020424325
0,0,0.07595406
0,0,9.077166e-05
0,1,0.9996377
0,1,0.99964607
0,0,0.008224399
0,0,0.00010222427
0,1,0.9999701
0,0,0.025540128
0,1,0.96908724
0,0,0.17557374
0,1,0.99949825
0,0,0.0006811253
0,1,0.9989537
0,0,0.2655147
0,0,9.765226e-05
0,1,0.9999546
0,1,0.9999635
0,1,0.99992657
0,1,0.99994826
0,0,5.3425163e-05
0,1,0.9999068
0,1,0.99319345
0,0,9.936077e-05
0,0,0.2853694
0,1,0.99933964
0,1,0.999734
0,1,0.9971367
0,0,0.00017551347
0,1,0.9999076
0,0,0.00012808596
0,1,0.73513836
0,0,0.089838006
0,0,7.637489e-05
0,1,0.9999677
0,1,0.9997534
0,0,0.009594494
0,1,0.9999671
0,1,0.9928733
0,1,0.5781946
0,1,0.75663215
0,0,8.77024e-05
0,1,0.9985159
0,1,0.8670585
0,1,0.9999664
0,1,0.99366176
0,0,0.23224883
0,0,0.13959382
0,1,0.99935836
0,0,0.00030447278
0,0,7.279447e-05
0,0,0.261669
0,1,0.9995783
0,1,0.99997306
0,0,5.4804434e-05
0,1,0.99982065
0,1,0.99939144
0,1,0.99994826
0,0,5.528773e-05
0,1,0.990325
0,0,9.38068e-05
0,0,5.363527e-05
0,0,0.004985775
0,0,0.106748514
0,1,0.99988616
0,1,0.87398064
0,1,0.99997246
0,0,0.008381055
0,1,0.98849773
0,0,0.075908765
0,0,0.0002658726
0,0,0.21979578
0,0,7.4561125e-05
0,0,5.7986064e-05
0,0,0.00042927839
0,1,0.9985268
0,1,0.9904142
0,1,0.984929
0,1,0.89801157
0,0,0.0014457
0,0,8.3941435e-05
0,1,0.99993813
0,0,0.0068044565
0,0,0.003879531
0,1,0.9999374
0,1,0.7026812
0,0,0.33366787
0,0,0.031965356
0,1,0.9998184
0,0,6.3083986e-05
0,1,0.9982272
0,1,0.99395627
0,1,0.99993145
0,1,0.9999206
0,0,5.575445e-05
0,1,0.9999633
0,0,8.815206e-05
0,0,0.005262557
0,1,0.9968656
0,0,9.887035e-05
0,0,0.10213886
0,1,0.99448144
0,0,8.097938e-05
0,0,7.397275e-05
0,0,0.11368986
0,0,0.0007810095
0,0,0.0002898899
0,1,0.79331034
0,1,0.99130857
0,0,0.057125587
0,0,0.038531765
0,1,0.9926218
0,1,0.9994893
0,0,0.0065369667
0,1,0.93657506
0,1,0.9999622
0,0,9.4726274e-05
0,1,0.9998248
0,1,0.96176547
0,0,0.00013239967
0,0,4.4985703e-05
0,1,0.9987664
0,0,5.2204905e-05
0,0,0.004361879
0,0,0.00018882105
0,1,0.68280274
0,0,0.36166945
0,0,0.00010288389
0,1,0.99961877
0,0,0.007163412
0,1,0.96126544
0,1,0.6522963
0,0,0.0007184446
0,0,6.410871e-05
0,0,0.003481235
0,1,0.9998456
0,0,6.777581e-05
0,1,0.6318657
0,0,0.00040121132
0,1,0.9920481
0,1,0.9990752
0,1,0.8379468
0,1,0.94505566
0,0,0.0043202657
0,0,9.830148e-05
0,1,0.9999664
0,1,0.6152843
0,1,0.94671863
0,0,8.756393e-05
0,1,0.999684
0,1,0.9815692
0,0,5.6977533e-05
0,0,0.008461814
0,1,0.9350739
0,0,0.25658473
0,1,0.7762597
0,1,0.9999714
0,1,0.9795919
0,0,0.22486416
0,1,0.9855598
0,1,0.99994993
0,1,0.98654723
0,1,0.99888474
0,0,0.00788517
0,1,0.9999248
0,1,0.5531255
0,0,0.0060424367
0,1,0.8739169
0,1,0.7159106
0,0,0.0043915794
0,1,0.89962274
0,0,0.25131083
0,1,0.9999536
0,0,0.00033017725
0,1,0.9998642
0,0,0.13120319
0,1,0.9995776
0,0,6.572304e-05
0,1,0.81740767
0,0,0.2550748
0,0,5.500256e-05
0,0,0.48811302
0,0,0.00012683701
0,1,0.7596763
0,1,0.50138867
0,0,0.011520762
0,0,7.820397e-05
0,0,0.0107866125
0,0,3.366851e-05
0,1,0.9999695
0,1,0.99991155
0,0,0.0003183323
0,0,0.0053904317
0,1,0.99990475
0,1,0.9998913
0,1,0.7393885
0,1,0.9985197
0,1,0.6114228
0,0,7.916167e-05
0,1,0.9896792
0,1,0.9133046
0,0,8.861723e-05
0,0,0.3847837
0,1,0.9998006
0,0,5.0363597e-05
0,1,0.9929367
0,1,0.7733256
0,1,0.99989116
0,1,0.99996626
0,0,0.26776686
0,1,0.9152164
0,1,0.9999609
0,0,0.0005858908
0,1,0.9999702
0,0,0.0003440408
0,0,0.04914917
0,1,0.7742328
0,0,6.0222093e-05
0,0,0.0034809657
0,1,0.9999697
0,1,0.84900075
0,1,0.9999733
0,0,6.661271e-05
0,0,0.44455704
0,1,0.947483
0,1,0.9038541
0,0,0.4911188
0,0,9.129363e-05
0,1,0.9401869
0,0,0.10463813
0,0,0.00043877258
0,0,0.33831704
0,1,0.9999738
0,0,0.10922388
0,0,0.05624022
0,0,0.022648474
0,0,4.5806308e-05
0,1,0.9999151
0,1,0.9883829
0,1,0.99995553
0,0,0.027543105
0,0,4.882816e-05
0,1,0.99991727
0,0,0.110270716
0,0,0.0005973476
0,0,0.0070685428
0,1,0.9999269
0,1,0.9999715
0,1,0.9998553
0,0,6.995111e-05
0,0,0.19457991
0,0,0.00013820993
0,1,0.9998356
0,1,0.95685357
0,0,6.627891e-05
0,0,0.064810395
0,1,0.9999715
0,0,9.771345e-05
0,1,0.9930494
0,0,6.317923e-05
0,1,0.9835985
0,0,0.4922847
0,0,4.110732e-05
0,1,0.5674602
0,1,0.7355376
0,0,0.00044575564
0,1,0.9999616
0,1,0.9979936
0,1,0.9999405
0,0,7.987186e-05
0,0,0.0018566083
0,1,0.98224545
0,0,0.000201855
0,0,0.4814171
0,1,0.73927057
0,0,0.035840757
0,1,0.9999621
0,0,0.00010659758
0,0,0.40766102
0,1,0.99647176
0,1,0.7732726
0,0,0.033255715
0,1,0.9982262
0,0,0.00012748962
0,1,0.9999337
0,0,0.00016524813
0,1,0.99983644
0,1,0.7608567
0,1,0.99996555
0,1,0.5183034
0,1,0.9999583
0,0,0.16058663
0,1,0.9999708
0,0,0.34443417
0,1,0.786204
0,0,0.0017728725
0,0,0.11943546
0,0,0.022581842
0,1,0.9992931
0,1,0.96509373
0,1,0.9999684
0,1,0.8124323
0,1,0.99968624
0,1,0.99997246
0,0,0.29821905
0,0,6.465371e-05
0,0,0.00024935804
0,1,0.9993068
0,1,0.819532
0,1,0.99272376
0,0,0.10551348
0,0,0.18033098
0,1,0.99997354
0,1,0.99996746
0,1,0.9965288
0,1,0.89218456
0,1,0.99535996
0,0,0.0012809645
0,0,0.13062091
0,0,0.00013577974
0,0,0.00010432937
0,0,7.680728e-05
0,0,5.0842922e-05
0,0,0.13045539
0,1,0.9999683
0,1,0.9966493
0,1,0.9999418
0,1,0.9999386
0,0,8.4494684e-05
0,0,0.04822394
0,0,0.00015446704
0,1,0.87091607
0,0,0.0009451192
0,1,0.9999639
0,0,0.028411502
0,0,0.00010659859
0,1,0.9836279
0,1,0.62255156
0,0,0.0001142232
0,0,0.00011401643
0,1,0.78546304
0,1,0.9998779
0,0,0.1269819
0,1,0.99987876
0,0,0.00019242868
0,1,0.71818995
0,0,0.15965587
0,1,0.9999515
0,1,0.9997336
0,0,0.00011175342
0,0,0.00017288349
0,0,0.021570332
0,0,0.04202538
0,0,0.00018160968
0,0,0.35746387
0,0,0.00071328465
0,0,0.015536427
0,0,0.00012828043
0,1,0.9337933
0,1,0.99997306
0,1,0.5056081
0,0,0.3107417
0,0,0.08402751
0,0,5.500723e-05
0,1,0.99968505
0,0,4.5792764e-05
0,0,0.011331684
0,1,0.9997105
0,1,0.93681073
0,0,4.5279445e-05
0,1,0.9999707
0,1,0.97312814
0,1,0.94931954
0,0,4.2164178e-05
0,0,7.722707e-05
0,1,0.94121796
0,1,0.77078223
0,0,0.4342038
0,1,0.9999733
0,0,0.0406848
0,1,0.99996734
0,0,0.038401164
0,0,0.0003344708
0,1,0.98995376
0,1,0.9999027
0,0,7.528265e-05
0,1,0.99488467
0,0,0.041077662
0,1,0.9999721
0,0,0.48239988
0,0,0.107646115
0,1,0.9999273
0,1,0.96712935
0,1,0.9995265
0,0,0.037471186
0,1,0.8946156
0,0,0.38487977
0,0,6.771722e-05
0,1,0.8624711
0,0,0.007018172
0,1,0.55094093
0,1,0.9964116
0,0,0.0034170905
0,1,0.99982244
0,0,0.027316991
0,1,0.9025855
0,1,0.88779235
0,1,0.8448362
0,0,0.031694602
0,0,0.11818284
0,1,0.99996626
0,1,0.99862766
0,0,6.7350586e-05
0,0,0.00018448282
0,1,0.8541259
0,1,0.9966748
0,1,0.86665726
0,1,0.96237355
0,1,0.99924123
0,0,0.4674439
0,0,0.34086242
0,1,0.7447108
0,1,0.99995565
0,0,0.32438567
0,1,0.72770274
0,1,0.97970635
0,1,0.5892174
0,0,0.050725747
0,1,0.9984491
0,0,5.246197e-05
0,0,0.00012357779
0,1,0.999676
0,1,0.9963599
0,1,0.9999496
0,1,0.5361332
0,0,0.07816164
0,0,5.9451206e-05
0,1,0.97652936
0,1,0.99995613
0,0,0.0004067675
0,0,0.00017548203
0,0,6.328922e-05
0,0,0.018144751
0,1,0.932755
0,0,0.00039156893
0,0,0.32581553
0,0,0.00036645852
0,0,0.13799204
0,1,0.9229633
0,0,0.01247063
0,0,0.041625366
0,1,0.9965425
0,0,0.0039804853
0,1,0.87573594
0,1,0.9986589
0,0,6.39832e-05
0,1,0.9999689
0,1,0.97116685
0,0,4.754756e-05
0,0,5.845258e-05
0,1,0.81353426
0,1,0.9998325
0,0,0.00011278265
0,0,0.4297184
0,1,0.9998087
0,0,0.31504694
0,1,0.9999684
0,1,0.9999566
0,0,7.446762e-05
0,1,0.9770601
0,0,9.229933e-05
0,0,0.0004539151
0,1,0.9997924
0,1,0.9601276
0,0,0.17387702
0,1,0.9995515
0,0,7.380745e-05
0,1,0.99989974
0,0,0.016677674
0,1,0.9962555
0,1,0.9999646
0,1,0.9999645
0,0,0.09617774
0,0,0.054835547
0,1,0.99911135
0,1,0.9999653
0,0,6.495535e-05
0,1,0.99993753
0,0,8.7906636e-05
0,1,0.9999224
0,0,0.0017643748
0,0,0.37425685
0,0,0.24405168
0,1,0.9950712
0,0,0.006351308
0,1,0.9933935
0,0,7.527527e-05
0,1,0.9961876
0,1,0.8193709
0,1,0.9999523
0,1,0.60038173
0,1,0.9935489
0,0,0.0005869184
0,1,0.9999621
0,0,0.4294166
0,1,0.999546
0,1,0.8266136
0,1,0.99990785
0,0,0.00017759115
0,1,0.84059876
0,0,0.00012806032
0,0,0.3868426
0,1,0.957072
0,1,0.9999722
0,0,0.11307409
0,1,0.7349393
0,1,0.9999682
0,1,0.9399578
0,0,0.00018422565
0,1,0.9999566
0,1,0.9555099
0,0,4.1898475e-05
0,1,0.9993697
0,1,0.992152
0,0,0.033538103
0,1,0.96633863
0,0,0.000379827
0,0,0.30646586
0,0,0.40368176
0,1,0.9978136
0,0,6.793033e-05
0,1,0.9980052
0,0,0.0007670665
0,1,0.8097725
0,0,9.058411e-05
0,0,0.0004414065
0,0,0.00027940053
0,0,0.37896258
0,0,0.16730492
0,1,0.73544055
0,1,0.9979755
0,0,5.1053983e-05
0,0,3.5479265e-05
0,1,0.9990796
0,0,0.37268853
0,1,0.99995947
0,0,0.00010761348
0,0,0.00092898123
0,1,0.5870541
0,0,0.00045748995
0,0,0.0027260801
0,1,0.99996495
0,1,0.72916824
0,1,0.9923165
0,1,0.9454264
0,1,0.96700513
0,1,0.99723804
0,1,0.9960538
0,0,9.284336e-05
0,1,0.92870104
0,1,0.9638688
0,0,0.009240849
0,0,0.029735059
0,0,0.0070032747
0,0,0.20644008
0,1,0.5931574
0,0,0.0018409194
0,1,0.94047487
0,0,0.008300272
0,1,0.9924229
0,0,0.00080965756
0,1,0.99996793
0,0,0.016313272
0,1,0.79863197
0,0,0.03592682
0,0,7.035243e-05
0,1,0.9951439
0,0,9.017705e-05
0,1,0.99994946
0,0,0.3267694
0,0,6.648426e-05
0,1,0.9999342
0,1,0.99803406
0,0,0.022333384
0,0,0.000120680255
0,1,0.62708044
0,0,5.875683e-05
0,0,0.20144993
0,1,0.99996614
0,1,0.9999678
0,1,0.96656066
0,1,0.9999598
0,1,0.640311
0,1,0.51270866
0,1,0.75513077
0,0,0.030973962
0,1,0.9999163
0,1,0.99988925
0,0,0.00017416314
0,1,0.9999713
0,1,0.9716252
0,1,0.9976349
0,0,7.0181224e-05
0,1,0.6443586
0,1,0.99812907
0,1,0.97890157
0,0,0.002314679
0,0,5.2448067e-05
0,1,0.70199424
0,1,0.9925639
0,0,0.09975457
0,0,0.0011541058
0,1,0.9728958
0,1,0.9950618
0,0,0.0032008642
0,0,8.184475e-05
0,1,0.9999224
0,0,0.28044024
0,1,0.99996996
0,1,0.9999237
0,0,0.22554538
0,0,0.0047862255
0,0,0.36621138
0,1,0.9999732
0,0,0.003097056
0,1,0.5388958
0,0,0.00010554887
0,0,0.012097297
0,0,8.754841e-05
0,0,6.4866275e-05
0,0,0.0022911255
0,0,0.0053272103
0,0,8.1876286e-05
0,1,0.9993032
0,1,0.9999275
0,0,0.39396772
0,1,0.9942425
0,0,8.824022e-05
0,1,0.99418867
0,0,9.151816e-05
0,1,0.6581982
0,0,5.1933443e-05
0,0,0.00013311402
0,1,0.9999739
0,0,0.00013122735
0,1,0.99992657
0,1,0.9933743
0,1,0.9999685
0,0,0.0017910413
0,0,6.174615e-05
0,1,0.9083436
0,0,8.2886705e-05
0,0,0.0856067
0,1,0.9960461
0,1,0.99985766
0,0,0.4389713
0,1,0.9978927
0,1,0.96371955
0,1,0.99838424
0,0,0.11567544
0,0,0.102621414
0,0,0.05502626
0,0,0.00021519628
0,0,0.39663053
0,1,0.9751356
0,1,0.99995947
0,1,0.99975497
0,0,0.0062707644
0,0,0.00012372754
0,1,0.98999655
0,1,0.9999579
0,1,0.6081297
0,0,0.07569841
0,1,0.59008986
0,0,0.011537205
0,1,0.9719588
0,0,5.5184184e-05
0,0,9.405347e-05
0,0,0.18591994
0,0,5.964781e-05
0,0,0.46010494
0,0,0.00015550744
0,0,0.1267691
0,1,0.80773604
0,1,0.99716115
0,1,0.99908614
0,0,6.925286e-05
0,0,0.0026042354
0,0,0.00018716979
0,0,0.00012345707
0,1,0.8309764
0,0,0.012649272
0,0,0.008970427
0,0,0.00036316845
0,1,0.9716765
0,0,0.00997179
0,1,0.99674356
0,0,0.000118203796
0,1,0.9999485
0,0,0.0127363475
0,0,0.00013683291
0,0,0.38338614
0,0,0.00031815542
0,1,0.9997396
0,1,0.68880993
0,0,0.00032967216
0,1,0.9999269
0,1,0.9999615
0,1,0.5523483
0,1,0.8527905
0,1,0.8302539
0,0,0.011458061
0,1,0.9958346
0,0,3.309733e-05
0,1,0.99954814
0,1,0.99651587
0,1,0.9950606
0,1,0.97355735
0,1,0.99986434
0,0,0.00026660773
0,0,0.000615052
0,0,0.00014685637
0,0,0.021394609
0,1,0.9931739
0,1,0.9948472
0,1,0.8207115
0,0,0.19599235
0,0,0.0026564368
0,1,0.99210405
0,1,0.9999714
0,1,0.99996674
0,0,5.7791574e-05
0,0,0.0004609751
0,0,7.615656e-05
0,0,0.00027277495
0,1,0.8310682
0,1,0.99996495
0,1,0.5487529
0,1,0.9984389
0,1,0.9999696
0,1,0.99928504
0,0,0.0064811637
0,1,0.7377022
0,0,0.26198196
0,1,0.9987368
0,1,0.91387284
0,1,0.9999709
0,0,0.3212269
0,1,0.99987555
0,0,0.024838844
0,1,0.96919495
0,1,0.999974
0,0,0.000108507586
0,1,0.99987733
0,0,0.008776113
0,1,0.99988914
0,0,0.47926062
0,0,9.1995644e-05
0,0,7.653887e-05
0,1,0.99997246
0,1,0.84402853
0,0,0.007930983
0,0,0.014829957
0,0,6.536215e-05
0,1,0.99945885
0,1,0.9996754
0,1,0.9998141
0,1,0.6751417
0,1,0.999856
0,1,0.9999361
0,1,0.95073104
0,1,0.9731381
0,1,0.80271953
0,0,0.0001063472
0,1,0.9996971
0,0,7.525926e-05
0,1,0.9999417
0,1,0.9998878
0,0,0.020531654
0,1,0.99500066
0,1,0.99836594
0,1,0.9995079
0,1,0.6646363
0,1,0.99981576
0,0,0.013717719
0,1,0.69695777
0,1,0.7619387
0,1,0.76914996
0,0,0.32873592
0,0,0.07207399
0,1,0.9997181
0,0,0.17903481
0,1,0.9963464
0,0,0.02416565
0,1,0.99885464
0,1,0.9782535
0,0,0.42735317
0,1,0.99995995
0,0,0.04292089
0,1,0.9999645
0,1,0.97787946
0,1,0.99987113
0,0,0.0021503281
0,0,0.22262572
0,1,0.75370646
0,1,0.99948007
0,1,0.85713124
0,1,0.92537445
0,1,0.99996233
0,1,0.99995947
0,1,0.550924
0,1,0.9980646
0,1,0.7182919
0,0,0.0003779754
0,0,0.31126007
0,1,0.9911143
0,1,0.99981374
0,0,0.0001423873
0,0,0.05597355
0,1,0.999974
0,0,5.5123222e-05
0,1,0.99993455
0,0,0.48780787
0,1,0.9999423
0,1,0.9780673
0,0,0.00021035389
0,1,0.9980867
0,1,0.9999664
0,0,8.4364656e-05
0,0,0.14587787
0,0,7.3478936e-05
0,0,0.00023968823
0,0,4.2229854e-05
0,1,0.9998791
0,0,0.00011721628
0,1,0.9999368
0,0,0.14718293
0,0,0.00023360869
0,1,0.99820924
0,0,0.026891345
0,1,0.99993825
0,0,0.0068427525
0,1,0.9932594
0,0,6.8383335e-05
0,1,0.99997234
0,1,0.99994195
0,0,0.0021523673
0,0,0.0002363072
0,1,0.99985385
0,1,0.99995697
0,0,7.225793e-05
0,0,0.43458915
0,0,0.31812406
0,1,0.99589586
0,0,0.21288098
0,0,0.00016727112
0,1,0.9989698
0,1,0.63630503
0,0,0.4949176
0,1,0.92324686
0,0,0.47391525
0,1,0.7845585
0,0,5.3051397e-05
0,1,0.98290205
0,0,0.0012117253
0,0,0.00019639863
0,0,0.00072623417
0,0,0.00020217244
0,0,0.33563784
0,1,0.999951
0,1,0.99632484
0,0,0.14309864
0,0,7.004308e-05
0,0,0.00022949468
0,0,0.28159124
0,0,7.8789184e-05
0,0,0.00053851964
0,1,0.99966085
0,0,0.0019622114
0,0,0.08202787
0,1,0.90644115
0,1,0.99997365
0,0,6.949579e-05
0,0,0.0003553185
0,1,0.73013973
0,1,0.99997234
0,1,0.996318
0,1,0.895751
0,0,0.13846016
0,0,0.016710281
0,0,5.589473e-05
0,1,0.99990153
0,1,0.9999455
0,0,0.0002669674
0,1,0.99976295
0,1,0.8085785
0,1,0.99873525
0,1,0.581027
0,1,0.99605954
0,0,0.115556635
0,1,0.99748516
0,0,0.49042913
0,1,0.99822944
0,0,6.02753e-05
0,1,0.99996185
0,0,0.00013549779
0,0,0.01021117
0,0,0.009095076
0,1,0.9996792
0,1,0.79478043
0,1,0.99997187
0,1,0.92582923
0,1,0.9999571
0,0,0.33776
0,0,0.0024732233
0,0,0.025153667
0,1,0.9999565
0,1,0.8822605
0,1,0.99955946
0,1,0.68231237
0,0,0.0076009287
0,0,9.172715e-05
0,1,0.7106436
0,1,0.99996495
0,0,5.979759e-05
0,1,0.9999714
0,0,7.096139e-05
0,1,0.9894956
0,1,0.98472285
0,0,8.6199434e-05
0,1,0.7228196
0,0,7.782292e-05
0,1,0.8306084
0,1,0.9991635
0,1,0.8927622
0,1,0.99996424
0,0,0.18490854
0,1,0.99997175
0,1,0.9951351
0,1,0.9999491
0,0,5.5504057e-05
0,0,8.512509e-05
0,0,6.547382e-05
0,0,0.021834837
0,1,0.99946135
0,1,0.99996567
0,0,0.020627294
0,1,0.9999416
0,1,0.9509235
0,1,0.9995795
0,1,0.9372121
0,1,0.7453713
0,1,0.9995901
0,1,0.9962251
0,0,0.00076350325
0,0,0.00016891428
0,0,0.0113701215
0,1,0.8696742
0,1,0.9999708
0,0,0.37550727
0,0,0.007942287
0,1,0.79002804
0,1,0.5711901
0,1,0.99789387
0,1,0.9971547
0,0,0.08497505
0,0,0.00011806029
0,1,0.9999666
0,1,0.9960049
0,0,0.000110840505
0,1,0.7810258
0,1,0.65810245
0,1,0.9999057
0,0,9.1827285e-05
0,0,0.0002472548
0,1,0.99500966
0,0,7.438869e-05
0,1,0.9999114
0,0,7.7174074e-05
0,1,0.99940467
0,1,0.9797084
0,1,0.99990857
0,0,4.0457344e-05
0,1,0.998594
0,0,0.38678712
0,0,0.0006364987
0,0,0.011298979
0,1,0.9999336
0,0,8.634949e-05
0,0,0.00787898
0,0,4.562742e-05
0,1,0.9998944
0,1,0.88002616
0,0,4.4542467e-05
0,0,0.066467635
0,0,0.30143213
0,1,0.99991775
0,0,0.32027268
0,0,0.34980392
0,1,0.99995756
0,1,0.99978834
0,0,0.3079101
0,1,0.9999609
0,0,0.026952688
0,0,0.00018754743
0,1,0.9971239
0,0,8.434648e-05
0,0,0.00054550124
0,0,0.00068454375
0,0,0.13322403
0,0,0.06538524
0,0,4.6982797e-05
0,1,0.99997354
0,0,0.38060257
0,1,0.999948
0,1,0.9999684
0,1,0.99997425
0,1,0.99834466
0,1,0.9052219
0,0,7.651062e-05
0,0,7.106473e-05
0,1,0.99981576
0,1,0.9999666
0,1,0.9983594
0,1,0.9998741
0,1,0.7026316
0,0,0.0005717242
0,0,0.48326775
0,1,0.9914
0,0,0.00017229385
0,1,0.9999472
0,1,0.91626304
0,1,0.97059995
0,1,0.9999732
0,0,0.055677276
0,1,0.8656382
0,0,0.00017449624
0,0,7.9094054e-05
0,1,0.99928313
0,1,0.9986193
0,0,0.05332552
0,1,0.9214098
0,0,0.0022643541
0,1,0.9956527
0,0,0.035874363
0,1,0.99996436
0,0,0.00096917653
0,1,0.9980202
0,0,0.36868393
0,0,4.10207e-05
0,1,0.7903982
0,1,0.9978987
0,1,0.9999707
0,0,5.0279472e-05
0,0,0.1652744
0,1,0.83014774
0,1,0.93861353
0,0,0.1721892
0,1,0.9244348
0,1,0.99987185
0,0,0.0038363356
0,0,0.0001668151
0,0,0.22867888
0,1,0.99275714
0,0,0.010483262
0,1,0.97705907
0,0,0.0007850168
0,1,0.99997306
0,1,0.99994767
0,1,0.9949921
0,0,5.826109e-05
0,1,0.99994135
0,1,0.9919103
0,0,0.16468273
0,0,0.06364519
0,0,0.41350746
0,0,0.31035274
0,0,7.433126e-05
0,1,0.9415327
0,0,0.26548967
0,0,0.0700758
0,0,0.12295055
0,1,0.57691514
0,1,0.97539765
0,1,0.9999677
0,1,0.99976796
0,0,0.38577282
0,0,0.00051599304
0,0,4.943858e-05
0,1,0.9999708
0,0,8.325618e-05
0,0,0.3169188
0,0,0.0015776423
0,1,0.9342295
0,0,0.00022836642
0,1,0.9999678
0,1,0.9998752
0,0,0.00078555703
0,0,5.991603e-05
0,0,0.00012855657
0,1,0.9645442
0,0,0.00023585545
0,1,0.5476747
0,0,0.00029176674
0,0,0.0070660836
0,1,0.8254975
0,1,0.9998554
0,1,0.9999671
0,0,0.21447523
0,0,0.060618278
0,1,0.9923304
0,0,0.0014122764
0,1,0.99979645
0,1,0.99994504
0,1,0.9997192
0,0,0.0030107659
0,0,6.0294034e-05
0,0,0.13715357
0,0,8.907736e-05
0,1,0.99997413
0,0,5.374863e-05
0,0,0.2772581
0,0,0.00014561451
0,0,0.00011619092
0,0,0.004741787
0,1,0.8292611
0,0,0.032698777
0,1,0.9839813
0,0,0.13618715
0,0,5.0338196e-05
0,1,0.9993149
0,1,0.99786454
0,0,4.3117463e-05
0,0,0.1998198
0,1,0.9998202
0,0,0.10540231
0,1,0.9999614
0,1,0.96985
0,0,5.503188e-05
0,1,0.9999355
0,0,0.0004813684
0,1,0.9998853
0,0,4.2984648e-05
0,1,0.9580724
0,0,0.0010720417
0,1,0.9051125
0,1,0.9941863
0,0,0.32575318
0,0,0.1773905
0,1,0.8155763
0,0,9.3044015e-05
0,0,7.9622805e-05
0,1,0.93600374
0,1,0.9999343
0,0,0.029179277
0,1,0.74506146
0,0,8.126459e-05
0,0,0.066364266
0,0,0.041495956
0,0,5.4626147e-05
0,1,0.99995995
0,1,0.9999447
0,1,0.99595815
0,1,0.6615178
0,0,0.4239194
0,0,0.444353
0,0,0.00023635048
0,0,7.3993775e-05
0,0,8.110558e-05
0,0,5.5787485e-05
0,0,0.14652501
0,0,0.41996518
0,0,0.00011691868
0,1,0.9637088
0,1,0.99994385
0,0,0.482359
0,0,0.2836385
0,0,0.037038222
0,0,0.00010458666
0,0,0.000110813235
0,0,7.059025e-05
0,1,0.999972
0,0,0.000105554
0,0,0.37360597
0,1,0.6756717
0,0,0.39498326
0,0,0.00010854659
0,1,0.9743868
0,1,0.6446681
0,1,0.9993005
0,1,0.9916802
0,1,0.99997115
0,0,0.00012169718
0,1,0.99972993
0,1,0.76537424
0,1,0.98121053
0,1,0.9999285
0,1,0.99992156
0,1,0.9906833
0,0,0.0019585635
0,1,0.9677517
0,0,0.00010073993
0,1,0.9995844
0,1,0.9999739
0,1,0.99993014
0,0,8.638952e-05
0,0,0.08793967
0,1,0.5702139
0,1,0.9999491
0,0,0.09152901
0,0,0.4231071
0,1,0.9960294
0,0,0.053038612
0,0,0.01774402
0,0,8.613681e-05
0,0,0.00013098808
0,1,0.9999665
0,0,0.000119088974
0,1,0.827933
0,0,0.021370621
0,0,0.31816906
0,1,0.9171107
0,1,0.93197644
0,0,0.003916803
0,0,0.1213262
0,1,0.5492732
0,1,0.97864175
0,0,0.0026639074
0,1,0.9999689
0,1,0.9999143
0,1,0.99997115
0,0,0.00010737147
0,1,0.97333956
0,0,6.341052e-05
0,0,7.472164e-05
0,0,0.000107023305
0,0,0.39560646
0,0,0.00014980367
0,0,0.12454109
0,0,0.0035484065
0,1,0.999962
0,0,3.830056e-05
0,1,0.9568697
0,0,0.39527503
0,1,0.5942362
0,0,9.975247e-05
0,0,0.0004138691
0,0,0.11638957
0,1,0.99570906
0,1,0.99975914
0,1,0.9999392
0,1,0.9999666
0,1,0.5209839
0,1,0.9441717
0,0,0.000108315086
0,0,7.879054e-05
0,0,0.00018612118
0,1,0.99862945
0,0,0.32449734
0,1,0.9879402
0,1,0.92395186
0,0,9.573782e-05
0,1,0.9988477
0,0,0.05180074
0,0,4.9415907e-05
0,1,0.9985966
0,0,7.8339974e-05
0,1,0.99996734
0,0,0.00014847785
0,0,0.0006214429
0,1,0.99971765
0,0,0.017641455
0,1,0.93484926
0,1,0.9999728
0,1,0.999826
0,1,0.97844666
0,0,8.250094e-05
0,1,0.99779236
0,1,0.7018235
0,1,0.99921954
0,1,0.99997175
0,1,0.99548507
0,1,0.99994767
0,0,0.028615639
0,0,0.356062
0,0,7.758403e-05
0,0,0.081962995
0,0,0.00011806255
0,0,0.009276871
0,0,7.99415e-05
0,0,0.0006233761
0,1,0.9965238
0,0,9.512012e-05
0,0,0.2804344
0,1,0.9999614
0,0,0.0001837236
0,1,0.999874
0,1,0.999851
0,1,0.99993086
0,0,0.21979573
0,0,4.8740607e-05
0,1,0.99615943
0,0,0.035801582
0,0,8.748581e-05
0,1,0.9999647
0,1,0.99997437
0,1,0.9698064
0,0,0.0006753845
0,0,9.305005e-05
0,0,5.9093472e-05
0,1,0.99995565
0,1,0.99984014
0,1,0.9999447
0,0,0.0001230712
0,0,8.300543e-05
0,0,5.5152927e-05
0,0,0.3528947
0,1,0.9965397
0,1,0.98124737
0,1,0.9997683
0,1,0.9984257
0,1,0.5429212
0,1,0.9999639
0,0,0.342536
0,1,0.99815685
0,1,0.99985814
0,0,0.0018723854
0,1,0.9724186
0,1,0.9720035
0,0,0.04742189
0,1,0.71045786
0,1,0.9338492
0,0,0.00027676416
0,0,0.26601115
0,1,0.9995546
0,0,7.491292e-05
0,0,0.07385805
0,0,7.8010766e-05
0,1,0.9998548
0,1,0.9999738
0,0,0.0014288919
0,1,0.98735386
0,1,0.97238535
0,1,0.99993944
0,1,0.99996984
0,0,0.015277003
0,1,0.99970156
0,0,8.916149e-05
0,0,4.2190564e-05
0,1,0.9999304
0,0,5.429708e-05
0,0,0.027447237
0,1,0.999967
0,0,0.00012416342
0,1,0.99655825
0,0,0.00023053268
0,0,0.32728863
0,1,0.757444
0,1,0.9991732
0,1,0.9040512
0,1,0.9998406
0,0,0.033280063
0,1,0.99910104
0,0,0.16833907
0,0,0.00032408466
0,1,0.9999325
0,1,0.95362216
0,0,0.0002926256
0,1,0.99615854
0,1,0.99989665
0,1,0.9999641
0,0,0.00018155116
0,0,5.9238417e-05
0,0,5.049204e-05
0,0,0.0040962375
0,0,0.00028726243
0,1,0.9998995
0,0,0.000120261175
0,1,0.9782242
0,1,0.9892022
0,1,0.95540905
0,0,0.039027523
0,1,0.73951143
0,1,0.99997306
0,1,0.9988257
0,1,0.9999186
0,1,0.99996626
0,1,0.99984884
0,0,4.336955e-05
0,1,0.99990046
0,1,0.99993527
0,1,0.99995625
0,1,0.99401915
0,1,0.99997425
0,1,0.9999229
0,1,0.9868831
0,1,0.94081813
0,1,0.9078818
0,1,0.957396
0,0,0.054133113
0,0,0.0006607959
0,1,0.52224284
0,0,0.0005788893
0,1,0.99997044
0,0,0.047853533
0,1,0.9999243
0,1,0.8461001
0,0,0.40807632
0,0,0.07149913
0,1,0.8440989
0,0,0.19340709
0,0,0.004065409
0,1,0.98708874
0,0,0.00026164297
0,1,0.99996626
0,0,0.0018641541
0,0,0.15511836
0,0,0.0003614956
0,1,0.9982198
0,0,0.00020108526
0,1,0.653655
0,0,0.37696403
0,1,0.86517066
0,1,0.99680257
0,0,0.36923873
0,1,0.9998217
0,0,0.09167122
0,1,0.99987423
0,0,0.000920386
0,1,0.9927229
0,0,0.00046052312
0,0,0.00017513834
0,1,0.9969484
0,0,0.00012943753
0,0,0.00011632328
0,0,0.054142393
0,1,0.99986637
0,0,0.127338
0,1,0.99996614
0,1,0.999808
0,0,0.0029998715
0,1,0.6804656
0,0,0.00011026439
0,1,0.81076205
0,0,0.00072939694
0,1,0.9923602
0,1,0.9999416
0,0,0.015971221
0,1,0.95389307
0,1,0.99995923
0,0,0.0018583074
0,1,0.66807246
0,1,0.88310796
0,1,0.8469624
0,0,0.00017572514
0,0,0.2792904
0,1,0.94710636
0,0,0.049257204
0,0,0.0044444343
0,0,0.00025269555
0,1,0.99238425
0,1,0.9966498
0,0,0.31333768
0,1,0.999951
0,1,0.99875474
0,0,0.00014334389
0,1,0.99978834
0,1,0.99992144
0,0,0.0005121761
0,1,0.99996555
0,0,0.0019550081
0,1,0.9171785
0,1,0.9998621
0,1,0.99994886
0,0,0.01673906
0,0,0.18069829
0,1,0.99997246
0,1,0.9999716
0,0,0.25227898
0,1,0.9008394
0,1,0.99995124
0,0,0.4709797
0,0,6.35939e-05
0,1,0.9998758
0,1,0.6949345
0,0,0.054468673
0,0,6.3530126e-05
0,0,0.111181304
0,0,0.00076916884
0,1,0.6332628
0,1,0.9987723
0,0,0.12863791
0,1,0.99983716
0,0,0.00018275705
0,1,0.9964005
0,0,0.3400124
0,1,0.59132946
0,0,6.555428e-05
0,0,5.1261908e-05
0,0,7.714743e-05
0,1,0.99996436
0,1,0.9984125
0,0,0.0003393872
0,1,0.73545766
0,0,0.36710986
0,1,0.99996126
0,0,0.19717446
0,1,0.99847704
0,0,0.005291976
0,1,0.9999455
0,0,9.309088e-05
0,1,0.9997384
0,1,0.9999685
0,0,4.6301786e-05
0,1,0.993849
0,1,0.99996877
0,1,0.9993338
0,1,0.95896053
0,1,0.9997739
0,1,0.9994413
0,0,0.256547
0,1,0.52347064
0,1,0.9908799
0,0,0.002892041
0,0,0.0049170293
0,1,0.99994266
0,1,0.934783
0,1,0.9995552
0,1,0.9241478
0,0,0.0005238214
0,1,0.99994135
0,1,0.9941444
0,0,0.014028075
0,1,0.9999286
0,0,0.00012902706
0,0,0.0023516435
0,0,0.0153014045
0,0,0.00014776376
0,1,0.99982125
0,1,0.9898803
0,1,0.84384537
0,1,0.9923613
0,0,0.00014128172
0,1,0.99967146
0,1,0.99997103
0,1,0.8118221
0,1,0.9999069
0,1,0.9987451
0,1,0.9999155
0,1,0.9997018
0,0,0.032239553
0,1,0.5712986
0,0,0.040226236
0,0,9.103171e-05
0,1,0.9999608
0,0,0.00010709416
0,1,0.99813557
0,0,0.002951733
0,0,0.004179818
0,0,0.02071988
0,0,0.00021180052
0,1,0.99518496
0,0,4.8775062e-05
0,0,0.0053816186
0,1,0.9990608
0,1,0.99956673
0,1,0.7730958
0,0,0.009617247
0,0,4.3135675e-05
0,1,0.9998336
0,0,0.01018876
0,1,0.99988914
0,0,8.223576e-05
0,0,6.953418e-05
0,1,0.91648626
0,0,0.05821634
0,1,0.9987895
0,1,0.98479676
0,0,0.00012981812
0,0,0.00010564615
0,1,0.9999728
0,0,0.32401946
0,1,0.9978849
0,1,0.99195975
0,1,0.9992341
0,0,0.0036510655
0,1,0.61923134
0,1,0.9799084
0,0,8.775436e-05
0,0,0.49400538
0,0,6.258713e-05
0,1,0.9787669
0,1,0.99895084
0,0,0.18170893
0,1,0.65267324
0,1,0.9882228
0,0,0.0014403708
0,0,4.8981034e-05
0,0,0.00013106815
0,0,0.37693867
0,0,0.43838748
0,1,0.9993948
0,1,0.98257345
0,1,0.98994446
0,0,0.03476522
0,1,0.9999707
0,0,0.00011296055
0,0,0.3361575
0,0,0.09059238
0,0,0.000110533154
0,0,5.8792084e-05
0,1,0.99991024
0,0,0.03736461
0,0,0.00066030235
0,0,8.51994e-05
0,1,0.9997212
0,0,0.00022035261
0,0,0.017663127
0,0,8.024947e-05
0,0,6.442452e-05
0,1,0.99995935
0,1,0.99993896
0,0,0.3599794
0,1,0.9999746
0,1,0.9999567
0,1,0.8387485
0,1,0.9998147
0,1,0.98111296
0,0,0.0017643875
0,1,0.93424666
0,0,0.4777001
0,1,0.7158153
0,0,0.000979098
0,0,0.07499572
0,1,0.9999603
0,1,0.9999738
0,1,0.9999627
0,1,0.9891832
0,1,0.9999467
0,0,9.525392e-05
0,1,0.9999559
0,1,0.9999682
0,0,0.001145396
0,0,0.06891425
0,1,0.99266064
0,0,8.8812056e-05
0,1,0.99996865
0,0,0.00013601664
0,0,0.32809028
0,1,0.73314
0,1,0.67948663
0,0,9.260144e-05
0,1,0.9999602
0,0,4.0139104e-05
0,0,0.0029783738
0,0,0.34237856
0,0,0.11199188
0,0,0.00022850277
0,1,0.931096
0,0,0.00055794336
0,1,0.99995494
0,1,0.7621297
0,1,0.99232155
0,1,0.9999393
0,0,0.0001224655
0,1,0.9999682
0,0,0.47443557
0,0,4.2264055e-05
0,0,0.00011765324
0,1,0.7142308
0,0,8.090041e-05
0,1,0.98089856
0,1,0.69344634
0,0,0.00024539218
0,0,0.027542587
0,1,0.53825766
0,1,0.9994099
0,0,0.00013216921
0,1,0.99997056
0,1,0.99986005
0,1,0.9999348
0,0,0.00011124966
0,1,0.87556374
0,1,0.77941674
0,0,0.007977739
0,0,5.0967097e-05
0,0,6.731321e-05
0,1,0.9984262
0,0,0.07314057
0,0,0.0035231055
0,1,0.9999641
0,1,0.99990547
0,0,6.36099e-05
0,0,8.1471066e-05
0,0,0.00028434358
0,1,0.99974483
0,0,0.00022307536
0,1,0.7963976
0,0,0.0035273063
0,0,0.0008746585
0,0,0.33511063
0,0,0.2596575
0,1,0.99518085
0,0,0.00045704268
0,0,0.17996264
0,1,0.9897675
0,1,0.9781546
0,1,0.9999602
0,1,0.9999465
0,0,0.4262364
0,1,0.999933
0,0,0.00022151372
0,1,0.7417428
0,0,6.298853e-05
0,1,0.99983597
0,0,0.41147465
0,0,0.00013951509
0,1,0.6068508
0,0,0.0001491135
0,0,0.0016294407
0,1,0.9990044
0,1,0.6126021
0,1,0.9992785
0,0,0.31674746
0,1,0.9999577
0,0,0.10814958
0,0,0.055092677
0,0,0.0010553121
0,1,0.99995947
0,1,0.9993407
0,1,0.9994746
0,1,0.5997347
0,0,0.0018935987
0,1,0.98533255
0,0,0.2534738
0,0,0.1824914
0,1,0.99367565
0,1,0.9998234
0,1,0.5217905
0,1,0.6261153
0,0,0.00010591879
0,0,5.8558813e-05
0,1,0.99992466
0,1,0.9079801
0,1,0.99994946
0,1,0.9635483
0,1,0.64167583
0,1,0.9993886
0,0,0.00034616978
0,1,0.99853134
0,1,0.9999652
0,1,0.9998404
0,0,0.30527705
0,1,0.9994598
0,0,0.40643868
0,1,0.9925639
0,1,0.90155745
0,0,0.0069428184
0,1,0.98943794
0,0,0.2515474
0,1,0.69784737
0,0,0.0006080896
0,0,0.00013567893
0,1,0.9891362
0,0,0.29717225
0,0,0.0012507037
0,1,0.8361993
0,1,0.98270214
0,1,0.99993587
0,0,0.002217243
0,1,0.9672257
0,1,0.99994993
0,0,0.00010662969
0,0,5.6172055e-05
0,0,0.29541796
0,0,9.261558e-05
0,1,0.9458325
0,0,4.33576e-05
0,1,0.99921966
0,0,0.0014453696
0,0,8.5479835e-05
0,0,0.0031465623
0,0,0.091369994
0,1,0.9930027
0,1,0.9999615
0,0,0.012108767
0,1,0.996591
0,0,0.00013015464
0,1,0.9999641
0,0,6.9630725e-05
0,1,0.92612094
0,1,0.99978036
0,1,0.9997192
0,1,0.99996495
0,1,0.6434983
0,0,0.000100258476
0,1,0.9988869
0,0,8.4784595e-05
0,1,0.99988925
0,0,0.030481191
0,0,0.00040120268
0,0,0.007410341
0,0,0.30295083
0,0,0.0034569222
0,0,0.016780768
0,0,0.011969081
0,0,0.09589647
0,1,0.9219975
0,1,0.99996126
0,0,8.3188635e-05
0,1,0.9943433
0,1,0.9999628
0,0,8.798814e-05
0,1,0.99994874
0,1,0.59001803
0,1,0.99978346
0,0,0.0018992941
0,1,0.9988181
0,1,0.96868134
0,1,0.99996233
0,1,0.9999716
0,0,0.22049788
0,0,0.0005290076
0,1,0.9996171
0,0,0.04869231
0,1,0.9999542
0,1,0.9999695
0,0,0.12146546
0,1,0.99987006
0,0,0.18685648
0,0,0.34169123
0,1,0.9999286
0,0,0.0020484857
0,0,0.00011547077
0,1,0.9999683
0,1,0.9946666
0,0,0.28404084
0,1,0.8429707
0,1,0.99997115
0,1,0.98445845
0,1,0.9999702
0,0,0.005630209
0,0,0.013367766
0,0,8.039224e-05
0,0,0.26308715
0,1,0.99997187
0,0,0.0009284088
0,0,0.088683575
0,0,0.0022187184
0,1,0.9999633
0,0,0.00011502327
0,0,0.0020646024
0,0,9.036049e-05
0,1,0.99906725
0,0,0.114765055
0,0,0.00023753064
0,1,0.999185
0,1,0.9965454
0,1,0.99996924
0,1,0.72927564
0,1,0.95626104
0,1,0.70010245
0,1,0.9978672
0,1,0.9789819
0,1,0.9999448
0,0,0.001447488
0,0,0.00012253849
0,0,0.00010765319
0,0,4.315469e-05
0,1,0.99992836
0,1,0.98729867
0,0,0.07694187
0,1,0.89856505
0,0,4.95858e-05
0,1,0.999602
0,1,0.99900585
0,1,0.9841403
0,0,0.00013951922
0,0,0.036394723
0,0,0.00012556852
0,0,0.0073009497
0,0,0.4439125
0,1,0.9952674
0,0,0.0048177824
0,1,0.9997763
0,1,0.9954122
0,0,7.043237e-05
0,0,0.0003044133
0,0,0.35316375
0,1,0.72116023
0,0,0.00010943363
0,0,0.02168426
0,1,0.9996835
0,0,8.244242e-05
0,1,0.9938506
0,1,0.99814296
0,0,9.316485e-05
0,1,0.9617474
0,0,0.0013717696
0,0,0.0432839
0,1,0.9966833
0,0,0.01058532
0,1,0.9997335
0,1,0.891227
0,0,0.12606925
0,1,0.7801162
0,1,0.9999236
0,1,0.9981487
0,0,0.0096066585
0,1,0.9984297
0,0,6.785005e-05
0,0,5.963643e-05
0,1,0.69330287
0,0,0.0099786315
0,1,0.99962044
0,1,0.9995714
0,0,0.30902413
0,0,0.00047810283
0,0,0.0018850062
0,1,0.99990356
0,0,0.00039603814
0,1,0.7563422
0,1,0.68307734
0,0,0.44537652
0,0,5.7470184e-05
0,0,0.17452304
0,1,0.9990415
0,0,9.226052e-05
0,1,0.9981736
0,1,0.73470885
0,0,0.0008971103
0,1,0.9999336
0,1,0.9996873
0,1,0.99011725
0,1,0.9999454
0,1,0.93041176
0,0,0.005243528
0,0,0.018271018
0,0,0.0031192538
0,0,6.692209e-05
0,1,0.64115393
0,1,0.99955696
0,0,0.0002483224
0,0,0.0018101422
0,1,0.9988091
0,1,0.99704415
0,1,0.99996877
0,0,9.8145734e-05
0,0,0.1354002
0,0,0.0014127385
0,0,0.0003694929
0,0,0.47591236
0,1,0.9999697
0,1,0.9997521
0,0,0.00031741706
0,0,0.08226181
0,1,0.9869594
0,1,0.99987566
0,1,0.9995396
0,1,0.99863476
0,0,0.006508915
0,0,0.0007792584
0,1,0.99995804
0,0,7.843056e-05
0,0,5.988216e-05
0,0,0.006799882
0,1,0.97535056
0,0,0.11487015
0,1,0.9436803
0,1,0.99958843
0,1,0.7992786
0,0,6.2695966e-05
0,1,0.9999651
0,1,0.99997187
0,1,0.99975866
0,1,0.99818796
0,0,0.16579446
0,1,0.9571927
0,1,0.67440444
0,0,0.000488129
0,0,0.32044673
0,0,0.011960479
0,0,6.6486355e-05
0,0,0.0054803635
0,0,0.073297165
0,0,7.87976e-05
0,0,0.3422498
0,1,0.9999341
0,0,0.00048568426
0,0,0.082688846
0,1,0.5041961
0,1,0.9999709
0,1,0.77748394
0,1,0.9931504
0,0,0.0001089584
0,1,0.9999629
0,0,6.9703994e-05
0,1,0.84879047
0,1,0.9871176
0,1,0.99997354
0,0,6.0185583e-05
0,0,0.35738212
0,1,0.6546163
0,0,0.08236845
0,0,0.017731514
0,1,0.9999417
0,1,0.9998932
0,0,0.00022042071
0,0,0.3109825
0,0,6.372441e-05
0,1,0.999969
0,0,5.8875285e-05
0,0,0.00042209766
0,1,0.99995434
0,1,0.9961935
0,1,0.9999527
0,1,0.99996865
0,1,0.99984384
0,1,0.99721116
0,1,0.7618343
0,1,0.9999672
0,0,0.14810613
0,0,0.013688667
0,0,6.1510545e-05
0,1,0.9998319
0,0,0.016969426
0,1,0.99865615
0,0,6.894186e-05
0,1,0.9999548
0,1,0.994232
0,1,0.9999485
0,0,0.00014197192
0,0,0.39499664
0,1,0.62915415
0,0,0.17495246
0,0,0.00010110545
0,1,0.9491421
0,0,0.35972428
0,1,0.70132464
0,0,0.03458233
0,1,0.92955405
0,1,0.9999312
0,1,0.9988955
0,1,0.8724473
0,0,0.00019958024
0,0,5.493226e-05
0,1,0.9999616
0,0,0.016637417
0,1,0.9415833
0,0,8.418528e-05
0,0,0.00012876526
0,0,0.000114374474
0,0,0.00078154297
0,0,0.0019076903
0,1,0.99991536
0,0,0.02964426
0,0,0.00024995167
0,1,0.7068567
0,1,0.9776934
0,1,0.71690714
0,1,0.92241997
0,1,0.97350615
0,1,0.9879066
0,0,0.0016345031
0,0,5.178548e-05
0,1,0.9999572
0,1,0.5728034
0,1,0.99993396
0,1,0.9828127
0,0,0.102903694
0,1,0.9958494
0,0,0.40990558
0,0,0.020282142
0,0,0.00080758793
0,0,0.0021737423
0,0,0.000107371874
0,1,0.9983687
0,0,6.702171e-05
0,0,0.00028345227
0,1,0.8927692
0,0,3.93947e-05
0,1,0.8384939
0,0,0.0016289956
0,1,0.81828165
0,1,0.9964619
0,1,0.99997103
0,1,0.99994254
0,0,7.7079334e-05
0,1,0.9864906
0,0,0.4203397
0,0,0.09554349
0,1,0.9995091
0,1,0.99836177
0,1,0.9998004
0,0,0.00939673
0,0,0.00010534565
0,1,0.88657355
0,0,7.326672e-05
0,1,0.99995935
0,1,0.8602618
0,0,0.1709991
0,1,0.9992685
0,0,0.000106008025
0,1,0.9998109
0,0,0.46606484
0,1,0.98898774
0,0,0.13141552
0,0,0.025176724
0,0,0.00017063945
0,1,0.96997124
0,1,0.99980074
0,0,0.06750487
0,1,0.62341744
0,1,0.99995685
0,1,0.9846972
0,0,0.00037110763
0,1,0.9920854
0,0,0.0091435015
0,1,0.99996364
0,0,0.45648563
0,1,0.8558704
0,0,0.00013025818
0,0,8.237374e-05
0,0,0.00011442051
0,0,0.47152942
0,0,0.0030130667
0,0,6.490489e-05
0,1,0.9993538
0,1,0.9982262
0,0,0.020206753
0,1,0.67778724
0,1,0.9999591
0,0,0.014102173
0,0,0.030228956
0,0,0.0811457
0,1,0.9997234
0,1,0.99997044
0,0,8.834899e-05
0,0,0.040719952
0,0,0.009165165
0,0,0.00016144202
0,0,0.000111161964
0,0,6.350408e-05
0,1,0.99982005
0,1,0.99843127
0,1,0.9999697
0,1,0.9984303
0,0,4.880889e-05
0,0,9.686865e-05
0,1,0.9996859
0,1,0.6590064
0,1,0.99970776
0,0,0.0001421922
0,1,0.9999442
0,0,0.30608502
0,0,0.006237664
0,0,0.0003784528
0,0,0.0005723428
0,1,0.9998914
0,1,0.5702917
0,1,0.99995744
0,1,0.9999398
0,0,0.0022473831
0,0,0.0056028585
0,0,0.00012140856
0,0,4.57533e-05
0,0,0.12147014
0,1,0.9781025
0,1,0.69971985
0,0,0.00015093772
0,1,0.9854264
0,1,0.99995637
0,0,9.370971e-05
0,1,0.9581452
0,1,0.99740833
0,0,7.501014e-05
0,0,0.0027710104
0,1,0.8157465
0,0,0.00122482
0,1,0.9931599
0,0,5.8147467e-05
0,0,0.0003645115
0,0,0.07555099
0,1,0.8814553
0,0,0.00012416483
0,0,0.24353607
0,0,4.150129e-05
0,0,0.0015702486
0,1,0.6921408
0,1,0.8345701
0,1,0.60219604
0,0,0.0006184643
0,1,0.99984133
0,1,0.9981774
0,1,0.59153867
0,1,0.989734
0,1,0.99988544
0,1,0.9954299
0,1,0.9992435
0,0,0.04585987
0,1,0.9999645
0,1,0.9999726
0,0,0.081548125
0,0,5.844322e-05
0,0,0.04740918
0,1,0.99996793
0,0,0.007854718
0,1,0.6647561
0,1,0.8054545
0,0,4.3804037e-05
0,1,0.9846038
0,1,0.99995697
0,1,0.99479705
0,1,0.8851904
0,0,7.15662e-05
0,0,7.756495e-05
0,1,0.9998932
0,1,0.99776924
0,1,0.9990539
0,1,0.9999604
0,1,0.99973875
0,1,0.9999713
0,1,0.99983025
0,1,0.9866992
0,0,0.12768881
0,1,0.9999107
0,1,0.9983165
0,0,5.7996833e-05
0,1,0.5732576
0,1,0.9994442
0,1,0.995583
0,0,9.918025e-05
0,0,5.868907e-05
0,1,0.9996959
0,0,0.00049261516
0,0,7.511257e-05
0,0,0.0063876975
0,1,0.85933614
0,0,7.252668e-05
0,0,0.14738666
0,1,0.94103265
0,0,0.024274776
0,1,0.99540955
0,1,0.7253415
0,0,0.00022929694
0,0,7.283663e-05
0,1,0.99989593
0,0,0.07570499
0,1,0.99803835
0,1,0.9588918
0,0,0.029201968
0,0,0.2895079
0,1,0.9144435
0,0,0.03613735
0,1,0.99996984
0,1,0.99812776
0,1,0.99126923
0,1,0.999948
0,0,0.00711124
0,1,0.99994195
0,1,0.80744505
0,1,0.702518
0,0,8.3866784e-05
0,0,0.00010833286
0,0,0.095367976
0,0,0.18783277
0,1,0.5628002
0,0,0.00038362466
0,1,0.99451977
0,1,0.9719168
0,1,0.9999387
0,1,0.97069544
0,0,0.0069952575
0,1,0.99995685
0,1,0.99980956
0,0,0.0142117925
0,0,8.739476e-05
0,0,0.120877266
0,0,0.00012115599
0,0,0.49415246
0,1,0.9999728
0,0,0.009303739
0,0,0.22288641
0,1,0.92970437
0,1,0.99995923
0,0,0.0001681152
0,0,9.7878234e-05
0,1,0.9999118
0,1,0.99941385
0,1,0.7756604
0,0,4.2070715e-05
0,0,0.00012053637
0,0,0.46027967
0,0,0.0009673896
0,1,0.75049967
0,0,0.110694945
0,1,0.5809409
0,1,0.9998734
0,1,0.9999422
0,0,0.00015375111
0,1,0.9999682
0,1,0.52840316
0,0,0.0001235182
0,1,0.9999696
0,1,0.902364
0,0,5.9804544e-05
0,0,0.00017732395
0,1,0.99988735
0,1,0.99904126
0,0,0.14110273
0,1,0.9926402
0,1,0.9989913
0,0,0.124483615
0,0,6.3842344e-05
0,1,0.84063125
0,0,6.792178e-05
0,1,0.98971915
0,1,0.9985788
0,1,0.68815106
0,0,0.1754122
0,1,0.8696213
0,0,4.7836907e-05
0,1,0.9996613
0,0,0.00048428305
0,0,0.04157711
0,0,0.00047233506
0,0,0.2493882
0,0,6.379738e-05
0,0,0.0003334596
0,1,0.9998872
0,0,0.13799092
0,1,0.99994886
0,1,0.9999558
0,1,0.9999269
0,0,0.10395623
0,0,0.0060995677
0,1,0.9999635
0,1,0.99381965
0,1,0.70134306
0,1,0.99997425
0,0,0.0008769559
0,1,0.99878615
0,1,0.999974
0,0,0.0008795769
0,1,0.99997187
0,0,0.4272994
0,0,0.0011804225
0,1,0.70137376
0,1,0.9941194
0,1,0.99988806
0,0,4.8569767e-05
0,1,0.99705887
0,1,0.9932568
0,0,0.13692565
0,1,0.95469826
0,1,0.9999207
0,0,0.0067099086
0,1,0.99952674
0,0,0.0033306298
0,1,0.99994457
0,0,0.4525855
0,1,0.74244
0,1,0.99896157
0,1,0.99890435
0,1,0.9999603
0,0,0.05941538
0,0,7.5751974e-05
0,0,0.001729006
0,1,0.99996054
0,0,0.4712442
0,0,0.00022829673
0,1,0.9527212
0,0,0.059834972
0,0,0.15807673
0,1,0.9999703
0,0,0.00014890378
0,0,9.525255e-05
0,1,0.99989855
0,1,0.96229905
0,0,0.00028589083
0,1,0.8204785
0,1,0.85805035
0,0,0.020942211
0,0,0.0017030677
0,1,0.9945569
0,1,0.9998332
0,0,4.880498e-05
0,0,0.05684447
0,0,0.0015681006
0,0,0.00023696038
0,1,0.999962
0,1,0.71307755
0,1,0.85116905
0,1,0.9954426
0,1,0.99996996
0,1,0.94918483
0,1,0.96056956
0,0,0.007987489
0,1,0.99996996
0,0,0.00017738841
0,0,4.8937334e-05
0,1,0.92730725
0,0,0.00021977727
0,0,9.50321e-05
0,1,0.9960712
0,1,0.99055064
0,0,5.191398e-05
0,0,0.00011948027
0,1,0.9993753
0,0,0.021116344
0,0,0.0021117087
0,0,0.027699588
0,0,0.005464372
0,0,0.3624458
0,1,0.99996734
0,0,6.718687e-05
0,1,0.98960656
0,1,0.99997306
0,0,0.00015420743
0,0,8.765174e-05
0,0,0.003951556
0,1,0.99995935
0,1,0.9992368
0,0,0.0001235262
0,1,0.8170269
0,0,7.1356655e-05
0,1,0.72153544
0,0,0.00075730844
0,1,0.99993145
0,0,0.27381802
0,1,0.99457574
0,0,6.639341e-05
0,1,0.87183225
0,0,0.002572791
0,0,0.38634616
0,0,4.400723e-05
0,0,8.342194e-05
0,0,0.47547528
0,1,0.99914
0,0,7.161659e-05
0,0,0.00012523237
0,0,9.516132e-05
0,0,0.0017126894
0,1,0.92335325
0,0,0.1342904
0,0,0.00010101853
0,1,0.9989792
0,0,7.116768e-05
0,1,0.8526073
0,1,0.9997739
0,1,0.9998772
0,0,0.25945184
0,0,0.00012695946
0,0,0.039394096
0,1,0.98359895
0,1,0.9999496
0,1,0.97610337
0,1,0.9908903
0,1,0.9982577
0,1,0.9999558
0,1,0.9999641
0,0,0.00011997917
0,0,0.49268875
0,0,0.37996864
0,0,0.009777751
0,0,0.02956924
0,1,0.9992499
0,0,0.02504593
0,0,5.4872373e-05
0,1,0.99997294
0,1,0.81677014
0,1,0.97965103
0,0,0.07708443
0,1,0.99983454
0,0,0.41077504
0,1,0.9999664
0,0,0.00024868277
0,0,0.00010899998
0,0,0.00011127321
0,0,0.0007289005
0,1,0.99997425
0,0,0.022243572
0,0,0.11806601
0,0,0.24411201
0,1,0.9938684
0,1,0.9999645
0,1,0.9996934
0,0,0.40765405
0,1,0.88148814
0,1,0.9999733
0,0,0.0001877183
0,0,0.009912519
0,0,6.110259e-05
0,0,0.0017957988
0,0,0.00014518695
0,1,0.53426087
0,1,0.78055227
0,1,0.86408144
0,0,0.00091236556
0,0,0.00023584711
0,0,5.0062357e-05
0,1,0.9987606
0,0,0.48327497
0,0,6.823521e-05
0,0,7.247821e-05
0,0,0.26402548
0,0,0.35902315
0,0,0.28826946
0,1,0.9960294
0,1,0.9993474
0,1,0.99349654
0,1,0.8367247
0,0,0.04474743
0,0,0.00010349881
0,0,0.020822158
0,1,0.9999552
0,1,0.85882884
0,0,0.0007305859
0,0,0.034424108
0,1,0.99940586
0,1,0.99811053
0,1,0.99925154
0,1,0.99967897
0,0,0.0006224067
0,0,0.0032598365
0,1,0.99997437
0,1,0.99884653
0,1,0.82841253
0,0,0.00024501322
0,0,0.014867274
0,1,0.98320884
0,1,0.999498
0,1,0.9999645
0,0,7.1278315e-05
0,1,0.91164035
0,1,0.7308222
0,1,0.9899888
0,1,0.95240813
0,0,0.031092437
0,1,0.9999573
0,0,7.0858e-05
0,1,0.9998202
0,1,0.9999603
0,0,9.6751035e-05
0,0,0.00044271135
0,1,0.9978461
0,0,5.6870376e-05
0,1,0.9981665
0,0,0.0016688608
0,0,0.00014950917
0,1,0.9999634
0,0,0.0005406124
0,0,0.27675146
0,0,0.0037014422
0,1,0.9999261
0,0,0.00014482303
0,0,0.00014176602
0,1,0.99970955
0,0,6.9321446e-05
0,1,0.8553204
0,1,0.9998447
0,1,0.99997306
0,0,0.0039517605
0,0,0.00039845568
0,1,0.99996305
0,1,0.99904114
0,1,0.99995756
0,1,0.64355075
0,1,0.9999579
0,0,0.0009811192
0,1,0.9989574
0,1,0.9980557
0,0,0.00012470425
0,1,0.99993
0,0,0.45677197
0,1,0.7294535
0,1,0.9993154
0,0,0.00050453405
0,1,0.9983493
0,0,0.011107303
0,0,4.8818474e-05
0,1,0.9987361
0,0,0.0027294087
0,1,0.55548745
0,0,0.44430596
0,0,7.881112e-05
0,1,0.8734978
0,1,0.9854484
0,0,0.48220226
0,1,0.999967
0,1,0.5003445
0,0,0.0007931145
0,1,0.9999695
0,0,0.00011807109
0,0,0.09168655
0,0,0.34550482
0,1,0.85876775
0,1,0.99951494
0,1,0.99997234
0,1,0.9994205
0,0,0.08394886
0,1,0.78110236
0,0,0.014815626
0,1,0.99996305
0,1,0.67003965
0,1,0.9999409
0,1,0.9998318
0,1,0.9999331
0,0,0.12263299
0,1,0.99996257
0,1,0.99527943
0,1,0.9954057
0,0,0.40826848
0,0,0.45855185
0,0,0.00025800985
0,0,0.27321538
0,0,0.0031178633
0,0,7.597522e-05
0,1,0.6101883
0,0,3.687088e-05
0,1,0.99967134
0,1,0.99987996
0,0,0.02618578
0,0,0.0007712062
0,1,0.7821256
0,1,0.881892
0,0,0.4502854
0,1,0.5672176
0,1,0.63540465
0,1,0.9999465
0,1,0.9995074
0,1,0.93512815
0,0,0.113888495
0,0,8.120441e-05
0,0,5.4341217e-05
0,1,0.9985287
0,1,0.99986947
0,1,0.9434247
0,0,6.544135e-05
0,0,7.8143436e-05
0,1,0.9999666
0,0,0.0054791733
0,0,0.06822961
0,1,0.99996626
0,1,0.9731277
0,0,0.029501887
0,1,0.9999722
0,0,0.0676243
0,0,6.372495e-05
0,1,0.68299705
0,0,0.00053684943
0,1,0.8666647
0,0,0.022696456
0,1,0.99975806
0,0,0.0155253
0,0,0.00033503186
0,0,0.07252898
0,0,9.312986e-05
0,0,0.00022054181
0,0,0.0033658014
0,0,0.012444981
0,0,0.009783968
0,0,8.704478e-05
0,1,0.9999715
0,1,0.99981195
0,0,0.006283843
0,0,0.00055873976
0,1,0.8986854
0,0,0.31859928
0,1,0.9885798
0,1,0.9999579
0,1,0.99989545
0,0,7.74092e-05
0,1,0.56498766
0,0,0.00027180533
0,0,0.06663639
0,1,0.9987109
0,0,0.021662284
0,0,0.08006084
0,0,0.28916255
0,1,0.9990338
0,1,0.9999727
0,1,0.99936324
0,1,0.9997353
0,0,0.2348319
0,0,0.066296995
0,0,0.00042804194
0,1,0.9997975
0,1,0.9997439
0,0,0.0015109278
0,1,0.9736574
0,0,0.0010308797
0,1,0.9942589
0,1,0.99995613
0,0,0.4269798
0,0,0.16357918
0,0,0.0001606858
0,1,0.83487886
0,0,0.017345492
0,0,0.00013807413
0,1,0.9999429
0,0,0.364127
0,1,0.99995255
0,1,0.999961
0,0,0.07953807
0,1,0.9916648
0,0,0.2150013
0,0,0.004407771
0,1,0.9991279
0,1,0.98058045
0,1,0.78811646
0,0,6.423483e-05
0,1,0.9999598
0,1,0.53701025
0,1,0.98525167
0,0,9.253472e-05
0,0,0.20352308
0,0,0.11670265
0,1,0.6344832
0,0,3.756122e-05
0,0,5.4428394e-05
0,1,0.9999696
0,1,0.9995396
0,0,0.006297961
0,1,0.9999713
0,1,0.7076455
0,0,0.0001557661
0,0,0.00011294364
0,0,0.0014481966
0,1,0.9847919
0,1,0.5606097
0,1,0.9999249
0,1,0.9821045
0,1,0.9768876
0,1,0.9999596
0,0,0.009381382
0,1,0.6546029
0,1,0.9994122
0,1,0.818096
0,0,0.0001117155
0,1,0.9999708
0,1,0.84253377
0,1,0.9999504
0,1,0.99983597
0,0,0.48836097
0,0,8.240588e-05
0,1,0.97706085
0,1,0.99910104
0,0,5.5961722e-05
0,0,0.044044293
0,1,0.9834747
0,0,0.0003459629
0,0,0.000118592514
0,1,0.9999255
0,1,0.7302123
0,1,0.97461116
0,1,0.9991875
0,0,9.25363e-05
0,0,0.47772032
0,1,0.9996495
0,0,0.00038861478
0,0,0.0629698
0,1,0.999948
0,0,0.0072115324
0,0,0.0009964643
0,1,0.9999689
0,1,0.9999548
0,1,0.9999716
0,0,0.040908027
0,1,0.8806416
0,1,0.9909246
0,0,0.00031436302
0,0,0.0001222782
0,1,0.996198
0,0,3.6614707e-05
0,1,0.9989128
0,0,0.3584912
0,1,0.9997656
0,0,6.5049004e-05
0,0,6.353085e-05
0,0,0.01508619
0,1,0.8817897
0,0,5.4404376e-05
0,1,0.9464633
0,1,0.998747
0,1,0.92965436
0,1,0.99671835
0,1,0.507135
0,0,0.00022422966
0,0,0.00160419
0,1,0.9985909
0,0,0.49744278
0,0,0.013106832
0,0,0.4385513
0,1,0.99476296
0,0,0.00020915552
0,0,0.0013193344
0,1,0.99733657
0,0,0.00083389354
0,1,0.9629718
0,0,0.10476885
0,0,6.783013e-05
0,0,0.0010974738
0,0,6.0350467e-05
0,0,0.0710797
0,1,0.99990237
0,1,0.9284647
0,0,0.12908585
0,1,0.964805
0,1,0.6711918
0,1,0.99238527
0,0,0.001077675
0,1,0.99994564
0,1,0.9999672
0,0,6.580971e-05
0,1,0.5231159
0,1,0.99950266
0,0,7.346857e-05
0,1,0.99912304
0,0,9.723383e-05
0,1,0.9999689
0,0,0.08491638
0,0,0.00018476925
0,0,0.052018795
0,1,0.96102387
0,0,0.0036722857
0,1,0.99994457
0,0,9.002224e-05
0,1,0.99997187
0,0,5.436278e-05
0,1,0.6663698
0,0,8.924196e-05
0,1,0.99994767
0,0,0.266553
0,1,0.9950418
0,1,0.8824629
0,1,0.98756707
0,1,0.9480666
0,0,0.034291394
0,1,0.93348426
0,1,0.9996735
0,1,0.99960953
0,1,0.59713763
0,0,0.12512355
0,0,0.00022120895
0,0,0.00045356434
0,1,0.9709309
0,1,0.9702547
0,0,0.041951217
0,1,0.99996996
0,0,0.012761754
0,1,0.9509136
0,0,0.22558782
0,1,0.9996306
0,0,8.919262e-05
0,0,0.3718151
0,1,0.99898034
0,1,0.9999323
0,0,0.01799043
0,0,0.1768217
0,1,0.9999672
0,1,0.938733
0,1,0.99876356
0,0,5.6105884e-05
0,1,0.99995446
0,0,0.0061878557
0,1,0.9998423
0,1,0.9791235
0,1,0.9998691
0,0,5.4088654e-05
0,0,0.30360475
0,0,0.013870078
0,1,0.7468035
0,0,0.32146397
0,0,0.008589422
0,1,0.9833952
0,1,0.984322
0,1,0.9996221
0,1,0.9999167
0,1,0.9734393
0,1,0.9999738
0,1,0.9997515
0,0,0.0016032471
0,0,0.04437664
0,0,0.009794031
0,1,0.9617658
0,1,0.999912
0,1,0.51981056
0,0,0.00024955283
0,0,5.941981e-05
0,1,0.6722366
0,0,0.00034420614
0,0,0.00021778226
0,0,0.15452491
0,0,0.00019900696
0,1,0.999936
0,0,6.9891365e-05
0,1,0.9998073
0,1,0.99394494
0,1,0.9030279
0,1,0.9999325
0,0,0.26506183
0,0,0.005817074
0,0,0.23673709
0,1,0.98604995
0,0,0.46273136
0,0,0.0023017393
0,1,0.9997253
0,0,9.306602e-05
0,1,0.99984336
0,1,0.99930227
0,0,0.00022505685
0,1,0.96567655
0,0,3.6540507e-05
0,0,0.00038390377
0,0,0.12788293
0,0,0.25703692
0,1,0.99995685
0,0,0.010196148
0,0,0.36334994
0,1,0.99995506
0,0,9.068159e-05
0,0,4.401235e-05
0,1,0.9999516
0,1,0.99971455
0,0,0.00014782295
0,0,0.00072372565
0,1,0.99987614
0,0,8.066776e-05
0,1,0.9957581
0,0,0.3213124
0,0,0.0012242515
0,0,9.747353e-05
0,0,0.0029095514
0,0,8.760921e-05
0,0,0.001761624
0,0,0.051220257
0,0,3.514812e-05
0,1,0.9417199
0,1,0.8836215
0,1,0.9999678
0,1,0.9999627
0,1,0.9985428
0,1,0.999798
0,0,0.07609797
0,0,0.07113881
0,0,0.43028414
0,1,0.9997278
0,0,0.015894864
0,0,0.00050440227
0,1,0.9999695
0,1,0.9999598
0,0,0.0003971493
0,0,0.00010708559
0,1,0.9999697
0,1,0.85327744
0,0,0.09206383
0,0,0.4433115
0,1,0.97017586
0,1,0.98210907
0,0,0.012539783
0,1,0.7431
0,1,0.79200035
0,0,0.031961422
0,0,0.006322023
0,0,6.0307724e-05
0,1,0.999622
0,0,0.059544418
0,1,0.9999645
0,0,0.00012419137
0,0,0.05660906
0,1,0.99987435
0,0,0.051925994
0,0,0.27454454
0,0,0.0057160617
0,0,0.03351185
0,1,0.99972004
0,0,0.0018211935
0,0,9.6163836e-05
0,1,0.9994524
0,0,0.002054456
0,0,0.23961276
0,0,0.00028956393
0,0,0.03265671
0,1,0.99461913
0,0,0.00012907037
0,0,0.23695174
0,1,0.6830434
0,0,0.000142418
0,1,0.999795
0,0,0.00012563223
0,1,0.97069836
0,1,0.76397616
0,0,0.47762918
0,0,8.905282e-05
0,0,8.985345e-05
0,1,0.9735985
0,1,0.9952063
0,1,0.99051887
0,1,0.99830294
0,0,0.00013181906
0,1,0.99299943
0,0,0.10668036
0,1,0.99377924
0,1,0.9061612
0,0,0.076562144
0,0,0.028982121
0,0,0.024757717
0,1,0.9998659
0,1,0.86631334
0,0,0.0005561976
0,0,0.44158953
0,0,0.15828924
0,1,0.9999602
0,1,0.91324985
0,1,0.99177986
0,0,0.0005091041
0,0,0.00028530133
0,1,0.99987316
0,0,6.850258e-05
0,1,0.99993753
0,0,0.000990555
0,0,6.801381e-05
0,1,0.999974
0,1,0.8149792
0,1,0.9999219
0,1,0.90314406
0,1,0.9997776
0,1,0.9995208
0,1,0.9387291
0,1,0.9999678
0,0,0.36741394
0,0,0.0030160318
0,0,8.7590655e-05
0,1,0.9999647
0,0,7.418136e-05
0,0,0.004123671
0,1,0.99929285
0,0,7.863516e-05
0,1,0.70400864
0,0,4.348945e-05
0,0,5.670147e-05
0,0,0.010535357
0,1,0.5355562
0,0,0.42695946
0,0,0.009894785
0,1,0.8098674
0,0,0.0004202163
0,1,0.8464789
0,0,0.20243327
0,0,0.083486915
0,0,0.0030546016
0,1,0.99997365
0,0,0.0022629523
0,1,0.9997086
0,1,0.8563992
0,0,0.3785135
0,1,0.9999639
0,0,6.2623905e-05
0,1,0.9999019
0,0,0.015033539
0,1,0.99995494
0,1,0.98521113
0,1,0.6945712
0,1,0.8960149
0,0,0.0020009275
0,1,0.667423
0,0,0.0024857884
0,1,0.99995863
0,0,3.3697226e-05
0,1,0.99974674
0,0,0.2540407
0,1,0.93404764
0,1,0.61944395
0,1,0.99991417
0,1,0.5173849
0,1,0.6243453
0,0,0.00044839212
0,1,0.8732395
0,0,0.02481949
0,0,0.007332678
0,0,6.235961e-05
0,0,0.46491733
0,0,5.8862486e-05
0,0,4.2916126e-05
0,0,0.0024190384
0,0,0.0001056687
0,0,0.042765748
0,0,0.042792488
0,0,0.27838558
0,1,0.7397528
0,1,0.9997023
0,1,0.9993242
0,1,0.8145962
0,0,0.1489366
0,0,0.00013609783
0,1,0.9703133
0,1,0.9983328
0,0,0.0079089
0,1,0.52494115
0,0,0.30640054
0,1,0.61646646
0,1,0.9998946
0,0,0.00012077603
0,0,5.5365774e-05
0,1,0.57820815
0,0,0.002922106
0,0,0.00030799667
0,1,0.92362887
0,1,0.74573976
0,0,0.016393641
0,0,0.22924381
0,0,0.18203174
0,0,0.15500118
0,0,4.4313892e-05
0,0,0.3691779
0,1,0.64865595
0,1,0.9999666
0,1,0.75842637
0,0,0.0009744987
0,1,0.9052846
0,0,0.0034432344
0,1,0.98447627
0,0,0.00012876392
0,0,0.004488161
0,0,0.00635776
0,0,0.020549413
0,0,0.06704479
0,1,0.8819578
0,1,0.97381413
0,1,0.99996567
0,1,0.8191924
0,1,0.86528516
0,1,0.9962746
0,0,0.36287448
0,1,0.99970275
0,1,0.999
0,1,0.9996666
0,0,7.709595e-05
0,0,0.054345228
0,1,0.9994722
0,0,0.00012148616
0,1,0.99964464
0,1,0.99995613
0,0,6.3631014e-05
0,0,9.6472075e-05
0,1,0.99991477
0,0,0.00013504646
0,1,0.8861249
0,1,0.9999478
0,1,0.9999523
0,1,0.8381533
0,1,0.9997472
0,1,0.9999199
0,1,0.84230566
0,0,0.017817829
0,0,0.00041206955
0,1,0.99996984
0,1,0.9375237
0,1,0.94846547
0,1,0.9995764
0,0,0.00013825751
0,0,4.973483e-05
0,0,0.27086654
0,0,0.15451321
0,0,0.0019398384
0,0,0.45760185
0,1,0.96066695
0,0,0.0013964783
0,1,0.87214464
0,0,0.00020224221
0,0,6.74863e-05
0,1,0.99465066
0,1,0.9999509
0,0,0.3485517
0,1,0.9997155
0,0,0.00011431331
0,0,0.00010537992
0,0,0.00015298495
0,1,0.98415804
0,1,0.9999403
0,1,0.9934877
0,0,7.536965e-05
0,1,0.56891483
0,1,0.9999584
0,1,0.999928
0,0,0.00010482769
0,1,0.995395
0,1,0.99996245
0,0,6.041784e-05
0,1,0.99997115
0,1,0.98212826
0,0,0.001047659
0,0,0.0058300165
0,1,0.5522452
0,0,0.0003122614
0,0,0.0013168838
0,1,0.99957365
0,0,5.9651447e-05
0,1,0.9995346
0,1,0.9345572
0,0,0.022761866
0,0,0.041536417
0,0,0.000106545536
0,0,0.00019883116
0,0,0.04962171
0,1,0.99997437
0,1,0.99987054
0,0,0.0012737288
0,1,0.9883314
0,1,0.9999629
0,1,0.7780148
0,1,0.99991584
0,0,5.280932e-05
0,1,0.7388516
0,0,0.00019655262
0,0,7.427813e-05
0,1,0.9995152
0,0,4.354851e-05
0,0,0.025190268
0,0,0.04888207
0,1,0.56474125
0,0,6.3770975e-05
0,0,0.0071276524
0,0,0.0013557457
0,1,0.97235185
0,0,0.35344267
0,1,0.9999701
0,0,0.003703331
0,1,0.8311356
0,0,8.7003944e-05
0,1,0.9995449
0,1,0.881394
0,1,0.9385705
0,0,4.700754e-05
0,1,0.629705
0,0,0.01137617
0,0,8.711627e-05
0,1,0.97519106
0,1,0.5596212
0,1,0.99442863
0,0,0.000118325814
0,1,0.9855446
0,1,0.99997187
0,1,0.9811793
0,0,0.00019890831
0,0,0.019720715
0,1,0.9997633
0,1,0.9997086
0,0,0.19920723
0,1,0.99996424
0,1,0.99977845
0,0,0.000100120415
0,0,0.43173832
0,0,0.12972988
0,1,0.6568094
0,0,0.000116197785
0,0,0.0054119076
0,0,0.047929235
0,0,0.014212522
0,0,0.017216647
0,0,0.00044104626
0,0,0.47457448
0,1,0.99568045
0,1,0.5463665
0,0,0.10227961
0,1,0.9999076
0,0,0.013675089
0,1,0.9999516
0,1,0.9851702
0,0,0.0063075884
0,0,6.103917e-05
0,1,0.81101704
0,0,0.057928003
0,1,0.99995136
0,0,0.08722988
0,0,0.11450025
0,0,0.0148407575
0,1,0.9858893
0,0,8.7873435e-05
0,0,8.621439e-05
0,0,6.471045e-05
0,1,0.9999709
0,0,0.0004337613
0,0,0.03696464
0,0,0.0006459841
0,1,0.99969137
0,0,0.0648323
0,1,0.9998677
0,0,0.031115944
0,1,0.9098736
0,0,0.0019619446
0,1,0.9951089
0,0,0.48525107
0,1,0.75452733
0,1,0.528263
0,1,0.99993396
0,0,0.00018089091
0,0,0.00014111138
0,1,0.9999716
0,1,0.99997187
0,0,0.10365192
0,0,9.564575e-05
0,1,0.95720065
0,0,0.0006865518
0,0,0.09891615
0,0,0.37251377
0,0,0.0057478454
0,1,0.9999708
0,1,0.69850826
0,0,7.639004e-05
0,0,7.0899085e-05
0,1,0.99012005
0,0,0.00017477434
0,0,0.027551815
0,1,0.9876187
0,0,7.9386184e-05
0,1,0.9297478
0,1,0.9962132
0,0,0.058082372
0,1,0.94366616
0,1,0.9999634
0,1,0.99991214
0,0,0.00021165598
0,0,0.45420942
0,1,0.9999714
0,1,0.9993998
0,1,0.9987851
0,1,0.99997056
0,0,5.0854655e-05
0,1,0.8899451
0,1,0.96366495
0,1,0.9986034
0,1,0.9997646
0,1,0.99997354
0,0,8.36528e-05
0,1,0.9999682
0,1,0.99684286
0,0,8.985611e-05
0,0,0.00019567339
0,1,0.99981683
0,1,0.88416004
0,0,0.0022974275
0,1,0.9264501
0,0,0.00019704239
0,0,0.043937795
0,1,0.9999697
0,1,0.99995446
0,0,0.044503815
0,0,0.35135776
0,0,0.0047068596
0,0,4.953107e-05
0,1,0.988641
0,1,0.99849963
0,1,0.9997888
0,1,0.96154696
0,0,7.305114e-05
0,0,0.0013333821
0,0,0.3039875
0,1,0.9949877
0,1,0.99297637
0,0,0.17452909
0,0,0.0009833833
0,1,0.9890865
0,1,0.5401869
0,1,0.9999118
0,0,8.4425905e-05
0,1,0.9999186
0,0,0.00035986167
0,0,7.429697e-05
0,1,0.9933942
0,1,0.6326447
0,0,6.9527014e-05
0,0,0.16444306
0,0,0.49467987
0,1,0.99997115
0,1,0.9757338
0,0,9.288286e-05
0,1,0.9733542
0,0,0.018795576
0,1,0.83890235
0,0,9.557454e-05
0,1,0.99996364
0,1,0.99997354
0,0,0.050276347
0,0,0.0005818265
0,0,0.14590846
0,1,0.67555344
0,0,0.38207388
0,1,0.9999677
0,1,0.99812263
0,1,0.9990005
0,1,0.9998889
0,1,0.9997563
0,1,0.99645483
0,1,0.99994254
0,1,0.99670744
0,0,8.798797e-05
0,0,0.0017073033
0,1,0.99996984
0,1,0.9455676
0,0,0.018644674
0,1,0.9999516
0,1,0.9989759
0,1,0.5231666
0,1,0.5477376
0,1,0.6948296
0,0,0.38926297
0,0,0.44001943
0,0,0.338619
0,1,0.9993488
0,1,0.99904436
0,1,0.99996686
0,1,0.985098
0,1,0.99514943
0,1,0.9999739
0,1,0.9999542
0,0,0.20376304
0,0,6.7640416e-05
0,0,0.3091141
0,0,3.379692e-05
0,1,0.99889886
0,1,0.9998234
0,1,0.99977416
0,1,0.9997552
0,0,0.0021893387
0,0,0.33052537
0,0,8.021901e-05
0,0,9.2333474e-05
0,1,0.9999604
0,1,0.9952988
0,1,0.59652174
0,0,5.8690643e-05
0,1,0.9979845
0,1,0.9860745
0,1,0.72102183
0,0,9.064737e-05
0,1,0.9962446
0,1,0.9961318
0,1,0.99989057
0,1,0.99996114
0,0,7.8739904e-05
0,1,0.9515417
0,1,0.9999633
0,0,0.039181598
0,1,0.99997365
0,0,0.0001235435
0,0,0.0017887121
0,0,0.0041376255
0,1,0.9999143
0,0,0.014711001
0,0,0.0021009163
0,1,0.99996734
0,0,0.18681267
0,0,0.0003297394
0,1,0.7125576
0,1,0.74826425
0,0,0.31204617
0,1,0.9780577
0,0,0.048728414
0,0,0.0023770446
0,0,5.5340013e-05
0,1,0.9999628
0,1,0.9970867
0,1,0.99549294
0,1,0.9999734
0,1,0.8584937
0,0,5.9452846e-05
0,0,5.8046306e-05
0,0,0.02278663
0,0,7.416855e-05
0,0,3.884622e-05
0,0,0.0060321186
0,1,0.99997485
0,1,0.99996996
0,0,5.9327343e-05
0,1,0.9999621
0,0,0.00011273705
0,0,0.11538005
0,0,0.03213057
0,1,0.724448
0,0,0.38860378
0,0,0.09878744
0,0,0.001853331
0,1,0.9737428
0,0,0.00019102996
0,1,0.9999132
0,1,0.9987691
0,0,0.0008365836
0,1,0.89470077
0,1,0.9999596
0,0,0.12142392
0,1,0.99907047
0,1,0.92743576
0,1,0.9999589
0,0,0.3280245
0,1,0.92796737
0,1,0.9996418
0,1,0.99989164
0,1,0.99993956
0,0,0.00085233356
0,0,9.234192e-05
0,0,0.00067671743
0,1,0.9999324
0,1,0.99996996
0,0,0.27192965
0,0,0.045521393
0,0,0.08804863
0,0,0.32223284
0,0,0.18377864
0,0,0.00030270175
0,0,8.0389014e-05
0,1,0.9899725
0,1,0.9965605
0,0,0.010437647
0,1,0.9998692
0,1,0.9998692
0,1,0.9953648
0,0,5.2103096e-05
0,1,0.90294117
0,0,0.00044947205
0,0,0.00014960884
0,1,0.99995613
0,0,0.0002636281
0,0,0.07286803
0,1,0.9999678
0,1,0.99622345
0,1,0.99996305
0,0,0.4956426
0,1,0.9995548
0,1,0.9999716
0,0,0.00013282924
0,0,0.12442271
0,0,0.0037044252
0,1,0.68284816
0,0,0.0035591337
0,1,0.99937695
0,0,0.0009002083
0,1,0.99997437
0,1,0.9999269
0,1,0.9990338
0,0,0.28520048
0,1,0.60327584
0,0,0.00016019533
0,0,0.45059744
0,0,0.44412094
0,0,0.0065045073
0,1,0.7944138
0,1,0.9999726
0,0,0.11142803
0,0,8.070178e-05
0,1,0.95131737
0,1,0.94656324
0,0,8.491268e-05
0,0,0.4069888
0,1,0.708054
0,0,0.00011365832
0,0,0.000115821334
0,1,0.9999329
0,1,0.77944887
0,0,0.124013774
0,1,0.88733876
0,0,0.063593626
0,0,7.5637196e-05
0,0,5.91498e-05
0,1,0.9999664
0,0,7.613906e-05
0,1,0.99919814
0,1,0.9996289
0,0,0.009410056
0,0,0.0013033443
0,1,0.99982125
0,1,0.99997425
0,0,0.0013395867
0,0,0.39373356
0,1,0.88629204
0,1,0.99995077
0,1,0.9877406
0,0,0.077969156
0,0,0.0003272962
0,1,0.99997246
0,0,0.02260248
0,1,0.9999707
0,1,0.5391662
0,1,0.8527167
0,1,0.73832226
0,0,0.007372686
0,1,0.9962509
0,0,0.19609313
0,0,0.00041383356
0,1,0.9537908
0,0,0.22041091
0,0,8.3053324e-05
0,0,9.3658775e-05
0,1,0.99988604
0,0,0.27419448
0,1,0.99979454
0,1,0.999116
0,0,0.00012058937
0,0,0.4101732
0,0,0.18794617
0,1,0.9999558
0,1,0.9565207
0,0,4.080658e-05
0,0,0.26820904
0,1,0.9981667
0,1,0.99187696
0,0,3.434816e-05
0,1,0.9900994
0,0,0.38455606
0,0,3.700251e-05
0,1,0.9998939
0,0,0.4243231
0,0,0.0120032905
0,1,0.9759744
0,0,0.49673375
0,1,0.811899
0,0,5.452685e-05
0,0,0.09627545
0,0,0.0011328548
0,0,0.00075111736
0,0,0.33578435
0,1,0.9999598
0,0,0.00012844383
0,1,0.7939035
0,1,0.9174275
0,1,0.99977857
0,1,0.9821093
0,1,0.9999385
0,1,0.9998467
0,0,0.000106230036
0,1,0.9999589
0,1,0.5741186
0,0,4.3874104e-05
0,1,0.8593181
0,0,7.243425e-05
0,1,0.9834712
0,1,0.9999713
0,0,0.014931844
0,0,5.16207e-05
0,1,0.8339786
0,1,0.9764038
0,0,3.655846e-05
0,1,0.9999596
0,1,0.5177229
0,0,0.0008244087
0,1,0.9999021
0,0,0.00022814749
0,0,6.6687266e-05
0,0,0.0026891183
0,1,0.9911629
0,0,6.426174e-05
0,1,0.99996626
0,0,5.6847704e-05
0,0,0.37329164
0,0,0.45678717
0,1,0.99989116
0,0,0.00048939046
0,1,0.50999093
0,1,0.8572874
0,1,0.998256
0,0,0.29552957
0,1,0.83807963
0,1,0.9932361
0,1,0.96343374
0,0,0.00022283173
0,1,0.99392736
0,1,0.99995935
0,0,0.003710093
0,0,0.37832347
0,0,3.6854635e-05
0,1,0.90175194
0,1,0.98871905
0,0,0.0010170867
0,0,0.006657018
0,1,0.99996173
0,1,0.6987387
0,0,0.000100065816
0,0,0.0025914735
0,0,0.0001380682
0,1,0.9960877
0,0,6.5748725e-05
0,0,0.22968322
0,1,0.9996952
0,1,0.51918495
0,0,0.00013293339
0,1,0.9999722
0,0,3.8097292e-05
0,0,5.8274203e-05
0,0,0.15497786
0,0,0.28220657
0,1,0.99505913
0,0,8.587814e-05
0,0,0.013254841
0,0,0.00014523181
0,0,0.0012215154
0,1,0.9833423
0,1,0.99929273
0,1,0.9999535
0,0,0.00024768044
0,1,0.9998536
0,1,0.9896383
0,0,0.0005074068
0,1,0.9999677
0,0,0.00012256083
0,1,0.99996626
0,0,0.22747894
0,1,0.8322067
0,1,0.78287274
0,1,0.9999634
0,0,0.00013275378
0,0,0.47761026
0,0,0.000103802035
0,1,0.9995142
0,0,0.0012189118
0,1,0.9999616
0,0,0.0001626379
0,1,0.99996185
0,1,0.9999341
0,1,0.99995434
0,1,0.99988043
0,0,5.7722293e-05
0,1,0.9999713
0,0,0.00014402196
0,0,0.0017433331
0,1,0.99996305
0,1,0.9994332
0,1,0.9999739
0,0,0.38250622
0,1,0.99911994
0,0,0.4113677
0,1,0.9898454
0,1,0.5996924
0,0,0.31695378
0,1,0.9986582
0,0,0.19244695
0,1,0.8946115
0,0,0.3658394
0,0,0.00093439623
0,1,0.9980081
0,0,0.42195103
0,1,0.99985206
0,1,0.9943967
0,1,0.9961511
0,1,0.9999491
0,1,0.9136699
0,1,0.9998727
0,1,0.9999738
0,0,0.49110112
0,1,0.9994855
0,0,0.0002038489
0,0,0.00011779558
0,1,0.9999176
0,0,4.0989493e-05
0,1,0.99996626
0,1,0.99952304
0,0,0.000107959946
0,1,0.60476583
0,0,0.00078626885
0,0,8.997494e-05
0,1,0.9993917
0,0,4.931822e-05
0,0,0.040419564
0,1,0.9999727
0,1,0.9999492
0,0,0.00024511907
0,1,0.99874324
0,0,0.37647313
0,1,0.79040414
0,0,0.00013000726
0,1,0.89200693
0,1,0.7486156
0,1,0.92238545
0,0,0.033231754
0,1,0.9865066
0,1,0.99996364
0,1,0.9999683
0,1,0.99996805
0,1,0.9999609
0,1,0.83189213
0,0,0.027433034
0,1,0.831325
0,0,0.20020117
0,1,0.9999654
0,1,0.99994624
0,1,0.9999584
0,1,0.99981374
0,0,0.00010649497
0,0,0.003458128
0,1,0.9162167
0,1,0.99140364
0,0,0.08571295
0,1,0.9999608
0,0,9.990735e-05
0,1,0.99985623
0,1,0.9678202
0,1,0.8605749
0,1,0.9999206
0,1,0.9820349
0,0,6.629497e-05
0,1,0.9781917
0,1,0.99993837
0,1,0.9997962
0,0,0.00045217684
0,1,0.9999461
0,1,0.98657113
0,1,0.99940205
0,0,0.00029331716
0,0,8.949643e-05
0,0,0.11838993
0,1,0.9976597
0,1,0.99991
0,0,5.352098e-05
0,1,0.9986527
0,0,4.269463e-05
0,0,6.0350758e-05
0,0,0.020771634
0,0,0.0082125515
0,0,0.2251792
0,0,0.22638668
0,1,0.99995005
0,1,0.8042653
0,0,0.0020381953
0,1,0.7124422
0,1,0.9994916
0,1,0.95419633
0,1,0.9999219
0,0,0.00028854428
0,0,0.0011588207
0,0,0.41276148
0,0,0.03663336
0,0,0.00016389859
0,1,0.9998592
0,0,6.2578896e-05
0,0,0.26191342
0,0,0.00015211728
0,1,0.9924144
0,1,0.99995446
0,0,0.00011290941
0,1,0.8427733
0,0,7.0949405e-05
0,0,0.024514588
0,0,0.00089642167
0,0,6.6570356e-05
0,1,0.65972614
0,0,7.758626e-05
0,0,0.0015341444
0,0,0.26988038
0,1,0.99984324
0,1,0.9998803
0,1,0.9999696
0,1,0.8608567
0,1,0.9999715
0,0,0.48412713
0,0,0.02539888
0,1,0.9999608
0,0,0.13391387
0,0,8.3015e-05
0,0,8.529092e-05
0,1,0.9714882
0,0,0.014503764
0,0,8.891628e-05
0,1,0.99995303
0,1,0.9999715
0,1,0.99995804
0,0,0.00012112988
0,0,8.1424696e-05
0,0,0.00011020605
0,1,0.98687243
0,1,0.9999666
0,0,0.2749923
0,1,0.9999676
0,1,0.99973446
0,1,0.9999716
0,1,0.770998
0,1,0.99997437
0,1,0.98636276
0,1,0.98677605
0,1,0.994615
0,1,0.999974
0,0,0.3471014
0,0,0.06671719
0,1,0.999824
0,1,0.9966618
0,0,0.006537183
0,1,0.9877752
0,1,0.9999614
0,0,0.3691238
0,1,0.6014619
0,1,0.9996195
0,0,0.14550306
0,1,0.80260783
0,0,7.988862e-05
0,1,0.9784565
0,0,0.011697606
0,1,0.9955765
0,0,3.9701918e-05
0,1,0.9820753
0,0,4.437741e-05
0,1,0.9999634
0,1,0.9999738
0,1,0.999106
0,1,0.94282395
0,0,0.0001437795
0,1,0.9999709
0,1,0.99913836
0,0,7.783881e-05
0,0,0.00016566906
0,1,0.99993753
0,1,0.9978708
0,0,8.212645e-05
0,0,4.328939e-05
0,1,0.9401864
0,0,0.00028437286
0,0,0.00032579532
0,1,0.9999609
0,0,0.093616165
0,0,0.00012245732
0,1,0.90845776
0,0,0.0001767556
0,1,0.9999578
0,0,0.055693585
0,1,0.9999708
0,0,0.00031142536
0,1,0.9999331
0,0,0.0006749745
0,1,0.9938589
0,0,0.19683823
0,1,0.78963494
0,1,0.969043
0,1,0.99989283
0,1,0.70023674
0,1,0.9956839
0,0,0.037666492
0,0,0.27092454
0,1,0.9830056
0,0,0.08878264
0,0,6.720001e-05
0,1,0.9985176
0,0,0.42544037
0,1,0.84010166
0,0,0.328988
0,1,0.9999397
0,0,0.11916202
0,1,0.999828
0,1,0.99980515
0,0,0.00012284795
0,1,0.7597878
0,0,0.00011114258
0,1,0.99049383
0,0,0.00017793964
0,1,0.98148316
0,0,0.014825164
0,1,0.9996654
0,1,0.9996532
0,1,0.9999726
0,1,0.99988735
0,0,0.031412113
0,1,0.9875728
0,0,0.003592882
0,1,0.79454476
0,0,8.396577e-05
0,1,0.9999348
0,0,0.00031524693
0,0,0.021390265
0,0,0.00032766364
0,0,0.014636136
0,1,0.57316625
0,1,0.51983255
0,0,0.015111222
0,0,0.45354688
0,0,8.968559e-05
0,1,0.71790344
0,1,0.7560631
0,0,8.224777e-05
0,1,0.9993351
0,0,0.0002051952
0,0,0.00016856867
0,1,0.9998393
0,1,0.9734153
0,1,0.9999213
0,0,0.44417855
0,1,0.9999602
0,0,0.19224738
0,1,0.508285
0,1,0.9998952
0,0,0.2945056
0,0,0.17567386
0,0,0.39436933
0,1,0.8412785
0,1,0.9999025
0,1,0.9999404
0,0,0.00087323284
0,0,0.0068631438
0,1,0.7118673
0,1,0.9999715
0,0,0.00036441837
0,1,0.9785297
0,1,0.9933635
0,1,0.9826462
0,0,0.09350764
0,0,0.417931
0,1,0.9999534
0,0,0.049671713
0,0,0.0038290427
0,0,0.0010894352
0,0,0.00010814275
0,0,0.2938784
0,1,0.98884237
0,1,0.9999627
0,1,0.99946564
0,0,0.0002056518
0,1,0.99994504
0,1,0.98865265
0,0,0.25646952
0,0,0.10134829
0,0,0.00070845004
0,0,0.22976567
0,1,0.99595046
0,0,0.00026412832
0,1,0.6258804
0,0,0.002501981
0,1,0.9998578
0,0,0.11302376
0,1,0.99947864
0,1,0.9999244
0,1,0.99982315
0,0,0.00055454305
0,0,3.4894467e-05
0,0,0.04762547
0,0,0.01572253
0,1,0.9999492
0,1,0.90956306
0,0,0.00011755893
0,1,0.53218836
0,1,0.9527801
0,0,0.048887756
0,1,0.5419972
0,0,0.001551799
0,1,0.99987245
0,0,0.000270097
0,1,0.9825668
0,1,0.99995816
0,1,0.99992156
0,0,0.41146043
0,1,0.7303808
0,1,0.99996066
0,1,0.753702
0,1,0.9999633
0,0,0.017242566
0,1,0.9496827
0,1,0.9999583
0,0,0.21276265
0,1,0.81984997
0,0,0.0013809635
0,1,0.9999442
0,0,3.338638e-05
0,1,0.8570587
0,0,0.00031176934
0,0,0.44898954
0,0,0.011868987
0,1,0.9999616
0,0,5.7937803e-05
0,0,7.498825e-05
0,0,4.331227e-05
0,0,0.15716931
0,1,0.5950073
0,1,0.8160619
0,1,0.9999316
0,1,0.9985385
0,0,0.22448218
0,0,7.0883274e-05
0,0,6.506396e-05
0,1,0.5762924
0,1,0.99996364
0,0,0.10740151
0,1,0.9933563
0,1,0.7391482
0,0,0.4870171
0,0,8.973281e-05
0,1,0.9999316
0,0,0.00014275505
0,0,0.0013933185
0,1,0.99994886
0,0,0.0007956886
0,0,0.08051502
0,0,0.49238908
0,0,8.845167e-05
0,0,0.009157946
0,1,0.97512317
0,1,0.99966323
0,0,0.0027067054
0,0,8.9583256e-05
0,0,0.009134623
0,0,0.00010179462
0,0,0.0003085763
0,0,0.13287973
0,1,0.9970469
0,0,0.001125275
0,0,4.681977e-05
0,1,0.9999703
0,0,0.00024959992
0,0,0.3662941
0,1,0.9702885
0,1,0.94203705
0,0,0.0092893215
0,1,0.99677104
0,0,9.353133e-05
0,1,0.99993324
0,0,0.23586902
0,1,0.99994934
0,1,0.899663
0,0,0.47599933
0,0,9.782644e-05
0,0,0.07257183
0,0,0.001184632
0,1,0.9993105
0,1,0.99995923
0,0,6.107807e-05
0,0,0.0021212425
0,0,0.0001005131
0,1,0.9999325
0,1,0.99995804
0,1,0.8391488
0,1,0.70305514
0,0,8.767656e-05
0,1,0.64033043
0,0,7.419862e-05
0,0,0.024951978
0,0,4.7902875e-05
0,0,0.00014327366
0,0,0.12338675
0,0,0.007976935
0,1,0.9999498
0,0,0.0002778852
0,1,0.8822148
0,0,0.0010580427
0,1,0.97207594
0,0,5.358757e-05
0,0,0.00045396507
0,1,0.7818172
0,1,0.97247857
0,0,0.082322106
0,0,7.05523e-05
0,0,9.8421544e-05
0,0,0.016684102
0,1,0.99977523
0,0,7.355043e-05
0,1,0.9993906
0,1,0.99990475
0,1,0.9337521
0,0,0.00028624266
0,1,0.82868814
0,1,0.594472
0,0,0.07458464
0,0,0.00057250727
0,1,0.73266387
0,1,0.77756995
0,1,0.99994576
0,1,0.87991
0,0,0.12681799
0,0,0.00023003292
0,1,0.9999523
0,0,0.000105983156
0,0,4.6643963e-05
0,1,0.89972514
0,1,0.9995907
0,0,0.28544724
0,0,0.042065125
0,0,8.284909e-05
0,1,0.9998497
0,1,0.99971145
0,1,0.9994906
0,0,0.00013033609
0,0,0.35617173
0,0,0.07768091
0,0,0.2216793
0,1,0.7587229
0,0,0.4309994
0,1,0.9964451
0,0,0.3431838
0,0,0.062970445
0,0,7.7321245e-05
0,1,0.5970782
0,0,0.25158602
0,1,0.9999734
0,0,0.0030382855
0,0,0.00028640972
0,1,0.99978167
0,1,0.8775827
0,0,6.9720416e-05
0,0,0.050900333
0,1,0.999967
0,0,0.15767007
0,0,8.478193e-05
0,0,0.15316924
0,0,0.00050290686
0,0,0.0002958065
0,0,0.00010399087
0,1,0.5156155
0,1,0.99987924
0,0,0.00021124953
0,1,0.9999713
0,0,0.3603699
0,1,0.99952614
0,1,0.71117693
0,1,0.99997234
0,1,0.98661476
0,0,0.25455937
0,0,0.00013514797
0,1,0.99954396
0,1,0.99790883
0,0,0.00046044396
0,0,0.000113320784
0,1,0.9999604
0,0,9.5331874e-05
0,1,0.9440079
0,1,0.9998467
0,1,0.99997365
0,1,0.99840814
0,1,0.9996587
0,1,0.9989931
0,0,0.19787338
0,1,0.5543307
0,0,0.012114782
0,0,0.22635001
0,1,0.9966545
0,0,0.1979783
0,1,0.99996185
0,1,0.92325795
0,0,0.00010766059
0,1,0.9999511
0,0,6.343817e-05
0,1,0.9424807
0,1,0.96775717
0,0,0.10146548
0,1,0.97188175
0,0,0.09245386
0,1,0.9998745
0,1,0.99995506
0,0,0.00074227835
0,1,0.94895625
0,1,0.9925557
0,1,0.89054114
0,1,0.99997115
0,0,9.872365e-05
0,0,0.44264057
0,1,0.9618632
0,1,0.99812645
0,0,0.073465966
0,0,0.017190496
0,0,0.25678182
0,0,0.055122893
0,0,0.00096794916
0,0,0.35654783
0,1,0.9999652
0,0,0.1942686
0,1,0.6455102
0,0,0.0033664892
0,1,0.82297695
0,0,0.051549785
0,0,0.3668842
0,1,0.99961936
0,1,0.9998903
0,0,0.0010545198
0,1,0.99917126
0,1,0.97367924
0,0,8.538932e-05
0,0,0.11453976
0,1,0.68724597
0,1,0.9999708
0,1,0.99988425
0,1,0.9999721
0,0,0.0051259124
0,0,0.0005266991
0,1,0.99996376
0,0,0.018050747
0,0,0.00012335269
0,1,0.9866397
0,0,0.0001881227
0,0,0.002040047
0,0,0.03894941
0,0,0.026194131
0,1,0.9999654
0,1,0.9960077
0,0,7.070525e-05
0,1,0.999933
0,1,0.99991167
0,1,0.99994266
0,1,0.99924576
0,0,0.0002175656
0,1,0.9999485
0,1,0.9999654
0,0,0.009247459
0,0,0.0003234923
0,1,0.95780355
0,1,0.9999734
0,1,0.9996107
0,0,5.5549444e-05
0,1,0.6400802
0,1,0.9999738
0,0,0.0013461744
0,1,0.9993254
0,0,0.09894306
0,1,0.99932456
0,0,0.000102163576
0,0,0.31979927
0,1,0.99996495
0,0,6.0863575e-05
0,1,0.99996555
0,1,0.9991603
0,1,0.9999473
0,1,0.999946
0,0,0.46154985
0,1,0.99929345
0,1,0.994551
0,0,0.12769786
0,1,0.99321574
0,1,0.99239165
0,0,0.0001250881
0,0,0.042300012
0,1,0.9928718
0,1,0.9821061
0,1,0.99995506
0,0,0.06990392
0,0,8.4250976e-05
0,0,0.00784947
0,1,0.9999497
0,1,0.979633
0,0,6.555128e-05
0,1,0.5615337
0,0,8.75955e-05
0,0,9.7737306e-05
0,0,0.00018872206
0,1,0.56647104
0,0,0.04315487
0,1,0.9558678
0,1,0.7145992
0,1,0.9476579
0,0,9.7254604e-05
0,1,0.9956298
0,0,0.00014520189
0,0,0.00017992381
0,0,0.00012949457
0,1,0.99993646
0,1,0.999954
0,1,0.9999101
0,0,0.003145429
0,1,0.9959791
0,1,0.9357201
0,0,9.495464e-05
0,1,0.99992216
0,0,0.00024517678
0,1,0.99984634
0,1,0.9999634
0,0,0.028088342
0,1,0.99629104
0,1,0.5298966
0,0,4.1622574e-05
0,1,0.9998716
0,0,0.0043101506
0,1,0.99991155
0,1,0.93431574
0,1,0.99944943
0,0,5.0916773e-05
0,0,0.008413654
0,1,0.9996716
0,1,0.9999664
0,0,0.04262568
0,0,0.00011049343
0,1,0.99916375
0,1,0.9965838
0,1,0.99996567
0,0,0.0016475274
0,0,7.380042e-05
0,0,0.07134305
0,0,0.00023953768
0,0,0.00026408018
0,1,0.8702224
0,0,0.00030411073
0,0,0.00040366407
0,1,0.9999608
0,0,7.1495466e-05
0,0,6.408041e-05
0,1,0.99995947
0,1,0.9999685
0,1,0.9999418
0,1,0.99995005
0,0,0.30001083
0,0,8.229838e-05
0,1,0.9999187
0,1,0.9985331
0,1,0.99996567
0,1,0.9999685
0,1,0.99928516
0,1,0.9996995
0,0,0.01008579
0,1,0.85605395
0,1,0.99997425
0,0,6.311913e-05
0,0,0.00016398425
0,0,0.4719881
0,0,4.7872774e-05
0,1,0.9995254
0,1,0.9972126
0,0,0.007837097
0,1,0.9408825
0,1,0.9999578
0,1,0.86081487
0,0,7.3958865e-05
0,0,0.15981685
0,1,0.98240626
0,1,0.99996877
0,1,0.8935669
0,0,0.00010443856
0,1,0.99977726
0,1,0.96898717
0,1,0.9913966
0,0,9.183157e-05
0,0,0.3189397
0,0,0.25793868
0,1,0.5019792
0,1,0.9999579
0,1,0.99993527
0,0,0.0005056452
0,1,0.658096
0,1,0.6381416
0,1,0.9999448
0,1,0.9999714
0,0,0.007871618
0,0,0.19369598
0,1,0.99226147
0,0,0.0001336724
0,1,0.8832438
0,1,0.9999708
0,0,0.0015724181
0,1,0.9547112
0,0,0.0015881715
0,1,0.99994934
0,0,0.00018003196
0,1,0.93829626
0,1,0.9291031
0,0,0.26875204
0,1,0.99997306
0,0,0.41951844
0,0,0.007997984
0,0,0.02568667
0,0,0.0045054303
0,1,0.9980519
0,1,0.9999676
0,0,0.00015174714
0,0,0.000100019366
0,0,0.0002532428
0,1,0.99349594
0,0,6.3466796e-05
0,0,0.06019809
0,0,0.030443963
0,0,0.2889299
0,0,0.00020383822
0,1,0.9999422
0,0,0.06314423
0,0,4.1688356e-05
0,0,0.0001969757
0,0,0.003430911
0,0,0.0020980025
0,0,9.974105e-05
0,1,0.9917972
0,0,0.43100348
0,1,0.9999652
0,1,0.5900573
0,0,0.000661099
0,1,0.99996924
0,1,0.9998085
0,0,0.107348256
0,0,0.00015898146
0,1,0.87660277
0,1,0.9998412
0,0,0.00025465924
0,0,8.459683e-05
0,0,0.15784948
0,0,0.07429394
0,1,0.996203
0,0,0.09032525
0,0,0.0016746816
0,1,0.99944526
0,1,0.75761074
0,1,0.79193884
0,0,0.44636795
0,0,7.773482e-05
0,0,5.959254e-05
0,0,9.489734e-05
0,0,0.09548713
0,1,0.57705134
0,0,0.0001067811
0,0,0.05330129
0,0,0.00024385634
0,0,0.00031784255
0,1,0.9951959
0,1,0.99986947
0,0,0.000120105775
0,0,4.8743303e-05
0,0,0.00042859477
0,1,0.9999578
0,1,0.9999585
0,0,0.00027057098
0,0,0.003341509
0,1,0.9905454
0,0,0.00010207233
0,1,0.9912718
0,0,0.0001996922
0,1,0.9940942
0,0,8.3448445e-05
0,0,0.16039895
0,0,0.30095676
0,1,0.99963224
0,1,0.9842089
0,1,0.87975454
0,0,0.00013960573
0,1,0.9999318
0,1,0.9994461
0,1,0.9685906
0,1,0.90822375
0,1,0.97472453
0,0,0.012350064
0,0,6.0984712e-05
0,1,0.9999682
0,0,0.006473311
0,0,0.0035415844
0,0,0.1345406
0,0,0.00010914058
0,0,6.23787e-05
0,0,0.1164605
0,1,0.85932475
0,1,0.949694
0,0,6.627221e-05
0,1,0.55948365
0,0,0.013049893
0,0,0.0776309
0,0,0.01899609
0,0,0.0003416779
0,0,0.00012651354
0,0,0.0005315844
0,0,0.014092742
0,0,3.7404872e-05
0,0,3.545356e-05
0,1,0.9996363
0,0,0.47649488
0,1,0.9999529
0,0,0.3474879
0,0,0.010599698
0,0,8.595647e-05
0,1,0.99996054
0,0,0.34291068
0,0,6.8964735e-05
0,1,0.93796766
0,1,0.7596481
0,1,0.99716765
0,0,7.530592e-05
0,0,0.15381314
0,1,0.99996185
0,0,6.9559435e-05
0,1,0.9999504
0,1,0.90481085
0,1,0.9999697
0,1,0.83192086
0,1,0.89417565
0,1,0.9954484
0,1,0.6474249
0,0,0.0020757252
0,0,0.0014834773
0,1,0.99981827
0,1,0.6854735
0,0,7.51418e-05
0,1,0.50808835
0,1,0.97026193
0,1,0.99962175
0,1,0.99553466
0,1,0.99979156
0,1,0.90657127
0,1,0.9999733
0,1,0.99951255
0,1,0.999974
0,0,7.624368e-05
0,1,0.99992275
0,1,0.9424809
0,1,0.9999473
0,1,0.99628395
0,0,9.150412e-05
0,1,0.9840657
0,0,0.039108448
0,1,0.9986318
0,1,0.99991214
0,0,0.00023786035
0,1,0.99966323
0,0,0.3299369
0,1,0.9966918
0,1,0.9999529
0,0,4.236785e-05
0,1,0.9994999
0,1,0.9999678
0,0,0.0003851363
0,1,0.9998117
0,0,4.0409872e-05
0,1,0.99996996
0,1,0.99971586
0,1,0.68851966
0,1,0.9997787
0,1,0.5262704
0,1,0.9085618
0,1,0.8038806
0,1,0.611166
0,0,6.556547e-05
0,1,0.99994147
0,0,0.00013503036
0,0,8.006112e-05
0,1,0.90894836
0,0,0.0018853293
0,0,9.013107e-05
0,1,0.96467584
0,1,0.57824564
0,0,0.006141878
0,0,0.00497801
0,0,5.4832923e-05
0,0,0.030910088
0,1,0.999764
0,0,4.7217713e-05
0,1,0.9118901
0,1,0.9225702
0,0,0.04007316
0,0,0.0009040642
0,1,0.99997365
0,0,0.33094788
0,0,0.07280159
0,0,0.00016232741
0,1,0.9999254
0,0,4.216595e-05
0,1,0.99996436
0,0,0.43618056
0,0,0.0007000693
0,0,4.237197e-05
0,0,0.00010849372
0,0,4.1271825e-05
0,0,0.10196534
0,0,0.23999108
0,0,0.00012476086
0,0,0.053297535
0,0,0.39847502
0,1,0.9942173
0,0,0.04123851
0,0,0.078574724
0,0,6.972188e-05
0,1,0.7259804
0,0,0.00035339428
0,1,0.9971199
0,0,0.01788836
0,1,0.9964805
0,0,8.3897095e-05
0,1,0.9987078
0,1,0.99996877
0,0,0.33755663
0,1,0.99865735
0,1,0.99991834
0,1,0.9999596
0,0,0.19483048
0,0,6.2103536e-05
0,0,0.00018360523
0,1,0.9972385
0,0,6.522822e-05
0,1,0.9312202
0,0,0.49634364
0,0,0.3792552
0,1,0.9996654
0,1,0.99987364
0,1,0.99838066
0,1,0.9626491
0,0,6.777283e-05
0,1,0.9999504
0,0,0.31081226
0,0,0.08241124
0,0,0.2534054
0,1,0.9913994
0,0,0.018873647
0,1,0.9707445
0,0,0.014872513
0,1,0.93296516
0,0,0.00021810809
0,1,0.9998784
0,1,0.9999647
0,0,0.22557688
0,0,0.00021936819
0,1,0.99996364
0,1,0.99996936
0,1,0.99909484
0,0,3.5041394e-05
0,0,0.0018499899
0,1,0.99997234
0,1,0.9999726
0,0,0.32957354
0,1,0.99995375
0,1,0.9981223
0,0,9.988868e-05
0,1,0.81426805
0,1,0.9997421
0,0,5.9731254e-05
0,0,0.00016469331
0,1,0.99983764
0,1,0.9182897
0,1,0.9987526
0,1,0.9954289
0,1,0.9999722
0,0,8.092472e-05
0,1,0.67595005
0,0,0.41326353
0,0,0.00015769439
0,0,0.00023442444
0,1,0.9550947
0,1,0.99986947
0,1,0.9810486
0,1,0.999964
0,1,0.9978421
0,0,0.35412782
0,1,0.99779546
0,1,0.9999716
0,0,0.0039285105
0,1,0.9273131
0,1,0.9712468
0,0,0.01644028
0,0,5.5279408e-05
0,1,0.9997899
0,1,0.99790895
0,1,0.99992776
0,0,0.00023678104
0,0,0.09046346
0,0,0.00017613074
0,1,0.92425114
0,1,0.71426034
0,0,0.0011826126
0,1,0.99997044
0,1,0.9978638
0,0,0.00026727503
0,0,7.377916e-05
0,1,0.9952254
0,0,0.0005310724
0,1,0.5420935
0,1,0.7077949
0,0,0.00086538616
0,1,0.99445325
0,0,8.8285575e-05
0,1,0.9999627
0,1,0.94217217
0,0,0.00010200362
0,1,0.999813
0,1,0.94715255
0,1,0.99961203
0,1,0.5617426
0,1,0.99997294
0,0,0.14006877
0,1,0.53941476
0,1,0.9954744
0,0,0.0014470526
0,0,0.00011812267
0,1,0.9999685
0,0,4.179567e-05
0,0,0.21340135
0,0,9.9756755e-05
0,0,0.49835494
0,1,0.9990829
0,1,0.9999467
0,1,0.993682
0,1,0.99943346
0,1,0.9995166
0,0,0.0018276576
0,1,0.9999559
0,0,3.7137903e-05
0,1,0.99953425
0,1,0.9999087
0,0,0.012938329
0,0,0.20409572
0,1,0.99995506
0,0,0.0019647663
0,0,0.19996421
0,1,0.66574794
0,1,0.9814543
0,1,0.9884952
0,1,0.9999434
0,0,0.39888886
0,0,0.061365347
0,1,0.9999665
0,0,0.021357968
0,1,0.99993694
0,0,0.079997435
0,1,0.87036425
0,1,0.9982799
0,0,8.967079e-05
0,0,0.04099605
0,1,0.98008007
0,0,8.299894e-05
0,0,0.38889012
0,1,0.999949
0,1,0.99991775
0,1,0.99993575
0,1,0.99995613
0,0,0.000109437075
0,0,9.890551e-05
0,1,0.9986791
0,1,0.99671894
0,1,0.99991894
0,1,0.9943797
0,0,0.00029736364
0,1,0.9998597
0,0,0.00057864434
0,1,0.9999143
0,1,0.89472157
0,0,0.00042405064
0,0,0.0008120471
0,0,0.00025722288
0,1,0.9999039
0,1,0.95809275
0,0,8.35938e-05
0,1,0.9999261
0,0,8.0880665e-05
0,1,0.99996483
0,0,0.02007312
0,0,0.00010287565
0,0,8.094625e-05
0,0,0.21161184
0,1,0.77174914
0,0,0.34566215
0,1,0.9695737
0,0,0.059298795
0,0,0.4290717
0,1,0.9925188
0,1,0.9998785
0,0,0.0005958973
0,0,0.010859834
0,0,3.550024e-05
0,0,0.00038115925
0,1,0.7693559
0,0,0.0495542
0,1,0.53716403
0,1,0.622662
0,0,0.0002885671
0,0,0.00027561025
0,0,0.0001679646
0,0,0.00088842184
0,1,0.99744046
0,0,0.00018697357
0,0,0.005566458
0,1,0.9919411
0,1,0.99344504
0,1,0.99997437
0,1,0.99642795
0,1,0.976872
0,0,0.30423477
0,1,0.6801582
0,0,7.3531155e-05
0,0,3.8890186e-05
0,1,0.7920749
0,0,0.20232482
0,1,0.7023322
0,0,0.025683112
0,1,0.9954527
0,0,0.003501729
0,1,0.6763742
0,0,5.115545e-05
0,1,0.9999646
0,0,0.000109054134
0,1,0.99983394
0,1,0.9999696
0,1,0.99996996
0,1,0.99862623
0,0,5.2999716e-05
0,1,0.60454386
0,0,0.00073761237
0,1,0.9232133
0,0,0.17240155
0,0,0.000112267495
0,0,0.04047781
0,1,0.9999713
0,0,0.41427094
0,1,0.9998853
0,1,0.5462538
0,0,0.034886
0,1,0.58550996
0,0,3.7112804e-05
0,0,0.0029766087
0,0,0.003046347
0,0,4.7195335e-05
0,1,0.99995637
0,1,0.9998661
0,1,0.9997627
0,1,0.99730563
0,0,0.00015375932
0,1,0.99995923
0,1,0.9999727
0,1,0.80608237
0,0,0.12947206
0,0,4.4179797e-05
0,1,0.99961084
0,0,0.0015468806
0,0,0.00010158245
0,0,0.14539088
0,1,0.9957904
0,1,0.8756196
0,0,0.0017394878
0,0,0.015415011
0,0,0.20216717
0,1,0.9998901
0,0,7.719128e-05
0,0,0.023844061
0,0,6.479622e-05
0,0,0.30604768
0,1,0.9998894
0,0,0.032234628
0,1,0.99997234
0,1,0.99835676
0,1,0.9999633
0,1,0.778677
0,1,0.99995804
0,0,6.0998205e-05
0,0,0.0003295873
0,0,0.09275486
0,1,0.9960162
0,0,0.24337657
0,1,0.9999503
0,1,0.9998436
0,1,0.9998983
0,1,0.99995375
0,0,0.010553566
0,0,0.00033988408
0,1,0.9929932
0,1,0.8095773
0,0,0.007038213
0,1,0.99996674
0,1,0.9998572
0,1,0.5114052
0,1,0.99997103
0,0,4.716357e-05
0,0,6.651407e-05
0,0,0.00053853303
0,0,0.04784458
0,0,4.5781584e-05
0,1,0.9999318
0,1,0.7715318
0,1,0.99466693
0,0,0.1743169
0,0,0.0023945908
0,0,0.010003082
0,0,0.10231183
0,1,0.99962807
0,1,0.99571925
0,0,0.0018206069
0,1,0.9202942
0,1,0.99738735
0,0,6.302669e-05
0,0,0.0016467057
0,1,0.9997663
0,1,0.94777066
0,0,9.240157e-05
0,1,0.999283
0,0,0.102388725
0,0,0.018500756
0,1,0.99994385
0,1,0.9999633
0,0,0.0025061436
0,1,0.9991365
0,0,8.644275e-05
0,0,0.00061412354
0,1,0.9999695
0,1,0.99996173
0,0,0.43207264
0,0,0.00013299283
0,1,0.99995756
0,0,9.668352e-05
0,1,0.9011064
0,0,0.027702825
0,1,0.9817333
0,0,0.07285075
0,0,0.00010456293
0,1,0.9999739
0,0,0.21446896
0,1,0.7098311
0,0,0.00055183045
0,1,0.9999733
0,1,0.999948
0,1,0.98786575
0,1,0.81535786
0,0,0.0017050302
0,1,0.8807459
0,0,0.12931296
0,0,8.271347e-05
0,0,0.40373197
0,1,0.673922
0,0,0.03720327
0,0,0.00012218414
0,1,0.9999646
0,0,0.0013938838
0,0,0.00019495789
0,0,0.021011418
0,1,0.5455745
0,0,0.0015630731
0,1,0.95992863
0,1,0.9999684
0,1,0.5475873
0,0,8.399492e-05
0,0,8.837891e-05
0,1,0.99979
0,1,0.99980634
0,1,0.8023741
0,0,0.21481673
0,1,0.96411896
0,1,0.9972458
0,1,0.7355973
0,1,0.99996483
0,0,0.00025885378
0,1,0.5661136
0,0,8.377334e-05
0,1,0.9944652
0,0,0.036463484
0,0,0.002449177
0,0,8.8487606e-05
0,1,0.9108924
0,0,7.498282e-05
0,0,0.084413305
0,0,4.9238195e-05
0,0,0.00029529785
0,0,0.14323881
0,0,0.000811475
0,0,8.561673e-05
0,0,0.0002140581
0,0,0.0018474356
0,1,0.8227984
0,1,0.9947373
0,0,0.016755205
0,0,0.45417267
0,0,5.7378733e-05
0,0,9.712745e-05
0,0,0.00045244416
0,1,0.89185834
0,1,0.9979644
0,0,0.00021347235
0,0,0.0003262992
0,1,0.99997044
0,0,9.190612e-05
0,1,0.976397
0,0,0.00010386046
0,0,0.021396749
0,1,0.53993446
0,1,0.9997893
0,1,0.6435548
0,0,0.00016512276
0,0,0.00022487581
0,1,0.999432
0,1,0.9999014
0,1,0.99787784
0,0,0.26055413
0,1,0.99997437
0,0,5.4158798e-05
0,1,0.94711083
0,1,0.99903035
0,0,0.0017897546
0,1,0.8663338
0,1,0.99353105
0,1,0.9869871
0,0,9.3172224e-05
0,0,0.074105635
0,1,0.52455413
0,1,0.79566044
0,0,0.18827318
0,0,0.11155861
0,1,0.9999685
0,1,0.9919755
0,1,0.99995244
0,0,0.0028840029
0,0,0.0020965582
0,0,0.4691033
0,0,0.025238413
0,0,4.305234e-05
0,1,0.9231477
0,0,0.010192801
0,1,0.9998952
0,0,0.050296728
0,0,0.00056002976
0,1,0.53044784
0,0,5.609775e-05
0,0,8.036411e-05
0,1,0.8407545
0,0,0.000117488766
0,1,0.8846644
0,1,0.99974495
0,1,0.5043482
0,1,0.99987674
0,0,0.06452529
0,1,0.99996877
0,0,0.015577802
0,1,0.99986017
0,1,0.8243879
0,1,0.9993364
0,1,0.9939645
0,1,0.9835586
0,1,0.75680697
0,0,0.0068932474
0,1,0.97446185
0,0,0.00011461315
0,0,0.4279486
0,0,0.13028957
0,1,0.9974093
0,0,8.229579e-05
0,0,7.6408694e-05
0,0,9.1799615e-05
0,0,0.12776035
0,0,0.00021778766
0,1,0.92643476
0,0,0.007932881
0,0,0.01933338
0,1,0.644913
0,1,0.98879963
0,0,0.014707995
0,0,0.0002686498
0,0,0.00015861429
0,1,0.9960743
0,1,0.9942228
0,0,0.0003860879
0,1,0.9944459
0,0,0.00011950851
0,1,0.9992132
0,1,0.99886346
0,0,0.41892278
0,0,9.7084674e-05
0,0,0.049505174
0,1,0.9672037
0,0,0.012609391
0,1,0.99951446
0,1,0.9986393
0,0,0.45242888
0,0,0.0001133917
0,0,0.0003765889
0,1,0.9790147
0,1,0.9999502
0,1,0.63272905
0,1,0.9999651
0,0,4.98476e-05
0,0,0.16848238
0,0,0.09386194
0,0,0.00014196108
0,1,0.7743432
0,1,0.99997234
0,0,0.00503361
0,1,0.9981186
0,1,0.99870455
0,0,0.3872134
0,0,0.00029328532
0,0,0.035680324
0,1,0.9999696
0,0,7.312997e-05
0,1,0.9990872
0,0,0.00018674978
0,1,0.9997434
0,0,0.26095697
0,1,0.99994874
0,0,9.2574955e-05
0,0,6.263717e-05
0,1,0.9999641
0,1,0.99951065
0,0,7.388779e-05
0,0,0.0013811429
0,0,9.694193e-05
0,0,0.0025591129
0,1,0.99722916
0,1,0.6805306
0,0,0.20839387
0,0,0.00020714507
0,0,0.008392584
0,1,0.9281749
0,1,0.64515865
0,1,0.99236345
0,1,0.99916804
0,0,8.180653e-05
0,0,6.017823e-05
0,0,0.16098498
0,0,6.7181485e-05
0,1,0.9997137
0,1,0.72534233
0,0,0.3440088
0,0,0.0004517327
0,0,0.0010842336
0,1,0.8778791
0,1,0.9939726
0,1,0.9999527
0,1,0.99997234
0,0,0.17021486
0,1,0.99923027
0,1,0.7557016
0,1,0.93326765
0,1,0.99995255
0,0,0.00063747243
0,0,0.0002481473
0,1,0.99958235
0,0,0.18887162
0,1,0.8569548
0,1,0.63131785
0,1,0.58606136
0,0,8.043993e-05
0,1,0.9996302
0,1,0.99119145
0,1,0.9882436
0,1,0.99996805
0,1,0.88701725
0,1,0.8130273
0,1,0.999966
0,0,0.29450923
0,0,0.0005470461
0,0,7.122028e-05
0,0,0.38094485
0,1,0.987432
0,1,0.9997346
0,1,0.9999498
0,0,0.00010682368
0,1,0.9958733
0,1,0.9985512
0,0,0.06685283
0,0,0.27858797
0,1,0.9949005
0,0,0.00011242594
0,1,0.9880064
0,0,0.011241932
0,0,0.038130626
0,0,0.00014175156
0,0,0.35776561
0,0,0.0009772629
0,1,0.9904399
0,1,0.82168525
0,0,7.3645184e-05
0,0,0.05648986
0,1,0.60184646
0,0,0.039694306
0,0,0.48028028
0,1,0.65559906
0,1,0.9999441
0,0,5.167793e-05
0,0,0.006423627
0,0,7.792021e-05
0,0,0.00024048527
0,1,0.9998486
0,0,0.15215729
0,1,0.9999676
0,0,0.00042544655
0,1,0.99996746
0,1,0.9761037
0,1,0.889998
0,1,0.5337543
0,1,0.9999105
0,0,0.00012446287
0,0,4.18926e-05
0,1,0.5232318
0,0,0.041261062
0,1,0.99894613
0,0,0.4579594
0,0,0.09607452
0,0,0.24114391
0,0,0.004359009
0,1,0.9984133
0,0,7.1874725e-05
0,1,0.99996734
0,1,0.9999678
0,1,0.9992204
0,0,0.00039692674
0,0,0.43876398
0,1,0.9997944
0,0,0.021098765
0,0,0.0012202029
0,0,5.8619207e-05
0,1,0.9977495
0,1,0.9979303
0,0,8.54897e-05
0,1,0.9986784
0,0,6.823496e-05
0,1,0.7827638
0,0,0.0013142176
0,1,0.99221635
0,1,0.7171522
0,1,0.8058897
0,0,7.298214e-05
0,1,0.9918909
0,0,0.4701227
0,1,0.968229
0,0,0.009405301
0,1,0.99995685
0,0,0.004473667
0,0,0.0009261946
0,1,0.99990356
0,1,0.9976592
0,1,0.99997485
0,1,0.9999466
0,0,0.090698905
0,1,0.9992631
0,1,0.9999732
0,1,0.9309749
0,1,0.9944707
0,0,8.222478e-05
0,0,8.832263e-05
0,1,0.99995637
0,0,0.084624566
0,1,0.99984455
0,1,0.9999567
0,1,0.99997056
0,1,0.999944
0,1,0.557459
0,1,0.9995443
0,0,0.018816356
0,1,0.9995958
0,0,0.000103424405
0,0,0.018662916
0,0,0.00011329509
0,1,0.99204004
0,0,8.2899904e-05
0,1,0.99995077
0,0,0.00054354145
0,1,0.9782364
0,1,0.99996424
0,1,0.5912482
0,1,0.95709985
0,1,0.56539094
0,1,0.99982256
0,0,0.18250364
0,1,0.95564777
0,1,0.99970335
0,0,0.00010153404
0,1,0.9826561
0,0,6.190103e-05
0,1,0.5346121
0,1,0.9998217
0,1,0.52937174
0,1,0.9996643
0,1,0.9857826
0,1,0.6280802
0,1,0.7374627
0,1,0.83995974
0,1,0.9398183
0,1,0.8197282
0,0,0.00012335904
0,1,0.9999739
0,0,0.0001046044
0,1,0.9912025
0,0,8.761572e-05
0,1,0.99881065
0,1,0.9999703
0,0,0.0024292255
0,1,0.55455345
0,0,0.00024458516
0,0,0.03559461
0,0,0.00011301109
0,1,0.9095955
0,0,0.0050730235
0,1,0.5770787
0,1,0.9724821
0,1,0.72051656
0,1,0.96305865
0,1,0.9999709
0,1,0.9999379
0,1,0.99884474
0,1,0.99996746
0,0,0.11462018
0,0,4.0763403e-05
0,1,0.9959162
0,0,8.989467e-05
0,1,0.99996984
0,1,0.99981374
0,0,0.0003645852
0,0,0.00525962
0,1,0.74855405
0,1,0.9565128
0,1,0.9987286
0,0,6.2476756e-05
0,0,0.04244092
0,1,0.99744356
0,0,0.09781526
0,0,0.11732408
0,1,0.9227197
0,1,0.9998697
0,0,9.373098e-05
0,0,0.042173646
0,1,0.999961
0,0,5.0796883e-05
0,0,3.7747046e-05
0,1,0.9945141
0,1,0.9820374
0,1,0.97706133
0,0,6.1225015e-05
0,1,0.96259296
0,1,0.9995121
0,0,0.4154525
0,0,6.8189875e-05
0,0,0.0011734124
0,0,4.5432083e-05
0,0,0.00011884995
0,0,5.6321387e-05
0,0,0.38861006
0,1,0.99869967
0,0,0.00010803163
0,1,0.9116981
0,0,0.3836998
0,0,0.459408
0,0,0.0013795012
0,1,0.9998759
0,0,0.045305908
0,1,0.9999368
0,0,9.9377445e-05
0,1,0.73666006
0,1,0.99995506
0,0,0.12469589
0,0,0.0001855671
0,1,0.9998723
0,1,0.7605617
0,0,0.000107099775
0,1,0.8237454
0,1,0.8354058
0,0,0.00028841995
0,1,0.9950964
0,0,0.044351593
0,1,0.9706654
0,1,0.9996916
0,0,3.89143e-05
0,0,0.0030893835
0,0,0.0033713593
0,0,4.501814e-05
0,1,0.9999522
0,1,0.99997115
0,0,0.03923357
0,1,0.8630962
0,0,0.00011028007
0,1,0.99991345
0,0,0.021082846
0,0,7.381547e-05
0,0,0.0057789283
0,0,0.13366432
0,0,0.053842496
0,1,0.9249319
0,1,0.99825555
0,0,6.84986e-05
0,0,0.00030690804
0,1,0.9525866
0,0,0.00013348668
0,0,8.050662e-05
0,1,0.9999745
0,1,0.9999745
0,1,0.9999747
0,0,0.00027787036
0,0,0.25070748
0,1,0.9964516
0,0,0.00012866364
0,1,0.9529986
0,0,9.503028e-05
0,0,0.022300595
0,1,0.9995951
0,1,0.916644
0,1,0.9999707
0,0,7.431354e-05
0,0,9.380054e-05
0,0,0.00039566122
0,0,7.547624e-05
0,1,0.9797545
0,1,0.9999695
0,1,0.9931277
0,0,0.10651398
0,1,0.93696934
0,0,0.012093001
0,0,0.09995567
0,1,0.77126276
0,1,0.99995613
0,1,0.9994635
0,0,0.0006952679
0,1,0.99363756
0,0,0.34065473
0,1,0.9999403
0,0,0.0012427866
0,0,0.09342173
0,1,0.9850991
0,0,0.00011142547
0,1,0.9737699
0,1,0.9998715
0,1,0.5134977
0,1,0.99996483
0,0,0.00011061856
0,1,0.99972326
0,1,0.81793165
0,1,0.9999702
0,1,0.931378
0,0,0.0030006373
0,1,0.63575673
0,0,0.007914305
0,0,0.0001855142
0,0,8.139488e-05
0,1,0.99997497
0,1,0.943794
0,1,0.6515186
0,0,0.4799599
0,1,0.7843533
0,1,0.9999677
0,1,0.9999703
0,1,0.9998449
0,0,0.024545342
0,1,0.99991703
0,0,0.3690898
0,1,0.9999542
0,1,0.99990284
0,1,0.8354076
0,0,0.0010563652
0,1,0.9998851
0,1,0.9997352
0,0,3.9493254e-05
0,1,0.8299561
0,0,4.792225e-05
0,0,8.74316e-05
0,0,6.1293256e-05
0,0,4.1859494e-05
0,0,0.115850285
0,0,0.07715553
0,1,0.9999527
0,1,0.99994206
0,0,0.0006226381
0,0,0.00015714442
0,1,0.9979023
0,1,0.99888307
0,0,0.00066421996
0,1,0.9998324
0,1,0.9987417
0,0,0.15207124
0,0,0.10547473
0,0,0.013044484
0,1,0.99892443
0,0,0.0025470413
0,0,0.0010644788
0,0,5.8639842e-05
0,1,0.8406919
0,1,0.99128973
0,0,0.008671742
0,0,0.22293179
0,0,0.0019075224
0,1,0.68960536
0,1,0.9999715
0,1,0.7150479
0,0,8.109305e-05
0,0,0.0008524465
0,0,0.48105073
0,0,0.006336753
0,1,0.98521197
0,0,0.000195557
0,0,0.012055092
0,0,0.0008857906
0,1,0.9588199
0,1,0.9998703
0,1,0.999967
0,1,0.8730689
0,1,0.9999653
0,0,0.00043971988
0,0,0.00010260838
0,0,0.0001508646
0,1,0.9999647
0,1,0.9999734
0,1,0.88328445
0,1,0.5497778
0,1,0.99137175
0,1,0.9999678
0,0,0.0011828245
0,0,9.998503e-05
0,0,0.36166456
0,0,0.012043439
0,0,7.651383e-05
0,1,0.99992883
0,1,0.9999634
0,0,0.4912221
0,0,7.4686235e-05
0,1,0.9935681
0,1,0.87275505
0,1,0.99966526
0,0,0.0051696342
0,0,0.0051132464
0,1,0.9852042
0,1,0.7410178
0,0,0.0013782902
0,0,7.282711e-05
0,1,0.99984515
0,1,0.9975084
0,0,6.4535074e-05
0,0,0.00020766439
0,1,0.99271107
0,1,0.95443475
0,0,0.00013411492
0,0,0.00022536692
0,1,0.6810691
0,0,0.028628912
0,0,4.2108448e-05
0,0,0.00010779506
0,1,0.99893326
0,1,0.899923
0,1,0.99996746
0,1,0.9808944
0,1,0.999974
0,0,0.13002063
0,1,0.99996305
0,0,5.478724e-05
0,0,0.019294722
0,1,0.9999696
0,1,0.70253015
0,0,8.4531035e-05
0,1,0.99385035
0,1,0.93642265
0,1,0.99987245
0,1,0.999856
0,0,0.0075427634
0,1,0.99995935
0,0,3.888499e-05
0,1,0.9980981
0,1,0.9999552
0,0,0.0013782496
0,0,0.00010905611
0,1,0.9999716
0,0,0.017319659
0,0,0.0003061932
0,1,0.7978124
0,1,0.9618504
0,0,0.00010774726
0,1,0.99996185
0,0,0.016626084
0,1,0.9974529
0,1,0.80395055
0,0,6.5356166e-05
0,1,0.99718297
0,1,0.77085733
0,1,0.9868268
0,0,7.551482e-05
0,0,0.014259343
0,1,0.9999713
0,1,0.95198953
0,0,0.020133944
0,1,0.91800845
0,0,4.642222e-05
0,1,0.7646362
0,1,0.99994373
0,0,0.003365512
0,1,0.9999535
0,1,0.99246216
0,1,0.99994934
0,0,0.0001929177
0,1,0.9999602
0,1,0.9995431
0,0,0.021229183
0,0,0.001742705
0,1,0.9274391
0,0,0.00041571085
0,1,0.5669857
0,1,0.99980074
0,0,6.1082035e-05
0,1,0.9980282
0,1,0.99956983
0,0,0.00048362795
0,1,0.9999428
0,0,0.0021362635
0,1,0.99768734
0,1,0.99878603
0,0,6.832077e-05
0,0,0.0015388738
0,1,0.99823976
0,1,0.99977916
0,1,0.9999652
0,1,0.9999734
0,0,0.008914067
0,0,8.104604e-05
0,0,0.034171093
0,1,0.99971575
0,1,0.9999715
0,0,0.27210152
0,1,0.9403454
0,0,0.1911638
0,1,0.8209149
0,1,0.99994993
0,0,0.10733845
0,1,0.98949474
0,0,0.00022331455
0,0,0.0001782079
0,0,0.077218376
0,1,0.999948
0,1,0.9999684
0,0,0.078624
0,1,0.99997246
0,0,0.0004151681
0,1,0.6681299
0,0,0.23507185
0,1,0.7498682
0,0,0.00014746902
0,0,6.918884e-05
0,0,7.631025e-05
0,0,0.4723564
0,0,4.5595974e-05
0,1,0.99996805
0,0,0.2736204
0,1,0.9991122
0,1,0.99492246
0,1,0.99994314
0,0,9.363136e-05
0,0,4.9277085e-05
0,1,0.99024534
0,0,0.0002753466
0,1,0.9997993
0,1,0.9999492
0,1,0.9978707
0,0,0.003512765
0,0,0.027120814
0,0,9.7977405e-05
0,1,0.6901778
0,1,0.9999434
0,1,0.99997056
0,0,7.728948e-05
0,1,0.99996877
0,0,0.00030388348
0,1,0.99518484
0,1,0.97449374
0,1,0.9999684
0,1,0.9992699
0,0,5.8845195e-05
0,1,0.90187293
0,1,0.9984236
0,1,0.7059292
0,1,0.99865544
0,1,0.9999708
0,0,0.007093352
0,0,0.025319299
0,1,0.9364182
0,1,0.8808465
0,1,0.770532
0,1,0.99273396
0,1,0.9996748
0,1,0.9998356
0,1,0.5412009
0,1,0.64192814
0,0,0.000147929
0,1,0.9993204
0,1,0.9982644
0,1,0.9939924
0,0,0.00010500616
0,0,0.00030021564
0,0,0.0021621615
0,1,0.9999707
0,0,0.04017536
0,1,0.57275873
0,1,0.9999423
0,0,0.00010319517
0,0,0.00060826977
0,1,0.99992275
0,0,0.00024839086
0,1,0.75229806
0,0,0.023607327
0,1,0.9998325
0,1,0.99996924
0,0,0.096403375
0,1,0.98335576
0,0,4.207585e-05
0,0,0.0050472124
0,1,0.99987423
0,0,0.00012419942
0,1,0.99996924
0,0,0.0032559638
0,1,0.99996686
0,0,7.6117496e-05
0,1,0.99996233
0,1,0.9903475
0,1,0.51733285
0,1,0.9999691
0,0,0.00049849006
0,0,0.34726396
0,1,0.9994462
0,1,0.9999645
0,1,0.6078232
0,1,0.82850534
0,0,0.034862734
0,1,0.5595112
0,1,0.99994195
0,1,0.9997775
0,1,0.83417946
0,1,0.97237355
0,1,0.99944013
0,0,5.317737e-05
0,0,0.0014991838
0,1,0.999468
0,0,0.0059590857
0,0,0.13003813
0,0,0.07689457
0,0,0.00045076205
0,1,0.9997012
0,0,0.00036691892
0,1,0.99988973
0,1,0.7200624
0,1,0.9999292
0,0,0.00022941525
0,1,0.99958175
0,1,0.9900266
0,1,0.9988771
0,0,0.0009684206
0,1,0.9726122
0,1,0.99957246
0,0,3.506961e-05
0,1,0.99972135
0,1,0.99979264
0,1,0.99994624
0,1,0.9999459
0,1,0.99956197
0,0,0.09419842
0,0,0.00084498856
0,0,0.28475454
0,0,0.0013087259
0,1,0.73621845
0,1,0.9998933
0,1,0.9994523
0,1,0.9961628
0,1,0.99994314
0,1,0.6403888
0,0,0.16503385
0,0,0.37865135
0,1,0.99997115
0,0,0.00043066504
0,1,0.799976
0,1,0.9793258
0,1,0.9992767
0,0,0.00015797612
0,1,0.99994004
0,1,0.9994318
0,0,5.0622264e-05
0,1,0.5567328
0,1,0.9276857
0,1,0.99996877
0,0,3.615176e-05
0,1,0.86189777
0,0,0.32746956
0,0,0.000102627266
0,1,0.56107664
0,1,0.9993818
0,1,0.99964476
0,1,0.7652059
0,1,0.84883314
0,1,0.9999685
0,1,0.63245565
0,1,0.9999746
0,1,0.9999424
0,1,0.77246964
0,0,0.019148145
0,0,4.9021226e-05
0,1,0.99994755
0,1,0.99996364
0,1,0.7747943
0,1,0.9996408
0,1,0.9999553
0,1,0.9072476
0,0,0.00011145205
0,1,0.99813277
0,1,0.999956
0,0,0.017809518
0,1,0.9999627
0,1,0.8851116
0,1,0.99869543
0,1,0.5727407
0,1,0.9995523
0,0,0.01927356
0,1,0.9999671
0,0,0.00010978681
0,0,0.0003458422
0,0,0.00011276974
0,0,0.00048496257
0,1,0.9998977
0,0,0.00039556235
0,1,0.520429
0,0,0.40843835
0,0,6.5398686e-05
0,1,0.54604846
0,0,0.42019328
0,1,0.996525
0,1,0.9858328
0,0,0.051830422
0,0,0.044915665
0,1,0.99990475
0,1,0.99088556
0,1,0.9995763
0,1,0.78415984
0,1,0.99989307
0,0,6.393557e-05
0,0,8.606423e-05
0,0,0.007926535
0,0,0.0012311238
0,0,5.6768942e-05
0,0,0.0008476509
0,1,0.9983145
0,0,0.00011999599
0,0,4.895134e-05
0,1,0.8926919
0,0,6.273454e-05
0,1,0.99974316
0,1,0.99995923
0,0,0.00021811183
0,0,0.0006313434
0,1,0.9960616
0,1,0.9999615
0,0,0.00046979668
0,0,0.0070608556
0,0,8.112413e-05
0,1,0.5108462
0,1,0.614452
0,1,0.9999577
0,1,0.9990319
0,1,0.99996924
0,1,0.9999397
0,0,6.0392205e-05
0,1,0.99902654
0,0,0.00031612092
0,0,0.4465546
0,1,0.95194846
0,1,0.668217
0,0,0.4034747
0,1,0.5641388
0,0,0.00017413624
0,0,0.0001120349
0,0,0.47949442
0,1,0.61339486
0,1,0.9994734
0,0,0.009978237
0,1,0.9925096
0,1,0.9998692
0,1,0.97400755
0,0,9.3791954e-05
0,0,8.110712e-05
0,1,0.9580545
0,1,0.9920151
0,1,0.9999566
0,0,0.43055955
0,1,0.5527243
0,1,0.9999728
0,1,0.97708946
0,0,4.799556e-05
0,0,0.05809841
0,1,0.99938226
0,0,0.062898785
0,0,0.013754943
0,1,0.7802368
0,0,0.00043134004
0,1,0.999926
0,0,0.35457885
0,1,0.98888105
0,0,8.275402e-05
0,1,0.6795199
0,0,0.00015297081
0,1,0.9998752
0,1,0.69247496
0,1,0.8892077
0,1,0.9984787
0,1,0.58131903
0,1,0.5328943
0,0,0.13668185
0,1,0.6181228
0,1,0.99988127
0,1,0.9994203
0,1,0.99972504
0,1,0.9884517
0,0,0.49391344
0,0,0.005088209
0,1,0.9996106
0,0,0.027603451
0,0,0.015815593
0,0,8.648834e-05
0,0,0.00015311834
0,1,0.9370178
0,1,0.9721229
0,0,0.101053186
0,1,0.9999398
0,0,0.3716877
0,1,0.99955016
0,0,0.37735882
0,0,0.013917331
0,1,0.99996805
0,1,0.99996305
0,0,0.0003774572
0,0,9.6648306e-05
0,1,0.9838246
0,1,0.9937443
0,1,0.9995635
0,0,0.113908954
0,0,0.33992088
0,0,0.27532774
0,0,0.0031271337
0,1,0.9990951
0,1,0.9527646
0,0,0.0012271889
0,1,0.99996126
0,0,0.0001329547
0,0,0.000104104576
0,0,0.3348023
0,1,0.999097
0,0,0.00010092589
0,0,0.035861734
0,1,0.99967897
0,0,0.020405216
0,0,0.00011730506
0,0,0.2853304
0,0,0.3778193
0,1,0.99937683
0,0,0.013562487
0,1,0.9998399
0,0,0.0522443
0,0,9.2343245e-05
0,0,0.05492458
0,1,0.99995875
0,1,0.87598425
0,0,0.0011327972
0,1,0.9999342
0,1,0.9999696
0,1,0.9593286
0,1,0.99250823
0,0,0.0010329896
0,0,0.013148468
0,1,0.58036643
0,0,0.36112705
0,1,0.99983835
0,0,0.18224177
0,0,0.0008768481
0,1,0.7203998
0,0,8.331828e-05
0,1,0.921467
0,0,5.2375097e-05
0,1,0.6579317
0,1,0.99996877
0,0,0.00010555883
0,0,0.00014213826
0,0,0.0028740978
0,0,8.782602e-05
0,1,0.9997776
0,0,8.855767e-05
0,1,0.98436856
0,0,7.133135e-05
0,0,7.8602774e-05
0,1,0.9961868
0,1,0.99989545
0,0,0.17500007
0,0,0.014310062
0,1,0.9334543
0,0,0.044462845
0,1,0.9999145
0,1,0.9999739
0,1,0.57696474
0,0,5.751076e-05
0,0,9.061021e-05
0,1,0.99996614
0,0,0.0009705959
0,0,0.12089192
0,0,0.06766968
0,1,0.92991745
0,0,0.44736102
0,0,9.3656454e-05
0,0,0.00031708044
0,0,0.0016117931
0,1,0.9999639
0,1,0.95636356
0,0,5.9066482e-05
0,0,0.07863291
0,1,0.99353576
0,0,0.00022870721
0,0,0.0064710416
0,0,0.006100851
0,1,0.9662525
0,0,8.521118e-05
0,0,7.5547956e-05
0,1,0.999951
0,0,0.45379335
0,1,0.991865
0,0,0.0021262602
0,0,0.00013841568
0,1,0.9963988
0,1,0.9999542
0,0,0.41372028
0,0,0.00037918444
0,1,0.94736046
0,0,9.361932e-05
0,1,0.9996966
0,1,0.9999604
0,0,0.00012198229
0,0,4.3377328e-05
0,0,0.07201963
0,1,0.7925676
0,0,0.117182575
0,1,0.7722854
0,1,0.99980253
0,1,0.99981517
0,0,7.165258e-05
0,0,0.00014955063
0,0,0.00030941734
0,1,0.5644362
0,0,0.00010156831
0,1,0.9998319
0,1,0.99993813
0,0,0.00088206615
0,1,0.99993896
0,0,5.259286e-05
0,0,0.09751142
0,1,0.9849438
0,1,0.6868349
0,0,0.0012988274
0,1,0.9703625
0,0,0.41888186
0,1,0.9836954
0,0,0.46856648
0,0,0.017284634
0,0,0.11267451
0,0,0.1752017
0,1,0.9996253
0,0,7.948466e-05
0,1,0.9999349
0,0,0.38204005
0,1,0.9999542
0,1,0.9999677
0,0,0.013843962
0,1,0.5813021
0,1,0.99991584
0,0,0.19109583
0,0,5.487781e-05
0,1,0.91970116
0,1,0.53544444
0,0,6.0142032e-05
0,0,8.570895e-05
0,1,0.9980065
0,0,0.0004058747
0,1,0.9774304
0,0,0.0064346297
0,0,0.00011006617
0,1,0.9838951
0,1,0.99987555
0,1,0.9761253
0,1,0.9966384
0,0,0.09978724
0,0,0.006957744
0,1,0.7527074
0,0,0.17825621
0,0,0.12591898
0,0,0.00024135908
0,0,0.0078069014
0,1,0.9982451
0,0,0.00073524524
0,0,0.09375671
0,0,0.04072798
0,0,0.0059479554
0,1,0.9755645
0,1,0.960013
0,1,0.9999666
0,1,0.99996316
0,0,0.00014506033
0,1,0.9565232
0,1,0.99995935
0,1,0.99253297
0,0,0.4399506
0,1,0.999972
0,1,0.99995506
0,1,0.99995637
0,1,0.99991465
0,1,0.9044103
0,0,0.23982453
0,1,0.9999579
0,1,0.710845
0,1,0.9978562
0,1,0.6194186
0,0,0.28486758
0,0,4.9864433e-05
0,1,0.9969055
0,0,0.020702438
0,0,0.43307114
0,0,0.000120602475
0,0,5.404994e-05
0,1,0.80085325
0,0,0.10152675
0,1,0.9977639
0,0,0.14904621
0,1,0.983706
0,0,0.27861184
0,1,0.5566353
0,0,0.00015117192
0,1,0.9998841
0,1,0.9998934
0,1,0.54122174
0,0,0.0008279427
0,1,0.99996376
0,0,8.0144084e-05
0,0,0.0037581087
0,1,0.9995552
0,0,0.11894952
0,1,0.99942636
0,1,0.9750388
0,0,0.2874445
0,1,0.9998908
0,0,0.07379216
0,1,0.99997234
0,1,0.9799177
0,0,6.951932e-05
0,0,0.0001364012
0,0,4.3139626e-05
0,1,0.62856495
0,1,0.9976926
0,1,0.9366301
0,0,9.149522e-05
0,0,0.00010350364
0,0,0.23112813
0,1,0.9990445
0,1,0.9999579
0,1,0.99995863
0,0,0.033953086
0,0,8.827876e-05
0,1,0.7229629
0,0,0.13376524
0,0,0.2897214
0,1,0.99996924
0,1,0.99962306
0,1,0.99997234
0,1,0.98202056
0,0,0.48019797
0,1,0.99875057
0,0,0.00052515714
0,0,0.0024491528
0,0,0.0007159301
0,1,0.9733758
0,1,0.9999069
0,1,0.6784724
0,1,0.99979824
0,1,0.99829763
0,1,0.858403
0,1,0.9995685
0,0,0.00077597646
0,1,0.51759046
0,0,7.93852e-05
0,0,0.00024003448
0,1,0.92122436
0,0,0.0001021136
0,1,0.999938
0,0,0.32638538
0,0,0.093812376
0,0,4.9253267e-05
0,0,0.00016382532
0,0,0.012835169
0,1,0.99347866
0,0,0.0057802494
0,1,0.9999709
0,1,0.78499395
0,1,0.89746547
0,1,0.92526776
0,1,0.86538404
0,1,0.9999349
0,0,0.3941494
0,0,0.033920147
0,1,0.918409
0,1,0.64449036
0,0,0.09319219
0,1,0.9995977
0,1,0.99977094
0,0,0.00010085798
0,1,0.9999541
0,1,0.9647574
0,0,0.4430346
0,0,0.004721395
0,1,0.70614535
0,1,0.9568491
0,1,0.99997306
0,0,0.021295639
0,1,0.99830174
0,1,0.9999032
0,1,0.9975967
0,1,0.9988772
0,0,0.025744826
0,1,0.9557915
0,0,0.0073770746
0,0,0.002062564
0,0,0.0051658875
0,0,0.14664403
0,1,0.9990921
0,0,0.03515719
0,1,0.99997365
0,1,0.9999013
0,1,0.99980766
0,0,8.844695e-05
0,0,9.200099e-05
0,0,0.0013794524
0,1,0.9945673
0,0,0.0023523206
0,0,0.00010136842
0,0,6.6712644e-05
0,1,0.99995804
0,0,0.0013033338
0,1,0.9934489
0,0,0.001804719
0,0,0.01586746
0,0,0.118587434
0,1,0.98491806
0,1,0.857234
0,0,0.00836217
0,0,0.01598659
0,1,0.9772465
0,0,0.005137456
0,1,0.9973775
0,1,0.99989986
0,0,0.0001334401
0,1,0.95702684
0,0,3.4362412e-05
0,1,0.9999312
0,0,0.46493128
0,0,4.2843378e-05
0,0,0.0052654133
0,1,0.89152277
0,0,0.1651349
0,1,0.9584389
0,0,0.021821799
0,0,0.03216198
0,1,0.99997246
0,1,0.8075236
0,0,0.21975316
0,0,6.341935e-05
0,0,0.1668187
0,1,0.7759388
0,0,0.00020981707
0,0,6.789199e-05
0,1,0.99993896
0,1,0.99977964
0,1,0.9999666
0,0,8.587069e-05
0,1,0.99871564
0,0,0.021137431
0,0,9.48712e-05
0,1,0.9996631
0,1,0.9889332
0,0,4.2083477e-05
0,1,0.9998313
0,0,0.00017378939
0,1,0.998509
0,1,0.99047184
0,1,0.9235488
0,1,0.891278
0,0,0.007130983
0,1,0.7057756
0,1,0.9920644
0,1,0.9999285
0,1,0.9999738
0,0,6.8361565e-05
0,1,0.94019556
0,1,0.9991154
0,0,0.0077134445
0,1,0.9979791
0,0,0.40243006
0,0,9.702507e-05
0,1,0.9305845
0,1,0.9999708
0,0,7.001972e-05
0,1,0.9882246
0,0,0.14438936
0,0,0.36478975
0,1,0.9987317
0,0,0.0001428027
0,1,0.81537837
0,1,0.6417557
0,0,0.36145538
0,1,0.9996662
0,1,0.81243324
0,1,0.99983275
0,1,0.506386
0,1,0.73735857
0,1,0.9999603
0,1,0.99993277
0,1,0.9988298
0,0,3.4597677e-05
0,1,0.99990916
0,0,9.219588e-05
0,1,0.9998253
0,1,0.9946464
0,0,0.3009924
0,1,0.69407916
0,1,0.6520584
0,0,7.353501e-05
0,0,0.00091915036
0,1,0.99987257
0,0,0.00014160958
0,1,0.95523995
0,0,0.33439082
0,1,0.99997413
0,1,0.9999542
0,1,0.6147878
0,0,0.00032981735
0,0,0.014286983
0,0,0.00038460598
0,1,0.5113078
0,1,0.85095406
0,1,0.6949808
0,0,0.24434333
0,1,0.99997246
0,1,0.6417936
0,1,0.65939933
0,0,7.159999e-05
0,1,0.99239916
0,1,0.7952023
0,0,0.00014272225
0,1,0.99984837
0,0,0.30788246
0,0,0.0005087136
0,0,0.032700498
0,0,0.085390784
0,0,0.4482489
0,0,0.00030049944
0,0,0.00022094967
0,1,0.99854714
0,1,0.9999727
0,1,0.990608
0,0,7.039127e-05
0,0,4.6108173e-05
0,0,0.004199487
0,0,3.6639678e-05
0,0,0.055737827
0,0,0.049963105
0,0,0.00042417942
0,1,0.70656735
0,1,0.8031107
0,1,0.99996233
0,1,0.996806
0,1,0.5639556
0,1,0.99725384
0,0,0.00010940921
0,1,0.9995912
0,1,0.99973756
0,1,0.9994123
0,0,0.00019716022
0,0,0.016874345
0,0,0.20562372
0,1,0.9999702
0,1,0.9717477
0,1,0.9998479
0,0,0.3480527
0,1,0.9998621
0,0,0.13425724
0,0,4.223231e-05
0,1,0.91500866
0,1,0.99189234
0,1,0.5038338
0,1,0.99992776
0,1,0.9985428
0,1,0.9999716
0,1,0.9999534
0,1,0.8747926
0,0,8.719207e-05
0,0,0.11994283
0,0,6.7588895e-05
0,0,0.0016466648
0,1,0.99892235
0,0,7.4536685e-05
0,0,5.2182055e-05
0,1,0.99995506
0,1,0.99571687
0,1,0.5875199
0,0,0.107511625
0,0,0.0046883817
0,1,0.9999713
0,1,0.9999739
0,1,0.9938035
0,0,0.43272048
0,1,0.99981326
0,1,0.5465164
0,0,0.2509596
0,0,0.4529013
0,1,0.99996674
0,1,0.99990094
0,1,0.9999703
0,0,6.147208e-05
0,0,0.0038223295
0,1,0.9986406
0,0,0.000933429
0,0,0.00030633828
0,1,0.7926645
0,0,0.30506492
0,0,0.004272539
0,0,0.00010156792
0,0,0.05395624
0,0,0.00021310587
0,1,0.9998833
0,1,0.99992836
0,1,0.9994955
0,1,0.99996233
0,1,0.99997294
0,1,0.99996305
0,0,6.8486974e-05
0,1,0.9930226
0,0,0.02397958
0,1,0.99993587
0,0,9.247534e-05
0,1,0.99983394
0,1,0.999969
0,1,0.7104573
0,1,0.54371923
0,1,0.9889986
0,0,0.26567194
0,0,7.052727e-05
0,0,6.0117207e-05
0,1,0.96895087
0,0,0.00017311395
0,0,0.00050460594
0,0,0.00037418798
0,0,0.0005174606
0,1,0.99873656
0,1,0.9998211
0,1,0.99415296
0,0,0.01400169
0,1,0.9689689
0,1,0.99981314
0,0,0.00019419094
0,0,0.16232227
0,0,7.13021e-05
0,1,0.8498902
0,0,0.00023652449
0,1,0.79959667
0,1,0.9156792
0,0,0.00015480528
0,0,0.012081398
0,0,0.0006776784
0,1,0.9948413
0,0,4.024773e-05
0,1,0.9937989
0,0,0.037570048
0,1,0.7626161
0,1,0.99949384
0,0,0.0035168566
0,0,0.08184818
0,1,0.93668467
0,1,0.9996313
0,1,0.9999677
0,1,0.9971783
0,0,0.0027665193
0,0,7.43236e-05
0,0,0.016348377
0,1,0.7329028
0,1,0.9999006
0,1,0.98276776
0,0,0.10699245
0,1,0.99975187
0,1,0.99918956
0,1,0.9999598
0,1,0.9889675
0,1,0.9965353
0,0,0.059461206
0,1,0.7837893
0,0,0.35237092
0,0,8.8298286e-05
0,1,0.9994912
0,1,0.6802678
0,1,0.9997923
0,1,0.7267359
0,0,0.00022901181
0,1,0.64943475
0,1,0.99994755
0,1,0.9999254
0,0,0.04913097
0,0,7.3881674e-05
0,0,9.370818e-05
0,1,0.99519134
0,1,0.9889087
0,0,0.0076351464
0,1,0.9999583
0,1,0.99105585
0,0,0.0028158268
0,1,0.9589315
0,1,0.9999633
0,0,0.08593014
0,0,0.004350071
0,1,0.99997354
0,0,0.0002803414
0,1,0.9744685
0,0,0.0006533275
0,1,0.99996877
0,1,0.60883284
0,0,0.09181123
0,1,0.99994445
0,1,0.99918896
0,0,0.00010262149
0,0,0.000120840414
0,1,0.99997044
0,1,0.99994254
0,1,0.99990594
0,0,7.9680154e-05
0,0,0.0064627947
0,1,0.99915135
0,1,0.9999658
0,1,0.9994955
0,0,0.08040232
0,1,0.999974
0,0,0.20853671
0,1,0.9998785
0,0,0.00022654969
0,1,0.97034
0,0,0.13671683
0,1,0.9995327
0,1,0.6218756
0,1,0.9340751
0,0,0.41037834
0,0,0.2565331
0,0,0.029960012
0,0,0.00038911076
0,0,0.0060277283
0,1,0.9995353
0,1,0.8852505
0,1,0.9999455
0,0,0.00011703982
0,0,8.717777e-05
0,1,0.9999114
0,1,0.9998884
0,1,0.9999112
0,1,0.6004939
0,1,0.9884338
0,1,0.99993026
0,1,0.6727969
0,0,0.023251995
0,0,0.00011640139
0,1,0.99965537
0,0,0.4798205
0,1,0.9984176
0,0,3.8474154e-05
0,0,0.0002048539
0,0,0.2429966
0,1,0.99982053
0,1,0.99989235
0,1,0.5813594
0,0,0.0032255827
0,1,0.99469864
0,1,0.97530705
0,0,4.7514426e-05
0,1,0.9999106
0,0,0.00055274495
0,1,0.8454875
0,0,0.0004972661
0,1,0.9998229
0,1,0.89421535
0,1,0.91166973
0,0,0.13960502
0,1,0.999951
0,1,0.93650836
0,1,0.9999697
0,1,0.96515167
0,1,0.96481943
0,1,0.9833151
0,1,0.9999682
0,1,0.7782627
0,0,0.0004159733
0,0,0.0032047322
0,0,0.06025718
0,0,0.0045568235
0,0,0.11593842
0,0,0.0012411192
0,1,0.99996936
0,1,0.9999589
0,0,0.039348163
0,1,0.99974185
0,0,0.086937904
0,0,0.007838952
0,0,0.0003194892
0,1,0.7363737
0,1,0.9999747
0,0,0.0030048373
0,1,0.99871564
0,0,0.015571671
0,1,0.99996686
0,1,0.99579465
0,0,8.126025e-05
0,1,0.9999355
0,1,0.9999651
0,0,0.00066418655
0,0,0.0049034366
0,1,0.82492816
0,0,0.00012617197
0,1,0.99986017
0,0,0.013420474
0,0,7.506723e-05
0,0,0.2686741
0,1,0.999961
0,0,7.4015654e-05
0,1,0.9974482
0,1,0.9989447
0,0,0.0005737514
0,1,0.978856
0,0,0.0014400526
0,0,0.00023604643
0,0,0.000116070645
0,0,0.30614382
0,1,0.9999447
0,1,0.91287845
0,1,0.99979466
0,1,0.9947555
0,1,0.9999616
0,1,0.6776636
0,0,0.0046537714
0,0,9.3522496e-05
0,1,0.9999553
0,1,0.9477103
0,0,4.966956e-05
0,1,0.99800354
0,0,8.980831e-05
0,1,0.99993074
0,1,0.9998394
0,1,0.65429616
0,1,0.9999547
0,1,0.9991602
0,0,4.560867e-05
0,1,0.9999664
0,1,0.7972672
0,0,0.00027063471
0,1,0.99918836
0,0,0.013603778
0,1,0.9915752
0,0,0.2083842
0,1,0.8898215
0,1,0.99996924
0,0,0.24557723
0,1,0.99990594
0,0,0.00025462575
0,0,4.5501063e-05
0,1,0.6679819
0,1,0.99993944
0,0,0.0077145062
0,1,0.90517646
0,0,0.0009787742
0,1,0.9999343
0,0,4.0821327e-05
0,0,0.10621247
0,0,0.002959221
0,1,0.9998622
0,1,0.99953556
0,0,0.0002162795
0,0,0.0002455347
0,0,0.479939
0,0,3.8051545e-05
0,1,0.97125196
0,0,0.00066005765
0,1,0.9999747
0,1,0.80514544
0,0,8.500585e-05
0,1,0.9602177
0,0,0.020888252
0,0,0.08885157
0,0,0.10216645
0,0,0.45641202
0,1,0.61358845
0,0,0.12449192
0,0,8.1748185e-05
0,1,0.65632737
0,0,0.006408049
0,0,7.4371186e-05
0,1,0.574655
0,1,0.8145076
0,1,0.99982786
0,0,8.16966e-05
0,0,0.4470294
0,0,0.00010276506
0,0,5.3335472e-05
0,1,0.99989593
0,0,3.4495744e-05
0,1,0.7587088
0,0,0.32005048
0,1,0.99899286
0,1,0.8214559
0,0,9.437492e-05
0,0,6.556354e-05
0,1,0.99996996
0,0,0.076324336
0,1,0.99996984
0,0,7.158736e-05
0,0,0.23774779
0,1,0.99996495
0,1,0.9101552
0,0,0.0002951633
0,1,0.84003305
0,0,4.876757e-05
0,0,0.04768403
0,0,9.236739e-05
0,1,0.999959
0,1,0.872229
0,1,0.97166336
0,1,0.99753404
0,1,0.99996996
0,1,0.999964
0,0,7.255683e-05
0,0,0.0059841378
0,0,0.00010181666
0,0,0.21496844
0,0,0.003752432
0,1,0.9996692
0,0,0.2584476
0,1,0.9284271
0,1,0.59509194
0,1,0.99996984
0,0,0.27111
0,1,0.9807382
0,1,0.9999672
0,1,0.9625741
0,1,0.82219875
0,1,0.93138206
0,0,0.25425687
0,1,0.918415
0,0,0.00014307599
0,0,0.4975248
0,0,0.1949425
0,0,3.5206867e-05
0,1,0.99995506
0,0,0.00013448425
0,0,9.2448274e-05
0,0,0.00016549599
0,0,0.00011858878
0,1,0.99992263
0,1,0.9995215
0,0,0.002640761
0,0,0.0002516475
0,0,6.152856e-05
0,0,0.0002450235
0,1,0.9999552
0,0,6.650849e-05
0,0,0.00012240547
0,1,0.9999738
0,1,0.9999695
0,1,0.97977555
0,0,8.060548e-05
0,0,0.025564607
0,1,0.8966767
0,1,0.99996746
0,1,0.99661225
0,1,0.8941811
0,1,0.99995613
0,0,0.0012125573
0,1,0.52226084
0,0,0.23051669
0,1,0.99921095
0,1,0.99961036
0,1,0.9999232
0,0,0.006421853
0,0,0.0016105276
0,1,0.67849004
0,1,0.6587623
0,0,0.00012257941
0,0,0.0033082063
0,1,0.99782515
0,0,0.001233999
0,1,0.9980647
0,0,0.0016958801
0,0,0.00011123185
0,0,0.3607704
0,0,0.0132550895
0,1,0.65662444
0,1,0.60239637
0,1,0.98469234
0,1,0.99985754
0,1,0.98716104
0,1,0.99851304
0,1,0.93928206
0,1,0.70515305
0,0,0.0009137104
0,0,0.00014610408
0,1,0.5617198
0,1,0.874964
0,0,0.00020321063
0,1,0.9999125
0,0,0.0035541398
0,1,0.9915774
0,0,5.1933443e-05
0,1,0.9947007
0,0,0.02248873
0,0,7.286782e-05
0,1,0.79378796
0,1,0.999967
0,1,0.9920298
0,1,0.9998908
0,1,0.99977905
0,0,0.06829689
0,0,0.45171443
0,0,0.00018885777
0,1,0.9987676
0,0,0.19505966
0,1,0.85303944
0,0,0.0001972104
0,1,0.7531951
0,0,0.0059682415
0,0,0.39516073
0,0,9.050719e-05
0,1,0.99994636
0,0,0.00028103424
0,1,0.999938
0,0,9.821247e-05
0,0,0.045540683
0,0,9.950736e-05
0,1,0.9999596
0,1,0.99977154
0,1,0.9933256
0,0,0.003027415
0,1,0.572978
0,0,4.945961e-05
0,1,0.9970943
0,1,0.9144703
0,0,0.083698414
0,1,0.99981695
0,0,0.00027117296
0,1,0.9959163
0,1,0.98420656
0,0,0.0028966407
0,1,0.9643771
0,1,0.9993662
0,1,0.98395544
0,0,0.0067259134
0,0,0.24564372
0,1,0.999652
0,0,0.000111745336
0,0,7.813391e-05
0,1,0.99956495
0,0,7.544335e-05
0,1,0.9999645
0,1,0.99955684
0,1,0.58788085
0,1,0.99996567
0,0,0.028023103
0,0,0.30074966
0,1,0.9999521
0,1,0.5989211
0,1,0.9999584
0,1,0.6095374
0,1,0.6680605
0,1,0.9362434
0,1,0.99990094
0,0,7.746663e-05
0,1,0.99991524
0,0,0.4714267
0,0,0.0001287121
0,1,0.671178
0,0,0.3584259
0,0,6.950672e-05
0,0,4.8117552e-05
0,0,9.913761e-05
0,1,0.9950075
0,0,0.09045043
0,0,0.00060923875
0,1,0.9999516
0,0,0.005373172
0,0,0.15759282
0,0,5.6183897e-05
0,0,0.4422511
0,0,0.17001341
0,0,0.00020543659
0,0,0.0022980212
0,1,0.99911433
0,1,0.9999659
0,1,0.99715
0,0,0.00010645008
0,1,0.99662614
0,1,0.999479
0,0,0.43803057
0,0,0.035449855
0,1,0.9999472
0,1,0.5538331
0,0,0.00352096
0,0,5.3767704e-05
0,1,0.99996614
0,1,0.9794906
0,1,0.9999651
0,1,0.9176899
0,0,0.00027924712
0,1,0.97831684
0,0,0.3419418
0,0,4.983258e-05
0,1,0.9988341
0,0,6.403246e-05
0,1,0.67832226
0,0,0.009004672
0,1,0.9999
0,0,6.694915e-05
0,0,0.21206929
0,1,0.7305817
0,1,0.99718386
0,0,0.098640196
0,1,0.99996257
0,1,0.98981607
0,1,0.9775163
0,1,0.9993001
0,1,0.99996674
0,0,0.12916218
0,1,0.9999448
0,0,9.779978e-05
0,0,0.1912174
0,1,0.98016995
0,0,4.036235e-05
0,1,0.9999703
0,0,0.109718114
0,0,6.991496e-05
0,1,0.99992514
0,0,0.3589973
0,1,0.9999652
0,0,0.045331217
0,1,0.99995995
0,1,0.9999528
0,0,8.122509e-05
0,0,6.232477e-05
0,1,0.99968636
0,0,0.0032661282
0,0,0.3696369
0,1,0.9996288
0,1,0.9998355
0,1,0.99846303
0,1,0.9465439
0,0,0.10011284
0,1,0.6221661
0,0,5.2152303e-05
0,0,6.6037035e-05
0,0,9.620915e-05
0,0,0.0034523944
0,1,0.99922764
0,1,0.9983759
0,0,0.003119153
0,0,0.0002683531
0,1,0.9984824
0,1,0.91380507
0,1,0.99963486
0,0,6.6934655e-05
0,0,0.15423937
0,1,0.98658514
0,0,7.3755946e-05
0,1,0.5814733
0,0,0.44067502
0,1,0.7283555
0,1,0.9999597
0,1,0.9794881
0,0,0.0035602278
0,1,0.99731606
0,0,0.0001107449
0,1,0.993601
0,1,0.999713
0,0,0.07011944
0,1,0.9297656
0,1,0.9998877
0,0,6.6965295e-05
0,0,0.00011225133
0,0,0.00027546525
0,1,0.98803407
0,0,0.00016708954
0,0,0.21308132
0,0,0.0004261626
0,0,0.00012247251
0,1,0.90904903
0,0,7.2429015e-05
0,0,0.00010414677
0,0,0.000106444095
0,0,0.00016190697
0,0,0.0001030402
0,1,0.9999665
0,1,0.9999343
0,1,0.99996924
0,0,0.00015350632
0,0,0.00011083881
0,0,0.000102522514
0,0,0.0023269875
0,0,0.14660984
0,1,0.520437
0,0,0.021386994
0,1,0.6412026
0,0,0.47432038
0,0,0.0021765523
