label,pred,prob_ai
0,1,0.99983
0,1,0.9987318
1,1,0.99991655
1,0,0.00042588313
0,1,0.99735355
0,1,0.99280155
0,1,0.9997166
1,1,0.9998405
0,1,0.99994564
0,1,0.99565697
0,1,0.99744594
1,1,0.9995672
1,0,0.08008236
0,1,0.9998851
1,1,0.5048227
0,1,0.99993515
1,0,0.000506111
1,1,0.999785
1,0,0.0014336469
0,1,0.99899644
1,1,0.5164158
1,1,0.9104449
1,1,0.99987555
0,0,0.0005697414
0,1,0.9999305
1,0,0.1588443
1,1,0.9997607
0,1,0.99978524
0,1,0.9999305
1,1,0.99787986
1,1,0.75703084
1,0,0.00014918119
1,1,0.9969531
1,1,0.9616301
1,0,0.002560369
1,1,0.9995857
1,1,0.9999403
0,1,0.99993765
0,1,0.85662603
0,1,0.9993449
0,1,0.9977246
1,0,0.00016992114
1,1,0.99733305
0,1,0.9998068
0,1,0.87849486
0,1,0.9997476
1,1,0.6210327
0,1,0.9994301
1,1,0.9999497
1,0,0.08612459
1,1,0.99907935
0,1,0.999902
1,1,0.98396033
1,1,0.9443202
1,1,0.69220793
1,1,0.9998946
0,1,0.99991524
1,1,0.99372476
1,1,0.980978
0,1,0.99956495
1,1,0.9981711
0,1,0.99763846
1,0,0.0057547214
1,1,0.99992955
0,1,0.99993825
1,0,0.00083997846
1,1,0.9999461
0,1,0.99469864
0,1,0.999879
1,0,0.30184478
0,1,0.98587835
0,1,0.99936587
0,0,0.0019305181
0,1,0.99994385
0,1,0.99994564
1,1,0.9999471
1,0,0.00014511883
1,1,0.99992216
1,1,0.9754386
0,1,0.9996915
1,1,0.76238436
1,1,0.9998944
0,1,0.9966484
1,1,0.9960413
0,1,0.9999083
1,1,0.9999356
1,0,0.000112721355
0,1,0.9690448
0,1,0.5620925
0,1,0.9999279
0,1,0.9994221
0,1,0.9998325
0,1,0.9997148
1,0,0.12685497
1,1,0.708568
1,1,0.9995363
0,0,0.18776806
0,1,0.9999255
1,1,0.99986506
0,1,0.9999293
1,0,0.082116924
1,1,0.99573684
0,1,0.9926684
0,1,0.9998914
0,1,0.99993706
0,1,0.9997993
1,0,0.23628482
1,1,0.99922323
0,1,0.99980634
1,0,0.00484023
0,1,0.9999212
1,1,0.64149153
1,1,0.9996623
0,0,0.43913323
0,1,0.9998863
1,0,0.048716433
0,1,0.9737214
1,1,0.6002319
0,1,0.9998627
0,1,0.99988365
0,1,0.9999232
0,1,0.99989545
1,1,0.99001324
0,1,0.9998005
0,1,0.8967295
1,1,0.98923105
0,1,0.9991074
1,1,0.9821348
1,1,0.9997489
0,1,0.9999131
0,1,0.9994487
0,1,0.63098407
0,1,0.9998324
0,1,0.99986887
1,0,0.11335808
0,1,0.9998211
1,1,0.7394309
0,1,0.9999374
0,1,0.99004376
0,1,0.999923
1,1,0.98934376
0,0,0.0010442726
0,1,0.9995807
0,1,0.69323635
1,0,0.16106409
1,1,0.90516603
0,1,0.9998872
1,1,0.9999449
1,1,0.9999373
0,1,0.997673
0,1,0.99856526
0,1,0.99994683
0,1,0.9998982
1,1,0.8675875
0,1,0.99993134
1,1,0.9999207
1,0,0.038058855
1,1,0.98928386
1,0,0.2301399
1,1,0.9617547
1,0,0.4919859
0,1,0.99984574
0,1,0.90102816
1,0,5.430956e-05
1,1,0.999912
0,1,0.99993217
1,1,0.56757754
1,1,0.9999132
0,1,0.9982856
0,1,0.99993527
1,1,0.89848363
0,0,0.0020535288
1,1,0.999863
0,1,0.9998361
1,1,0.9928033
0,1,0.9999348
1,1,0.9993111
0,1,0.9237773
1,1,0.99757165
0,1,0.9996766
1,0,0.0066329953
0,1,0.99955434
0,1,0.9999392
0,1,0.9590796
0,1,0.98227453
0,1,0.9999293
0,1,0.9997454
0,1,0.99976665
0,0,0.0022206139
1,1,0.99981564
0,1,0.96589714
1,0,0.0061095003
1,1,0.99994385
0,1,0.99991715
0,1,0.96303326
0,1,0.9997936
0,1,0.9995974
1,1,0.99933016
0,1,0.8849932
0,1,0.9969104
1,0,0.034838393
0,1,0.9994648
1,0,0.3212385
0,1,0.9996717
1,1,0.8952943
1,1,0.9986846
1,1,0.9848526
0,1,0.9999304
1,1,0.9580418
1,1,0.99876034
1,1,0.9998927
1,1,0.984141
1,1,0.5346694
1,1,0.999946
0,1,0.9999471
1,1,0.9999517
1,1,0.8656287
1,1,0.99886996
1,0,0.00020778163
1,1,0.9976381
0,1,0.99989355
0,1,0.9999292
1,1,0.9758244
1,1,0.99994147
0,1,0.9573852
1,0,7.503497e-05
1,1,0.9988727
1,1,0.99993026
1,1,0.9966821
0,1,0.99986947
0,0,0.014154037
0,1,0.97148323
1,1,0.6736235
1,0,0.02024912
1,1,0.5417665
0,1,0.9993637
0,1,0.9998264
1,0,0.33558807
1,1,0.69172585
0,1,0.99993515
1,0,0.0010860913
0,1,0.5535899
1,1,0.990558
0,1,0.99994075
1,1,0.99939334
0,0,0.4236086
1,1,0.9987956
0,1,0.99992824
1,1,0.9999474
0,1,0.9999325
0,1,0.97585833
1,0,0.008571316
0,1,0.9998971
1,1,0.8473414
1,1,0.9999074
0,1,0.99947816
1,1,0.9288436
1,0,0.00057196675
0,1,0.84962666
0,1,0.9998018
1,1,0.76931095
0,1,0.9999349
0,1,0.99944514
1,0,0.0059413644
1,1,0.9996687
1,1,0.5880239
1,0,0.0008370074
1,1,0.95502114
0,1,0.9999336
1,1,0.999298
0,1,0.99913496
1,0,0.02905638
1,1,0.9997532
0,1,0.966072
0,1,0.99989736
1,1,0.99993885
0,1,0.97879946
0,1,0.9955978
0,1,0.9994179
1,1,0.999579
0,1,0.9991912
1,0,0.0020628644
1,1,0.9998858
1,0,0.00032858804
0,1,0.99990296
0,1,0.9999367
0,1,0.9971374
1,1,0.9888521
1,1,0.7593548
0,1,0.99984014
0,1,0.9129932
0,1,0.9998461
1,1,0.9998981
1,0,0.00014443274
0,1,0.9980451
1,1,0.97542024
1,1,0.9106366
1,1,0.7094056
0,1,0.99230474
0,1,0.999928
0,1,0.99992
1,1,0.99994576
0,1,0.99955183
1,1,0.9998952
0,1,0.9932254
1,1,0.99976295
0,1,0.8862709
0,1,0.9964318
0,1,0.99989355
1,1,0.9999448
0,1,0.99991167
0,1,0.9996362
1,1,0.99972516
1,1,0.99744284
1,1,0.987818
1,1,0.9643725
1,1,0.99990237
0,1,0.9999182
0,1,0.9998845
1,1,0.9990927
1,1,0.9992793
0,1,0.80824965
0,1,0.9998605
1,1,0.9966485
0,1,0.8641392
0,1,0.99991024
0,1,0.9999124
1,0,0.0022810411
1,1,0.97379035
1,0,0.36356023
0,0,0.25542983
1,0,0.03462568
1,0,0.004936249
0,1,0.98832905
0,1,0.9998029
1,1,0.9998055
0,1,0.99702793
0,1,0.999884
1,1,0.99778396
0,1,0.99993753
1,1,0.99268544
0,1,0.60326785
1,1,0.5352203
0,1,0.9996475
0,1,0.9997607
1,1,0.9734894
0,1,0.9999385
1,0,0.0033338745
1,1,0.93806636
1,1,0.9973851
0,1,0.99992025
0,1,0.99993575
1,0,0.20493908
0,1,0.9998946
0,1,0.9996779
0,1,0.9176594
1,1,0.7059829
0,1,0.99992025
1,0,0.007651332
0,1,0.99947435
1,0,0.43422186
1,0,0.0005526798
0,1,0.99703974
0,1,0.996923
0,1,0.99949276
1,1,0.99920577
0,1,0.99993765
0,0,0.2472111
0,1,0.96173525
0,1,0.9751262
0,1,0.9993673
1,0,0.3718347
1,1,0.99950933
0,1,0.9987684
0,1,0.9845403
0,1,0.99982256
0,1,0.9998386
0,1,0.99992776
1,1,0.94817346
1,1,0.8349813
1,0,0.002093161
0,1,0.9999316
1,0,0.36673066
0,1,0.99835217
0,1,0.99993527
1,0,0.061564352
0,1,0.9999449
0,1,0.9996655
1,1,0.63709104
0,1,0.9917207
0,1,0.999833
0,1,0.55427617
1,1,0.78195256
1,1,0.98862994
0,1,0.86993253
0,1,0.9998666
1,1,0.99987495
1,0,0.030971935
1,1,0.9999398
0,1,0.9999143
0,1,0.9089199
0,1,0.99990237
0,1,0.99994123
1,1,0.97982955
1,1,0.9997925
1,0,0.037316747
0,1,0.9998311
0,1,0.7066651
0,1,0.9996182
1,0,0.3011553
1,0,0.29061174
1,1,0.9912362
0,1,0.998938
0,1,0.9999291
0,1,0.9998654
1,1,0.9999316
1,0,0.13133925
1,0,0.0011834737
0,1,0.99986255
1,1,0.99989057
1,1,0.9997447
0,1,0.9999291
0,1,0.9995968
0,1,0.9987878
0,1,0.99974126
1,1,0.9999331
0,1,0.99986565
1,0,0.28820172
0,1,0.5381319
0,1,0.93315387
1,0,0.00011451351
0,1,0.99948263
0,1,0.9998765
1,1,0.999871
0,1,0.9997662
0,1,0.9999379
1,1,0.9596441
1,1,0.97962004
0,1,0.9996991
0,1,0.99968183
0,0,0.25588453
1,1,0.9999367
1,0,0.00025120281
0,1,0.9995115
0,1,0.9996227
0,1,0.9970425
0,1,0.999853
0,1,0.9995598
0,1,0.99994385
0,1,0.99942195
0,1,0.9997819
1,1,0.9989374
1,1,0.99989116
0,1,0.99951684
0,1,0.98277086
0,1,0.9998596
1,1,0.9999293
1,1,0.99992144
1,1,0.9999367
0,1,0.9998486
0,1,0.8214428
0,1,0.9999249
1,1,0.9996314
0,1,0.99990845
1,0,0.137661
0,1,0.99989605
0,1,0.9551034
0,1,0.9999037
0,1,0.99992466
0,1,0.99994063
0,1,0.99994254
0,1,0.99954116
1,1,0.7120296
0,0,0.03278943
1,0,0.13849495
1,1,0.9833356
1,0,0.018169938
0,0,0.099113524
1,1,0.9956885
0,1,0.99856657
0,1,0.9998529
1,1,0.9996495
1,1,0.9999472
0,1,0.99993885
0,1,0.99983394
0,1,0.9998715
0,1,0.99988544
0,1,0.9998124
0,1,0.98355144
1,1,0.9999008
0,1,0.9998323
1,0,0.36870444
0,1,0.99992406
0,1,0.999806
0,1,0.99915314
0,1,0.8016959
0,1,0.9993259
0,1,0.9999182
1,1,0.98665315
1,1,0.9837445
0,1,0.9999012
0,1,0.9999366
0,1,0.9999366
1,0,0.0017165649
1,0,0.001353822
0,1,0.9999052
1,1,0.99986887
0,1,0.9999063
1,1,0.99994767
0,1,0.9997358
0,1,0.9998642
0,1,0.97181356
0,0,0.23834184
0,1,0.99989986
1,1,0.99994147
1,1,0.9999447
0,1,0.7667209
0,1,0.9993942
1,0,0.008144161
1,1,0.5176255
0,0,0.017675467
0,1,0.9998233
1,1,0.99982977
1,1,0.87843263
0,1,0.9999454
1,1,0.99989116
1,1,0.59695286
0,1,0.9997845
0,1,0.9999422
1,0,5.8685604e-05
1,1,0.97535026
1,1,0.99993646
0,0,0.0002532534
0,1,0.9999243
0,0,0.053239744
1,0,3.5515415e-05
0,1,0.99994755
1,0,0.033850133
1,1,0.9996259
1,0,0.025858913
0,1,0.9771268
1,1,0.95118135
0,1,0.99994385
0,1,0.9999356
1,1,0.870116
0,1,0.9999162
1,0,0.00016375925
0,1,0.99993753
1,1,0.9769083
1,1,0.99994373
0,1,0.999926
0,1,0.999572
1,0,0.29489473
0,1,0.9994067
1,0,0.43637055
1,1,0.99986887
0,1,0.9998493
0,1,0.99697626
1,1,0.99217427
1,0,0.0070456276
1,1,0.99979025
0,1,0.97924614
1,1,0.89843917
0,1,0.8028361
1,1,0.713243
1,0,0.16053788
0,1,0.99986434
0,1,0.999944
1,0,0.22391139
1,1,0.99975914
0,1,0.99544215
1,0,0.008067492
0,1,0.9999074
0,1,0.99978703
1,1,0.99994195
0,1,0.999938
1,1,0.9999
1,1,0.66501784
0,1,0.9999379
0,1,0.73429674
1,1,0.9998977
1,1,0.99978405
1,1,0.9999093
1,1,0.99408495
1,1,0.9999249
1,1,0.9999341
1,1,0.9913326
0,1,0.99975985
1,1,0.9587534
0,1,0.9999039
1,1,0.52112186
0,1,0.7541324
0,1,0.9523032
0,1,0.98927003
1,0,0.025461895
0,1,0.99966705
0,1,0.9999316
1,1,0.8382546
1,1,0.702862
0,1,0.9998324
0,1,0.99983025
0,1,0.99991775
0,1,0.9857986
0,1,0.99953866
1,1,0.850505
0,1,0.9832092
0,1,0.9997168
0,1,0.9598691
0,1,0.9998859
0,1,0.99991834
1,0,0.060107492
0,1,0.999923
1,1,0.99994385
1,0,0.0008409867
1,1,0.8929241
0,1,0.9999491
1,1,0.8639602
1,1,0.90226865
0,1,0.8554243
0,1,0.9999424
0,1,0.9999424
1,1,0.8670726
0,1,0.99991477
1,0,6.708162e-05
1,1,0.994457
0,1,0.9533485
1,0,0.01825968
1,1,0.99989676
0,1,0.5579234
0,1,0.9982785
1,0,0.33271465
1,0,0.00010754331
0,1,0.9999201
1,0,0.03513503
0,1,0.99993527
1,1,0.99977964
1,1,0.9984749
0,1,0.9999114
1,1,0.7110271
0,1,0.99993265
1,1,0.99988234
1,0,0.016230013
0,1,0.99994063
1,1,0.9974306
0,1,0.99977785
0,1,0.9373354
1,1,0.9998871
0,1,0.9999224
0,1,0.99948764
0,1,0.99989295
0,1,0.9997793
0,0,0.3194975
1,0,0.0014286702
0,1,0.9999368
1,1,0.98907894
0,1,0.9993787
1,1,0.6604546
1,0,0.0021548017
1,0,0.024517993
1,1,0.93323296
0,0,9.654957e-05
1,1,0.999783
1,1,0.83159876
1,1,0.9969428
1,1,0.9999261
0,1,0.99938273
0,1,0.997988
1,1,0.98248833
0,1,0.99994314
1,0,0.2541087
1,1,0.9995284
0,1,0.9998282
0,1,0.9998963
0,1,0.98622364
0,1,0.999918
1,1,0.998133
0,1,0.9934673
1,1,0.9386147
0,1,0.9727682
1,1,0.9612053
0,1,0.99992394
0,1,0.997233
1,1,0.99496436
1,1,0.9993099
1,0,0.00023430219
1,1,0.999912
0,1,0.97777474
1,1,0.8952716
0,1,0.9999225
1,0,0.009653772
0,1,0.9999107
1,0,0.21031734
0,1,0.9996809
0,1,0.9985832
0,1,0.9997681
1,0,0.0031754738
1,1,0.99992406
0,1,0.99994695
1,1,0.9993767
0,1,0.9999467
0,1,0.9997913
0,1,0.98303694
0,1,0.9998628
1,1,0.9855921
0,1,0.9992797
1,1,0.7988109
0,1,0.9999287
0,1,0.99992883
1,0,0.02699527
0,1,0.88555723
0,0,0.121011086
0,1,0.8055994
1,1,0.9987413
0,1,0.9989704
1,0,0.22824892
0,1,0.9999341
1,1,0.95598274
0,1,0.99963677
0,1,0.999833
0,1,0.969673
1,1,0.99993575
1,1,0.9596117
1,0,0.0005885502
1,0,0.0031216154
0,1,0.9998166
0,1,0.88642055
0,1,0.9999014
1,1,0.9686847
0,1,0.89122516
0,1,0.9999497
1,1,0.99980026
0,1,0.9998982
0,1,0.9998951
0,1,0.9999255
0,1,0.99994874
1,1,0.99944013
1,1,0.98211205
0,1,0.9998481
0,1,0.9693713
1,1,0.9055718
1,1,0.9995946
0,1,0.9999249
1,1,0.9999443
1,1,0.999946
0,1,0.9670387
0,1,0.9999099
0,1,0.9999305
1,1,0.99731076
0,1,0.80562806
1,1,0.7818407
1,1,0.7863648
0,1,0.9991585
1,0,0.24657375
1,0,0.028318312
0,1,0.99994683
0,1,0.9996971
1,1,0.99989986
1,0,0.00053347164
1,1,0.99994946
1,1,0.99567944
1,1,0.9999074
0,1,0.99993217
0,1,0.99986684
1,1,0.92855465
1,0,0.35277137
1,1,0.9642388
0,1,0.9999418
0,1,0.99992263
1,1,0.9999039
1,1,0.90989584
1,1,0.99987805
1,0,0.41805795
1,1,0.99994683
0,1,0.9997522
0,1,0.99968743
0,1,0.99901843
0,1,0.99993896
0,1,0.9999442
0,1,0.9982217
0,1,0.92192525
0,1,0.9954496
0,1,0.99982506
0,1,0.99991333
0,1,0.99994314
0,1,0.99990094
0,1,0.9998795
1,0,0.22692505
1,1,0.99904245
1,1,0.9995994
0,1,0.9997646
1,1,0.9837518
1,0,0.17983747
0,1,0.99991465
0,1,0.9996271
0,1,0.9998349
1,1,0.72071445
1,1,0.9803837
0,1,0.96122855
0,1,0.9996649
1,1,0.9944983
0,1,0.99909425
1,0,0.039594136
1,1,0.9781756
0,1,0.9999325
1,1,0.99865603
0,1,0.99988425
0,1,0.99980277
0,1,0.9723671
1,0,0.05418212
1,0,0.01773129
0,0,0.032895338
1,1,0.99974865
0,1,0.6194415
0,0,0.04026796
0,1,0.9999027
1,0,0.30446658
0,1,0.99993837
0,0,0.0675977
1,0,0.4808808
1,1,0.9907128
0,1,0.9999285
1,1,0.9908833
0,1,0.99994195
1,0,0.014257761
0,0,0.38202357
0,1,0.9987091
0,1,0.9995881
1,0,0.15508763
0,0,0.0024484154
0,1,0.9815794
1,0,0.1793095
1,0,0.006262242
1,0,0.42060193
0,1,0.99922144
1,1,0.90304404
0,1,0.9965502
1,1,0.9624259
0,1,0.9998735
1,1,0.5132948
0,1,0.9976411
1,1,0.99359715
1,0,0.00019544105
1,0,4.6192057e-05
0,1,0.99989605
1,1,0.9994966
0,0,0.020465638
0,1,0.999931
1,0,0.00040570527
1,1,0.9999354
0,1,0.9761379
1,1,0.9169375
1,0,0.18000898
1,1,0.99990284
1,0,0.3787669
0,1,0.99932027
0,1,0.9998147
1,1,0.7259594
1,0,0.2873368
1,1,0.9999126
1,0,6.1402774e-05
1,1,0.99986327
1,1,0.8503278
0,1,0.9999106
1,1,0.9937418
0,0,0.39174753
1,0,0.096323624
0,1,0.99994767
0,1,0.9998497
0,1,0.99951005
0,1,0.9999306
1,1,0.9983215
1,1,0.9998766
1,1,0.99972564
1,0,0.14877167
1,0,0.0014087034
0,1,0.9993224
1,1,0.9922748
0,1,0.9999192
1,0,0.03253681
0,1,0.9998832
1,0,0.00016131831
1,0,0.27939564
1,1,0.99985254
0,1,0.99908197
1,0,0.07535545
0,1,0.99907184
0,1,0.9999291
0,1,0.9998087
1,0,0.17518696
1,1,0.9999062
0,1,0.99992144
0,1,0.9636301
1,1,0.86376244
0,1,0.92877895
0,1,0.99971956
0,1,0.99957377
1,0,0.017693665
0,1,0.9945458
1,0,0.0033309115
1,0,0.22797354
1,1,0.9807012
0,1,0.99993753
0,1,0.9987772
0,0,0.34624895
0,1,0.9996785
1,1,0.9998907
0,1,0.99991083
0,1,0.99993336
1,0,0.012853193
1,0,0.0009487234
0,1,0.99899155
0,1,0.99990666
0,1,0.99993205
0,1,0.99960524
0,1,0.999918
1,0,0.00016363282
1,1,0.9999337
1,1,0.97072405
0,1,0.99879164
1,1,0.97397375
1,0,0.00032090404
0,1,0.9999435
1,1,0.8244055
0,1,0.9824911
0,1,0.88392025
0,1,0.999866
0,1,0.9997969
1,1,0.99989927
1,0,0.3969595
1,1,0.999944
1,1,0.5801289
1,1,0.99990463
0,1,0.99033535
1,1,0.8754274
0,1,0.97703016
0,1,0.9998386
0,1,0.99952877
1,1,0.99991226
0,1,0.9999031
1,1,0.99962795
1,1,0.99971145
1,1,0.99993134
1,0,0.4728756
1,1,0.9960312
0,1,0.9998191
1,1,0.9568446
0,1,0.9998098
1,1,0.9924791
0,1,0.98844564
0,1,0.9998975
0,1,0.9999107
0,1,0.9999348
0,1,0.9999049
0,1,0.99542624
1,0,0.0005096768
0,1,0.99725014
1,0,0.004263691
1,0,0.055847853
1,1,0.86013204
1,1,0.9944745
1,1,0.99715984
1,1,0.91956437
1,1,0.98103034
1,1,0.95546836
0,1,0.99979264
1,0,0.00010370004
0,1,0.99993825
0,1,0.9999043
0,1,0.9998754
1,0,0.00913746
0,1,0.96503145
1,1,0.8684841
0,1,0.9999087
0,1,0.9996319
0,1,0.9999186
1,0,0.25936076
1,1,0.99989724
1,1,0.9388739
1,1,0.99989915
1,0,0.049511883
0,1,0.9998491
0,0,0.29965514
1,1,0.9997631
0,1,0.654075
1,1,0.99993277
0,1,0.99765116
0,1,0.99987876
1,0,0.0007618397
1,1,0.9988709
1,1,0.99982375
0,1,0.9999436
1,0,0.44175404
0,1,0.9995716
1,1,0.7386518
1,1,0.999846
0,1,0.9637335
0,0,0.38581005
0,1,0.9999385
0,1,0.93007225
1,1,0.832916
1,1,0.93499553
0,1,0.99993825
1,1,0.99561834
0,1,0.9790092
1,0,0.19783469
1,1,0.9999285
1,1,0.5750172
0,1,0.99929726
1,0,0.016893025
1,1,0.9886712
1,1,0.99858296
0,1,0.99992025
1,0,0.027774615
1,1,0.9998011
1,1,0.9998989
1,0,0.19643015
1,1,0.9599461
1,1,0.99624395
0,1,0.9999386
0,1,0.99966156
1,1,0.9993228
0,1,0.5769757
0,1,0.9997726
1,1,0.99992347
1,0,0.2696859
0,1,0.99993443
0,1,0.99994075
0,1,0.98526627
0,1,0.99993145
1,1,0.99993587
1,1,0.50937295
1,1,0.6273513
1,1,0.9484994
0,1,0.9918032
0,1,0.7578358
0,1,0.9999342
0,1,0.9998115
0,1,0.99970657
1,0,0.12069775
0,1,0.9991228
0,1,0.99992347
1,1,0.9999473
1,1,0.71582764
0,1,0.91380435
0,1,0.9997162
0,1,0.9787269
0,1,0.9999429
1,1,0.9961443
1,1,0.98980284
0,1,0.9990735
0,1,0.99979764
1,1,0.98093307
0,1,0.9995485
0,1,0.99994516
1,1,0.97387254
1,0,0.29421082
1,1,0.99990344
1,1,0.98270273
1,1,0.5455248
0,1,0.9999443
0,1,0.99992955
1,1,0.73335403
0,1,0.99602807
0,1,0.99919564
0,1,0.99984634
0,1,0.998995
1,0,0.2496984
1,1,0.9740853
1,1,0.9626337
1,1,0.9889314
0,1,0.99988997
0,1,0.99992764
0,1,0.99989045
1,0,0.0016461993
1,1,0.9999094
1,1,0.82346225
1,0,0.022908384
1,1,0.9999354
0,1,0.9948978
1,1,0.84013504
1,1,0.9568086
1,1,0.9999418
1,0,0.008551281
0,1,0.9905109
0,1,0.9997955
0,1,0.999943
1,1,0.9998215
0,1,0.99988234
1,1,0.98281455
0,1,0.9998703
0,1,0.99994445
0,1,0.9999125
1,0,0.005381999
0,0,0.028541652
1,0,6.874871e-05
0,1,0.99992824
0,1,0.9999093
1,0,5.9780712e-05
1,1,0.75487185
0,1,0.99955744
1,0,0.008762497
1,0,0.017073302
1,0,0.20023824
0,1,0.999283
0,1,0.9998983
0,1,0.9994067
0,1,0.99982065
1,1,0.7261399
1,0,0.00010001077
0,1,0.9998579
1,0,0.043140672
1,1,0.99992526
1,1,0.9626859
0,1,0.6458599
1,1,0.9999505
0,1,0.9997807
1,1,0.9999428
0,1,0.99986124
1,0,0.00016662433
0,0,0.07666495
1,1,0.7632591
1,0,0.0037373924
1,1,0.50170183
1,0,0.20118918
1,1,0.9079188
1,0,0.2420904
1,0,0.0011572483
1,0,0.49428505
0,1,0.99989986
1,0,0.112259634
0,1,0.9997508
0,1,0.9999479
1,0,0.020366183
0,1,0.9997887
1,1,0.9999404
1,1,0.99705935
0,1,0.9995838
0,1,0.9999325
0,1,0.9998286
0,1,0.99870574
1,1,0.9898286
1,1,0.9969823
0,1,0.9958287
0,1,0.9999471
1,1,0.8454782
0,1,0.9999459
0,1,0.9998735
1,0,0.47990343
1,1,0.9948255
0,1,0.8986129
1,1,0.99943846
0,1,0.99983513
1,1,0.999928
0,1,0.9998585
1,1,0.99822074
1,1,0.9978371
1,1,0.9680361
0,1,0.99066204
1,0,0.016419597
1,1,0.9999138
0,1,0.9999039
1,1,0.9074937
1,1,0.9993167
0,1,0.9993431
1,1,0.9234236
0,1,0.9996555
1,1,0.9999417
1,1,0.9970181
1,1,0.9889502
0,1,0.9997452
0,0,0.002446214
1,1,0.99993813
0,1,0.9999354
1,0,0.20442648
0,1,0.81504416
1,1,0.99978226
0,1,0.9970919
0,1,0.9997707
1,1,0.9985807
0,1,0.88665414
1,0,0.0005551256
1,1,0.67828757
1,1,0.999882
0,1,0.99990416
0,1,0.9998987
1,1,0.99312747
0,1,0.5357494
1,1,0.99284875
0,1,0.9999156
0,1,0.9995944
1,1,0.999236
1,1,0.86635137
0,1,0.99841666
0,1,0.9879953
1,0,0.10759364
1,1,0.99414414
1,1,0.9997861
1,1,0.7622466
1,0,0.27120224
0,1,0.9999349
0,1,0.99990606
0,1,0.99960226
0,1,0.9998635
0,0,0.35344473
1,1,0.9997019
0,1,0.9957913
0,1,0.9998037
0,1,0.99983966
0,1,0.999949
0,1,0.9999368
1,1,0.9916398
0,1,0.9999418
0,1,0.999926
0,1,0.9999387
0,1,0.9996593
0,1,0.99993694
1,1,0.9888954
0,1,0.9999286
1,1,0.9999305
1,1,0.9466241
0,0,0.19396362
0,1,0.9998977
1,0,0.10844389
1,0,6.755938e-05
1,0,0.00096632284
1,1,0.9949497
0,1,0.99989486
0,1,0.9998084
1,1,0.99988484
0,1,0.9952887
0,1,0.9994923
1,1,0.9999447
0,1,0.99741757
0,1,0.99994326
0,1,0.99992883
0,1,0.99994445
1,1,0.9989718
0,1,0.99987495
0,1,0.99992955
1,1,0.99876404
0,1,0.9997459
0,1,0.9998342
1,1,0.806859
1,1,0.99950206
1,1,0.9448304
0,1,0.9998958
0,1,0.9998344
1,0,0.36965433
0,1,0.9999294
0,1,0.9988091
0,1,0.95520526
0,1,0.9999368
1,1,0.9998728
0,1,0.9999268
0,1,0.99991846
1,1,0.9952474
1,0,0.31242174
0,1,0.9998012
1,1,0.9999484
1,1,0.9867511
0,1,0.9999255
1,1,0.75949067
1,1,0.99909806
0,1,0.9883044
0,1,0.99969876
1,1,0.9995214
0,1,0.9999275
0,1,0.999731
1,1,0.6064945
0,1,0.99990535
1,0,0.084086254
0,1,0.9814286
0,1,0.99990296
0,1,0.999933
1,1,0.9987336
0,1,0.9998336
0,1,0.999925
0,1,0.99942565
1,1,0.5283194
1,1,0.99994075
1,0,0.002531233
1,1,0.9997881
0,1,0.99983597
0,1,0.9995478
0,1,0.999907
0,1,0.9961921
1,1,0.92448664
0,1,0.9989825
1,1,0.98743975
1,1,0.99158996
1,0,0.046336472
0,1,0.9977851
1,1,0.99993896
1,0,0.0035873246
0,0,0.079255275
1,1,0.7273382
1,1,0.99993134
0,1,0.99939954
0,1,0.9582994
1,1,0.80877084
0,1,0.9996767
1,1,0.9853479
0,1,0.9995314
0,1,0.9987239
1,0,0.2859035
0,1,0.9990056
0,1,0.98982847
1,1,0.99977595
0,1,0.9999132
0,1,0.9997137
1,1,0.99975055
1,1,0.9403307
0,1,0.9995383
0,1,0.9999428
0,1,0.99994624
0,1,0.9995938
0,1,0.9999293
1,0,0.08000712
1,0,0.0014843692
0,1,0.99990785
1,1,0.9999473
1,1,0.99989307
1,1,0.99957794
1,1,0.9982326
0,1,0.9189146
1,0,0.021874543
1,0,0.00018016553
0,1,0.99976057
0,1,0.99985814
1,0,0.000244122
0,1,0.9984628
1,1,0.9467531
1,1,0.9949738
1,1,0.9999391
1,0,0.2951007
1,0,0.094416484
1,1,0.9791911
1,0,0.0046897484
1,1,0.6471113
0,1,0.9999131
1,0,0.18420218
0,1,0.9997265
0,1,0.99991
0,1,0.9998623
0,1,0.9999404
1,1,0.9970995
1,1,0.99980444
1,1,0.98892856
1,0,0.056419853
0,1,0.9999156
0,1,0.64229
1,1,0.99990654
1,1,0.7481419
1,1,0.71572584
1,1,0.99782
1,1,0.9997948
0,1,0.99876165
0,1,0.9812749
1,1,0.9999465
1,1,0.95407337
1,0,0.40130404
1,1,0.958454
0,1,0.99922097
1,0,0.49766278
1,1,0.9993518
1,0,0.07606955
0,1,0.9995745
0,1,0.9973218
1,0,0.2772453
0,1,0.99837214
0,1,0.9999199
0,1,0.99991775
0,1,0.999949
1,0,0.16160761
1,0,0.00065160345
1,0,0.28186363
1,0,0.19684692
1,1,0.96704346
0,1,0.998965
1,0,0.4440366
0,1,0.9999398
1,0,0.0038062981
0,1,0.98614895
1,1,0.98473525
0,1,0.9997979
1,0,0.04417716
1,0,7.340764e-05
1,0,0.0001023506
1,1,0.9999144
1,0,0.053637367
1,1,0.6603917
0,1,0.81629616
0,1,0.9723627
1,1,0.99914455
1,1,0.99970067
1,0,0.0003728491
0,1,0.9947684
1,1,0.9999131
0,1,0.9843539
1,0,0.2807212
0,1,0.99986935
0,1,0.9956344
1,0,0.0063622356
1,0,0.008566641
0,1,0.99993217
0,1,0.9997323
1,1,0.8647351
0,1,0.99983656
0,1,0.99978584
0,1,0.99473673
1,1,0.9717452
0,1,0.99988675
0,1,0.9996581
1,1,0.984012
0,1,0.9969132
1,1,0.9991216
1,1,0.9702322
1,1,0.9348327
0,1,0.9996654
1,1,0.9944478
0,0,0.19974582
0,1,0.99992883
1,1,0.97094953
1,1,0.99824345
0,0,0.10521495
0,1,0.9998981
0,1,0.9999075
0,1,0.7111418
0,1,0.9987447
0,1,0.9998859
0,1,0.8646828
1,0,0.085654296
1,1,0.9892414
0,1,0.9718837
0,1,0.9991578
1,1,0.80631495
0,1,0.99719363
1,0,0.009074453
1,1,0.9998658
0,1,0.99986327
1,1,0.9997626
0,1,0.9995289
0,1,0.99992204
0,1,0.99992216
1,1,0.9997398
1,0,5.1603125e-05
1,0,0.017238034
0,1,0.9998988
0,1,0.9996772
0,1,0.99994004
0,0,0.24080727
1,1,0.9998889
1,1,0.99994266
0,1,0.9948578
0,1,0.9999155
1,1,0.99993145
1,1,0.99982506
1,1,0.9995468
0,1,0.9994537
1,1,0.8287374
1,0,0.00074584276
0,1,0.67887056
0,1,0.99994564
0,1,0.99994004
1,0,0.0011468416
0,1,0.99985087
0,1,0.99799407
1,0,0.18101494
1,1,0.9998826
1,1,0.99993336
1,0,0.035400257
1,1,0.6763139
1,1,0.6785862
1,1,0.94643164
1,0,0.00050130306
1,0,5.6127185e-05
0,1,0.9999256
1,1,0.9995522
1,1,0.99989164
0,0,0.34251472
1,0,0.18460742
1,0,0.01408657
1,1,0.9998241
0,1,0.999808
0,1,0.99752265
1,1,0.9999187
1,0,0.0068549677
1,1,0.9622264
1,1,0.9997385
1,1,0.80264723
1,1,0.9999305
1,1,0.834625
0,1,0.9999324
1,1,0.9999403
1,1,0.99434763
1,0,0.0036865252
0,1,0.5061272
1,0,0.0048853727
0,0,0.40953493
1,1,0.97967505
0,1,0.99992466
0,1,0.9802877
0,1,0.98150426
0,1,0.99912137
1,0,0.010262997
0,1,0.9999343
1,0,0.13356137
0,1,0.9998698
1,0,3.5062454e-05
1,1,0.99992514
1,1,0.99621093
0,1,0.8852568
0,1,0.9999387
1,1,0.9998915
0,1,0.9999496
0,1,0.98981607
1,1,0.9998109
0,1,0.8837847
0,1,0.9999304
0,1,0.9999256
0,1,0.9999324
1,1,0.99946576
0,1,0.99979514
0,1,0.9998068
0,1,0.9990489
0,1,0.9926394
1,1,0.99993885
0,1,0.9998741
1,0,0.12828015
1,0,0.0005606039
1,1,0.998976
1,1,0.9999162
1,1,0.9631124
1,1,0.9955942
0,1,0.9999418
1,1,0.99058867
0,1,0.9999119
1,1,0.9998702
0,1,0.69525594
1,1,0.99584925
1,0,0.031149263
1,1,0.999044
0,0,0.4075833
0,1,0.9992459
0,1,0.9320495
0,1,0.99989605
1,1,0.99993074
1,1,0.9587158
0,1,0.9666185
1,1,0.9998572
0,1,0.99971265
0,1,0.9965055
1,0,0.1482813
1,1,0.99992764
0,1,0.99916637
0,1,0.99927574
1,1,0.99992466
0,1,0.9997812
1,0,0.10177969
0,1,0.9999318
0,1,0.9735441
0,1,0.99396497
0,1,0.6365027
0,1,0.99969053
0,1,0.9989968
0,1,0.9907574
1,0,0.33624274
1,1,0.82679576
1,0,0.45795512
0,1,0.9998067
1,1,0.99838865
0,0,0.09596735
1,0,0.4716882
0,1,0.99945945
1,1,0.9966917
1,0,0.044823214
0,1,0.9877956
1,1,0.9999324
0,1,0.9792555
0,1,0.91080046
0,1,0.5855378
0,0,0.00088141003
1,0,0.18038835
1,1,0.9149547
0,1,0.99991643
0,1,0.9998903
0,1,0.99308914
0,1,0.99992573
0,1,0.9998266
0,1,0.99835914
1,1,0.9998903
1,1,0.9995838
1,0,0.007762744
1,0,0.01387146
0,1,0.9998171
1,1,0.99993515
0,1,0.99987125
0,1,0.9998702
1,1,0.99946696
0,0,0.26939398
1,1,0.99818593
0,1,0.999923
0,1,0.9999484
1,1,0.9995995
1,0,0.3913418
1,0,0.0021828308
1,1,0.94604194
0,1,0.9961599
0,1,0.99988234
1,1,0.81666696
0,1,0.9996197
0,1,0.9913803
1,0,0.0076685664
0,0,0.46731153
0,1,0.9984982
0,1,0.99993324
0,1,0.98650104
0,1,0.99970406
0,1,0.99992764
1,1,0.99978346
1,0,0.28847805
1,1,0.9962047
0,1,0.9998958
1,1,0.99927026
1,0,0.41644698
0,1,0.9997807
0,1,0.9967949
0,1,0.9998616
0,1,0.9999391
1,0,0.0025398147
0,1,0.98534584
1,1,0.99744993
1,0,4.4436954e-05
1,1,0.99992085
1,1,0.9999031
1,1,0.9997904
1,0,0.13592297
0,1,0.9998628
0,1,0.99974746
1,1,0.9997247
1,0,0.000803783
1,1,0.9149789
1,0,0.047054455
0,1,0.99992025
0,1,0.9537408
1,1,0.99641466
1,1,0.9999441
0,1,0.99969006
0,0,0.06300408
0,1,0.99968076
0,1,0.99978536
0,1,0.9999194
1,1,0.9506641
1,1,0.6999455
0,0,0.04309209
1,0,0.041990846
1,1,0.7749217
0,1,0.9993012
0,1,0.9998957
0,1,0.9998969
0,1,0.5103587
0,1,0.99959415
1,1,0.99860007
0,1,0.99993503
1,1,0.9999112
1,1,0.9913946
0,1,0.99991965
1,1,0.9995484
0,1,0.99993265
0,1,0.9994729
1,1,0.8801298
1,1,0.9751374
0,1,0.9999093
1,0,0.00022002218
1,0,0.07074545
1,1,0.999943
1,1,0.9292131
1,1,0.999785
1,0,0.0078202905
1,0,0.021194257
1,1,0.99680674
1,1,0.999798
1,1,0.9971818
0,1,0.99876726
0,1,0.91467005
0,0,0.00028803412
1,0,0.3868047
1,1,0.9991248
0,1,0.9986337
0,0,0.14802012
0,1,0.9986594
0,1,0.9519438
0,1,0.9999229
0,1,0.9999038
1,1,0.99815816
1,1,0.9997274
1,1,0.9999155
1,1,0.99993145
1,0,0.00076235057
1,0,0.089397915
0,1,0.9999058
0,1,0.99993
0,1,0.9998246
0,1,0.99992704
1,1,0.76517993
0,1,0.9996582
0,1,0.999897
1,1,0.9271326
1,1,0.999941
0,1,0.99964476
1,1,0.83169425
0,1,0.99992895
0,1,0.9790198
0,1,0.9998832
0,1,0.99993634
0,1,0.9942016
1,1,0.96978676
0,0,0.47070563
1,0,0.3913489
0,1,0.9989831
1,0,0.0016814218
0,1,0.96680963
1,1,0.9991549
0,1,0.99913424
0,1,0.99991715
1,0,0.00357876
1,1,0.99993265
0,1,0.9999008
1,1,0.5086683
1,1,0.56098956
0,1,0.99982965
0,1,0.99989665
0,1,0.99952674
1,0,0.0010621845
0,1,0.9998011
1,0,0.00011854151
0,1,0.99958795
1,1,0.8080545
1,1,0.94664675
1,0,5.625085e-05
1,0,0.16515608
1,1,0.9986223
1,1,0.9996468
0,1,0.9999354
1,1,0.9989489
1,1,0.9992648
1,0,0.0014808725
1,0,0.038770877
0,1,0.9996537
0,1,0.8987393
0,1,0.99967086
0,1,0.9998952
1,1,0.68681425
1,1,0.6429315
0,1,0.9999405
0,1,0.9974112
1,1,0.99985814
1,0,0.00010747411
0,0,0.00014595118
1,0,0.011221651
1,1,0.9560042
1,1,0.7665958
0,1,0.99979156
1,1,0.95262617
0,1,0.99990416
1,0,0.004486246
1,1,0.997068
1,1,0.9999286
0,1,0.999907
0,1,0.9993255
1,0,0.02647557
0,1,0.9999515
1,0,0.16221587
1,1,0.9977533
1,1,0.9988431
1,1,0.99993515
1,0,0.11872419
0,1,0.99994504
1,0,0.004750513
1,1,0.98151463
1,1,0.9999424
0,1,0.9998504
0,1,0.85012007
1,0,0.028081914
0,1,0.99994683
0,1,0.9861114
1,0,0.0024692523
1,1,0.83030766
0,1,0.9999138
1,0,0.0005482744
1,1,0.9941725
0,1,0.98788726
1,1,0.9998642
0,1,0.99992645
1,1,0.7397209
1,0,0.0070473286
1,0,0.007314745
1,0,6.5129694e-05
0,1,0.9307582
0,0,0.26474756
0,1,0.99990344
1,1,0.89724046
0,1,0.98876184
0,1,0.9999435
1,1,0.99978906
0,1,0.71745414
0,1,0.9999019
0,1,0.9999405
1,1,0.7224508
0,1,0.9991327
0,1,0.99994266
1,0,4.27925e-05
1,0,0.033932224
1,1,0.9994692
1,1,0.5020235
0,1,0.99992514
0,1,0.59530133
1,1,0.9993268
1,1,0.97306305
1,1,0.55530196
1,1,0.999907
1,1,0.9999435
1,1,0.98957247
1,0,0.10558307
1,0,0.031201227
0,1,0.9998919
1,0,0.00269333
1,1,0.95383066
1,1,0.99006265
0,1,0.99994624
0,1,0.98971343
0,1,0.9999274
1,1,0.9999405
1,1,0.9999496
0,0,0.019863257
0,1,0.91449445
1,1,0.9711236
1,0,0.18719158
1,1,0.52990925
0,1,0.9998592
0,1,0.8478392
0,1,0.9912916
0,1,0.9994593
1,0,0.07689504
1,1,0.9843462
1,1,0.88029903
1,1,0.5834247
1,1,0.9998745
1,0,0.15938927
0,1,0.99471754
1,1,0.99993265
1,0,0.41546276
0,1,0.9989737
0,1,0.99937004
0,1,0.9999374
1,1,0.9955811
1,1,0.77591753
1,0,0.021710435
1,1,0.99955684
1,1,0.9999119
1,0,0.0016675185
1,1,0.83641905
0,1,0.99948186
0,1,0.95651793
1,1,0.9997882
0,1,0.99981135
0,1,0.9997694
1,1,0.99978846
0,1,0.9999167
0,1,0.9998834
1,1,0.8064447
0,0,0.37628973
0,1,0.99985313
1,0,0.26001152
0,1,0.9999441
1,0,0.036086977
0,1,0.9998838
0,1,0.9999449
0,1,0.9999372
1,1,0.9999373
1,1,0.56659603
0,1,0.9998859
0,1,0.9992938
0,1,0.99993086
0,1,0.99993956
1,0,0.010887256
1,1,0.99992657
0,1,0.999848
1,1,0.9996037
0,1,0.9983431
1,1,0.9999273
0,1,0.9999411
1,1,0.9999447
0,1,0.9993327
0,1,0.9999293
1,1,0.9997211
1,1,0.9999459
0,1,0.99990344
0,1,0.99992096
0,1,0.97116166
1,0,0.3698331
1,1,0.9998074
0,1,0.99992156
0,1,0.9998746
1,1,0.99994016
0,1,0.9999367
1,0,0.025932059
0,1,0.99994755
0,1,0.9944435
0,1,0.9991391
1,0,0.07893892
1,1,0.99981135
0,1,0.9998901
1,1,0.76137686
1,1,0.9826188
1,1,0.9455701
0,1,0.9998468
1,1,0.99834037
0,1,0.99700814
0,1,0.99974555
1,0,0.103710085
1,1,0.9995994
1,1,0.99556315
0,1,0.99989116
1,1,0.9339586
1,1,0.9999442
0,1,0.9999378
0,1,0.9999355
1,1,0.54599315
0,1,0.99992955
1,1,0.99991655
1,1,0.953067
1,1,0.999453
1,1,0.99993014
0,1,0.99992514
1,1,0.9997737
0,1,0.99988854
1,1,0.87867785
0,1,0.99991274
1,1,0.9318719
1,1,0.9956921
1,1,0.9999478
1,1,0.99670756
1,0,0.008946618
0,1,0.999915
1,1,0.898576
1,1,0.99986446
1,1,0.8328207
1,0,0.050078847
0,1,0.9999293
0,1,0.99973065
0,1,0.9998456
0,1,0.999938
1,1,0.99993145
1,1,0.8629371
0,1,0.9426103
0,0,0.11339724
0,1,0.99982244
0,1,0.9998771
0,1,0.99983025
0,1,0.99607205
1,1,0.99038565
1,1,0.9878566
1,1,0.98660904
1,0,0.01802185
0,1,0.9997038
0,1,0.9414029
0,1,0.9995659
0,1,0.99993086
0,1,0.99993885
1,0,0.0036559973
1,1,0.99956566
0,1,0.9338947
1,0,0.00038880983
1,1,0.99989784
1,1,0.8111305
0,1,0.99990547
0,1,0.99346477
0,1,0.9997416
0,1,0.99989545
0,1,0.9999403
1,0,0.16276276
0,1,0.9999417
1,0,0.38633
0,1,0.99994195
0,0,0.18949248
0,1,0.99934703
0,1,0.9977678
0,0,9.1346934e-05
1,1,0.56770915
0,1,0.6473683
1,0,0.37714705
0,1,0.8083846
1,1,0.99994874
0,1,0.91174316
1,0,8.8496556e-05
1,1,0.99950325
0,1,0.99982834
0,1,0.99983335
0,1,0.9993156
1,1,0.99994516
1,0,0.014381457
0,1,0.9999485
1,1,0.9957468
1,1,0.7792619
1,1,0.9998951
1,1,0.9998517
0,1,0.78797454
1,0,0.038984288
1,1,0.9996327
1,0,0.3414779
0,1,0.9992681
0,1,0.9999089
1,1,0.9972308
0,1,0.9999416
0,1,0.7788674
1,1,0.99993765
1,1,0.97987354
0,1,0.99993
1,1,0.6754257
1,1,0.9999391
1,1,0.744127
0,1,0.99979705
0,1,0.999926
1,1,0.9996799
0,1,0.99915123
1,1,0.99248344
0,1,0.9993875
1,1,0.96885467
1,1,0.99644107
1,1,0.8715647
1,1,0.60470694
0,1,0.99993515
1,1,0.99994814
0,1,0.9997186
1,1,0.6676368
1,0,0.44844735
1,0,0.08011712
0,1,0.99994147
0,1,0.9998697
0,1,0.9998733
1,0,0.011963065
1,0,0.00013948065
0,1,0.99501
1,1,0.84839624
0,1,0.99983203
0,1,0.99984
0,0,0.07346708
1,1,0.9999119
0,1,0.99839705
0,1,0.99990964
0,1,0.9975006
1,1,0.95592487
1,1,0.6907934
0,1,0.9999081
0,1,0.99993014
0,1,0.9998964
1,0,0.29871067
1,0,0.065098986
1,1,0.8310246
1,1,0.97782284
0,1,0.9993093
0,1,0.6969343
1,0,0.11922179
0,0,0.0006437884
1,1,0.99914443
1,0,0.00019683114
0,1,0.999699
0,1,0.9999356
1,1,0.60174584
0,1,0.99991417
0,1,0.9998233
1,1,0.99355924
0,0,0.12747167
1,1,0.9999325
1,0,0.1315818
0,1,0.9999447
0,1,0.98585284
0,1,0.9999156
0,1,0.999913
1,1,0.9996561
1,1,0.56049275
0,1,0.99344665
1,0,0.24417467
1,1,0.897014
1,1,0.9976889
0,1,0.9963977
0,1,0.9984503
0,1,0.6074332
1,0,0.000998577
1,0,0.015934173
0,1,0.9997421
0,1,0.99993575
1,0,0.014907598
1,1,0.9998436
0,1,0.99993765
1,1,0.5408346
0,1,0.9999441
0,1,0.9998529
1,1,0.8787556
0,1,0.9998883
0,0,0.017014736
1,1,0.9700132
1,0,0.0037105372
1,0,0.002047927
1,0,0.000105294144
0,1,0.99989665
1,1,0.9981731
0,1,0.8423398
0,1,0.9963576
0,1,0.9998684
1,0,0.07716537
0,0,0.0203118
0,0,0.3295555
0,1,0.98556024
0,1,0.9988901
1,0,0.010213503
1,1,0.720299
1,0,0.014227729
1,1,0.99990284
1,0,0.015515946
1,1,0.54305565
0,1,0.9997335
1,1,0.9205169
1,0,0.05349653
1,0,0.35837105
1,1,0.9503673
1,1,0.99709284
0,1,0.99993646
1,1,0.9983979
0,1,0.99966717
0,1,0.9999459
0,1,0.99985826
0,1,0.99941075
1,1,0.9859315
0,1,0.99984336
0,1,0.9996087
0,1,0.9056166
1,1,0.97048056
0,1,0.99989676
1,1,0.99884963
0,1,0.9997522
1,0,9.8005345e-05
0,1,0.9998466
1,1,0.7654499
1,1,0.99458104
1,0,0.008427502
1,1,0.65344393
1,1,0.99555546
1,1,0.9999367
1,1,0.9628902
1,1,0.5065667
0,1,0.99993336
1,1,0.9938023
0,1,0.99757665
1,1,0.99994564
1,1,0.9999454
0,1,0.99958974
0,1,0.9999212
1,1,0.9994192
1,0,0.009664757
0,1,0.99990106
0,1,0.9492104
1,1,0.9930311
0,1,0.9903736
1,1,0.99982387
1,1,0.96180516
0,1,0.99993384
0,1,0.9995105
0,1,0.9999181
1,1,0.69874406
1,1,0.8977197
0,1,0.9999063
0,1,0.9998735
0,1,0.99981433
1,1,0.9991429
1,1,0.56573737
0,1,0.7140048
1,0,0.0028192343
1,1,0.54968256
1,1,0.9572039
0,1,0.9979907
0,0,0.0014414053
0,1,0.9998043
1,1,0.89004433
0,1,0.9999205
1,1,0.53920823
0,1,0.9999337
1,1,0.99993753
0,0,0.42634845
0,1,0.99986935
1,1,0.99990153
0,1,0.99795914
0,1,0.9999236
1,1,0.967176
1,1,0.99609804
0,1,0.99987555
0,1,0.9999317
0,1,0.9999335
1,0,0.46310022
0,1,0.99990976
1,0,0.00064131524
1,1,0.99973935
0,1,0.99875593
1,1,0.99767834
1,1,0.94448334
0,1,0.9974401
0,1,0.7680588
0,1,0.9999217
0,1,0.99989355
0,1,0.9999188
1,0,0.40382436
1,1,0.99898297
1,0,0.22093137
1,1,0.9919884
0,1,0.99991477
0,1,0.9997687
0,1,0.9997416
1,1,0.9904096
1,1,0.8679847
1,1,0.9999306
1,0,0.0011523931
1,1,0.99966145
1,1,0.518061
0,1,0.9903397
1,1,0.99786747
0,1,0.999902
0,1,0.9999138
1,0,0.30982983
0,1,0.99958473
0,1,0.9999461
0,1,0.9999443
1,1,0.9955236
1,1,0.999944
0,1,0.9999466
1,0,0.003322483
1,1,0.9657429
0,1,0.9999442
1,1,0.9958026
1,1,0.9992385
0,1,0.9999273
0,1,0.99991834
0,1,0.99919313
0,1,0.9978928
1,1,0.9999101
1,1,0.9999392
0,1,0.9999018
0,1,0.99992204
0,0,0.41752505
0,1,0.9978356
1,1,0.99988496
1,0,0.10910776
0,1,0.9999442
1,0,0.10217869
0,1,0.9999019
1,1,0.9968167
0,1,0.9998739
0,1,0.99863344
1,1,0.9775243
0,1,0.9999472
0,1,0.99923444
1,0,0.0022870512
1,0,0.30689517
0,1,0.9999093
0,1,0.9998541
1,1,0.9929034
0,1,0.9998272
1,1,0.9999386
1,1,0.99582124
0,1,0.9995047
0,1,0.92725825
0,1,0.99994504
1,1,0.6744559
0,1,0.9999387
1,0,0.22474137
1,1,0.99994564
1,0,0.39049253
1,0,0.004865494
0,1,0.9999063
1,0,0.009209213
0,1,0.999928
1,1,0.5260923
0,1,0.96861637
0,1,0.99993825
1,1,0.9998591
0,1,0.999948
1,0,0.13149965
1,1,0.9997085
1,1,0.99991107
0,1,0.98996407
1,1,0.6990588
0,1,0.9791917
1,0,0.22675197
1,1,0.9942206
1,0,7.404757e-05
0,1,0.82652646
1,1,0.9994727
0,1,0.98112065
1,0,0.220062
1,1,0.9994905
1,1,0.7584635
1,1,0.99995124
1,0,0.30105972
1,0,4.197782e-05
1,1,0.9936644
0,1,0.99994314
1,1,0.9905577
1,0,0.0364643
0,1,0.999894
0,1,0.9998802
0,1,0.7643653
1,1,0.53986233
1,1,0.8835462
0,1,0.99988675
0,1,0.99899966
1,0,0.0065265642
1,1,0.9832945
1,1,0.9998878
1,0,0.0015282953
0,1,0.99985206
0,1,0.9998412
1,1,0.99560815
0,0,0.002503188
1,0,0.36846963
1,1,0.9999386
0,1,0.9343125
0,1,0.99987113
1,1,0.9966646
0,1,0.9991653
1,1,0.9988978
0,1,0.99584514
0,1,0.99993396
0,1,0.9866573
0,1,0.99994147
0,1,0.9999435
0,1,0.9974152
0,0,0.10887138
1,1,0.8905362
0,1,0.99993694
0,1,0.9999335
0,1,0.99989545
1,0,0.10625808
1,0,0.020735644
1,1,0.60240716
0,0,0.28835174
1,1,0.99828404
0,1,0.99922705
0,1,0.9999378
1,0,0.0062323636
0,1,0.99878305
0,1,0.99960226
1,1,0.8661124
0,1,0.9999207
1,1,0.8855941
1,0,0.077533685
0,1,0.99984837
1,0,0.41852516
1,1,0.8285929
1,0,0.33377016
0,1,0.9172483
0,1,0.9989531
1,1,0.97864085
1,1,0.9731776
0,1,0.9999118
1,0,7.5371376e-05
1,1,0.99811137
1,1,0.999941
0,1,0.99945325
1,1,0.9284227
1,0,7.816796e-05
0,1,0.9998696
1,0,0.0003849864
0,1,0.9999373
1,0,0.027811037
0,1,0.99986434
1,0,0.20957658
1,1,0.99867994
0,1,0.99406093
0,1,0.992739
1,1,0.99876887
1,0,0.29337642
1,1,0.95924705
0,1,0.999652
1,1,0.9799702
0,1,0.5796693
1,1,0.99901927
0,1,0.90738684
0,1,0.99992085
0,1,0.9993474
0,1,0.9986461
1,1,0.8436261
1,0,0.027727975
1,1,0.6068339
1,0,0.3611227
0,1,0.99992263
0,1,0.9999256
0,1,0.99992967
1,1,0.99994826
0,1,0.99970275
1,0,0.022768438
1,1,0.99325985
1,1,0.9997371
0,1,0.87938136
0,1,0.99993134
1,1,0.9999454
1,1,0.9999167
0,1,0.9999454
0,1,0.9794789
1,0,0.11374439
1,1,0.997077
0,1,0.7784488
0,1,0.9998362
1,0,0.0013562777
1,1,0.6100124
1,1,0.9870948
0,1,0.9997991
1,1,0.9997867
0,1,0.99969375
1,1,0.9962276
0,0,0.15237807
0,1,0.9677114
1,1,0.93573874
0,1,0.9999312
0,1,0.99993837
0,1,0.99979466
0,1,0.9993299
0,1,0.999933
1,1,0.9994128
0,1,0.99991035
1,1,0.6791813
1,1,0.9999503
0,1,0.99993074
1,0,0.029262628
1,1,0.73639894
0,1,0.99994445
1,0,0.0016244295
0,1,0.9992674
1,0,0.10060777
1,0,0.06825663
1,1,0.9997751
0,1,0.9999176
0,1,0.9950158
0,1,0.9991528
1,0,0.026153566
0,1,0.9653639
1,0,0.00026320867
1,1,0.9998529
0,1,0.8290774
1,1,0.9646731
0,1,0.9999138
0,1,0.9998852
1,1,0.9992286
0,1,0.99994457
0,1,0.9997547
1,1,0.86768764
0,1,0.9999461
0,1,0.9922374
0,1,0.9945222
1,1,0.99565214
1,1,0.9999368
1,0,0.091658756
0,1,0.68556416
1,0,0.4363467
0,1,0.9995041
0,1,0.9999163
0,1,0.99975556
1,1,0.9999217
0,1,0.9991203
1,0,0.0116404025
1,1,0.99907744
0,1,0.99993145
0,1,0.99991846
0,1,0.999071
0,1,0.99985635
1,1,0.9995888
1,1,0.9999013
0,1,0.99983716
1,0,0.004489212
0,1,0.99742585
0,1,0.88237196
0,1,0.9999471
1,1,0.99937123
1,1,0.98205966
0,1,0.999923
0,1,0.999894
1,0,0.0012646472
1,1,0.86333436
1,1,0.96838367
1,0,0.2213809
0,1,0.9997427
1,1,0.5239073
1,1,0.9817545
1,1,0.9989986
1,1,0.99975413
0,1,0.9999324
0,1,0.99991965
0,1,0.999908
0,1,0.9987159
1,0,0.38414666
1,1,0.9976458
1,1,0.99968874
0,1,0.99238926
0,1,0.99704665
0,1,0.99993443
1,0,0.05083387
0,1,0.999884
0,1,0.99960953
1,1,0.99992037
1,0,0.18866262
0,1,0.9999491
0,1,0.999456
0,1,0.9999367
1,1,0.99993324
1,1,0.5252812
0,1,0.99949884
0,1,0.9999157
0,1,0.99966395
0,1,0.9220542
0,1,0.99978644
0,1,0.9549413
0,1,0.99988663
0,1,0.9998795
0,1,0.99991024
1,1,0.9991165
0,1,0.9998386
0,1,0.9111551
1,1,0.99993074
1,1,0.6038305
0,1,0.99412894
0,1,0.9983816
1,1,0.9999012
1,0,0.21835698
0,1,0.99987996
1,0,0.0056887977
0,1,0.9909264
1,0,0.004395242
0,1,0.99985814
1,0,7.9627134e-05
1,1,0.99683005
0,1,0.9998741
1,1,0.9237387
1,0,0.14981891
0,1,0.99972564
1,1,0.999622
0,1,0.997997
0,1,0.9997967
0,1,0.99925715
0,1,0.99990463
0,1,0.99392706
1,0,0.04392219
1,1,0.9978986
1,1,0.99527305
0,1,0.999908
1,0,0.00014199196
1,1,0.99846077
0,1,0.99964035
1,1,0.9991159
0,1,0.99993384
0,1,0.9999249
0,1,0.9999151
0,1,0.9999467
0,1,0.99980885
1,1,0.99779284
1,0,0.16885036
0,1,0.99943095
0,0,0.008128517
0,1,0.9999311
0,1,0.9995902
0,1,0.99989665
1,1,0.99382716
1,1,0.9973017
1,1,0.99990463
1,0,0.00024170682
0,1,0.99992585
1,1,0.8881779
0,1,0.71990716
0,1,0.9998957
0,1,0.9998324
1,0,0.004003633
0,1,0.99542505
0,1,0.8167591
0,1,0.99545705
0,1,0.9999232
0,1,0.98772347
1,1,0.9998258
1,1,0.7592178
0,1,0.99897516
1,1,0.99992263
0,1,0.99991846
1,1,0.9071214
0,0,0.40179837
0,1,0.99971074
0,1,0.999912
1,1,0.9252451
1,0,0.033388816
0,1,0.9994572
0,1,0.92810863
1,0,9.458448e-05
0,1,0.9582497
1,1,0.99937505
1,1,0.99765044
0,1,0.999721
0,1,0.9997756
0,1,0.9998913
0,1,0.9999063
1,1,0.99978036
1,0,0.01966939
0,1,0.9998566
0,1,0.999946
1,1,0.97698
1,1,0.99788374
1,1,0.99980336
0,0,0.007416916
0,1,0.99990916
0,1,0.9999198
1,1,0.99982697
0,1,0.9647472
0,1,0.7014848
0,1,0.9998914
0,1,0.9995664
0,1,0.9999453
0,0,0.43491644
1,1,0.99955136
1,1,0.9969234
1,0,0.06422507
0,1,0.9178651
0,1,0.99993396
0,1,0.99979657
0,1,0.9998273
0,1,0.999931
1,0,0.32844278
1,1,0.9994198
1,1,0.99987185
0,0,0.40849522
1,0,0.016815815
0,1,0.99993515
1,1,0.9999058
0,1,0.94984573
1,1,0.9999387
0,1,0.92214864
0,0,0.41732025
1,0,0.25182393
0,1,0.99992394
0,1,0.99991167
1,1,0.81278646
0,1,0.99991107
1,0,0.0029926228
1,1,0.99912983
1,1,0.998936
1,0,0.00084396417
1,1,0.6148972
1,1,0.9925252
0,1,0.9999268
1,1,0.9965886
1,1,0.9999269
1,1,0.9992729
0,1,0.9999325
0,1,0.9999455
1,1,0.99195284
1,1,0.99736315
1,0,0.017045612
1,0,0.01248717
1,0,0.013534949
1,0,0.0034589628
0,1,0.71630704
1,1,0.99968195
0,1,0.9991468
0,1,0.99863225
0,1,0.99993
1,1,0.9966652
0,1,0.9997702
0,1,0.99988866
1,1,0.9999269
1,1,0.9999243
0,1,0.98856366
0,0,0.006060571
0,1,0.99922395
1,1,0.9998599
1,1,0.9987777
1,1,0.9478391
0,1,0.9985061
1,1,0.99982774
0,1,0.99989843
0,1,0.9997662
0,1,0.99768496
0,1,0.99762744
0,1,0.99991775
1,1,0.9921186
0,1,0.9999422
1,1,0.998787
0,1,0.9999342
0,1,0.999332
1,1,0.9957391
1,1,0.5631876
0,1,0.9999018
1,1,0.6726003
0,1,0.9990965
1,1,0.9998666
0,1,0.999856
0,1,0.9972838
0,1,0.999806
0,1,0.99977714
0,1,0.76520026
1,1,0.9971584
1,1,0.9946083
1,1,0.82860285
0,1,0.99924564
0,1,0.9999155
0,1,0.99994636
0,1,0.99991775
1,0,0.3594943
1,1,0.9999502
1,0,0.00072646124
0,1,0.999632
1,1,0.5326325
1,1,0.98777974
0,1,0.9754566
1,1,0.5132
0,1,0.97673357
1,0,0.33460027
0,1,0.99965763
0,0,0.19871934
1,1,0.7975302
1,0,0.0077177524
0,1,0.99970055
0,1,0.9993019
0,1,0.9999443
0,1,0.9935539
0,1,0.99989164
0,0,0.034976706
1,1,0.9997814
0,1,0.77365696
0,1,0.99988747
1,1,0.9993923
0,1,0.99979264
0,1,0.99599946
0,1,0.99955565
0,0,0.30133706
0,1,0.9998745
1,1,0.9963258
1,1,0.60987103
0,1,0.99983525
1,1,0.9378657
0,1,0.97950417
0,1,0.99984574
1,0,0.42624706
1,1,0.92577636
0,1,0.9982749
0,1,0.99136484
1,0,0.00036119108
1,1,0.95614856
1,1,0.99993026
0,1,0.99988306
1,1,0.9996692
0,1,0.9998578
1,1,0.5320525
0,1,0.6158344
1,0,0.10482987
0,1,0.98977435
1,1,0.9983923
1,1,0.596212
1,1,0.9928733
0,1,0.9998275
1,0,0.044475146
1,0,0.050522335
0,1,0.9999329
1,1,0.99785703
1,1,0.9064399
0,1,0.9995925
0,1,0.9998456
1,1,0.9904055
1,1,0.9998776
0,1,0.9997919
1,1,0.9991685
0,1,0.97078
1,1,0.99207604
1,1,0.9995951
0,1,0.9999138
0,1,0.9999454
1,1,0.9999411
0,1,0.9999105
1,1,0.80750656
0,1,0.99993634
0,1,0.99912506
0,1,0.99986637
0,1,0.9999118
0,1,0.93493855
0,1,0.9982095
1,1,0.9999424
0,1,0.99993455
0,1,0.9999448
0,1,0.9940866
1,1,0.999923
0,1,0.99948174
0,1,0.7436396
1,1,0.9708075
0,1,0.9987424
1,0,0.028391972
1,0,0.02759855
0,1,0.79103214
0,1,0.9998292
1,1,0.99656266
0,1,0.9994266
1,1,0.99797827
1,1,0.91954327
0,0,0.34814367
0,1,0.99920964
0,1,0.94858766
1,0,0.20458005
0,1,0.9999068
0,1,0.5811741
0,1,0.5474518
1,1,0.99994254
0,1,0.99992824
0,1,0.9964169
1,1,0.6502015
1,0,0.2736949
1,1,0.97160935
0,1,0.9999188
0,1,0.99761033
1,0,0.4299424
1,0,0.070151724
0,1,0.9997793
1,1,0.9998004
0,0,0.31637576
1,1,0.99985003
1,1,0.92210644
1,1,0.99990046
1,1,0.99990034
0,1,0.9840805
1,0,0.045961093
1,1,0.571156
0,1,0.99994767
1,0,0.40504685
1,1,0.9977779
1,0,0.0006514967
0,1,0.99951553
1,1,0.99987996
0,0,0.49688813
1,1,0.99642295
0,1,0.9999441
0,1,0.9529511
1,1,0.91584957
1,1,0.67240775
1,1,0.99976605
0,1,0.9733323
0,1,0.9963225
0,1,0.9999411
0,1,0.99994147
1,1,0.99988806
1,1,0.9998735
1,0,0.45029634
1,1,0.87719935
1,1,0.99982375
0,1,0.9996947
1,1,0.9998921
0,1,0.99994147
1,1,0.9999224
0,1,0.9999149
0,1,0.9999342
0,1,0.9975721
1,0,0.33231053
0,1,0.99790525
0,1,0.99847645
0,1,0.99965215
0,1,0.99989414
1,1,0.9999527
0,0,0.44531858
1,0,0.19311112
1,1,0.99949634
0,0,0.09217218
0,1,0.9998307
0,1,0.9999219
0,1,0.99990463
1,0,0.10577228
0,1,0.93693775
1,1,0.99896646
0,1,0.9999149
1,1,0.9250658
0,1,0.99994373
1,1,0.99982435
0,1,0.50326246
0,1,0.99934
1,0,0.32599163
1,1,0.8121452
1,1,0.9999274
0,1,0.9996152
1,1,0.89621633
1,1,0.9994006
0,1,0.9863797
0,1,0.99993694
0,1,0.98759776
1,0,0.4977835
1,0,0.0085696755
1,1,0.9999473
1,0,0.002188967
1,1,0.5141141
1,0,0.49669236
1,0,0.09610209
0,1,0.98486066
1,1,0.9999304
1,1,0.60084796
1,1,0.967256
0,1,0.9999409
1,1,0.7938446
0,1,0.9986034
1,0,0.034225382
0,1,0.99994564
1,1,0.9997316
0,1,0.9998605
1,0,0.0276429
1,1,0.99617946
1,1,0.9991015
1,1,0.9995296
1,1,0.96802783
1,1,0.9977906
1,1,0.9929965
1,1,0.99993443
0,1,0.9996191
1,0,0.12835307
0,1,0.8659772
1,0,0.031133888
0,1,0.9996824
1,1,0.92746127
0,1,0.9998642
0,1,0.92408115
1,1,0.99780613
0,1,0.99989724
0,1,0.9998319
0,1,0.948776
1,1,0.8478101
0,1,0.99990034
0,1,0.9999443
0,1,0.99741024
0,1,0.9998288
0,1,0.99904424
1,1,0.9998609
1,0,0.4114512
0,1,0.9875628
1,1,0.9999484
0,1,0.9998641
0,1,0.99090844
0,1,0.9936951
0,1,0.997969
0,1,0.99994326
0,1,0.9997955
0,1,0.9231837
0,0,0.08936738
1,1,0.99970835
0,1,0.9998443
0,1,0.9997898
1,0,0.002914109
1,1,0.98174113
1,0,0.00063184893
0,1,0.9998969
0,1,0.9998381
1,1,0.9998895
0,1,0.99994385
0,1,0.9999236
0,1,0.9999269
0,1,0.99992883
0,1,0.9734134
0,1,0.999432
0,1,0.9995028
0,1,0.99991035
1,1,0.6172423
1,1,0.8640583
0,1,0.9999138
0,1,0.99993837
0,1,0.999757
1,0,0.48688918
0,1,0.9999087
0,1,0.995915
1,1,0.78125036
0,1,0.9998776
1,1,0.9798916
0,1,0.9998098
1,0,0.16534276
0,1,0.99985695
0,1,0.999928
0,1,0.99955565
1,0,0.25345445
0,1,0.99981385
1,1,0.9990094
1,1,0.9999281
1,0,0.00041839902
0,1,0.999579
0,1,0.99984014
0,1,0.9999168
1,1,0.50772303
0,1,0.6170409
0,1,0.99992335
1,1,0.99680066
1,0,0.39880753
0,1,0.99973065
1,1,0.9999447
1,1,0.970508
1,1,0.964307
1,1,0.99994564
0,1,0.7943988
0,1,0.99991107
0,1,0.9993662
1,0,0.037963677
1,0,0.19269142
0,1,0.9999373
1,1,0.9998011
0,1,0.99772376
0,1,0.99885154
1,1,0.9999106
0,1,0.99993956
1,1,0.97378767
0,1,0.8109295
1,1,0.999765
1,0,0.0008283167
0,1,0.999941
0,1,0.9998306
1,1,0.99814296
1,1,0.99284756
1,0,0.33061525
1,1,0.5309024
0,1,0.99990094
0,1,0.98431474
0,1,0.9998387
1,1,0.9997149
0,1,0.9998977
0,1,0.99939835
1,1,0.906167
1,1,0.99985147
0,1,0.9998939
0,1,0.9998067
0,1,0.51114833
0,1,0.70703495
1,1,0.99994504
0,1,0.99935824
0,1,0.99884427
1,0,0.398239
0,1,0.9963367
1,0,0.38585278
1,1,0.99991584
0,1,0.9999455
1,0,0.033166856
0,1,0.999884
0,1,0.9999256
0,1,0.9999058
0,1,0.9999224
0,1,0.99672264
0,1,0.7331329
1,1,0.99762315
1,1,0.9556939
0,1,0.99990606
0,1,0.99989545
1,0,0.00022021482
1,1,0.9998386
0,1,0.9984017
0,1,0.9999404
0,1,0.9912143
0,1,0.9998882
0,1,0.8343566
0,1,0.99983716
0,1,0.9995486
0,1,0.9986688
0,1,0.9999325
0,1,0.9997911
0,1,0.99982244
0,1,0.9998159
0,1,0.99968076
0,0,0.4217714
1,1,0.99990344
0,1,0.9921002
1,0,0.061371032
0,1,0.99994457
0,1,0.9998878
1,1,0.9496437
0,1,0.99994504
1,1,0.96514755
1,1,0.99447036
0,1,0.9999416
0,1,0.99962986
0,1,0.99994075
0,1,0.9984168
0,1,0.99982965
0,1,0.9103061
1,1,0.8380558
0,1,0.99987817
1,1,0.99994075
0,1,0.9998721
1,1,0.99739045
1,0,0.045472547
1,1,0.73168784
1,1,0.96848553
1,1,0.9998783
0,1,0.9994773
1,1,0.9520063
1,1,0.9993149
0,1,0.9998287
0,1,0.99991417
1,1,0.99991584
0,1,0.98968434
0,1,0.9998411
1,1,0.61071086
0,1,0.9999373
0,1,0.95475376
0,1,0.9999275
1,1,0.9998542
1,1,0.9098254
1,1,0.9999461
1,1,0.9985682
1,0,0.012319554
1,0,0.09963181
0,1,0.90826064
1,1,0.99967456
1,1,0.5359943
1,1,0.90281487
0,1,0.999887
1,1,0.99707556
1,1,0.99224675
0,1,0.9993268
0,0,0.48841554
1,1,0.99932027
1,1,0.99901426
1,1,0.99994123
0,1,0.99916744
0,0,0.09079798
0,1,0.9961875
1,0,0.06861432
0,1,0.99972266
0,1,0.98967314
0,1,0.98704314
1,0,0.46185368
1,1,0.99984133
0,1,0.99992764
0,1,0.9999013
0,1,0.9998615
0,1,0.99992764
1,0,0.33874506
0,1,0.9998561
1,1,0.99613947
1,0,0.15730752
0,1,0.9998265
1,1,0.8403922
1,0,0.0007584424
1,1,0.9729604
1,0,0.00033362498
0,1,0.9998473
0,1,0.87839293
0,1,0.99969506
1,1,0.9999182
0,1,0.9996604
1,1,0.970346
1,1,0.96453357
1,1,0.9998056
0,1,0.9999318
0,1,0.9997943
1,1,0.99994564
1,0,0.4974345
0,1,0.9998115
0,1,0.994234
0,1,0.99789304
0,1,0.9986004
0,0,0.043739315
1,0,0.45317188
0,1,0.9967986
0,1,0.9262294
0,1,0.99958986
0,1,0.9999274
0,1,0.77681834
1,1,0.9996438
0,1,0.9993481
0,1,0.9998479
1,0,0.00035270967
0,1,0.99987507
0,1,0.99994683
1,1,0.99926883
0,1,0.9999341
1,0,0.29782605
1,1,0.9811266
1,1,0.99533254
0,1,0.9998317
0,1,0.99994457
0,1,0.9998759
1,1,0.9943289
1,1,0.99963653
1,0,0.00015913238
0,0,0.03728849
0,0,0.0005336959
0,1,0.9999343
1,1,0.7976289
1,0,0.28513086
1,1,0.9935436
0,1,0.99994755
0,1,0.999912
0,1,0.99985754
0,1,0.9997242
1,0,0.03762669
0,1,0.9776422
0,1,0.99982375
0,1,0.9957008
0,1,0.999106
0,1,0.9987178
0,1,0.9886869
0,1,0.99994195
1,1,0.96874994
0,1,0.9999337
0,0,0.46141705
0,1,0.9999325
1,1,0.9997358
1,1,0.9997758
0,1,0.99964094
1,1,0.9999497
1,1,0.99532735
0,0,0.3323621
0,1,0.9996687
0,1,0.99992204
0,1,0.99993825
0,1,0.999938
1,1,0.99330795
1,1,0.9997857
1,1,0.7725404
0,1,0.99990976
1,1,0.9999485
1,0,0.16080815
1,0,0.40204704
0,1,0.96614933
0,1,0.99993074
1,1,0.99962723
0,1,0.99992883
1,1,0.9997433
0,1,0.99980575
1,0,0.0012517972
1,1,0.99984765
1,1,0.5281644
1,1,0.99988747
1,1,0.7007211
0,0,0.00010834194
0,1,0.999936
1,0,0.16193618
0,1,0.99989176
0,1,0.9999325
1,0,0.1656342
0,1,0.988958
1,0,0.37417454
0,1,0.99982554
1,1,0.9997279
1,1,0.92498875
1,1,0.9999163
1,1,0.999936
0,1,0.9997383
0,0,0.32134935
0,1,0.99991786
0,1,0.98624307
1,0,0.0006556532
1,1,0.91175514
1,0,0.21175534
1,1,0.9999088
0,1,0.98741794
0,1,0.99915254
1,0,0.052885816
1,1,0.9999312
0,1,0.999902
1,1,0.50494164
0,1,0.9589966
0,1,0.9992237
0,1,0.9992416
0,1,0.99993944
1,0,0.07449687
0,1,0.9999465
0,1,0.99986315
1,1,0.9997851
1,1,0.95252514
0,1,0.9990306
0,1,0.99993455
1,1,0.9975096
0,1,0.9999254
0,1,0.99969375
1,1,0.99985325
1,1,0.9998487
0,1,0.99834704
1,1,0.99993694
0,1,0.99865973
1,0,0.49532995
0,1,0.9998528
1,1,0.5889836
0,1,0.9999255
0,1,0.9996031
0,1,0.64285517
1,0,0.00022295969
0,1,0.9998932
1,1,0.6582155
0,1,0.99987185
0,1,0.99991703
0,1,0.9997358
0,1,0.9905738
0,1,0.9999144
0,1,0.9889225
1,1,0.98602885
0,1,0.9209746
0,1,0.9999261
0,1,0.9991309
0,1,0.99981433
1,0,0.0035390279
0,1,0.99973744
1,1,0.99907124
0,1,0.9933629
1,1,0.99836844
0,1,0.9999237
0,1,0.9998258
0,1,0.9996394
0,1,0.9997162
1,1,0.95630085
1,1,0.9999255
0,1,0.97251624
1,1,0.5114736
1,1,0.99995065
0,1,0.99993885
0,1,0.9999434
0,1,0.9998222
1,1,0.96691316
1,1,0.76831466
1,1,0.9317897
0,1,0.91725814
1,1,0.9994104
1,1,0.9998443
0,1,0.9871373
0,1,0.9999434
0,1,0.9999367
0,1,0.98992026
1,1,0.9999335
0,0,0.38268453
1,1,0.999589
1,1,0.7513947
0,1,0.99733657
1,0,0.029980592
1,1,0.77826285
1,1,0.9999331
1,0,0.0010896884
0,1,0.9998523
1,0,0.17080705
1,0,0.007678581
0,1,0.99988556
0,1,0.99991965
0,1,0.99957246
1,1,0.9390591
1,0,0.2855119
1,1,0.9920551
1,0,0.03781806
0,1,0.9998505
1,1,0.9993303
0,1,0.999124
0,1,0.9999318
1,1,0.9957424
1,1,0.99895406
0,1,0.9999168
1,0,3.9934916e-05
1,1,0.9997311
0,1,0.9998903
1,1,0.976962
1,0,0.00046699122
0,1,0.9997004
1,1,0.9839782
0,1,0.99993515
1,1,0.7739036
0,1,0.6295407
1,1,0.99163955
1,1,0.99735934
0,0,0.26474985
0,1,0.99992275
0,1,0.9998293
0,0,0.43095353
1,0,0.013761575
1,1,0.97629696
0,1,0.99994457
1,0,0.28389266
0,1,0.99975663
0,0,0.005375981
1,1,0.987222
1,0,0.1405685
0,1,0.999926
0,1,0.9997458
0,1,0.9999335
1,0,0.0065898094
1,0,0.021473574
1,1,0.9941876
0,1,0.9998926
0,1,0.99154776
1,1,0.9886863
1,1,0.69923764
0,0,0.4671814
0,1,0.9996642
1,0,0.4155934
1,1,0.999931
1,1,0.9997141
1,0,0.10826137
0,1,0.7158999
1,1,0.9954371
1,1,0.9997131
0,1,0.99986017
0,1,0.99818724
1,1,0.9999416
1,1,0.99964976
1,0,0.0037405894
1,1,0.99657464
0,1,0.999881
0,1,0.9987018
0,1,0.9999275
1,1,0.989489
1,0,0.06418924
0,1,0.99994516
0,1,0.99986637
1,0,0.0013818969
0,1,0.8798066
1,1,0.52027136
1,1,0.9983725
1,0,0.007480924
1,0,0.0008542304
0,1,0.99991417
1,1,0.967196
0,1,0.9937657
0,1,0.99980396
1,0,5.4207165e-05
0,1,0.999907
1,1,0.9615389
0,1,0.9998914
1,1,0.9999269
0,1,0.9995177
0,1,0.9856441
1,1,0.66916966
1,1,0.6899447
1,0,9.352668e-05
0,1,0.99944896
1,1,0.9921646
0,1,0.9978011
0,1,0.9305843
1,1,0.99993265
0,1,0.9998665
0,1,0.9994843
1,1,0.9998149
0,1,0.9999459
0,1,0.99994123
0,0,0.14866325
1,0,0.44441298
0,1,0.5234392
1,0,0.36317635
1,1,0.99995124
1,0,0.0017734034
0,1,0.9996581
1,0,0.0005793166
1,0,0.14487018
1,1,0.9962114
1,0,3.6224574e-05
0,1,0.9999193
1,0,0.0007497279
1,0,0.3024883
1,1,0.9030971
1,1,0.8920612
0,1,0.99856037
0,1,0.99993765
0,1,0.99989116
1,1,0.99877995
0,1,0.99547356
1,1,0.99916565
1,0,0.0058401986
0,1,0.8048828
1,1,0.618693
1,1,0.8057871
1,1,0.9407149
1,1,0.99864095
1,0,0.072106
1,1,0.552021
1,0,0.00025955142
1,0,0.07572313
1,1,0.9989303
1,1,0.99664634
0,1,0.99987745
0,1,0.88262266
0,1,0.9999285
1,0,5.3985546e-05
0,1,0.9996505
0,1,0.9171095
1,0,0.00023274228
0,1,0.9996916
0,1,0.99991524
0,1,0.99980944
1,1,0.99983585
1,0,0.017774662
0,1,0.9999032
0,1,0.99789006
1,1,0.9980572
0,1,0.9998846
0,1,0.9938537
1,1,0.9996019
0,1,0.9998306
1,1,0.794015
1,1,0.9998641
0,1,0.999889
1,1,0.9999087
1,1,0.9157918
1,1,0.78396916
0,0,0.35834378
0,1,0.7427693
0,1,0.82220584
0,1,0.999866
1,1,0.99993193
0,1,0.9795027
0,1,0.9980123
0,1,0.9999232
1,0,0.33502957
0,1,0.99988306
0,1,0.9926959
1,1,0.99994385
0,1,0.9999125
1,0,0.007708847
1,1,0.9729496
0,1,0.9969824
1,1,0.99976915
1,1,0.73398197
0,1,0.9998704
0,1,0.9994721
0,1,0.99991333
0,1,0.88625485
0,1,0.99986684
0,1,0.99929583
1,1,0.9999145
0,1,0.9999238
0,1,0.99993455
1,0,0.041033596
1,1,0.999918
1,0,0.291153
0,1,0.98148453
0,1,0.99991775
1,1,0.9996213
1,0,0.39601058
0,1,0.9999138
1,1,0.69561505
0,1,0.9998894
1,1,0.99990237
1,0,0.08116063
1,1,0.6013764
0,1,0.99994516
1,0,0.20124263
0,1,0.9999223
0,1,0.9999435
1,1,0.99636286
0,1,0.9995858
1,1,0.9985397
1,1,0.9071728
1,0,0.087238505
1,0,0.004517922
1,0,0.004702533
1,0,0.0015562678
0,1,0.9995988
1,1,0.999754
0,1,0.9999391
1,0,0.08237821
0,1,0.9998895
1,1,0.9337493
0,1,0.99992883
0,1,0.99990964
0,1,0.9998772
0,1,0.9993352
1,1,0.89097625
0,1,0.9998617
1,1,0.9479735
0,1,0.99992764
0,0,0.05252635
1,1,0.99994814
1,1,0.77212733
0,1,0.99991834
0,0,0.04344224
0,1,0.9993048
0,1,0.9883887
0,1,0.7106372
0,1,0.9999424
0,1,0.7567729
1,0,0.08111637
0,0,0.41380253
1,0,0.04521648
0,1,0.99985397
1,1,0.99992967
1,1,0.8601153
0,1,0.99986684
1,1,0.9998934
0,1,0.9828326
0,1,0.98709655
0,1,0.9999269
0,1,0.9998927
1,0,0.0004942896
1,0,0.02698438
0,1,0.99921536
1,1,0.9999038
1,1,0.9998845
1,1,0.56937945
1,0,0.007781648
0,1,0.99915993
0,1,0.99729
1,1,0.99991
1,1,0.99983203
1,1,0.9054525
1,0,0.15189674
0,1,0.99986136
1,1,0.9962625
0,1,0.9948716
1,1,0.99958736
1,1,0.99991083
1,1,0.99994826
1,0,0.06917302
0,1,0.99993944
1,1,0.97740114
1,1,0.9170626
0,1,0.9998203
0,1,0.99986196
0,1,0.9998485
1,1,0.8394054
0,1,0.9999492
0,1,0.9573193
0,1,0.9999002
1,0,0.4092048
0,1,0.9544103
1,1,0.99987006
1,1,0.9999318
1,0,0.25767455
1,0,0.077792116
0,1,0.9905896
0,1,0.9980945
0,1,0.99994683
0,1,0.9999347
1,1,0.99957186
1,1,0.9995963
0,1,0.9999169
1,1,0.93734545
1,1,0.9762809
0,1,0.9999491
0,1,0.9964682
0,1,0.99904567
1,0,0.0016513042
1,0,0.00061596365
0,1,0.9999305
0,1,0.9998971
1,1,0.99994683
0,1,0.99972874
0,1,0.9999372
0,1,0.99423957
1,1,0.99987435
1,0,0.010743547
0,1,0.99964166
0,1,0.9999385
0,1,0.99992776
1,1,0.87165725
0,1,0.99991024
0,1,0.99994874
1,1,0.9999471
1,1,0.7275844
0,1,0.99948466
1,0,0.46786404
1,1,0.84591275
0,1,0.9999368
0,1,0.99983644
0,1,0.9997888
0,1,0.9999379
1,1,0.98331636
0,1,0.999617
0,0,0.0042037787
0,1,0.9997918
1,0,0.11577402
0,1,0.9984743
0,1,0.9999207
1,0,0.00034035373
1,0,0.000112013535
1,1,0.8839471
1,0,0.02800055
0,1,0.9999449
1,0,0.08166629
0,0,0.21864857
0,0,0.24098441
0,1,0.99994206
1,0,0.0025588325
1,1,0.51198685
0,1,0.9999435
0,1,0.99175113
1,0,0.01278665
0,1,0.9996001
0,1,0.99841547
1,0,0.37903163
1,0,9.302308e-05
1,1,0.9827194
1,0,0.027548073
1,0,0.445065
0,1,0.9999192
1,0,0.16055591
0,1,0.99866426
1,0,0.45625466
0,1,0.999908
1,1,0.9999387
1,1,0.9994166
1,1,0.9663045
1,1,0.99919146
0,1,0.9999249
0,1,0.99987507
1,1,0.99992836
1,1,0.65662193
1,1,0.9999211
1,1,0.5509635
0,1,0.99718934
1,1,0.9997247
1,1,0.87335926
1,1,0.528408
1,1,0.9996051
1,1,0.99918514
0,1,0.9999385
1,0,0.00019182947
0,1,0.9994023
1,1,0.9997305
1,1,0.9933339
1,1,0.99969065
0,1,0.9999218
0,1,0.9999429
0,1,0.9999186
1,1,0.8187362
0,1,0.98898834
1,1,0.94835377
1,1,0.65630174
1,1,0.9986123
1,0,0.0012568862
0,1,0.99994636
0,1,0.9999515
1,1,0.9889727
1,1,0.64944386
0,0,0.0037589886
0,1,0.6586999
1,1,0.9999411
0,1,0.99950397
0,1,0.9513038
0,1,0.99991274
1,0,0.046023674
0,1,0.9999232
0,1,0.99990237
0,1,0.99864846
1,0,0.100513875
1,0,0.04340249
0,1,0.99993634
0,1,0.9998678
0,1,0.5774076
0,0,0.046818428
0,1,0.9968347
0,1,0.9999455
0,1,0.9991148
0,1,0.9999255
1,1,0.9999465
0,1,0.9926139
0,1,0.99995196
1,1,0.82388586
0,1,0.99902916
0,1,0.9995179
0,1,0.99727315
0,1,0.9999002
1,1,0.999933
1,0,0.33124518
0,1,0.99989295
1,0,0.0046420647
1,0,0.020756964
0,1,0.99994016
0,1,0.9995989
0,1,0.9971597
1,0,0.0024439588
0,1,0.9979274
1,1,0.8283414
0,1,0.99983203
0,1,0.99994195
1,1,0.9953891
0,1,0.99969316
1,0,0.00010780113
1,0,0.38942444
0,1,0.9956487
0,1,0.99990046
1,1,0.9988675
0,1,0.99994504
1,0,0.07924532
1,1,0.9992925
0,1,0.999713
0,1,0.9998938
0,1,0.9999119
0,1,0.9945741
0,1,0.99993813
0,1,0.9973265
0,1,0.9999243
1,1,0.99973327
1,0,0.0026544377
0,1,0.9999285
0,1,0.7946783
1,1,0.63959837
1,1,0.9999316
1,0,0.31000358
1,1,0.9999286
0,1,0.99993336
0,1,0.9999
1,1,0.8794823
1,0,0.0013473775
1,1,0.9999515
0,1,0.9964791
1,1,0.999931
0,1,0.9999467
0,1,0.9998779
0,1,0.99994314
1,0,0.0021074354
0,1,0.9998485
0,1,0.9912298
1,1,0.99991786
1,1,0.9985544
1,0,0.3025344
1,1,0.99994063
0,1,0.9999393
0,1,0.9993981
0,1,0.99988925
1,1,0.99991345
1,0,0.0036720242
0,1,0.9999435
1,1,0.99105304
0,1,0.99994206
0,1,0.99946576
1,1,0.95101506
1,1,0.92735034
1,1,0.9997565
1,1,0.9999455
0,1,0.9998054
1,1,0.85351723
1,1,0.9805187
0,1,0.9999181
1,1,0.999343
1,1,0.9999505
0,1,0.99587643
0,1,0.9999486
1,0,0.009679888
1,1,0.99980956
0,1,0.9999361
1,0,0.001986214
0,1,0.99983287
1,0,0.0035771432
0,1,0.99842155
0,1,0.6173719
0,1,0.9998722
1,0,5.9031514e-05
0,1,0.9995776
0,1,0.99119335
0,1,0.790711
0,1,0.9996339
0,1,0.593714
0,1,0.9530308
0,1,0.9995963
0,1,0.99989164
0,1,0.99993503
0,0,0.15980321
0,1,0.99994195
1,1,0.87964696
0,1,0.9996908
0,1,0.9998846
0,1,0.99989045
0,1,0.99981314
1,0,0.10094048
1,0,6.673332e-05
0,1,0.99992824
1,0,0.0108151315
1,1,0.9806693
1,0,0.06919786
1,1,0.6015663
0,1,0.99992514
0,1,0.9999002
1,1,0.9998833
1,0,0.012416592
1,0,0.051173706
1,1,0.9995616
1,1,0.7478225
1,1,0.878886
0,1,0.9999268
0,1,0.9999244
0,1,0.6043479
0,1,0.99969864
0,1,0.9999325
1,1,0.9992229
1,0,4.9944858e-05
1,0,0.03965349
1,0,0.00069694273
0,1,0.9176864
1,0,0.022955544
0,1,0.9995994
1,1,0.76229215
0,0,0.25913888
0,1,0.9999045
1,0,0.062212065
0,1,0.81396496
0,1,0.9049488
0,0,0.06977236
1,0,0.005978961
0,1,0.9999206
1,1,0.999666
0,1,0.99994457
0,1,0.9999423
1,1,0.9272257
0,1,0.99951243
1,1,0.9997093
1,1,0.97298527
0,1,0.9995515
1,1,0.96373844
0,1,0.9812392
0,1,0.9967434
1,1,0.99992573
0,1,0.99990773
1,1,0.9999341
0,1,0.9998803
1,0,0.0042489003
0,1,0.99952316
1,1,0.8812508
1,1,0.99979955
1,1,0.9998913
0,1,0.8189921
1,0,0.016321912
1,1,0.98868924
0,1,0.98782396
1,1,0.999938
0,1,0.9999491
0,1,0.99993443
1,1,0.9958483
1,1,0.7194992
1,1,0.99981636
1,1,0.9993635
0,1,0.9998723
0,1,0.9998952
0,1,0.99993694
0,0,0.07286677
0,1,0.9995171
0,1,0.9998241
1,0,0.10952241
0,1,0.99971074
1,0,0.2457831
0,1,0.9731751
0,1,0.99933964
1,0,0.0029781458
1,0,0.084208384
1,1,0.9999037
0,1,0.99989045
0,1,0.9924551
1,0,0.006797181
0,1,0.9998944
0,1,0.97476554
0,1,0.97354376
0,1,0.9999455
0,1,0.99992585
1,1,0.9999044
0,1,0.99960905
0,1,0.9998235
0,0,0.07338675
1,1,0.99991405
0,1,0.999689
1,1,0.8976908
0,1,0.9458699
1,1,0.9879681
1,1,0.99871683
1,1,0.9999362
0,1,0.9575125
0,1,0.9999424
0,1,0.999941
0,1,0.9999064
1,0,0.06694625
1,1,0.9894298
1,0,0.13089092
0,1,0.92986184
0,1,0.99987566
1,0,0.00037684134
0,1,0.9998423
1,1,0.9996847
0,1,0.99991786
1,0,0.22472945
0,1,0.99859196
0,0,0.009580932
1,1,0.92693377
1,1,0.99994135
1,1,0.99988604
1,0,0.1532009
1,1,0.9998217
1,1,0.97362334
0,1,0.6425324
0,1,0.99982893
0,1,0.9999219
0,1,0.8411181
0,1,0.9999286
1,0,0.37469435
0,1,0.9998734
1,1,0.99991405
0,1,0.71660435
0,1,0.9999248
1,0,0.00047331938
0,1,0.99990106
1,0,0.007036666
0,1,0.9998134
0,1,0.96987975
0,1,0.98307586
1,1,0.9996569
1,1,0.99794847
0,1,0.9999366
1,0,0.24748269
0,1,0.9999187
1,0,0.4351721
1,1,0.98414683
1,1,0.9785135
1,1,0.9998425
0,1,0.98634666
0,1,0.9995766
0,1,0.99992514
0,1,0.9982755
1,1,0.9823116
1,0,0.0005122706
0,1,0.99988735
0,1,0.99987364
0,1,0.99992704
0,1,0.997703
0,0,0.080016464
1,1,0.9999336
1,1,0.99990535
1,1,0.9693276
0,1,0.9997942
0,1,0.9997993
0,1,0.99992406
0,1,0.99992645
1,0,0.15403041
1,0,0.00065316004
0,1,0.82951903
0,1,0.9994702
0,1,0.9897725
1,1,0.9997929
0,1,0.999721
1,1,0.5748427
0,1,0.99914
1,1,0.9995789
0,1,0.9998838
0,1,0.99990654
1,1,0.99933064
0,1,0.99975187
1,0,0.010008193
0,1,0.99991846
1,0,0.015772987
1,0,0.0003672638
1,1,0.9998878
0,1,0.99992764
1,1,0.9977062
1,1,0.99993706
0,1,0.9999163
1,1,0.99820244
0,1,0.9998503
1,1,0.9999461
0,1,0.99981993
0,0,0.0018446643
0,1,0.99911195
1,0,0.38721007
0,1,0.9999479
0,1,0.99994504
0,1,0.9999397
1,0,0.016218035
1,0,0.17173822
1,0,0.0012800082
0,1,0.9988901
0,1,0.9997211
1,1,0.9999455
1,0,0.44690886
0,1,0.9999294
0,1,0.57593673
1,1,0.9995784
1,1,0.8055872
1,1,0.9988109
1,1,0.9995659
1,1,0.93747073
0,1,0.9999391
1,1,0.9737892
1,1,0.7538881
1,1,0.9918669
0,1,0.99494416
1,0,0.34675524
0,1,0.97395307
0,1,0.9743624
1,1,0.99993896
1,1,0.96141165
1,0,0.25179335
0,1,0.8290839
1,1,0.9999318
0,0,0.22716293
1,0,0.3519655
0,1,0.9968856
1,1,0.98369837
1,1,0.98822546
1,0,0.33656222
1,1,0.98533636
0,1,0.87682605
1,1,0.95908135
0,1,0.9999367
1,0,0.3015412
0,1,0.9998814
0,1,0.9939983
0,1,0.99986374
1,1,0.99756086
0,1,0.68016165
1,1,0.99987936
1,1,0.9968273
0,1,0.9996693
1,1,0.98711187
0,1,0.99991083
0,1,0.99986565
1,1,0.99886525
1,1,0.9996977
0,1,0.9998153
0,1,0.9988777
0,1,0.99778396
1,1,0.6867818
1,1,0.99973303
0,1,0.9999267
1,1,0.80905455
1,1,0.8756124
0,1,0.9977835
0,1,0.77733856
0,1,0.99962366
1,1,0.99674714
1,0,0.43540713
0,1,0.9269471
0,1,0.81561273
1,1,0.9996333
0,1,0.99884534
1,0,0.0013536027
0,1,0.9999485
0,1,0.99984634
1,1,0.9978849
1,0,0.072749436
0,1,0.9697248
1,1,0.93947744
1,1,0.9999292
1,1,0.99711335
0,1,0.9999169
1,1,0.98642945
0,1,0.99911577
1,1,0.71017003
0,1,0.9999188
0,1,0.9998841
1,1,0.81285226
0,1,0.99990034
0,1,0.9999268
0,1,0.9998785
1,0,0.046585485
1,0,0.4420888
0,1,0.82141244
0,1,0.9972692
1,0,0.348192
0,1,0.99990976
1,1,0.9972682
1,1,0.99993205
1,1,0.9998274
1,0,0.15750846
0,1,0.99993443
1,0,0.0026763936
1,1,0.9999403
0,1,0.9205495
1,0,0.28195766
1,1,0.9986326
1,0,0.32668895
0,1,0.9997471
1,1,0.99984133
1,0,0.05826975
0,1,0.999811
1,1,0.8178394
0,1,0.9999081
0,1,0.9999324
0,0,0.3428282
1,0,0.0017494304
1,1,0.99665076
0,1,0.9997379
1,0,0.11184447
1,1,0.9999217
1,1,0.9998654
0,1,0.9774917
1,1,0.97834694
0,1,0.9997515
0,1,0.9999485
0,1,0.9999213
1,1,0.99967337
0,0,0.47529122
1,1,0.96452045
1,1,0.9994968
1,1,0.99500436
1,1,0.9859432
1,0,0.0002812256
1,1,0.99942076
1,1,0.99532926
1,1,0.99987435
0,0,0.00027008876
0,1,0.99991953
0,1,0.8215767
0,1,0.9998963
0,1,0.9999486
1,0,0.0014437971
1,1,0.99156475
0,1,0.54928046
1,1,0.999926
0,1,0.9999062
1,0,0.0018644867
0,1,0.9999243
1,1,0.9995198
1,1,0.999474
0,1,0.75911266
1,1,0.8776174
0,1,0.99975044
0,1,0.9999336
0,1,0.9999291
1,0,0.0002469942
0,1,0.99990654
0,1,0.99545234
0,1,0.9999118
0,1,0.9997466
0,1,0.66564035
0,1,0.9997496
1,1,0.9998652
0,1,0.99133426
1,0,0.1776451
1,0,0.19317265
0,1,0.9997967
1,1,0.99992657
1,1,0.9999356
1,1,0.9998573
0,1,0.9999343
1,1,0.99970156
0,1,0.99854326
1,1,0.9998658
1,1,0.9995529
0,0,0.28863397
1,1,0.99990916
0,1,0.9999149
1,0,3.783192e-05
1,1,0.9999423
0,1,0.9760715
1,0,0.49222878
1,0,0.4498569
0,1,0.9998927
1,1,0.9999187
1,1,0.99949694
1,1,0.999951
1,1,0.9913755
0,0,0.005659004
1,0,0.0013332125
1,1,0.51140106
1,0,0.12169501
1,1,0.9993968
1,1,0.994645
0,1,0.99961495
0,1,0.9994874
1,1,0.97369224
0,1,0.99987066
1,0,0.11620991
0,1,0.99989986
0,1,0.9999089
1,1,0.9998603
1,1,0.94625014
1,1,0.99962604
0,1,0.9999373
0,1,0.9998981
1,1,0.708205
0,1,0.9984407
1,1,0.9998233
1,1,0.99970657
1,0,0.036372572
0,1,0.9998634
0,1,0.9998648
0,1,0.9999192
1,1,0.66938263
1,0,0.14122322
1,1,0.97833043
1,1,0.88804877
0,1,0.9999192
1,0,0.28172362
1,0,0.019316498
1,1,0.999215
0,1,0.99992776
1,0,0.11033511
1,1,0.99992454
0,1,0.9998248
0,1,0.9999429
0,0,0.40231907
0,1,0.9999429
1,1,0.9999491
1,1,0.9999386
0,1,0.89023155
1,1,0.9701489
1,1,0.99986506
1,1,0.984379
0,1,0.999936
0,1,0.9995927
0,1,0.99980325
0,1,0.99201864
0,1,0.9999263
0,0,0.20684981
1,0,0.008395854
1,1,0.9774541
1,1,0.9999194
1,0,0.00016805495
1,1,0.9797529
1,0,0.0013408042
1,0,0.24051532
0,1,0.99992704
0,1,0.99989724
1,1,0.61998916
0,1,0.99994314
0,1,0.96154577
1,0,0.05624538
1,1,0.99949825
1,1,0.9997427
1,1,0.955963
1,1,0.9825517
0,1,0.95199794
0,1,0.99896586
1,1,0.9934788
1,1,0.9999355
1,1,0.9912339
0,1,0.9973584
0,1,0.99987435
1,0,0.00047027317
0,1,0.99994504
0,1,0.9996611
1,1,0.9999337
0,1,0.99993575
1,0,0.19922833
0,1,0.99982846
0,1,0.9727687
1,1,0.9993412
1,0,0.349097
0,1,0.9978497
1,1,0.59570247
1,0,0.083231755
1,0,0.08946214
1,0,0.0006102871
0,1,0.99833614
1,0,0.0019916717
1,1,0.9998565
0,1,0.9991658
1,1,0.99166965
1,0,0.48382127
0,1,0.9998342
1,1,0.9998529
0,1,0.9998542
0,1,0.9978556
0,1,0.99983335
1,1,0.9453038
0,1,0.89455384
0,1,0.999933
1,0,0.010024732
0,1,0.99989736
1,1,0.999188
0,1,0.9998267
0,1,0.9999244
1,0,0.003105589
1,0,0.0027388402
1,1,0.9999193
1,0,0.027332058
1,0,0.003912998
1,1,0.9995596
1,1,0.99979216
1,0,0.000507691
0,1,0.99993575
1,0,0.017335005
1,1,0.9944695
1,1,0.9999443
1,1,0.9995334
1,0,0.14994936
1,1,0.98227924
0,1,0.9999392
1,1,0.9520722
0,1,0.9997335
1,1,0.9999416
1,0,0.0004902642
1,1,0.9948384
0,1,0.9998994
0,1,0.99994445
1,0,0.0003736504
1,0,0.00012594853
1,0,0.003187193
0,1,0.7652841
0,1,0.99880743
1,1,0.99992216
1,0,0.00010644603
0,1,0.9999275
0,1,0.99988854
1,1,0.97455376
1,1,0.99976164
1,0,0.0056049284
0,1,0.9838424
1,1,0.9155551
0,1,0.9995203
1,1,0.9997886
0,1,0.9816675
0,1,0.99732876
1,1,0.99990237
1,1,0.99994934
0,1,0.91827816
1,0,0.39479473
1,0,0.0049751783
0,1,0.999931
0,1,0.9999169
1,0,0.49855757
0,1,0.9999063
1,0,0.38052908
1,0,0.25179374
0,1,0.9998683
1,1,0.99986637
0,1,0.99745065
0,1,0.9999119
0,1,0.99391806
0,1,0.509121
0,0,0.0023833006
0,1,0.99990404
0,1,0.9998791
1,1,0.9313622
1,0,0.35874975
1,1,0.997008
1,1,0.80569965
1,1,0.97848105
0,1,0.99986947
1,0,0.0013001758
0,1,0.99994326
1,0,0.02171144
1,1,0.77692044
0,1,0.99447906
1,1,0.99994576
0,1,0.99612397
1,0,0.056456704
1,0,0.05370634
1,1,0.8141186
1,1,0.8221325
1,1,0.8849137
1,0,0.0008589284
0,1,0.99480295
0,1,0.9800412
1,1,0.94809777
0,1,0.99991775
0,0,3.763379e-05
0,1,0.99984777
0,0,0.3004822
1,1,0.9017696
1,1,0.99992955
1,1,0.9898087
0,1,0.9909741
0,1,0.99986255
1,0,0.22236605
1,1,0.98117805
0,1,0.97506714
1,1,0.8181132
0,1,0.9999093
0,1,0.9999367
0,1,0.99993503
0,1,0.99992836
0,1,0.9985715
0,1,0.99985135
1,1,0.85428786
1,0,0.13445918
0,1,0.9975363
1,0,0.019942544
0,1,0.9509556
1,0,0.0034762335
0,1,0.9992212
0,1,0.9691547
1,1,0.9992805
1,0,0.00015636269
1,0,0.00013626444
0,1,0.99988484
1,0,0.3029358
1,1,0.5044499
1,1,0.9999497
1,0,0.020345226
1,1,0.99179924
0,1,0.99985063
1,0,0.19775468
1,0,0.101363495
0,1,0.9956326
0,1,0.99862766
1,0,0.30727997
1,1,0.9963786
1,0,0.011007292
0,1,0.9993905
0,1,0.9998354
1,1,0.7426093
0,1,0.62579465
0,1,0.9999325
1,1,0.97763693
1,1,0.99994147
1,0,0.42390445
1,1,0.9959317
0,1,0.9999374
1,1,0.99991584
1,1,0.656635
0,1,0.99966705
1,0,0.02853216
0,1,0.9991289
1,0,0.00063654484
1,0,0.41410005
0,0,0.0050042975
1,1,0.99990106
1,0,0.2462635
1,1,0.7782644
1,1,0.999328
1,1,0.9978356
1,0,0.06891587
0,1,0.99941766
1,1,0.63009554
1,1,0.9995432
0,1,0.9999448
1,0,5.9872913e-05
0,1,0.9998776
1,1,0.9931017
0,1,0.9983754
0,1,0.9999331
0,1,0.99990976
0,1,0.9998554
0,1,0.9919785
0,1,0.99977916
1,1,0.9080974
0,1,0.99992406
0,1,0.9162109
0,1,0.9999262
1,1,0.6790685
0,0,0.273709
1,1,0.9984944
1,0,0.041763004
1,0,0.004594064
0,1,0.9999256
0,1,0.86780524
0,1,0.99988246
1,1,0.9998952
1,0,0.018760499
0,1,0.9724399
1,0,0.080464534
0,0,0.060590163
1,0,0.027127264
0,1,0.9904433
0,1,0.9999372
1,1,0.58870745
1,1,0.9998566
0,1,0.99946934
1,0,0.029395364
1,1,0.9997913
0,1,0.9997968
1,1,0.7803555
1,1,0.94489014
1,1,0.99992716
1,1,0.9997261
1,0,0.18988866
1,1,0.99359703
1,1,0.9999138
0,1,0.9996164
0,1,0.99753726
0,1,0.99988186
0,1,0.9861828
1,0,0.04372173
1,1,0.8242563
1,0,0.005377506
1,0,0.0035021782
0,0,0.27217364
0,1,0.99990845
0,1,0.99992454
0,1,0.9997148
1,0,0.41407
1,1,0.99397933
0,1,0.76909214
0,1,0.9998914
1,1,0.8832217
1,1,0.9982476
0,1,0.9998543
1,0,0.07035551
0,1,0.99994636
0,1,0.8974695
1,1,0.5888099
1,0,0.4642578
1,1,0.9999025
0,1,0.9966794
1,0,0.011053057
1,1,0.53268117
1,1,0.9999058
1,1,0.999925
0,1,0.9997024
0,1,0.9999391
1,1,0.98620045
1,0,8.49535e-05
1,0,0.45939276
0,1,0.9997396
0,1,0.99991286
1,0,0.00019891268
0,1,0.9999348
0,1,0.84141743
0,1,0.99991035
1,1,0.9999459
1,0,0.11468963
0,1,0.99993896
0,1,0.9999317
0,1,0.9982894
1,1,0.99964166
0,1,0.99991786
1,1,0.9998385
1,1,0.9999448
0,0,0.0025606735
0,1,0.9997973
1,0,0.009522994
0,1,0.99993634
1,1,0.9996518
1,1,0.79019505
1,1,0.9996495
1,0,0.0008577389
1,1,0.9287744
0,1,0.99469405
0,1,0.99721235
1,1,0.9999274
1,0,0.027885228
1,1,0.8543501
1,0,0.08807075
1,1,0.63818
1,1,0.9823307
1,1,0.93972325
1,1,0.9820389
1,0,0.13519098
0,1,0.9999391
0,1,0.99264634
0,1,0.9999275
0,1,0.9998091
1,1,0.65303487
0,1,0.99993086
1,1,0.999889
0,1,0.99992347
0,1,0.99990916
0,1,0.68850815
1,1,0.9985024
1,1,0.99401855
1,1,0.9997811
1,0,0.15818962
0,1,0.99323434
0,1,0.9998728
1,0,0.00015161233
1,1,0.9372012
1,1,0.99978334
0,1,0.99980515
0,1,0.99992704
0,1,0.9998727
0,1,0.99994516
1,0,0.0008178989
1,1,0.9999368
1,0,0.0024094721
0,1,0.9997569
0,1,0.9999329
1,1,0.9998839
1,1,0.99910694
0,1,0.9978276
1,1,0.99114734
1,0,0.00027478588
0,1,0.98962945
0,1,0.9809739
0,1,0.9986846
1,1,0.93926054
0,1,0.99981934
1,0,0.0013174083
0,1,0.9999453
0,1,0.99960107
0,1,0.999899
0,1,0.99852294
1,0,0.12532894
0,1,0.99991643
1,1,0.9999366
0,1,0.999938
0,1,0.82119805
1,1,0.9959935
0,1,0.9999317
0,1,0.9999366
1,0,0.17250815
1,1,0.9998273
0,1,0.9996018
1,1,0.99982244
1,1,0.9925035
0,1,0.9877292
1,1,0.9945187
0,1,0.99992263
1,0,0.009654761
1,0,4.9519364e-05
0,1,0.9995264
1,1,0.99989915
0,0,0.0005756414
1,0,0.13025558
0,1,0.99943405
0,1,0.9999391
0,1,0.98795044
0,1,0.99700195
1,1,0.9932689
1,0,0.003964288
0,1,0.9999515
0,1,0.99994636
0,1,0.9998024
0,1,0.9875049
0,1,0.9999088
0,1,0.9997135
1,0,0.00025827126
0,1,0.9998202
1,1,0.99977225
0,1,0.99993825
1,1,0.99992967
1,0,0.00063753506
1,1,0.9993968
1,0,0.007675744
1,0,0.06652159
1,1,0.9664029
1,1,0.9998903
1,1,0.84456193
1,1,0.9997621
1,0,0.0006655703
1,0,0.029791214
0,1,0.9999031
1,0,0.41444188
0,1,0.99928707
0,1,0.999741
1,1,0.99991965
0,1,0.9999031
1,1,0.94935906
0,1,0.9985293
1,1,0.7118624
0,1,0.99988914
1,0,0.002485041
1,1,0.9999404
0,1,0.99969816
0,1,0.9997378
0,1,0.9998023
1,1,0.8321973
0,1,0.6526538
0,0,0.15816955
1,1,0.9970361
1,1,0.68835723
1,1,0.9534752
1,1,0.61882013
1,1,0.9998024
0,1,0.99994755
1,0,0.011060867
1,0,0.0016497863
0,1,0.9997675
0,1,0.99992
1,1,0.9997707
1,0,0.21179865
1,1,0.9998524
1,0,0.16801639
0,1,0.6643985
0,1,0.9999263
0,1,0.993911
0,1,0.99963343
0,1,0.9997577
1,0,0.26987335
1,0,0.056194298
0,1,0.9999132
1,1,0.7644506
0,1,0.99623555
0,1,0.90634114
1,1,0.9681539
1,1,0.9178856
1,0,4.5761244e-05
1,0,0.00010546436
1,0,0.031758614
1,0,0.011988298
1,0,0.3555201
0,1,0.99994075
1,1,0.91498077
0,1,0.999931
0,1,0.8137306
1,1,0.9999225
0,1,0.7912574
1,1,0.98219866
0,1,0.99564433
1,0,0.3763579
0,1,0.99097264
1,1,0.9835276
0,0,0.19886723
0,1,0.9996105
0,1,0.98412275
0,1,0.99987245
1,0,0.27514157
1,0,0.15512909
1,1,0.99994195
1,1,0.99989986
0,1,0.9981084
1,1,0.9996057
1,1,0.8698299
0,1,0.9998914
0,1,0.99982375
1,1,0.99993503
0,1,0.999838
1,1,0.99980646
1,1,0.9988913
0,1,0.9914083
0,1,0.9998832
0,1,0.9998758
1,1,0.99992394
1,1,0.99796826
1,0,0.0030943232
1,0,6.633873e-05
1,1,0.99994123
1,1,0.9998287
1,0,0.0046875435
1,1,0.99739707
0,1,0.8660991
0,0,0.010018824
1,1,0.99964094
0,1,0.9028952
0,1,0.9998683
1,0,0.03868045
1,1,0.99968445
1,1,0.9998122
0,1,0.99985397
0,1,0.9999453
0,1,0.9998312
0,1,0.9999318
0,1,0.9987558
0,0,0.0018055119
0,1,0.9998559
0,1,0.99992824
0,1,0.9972277
1,0,0.04014413
1,1,0.9962852
0,1,0.57291317
0,0,0.0005655236
0,1,0.9997218
0,1,0.9482757
1,1,0.9992631
0,1,0.9999105
0,1,0.99980766
0,1,0.99972326
0,1,0.9997838
1,1,0.9298996
1,1,0.9998877
0,1,0.99987376
0,1,0.9997528
1,0,0.37709385
1,1,0.9999132
1,0,0.22470805
0,1,0.96035
0,1,0.99992096
1,0,0.0013411263
0,1,0.83702105
0,1,0.99985373
0,1,0.9999312
0,1,0.9997681
0,1,0.6162538
0,1,0.9998498
0,1,0.99981016
1,1,0.9997923
1,0,0.14501746
0,1,0.98760134
0,1,0.9998673
1,0,0.35086313
1,1,0.9855884
0,1,0.99989104
1,1,0.5813314
1,1,0.9998733
1,1,0.9874479
1,1,0.9997651
0,1,0.9997794
0,1,0.9998555
1,1,0.99660325
0,1,0.99913603
1,1,0.99993145
1,1,0.8619379
0,0,0.030467596
0,0,0.14673188
0,1,0.88542885
1,0,0.00016318391
1,1,0.82873386
1,0,0.32426628
1,0,0.038887702
1,1,0.9998988
0,1,0.9999342
1,1,0.97111964
0,1,0.9998683
0,1,0.9996685
1,1,0.99993265
0,1,0.99952126
0,1,0.9792717
0,1,0.59552616
1,0,0.13731427
1,0,0.03127925
1,1,0.9865741
0,0,0.00030446204
0,1,0.99874914
1,1,0.9770827
0,1,0.99357855
0,1,0.99994326
0,1,0.9986999
1,1,0.9972965
1,0,0.051198393
1,1,0.9995962
1,0,0.473479
1,1,0.9990594
1,0,3.8202506e-05
0,1,0.99953055
0,1,0.9997882
0,1,0.99716824
0,1,0.9999337
0,1,0.9991696
0,1,0.99994266
1,1,0.9997421
0,1,0.9998661
1,1,0.9616679
1,0,0.2997969
1,1,0.90866894
0,1,0.99989116
1,1,0.53640026
0,1,0.9998165
0,1,0.97360986
1,1,0.9735858
0,1,0.9996339
1,1,0.9999434
0,1,0.999746
0,1,0.9999292
1,1,0.99864525
0,1,0.99900323
1,1,0.90578586
0,1,0.9560229
1,0,0.19127603
0,1,0.9999447
0,1,0.9998832
1,1,0.9988557
1,1,0.9998982
1,1,0.9997696
1,1,0.5768076
0,1,0.9166236
0,1,0.72345346
0,1,0.9208872
1,1,0.94652885
1,1,0.5783064
1,1,0.9988865
1,1,0.9999496
0,1,0.9993247
0,1,0.99994314
0,1,0.99985254
0,0,0.15231672
1,0,0.47610384
0,1,0.9998759
0,0,0.13172048
1,1,0.7602925
1,1,0.8688331
0,1,0.99993336
0,1,0.9990239
0,1,0.9995541
0,1,0.9989793
0,1,0.99993813
1,0,0.09607031
1,1,0.7039389
0,1,0.98886335
0,1,0.98524797
1,1,0.99994934
1,1,0.9998417
1,0,0.012823195
1,1,0.9995838
0,1,0.970138
0,1,0.9993832
0,1,0.99880064
0,1,0.97214264
1,1,0.9999032
1,1,0.9997899
0,1,0.579997
0,1,0.9999182
1,0,0.4052764
0,1,0.99357325
0,1,0.5259326
1,1,0.9999372
1,1,0.9999261
1,1,0.9750539
0,1,0.9999273
1,1,0.97947127
0,1,0.98565936
1,1,0.99986374
1,1,0.99993396
0,1,0.9223065
0,1,0.99991095
0,1,0.96247137
1,1,0.9999331
0,1,0.9999373
1,1,0.93121964
1,1,0.99989665
1,1,0.6610152
0,1,0.99992406
1,1,0.999711
0,1,0.9998155
1,1,0.99328303
1,1,0.9998765
1,1,0.99648917
0,1,0.99981433
0,1,0.9997944
0,1,0.999938
0,1,0.99879056
1,0,0.00020461867
1,1,0.9999114
0,1,0.9999207
1,1,0.7461034
0,1,0.99986315
0,1,0.9999336
1,0,0.47901773
1,1,0.9997085
1,1,0.9154848
1,0,0.0016840125
1,1,0.9998646
0,0,0.39714307
1,1,0.9998646
0,1,0.9999273
0,1,0.9999244
1,1,0.5512724
1,1,0.98992807
1,1,0.5213791
0,1,0.9995628
0,1,0.99979895
1,1,0.9999033
0,1,0.99993825
1,1,0.9996927
1,0,0.31908932
0,1,0.9999311
0,1,0.99991584
1,1,0.99986994
0,1,0.99979955
1,1,0.9956721
0,1,0.99977046
1,1,0.99005216
0,1,0.9999467
0,1,0.9999286
1,0,0.12091898
1,1,0.99316883
1,1,0.9903992
1,0,0.14953937
1,0,0.12417242
0,1,0.99923897
1,1,0.7235397
1,1,0.9998721
1,1,0.99966383
1,1,0.987565
0,1,0.999925
0,1,0.9937389
1,1,0.8507994
0,1,0.99993527
1,1,0.99829346
0,1,0.9999312
0,1,0.9933095
0,1,0.9999336
1,1,0.9997726
1,1,0.9998685
1,1,0.9946307
0,0,0.1814189
1,0,0.14514004
1,0,0.0002940351
1,0,0.043767326
1,1,0.99992204
1,1,0.99977976
1,0,0.016208513
1,1,0.99994326
1,0,0.0009414133
1,1,0.99885905
0,1,0.99994195
0,1,0.99993205
0,1,0.9878634
0,1,0.88819027
1,1,0.7773566
0,1,0.9913356
0,1,0.99970067
0,1,0.99913836
0,1,0.9996063
0,1,0.99837565
1,0,0.16095938
0,1,0.99990094
1,1,0.99255824
1,0,0.031637415
1,1,0.9898259
0,1,0.99960774
0,1,0.99991024
0,1,0.99806803
1,1,0.99934226
1,1,0.9996846
0,1,0.9998185
1,1,0.97477764
1,1,0.5081189
1,0,0.1638958
0,1,0.99994063
0,1,0.99672157
1,1,0.9733912
1,1,0.9886734
1,1,0.9940434
0,1,0.99994206
0,1,0.9998839
1,0,0.0038012858
1,0,0.0076210336
1,0,0.00021213238
0,1,0.9999435
0,1,0.9702471
0,1,0.9999336
0,1,0.99994004
0,1,0.9999385
1,1,0.99932086
0,1,0.99982697
1,1,0.78566855
0,0,0.19085382
0,1,0.99993837
0,1,0.9999354
0,1,0.99989223
0,1,0.9999354
1,1,0.99557185
0,1,0.99990547
0,0,0.34501678
1,0,0.2763605
1,0,0.19617859
1,1,0.65891504
0,1,0.9973775
0,1,0.55138975
1,1,0.9999392
1,0,0.058570687
0,1,0.99992
1,1,0.99837035
0,1,0.9996798
1,1,0.8237577
0,1,0.9996201
1,0,6.793402e-05
0,1,0.99983406
1,0,0.14765793
1,1,0.9028525
1,1,0.9999521
1,0,0.31927836
1,1,0.96406275
0,1,0.9997627
0,1,0.9998555
1,0,0.31753045
0,1,0.99893373
0,1,0.99984956
0,1,0.9998167
1,1,0.99989724
0,1,0.9993892
0,1,0.9979849
0,1,0.9996841
0,1,0.99955577
0,0,0.15621068
0,1,0.99991477
1,1,0.96398777
0,1,0.9999255
1,1,0.6056089
1,0,0.24712944
1,1,0.55947673
0,1,0.9999411
0,1,0.99931586
1,1,0.506891
1,1,0.99993443
1,1,0.99564725
0,1,0.9999341
0,1,0.99961805
1,1,0.8158307
0,1,0.9999263
1,0,0.058263917
1,1,0.99055946
1,1,0.9999082
0,1,0.9998766
0,1,0.9987244
1,1,0.9672752
0,1,0.99994266
1,1,0.99981314
0,1,0.9994956
1,1,0.99990463
1,0,0.397001
1,1,0.999933
0,1,0.9991371
0,1,0.9998696
1,1,0.99984336
1,0,0.02242635
1,1,0.99962807
0,1,0.9999285
1,1,0.9998666
0,1,0.9999399
1,1,0.99994254
0,1,0.9997944
1,1,0.9904349
1,1,0.9999167
0,1,0.99982834
1,0,0.12457993
0,1,0.99989986
0,1,0.9999192
0,1,0.9938885
1,0,0.08602694
0,1,0.7776434
1,1,0.9999306
1,1,0.9999187
1,0,0.14416713
1,0,0.19237019
1,1,0.9997948
0,1,0.99985003
0,1,0.9993697
0,1,0.99992347
1,1,0.64641774
1,1,0.99779665
1,1,0.96331537
0,1,0.99983895
0,1,0.9840432
1,1,0.9316206
1,1,0.99993527
0,1,0.9998975
1,0,0.0022878663
0,1,0.99940276
1,0,0.12680615
1,1,0.8633465
0,1,0.99976355
1,1,0.99990976
1,0,0.01358056
0,1,0.9998305
0,1,0.9999299
1,0,0.06783235
1,0,0.2776938
1,0,0.00037849895
0,1,0.999915
1,1,0.999951
0,0,0.072123565
0,1,0.9998826
1,0,0.097411916
1,1,0.9495721
1,1,0.98033625
0,0,0.40231803
1,1,0.99917775
1,0,0.017250827
0,1,0.9998462
1,1,0.9936785
0,1,0.99855787
1,1,0.99706024
0,1,0.9998882
0,1,0.9991757
0,1,0.99980944
1,0,0.030787157
0,1,0.9998529
1,0,0.00022880665
1,1,0.63434696
0,1,0.9675328
0,1,0.86887676
1,1,0.7569935
0,1,0.9999416
0,1,0.99985564
0,1,0.9999311
1,0,0.06336645
0,1,0.9999336
0,1,0.97341394
1,0,0.43825993
1,0,0.064772055
0,1,0.9999256
1,1,0.9936971
0,1,0.9655028
0,1,0.9964024
0,1,0.993321
1,1,0.9998776
1,0,0.36309153
0,1,0.97308177
1,0,0.1831023
0,1,0.9998982
1,1,0.9999287
1,1,0.99993324
1,0,0.0023317614
0,1,0.99994206
1,1,0.9999268
0,1,0.9996189
0,1,0.99994254
1,1,0.73131824
1,1,0.9387505
0,1,0.99339217
1,1,0.99891543
0,1,0.999889
0,1,0.9998989
0,1,0.6905283
0,1,0.999925
0,1,0.9995751
0,1,0.9999317
0,1,0.9036726
0,1,0.6852674
1,1,0.9992606
0,1,0.9998745
0,1,0.99990916
0,1,0.99992585
1,1,0.9985043
0,1,0.9999069
1,1,0.949693
1,0,0.03274031
0,1,0.92451346
0,1,0.9999019
1,0,0.0019463978
0,1,0.9967553
0,1,0.9999237
0,1,0.9997534
1,1,0.9951683
1,1,0.9925311
0,1,0.9992505
0,1,0.99992895
0,1,0.99992466
1,1,0.9987457
1,1,0.9999236
0,1,0.99928707
0,1,0.9997305
1,1,0.9999435
1,1,0.999915
1,1,0.99978334
0,0,0.4348682
1,0,0.0036157744
0,1,0.99976367
1,1,0.9899024
0,1,0.99994254
1,0,0.028990924
0,0,0.0002952019
1,1,0.94338906
1,1,0.9998542
1,0,0.013302561
0,1,0.9996437
1,1,0.9999256
1,1,0.99994445
0,1,0.9901848
0,1,0.999944
1,1,0.9999473
0,1,0.9924319
0,1,0.99989617
1,0,0.05108771
1,1,0.9967373
1,0,0.34455982
0,1,0.9996449
0,0,0.092963114
1,1,0.99963725
0,1,0.99690187
1,0,0.052640233
0,1,0.9999144
0,1,0.827384
0,1,0.9991221
0,1,0.9848268
0,1,0.9936919
0,1,0.9999379
0,1,0.99989605
1,0,0.000109593624
1,1,0.9968425
1,1,0.85670036
0,1,0.97791743
0,1,0.99940705
1,0,0.35738108
1,1,0.9998796
1,0,0.0013859194
0,1,0.98606503
1,1,0.93972147
1,1,0.9997533
1,0,0.07661986
0,1,0.9973768
1,0,0.15521504
1,1,0.9993268
0,1,0.93667734
1,1,0.9791926
1,0,0.038238265
0,1,0.9999149
0,1,0.9926145
1,1,0.99994504
1,1,0.99949
0,1,0.99993694
0,1,0.99992526
1,1,0.9996512
0,1,0.99979883
1,0,0.31808376
0,1,0.9999356
0,1,0.9997893
1,1,0.9998784
1,0,0.010084954
1,0,0.015823744
0,1,0.9999434
1,0,0.005440408
1,0,0.00010231206
1,1,0.9999336
0,1,0.9999335
0,1,0.8968256
0,1,0.9998536
1,0,0.007006395
1,1,0.99806446
0,1,0.995621
0,1,0.9999312
1,1,0.8699613
0,1,0.9307624
0,1,0.9999329
1,1,0.98401654
0,1,0.999368
0,1,0.9992908
1,1,0.99972874
0,1,0.99390805
0,1,0.99445724
0,1,0.99983287
1,1,0.99979204
1,1,0.94032484
1,1,0.99926656
1,1,0.9998784
0,1,0.999918
0,1,0.9995326
1,0,0.0016818751
1,0,0.033575904
1,0,0.10114046
1,0,0.00027432464
0,1,0.9809337
1,1,0.66192234
1,1,0.9987244
0,1,0.9998857
0,1,0.99987495
0,1,0.50317395
1,0,0.004233613
0,1,0.9997907
1,0,0.2430644
0,1,0.999905
1,0,0.49770778
0,1,0.9999211
1,0,0.0021989953
1,1,0.99988747
0,1,0.999111
1,1,0.98755974
0,1,0.99994564
0,1,0.796323
0,1,0.9999496
0,1,0.99988914
0,1,0.8039228
0,1,0.93658197
1,1,0.922266
1,1,0.9976216
0,1,0.9993718
0,1,0.56730807
1,1,0.9898879
0,1,0.99964666
0,1,0.9999243
1,1,0.9997545
1,1,0.99990165
0,1,0.99983335
1,1,0.995492
1,1,0.9840853
1,1,0.74986917
1,1,0.90648806
1,0,0.32340655
1,1,0.9997272
0,1,0.999895
1,0,0.08169841
1,0,0.38212636
1,0,0.4114856
0,1,0.9998933
1,0,0.10284911
1,1,0.99994123
1,1,0.7248446
0,1,0.9999124
1,0,0.026353726
1,1,0.91102433
1,1,0.9994086
1,0,0.03481077
1,1,0.9999416
1,1,0.99975675
0,1,0.91372466
1,1,0.6671986
0,1,0.9999083
0,1,0.9085901
1,0,4.798114e-05
1,0,0.0026804784
1,0,0.0006537526
0,1,0.99990153
0,1,0.99925476
1,1,0.99949205
1,1,0.99895215
1,0,0.34916306
1,1,0.5547187
0,1,0.9999136
0,1,0.7220618
0,1,0.9994442
1,1,0.9583644
0,1,0.99990547
1,0,5.6099303e-05
0,1,0.9999236
1,1,0.99988544
0,1,0.99991083
0,1,0.98582095
0,1,0.95966035
0,1,0.99989545
0,1,0.9999443
1,1,0.99995184
0,1,0.99929106
1,1,0.99914694
0,1,0.99662113
0,1,0.99990594
0,1,0.9999355
1,1,0.9999304
1,1,0.99985397
0,1,0.9998907
0,1,0.99991846
0,1,0.9999219
0,1,0.99973494
1,1,0.96566164
1,1,0.99475336
0,0,0.22814894
1,0,0.44621408
0,1,0.99993587
0,1,0.9996549
1,0,0.00069571467
1,1,0.72742856
1,1,0.999897
1,1,0.90567076
0,1,0.99994755
1,1,0.98160756
0,1,0.88549614
0,1,0.9999217
0,1,0.9508024
0,1,0.99978846
0,1,0.8276674
1,1,0.90380925
0,1,0.99959224
1,1,0.9882884
1,1,0.99981695
0,1,0.9995752
1,1,0.9999485
1,1,0.9996873
0,1,0.9997204
1,1,0.9995788
0,1,0.99925274
0,1,0.9998982
0,1,0.9999387
0,1,0.9999113
1,1,0.999509
1,1,0.98227525
1,1,0.94967014
1,1,0.90131617
0,1,0.99985313
1,1,0.8933038
1,1,0.9999443
1,1,0.99993134
1,1,0.9914904
0,1,0.99983263
1,1,0.9999441
1,0,0.23904838
1,1,0.99880075
1,0,0.062243436
1,0,0.12425621
1,1,0.99945015
1,1,0.9999082
1,0,0.00033716843
1,1,0.5895246
0,1,0.9998036
1,1,0.88629436
1,0,0.22840117
0,1,0.86685216
0,1,0.92278445
1,1,0.92469466
0,1,0.99994683
0,1,0.9999268
1,1,0.9998789
0,1,0.99918574
1,1,0.99880517
0,1,0.99846673
0,1,0.9954059
1,1,0.999936
0,1,0.9323711
0,1,0.99993265
1,1,0.98976934
1,0,0.0021828846
1,1,0.99987257
1,1,0.99992156
1,1,0.9957295
1,1,0.6078595
0,1,0.9999448
1,0,0.48403862
0,1,0.9999355
0,1,0.99732876
1,1,0.9738573
1,0,0.027529122
0,1,0.9998497
0,1,0.99861336
0,1,0.99994874
0,1,0.99961627
0,1,0.99992454
0,1,0.99994195
1,0,0.008516625
1,0,0.45294288
1,1,0.9947018
1,1,0.999726
1,1,0.9145695
1,0,0.003837768
1,1,0.9759209
1,1,0.9916009
1,0,0.00013825158
0,1,0.98695487
1,1,0.99977773
0,1,0.99993825
1,1,0.9998386
1,0,0.1895826
0,1,0.99988115
0,1,0.9822286
1,0,0.3596298
1,0,0.075362965
1,1,0.9991787
0,1,0.9998047
1,1,0.9986111
0,1,0.68287444
1,1,0.9984682
1,1,0.9981135
1,0,0.050052475
0,1,0.99992347
0,1,0.9998579
0,1,0.9869466
1,1,0.82983816
1,1,0.7133418
1,1,0.99962246
1,1,0.8561081
1,0,0.006970509
1,1,0.99849916
1,1,0.99990666
1,1,0.93059564
0,1,0.9999262
0,1,0.99982905
0,1,0.99792683
0,1,0.94540226
1,0,0.17964251
0,1,0.999936
1,1,0.99992454
1,1,0.99994206
0,1,0.9999354
1,0,0.013713282
1,0,0.055882253
1,1,0.9548238
1,1,0.99077237
0,1,0.981426
0,1,0.9998977
1,1,0.9997589
1,1,0.99452424
1,0,0.32150543
0,1,0.999943
1,1,0.9827284
1,1,0.9770249
0,1,0.9899323
1,1,0.99757975
1,1,0.99909127
0,1,0.99993837
0,1,0.6721826
1,1,0.9584978
0,1,0.999943
1,0,0.0009794674
1,1,0.9998903
1,1,0.92768365
1,1,0.99932146
1,1,0.98237646
0,1,0.5206581
1,1,0.55926013
1,0,0.14469875
0,1,0.99993944
1,0,9.896438e-05
0,1,0.99989617
0,1,0.9997433
0,1,0.9974189
1,1,0.7244785
1,1,0.93261427
0,1,0.99942565
1,1,0.99986625
0,1,0.96507186
1,1,0.96272486
0,1,0.9999465
1,1,0.9960634
1,0,0.020399146
0,1,0.9876304
1,1,0.984878
0,1,0.99987197
1,1,0.998804
1,1,0.76348
0,1,0.9954157
1,0,0.006127888
1,0,0.0835666
0,1,0.99982834
1,0,0.0024952237
0,1,0.9946361
1,0,0.20948991
1,0,0.44845122
1,1,0.9998369
1,1,0.97855103
1,0,4.5581368e-05
1,0,0.01917011
0,1,0.99401265
1,0,0.0042525516
1,0,0.102572404
0,1,0.99982077
1,1,0.9998473
1,1,0.9260927
0,1,0.9999436
1,1,0.8419067
1,0,0.0101335
0,1,0.99994504
1,1,0.9772185
0,1,0.9999201
1,1,0.99230367
1,1,0.999948
0,1,0.9999155
0,1,0.99993265
0,1,0.99988735
0,1,0.99962807
0,1,0.99993443
1,1,0.86667687
1,1,0.64598453
1,1,0.99992764
0,1,0.9999467
0,1,0.99903
1,1,0.9974585
1,1,0.9995952
1,0,0.49928734
1,0,0.32570362
1,0,0.35311452
0,1,0.99752194
1,1,0.7623882
1,0,0.0013194525
0,0,0.0006332522
0,1,0.99992836
1,0,0.008371425
0,1,0.9997774
1,1,0.78656995
1,1,0.99987113
0,1,0.99983096
1,0,0.046030186
0,1,0.99969566
1,1,0.9999279
1,1,0.9991842
1,1,0.99972075
1,1,0.95443225
1,1,0.9042817
1,1,0.9928596
0,1,0.99484766
0,1,0.9997712
0,0,0.120732196
1,1,0.99973863
0,1,0.9999403
0,1,0.9931074
0,1,0.9998454
1,1,0.95000297
0,1,0.8802167
1,1,0.9998516
0,1,0.9999161
1,1,0.99994373
0,0,0.0024041666
0,1,0.9999099
0,0,0.23261203
1,1,0.99693537
1,1,0.9998388
1,0,0.19964178
1,1,0.9962805
1,0,0.08966833
0,1,0.917032
0,1,0.9998956
1,1,0.99729
0,1,0.99993396
1,0,0.008584973
1,0,0.29298452
0,1,0.9999373
1,1,0.99981135
1,1,0.99973494
1,1,0.54503924
0,1,0.9998479
1,0,0.03570243
1,0,0.14999217
0,1,0.9981206
1,0,0.0048660133
1,1,0.9302046
1,1,0.7058065
0,1,0.99970824
0,1,0.99989593
1,0,0.075310715
1,0,0.0003779361
0,1,0.99979943
1,1,0.8614876
0,1,0.9999174
1,1,0.98986113
1,1,0.99961567
1,1,0.9166918
0,1,0.9999341
1,1,0.90625507
1,1,0.99947256
1,0,0.3102006
0,1,0.9999093
1,1,0.9986993
0,1,0.99993825
1,1,0.9925384
0,1,0.7217818
1,0,0.00014833861
0,0,0.3271128
0,0,0.00029204364
0,1,0.60794395
1,0,0.0437079
1,0,0.0050208117
0,1,0.99986184
0,1,0.9998678
1,1,0.9985233
0,1,0.9977003
1,0,0.038029037
1,1,0.99993765
0,1,0.9994955
0,1,0.99923885
0,1,0.9998925
0,1,0.99847966
1,1,0.7988646
1,1,0.98019457
1,1,0.9980464
0,1,0.99989307
0,1,0.9992993
0,1,0.99964654
1,0,0.15107234
1,0,0.006466347
0,1,0.99990773
0,1,0.9999101
1,0,0.027452657
0,1,0.9111201
0,1,0.9948907
0,1,0.99977535
0,1,0.9999255
1,1,0.999388
0,1,0.9999348
1,1,0.9998872
1,0,0.32106167
0,1,0.9998635
0,1,0.9898544
1,1,0.8400684
1,1,0.99772495
0,1,0.99988675
1,1,0.99981326
1,1,0.8521557
1,1,0.9998047
1,1,0.9821717
0,1,0.99854714
1,1,0.9985353
0,1,0.9998336
1,1,0.9981343
1,1,0.87685245
0,1,0.9885189
1,1,0.839855
1,1,0.53538877
0,1,0.99968994
1,0,0.121607795
1,1,0.97568375
0,1,0.9997459
1,1,0.73972726
1,1,0.9978241
1,1,0.8010731
0,1,0.99989617
1,1,0.99938214
0,1,0.9896488
1,1,0.9477032
0,1,0.9996971
0,1,0.9999343
1,0,0.005758125
1,0,0.0032277515
0,1,0.99993896
1,1,0.77698094
0,1,0.99992967
1,1,0.99995315
1,1,0.99890816
0,1,0.9999403
0,1,0.9906753
1,1,0.98544705
1,1,0.99588686
1,1,0.9998499
0,1,0.9998233
1,1,0.9994417
0,1,0.9998864
1,0,0.25783744
0,1,0.999936
0,1,0.999894
1,0,0.00693919
1,0,0.00044283693
1,0,0.039713945
1,1,0.9999155
0,1,0.9990709
0,1,0.99987316
1,1,0.5008869
0,1,0.9999018
1,0,0.11117112
1,1,0.79402536
1,1,0.673927
0,1,0.99792576
1,1,0.97338325
1,0,0.00019728715
0,1,0.9992888
0,1,0.9978802
1,1,0.9998834
0,1,0.8371039
0,1,0.9998485
0,1,0.9999435
0,1,0.9996891
1,1,0.97288257
1,1,0.999936
1,1,0.9999039
1,1,0.99989796
0,1,0.9995486
0,1,0.99982053
0,1,0.85369253
0,1,0.9946485
0,1,0.9620829
1,0,0.00441526
1,0,0.32044688
1,0,0.0064034453
1,1,0.87912583
1,1,0.9999485
1,0,0.23970486
0,1,0.99994135
0,1,0.9998292
1,0,0.4370522
0,1,0.9999211
1,0,0.27028722
1,1,0.9613807
0,1,0.9996853
1,0,0.485912
1,1,0.9998847
0,1,0.8758155
1,1,0.85551554
1,1,0.7685198
0,1,0.99991024
0,1,0.999483
0,1,0.9998493
0,1,0.8136738
0,1,0.99991107
0,1,0.99991536
1,1,0.98575807
1,0,0.00047492466
0,1,0.73613685
0,1,0.9996804
1,0,0.0027535902
1,0,0.046537627
0,1,0.8769414
0,1,0.9997392
0,0,0.3612893
0,1,0.99994504
1,1,0.99994814
0,1,0.99993896
1,1,0.9979412
0,1,0.53859544
1,1,0.99993634
1,1,0.72418034
0,1,0.9941806
0,1,0.99994624
1,0,0.05968827
0,1,0.91376734
0,1,0.99864465
1,1,0.98406845
0,1,0.9999285
1,1,0.6840127
1,0,0.0028699413
1,0,0.00021488096
1,0,0.24783044
1,1,0.6397526
1,1,0.99985826
1,0,0.0001834283
0,1,0.9999422
0,0,0.0128786275
0,1,0.9998752
1,0,0.023416057
0,1,0.9997434
1,1,0.9999057
0,1,0.9998597
0,1,0.89396775
0,1,0.9889081
0,1,0.9999269
0,1,0.99994016
0,1,0.99992085
0,1,0.9072721
1,0,0.4251677
0,1,0.9997322
0,0,0.0004806632
1,1,0.99994504
0,1,0.999443
0,1,0.99993694
0,1,0.99955493
1,1,0.98845416
0,1,0.99991286
0,1,0.9948342
0,1,0.9998646
1,1,0.9500288
1,1,0.83422184
1,1,0.9072551
0,1,0.99992454
1,1,0.65919477
0,1,0.99994516
1,1,0.8144281
1,1,0.99957854
0,1,0.9998567
1,1,0.99956053
0,1,0.9997148
0,1,0.9998641
1,1,0.99994385
0,1,0.99994767
1,1,0.7661485
0,1,0.9997429
0,1,0.99992275
1,1,0.9999013
0,1,0.9986386
0,1,0.99994123
1,1,0.99993706
1,1,0.9999156
1,0,0.006923993
0,1,0.95981354
0,1,0.99994516
0,0,0.015286704
0,1,0.9994566
0,1,0.990359
1,0,0.48417598
0,1,0.9997991
1,1,0.99730116
1,0,0.045014407
0,1,0.99978477
1,1,0.9998466
1,0,0.03480552
0,1,0.9004249
0,1,0.988135
1,1,0.99993074
1,0,0.09489692
1,1,0.9997651
1,1,0.91810775
1,0,0.35046622
0,1,0.9999423
0,1,0.99993515
0,1,0.9999374
1,1,0.99071574
1,0,0.28093028
0,1,0.99992657
0,1,0.9998609
1,1,0.9999075
0,0,8.8449306e-05
1,1,0.6502834
0,1,0.99733293
0,1,0.999801
1,1,0.9998691
0,1,0.9993754
1,0,0.2910669
0,1,0.99957746
1,0,0.0002852434
1,1,0.999519
1,0,0.4407701
1,1,0.9996582
0,1,0.9999429
1,1,0.99660254
0,1,0.99994516
0,1,0.9999037
0,1,0.99955744
0,1,0.9980616
0,1,0.99715996
1,1,0.9997912
1,1,0.9976248
1,0,0.036737762
0,1,0.97756463
1,0,0.0009336211
1,1,0.9977842
1,1,0.9999366
1,0,0.012093969
0,1,0.99991834
1,1,0.9690452
0,1,0.9995548
0,1,0.99991214
1,1,0.7631195
1,1,0.9999193
1,1,0.9998504
0,1,0.9999397
0,1,0.98375666
1,0,9.328184e-05
1,0,0.023002228
1,0,0.072089456
0,1,0.99953306
1,1,0.84895605
1,1,0.99994755
1,1,0.9994966
0,1,0.9998791
0,1,0.9999435
1,1,0.9619949
0,1,0.9999424
1,1,0.88201183
1,0,0.17729118
1,0,0.0004789362
0,1,0.99994314
0,1,0.99988866
1,1,0.9998753
0,1,0.99834836
0,1,0.9999186
0,1,0.99994123
0,1,0.99993205
0,1,0.99994206
1,0,0.008101012
1,0,0.28245997
1,0,0.21730559
0,1,0.9930895
0,1,0.9998572
0,1,0.935673
1,1,0.99989104
1,1,0.6530191
0,1,0.9897357
1,0,0.0053421156
0,1,0.9920061
0,1,0.99990845
1,1,0.99745303
1,1,0.99881613
0,1,0.9999207
1,0,0.15615626
1,0,0.0018253417
1,0,0.32185832
1,0,0.015232033
0,1,0.9996691
1,1,0.99993753
1,1,0.7668911
0,1,0.99988425
0,1,0.90638375
0,0,0.4801639
0,1,0.99985063
1,0,0.0022187498
0,1,0.99869436
0,1,0.99994874
0,1,0.9960425
1,1,0.99993646
0,1,0.99974805
0,1,0.99927276
0,1,0.9998548
1,0,4.4971886e-05
1,1,0.9976846
1,1,0.97470516
1,0,0.049066536
0,1,0.9999473
0,1,0.9999093
0,1,0.9999466
0,1,0.9999031
0,1,0.9998586
0,1,0.9696501
1,1,0.701054
1,1,0.9349395
0,1,0.9981876
0,1,0.9472985
0,1,0.9999063
1,0,0.00015444936
0,1,0.9995683
1,0,0.0011699336
1,1,0.9998505
0,1,0.99989927
0,1,0.99981767
0,1,0.98314464
1,0,0.051782485
0,0,0.39227566
0,1,0.9999033
0,1,0.9998425
0,1,0.99994206
0,1,0.6663223
1,1,0.9995944
0,1,0.99675155
1,1,0.90797424
0,1,0.85541123
1,1,0.9964539
0,1,0.9972053
0,1,0.9998603
0,1,0.5422745
1,1,0.99988747
1,1,0.99990034
0,1,0.975276
0,1,0.9997805
0,1,0.9999207
1,1,0.9950518
0,1,0.99993443
0,1,0.9994367
0,1,0.9989926
1,1,0.90060025
1,1,0.9994399
1,1,0.9999478
1,1,0.9575969
1,0,0.06925671
0,1,0.90065473
0,1,0.9974511
0,1,0.9999207
0,1,0.99993587
1,0,0.21419431
1,1,0.7130709
0,1,0.9999218
0,1,0.99983656
1,1,0.99983907
1,1,0.9994572
0,1,0.99990475
0,1,0.9994512
0,1,0.999895
1,0,0.27108577
1,0,0.22790766
1,1,0.999894
0,0,0.4366357
0,1,0.9997955
0,1,0.9999416
1,1,0.9998548
0,1,0.9385742
0,1,0.9999454
0,1,0.99994266
0,1,0.9993894
0,0,0.004592037
1,1,0.9600962
0,1,0.9999074
0,1,0.99991524
0,1,0.9957072
1,0,0.36526853
0,1,0.99988496
1,1,0.9963163
1,1,0.99756515
1,0,0.04358577
0,0,0.089999706
0,1,0.99993896
0,1,0.99993086
0,1,0.9997025
1,1,0.9999435
0,1,0.74390054
0,1,0.9999329
1,1,0.99896383
0,1,0.8283578
1,0,0.29816377
0,0,0.051481623
0,1,0.9999341
0,1,0.9840037
0,1,0.9998915
0,1,0.5468489
0,1,0.9999124
0,1,0.99962115
1,1,0.9999472
0,1,0.99979824
1,1,0.81584525
0,1,0.9998629
0,1,0.97029704
1,1,0.99986506
1,1,0.98130405
1,1,0.99891496
0,1,0.9998983
0,1,0.99993074
1,1,0.9999207
0,1,0.999783
0,1,0.9999217
0,1,0.99994314
0,0,0.17396012
1,1,0.5503766
1,0,0.09488304
1,1,0.83779335
0,1,0.999728
0,1,0.9999192
0,1,0.54144335
0,1,0.99960643
1,1,0.9991683
1,1,0.999821
1,1,0.8856878
1,0,0.4491206
0,1,0.9999329
1,1,0.9984314
0,0,0.09392429
1,1,0.9998853
1,1,0.9998698
0,1,0.99988127
1,1,0.97662044
1,1,0.92180365
0,1,0.99993145
1,1,0.949919
1,0,0.049132504
0,1,0.99991524
1,0,0.44444886
0,1,0.99943644
1,0,0.0005980107
1,1,0.98980427
0,1,0.99929965
1,1,0.99984336
1,1,0.72789997
1,0,0.0044588367
1,1,0.8470458
0,1,0.9999342
1,1,0.9625708
1,1,0.9932476
0,1,0.9751853
1,1,0.9998124
0,1,0.9985851
1,1,0.99982315
0,1,0.99983585
1,1,0.926341
1,0,0.21400759
0,1,0.9999373
1,1,0.9998029
1,0,0.008032781
1,1,0.60475904
0,1,0.99885833
1,0,0.19449452
0,1,0.99948055
1,1,0.99985135
1,1,0.9998784
0,1,0.9999049
0,0,0.45345315
0,1,0.99993587
1,1,0.99994254
1,1,0.8279755
0,1,0.99993396
1,1,0.96353257
1,1,0.7693852
0,1,0.9997242
1,1,0.99992275
1,0,0.00022633487
0,1,0.9999429
0,1,0.9999261
0,1,0.99991083
1,0,0.21946014
1,1,0.9973139
1,1,0.999902
0,1,0.99992406
1,0,0.288897
1,1,0.999949
0,1,0.99944764
0,1,0.99989915
0,1,0.9976903
1,1,0.9981255
1,1,0.999871
1,1,0.9994661
1,1,0.9853035
0,1,0.9998246
1,1,0.9703701
1,1,0.98696935
1,1,0.931018
0,1,0.99992585
1,1,0.99864835
1,1,0.9893026
1,1,0.9901164
1,0,0.015971893
0,1,0.99992025
1,1,0.9997949
1,0,0.0020044746
0,1,0.9015223
0,1,0.99993694
0,1,0.9998965
1,1,0.69316465
0,1,0.99991953
1,1,0.9994222
1,0,0.25967795
0,1,0.92073435
0,1,0.99992764
0,1,0.9992211
0,1,0.99993277
0,1,0.99909794
1,1,0.9998363
0,1,0.9997422
0,1,0.99900526
1,1,0.99974114
1,1,0.7734953
0,1,0.9995421
0,1,0.9993451
1,1,0.9899989
1,0,0.12589724
0,1,0.9998192
0,1,0.9932801
1,1,0.99985754
0,1,0.98830765
0,1,0.99991035
0,1,0.9999342
1,0,0.00019120931
0,1,0.9998504
0,1,0.9999398
1,0,0.40634257
1,1,0.5639009
1,0,0.39375564
1,1,0.9999163
1,1,0.99993193
0,1,0.9999006
0,1,0.9999399
0,1,0.9927095
1,1,0.9968272
1,1,0.99252677
0,1,0.9994697
0,1,0.9990256
1,1,0.98363423
0,1,0.99779177
0,1,0.9992142
1,1,0.9993419
0,1,0.9999254
1,0,0.24906126
0,1,0.99994993
1,1,0.8508944
0,1,0.9998336
1,0,0.4236659
0,1,0.99989057
0,1,0.9999398
0,1,0.99930286
1,0,0.0043070046
0,0,0.0008185637
0,1,0.99957746
0,1,0.9999006
1,1,0.5667995
0,1,0.99891055
0,1,0.9998809
1,0,0.1291838
1,0,0.1615334
0,1,0.98519266
1,0,0.002304739
1,0,0.02326518
0,1,0.99662846
1,1,0.9715657
1,1,0.99992716
1,1,0.99174255
0,1,0.9921292
0,1,0.9848503
0,1,0.99958986
1,0,0.14583908
1,1,0.8638431
1,1,0.95109206
1,1,0.9992792
0,0,0.49963415
1,0,0.0027650278
0,1,0.9699476
0,1,0.9998778
0,1,0.9960956
0,1,0.9961428
0,1,0.99720216
1,1,0.53372943
1,0,0.04121432
1,1,0.9999083
1,1,0.9959418
0,1,0.9999293
0,1,0.9999254
0,1,0.73043776
1,1,0.5308312
1,0,0.17010996
1,1,0.99949634
1,1,0.99989915
0,1,0.998664
1,1,0.99467
1,0,0.015995145
1,1,0.5109403
1,1,0.64684355
1,1,0.9997912
0,1,0.99994504
1,0,0.044771694
0,1,0.9998472
0,1,0.99991083
1,1,0.9999418
1,0,0.0067665777
1,0,0.09140111
0,1,0.99972576
1,1,0.9999453
1,1,0.9999509
0,1,0.99742055
1,1,0.8181509
0,1,0.9997873
0,1,0.9997993
0,1,0.99991286
1,1,0.9990652
0,1,0.99993443
0,1,0.9998822
0,1,0.9998789
0,1,0.99993646
1,0,0.35090262
1,1,0.7227867
0,1,0.99968946
1,0,8.198458e-05
0,1,0.9998969
1,1,0.9994141
0,1,0.9998092
0,1,0.99940646
0,1,0.9836263
0,1,0.9999267
1,0,0.059123274
0,1,0.9999126
0,1,0.9998802
1,1,0.9842329
1,1,0.99034953
0,1,0.9999225
0,1,0.9992526
1,0,0.0061111883
0,1,0.9983639
1,1,0.9999194
0,1,0.99991035
0,1,0.9999466
0,1,0.98729324
0,1,0.999928
1,1,0.99993086
0,1,0.9999027
1,0,0.00188132
0,0,0.24061543
0,1,0.99992573
0,1,0.9995908
1,1,0.9999472
1,0,0.39506894
0,1,0.99976724
1,1,0.926005
0,1,0.99993694
1,1,0.99944466
0,1,0.99977714
1,1,0.9997008
0,1,0.9999206
1,1,0.9977519
0,0,0.20404021
0,1,0.9996786
1,1,0.99967635
1,1,0.9999398
1,0,0.43555343
1,1,0.9998684
0,1,0.9991611
1,0,0.33410075
0,1,0.999466
0,1,0.99985206
1,1,0.8517864
0,1,0.66153103
1,0,0.000952247
0,1,0.9997223
0,1,0.9862156
1,1,0.6825419
0,1,0.9997836
1,1,0.7717549
1,1,0.9981305
1,0,0.021017026
0,1,0.99987686
1,1,0.96694726
0,1,0.99092203
1,1,0.99752015
1,1,0.9485556
1,1,0.9964143
0,1,0.9831957
1,1,0.94631004
1,0,4.746113e-05
0,1,0.9997023
0,1,0.9997774
0,1,0.99993134
0,1,0.9998888
1,1,0.99959
1,0,8.1042876e-05
1,1,0.9999398
1,1,0.99631256
1,1,0.9993537
1,0,0.34505737
0,1,0.996247
1,0,0.38463983
1,0,0.23636495
1,1,0.9841776
0,1,0.9999386
1,1,0.7849638
0,0,0.00017636939
1,1,0.67568076
1,1,0.9996637
1,0,0.062399518
1,1,0.985416
0,1,0.85034585
1,1,0.95568365
1,1,0.93948245
1,1,0.829972
0,1,0.99993694
1,1,0.9964289
0,1,0.99718505
0,1,0.9998735
0,1,0.99972373
1,0,0.28517795
0,1,0.9999472
1,1,0.8153316
0,1,0.99987006
1,0,6.489412e-05
0,1,0.99826556
1,1,0.9989479
0,1,0.7282798
1,1,0.9954776
0,1,0.9998109
0,1,0.9987575
0,1,0.66883045
1,1,0.99989426
0,1,0.9994355
0,1,0.9993716
0,1,0.9999089
0,1,0.9999254
1,1,0.99990165
1,0,0.16556512
0,1,0.9999237
1,1,0.9184351
0,1,0.5087855
1,1,0.99988246
0,1,0.99993026
0,1,0.9999285
1,1,0.98264194
0,1,0.9999337
0,1,0.9999242
0,1,0.9835022
0,1,0.9999498
0,1,0.9999399
1,0,0.00013190255
0,1,0.99921465
0,1,0.9998534
0,1,0.9998406
1,1,0.93155026
1,1,0.9962851
1,1,0.87034106
1,1,0.99992704
0,1,0.9990459
0,1,0.99827075
0,1,0.99576557
0,1,0.8087895
1,0,0.024442304
0,1,0.99946135
0,1,0.9999181
1,0,0.024046926
1,1,0.86347216
1,0,0.004545693
1,0,0.08148313
1,1,0.8958795
0,1,0.99468565
1,1,0.7281572
0,1,0.99981934
0,1,0.9998229
0,1,0.9999368
1,1,0.9923275
0,1,0.999913
0,1,0.9998361
1,1,0.9998498
0,1,0.9417919
0,1,0.727386
0,1,0.9696285
0,1,0.9878897
0,0,0.18267599
0,1,0.9998293
0,1,0.9989285
0,1,0.9997558
1,0,0.00321209
0,1,0.99992085
0,1,0.99994516
0,1,0.9991364
0,1,0.9996691
1,1,0.8985612
0,1,0.99992883
0,1,0.9296991
1,1,0.9983504
0,1,0.9469168
0,1,0.99974257
1,0,0.031628836
0,1,0.9974552
1,1,0.9995908
1,1,0.8159676
0,1,0.9997135
1,1,0.5565983
1,1,0.9995467
1,1,0.9997353
0,1,0.7661194
1,1,0.76322454
1,1,0.998922
1,1,0.93426734
1,1,0.995613
1,0,7.712463e-05
1,1,0.58984506
1,1,0.9993766
0,1,0.99977607
0,1,0.999856
1,0,0.050962977
1,1,0.5576216
0,1,0.9999
1,1,0.9914693
0,1,0.9892972
0,1,0.99059063
0,1,0.9985884
1,1,0.9999397
1,0,0.28106964
0,1,0.9991062
1,1,0.774389
1,1,0.99994755
1,1,0.99648064
1,1,0.9983278
0,1,0.99874485
1,1,0.99963176
0,1,0.9944401
0,1,0.9985423
0,1,0.99994123
1,1,0.99993217
1,1,0.8931467
0,1,0.99991083
1,1,0.9999043
1,1,0.9709371
0,1,0.9985085
1,0,0.004961167
0,1,0.99601054
0,1,0.99946123
0,1,0.9999076
1,1,0.92107767
1,1,0.9999013
1,1,0.9853694
0,1,0.99983704
1,1,0.9998727
0,1,0.99992406
1,1,0.8765475
1,1,0.99939454
0,1,0.9999347
0,1,0.9993148
0,1,0.99993336
0,1,0.7898503
0,1,0.9999443
1,1,0.9999157
1,1,0.99976796
0,1,0.9998939
0,1,0.9997929
0,1,0.9971294
0,1,0.9965682
1,1,0.9661162
0,1,0.99982435
1,1,0.99990916
0,1,0.99923706
1,1,0.9999491
0,1,0.99991846
0,1,0.9999341
1,0,0.058778428
1,1,0.9998323
0,1,0.999887
0,1,0.9915911
1,1,0.9881116
0,1,0.999838
0,1,0.98737425
1,0,0.29519582
0,1,0.9998753
0,1,0.9999405
0,1,0.99987864
0,1,0.99694973
1,1,0.99992514
1,1,0.793564
1,1,0.7125588
0,0,0.39661324
1,1,0.9998636
0,1,0.99959
1,1,0.9997124
1,1,0.9994831
0,1,0.9007609
1,1,0.99016905
1,1,0.99994695
0,1,0.9998016
1,1,0.99164176
0,1,0.94015414
0,1,0.99982184
1,1,0.9865693
0,1,0.9993241
0,1,0.9998909
1,1,0.7651844
1,0,0.00016398239
1,1,0.99973434
0,1,0.99141735
0,1,0.9999323
1,1,0.61301106
1,1,0.9998437
1,1,0.6692617
1,0,0.19694619
0,1,0.9762867
0,1,0.9999399
0,1,0.99961734
1,0,0.01733788
1,0,0.08600655
0,0,0.0011270569
0,1,0.99991095
0,1,0.9987987
1,0,0.35556948
1,1,0.999188
0,1,0.9999285
1,1,0.99975795
0,1,0.99989617
1,1,0.9995757
0,1,0.99993694
0,1,0.89525294
1,0,0.01635229
0,1,0.9998092
0,1,0.999413
1,1,0.99992514
1,1,0.99664706
1,0,0.00049294205
0,1,0.99955803
0,1,0.99992573
0,1,0.99989235
1,1,0.9998981
1,1,0.54909784
1,0,0.29982138
1,1,0.97203785
0,1,0.8800288
0,1,0.9999361
1,1,0.9999238
1,1,0.8389349
0,1,0.99985373
1,1,0.9843687
1,0,0.017442223
1,1,0.999785
1,1,0.9997453
1,1,0.934787
0,1,0.9999317
1,0,0.029699689
0,1,0.99988055
1,1,0.9999374
1,1,0.99868506
0,1,0.8342884
0,1,0.99991786
0,0,0.0003870715
0,1,0.997843
0,1,0.9993142
0,1,0.9998355
0,1,0.9994771
1,1,0.9549058
0,1,0.9999348
0,1,0.999926
1,1,0.999348
0,1,0.63919014
1,0,0.04607314
0,1,0.9997135
1,1,0.97867364
0,1,0.99959284
0,1,0.9999093
1,1,0.9999157
1,0,0.05005893
0,1,0.99994206
0,1,0.998536
0,0,0.3017731
0,1,0.9927867
1,1,0.96129143
0,1,0.9086528
1,1,0.90385044
0,1,0.99991024
1,1,0.999948
1,1,0.98949546
1,1,0.7077529
0,1,0.98150176
1,1,0.99994063
0,1,0.9875328
1,1,0.8818082
0,1,0.9998472
0,1,0.98309016
0,1,0.99992585
1,1,0.9989286
0,1,0.9994
0,1,0.82195574
1,1,0.7763365
0,1,0.66835755
1,1,0.9996094
0,1,0.9980432
0,1,0.99984086
1,1,0.98527956
0,0,0.31440133
1,1,0.98407346
0,1,0.99945647
0,1,0.9745353
0,1,0.9994598
1,1,0.99993706
1,0,0.4818622
0,1,0.95311344
1,1,0.99650925
1,1,0.99990785
1,1,0.99989605
1,1,0.99993587
0,1,0.99988496
1,1,0.994429
1,1,0.9301385
1,0,0.49565887
1,1,0.9927597
0,1,0.9998951
1,1,0.7261813
1,1,0.99992263
1,1,0.64244646
1,1,0.99838936
1,1,0.75819165
0,1,0.99658835
0,1,0.99990475
1,1,0.9933363
0,1,0.999561
0,1,0.9999362
1,0,0.0601429
1,0,0.003386209
1,1,0.99023014
0,1,0.9999219
1,0,0.16873656
0,1,0.74892515
1,1,0.9966313
0,0,0.35420766
0,1,0.9998913
1,1,0.9851816
1,1,0.9989993
1,1,0.9976299
0,0,0.10058348
0,1,0.9995197
0,1,0.9993536
0,1,0.9996909
0,1,0.9995821
0,1,0.9999324
0,1,0.99987113
1,0,0.2997406
0,1,0.99805534
1,0,0.45069888
1,1,0.99990237
0,1,0.96242434
1,0,0.11163699
0,1,0.96960425
0,1,0.9998838
1,0,0.00011526583
0,1,0.99994564
1,1,0.78206223
0,1,0.9999248
1,1,0.99994695
1,1,0.8967817
0,1,0.99993396
0,1,0.99954885
1,1,0.9503096
1,1,0.9999472
0,1,0.99990416
0,1,0.9991548
0,1,0.9997694
0,1,0.9999287
0,1,0.99443084
1,0,0.00040787066
1,1,0.9999088
0,0,0.26272333
1,1,0.999951
1,1,0.98340166
1,1,0.99963784
0,1,0.5753387
1,0,0.09929886
1,0,0.00022516718
0,1,0.9980312
0,1,0.999655
0,1,0.99979013
0,1,0.99550605
0,1,0.999923
1,1,0.99994695
1,0,0.18556687
0,1,0.9939032
1,1,0.9414455
0,1,0.99990356
1,1,0.99859065
1,0,0.11475139
1,1,0.9998109
0,1,0.99980146
0,1,0.998803
1,0,0.029826723
0,1,0.99826247
1,1,0.99981433
0,0,0.4038507
0,1,0.9992218
0,1,0.9998117
1,0,0.00040693002
1,1,0.99788994
0,1,0.9999261
1,1,0.97545505
1,1,0.99993336
0,1,0.99991226
1,1,0.9000964
1,1,0.8579828
1,1,0.99756783
1,1,0.9998079
1,1,0.9999466
0,1,0.99991596
0,1,0.9997358
1,1,0.71832526
1,1,0.7781628
1,1,0.97695255
0,1,0.9998356
0,1,0.99992085
1,1,0.69501704
1,1,0.9543062
0,1,0.9994041
1,1,0.72609997
0,1,0.9999453
1,1,0.9999255
0,1,0.99992514
1,1,0.6135597
0,1,0.99981624
1,0,0.3662624
1,0,0.020758417
1,1,0.9999269
0,1,0.9997378
1,0,0.00019083227
0,1,0.9975764
0,1,0.99983907
0,1,0.9999118
0,1,0.99994075
1,1,0.99994373
1,1,0.8548543
0,1,0.99986744
0,1,0.9970188
1,1,0.9999448
0,1,0.99992025
0,1,0.99986935
1,1,0.98859066
1,1,0.99306935
1,0,0.0023515946
1,1,0.99994266
0,1,0.9249313
1,1,0.995902
1,1,0.99578357
1,1,0.9996753
0,0,0.22221616
0,1,0.99981457
0,1,0.99990904
0,1,0.9998337
1,0,0.05472299
1,1,0.99437827
0,1,0.9998776
1,1,0.8781467
0,1,0.99977785
1,0,0.46529907
0,1,0.99988043
1,1,0.99994135
1,1,0.9998361
1,1,0.9999014
1,1,0.9999057
0,1,0.9998275
0,0,0.0039437357
0,1,0.99220324
1,1,0.9999368
1,0,0.024578542
1,1,0.99905485
1,1,0.9799105
1,0,0.23805916
0,1,0.9999274
1,1,0.99990165
0,1,0.9999336
0,1,0.9999373
0,1,0.99942684
1,1,0.99987566
0,1,0.96526194
0,1,0.9995022
0,1,0.99971515
1,1,0.9999081
1,1,0.9870445
1,1,0.9989599
1,0,0.0013276853
0,1,0.9998969
0,1,0.9999125
0,1,0.9999169
0,0,0.22328109
1,1,0.746008
0,1,0.9999392
1,1,0.816621
0,1,0.9854279
1,0,0.00012065264
1,1,0.979548
0,1,0.99991953
0,1,0.99994326
1,0,0.44618505
1,1,0.9624873
0,1,0.9761426
0,1,0.9999018
0,1,0.99938357
0,1,0.9903199
1,1,0.9997794
1,1,0.98315465
1,0,0.3206964
0,1,0.99950373
0,1,0.9997508
0,1,0.9886469
1,0,0.0044796746
1,1,0.9989065
0,1,0.9851258
0,0,0.35978934
0,1,0.93246615
1,0,0.020145886
1,1,0.9996935
0,1,0.9999286
0,1,0.9998142
0,1,0.7142397
0,1,0.99498135
1,1,0.9999145
1,1,0.9983615
1,1,0.9993067
1,0,0.46720964
1,0,0.00011622482
0,1,0.99987173
0,1,0.99864775
1,1,0.99830306
1,1,0.8513738
1,0,0.39174116
0,1,0.99933285
1,1,0.999398
0,1,0.984437
0,1,0.9999249
0,1,0.7303006
1,0,0.00031139713
1,1,0.9934314
1,1,0.94830143
1,1,0.9998971
0,1,0.9999343
0,1,0.9999368
1,1,0.9998671
1,1,0.9633114
0,1,0.99983716
0,1,0.989428
0,1,0.9998173
1,0,0.35838696
1,0,0.00039403266
0,1,0.99973625
1,1,0.99846137
1,1,0.99974555
0,1,0.99994206
0,1,0.99993706
0,1,0.9996815
0,1,0.99968255
1,1,0.9996593
1,0,0.1064218
1,0,0.017749054
0,1,0.99773693
0,1,0.940915
0,1,0.9998704
1,0,0.0032381262
1,0,0.2586305
0,1,0.9999161
0,1,0.9999391
1,1,0.9992818
1,0,0.1187165
0,1,0.99992824
0,1,0.9793506
1,1,0.9355751
1,1,0.9887595
1,1,0.99684095
0,1,0.9999429
1,1,0.99931383
0,1,0.9997732
1,1,0.9585869
1,0,0.0028349012
1,0,0.12881583
0,1,0.99991953
1,1,0.99955004
1,1,0.99973005
0,1,0.99994695
0,1,0.99955636
1,1,0.9973168
0,1,0.8831875
0,1,0.99994814
0,0,0.046730503
1,1,0.9986035
1,0,0.00053215073
0,1,0.99994266
0,1,0.9861579
0,1,0.99977773
0,1,0.9291696
1,1,0.9996253
1,1,0.99994373
1,0,0.0016833607
0,1,0.99946874
1,1,0.9996062
1,1,0.997033
1,1,0.9999088
1,1,0.9990376
1,1,0.9998228
0,1,0.9932767
0,0,0.2798585
1,0,0.26900327
1,1,0.7799244
0,0,0.41292182
1,1,0.9995016
1,0,0.007493132
1,1,0.8529581
0,1,0.9974564
0,1,0.9999447
1,0,0.38933536
0,1,0.99992585
1,1,0.9828047
0,0,0.3661807
1,1,0.9997025
0,0,0.0060028587
0,1,0.99990106
0,1,0.99986994
1,1,0.9999136
0,1,0.99868053
0,1,0.99948394
0,1,0.93667096
1,1,0.999923
0,1,0.99989665
1,0,0.00977059
1,1,0.98867595
1,1,0.5352388
0,1,0.99970275
1,0,0.2166258
1,1,0.9892475
1,1,0.9999244
1,1,0.9967411
1,1,0.9998733
1,1,0.8859932
0,1,0.9998814
1,1,0.96120137
0,1,0.9996513
0,1,0.9998957
1,1,0.9996792
0,1,0.9999157
0,0,0.0020514082
0,1,0.9998117
1,0,6.490273e-05
1,0,0.0005192774
1,0,0.48009378
1,1,0.99977106
1,1,0.93844324
0,1,0.9999435
1,1,0.99989414
0,1,0.99984777
1,1,0.9999118
0,1,0.99988973
0,1,0.99994075
0,0,0.2603701
0,1,0.5831487
1,0,0.007262902
0,1,0.8616483
0,1,0.91132975
1,1,0.9999496
1,1,0.998492
1,0,0.00032893312
0,1,0.9996551
1,1,0.7173097
1,1,0.999329
1,0,0.0009196593
1,1,0.9993892
0,1,0.99987984
0,1,0.9223847
1,1,0.5342209
0,1,0.9651881
1,1,0.9998672
1,1,0.99788874
1,0,0.02460923
0,1,0.99992967
1,1,0.99971086
1,0,0.0013053642
1,1,0.9565635
1,1,0.97077775
1,1,0.9828128
1,1,0.9952775
0,1,0.9940519
1,1,0.95828605
0,1,0.9470976
0,1,0.9992118
1,1,0.9898346
1,1,0.8632423
0,1,0.9995889
1,1,0.99701476
1,0,0.3797285
1,0,0.011514541
0,1,0.99891865
0,1,0.99575543
1,1,0.95929927
0,1,0.99392915
0,1,0.99974376
0,1,0.9955231
1,0,0.105839945
0,1,0.99965525
0,1,0.99989164
1,0,0.06220811
0,1,0.99992764
1,0,0.3115557
1,1,0.99987876
1,0,5.0805607e-05
1,1,0.59450644
1,1,0.99994004
0,1,0.9996766
0,1,0.9993874
1,0,0.20449837
0,1,0.9999362
0,1,0.9998952
0,1,0.9999386
1,0,0.19409633
1,1,0.9999434
1,0,0.23423007
1,0,0.00069501915
0,1,0.99990857
1,1,0.99277675
0,1,0.9907843
1,1,0.9936718
0,1,0.99993634
1,1,0.9996352
1,1,0.8700862
1,1,0.9992606
0,1,0.9999436
1,0,0.46977034
1,0,0.43654123
0,1,0.9976943
1,1,0.99952257
1,1,0.9902131
0,1,0.9999467
0,1,0.99989116
0,1,0.9997911
0,1,0.9810002
0,1,0.97831184
1,1,0.99976236
0,1,0.99992335
1,0,0.13460296
0,1,0.9989517
0,1,0.999421
1,1,0.94959044
1,1,0.99990606
0,1,0.9999198
1,0,0.0011140232
1,1,0.7194142
0,1,0.99990237
0,1,0.9999454
1,1,0.9988626
0,1,0.99993074
0,1,0.99992263
0,0,0.4732251
1,1,0.57887256
0,1,0.99981457
1,1,0.6517626
0,0,0.42149678
0,1,0.9998808
0,1,0.9999472
0,1,0.99994457
1,0,0.08391509
0,1,0.9970902
1,1,0.9960938
1,1,0.9993299
1,1,0.9951857
1,0,0.0064623905
0,1,0.9999294
0,1,0.99569136
1,0,0.05337016
0,1,0.99975866
0,1,0.9996569
0,1,0.76963705
0,1,0.9997603
1,1,0.7685241
0,1,0.9980983
0,0,0.009556384
0,1,0.99913186
0,1,0.99967515
1,0,0.24718401
1,0,0.44120955
1,1,0.98907954
1,1,0.99994683
0,1,0.9999174
0,1,0.99989307
1,1,0.9997073
0,1,0.9999269
1,0,0.00071631296
1,1,0.99881005
1,0,0.0005451977
1,1,0.999944
0,1,0.9998741
0,1,0.99991024
0,1,0.9999087
1,0,0.03398638
0,1,0.99959904
1,1,0.99928313
1,1,0.999923
1,1,0.99628264
1,1,0.97298896
0,0,0.054369643
0,1,0.99965453
0,0,0.43751335
0,1,0.99982965
0,1,0.9971655
0,1,0.999683
1,0,0.3308374
1,1,0.99989843
0,1,0.99971336
1,0,0.0020116484
1,0,0.04399885
0,1,0.9998851
0,1,0.9999366
0,1,0.9979868
0,1,0.99993885
1,1,0.9986206
1,0,0.3125698
0,1,0.51527405
1,1,0.81078273
0,1,0.9999374
1,0,0.11242471
0,1,0.81769854
1,1,0.9999441
1,0,9.6863834e-05
1,1,0.99762243
1,1,0.9972916
1,0,0.04106633
0,1,0.9998369
0,1,0.8206816
1,1,0.99764735
0,1,0.99962187
0,1,0.999915
1,1,0.7143022
1,0,9.066716e-05
0,1,0.99993527
0,1,0.9998809
0,1,0.95957404
0,1,0.99970704
1,1,0.99991655
0,1,0.99990964
0,1,0.999863
0,1,0.99986625
1,0,0.0008148332
0,0,0.12349309
0,1,0.99984133
0,1,0.99431276
0,1,0.99993193
1,1,0.9342819
0,1,0.981811
1,1,0.6961526
0,1,0.9999064
0,1,0.9994677
0,1,0.9997577
0,1,0.9994734
0,1,0.99991286
0,1,0.99966323
1,0,7.426693e-05
1,1,0.99520254
1,0,9.235382e-05
1,1,0.997124
0,1,0.9999373
1,0,0.0073032724
1,1,0.799061
1,0,0.03167481
1,0,0.21443702
0,1,0.9999335
1,0,0.44437838
1,1,0.52901995
1,1,0.9999509
0,1,0.93259054
1,1,0.9999027
1,1,0.9848157
1,1,0.9998405
0,1,0.9999418
0,1,0.9823413
0,1,0.99989367
0,1,0.9999465
1,0,0.011183461
1,1,0.9999132
0,1,0.9998241
1,1,0.999895
0,1,0.99659294
0,1,0.9930253
0,1,0.99994004
0,1,0.9998142
1,1,0.9861373
0,1,0.99994075
0,1,0.99971193
1,1,0.72217363
1,0,0.051208023
0,1,0.99990726
1,1,0.97803235
0,1,0.9999403
1,0,0.090255246
1,1,0.99993265
0,1,0.9903008
0,1,0.99948347
0,1,0.9781668
0,1,0.9999223
1,1,0.99991596
1,0,0.0013430838
1,0,0.007496029
0,1,0.9977672
0,1,0.9999373
0,1,0.99984944
0,1,0.99987316
0,0,0.26172197
0,1,0.8432846
1,0,0.21466175
1,1,0.9998265
1,1,0.9873239
0,0,0.037309397
0,1,0.99989486
0,1,0.99794835
1,1,0.9999337
0,1,0.9964688
0,1,0.9997845
0,1,0.87708384
1,1,0.99186826
1,0,0.28820056
1,1,0.98156446
1,1,0.9952828
0,1,0.9999002
1,1,0.9995079
0,1,0.90063506
1,1,0.99967563
1,1,0.99915063
0,1,0.99992204
1,1,0.95097935
0,1,0.99842787
0,1,0.9999317
1,1,0.5555661
1,1,0.926323
1,1,0.9997075
0,1,0.9823185
0,1,0.9997212
1,1,0.9989054
1,0,0.0059650033
1,1,0.9196443
0,1,0.9999193
1,0,0.00015562744
1,1,0.9999485
1,1,0.89880145
0,1,0.99992347
1,0,0.48185137
0,1,0.9990657
0,1,0.9998373
0,1,0.9996824
0,1,0.99994123
0,1,0.9224362
1,0,0.24702841
1,0,0.008876647
1,0,0.09596253
0,1,0.99991584
1,1,0.9998692
0,1,0.9332281
0,1,0.9997055
0,0,0.36179253
0,1,0.9999416
1,1,0.9694644
0,1,0.9998847
1,1,0.99945694
0,1,0.99987125
0,1,0.9982315
1,0,0.00060376053
1,1,0.9998648
1,0,0.0017236785
1,0,0.13408333
0,1,0.99994016
1,0,0.013397564
0,1,0.999923
1,1,0.86065465
0,1,0.999912
0,1,0.99992347
0,1,0.9998636
0,1,0.99965715
1,1,0.9997198
0,1,0.99992025
1,1,0.99994516
0,1,0.99971706
1,0,0.14783944
0,1,0.999858
0,1,0.9820285
0,1,0.9953436
1,0,0.45561963
0,1,0.999892
1,1,0.9999018
1,1,0.507152
1,1,0.99992025
0,1,0.9994356
1,0,0.090073064
0,1,0.9997371
1,1,0.9993931
0,1,0.9971846
1,0,0.03017521
0,1,0.99993896
0,1,0.99992585
0,1,0.999928
0,1,0.9984504
0,1,0.9999263
0,1,0.99907327
0,1,0.99994254
0,1,0.99185973
0,1,0.99982893
1,1,0.9843007
0,1,0.99983096
0,1,0.6321304
1,1,0.9784143
1,0,0.00178081
0,0,0.49038988
0,1,0.9993319
0,1,0.99992836
0,1,0.99977225
0,1,0.9999113
1,0,0.0022887972
0,0,0.07015048
0,1,0.6241704
0,1,0.999928
1,1,0.6072063
1,1,0.99994934
1,1,0.6795999
0,1,0.9998179
1,1,0.9998354
1,0,0.2914891
1,1,0.812734
1,0,0.4691876
0,1,0.99994385
1,1,0.9950138
1,1,0.99991465
0,1,0.9997187
1,0,0.4122859
1,1,0.8550726
0,1,0.9989869
0,1,0.99994373
1,0,0.03118737
1,1,0.9993197
1,1,0.9596709
0,1,0.9998982
1,0,0.10848424
0,1,0.9998087
0,1,0.9999367
0,1,0.99960035
1,1,0.99939454
1,1,0.83368033
0,1,0.5714687
0,1,0.9988055
0,1,0.9999324
0,1,0.9999443
0,1,0.67879033
1,0,0.24978751
1,1,0.9993255
0,1,0.99876827
0,1,0.9998913
1,1,0.9952206
1,1,0.99740356
1,1,0.9998758
1,1,0.9997507
0,1,0.9962358
0,1,0.9999399
1,0,0.09179788
0,1,0.9998697
0,1,0.99993837
1,1,0.99989784
0,1,0.9982324
1,1,0.9904475
0,1,0.9995765
0,1,0.99976903
1,0,0.00025065616
0,1,0.99975485
0,1,0.9998995
1,1,0.7121397
0,1,0.9998722
0,1,0.9912231
1,0,6.310054e-05
0,1,0.9998882
0,1,0.9997936
1,1,0.9999056
1,0,0.0001196393
0,1,0.99994457
1,1,0.99994826
0,1,0.9999387
0,1,0.9994697
1,1,0.5170554
1,1,0.9895828
1,0,0.0010057942
0,1,0.99974805
0,0,0.08539105
1,1,0.99941516
1,1,0.82755464
1,1,0.8728782
1,0,0.13036846
0,1,0.9999372
1,1,0.99964607
1,0,0.04778367
0,1,0.96001935
0,1,0.99990284
0,1,0.99993944
0,1,0.9998822
1,1,0.9999435
1,0,0.28612083
1,1,0.99951565
0,1,0.99993885
1,1,0.99975747
0,1,0.99993086
0,1,0.993339
0,1,0.99905735
0,1,0.9999386
1,1,0.9993024
0,1,0.99522924
0,0,0.0015322915
0,1,0.9807426
1,1,0.80776215
1,1,0.9954934
0,1,0.9998951
1,1,0.68648916
0,1,0.9999429
1,1,0.9229936
0,1,0.99993575
0,1,0.9999291
1,0,0.01107203
0,1,0.9242919
1,1,0.9396596
0,1,0.68743145
1,0,0.0069184797
0,1,0.9999275
1,1,0.6633001
0,1,0.9840205
0,1,0.99992585
1,0,0.13530415
0,1,0.9991454
0,1,0.98551536
1,1,0.984757
0,1,0.9259069
0,1,0.99994063
1,1,0.98174953
1,0,6.320225e-05
1,0,0.008918184
0,1,0.9998958
0,0,0.015791317
1,1,0.96045035
1,0,0.040494807
0,1,0.9989316
0,1,0.99992275
0,1,0.99991405
1,1,0.9999436
0,1,0.9999294
0,1,0.9999418
1,0,0.17076705
0,1,0.9978676
0,1,0.9999201
0,1,0.99974734
1,1,0.94207776
1,1,0.99985003
0,1,0.9991425
0,1,0.9998241
0,1,0.9995927
0,1,0.99973863
1,1,0.8739392
0,1,0.9999497
0,0,0.11700209
1,1,0.978925
0,1,0.9998677
1,1,0.9999181
1,0,0.22776243
1,1,0.9999424
1,0,0.00085460657
0,1,0.99933404
0,1,0.99951625
1,1,0.68137115
0,1,0.99697495
1,0,0.3259366
0,1,0.9993747
1,1,0.7639886
1,1,0.51140916
1,0,0.0003079961
1,0,0.00021264229
1,1,0.99972504
1,1,0.7667885
1,0,0.3571373
0,1,0.9998324
0,1,0.9992142
1,1,0.99989414
0,1,0.9999509
0,1,0.99993694
0,1,0.6333216
0,1,0.9991136
1,1,0.69921935
1,1,0.99994826
1,1,0.8423262
0,0,0.3857071
1,0,0.3612048
1,1,0.99981755
0,1,0.9999212
1,1,0.9999151
1,1,0.99748695
0,1,0.9999505
1,0,0.0018312118
0,1,0.9999118
1,1,0.9998528
1,1,0.950436
1,1,0.9167492
0,0,0.1259434
1,1,0.9989176
1,1,0.999313
1,1,0.5290856
1,0,0.12304665
1,1,0.9998061
0,1,0.999584
1,0,0.13202372
0,1,0.99953663
1,0,0.4443785
1,0,0.0029122282
1,1,0.99661654
1,0,0.06459385
0,1,0.998869
1,1,0.9890399
1,0,0.032854702
0,1,0.99990654
0,1,0.9998785
1,1,0.81102926
1,1,0.9998591
1,1,0.9997621
1,0,0.39003614
0,1,0.99992096
1,1,0.999273
1,1,0.9998394
1,1,0.99950004
0,1,0.9998729
0,1,0.9999362
0,1,0.9998925
0,1,0.9998903
1,0,0.00010898418
0,1,0.9989712
1,1,0.99100363
0,1,0.9998579
0,1,0.9976799
1,1,0.8495187
0,1,0.99993
0,1,0.999948
0,1,0.99963725
0,1,0.86635333
1,1,0.99983084
1,1,0.997136
0,1,0.9998497
0,1,0.9851686
0,1,0.9998714
0,1,0.99939966
0,1,0.99739635
0,1,0.99984825
0,1,0.9998963
0,0,0.11402432
0,1,0.99908864
1,1,0.999949
0,1,0.9999052
0,1,0.9993305
1,0,0.1019974
0,1,0.99966013
1,0,0.24533385
1,1,0.99993896
0,0,0.2540835
1,1,0.99955016
1,1,0.9999126
1,1,0.9999443
1,1,0.99978846
0,1,0.9997956
0,1,0.9992487
1,1,0.99993956
0,1,0.9998286
0,1,0.99993205
0,1,0.99979216
0,1,0.99986994
0,1,0.99060386
1,0,0.0072771697
0,1,0.9736733
1,1,0.82622784
0,1,0.99982446
1,1,0.9075167
0,0,0.0063556125
0,1,0.99972636
0,1,0.99987996
0,1,0.99254495
0,1,0.9999362
0,1,0.99993396
1,1,0.99581087
0,1,0.9999089
1,0,0.12374805
1,0,0.00010255361
1,0,0.35585156
1,1,0.99970585
0,0,0.18184456
1,1,0.99994266
1,1,0.9924731
0,1,0.99983907
0,1,0.9708009
0,1,0.99988794
1,1,0.833124
1,1,0.9974884
0,1,0.9999311
0,1,0.9995764
1,1,0.65483826
1,1,0.9999441
0,1,0.9999355
0,1,0.99459815
1,0,0.0010085615
0,1,0.9997209
1,1,0.6937237
1,0,0.006837453
1,1,0.99987304
0,1,0.99978
0,1,0.99992716
1,1,0.99948055
1,1,0.9810284
1,1,0.99409324
1,1,0.99978596
0,1,0.9998259
0,1,0.9999343
0,0,0.038660876
1,0,0.029196478
1,1,0.9484209
0,1,0.99986994
1,1,0.99981123
0,1,0.99992144
0,0,0.47016874
0,1,0.9999441
1,1,0.9999343
0,1,0.9999037
1,1,0.93327624
1,1,0.9731751
1,1,0.5558701
1,1,0.9998411
1,0,0.09414991
0,1,0.9684181
1,1,0.7551501
0,1,0.999821
1,1,0.8873327
1,1,0.9570706
1,0,0.35496652
1,0,0.00014524482
1,1,0.7847069
1,1,0.9996884
0,1,0.999944
0,1,0.99981314
0,0,8.123004e-05
0,1,0.99976474
1,1,0.9999449
1,1,0.7036991
0,1,0.9999474
1,0,0.0017772878
0,1,0.99986017
0,1,0.9962941
0,1,0.99944645
1,1,0.9997992
0,1,0.9999479
1,1,0.9477926
0,1,0.5075666
1,1,0.965146
1,1,0.9998111
1,1,0.99992025
1,1,0.9993438
1,1,0.9997564
0,1,0.9998635
1,0,0.43002698
1,0,0.31456816
1,1,0.99083626
1,1,0.99979407
0,1,0.9994286
1,1,0.69465363
0,1,0.9985765
0,1,0.9998528
0,1,0.9999212
0,1,0.9998258
0,1,0.9857859
1,1,0.99637836
0,1,0.875317
0,1,0.99983704
1,1,0.9996749
1,0,9.310935e-05
0,1,0.86946255
0,1,0.9500142
0,1,0.9998894
0,1,0.99810946
0,1,0.9999496
1,0,0.23413199
1,0,0.20881382
0,1,0.99907994
1,1,0.9493693
1,1,0.9950755
0,1,0.99992025
1,0,0.021142412
0,1,0.9992747
1,1,0.9999232
1,1,0.50405
0,1,0.9994143
0,1,0.99994683
1,1,0.98827577
0,1,0.99990404
0,1,0.99918586
0,1,0.9999093
1,0,0.00013106303
0,1,0.9987791
1,0,0.3818704
0,1,0.9988317
0,1,0.9999223
1,1,0.8407615
0,1,0.9999224
1,1,0.999814
1,0,0.00029738207
1,1,0.99989545
0,1,0.99978
0,1,0.9999161
0,1,0.9998272
1,1,0.9999236
1,0,0.014914705
1,1,0.89234436
1,1,0.99994075
0,1,0.9959627
0,1,0.99709415
1,1,0.9998369
0,1,0.9981852
1,1,0.9996153
0,1,0.9999056
0,1,0.9981773
1,1,0.6472833
0,1,0.99994195
0,1,0.9999304
0,1,0.9999136
1,1,0.9998733
0,1,0.9997944
0,1,0.99989104
1,0,0.0004079352
0,0,0.0004837391
0,1,0.9997855
1,1,0.96054953
0,1,0.99985635
0,1,0.99983585
0,0,0.2862384
1,0,0.019071583
1,1,0.99993205
1,1,0.9736747
0,1,0.9999181
1,0,0.0143929245
0,1,0.9975708
1,0,0.066287756
0,0,0.10775165
1,1,0.99969435
0,1,0.99581426
0,1,0.99683255
0,1,0.99941003
0,1,0.9997292
1,1,0.9976012
0,1,0.99966896
0,1,0.9975884
0,1,0.9998124
1,1,0.99887556
1,1,0.76597947
0,1,0.99989724
1,1,0.9999527
0,1,0.99994564
0,1,0.9999201
1,1,0.88668233
0,1,0.999941
0,1,0.99213773
0,1,0.99993455
1,0,0.31893536
1,1,0.9954573
1,1,0.95605475
1,1,0.9998079
1,1,0.62258875
1,1,0.9998628
0,1,0.99902034
0,1,0.99983716
0,1,0.9999285
0,1,0.99989486
0,1,0.9999355
0,1,0.99056023
0,1,0.9999486
1,1,0.999931
1,1,0.80314016
1,1,0.98589593
0,1,0.9999467
1,1,0.99986935
0,1,0.99806386
0,1,0.7017092
0,1,0.9999336
0,1,0.99993706
0,1,0.99993825
0,1,0.9603859
0,1,0.9998282
1,0,0.07196019
1,1,0.99969983
0,1,0.9999385
1,1,0.99992204
0,1,0.9999193
0,1,0.9998939
0,1,0.99844104
0,1,0.9999453
0,1,0.99928695
1,0,0.018185716
0,1,0.99993455
1,1,0.99484503
0,1,0.99317497
1,0,0.00045500632
0,1,0.9989868
1,1,0.6304128
1,0,0.039792497
0,1,0.9999074
1,1,0.99930644
1,1,0.999826
1,1,0.84007245
0,1,0.99991226
0,1,0.9995782
0,0,0.012270473
0,1,0.99912876
1,1,0.9998437
1,1,0.999941
0,1,0.9996086
0,0,0.004286618
1,0,0.09065558
0,1,0.9995702
0,1,0.9972677
0,1,0.58584696
1,1,0.8060266
1,1,0.99897444
0,1,0.999948
0,1,0.9999254
0,1,0.9998499
1,0,0.026132008
0,1,0.99790937
0,1,0.99991405
1,0,0.13220228
0,1,0.9998877
0,1,0.9999192
0,1,0.999848
0,1,0.97643083
1,0,0.13503192
0,1,0.99983835
0,1,0.99983776
1,1,0.790891
1,0,0.00015847609
1,1,0.9999201
1,1,0.99994075
0,1,0.99991465
0,1,0.9999242
1,1,0.9881788
0,0,0.36012414
0,1,0.9998807
1,1,0.9251812
1,1,0.99983096
1,1,0.9999263
0,0,0.052800238
1,0,0.33329755
1,1,0.9999145
0,1,0.9999225
1,1,0.84212327
0,1,0.9995365
1,1,0.79071957
0,1,0.7175558
0,1,0.99959546
0,1,0.9999261
0,1,0.9997112
1,1,0.9853614
0,1,0.9998381
1,1,0.53183734
1,1,0.9999428
0,1,0.9954465
1,0,0.105004825
1,0,0.3699991
0,1,0.99993396
0,0,0.2046255
0,1,0.98628265
1,1,0.9998023
0,1,0.9997663
1,1,0.82149225
0,1,0.9999311
1,1,0.9812422
0,1,0.999938
1,1,0.9999342
0,1,0.9998503
0,1,0.9743911
0,1,0.58529973
0,1,0.99590874
1,1,0.77501565
1,1,0.9248118
1,1,0.9990677
0,1,0.9987104
0,1,0.99014205
0,1,0.99981433
1,1,0.9993824
0,0,0.20497324
0,1,0.9014042
0,1,0.9376434
0,1,0.9996916
0,1,0.9998227
0,1,0.99814105
0,1,0.9994229
0,1,0.99992883
0,1,0.99893934
1,1,0.99952424
1,1,0.9995926
1,1,0.9999516
1,1,0.94759345
1,1,0.9643645
0,1,0.9995963
1,0,0.09694602
0,1,0.9999323
0,1,0.9999305
1,1,0.97044736
1,1,0.99992275
1,1,0.9998042
0,1,0.9891453
0,1,0.99993694
0,1,0.9977628
1,1,0.825511
1,1,0.9588803
0,1,0.9998728
1,0,0.08187902
0,1,0.99418664
1,1,0.99613684
1,1,0.999226
1,0,4.836169e-05
1,1,0.73004013
0,1,0.9998356
1,0,0.017073493
1,1,0.999833
1,1,0.6006621
1,1,0.948293
1,1,0.99993026
0,0,0.37996382
0,0,0.035611697
0,1,0.99986386
0,1,0.9999043
0,1,0.99992967
0,1,0.99975806
1,1,0.9965467
0,1,0.9998746
1,1,0.99677485
0,1,0.9999275
0,1,0.99351233
0,1,0.7951216
1,1,0.99985254
0,0,0.030781012
1,1,0.52308244
0,1,0.69062936
1,1,0.99927217
0,1,0.99992263
1,1,0.9998822
1,1,0.8047744
1,1,0.99840206
0,1,0.9524606
1,1,0.9292682
0,1,0.999944
1,0,0.0057121166
1,0,0.058118958
1,1,0.9820924
1,0,0.15736507
1,1,0.99581003
1,1,0.9998677
0,1,0.99993336
0,1,0.59409773
0,1,0.99977845
0,1,0.9917733
0,1,0.99618995
0,1,0.99992394
1,0,0.00036404582
1,1,0.9865021
1,0,0.12628001
0,1,0.99994683
0,1,0.95655483
0,1,0.9999354
0,1,0.7990365
1,1,0.9999505
1,1,0.9993414
1,1,0.9993814
1,1,0.975161
1,1,0.9995284
0,1,0.9999237
1,1,0.999721
0,1,0.98911977
0,1,0.9963636
0,1,0.9997751
0,1,0.99969256
1,0,0.34966198
0,1,0.99976474
1,1,0.9999269
1,1,0.7725641
0,1,0.9998093
1,1,0.9998079
1,1,0.99728286
0,1,0.98816246
0,1,0.8790038
1,1,0.9656024
1,1,0.9786236
1,1,0.54941314
1,1,0.9581918
1,1,0.9999112
0,1,0.9996567
0,1,0.9999269
0,1,0.9999217
1,1,0.99972147
0,1,0.99976176
1,1,0.9927919
1,0,0.00038231906
1,1,0.99962807
1,1,0.99975175
1,1,0.9998605
1,1,0.8446215
0,1,0.9989741
0,1,0.9999045
0,1,0.99982256
1,1,0.9998406
0,1,0.9999261
1,1,0.9952668
1,0,0.0062602283
0,0,0.1412292
0,1,0.9999347
1,1,0.9997764
1,1,0.9991431
0,1,0.83306086
1,1,0.9997788
1,1,0.74690974
0,1,0.99994993
0,1,0.99994195
0,1,0.99927205
1,1,0.9999418
0,1,0.999949
0,1,0.99968076
0,1,0.99994206
0,1,0.9999291
1,0,0.019949192
1,0,0.001258742
0,1,0.99993074
1,1,0.99990284
0,1,0.9996517
0,1,0.99989855
0,1,0.998679
0,1,0.9998802
1,1,0.95904624
0,0,0.42357138
1,0,0.32491255
1,1,0.6749402
0,1,0.99371547
1,1,0.99983656
0,1,0.9982109
1,1,0.5351393
0,1,0.9999089
0,1,0.9973459
0,1,0.99930346
1,1,0.9999161
0,1,0.81296504
1,0,0.20181525
1,0,0.00010156773
0,1,0.99990845
0,1,0.99990416
0,1,0.999845
1,1,0.7764478
1,0,0.0021750673
1,1,0.62549096
0,1,0.9977411
0,1,0.73809904
0,1,0.9999223
1,1,0.99983835
1,0,0.021492738
1,1,0.9958407
1,0,0.47750512
0,1,0.99993134
0,1,0.9998374
0,1,0.8060695
0,1,0.9992988
1,1,0.9997944
1,0,0.15995388
0,1,0.9983265
1,1,0.9585185
1,0,0.31080353
1,1,0.99993396
1,1,0.9997037
1,1,0.9998729
1,1,0.9994029
1,1,0.99245596
0,1,0.9977181
0,1,0.9998098
0,1,0.9998758
1,0,0.052569263
0,1,0.9998777
1,0,0.051458284
0,1,0.9999162
0,1,0.94908863
1,0,0.0025290498
1,1,0.99990463
0,1,0.9998841
0,1,0.99991703
0,1,0.99756193
1,0,0.13041371
1,0,0.030627236
1,0,0.0038135701
1,1,0.8001572
0,1,0.9999341
0,1,0.9999145
1,0,0.016807726
1,0,0.15215564
0,1,0.9993765
1,1,0.98559374
0,1,0.9999105
1,1,0.99640226
0,1,0.9999299
0,1,0.99211144
0,0,0.08267488
1,1,0.99993277
1,1,0.999795
1,0,0.08299479
0,1,0.990227
1,1,0.989071
1,1,0.998336
0,1,0.998654
1,1,0.9907031
0,1,0.9996476
1,1,0.99947387
0,1,0.99981207
1,1,0.50170183
0,1,0.99991345
1,0,0.32169345
0,1,0.9998692
0,1,0.9973628
0,1,0.99981135
1,1,0.9687617
1,1,0.99971944
0,1,0.9997708
0,1,0.9996075
0,1,0.9496839
0,1,0.9999453
0,1,0.99898547
0,1,0.9999149
0,1,0.99983895
1,1,0.6160662
0,1,0.9998616
1,0,0.3785735
0,1,0.53821576
0,1,0.99842334
1,1,0.9967589
1,1,0.815718
0,1,0.9999335
0,1,0.9988801
1,1,0.9370555
0,1,0.99249893
1,1,0.99993694
1,1,0.99967134
1,1,0.6535952
1,1,0.99986196
0,1,0.9999336
1,0,0.0020275116
0,1,0.9998754
0,1,0.99991953
1,1,0.9999149
0,1,0.5545691
0,1,0.99981195
0,1,0.9997323
1,0,0.029980142
1,0,0.3373206
0,1,0.9968567
0,1,0.9818255
0,1,0.99988055
1,0,0.097292446
0,1,0.99993134
0,0,5.3642583e-05
0,1,0.99992156
0,1,0.999231
1,1,0.96333563
0,1,0.9951375
0,1,0.999925
1,1,0.5248057
1,1,0.8467905
0,1,0.9998053
1,0,0.091165096
1,1,0.74415267
0,1,0.99991286
0,1,0.9090258
0,1,0.99994636
1,1,0.94350356
0,1,0.9999193
1,1,0.9999492
1,0,0.41398397
0,1,0.9999502
1,1,0.9948361
0,1,0.9319082
1,1,0.9985341
0,1,0.9270848
1,0,0.3750601
0,1,0.9998522
0,1,0.99991524
1,1,0.7648529
1,1,0.98540175
1,0,0.4388001
1,1,0.9988243
1,1,0.967042
0,1,0.99993694
0,1,0.9998299
1,1,0.999948
1,1,0.99994695
1,0,0.00064405537
0,1,0.9999188
0,1,0.9999244
1,0,0.31077704
0,1,0.9998714
0,1,0.9602096
1,1,0.99989736
0,1,0.9998534
0,1,0.999746
1,1,0.9395194
1,0,0.20112301
0,1,0.9999341
0,1,0.99501836
1,1,0.7314163
1,0,0.06773503
0,1,0.9999231
1,1,0.9531854
0,1,0.9998864
0,1,0.9999273
0,1,0.9998109
1,1,0.9999269
1,1,0.99875593
1,1,0.9594944
1,1,0.8937022
1,1,0.99546933
1,1,0.7817172
0,1,0.9953999
0,1,0.9436636
0,0,0.018206954
1,1,0.9996573
0,1,0.95949286
1,0,0.49706233
1,1,0.9665972
1,1,0.9212812
0,1,0.9979596
0,1,0.9999498
1,0,0.0302389
0,1,0.9997522
1,1,0.9947178
0,1,0.9999237
1,1,0.9316687
1,1,0.63616836
0,1,0.86781573
1,0,0.0024209267
0,1,0.9999163
0,1,0.99988675
1,0,0.42026088
1,1,0.9973356
0,1,0.999944
0,1,0.9935502
1,0,0.007102082
1,1,0.9994968
0,1,0.98511213
0,1,0.9994579
0,0,0.10752507
1,0,0.040219903
0,1,0.56445867
1,1,0.9997619
0,1,0.99975675
1,1,0.99987066
0,1,0.99751186
0,1,0.99992335
0,1,0.9996524
1,1,0.9053642
0,1,0.99993503
0,1,0.9991335
1,1,0.5443424
1,0,0.09811647
1,1,0.99994445
1,1,0.99992025
0,1,0.92532736
0,1,0.99860317
0,1,0.9987845
1,0,0.00029527844
1,1,0.9987539
1,1,0.99945444
1,1,0.99959606
0,1,0.99994373
1,1,0.9986922
1,0,0.26535472
1,0,0.25153396
1,0,0.017998148
0,1,0.9998677
1,1,0.9069582
1,1,0.9999386
1,1,0.9771368
1,1,0.9998011
0,1,0.99993706
0,1,0.9997024
1,1,0.8604499
0,1,0.9759621
0,1,0.99937916
1,1,0.78987217
1,1,0.9998741
1,0,0.001259474
1,0,0.3390804
1,1,0.99991536
0,1,0.9662788
0,1,0.91461706
1,0,0.24410789
0,1,0.87929213
1,0,0.44758356
0,1,0.99994075
0,1,0.9998919
1,1,0.99925405
0,1,0.999933
1,1,0.89742774
1,1,0.9998116
0,1,0.99980074
1,0,0.00025155154
0,1,0.9999318
0,0,0.23516947
1,1,0.99984515
0,1,0.99953985
0,1,0.9999305
0,1,0.98093057
1,1,0.9579234
0,1,0.9997693
0,1,0.9997564
0,1,0.999835
0,1,0.9998548
1,1,0.9998122
1,1,0.9999238
1,1,0.9999343
1,1,0.86579597
1,1,0.9991441
0,1,0.9999261
1,0,0.1915723
1,1,0.9999436
0,1,0.9999099
0,1,0.99993896
1,1,0.97377497
0,1,0.9816538
0,1,0.9147864
1,1,0.9999114
0,1,0.9999162
1,1,0.995421
1,1,0.999938
1,1,0.9999366
1,0,0.02224817
1,0,0.00219264
1,1,0.99994385
0,1,0.9999385
1,1,0.99984884
1,1,0.9591845
1,0,0.00051078585
0,1,0.99993765
0,1,0.9998254
1,1,0.996732
0,1,0.9996395
0,1,0.9998996
1,0,0.21887727
0,1,0.9997857
1,1,0.99956006
0,1,0.9997948
1,1,0.9656641
0,1,0.9998658
0,1,0.9995821
1,1,0.99964976
1,1,0.9969752
0,0,0.1862515
1,1,0.99993265
1,1,0.9997571
0,1,0.99992764
0,1,0.9998099
0,1,0.99914825
0,1,0.99981195
1,0,0.489445
1,0,0.1740729
0,1,0.99846715
0,1,0.5909974
0,1,0.999926
0,1,0.99982256
0,1,0.99988496
1,1,0.8981354
1,1,0.95291
1,0,0.00080742897
0,1,0.7242358
1,1,0.9956792
1,1,0.79357105
0,1,0.99987006
0,1,0.99957174
1,1,0.7801523
0,1,0.9999107
1,1,0.9974293
0,1,0.9867078
1,1,0.9999423
0,1,0.99759513
0,1,0.99993527
0,1,0.97882414
0,1,0.9999423
1,1,0.9969688
0,1,0.9992611
1,1,0.5201524
0,1,0.93077636
1,0,0.018197596
1,1,0.9872853
1,1,0.9993024
0,1,0.99962497
0,1,0.8313039
1,1,0.99963045
0,1,0.9999223
1,1,0.9998807
1,0,0.0012224965
1,1,0.9994374
1,0,0.12688147
1,1,0.9998354
1,1,0.9999095
1,1,0.99876344
1,1,0.98769593
1,1,0.6813886
0,1,0.9725118
1,1,0.99748164
0,1,0.99992156
0,1,0.9994741
1,1,0.99993193
0,1,0.9977163
0,1,0.99991107
0,1,0.9997638
1,0,0.3264093
1,0,0.00044543832
0,0,0.25798428
0,1,0.99972934
1,0,0.0040634056
1,1,0.9998222
0,1,0.99987674
0,1,0.99174386
0,1,0.99993384
0,1,0.99738055
1,1,0.9882703
1,1,0.8864152
1,1,0.6647121
1,1,0.99994504
1,1,0.6744147
0,1,0.9689979
0,1,0.99968493
1,1,0.9998934
1,1,0.99994516
1,1,0.94974184
0,1,0.94132876
0,1,0.6146451
1,0,9.996396e-05
1,1,0.99993956
0,1,0.99987173
0,1,0.9982418
0,1,0.9998902
0,1,0.9999131
1,0,0.005174776
1,1,0.9966298
0,1,0.9999485
0,0,0.2386793
0,1,0.9998838
1,1,0.99994886
1,0,0.13864452
0,1,0.98979014
0,1,0.9932302
1,0,0.18640563
0,1,0.99993944
0,1,0.99994946
1,1,0.9999472
1,1,0.99991095
0,1,0.9999299
0,1,0.9999422
1,1,0.9989355
0,1,0.9759278
1,1,0.9999045
0,0,0.3639609
0,1,0.9999064
1,1,0.99992466
1,1,0.83403724
0,1,0.7928015
0,1,0.9997042
0,1,0.9267817
0,1,0.99991786
1,1,0.9301179
1,1,0.99772984
1,1,0.9999081
0,1,0.8216393
0,1,0.9999243
1,0,0.3008316
0,1,0.9997633
0,1,0.9999083
1,1,0.9956027
0,1,0.99977356
0,1,0.998904
0,1,0.9985884
0,1,0.5525764
0,1,0.998792
0,1,0.99989283
0,1,0.9866773
1,1,0.9414697
0,1,0.9945082
1,0,0.016846534
1,1,0.99936897
0,1,0.9998623
1,0,0.23166552
0,1,0.9998677
0,1,0.9999268
0,1,0.95143807
1,1,0.982317
0,1,0.999925
1,1,0.919443
0,1,0.9998093
0,1,0.9956547
0,0,0.13773237
1,0,0.12131394
0,1,0.9798274
1,1,0.9816367
1,1,0.8065718
0,1,0.9999249
1,0,0.0001238692
1,1,0.99993706
1,1,0.70325786
1,1,0.99978095
0,1,0.98356676
1,1,0.9999361
1,1,0.9999503
1,1,0.9904564
1,0,0.008890907
1,1,0.99943584
0,1,0.9999429
0,1,0.9998858
1,1,0.9965113
1,0,0.27502808
1,1,0.9999424
1,1,0.99923694
0,0,0.009680424
0,1,0.9999474
1,0,0.00011728314
0,1,0.99984264
1,1,0.9993401
0,1,0.9999343
0,1,0.9999416
0,1,0.9920935
1,0,0.14694293
1,1,0.99881434
1,0,0.018255461
0,1,0.999928
0,1,0.9998419
0,1,0.87772644
1,1,0.8453412
1,1,0.9999124
1,0,0.052393258
1,0,0.20679782
1,1,0.99994457
1,1,0.9651438
0,1,0.99991894
0,1,0.99992764
0,1,0.99994564
0,1,0.99966276
0,1,0.9999083
0,1,0.9998764
1,1,0.99931717
0,1,0.9925368
0,1,0.9988261
0,1,0.99762934
1,1,0.9999273
1,0,0.0005645435
0,1,0.9993449
0,1,0.9984617
0,1,0.99897826
1,1,0.99952996
0,1,0.9121903
1,1,0.9979108
1,1,0.9845318
1,1,0.9999387
0,1,0.9997496
0,1,0.9991048
1,1,0.9993418
0,1,0.95634204
1,1,0.99936205
1,1,0.9996418
1,0,0.15721332
1,1,0.9846042
0,1,0.99969184
0,1,0.9995919
0,1,0.9991786
0,1,0.99986863
0,1,0.9999205
1,1,0.9979621
1,1,0.9911876
1,1,0.9999492
1,1,0.7652142
1,1,0.99989367
0,1,0.9999409
1,0,0.17755221
1,1,0.9998455
1,1,0.93950576
1,1,0.99945
0,1,0.999938
1,0,0.0005490078
1,1,0.9999167
1,1,0.9997898
1,1,0.9998847
0,1,0.99980205
1,1,0.9999473
0,1,0.98904616
1,1,0.94144434
1,0,0.00066601584
0,1,0.7693457
0,1,0.9649948
0,1,0.9999206
0,1,0.9837684
1,1,0.72939926
1,0,0.0025796352
1,0,0.0013012891
0,1,0.9999305
0,1,0.98209494
0,1,0.99911386
1,0,0.023674048
1,1,0.9995647
1,1,0.99501014
0,1,0.99993944
1,1,0.9998462
1,1,0.999892
0,1,0.9989183
1,1,0.9665591
1,0,0.018475005
0,1,0.9997367
0,1,0.9919665
0,1,0.99970657
1,1,0.9999397
1,1,0.5758376
0,1,0.99375147
0,1,0.99871457
0,1,0.9998393
0,1,0.9998379
0,1,0.99764997
0,1,0.9999391
1,1,0.9999069
0,1,0.9999213
1,0,0.12313508
0,1,0.9637285
1,0,0.037414882
1,1,0.9999448
0,1,0.9995059
0,1,0.99703455
0,1,0.99994147
0,1,0.99873036
1,1,0.99992883
1,0,0.3759278
1,1,0.89401746
1,0,0.0005622853
1,1,0.88039047
1,1,0.8795543
0,1,0.97594607
0,1,0.97342455
1,1,0.57310504
0,1,0.89804715
0,1,0.99993277
1,0,0.0026863308
0,1,0.8522151
1,0,0.094258286
0,1,0.8099394
1,1,0.9992304
0,1,0.99981326
1,1,0.98362297
0,1,0.99899143
1,1,0.8835381
0,1,0.9998665
1,1,0.99732697
1,1,0.9453547
0,1,0.99987054
1,1,0.9986816
0,1,0.9999449
1,1,0.8633382
1,1,0.51077163
0,0,0.00558114
0,1,0.99985135
1,1,0.9976127
1,0,0.00091342675
1,1,0.9999361
1,1,0.9998425
1,0,0.0001638739
0,1,0.9993554
1,1,0.91139567
0,1,0.9985415
0,1,0.99994504
0,1,0.99990153
1,0,0.047352266
0,0,0.48622683
0,1,0.9999087
0,0,0.0010511115
1,1,0.9999069
0,1,0.9871057
1,1,0.9999101
0,1,0.99359643
0,1,0.99988115
1,1,0.57211536
1,0,0.4324526
1,1,0.9409989
1,1,0.7162804
0,1,0.9999372
0,1,0.97381634
1,1,0.9980155
1,0,0.26344308
1,0,0.25977698
0,1,0.9999286
0,1,0.99949646
0,1,0.99989986
0,0,0.03149515
1,1,0.99061614
1,1,0.62398905
1,1,0.9528426
0,1,0.99992967
0,0,0.022962773
1,1,0.9999454
0,1,0.9999269
1,1,0.9999074
0,1,0.9999423
0,1,0.99968016
0,1,0.9999443
0,1,0.9996518
0,1,0.9434055
0,1,0.99977213
0,1,0.99926037
0,1,0.9837255
0,1,0.9997813
1,0,0.14928369
1,0,0.002334645
0,1,0.9743444
1,0,0.0010544665
0,1,0.94319856
1,1,0.9999503
1,1,0.9999441
0,1,0.99899155
1,1,0.9999238
1,0,0.026860094
1,1,0.9992737
0,1,0.9999223
0,1,0.9998517
0,1,0.9954932
0,1,0.9999397
0,1,0.9995615
1,1,0.99230015
1,0,0.14976992
0,1,0.9999218
0,0,0.09738417
1,1,0.85358
1,1,0.96428764
0,1,0.99948967
0,1,0.99988806
0,1,0.99963963
0,1,0.9987545
0,0,0.039971206
1,0,0.3496728
0,1,0.99955124
1,1,0.99992526
1,0,0.40210494
1,0,0.0014273131
1,1,0.99979836
1,1,0.98971283
1,0,0.0009059673
0,1,0.9982016
0,1,0.9989968
0,1,0.99983835
1,0,0.4166827
0,1,0.99972576
0,1,0.99986255
0,1,0.9999348
1,1,0.99990904
0,1,0.9998685
0,1,0.9996939
1,1,0.99460644
0,1,0.99946123
0,1,0.858583
1,1,0.99873537
0,1,0.9998958
1,1,0.99993837
1,1,0.9999081
1,0,0.0041160057
0,1,0.9998957
1,1,0.7688126
1,1,0.92290884
0,1,0.99988556
1,0,0.40014637
0,1,0.99475455
1,1,0.99832636
0,1,0.9999206
0,1,0.99922013
1,1,0.93890876
0,1,0.9998822
1,1,0.9985703
1,0,0.0027012907
0,1,0.9825776
0,1,0.9999155
0,1,0.99093854
0,1,0.99959964
0,1,0.9997285
1,1,0.95234996
0,1,0.9999409
0,1,0.9998822
1,1,0.99977976
0,1,0.99993896
1,0,0.006786222
1,0,0.0046848548
0,1,0.9997402
1,1,0.9997918
1,1,0.9872709
1,1,0.9941666
0,0,0.38929796
1,1,0.9043701
0,1,0.99855596
1,1,0.81562024
0,1,0.9999449
1,0,0.18667842
0,1,0.9976533
0,1,0.9998442
1,1,0.99994147
0,1,0.86078113
0,1,0.7778543
1,0,0.032720324
0,1,0.99990845
0,1,0.9997615
0,1,0.85786957
1,1,0.9911376
1,1,0.99967325
1,1,0.9910994
1,1,0.92736876
0,1,0.9999224
1,0,0.0068830145
0,1,0.9999422
0,0,0.11124772
1,1,0.99994373
0,1,0.9999181
0,1,0.9998481
1,0,0.49222782
1,1,0.98056376
0,1,0.9174808
1,1,0.97758406
1,1,0.9535697
1,1,0.99969614
0,1,0.99907386
1,1,0.99989426
1,1,0.9998877
0,1,0.9997633
1,0,0.3490378
0,1,0.9999181
1,1,0.99485946
0,1,0.9931764
1,0,0.15811974
1,1,0.99973005
1,0,0.29615238
0,1,0.99992335
0,1,0.99916697
0,1,0.9998011
0,1,0.99133694
1,0,0.23115617
0,1,0.7832622
0,1,0.9398753
0,1,0.99892324
0,1,0.99561596
0,1,0.9999448
1,1,0.99990666
0,1,0.99994135
0,1,0.99991953
1,0,0.0033467154
1,0,0.00010969775
1,1,0.9960448
1,0,0.0015571853
1,1,0.9998828
1,1,0.99988616
0,1,0.9999095
1,1,0.91035527
0,1,0.9999052
1,0,0.06906285
0,1,0.9996511
0,1,0.99990654
1,1,0.9986523
1,1,0.99790144
0,1,0.9999424
1,0,0.00038899356
1,1,0.99990237
1,0,0.06728356
1,0,0.0028707765
0,1,0.99907804
0,1,0.9996025
1,0,0.0029591233
0,1,0.9999423
1,1,0.9994066
1,1,0.99959236
0,0,0.17395152
1,1,0.99991906
1,0,0.0034954022
1,1,0.69795096
1,0,0.0024028153
0,1,0.9997545
1,1,0.99991524
1,0,0.0001508068
1,1,0.9999356
0,1,0.935162
1,1,0.9631737
1,0,0.49692664
0,1,0.9925748
1,1,0.988997
1,1,0.99650687
0,1,0.9973755
1,1,0.99994826
1,1,0.9999063
0,1,0.9988889
0,1,0.99992514
1,1,0.9996308
1,0,0.00905873
1,0,0.000986641
0,1,0.5753221
1,0,0.024575124
0,1,0.99994254
0,1,0.99969983
0,1,0.999869
0,1,0.999514
0,1,0.99948186
0,1,0.98125607
1,1,0.85307753
0,1,0.99788934
1,1,0.8566281
0,1,0.9999492
0,1,0.994729
0,1,0.9997851
0,1,0.9999399
0,1,0.9999175
1,1,0.85680276
0,1,0.9998796
1,0,0.15849581
1,1,0.99983287
1,1,0.9998179
0,1,0.8470666
1,0,0.12618244
0,1,0.92950565
1,1,0.97362894
1,0,0.00012502323
1,1,0.96711415
0,1,0.99923265
0,1,0.9998913
1,1,0.9997564
0,1,0.99985087
0,1,0.9999057
1,0,0.02188625
0,1,0.99989295
0,1,0.99971527
1,0,0.0002478288
0,1,0.999772
0,1,0.99971455
1,1,0.9950623
1,1,0.9999126
0,1,0.9997769
0,1,0.99993956
1,1,0.7207712
0,1,0.99992156
1,1,0.9885853
1,1,0.9699771
1,1,0.9968721
1,1,0.999895
0,1,0.80527157
0,1,0.99990773
1,1,0.9998597
1,1,0.99725336
0,1,0.99936014
1,1,0.66397446
1,0,0.04148031
0,1,0.9997547
0,1,0.9999242
0,0,0.035496958
0,1,0.9950832
1,1,0.99990284
0,1,0.999856
1,0,0.048807025
1,0,0.00016650268
0,1,0.9997681
1,1,0.60487163
0,1,0.9996823
0,1,0.9995454
0,0,0.13029587
0,1,0.9965833
0,1,0.9999112
1,1,0.9783877
1,1,0.5195469
0,1,0.9894785
1,1,0.9995303
0,1,0.99475205
0,1,0.98758626
0,1,0.99992406
0,1,0.99874383
1,0,0.09185622
1,0,0.2846438
1,1,0.9987863
0,1,0.99994576
1,0,0.00066487235
0,1,0.9999496
0,1,0.9999466
0,1,0.7604388
1,1,0.9843592
0,1,0.999605
0,1,0.99990916
1,1,0.7802914
1,1,0.5512314
0,1,0.999696
1,1,0.9995702
1,0,0.003111238
0,1,0.9999416
0,1,0.9999386
0,1,0.997013
1,1,0.99248946
0,1,0.9999043
1,1,0.9957663
0,1,0.9998852
0,1,0.9998981
0,1,0.9999478
1,1,0.63012
0,1,0.9915537
1,1,0.8592046
0,1,0.99674773
1,1,0.99582833
0,1,0.99930346
0,1,0.9998971
1,1,0.9993166
1,0,0.00013542236
0,1,0.9999237
1,1,0.99790585
0,1,0.9998265
0,1,0.9991842
1,0,0.14121045
1,1,0.99983037
1,1,0.8222362
1,1,0.9985245
0,1,0.9996271
1,1,0.99992776
1,1,0.99983263
0,1,0.9995246
1,1,0.9658404
1,1,0.9996958
1,1,0.9999485
1,1,0.9974011
1,1,0.9999291
1,0,0.22118379
0,1,0.9997882
1,1,0.99984026
0,1,0.99990654
0,1,0.9818939
1,1,0.9999027
0,1,0.9997199
0,1,0.99992645
0,1,0.99985194
0,1,0.99972266
0,1,0.99985075
1,0,0.0072922315
0,1,0.9998865
0,1,0.9999356
1,0,0.00014719213
1,0,0.0028405818
0,1,0.99987173
1,1,0.9998789
0,0,0.3417809
1,0,0.040499557
0,1,0.9943146
1,0,7.552519e-05
0,1,0.99987113
1,1,0.9999398
0,1,0.99968946
1,0,0.033171434
0,1,0.9926132
1,1,0.9883929
1,0,0.00035691756
0,1,0.9941193
1,1,0.9376285
0,1,0.99972826
0,1,0.9999473
1,1,0.99981767
0,1,0.9997787
0,1,0.99992776
1,1,0.8187182
0,1,0.7603618
1,1,0.54457617
0,1,0.5555045
0,1,0.9999349
1,1,0.988684
0,1,0.9997265
1,1,0.99797636
0,1,0.55796623
0,1,0.9999269
0,1,0.99711335
0,1,0.99967396
1,0,0.010085268
1,1,0.9999522
1,0,0.0004832978
0,1,0.99929583
1,1,0.51522917
1,0,0.4125209
1,0,0.00039394287
1,0,0.22196044
1,1,0.9997389
1,0,0.020359091
1,1,0.997632
0,0,0.00040049918
0,1,0.999912
0,1,0.99982375
1,0,0.065330684
0,1,0.999933
1,1,0.85817724
0,1,0.99993086
0,1,0.9998671
1,1,0.99975044
0,1,0.9998211
0,1,0.99993944
0,1,0.7314155
1,1,0.984251
1,1,0.9999386
1,1,0.9978085
0,1,0.999925
1,0,0.052414123
1,1,0.999841
0,1,0.9988589
1,0,0.019865077
0,1,0.9999373
0,1,0.99975044
1,1,0.9999436
0,1,0.99828917
0,0,0.30103558
1,1,0.99970156
1,1,0.89686865
1,1,0.67368764
0,1,0.9999324
0,1,0.9993907
0,1,0.6480595
1,1,0.797744
0,1,0.9999335
1,1,0.9892231
0,1,0.9998605
1,1,0.9999274
0,1,0.9999268
1,1,0.9814275
1,1,0.9656415
0,1,0.9998264
0,1,0.9999206
0,1,0.9999342
0,1,0.9953235
0,1,0.9200642
0,1,0.999506
0,1,0.99879044
1,1,0.99980456
0,1,0.9990251
0,1,0.9946143
1,1,0.95344734
0,1,0.99904126
1,0,0.34838638
0,1,0.999925
1,1,0.95078534
1,1,0.9999144
1,0,0.02642737
1,0,0.010930846
1,0,0.030538637
1,0,0.001593589
0,1,0.9999101
1,0,0.0009341879
1,1,0.98476833
1,1,0.99982494
0,1,0.99946004
1,0,0.063360095
0,1,0.99994004
0,1,0.9967854
1,1,0.7280413
1,1,0.50153047
0,1,0.7073444
1,1,0.9537255
1,0,0.004777922
0,1,0.99972874
0,1,0.9999449
0,1,0.99992156
1,1,0.5598624
0,1,0.9999478
0,1,0.9999232
1,1,0.99968195
1,0,0.00014973014
0,1,0.99994016
0,1,0.9965461
1,0,0.002514722
1,0,0.21786413
1,0,0.019227378
0,1,0.9996024
1,1,0.9965809
0,1,0.9999386
0,1,0.9998287
1,1,0.99886215
1,0,0.28735003
1,1,0.99994445
1,1,0.9992968
1,0,0.11504391
0,1,0.99992883
0,1,0.9994728
0,1,0.9997018
1,1,0.9998853
0,1,0.9998056
0,1,0.99993396
1,1,0.9998336
0,1,0.99910635
0,1,0.7221565
1,0,0.16261274
1,0,0.057896443
1,1,0.9995989
1,1,0.520666
0,1,0.9994962
1,1,0.99804354
0,1,0.99990785
1,1,0.9964976
1,0,0.09261378
0,1,0.99987507
1,1,0.99992394
0,1,0.9995442
1,0,0.004231073
1,1,0.9977708
0,1,0.9984332
1,1,0.8586782
0,1,0.9999162
0,1,0.9998913
0,1,0.999811
0,1,0.99993527
0,1,0.99994946
1,1,0.6558237
1,0,0.00012844065
1,0,0.0002728207
1,1,0.9961325
1,1,0.9998565
0,1,0.9989152
1,0,0.00082614506
0,1,0.99982834
0,1,0.99817705
1,1,0.9348583
1,0,0.002504528
1,1,0.8307754
1,1,0.99993527
0,1,0.9998342
1,1,0.9999187
1,1,0.99968135
1,0,0.16380434
1,1,0.9994747
1,1,0.88491195
1,0,0.00046449303
0,1,0.9998883
1,1,0.66561323
1,1,0.63651556
1,0,0.093750216
0,1,0.9999442
1,1,0.97597915
0,1,0.94990575
0,1,0.9999236
0,1,0.99988806
0,1,0.9892643
0,1,0.98965085
0,0,0.0010474011
0,1,0.9955419
1,0,0.04170846
0,1,0.90565485
1,1,0.9991339
0,1,0.999032
0,1,0.9998807
1,1,0.7926628
0,1,0.9998822
0,1,0.99993134
1,0,0.03083871
0,1,0.7136673
0,1,0.9622178
0,1,0.9998963
0,1,0.9997874
0,1,0.9995447
1,1,0.99558854
1,0,0.0010409079
1,0,0.10876885
0,1,0.99992967
1,1,0.999899
1,1,0.9970349
1,1,0.9997135
0,1,0.9961278
1,1,0.9998267
1,1,0.9999199
0,1,0.9962346
0,1,0.9998553
1,1,0.9950021
0,1,0.99768233
0,1,0.99992836
0,1,0.99809223
0,1,0.99983513
1,1,0.9867836
1,1,0.9279991
0,1,0.99995005
0,1,0.9998355
0,1,0.9999331
0,1,0.99992824
1,1,0.99020946
0,1,0.9998996
0,1,0.9999256
0,1,0.96512634
0,1,0.9993837
1,1,0.97874695
0,1,0.99992335
0,1,0.99277
1,0,0.1937309
0,1,0.9999355
0,1,0.9999008
1,1,0.99983454
1,0,0.14355981
1,0,0.16978885
1,1,0.9937587
1,1,0.95591563
1,0,0.21899942
0,1,0.9999466
1,1,0.6112088
1,0,0.0074332505
1,1,0.99987876
0,1,0.9983504
0,1,0.9997701
1,1,0.99991655
0,1,0.99750656
1,1,0.94883066
0,1,0.99628747
0,1,0.96208304
0,1,0.99994457
1,1,0.99984694
0,1,0.9998776
1,0,0.39696023
1,0,0.04268424
1,0,0.0035894078
0,1,0.99454534
0,1,0.99975973
1,1,0.994618
0,1,0.99990344
0,1,0.9637791
0,0,0.19341835
1,1,0.9999417
0,1,0.99990904
1,1,0.9342012
1,1,0.99217635
0,1,0.9999223
0,1,0.8812985
0,1,0.99856144
0,0,0.18148805
1,1,0.94823486
0,1,0.999841
1,0,0.4640286
1,1,0.84331536
0,1,0.9989017
0,1,0.5407655
1,0,0.15093613
1,1,0.9998142
1,0,4.15157e-05
0,1,0.9999043
1,1,0.9299885
1,1,0.8870888
1,1,0.5844457
1,0,0.009761386
1,0,0.12208853
1,1,0.9999473
0,1,0.88774127
1,0,0.036616277
0,1,0.9998857
1,1,0.99988496
0,1,0.9998447
1,1,0.9989691
0,1,0.9999385
0,1,0.951337
0,1,0.9913249
0,1,0.8389061
1,1,0.99310935
1,1,0.99992263
0,1,0.9997708
1,1,0.7904366
1,0,0.021581808
0,1,0.9999348
1,1,0.99976534
0,1,0.9999144
0,1,0.9657539
1,1,0.99984837
1,1,0.9923878
1,0,0.01351732
0,1,0.9997874
1,1,0.9882334
0,1,0.99993765
0,1,0.9998903
1,0,0.08598683
0,1,0.99984145
0,1,0.99995244
0,1,0.99992526
1,1,0.9121624
1,0,0.0044637755
0,1,0.9998982
1,0,0.004727326
0,1,0.9996203
0,1,0.96111214
0,1,0.99993396
1,0,0.36082816
0,1,0.9999347
1,0,0.31216013
0,1,0.99965644
0,1,0.7565082
0,1,0.9981293
1,0,0.037669767
0,1,0.5998619
0,1,0.99992156
0,1,0.9991641
0,1,0.9278506
1,1,0.9999114
1,1,0.99915624
0,1,0.9999373
0,0,0.4968008
1,1,0.9838861
0,1,0.9997112
0,1,0.9998228
1,0,0.00044292829
0,1,0.9998934
0,1,0.9993899
0,1,0.9999144
1,0,0.19082688
0,1,0.99982774
1,1,0.9999393
0,1,0.99951243
1,1,0.9998847
1,1,0.9999397
0,1,0.99885297
1,1,0.9921101
0,1,0.9998209
1,0,0.0134451585
1,0,0.00095358264
1,0,0.0027948166
0,1,0.9998981
0,1,0.99943477
0,1,0.9999243
0,1,0.99994195
0,1,0.9999131
0,1,0.9998834
1,1,0.9986914
1,0,0.00012513284
1,1,0.9998031
1,1,0.99717724
0,1,0.9999269
1,1,0.9189232
0,1,0.99968827
1,1,0.9950594
0,1,0.9960835
1,1,0.9999453
1,0,0.47065982
0,1,0.99838996
1,1,0.9994586
0,1,0.99901366
1,0,0.39383167
1,1,0.9706274
1,1,0.9576841
0,1,0.9999378
1,0,0.035983436
1,1,0.52125937
1,0,0.3329805
1,1,0.9870886
1,1,0.9993042
0,1,0.9997974
0,1,0.9974026
1,1,0.9961433
1,1,0.9975648
0,1,0.99959344
1,0,0.43817428
1,1,0.58698523
0,1,0.99993145
0,1,0.97972316
0,1,0.999923
1,0,0.0008609113
0,1,0.9998746
1,0,0.09881162
1,0,0.003142718
0,1,0.99991095
1,0,0.28940132
1,1,0.9998373
0,1,0.9998505
1,1,0.82388085
0,1,0.99191284
1,1,0.99990773
0,1,0.99957985
0,1,0.9997856
0,1,0.9989729
1,1,0.99972385
1,1,0.9993625
1,0,0.0020190254
1,1,0.9998388
1,1,0.9995018
0,1,0.99991465
1,0,0.0014622521
1,0,0.2935381
1,1,0.99993265
0,1,0.9999442
0,1,0.9999236
0,1,0.8963546
0,1,0.9998958
1,1,0.9520797
0,1,0.99991333
0,1,0.99984574
1,1,0.9999522
1,1,0.99978966
0,1,0.9999362
0,1,0.95639056
1,1,0.854121
1,1,0.99987125
0,1,0.9999356
0,1,0.9998996
1,1,0.9999318
0,1,0.9995485
0,1,0.9999428
0,1,0.9999341
1,0,0.00022703817
0,1,0.9997483
1,1,0.99991333
1,1,0.935417
1,1,0.9981982
0,1,0.9999145
0,1,0.99993634
1,0,7.216703e-05
1,1,0.9952128
0,1,0.8464059
1,1,0.9998815
1,1,0.9972734
0,1,0.9999124
0,1,0.6265564
1,0,0.00024032212
1,0,0.094775386
0,1,0.99958986
1,0,0.025111225
0,1,0.99991524
1,1,0.9998273
0,1,0.9999038
0,1,0.9977678
0,1,0.9999287
1,1,0.99993014
0,1,0.9984353
0,1,0.9844652
1,1,0.7459658
0,1,0.99990916
1,0,0.32916427
1,1,0.9962675
1,1,0.5515223
1,0,9.561977e-05
1,0,0.15164122
0,1,0.9998822
0,1,0.9998946
1,1,0.9998838
1,1,0.99993384
0,1,0.9999398
0,1,0.9999187
0,1,0.99994373
1,1,0.9006481
0,1,0.9999044
0,0,0.21894181
0,1,0.99967265
0,1,0.99741274
0,1,0.99993443
0,1,0.9950296
0,1,0.9999176
0,1,0.9998703
1,0,0.01837232
0,1,0.9999242
1,0,0.24644992
0,1,0.9153876
0,1,0.99970907
1,1,0.99205244
1,1,0.94782823
1,0,0.15066713
1,1,0.99966323
1,1,0.99236006
1,1,0.9999423
1,1,0.99984694
0,1,0.99991286
0,1,0.9999286
1,1,0.9998727
0,1,0.98514694
0,1,0.99993634
1,1,0.7693317
1,0,0.0030774858
0,1,0.7429368
1,1,0.5141461
0,1,0.7461864
0,1,0.99993515
1,1,0.9998771
0,1,0.97405666
0,1,0.99988246
1,1,0.9994142
0,1,0.9999435
1,0,0.00045486365
1,0,0.35335675
0,1,0.9993838
1,1,0.9993351
1,1,0.99856
1,0,0.037868842
1,0,0.28663248
0,1,0.9999267
1,1,0.999879
0,1,0.9998691
0,1,0.99992645
0,0,0.28650853
0,1,0.9997379
1,1,0.9991399
0,1,0.99990284
0,1,0.9991579
1,1,0.98489445
1,1,0.882878
1,0,0.00015828447
0,1,0.99993205
1,0,0.21329202
0,1,0.99992394
1,1,0.9996681
1,0,0.1712744
1,0,0.31414998
0,1,0.9947988
0,1,0.99921596
0,1,0.9996031
0,1,0.99620503
1,0,0.013383761
1,1,0.99985075
1,1,0.9985587
1,1,0.999358
0,1,0.9999163
0,1,0.9999448
0,1,0.999524
1,1,0.9341733
0,1,0.9998153
1,1,0.99932027
0,1,0.99961334
1,1,0.92570335
1,1,0.99289376
0,1,0.9997869
1,1,0.99993145
0,1,0.9988427
1,0,0.10265204
0,1,0.88873464
1,1,0.99965525
1,1,0.99878794
1,0,0.02544641
1,0,5.136565e-05
1,1,0.9993981
0,1,0.9994874
1,1,0.99729854
1,0,0.08642837
0,1,0.9995726
1,1,0.99959
1,1,0.9911583
1,0,0.20060153
1,1,0.99994576
0,1,0.9890148
0,0,0.0030384723
1,0,0.39128378
0,1,0.99993837
1,1,0.99993384
0,1,0.9999498
0,1,0.72617304
1,0,0.00043039865
1,1,0.99986327
0,1,0.9995154
0,1,0.9991903
1,1,0.9365947
1,1,0.99810565
0,1,0.6160241
1,0,0.06524783
1,1,0.99905854
0,1,0.97673666
1,1,0.99018633
1,1,0.99726474
1,1,0.9997197
0,1,0.99992704
1,1,0.97113454
0,1,0.9999337
0,1,0.99780256
1,1,0.99985015
0,1,0.9997075
1,0,0.006478981
0,1,0.9999441
0,1,0.99851936
0,1,0.9998423
0,1,0.9999236
1,0,0.12549
1,0,0.010667698
1,1,0.9998901
0,1,0.99991703
1,1,0.99989176
1,1,0.7008512
1,0,0.009131227
1,0,0.029003842
1,1,0.5331986
1,0,0.010763654
1,0,0.05393652
0,0,0.30373242
1,0,0.0015939191
1,1,0.999892
0,1,0.99987876
0,1,0.7380386
1,0,0.09364748
0,1,0.9989221
1,1,0.99991715
1,1,0.9800837
0,1,0.9945702
0,1,0.9999374
1,1,0.99993384
1,1,0.9763654
1,1,0.9986609
0,1,0.99992263
1,0,0.07646455
0,1,0.99981636
1,1,0.9034981
0,1,0.9982905
0,1,0.999332
1,1,0.50394183
1,1,0.9993831
0,0,0.0017502034
0,1,0.9998067
0,1,0.9999356
0,1,0.99993694
0,0,0.03555468
0,1,0.99993575
0,1,0.99993
1,0,0.36695793
1,1,0.8975759
0,1,0.8300395
0,1,0.9998049
1,1,0.8972716
1,1,0.9999007
1,1,0.999811
0,0,0.32378235
1,1,0.9996567
0,1,0.9997155
1,1,0.9035668
0,1,0.99984455
1,1,0.9999436
1,1,0.999918
0,1,0.9993345
0,0,0.37631568
1,1,0.9984945
1,1,0.99838674
0,1,0.7320268
0,1,0.9997757
1,0,0.003178878
1,0,0.0008471152
1,1,0.76527214
1,0,0.064973585
0,1,0.99992645
1,1,0.9998498
0,1,0.99993575
0,1,0.9937749
1,0,0.4219824
1,1,0.82572883
1,0,0.3591553
1,0,0.07443791
1,1,0.9948441
1,0,0.0001714368
1,1,0.63991946
1,1,0.99915266
0,1,0.99993515
0,1,0.99982965
1,1,0.999902
0,1,0.9999114
1,1,0.8799098
0,1,0.99991024
1,0,0.39059344
0,1,0.99904984
0,1,0.99979013
1,0,0.0021147856
1,1,0.9928411
0,1,0.9947659
0,1,0.99990344
1,1,0.99307114
0,0,0.049427465
1,1,0.9992149
1,1,0.99948514
1,1,0.9891885
1,0,0.0009781906
1,0,0.027913058
0,1,0.99989295
0,1,0.9998512
1,1,0.9981135
1,1,0.9912339
0,1,0.6058221
1,0,0.0015694876
1,1,0.9995003
0,1,0.9998692
0,1,0.99986386
1,1,0.61310995
1,1,0.90222216
0,1,0.99978954
1,0,0.14957875
1,1,0.5060356
1,0,0.009571019
1,1,0.92756146
1,1,0.67208946
0,1,0.9996823
1,1,0.9908207
0,1,0.99994624
1,0,0.012221135
0,1,0.9997013
0,1,0.9812657
0,1,0.9997259
1,0,0.26663157
0,1,0.9999362
1,1,0.85255486
0,1,0.99831784
1,0,0.15888132
0,1,0.97880757
1,0,0.00017202318
0,1,0.9999335
1,0,0.0014037825
0,1,0.9999386
1,1,0.5104368
1,1,0.9824386
1,0,0.0065355483
0,1,0.99987984
1,1,0.9997757
0,1,0.99910045
0,1,0.9999292
0,1,0.99994457
0,1,0.99975294
0,1,0.9629298
0,1,0.999874
0,1,0.99992883
0,1,0.59098524
1,1,0.9998385
1,0,0.35354626
1,1,0.9986387
0,1,0.99992335
1,1,0.9975846
1,0,0.029251268
0,1,0.9977708
1,0,0.13672142
0,1,0.9998135
0,1,0.95661426
1,1,0.9999087
0,1,0.9998549
1,1,0.9856653
1,1,0.99992895
0,1,0.99982625
1,0,0.0003707865
1,1,0.999928
1,1,0.7767755
1,0,0.105022326
1,1,0.75009453
1,0,0.0069859456
0,1,0.9812191
0,1,0.99993014
0,1,0.9986268
0,1,0.93903583
0,1,0.99985445
0,1,0.99993014
1,1,0.81339616
1,1,0.9999242
1,1,0.6874136
1,1,0.9996051
1,0,0.43468383
1,1,0.55467147
0,1,0.99987185
0,1,0.99991274
0,1,0.99991786
1,0,0.09319985
0,1,0.99994206
1,1,0.99461657
1,0,0.33906922
1,1,0.9999466
0,1,0.99263155
1,0,0.19746381
0,1,0.99993527
0,1,0.99715376
0,0,0.47153732
1,1,0.99993336
1,0,0.20281063
0,1,0.99977607
0,1,0.9994252
0,1,0.99980754
0,1,0.996503
1,0,8.1178616e-05
0,1,0.99979657
1,1,0.758427
0,1,0.9998915
1,1,0.90874356
0,1,0.9989856
1,1,0.9996101
1,1,0.9999049
0,1,0.998637
0,1,0.9998542
1,0,0.0063030836
1,1,0.85722923
0,1,0.9988771
1,0,0.45686108
1,1,0.9993735
0,1,0.91351616
0,1,0.9998603
0,1,0.9997737
0,0,0.38953745
1,0,0.34572053
1,1,0.9981945
0,1,0.99993455
0,1,0.9997917
0,1,0.97732806
1,0,0.21881601
1,0,0.00033849408
0,1,0.9987748
0,1,0.99993956
0,1,0.99960977
1,1,0.9998627
0,1,0.99985397
0,1,0.9991326
1,0,0.0007699802
0,0,0.03144557
1,1,0.9998853
1,1,0.9999217
1,0,0.16353118
1,1,0.9687743
1,1,0.9999448
0,1,0.9997063
0,1,0.99983525
1,1,0.99970055
0,1,0.999824
1,0,0.0006901547
1,1,0.9999348
0,1,0.99993
1,1,0.7725488
0,1,0.92259425
1,1,0.99828595
0,1,0.9999454
1,1,0.999938
0,1,0.9981279
1,1,0.9999473
0,1,0.99988353
0,1,0.99994874
0,1,0.9997472
0,1,0.9823669
1,0,0.0018010742
1,1,0.9998288
0,1,0.99987555
0,1,0.9998963
1,1,0.9997576
0,1,0.78835493
0,1,0.9996772
1,0,0.00010661567
0,1,0.99990964
0,1,0.91627973
1,0,0.09129369
1,1,0.9378252
1,1,0.99933606
1,1,0.9215741
1,1,0.9532995
0,1,0.9998996
0,1,0.9998592
1,0,0.0020039543
0,1,0.9997764
1,1,0.99993396
1,1,0.9618621
0,1,0.9991454
1,1,0.9930878
0,1,0.9998242
0,1,0.9999347
1,1,0.999572
1,1,0.9889488
1,1,0.9995988
1,1,0.99635845
0,1,0.99994075
0,1,0.99329823
1,0,0.0039601405
1,0,0.12374566
0,1,0.9971534
0,1,0.99935824
1,1,0.9999206
0,1,0.99948287
1,0,0.115686685
1,1,0.9780074
1,1,0.9894561
1,1,0.9960211
0,1,0.99986327
0,1,0.9999006
1,0,0.22005084
1,1,0.95157385
1,1,0.7784342
1,1,0.99846905
0,1,0.9990293
0,1,0.9999
1,0,0.00020950161
1,1,0.9787659
1,1,0.9054562
1,1,0.79322916
1,1,0.9827874
1,0,0.11603685
1,1,0.8013153
0,1,0.9997973
1,1,0.9998889
1,1,0.9999074
1,1,0.7287499
0,1,0.99987173
1,0,0.02212873
1,1,0.97754
1,1,0.934743
1,0,0.00084539683
0,1,0.99989235
0,1,0.9905303
0,1,0.98109895
0,1,0.9995567
0,1,0.999276
0,1,0.99593794
1,1,0.9985821
1,1,0.9997967
1,0,0.23999397
0,1,0.99842656
1,1,0.9602133
1,1,0.9999416
0,1,0.9999298
1,0,0.13944517
0,1,0.9114238
1,1,0.9869213
1,0,0.0005601082
1,1,0.9999443
0,1,0.9998957
1,0,0.00026240788
1,1,0.9998547
1,0,8.303939e-05
0,0,0.036885243
0,1,0.9998386
1,1,0.50959504
0,1,0.9986285
0,1,0.99272585
0,1,0.9913406
0,1,0.9803074
0,1,0.9999403
0,1,0.9999355
1,1,0.94730335
0,1,0.9998977
1,1,0.7459653
0,1,0.99990976
1,0,0.42777845
1,1,0.9986412
1,1,0.99977523
0,1,0.9999212
1,1,0.9997501
1,1,0.82270694
1,1,0.51961607
0,1,0.99994874
1,0,0.06311736
1,1,0.9835812
0,0,0.48986545
1,1,0.9998597
1,1,0.99991894
0,1,0.9998634
0,1,0.9365912
1,0,0.4731512
1,1,0.98423946
0,1,0.9999223
1,1,0.99984884
0,1,0.99976903
1,1,0.9999404
1,1,0.9913625
1,1,0.7073717
0,1,0.99695575
0,1,0.97605747
1,1,0.58008856
0,1,0.99993134
0,1,0.9998758
1,1,0.7983389
0,1,0.9999416
1,0,0.0015528913
0,1,0.9809382
0,1,0.9997453
1,1,0.69672996
1,0,0.37599578
0,1,0.9965486
0,1,0.94293267
0,1,0.99993515
1,1,0.9995321
0,1,0.99993956
0,1,0.9999436
1,1,0.99982685
1,1,0.93998915
0,1,0.9976388
1,0,0.3638278
1,1,0.9997907
1,1,0.9791422
1,1,0.99971133
1,0,0.0927664
0,1,0.99696404
1,1,0.99910957
0,1,0.9952637
0,1,0.9998759
0,1,0.9741745
1,1,0.9441085
0,1,0.9994796
1,1,0.7511795
0,1,0.9998047
1,1,0.74849606
0,1,0.97379977
0,1,0.9985663
0,1,0.9999198
1,1,0.9840263
0,0,0.28103548
1,1,0.991131
1,1,0.999819
0,1,0.9129738
1,1,0.9998404
1,0,0.42144504
1,1,0.9947983
0,1,0.9997354
1,1,0.7783739
1,1,0.9222641
1,1,0.9996836
0,1,0.9991731
0,1,0.9998543
0,1,0.9999207
0,1,0.9999157
0,1,0.9997199
1,0,0.40582687
0,1,0.999729
1,1,0.9979863
1,1,0.7733536
0,1,0.9993075
0,1,0.9999019
0,1,0.99976176
1,1,0.798793
1,1,0.9188554
0,1,0.99916255
1,1,0.6764176
1,1,0.9998029
1,1,0.6909761
0,1,0.9998859
0,1,0.7718099
0,1,0.9998957
0,0,0.0003234217
0,1,0.99979633
1,1,0.9999484
1,1,0.9996736
1,1,0.999938
1,0,0.2025344
1,1,0.9977508
0,1,0.9997631
1,1,0.9327445
1,1,0.5622738
1,1,0.9998103
0,1,0.99989474
1,0,0.47371775
0,1,0.9999342
0,0,4.261482e-05
0,1,0.970788
0,1,0.9384536
0,1,0.9999131
0,1,0.9963676
1,1,0.99988437
0,1,0.97166526
1,1,0.95681655
0,1,0.9997584
0,1,0.9998803
0,1,0.99960417
1,1,0.9361571
1,1,0.9903503
1,1,0.959129
1,1,0.9984875
0,1,0.97354984
1,1,0.99782974
0,1,0.99993837
1,1,0.9997527
0,1,0.5672058
1,1,0.99967086
1,1,0.9996158
1,1,0.99989593
0,1,0.9950734
0,1,0.99992085
0,1,0.99164
1,0,0.01775096
0,1,0.99979943
1,1,0.629589
1,1,0.8779408
0,1,0.9999459
1,0,3.3431395e-05
0,0,0.096878104
1,1,0.99987996
0,1,0.7474749
1,1,0.99992657
1,0,0.090436354
0,1,0.99962497
1,1,0.99984527
0,1,0.9994823
1,0,0.0007497908
0,1,0.5799918
1,0,0.23059538
1,1,0.976306
0,1,0.9224305
0,1,0.9999119
1,1,0.99839133
1,0,0.00035375444
1,0,0.1969608
0,1,0.999907
0,0,0.16858013
0,1,0.9999124
1,1,0.9967642
1,0,0.30486256
1,0,0.00064891414
1,1,0.9386933
1,0,0.025526827
1,1,0.9984503
0,1,0.99872005
0,1,0.99992573
1,0,0.4679439
1,0,0.3434673
1,1,0.9999341
0,1,0.9998683
0,1,0.9999391
0,1,0.9454388
1,1,0.955699
1,0,0.26185992
0,1,0.9999
1,1,0.6442397
0,0,0.47865742
0,1,0.9999398
0,1,0.99850863
0,1,0.99658656
1,1,0.6859818
0,1,0.99994683
1,0,0.2304753
1,1,0.93024945
0,1,0.87445986
1,1,0.92957526
0,1,0.99992156
1,1,0.961297
0,1,0.99990356
0,1,0.99670166
0,1,0.99993885
0,1,0.9940487
1,1,0.95282984
0,1,0.99993277
1,1,0.9995468
1,0,0.31994164
0,1,0.99986017
1,1,0.9999249
0,1,0.99991214
1,1,0.9440195
1,0,0.14921136
1,1,0.599645
0,1,0.9998355
0,1,0.9999075
1,1,0.69501525
1,1,0.9944312
0,1,0.97305334
0,1,0.9999454
0,1,0.9999379
1,1,0.9998166
1,0,0.4585174
1,0,0.0010333498
0,1,0.99993646
0,1,0.99992275
1,0,0.2885249
1,0,0.4656665
1,0,0.26192194
1,1,0.9997787
1,1,0.9994641
1,1,0.999619
0,1,0.998181
1,1,0.9999336
0,1,0.9998921
1,1,0.999843
0,0,7.860802e-05
0,1,0.9998915
0,1,0.99958163
0,1,0.9999331
0,1,0.9992536
0,1,0.99708885
1,0,0.022506032
0,1,0.99994576
1,1,0.9962908
1,1,0.999508
1,1,0.9998596
0,1,0.99994254
0,1,0.9999448
0,1,0.9996693
0,1,0.9999244
1,0,0.00010563748
1,1,0.8105834
0,1,0.99989235
0,1,0.8805476
1,1,0.9944877
0,1,0.9999387
1,0,0.18751901
0,1,0.99784267
1,1,0.9853521
0,1,0.5501744
1,1,0.99938774
0,1,0.9999275
0,1,0.9999002
0,1,0.9998597
1,1,0.99959606
1,1,0.99121803
0,1,0.9999435
1,1,0.83500624
0,1,0.99664634
0,1,0.99881244
0,1,0.9981
0,1,0.99964523
0,1,0.99989176
0,1,0.58413225
0,1,0.99955815
1,1,0.9999162
1,1,0.6466224
1,0,0.03382131
0,1,0.99989665
0,1,0.9999411
1,1,0.82882226
1,0,0.41105253
0,1,0.9999273
1,1,0.9999149
0,0,0.4362536
0,1,0.9999194
0,1,0.9997907
1,0,0.028909355
1,0,0.070846006
0,1,0.99988794
0,1,0.9999361
0,1,0.9998192
1,1,0.8483482
0,1,0.9954716
1,0,0.3842319
0,1,0.9992842
0,1,0.99994135
1,0,0.11402921
1,1,0.9989542
0,0,0.48552096
0,1,0.9987532
0,1,0.99812216
0,1,0.9922921
0,0,0.27436364
1,0,0.011011219
1,1,0.8820697
0,1,0.9999449
1,0,0.005895231
0,1,0.99981195
1,1,0.9903104
0,1,0.9924638
0,1,0.9977235
1,1,0.99885476
1,1,0.9768489
0,1,0.9858482
1,1,0.64708626
0,1,0.9983613
1,1,0.9986897
1,0,0.40490836
1,1,0.9991505
0,1,0.99989796
0,1,0.99990475
0,1,0.99170786
0,1,0.99982506
1,0,0.03788854
0,1,0.999276
0,1,0.9998491
1,1,0.999938
0,0,0.26916403
1,1,0.8041634
1,1,0.9999305
1,1,0.8097962
1,1,0.99564725
1,1,0.9996511
1,1,0.9842663
0,1,0.8280921
1,0,0.07503399
1,0,0.40151587
1,0,0.047493104
1,1,0.9941554
0,1,0.9991229
1,1,0.99454933
1,1,0.99890566
1,1,0.9995485
1,0,0.035401016
1,0,0.023677498
0,1,0.97660804
1,0,0.007833836
0,1,0.9033556
1,1,0.98712003
1,1,0.997531
1,0,0.110914245
0,1,0.9991522
0,1,0.9999192
1,0,0.062791355
1,1,0.8549495
0,1,0.9999012
1,1,0.69715357
1,0,9.05102e-05
1,1,0.9460805
0,0,0.116002075
0,1,0.9997352
1,0,0.041019354
1,1,0.9998828
1,1,0.99989355
0,1,0.9998598
1,0,0.040855654
1,0,0.030679686
1,1,0.99499005
0,1,0.99982965
1,1,0.99993694
1,1,0.9791621
1,1,0.9999355
1,0,0.013498822
1,1,0.9530901
1,1,0.9914575
1,1,0.5276377
1,0,0.00015179603
0,1,0.9999093
1,1,0.99988437
1,1,0.9998766
0,1,0.98996615
1,1,0.9991197
0,1,0.9999341
0,1,0.9999461
0,1,0.9981207
0,1,0.9997451
1,1,0.9998153
1,0,0.16468406
0,1,0.9999455
1,1,0.9484748
1,1,0.9999229
0,1,0.9991634
1,1,0.8105672
1,1,0.815162
1,1,0.9999236
0,0,0.12146699
0,1,0.9999429
0,1,0.99987185
0,1,0.99974114
0,1,0.9999436
1,0,0.033523887
0,1,0.9999337
0,1,0.7764709
1,1,0.9994648
0,1,0.99994195
0,1,0.99981016
0,1,0.9999021
1,1,0.9633876
1,1,0.99943334
0,1,0.99969065
0,1,0.99930143
1,1,0.9999008
1,0,0.30738354
0,1,0.99870026
1,1,0.9257178
0,1,0.9992955
0,1,0.9995472
1,1,0.948002
0,1,0.99873227
1,1,0.5408196
1,0,0.31110367
1,1,0.7925438
0,1,0.997015
1,1,0.99982566
1,0,0.00027687554
0,1,0.9999255
1,1,0.99982184
0,1,0.99993646
1,0,0.000103001104
1,1,0.8216018
0,1,0.9998877
0,1,0.9998574
0,1,0.9999366
0,1,0.99943167
1,0,0.052344713
0,1,0.9999062
0,1,0.9996911
1,1,0.9988667
1,0,6.527868e-05
1,1,0.9979545
1,0,0.049354963
0,1,0.81475854
1,0,0.00020688177
1,1,0.9999151
0,1,0.99634236
1,0,0.15144967
1,1,0.9998983
0,1,0.99740523
1,1,0.7321474
1,1,0.9998776
0,1,0.9999254
1,0,0.0009382331
1,0,0.048257362
1,1,0.9997781
1,1,0.9993906
1,1,0.99989676
0,1,0.99919015
1,1,0.9999454
1,0,0.0077925236
0,1,0.9999267
0,1,0.9976259
1,1,0.79894245
0,1,0.99914336
1,1,0.9876303
1,0,0.00084235094
0,1,0.9999218
0,1,0.99973184
0,1,0.9717471
1,0,0.08065697
1,1,0.9986883
0,1,0.9998085
1,0,0.11390319
0,1,0.9984303
1,1,0.9999318
0,1,0.999892
1,0,0.0007946415
1,0,0.001771128
0,1,0.9974813
0,1,0.99981517
1,1,0.9998783
0,1,0.99576306
1,1,0.9999473
1,1,0.98819876
1,1,0.91512424
0,0,0.2948328
0,0,0.071485505
0,1,0.99994373
1,0,0.005247335
1,1,0.9999218
1,0,0.40364367
0,1,0.99887043
0,1,0.91762656
1,1,0.9734924
1,1,0.9168997
1,1,0.9970291
1,1,0.99981076
1,1,0.9769513
1,0,0.391674
1,1,0.97066104
1,1,0.54259926
1,1,0.99257
1,0,0.122523986
1,0,0.042403962
0,1,0.9999368
1,0,0.00023222824
1,1,0.99963176
0,1,0.99988115
1,1,0.8511459
1,1,0.99967384
0,1,0.999877
0,1,0.99991965
0,1,0.99981445
1,1,0.9999224
0,1,0.99990475
0,1,0.99985945
0,1,0.8665645
0,1,0.99984443
0,1,0.9995332
0,1,0.9097261
0,1,0.99974555
1,0,0.1751091
1,0,0.0039503025
0,1,0.9999176
1,1,0.99583024
1,1,0.9998543
1,1,0.95109195
1,1,0.7501061
0,1,0.9999366
1,1,0.99637836
0,1,0.9998981
0,1,0.98773426
0,0,0.36530435
0,1,0.99992263
1,0,0.26371494
0,1,0.9502882
1,1,0.99728584
0,1,0.9999366
1,1,0.99986124
0,1,0.9982936
1,1,0.9628416
1,0,0.0207132
0,1,0.99994254
0,1,0.99538535
1,1,0.9171462
1,1,0.9999037
1,1,0.9999378
1,1,0.9513956
1,1,0.9993888
1,1,0.99988616
1,1,0.99992704
1,0,0.005734394
0,1,0.9998418
0,1,0.99981636
0,1,0.9948738
0,1,0.9784021
0,1,0.9998845
1,1,0.9985915
0,1,0.9998616
0,1,0.9998801
1,0,0.31893182
1,1,0.9996438
0,1,0.9999143
0,1,0.9998778
1,1,0.9999478
0,1,0.9998405
0,1,0.99990666
1,1,0.99986136
1,1,0.7845961
0,0,0.14361666
0,1,0.9998826
1,1,0.999493
0,1,0.8623328
0,1,0.8895156
0,1,0.99982375
1,1,0.9732082
0,1,0.97853047
0,1,0.9999274
1,1,0.9996414
1,1,0.88794047
0,1,0.9998667
0,1,0.99946004
0,1,0.9999207
0,1,0.99986947
1,1,0.99596125
0,1,0.99843913
0,1,0.9840231
0,0,0.40809053
0,1,0.9999014
0,1,0.99828845
1,1,0.9997117
1,1,0.9992372
0,1,0.99992716
0,0,0.009318175
1,1,0.99989974
1,1,0.99993896
1,1,0.91605884
1,0,7.394723e-05
0,1,0.999925
1,1,0.99953866
0,1,0.9999436
1,1,0.99991906
0,0,0.2518953
1,0,0.3234994
0,1,0.9999087
1,1,0.8877576
1,1,0.99994695
1,1,0.9898372
0,1,0.999705
1,1,0.9997665
1,0,0.001588625
0,1,0.9998172
1,0,0.33592036
1,1,0.8341027
1,1,0.96810114
0,1,0.7631663
0,1,0.9887869
0,1,0.9998617
1,1,0.9957889
1,0,0.054188095
1,1,0.99993765
1,1,0.61308014
1,1,0.99094474
0,1,0.9983094
0,1,0.9998902
0,1,0.851017
0,1,0.99964046
0,0,0.0010823276
0,1,0.999876
0,1,0.9999157
0,1,0.99994314
0,1,0.9999198
1,0,0.002771602
1,1,0.99992454
1,0,0.00034380765
1,1,0.9999056
0,1,0.99826306
1,1,0.9901592
0,1,0.99986887
1,1,0.8111857
1,1,0.7926752
0,1,0.99976987
1,0,0.051413022
1,1,0.9973315
1,0,0.022347953
1,1,0.99797994
0,1,0.9998229
0,1,0.99993026
1,1,0.84794456
1,1,0.9999279
0,1,0.9999248
0,1,0.99984837
0,1,0.7876895
0,1,0.9608816
1,1,0.9915103
0,1,0.99961996
0,1,0.8325817
0,1,0.9998248
0,0,0.001182678
1,1,0.86890364
1,1,0.9708765
1,0,0.00014472405
0,1,0.9894907
1,0,0.00034021778
1,0,0.17397831
1,0,0.00018788071
0,1,0.999936
0,1,0.9998647
1,0,0.2971135
0,1,0.99832183
0,1,0.99979776
1,1,0.9999461
1,1,0.60448086
0,1,0.9998828
0,1,0.9993026
0,1,0.9999206
1,1,0.9261771
1,0,0.0005716954
1,1,0.75631535
1,1,0.95910627
1,1,0.99988735
1,1,0.8010726
1,1,0.7468615
0,1,0.9996146
1,0,0.07878874
1,0,0.14271602
0,1,0.9999455
1,1,0.9993199
0,1,0.9993389
1,1,0.9646144
0,1,0.90071815
1,1,0.9996418
1,1,0.96028084
1,0,0.17924908
0,1,0.9999275
0,1,0.9566493
0,1,0.9999373
1,0,0.002266493
1,1,0.9999405
0,1,0.99935085
0,1,0.9986443
0,1,0.99485993
0,1,0.9976283
0,1,0.9999256
0,1,0.9997762
0,1,0.9993686
0,1,0.8929265
0,1,0.9999255
0,1,0.9587191
0,1,0.8967752
0,1,0.99703515
0,1,0.9998714
0,1,0.99930775
1,0,0.03473293
1,1,0.6617036
1,1,0.9999405
0,1,0.9999511
0,1,0.6673978
0,1,0.99994195
0,1,0.9999312
1,0,0.13224222
1,1,0.541079
1,1,0.98661184
0,1,0.9994579
0,1,0.9979227
1,0,0.24022605
1,1,0.99890244
0,1,0.9999157
1,1,0.9996511
1,1,0.99984133
1,1,0.99990535
1,1,0.999926
0,1,0.99994004
1,1,0.9462586
0,1,0.99994814
0,1,0.9999218
1,1,0.99857366
1,1,0.99971944
1,1,0.87596065
1,0,0.25248528
0,1,0.9998393
1,1,0.98107255
1,0,0.0010873812
0,1,0.99276614
0,0,0.27318063
1,0,0.013249533
0,1,0.9999405
1,1,0.9839244
0,1,0.9999229
0,1,0.99205875
1,1,0.99977726
0,1,0.9993955
0,1,0.99989235
1,1,0.9999285
1,1,0.9995732
1,0,0.0012823505
0,1,0.9998536
1,1,0.9999125
0,1,0.9978898
0,1,0.999833
1,1,0.9999504
0,1,0.52328265
1,1,0.8487277
0,1,0.99984324
0,1,0.9997552
0,1,0.9999362
0,1,0.99994624
1,1,0.998495
1,0,0.000100377656
0,1,0.99991775
1,1,0.9969765
1,1,0.9999448
1,1,0.99990547
0,1,0.99896634
0,0,0.007817893
0,1,0.9845673
1,1,0.51108503
0,1,0.9991911
1,1,0.9450305
0,0,0.018012678
0,1,0.9995048
1,0,0.14663409
1,1,0.9995567
0,1,0.9998122
1,0,6.246091e-05
1,0,0.06518668
0,1,0.9923902
0,1,0.9994179
0,1,0.9999201
1,0,0.093855925
1,1,0.9988445
0,1,0.9998616
0,1,0.99972016
1,1,0.61766607
0,1,0.9999014
0,1,0.9078459
1,1,0.99993503
0,1,0.9811358
0,1,0.9993642
1,1,0.99966955
0,0,0.40107566
0,1,0.9989772
0,1,0.99986243
0,1,0.99994075
0,1,0.99993837
0,1,0.9999442
1,1,0.9997327
0,1,0.99977356
0,1,0.9997851
1,1,0.90358496
1,0,0.025343705
0,1,0.9999355
0,1,0.9996393
1,0,0.006527442
1,0,0.3352594
0,1,0.9756301
1,1,0.999742
0,1,0.9998233
0,1,0.98915076
1,1,0.9893138
1,1,0.88820904
0,0,0.00011346135
1,1,0.8750652
1,0,0.0963855
0,1,0.99992526
0,1,0.9999467
0,1,0.9998111
1,1,0.9998641
1,1,0.78594226
1,1,0.95751053
1,0,0.0008380629
1,1,0.82576627
1,0,0.35958478
1,1,0.8831646
0,1,0.99987924
1,0,0.00030545055
0,1,0.99979323
0,1,0.51048833
1,0,0.026744496
0,1,0.99782
0,1,0.9990675
1,0,0.46924743
1,0,0.0006312095
1,1,0.54987806
0,1,0.9999422
0,1,0.9999238
1,1,0.9999515
0,1,0.99989974
1,0,0.008101563
1,0,0.06234152
0,1,0.9991165
0,1,0.9920521
0,1,0.9996332
1,1,0.95884085
1,1,0.9997029
1,1,0.9970528
0,1,0.99992704
1,0,0.0051309485
0,1,0.9407837
1,0,0.00078931707
1,0,0.22211982
1,1,0.5743485
1,1,0.99772626
1,0,0.15167336
0,1,0.9999399
0,1,0.99992144
1,1,0.9965358
0,1,0.9999238
1,1,0.5796091
0,1,0.5315356
0,1,0.99991345
1,1,0.9841905
1,1,0.9915617
1,0,0.014198692
0,1,0.9916367
0,1,0.9998939
0,1,0.9279769
1,1,0.99850094
1,0,0.114357635
1,0,0.022493994
1,1,0.6693944
0,1,0.9999075
0,1,0.66145873
0,1,0.99987316
1,1,0.9993293
1,0,0.0006389405
1,1,0.99462587
1,1,0.999913
1,1,0.99316376
0,1,0.9997714
1,1,0.8999667
1,1,0.99806875
0,1,0.9999311
0,1,0.9998791
0,1,0.99991095
0,1,0.9997025
1,0,0.02711538
1,1,0.99546546
0,1,0.999795
0,1,0.9990633
0,1,0.9985593
1,0,0.00019171387
1,0,0.4818837
0,1,0.99987245
0,1,0.99993813
1,0,0.014195315
1,0,0.096971825
0,1,0.9158925
0,1,0.88298005
1,0,0.00016829853
0,1,0.9999269
1,0,0.2271887
1,1,0.9996326
1,1,0.92627627
1,1,0.99976116
1,1,0.9746054
1,1,0.9725944
1,1,0.9693477
1,0,0.27024335
0,1,0.99981517
0,1,0.9999447
0,1,0.9985331
1,1,0.99994206
1,0,0.0008636646
0,1,0.99968505
1,1,0.99657565
1,1,0.8382175
1,0,0.16896093
0,1,0.99988425
1,1,0.82086974
1,0,0.0011677503
1,1,0.99728954
1,1,0.9897016
0,1,0.99988496
1,1,0.99833196
1,0,0.008431555
0,1,0.62430066
0,1,0.99978215
0,1,0.9997521
1,0,0.0015846536
1,1,0.9985153
1,1,0.99990356
0,1,0.52223575
1,0,0.0002395235
1,1,0.9997396
0,1,0.9999361
0,1,0.8092826
1,0,0.00022917653
1,1,0.9983169
0,1,0.99839824
1,0,0.0066857436
1,1,0.89997196
0,1,0.9998367
0,1,0.9998136
0,1,0.9061855
0,1,0.99988663
0,1,0.99992526
1,0,0.031589806
1,1,0.9999509
1,1,0.9947456
1,1,0.99959856
0,1,0.9997588
0,1,0.9932995
0,1,0.9998971
1,1,0.9991578
0,1,0.90160775
1,1,0.9992907
0,1,0.51228654
0,1,0.9998636
1,1,0.9999484
0,1,0.99081755
0,1,0.99994385
1,1,0.9993113
1,1,0.5392012
0,1,0.9999454
1,1,0.99993885
0,0,0.42968082
0,1,0.999931
1,1,0.99945647
1,1,0.9987282
1,1,0.99904734
0,1,0.8785625
0,1,0.9999454
1,1,0.87040305
0,1,0.9985476
0,1,0.99983585
1,1,0.99980456
0,0,0.21437044
1,1,0.9998241
1,1,0.99994075
1,1,0.6677385
0,1,0.9615403
1,1,0.5220251
0,1,0.9999194
0,0,0.35979554
0,1,0.99993634
1,0,0.00081647316
0,1,0.99993575
0,1,0.9999044
1,1,0.8017293
1,0,0.035617482
0,1,0.99988604
0,1,0.9890764
1,0,0.08432806
0,1,0.9993243
1,1,0.9999343
1,1,0.8269513
1,1,0.9777363
0,1,0.99994445
0,1,0.9923137
0,1,0.99991155
1,1,0.9993917
0,1,0.9997665
1,0,0.024144515
0,1,0.9999231
1,1,0.9968346
1,0,0.030802643
0,1,0.99921536
1,1,0.6470836
1,1,0.999938
1,0,0.108131684
0,1,0.9998846
1,1,0.99971217
0,1,0.99886036
0,1,0.9999367
1,1,0.87990135
0,1,0.99378175
1,1,0.99988484
0,1,0.9998167
0,1,0.99993324
0,1,0.99937516
1,1,0.9934576
0,1,0.9976215
0,1,0.9998901
1,0,0.00035634264
0,1,0.99988806
1,1,0.9994578
0,1,0.9987956
1,1,0.83664846
1,1,0.5764555
1,1,0.9433392
1,0,0.094445735
1,0,0.00064028526
1,0,0.45066172
0,1,0.9951767
1,1,0.99588805
0,1,0.9999366
0,1,0.9999316
1,1,0.99994135
0,1,0.9999255
0,1,0.9979771
0,1,0.69946104
0,1,0.9192675
0,1,0.9993461
0,1,0.99966943
0,1,0.99991727
1,1,0.9999378
1,0,0.06033313
1,1,0.99616903
1,1,0.78521734
0,1,0.99834144
0,1,0.9999325
0,1,0.99994445
1,1,0.77143884
1,1,0.9998155
1,1,0.9788087
0,1,0.9998833
1,1,0.73397434
1,0,0.0012129634
1,1,0.99611294
1,0,0.031056844
0,1,0.99972767
0,1,0.99993217
1,1,0.5068108
0,1,0.9997882
1,1,0.99979013
1,1,0.69876575
0,1,0.99982387
1,1,0.99985445
1,1,0.9072824
1,1,0.9997168
0,1,0.99990165
1,1,0.9986791
1,1,0.57270175
1,1,0.6292837
0,1,0.99994826
0,1,0.5444007
0,1,0.85979694
0,1,0.8873562
0,1,0.99985933
1,1,0.99994886
0,1,0.6960922
0,1,0.9999262
1,1,0.99993134
0,1,0.9996092
0,1,0.99991226
1,1,0.5347228
0,1,0.9998882
0,1,0.9981604
0,1,0.99198335
1,1,0.7828848
0,1,0.7009863
0,1,0.9999391
1,0,0.07829724
0,0,0.07471065
0,1,0.9592867
1,1,0.99979526
0,1,0.5650594
0,1,0.99991405
0,1,0.99992573
1,1,0.9547714
0,1,0.9998623
1,0,8.745511e-05
0,1,0.99993443
1,0,5.42022e-05
1,1,0.99981624
0,1,0.9995709
0,1,0.9999188
1,0,0.23882908
1,0,0.0047912523
0,1,0.9808617
0,1,0.99919885
0,1,0.9999435
0,1,0.99978834
0,1,0.9998299
0,1,0.99886584
0,1,0.9999374
0,1,0.99892646
0,1,0.9998994
0,0,0.26537842
1,1,0.99398154
1,0,0.003926679
0,1,0.9996062
1,1,0.57480985
1,1,0.99971384
1,0,0.37216923
0,1,0.99991786
0,1,0.99993825
1,1,0.9994417
0,1,0.9999087
0,1,0.9999441
1,1,0.9368221
1,1,0.728747
1,1,0.78936
0,1,0.9999455
0,1,0.9995503
1,1,0.9430217
1,0,0.038495533
0,1,0.9999267
0,1,0.9998142
1,0,0.18513085
0,1,0.9999318
0,1,0.9999418
1,1,0.9177652
1,1,0.8182887
0,1,0.99980897
0,1,0.9995297
0,1,0.9999399
0,1,0.9989961
1,1,0.6873898
0,1,0.9998585
0,1,0.9512495
1,1,0.9998981
0,1,0.9135486
1,1,0.9998915
0,1,0.9999411
0,1,0.95743304
1,0,0.2434577
0,1,0.9996196
0,1,0.999915
0,1,0.9986546
1,1,0.999851
1,1,0.9772339
1,1,0.67674917
0,1,0.95190686
0,1,0.9982034
0,1,0.99993837
1,0,0.40573832
1,1,0.96955025
1,0,0.010831458
0,1,0.9999378
1,1,0.99834013
0,1,0.99623054
1,0,0.42260385
0,1,0.99966025
0,1,0.9219898
1,0,0.012655211
0,1,0.99965644
1,1,0.7163486
1,1,0.9967926
1,1,0.9996275
0,1,0.99983513
1,0,0.17087683
1,1,0.9997081
0,1,0.6950855
1,0,0.28996286
1,1,0.9996973
1,0,0.04389577
1,1,0.9959746
0,1,0.9999126
1,1,0.94878817
0,1,0.95723516
0,0,0.0017315289
0,1,0.9936479
1,0,0.010847875
0,1,0.9996902
1,0,0.0065481863
0,1,0.99993074
0,1,0.999895
1,1,0.95178676
1,1,0.9785211
0,1,0.9974474
1,0,0.00040471333
0,1,0.99994254
1,1,0.9999238
1,0,0.45056954
0,1,0.99988794
1,1,0.99451715
1,1,0.9782396
1,1,0.99994373
1,1,0.9908043
1,1,0.9983614
0,1,0.99933475
0,0,0.00012419788
0,1,0.9999119
0,1,0.9980082
0,1,0.9999362
0,1,0.99917346
1,1,0.97129977
0,1,0.99993443
1,1,0.99762636
1,0,0.073130906
1,1,0.8448081
1,1,0.99940073
1,1,0.82226294
0,1,0.99970704
0,1,0.9997739
1,0,0.036618907
1,0,0.32109895
0,0,0.01950338
0,1,0.9983358
1,1,0.9997186
1,1,0.99607784
1,0,0.08472036
0,0,0.44002298
0,1,0.9999447
1,0,0.0009469038
1,1,0.99722916
0,1,0.99990356
1,1,0.99994516
1,1,0.8354246
0,1,0.98953897
1,1,0.7959355
1,1,0.999913
0,1,0.9999229
1,0,0.0008291601
1,0,0.15706307
1,0,0.091836765
1,1,0.67474693
0,1,0.99988496
1,1,0.9357554
0,1,0.99950445
0,1,0.99991894
0,1,0.9996239
0,1,0.99993265
0,1,0.99992883
0,1,0.999231
0,1,0.9991898
0,1,0.9999243
1,1,0.99650145
0,1,0.9941732
1,0,0.0003495257
1,1,0.99473464
1,1,0.9999448
1,1,0.9991635
1,1,0.9999454
1,1,0.7454461
1,1,0.8364592
1,1,0.9721337
1,1,0.9969476
0,1,0.9999478
1,1,0.99990714
1,0,0.062671885
1,1,0.97693676
0,0,0.00046816116
1,0,0.0036692324
1,0,0.14781748
0,1,0.99828714
1,1,0.9999225
0,1,0.99984515
0,1,0.8175945
1,0,0.2780599
0,1,0.9998435
0,1,0.99945754
1,0,0.15855762
0,1,0.99790406
1,0,0.018020969
1,0,0.0044034626
1,1,0.9998561
0,1,0.9999434
0,1,0.99969757
0,1,0.5270589
1,1,0.9868507
1,0,0.021774884
1,0,0.11783855
1,0,0.061279573
0,1,0.998841
0,1,0.9999182
1,1,0.9996635
0,1,0.9999461
1,1,0.9834774
1,1,0.9997787
1,0,0.0016888115
1,1,0.99937385
0,1,0.99323225
1,1,0.9978161
1,0,0.14846458
0,1,0.9947495
0,1,0.9998209
0,1,0.8325468
1,1,0.9998789
1,0,0.026728028
1,1,0.8911136
0,1,0.9997228
1,1,0.99989593
1,1,0.9993593
0,1,0.9997887
0,1,0.9997818
0,1,0.8063356
0,1,0.9988412
1,0,0.00014947879
1,0,0.00020421055
0,1,0.9999342
1,1,0.9982753
1,1,0.95364386
0,1,0.99994266
1,0,0.015767952
0,1,0.9998404
1,1,0.9998808
1,1,0.9996741
1,0,0.0001091152
0,1,0.9998292
1,1,0.9999473
1,1,0.9999424
0,1,0.9934864
1,1,0.55058897
1,1,0.9993119
0,1,0.9999473
1,0,0.006576471
1,1,0.53725415
1,0,0.00036436244
1,1,0.9777941
0,1,0.9998356
0,1,0.99993753
0,0,0.069628
0,1,0.9999361
0,1,0.99964654
0,1,0.9977696
0,1,0.99845815
1,1,0.99994755
1,0,0.14126012
1,1,0.9998512
0,1,0.6541927
0,1,0.99985087
1,0,0.00060944207
0,1,0.9999201
1,1,0.9999367
0,1,0.99982685
1,0,0.18837692
0,1,0.7923339
1,0,6.248915e-05
0,1,0.9999509
0,1,0.9999312
0,1,0.9999012
0,1,0.993533
1,0,0.00072801777
0,1,0.99912435
0,1,0.9999182
0,1,0.9999435
0,1,0.9999335
0,1,0.9996704
0,1,0.9999262
1,0,0.05890168
0,0,0.00014650196
0,1,0.999928
0,1,0.999899
0,1,0.9945299
1,1,0.9984509
0,1,0.9999398
1,1,0.996509
0,1,0.99893516
1,1,0.9992543
0,1,0.99992573
1,0,0.023419924
0,1,0.96579593
0,1,0.9999498
0,1,0.99987614
1,1,0.9999466
0,1,0.99980384
0,1,0.99865216
1,1,0.9995192
0,1,0.9717016
0,1,0.99902904
1,0,0.0058640926
0,1,0.9861844
0,1,0.99992776
0,1,0.99897015
0,1,0.99994767
1,1,0.9998435
0,1,0.9991498
0,1,0.99993217
1,1,0.9730037
1,1,0.9981589
0,1,0.99982077
1,1,0.9999337
0,1,0.9999492
0,1,0.999951
1,1,0.9888728
1,1,0.99992096
1,1,0.9966185
0,1,0.99988544
0,1,0.99992716
1,1,0.66869897
0,1,0.9999417
0,1,0.9454879
0,1,0.98740155
1,1,0.9999361
0,1,0.9992768
1,0,0.043532874
0,1,0.9999187
1,1,0.9828387
1,1,0.9917135
0,1,0.9999441
0,1,0.9995443
0,1,0.99635065
0,1,0.99988246
1,1,0.99035466
0,1,0.9736005
1,0,0.06344201
1,1,0.5511112
1,1,0.99993026
1,0,0.22530611
0,1,0.999941
0,1,0.9999243
0,1,0.9997143
0,1,0.9998167
1,1,0.99522406
1,0,0.0020174168
0,1,0.9751672
0,1,0.9998627
0,1,0.99942005
0,1,0.9998166
1,1,0.91001004
0,1,0.9993506
1,1,0.9989303
0,1,0.9998734
0,1,0.6867616
0,1,0.9993961
0,1,0.99936694
1,1,0.99861455
0,1,0.9998584
0,1,0.99946564
1,1,0.68692523
0,1,0.9998851
1,1,0.98024154
1,1,0.67435026
1,0,0.000162789
1,1,0.91358453
1,0,0.0019209371
1,1,0.9998944
1,1,0.99993837
0,1,0.9939361
1,1,0.99924254
1,1,0.9998567
0,1,0.99890184
0,1,0.9999167
0,1,0.9865622
0,1,0.9997688
0,1,0.9995608
1,1,0.9998784
0,1,0.99993634
1,0,0.0055239187
0,1,0.99994206
0,1,0.99981636
1,1,0.9999379
0,1,0.99869066
1,1,0.91848075
1,1,0.9991984
1,1,0.9999063
1,1,0.6959672
1,1,0.5819638
0,1,0.9999374
0,1,0.9998281
0,1,0.9993406
1,0,0.27872956
0,1,0.8760724
0,1,0.99988854
1,1,0.9944593
0,1,0.9997334
0,1,0.8902048
0,1,0.9974535
1,1,0.6926788
1,1,0.99992657
0,1,0.99930394
0,1,0.9998683
1,1,0.96368974
1,0,0.28056985
0,1,0.99143267
1,1,0.9995733
1,1,0.9927648
0,1,0.9982046
1,0,0.0009493582
1,1,0.97794306
1,0,0.000151415
0,1,0.99989414
0,1,0.999752
1,0,0.04952833
1,1,0.51562625
0,1,0.9984515
0,0,0.11553987
0,1,0.999816
0,1,0.99961543
1,0,0.14433497
1,0,0.012635821
0,1,0.99989796
0,1,0.99994373
0,1,0.9999293
1,1,0.9998129
1,0,0.031143097
1,0,0.05800935
0,1,0.91264725
0,1,0.99565095
0,1,0.99993515
0,1,0.99964833
1,0,0.13334088
0,1,0.9998926
1,1,0.9581586
0,1,0.9927516
0,1,0.9999436
1,1,0.8119156
1,1,0.9082484
0,1,0.9257305
0,1,0.99958116
1,1,0.6067763
1,1,0.9995844
1,1,0.9973232
0,1,0.99986446
1,1,0.6192836
0,1,0.9993482
0,1,0.98133
0,1,0.99992895
1,1,0.9996152
0,1,0.99346864
0,1,0.9997235
0,1,0.9994295
1,0,0.00019351149
1,1,0.9826974
1,1,0.9940591
1,1,0.9994198
0,1,0.99944633
1,1,0.99995077
1,0,0.33235082
0,1,0.5590738
1,1,0.9999293
0,1,0.9998404
0,1,0.99990845
1,1,0.5611058
0,1,0.99989915
0,1,0.9999039
0,1,0.9997166
0,1,0.9999199
1,1,0.64518523
0,1,0.9992939
0,1,0.99982834
1,1,0.9988681
1,1,0.9998958
0,0,0.21847685
1,0,0.36827144
1,1,0.9988937
0,1,0.99988294
0,1,0.999607
0,1,0.9878548
0,1,0.99993503
0,1,0.99993217
0,1,0.9999373
0,1,0.99971133
1,1,0.9999037
0,1,0.999841
1,1,0.9998753
0,1,0.9999331
0,1,0.7380601
1,1,0.99562764
0,1,0.999928
0,1,0.9998859
0,1,0.99919134
0,1,0.86699486
0,1,0.9287286
1,0,0.011453854
1,1,0.99349314
1,0,0.106875755
0,1,0.9997758
0,1,0.9861929
0,1,0.99993765
1,0,0.21761404
1,0,0.0004687859
0,1,0.9999212
1,0,0.02207467
0,1,0.9997919
0,1,0.9876059
1,1,0.9181624
1,1,0.99903107
0,1,0.99747026
0,1,0.99992406
1,0,0.47504288
0,0,0.3594492
1,1,0.98860395
0,1,0.9999293
0,1,0.99990475
1,1,0.9995121
1,1,0.8052359
1,1,0.99992895
0,1,0.9998567
0,1,0.9999393
1,0,0.00015603071
0,1,0.9999379
0,1,0.999895
1,0,0.00014357262
0,1,0.99990785
0,1,0.99976665
1,1,0.97207344
1,1,0.76661915
0,1,0.99827015
1,1,0.9581511
1,1,0.64954746
0,1,0.8682921
0,1,0.9999386
0,1,0.97337276
0,1,0.85193884
1,0,0.027513005
0,1,0.9844065
0,1,0.99991715
0,1,0.9997149
1,1,0.99994063
0,1,0.9997849
0,1,0.99969566
0,1,0.925675
0,1,0.9999169
1,1,0.99960774
0,1,0.6742253
1,1,0.99986887
1,1,0.99700963
1,0,0.04393268
0,1,0.9992569
1,1,0.99994457
1,1,0.9701248
0,1,0.9995129
0,1,0.9999386
0,1,0.9994987
1,1,0.98253745
1,1,0.94481194
0,0,0.46656993
0,0,0.26024723
1,1,0.8653065
0,1,0.9985146
0,1,0.999949
1,1,0.9951798
0,1,0.54387534
1,1,0.99988186
0,1,0.99992
1,1,0.9823996
1,1,0.9997305
1,0,0.39013857
0,1,0.99992204
0,1,0.9998759
1,1,0.99975044
0,1,0.99994504
1,1,0.99991965
0,1,0.99991524
1,1,0.99993515
0,1,0.99142015
0,0,0.129645
1,0,0.036834948
1,1,0.98554265
0,1,0.99993134
1,0,5.5916058e-05
0,1,0.9999187
1,1,0.9970078
1,1,0.9969151
0,1,0.999744
1,1,0.89243966
0,1,0.9995394
0,1,0.9992143
0,1,0.9996942
1,1,0.9999243
1,1,0.9998821
1,1,0.9999434
0,1,0.9997626
0,1,0.99991906
1,0,0.0001287251
0,1,0.99845326
1,1,0.5783081
1,1,0.6790993
1,1,0.9953753
0,1,0.9999099
1,0,0.05847093
0,1,0.9999343
0,1,0.99990654
0,1,0.96168786
0,1,0.9997489
1,0,0.01467249
0,1,0.9995388
1,1,0.9579291
0,1,0.9999343
1,0,0.113990866
0,1,0.99992967
1,1,0.9700235
0,1,0.9997756
0,1,0.9998462
0,1,0.99992454
1,1,0.9984085
0,1,0.99983466
0,1,0.999936
1,0,0.034946844
0,1,0.9964935
1,1,0.99988985
1,1,0.8310805
0,1,0.9999268
0,1,0.9992724
0,1,0.99991417
1,0,0.4508775
0,1,0.99852103
0,1,0.99623114
1,0,0.0006909094
0,1,0.97351754
0,1,0.999801
0,1,0.9999236
0,1,0.99848527
0,1,0.9999366
1,1,0.99460405
0,1,0.9997261
1,0,5.96816e-05
1,0,0.32406065
0,1,0.99990404
1,1,0.99992025
0,1,0.9972676
0,1,0.99994385
1,1,0.9998723
0,1,0.99592066
1,1,0.99985707
1,1,0.9127373
1,1,0.9999292
0,1,0.99903655
1,0,0.045290336
0,1,0.99990857
1,1,0.9687914
0,1,0.9999211
1,1,0.9995408
0,1,0.999948
1,1,0.9998634
0,1,0.99331653
0,1,0.99991786
0,1,0.870676
0,1,0.99782026
1,1,0.981649
0,1,0.9997603
1,0,0.031338338
0,1,0.9992693
1,1,0.9831617
0,1,0.99799013
1,1,0.50170535
1,1,0.99969983
0,1,0.9990852
1,0,0.20085299
1,1,0.99923706
0,1,0.99986184
0,1,0.9992792
0,1,0.99525744
0,0,0.48902944
0,1,0.9997371
1,1,0.986961
1,1,0.9495951
0,1,0.99984586
1,0,0.25017372
1,1,0.9992834
1,1,0.9999175
0,1,0.9984492
1,1,0.9983784
0,1,0.9993299
0,1,0.9998815
1,0,0.00086058
1,1,0.99474746
0,1,0.99980515
1,0,0.0001238262
1,0,0.0010367814
0,1,0.9994375
0,1,0.9997956
0,1,0.99940884
0,1,0.999889
0,1,0.99993634
0,1,0.9999125
1,1,0.8718324
0,1,0.9999225
1,1,0.99918145
0,1,0.999928
1,0,0.47364703
1,1,0.9999236
0,1,0.9973922
1,0,0.1628473
1,1,0.9997447
0,1,0.99978286
0,1,0.99384826
1,0,0.001658403
0,1,0.99993825
0,1,0.99991655
1,1,0.9999443
1,1,0.99991584
1,0,0.05789171
1,1,0.66281974
1,1,0.943726
0,1,0.999845
1,1,0.93167406
1,1,0.9999428
0,1,0.9999466
1,1,0.9998801
0,1,0.999356
1,1,0.552685
0,1,0.99958783
1,1,0.9985
0,1,0.99975485
1,1,0.9790182
0,1,0.9979054
1,0,0.16700071
0,1,0.9984869
1,1,0.9042672
0,1,0.9996555
0,1,0.99994445
0,0,0.09413684
1,1,0.69469196
1,1,0.7788035
1,1,0.8055808
0,1,0.9152885
0,1,0.99465805
0,1,0.9999114
0,1,0.9779669
1,1,0.99919754
0,1,0.9998715
1,1,0.9944094
1,0,0.17437664
1,1,0.99953556
0,1,0.9999294
1,1,0.9999217
1,0,0.0067495853
0,1,0.9996817
0,1,0.99991107
0,1,0.999949
1,0,0.37583962
1,0,0.007089343
0,1,0.9999347
0,1,0.947603
1,1,0.95504487
0,1,0.9999331
0,1,0.99944896
0,1,0.9999453
0,1,0.9999145
1,1,0.51535183
1,1,0.99932003
1,1,0.91673905
1,1,0.9028733
1,1,0.9998808
0,1,0.9943076
1,0,0.09255737
0,1,0.9997546
0,0,0.34431714
0,1,0.99988496
1,1,0.5555822
1,1,0.9988423
0,1,0.9981772
1,1,0.9654416
0,1,0.9999213
1,0,0.47760773
0,1,0.9999398
0,1,0.9902147
1,1,0.99994016
0,1,0.9999393
0,1,0.9999379
1,0,0.0032515468
0,1,0.99993837
1,1,0.8624384
1,1,0.99982256
1,1,0.6201082
1,1,0.99970824
0,1,0.9889051
1,1,0.8193695
0,1,0.99820924
0,1,0.9921978
1,0,0.22872746
0,1,0.99973387
0,1,0.99991393
1,1,0.99810326
1,1,0.9998784
0,1,0.8705057
0,1,0.9764948
1,0,0.2496453
1,1,0.9989466
0,1,0.99989486
1,1,0.9997278
0,1,0.99723226
0,1,0.9999312
0,1,0.861158
0,1,0.99987054
1,1,0.99988973
1,1,0.9986571
0,1,0.99992657
1,1,0.9449049
0,1,0.999905
1,1,0.9517097
0,1,0.99495417
0,1,0.514611
0,1,0.999941
1,0,0.11884537
0,1,0.9609276
1,0,0.00016651172
1,1,0.9997919
1,1,0.99992955
0,1,0.97790444
1,1,0.98217094
0,1,0.9997365
0,1,0.99994457
0,1,0.9992124
1,1,0.99988544
0,1,0.99970394
1,1,0.9997415
1,1,0.99377877
1,1,0.9511751
1,1,0.99981517
0,1,0.99986947
1,1,0.81834984
0,1,0.9999311
1,1,0.82093364
1,1,0.6981031
0,1,0.99994314
0,1,0.99610716
1,0,0.002619355
1,1,0.9987159
0,1,0.99991655
0,1,0.9838314
0,1,0.99967146
0,1,0.99982053
1,1,0.9999335
0,0,0.3267068
1,0,0.1605254
1,0,0.3524975
0,1,0.99978536
0,1,0.9907165
0,1,0.9999044
0,1,0.9995214
0,1,0.99994504
1,1,0.8956481
0,1,0.9998659
1,1,0.9945695
1,1,0.99817145
1,1,0.99973196
0,1,0.9998628
0,1,0.9998996
0,1,0.96584195
0,1,0.9999435
1,0,0.0001405289
1,1,0.99953425
1,1,0.8395343
0,1,0.9995258
0,1,0.9868635
1,0,0.025348816
1,0,0.00035705417
1,1,0.9997954
0,1,0.9999211
1,1,0.9997024
0,0,0.20154332
1,1,0.99993014
1,0,0.07388794
0,1,0.9998404
1,1,0.9999231
0,1,0.9999201
0,1,0.99993336
1,1,0.99993837
0,1,0.9997577
1,1,0.9997975
0,1,0.99993086
0,1,0.99930644
0,1,0.9998677
0,1,0.9997665
0,1,0.9998958
1,1,0.5004407
1,1,0.86958355
1,1,0.6460964
1,0,0.23879822
0,0,0.010595503
1,0,7.050951e-05
0,1,0.998936
0,1,0.9262725
1,1,0.9989555
1,0,0.22065608
0,1,0.99991226
1,1,0.982154
1,0,4.2320196e-05
0,1,0.99989486
1,0,0.09594029
0,1,0.9998872
1,1,0.9999387
0,1,0.99955314
1,1,0.99613094
0,1,0.99985814
0,1,0.9906086
0,1,0.99953616
0,1,0.9999324
0,0,0.39578304
0,1,0.99994016
0,1,0.9990933
0,1,0.99988735
0,1,0.9973104
0,1,0.9999368
0,1,0.9998981
0,1,0.99982774
0,1,0.99686724
0,1,0.7159468
1,0,0.03225086
1,0,0.005267149
1,1,0.99861085
1,1,0.99873847
0,1,0.9999391
1,1,0.756748
0,0,0.031262
1,0,0.1485475
1,0,7.341002e-05
1,1,0.99990714
0,1,0.9995235
0,1,0.9999069
1,1,0.9997365
0,1,0.9957541
1,1,0.98357487
1,1,0.969927
1,1,0.67478865
1,1,0.9985948
0,1,0.9999287
0,1,0.9976035
0,1,0.9999107
1,1,0.778036
1,1,0.9389582
0,1,0.99954623
0,1,0.9999397
0,1,0.9997974
1,1,0.9939721
0,1,0.9996604
1,1,0.9998319
0,1,0.999728
0,1,0.99110985
1,1,0.9998871
1,1,0.9997831
1,1,0.6663417
1,1,0.8111301
1,1,0.9998859
0,1,0.7114705
0,1,0.9998995
0,1,0.9998603
0,1,0.5506744
0,1,0.99987113
0,1,0.9996538
1,1,0.6045756
0,1,0.9999193
0,1,0.97296417
0,1,0.9997867
1,1,0.99988425
1,0,0.38329974
1,1,0.59902585
1,1,0.81635517
0,1,0.99985623
1,1,0.99760664
0,1,0.99994135
0,1,0.9989454
0,1,0.99934
1,1,0.9999379
0,1,0.99994993
1,1,0.9996176
0,1,0.9978757
0,1,0.999874
1,0,0.004690558
1,1,0.9999473
1,1,0.9997532
1,0,0.48949757
1,0,0.043942425
1,1,0.9927591
0,1,0.827364
1,1,0.99903166
0,1,0.9999298
1,1,0.99986374
1,0,0.018126443
0,1,0.9999131
0,1,0.97828865
1,0,0.0006888339
0,1,0.99974483
0,1,0.99516463
0,1,0.99988043
0,1,0.9786323
1,0,0.04138752
0,1,0.9998946
0,1,0.9999473
1,1,0.9997292
1,1,0.99966025
1,1,0.99836665
0,1,0.99989474
1,1,0.9968465
0,1,0.99835926
0,1,0.99963236
0,1,0.99702567
0,1,0.9999335
0,1,0.99990046
1,0,0.4761526
0,1,0.9971854
0,1,0.9999293
1,1,0.99979085
1,0,0.21062699
0,0,0.0061806175
1,0,0.35463792
1,0,0.075424135
1,0,0.056350026
1,1,0.99872774
1,0,0.0005211254
0,1,0.99989104
1,1,0.99994206
1,0,0.009873966
0,1,0.99977523
0,1,0.9999224
1,0,0.0063406276
0,1,0.9970625
1,0,9.705015e-05
0,1,0.99988997
0,1,0.9809708
1,1,0.94555956
0,1,0.99972767
1,0,0.28978315
0,1,0.9998621
1,1,0.99939466
0,1,0.99993193
1,1,0.9998851
0,1,0.9986551
0,1,0.9999466
0,0,0.17025653
1,0,0.15215848
0,1,0.99989784
1,1,0.99314815
0,1,0.9996319
1,1,0.98709804
1,1,0.9998752
1,0,0.18104102
0,1,0.99992824
0,1,0.9645145
0,1,0.98811346
1,1,0.9590294
0,1,0.99065393
0,1,0.99955577
1,0,0.0017979267
1,1,0.9995902
1,1,0.94056547
0,1,0.9999175
0,1,0.99965787
0,1,0.99993765
1,1,0.99991775
0,1,0.9972531
1,1,0.56762725
0,0,0.028436936
0,1,0.9996685
0,1,0.9997844
1,1,0.9997147
1,0,0.00034992836
0,1,0.98399156
0,1,0.9995621
0,1,0.9999217
1,1,0.99474055
1,1,0.99895656
0,1,0.9999238
0,1,0.9987179
0,1,0.96388406
0,1,0.9998666
1,1,0.9851318
0,1,0.9947299
0,1,0.99948835
0,1,0.9999156
1,0,0.00014784466
1,1,0.99966156
0,1,0.9587637
0,1,0.99994636
1,1,0.9847739
1,1,0.72177535
1,1,0.9991905
1,1,0.7638909
1,0,0.00010416981
1,1,0.9878236
0,1,0.9993074
0,1,0.999925
0,1,0.9999423
1,1,0.88428736
0,1,0.99990654
0,1,0.9915929
1,0,0.060006425
0,1,0.99993515
1,1,0.7937552
0,1,0.99993575
0,1,0.99989474
1,1,0.99993503
1,0,0.043162975
0,1,0.9988349
1,1,0.99136364
0,1,0.9999391
0,1,0.9999485
1,1,0.9998379
1,1,0.9012796
1,0,0.03897969
1,1,0.99961627
0,1,0.9473626
1,0,0.013112396
1,1,0.9995208
0,1,0.98708004
1,0,7.003854e-05
0,1,0.99978906
0,1,0.9999082
1,0,0.13876095
0,1,0.99993336
1,1,0.9768116
1,1,0.647579
0,1,0.99980086
0,1,0.99993944
1,0,0.18883553
0,1,0.99829906
1,1,0.9998797
0,1,0.9999151
1,1,0.9997147
1,1,0.99985254
1,1,0.991503
0,1,0.9709514
1,1,0.9497861
1,0,0.08852705
1,1,0.5315034
0,1,0.99994206
1,0,0.00072850916
0,1,0.9988067
1,1,0.9593471
1,1,0.8494597
1,1,0.99726105
1,1,0.99010193
0,1,0.99169254
1,0,0.0001305957
0,1,0.9244888
0,1,0.9997303
1,0,0.045676507
0,1,0.9998727
0,1,0.9999305
1,1,0.9994
0,1,0.99992275
1,1,0.9884552
0,1,0.99422896
0,1,0.99764353
1,1,0.99993527
1,0,0.00013299106
0,1,0.99899644
0,1,0.9997619
0,1,0.96568143
0,1,0.9999175
0,1,0.95192415
0,1,0.99994814
0,1,0.9998598
0,1,0.99939525
0,1,0.99982613
0,1,0.999821
0,1,0.9998833
1,1,0.9995245
1,1,0.9546397
0,1,0.9999354
0,1,0.99936503
1,1,0.9315822
1,1,0.9778501
1,1,0.9998934
0,1,0.9885539
1,0,0.16299103
1,1,0.99987054
1,0,0.00038977643
0,1,0.9998766
0,1,0.9995467
1,0,0.010514535
1,1,0.9999206
0,1,0.99992836
1,1,0.9998323
0,1,0.9997863
0,1,0.75268173
0,1,0.99994266
1,1,0.92771924
0,1,0.9998791
0,1,0.99966455
1,1,0.9988513
0,1,0.99992466
0,1,0.9999281
0,1,0.99967325
0,1,0.9921864
1,1,0.9896052
1,0,0.44801584
0,1,0.9999018
0,1,0.99991226
0,1,0.99966455
1,1,0.98675215
1,0,7.808013e-05
0,1,0.9998473
0,1,0.9994425
1,1,0.9978884
1,1,0.93591154
1,1,0.9998597
1,1,0.9997899
1,1,0.9992362
1,1,0.9998264
0,1,0.9997893
1,0,0.049013592
0,1,0.9995683
0,1,0.95923734
1,1,0.9982095
0,1,0.9821783
1,1,0.99993885
1,1,0.99856585
1,0,0.19670998
1,1,0.99990475
0,1,0.9648322
1,1,0.99296206
1,0,0.36413744
1,0,0.41809794
0,1,0.9992244
0,0,0.1613474
0,1,0.9999261
1,1,0.9999274
1,1,0.89816886
1,0,0.008117891
0,1,0.9998833
1,1,0.9994271
1,1,0.9998883
1,1,0.9999269
0,1,0.99883956
0,1,0.99990416
0,1,0.99989176
1,1,0.99046963
1,1,0.9995945
1,1,0.9104368
0,1,0.89383066
0,0,0.44605199
1,1,0.9995135
0,1,0.9999392
0,1,0.89445597
1,1,0.9699831
1,1,0.9999459
0,1,0.99634796
1,1,0.67818516
0,1,0.99980646
0,1,0.9997956
1,0,0.17622049
0,1,0.99987364
0,1,0.9999238
0,1,0.999902
0,1,0.9998759
0,1,0.99829036
1,0,0.37820354
1,1,0.9230784
0,1,0.9998592
0,1,0.99985063
1,1,0.9903729
0,1,0.9992017
1,0,0.07356382
1,1,0.9995041
1,1,0.99960154
1,1,0.6795567
1,1,0.9934505
1,1,0.99994504
0,1,0.99994373
1,0,0.3144899
0,1,0.9390083
1,0,0.037316266
1,1,0.89212096
1,1,0.99992096
0,1,0.9997701
1,1,0.99993765
0,1,0.9992963
0,1,0.9722874
0,1,0.999775
1,0,0.0062040407
0,1,0.9998578
0,1,0.9979583
1,1,0.99485624
1,0,0.028444972
0,1,0.9994783
0,1,0.9998801
1,1,0.98548394
0,1,0.9999051
0,1,0.99991417
1,1,0.99951136
0,1,0.99994016
1,1,0.99692315
0,1,0.99993443
0,1,0.99375474
0,1,0.999819
1,1,0.99921644
0,1,0.99956197
1,1,0.99987745
0,1,0.9999474
0,1,0.99114007
1,0,0.36497504
1,0,0.0029991402
0,0,0.049768034
1,1,0.55451536
1,1,0.99984455
0,1,0.9993517
1,1,0.999938
0,1,0.99988556
1,1,0.9998987
1,1,0.9999268
0,1,0.99913245
0,1,0.99992514
1,1,0.9999169
0,1,0.9980149
1,1,0.997609
1,0,0.02664066
0,1,0.99279046
1,1,0.56262434
1,0,0.21438082
0,1,0.7889635
1,1,0.99982846
1,1,0.98796695
1,0,0.0033485643
1,1,0.9998995
1,1,0.9810481
0,1,0.9998565
0,1,0.99987864
0,1,0.9983719
1,0,0.010846234
1,0,0.39212972
1,1,0.9865085
1,1,0.9996209
0,1,0.8960785
0,1,0.9865984
0,1,0.9996872
1,0,0.0029419204
1,0,0.0046739588
1,0,0.00039270511
1,0,0.00015049735
1,1,0.80872303
1,0,0.00028646868
1,0,0.033363663
0,1,0.9999118
0,1,0.9987569
0,1,0.9999188
0,1,0.9998386
1,1,0.991384
0,1,0.9998703
1,1,0.9964527
1,0,0.00013327303
1,0,4.2570424e-05
1,1,0.8757586
1,1,0.9897766
1,1,0.9997181
1,1,0.99833906
1,1,0.89283293
1,1,0.99806434
0,1,0.99775946
1,1,0.99991786
0,1,0.99982256
1,1,0.99107087
0,1,0.99991035
1,0,5.6001223e-05
0,1,0.99987674
0,1,0.9998055
1,0,0.0001854546
0,1,0.60999656
1,0,0.18277144
0,1,0.9994999
1,1,0.9996555
0,1,0.99991274
0,1,0.6061105
1,1,0.99950576
1,1,0.99897975
0,1,0.99991155
0,1,0.8274328
0,1,0.9997545
1,1,0.99983644
1,1,0.93373376
0,1,0.99994123
0,1,0.999931
0,1,0.9999379
0,1,0.9999355
1,1,0.99870455
0,1,0.9998172
1,1,0.99913055
0,1,0.9993795
1,0,0.3575975
1,1,0.999716
0,0,0.087474085
0,0,0.3887128
1,1,0.99991465
1,1,0.56037545
0,1,0.9998344
0,1,0.9999261
0,1,0.9999192
1,1,0.99943584
1,0,5.5956225e-05
1,1,0.9993461
1,0,0.09381943
1,0,0.43141693
0,1,0.99982005
0,1,0.9998909
0,0,0.046124186
1,1,0.53528935
0,1,0.99991477
0,1,0.9999201
0,1,0.99991226
1,1,0.98515874
0,1,0.96871436
1,1,0.9673935
1,1,0.88964945
0,1,0.51861054
0,1,0.9999056
0,1,0.9018115
1,1,0.9998908
0,1,0.9998579
1,1,0.999488
1,1,0.99149597
0,1,0.999943
0,1,0.9881892
0,1,0.9608969
1,0,0.019957228
0,1,0.99993587
1,1,0.99991965
0,1,0.99986744
1,1,0.9998965
0,1,0.9998938
1,0,0.0633287
0,1,0.99993634
1,1,0.99969995
0,1,0.9999039
1,1,0.5930042
0,1,0.99992263
1,0,0.12338582
0,1,0.99980587
1,1,0.99665856
0,1,0.99991655
1,0,0.00032350243
1,1,0.9545683
0,1,0.9987919
0,1,0.99968886
1,1,0.8793324
0,1,0.9997403
0,1,0.9996666
0,1,0.9956488
1,1,0.99960405
0,1,0.99979705
0,1,0.9909478
0,1,0.9999348
0,1,0.99987054
0,1,0.99981946
0,1,0.9976388
0,1,0.99991965
0,1,0.98703766
0,1,0.9998729
0,1,0.9946784
1,0,7.3999e-05
1,1,0.99882406
0,1,0.99684566
0,1,0.9998826
1,1,0.6476488
0,1,0.9807422
1,1,0.7504767
1,1,0.5366694
0,1,0.99870384
1,1,0.9999367
0,1,0.99875915
1,1,0.89331293
1,0,0.030041743
1,1,0.9999294
1,0,0.08284666
1,1,0.9999479
1,1,0.98807377
0,1,0.9975732
1,0,4.2263975e-05
1,1,0.99985325
0,1,0.99985516
0,0,0.014780963
0,0,0.32910413
1,1,0.9947936
0,1,0.99987507
0,1,0.99631137
0,1,0.99433255
1,0,0.42249715
0,1,0.9999362
1,1,0.9970004
1,0,0.30210012
1,1,0.99987006
0,1,0.99978286
1,1,0.9997054
1,1,0.99990535
1,0,0.27658924
1,1,0.694275
1,0,0.006647495
1,1,0.98733914
1,1,0.99972373
0,1,0.9908292
1,0,0.000179853
0,1,0.9994336
0,1,0.99742943
1,1,0.6259113
0,1,0.99992895
0,1,0.99988544
0,1,0.8813773
1,0,0.2713173
0,1,0.99822897
0,1,0.9999243
1,1,0.76437104
1,1,0.9974995
0,1,0.9998994
0,1,0.99992716
1,0,0.21230252
0,1,0.9971961
1,1,0.9996251
0,1,0.96474606
1,1,0.9999304
1,1,0.96987075
0,1,0.9992668
0,1,0.99945146
0,1,0.9739134
0,1,0.9998691
0,1,0.9998783
0,1,0.9999094
0,1,0.9999461
1,1,0.9999254
1,1,0.9999081
0,1,0.99234104
0,1,0.80900264
0,1,0.9093412
0,1,0.9990969
0,1,0.99990165
1,0,0.0066871913
0,1,0.9999329
0,1,0.9999119
0,1,0.99599177
1,1,0.56363004
1,1,0.99989367
1,1,0.999944
0,1,0.9999256
0,1,0.9999262
0,1,0.99985766
1,0,0.004005466
1,1,0.98884344
1,1,0.88022995
1,1,0.9999014
1,0,0.019580526
0,1,0.99989855
0,1,0.9994748
1,1,0.9990736
0,1,0.99347055
0,1,0.9999157
0,1,0.9999125
1,1,0.99415106
0,1,0.9997464
0,1,0.99991095
0,1,0.9994286
0,1,0.99993503
0,1,0.99991083
0,0,0.0021375522
1,0,0.0012594351
0,0,0.10594259
0,1,0.9999347
1,1,0.988988
1,0,4.5143155e-05
0,0,0.00063771004
1,1,0.9999429
1,0,0.0009239691
1,1,0.96636313
0,1,0.99993825
1,1,0.9901811
1,0,0.011272104
1,1,0.9997131
0,1,0.9999118
1,0,0.35880437
1,0,0.025626812
0,1,0.9693704
0,1,0.93261087
0,1,0.92379296
1,1,0.68683755
1,0,0.1807777
0,1,0.99989223
1,1,0.9977982
1,1,0.9625382
1,0,0.0010028115
1,0,0.025806135
1,1,0.8099857
1,1,0.99795926
0,1,0.99987423
1,1,0.9996107
0,1,0.9982835
0,1,0.9877758
0,1,0.78163946
1,1,0.9998728
1,0,0.0003142471
0,1,0.99990726
1,1,0.9999361
0,0,0.0006593287
1,1,0.999931
1,1,0.99994457
0,1,0.99674064
1,0,0.00012823188
0,1,0.50742614
0,1,0.9996996
0,1,0.89126295
1,1,0.9998287
0,1,0.9998281
1,1,0.9999466
0,1,0.6277229
1,0,0.009887392
1,1,0.99994075
1,1,0.5917005
1,0,2.9921439e-05
1,1,0.9435801
1,1,0.99671894
1,1,0.93908143
0,1,0.9999043
0,1,0.99994004
0,1,0.99976784
1,0,0.00028781177
1,1,0.9964546
1,1,0.9983321
1,0,0.10024348
0,1,0.9996691
1,1,0.99994135
0,1,0.9971174
1,0,0.0003269001
0,1,0.9998361
0,1,0.9998505
0,1,0.9993575
1,0,0.2173374
0,1,0.9402614
0,1,0.9998363
1,1,0.99994147
1,1,0.9997615
0,1,0.9971951
0,1,0.69805837
0,1,0.9999094
0,1,0.9999453
0,1,0.9999293
0,1,0.9996724
1,1,0.99987113
0,1,0.6729068
1,1,0.9996208
0,0,0.4791591
1,1,0.67523354
1,1,0.9998215
1,1,0.9999088
0,1,0.9999007
0,1,0.9945802
1,1,0.9934371
0,1,0.99977964
0,1,0.99992883
1,0,0.04895653
1,0,0.000949644
1,0,0.2624978
1,0,0.0569068
1,1,0.9999454
1,0,0.23586565
1,0,0.26086873
0,0,0.0067344178
0,1,0.98551786
0,1,0.9997496
1,1,0.9999095
1,1,0.9993092
1,1,0.99992466
0,1,0.99284744
1,1,0.9151964
1,0,0.00054034544
0,1,0.9999243
1,0,0.48682427
1,0,7.824508e-05
0,1,0.9999466
1,0,0.043519367
1,1,0.99994624
1,1,0.8360076
0,1,0.99982554
1,1,0.9999192
0,1,0.9998795
0,0,0.031629845
1,1,0.84994286
0,1,0.99903786
0,0,0.29986244
1,1,0.8433886
0,1,0.9999424
0,1,0.99976295
1,0,0.40488464
1,1,0.8996569
0,1,0.99991715
1,1,0.9997876
1,0,0.00030747944
1,1,0.99443084
1,1,0.9294724
0,1,0.9998549
1,1,0.8931588
1,1,0.99965024
0,1,0.99988985
1,1,0.98583776
1,0,0.0009485359
1,1,0.9996037
1,1,0.9561487
1,1,0.99930024
0,1,0.9937425
0,1,0.99993694
0,1,0.99977297
0,1,0.9924313
0,1,0.99989176
1,1,0.74151486
0,1,0.9988972
1,1,0.99990284
1,1,0.9999454
1,0,0.30389124
1,0,0.49459442
0,1,0.9999021
0,1,0.99989295
0,1,0.99977726
1,1,0.99856454
0,1,0.99807787
1,1,0.83091295
0,1,0.9998821
0,1,0.9778121
0,1,0.9999095
1,0,0.13855319
1,1,0.941598
0,1,0.9999317
0,1,0.9999409
0,1,0.9998727
0,1,0.99842453
0,0,8.384255e-05
0,1,0.99934036
0,1,0.5924597
0,1,0.9995066
0,1,0.9998964
0,1,0.99748
1,1,0.99991155
1,0,0.1328778
0,1,0.9998388
0,1,0.9999312
1,0,0.24239635
1,1,0.99978703
0,1,0.99994206
1,0,0.14660597
1,1,0.9053325
0,1,0.9969216
0,1,0.99992514
1,1,0.99046105
1,1,0.91892016
1,1,0.99272317
0,1,0.999943
1,1,0.9949167
0,1,0.9997116
0,1,0.9999268
1,0,0.022726398
1,0,0.33559933
1,1,0.9999267
0,1,0.6807608
0,1,0.9999163
0,1,0.99910873
0,1,0.99994457
1,1,0.9994728
1,1,0.53760093
0,1,0.992572
0,1,0.99938726
0,1,0.9999355
1,1,0.97364455
0,1,0.9997391
0,1,0.9998834
0,1,0.9985025
1,0,0.12272476
1,1,0.99918777
1,1,0.9971915
0,1,0.99970764
1,0,0.0014857436
1,1,0.9705382
0,1,0.9993304
1,1,0.5872025
0,1,0.9998982
1,1,0.9999082
0,1,0.75471926
1,1,0.9994723
1,1,0.9964393
1,1,0.8968156
0,1,0.99982625
0,1,0.9999424
1,1,0.99969566
0,1,0.99986064
1,1,0.9299704
1,0,7.420145e-05
1,0,0.14450075
1,0,0.016175356
1,1,0.99984694
1,0,0.26871794
1,1,0.9990671
1,1,0.999097
1,1,0.9502814
0,1,0.9998907
0,1,0.9999144
0,1,0.999918
1,1,0.975355
0,1,0.9979036
1,1,0.95336705
0,1,0.90709937
0,1,0.9998448
1,1,0.61165243
0,1,0.99613476
0,1,0.9998746
1,1,0.8854496
1,1,0.99701
1,1,0.99915385
1,1,0.99991906
0,1,0.99993134
0,1,0.96160686
0,1,0.9999027
0,1,0.99991083
0,1,0.9999285
0,1,0.99994755
1,1,0.97965163
1,1,0.9891228
1,1,0.99532497
1,1,0.9794501
1,1,0.9999399
0,1,0.9979113
1,1,0.5344316
1,1,0.99986625
1,0,0.41635296
1,0,0.08371503
1,0,0.4321627
0,1,0.99992824
0,1,0.9997795
0,1,0.9999372
0,1,0.99973804
0,1,0.9879694
1,1,0.8274077
1,1,0.99978596
1,0,0.00026217283
0,1,0.8921885
0,1,0.99957114
0,1,0.9999392
0,1,0.9988166
1,0,0.022285024
1,1,0.8105707
1,1,0.9119292
1,1,0.9999455
1,0,0.0013846292
1,0,0.00017477367
0,1,0.9991014
0,1,0.9997243
0,1,0.9454295
1,1,0.9998136
1,0,0.0019424437
1,0,0.20089047
0,1,0.9999279
0,1,0.99925166
0,1,0.99985564
0,1,0.9998909
0,1,0.9931966
1,0,0.006801299
0,1,0.56447524
1,1,0.99976856
1,0,0.29051208
0,1,0.99262154
0,1,0.99978036
1,1,0.86935157
0,1,0.9999349
1,1,0.99986947
1,0,0.48713702
0,1,0.99993885
1,1,0.8445923
0,1,0.9998945
1,0,0.014310156
1,0,0.00019770557
1,0,0.00012024834
1,0,0.25778118
0,1,0.9994549
0,1,0.7799202
1,1,0.8154918
0,1,0.9966557
0,1,0.99966276
0,1,0.9975763
1,0,0.005329452
0,0,0.39744747
0,1,0.98055893
0,1,0.99960643
1,1,0.99970144
0,1,0.99992263
1,1,0.9690461
0,1,0.9985096
1,1,0.9254501
0,1,0.99976164
0,1,0.99905676
1,1,0.99993813
1,1,0.8964176
1,0,0.07074739
1,0,0.22464864
0,1,0.99965096
0,1,0.99990654
1,1,0.99537414
0,1,0.99988866
0,1,0.99993694
1,1,0.99773043
0,1,0.99075764
1,1,0.99980444
0,1,0.9999374
0,1,0.99988234
0,1,0.9999292
0,0,0.081290714
1,0,0.0010067099
1,1,0.9866766
0,1,0.9998596
0,1,0.99607986
1,1,0.6842461
0,1,0.99973065
1,0,0.0058926186
0,1,0.7240854
0,1,0.9998192
0,1,0.994562
1,0,0.2072048
0,1,0.9450661
1,1,0.9994555
1,0,0.000252663
1,1,0.99988794
1,1,0.5795534
1,1,0.9963481
0,1,0.999948
0,1,0.9997882
0,1,0.999796
0,1,0.9988072
0,1,0.9976291
1,1,0.99222857
1,0,0.038790103
0,1,0.9999341
0,1,0.99211454
1,1,0.99936074
1,0,0.15697867
1,1,0.99993837
1,1,0.99795794
1,1,0.99992347
1,0,0.22788692
0,1,0.9996426
1,1,0.9999485
0,1,0.9998388
1,0,0.083611295
0,1,0.999824
1,0,0.03264585
1,1,0.9999434
1,1,0.9999379
1,1,0.7344025
1,0,0.0005590015
1,0,0.00023090442
0,0,0.060428478
1,1,0.99893075
0,1,0.9997191
0,1,0.99991786
0,1,0.57958
0,1,0.99951684
1,1,0.99983
1,1,0.9989452
1,0,0.00022811918
0,1,0.5200289
1,0,0.38125265
0,1,0.9999329
1,0,0.0010180727
0,1,0.9999124
1,1,0.99065316
1,1,0.99986744
0,1,0.9998764
0,1,0.9998925
0,1,0.9999505
0,1,0.99985254
0,0,0.34967044
0,1,0.9988681
0,1,0.9999225
1,0,0.09959415
0,1,0.5442813
1,1,0.9953631
0,1,0.99985445
0,1,0.9998816
1,1,0.9877138
1,1,0.83683616
1,1,0.68630826
0,1,0.99949217
1,1,0.9977556
1,0,0.03720038
0,1,0.99993134
0,1,0.9999423
0,1,0.9999347
1,1,0.999926
0,1,0.6115889
1,1,0.9991186
0,1,0.62527984
0,1,0.99991083
0,1,0.99970055
0,1,0.9990563
1,0,0.016711721
0,1,0.9917498
1,1,0.99978286
1,0,0.1909847
0,1,0.99993885
1,1,0.99943703
1,1,0.9999335
1,1,0.66275126
1,0,0.00070197135
0,1,0.9999391
0,1,0.9678435
0,1,0.999949
1,0,0.23176558
0,1,0.99994254
0,1,0.99993443
1,0,0.15463595
1,1,0.94407874
1,1,0.99965215
1,0,0.28988895
1,1,0.9969683
0,1,0.9998068
1,1,0.99993885
1,1,0.99979717
0,1,0.99974245
1,0,0.3580825
0,1,0.99535805
1,0,0.25096363
0,1,0.99979705
0,1,0.98272634
0,1,0.9984484
0,1,0.999941
0,1,0.9999193
1,0,0.00015070845
0,1,0.9999244
0,1,0.9999424
0,1,0.6071625
0,1,0.9992939
1,1,0.6630578
0,1,0.9989974
0,1,0.99410653
1,1,0.9999274
1,1,0.9981098
0,1,0.99928194
0,1,0.99991417
0,1,0.99924123
1,0,0.07655931
1,1,0.8305744
0,1,0.9998209
0,1,0.96257454
0,1,0.99993956
0,1,0.99274933
0,1,0.9999076
1,0,7.179417e-05
1,1,0.84088683
1,1,0.9885794
0,1,0.9945094
1,1,0.973781
1,1,0.99874383
1,0,6.3089166e-05
0,1,0.9999126
1,1,0.9845019
1,0,0.0007117959
0,1,0.99974865
1,0,0.038661584
0,1,0.9990426
1,0,0.16643195
0,1,0.9666299
0,1,0.8063496
0,1,0.99994314
1,1,0.85697854
0,1,0.997531
0,1,0.99980575
1,0,0.012772162
0,1,0.96368235
1,1,0.86148006
1,0,0.407157
1,1,0.7962789
0,1,0.99937636
0,1,0.9997521
0,1,0.95915186
1,1,0.6135799
1,1,0.9453824
0,1,0.9999455
1,1,0.9666663
1,0,0.3145726
0,1,0.9998165
1,1,0.9999336
0,1,0.99984884
1,1,0.9999484
1,1,0.5772008
0,1,0.99993956
0,1,0.9998412
0,1,0.99993634
0,1,0.9999031
1,1,0.9999459
0,1,0.9999372
1,0,0.023459196
1,0,0.14633918
1,1,0.9016361
1,1,0.9989832
0,1,0.8467178
1,1,0.71447873
1,1,0.9999286
0,1,0.9999367
1,0,0.0020571023
0,1,0.9999274
0,1,0.9998888
0,1,0.999889
1,1,0.9992306
0,1,0.9872602
0,1,0.9995702
0,1,0.9999323
0,1,0.9948724
0,1,0.9999168
0,1,0.9441603
0,1,0.99970347
0,1,0.9998641
0,1,0.99968934
1,1,0.9501473
1,1,0.99972945
1,0,0.085723296
1,1,0.99995303
0,1,0.99989295
0,1,0.9998305
0,1,0.99975485
1,1,0.99970055
1,1,0.9680799
1,0,0.016583517
0,1,0.9999242
1,1,0.7906564
0,1,0.9999294
1,1,0.99984837
0,1,0.99874204
0,1,0.9998971
1,0,0.00048170687
0,1,0.99331737
0,1,0.9996691
1,0,0.000408048
0,1,0.9999504
0,1,0.99922013
1,1,0.9952583
0,1,0.9992767
0,1,0.9998821
0,1,0.99936646
1,1,0.95818216
1,0,0.040530186
1,1,0.9999418
0,1,0.9999409
0,1,0.97914165
0,1,0.9997658
0,1,0.9913379
0,1,0.9606103
0,1,0.9976133
0,1,0.9997445
1,0,0.05863674
0,1,0.99139637
0,1,0.99941194
0,1,0.9996136
1,0,0.2240734
1,1,0.56596154
0,0,0.024627745
1,1,0.9998665
1,0,0.02260953
0,0,0.0016975503
1,1,0.9921595
0,1,0.99992216
1,1,0.999894
1,0,0.014986911
1,0,0.014826389
1,1,0.99981934
1,1,0.99991596
1,1,0.9998055
1,1,0.99994874
1,1,0.99905425
0,1,0.83175874
1,1,0.99845207
0,1,0.999629
0,1,0.99994075
0,1,0.9999169
1,1,0.99652207
1,1,0.8699383
1,1,0.9874434
0,1,0.9999269
0,1,0.9991048
1,1,0.9988764
0,1,0.99987423
0,1,0.99682295
0,1,0.9998511
1,1,0.99993765
0,1,0.97082585
1,1,0.9999163
0,1,0.99970526
0,1,0.9887186
1,0,0.2884729
1,1,0.99601364
1,0,0.02122651
1,0,0.000110472036
1,1,0.78136694
1,0,0.058402795
0,1,0.9987413
1,1,0.73159236
0,1,0.99511456
1,1,0.99955016
0,1,0.9999157
0,1,0.9999089
0,1,0.9999181
0,1,0.9998018
1,0,0.011100385
1,0,0.2543725
0,1,0.88506395
0,1,0.8316925
0,1,0.99993336
1,0,0.0003303851
0,1,0.66203916
0,1,0.99993384
1,1,0.99992836
0,1,0.9999033
1,1,0.99995065
1,0,0.005820462
1,1,0.99837756
0,1,0.96414346
0,1,0.99993694
0,1,0.99991333
0,1,0.9999126
0,1,0.99993944
1,1,0.9989196
1,1,0.9990044
0,1,0.99985635
0,1,0.99677163
1,0,0.00021931592
1,0,0.1691132
0,1,0.9998272
1,0,0.033664502
1,1,0.9730958
1,1,0.99979776
1,1,0.9999331
0,1,0.9998455
1,1,0.9993536
1,1,0.9991775
1,1,0.993323
1,0,0.12113515
0,1,0.99979025
0,1,0.9995833
1,1,0.98561144
0,1,0.9997181
0,1,0.9968934
0,1,0.999918
0,1,0.99988806
0,1,0.7744665
0,1,0.99993753
0,1,0.9999329
0,1,0.9998332
1,0,0.20444666
1,0,0.0013949781
0,1,0.99986315
1,1,0.95801353
0,1,0.95505476
0,1,0.6615991
1,0,0.19270015
1,0,0.0047402233
1,0,0.3613538
0,1,0.99994266
0,1,0.9999387
0,1,0.99912673
1,0,0.36886457
0,1,0.9998783
0,1,0.99986637
0,1,0.99961346
0,1,0.9999416
0,1,0.9912612
1,0,0.0001205965
0,1,0.99974114
0,1,0.7760105
0,1,0.99916553
0,1,0.9993692
1,1,0.9983058
0,1,0.9999225
0,1,0.99976903
1,1,0.9998435
1,1,0.9999256
0,1,0.9937058
0,1,0.9999194
0,1,0.8197143
1,1,0.7409796
0,1,0.9997869
1,0,0.29457793
1,1,0.99875534
0,1,0.99986136
1,0,0.018348772
0,1,0.9999145
1,1,0.99923015
0,1,0.9999298
0,1,0.9988966
0,1,0.9998915
1,1,0.99992824
1,0,0.19253068
0,1,0.99975115
1,1,0.99620456
1,1,0.9722064
0,1,0.999843
1,0,0.09720419
1,1,0.9995009
1,1,0.97747505
0,1,0.99991226
1,0,0.00016020022
0,1,0.9795674
0,1,0.9980052
0,1,0.9998253
0,1,0.99919134
1,1,0.9997693
1,1,0.99994695
1,0,0.0684216
1,0,0.03425209
1,1,0.9998902
0,1,0.9997619
0,1,0.99980074
0,1,0.9644416
1,1,0.99185646
1,1,0.9582276
0,1,0.9982911
1,1,0.9999279
1,1,0.9998574
0,1,0.99886596
0,1,0.99991786
1,0,0.48153812
0,1,0.99985313
1,1,0.98500836
0,1,0.99986553
1,0,0.037495177
0,1,0.924381
1,0,0.07065804
0,1,0.99967706
1,1,0.9999473
0,1,0.9998909
0,1,0.9998846
1,1,0.99988306
0,1,0.99961025
1,0,0.006802565
0,1,0.99984896
1,1,0.9999225
0,1,0.9998754
0,1,0.9999511
0,1,0.99994946
1,1,0.99987507
1,1,0.9998746
1,0,0.0913692
1,1,0.99954575
1,1,0.99981076
1,1,0.9814268
1,1,0.98978746
0,1,0.9886791
1,0,0.00094514264
0,1,0.9943745
0,0,0.017349036
0,1,0.99988806
1,0,0.4822406
1,0,0.2086577
0,1,0.999388
1,0,0.052991796
1,1,0.9999105
0,1,0.9999175
1,1,0.9964586
0,1,0.99771273
1,0,0.49976406
1,0,0.16228075
0,1,0.7992833
1,1,0.9999248
1,1,0.99932575
1,1,0.9771962
1,1,0.93937886
1,0,0.33727348
0,1,0.99020725
0,1,0.9710397
0,0,0.47133753
1,1,0.7874758
1,1,0.9997911
0,1,0.9999356
1,0,0.2386118
0,1,0.9994253
0,1,0.99993813
0,1,0.9999391
0,1,0.99966514
1,1,0.9841861
0,1,0.9998405
0,1,0.99993396
1,1,0.9916306
0,1,0.99992645
0,1,0.9997316
1,0,0.0017073432
1,1,0.9993923
0,1,0.99989605
1,1,0.9998729
0,1,0.9998417
1,1,0.998408
1,1,0.8168996
1,1,0.95615184
0,1,0.99973387
0,1,0.9998703
0,1,0.999846
0,0,0.012018812
1,1,0.9998851
0,1,0.9998679
0,1,0.99929607
0,1,0.99995077
1,1,0.9999387
0,1,0.99589574
1,0,0.019812422
0,1,0.99778277
0,1,0.9990693
1,1,0.74411863
1,0,0.0023007449
0,1,0.9997862
0,1,0.9997429
0,1,0.99972373
0,1,0.9993674
1,1,0.99994874
0,1,0.99988997
0,1,0.99977607
0,1,0.99880135
0,1,0.9986217
1,1,0.9999324
1,1,0.9787466
1,1,0.6359735
0,1,0.9999268
0,1,0.99993885
1,1,0.9288453
1,0,0.2633931
1,1,0.999731
0,1,0.9997793
1,1,0.9809729
0,1,0.9993482
1,1,0.8976959
0,1,0.9999205
1,1,0.98719317
1,0,0.023312068
0,1,0.9889559
0,1,0.99965096
0,1,0.9999013
0,1,0.997242
0,1,0.9999354
0,1,0.9997825
0,1,0.9999143
0,0,0.16574314
1,0,0.22141507
0,1,0.9999465
0,1,0.9995047
1,1,0.999905
0,0,0.27026498
0,1,0.9991479
0,1,0.99994814
1,0,0.35619617
1,0,0.0038840799
1,0,0.047112267
1,1,0.98216796
0,1,0.9994522
1,1,0.9027213
1,1,0.9997594
1,1,0.9992467
1,0,0.0009722567
1,1,0.99987936
1,1,0.88134384
0,1,0.9999362
0,1,0.58408916
1,0,0.007942825
1,0,0.35583192
1,1,0.9913777
0,1,0.6995491
0,1,0.99992085
1,0,0.004443481
1,1,0.9998802
0,1,0.9998889
1,1,0.6844627
1,1,0.9318406
1,1,0.9999378
0,1,0.99875546
1,1,0.9998691
1,0,0.0033518968
1,1,0.56194866
1,1,0.999506
0,1,0.99969053
0,1,0.8326219
0,1,0.99993145
0,1,0.9974986
0,1,0.9999312
1,1,0.99992716
0,1,0.9984295
0,1,0.99969995
1,0,0.026266688
0,1,0.99966156
1,1,0.99994385
1,0,7.8939294e-05
0,1,0.9688488
1,0,0.45019978
0,0,0.21798445
0,1,0.9999397
0,1,0.9998299
1,0,0.23487361
1,1,0.9980269
1,1,0.9982249
1,1,0.999879
0,1,0.999892
0,1,0.9835136
1,1,0.99904794
0,1,0.9949805
1,0,0.0001369325
0,1,0.9998692
0,1,0.99990284
0,1,0.9999187
0,1,0.99971515
0,0,0.0038273511
1,1,0.99968886
0,0,0.13994999
0,1,0.9386026
1,0,0.48395073
0,1,0.999648
0,1,0.97588366
0,1,0.9999312
1,0,0.00012014839
1,1,0.9897718
0,1,0.9625273
0,1,0.9985114
1,1,0.89341825
1,1,0.5306446
0,1,0.9998091
1,1,0.9992662
0,1,0.9999418
1,0,0.017330065
0,1,0.99993205
0,1,0.9963399
1,1,0.5725024
1,1,0.99230814
1,0,0.2174687
0,1,0.9997954
1,1,0.9999403
0,1,0.99994254
1,0,0.2834461
0,1,0.99951303
1,1,0.6918306
1,1,0.99769324
1,1,0.9667887
0,1,0.99994266
0,1,0.9997104
0,1,0.9998404
1,0,0.034114886
0,1,0.99033153
1,1,0.50685847
1,1,0.99994874
0,1,0.9999304
0,1,0.99968684
1,1,0.9999416
1,0,0.007757192
1,1,0.9297371
1,0,0.0006653592
1,1,0.9988458
0,1,0.9985825
0,1,0.999481
0,1,0.9734298
1,1,0.9972029
0,1,0.9982742
1,0,0.0001204634
1,1,0.9998599
0,1,0.99979585
0,1,0.9964547
1,1,0.9999093
0,1,0.99291503
0,1,0.975111
0,1,0.6850247
0,1,0.99987555
0,1,0.9994252
0,1,0.9988549
0,1,0.99918455
0,1,0.9995245
0,1,0.99989736
0,1,0.9989679
0,1,0.9997098
1,1,0.9985713
1,0,0.20681505
1,1,0.9999256
1,1,0.91978145
1,1,0.9999527
0,1,0.99752194
1,1,0.7212268
0,1,0.99982244
0,1,0.99974936
0,1,0.8959055
0,1,0.99983466
1,0,0.4712867
1,1,0.9999416
0,1,0.9998561
0,0,0.11670177
1,0,0.0018950197
0,1,0.9951874
0,1,0.9998318
0,1,0.99984336
1,0,0.021715954
1,1,0.9999137
1,1,0.9677787
1,1,0.999506
0,1,0.9997217
1,1,0.9998084
0,1,0.999941
1,0,0.00023851305
0,1,0.9966275
1,1,0.7380594
1,0,0.0009161945
0,1,0.9998822
1,0,0.34684202
1,1,0.67097557
1,1,0.99949515
0,1,0.6602752
0,1,0.9807242
1,0,0.12727232
0,1,0.9994368
1,1,0.915763
1,1,0.99992657
1,1,0.99583286
1,1,0.9751663
1,1,0.7956654
1,1,0.99964046
1,1,0.9999505
0,1,0.99913555
0,1,0.9999465
1,1,0.99382025
0,1,0.99975234
1,1,0.9999232
0,1,0.9999473
0,0,0.014046144
1,0,0.39370617
1,0,0.027858201
0,1,0.99762326
1,0,0.052120246
0,1,0.9997638
0,1,0.9999397
0,1,0.9999324
1,0,0.00079643656
0,1,0.80500734
1,0,0.0005146055
1,1,0.8662361
0,1,0.9998313
1,0,0.004976114
0,1,0.94469553
0,0,0.48231643
1,1,0.99978894
1,1,0.9999385
1,1,0.89202815
1,1,0.99942684
1,1,0.99986064
0,1,0.99985814
0,1,0.99986506
0,1,0.9999398
0,1,0.99992025
0,1,0.9982876
0,1,0.99773127
1,0,0.15115641
1,1,0.74299794
0,1,0.99992347
1,0,0.005897889
0,1,0.999889
0,0,0.14676788
1,0,0.005497699
1,1,0.99963796
1,1,0.58107704
1,0,0.0002887939
1,0,0.47049856
1,1,0.9578129
0,1,0.99994326
1,0,0.31922442
0,1,0.99983287
1,0,0.18609835
1,1,0.98220867
0,1,0.9999052
1,1,0.917012
0,1,0.99990606
1,1,0.99861825
0,0,0.016537651
0,1,0.9996213
0,1,0.99542326
1,1,0.998725
0,1,0.99975914
1,1,0.9994374
1,1,0.9071217
1,1,0.9999223
0,1,0.9977125
0,1,0.9998934
0,1,0.99882096
0,1,0.99986017
1,1,0.59546226
0,0,0.41364893
1,0,0.053324558
0,1,0.9898044
0,1,0.99976176
0,0,0.06192702
1,1,0.99990404
0,1,0.99976
1,1,0.9999366
0,1,0.99987936
0,1,0.9999256
0,1,0.9999324
0,1,0.9997905
0,1,0.98644674
1,0,0.058300693
0,1,0.9875722
0,1,0.9999181
1,1,0.9999436
0,1,0.9998128
0,1,0.999874
1,1,0.9999503
1,1,0.6267701
0,1,0.9997805
0,1,0.99885285
1,1,0.9994357
1,1,0.9517547
0,1,0.99993944
0,1,0.563633
0,1,0.9999014
0,1,0.9981446
1,0,0.023584476
0,1,0.9967116
0,1,0.97875357
0,1,0.99989843
0,1,0.9998636
1,1,0.81348306
1,1,0.9308658
1,0,0.3009241
1,1,0.9969838
1,1,0.81505674
0,1,0.99950993
1,0,0.13133742
0,1,0.99994814
1,0,0.027521884
1,0,0.053775657
0,1,0.99990964
0,1,0.94837016
1,0,0.001593284
1,1,0.99991417
1,0,0.06424499
1,0,0.35567492
0,1,0.9999287
1,1,0.9998673
0,1,0.99993837
0,1,0.9999404
0,1,0.9976851
1,1,0.99771285
1,0,0.0017769538
0,1,0.9616505
0,1,0.9997929
1,1,0.86637145
0,1,0.5461145
1,1,0.99891853
1,1,0.999881
1,1,0.9999342
1,1,0.99838877
0,1,0.96345586
1,1,0.9993069
0,1,0.9996377
1,1,0.99974364
1,1,0.6409459
0,1,0.99965715
1,1,0.9962733
1,1,0.9991875
1,0,0.042446546
1,0,0.00022265187
1,1,0.99204975
0,1,0.99959904
1,1,0.99804544
0,1,0.9999405
1,1,0.97835344
1,0,0.10509666
0,1,0.99993026
0,1,0.8277257
1,1,0.9905247
0,1,0.9973537
0,1,0.9998117
1,1,0.96988624
1,0,7.173067e-05
0,1,0.99991393
1,1,0.9999057
1,1,0.97201633
1,1,0.99841785
1,1,0.9968267
1,1,0.9999398
0,1,0.9983223
0,1,0.99783736
0,1,0.99989796
0,1,0.9989436
1,1,0.77890253
1,1,0.9998627
1,1,0.9960324
0,1,0.9999205
1,0,0.29336172
1,0,0.36887115
0,1,0.9993642
1,1,0.99872655
1,1,0.99994636
0,1,0.99991345
0,1,0.99980074
0,0,0.00222082
1,1,0.9997247
1,1,0.99992204
1,1,0.87760806
1,1,0.99987245
1,1,0.9997576
1,1,0.75837225
1,1,0.9995778
0,1,0.9603096
0,1,0.9986424
1,1,0.9975656
0,1,0.9973551
0,1,0.9996388
0,1,0.99914646
1,1,0.972392
1,0,0.00044976134
0,1,0.9999088
0,1,0.99991095
1,1,0.87417966
0,1,0.99991655
1,0,0.0005816011
0,1,0.9906053
0,1,0.93929315
0,1,0.9997135
1,1,0.9999186
1,1,0.80876166
1,1,0.9998223
0,1,0.9998198
1,1,0.90047896
1,1,0.99679667
1,0,0.1854037
0,1,0.999941
1,1,0.87226087
0,1,0.99993384
0,1,0.9981029
1,1,0.9983052
0,1,0.9965681
1,1,0.99994695
0,1,0.6323237
1,1,0.9998591
0,1,0.9999323
0,1,0.99992657
1,1,0.99992275
0,1,0.9139916
1,1,0.99994695
1,1,0.9999192
1,0,0.0026004843
1,1,0.9997428
0,1,0.99992645
1,0,0.09267451
1,0,3.790067e-05
0,1,0.999476
0,1,0.999946
1,1,0.99987876
0,1,0.9999467
1,1,0.93194187
0,1,0.99992716
0,1,0.9816275
0,1,0.99986684
1,1,0.9997012
1,1,0.99980015
0,1,0.99994147
0,1,0.9999237
0,1,0.99993455
0,1,0.9535608
0,1,0.9998703
1,0,0.49947718
0,1,0.9991825
1,1,0.9998708
1,1,0.5163789
0,1,0.99981993
1,0,0.16356188
1,1,0.91264504
0,1,0.85716796
0,1,0.99878746
1,1,0.99405754
1,0,0.10562714
0,1,0.9999348
0,0,0.023800295
1,0,0.006657749
1,1,0.9997248
0,0,0.1773202
1,0,0.17400642
1,1,0.999949
0,1,0.8253867
0,1,0.9998969
1,0,0.012683467
1,1,0.9999472
1,0,0.0549759
0,1,0.9999002
1,1,0.9992009
0,1,0.9999275
1,0,0.0005599452
0,1,0.9998381
1,1,0.99983263
0,1,0.99169415
0,1,0.99980456
1,1,0.9997938
0,1,0.99994826
0,0,0.18739578
1,0,0.0016070841
0,1,0.98410666
0,1,0.9999125
0,1,0.99865353
0,1,0.9936054
0,1,0.97402316
0,1,0.9971517
1,0,0.0013716252
1,0,0.000108750595
0,1,0.999652
1,1,0.6985873
1,0,0.0006012787
0,1,0.9998171
1,0,0.48243725
1,1,0.99978095
1,1,0.9978822
1,1,0.9922667
0,1,0.999933
1,1,0.9770602
0,1,0.9947761
0,1,0.9998584
0,1,0.9999378
1,1,0.9386543
1,0,0.0004136961
1,1,0.9998599
0,0,0.06748218
1,1,0.7821062
0,1,0.99992275
1,1,0.8841414
1,1,0.99378574
0,1,0.9999224
0,1,0.5341745
0,1,0.99994886
0,1,0.9990125
1,1,0.68391883
0,1,0.99786526
0,1,0.99981576
1,1,0.99862564
0,1,0.9999269
1,0,0.01386979
0,1,0.9999157
0,1,0.9999317
1,1,0.6301961
1,1,0.990506
1,0,0.00060620776
1,1,0.9926569
1,0,0.03887981
1,0,0.012686164
0,1,0.9998636
1,0,0.07858208
1,0,0.043876283
1,0,0.004346061
1,1,0.99939954
0,1,0.99993026
1,1,0.6333254
0,1,0.99989665
1,1,0.9695514
0,1,0.99987626
1,1,0.99963975
0,1,0.99988544
1,1,0.628326
1,1,0.9996629
1,1,0.99990547
0,1,0.99977916
0,1,0.99892056
1,0,0.20561807
1,1,0.99105513
0,1,0.99994934
1,1,0.9672006
0,1,0.9998977
0,1,0.99905366
1,1,0.9947549
1,1,0.99352103
1,0,0.17338513
1,0,0.27284062
0,1,0.9996991
1,1,0.9997906
1,1,0.9998474
0,1,0.9999391
1,1,0.7237652
0,1,0.9967636
0,1,0.9489266
0,1,0.9998029
1,1,0.9998807
1,1,0.99973935
0,1,0.9998628
0,1,0.99924207
0,1,0.9998907
1,1,0.9998597
0,1,0.99982363
1,1,0.99982375
0,1,0.7353354
0,1,0.98326933
1,1,0.8266642
0,1,0.99994993
1,1,0.9994584
0,1,0.668268
0,1,0.996784
0,1,0.99988055
0,1,0.99988973
0,1,0.9990514
0,0,0.14866757
1,1,0.9997402
1,1,0.9999423
1,1,0.95518374
0,1,0.55696744
1,0,0.47237912
0,0,0.18820012
0,1,0.86718297
0,1,0.99994206
1,1,0.9940737
0,1,0.9999162
1,1,0.9950481
1,1,0.9975471
1,0,0.00027324635
1,1,0.99134374
0,0,0.3256289
0,1,0.999889
0,1,0.9885417
1,0,0.40436104
1,1,0.9999268
0,1,0.9991652
0,1,0.99765575
0,1,0.9976165
0,0,0.15084526
0,1,0.99978834
1,1,0.59402126
1,1,0.997614
1,1,0.9822803
0,1,0.999928
0,1,0.999944
1,1,0.9855736
0,1,0.99959666
1,1,0.9990025
1,1,0.99992776
1,1,0.94431764
1,1,0.9961832
1,1,0.999828
0,1,0.99994135
1,1,0.99954563
1,1,0.80040175
0,1,0.8490472
0,0,0.1035444
1,0,0.0033887685
1,0,0.00035269503
1,1,0.9841068
1,1,0.7208842
0,0,0.35504207
1,1,0.95807534
1,1,0.9977762
0,1,0.99554574
0,1,0.9998228
1,0,0.11738376
0,1,0.9670408
0,1,0.99991465
0,1,0.9991279
1,1,0.9996922
0,1,0.9998116
1,1,0.9986034
0,1,0.9865748
1,1,0.99993217
0,1,0.999124
0,1,0.97884095
1,0,0.036818188
1,0,0.021488616
0,1,0.9999478
1,1,0.98185134
0,1,0.9995938
0,1,0.9998499
1,0,0.0223644
1,1,0.9977689
1,1,0.9972531
0,1,0.9998609
0,1,0.99993944
1,0,0.0972688
1,0,0.08487713
1,0,0.01258745
0,1,0.8937586
1,0,0.02183893
1,1,0.99975497
0,1,0.9998313
0,1,0.9999355
1,0,0.24322361
1,1,0.999711
1,0,0.41945237
1,1,0.9999293
1,1,0.940577
1,1,0.71679354
0,1,0.9989421
1,1,0.9998487
1,1,0.9847164
1,1,0.61771584
0,1,0.9791267
0,0,0.03890305
0,1,0.91420263
1,1,0.98335016
0,1,0.99990094
1,0,0.05445557
1,1,0.99912685
0,1,0.98862785
1,1,0.9999374
1,0,0.008682492
0,1,0.52358896
0,1,0.9685232
0,0,0.1913918
0,1,0.9813628
1,1,0.9999294
0,1,0.9978654
1,1,0.9539185
1,1,0.9986313
0,1,0.99986017
0,1,0.9999026
1,1,0.9965502
1,1,0.98809206
0,1,0.99959475
0,1,0.99990094
0,1,0.99976903
0,0,0.056216046
1,1,0.99962234
1,1,0.99989414
1,0,7.37551e-05
1,1,0.9883564
0,1,0.9995734
0,1,0.99984527
1,0,0.13863526
1,1,0.99866414
0,1,0.86056846
1,0,0.050281018
1,1,0.9978509
1,1,0.99070966
0,1,0.9999478
1,1,0.9998858
1,1,0.99991643
1,0,0.0043999557
1,1,0.53385997
1,1,0.9989679
1,0,0.22261557
0,1,0.99984336
0,1,0.98747605
0,1,0.9999409
0,1,0.9963505
1,1,0.99987984
0,1,0.9995227
0,0,0.19166806
0,1,0.9999274
0,0,0.06265955
0,1,0.9985661
1,1,0.99947125
1,1,0.99994004
0,1,0.99992335
1,0,0.0014588729
1,0,0.00073209085
1,1,0.9330888
0,1,0.9999325
1,0,0.032562017
0,1,0.999597
0,1,0.999889
1,1,0.9999511
1,1,0.99984825
1,0,0.10960642
0,1,0.9999471
1,1,0.5824111
1,1,0.6260272
1,1,0.9997863
1,1,0.8527921
0,1,0.999928
0,1,0.99991024
0,1,0.9999467
0,1,0.9964646
0,1,0.9999267
0,1,0.75729895
0,1,0.9992403
0,1,0.9987637
1,1,0.9960995
0,1,0.99926955
1,0,0.0059826886
0,0,0.303158
1,1,0.9989225
0,1,0.9990221
1,0,0.18930435
1,1,0.61465776
0,0,0.028143937
1,1,0.99989104
0,1,0.96490574
0,0,0.086021975
1,1,0.73788977
1,1,0.9997843
0,1,0.9998814
1,1,0.95916516
1,1,0.99983144
0,1,0.9999336
1,1,0.9998603
1,0,0.000439818
1,1,0.83204377
1,1,0.99992573
0,1,0.99981135
0,1,0.9999436
0,1,0.9996431
1,1,0.9998971
1,0,0.20354562
0,1,0.9996667
0,1,0.99993443
1,1,0.99564904
1,1,0.9913189
0,1,0.9988422
1,1,0.9750054
1,0,0.3081044
0,1,0.9998977
1,1,0.99991167
1,1,0.9969367
1,0,0.004943682
0,1,0.9981589
1,0,0.006425158
1,1,0.8972761
1,1,0.79530615
0,1,0.98009825
1,1,0.9999056
0,0,0.28686288
0,1,0.9998754
1,1,0.9999317
0,1,0.99950397
1,0,0.0001029848
1,0,0.054725677
0,1,0.99986434
0,1,0.9066761
0,1,0.9998012
1,1,0.8267959
0,1,0.9999453
1,1,0.99992085
0,1,0.9999193
0,1,0.8388831
1,1,0.9999397
1,1,0.6089258
0,1,0.8270542
1,1,0.9999449
1,0,0.00013667774
0,1,0.9999026
1,1,0.9653675
1,1,0.98823416
0,1,0.9998417
0,1,0.9997683
0,1,0.9994505
0,1,0.9999106
1,1,0.9963897
1,1,0.94345105
1,1,0.99989665
0,0,0.018960051
0,1,0.99976236
1,1,0.6441295
1,1,0.9998956
0,1,0.999795
1,1,0.99906915
1,1,0.9945575
1,1,0.9837842
1,1,0.9997466
1,1,0.8480978
0,1,0.99173963
1,1,0.99604803
1,0,0.004172712
0,1,0.9998529
1,1,0.9987532
0,1,0.99981207
0,1,0.9995158
1,0,0.1504574
1,0,0.1675729
0,1,0.99991775
0,1,0.9999299
1,1,0.9998647
0,1,0.9990583
0,1,0.9995722
1,0,0.037270155
1,1,0.9366317
0,1,0.9997433
0,0,0.1887918
0,1,0.999681
1,0,0.01617221
1,1,0.85475594
0,1,0.97230524
0,1,0.99982506
1,1,0.9994332
0,1,0.99951696
0,1,0.9988244
1,0,0.113018036
0,1,0.99993074
0,1,0.99994874
0,1,0.99904114
0,1,0.9999095
0,1,0.99972767
1,1,0.97775316
1,1,0.98302287
0,1,0.9998449
1,1,0.9999325
1,0,0.0100080315
0,1,0.99992764
0,1,0.99383897
1,1,0.99989665
0,1,0.9999279
0,1,0.9994948
0,1,0.99834096
0,1,0.9997545
1,0,0.2823593
1,1,0.9999373
0,1,0.99986887
1,0,7.1751594e-05
0,1,0.9996685
0,1,0.5981851
1,0,0.0053521637
0,1,0.9994735
1,0,0.019577943
0,1,0.9998417
1,1,0.97889906
1,1,0.9992798
0,1,0.9070345
1,0,0.41956407
0,1,0.9751025
1,0,3.0466761e-05
0,1,0.9998368
0,1,0.9696286
1,1,0.99027455
0,1,0.999943
1,0,0.23361762
1,0,0.14156112
1,1,0.99985754
1,1,0.99964535
1,1,0.97425926
1,1,0.99992216
1,0,0.16843359
1,0,0.01809551
0,1,0.84329367
1,0,0.43190688
1,1,0.8464837
1,0,0.38330618
0,1,0.99992347
1,0,0.00020790372
1,1,0.8800082
1,1,0.9999497
0,1,0.99990535
1,1,0.99977976
1,1,0.9997664
1,1,0.82468855
1,1,0.99921095
0,1,0.9999002
0,1,0.9442154
0,1,0.9997185
0,1,0.99994755
1,1,0.9999218
1,1,0.9999474
0,1,0.99990594
0,1,0.9998454
0,1,0.99992394
0,1,0.999926
0,1,0.99993
1,0,0.031523235
0,1,0.998547
0,1,0.9999286
0,1,0.99834025
0,1,0.9998981
1,1,0.99784863
0,1,0.9998722
1,1,0.97976905
0,1,0.98500735
1,0,0.0001602922
0,1,0.9999279
1,1,0.77499014
1,1,0.97621787
0,1,0.99977607
0,0,0.073380396
1,0,0.36869764
0,1,0.97343916
1,0,0.03436063
1,0,0.0010291723
1,1,0.7109179
0,1,0.99988246
0,1,0.99982953
1,1,0.9953241
0,1,0.99993956
1,1,0.9867808
0,1,0.9975497
0,1,0.9996811
0,1,0.9999242
0,1,0.99923825
0,1,0.9112526
0,1,0.63938105
0,1,0.9999505
1,1,0.9625247
0,1,0.64239824
0,1,0.9999206
0,0,0.21040975
1,1,0.92538035
1,1,0.999928
1,1,0.99990714
0,1,0.9864259
1,1,0.9991673
0,1,0.99992573
1,0,0.044808876
1,1,0.99994886
1,0,0.00020999118
0,1,0.99633825
0,1,0.998771
1,0,0.46738368
1,0,0.0003037103
0,1,0.99728084
0,1,0.99994206
1,1,0.6115967
0,1,0.9999337
1,1,0.9797325
1,0,0.0033769656
0,0,0.15117799
0,1,0.9996927
0,1,0.9984705
0,1,0.9999404
1,1,0.9599052
1,1,0.7309756
1,1,0.9845226
0,1,0.9999341
0,1,0.9886304
1,1,0.99541926
0,1,0.9999207
0,1,0.9999366
1,1,0.9999201
0,1,0.9999155
1,1,0.9997832
0,1,0.99964595
1,0,0.008840893
0,1,0.99991775
1,0,0.24979196
0,1,0.99990964
1,1,0.99991
0,1,0.73132384
0,1,0.9999224
1,1,0.99972576
1,1,0.9851505
0,1,0.9999498
1,1,0.9999168
0,1,0.99994504
0,1,0.99940586
1,1,0.9998103
0,1,0.99933654
1,1,0.99890935
1,1,0.9995427
0,1,0.9994216
1,0,0.2690536
0,1,0.99965894
0,1,0.98515224
1,0,0.35832152
0,1,0.9998996
1,0,0.12092769
0,1,0.9998097
0,1,0.9975454
0,0,0.06868958
0,1,0.9997751
0,1,0.999946
0,1,0.9998983
1,1,0.86199945
0,1,0.9989697
0,1,0.9998981
1,1,0.8939026
0,1,0.9999051
1,1,0.9789752
1,1,0.9999083
0,1,0.9963349
0,1,0.99982625
1,1,0.99992514
1,0,0.0040901015
0,1,0.9999453
0,1,0.6073551
1,0,0.026714886
0,1,0.9997112
0,1,0.98960984
1,1,0.9999075
1,1,0.59054184
0,1,0.9986638
1,1,0.99646866
1,1,0.9196974
1,1,0.7054986
1,1,0.9679336
1,1,0.9999149
0,1,0.9997663
0,1,0.99955136
0,1,0.9998728
1,1,0.99902534
1,1,0.9735295
0,1,0.98282284
0,1,0.9999393
1,0,0.00011769993
1,1,0.9840201
0,1,0.9999138
0,1,0.9999137
0,1,0.9999323
0,1,0.99993694
1,1,0.9978085
1,1,0.9807624
1,0,0.44383797
0,1,0.9998776
1,0,0.00818205
0,1,0.9998672
1,0,0.14665413
0,1,0.99994767
1,1,0.8373596
0,1,0.99994516
1,1,0.9996499
1,1,0.9999192
1,0,0.2149282
0,1,0.82052237
1,1,0.82739574
0,1,0.99930215
1,1,0.8537928
0,1,0.9408066
0,1,0.9999291
1,0,0.028768811
1,1,0.9996966
1,1,0.99994016
1,1,0.9999434
1,1,0.99989235
0,1,0.99993396
0,1,0.99895096
1,0,0.38442022
0,1,0.87693274
0,1,0.7670444
0,1,0.9998292
0,1,0.9999484
1,1,0.71732885
0,1,0.99767727
1,0,0.052756008
0,1,0.99993587
0,1,0.99992275
0,1,0.99981576
1,1,0.9788777
0,1,0.99994373
0,1,0.99973863
1,0,0.000200719
0,1,0.999905
1,0,0.03504238
1,1,0.99464804
0,1,0.9999012
1,1,0.9998914
1,1,0.9954953
0,1,0.99991965
0,1,0.99953353
1,1,0.9082035
0,1,0.99993503
1,1,0.8269853
1,1,0.61803347
1,0,0.0044988366
1,0,0.01973186
1,0,0.46427318
1,0,0.4411537
1,0,0.40250996
1,0,0.44201374
0,1,0.9998449
0,1,0.9740582
0,1,0.99930453
1,1,0.8435528
0,1,0.998171
0,1,0.92566115
0,1,0.999931
0,1,0.98829085
0,1,0.99994874
1,1,0.9999473
1,0,0.042237066
0,1,0.9998067
1,1,0.9998186
0,1,0.9753686
1,1,0.8511871
1,0,0.0011488562
1,1,0.900754
1,1,0.98544484
0,1,0.9999335
0,1,0.8694005
1,1,0.99994445
1,1,0.9999025
1,1,0.9997669
1,1,0.9999331
0,1,0.9998031
1,0,0.009284302
1,0,0.0005012244
1,1,0.9999186
1,1,0.99983823
1,0,0.005658073
1,0,0.23183966
1,1,0.99969983
0,1,0.9889416
0,1,0.99673885
0,1,0.99993134
1,0,0.15367493
0,1,0.99986196
0,1,0.9998721
1,0,0.10118434
0,1,0.99847883
1,1,0.9999118
1,0,4.672205e-05
1,1,0.9913428
0,1,0.9928075
0,1,0.9984169
1,0,0.052055396
0,1,0.9993531
0,1,0.9993291
0,1,0.99598503
1,1,0.999881
1,0,0.00022796741
0,1,0.9999367
1,0,0.0012467086
1,1,0.9470777
0,1,0.9999473
1,1,0.99991465
1,1,0.99988914
0,1,0.99868566
0,1,0.98909307
1,0,0.2524
1,0,0.0076641883
0,1,0.55318934
0,1,0.9865509
0,1,0.9994024
1,0,0.027384931
1,1,0.99971884
1,1,0.5287897
0,1,0.99992967
0,1,0.9629897
0,1,0.9998006
0,1,0.9984883
1,1,0.998577
0,1,0.99993825
1,1,0.99914014
0,1,0.9999366
1,1,0.99423236
0,1,0.99593264
0,1,0.99711347
0,1,0.999926
0,1,0.99993503
0,1,0.9999225
1,1,0.99985135
0,1,0.9997937
1,1,0.99993145
1,1,0.9194942
0,1,0.999843
1,1,0.9999013
0,1,0.99992406
0,1,0.9997769
0,1,0.99960667
1,1,0.8464924
0,1,0.9999161
1,1,0.9985864
0,1,0.88549393
1,1,0.99991274
1,1,0.66423774
0,1,0.99334526
0,1,0.99992156
1,1,0.8379741
0,0,0.21750532
1,1,0.993379
1,1,0.8865364
0,0,0.3885929
0,1,0.99993396
0,1,0.97049314
1,1,0.9994037
1,0,0.06862415
1,1,0.95047873
0,1,0.5942518
1,1,0.9953666
0,1,0.82761025
1,0,0.061425265
0,1,0.9998535
0,1,0.9998171
0,1,0.99992704
0,1,0.9998851
1,1,0.99984384
0,1,0.9997389
0,1,0.99968445
1,1,0.9816097
0,1,0.9999025
1,1,0.99638283
1,1,0.99962604
1,1,0.9034784
0,1,0.98453045
0,1,0.9986639
1,1,0.9994735
1,1,0.9880931
1,1,0.9999472
0,1,0.9993123
0,1,0.9997656
0,1,0.9998592
1,1,0.97347426
0,1,0.99993765
1,1,0.9999393
0,1,0.9998354
0,1,0.99937016
1,0,0.024760574
0,1,0.9999032
0,1,0.99929655
1,1,0.7720266
1,1,0.99990225
1,1,0.9998939
1,1,0.9999454
1,1,0.99953187
0,1,0.9991375
1,0,0.00029761408
1,1,0.82104415
0,1,0.9922869
1,1,0.9999436
0,1,0.9994784
1,1,0.9986571
0,1,0.9999298
1,1,0.999453
1,1,0.65326196
1,1,0.9998084
1,1,0.99577636
1,1,0.9999263
1,1,0.7736551
0,1,0.99981874
0,1,0.9999212
0,1,0.999918
0,1,0.9999082
0,1,0.9999443
0,1,0.99839526
0,1,0.9998938
0,1,0.9990381
0,1,0.99988806
1,0,5.093343e-05
1,1,0.99895835
1,1,0.5465327
0,1,0.93771046
1,0,0.023312947
1,0,0.021348914
1,1,0.9991493
1,1,0.9958652
1,1,0.682245
0,1,0.9999435
0,1,0.9997998
0,1,0.99980646
0,1,0.99861145
0,1,0.89692
1,1,0.99994373
0,1,0.9990553
1,1,0.9884642
1,1,0.9998616
0,1,0.99966466
0,0,0.14921455
1,1,0.99956864
0,1,0.9218914
1,1,0.999617
1,1,0.9999422
0,1,0.9998779
1,0,9.089145e-05
0,1,0.99994755
0,1,0.99994516
0,1,0.93875355
0,1,0.9997025
1,1,0.9996282
1,0,0.42003992
0,1,0.99950874
0,1,0.9999474
0,1,0.9998648
1,1,0.9890652
1,1,0.99698085
1,1,0.8855928
1,0,0.052794393
1,0,0.4348988
1,1,0.96557385
0,1,0.9998103
1,0,0.0001674813
0,1,0.9794255
1,1,0.8066111
1,0,0.47918314
1,1,0.99994624
1,1,0.99943775
0,1,0.99993575
1,0,0.21580282
0,0,0.22163853
0,1,0.9999474
1,1,0.9493553
0,1,0.9985475
0,1,0.9540699
0,1,0.9998907
0,1,0.9998753
1,1,0.9991555
1,1,0.9997913
1,1,0.9996437
1,0,0.0018177407
0,1,0.9999267
0,1,0.9999442
1,0,0.0025234662
0,1,0.99837756
0,0,0.21961878
1,1,0.99984694
1,1,0.999882
0,1,0.999681
0,1,0.99141604
1,0,0.045052536
1,0,0.49121875
0,1,0.99988985
0,1,0.99993646
1,1,0.8780877
1,1,0.9997867
1,1,0.9923488
0,1,0.9997358
0,1,0.99814725
1,0,0.16226777
1,0,0.013248655
1,0,0.26537985
0,1,0.99986315
0,1,0.9997751
1,0,0.0026926387
0,1,0.9999429
0,1,0.9962947
0,1,0.99754494
0,1,0.9999051
1,0,0.010847138
0,1,0.9999422
1,1,0.88480914
0,1,0.99992573
0,1,0.9998103
1,0,0.115676306
0,1,0.9999411
1,1,0.99990356
1,1,0.6143131
1,1,0.9934263
1,1,0.6622164
1,1,0.99994755
0,1,0.8981056
0,1,0.99987614
1,1,0.7037807
0,1,0.99988973
0,1,0.9999236
0,1,0.9998615
1,1,0.9998895
1,0,5.1913335e-05
0,1,0.99984074
1,0,0.00014167697
1,1,0.99799144
1,1,0.9239651
1,0,0.00020733714
0,1,0.99992085
1,0,0.41719297
0,1,0.9998229
0,1,0.9999137
0,1,0.95489335
0,1,0.9997733
1,1,0.9989248
0,1,0.9998629
0,1,0.9997559
0,1,0.99983084
0,1,0.9991129
1,1,0.57147247
1,1,0.9998549
1,0,0.0158886
1,1,0.9998623
1,0,0.23293011
1,1,0.7968638
0,1,0.9999291
1,1,0.66750646
1,1,0.99991226
0,1,0.99988914
0,1,0.9997906
0,1,0.9550607
1,1,0.9999492
1,1,0.9998627
0,0,6.825095e-05
1,0,0.019022387
0,1,0.99981505
1,1,0.99029726
1,1,0.9258428
0,1,0.99991107
1,1,0.9998481
1,1,0.99992895
1,1,0.9998246
1,1,0.99921405
0,1,0.9993075
0,1,0.9997335
0,1,0.99961424
1,1,0.6943279
0,1,0.9998834
1,1,0.9984889
0,1,0.99972624
0,0,0.3312718
1,1,0.53543746
1,0,0.00025673484
1,1,0.9998739
0,1,0.99988663
1,1,0.9999311
0,1,0.97343034
1,1,0.77024555
0,1,0.9999243
0,1,0.9942287
0,1,0.9995751
1,0,0.0004110765
0,1,0.99928766
0,1,0.9708108
0,1,0.9999447
1,0,0.012892395
1,1,0.52837735
1,1,0.991491
0,1,0.92001194
1,1,0.99974734
1,0,0.0050727595
0,1,0.9909292
1,1,0.99903595
0,1,0.99987733
1,1,0.9998017
1,1,0.9996816
1,0,0.0022233552
1,1,0.5297173
1,1,0.92756104
0,1,0.999879
1,1,0.9999429
1,1,0.51526403
1,1,0.8983697
1,1,0.9988323
0,1,0.9967334
0,1,0.98531795
0,1,0.9977483
1,1,0.9771064
1,1,0.9984831
0,1,0.9998872
0,1,0.9858089
0,1,0.9999455
1,0,0.0014233807
1,1,0.99797887
1,1,0.9968479
1,1,0.55902606
1,1,0.9998946
1,1,0.997835
0,1,0.9999497
0,1,0.9998317
0,1,0.98381317
1,1,0.9999374
1,1,0.9988262
1,0,0.0010887847
0,1,0.99762803
0,1,0.9999268
0,1,0.9995129
1,1,0.9993488
1,0,0.006682113
0,0,0.35762304
0,1,0.9998628
1,0,0.34096
0,0,0.11204423
1,1,0.99980193
1,1,0.6679037
1,1,0.99802315
0,1,0.9988593
1,1,0.99994457
0,1,0.999542
1,0,0.28536174
0,1,0.99994004
1,1,0.999793
0,1,0.9999404
1,1,0.99986696
0,1,0.99988616
1,0,0.3778669
1,1,0.9998267
1,1,0.99946076
1,0,0.31717512
1,1,0.5612964
0,1,0.9999136
1,1,0.9174281
0,0,0.13660768
0,1,0.9998313
0,1,0.99993443
1,1,0.9999236
0,1,0.9999039
1,0,0.0145110665
1,1,0.99784696
0,1,0.99912435
1,0,0.009995411
0,0,0.009819201
0,1,0.9974865
1,1,0.99991167
1,0,0.065480225
1,1,0.99930334
0,1,0.99964607
1,1,0.83790916
1,1,0.8456264
1,0,0.36128613
1,1,0.9672821
0,1,0.9999119
0,0,0.18994276
1,1,0.9999294
1,0,0.003981338
1,0,0.43877956
1,1,0.99992037
0,1,0.9999416
1,1,0.99063253
0,1,0.9998311
1,1,0.9750748
1,1,0.8272444
0,1,0.999877
1,1,0.9070599
0,1,0.9999422
0,1,0.9998828
1,0,3.8177383e-05
1,0,5.2791795e-05
0,0,0.34653702
0,1,0.99810046
1,0,0.22660032
1,1,0.99993634
0,1,0.99970454
1,1,0.99551153
1,1,0.95333457
0,1,0.926673
0,1,0.99975973
1,1,0.99980706
1,1,0.99925
0,0,0.03588137
0,1,0.9998596
0,1,0.99993706
0,1,0.96228725
1,1,0.9998828
0,1,0.9998801
0,0,0.41049835
0,1,0.99989974
1,0,0.014586451
1,1,0.70884013
1,1,0.63075835
0,1,0.9982438
0,1,0.9999367
0,1,0.988887
0,1,0.9999379
1,1,0.999874
0,1,0.99978155
1,1,0.8426766
1,1,0.8309495
0,1,0.9809126
1,1,0.9633596
0,1,0.9999038
1,1,0.9997211
0,1,0.99992085
1,1,0.84345984
1,1,0.99992466
1,1,0.5898567
1,1,0.8066878
1,1,0.9998683
0,0,0.43740514
0,1,0.9997882
0,1,0.9926433
0,1,0.9997204
1,0,0.3962345
1,1,0.99994946
0,0,0.049464848
1,1,0.9995796
1,1,0.99984777
1,1,0.99994206
0,0,0.011740998
0,0,0.057165988
0,1,0.99991405
0,1,0.9985833
1,1,0.99973434
1,1,0.99748117
0,1,0.9993642
1,0,0.19069125
1,0,0.077115476
1,1,0.98782223
0,1,0.99364954
1,0,0.0590869
0,1,0.9953921
0,1,0.9999275
1,1,0.9819863
1,1,0.74781615
0,1,0.9999511
1,1,0.99766845
0,1,0.7580984
0,0,0.039467674
1,1,0.93634355
0,0,0.49039656
0,1,0.99569905
1,1,0.58213717
1,1,0.99985886
0,1,0.9964371
0,1,0.999894
0,1,0.9995778
0,1,0.8708765
0,1,0.9986093
1,0,0.009311473
1,0,0.45455477
0,1,0.99985003
1,1,0.7511312
0,1,0.60609484
1,1,0.9999502
0,1,0.99988806
0,1,0.99986243
1,1,0.9608762
1,0,0.057585094
1,1,0.9999505
1,1,0.96245337
1,0,0.0007974717
0,1,0.50707793
0,1,0.97983587
0,1,0.9999279
1,1,0.999948
1,0,0.08427837
0,1,0.99972874
1,0,0.21842961
0,1,0.9999206
1,1,0.8231536
0,1,0.96940315
1,0,0.0843635
0,1,0.99977237
1,1,0.9999466
0,1,0.99993205
0,1,0.8885554
0,1,0.9998857
1,1,0.99965787
0,1,0.99984765
0,1,0.9994411
1,0,0.090313055
1,1,0.9997814
0,1,0.9999393
0,0,0.25351495
0,1,0.99974674
1,1,0.9999387
0,1,0.9999167
0,0,4.511424e-05
1,1,0.99992275
0,1,0.9998994
0,1,0.99988925
0,1,0.9998357
1,0,0.28789246
1,0,0.47268504
0,1,0.9997242
0,1,0.99989724
1,1,0.99892527
1,1,0.9999461
1,0,0.0049407864
1,1,0.83427197
1,0,0.00022174447
1,1,0.978596
0,1,0.9999126
1,1,0.6256065
1,1,0.99933124
0,1,0.9999206
0,1,0.99914277
1,0,0.0067269197
0,1,0.87290245
1,0,0.027877318
0,1,0.9998165
0,1,0.6902631
1,0,0.0048032687
0,1,0.9999174
1,0,0.04271243
1,1,0.86413825
1,1,0.5653571
1,0,0.2831739
1,0,0.00041317745
0,1,0.99983704
0,1,0.9998312
0,1,0.9999131
0,1,0.9989058
1,1,0.99985945
1,1,0.9823616
0,1,0.97241366
0,1,0.99988735
0,1,0.99967027
0,1,0.9999281
1,1,0.99911743
0,1,0.9995523
0,1,0.9999275
1,0,3.906123e-05
1,0,0.0024114891
0,0,0.0024602837
1,0,0.064543426
0,1,0.9975414
1,1,0.99968433
1,0,0.00021451373
0,1,0.9997539
0,1,0.99988985
0,0,0.00257784
0,1,0.9987264
0,1,0.9999219
0,1,0.9999168
1,0,0.07479181
1,0,0.014873463
0,1,0.9930016
1,1,0.6038644
1,0,0.00095624017
0,1,0.9999348
0,1,0.9999455
0,1,0.99985826
1,1,0.9995633
0,1,0.9998871
1,0,0.05283276
0,1,0.6855414
0,1,0.9999025
1,1,0.99944085
1,1,0.99951696
0,1,0.99993956
0,1,0.99988306
1,1,0.94261193
1,1,0.99949217
1,1,0.98654836
0,1,0.9961867
1,1,0.99522984
1,0,0.46240607
0,1,0.9992143
0,1,0.96882266
1,1,0.9998996
1,1,0.99985635
0,1,0.9913846
1,1,0.99888605
1,0,0.023621485
0,1,0.9960646
1,0,0.0009916603
1,1,0.9346733
1,0,3.604628e-05
1,1,0.9998447
1,0,0.20758757
1,1,0.745231
0,1,0.9999174
1,1,0.9999484
1,1,0.93622303
1,1,0.9506051
1,1,0.54721206
1,1,0.9983693
1,0,0.03910116
1,1,0.9999505
0,1,0.99940956
1,0,0.038606804
1,1,0.5135577
1,1,0.99979335
0,1,0.9998909
1,1,0.53231883
0,1,0.9999206
0,1,0.9999187
1,1,0.9006227
0,1,0.99920124
1,1,0.99956113
1,0,0.42915833
1,0,0.17134069
1,0,0.30015403
1,1,0.99813926
0,1,0.99992585
0,1,0.99993694
1,0,0.00013098684
0,1,0.9998254
0,1,0.9998623
0,1,0.99994576
1,0,0.030128263
0,1,0.9999168
1,0,0.06453333
1,1,0.99980277
0,0,0.38617975
1,1,0.9999405
1,1,0.99994576
1,0,0.04451415
1,0,0.0009896372
1,0,7.3013674e-05
1,1,0.9865009
1,1,0.9995683
1,1,0.99984074
1,1,0.99993753
0,0,0.16438568
1,1,0.99988663
0,1,0.99989104
1,0,0.01448517
1,1,0.9997385
0,1,0.99444276
0,1,0.8235278
1,1,0.99968016
0,1,0.99595994
0,1,0.97403604
1,1,0.85381085
1,1,0.99774015
1,0,0.0003442468
1,1,0.99983144
1,1,0.5577559
0,1,0.999946
0,1,0.99992406
1,1,0.77975476
0,1,0.9999224
0,1,0.99994326
1,1,0.8696743
0,1,0.99759275
0,1,0.9999435
0,1,0.57528234
1,1,0.9683934
0,1,0.99978775
1,0,0.002574169
0,1,0.99981874
1,0,0.13106439
1,0,0.039975043
0,1,0.99978095
0,1,0.99877197
1,1,0.9984346
1,1,0.9972337
0,1,0.9998253
0,1,0.9962198
0,1,0.9999341
1,1,0.99990857
1,0,0.14639561
1,0,0.00024007476
0,1,0.9999236
0,0,0.19811709
0,1,0.99981135
0,1,0.9998499
0,1,0.999859
0,1,0.9998797
0,0,0.32931986
1,0,0.04231649
0,1,0.9950766
1,1,0.99737155
0,1,0.9998821
0,1,0.99990857
0,1,0.99235547
0,1,0.9999124
0,1,0.99993896
1,1,0.99991584
0,1,0.9999378
0,1,0.9999449
0,1,0.9999037
0,1,0.99854386
0,1,0.99285936
1,0,0.1017037
1,1,0.99980456
0,1,0.99976665
0,1,0.9999206
0,1,0.99707687
0,0,0.00039385635
1,1,0.97552675
0,1,0.9757721
0,1,0.9991387
1,0,0.00016452586
1,1,0.9998084
0,1,0.99984884
1,1,0.9999516
0,1,0.9715829
1,1,0.9997503
1,1,0.99733967
0,1,0.9997019
0,1,0.9999132
1,1,0.99641114
1,1,0.87726015
0,1,0.95677924
0,1,0.99857676
1,0,0.02963581
1,1,0.73004156
1,1,0.9807468
1,0,0.002274076
1,1,0.9999325
0,1,0.99994826
0,1,0.9998578
0,1,0.99994326
0,0,0.00026482655
1,0,0.001303729
0,1,0.9999262
0,1,0.9999478
0,1,0.976359
0,0,0.36765075
1,1,0.99897504
1,1,0.990417
0,1,0.9999459
1,1,0.679054
1,1,0.96024346
0,1,0.9990651
0,1,0.99961495
1,1,0.86219484
0,1,0.9999143
0,1,0.99982315
0,1,0.9995703
1,0,0.0011887035
1,1,0.99976677
0,1,0.9999392
0,1,0.99550503
0,1,0.99991465
0,1,0.99986064
0,1,0.99854064
0,1,0.9998355
1,1,0.7698644
0,1,0.9999082
1,1,0.999866
1,1,0.99992156
0,1,0.999448
0,1,0.9993075
0,1,0.99992025
1,1,0.89868104
1,1,0.9999169
0,1,0.999881
0,1,0.9998443
1,1,0.99866056
0,1,0.9996637
1,1,0.99950826
0,1,0.99983203
0,1,0.99897885
0,1,0.7182277
0,1,0.99994826
0,1,0.99035597
1,1,0.999889
0,1,0.99852353
0,1,0.99977046
1,1,0.99881506
1,1,0.9995648
0,1,0.9999291
1,1,0.59398365
0,1,0.99993515
0,1,0.99994445
0,1,0.9999242
1,1,0.70408684
0,1,0.9999343
0,1,0.9999294
0,1,0.642466
0,1,0.9999434
1,0,0.34697744
0,1,0.9995129
0,0,0.00018927765
0,1,0.9998634
0,1,0.9996809
0,1,0.9944338
0,1,0.93336886
1,0,0.12671565
0,1,0.99986565
1,1,0.94842845
1,1,0.95575553
0,1,0.99956065
1,1,0.99987483
0,1,0.9999205
0,1,0.94360375
1,0,0.0069584716
0,1,0.99991095
0,1,0.9999449
0,1,0.9999435
1,0,0.21942092
1,1,0.8011679
0,1,0.9998963
1,0,0.016500179
0,1,0.99992836
0,1,0.9996512
1,1,0.9974657
0,1,0.99960464
0,1,0.99964166
0,1,0.9999192
0,1,0.61233664
1,1,0.9998785
1,1,0.9975739
1,1,0.9986546
0,1,0.9998816
1,1,0.9977997
0,1,0.99989617
1,1,0.9872936
0,1,0.9998888
1,0,0.014596414
1,0,0.008364507
1,1,0.9999355
1,1,0.99991477
1,1,0.99969757
0,1,0.99994075
0,1,0.9986595
1,0,0.18136525
0,1,0.99972624
0,1,0.8161583
1,0,0.06289631
0,1,0.99991786
1,1,0.9996357
1,0,0.002495683
1,1,0.99990845
0,1,0.9997012
0,1,0.9999337
1,1,0.9999465
1,1,0.6365031
1,1,0.9995359
1,1,0.9998597
1,0,0.001875789
0,1,0.9999008
1,0,0.0008582297
1,1,0.95519376
1,1,0.99989665
1,1,0.9615787
1,1,0.92655385
1,0,0.39317048
0,1,0.9998367
1,1,0.9999356
0,1,0.9998678
1,0,0.22233483
0,1,0.9999331
1,0,0.00061891956
0,1,0.9999424
1,1,0.6171765
1,0,0.00182489
1,1,0.99975866
0,1,0.9999424
1,1,0.8646715
1,1,0.9997465
0,0,0.07700229
0,1,0.9996488
1,1,0.9777209
0,1,0.9998584
0,0,0.21329239
1,1,0.6037505
0,1,0.99988365
0,1,0.9964186
1,1,0.99701285
0,1,0.9999459
1,1,0.8587351
0,1,0.9998733
0,1,0.99979156
1,1,0.9979892
0,1,0.9999262
1,1,0.8899888
0,1,0.9998677
1,1,0.9841357
1,1,0.99498075
1,0,0.1614931
1,0,0.26312557
0,1,0.99854434
1,1,0.99995136
1,0,0.31609187
1,1,0.99569243
0,1,0.994476
1,1,0.9949786
0,1,0.9999492
0,1,0.99982977
0,1,0.99993706
0,1,0.99864167
1,1,0.73732334
0,1,0.9583823
1,0,0.0034922033
1,1,0.9863148
0,1,0.9999229
1,1,0.8487862
1,1,0.9999471
1,1,0.9985014
0,1,0.9997873
1,0,0.097313724
1,1,0.9998996
0,1,0.6612318
0,1,0.9996544
0,1,0.9999211
0,1,0.99989665
0,1,0.99959046
0,1,0.99849343
0,1,0.9999145
1,1,0.99994075
0,1,0.9902866
1,1,0.963863
0,1,0.9999
0,1,0.99597824
0,1,0.99987876
0,1,0.9999331
1,1,0.99987686
1,1,0.9994673
1,1,0.99986744
0,1,0.99984086
1,1,0.9999174
0,0,0.079002276
1,1,0.99950683
1,0,0.028819986
1,1,0.78106266
1,0,0.43777654
1,0,0.11356872
1,1,0.999203
1,1,0.999482
1,0,0.076355405
1,0,0.002580142
1,0,0.0066484897
1,1,0.99353516
0,1,0.9999262
1,1,0.9757784
1,0,0.000168012
1,1,0.9719192
1,1,0.9936473
0,1,0.5823209
1,0,0.0024995832
1,1,0.98776835
0,0,0.4266876
1,1,0.98296815
1,0,0.056803443
1,0,0.00032106752
1,1,0.8765436
1,1,0.9540427
1,0,0.20188828
1,1,0.9997563
0,1,0.9965655
0,0,0.1744351
1,1,0.97664523
0,1,0.9999373
0,1,0.7408511
1,1,0.9732925
1,1,0.99966514
0,1,0.91124314
0,1,0.9999232
0,1,0.99602437
1,1,0.99991083
1,0,0.45212814
0,1,0.9998766
1,1,0.9999045
0,1,0.9998541
1,0,0.34855878
0,1,0.999908
1,1,0.99994373
1,1,0.9999192
0,1,0.999936
1,0,0.00086572726
1,1,0.9999298
0,1,0.8842816
1,0,0.0875912
1,0,0.06277088
1,1,0.55518216
1,1,0.9910697
0,1,0.9999434
0,1,0.9999274
1,1,0.99981064
0,1,0.99790657
1,1,0.8995494
0,1,0.99959713
1,0,0.0064543304
1,0,0.014789019
1,1,0.8892153
1,1,0.99446255
1,1,0.9655226
1,1,0.99914575
1,0,0.19644572
1,1,0.99994683
0,1,0.9986713
0,1,0.99992144
0,1,0.99151856
1,1,0.99908423
0,1,0.99993455
0,1,0.9998971
0,0,0.059536874
1,0,0.00020071269
1,0,0.010774884
0,1,0.9982255
1,0,0.020641739
1,1,0.9988445
0,1,0.9002656
1,1,0.999943
1,1,0.6350199
0,1,0.9522329
0,1,0.9994056
1,1,0.9999492
0,1,0.9998578
0,1,0.9999163
0,1,0.99993694
1,1,0.99980706
0,1,0.99960226
0,1,0.9999316
1,1,0.829431
0,1,0.9999429
1,1,0.99968994
0,1,0.99936694
0,1,0.99992716
0,1,0.99989104
1,0,0.08459653
0,1,0.9958151
0,1,0.9996971
1,1,0.9997253
0,1,0.9999193
0,1,0.86969894
1,1,0.9998273
1,1,0.9999232
0,1,0.9999434
0,1,0.9999138
1,1,0.9998142
1,0,0.003531173
0,1,0.5693497
0,0,0.4848442
1,0,5.725755e-05
0,1,0.9999254
0,1,0.9854703
0,1,0.99432266
1,1,0.99708956
1,1,0.9999497
0,1,0.99992263
0,1,0.9976913
1,1,0.8404691
0,0,0.00072333217
0,1,0.9985123
0,1,0.99916685
0,1,0.76999444
0,1,0.9997451
1,0,0.20970027
1,0,0.040093504
1,1,0.9989827
1,1,0.99744356
0,1,0.99991345
1,0,0.008398515
1,1,0.9997893
0,1,0.99988246
0,1,0.99721175
0,1,0.995252
1,0,0.25308737
0,1,0.9966755
1,1,0.9998229
0,1,0.9999443
1,1,0.99488384
0,1,0.9951964
0,1,0.99986565
1,1,0.99991333
0,1,0.9994424
1,1,0.9999299
1,1,0.9980464
0,1,0.8718078
0,1,0.9999224
0,0,8.411996e-05
1,1,0.6374864
1,1,0.9999219
0,1,0.9997315
1,1,0.93339014
0,1,0.99993646
1,1,0.98986036
1,1,0.6558998
0,1,0.9985366
1,1,0.99989665
1,1,0.99966073
0,1,0.9957878
0,1,0.99991405
0,1,0.8214973
1,1,0.9999366
1,1,0.9995283
1,1,0.9876909
0,1,0.9999219
1,1,0.99994063
0,1,0.99990356
0,1,0.9999125
0,1,0.9995541
1,0,0.005144697
0,0,0.15683557
1,1,0.9163752
0,1,0.99992836
0,1,0.9999378
1,1,0.9389528
1,1,0.7391523
1,1,0.99983275
0,1,0.9999261
1,0,0.0001867847
1,0,0.0001832949
0,1,0.9997701
0,1,0.9999379
1,1,0.9878165
1,1,0.95298785
0,1,0.9992331
1,1,0.84246653
1,0,0.1665892
1,1,0.73614335
1,1,0.934816
0,1,0.9954471
1,1,0.968159
1,1,0.9998708
1,1,0.999845
1,1,0.9999162
1,1,0.83396196
0,1,0.9978485
1,1,0.9999486
0,1,0.99990356
0,1,0.99992716
1,1,0.9997776
1,1,0.9999281
0,1,0.9986979
1,1,0.9967263
0,1,0.99826425
1,1,0.99993837
0,1,0.9998185
1,0,0.018349104
1,0,9.85331e-05
1,0,0.042522952
1,1,0.89934266
1,1,0.92726845
1,1,0.9978454
1,0,0.236425
0,1,0.97639275
1,1,0.902978
1,0,0.014202497
1,0,0.25733498
0,1,0.9999465
1,1,0.9999107
0,1,0.999892
1,1,0.99988115
0,1,0.99685234
1,1,0.99989104
0,0,0.04858096
1,1,0.8391524
1,1,0.9813131
0,1,0.99986064
0,1,0.99988437
0,1,0.9996489
1,0,0.098980114
0,1,0.99970704
1,1,0.9998882
1,1,0.9996637
1,0,3.4037763e-05
1,1,0.99978036
1,1,0.9997178
0,1,0.9999311
0,1,0.99923456
0,1,0.9998853
1,1,0.99994874
1,1,0.9999392
0,1,0.9998784
1,1,0.9997639
1,1,0.75414145
1,1,0.7209407
0,1,0.75132686
0,1,0.99984276
0,0,0.46202686
1,1,0.9999298
1,0,0.0009629848
0,1,0.9999373
1,1,0.999383
1,1,0.99979466
0,1,0.99986005
0,1,0.99991286
0,1,0.99970394
1,1,0.99993145
1,1,0.99814105
0,1,0.9999006
0,1,0.9999405
1,1,0.9999105
1,1,0.9908131
1,1,0.99994636
0,1,0.9998355
0,1,0.99989307
1,1,0.99994516
0,1,0.9997305
0,1,0.9988605
1,0,0.031925276
1,0,0.3820794
0,1,0.88300353
0,1,0.99086505
1,1,0.9998503
0,1,0.9999124
1,1,0.9999423
0,1,0.99985754
0,1,0.9789538
0,0,0.005612146
0,1,0.9998709
0,1,0.99995065
0,1,0.9998016
1,1,0.9603639
1,0,0.29951426
0,1,0.9999081
0,1,0.9999049
0,1,0.99457896
0,1,0.99994874
1,1,0.9788898
0,1,0.9979893
1,0,0.057461895
1,1,0.9938088
1,1,0.9988298
0,1,0.99993575
1,1,0.9803545
1,0,0.0454704
1,1,0.99993896
0,1,0.9572482
1,0,0.035293475
0,1,0.9998337
1,0,0.0066518667
0,1,0.99535984
0,0,0.15884782
0,1,0.9965933
1,1,0.96200526
1,1,0.7326597
1,0,0.36802286
1,1,0.53758645
0,1,0.9999466
1,1,0.68820316
1,1,0.9978097
1,0,0.0011318818
0,1,0.99984443
0,1,0.9999074
1,0,0.016854417
1,1,0.99909353
0,1,0.99931633
0,1,0.9999182
0,1,0.9985672
0,0,0.37214085
0,1,0.9986829
0,1,0.9998276
1,1,0.99980515
0,1,0.999699
1,1,0.8100216
0,1,0.98993134
1,1,0.999864
1,0,0.0023629498
0,1,0.99971014
1,1,0.9984101
0,1,0.99555284
1,0,0.0004602377
1,1,0.99948335
1,1,0.99981517
1,1,0.99942076
1,1,0.9990706
1,1,0.999912
1,1,0.999879
1,1,0.938194
0,1,0.99982554
1,1,0.99271
0,1,0.9997688
0,1,0.99993193
0,1,0.9998754
1,0,0.0782217
0,1,0.99988794
0,1,0.9999229
0,1,0.9996414
0,1,0.99945706
0,1,0.9191695
1,1,0.9999422
0,1,0.83779
1,0,7.990157e-05
0,1,0.9999232
1,0,0.12630802
1,0,0.14102529
0,1,0.99993646
0,1,0.999607
0,1,0.9996505
0,0,0.131804
0,1,0.9999387
1,0,0.0017921482
1,0,0.066411056
1,0,0.35069704
0,1,0.8825869
1,1,0.9705631
1,1,0.9955954
1,0,0.017074969
1,1,0.9136126
0,1,0.999666
1,1,0.9883632
0,1,0.99992836
0,0,0.42931366
1,1,0.9926772
1,0,0.00811826
1,1,0.9998271
0,1,0.99976236
0,1,0.9867214
0,1,0.99961543
1,0,0.07144107
1,0,4.6909332e-05
1,1,0.999647
1,1,0.6786314
1,1,0.5980106
0,1,0.99985504
0,1,0.99986756
0,1,0.9990202
1,0,0.36134633
1,0,0.0006251176
1,0,0.24491285
1,1,0.92413986
0,0,0.023273448
0,1,0.99993026
1,1,0.99987876
1,1,0.78030896
1,1,0.995618
0,0,0.0054152124
0,1,0.9998338
0,1,0.9999435
1,0,0.016184343
1,1,0.9998766
0,1,0.9999113
0,1,0.99975926
0,1,0.99994946
0,1,0.99935395
0,1,0.95940876
1,1,0.98224336
1,0,0.00018170029
0,0,0.018599479
1,0,0.0185994
1,1,0.7477992
0,1,0.9999316
0,1,0.99987423
1,1,0.99785465
1,1,0.9685261
1,1,0.99993944
1,1,0.98066074
1,1,0.9934788
0,1,0.9484289
0,1,0.9999404
1,1,0.9938976
0,1,0.9989297
0,1,0.999889
1,1,0.7465405
0,0,0.0044802534
1,0,0.0036396107
0,1,0.9999349
0,1,0.9998393
1,1,0.8107597
1,0,0.47117412
1,1,0.9979621
1,1,0.56193167
0,1,0.9999434
0,1,0.99954623
0,1,0.99991
1,1,0.8767891
1,1,0.84687793
1,1,0.9998851
0,1,0.999926
1,0,0.029949725
1,0,0.07540713
1,0,0.10970517
0,1,0.999749
1,1,0.9999316
1,1,0.9973207
0,1,0.9999287
0,1,0.99993825
0,1,0.9999443
0,1,0.8219853
0,1,0.99990344
0,1,0.99990535
0,1,0.9999354
1,0,0.0812038
1,0,0.4987232
1,0,0.03982774
0,0,0.08850843
0,1,0.99973744
1,1,0.9099881
0,1,0.9672327
1,1,0.9968821
0,1,0.9999516
0,1,0.978629
1,1,0.6436257
1,1,0.9982066
1,1,0.99950755
1,1,0.9971355
1,0,0.00023438732
0,1,0.999913
1,0,0.046182744
0,1,0.99937683
1,0,0.023708723
0,1,0.99980325
0,1,0.9785185
0,1,0.9990349
0,1,0.99987876
0,1,0.9996555
0,1,0.8424005
0,1,0.99994254
0,1,0.99994755
0,0,0.18491645
0,1,0.97925454
1,0,0.13507822
0,1,0.9977685
0,1,0.9852356
0,1,0.999908
0,1,0.99986947
1,1,0.9982102
1,1,0.9938836
0,1,0.9985279
0,1,0.99886215
1,1,0.67899257
1,1,0.99991953
1,1,0.7595837
1,0,0.0053887167
0,1,0.9995808
0,1,0.9451492
1,1,0.9984754
1,0,0.4365026
0,1,0.99982256
1,1,0.9997421
0,1,0.6291722
1,0,0.00028685792
1,0,0.15222509
0,1,0.99684566
0,1,0.99993587
0,1,0.9987903
0,1,0.96052957
0,1,0.99938357
1,1,0.91819614
1,1,0.9967417
0,1,0.9998292
1,1,0.9918794
0,1,0.9787689
1,0,0.0014822489
0,1,0.99953353
1,0,0.05329954
0,1,0.9999299
1,1,0.99993813
1,0,0.043629456
1,1,0.96575844
1,0,0.12332042
1,1,0.99243695
0,1,0.9987978
0,1,0.99704957
1,1,0.99968505
1,1,0.99975306
1,1,0.7646048
1,1,0.9999052
1,1,0.99943775
0,1,0.99964225
1,0,0.047242783
1,0,0.060095645
1,1,0.99993145
0,1,0.812418
0,1,0.783016
0,1,0.99949753
0,1,0.9999188
0,1,0.99981874
0,1,0.99985063
0,0,0.47104502
1,1,0.98370427
1,1,0.9999473
0,1,0.9997396
1,1,0.966535
1,1,0.9999161
0,1,0.99948657
1,1,0.78720933
1,1,0.99986196
1,1,0.99983966
0,1,0.99740857
1,1,0.92593855
1,1,0.99941885
1,0,0.0050016087
1,1,0.5167776
0,1,0.9995763
1,1,0.9999355
1,0,0.00439486
0,1,0.9999349
0,0,0.00058295415
0,1,0.9998921
0,1,0.9999397
0,1,0.9999398
1,1,0.99939084
1,1,0.9998079
1,1,0.99976844
0,1,0.99976164
1,1,0.99994135
1,1,0.99737835
0,1,0.9999355
1,1,0.99905604
1,0,0.00042803722
0,1,0.99994063
0,1,0.9997322
1,0,0.00023484591
0,1,0.99772316
0,1,0.99991894
1,0,0.0004354321
1,0,0.48151
1,1,0.9999143
0,1,0.99992645
0,1,0.9997222
0,1,0.9999163
1,1,0.9574161
1,0,0.33810225
0,1,0.9998462
0,1,0.9993709
0,1,0.9994142
0,1,0.99968755
0,1,0.9994029
0,1,0.99877614
1,0,0.10859206
1,0,0.0019666427
1,0,0.112757966
0,1,0.8511669
0,1,0.99993443
1,0,0.35388663
0,1,0.9999243
1,0,0.061625868
1,1,0.97218394
1,1,0.99984705
0,1,0.99992645
0,1,0.9706196
0,1,0.9999138
0,1,0.99994695
1,0,0.010690049
1,0,0.4076749
0,1,0.9967542
1,0,0.08968103
1,0,0.008200777
0,1,0.9999454
1,1,0.52069545
0,1,0.5328801
1,1,0.5463044
1,1,0.99980503
1,1,0.9981571
1,1,0.9999491
0,0,0.20722173
1,1,0.99995005
1,1,0.9998938
0,1,0.99509084
0,1,0.9999237
1,1,0.5628467
1,1,0.85129595
1,1,0.7012968
0,1,0.96262556
0,0,0.29284737
0,1,0.9998913
1,0,0.0035166931
1,1,0.999866
1,1,0.9998229
1,1,0.9998319
1,1,0.8884029
1,1,0.97764164
1,1,0.99993646
1,0,0.00083393964
0,1,0.99794763
0,1,0.9998716
1,1,0.9996346
0,1,0.99891114
0,1,0.7609553
1,1,0.9658171
0,1,0.9998598
1,1,0.86584324
0,1,0.9998791
1,1,0.99992037
0,1,0.9998667
1,1,0.99577636
1,0,0.0034426174
0,1,0.9995535
1,1,0.9998437
0,1,0.81944233
0,1,0.99977845
0,0,0.23908679
1,0,0.046776593
0,1,0.9999379
1,1,0.99994516
0,1,0.99191344
0,1,0.9426115
1,0,0.21563421
0,1,0.9943738
1,1,0.9999207
0,1,0.9999417
0,1,0.9998871
0,1,0.99994195
1,1,0.68527526
1,0,0.23484682
1,0,0.1799239
1,1,0.73564655
0,1,0.9995622
1,1,0.8463956
0,1,0.9998215
1,0,0.21590759
0,1,0.99991965
1,0,0.006800349
0,1,0.99938965
0,1,0.99213374
0,1,0.9999374
1,1,0.9516149
1,0,0.11281545
0,0,0.15989672
0,1,0.9999293
1,0,0.0013536735
0,1,0.9999436
0,1,0.9404602
1,1,0.8238128
1,1,0.99890554
0,1,0.9998766
0,1,0.9998621
0,1,0.9997838
0,1,0.99972636
1,1,0.99971575
1,1,0.99846494
0,1,0.9974795
1,1,0.99992955
0,1,0.99971837
1,1,0.9880574
1,1,0.7228262
0,1,0.99629813
1,1,0.99989676
1,0,0.008119139
0,1,0.9999317
0,1,0.99993956
1,1,0.99638677
1,0,0.061198626
0,1,0.9869446
1,1,0.9998901
0,1,0.99909854
1,0,5.5623335e-05
0,1,0.9999124
0,1,0.99994004
0,1,0.9994937
1,0,0.0024510396
0,0,0.1110806
0,1,0.8291624
0,1,0.9998952
1,1,0.8436088
1,1,0.9997099
0,1,0.99993384
0,1,0.9986527
1,1,0.99984705
0,1,0.9993167
0,1,0.99991596
1,1,0.9998925
0,1,0.8590567
1,0,0.0038599777
0,1,0.99993694
1,1,0.6184606
0,1,0.99989355
0,1,0.9999391
0,1,0.99974924
1,1,0.99987185
1,0,7.946677e-05
0,1,0.9987526
0,1,0.9848587
0,1,0.8949193
0,1,0.7433439
1,1,0.9993956
0,1,0.99993515
1,1,0.9995906
1,0,0.039284226
1,0,0.031069288
0,1,0.99697244
0,0,0.27906725
1,1,0.9944338
0,1,0.999941
0,1,0.99980766
0,1,0.9999411
0,1,0.999926
0,1,0.99991107
1,0,0.00076875836
1,1,0.9859678
1,0,0.0015451008
0,1,0.99991727
1,1,0.97427636
1,1,0.9882401
1,1,0.99167985
0,1,0.99991536
1,0,6.7632805e-05
0,1,0.9998902
1,1,0.99994135
1,1,0.9988211
1,1,0.9985713
1,1,0.99994516
1,1,0.99982506
0,1,0.9530178
0,1,0.9991153
1,1,0.9999304
1,1,0.8868504
1,0,0.00029068918
0,1,0.9999317
1,1,0.98939544
1,1,0.9332803
1,1,0.99940836
0,0,9.5911986e-05
0,1,0.9995747
1,0,0.026319379
1,1,0.9268028
0,1,0.9997845
1,1,0.9999099
1,1,0.9999132
1,1,0.6883839
1,1,0.9999318
0,1,0.99974006
0,1,0.99991083
1,1,0.9552095
0,1,0.9977718
1,1,0.89058375
0,1,0.99994385
1,0,0.0016545297
0,1,0.99993944
1,1,0.9998715
0,1,0.9999429
0,1,0.99993575
1,1,0.9995478
1,1,0.9997106
0,1,0.9999392
0,0,0.17287247
0,1,0.99989235
1,1,0.74488235
0,1,0.9998692
0,1,0.9800392
1,1,0.97817206
0,1,0.9999398
0,1,0.999863
0,1,0.99990356
1,1,0.9998758
1,1,0.98666954
0,1,0.9653036
0,1,0.99993134
1,0,0.0019752325
0,1,0.99992406
0,1,0.9999397
0,0,0.06866383
0,1,0.99988925
1,1,0.9954059
1,1,0.9915543
0,1,0.99991596
0,1,0.9999409
1,1,0.99991643
0,1,0.99991906
1,0,0.46686324
0,1,0.999509
1,1,0.64404434
0,1,0.99990857
1,0,0.3188112
0,1,0.99943644
0,1,0.9998448
0,1,0.9998708
1,1,0.9330565
1,1,0.7822195
0,1,0.9980482
1,0,0.08878491
0,1,0.9996526
1,1,0.9937909
0,1,0.6909635
0,0,0.3311218
0,1,0.99994814
1,1,0.9980946
1,1,0.9807146
0,1,0.99899584
0,1,0.9998889
1,1,0.99511343
0,1,0.9999087
1,1,0.823446
1,0,0.18446645
1,1,0.9220341
0,1,0.9735469
1,1,0.99994266
0,1,0.99992895
1,1,0.94292945
0,1,0.99988925
1,0,0.00037732633
1,0,0.011440359
1,1,0.9091284
1,0,0.1266123
1,1,0.9552437
1,1,0.84959716
0,1,0.99993134
1,1,0.9996438
1,1,0.9803356
0,1,0.9999454
1,1,0.9889481
0,1,0.99973255
0,1,0.99993527
1,1,0.99820864
1,0,0.00047284772
1,0,0.24154367
0,1,0.99988174
0,1,0.99993575
1,0,0.2614495
0,1,0.99944574
1,0,0.0017096146
0,1,0.99966073
0,1,0.9999336
1,1,0.9998472
0,1,0.9998995
1,1,0.95537806
0,1,0.9832333
1,1,0.99993014
0,0,0.0003278602
0,1,0.94994336
1,0,0.18680476
0,1,0.86319476
0,1,0.9986299
0,0,0.4357951
0,1,0.9998313
0,1,0.99974054
1,0,0.31103015
1,0,0.008784057
1,0,0.015506319
1,1,0.8493623
0,1,0.9994622
0,1,0.9998647
0,1,0.9915906
0,0,0.007242909
0,1,0.99687684
0,1,0.7989497
0,1,0.999728
1,0,0.04800465
1,1,0.9998808
0,1,0.9991503
0,1,0.86013633
1,0,0.2345145
1,0,0.040678527
0,1,0.9660225
1,0,0.032751963
0,1,0.9998976
1,0,0.041961644
1,1,0.99672395
1,0,0.0043217363
1,0,0.00019596842
1,1,0.99991643
1,1,0.9991485
1,1,0.9908442
0,1,0.99851674
1,0,0.17127709
0,1,0.9332283
0,1,0.9997881
0,1,0.9999267
1,0,0.47665662
1,1,0.9996344
0,1,0.99913436
1,1,0.9895502
0,1,0.9999012
0,1,0.7584845
0,1,0.9884516
1,1,0.9930824
0,1,0.99964035
1,1,0.6376411
1,0,0.39744356
1,1,0.989193
0,1,0.9997842
0,1,0.9410441
1,0,0.1546754
0,1,0.99791294
0,1,0.9848776
0,1,0.9919186
1,1,0.8490347
1,1,0.99961334
1,1,0.98162913
0,0,0.10987182
1,1,0.97238076
0,1,0.9969195
1,0,0.24300842
1,0,0.000100507925
1,1,0.6618841
1,0,0.0053744875
0,1,0.99990106
1,1,0.9996706
1,0,0.23918895
1,1,0.9831191
1,0,0.00086863135
0,1,0.9996408
0,1,0.53108644
1,1,0.95464253
1,1,0.8616374
1,1,0.9985098
1,1,0.98449576
1,1,0.99992514
0,1,0.99994123
1,1,0.9895599
1,0,0.4912757
0,1,0.9999292
1,0,0.0023726115
1,1,0.50170183
0,1,0.99994075
1,1,0.99991333
1,1,0.9987575
0,1,0.89562833
1,1,0.89318424
1,1,0.99760807
1,0,0.4292948
1,1,0.99981755
1,1,0.7854521
0,1,0.9998307
0,1,0.99923587
1,1,0.6556108
1,1,0.9991641
0,1,0.99939215
0,1,0.9999342
0,1,0.9992729
0,1,0.999928
0,1,0.9998661
1,1,0.9077785
1,1,0.9997453
0,1,0.9999136
1,0,0.49596608
1,0,0.142903
1,0,0.013335271
1,0,0.0070715346
1,1,0.9999107
0,1,0.9998847
1,0,0.03435577
0,1,0.97405833
0,1,0.99121827
0,1,0.8002393
1,0,0.020481972
0,1,0.9994562
1,1,0.602677
0,1,0.67591023
0,1,0.99989843
1,1,0.99992716
0,1,0.9996567
1,1,0.79880476
0,1,0.9998043
0,1,0.9999105
1,0,0.34269926
1,0,0.00024734912
0,1,0.9998703
0,1,0.99925536
1,0,0.0051926337
0,1,0.9999058
0,0,0.41455492
1,1,0.99635774
1,1,0.7332521
0,1,0.9993905
1,1,0.9999229
0,0,0.31310922
1,1,0.60268503
0,1,0.9984131
0,1,0.9998827
0,1,0.99991465
1,1,0.96557194
0,1,0.99964595
1,1,0.9629968
1,1,0.9998982
0,0,0.0717097
0,1,0.8762498
0,1,0.99977213
1,1,0.99962187
0,1,0.7264054
0,1,0.9999461
1,0,0.27002093
1,1,0.74908155
1,1,0.9420978
1,1,0.99929845
1,0,0.018015066
1,1,0.99982315
0,1,0.9999145
1,1,0.99729687
0,1,0.8927692
1,1,0.8921041
1,1,0.99569666
1,1,0.9246889
0,1,0.9999387
0,1,0.9957926
1,1,0.9998117
1,0,0.0050652367
1,1,0.99972314
1,1,0.999946
0,1,0.9938744
0,1,0.9999362
1,1,0.9971059
0,1,0.999899
1,0,0.37749544
1,1,0.9659523
0,1,0.99994147
1,1,0.99991107
1,1,0.99993324
0,1,0.999923
0,1,0.9594433
1,1,0.99994123
0,1,0.99988306
0,1,0.99994075
1,1,0.51987135
0,1,0.9999373
1,1,0.984054
0,1,0.99572045
0,1,0.99991286
0,1,0.9982382
1,1,0.99086714
0,1,0.9714267
0,1,0.9991736
1,1,0.999946
1,0,0.0019736295
0,1,0.99841523
1,1,0.9762957
1,0,0.0018213781
0,1,0.9998776
1,1,0.9999368
1,1,0.9987191
0,1,0.9999238
0,1,0.8001409
0,1,0.9996662
0,1,0.9939978
1,1,0.99993825
1,0,0.00076342473
0,1,0.999936
1,0,0.0001607008
0,0,0.3702938
0,1,0.9999424
0,1,0.99991333
0,1,0.99963546
1,1,0.51735336
1,0,0.35592628
0,1,0.99984205
1,1,0.99890137
1,1,0.9867849
1,1,0.9999244
1,1,0.90893614
0,1,0.9999447
0,1,0.9999176
1,1,0.9997454
0,1,0.9998023
1,1,0.9998248
1,1,0.9999511
0,1,0.9955844
0,1,0.99961096
1,0,0.0032747095
0,1,0.9925224
0,1,0.9999453
1,0,0.0146073345
1,1,0.7356414
0,1,0.999944
1,1,0.97980404
1,0,0.3520518
0,1,0.99993396
1,1,0.9928537
0,1,0.9999081
0,1,0.9997899
0,1,0.99017626
1,0,0.10452715
1,0,0.0009746965
1,1,0.9998247
0,1,0.9998404
0,1,0.9999025
1,0,0.036078103
1,1,0.9999052
1,1,0.9980021
1,1,0.99991024
0,1,0.99990463
1,1,0.9998702
1,1,0.9420364
0,1,0.9999194
1,1,0.6346997
1,1,0.9978764
1,1,0.9942979
0,1,0.9950547
0,1,0.99992716
0,1,0.9999362
1,1,0.9325338
1,1,0.99994934
0,1,0.99993944
1,1,0.99992955
0,1,0.9986297
0,1,0.9988937
1,1,0.99982125
1,1,0.8182935
1,0,0.014005966
0,1,0.999931
0,1,0.9997645
1,1,0.99979633
1,1,0.9959818
1,1,0.9999399
1,0,0.0005703747
1,1,0.9999372
0,1,0.91438127
1,0,0.22494033
0,1,0.99990404
1,1,0.9998883
0,1,0.99499524
1,1,0.7513345
1,1,0.9999378
1,1,0.997874
1,1,0.9999496
1,1,0.9893939
1,1,0.99993277
0,1,0.66154
0,1,0.79754496
0,1,0.9999391
1,0,0.0015493386
0,1,0.999915
0,0,0.00084845745
1,1,0.86265224
0,1,0.9999428
1,1,0.9998939
0,1,0.9997774
0,1,0.9943475
0,1,0.9999323
0,1,0.99992824
1,0,0.029643422
0,1,0.9999007
0,1,0.9998903
0,1,0.99989676
0,0,0.112719655
1,0,0.0027811287
1,1,0.9998098
1,1,0.9991665
1,1,0.99993277
0,1,0.9999472
0,1,0.9996953
0,1,0.99994385
0,0,0.0019165685
1,1,0.56007177
1,1,0.98296803
1,0,0.2929639
1,1,0.99989605
0,1,0.9999012
0,1,0.9999429
1,1,0.91454977
1,1,0.9137804
1,0,0.018394738
1,1,0.5776172
1,0,0.474576
0,1,0.9999366
1,0,0.014721225
0,1,0.9997559
1,0,0.07138969
0,1,0.99922335
0,1,0.99992156
0,1,0.99992764
1,0,0.04653263
1,1,0.9988273
1,0,0.032070454
0,1,0.99991477
0,1,0.99856097
0,1,0.99983764
0,1,0.9968047
1,1,0.9860269
1,1,0.98248565
1,1,0.9998658
0,1,0.9998913
1,1,0.9996636
0,1,0.99994016
1,0,0.19319324
1,1,0.99635917
1,1,0.53626835
0,1,0.99994576
1,0,0.0016658874
1,1,0.8208434
0,1,0.99992096
0,1,0.9997516
0,1,0.8679372
0,1,0.9999367
1,1,0.9995851
0,1,0.9998934
0,1,0.99994004
1,1,0.9997063
1,1,0.99902976
1,0,0.16306886
1,0,0.35007504
1,1,0.9223659
0,1,0.9979875
0,1,0.99643314
0,1,0.99968195
1,1,0.99177176
1,0,0.2955201
1,0,0.00019175776
0,1,0.99986875
1,1,0.9187152
1,0,0.00066887087
1,1,0.55914384
1,1,0.99451655
1,0,0.00990057
1,1,0.999926
1,0,0.00013297115
1,0,0.00067626836
0,1,0.9989189
0,1,0.99994695
1,1,0.99990094
1,1,0.9998652
0,1,0.9997522
1,1,0.50999624
0,1,0.9999217
1,0,0.051915668
1,0,0.036039386
0,1,0.99978226
0,1,0.9999372
0,1,0.9999329
1,1,0.9999486
0,1,0.9989159
1,1,0.6794719
1,0,0.043093637
0,1,0.9998766
1,1,0.5733123
1,0,0.040035218
0,0,0.29246965
1,1,0.99994767
0,1,0.9998698
0,1,0.99986994
0,0,0.0028240897
0,0,0.07802495
1,0,0.0011282138
1,1,0.99952793
0,1,0.9991891
0,1,0.99983835
1,0,0.007570173
1,1,0.9990945
0,1,0.9926675
1,1,0.9995546
1,0,0.00015243671
1,0,0.034252472
1,1,0.994599
1,1,0.999863
0,1,0.9997031
0,0,0.004426545
1,0,0.00018680857
1,0,0.0034162172
1,1,0.9994161
0,1,0.9983935
0,1,0.9999404
0,1,0.99992526
0,1,0.99900407
0,1,0.99987376
1,1,0.6523504
1,1,0.5629131
1,1,0.99745613
0,1,0.9997725
1,0,0.026369562
1,1,0.8447908
0,1,0.9998888
0,1,0.9986137
1,1,0.6268524
0,1,0.9992403
0,1,0.9528963
0,1,0.99596393
1,1,0.99977356
0,1,0.99891937
0,1,0.9999343
0,1,0.6329528
0,1,0.999943
0,1,0.999938
1,0,0.0017459331
1,1,0.99992275
0,1,0.99988925
1,1,0.998221
1,1,0.9998349
1,0,0.024105592
1,1,0.82820857
1,0,0.0014112642
1,1,0.5202128
1,0,0.08581714
1,1,0.99982685
1,1,0.9998141
1,1,0.998281
1,1,0.99234384
1,1,0.9999461
0,1,0.9999198
1,1,0.99929464
1,1,0.99990845
0,1,0.99983764
1,1,0.99991703
1,1,0.9992256
1,0,0.030936439
1,1,0.66268736
0,0,0.21765345
1,1,0.7206898
1,0,0.0024447239
1,0,0.00030144522
0,1,0.99989724
1,1,0.9985018
1,0,0.35913226
0,0,0.010292011
1,1,0.9547639
0,1,0.99941385
0,1,0.530082
1,1,0.9402081
1,1,0.71902645
1,0,0.35136306
1,0,0.3639821
0,1,0.9999094
1,1,0.99992836
0,1,0.9999455
1,0,0.0006500664
0,1,0.944059
1,0,0.48454934
0,1,0.9998925
0,1,0.99883944
1,1,0.9999422
1,0,0.13948111
1,1,0.9999459
1,0,0.28970262
0,1,0.9999392
1,1,0.81294495
0,1,0.99985886
1,1,0.9999486
0,1,0.99994504
1,1,0.9939903
1,1,0.6454483
1,0,0.11109121
0,1,0.96380424
1,1,0.73797697
0,1,0.9739457
0,1,0.999931
0,1,0.5243022
0,1,0.95144814
1,0,0.3246156
0,1,0.8147822
1,0,0.003496834
1,1,0.9998503
1,0,0.00062068045
1,0,0.39059606
1,1,0.9999254
1,1,0.7460998
1,1,0.9999176
1,1,0.9994474
0,1,0.9999341
0,1,0.99989426
0,1,0.9992698
0,1,0.99967897
1,1,0.9982981
1,1,0.99339527
0,1,0.9998865
0,1,0.9999176
1,0,4.5331508e-05
1,0,0.34944513
1,1,0.75634265
0,1,0.9998066
0,1,0.99989235
0,0,0.10654702
1,1,0.9999008
0,1,0.9997714
0,1,0.84856653
0,0,0.0036903447
0,1,0.9998031
1,1,0.999884
1,1,0.9824008
0,1,0.9999105
0,1,0.99993813
0,1,0.9999441
0,1,0.99970144
1,1,0.99946517
0,1,0.99985325
1,1,0.99985087
0,1,0.99990034
1,1,0.99993443
0,1,0.9997372
0,1,0.99993336
0,0,0.22578873
1,1,0.77638555
1,1,0.9998692
1,1,0.99985576
1,1,0.99991417
0,1,0.99987483
0,1,0.9999012
1,1,0.9977375
0,1,0.9999019
0,1,0.9999027
0,1,0.99992883
0,1,0.6065477
0,1,0.9999411
1,1,0.9999099
0,1,0.86390907
1,1,0.94652915
0,1,0.99920195
1,1,0.99990094
0,1,0.9999472
0,1,0.9998264
1,0,0.18689714
1,1,0.99953234
0,1,0.67030746
1,1,0.9882625
1,1,0.77796406
1,0,0.0068819686
0,1,0.99564713
0,1,0.9989575
0,1,0.99984825
0,1,0.99899155
1,1,0.7853395
0,1,0.99988925
1,1,0.9999454
0,1,0.9998344
0,1,0.9999349
0,1,0.99985385
0,1,0.740637
1,1,0.9985511
0,1,0.99951375
1,1,0.98942053
1,1,0.9279764
0,1,0.99992156
0,1,0.80542046
1,1,0.99738365
1,0,0.018455198
0,1,0.99975914
1,1,0.8715518
0,1,0.9984403
0,1,0.99994814
1,1,0.65756863
1,1,0.99943656
0,1,0.9996902
0,1,0.9998338
0,1,0.99992466
1,0,0.13545395
1,1,0.9998455
1,0,0.4155005
0,1,0.98894495
0,1,0.98766905
1,0,0.022072798
1,0,0.44673425
1,1,0.9908511
0,1,0.99987924
0,1,0.99989796
1,1,0.9999478
1,0,0.009629499
0,1,0.9987174
0,1,0.9998865
1,1,0.9999484
1,1,0.8154857
1,1,0.9022303
0,1,0.99992394
0,1,0.99994934
0,1,0.9941227
0,1,0.99989974
1,1,0.774658
0,1,0.99988735
1,1,0.9998547
0,0,0.3026095
0,0,0.18802941
0,1,0.9999356
1,1,0.999936
1,0,0.015307756
0,1,0.5553782
0,1,0.99864036
0,1,0.64844775
1,1,0.9999466
1,0,0.0068930057
1,0,0.008498524
0,1,0.99993587
1,1,0.99961984
0,1,0.9995098
0,1,0.9994605
0,1,0.99992037
0,1,0.99984586
1,1,0.6758545
0,1,0.9997023
1,1,0.6301088
1,1,0.99970573
1,1,0.99523145
1,1,0.99994123
0,1,0.9997732
1,1,0.9995648
0,1,0.9998085
1,1,0.999941
1,0,0.330518
1,1,0.9996505
1,0,0.43231523
0,1,0.9956534
1,1,0.9976549
0,1,0.9988649
1,0,0.01214447
0,1,0.9990683
1,1,0.99598205
0,1,0.9998729
0,1,0.99704343
0,1,0.99756014
1,1,0.9999218
1,1,0.99993396
1,1,0.99981433
0,0,0.17692053
1,1,0.9494044
1,1,0.9861351
0,1,0.9999294
0,1,0.9998301
0,1,0.9997602
1,1,0.98746336
1,0,0.31007788
1,1,0.9968624
1,1,0.9998958
1,1,0.9995407
1,1,0.99961394
1,1,0.9303397
1,1,0.9991178
1,1,0.89527035
1,1,0.6906272
0,1,0.98085487
0,1,0.99861765
0,1,0.9997764
1,0,6.0877566e-05
1,1,0.9988913
0,1,0.9998586
1,0,0.010936385
0,1,0.9998679
1,0,0.029650707
0,1,0.9999403
1,1,0.59248513
0,1,0.99690634
1,1,0.9992047
1,1,0.998382
0,1,0.99843746
0,1,0.99131656
1,0,0.0043628365
1,1,0.99685705
0,1,0.9956571
1,1,0.9967566
1,1,0.9999461
1,0,0.064855605
0,1,0.7327634
1,1,0.99993336
1,0,0.0018548613
1,1,0.99967456
1,1,0.94600236
0,1,0.999933
1,1,0.6566117
0,1,0.9999219
1,1,0.9998203
1,1,0.92891073
0,1,0.996979
1,1,0.8538165
1,1,0.9999366
0,1,0.75113654
0,1,0.99975973
0,1,0.99967587
0,1,0.99908185
0,1,0.998355
1,1,0.9999478
0,1,0.9984364
1,1,0.7126282
0,1,0.95285386
1,0,0.4163779
1,1,0.99127793
1,1,0.9585491
1,0,0.0073845396
1,1,0.9976319
0,1,0.999845
1,1,0.53482866
0,1,0.9999349
1,0,0.00031750332
0,1,0.9967849
0,1,0.99987876
0,1,0.99988866
0,1,0.9978957
1,0,0.3206205
0,1,0.9995857
0,1,0.99932027
1,1,0.87307286
1,1,0.9722998
1,0,0.006395559
0,1,0.996582
1,1,0.9999037
1,1,0.7298541
0,1,0.9987337
1,1,0.9999347
0,1,0.9999186
1,1,0.99994576
1,1,0.9991522
1,0,0.15944935
1,0,0.0013097966
0,1,0.99990344
0,1,0.9645854
0,1,0.99973434
1,0,0.0019202343
1,1,0.9931335
0,1,0.99968684
0,1,0.88590944
1,1,0.9999417
0,0,0.0009876433
0,1,0.9999317
1,1,0.99991953
1,1,0.9960896
1,1,0.99881303
0,1,0.9559909
0,1,0.99738795
1,1,0.99920577
1,1,0.7843676
1,1,0.97216505
1,1,0.7306729
1,1,0.9926266
1,1,0.98300296
0,1,0.99753296
1,1,0.96028733
0,1,0.99992275
0,1,0.99888533
1,0,0.42812717
0,1,0.9998801
1,1,0.82352203
1,1,0.9999486
0,1,0.99990356
1,0,0.4670093
1,0,0.2968637
1,1,0.997593
1,0,0.37402484
0,1,0.9105469
0,1,0.9999001
0,1,0.9994423
0,1,0.99571913
1,1,0.98971355
0,1,0.9999318
1,1,0.690035
1,1,0.7636877
1,1,0.99994576
0,1,0.992931
1,1,0.98222554
1,1,0.9296429
1,1,0.9999324
1,1,0.97123647
1,1,0.743159
0,0,0.07311256
0,1,0.9999385
0,1,0.9999181
1,0,0.45455903
0,1,0.73194385
0,1,0.99989784
0,1,0.96213204
1,0,0.10381336
0,1,0.99993825
1,1,0.9999478
0,1,0.9993395
1,1,0.994478
1,0,9.691198e-05
0,1,0.9999443
1,1,0.99786407
1,1,0.9999349
0,1,0.9999105
1,1,0.98630756
0,1,0.99971527
0,1,0.9979411
1,0,0.49116224
0,1,0.53621656
1,1,0.8064743
0,1,0.9955295
0,1,0.9998528
0,1,0.9998785
0,1,0.9994941
0,1,0.66443264
1,1,0.9998994
0,1,0.9999156
0,1,0.9999254
0,1,0.99961793
0,1,0.9081523
0,1,0.9999341
0,1,0.999353
1,1,0.9999304
1,1,0.99709165
0,1,0.99984777
1,1,0.99855894
1,1,0.9908003
0,1,0.9959609
0,1,0.99974614
1,1,0.99916613
0,1,0.9998135
1,0,0.0002940743
0,1,0.9495238
1,1,0.9913953
0,1,0.9993587
0,1,0.99713635
1,1,0.96898985
1,1,0.6707773
0,1,0.99875104
1,0,0.00010613932
1,1,0.9999237
1,0,0.03765966
1,1,0.95715165
0,1,0.99983644
1,1,0.55675226
1,1,0.9985096
1,1,0.9999063
1,1,0.9995085
1,1,0.9998951
1,1,0.99993825
1,1,0.9992494
0,1,0.99994516
1,1,0.9999323
1,1,0.9981622
1,1,0.98967135
1,1,0.87678874
1,1,0.999946
1,1,0.52705497
0,1,0.99993145
1,0,0.0006383388
0,1,0.9994025
0,1,0.98621887
1,1,0.5622622
0,1,0.9935324
1,1,0.9664783
1,1,0.913421
0,1,0.9489241
1,1,0.91866916
0,1,0.9997241
0,1,0.99993765
1,1,0.7032938
1,1,0.8409894
0,1,0.99989295
0,1,0.9999361
0,1,0.9997404
0,1,0.99978274
0,1,0.8000451
1,1,0.9997143
1,1,0.9598117
0,1,0.99977463
1,1,0.9999219
0,1,0.99972576
0,1,0.9994413
0,1,0.9998466
0,1,0.99993837
0,1,0.9998084
0,1,0.9998338
0,1,0.9996706
0,1,0.9997359
1,1,0.99975234
0,1,0.9999418
0,1,0.9996697
1,1,0.9977981
0,1,0.99992454
1,1,0.9993498
0,1,0.9997397
1,1,0.95487136
0,1,0.9999367
1,1,0.99944407
0,1,0.99994946
0,1,0.99993026
1,1,0.9320436
1,1,0.9592859
0,1,0.9999269
1,1,0.5984151
0,1,0.9985368
0,1,0.99986446
0,1,0.9998246
0,1,0.99993443
1,0,0.04119547
1,1,0.9999093
1,1,0.96347547
1,1,0.9581268
1,1,0.99948007
0,1,0.9998115
0,1,0.99968207
1,1,0.71498924
1,1,0.9989937
0,1,0.9999267
1,1,0.9999324
1,0,0.025124943
0,1,0.9999248
1,1,0.9411665
0,1,0.99797815
0,1,0.9999285
1,1,0.9894076
1,1,0.89314413
1,0,5.81223e-05
0,1,0.99977785
0,1,0.99962115
1,1,0.7953667
0,1,0.99986744
0,1,0.99993575
0,1,0.99993014
1,1,0.99991226
0,1,0.9999343
0,1,0.99987185
0,1,0.998432
0,0,0.32087636
0,1,0.88342535
0,1,0.9999378
1,1,0.9956493
0,1,0.9989116
1,1,0.9986058
0,1,0.99994266
0,1,0.9999051
1,0,0.0073024705
1,0,0.3629941
1,1,0.5999379
0,1,0.99993014
1,1,0.9962502
0,1,0.99991775
1,0,0.17553787
1,0,0.03387837
1,1,0.99702066
1,1,0.9996636
1,0,0.34054837
1,0,0.051771708
0,1,0.9999093
0,1,0.9990908
1,1,0.9988753
1,1,0.98829484
1,1,0.9999465
0,1,0.99977213
0,1,0.9999232
0,1,0.999853
1,1,0.99931276
1,1,0.99919575
0,1,0.9999391
0,1,0.99986255
0,1,0.99868983
1,0,0.4011598
1,1,0.9819562
0,1,0.9998846
0,1,0.99919814
1,1,0.9425757
1,1,0.99603444
0,1,0.99985504
1,1,0.9707993
0,1,0.9921246
1,0,0.062458873
1,1,0.99986553
0,1,0.9999404
1,1,0.96482855
0,1,0.9359586
0,1,0.99994326
1,1,0.999905
0,1,0.9569219
1,0,0.45461172
1,0,0.21220225
0,1,0.99990106
0,1,0.99993837
1,1,0.9974427
1,1,0.99994004
1,1,0.63127303
1,1,0.95649093
0,1,0.9999206
1,0,0.4962878
1,1,0.8491418
0,1,0.99994934
1,1,0.9999472
1,1,0.9998104
1,1,0.7109157
0,1,0.99993706
0,1,0.9999386
0,1,0.9998889
0,1,0.9995233
1,1,0.9998274
1,1,0.99984634
0,1,0.99992883
0,1,0.9998702
1,1,0.99948776
0,1,0.9999361
0,1,0.996011
1,1,0.5472025
0,1,0.9999467
0,1,0.9998067
0,1,0.91567874
0,1,0.99965703
0,1,0.9934028
1,1,0.6979459
0,1,0.9999387
1,1,0.99986255
1,1,0.7146478
0,1,0.9999367
0,1,0.9999074
1,0,0.13955632
1,1,0.7000967
0,1,0.99991035
1,1,0.9693229
1,1,0.99088544
1,1,0.84260374
1,0,8.2970444e-05
1,0,0.332839
1,0,0.22203696
0,0,0.46411863
1,0,0.0008215115
0,0,0.25599337
0,1,0.999864
0,1,0.9998555
1,1,0.9999355
1,0,0.000113674905
0,1,0.99992836
1,0,0.000845392
1,1,0.999818
1,0,0.06953098
1,1,0.97471344
1,1,0.9996872
1,1,0.7810912
0,1,0.9941993
0,1,0.9999237
1,1,0.9988457
0,0,0.0519487
0,0,0.023292575
0,1,0.9999405
1,0,0.009479828
0,1,0.9996705
1,0,0.0026793845
1,1,0.6997202
1,0,0.3284114
0,1,0.9984151
1,1,0.99889
1,1,0.99994695
0,1,0.9689136
0,1,0.9997731
1,0,0.2947713
1,1,0.62469
1,1,0.82794404
0,1,0.99938166
0,1,0.9999013
1,1,0.9995092
1,0,0.0015041622
0,1,0.99991715
0,0,0.4097854
0,1,0.9988531
1,0,0.0007850624
0,0,0.20822321
1,1,0.9944325
1,1,0.5526055
0,1,0.99971575
0,1,0.9341959
0,1,0.9957035
0,0,0.10410952
0,0,0.42058763
1,0,0.43198717
0,1,0.99897254
0,1,0.9999331
1,1,0.8999111
1,1,0.99992776
1,1,0.9204179
0,1,0.9996846
1,0,0.0010562188
0,1,0.99992573
1,1,0.90496105
1,1,0.99992704
1,0,0.14650191
1,1,0.785185
0,1,0.9998273
0,0,0.08009168
0,1,0.9998827
1,1,0.99987924
1,0,5.6280423e-05
0,1,0.9988294
0,1,0.90464175
1,1,0.9998301
1,0,0.15034822
1,1,0.9760671
0,1,0.9999093
1,1,0.9936919
1,0,0.093767226
1,0,0.0014799449
1,1,0.99987364
0,1,0.99962354
0,1,0.9999261
0,1,0.99962187
1,0,0.010028916
0,1,0.9999236
1,1,0.9988845
0,1,0.9994005
1,1,0.57057947
1,0,6.843617e-05
1,0,0.0006925338
1,0,0.022241417
0,1,0.9973193
1,1,0.9823046
0,1,0.9998815
1,0,0.2225892
1,0,0.0013672183
0,1,0.99985874
0,1,0.9047354
1,1,0.8834885
1,1,0.9999393
0,1,0.9999025
0,1,0.9991381
1,1,0.99973637
1,0,0.2852908
1,1,0.9998221
0,1,0.9998166
1,0,0.011001419
1,0,0.0006865161
0,1,0.99960846
1,1,0.7539782
1,0,0.0023357181
0,0,0.405897
0,1,0.99989843
0,1,0.99989605
0,1,0.9892916
1,1,0.99973565
0,1,0.9998871
1,0,0.44785008
1,1,0.9999151
1,1,0.951612
0,1,0.993644
0,1,0.999435
0,1,0.9999398
1,1,0.9940274
0,1,0.9957611
0,1,0.9999261
0,1,0.999858
1,1,0.9994436
1,1,0.9873812
0,1,0.99832267
1,1,0.9998772
0,1,0.9999424
1,0,0.33136588
0,1,0.9999436
1,1,0.9994831
0,1,0.9999454
1,0,0.07480792
1,1,0.6880077
1,1,0.99942493
1,0,0.016063051
0,1,0.999949
0,1,0.99993706
1,1,0.52764523
1,1,0.9991487
0,1,0.9998425
0,1,0.991651
1,1,0.63445413
0,1,0.99991477
0,1,0.9907032
1,1,0.9999331
0,0,0.017307207
0,1,0.9999466
0,1,0.9999131
0,1,0.99848574
1,1,0.999941
0,1,0.9998771
0,1,0.9972071
1,0,0.015257717
1,1,0.9999156
0,1,0.99971014
0,1,0.99993706
1,0,0.027189493
0,1,0.9999372
0,1,0.99994516
1,1,0.95553434
0,1,0.9994624
0,1,0.7965654
1,0,0.00023700327
0,1,0.9998466
0,1,0.9998136
1,1,0.9999063
0,1,0.99991
0,1,0.9999236
0,1,0.9939203
1,1,0.9998449
1,1,0.759738
1,1,0.9849808
1,0,0.0017872603
0,1,0.999923
1,0,0.0049670623
1,1,0.99994767
1,0,0.002670582
1,1,0.7388339
1,1,0.9927866
1,1,0.9997557
0,1,0.6255598
0,1,0.9997459
1,0,0.0029382075
0,1,0.99812967
0,1,0.9999298
0,1,0.99966574
1,1,0.999783
0,1,0.99993336
1,1,0.7243152
1,1,0.9999299
1,1,0.95486367
0,1,0.99989676
0,1,0.97228223
0,1,0.99968517
1,1,0.9998834
1,1,0.964972
1,0,0.016235482
1,0,0.012135537
1,0,0.0032715157
0,1,0.9998746
1,1,0.781312
0,1,0.99991727
0,1,0.9974446
0,1,0.9999486
0,0,0.0026800118
1,1,0.9998543
1,1,0.9983425
1,1,0.9945315
1,1,0.9965334
1,0,0.23656301
0,1,0.9997514
0,1,0.99982774
0,1,0.9988772
0,1,0.99958116
1,1,0.9927961
1,1,0.9999237
1,1,0.99992764
1,1,0.99992
1,0,0.082915075
0,1,0.9999263
1,1,0.99993634
0,1,0.99986064
0,1,0.99987006
1,1,0.9415198
0,1,0.99909794
1,1,0.66718704
0,1,0.7865247
0,1,0.99994004
0,0,0.00046916635
1,1,0.9998659
0,1,0.98186386
1,0,0.00012063491
1,1,0.95273525
0,1,0.99990857
1,0,0.035928864
0,1,0.96396405
0,1,0.99992263
1,1,0.97841483
0,1,0.9997446
1,1,0.99923813
0,1,0.9999335
1,1,0.99031645
1,1,0.99937004
0,1,0.989901
1,1,0.99962926
0,1,0.9995515
1,0,0.0004964872
1,0,0.12173416
1,1,0.92945105
0,1,0.99550205
0,1,0.9999076
0,1,0.99799925
1,0,0.00049078534
1,1,0.9661548
0,1,0.9998517
1,1,0.88855904
1,1,0.9999286
0,1,0.99991786
1,1,0.6081876
1,1,0.99993527
1,1,0.7333033
0,1,0.9995245
0,1,0.9975249
1,0,0.00992111
0,1,0.6156686
1,1,0.6693028
1,0,0.34574145
0,1,0.99987066
0,1,0.9999218
0,1,0.99337196
1,0,0.1422627
0,1,0.9975299
0,1,0.9999436
0,1,0.8282729
0,1,0.9998939
0,0,0.27121544
1,1,0.64749414
1,1,0.9998822
1,1,0.99588
1,1,0.9964914
0,1,0.9999448
0,1,0.99993515
0,1,0.99988854
1,1,0.9915537
1,0,0.0019660983
1,1,0.84001315
0,1,0.99948883
0,1,0.92026746
1,1,0.9933975
1,1,0.98741734
1,1,0.99811447
1,1,0.9999051
0,1,0.8109088
0,1,0.99897397
0,1,0.9999367
0,1,0.99991393
1,0,0.0015981436
1,1,0.9770627
1,1,0.99817646
0,1,0.9999386
1,1,0.97232044
0,1,0.99994576
0,1,0.99835217
1,1,0.99732554
0,1,0.9982235
0,1,0.99982184
0,1,0.9999281
1,1,0.5518817
1,1,0.9820056
0,1,0.99994004
1,1,0.50751334
1,1,0.9943222
1,0,0.23190896
1,1,0.999767
1,1,0.9244398
0,1,0.98382413
0,1,0.9756909
0,1,0.99988115
0,1,0.9998596
0,1,0.99991095
1,0,0.0009624189
0,1,0.9723219
0,1,0.99985254
0,1,0.999946
0,1,0.9991659
1,0,0.0035815616
0,1,0.9969909
0,1,0.9998989
1,0,0.48886332
1,0,0.00029699644
1,1,0.99994254
0,1,0.9999422
1,0,0.17701158
1,1,0.99957997
0,1,0.9384751
0,1,0.99991643
0,1,0.66184837
0,1,0.99972636
1,1,0.98591727
1,1,0.99995077
0,1,0.9993789
1,1,0.9998442
1,1,0.91859525
1,0,0.00319615
0,0,0.00016182948
0,1,0.9998884
0,1,0.999913
0,0,0.014504111
0,1,0.99261695
1,1,0.9919761
0,1,0.99959713
1,1,0.9981383
1,1,0.9990693
0,1,0.8377569
1,0,0.11916728
1,1,0.99993026
0,1,0.9999093
1,0,0.43709117
0,1,0.9988709
1,1,0.99991536
0,1,0.99984944
1,1,0.98891336
0,1,0.9982255
0,1,0.99950016
1,1,0.9999192
0,0,6.0472605e-05
1,0,0.0670081
0,1,0.9999056
1,0,0.0004884825
0,1,0.9993517
0,1,0.97604287
0,1,0.999622
0,1,0.99993086
1,1,0.8932436
0,1,0.9987147
0,1,0.9981673
0,1,0.93910164
1,1,0.9986513
0,1,0.9999503
1,1,0.99990416
1,1,0.9172282
1,1,0.6338245
1,1,0.9588278
0,1,0.9999478
1,1,0.9968502
0,1,0.9999454
1,0,0.093263894
0,1,0.9999474
1,0,0.00012340189
1,1,0.5180816
1,1,0.8246295
0,1,0.5336754
1,1,0.99992764
1,1,0.71026367
0,1,0.9899649
1,1,0.99946636
0,1,0.9998591
1,1,0.9886761
1,0,0.27868742
0,1,0.99823475
0,1,0.99705565
0,1,0.9998919
1,0,0.1850725
0,1,0.99992025
0,1,0.998285
1,0,0.28418186
1,0,0.18625346
0,1,0.99891627
1,0,0.009536023
0,1,0.99991083
1,1,0.9980963
1,1,0.9593829
0,0,0.13745965
1,1,0.9991737
1,0,0.001301173
1,0,0.07067895
0,1,0.99993896
0,1,0.9506355
0,1,0.9962095
0,1,0.9998832
0,1,0.99984956
1,1,0.9144567
1,0,0.22401375
1,1,0.9997954
1,1,0.99994135
1,0,0.012170578
1,0,0.31643295
1,0,0.013872047
1,1,0.9998252
0,1,0.84179926
1,1,0.7780146
1,1,0.9909004
1,0,0.00013057343
0,1,0.9999337
0,1,0.9993492
1,0,0.0002146422
1,1,0.9999362
0,1,0.99966645
1,0,0.2656814
0,1,0.99113923
1,1,0.99987626
0,1,0.9999201
0,1,0.9995402
1,1,0.99985456
0,1,0.9702517
0,1,0.96885836
0,1,0.9998745
1,1,0.9999459
0,1,0.99989724
0,1,0.9995641
0,1,0.9999311
0,1,0.99983907
0,1,0.999944
0,1,0.9999323
1,1,0.9981876
1,0,0.041783653
0,1,0.99993694
1,0,0.0026528805
1,1,0.9965229
0,1,0.9998411
1,0,0.0094018495
0,1,0.976942
1,1,0.9998932
1,0,0.28659308
0,1,0.99916875
0,1,0.9992692
1,0,0.31943718
1,1,0.6167535
0,1,0.9999355
0,1,0.9999063
1,1,0.9946636
1,1,0.9989343
1,1,0.5792605
1,0,0.12853292
0,0,0.2761874
1,1,0.85506314
1,1,0.8400403
0,1,0.99867934
0,1,0.99994123
1,1,0.9999336
0,1,0.9996619
0,1,0.99991727
0,1,0.9999031
1,0,0.00551886
0,1,0.9998368
1,1,0.9306455
0,1,0.99791497
1,1,0.97546285
0,1,0.9999062
0,1,0.9979215
0,1,0.9999089
1,1,0.86724144
0,1,0.9999205
0,1,0.9710825
0,0,0.3974967
0,1,0.9997603
0,1,0.9999211
1,1,0.7444276
0,1,0.999014
0,1,0.9984112
0,1,0.9995907
1,0,0.0049978155
0,1,0.9999434
1,0,0.0055456473
1,1,0.9999286
0,1,0.99985945
0,1,0.9986721
1,1,0.74918497
0,1,0.99878055
1,0,0.3597363
0,1,0.9997383
0,1,0.99909675
0,1,0.9999386
1,0,0.00021836403
1,1,0.9980579
0,1,0.99636096
0,1,0.9999236
0,1,0.9965767
1,1,0.83378565
1,0,0.06907898
1,1,0.531601
0,1,0.9999392
1,0,0.000550032
1,0,0.0058625755
0,0,0.3681166
1,1,0.99741995
1,1,0.9997429
0,1,0.99993944
1,1,0.9998609
1,0,0.00034721088
1,1,0.8738318
1,1,0.9976108
1,1,0.99849725
1,0,0.21303877
0,0,0.06256297
0,1,0.99874806
0,1,0.99977535
1,1,0.9998598
0,1,0.99987423
0,1,0.5276341
1,1,0.943452
1,1,0.9997155
0,1,0.99984276
0,1,0.99979585
1,1,0.9963374
0,0,0.01781541
0,1,0.83739847
0,1,0.9998815
1,1,0.9996842
1,0,0.0009348531
1,1,0.9998925
1,0,0.14507943
1,1,0.9991961
0,1,0.999913
0,1,0.9999355
0,1,0.9998728
0,1,0.9999391
1,0,0.27249736
1,1,0.9996006
0,1,0.9998703
1,1,0.8198784
0,1,0.9905256
0,1,0.99994016
0,1,0.99285334
0,1,0.9997558
0,1,0.9960614
1,1,0.99994755
1,1,0.996523
0,0,0.0617908
0,0,0.3296961
1,1,0.9999167
0,1,0.99990344
0,1,0.9998548
1,0,0.016232193
1,1,0.9985801
0,1,0.8969126
0,1,0.99993455
0,1,0.99984217
0,1,0.9967527
0,1,0.99905795
0,1,0.9995158
0,1,0.999933
1,1,0.99153215
0,1,0.99972373
0,1,0.9957562
1,1,0.9655673
1,0,0.0059473016
1,0,0.4216239
1,0,0.011864482
0,1,0.95329183
0,1,0.9997049
1,1,0.9693758
0,1,0.99990225
0,1,0.9998865
0,0,0.098890826
1,1,0.9998697
0,1,0.9998652
0,1,0.9996958
0,1,0.9998047
0,1,0.99702746
0,1,0.99969995
0,1,0.9992387
0,1,0.99993956
1,0,0.29519176
0,1,0.99966884
1,1,0.5987028
1,0,0.013508516
0,1,0.9967552
0,1,0.99988353
0,1,0.9903446
1,0,0.48626554
1,1,0.99994755
1,1,0.9977362
0,1,0.9925782
0,1,0.998432
0,1,0.9999213
0,1,0.99988115
0,1,0.99878687
0,1,0.9999422
1,1,0.99765223
1,1,0.73895264
1,1,0.9575102
1,1,0.99875414
1,1,0.91093624
1,0,5.805705e-05
0,1,0.999683
0,1,0.9999242
0,1,0.9986854
1,1,0.919163
1,0,0.27387375
1,1,0.73019063
0,1,0.67872477
1,1,0.99993837
0,1,0.9999167
0,1,0.9979103
1,0,0.00030642358
1,1,0.83899283
0,1,0.9996457
0,1,0.9998776
1,1,0.5403164
1,1,0.9134702
1,0,0.03851204
1,1,0.9993593
0,1,0.99973816
0,1,0.9999418
1,1,0.99689263
1,1,0.9999474
1,0,0.16129088
0,1,0.9999397
0,1,0.99989855
1,0,0.3787232
0,1,0.9996113
1,1,0.99964833
0,1,0.9999167
0,1,0.9999007
1,1,0.99993086
0,1,0.98070735
1,1,0.780871
0,1,0.72692764
1,1,0.6351426
1,0,0.078233354
1,1,0.9954977
1,1,0.992073
0,1,0.9998696
0,1,0.991672
0,1,0.99839324
1,0,0.0006964885
1,1,0.9999411
0,1,0.99992585
1,0,0.00850555
1,0,0.022036375
1,1,0.7523334
1,1,0.9974674
0,1,0.9999355
1,1,0.9998369
0,1,0.9998031
1,1,0.99974996
0,1,0.99986744
1,1,0.99981874
1,1,0.8698616
0,1,0.9998821
1,0,0.008480664
1,1,0.96065086
0,0,0.014716136
1,1,0.99987686
0,1,0.9969683
0,1,0.9998621
1,0,0.34110487
0,1,0.99986494
1,1,0.99898964
0,1,0.9999049
0,1,0.5796017
0,1,0.99992275
1,0,0.4360561
1,1,0.8821208
0,1,0.99991345
1,0,0.4791772
1,1,0.9999318
1,1,0.99708
1,1,0.99925214
1,0,0.0023943582
0,1,0.9994167
0,1,0.997138
1,0,0.0013961558
0,1,0.999949
0,1,0.9987857
0,1,0.999938
0,1,0.99899584
0,0,0.40227264
1,0,0.2842606
0,1,0.9998969
1,0,0.004850351
1,0,0.0006378764
0,1,0.99986756
0,1,0.999912
1,1,0.9999081
1,1,0.9999163
0,1,0.9999411
0,1,0.9999229
1,1,0.9513107
1,1,0.99822277
1,1,0.999624
0,1,0.99992585
0,1,0.9999074
0,1,0.99986684
1,0,0.08847294
0,1,0.9999354
1,1,0.8571673
0,1,0.9998913
1,0,3.578225e-05
1,0,0.3898324
1,0,0.44926786
0,1,0.99993
1,0,0.0714528
1,0,0.051465034
1,0,0.00011653133
0,1,0.99958783
1,1,0.9999348
1,1,0.9999095
1,1,0.99191284
1,0,0.0009490335
1,0,0.38040155
0,1,0.9999174
0,1,0.99991846
1,1,0.8928982
0,1,0.999928
1,1,0.9999449
1,0,0.038779676
1,1,0.93208617
1,0,0.1814977
1,1,0.99881685
0,1,0.99994266
0,1,0.9999207
0,1,0.9999434
1,1,0.99920064
0,1,0.9996511
1,1,0.83948624
1,0,0.035431903
1,1,0.9980058
0,1,0.9997515
0,0,0.15425386
1,1,0.9999447
0,1,0.96392727
1,0,0.09205522
0,1,0.9999143
1,0,0.007634222
1,0,0.2668925
1,0,0.00012728992
0,1,0.9976476
0,1,0.9846164
0,1,0.99986887
0,1,0.95539194
1,1,0.9733883
0,1,0.9999305
0,1,0.99739385
1,1,0.9049615
0,1,0.8684209
0,1,0.9999157
1,1,0.97582257
1,0,0.047142267
0,0,0.026026474
0,1,0.99994206
0,1,0.9999354
1,1,0.9579157
1,1,0.9329706
0,1,0.99987435
0,1,0.99907875
0,1,0.9988109
0,1,0.99989426
0,1,0.8218785
1,0,0.058205545
1,1,0.99894494
0,1,0.9840539
1,1,0.8229389
0,1,0.9979844
0,1,0.99992776
1,1,0.99915326
1,1,0.99991715
1,0,0.0005399246
0,1,0.999895
0,1,0.99993837
0,1,0.99982196
1,1,0.9172351
1,1,0.9751737
0,1,0.99989223
1,0,0.0007106003
1,0,0.0012855356
1,1,0.96873415
1,1,0.6085699
0,1,0.99994004
1,0,0.0013000532
0,1,0.9885561
1,0,0.1771358
1,1,0.99989533
0,1,0.999894
0,1,0.9998621
1,0,0.0029766837
1,1,0.5771462
0,1,0.98611605
0,1,0.9999424
1,0,0.006138063
1,0,0.15610895
0,1,0.72309935
1,0,0.24618876
0,1,0.7966854
1,1,0.9999038
1,1,0.6293687
0,1,0.9995493
1,0,0.008140979
1,1,0.99986756
1,1,0.9950867
1,1,0.9626228
0,1,0.9999161
0,1,0.9999373
0,1,0.99968576
0,1,0.9993782
0,1,0.9997409
1,1,0.99488825
1,1,0.82717115
1,1,0.9924925
0,1,0.9970873
0,1,0.9938221
0,1,0.9999411
1,1,0.9976417
1,1,0.98689646
0,1,0.9996792
0,1,0.9999505
0,1,0.9582243
0,0,0.46685836
0,1,0.99994195
1,1,0.999881
1,1,0.99993503
0,1,0.99994993
1,0,0.004994039
0,1,0.999926
1,1,0.99736065
0,1,0.99993217
1,1,0.6311878
0,1,0.9999404
1,0,0.094831325
0,1,0.9999453
0,1,0.99992824
1,1,0.7108957
0,1,0.9981798
0,1,0.99984694
0,1,0.99967253
0,1,0.9999474
0,1,0.9998803
0,1,0.99954504
1,0,0.0004774263
0,1,0.9994603
0,1,0.9934549
1,1,0.9998859
1,1,0.99981314
0,1,0.9999124
1,1,0.999548
0,1,0.9999366
0,1,0.9998437
0,1,0.99986446
0,0,0.007788599
1,1,0.9778776
0,1,0.9998055
0,1,0.9998945
1,1,0.9334507
0,1,0.9929932
1,1,0.99993896
1,0,5.1848034e-05
1,1,0.7857164
1,0,0.00017608507
0,1,0.99988306
0,1,0.99991393
1,1,0.9950263
1,1,0.9973455
0,1,0.9939203
1,0,0.0012588821
1,0,0.11205048
0,1,0.9974529
1,0,0.006408754
0,1,0.99993765
0,1,0.99987197
0,0,0.35818166
0,1,0.99993217
1,1,0.9835662
1,1,0.99016374
0,1,0.9988951
1,0,0.25594673
0,1,0.99973243
1,0,8.357721e-05
0,1,0.9997156
1,1,0.9999001
0,1,0.99993074
1,1,0.9988576
1,1,0.9821421
0,1,0.9999045
0,1,0.99990726
0,1,0.9998678
0,1,0.99979144
0,0,0.27682787
0,0,0.018186262
0,1,0.9992501
0,1,0.6466586
1,1,0.9971495
0,1,0.999918
1,0,0.0022196856
1,0,0.010312918
0,1,0.56609774
1,1,0.9921544
1,0,0.08082676
0,1,0.998009
1,1,0.9888666
1,1,0.9991442
0,1,0.9998652
0,1,0.7761226
1,0,0.39555717
1,0,0.08360488
0,1,0.99992895
0,1,0.9997948
0,1,0.9953988
0,1,0.9998499
0,1,0.99957055
0,1,0.99987626
0,1,0.99993336
0,1,0.9998491
1,1,0.99981433
1,1,0.97383446
0,1,0.9996623
0,1,0.9446016
0,1,0.99993455
1,0,0.0024102724
0,1,0.9988588
0,1,0.74284446
0,1,0.99973446
1,1,0.98452723
0,1,0.9998185
0,1,0.9999325
0,1,0.9987925
1,1,0.9999486
1,1,0.9892237
1,1,0.9269668
1,1,0.99986196
0,1,0.962685
0,1,0.9999223
1,1,0.5271506
1,1,0.999861
1,1,0.8653245
0,1,0.9291324
1,1,0.99986386
1,0,0.00180184
1,1,0.9791819
0,1,0.99991214
1,1,0.99990594
1,1,0.9681701
0,1,0.99033195
0,1,0.99990594
1,1,0.59352565
0,1,0.98875797
0,1,0.999918
0,1,0.99980146
0,1,0.9998709
1,0,0.0002461676
1,1,0.86646193
1,1,0.99642867
1,1,0.99992895
0,1,0.99846387
0,1,0.9982907
1,1,0.9400465
0,1,0.9994881
0,1,0.9998838
0,1,0.99950695
0,0,0.19627976
1,1,0.86578107
0,1,0.9977283
1,1,0.9999118
0,1,0.9893723
0,1,0.9798473
0,1,0.85053045
1,1,0.95766926
1,0,0.00093279604
1,1,0.9996885
1,1,0.97935575
0,1,0.9999292
1,1,0.59955543
0,1,0.9986381
0,1,0.9997484
1,1,0.999928
1,0,0.030028243
0,0,0.038378704
1,1,0.875883
0,1,0.99911183
0,1,0.9999119
0,1,0.97493875
0,1,0.9999316
0,1,0.99984336
0,1,0.9998809
0,1,0.99992144
1,1,0.9998385
0,1,0.9998455
1,1,0.99994516
0,1,0.99949205
1,0,0.03501284
0,1,0.99990916
0,1,0.9974775
1,1,0.99393326
0,1,0.9961504
0,1,0.9998385
1,0,0.09185565
0,0,0.0024885542
1,0,0.27908733
0,1,0.9999472
0,1,0.9995443
1,0,4.3595082e-05
0,1,0.99988973
0,1,0.99993265
0,1,0.9999317
1,1,0.99963284
1,0,0.10343561
1,0,0.035614543
1,1,0.9999052
1,0,0.0668844
1,1,0.99987817
0,1,0.8423042
0,1,0.986876
1,0,0.0163623
0,0,0.081920594
0,1,0.99989593
0,1,0.997818
1,1,0.99871457
1,1,0.9996538
1,1,0.9997234
1,0,0.0026513517
0,1,0.9998754
1,1,0.85548544
1,1,0.99981636
1,1,0.9999448
1,1,0.99679226
0,1,0.99669707
0,1,0.9998946
1,0,0.04164432
1,0,0.0027797946
0,1,0.9999423
1,0,0.009961415
0,1,0.99932003
0,1,0.9999229
0,1,0.99991465
0,1,0.9998869
0,1,0.9999325
1,1,0.9881379
0,1,0.92269135
1,1,0.9477913
1,1,0.95004344
0,1,0.99985826
1,0,0.006584741
1,1,0.9998467
1,1,0.996347
0,1,0.9837595
0,1,0.9998764
0,1,0.99988234
0,1,0.9984701
0,1,0.99940205
1,1,0.9973972
0,1,0.9225338
0,1,0.9999012
1,1,0.989897
1,0,0.106524006
0,1,0.9999099
1,1,0.99469626
1,1,0.9996486
0,1,0.9992106
1,1,0.99993384
0,1,0.9999373
1,1,0.92397344
1,0,0.049409904
1,0,0.2344473
0,1,0.95736784
1,1,0.99537
1,1,0.99853134
1,1,0.82426065
1,1,0.999949
0,1,0.9983504
0,1,0.99994874
0,1,0.99869823
1,1,0.9982663
0,1,0.98053116
0,1,0.9999372
1,0,0.012272379
0,1,0.9985753
1,1,0.9999174
1,0,0.47212386
0,1,0.99908125
1,1,0.7293688
0,1,0.99632335
0,1,0.8299315
0,1,0.999913
1,0,0.1096121
0,1,0.99993753
0,0,0.44819126
0,1,0.9998845
1,1,0.9261595
0,1,0.9999031
1,1,0.9979697
1,1,0.79175717
0,1,0.9999175
1,1,0.9996232
1,1,0.9998134
0,1,0.99993336
0,1,0.99990535
1,0,0.0381269
0,0,0.00035341497
0,1,0.9910198
0,1,0.9998827
0,1,0.9999099
0,1,0.99985945
1,1,0.7754709
0,1,0.9984024
0,1,0.8352702
1,1,0.9942321
1,1,0.8896881
0,1,0.99915326
0,1,0.9972639
1,1,0.9997178
1,1,0.99774617
0,1,0.99991417
0,1,0.99915504
1,1,0.9998079
0,1,0.95525867
1,1,0.80084455
1,1,0.99992526
0,1,0.9789008
1,1,0.99599326
1,1,0.9996686
1,1,0.985705
0,1,0.9936241
0,1,0.99985194
1,1,0.99975115
0,1,0.9998815
1,0,0.35831517
0,1,0.9892085
0,0,0.09551677
0,1,0.9998914
0,1,0.99863356
0,1,0.99974066
1,1,0.9994618
1,1,0.99756646
0,1,0.9999443
1,1,0.99988985
0,1,0.9999275
0,1,0.99991477
1,1,0.99917823
1,0,0.00020805003
1,0,0.0011726321
0,1,0.99991107
1,0,0.12373202
1,0,0.0025605091
0,1,0.9670069
0,1,0.99992955
0,0,0.2278649
1,1,0.8628075
0,1,0.999936
0,1,0.99984646
1,0,0.04395599
0,1,0.9874757
0,0,0.35286817
1,1,0.99037373
1,1,0.7761083
0,1,0.93988186
1,0,0.005502687
1,0,0.008918158
0,1,0.99869007
1,1,0.6043619
0,0,0.07893941
1,0,8.0368176e-05
0,1,0.9391326
0,1,0.99991405
1,1,0.86207724
1,1,0.8640551
0,1,0.9999124
1,0,0.14764649
1,1,0.873954
1,0,0.054497477
0,1,0.99940455
0,1,0.99992967
0,0,0.0038098434
1,1,0.9999356
1,1,0.99994516
1,0,0.21642996
0,1,0.9998826
1,0,8.190191e-05
0,1,0.9999182
1,1,0.9999281
0,1,0.93150485
0,1,0.99964476
1,0,0.00018918615
1,1,0.8280114
1,0,0.0042049643
0,1,0.9997429
1,1,0.8673315
1,1,0.97588044
1,0,0.020579059
1,1,0.8810517
0,1,0.99993944
0,1,0.8522545
0,1,0.9998517
0,1,0.98278046
0,1,0.99992967
1,1,0.99265915
0,1,0.9999255
0,1,0.9989629
1,1,0.9798114
0,1,0.9990895
1,1,0.99621433
0,1,0.999936
0,1,0.9999212
1,1,0.99994564
0,1,0.99229586
0,1,0.97825557
0,1,0.999782
1,0,0.007630134
0,1,0.9636803
1,1,0.5048464
1,1,0.9999466
1,1,0.98609793
1,1,0.53695995
0,1,0.99994767
1,1,0.999355
1,1,0.99925584
0,1,0.9998826
0,1,0.9986388
0,1,0.999851
0,1,0.99992657
0,1,0.99990356
0,1,0.9999225
1,1,0.9024379
1,1,0.9726031
0,1,0.9996394
0,1,0.99314874
0,1,0.9943019
1,1,0.8814617
1,1,0.63096124
0,1,0.9998623
0,1,0.9998516
0,1,0.90830487
1,0,0.0011062194
1,1,0.9999242
0,0,0.00023325815
1,1,0.8175009
0,0,0.2798105
1,0,0.1234639
1,1,0.96895075
0,1,0.9998981
1,1,0.9152695
1,0,0.25838503
0,1,0.99984896
1,0,0.0025695746
0,1,0.99991703
0,1,0.9997886
0,1,0.52002305
1,0,0.010317893
0,1,0.9999274
0,1,0.99989414
0,1,0.9999113
0,1,0.9999466
0,1,0.9999124
0,1,0.88296545
1,1,0.99933463
1,1,0.9997334
1,1,0.962646
1,0,0.00011325273
1,1,0.9801562
1,1,0.99949527
0,1,0.9760104
1,1,0.92094064
0,1,0.9992269
1,1,0.9998816
1,1,0.945884
1,0,0.49253806
1,1,0.9999138
1,0,0.17013966
1,1,0.96608
1,1,0.999938
0,1,0.92418414
0,1,0.9998716
0,1,0.9996425
0,1,0.9999391
1,1,0.9998196
1,0,0.0059458753
1,1,0.9175331
0,1,0.91445625
1,1,0.99983823
1,1,0.99969876
1,1,0.77998734
0,1,0.99992895
1,0,0.010965503
0,1,0.9999286
0,1,0.9999403
1,0,0.008521208
1,0,0.39272505
0,1,0.9999205
1,1,0.99993443
0,1,0.9998267
1,0,0.0004474562
1,1,0.9997334
1,1,0.99993336
1,1,0.89934385
1,0,0.00011640117
0,0,0.09235872
1,1,0.999757
1,0,0.105208516
0,1,0.9998971
0,0,0.017342137
0,1,0.99991286
0,1,0.9996012
1,1,0.9995407
1,1,0.57742935
0,1,0.999833
0,1,0.9964329
0,1,0.9999033
1,1,0.9997243
0,1,0.62364537
0,1,0.99282044
0,1,0.9999025
0,1,0.9807062
1,1,0.99991643
1,1,0.99958235
1,0,0.21811551
0,1,0.99986494
0,1,0.9985385
0,1,0.9999343
0,1,0.9994229
1,0,0.028473554
0,1,0.9982139
1,1,0.8043005
0,1,0.9999404
0,1,0.9998735
0,1,0.98999643
1,0,0.00341537
0,1,0.9757975
0,1,0.9998142
0,1,0.9995253
0,1,0.9919773
0,1,0.98511094
1,1,0.69356966
1,1,0.99508977
0,1,0.9976763
1,1,0.9998265
1,1,0.9946274
1,1,0.9435619
0,1,0.9999113
0,1,0.9997763
0,1,0.9999248
0,1,0.9999291
1,1,0.9996513
0,1,0.999949
1,0,0.21499112
1,0,0.010560714
1,1,0.99988306
0,1,0.9997435
1,1,0.99776196
1,0,0.0004228649
0,1,0.8855433
1,0,0.0062720687
1,0,0.2268573
0,1,0.9999349
1,1,0.9942272
1,1,0.9129391
0,0,0.4331223
0,1,0.9985891
0,1,0.9999349
1,1,0.9991061
1,0,0.055220935
0,1,0.99946517
0,1,0.8075453
0,1,0.99844366
1,1,0.64054626
0,1,0.9999354
0,1,0.99990916
1,1,0.99971
1,1,0.9775164
0,1,0.6629886
0,1,0.9966522
1,0,0.062341228
0,1,0.98251605
0,1,0.9998399
0,1,0.99991167
0,1,0.999892
0,1,0.99992025
0,1,0.9998472
0,1,0.9957164
1,0,0.3963713
1,1,0.99987483
1,0,0.12515563
0,1,0.99758315
1,1,0.9997547
0,1,0.9999435
1,1,0.99795073
1,1,0.8049259
0,1,0.999918
0,0,0.37193453
1,1,0.9936506
