label,pred,prob_ai
1,1,0.9999993
1,1,0.99999917
1,1,0.9999335
1,1,0.99999905
1,1,0.9999994
1,1,0.9999981
1,1,0.92346996
1,1,0.9999989
1,1,0.99999225
1,1,0.9999976
1,1,0.9999993
1,1,0.9999994
1,1,0.9999989
1,1,0.99999905
1,1,0.67946523
1,1,0.9999994
1,1,0.99958974
1,1,0.99999666
1,1,0.9999994
1,1,0.99999917
1,1,0.99999917
1,1,0.9999993
1,1,0.9986166
1,1,0.9998042
1,1,0.9999492
1,1,0.9999989
1,1,0.9999993
1,1,0.99902713
1,1,0.999997
1,1,0.9999994
1,1,0.9999994
1,1,0.99999833
1,1,0.9999993
1,1,0.9999987
1,1,0.9929884
1,1,0.99999833
1,1,0.9999994
1,1,0.9999994
1,1,0.9999993
1,1,0.99999917
1,1,0.9999994
1,1,0.9999981
1,1,0.99999785
1,1,0.97654617
1,1,0.99996734
1,1,0.99999917
1,1,0.99998546
1,1,0.9999993
1,1,0.9999974
1,1,0.9999994
1,1,0.9999988
1,1,0.9999994
1,1,0.9999987
1,1,0.99999917
1,1,0.9999987
1,1,0.99999905
1,1,0.9999988
1,1,0.9999908
1,1,0.9999994
1,1,0.9037698
1,1,0.9999988
1,1,0.99996984
1,1,0.99999857
1,1,0.9999993
1,1,0.999846
1,1,0.99999607
1,1,0.9999918
1,1,0.9999993
1,1,0.99509406
1,1,0.99999905
1,1,0.9999993
1,1,0.9943796
1,1,0.9996829
1,1,0.9999989
1,1,0.99999917
1,1,0.99993515
1,1,0.9999993
1,1,0.99999917
1,1,0.99999845
1,1,0.9999987
1,1,0.99999857
1,1,0.99993515
1,1,0.9999739
1,1,0.999954
1,1,0.9999981
1,1,0.99999833
1,1,0.9997603
1,1,0.9999914
1,1,0.99999917
1,1,0.9999993
1,1,0.99999917
1,1,0.99999857
1,1,0.9999993
1,1,0.9999945
1,1,0.9999994
1,1,0.9995921
1,1,0.9999994
1,1,0.9999993
1,1,0.9999968
1,1,0.9999924
1,1,0.9999993
1,1,0.9999994
1,1,0.99999917
1,1,0.999998
1,1,0.9999989
1,1,0.99998426
1,1,0.9999993
1,1,0.99999905
1,1,0.99999833
1,1,0.999998
1,1,0.99986327
1,1,0.9999988
1,1,0.9998165
1,1,0.99999857
1,1,0.9999993
1,1,0.99999774
1,1,0.9999989
1,1,0.9999993
1,1,0.9999994
1,1,0.99999917
1,1,0.9999993
1,1,0.9999993
1,1,0.99999905
1,1,0.9999994
1,1,0.9846843
1,1,0.9999994
1,1,0.9241248
1,1,0.99996936
1,1,0.99999833
1,1,0.9999976
1,1,0.9999988
1,1,0.9999994
1,1,0.99999905
1,1,0.9999993
1,1,0.99995124
1,1,0.999995
1,1,0.9999993
1,1,0.99999833
1,1,0.9999975
1,1,0.99642026
1,1,0.9999994
1,1,0.9999994
1,1,0.9999994
1,1,0.9999963
1,1,0.9999982
1,1,0.9999993
1,1,0.9999981
1,1,0.99999774
1,1,0.99999905
1,1,0.99999905
1,1,0.99999917
1,1,0.99999607
1,1,0.95958704
1,1,0.99999917
1,1,0.9999993
1,1,0.9999993
1,1,0.99999905
1,1,0.9999994
1,1,0.99999857
1,1,0.99999917
1,1,0.9999994
1,1,0.9999988
1,1,0.99999857
1,1,0.9999994
1,1,0.9999993
1,1,0.9999993
1,1,0.9999993
1,1,0.9999981
1,1,0.9999993
1,1,0.9999994
1,1,0.9999994
1,1,0.99999917
1,1,0.99999845
1,1,0.9999993
1,1,0.9999994
1,1,0.9999994
1,1,0.9999993
1,1,0.99998116
1,1,0.99997425
1,1,0.99999917
1,1,0.99999917
1,1,0.99999917
1,1,0.9999993
1,1,0.99999106
1,1,0.9999988
1,1,0.9999988
1,1,0.99999917
1,1,0.99999905
1,1,0.99998605
1,1,0.9999988
1,1,0.99999905
1,1,0.99999475
1,1,0.99999917
1,1,0.9999994
1,1,0.9999989
1,1,0.9999994
1,1,0.9696807
1,1,0.9999404
1,1,0.9997749
1,1,0.9999993
1,1,0.9999993
1,1,0.9990877
1,1,0.99999917
1,1,0.99999905
1,1,0.99999917
1,1,0.9999989
1,1,0.9980386
1,1,0.9999968
1,1,0.9999994
1,1,0.99999917
1,1,0.9999981
1,1,0.99999917
1,1,0.9999982
1,1,0.9999976
1,1,0.99999917
1,1,0.9999994
1,0,0.020511903
1,1,0.9999969
1,1,0.99999523
1,1,0.9999988
1,1,0.99999845
1,1,0.9999993
1,1,0.96774757
1,1,0.9999993
1,1,0.99999917
1,1,0.99999416
1,1,0.9999784
1,1,0.9999993
1,1,0.9999988
1,1,0.9999993
1,1,0.99999917
1,1,0.9999994
1,1,0.9999993
1,1,0.99939096
1,1,0.99999905
1,1,0.99999857
1,1,0.99999857
1,1,0.99999833
1,1,0.9999944
1,1,0.99999166
1,1,0.99857366
1,1,0.9999994
1,1,0.99995375
1,1,0.9999994
1,1,0.99993896
1,1,0.99999857
1,1,0.9999989
1,1,0.99999917
1,1,0.9999993
1,1,0.9999901
1,1,0.9999994
1,1,0.99999845
1,1,0.99999917
1,1,0.9999994
1,0,0.13970375
1,1,0.9999989
1,1,0.9999993
1,1,0.99999917
1,1,0.9999993
1,1,0.9999989
1,1,0.99999917
1,1,0.999997
1,1,0.9999993
1,1,0.99999905
1,1,0.99999845
1,1,0.9999994
1,1,0.9999976
1,1,0.9999993
1,1,0.99999356
1,1,0.9999976
1,1,0.9999987
1,1,0.9999993
1,1,0.99999774
1,1,0.9999993
1,1,0.9999989
1,1,0.99999666
1,1,0.9999993
1,1,0.9999808
1,1,0.9999993
1,1,0.9999993
1,1,0.9999989
1,1,0.9999994
1,1,0.9999993
1,1,0.99999917
1,1,0.9999989
1,1,0.9999969
1,1,0.9999386
1,1,0.99999905
1,1,0.999997
1,1,0.9999994
1,1,0.9999993
1,1,0.9999552
1,1,0.9997017
1,1,0.99999905
1,1,0.99999785
1,1,0.99999917
1,1,0.99999857
1,1,0.9999993
1,1,0.9999994
1,1,0.9999993
1,1,0.9999993
1,1,0.72344875
1,1,0.9999993
1,1,0.9999026
1,1,0.99999917
1,1,0.9999964
1,1,0.99999917
1,1,0.999998
1,1,0.99999774
1,1,0.9999746
1,1,0.99999917
1,1,0.9999993
1,1,0.99999905
1,1,0.99999917
1,1,0.9999993
1,1,0.99877113
1,1,0.99993277
1,1,0.9999994
1,1,0.99999917
1,1,0.99999917
1,1,0.99999905
1,1,0.9999975
1,1,0.9999974
1,1,0.9999993
1,0,0.13329045
1,1,0.9999914
1,1,0.9999989
1,1,0.9999498
1,1,0.9999994
1,1,0.9999981
1,1,0.9999993
1,1,0.5918709
1,1,0.99905175
1,1,0.9999969
1,1,0.9999994
1,1,0.9999994
1,1,0.99999535
1,1,0.99999917
1,1,0.9999994
1,1,0.9998659
1,1,0.99999917
1,1,0.99999666
1,1,0.99999917
1,1,0.9999993
1,1,0.9999988
1,1,0.9999993
1,1,0.9999987
1,1,0.9999993
1,1,0.99983907
1,1,0.9999994
1,1,0.99999905
1,1,0.9999993
1,1,0.99999917
1,1,0.99999917
1,1,0.9999994
1,1,0.99999845
1,1,0.99999917
1,1,0.9999987
1,1,0.99999905
1,1,0.9999988
1,1,0.9999989
1,1,0.9999989
1,1,0.99999905
1,1,0.9999199
1,1,0.9999989
1,1,0.9998592
1,1,0.99998343
1,1,0.9999989
1,1,0.9999962
1,1,0.9999993
1,1,0.9999993
1,1,0.99999714
1,1,0.99999905
1,1,0.97605455
1,1,0.99998033
1,1,0.99999917
1,1,0.9999981
1,1,0.9999994
1,1,0.9999993
1,1,0.99999917
1,1,0.99999905
1,1,0.99999917
1,1,0.99999905
1,1,0.9999989
1,1,0.9988933
1,1,0.99929667
1,1,0.9999994
1,1,0.9283376
1,1,0.9999927
1,1,0.99999905
1,1,0.9999373
1,1,0.99999917
1,1,0.9999976
1,1,0.9999906
1,1,0.9999993
1,1,0.99999905
1,1,0.99998796
1,1,0.99999917
1,1,0.9999989
1,1,0.9999994
1,1,0.9999993
1,1,0.99999833
1,1,0.9999993
1,1,0.99999917
1,1,0.99999917
1,1,0.99999905
1,1,0.9999994
1,1,0.99999833
1,1,0.9985154
1,1,0.9999988
1,1,0.99999917
1,0,0.3558033
1,1,0.9999937
1,1,0.99999917
1,1,0.9999993
1,1,0.9999993
1,1,0.99999917
1,1,0.99997866
1,1,0.9991696
1,1,0.99999833
1,1,0.9999993
1,1,0.9999974
1,1,0.9999989
1,1,0.9999981
1,1,0.9999994
1,1,0.9999994
1,1,0.9999993
1,1,0.99999917
1,1,0.9999994
1,1,0.9972664
1,1,0.9999993
1,1,0.9999993
1,1,0.9999989
1,1,0.9999994
1,1,0.99999917
1,1,0.9999963
1,1,0.9999993
1,1,0.9999956
1,1,0.99999833
1,1,0.9999994
1,1,0.99999917
1,1,0.9999993
1,1,0.99999905
1,1,0.99999905
1,1,0.99995697
1,1,0.9978544
1,1,0.9999993
1,1,0.99999833
1,1,0.99999917
1,1,0.9999993
1,1,0.9999993
1,1,0.99999905
1,1,0.9999994
1,1,0.9999993
1,1,0.9999993
1,1,0.99999905
1,1,0.9999988
1,1,0.9999993
1,1,0.9999993
1,1,0.99999845
1,1,0.9958306
1,1,0.9999993
1,1,0.99999905
1,1,0.9985703
1,1,0.99999523
1,1,0.99999905
1,1,0.9999968
1,1,0.99999857
1,0,0.030973293
1,1,0.99999917
1,1,0.99999917
1,1,0.99999857
1,1,0.9999993
1,1,0.9999198
1,1,0.9999987
1,1,0.99999905
1,1,0.9999994
1,1,0.9999993
1,1,0.9999993
1,1,0.9999989
1,1,0.99999905
1,1,0.99999917
1,1,0.9999993
1,1,0.99999917
1,1,0.999998
1,1,0.9999993
1,1,0.9999993
1,1,0.9999963
1,1,0.9999993
1,1,0.9999989
1,1,0.9999993
1,1,0.99999774
1,1,0.9999993
1,1,0.99999917
1,1,0.9999993
1,1,0.9999994
1,1,0.9999981
1,1,0.9999993
1,1,0.9999993
1,1,0.99999666
1,1,0.9845613
1,1,0.9999993
1,1,0.99999905
1,1,0.9999993
1,1,0.9999988
1,1,0.9999993
1,1,0.99999845
1,1,0.9999993
1,1,0.99999917
1,1,0.99999905
1,1,0.9999993
1,1,0.9999974
1,1,0.99999905
1,1,0.9999993
1,1,0.9999993
1,1,0.9997211
1,1,0.9999974
1,1,0.9999993
1,1,0.9999993
1,1,0.9999994
1,1,0.9999993
1,1,0.99999833
1,1,0.9999994
1,1,0.9999981
1,1,0.9999598
1,1,0.9903673
1,1,0.9999987
1,1,0.9999969
1,1,0.9999449
1,1,0.9999993
1,1,0.99999845
1,1,0.9999993
1,1,0.9999994
1,1,0.99999917
1,1,0.99999917
1,1,0.99999845
1,1,0.9999993
1,1,0.674879
1,1,0.99999905
1,1,0.99937207
1,1,0.9999994
1,1,0.99999917
1,1,0.99999905
1,1,0.9996032
1,1,0.9999989
1,1,0.99999905
1,1,0.9999404
1,1,0.9999752
1,1,0.9973634
1,1,0.9999963
1,1,0.99999857
1,1,0.9999994
1,1,0.9999993
1,1,0.99999905
1,1,0.9999989
1,1,0.9999993
1,1,0.99999833
1,1,0.9998908
1,1,0.9999989
1,1,0.9999993
1,1,0.9999901
1,1,0.9643507
1,1,0.9999994
1,1,0.9999994
1,1,0.9999993
1,1,0.99999297
1,1,0.9999994
1,1,0.99999833
1,1,0.9999989
1,1,0.99996555
1,1,0.9999994
1,1,0.99999917
1,1,0.97558355
1,1,0.9999932
1,1,0.9999958
1,1,0.9999989
1,1,0.99999917
1,1,0.9999993
1,1,0.99999905
1,1,0.99999833
1,1,0.99999905
1,1,0.9999994
1,1,0.9999974
1,1,0.99999917
1,1,0.99999833
1,1,0.9999989
1,1,0.9999994
1,1,0.99997556
1,1,0.9999994
1,1,0.9999994
1,1,0.9999994
1,1,0.9999981
1,1,0.99999905
1,1,0.9999993
1,1,0.9999994
1,1,0.9999968
1,1,0.9921789
1,1,0.9999993
1,1,0.99999917
1,1,0.9999988
1,1,0.9999994
1,1,0.9999993
1,1,0.99999845
1,1,0.9999993
1,1,0.9999994
1,1,0.99999905
1,1,0.9742562
1,1,0.99999833
1,1,0.99999917
1,1,0.8124645
1,1,0.99999917
1,1,0.9999994
1,1,0.99999917
1,1,0.9999987
1,1,0.99999905
1,1,0.9999994
1,1,0.99999905
1,1,0.999826
1,1,0.9999987
1,1,0.9999987
1,1,0.99999905
1,1,0.9999993
1,1,0.99927396
1,0,0.38035348
1,1,0.9999993
1,1,0.9999993
1,1,0.9999987
1,1,0.99998283
1,1,0.9999993
1,1,0.9999993
1,1,0.99997187
1,1,0.9999695
1,1,0.9999994
1,1,0.9999994
1,1,0.9999994
1,1,0.9999987
1,1,0.99998426
1,1,0.9999993
1,1,0.99999714
1,1,0.9999994
1,1,0.99999917
1,1,0.9999994
1,1,0.99999845
1,1,0.9999994
1,1,0.9999993
1,1,0.9999993
1,1,0.9999994
1,1,0.9999989
1,1,0.9999993
1,1,0.9999989
1,1,0.9999994
1,1,0.99998045
1,1,0.9999994
1,1,0.9999989
1,1,0.9999988
1,1,0.9999603
1,1,0.99999857
1,1,0.8822693
1,1,0.9999993
1,1,0.9999994
1,1,0.99999833
1,1,0.99999905
1,1,0.9999994
1,1,0.9999989
1,1,0.99999917
1,1,0.9999993
1,1,0.9999987
1,1,0.9999993
1,1,0.9999993
1,1,0.9999994
1,1,0.9999993
1,1,0.9999993
1,1,0.99999917
1,1,0.9999989
1,1,0.9999994
1,1,0.99999917
1,1,0.9999994
1,1,0.99999905
1,1,0.99999917
1,1,0.9999989
1,1,0.9999994
1,1,0.9999975
1,1,0.9999993
1,1,0.9999988
1,1,0.9999989
1,1,0.9999993
1,1,0.99998546
1,1,0.9999994
1,1,0.99999905
1,1,0.9999988
1,1,0.99999917
1,1,0.99998975
1,1,0.9999974
1,1,0.9999993
1,1,0.9999993
1,1,0.99999654
1,1,0.9999975
1,1,0.99946946
1,1,0.9999994
1,1,0.9999993
1,1,0.99999917
1,1,0.9999994
1,1,0.99999917
1,1,0.9999994
1,1,0.9347206
1,1,0.9999993
1,1,0.99999917
1,1,0.99999905
1,1,0.9999877
1,1,0.9999993
1,1,0.9999993
1,1,0.99999905
1,1,0.9999993
1,1,0.9999993
1,1,0.999998
1,1,0.99999905
1,1,0.9998584
1,1,0.9999993
1,1,0.9999927
1,1,0.9999987
1,1,0.9856695
1,1,0.9999994
1,1,0.9999994
1,1,0.99999285
1,1,0.99999833
1,1,0.99999917
1,1,0.99999905
1,1,0.9999893
1,1,0.9999267
1,1,0.9999993
1,1,0.99999857
1,1,0.99999917
1,1,0.9999914
1,1,0.9999993
1,1,0.9999989
1,1,0.99999917
1,1,0.9999994
1,1,0.9999994
1,1,0.9999989
1,1,0.99999905
1,1,0.99999917
1,1,0.9999888
1,1,0.99999917
1,1,0.99999917
1,1,0.9999988
1,1,0.9999994
1,1,0.9999993
1,1,0.99991035
1,1,0.99996924
1,1,0.99999917
1,1,0.9999945
1,1,0.99999857
1,1,0.99999905
1,1,0.9999988
1,1,0.99959487
1,1,0.99901426
1,1,0.9999993
1,1,0.9997131
1,1,0.99999905
1,1,0.9999994
1,1,0.99999917
1,1,0.99713933
1,1,0.9999988
1,1,0.99999905
1,1,0.9999919
1,1,0.99999905
1,1,0.99999845
1,1,0.99999917
1,1,0.9999993
1,1,0.99999774
1,1,0.96724063
1,1,0.99989676
1,1,0.9999993
1,1,0.9999993
1,1,0.99999917
1,1,0.9999994
1,0,0.025368093
1,1,0.99789953
1,1,0.99999297
1,1,0.99999917
1,1,0.9999989
1,1,0.99999905
1,1,0.9999994
1,1,0.99999607
1,1,0.99999404
1,1,0.9999987
1,1,0.99997246
1,1,0.8961739
1,1,0.9999976
1,1,0.9999988
1,1,0.9999993
1,1,0.9999994
1,1,0.99999857
1,1,0.9999989
1,1,0.99999714
1,1,0.9999987
1,1,0.99999905
1,1,0.9999994
1,1,0.9999989
1,1,0.99999917
1,1,0.9999987
1,1,0.99999535
1,1,0.99999833
1,1,0.99999535
1,1,0.9999987
1,1,0.9999976
1,1,0.9999964
1,1,0.9999987
1,1,0.99999917
1,1,0.9999151
1,1,0.9999987
1,1,0.99999857
1,1,0.9999989
1,1,0.999998
1,1,0.99999917
1,1,0.99999905
1,1,0.9999989
1,1,0.99999833
1,1,0.99999917
1,1,0.9999989
1,1,0.9999982
1,1,0.9999988
1,1,0.9998851
1,1,0.9999994
1,1,0.9999994
1,1,0.99999917
1,1,0.9999994
1,1,0.99999726
1,1,0.9999901
1,1,0.99999905
1,1,0.99999905
1,1,0.99999917
1,1,0.99999917
1,1,0.9999994
1,1,0.9999993
1,1,0.99999905
1,1,0.9999993
1,1,0.9999658
1,1,0.99999917
1,1,0.99999917
1,1,0.99999845
1,1,0.99999917
1,1,0.99999905
1,1,0.9999989
1,1,0.9999994
1,1,0.99999297
1,1,0.99999106
1,1,0.99999917
1,1,0.9999994
1,1,0.9979742
1,1,0.9999958
1,1,0.99999917
1,1,0.9999943
1,1,0.99999905
1,1,0.9999993
1,1,0.9999994
1,1,0.9998832
1,1,0.9999994
1,1,0.9999982
1,1,0.99999917
1,1,0.9999987
1,1,0.99999917
1,1,0.9999982
1,1,0.99999917
1,1,0.99999917
1,1,0.99999917
1,1,0.9999993
1,1,0.9999994
1,1,0.9999815
1,1,0.9999994
1,1,0.9999993
1,1,0.999997
1,1,0.9999982
1,1,0.9999498
1,1,0.99999857
1,1,0.9999993
1,1,0.99998
1,1,0.99996793
1,1,0.99999905
1,1,0.999926
1,1,0.9996939
1,1,0.9999968
1,1,0.9999993
1,1,0.9669242
1,1,0.99996555
1,1,0.99999857
1,1,0.99999785
1,1,0.9999993
1,1,0.99999905
1,1,0.9999993
1,1,0.99999547
1,1,0.9918183
1,1,0.99999416
1,1,0.9999993
1,1,0.99342114
1,1,0.99999917
1,1,0.99995756
1,1,0.999998
1,1,0.9999994
1,1,0.99999905
1,1,0.99688643
1,1,0.99999917
1,1,0.9999993
1,1,0.99999917
1,1,0.9999994
1,1,0.9999993
1,1,0.99388254
1,1,0.9927477
1,1,0.9999993
1,1,0.9999956
1,1,0.9999993
1,1,0.9999471
1,1,0.9976659
1,1,0.99999917
1,1,0.99999917
1,1,0.9999994
1,1,0.9999993
1,1,0.9999993
1,1,0.9999993
1,1,0.99999917
1,1,0.99994946
1,1,0.9999831
1,1,0.9999994
1,1,0.9999993
1,1,0.99999833
1,1,0.9999994
1,1,0.99999917
1,1,0.99999833
1,1,0.9999994
1,1,0.9999993
1,1,0.9999994
1,1,0.9999982
1,1,0.99999917
1,1,0.9999993
1,1,0.9999988
1,1,0.9999987
1,1,0.9999993
1,1,0.9999989
1,1,0.9999988
1,1,0.99999833
1,1,0.9999994
1,1,0.99716944
1,1,0.999972
1,1,0.9999994
1,1,0.99999905
1,1,0.9998561
1,1,0.9999987
1,1,0.99999917
1,1,0.999995
1,1,0.9999994
1,1,0.9999987
1,1,0.99999917
1,1,0.99998224
1,1,0.9999994
1,1,0.99999833
1,1,0.9999994
1,1,0.99999917
1,1,0.99996674
1,1,0.9999901
1,1,0.99999595
1,1,0.99999905
1,1,0.9999993
1,1,0.99999857
1,1,0.9841427
1,1,0.9991462
1,1,0.9999993
1,1,0.99999
1,1,0.9994246
1,1,0.9999945
1,1,0.9999989
1,1,0.9999989
1,1,0.99999857
1,1,0.99999905
1,1,0.9999988
1,1,0.9999994
1,1,0.9999988
1,1,0.9999989
1,1,0.9999993
1,1,0.99999857
1,1,0.9999994
1,1,0.9999975
1,1,0.99998665
1,1,0.99999285
1,1,0.9999989
1,1,0.99999917
1,1,0.99999917
1,1,0.9999964
1,1,0.999997
1,1,0.9999993
1,1,0.99999917
1,1,0.9999993
1,1,0.9999994
1,1,0.9999988
1,1,0.99494404
1,1,0.9999989
1,1,0.9999993
1,1,0.9999993
1,1,0.8149774
1,1,0.9999993
1,1,0.99999905
1,1,0.9999988
1,1,0.9999993
1,1,0.999997
1,1,0.9999465
1,1,0.99999726
1,1,0.9999994
1,1,0.9999993
1,1,0.99999785
1,1,0.9999993
1,1,0.9999993
1,1,0.9999987
1,1,0.9999825
1,1,0.9920465
1,1,0.99999845
1,1,0.99976915
1,1,0.9999993
1,1,0.9999194
1,1,0.99998546
1,1,0.9864211
1,1,0.9999993
1,1,0.9999993
1,1,0.9999975
1,1,0.9999988
1,1,0.9999993
1,1,0.9999994
1,1,0.99999917
1,1,0.99999106
1,1,0.9999993
1,1,0.9999125
1,1,0.99999845
1,1,0.9999993
1,1,0.9999989
1,1,0.9999949
1,1,0.9999993
1,1,0.9999993
1,1,0.9999994
1,1,0.99999905
1,1,0.9999993
1,1,0.99999857
1,1,0.9999974
1,1,0.9999962
1,1,0.9999993
1,1,0.9999988
1,1,0.9999993
1,1,0.9999993
1,1,0.9999913
1,1,0.9999994
1,1,0.9999988
1,1,0.99999547
1,1,0.9999987
1,1,0.9999993
1,1,0.9999993
1,1,0.99999917
1,1,0.9999993
1,1,0.99999857
1,1,0.99999464
1,1,0.9999994
1,1,0.996234
1,1,0.9999993
1,1,0.99999917
1,1,0.9999993
1,1,0.9999993
1,1,0.9999994
1,1,0.9999963
1,1,0.99999905
1,1,0.9794279
1,1,0.9999981
1,1,0.9998872
1,1,0.9999987
1,1,0.9999949
1,1,0.9999645
1,1,0.99999917
1,1,0.99999917
1,0,0.11063535
1,1,0.99999917
1,1,0.9999993
1,1,0.96847534
1,1,0.9999994
1,1,0.9999981
1,1,0.9999994
1,1,0.99999917
1,1,0.9999993
1,1,0.9999994
1,1,0.9999993
1,1,0.9999993
1,1,0.9914295
1,1,0.99999917
1,1,0.9999993
1,1,0.9999989
1,1,0.9998971
1,1,0.9999993
1,1,0.69403756
1,1,0.9999989
1,1,0.99999535
1,1,0.9999987
1,1,0.9999989
1,1,0.9999974
1,1,0.99997234
1,1,0.99999917
1,1,0.99999905
1,1,0.9999989
1,1,0.99999905
1,1,0.99999917
1,1,0.9999968
1,1,0.9999994
1,1,0.9999993
1,1,0.99999905
1,1,0.99999857
1,1,0.9999989
1,1,0.99999917
1,1,0.9999994
1,1,0.9999993
1,1,0.9999994
1,1,0.721277
1,1,0.99999654
1,1,0.9999994
1,1,0.9999993
1,1,0.99999917
1,1,0.9999974
1,1,0.99999905
1,1,0.9999989
1,1,0.9999993
1,1,0.9999994
1,1,0.9999988
1,1,0.9999994
1,1,0.9999993
1,1,0.99999917
1,1,0.9999962
1,1,0.9999963
1,1,0.9999988
1,1,0.99999905
1,1,0.99999917
1,1,0.9999982
1,1,0.99999845
1,1,0.9962843
1,1,0.9999988
1,1,0.9935428
1,1,0.99999905
1,1,0.9999988
1,1,0.99892765
1,1,0.9999989
1,1,0.9999994
1,1,0.9999957
1,1,0.99999857
1,1,0.9999994
1,1,0.9999994
1,1,0.9999993
1,1,0.9999993
1,1,0.9999994
1,1,0.9999994
1,1,0.9999993
1,1,0.9999994
1,1,0.99850154
1,1,0.99999917
1,1,0.9999993
1,1,0.9999994
1,1,0.9999981
1,1,0.9999993
1,1,0.99999917
1,1,0.9999993
1,1,0.99999857
1,1,0.9999987
1,1,0.99999905
1,1,0.9999993
1,1,0.99999857
1,1,0.9999865
1,1,0.9999993
1,1,0.9999994
1,1,0.99999857
1,1,0.9999993
1,1,0.9999981
1,1,0.9999715
1,1,0.9999707
1,1,0.99952495
1,1,0.99865854
1,1,0.99997914
1,1,0.99999917
1,1,0.9999987
1,1,0.9999968
1,1,0.99999714
1,1,0.9999827
1,1,0.9999671
1,1,0.9999988
1,1,0.9999932
1,1,0.99999917
1,1,0.99983966
1,1,0.9999989
1,1,0.9999993
1,1,0.9999994
1,1,0.99999905
1,1,0.9999856
1,1,0.9999993
1,1,0.9999993
1,1,0.9999994
1,1,0.9999989
1,1,0.9999987
1,1,0.99999905
1,1,0.9999981
1,1,0.9999994
1,1,0.9999988
1,1,0.99999857
1,1,0.99999857
1,1,0.99999905
1,1,0.9999993
1,1,0.99999774
1,1,0.99999857
1,1,0.9999987
1,1,0.9999993
1,1,0.99999917
1,1,0.99999475
1,1,0.85488504
1,1,0.9994844
1,1,0.9999994
1,1,0.9999075
1,1,0.99999917
1,1,0.9999509
1,1,0.9999994
1,1,0.9993088
1,1,0.9999993
1,1,0.9999982
1,1,0.9999988
1,1,0.99999905
1,1,0.9999993
1,1,0.9999993
1,1,0.99999774
1,1,0.999998
1,1,0.9999993
1,1,0.9999981
1,1,0.9999993
1,1,0.99999917
1,1,0.9999994
1,1,0.9999993
1,1,0.99999917
1,1,0.9999989
1,1,0.9999994
1,1,0.9999994
1,1,0.9999993
1,1,0.9999993
1,1,0.9999994
1,1,0.9999994
1,1,0.9999988
1,1,0.9999988
1,1,0.9999994
1,1,0.9999616
1,1,0.9996464
1,1,0.9999988
1,1,0.99999857
1,1,0.9999566
1,1,0.9999993
1,1,0.9999974
1,1,0.99996126
1,1,0.9999989
1,1,0.9996538
1,1,0.9999989
1,1,0.9898067
1,1,0.9999993
1,1,0.9999988
1,1,0.99999905
1,1,0.9999994
1,1,0.99999917
1,1,0.9999994
1,1,0.9999993
1,1,0.99999404
1,1,0.999962
1,1,0.9999994
1,1,0.9999987
1,1,0.99999917
1,1,0.9999988
1,1,0.9999993
1,1,0.9999993
1,1,0.9999994
1,1,0.99999917
1,1,0.9999994
1,1,0.9999993
1,1,0.9999994
1,1,0.99999917
1,1,0.99999917
1,1,0.9999994
1,1,0.9999993
1,1,0.9999993
1,1,0.99999654
1,1,0.9999993
1,1,0.9999281
1,1,0.9999993
1,1,0.9731697
1,1,0.9997261
1,1,0.99999905
1,1,0.9999826
1,1,0.99999857
1,1,0.9999989
1,1,0.9998708
1,1,0.99513286
1,1,0.9999976
1,1,0.9999993
1,1,0.9999987
1,1,0.9999993
1,1,0.9999993
1,1,0.9999993
1,1,0.9999989
1,1,0.99999917
1,1,0.9999993
1,1,0.9999993
1,1,0.99999785
1,1,0.99999917
1,1,0.9999944
1,1,0.9997726
1,1,0.999866
1,1,0.99999917
1,1,0.9999993
1,1,0.99999905
1,1,0.9999993
1,1,0.9999994
1,1,0.9999989
1,1,0.9999993
1,1,0.9999994
1,1,0.9999994
1,1,0.9999994
1,1,0.99999917
1,1,0.99999833
1,0,0.1149692
1,1,0.96233237
1,1,0.99999917
1,1,0.99982834
1,1,0.9999993
1,1,0.99999833
1,1,0.99999917
1,1,0.9999975
1,1,0.9999994
1,1,0.9999993
1,1,0.99999905
1,1,0.99999917
1,1,0.8825596
1,1,0.9999994
1,1,0.99999404
1,1,0.99998236
1,1,0.9999989
1,1,0.9999994
1,1,0.9999994
1,1,0.9999974
1,1,0.99999845
1,1,0.9999608
1,1,0.99999905
1,1,0.99999905
1,1,0.9999993
1,1,0.99992573
1,1,0.9999994
1,1,0.9999993
1,1,0.99999905
1,1,0.9996822
1,1,0.9999988
1,1,0.99999857
1,1,0.9999994
1,1,0.9999993
1,1,0.9999994
1,1,0.9999989
1,1,0.99999917
1,1,0.9999993
1,1,0.9999994
1,1,0.9999988
1,1,0.9999975
1,1,0.9999155
1,1,0.9999988
1,1,0.9996705
1,1,0.9998878
1,1,0.9999981
1,1,0.99999106
1,1,0.97531056
1,1,0.9999989
1,1,0.9999976
1,1,0.99999905
1,1,0.806077
1,1,0.99999905
1,1,0.9999994
1,1,0.9999994
1,1,0.99999905
1,1,0.99999833
1,1,0.99999595
1,1,0.9995659
1,1,0.9999993
1,1,0.9999993
1,1,0.9999994
1,1,0.99999845
1,1,0.62807626
1,1,0.9999994
1,1,0.9999993
1,1,0.9999993
1,1,0.9999993
1,1,0.9999989
1,1,0.9999989
1,1,0.99999905
1,1,0.99999857
1,1,0.99999356
1,1,0.9999994
1,1,0.99999857
1,1,0.9999968
1,1,0.9999993
1,1,0.9999994
1,1,0.9999993
1,1,0.99999917
1,1,0.99999917
1,1,0.9900261
1,1,0.9999932
1,1,0.9999963
1,1,0.99999917
1,1,0.9999745
1,1,0.9999993
1,1,0.9999994
1,1,0.9999993
1,1,0.9999994
1,1,0.9999994
1,1,0.9999989
1,1,0.9999976
1,1,0.9999994
1,1,0.9999993
1,1,0.99999917
1,1,0.9999993
1,1,0.9999863
1,1,0.9999988
1,1,0.99999726
1,1,0.9999993
1,1,0.99999595
1,1,0.9999994
1,1,0.99999917
1,1,0.9999982
1,1,0.9999993
1,1,0.999998
1,1,0.99985754
1,1,0.7199701
1,1,0.99999917
1,1,0.9999745
1,1,0.9999404
1,1,0.9999993
1,1,0.9999994
1,1,0.9999294
1,1,0.99999857
1,1,0.99999917
1,1,0.99998
1,1,0.9999994
1,1,0.99999404
1,1,0.99999857
1,1,0.99999845
1,1,0.99999833
1,1,0.9999993
1,1,0.99999917
1,1,0.9999994
1,1,0.9999987
1,1,0.99999917
1,1,0.9999993
1,1,0.9999994
1,1,0.9999994
1,1,0.9999422
1,1,0.9999987
1,1,0.99999905
1,1,0.9819957
1,1,0.9999994
1,1,0.96815044
1,1,0.9999994
1,1,0.9994586
1,1,0.9999987
1,1,0.99997044
1,1,0.9999943
1,1,0.9999994
1,1,0.9999989
1,1,0.9984059
1,1,0.99999905
1,1,0.9999994
1,1,0.99999917
1,1,0.9999993
1,1,0.99524885
1,1,0.9998417
1,1,0.9999988
1,0,0.0154656945
1,1,0.9999993
1,1,0.99999905
1,1,0.9999994
1,0,0.21014033
1,1,0.99999785
1,1,0.9999994
1,1,0.99387854
1,1,0.99999905
1,1,0.9999993
1,1,0.99921644
1,1,0.9999989
1,1,0.9999993
1,1,0.9999993
1,1,0.9999981
1,1,0.9999994
1,1,0.9999989
1,1,0.9999981
1,1,0.99999917
1,1,0.9999993
1,1,0.9999993
1,1,0.99999857
1,1,0.99999917
1,1,0.9686548
1,1,0.9997863
1,1,0.9999994
1,1,0.9999993
1,1,0.9999994
1,1,0.9999199
1,1,0.9999981
1,1,0.99999917
1,1,0.99999857
1,1,0.9999993
1,1,0.9999987
1,1,0.99994075
1,1,0.9999989
1,1,0.9999994
1,1,0.99451053
1,1,0.9999994
1,1,0.9999993
1,1,0.9999989
1,1,0.9999988
1,1,0.9999982
1,1,0.99999905
1,1,0.99999917
1,1,0.9999994
1,1,0.9999993
1,1,0.9999993
1,1,0.99999917
1,1,0.99999857
1,1,0.9999993
1,1,0.99999845
1,1,0.9999994
1,1,0.99999917
1,1,0.9999993
1,1,0.99995184
1,1,0.9999987
1,1,0.9999989
1,1,0.9999988
1,1,0.9999993
1,1,0.9999989
1,1,0.9999987
1,1,0.99999666
1,1,0.9999969
1,1,0.9999994
1,1,0.99999917
1,1,0.9999993
1,1,0.99953604
1,1,0.99999857
1,1,0.9999993
1,1,0.99897444
1,1,0.9999958
1,1,0.99999917
1,1,0.9999993
1,1,0.9999993
1,1,0.9999993
1,1,0.8697243
1,1,0.99999917
1,1,0.9999989
1,1,0.99999845
1,1,0.9999988
1,1,0.99999917
1,1,0.99999774
1,1,0.99999917
1,1,0.9999988
1,1,0.9999989
1,1,0.99999917
1,1,0.9999993
1,1,0.9999993
1,1,0.9999993
1,1,0.9999988
1,1,0.999956
1,1,0.9999994
1,1,0.9999981
1,1,0.9795966
1,1,0.99999905
1,1,0.99999917
1,1,0.99920815
1,1,0.9999989
1,1,0.9999994
1,1,0.9999993
1,1,0.99999845
1,1,0.9999994
1,1,0.9999919
1,1,0.9999993
1,1,0.999998
1,1,0.9999993
1,1,0.9999993
1,1,0.9999993
1,1,0.9999951
1,1,0.9999989
1,1,0.99999917
1,1,0.99999905
1,1,0.9999981
1,1,0.9999994
1,1,0.99999845
1,1,0.99999857
1,1,0.9999994
1,1,0.9999964
1,1,0.9999993
1,1,0.9999993
1,1,0.9999987
1,1,0.9999993
1,1,0.9999982
1,1,0.99999857
1,1,0.9999994
1,1,0.9999993
1,1,0.99995446
1,1,0.9999994
1,1,0.9999994
1,1,0.99999917
1,1,0.9999993
1,1,0.99999905
1,1,0.9999994
1,1,0.9999939
1,1,0.9999989
1,1,0.9999993
1,1,0.9999994
1,1,0.9999993
1,1,0.9999993
1,1,0.9999993
1,1,0.9999993
1,1,0.99597436
1,1,0.9999988
1,1,0.99999917
1,1,0.9999846
1,1,0.9999993
1,1,0.9999981
1,1,0.9999994
1,1,0.99999917
1,1,0.99999726
1,1,0.9999993
1,1,0.9999987
1,1,0.9999993
1,1,0.9999993
1,1,0.99999917
1,1,0.9999981
1,1,0.9998147
1,1,0.9999981
1,1,0.9999993
1,1,0.99999213
1,1,0.9999982
1,1,0.9999603
1,1,0.9999988
1,1,0.9999993
1,1,0.9999994
1,1,0.9999913
1,1,0.99999917
1,1,0.99999917
1,1,0.9999993
1,1,0.9999993
1,1,0.9999862
1,1,0.99999845
1,1,0.9999993
1,1,0.9999994
1,1,0.9999355
1,1,0.9999957
1,1,0.99999905
1,1,0.9999993
1,1,0.9999993
1,1,0.99999547
1,1,0.9999876
1,1,0.999949
1,1,0.99999857
1,1,0.99999917
1,1,0.9999993
1,1,0.99999917
1,1,0.9999989
1,1,0.9999981
1,1,0.9999989
1,1,0.99999917
1,1,0.9999987
1,1,0.9999974
1,1,0.9999993
1,1,0.99999905
1,1,0.9999981
1,1,0.99999905
1,1,0.99999905
1,1,0.9999987
1,1,0.9999945
1,1,0.99999917
1,1,0.99999785
1,1,0.99999845
1,1,0.9999987
1,1,0.9999331
1,1,0.9999944
1,1,0.99999845
1,1,0.99999917
1,1,0.9999993
1,1,0.999141
1,1,0.9999993
1,1,0.9999993
1,1,0.9999994
1,1,0.99999905
1,1,0.9999924
1,1,0.99996614
1,1,0.9999993
1,1,0.95298904
1,1,0.9999993
1,1,0.9999993
1,1,0.9999994
1,1,0.9999989
1,1,0.9999993
1,1,0.9999989
1,1,0.9946426
1,1,0.9999987
1,1,0.9999994
1,1,0.9999994
1,1,0.9999993
1,1,0.9999993
1,1,0.9999994
1,1,0.9999994
1,1,0.9999993
1,1,0.9999993
1,1,0.9999987
1,1,0.99988854
1,1,0.999997
1,1,0.9999994
1,1,0.9999838
1,1,0.9999993
1,1,0.9999993
1,1,0.9999993
1,1,0.9990207
1,1,0.9999989
1,1,0.9999993
1,1,0.999998
1,1,0.9999796
1,1,0.9999989
1,1,0.9999994
1,1,0.9999993
1,1,0.9999901
1,1,0.9999993
1,1,0.9999994
1,1,0.9999993
1,1,0.99999917
1,1,0.99999917
1,1,0.99999905
1,1,0.99999845
1,1,0.9999987
1,1,0.9999993
1,1,0.999995
1,1,0.99999905
1,1,0.9999888
1,1,0.9999989
1,1,0.9999987
1,1,0.9999988
1,1,0.9999989
1,1,0.9999989
1,1,0.9999994
1,1,0.99999905
1,1,0.9999993
1,1,0.9999993
1,1,0.9999993
1,1,0.9999989
1,1,0.99999917
1,1,0.9999982
1,1,0.99948514
1,1,0.9997967
1,1,0.9999919
1,1,0.9992034
1,1,0.9999989
1,1,0.9738831
1,1,0.99998343
1,1,0.9999993
1,1,0.99999905
1,1,0.99995637
1,1,0.9999993
1,1,0.9999957
1,1,0.99999917
1,1,0.9999993
1,1,0.99999905
1,1,0.9999993
1,1,0.99999416
1,1,0.9999988
1,1,0.99999917
1,1,0.9999993
1,1,0.99999845
1,1,0.9999994
1,1,0.884923
1,1,0.9999994
1,1,0.9999993
1,1,0.99999857
1,1,0.9998646
1,1,0.9999993
1,1,0.9999993
1,1,0.9999802
1,1,0.9999993
1,1,0.999998
1,1,0.9999994
1,1,0.99999845
1,1,0.7207321
1,1,0.9999981
1,1,0.9999993
1,1,0.99999833
1,1,0.9999989
1,1,0.9999982
1,1,0.99999905
1,1,0.9999993
1,1,0.9999944
1,1,0.9999993
1,1,0.9999993
1,1,0.9999988
1,1,0.9999987
1,1,0.99999905
1,1,0.9999993
1,1,0.99999905
1,1,0.9999987
1,1,0.9999993
1,1,0.9801705
1,1,0.99999857
1,1,0.99999917
1,1,0.91944337
1,1,0.9999993
1,1,0.99999917
1,1,0.99998474
1,1,0.9999993
1,1,0.99999917
1,1,0.99999917
1,1,0.9999969
1,1,0.999997
1,1,0.9999987
1,1,0.9999994
1,1,0.99999845
1,1,0.9954137
1,1,0.998789
1,1,0.99999905
1,1,0.9999944
1,1,0.9999993
1,1,0.9999993
1,1,0.9999895
1,1,0.9999994
1,1,0.999964
1,1,0.9999993
1,1,0.9644668
1,1,0.99999917
1,1,0.99999905
1,1,0.9999993
1,1,0.99999917
1,1,0.9999993
1,1,0.9999932
1,1,0.9999993
1,1,0.99999833
1,1,0.9999988
1,1,0.99999917
1,1,0.9999993
1,1,0.76926833
1,1,0.86738896
1,1,0.99999785
1,1,0.99999857
1,1,0.99999845
1,1,0.9999933
1,1,0.9999974
1,1,0.999998
1,1,0.9989219
1,1,0.9999716
1,1,0.9999993
1,1,0.6932416
1,1,0.9999994
1,1,0.9999982
1,1,0.9999993
1,1,0.99999917
1,1,0.9999517
1,1,0.99996865
1,1,0.9999975
1,1,0.9999993
1,1,0.9999926
1,1,0.9999993
1,1,0.9990447
1,1,0.9999993
1,1,0.9999988
1,1,0.99999344
1,1,0.9999993
1,1,0.9999988
1,1,0.99858
1,1,0.9999993
1,1,0.9994369
1,1,0.9999709
1,1,0.9999994
1,1,0.9999994
1,1,0.9781603
1,1,0.99999917
1,1,0.9065053
1,1,0.7405916
1,1,0.9999982
1,1,0.9999993
1,1,0.99999917
1,1,0.9968982
1,1,0.99999917
1,1,0.9998554
1,1,0.9999988
1,1,0.8675153
1,1,0.9999989
1,1,0.99999917
1,1,0.99999905
1,1,0.99993575
1,1,0.9999993
1,1,0.99999917
1,1,0.99999666
1,1,0.99999917
1,1,0.99999917
1,1,0.99999917
1,1,0.9999993
1,1,0.99999905
1,1,0.9999993
1,1,0.9999993
1,1,0.61610657
1,1,0.9998592
1,1,0.99999905
1,1,0.9999988
1,1,0.99991083
1,1,0.9999465
1,1,0.9999982
1,1,0.9999993
1,1,0.9999994
1,1,0.99999905
1,1,0.9999993
1,1,0.9859629
1,1,0.99999917
1,1,0.9990306
1,1,0.9999993
1,1,0.99999917
1,1,0.99999917
1,1,0.9999982
1,1,0.9999993
1,1,0.9999989
1,1,0.9999149
1,1,0.9999993
1,1,0.999997
1,1,0.99999917
1,1,0.9999994
1,1,0.99999917
1,1,0.9999993
1,1,0.9999944
1,1,0.9999989
1,1,0.9999987
1,1,0.9999989
1,1,0.9999989
1,1,0.99998057
1,1,0.9999993
1,1,0.9999993
1,1,0.99989104
1,1,0.99999917
1,1,0.9756069
1,1,0.9999994
1,1,0.9999993
1,1,0.9999993
1,1,0.99999917
1,1,0.9999994
1,1,0.99999857
1,1,0.9999994
1,1,0.99999917
1,1,0.9999993
1,1,0.99999833
1,1,0.9999994
1,1,0.9999474
1,1,0.9999989
1,1,0.9999982
1,1,0.9999994
1,1,0.9999993
1,1,0.9999993
1,1,0.9999993
1,1,0.9999993
1,1,0.9999974
1,1,0.98968446
1,1,0.9987764
1,1,0.9999994
1,1,0.99999905
1,1,0.9999989
1,1,0.9999989
1,1,0.9999993
1,1,0.9999987
1,1,0.9999993
1,1,0.9999993
1,1,0.99999774
1,1,0.99999785
1,1,0.9980387
1,1,0.99999905
1,1,0.9902637
1,1,0.9999988
1,1,0.99999917
1,1,0.9999994
1,1,0.99999154
1,1,0.99999833
1,1,0.9999993
1,1,0.9999993
1,1,0.9999989
1,1,0.9999994
1,1,0.9999993
1,1,0.9999993
1,1,0.9999989
1,1,0.99999654
1,1,0.9999994
1,1,0.9999994
1,1,0.9999937
1,1,0.999997
1,1,0.9999994
1,1,0.9999993
1,1,0.9999982
1,1,0.99999535
1,1,0.99998045
1,1,0.9999993
1,1,0.9999988
1,1,0.9999974
1,1,0.99999905
1,1,0.9999993
1,1,0.9999988
1,1,0.99999917
1,1,0.99999726
1,1,0.9999994
1,1,0.99999917
1,1,0.9999659
1,1,0.9999914
1,1,0.86114395
1,1,0.83498156
1,1,0.9999994
1,1,0.99999905
1,1,0.9999994
1,1,0.99999917
1,1,0.9999994
1,1,0.9999993
1,1,0.99999917
1,1,0.9999993
1,1,0.9999988
1,1,0.9999993
1,1,0.9999993
1,1,0.99994445
1,1,0.99999833
1,1,0.9999974
1,1,0.99998474
1,1,0.999998
1,1,0.9999994
1,1,0.9999988
1,1,0.9999933
1,1,0.9999993
1,1,0.99999857
1,1,0.99999917
1,1,0.9999993
1,1,0.9999989
1,1,0.9999987
1,1,0.99999917
1,1,0.9999994
1,1,0.9999988
1,1,0.9999862
1,1,0.9999988
1,1,0.9999975
1,1,0.9998791
1,1,0.99999905
1,1,0.9999949
1,1,0.9999993
1,1,0.99999917
1,1,0.9999994
1,1,0.9947798
1,1,0.995484
1,1,0.99999917
1,1,0.9999994
1,1,0.9999993
1,1,0.99999833
1,1,0.9999993
1,1,0.9999994
1,1,0.9999993
1,1,0.999995
1,1,0.99999905
1,1,0.99999857
1,1,0.99999535
1,1,0.99999905
1,1,0.99999917
1,1,0.99999845
1,1,0.99999905
1,1,0.99999905
1,1,0.99999917
1,1,0.99999833
1,0,0.4609325
1,1,0.999984
1,1,0.9999974
1,1,0.9999914
1,1,0.9951638
1,1,0.9890999
1,1,0.9999993
1,1,0.9999994
1,1,0.9999994
1,1,0.9999993
1,1,0.9999993
1,1,0.99799263
1,1,0.99999905
1,1,0.9999993
1,1,0.6933244
1,1,0.9999993
1,1,0.9999993
1,1,0.9999993
1,1,0.9999994
1,1,0.9999956
1,1,0.9999993
1,1,0.99999917
1,1,0.99999905
1,1,0.9999994
1,1,0.9999994
1,1,0.99999905
1,1,0.9999944
1,1,0.99999917
1,1,0.99999905
1,1,0.99999917
1,1,0.9999988
1,1,0.999987
1,1,0.9999993
1,1,0.9999968
1,1,0.9999993
1,1,0.9999993
1,1,0.9999815
1,1,0.9999994
1,1,0.999998
1,1,0.99999917
1,1,0.99999917
1,1,0.9999994
1,1,0.9999988
1,1,0.99999774
1,1,0.9999993
1,1,0.9999993
1,1,0.99999917
1,1,0.9998903
1,1,0.9999988
1,1,0.9999976
1,1,0.99999917
1,1,0.9999906
1,1,0.9999757
1,1,0.99969125
1,1,0.99999917
1,1,0.99999726
1,1,0.9999987
1,1,0.99999905
1,1,0.9999993
1,1,0.99982965
1,1,0.9999974
1,1,0.9999987
1,1,0.9999989
1,1,0.9999993
1,1,0.99999905
1,1,0.99996626
1,1,0.9999993
1,1,0.9996656
1,1,0.99963593
1,1,0.9999994
1,1,0.99999607
1,1,0.99999917
1,1,0.9999993
1,1,0.9999993
1,1,0.9999994
1,0,0.006080723
1,1,0.9999993
1,1,0.99999917
1,1,0.9999982
1,1,0.99999726
1,1,0.99999833
1,1,0.9999968
1,1,0.9999993
1,1,0.9999993
1,1,0.9999987
1,1,0.9999994
1,1,0.99999905
1,1,0.99999917
1,1,0.9999993
1,1,0.9823338
1,1,0.99999917
1,1,0.9999993
1,1,0.9999932
1,1,0.99999726
1,1,0.9999993
1,1,0.9999994
1,1,0.99965334
1,1,0.999998
1,1,0.99999917
1,1,0.99999833
1,1,0.9999993
1,1,0.9999994
1,1,0.9999994
1,1,0.9999987
1,1,0.99999917
1,1,0.9999988
1,1,0.9999993
1,1,0.9999988
1,1,0.9999988
1,1,0.9761894
1,1,0.9999994
1,1,0.9999933
1,1,0.9999993
1,1,0.9999993
1,1,0.9999988
1,1,0.99899334
1,1,0.9999989
1,1,0.9999994
1,1,0.99999917
1,1,0.9999994
1,1,0.9997588
1,1,0.9999994
1,1,0.9999628
1,1,0.9999989
1,1,0.99999905
1,1,0.98022443
1,1,0.99994814
1,1,0.99999094
1,1,0.9999981
1,1,0.9999994
1,1,0.9999993
1,1,0.9999993
1,1,0.9955655
1,1,0.7202639
1,1,0.99999905
1,1,0.9999988
1,1,0.9999989
1,1,0.9999987
1,1,0.87831193
1,1,0.9999993
1,1,0.9999844
1,1,0.9999994
1,1,0.9999968
1,1,0.99999225
1,1,0.9999987
1,1,0.99999917
1,1,0.99999416
1,1,0.99999845
1,1,0.9999994
1,1,0.99999917
1,1,0.9246691
1,1,0.999997
1,1,0.99999917
1,1,0.9999987
1,1,0.9999993
1,1,0.9999913
1,1,0.999742
1,1,0.9999993
1,1,0.9999994
1,1,0.99999714
1,1,0.9999994
1,1,0.53398955
1,1,0.9999994
1,1,0.9999989
1,1,0.99999917
1,1,0.9999993
1,1,0.9999993
1,1,0.9999989
1,1,0.9999994
1,1,0.9999993
1,1,0.9999989
1,1,0.99999917
1,1,0.9999987
1,1,0.99999917
1,1,0.99999917
1,1,0.9999486
1,1,0.99999905
1,1,0.9999951
1,1,0.9999994
1,1,0.99999917
1,1,0.9999993
1,1,0.9999987
1,1,0.9999994
1,1,0.9999994
1,1,0.99959916
1,1,0.9999987
1,1,0.9999993
1,1,0.9999993
1,1,0.9999951
1,1,0.9999993
1,1,0.99999845
1,1,0.99999845
1,1,0.9984456
1,1,0.9999994
1,1,0.9999939
1,1,0.9999993
1,1,0.99982786
1,1,0.9999993
1,1,0.9999994
1,1,0.99999917
1,1,0.9999989
1,1,0.9999993
1,1,0.99999905
1,1,0.99999833
1,1,0.9999988
1,1,0.9991411
1,1,0.99999344
1,1,0.9999994
1,1,0.9999993
1,1,0.99999905
1,1,0.99999917
1,1,0.9999994
1,1,0.9986859
1,1,0.999974
1,1,0.9999988
1,1,0.9999993
1,1,0.9999987
1,1,0.9999994
1,1,0.9999993
1,1,0.9999956
1,1,0.99999726
1,1,0.99999905
1,1,0.9999981
1,1,0.999982
1,1,0.999998
1,1,0.9999993
1,1,0.9999951
1,1,0.99999917
1,1,0.9999982
1,1,0.99998915
1,1,0.8868812
1,1,0.99999905
1,1,0.9999975
1,1,0.9999994
1,1,0.9999993
1,1,0.9999919
1,1,0.99999785
1,1,0.9999993
1,1,0.9999975
1,1,0.9999988
1,1,0.99995494
1,1,0.9999989
1,1,0.99999917
1,1,0.9998305
1,1,0.9999994
1,1,0.9999112
1,1,0.9999993
1,1,0.9999988
1,1,0.999998
1,1,0.9999881
1,1,0.99999917
1,1,0.9517871
1,1,0.9999993
1,1,0.9999938
1,1,0.99999785
1,1,0.99999905
1,1,0.9999993
1,1,0.9999994
1,1,0.9999981
1,1,0.9999993
1,1,0.99999905
1,1,0.9999994
1,1,0.99999917
1,1,0.99999917
1,1,0.9999993
1,1,0.999998
1,1,0.99999905
1,1,0.99989486
1,1,0.9999988
1,1,0.9999993
1,1,0.9999993
1,1,0.9999343
1,1,0.99999917
1,1,0.9999993
1,1,0.9999993
1,1,0.9992884
1,1,0.9999994
1,1,0.9999994
1,1,0.99999917
1,1,0.9999969
1,1,0.9999993
1,1,0.9999238
1,1,0.99999845
1,1,0.99999845
1,1,0.99999917
1,1,0.9999907
1,1,0.99999213
1,1,0.9999993
1,1,0.99999917
1,1,0.9999994
1,1,0.99999905
1,1,0.99999833
1,1,0.9999794
1,1,0.99999774
1,1,0.99999845
1,1,0.99996674
1,1,0.9999994
1,1,0.9999994
1,1,0.9999988
1,1,0.9999987
1,1,0.99999416
1,1,0.99999094
1,1,0.9999478
1,1,0.9999994
1,1,0.99999917
1,1,0.99999905
1,1,0.99999785
1,1,0.9999994
1,1,0.99999917
1,1,0.90494066
1,1,0.9999993
1,1,0.9999988
1,1,0.9999989
1,1,0.9999987
1,1,0.9999975
1,1,0.9999994
1,1,0.9999994
1,1,0.99996006
1,1,0.99999917
1,1,0.99940205
1,1,0.9999993
1,1,0.9999993
1,1,0.9999993
1,1,0.99999905
1,1,0.9999974
1,1,0.99999917
1,1,0.9999993
1,1,0.99999917
1,1,0.9999993
1,1,0.99999905
1,1,0.9999981
1,1,0.9999994
1,1,0.9999925
1,1,0.99999917
1,1,0.9999795
1,1,0.99999905
1,1,0.9999809
1,1,0.9999994
1,1,0.99999917
1,1,0.5057137
1,1,0.9999994
1,1,0.9999987
1,1,0.9999994
1,1,0.9999993
1,1,0.99999917
1,1,0.99999785
1,1,0.99999917
1,1,0.99572265
1,1,0.99999654
1,1,0.99964285
1,1,0.9999739
1,1,0.9999993
1,1,0.9999993
1,1,0.9999993
1,1,0.9996464
1,1,0.99999607
1,1,0.99999905
1,1,0.9999993
1,1,0.99996734
1,1,0.99999905
1,1,0.9999993
1,1,0.999938
1,1,0.99999905
1,1,0.9997341
1,1,0.9999924
1,1,0.9999993
1,1,0.99999905
1,1,0.99999905
1,1,0.9999994
1,1,0.99999917
1,1,0.99999774
1,1,0.9999994
1,1,0.9999994
1,1,0.99999857
1,1,0.9999994
1,1,0.99947506
1,1,0.99999905
1,1,0.9999993
1,1,0.9999989
1,1,0.9999993
1,1,0.9999988
1,1,0.99999547
1,1,0.9999989
1,1,0.99999785
1,1,0.9999993
1,1,0.99999917
1,0,0.022237267
1,1,0.9999627
1,1,0.99999917
1,1,0.99999404
1,1,0.99998486
1,1,0.9999993
1,1,0.9999993
1,1,0.99999917
1,1,0.99999917
1,1,0.99999857
1,1,0.9999993
1,1,0.999998
1,1,0.9999988
1,1,0.9999994
1,1,0.9999988
1,1,0.9999901
1,1,0.99999917
1,1,0.9999994
1,1,0.99999917
1,1,0.9988908
1,1,0.9999987
1,1,0.9999994
1,1,0.9999994
1,1,0.9999931
1,1,0.9878318
1,1,0.9999994
1,1,0.9904698
1,1,0.9964636
1,1,0.99999833
1,1,0.99998903
1,1,0.9999993
1,1,0.99998546
1,1,0.9999988
1,1,0.9999957
1,1,0.9999989
1,1,0.9999993
1,1,0.9999994
1,1,0.999998
1,1,0.99949634
1,1,0.9999989
1,1,0.9999981
1,1,0.99982965
1,1,0.9999994
1,1,0.9999993
1,1,0.99990475
1,1,0.9999993
1,1,0.99999917
1,1,0.99999726
1,1,0.9999964
1,1,0.99997663
1,1,0.99999857
1,1,0.9999993
1,1,0.9999993
1,1,0.9999969
1,1,0.9999988
1,1,0.9999988
1,1,0.9999993
1,1,0.99998367
1,1,0.9999993
1,1,0.99997103
1,1,0.9994966
1,1,0.99999857
1,1,0.9999993
1,1,0.9999994
1,1,0.9996855
1,1,0.99999845
1,1,0.99998176
1,1,0.9999993
1,1,0.9999993
1,1,0.9999993
1,1,0.9999994
1,1,0.99999905
1,1,0.9999993
1,1,0.99999905
1,1,0.99999917
1,1,0.99999714
1,1,0.99999857
1,1,0.99999857
1,1,0.99999917
1,1,0.9999994
1,1,0.99999833
1,1,0.9999993
1,1,0.9999993
1,1,0.99999857
1,1,0.9999714
1,1,0.9999243
1,1,0.9999988
1,1,0.99988985
1,1,0.9999994
1,1,0.9999993
1,1,0.9999989
1,1,0.99999905
1,1,0.9999993
1,1,0.9999993
1,1,0.9999993
1,1,0.99999905
1,1,0.99991643
1,1,0.99999917
1,1,0.99999905
1,1,0.99999917
1,1,0.9999993
1,1,0.99999917
1,1,0.9999993
1,1,0.9999976
1,1,0.99999416
1,1,0.9999993
1,1,0.9999994
1,1,0.99999905
1,1,0.99999714
1,1,0.9999851
1,1,0.9999993
1,1,0.9999987
1,1,0.9984571
1,1,0.9999994
1,1,0.9999989
1,1,0.9999989
1,1,0.99997926
1,1,0.9999994
1,1,0.99998736
1,1,0.9999987
1,1,0.9999945
1,1,0.99999166
1,1,0.99999774
1,1,0.9999993
1,1,0.99999857
1,1,0.9999993
1,1,0.9999993
1,1,0.99999654
1,1,0.9999993
1,1,0.9999993
1,1,0.96345323
1,1,0.9999994
1,1,0.99999917
1,1,0.9999989
1,1,0.9998709
1,1,0.99999917
1,1,0.9999993
1,1,0.99996054
1,1,0.9999963
1,1,0.9999993
1,1,0.99999917
1,1,0.9999993
1,1,0.51078457
1,1,0.99999917
1,1,0.9999962
1,1,0.9993481
1,1,0.9999994
1,1,0.9999993
1,1,0.9999435
1,1,0.99999917
1,1,0.9999889
1,1,0.99834
1,0,0.01566106
1,1,0.99997485
1,1,0.99999917
1,1,0.9999443
1,1,0.99670357
1,0,0.0039360523
1,1,0.9995628
1,1,0.9999583
1,0,0.02345945
1,1,0.99999344
1,1,0.99978286
1,1,0.9999993
1,1,0.99999917
1,1,0.7454261
1,1,0.99999905
1,0,0.3145719
1,1,0.9995548
1,1,0.9988153
1,1,0.9999962
1,1,0.9999994
1,1,0.9999901
1,1,0.9984471
1,1,0.9999994
1,1,0.9999633
1,1,0.99998057
1,1,0.9998357
1,1,0.99999917
1,1,0.9999994
1,1,0.9999993
1,1,0.9999981
1,1,0.9999994
1,1,0.99986815
1,1,0.9999994
1,1,0.9801769
1,0,0.0040819994
1,1,0.9999994
1,1,0.9999678
1,1,0.9999993
1,1,0.99999845
1,1,0.9999994
1,1,0.99998295
1,1,0.9999993
1,1,0.99999905
1,1,0.9999982
1,1,0.999998
1,1,0.999881
1,1,0.9999993
1,1,0.99999917
1,1,0.51279104
1,1,0.9999496
1,1,0.9998386
1,1,0.9996773
1,1,0.9999994
1,1,0.9999969
1,1,0.9997757
1,1,0.9999707
1,0,7.953425e-05
1,1,0.9998665
1,1,0.99997914
1,1,0.99999726
1,0,0.31366098
1,1,0.9998965
1,1,0.99999857
1,1,0.7827314
1,1,0.9999994
1,0,0.058368433
1,1,0.99987555
1,1,0.99960595
1,1,0.9999994
1,1,0.99999905
1,0,6.540929e-05
1,1,0.999997
1,1,0.99999917
1,1,0.9999994
1,0,0.0026756998
1,1,0.99997735
1,0,0.00019488989
1,1,0.99999213
1,1,0.9999988
1,0,0.2753261
1,1,0.9999994
1,1,0.8824839
1,1,0.9999682
1,1,0.9999937
1,1,0.9999962
1,1,0.99931145
1,1,0.9999993
1,1,0.99999917
1,1,0.8232018
1,1,0.8824193
1,1,0.9999969
1,1,0.99999166
1,1,0.99999833
1,1,0.9999974
1,1,0.9999987
1,1,0.99999654
1,1,0.9999993
1,0,0.054140683
1,1,0.9999982
1,1,0.97888076
1,1,0.9991123
1,1,0.9999857
1,1,0.9999993
1,1,0.6473387
1,0,0.47373128
1,1,0.9999993
1,1,0.99999654
1,1,0.9999236
1,1,0.9999993
1,1,0.99982244
1,1,0.99823064
1,1,0.99993527
1,1,0.9999993
1,1,0.99999917
1,1,0.9999958
1,1,0.99999905
1,1,0.9999994
1,1,0.99998987
1,1,0.9957975
1,1,0.9999994
1,0,9.262264e-05
1,1,0.9999994
1,1,0.89407986
1,1,0.99997556
1,1,0.99431556
1,1,0.9995617
1,1,0.9999988
1,1,0.99775594
1,1,0.86713296
1,1,0.999992
1,1,0.99999905
1,1,0.9171487
1,0,2.3117705e-05
1,0,0.39460483
1,0,0.27296773
1,1,0.788009
1,1,0.9999976
1,1,0.9999993
1,1,0.999997
1,1,0.9999993
1,1,0.99999523
1,1,0.9999969
1,1,0.99999917
1,1,0.9999893
1,1,0.9999901
1,0,0.11554464
1,1,0.9999993
1,1,0.9999993
1,1,0.99999845
1,1,0.9999993
1,1,0.99999917
1,1,0.99766576
1,0,0.00021185503
1,1,0.9999906
1,1,0.8825756
1,1,0.9999982
1,1,0.99999475
1,1,0.99994254
1,1,0.999997
1,1,0.99994504
1,1,0.9823935
1,1,0.5704543
1,0,0.00061748544
1,1,0.999998
1,1,0.9999993
1,1,0.9999944
1,1,0.9999981
1,1,0.9999888
1,0,0.22829162
1,1,0.99992156
1,1,0.9999436
1,1,0.9999813
1,0,0.1718224
1,1,0.9999994
1,1,0.99999845
1,1,0.99999905
1,1,0.99999774
1,0,1.38455025e-05
1,1,0.99714786
1,1,0.9950303
1,1,0.99999547
1,1,0.99999654
1,1,0.9999509
1,1,0.9999964
1,1,0.999997
1,1,0.9741975
1,0,0.020005645
1,1,0.9999994
1,1,0.88742375
1,1,0.9999881
1,1,0.9999993
1,1,0.9999988
1,0,0.002385123
1,0,0.25779074
1,1,0.9882542
1,1,0.9990183
1,0,0.001234752
1,1,0.9999993
1,1,0.9999994
1,1,0.99999917
1,0,0.16919856
1,1,0.9999993
1,1,0.99999905
1,1,0.99999905
1,1,0.9999987
1,1,0.9998247
1,1,0.9992669
1,1,0.998906
1,1,0.99991214
1,1,0.99999917
1,0,0.0005389431
1,0,0.3697946
1,1,0.9851621
1,1,0.7932686
1,1,0.99999475
1,1,0.9999975
1,1,0.9999994
1,1,0.9999993
1,1,0.9999993
1,1,0.99999905
1,1,0.9246816
1,1,0.99999535
1,1,0.99999857
1,1,0.9999912
1,1,0.9998721
1,1,0.9999964
1,0,0.11907732
1,1,0.9999943
1,1,0.99998605
1,1,0.9835735
1,1,0.99999857
1,0,0.00017046969
1,1,0.9986625
1,1,0.8707032
1,1,0.9999993
1,0,0.012919476
1,1,0.9999726
1,1,0.99999905
1,0,0.0010372448
1,1,0.9999993
1,1,0.9999993
1,1,0.99999034
1,1,0.99994314
1,1,0.9999993
1,0,0.009938718
1,1,0.9999993
1,1,0.9998043
1,1,0.9999987
1,0,0.15568352
1,1,0.86093926
1,1,0.999998
1,1,0.9773812
1,1,0.9966157
1,1,0.999997
1,1,0.8798347
1,1,0.9985026
1,1,0.9999974
1,0,1.7615655e-05
1,1,0.99563247
1,1,0.94613224
1,1,0.99998415
1,1,0.9999976
1,1,0.99999845
1,1,0.9999993
1,1,0.9999993
1,1,0.99809974
1,1,0.9999993
1,1,0.9999747
1,1,0.99419725
1,1,0.9999993
1,0,0.102901176
1,1,0.9872801
1,1,0.9999938
1,1,0.99999917
1,1,0.9999974
1,1,0.90183085
1,1,0.99999917
1,1,0.9999993
1,1,0.9999852
1,1,0.99999917
1,1,0.99999905
1,1,0.99692863
1,1,0.9999993
1,1,0.9999994
1,1,0.99969745
1,1,0.993686
1,1,0.9999993
1,1,0.9808528
1,1,0.9999981
1,0,0.00014378717
1,1,0.99703515
1,1,0.9999993
1,1,0.99674356
1,1,0.6847026
1,1,0.9999982
1,1,0.97113186
1,1,0.9999988
1,1,0.99992156
1,1,0.9990495
1,1,0.99999654
1,1,0.9796506
1,1,0.999884
1,1,0.9999815
1,1,0.9997292
1,1,0.9999982
1,1,0.9999758
1,0,0.14651772
1,0,0.0027162393
1,1,0.9999924
1,1,0.9186401
1,1,0.99929607
1,1,0.99777347
1,1,0.99999917
1,1,0.99981254
1,1,0.9977703
1,0,0.2940416
1,1,0.9905834
1,0,0.012213286
1,1,0.99999905
1,1,0.99995255
1,1,0.99999917
1,1,0.9364407
1,1,0.999997
1,1,0.6024575
1,1,0.99999917
1,1,0.9999993
1,1,0.97909915
1,1,0.79059917
1,1,0.9999856
1,1,0.9999993
1,1,0.7140427
1,1,0.99999595
1,0,0.2917603
1,1,0.9999993
1,1,0.9991947
1,1,0.9999807
1,1,0.9999877
1,1,0.99999917
1,1,0.99999905
1,1,0.9999993
1,1,0.99995863
1,1,0.99946123
1,1,0.99999046
1,1,0.80688065
1,1,0.99991405
1,1,0.99999285
1,1,0.9999994
1,0,0.054710757
1,1,0.5285824
1,1,0.9999993
1,1,0.99999523
1,1,0.99999917
1,0,4.1547805e-06
1,1,0.9999994
1,1,0.9923369
1,1,0.9999994
1,1,0.9999987
1,1,0.9880761
1,1,0.999998
1,1,0.9999994
1,1,0.9999993
1,1,0.99999726
1,1,0.9999982
1,1,0.9999987
1,0,0.021470074
1,1,0.9999993
1,0,2.665604e-06
1,1,0.9999937
1,1,0.99999714
1,1,0.9999993
1,0,0.34741023
1,1,0.9999974
1,1,0.9999943
1,1,0.9916692
1,1,0.99987924
1,1,0.9999993
1,1,0.99999154
1,1,0.9999994
1,1,0.9999902
1,1,0.9829549
1,1,0.9999958
1,0,0.1572415
1,1,0.9999993
1,1,0.9999987
1,1,0.9918105
1,1,0.9552342
1,1,0.9999994
1,0,0.37910438
1,1,0.96785885
1,0,0.02402611
1,1,0.99999785
1,1,0.99391806
1,1,0.9999988
1,0,0.056212153
1,1,0.99999917
1,1,0.9717704
1,0,0.0011292482
1,1,0.99904627
1,1,0.8812392
1,1,0.8544525
1,0,0.006120919
1,1,0.9999994
1,1,0.9999987
1,1,0.9999982
1,1,0.9989022
1,1,0.99999917
1,1,0.9999578
1,0,8.056291e-05
1,1,0.9999994
1,1,0.99999774
1,1,0.9999993
1,0,0.02867152
1,1,0.92688525
1,1,0.9999994
1,1,0.9921072
1,1,0.9999993
1,1,0.7284972
1,1,0.9999994
1,1,0.9999994
1,1,0.99999905
1,1,0.99999833
1,1,0.99999917
1,1,0.99992454
1,1,0.9998154
1,1,0.99976724
1,1,0.9999987
1,1,0.9999821
1,1,0.9999933
1,1,0.99246746
1,1,0.9999994
1,1,0.999987
1,1,0.9999994
1,1,0.9926657
1,1,0.9612506
1,1,0.99999917
1,1,0.9997789
1,1,0.9999192
1,1,0.99521023
1,1,0.99999917
1,1,0.9999994
1,1,0.9995271
1,1,0.99999917
1,1,0.9999865
1,1,0.9878299
1,1,0.7618887
1,1,0.99999905
1,1,0.9999994
1,1,0.7541979
1,1,0.842115
1,1,0.9999994
1,1,0.99766195
1,1,0.993834
1,1,0.9999988
1,1,0.9999975
1,1,0.9999957
1,1,0.9999993
1,1,0.99990535
1,1,0.9999956
1,1,0.99999917
1,1,0.8630756
1,1,0.9999758
1,1,0.99999654
1,0,0.3545691
1,1,0.9999982
1,0,0.00017469535
1,1,0.97850025
1,1,0.8478558
1,1,0.9999913
1,1,0.99999905
1,1,0.9999989
1,0,0.30796695
1,1,0.99999905
1,1,0.72889245
1,1,0.9999975
1,1,0.9999993
1,1,0.9998349
1,1,0.99991477
1,1,0.9999969
1,1,0.9999988
1,1,0.99987864
1,1,0.9999994
1,1,0.9999994
1,1,0.9999993
1,1,0.8937326
1,1,0.99999833
1,0,0.0028515062
1,1,0.91249293
1,1,0.99929607
1,1,0.99995446
1,1,0.9987521
1,1,0.9999392
1,1,0.99999917
1,1,0.99974376
1,1,0.70457786
1,1,0.999869
1,1,0.9998553
1,0,0.0025769277
1,1,0.9999863
1,1,0.9999957
1,1,0.9999939
1,1,0.99999154
1,0,0.1381201
1,1,0.99999905
1,1,0.9999993
1,1,0.999979
1,1,0.99974555
1,0,0.0027431287
1,1,0.9999989
1,0,0.00017016435
1,0,0.00036314098
1,1,0.9999937
1,1,0.9999988
1,1,0.9999939
1,1,0.9999994
1,0,0.17550234
1,1,0.9999989
1,1,0.9973871
1,1,0.9999982
1,1,0.9999982
1,1,0.8321684
1,1,0.9999993
1,1,0.99999905
1,1,0.99999547
1,1,0.9857453
1,1,0.99999917
1,1,0.99999464
1,1,0.9992893
1,1,0.9999988
1,1,0.9999994
1,1,0.9999993
1,1,0.9985709
1,1,0.99992764
1,1,0.9997805
1,1,0.99991596
1,1,0.9994998
1,1,0.7327198
1,1,0.99967766
1,1,0.9999771
1,1,0.9999993
1,1,0.9999974
1,0,0.0008712781
1,1,0.99998915
1,1,0.59730476
1,1,0.9994337
1,0,0.009574382
1,1,0.99993503
1,1,0.9114581
1,0,0.011810477
1,1,0.64978814
1,1,0.9999993
1,1,0.99999917
1,1,0.99999917
1,1,0.9999976
1,1,0.9999993
1,1,0.9999989
1,1,0.9999994
1,1,0.99999845
1,0,0.45948905
1,1,0.99723935
1,1,0.9999988
1,0,0.0009726612
1,1,0.98550564
1,1,0.99993014
1,1,0.99999404
1,1,0.99999917
1,1,0.99999917
1,1,0.99301165
1,1,0.9999989
1,1,0.9999956
1,1,0.9999882
1,1,0.9999994
1,0,2.0542313e-06
1,1,0.99759763
1,1,0.99859065
1,1,0.99999917
1,1,0.9998042
1,1,0.99994993
1,1,0.99999917
1,1,0.99994874
1,1,0.5753028
1,1,0.99999905
1,1,0.9999893
1,1,0.9817817
1,1,0.9976553
1,1,0.9999994
1,1,0.99999654
1,0,0.44296062
1,1,0.9998895
1,1,0.9999981
1,1,0.9999993
1,1,0.99999845
1,1,0.99999917
1,1,0.9999982
1,0,0.0008373301
1,1,0.99999857
1,1,0.9999994
1,0,2.3333192e-05
1,1,0.99993086
1,1,0.9999988
1,0,0.35779622
1,1,0.9976432
1,1,0.994204
1,0,0.17671803
1,1,0.9999969
1,1,0.99750465
1,1,0.9999951
1,1,0.99999917
1,1,0.9997999
1,1,0.9986034
1,1,0.9928006
1,1,0.99999905
1,1,0.9999994
1,1,0.99999905
1,1,0.9633843
1,1,0.5520139
1,1,0.9999993
1,1,0.9999994
1,1,0.9999989
1,1,0.98207617
1,1,0.8433328
1,0,3.4610584e-06
1,1,0.9999063
1,1,0.9999993
1,1,0.99991
1,0,0.26112455
1,1,0.9996264
1,1,0.9994804
1,1,0.9999989
1,1,0.999998
1,1,0.9999851
1,1,0.9999988
1,1,0.9999963
1,1,0.9999982
1,0,0.34928504
1,1,0.9999989
1,1,0.9999219
1,0,0.28276008
1,1,0.9993488
1,0,0.0008294679
1,0,0.01382208
1,1,0.99999917
1,1,0.9263875
1,1,0.9999982
1,1,0.9999914
1,1,0.99953175
1,1,0.99999607
1,0,0.0012617008
1,1,0.6537521
1,1,0.99999917
1,1,0.9675734
1,1,0.98904234
1,1,0.99999404
1,0,0.0019516264
1,1,0.9999988
1,1,0.9999603
1,1,0.9999993
1,1,0.99999774
1,1,0.9999852
1,1,0.98805106
1,1,0.98042905
1,1,0.9999068
1,0,0.08953573
1,1,0.99999714
1,1,0.99999905
1,1,0.9928014
1,1,0.99991715
1,1,0.9999994
1,1,0.9994524
1,1,0.99999404
1,1,0.96622735
1,1,0.9999994
1,1,0.9999994
1,1,0.99995506
1,1,0.9999945
1,1,0.9999993
1,1,0.99999774
1,1,0.99950314
1,1,0.9999975
1,1,0.99999917
1,1,0.99978966
1,1,0.9962243
1,1,0.9999994
1,1,0.99999654
1,1,0.961876
1,1,0.9999764
1,1,0.99999905
1,1,0.99988043
1,1,0.99999833
1,1,0.9999993
1,1,0.9999993
1,1,0.9989542
1,1,0.9999989
1,1,0.9861081
1,1,0.9996784
1,1,0.9999906
1,1,0.999998
1,1,0.99999917
1,1,0.99695635
1,1,0.9999994
1,1,0.99999905
1,1,0.9999958
1,1,0.99960417
1,1,0.998642
1,1,0.99477506
1,1,0.9999963
1,1,0.99999714
1,1,0.9978058
1,1,0.99998987
1,1,0.9999943
1,0,0.20373392
1,1,0.99999905
1,1,0.9999988
1,1,0.6366651
1,1,0.9942971
1,1,0.9937312
1,0,5.6889035e-06
1,1,0.97078806
1,1,0.9894567
1,1,0.99999845
1,1,0.99999917
1,1,0.9999989
1,1,0.99999833
1,1,0.99999905
1,1,0.8944226
1,1,0.9999994
1,0,0.41567236
1,1,0.9999993
1,1,0.9999994
1,1,0.9999925
1,1,0.99999917
1,0,0.3530412
1,1,0.94361097
1,1,0.9999547
1,1,0.9999993
1,1,0.99650687
1,1,0.99992263
1,1,0.9999993
1,1,0.9999993
1,1,0.9999994
1,1,0.99997413
1,1,0.99998665
1,1,0.9999958
1,1,0.9973476
1,1,0.7198788
1,1,0.9999838
1,1,0.99999917
1,1,0.99959844
1,1,0.99814844
1,1,0.9999993
1,1,0.9998894
1,1,0.9999989
1,1,0.99999905
1,1,0.9999864
1,1,0.99999774
1,1,0.9999945
1,1,0.9797697
1,1,0.9999993
1,1,0.9999976
1,1,0.9999993
1,0,0.42568094
1,1,0.9999976
1,1,0.9999924
1,1,0.9786124
1,1,0.9999492
1,1,0.9999993
1,1,0.99999905
1,1,0.9999989
1,1,0.99783
1,1,0.9999994
1,1,0.99996126
1,1,0.99997807
1,1,0.8257199
1,1,0.9999994
1,1,0.9999989
1,1,0.99999785
1,1,0.9999988
1,1,0.9999994
1,1,0.99993956
1,1,0.9999658
1,1,0.9999896
1,1,0.9999987
1,0,0.0752057
1,1,0.99992096
1,1,0.9999994
1,1,0.99999905
1,1,0.99999833
1,1,0.99982125
1,1,0.9999989
1,1,0.99847156
1,0,9.338999e-05
1,1,0.9999908
1,1,0.9999988
1,1,0.9999937
1,1,0.999642
1,1,0.9999993
1,1,0.9999964
1,1,0.9998579
1,1,0.9999994
1,1,0.9999815
1,1,0.9999896
1,1,0.99991894
1,1,0.9999993
1,1,0.76752096
1,1,0.9999994
1,0,0.008838845
1,1,0.9999993
1,1,0.9999993
1,1,0.9999988
1,1,0.999998
1,1,0.99999917
1,1,0.9999788
1,1,0.99999774
1,1,0.99999917
1,1,0.99998116
1,1,0.9999993
1,1,0.96318007
1,1,0.52901644
1,1,0.9999939
1,1,0.999997
1,1,0.9904298
1,1,0.91296536
1,1,0.93687403
1,1,0.9999994
1,1,0.9999634
1,1,0.9999149
1,1,0.9999981
1,1,0.99953496
1,1,0.9987256
1,1,0.99999714
1,1,0.99999905
1,1,0.99999917
1,0,0.0011331998
1,1,0.9997601
1,1,0.9999975
1,0,0.00029301364
1,1,0.998971
1,0,0.006474952
1,1,0.99997854
1,1,0.9999993
1,1,0.9999994
1,1,0.9992168
1,1,0.9999993
1,1,0.9999049
1,1,0.9999976
1,1,0.9988299
1,0,1.18246535e-05
1,1,0.9999976
1,1,0.9999993
1,0,2.7678967e-05
1,1,0.9999993
1,1,0.99999917
1,1,0.9999435
1,0,0.002176616
1,1,0.99999917
1,1,0.9983
1,1,0.9999993
1,0,0.0028050255
1,1,0.9999912
1,1,0.999435
1,1,0.9999993
1,1,0.9999987
1,1,0.9999994
1,1,0.9999993
1,1,0.99999917
1,0,0.04332058
1,1,0.99998415
1,1,0.9842768
1,1,0.9999994
1,1,0.9999964
1,0,0.119303286
1,1,0.99999833
1,1,0.99916863
1,1,0.9999988
1,1,0.9995708
1,1,0.99999857
1,0,0.19658087
1,1,0.9999987
1,1,0.9006147
1,1,0.9999987
1,1,0.99996984
1,1,0.99999905
1,1,0.9998425
1,1,0.999997
1,0,5.239222e-06
1,1,0.9855532
1,1,0.99999774
1,1,0.74756414
1,1,0.99999917
1,1,0.99885213
1,1,0.9999912
1,1,0.99064153
1,1,0.97710836
1,1,0.9999989
1,1,0.9998996
1,1,0.99997854
1,1,0.9999993
1,1,0.966166
1,1,0.9999846
1,0,0.06152947
1,1,0.99993575
1,1,0.999966
1,1,0.9781781
1,1,0.998936
1,1,0.99999833
1,1,0.9996811
1,1,0.8884771
1,1,0.9999993
1,1,0.9999968
1,1,0.9999969
1,1,0.99982554
1,1,0.805174
1,1,0.9999994
1,1,0.73466223
1,1,0.99999905
1,1,0.99999106
1,1,0.9999994
1,1,0.95948845
1,1,0.9999944
1,1,0.9999957
1,1,0.9999716
1,1,0.9999926
1,0,0.10746011
1,1,0.9999937
1,1,0.99999475
1,1,0.9919783
1,1,0.99999654
1,1,0.9998472
1,1,0.9999994
1,1,0.76861
1,1,0.9999981
1,1,0.99999225
1,0,0.006931325
1,1,0.9999994
1,1,0.9139117
1,1,0.9257141
1,1,0.9999683
1,1,0.9999982
1,0,0.45092788
1,1,0.99999905
1,1,0.88101566
1,1,0.99994147
1,1,0.9999993
1,1,0.5051406
1,1,0.9999534
1,1,0.99997103
1,1,0.9728727
1,1,0.9106514
1,1,0.9999994
1,1,0.9756536
1,0,0.016627809
1,1,0.9999988
1,1,0.9999993
1,1,0.9999993
1,1,0.9999993
1,1,0.9999994
1,0,0.4246934
1,0,0.42882055
1,0,0.023889542
1,1,0.9999994
1,1,0.99761105
1,1,0.77307606
1,1,0.9999938
1,1,0.99837446
1,1,0.99999857
1,1,0.99999285
1,1,0.9999981
1,1,0.974664
1,1,0.99999917
1,1,0.9999993
1,1,0.99993706
1,1,0.99999857
1,1,0.9999993
1,1,0.9976399
1,1,0.9478582
1,1,0.99999475
1,1,0.9999993
1,1,0.9675015
1,1,0.99241406
1,0,0.3662238
1,1,0.999984
1,1,0.9999926
1,1,0.9999993
1,1,0.99996674
1,1,0.99999905
1,1,0.99999714
1,1,0.9999994
1,1,0.999998
1,1,0.9999933
1,1,0.9078405
1,1,0.99999857
1,0,0.16112481
1,1,0.9999993
1,1,0.95229393
1,1,0.9999993
1,1,0.9998702
1,1,0.9999937
1,1,0.9996896
1,1,0.9999993
1,1,0.99995804
1,1,0.9996257
1,1,0.8397212
1,1,0.9984843
1,1,0.9999989
1,1,0.9367862
1,1,0.9999988
1,0,9.221693e-06
1,0,0.10762238
1,1,0.9999988
1,1,0.9999975
1,1,0.99975413
1,1,0.9999993
1,1,0.9999515
1,1,0.9999455
1,1,0.9999994
1,1,0.9999994
1,1,0.9999944
1,1,0.999987
1,1,0.9999989
1,0,0.007801938
1,1,0.9999994
1,1,0.9999994
1,1,0.99999905
1,0,0.0003568607
1,1,0.9999989
1,1,0.9999081
1,1,0.99999905
1,1,0.99994063
1,1,0.9999993
1,0,0.27195674
1,1,0.99999833
1,1,0.9999771
1,1,0.9999987
1,1,0.979031
1,1,0.9999808
1,1,0.9984125
1,1,0.9999982
1,1,0.9999994
1,1,0.99999833
1,0,0.021246912
1,1,0.9999993
1,1,0.9302219
1,1,0.9999994
1,1,0.9994481
1,1,0.9999993
1,1,0.9999994
1,1,0.99999845
1,1,0.9999993
1,0,4.0991845e-06
1,1,0.999899
1,1,0.99989057
1,1,0.99426794
1,1,0.9999993
1,1,0.5875973
1,1,0.9994894
1,1,0.9999993
1,1,0.9999188
1,1,0.9829616
1,1,0.9999989
1,1,0.99999917
1,1,0.9999994
1,1,0.9764556
1,1,0.99999917
1,0,2.9620876e-06
1,1,0.9052934
1,1,0.9999994
1,1,0.99982554
1,1,0.99803287
1,1,0.99998903
1,1,0.99999905
1,1,0.9977635
1,1,0.9999994
1,1,0.99997663
1,1,0.9999968
1,1,0.99173623
1,1,0.99976796
1,1,0.9999988
1,1,0.9148034
1,1,0.80263394
1,0,0.05708373
1,1,0.9999558
1,0,0.032756772
1,1,0.9990393
1,1,0.99998534
1,1,0.9999906
1,1,0.9999993
1,1,0.9976426
1,1,0.9999989
1,1,0.9999994
1,1,0.98400533
1,0,0.0018682524
1,1,0.9994561
1,1,0.9988381
1,1,0.99999905
1,1,0.9838664
1,1,0.99980646
1,1,0.9999993
1,1,0.9999044
1,1,0.9997991
1,1,0.99999726
1,1,0.9999994
1,1,0.9999993
1,0,3.7865743e-06
1,1,0.9999993
1,1,0.99999917
1,1,0.9863529
1,1,0.96707034
1,1,0.9999969
1,0,0.14682177
1,1,0.9999739
1,1,0.85670984
1,1,0.9999944
1,0,0.022258045
1,1,0.9964994
1,1,0.99997807
1,0,0.13150114
1,0,0.31114843
1,1,0.9999994
1,1,0.999212
1,1,0.99999905
1,1,0.99998796
1,1,0.9999988
1,1,0.9999989
1,1,0.7777054
1,1,0.9998797
1,1,0.99999917
1,0,0.0480494
1,1,0.9999963
1,0,0.027470807
1,1,0.9999957
1,1,0.9999925
1,1,0.9999993
1,1,0.99999607
1,0,1.0273179e-05
1,0,2.8068273e-06
1,1,0.9999993
1,1,0.9999994
1,1,0.9544933
1,1,0.98973036
1,1,0.9999994
1,1,0.9999958
1,1,0.99999905
1,1,0.99862134
1,1,0.8285477
1,1,0.99998987
1,1,0.9999994
1,1,0.9999962
1,1,0.99999857
1,1,0.9999478
1,1,0.9998628
1,1,0.9999784
1,0,0.00067878404
1,1,0.9999981
1,0,0.00966002
1,0,0.1503158
1,1,0.99998283
1,1,0.9970901
1,1,0.99991274
1,1,0.99999905
1,1,0.99999726
1,1,0.99999917
1,1,0.99999917
1,1,0.93568075
1,1,0.99999714
1,1,0.99999607
1,1,0.8421465
1,1,0.99999905
1,1,0.9999987
1,1,0.69620204
1,1,0.9996939
1,1,0.9999943
1,1,0.9999993
1,1,0.9999969
1,1,0.9999993
1,1,0.93534696
1,1,0.9999993
1,1,0.9999964
1,1,0.99374443
1,1,0.99999905
1,1,0.9999969
1,0,0.0032633443
1,1,0.99999595
1,0,7.600174e-05
1,1,0.99999905
1,1,0.9999993
1,1,0.95694906
1,1,0.99999917
1,1,0.991824
1,1,0.9999982
1,1,0.9999982
1,1,0.9999987
1,1,0.99999857
1,1,0.9945359
1,1,0.99999857
1,1,0.99748105
1,1,0.9999969
1,1,0.9999994
1,1,0.9999993
1,1,0.9999604
1,1,0.99995935
1,1,0.99998796
1,1,0.9999994
1,1,0.9999832
1,1,0.99331
1,1,0.9955309
1,1,0.9999777
1,1,0.99999833
1,1,0.99494356
1,1,0.99999607
1,1,0.997926
1,1,0.99238926
1,1,0.99994934
1,1,0.9999968
1,1,0.9587479
1,1,0.9999368
1,1,0.9999989
1,1,0.99999917
1,1,0.9999989
1,1,0.9999993
1,1,0.9999769
1,1,0.99999917
1,1,0.99999774
1,1,0.9911411
1,1,0.9999993
1,1,0.99999833
1,1,0.9999987
1,1,0.99982506
1,1,0.9999993
1,1,0.9863751
1,1,0.9998227
1,1,0.9999989
1,1,0.9999894
1,1,0.99999726
1,1,0.99999917
1,1,0.999998
1,1,0.9998259
1,1,0.9968851
1,1,0.9987136
1,1,0.89314336
1,1,0.9999974
1,1,0.99999845
1,1,0.99999917
1,1,0.99999166
1,1,0.9999989
1,1,0.99999523
1,1,0.99999917
1,1,0.9999993
1,1,0.9999993
1,1,0.8120369
1,1,0.99992883
1,1,0.9903717
1,1,0.9999993
1,1,0.9993216
1,1,0.99999917
1,1,0.9999993
1,1,0.6702478
1,1,0.9999993
1,1,0.99999726
1,1,0.9999994
1,1,0.9999994
1,1,0.9999865
1,1,0.9999994
1,1,0.9999912
1,0,0.010479425
1,1,0.9999987
1,1,0.99999917
1,0,0.02336917
1,1,0.99999917
1,1,0.9999045
1,0,0.03630821
1,1,0.9897009
1,1,0.9999993
1,1,0.99993575
1,1,0.9999994
1,1,0.9999993
1,1,0.99999917
1,1,0.99999905
1,1,0.9999697
1,1,0.99999917
1,1,0.99999905
1,1,0.99999917
1,1,0.9999994
1,1,0.99988246
1,1,0.9999956
1,1,0.99999857
1,1,0.9997768
1,1,0.6537392
1,1,0.99999905
1,1,0.9999988
1,1,0.99999857
1,1,0.9998572
1,1,0.99784815
1,1,0.9999864
1,1,0.9999994
1,0,0.42606163
1,1,0.5935796
1,1,0.99999714
1,1,0.9949477
1,1,0.99999607
1,1,0.9999981
1,1,0.98422205
1,1,0.9999989
1,1,0.9999993
1,1,0.9999993
1,1,0.9999993
1,1,0.9999993
1,1,0.99999917
1,1,0.999997
1,1,0.99999917
1,1,0.99999905
1,1,0.9999912
1,0,0.3900431
1,1,0.9999994
1,1,0.9999993
1,1,0.9998846
1,1,0.9999993
1,1,0.9999994
1,1,0.9999993
1,1,0.99999833
1,1,0.9999994
1,1,0.9999982
1,1,0.9999963
1,1,0.9999988
1,1,0.9999993
1,1,0.98461956
1,1,0.9996897
1,1,0.9999993
1,1,0.99999595
1,1,0.9999993
1,1,0.99999917
1,1,0.9999051
1,1,0.9999993
1,1,0.9999883
1,1,0.9999989
1,1,0.9999994
1,1,0.9997975
1,1,0.99999845
1,1,0.9999993
1,1,0.9999989
1,1,0.99999726
1,1,0.99998546
1,1,0.9998777
1,1,0.99999845
1,1,0.952095
1,1,0.9999993
1,1,0.9998646
1,1,0.9760059
1,1,0.9999993
1,0,0.411994
1,1,0.9999988
1,1,0.9999988
1,1,0.99999917
1,1,0.99999917
1,1,0.9999994
1,1,0.9999989
1,1,0.9999993
1,1,0.9999989
1,1,0.99999833
1,1,0.99999917
1,1,0.9999726
1,1,0.9999987
1,1,0.9999987
1,1,0.99999905
1,1,0.99999905
1,1,0.9999994
1,1,0.9999994
1,1,0.9999988
1,1,0.9999677
1,1,0.99999774
1,1,0.9999994
1,1,0.8405461
1,1,0.99999917
1,1,0.9999989
1,1,0.9999994
1,1,0.9999993
1,1,0.9999993
1,1,0.99999917
1,1,0.9999994
1,1,0.9999219
1,1,0.9999994
1,1,0.99999905
1,1,0.99190384
1,1,0.9999987
1,1,0.9999994
1,1,0.9999994
1,1,0.9999993
1,1,0.9999994
1,1,0.9999993
1,1,0.96012694
1,1,0.9999993
1,1,0.999918
1,1,0.9999993
1,1,0.86843807
1,1,0.9899587
1,1,0.99999905
1,1,0.9999994
1,1,0.99999905
1,1,0.999759
1,1,0.9999993
1,1,0.99999905
1,1,0.9999914
1,1,0.9999993
1,1,0.99936277
1,1,0.9999987
1,1,0.99999905
1,1,0.99999905
1,1,0.9999659
1,1,0.999982
1,1,0.99999726
1,1,0.99999917
1,1,0.99999905
1,1,0.99999845
1,1,0.99959236
1,1,0.999992
1,1,0.9993981
1,1,0.99921167
1,1,0.9999993
1,1,0.99999905
1,1,0.9999949
1,1,0.99999917
1,1,0.9999994
1,1,0.99999905
1,1,0.99999857
1,1,0.9999993
1,0,0.16144592
1,1,0.9999975
1,1,0.9999635
1,1,0.99999833
1,1,0.99998057
1,1,0.9999993
1,1,0.9999989
1,1,0.9999746
1,1,0.9999994
1,1,0.9999993
1,1,0.99999917
1,1,0.99999356
1,1,0.99999905
1,1,0.99999845
1,1,0.9999989
1,1,0.99575895
1,1,0.99999774
1,1,0.9999994
1,1,0.9999994
1,1,0.99999905
1,1,0.9999987
1,1,0.99999917
1,1,0.8511897
1,1,0.99999917
1,1,0.99999845
1,1,0.99999905
1,1,0.8416554
1,1,0.99999547
1,1,0.9999993
1,1,0.99999917
1,1,0.9999988
1,1,0.90347564
1,1,0.9999902
1,1,0.99999917
1,1,0.99999416
1,1,0.9982048
1,1,0.9999993
1,1,0.72422737
1,1,0.9999993
1,1,0.9999994
1,1,0.9999994
1,1,0.99987507
1,1,0.9999993
1,1,0.9999993
1,1,0.9999994
1,1,0.9999949
1,1,0.99995136
1,1,0.9999989
1,1,0.9999993
1,1,0.9999993
1,1,0.9999598
1,1,0.99999917
1,1,0.9999311
1,1,0.9999993
1,1,0.9999994
1,1,0.99999917
1,1,0.9999993
1,1,0.9999994
1,1,0.99999917
1,1,0.9999968
1,1,0.9997441
1,1,0.99998784
1,1,0.92269635
1,1,0.99999917
1,1,0.9999913
1,1,0.99999833
1,1,0.9999987
1,1,0.9999994
1,1,0.9999776
1,1,0.9999988
1,1,0.5119158
1,1,0.99999917
1,1,0.9999993
1,1,0.9999993
1,1,0.9913362
1,1,0.99999917
1,1,0.9999994
1,1,0.9999993
1,1,0.999998
1,1,0.999928
1,1,0.9999933
1,1,0.9999919
1,1,0.9998512
1,1,0.9999993
1,1,0.9999875
1,1,0.99999774
1,1,0.9999993
1,1,0.9999993
1,1,0.9999989
1,0,0.15449844
1,1,0.9999989
1,1,0.99971
1,1,0.9999993
1,1,0.9999982
1,1,0.9999987
1,1,0.999998
1,1,0.9999958
1,1,0.9999989
1,1,0.9999993
1,1,0.9999989
1,1,0.9998896
1,1,0.9999993
1,1,0.9999933
1,1,0.9999982
1,1,0.99999917
1,1,0.9999993
1,1,0.9999987
1,1,0.9999988
1,1,0.99999595
1,1,0.9999993
1,1,0.99999917
1,1,0.9999987
1,1,0.9999994
1,1,0.9999993
1,1,0.9999988
1,1,0.99999845
1,1,0.9999994
1,1,0.99999905
1,1,0.9999939
1,1,0.99996793
1,1,0.9999989
1,1,0.9999994
1,1,0.9999994
1,1,0.99988246
1,1,0.9999994
1,1,0.99998987
1,1,0.99999857
1,1,0.999998
1,1,0.9999989
1,1,0.9999989
1,1,0.9999988
1,1,0.9999924
1,1,0.9999993
1,1,0.9999989
1,1,0.9999994
1,1,0.99634856
1,1,0.99999845
1,1,0.9999993
1,1,0.9999993
1,0,0.46748134
1,1,0.99999905
1,1,0.9999993
1,1,0.8842166
1,1,0.9999993
1,1,0.99999905
1,1,0.99999845
1,1,0.9999993
1,1,0.9970452
1,1,0.99999905
1,1,0.9999659
1,1,0.9999974
1,1,0.9999994
1,1,0.99999905
1,1,0.9999994
1,1,0.99999905
1,1,0.9999987
1,1,0.9999994
1,1,0.9999989
1,1,0.99997556
1,1,0.99999905
1,1,0.99999654
1,1,0.9999987
1,1,0.9999958
1,1,0.99999857
1,1,0.999998
1,1,0.99999905
1,1,0.99999905
1,1,0.999992
1,1,0.9986279
1,1,0.99998236
1,1,0.9999994
1,1,0.9999987
1,1,0.99879634
1,1,0.9982261
1,1,0.9999968
1,1,0.9999981
1,1,0.99999857
1,1,0.9999969
1,1,0.9999994
1,1,0.99999917
1,1,0.99993825
1,1,0.9999993
1,1,0.9999856
1,1,0.9999994
1,1,0.99999917
1,1,0.9999989
1,1,0.9999994
1,1,0.999985
1,0,3.6291576e-06
1,1,0.9999993
1,1,0.9999994
1,1,0.99999917
1,1,0.99999905
1,1,0.9999989
1,1,0.9999993
1,1,0.9998276
1,1,0.9999776
1,1,0.9999964
1,1,0.9999982
1,1,0.9999994
1,1,0.9999355
1,1,0.9999341
1,1,0.99999917
1,1,0.99999917
1,1,0.9999993
1,1,0.99423945
1,1,0.9991498
1,1,0.99999845
1,1,0.9999951
1,1,0.9999994
1,1,0.9999994
1,1,0.9999987
1,1,0.9999647
1,1,0.9999993
1,1,0.9999993
1,1,0.97399884
1,1,0.9999958
1,1,0.9999858
1,1,0.9999988
1,1,0.97209036
1,1,0.99918085
1,1,0.9999993
1,1,0.9999994
1,1,0.99999917
1,1,0.99999917
1,1,0.9999988
1,1,0.9999993
1,1,0.9999993
1,1,0.9999993
1,1,0.98223764
1,1,0.9999945
1,1,0.9629875
1,1,0.9999993
1,1,0.999998
1,1,0.9999993
1,1,0.9999994
1,1,0.9999987
1,1,0.9942536
1,1,0.9999994
1,1,0.9999993
1,1,0.9999993
1,1,0.99999845
1,1,0.9999994
1,1,0.9999994
1,1,0.99999917
1,1,0.999925
1,1,0.99999905
1,1,0.9999993
1,1,0.9999994
1,1,0.99999917
1,1,0.99999905
1,1,0.9775564
1,1,0.9265095
1,1,0.9999994
1,1,0.99999905
1,1,0.9999993
1,1,0.9999989
1,1,0.99999917
1,1,0.99999917
1,1,0.98761564
1,1,0.9999876
1,1,0.9999988
1,1,0.99999857
1,1,0.9999981
1,1,0.9999982
1,1,0.9999994
1,1,0.99999785
1,1,0.9997818
1,1,0.9993362
1,1,0.9999993
1,1,0.9999993
1,1,0.9999988
1,1,0.99999917
1,1,0.9999993
1,1,0.9999932
1,1,0.9999852
1,0,0.27707776
1,1,0.9999994
1,1,0.7971841
1,1,0.9999993
1,1,0.9999994
1,1,0.9999993
1,1,0.9999993
1,1,0.99999905
1,1,0.99960476
1,1,0.99999106
1,1,0.99999917
1,1,0.99999917
1,1,0.99474454
1,1,0.9999988
1,1,0.99873954
1,1,0.9999994
1,1,0.9999993
1,1,0.9999981
1,1,0.99999917
1,1,0.9999993
1,1,0.99999857
1,1,0.9999993
1,1,0.99998164
1,1,0.99999905
1,1,0.99999845
1,1,0.99999905
1,1,0.9999994
1,1,0.6624696
1,1,0.9999994
1,1,0.9999993
1,1,0.99999917
1,1,0.99999905
1,1,0.99999404
1,1,0.99999833
1,1,0.9999994
1,1,0.9999993
1,1,0.9999988
1,1,0.9999994
1,1,0.99999833
1,1,0.9999989
1,1,0.9999993
1,1,0.9999994
1,1,0.9999994
1,1,0.9999994
1,1,0.9999988
1,1,0.99999917
1,1,0.9999993
1,1,0.9999927
1,1,0.99799097
1,1,0.99999917
1,1,0.99999917
1,1,0.9999993
1,1,0.99999917
1,1,0.9999994
1,1,0.9999993
1,1,0.9999989
1,1,0.99999905
1,1,0.9999989
1,1,0.99999917
1,1,0.9632303
1,1,0.99999905
1,1,0.9999987
1,1,0.99982905
1,1,0.99998057
1,1,0.99999917
1,1,0.9999994
1,1,0.9999988
1,1,0.9999993
1,1,0.9999994
1,1,0.9999993
1,1,0.99999166
1,1,0.99999905
1,1,0.9999987
1,1,0.99999905
1,1,0.9999993
1,1,0.9999993
1,1,0.9999989
1,1,0.99999857
1,1,0.9999994
1,1,0.99999917
1,1,0.99999523
1,1,0.9999993
1,1,0.99999905
1,1,0.9999993
1,1,0.99999845
1,1,0.9999993
1,1,0.99999917
1,1,0.99999917
1,1,0.9999993
1,1,0.99999917
1,1,0.9999993
1,1,0.9999993
1,1,0.99999917
1,1,0.9999988
1,1,0.9999993
1,1,0.99985266
1,1,0.9999993
1,1,0.99999917
1,1,0.99999905
1,1,0.9999993
1,1,0.999998
1,1,0.9999994
1,1,0.9999993
1,1,0.9999988
1,1,0.9999994
1,1,0.99999917
1,1,0.9999846
1,1,0.9999993
1,1,0.9999988
1,1,0.9999956
1,1,0.9999993
1,1,0.9999994
1,1,0.9999994
1,1,0.9999877
1,1,0.9999994
1,1,0.9999994
1,1,0.999982
1,1,0.9999993
1,1,0.9999993
1,1,0.99999905
1,1,0.9999975
1,1,0.99999917
1,1,0.99999917
1,1,0.9999994
1,1,0.99999917
1,1,0.9999994
1,1,0.99999845
1,1,0.9999988
1,1,0.9999993
1,1,0.9999856
1,1,0.99999905
1,1,0.99999845
1,1,0.9999993
1,1,0.9999982
1,1,0.9999989
1,1,0.9999994
1,1,0.9999993
1,1,0.99997735
1,1,0.9999989
1,1,0.9999989
1,1,0.99999905
1,1,0.99952877
1,1,0.9999993
1,1,0.98640776
1,1,0.99975306
1,1,0.9999994
1,1,0.99999917
1,1,0.9999988
1,1,0.99999917
1,1,0.9999982
1,1,0.99999917
1,1,0.99999857
1,1,0.9999993
1,1,0.99999833
1,1,0.9999994
1,1,0.9999993
1,1,0.99999547
1,1,0.9999994
1,1,0.9999969
1,1,0.9999987
1,1,0.99999917
1,1,0.9999994
1,1,0.9999994
1,1,0.9999993
1,1,0.99997795
1,1,0.9999994
1,1,0.9999993
1,1,0.9999987
1,1,0.9999058
1,1,0.999998
1,1,0.9999993
1,1,0.999998
1,1,0.9999994
1,1,0.9999993
1,1,0.9999989
1,1,0.9999993
1,1,0.99999917
1,1,0.99971706
1,1,0.9999994
1,1,0.9999969
1,1,0.9999993
1,1,0.9999994
1,1,0.9999988
1,1,0.9999989
1,1,0.9999486
1,1,0.9999988
1,1,0.9999993
1,1,0.9999993
1,1,0.9999993
1,1,0.9999993
1,1,0.9999993
1,1,0.99999905
1,1,0.99999905
1,1,0.9999988
1,1,0.9999994
1,1,0.9999988
1,1,0.99999917
1,1,0.9999993
1,1,0.9999993
1,1,0.9999988
1,1,0.9999987
1,1,0.9999989
1,1,0.9999993
1,1,0.9999993
1,1,0.9999994
1,1,0.9999981
1,1,0.99048233
1,1,0.99999917
1,1,0.99999213
1,1,0.9999969
1,1,0.99999857
1,1,0.9999994
1,1,0.9999974
1,1,0.9999349
1,1,0.99999857
1,1,0.9999981
1,1,0.9999993
1,1,0.9999987
1,1,0.9999993
1,1,0.9999989
1,1,0.99999213
1,1,0.9999989
1,1,0.9993806
1,1,0.99999845
1,1,0.9999993
1,1,0.9999895
1,1,0.9999993
1,1,0.99999905
1,1,0.99999297
1,1,0.9999987
1,1,0.9999989
1,1,0.99999523
1,1,0.98296183
1,1,0.99998915
1,1,0.99999917
1,1,0.99999905
1,1,0.9999938
1,1,0.9999988
1,1,0.9999957
1,1,0.99999905
1,1,0.99977857
1,1,0.9999975
1,1,0.9999993
1,1,0.9999994
1,1,0.9999994
1,1,0.9999994
1,1,0.9999993
1,1,0.9999989
1,1,0.9999993
1,1,0.9999993
1,1,0.9999994
1,1,0.9999982
1,1,0.99998784
1,1,0.91485983
1,1,0.99999917
1,1,0.9999727
1,1,0.9999993
1,1,0.99999905
1,1,0.99999464
1,1,0.99999917
1,1,0.9999994
1,1,0.9999993
1,1,0.9999994
1,1,0.9999987
1,1,0.99999905
1,1,0.9999994
1,1,0.9999993
1,1,0.9999969
1,1,0.99999785
1,1,0.9999988
1,1,0.9999988
1,1,0.9999993
1,1,0.99999917
1,1,0.9999994
1,1,0.99999917
1,1,0.9999994
1,1,0.9999933
1,1,0.9999987
1,1,0.9999994
1,1,0.9999958
1,1,0.9999993
1,1,0.9999993
1,1,0.99999785
1,1,0.99999917
1,1,0.99999917
1,1,0.9996407
1,1,0.9999994
1,1,0.9999982
1,1,0.992365
1,1,0.9999989
1,1,0.99999917
1,1,0.99999046
1,1,0.9999982
1,1,0.9999993
1,1,0.9999989
1,1,0.9999869
1,1,0.9999969
1,1,0.9999856
1,1,0.99999845
1,1,0.9999523
1,1,0.99999857
1,1,0.9999994
1,1,0.999998
1,1,0.9999994
1,1,0.99696225
1,1,0.99999917
1,1,0.99999857
1,1,0.9999993
1,1,0.9999994
1,1,0.99999917
1,1,0.9999993
1,1,0.99956375
1,1,0.9999993
1,1,0.99999905
1,1,0.9999994
1,1,0.9999994
1,1,0.99999905
1,1,0.99998844
1,1,0.9999994
1,1,0.9999994
1,1,0.9999975
1,1,0.99999857
1,1,0.9999925
1,1,0.9999887
1,1,0.9999993
1,1,0.9999987
1,1,0.9999994
1,1,0.9999993
1,1,0.999997
1,1,0.99999166
1,1,0.99999774
1,1,0.9999988
1,1,0.99992836
1,1,0.99999833
1,1,0.6459056
1,1,0.9999993
1,1,0.9999994
1,1,0.999951
1,1,0.99999917
1,1,0.9999994
1,1,0.9999989
1,1,0.9999919
1,1,0.9999993
1,1,0.9999956
1,1,0.9999993
1,1,0.9999993
1,1,0.9999732
1,1,0.9999689
1,1,0.99999905
1,1,0.9991684
1,1,0.9999993
1,1,0.9999975
1,1,0.9999994
1,1,0.9999993
1,1,0.9999994
1,1,0.9999989
1,1,0.9999306
1,1,0.99179476
1,1,0.9999821
1,1,0.9999993
1,1,0.99999905
1,1,0.9990565
1,1,0.99999857
1,1,0.9999989
1,1,0.9999988
1,1,0.9999993
1,1,0.99999917
1,1,0.8939558
1,1,0.9999993
1,1,0.9999912
1,1,0.9999994
1,1,0.9999993
1,1,0.99866116
1,1,0.9999993
1,1,0.9999993
1,1,0.99999917
1,1,0.99999917
1,1,0.99666554
1,1,0.99999905
1,1,0.9994814
1,1,0.9999994
1,1,0.9999987
1,1,0.9999994
1,1,0.9999988
1,1,0.9999993
1,1,0.9999974
1,1,0.99999523
1,1,0.99999917
1,1,0.99999905
1,1,0.9996099
1,1,0.99999917
1,1,0.99999917
1,1,0.9999993
1,1,0.9999993
1,1,0.9999993
1,1,0.9999993
1,1,0.9999993
1,1,0.9999993
1,1,0.9999993
1,1,0.9999994
1,1,0.9999902
1,1,0.99999774
1,1,0.99999917
1,1,0.9999993
1,1,0.99999917
1,1,0.9999933
1,1,0.99999905
1,1,0.9999856
1,1,0.9999994
1,1,0.9999857
1,1,0.99999905
1,1,0.9999993
1,1,0.99999917
1,1,0.9999988
1,1,0.9999994
1,1,0.9999697
1,1,0.9999964
1,1,0.9999988
1,1,0.99999833
1,1,0.9999993
1,1,0.9999993
1,1,0.9015805
1,1,0.9999951
1,1,0.99999917
1,1,0.99999905
1,1,0.9999994
1,1,0.9993424
1,1,0.99999917
1,1,0.99996734
1,1,0.99999213
1,1,0.9999994
1,1,0.9999993
1,1,0.9999976
1,1,0.9999993
1,1,0.99999857
1,1,0.9999989
1,1,0.9999958
1,1,0.9999982
1,1,0.9999988
1,1,0.9999994
1,1,0.99999905
1,1,0.999998
1,1,0.9999988
1,1,0.9999994
1,1,0.9999994
1,1,0.9999989
1,1,0.9999969
1,1,0.9999987
1,1,0.9999988
1,1,0.9999964
1,1,0.9999993
1,1,0.9999993
1,1,0.99999917
1,1,0.9999993
1,1,0.99999917
1,1,0.99999774
1,1,0.99999905
1,1,0.9999993
1,1,0.9999651
1,1,0.99999917
1,1,0.99999905
1,1,0.999915
1,1,0.98401695
1,1,0.9999993
1,1,0.9999993
1,1,0.9999994
1,1,0.9999989
1,1,0.9999968
1,1,0.9999993
1,1,0.9999982
1,1,0.99999917
1,1,0.9999987
1,1,0.9999987
1,1,0.9999994
1,1,0.99999845
1,1,0.9996861
1,1,0.9999982
1,1,0.99989104
1,1,0.99999917
1,1,0.9999982
1,1,0.9999993
1,1,0.9999994
1,1,0.99999106
1,1,0.9999707
1,1,0.99999845
1,1,0.999814
1,1,0.9999994
1,1,0.99999833
1,1,0.9999988
1,1,0.9999994
1,1,0.9999989
1,1,0.99999905
1,1,0.997294
1,1,0.9999987
1,1,0.9999994
1,1,0.9999993
1,1,0.9999993
1,1,0.99999857
1,1,0.99999905
1,1,0.9999989
1,1,0.9999988
1,1,0.99999917
1,1,0.9999989
1,0,0.42079324
1,1,0.9999993
1,1,0.9999987
1,1,0.99888736
1,1,0.99994826
1,1,0.9999987
1,1,0.9999993
1,1,0.9999795
1,1,0.99999905
1,1,0.99999917
1,1,0.99999905
1,1,0.99999917
1,1,0.9999987
1,1,0.9999994
1,1,0.9999993
1,1,0.9999988
1,1,0.99999917
1,1,0.9999982
1,1,0.99999917
1,1,0.9999994
1,1,0.9999993
1,1,0.99999785
1,1,0.9999683
1,1,0.99998987
1,1,0.9999988
1,1,0.99999905
1,1,0.99999905
1,1,0.9999993
1,1,0.9892202
1,1,0.9999993
1,1,0.9999993
1,1,0.9999988
1,1,0.99999917
1,1,0.9999956
1,1,0.9999993
1,1,0.9999993
1,1,0.9999989
1,1,0.99999905
1,1,0.9999994
1,1,0.9999994
1,1,0.9999993
1,1,0.9999994
1,1,0.9999993
1,1,0.9999974
1,1,0.99726933
1,1,0.99999607
1,1,0.9999994
1,1,0.9998528
1,1,0.99999857
1,1,0.9999993
1,1,0.9999982
1,1,0.9999949
1,1,0.97730017
1,1,0.9999914
1,1,0.99953353
1,1,0.99999905
1,1,0.99991953
1,1,0.81703615
1,1,0.99999404
1,1,0.9999993
1,1,0.9999993
1,1,0.9999994
1,1,0.9999993
1,1,0.99999917
1,1,0.99999595
1,1,0.9999993
1,1,0.9999994
1,1,0.99999833
1,1,0.99999857
1,1,0.9999989
1,1,0.9999981
1,1,0.99999833
1,1,0.9999994
1,1,0.9999988
1,1,0.99999833
1,1,0.99912316
1,1,0.99999535
1,1,0.9999994
1,1,0.9999993
1,1,0.99999833
1,1,0.9999981
1,1,0.99999905
1,1,0.9999981
1,1,0.99999857
1,1,0.9999993
1,1,0.9999993
1,1,0.9999989
1,1,0.999998
1,1,0.9999993
1,1,0.99999857
1,1,0.9889748
1,1,0.99999917
1,1,0.9999981
1,1,0.9999994
1,1,0.9998964
1,1,0.9999989
1,1,0.9999994
1,1,0.9999993
1,1,0.9999994
1,1,0.99998534
1,1,0.9999994
1,1,0.9999993
1,1,0.99999774
1,1,0.9999994
1,1,0.99999714
1,1,0.62635905
1,1,0.9999987
1,1,0.9218721
1,1,0.9999994
1,1,0.9998078
1,1,0.9999994
1,1,0.9999989
1,1,0.99999917
1,1,0.9999994
1,1,0.9999994
1,1,0.9999994
1,1,0.99999785
1,1,0.9999993
1,1,0.9999993
1,1,0.9999993
1,1,0.9999993
1,1,0.9999993
1,1,0.9999988
1,1,0.9999994
1,1,0.9999994
1,1,0.9999993
1,1,0.9999988
1,1,0.99990606
1,1,0.8461065
1,1,0.99999833
1,1,0.9999969
1,1,0.99999917
1,1,0.99999845
1,1,0.9999994
1,1,0.9999504
1,1,0.9727762
1,1,0.9999988
1,1,0.9999976
1,1,0.9999987
1,1,0.99999726
1,1,0.99993145
1,1,0.99999917
1,1,0.9999994
1,1,0.9999993
1,1,0.99995077
1,1,0.99999917
1,1,0.99999523
1,1,0.9999957
1,1,0.999895
1,1,0.9758911
1,1,0.9999467
1,1,0.9999994
1,1,0.9999993
1,1,0.9999987
1,1,0.9999763
1,1,0.9999993
1,1,0.9999994
1,1,0.99999917
1,1,0.9999993
1,1,0.99995947
1,1,0.9999989
1,1,0.9999988
1,1,0.9999993
1,1,0.99999917
1,1,0.99999905
1,1,0.9999994
1,1,0.9999974
1,1,0.9999553
1,1,0.9999964
1,1,0.9999993
1,1,0.9999994
1,1,0.999416
1,1,0.99999845
1,1,0.9999989
1,1,0.9999993
1,1,0.99999785
1,1,0.9999994
1,1,0.9999993
1,1,0.9999993
1,1,0.9999994
1,1,0.9999993
1,1,0.9999987
1,1,0.9999994
1,1,0.9999993
1,1,0.99999034
1,1,0.9999994
1,1,0.9999994
1,1,0.9999994
1,1,0.99999917
1,1,0.96436447
1,1,0.9999994
1,1,0.99999917
1,1,0.99999917
1,1,0.9999994
1,1,0.99999857
1,1,0.9999993
1,1,0.9999993
1,1,0.9999989
1,1,0.9999137
1,1,0.99999857
1,1,0.9999993
1,1,0.9999832
1,1,0.99999905
1,1,0.9999993
1,1,0.99999666
1,1,0.9999987
1,1,0.9999968
1,1,0.99999654
1,1,0.99999917
1,1,0.9999993
1,1,0.9654598
1,0,0.002527495
1,1,0.9999994
1,1,0.9999994
1,1,0.99999905
1,1,0.9999993
1,1,0.99999154
1,1,0.9999963
1,1,0.9999994
1,1,0.99999297
1,1,0.99999714
1,1,0.9999982
1,1,0.99948764
1,1,0.9999993
1,1,0.99999654
1,1,0.9997199
1,1,0.9999988
1,1,0.9999994
1,1,0.99999905
1,1,0.9999994
1,1,0.99999917
1,1,0.99999475
1,1,0.9999975
1,1,0.9999994
1,1,0.99999905
1,1,0.9999994
1,1,0.9999993
1,1,0.9999993
1,1,0.9999988
1,1,0.99996495
1,1,0.9999914
1,1,0.9999989
1,1,0.9999994
1,1,0.9999993
1,1,0.9999988
1,1,0.9999994
1,1,0.99999917
1,1,0.99999905
1,1,0.99998546
1,1,0.9999981
1,1,0.99999917
1,1,0.99785835
1,1,0.99750704
1,1,0.99999917
1,1,0.98225695
1,1,0.99999917
1,1,0.9999994
1,1,0.9999993
1,1,0.9999993
1,1,0.99999905
1,1,0.99999905
1,1,0.9999988
1,1,0.9999994
1,1,0.9999969
1,1,0.9999988
1,1,0.99999905
1,1,0.99996066
1,1,0.9999993
1,1,0.99999917
1,1,0.9999987
1,1,0.9999993
1,1,0.99999917
1,1,0.99999917
1,1,0.9999994
1,1,0.9999994
1,1,0.9999994
1,1,0.9999993
1,1,0.86732
1,1,0.99999845
1,1,0.99773127
1,1,0.99999917
1,1,0.9999989
1,1,0.9999993
1,1,0.9999397
1,1,0.9999994
1,1,0.9999993
1,1,0.99999905
1,1,0.99999917
1,1,0.99999857
1,1,0.99999917
1,0,0.23004942
1,1,0.9998692
1,1,0.99999917
1,1,0.9999988
1,1,0.9999993
1,1,0.9872945
1,1,0.99999523
1,1,0.99999917
1,1,0.9999993
1,1,0.9999945
1,1,0.999998
1,1,0.9999989
1,1,0.9999993
1,1,0.9996538
1,1,0.9999993
1,1,0.99996006
1,1,0.99993694
1,1,0.9999994
1,1,0.9999993
1,1,0.9999993
1,1,0.9999989
1,1,0.9999994
1,1,0.9999994
1,1,0.99999905
1,1,0.9999993
1,1,0.99999917
1,1,0.9999994
1,1,0.99999905
1,1,0.959516
1,1,0.99999905
1,1,0.99999917
1,1,0.99999917
1,1,0.9999993
1,1,0.9999994
1,1,0.99996686
1,1,0.9999989
1,1,0.9999993
1,1,0.9999994
1,1,0.99999547
1,1,0.99999297
1,1,0.995783
1,1,0.9999988
1,1,0.99999905
1,1,0.99999905
1,1,0.910663
1,1,0.9999993
1,1,0.99999917
1,1,0.9999913
1,1,0.9999964
1,1,0.6410057
1,1,0.99999917
1,1,0.9999989
1,1,0.99999917
1,1,0.9999994
1,1,0.99999917
1,1,0.9999993
1,0,0.061182465
1,1,0.99999774
1,1,0.9679433
1,1,0.9999994
1,1,0.9999399
1,1,0.9999994
1,1,0.99999905
1,1,0.9999994
1,1,0.99999464
1,1,0.99999154
1,1,0.9999993
1,1,0.99999917
1,1,0.9999994
1,1,0.99999535
1,1,0.9999994
1,1,0.9999987
1,1,0.9999989
1,1,0.99999917
1,0,0.484994
1,1,0.9999993
1,1,0.98949134
1,1,0.9999994
1,1,0.9999993
1,1,0.9999987
1,1,0.9999994
1,1,0.9999994
1,1,0.99999523
1,1,0.99999845
1,1,0.999997
1,1,0.99999475
1,1,0.9999994
1,1,0.99999857
1,0,0.10889656
1,1,0.99844474
1,1,0.9999994
1,1,0.99999905
1,1,0.9999993
1,1,0.9999994
1,1,0.9999751
1,1,0.99998844
1,1,0.99999857
1,1,0.9999989
1,1,0.99999905
1,1,0.99999917
1,1,0.9999993
1,1,0.9999994
1,1,0.9999993
1,1,0.99999905
1,1,0.9999994
1,1,0.9999765
1,1,0.99999917
1,1,0.9994654
1,1,0.9999943
1,1,0.9999993
1,1,0.8657435
1,1,0.9999993
1,1,0.9999945
1,1,0.9999993
1,1,0.99999917
1,1,0.99997175
1,1,0.98486626
1,1,0.9999994
1,1,0.9999993
1,1,0.99999917
1,1,0.99999917
1,1,0.9999982
1,1,0.9999993
1,1,0.9999988
1,1,0.9999993
1,1,0.999936
1,1,0.9999635
1,1,0.9999994
1,1,0.9975795
1,1,0.99985397
1,1,0.99998367
1,1,0.9999993
1,1,0.9999993
1,1,0.9999993
1,1,0.99999833
1,1,0.9999993
1,1,0.9999993
1,1,0.9999976
1,1,0.99999845
1,1,0.99999917
1,1,0.9999982
1,1,0.9999993
1,1,0.9956073
1,1,0.9999993
1,1,0.9991636
1,1,0.9999994
1,1,0.9997838
1,1,0.9999994
1,1,0.99996936
1,1,0.9999422
1,1,0.9999876
1,1,0.99999905
1,1,0.9999989
1,1,0.99985087
1,1,0.9999993
1,1,0.99999905
1,1,0.9999988
1,1,0.9999988
1,1,0.9999989
1,1,0.99999845
1,1,0.99998426
1,1,0.99994147
1,1,0.99999905
1,1,0.99999857
1,1,0.9999993
1,1,0.9999994
1,1,0.9999993
1,1,0.9999987
1,1,0.99999905
1,1,0.99784684
1,1,0.99997854
1,1,0.9999994
1,1,0.99999917
1,1,0.9999993
1,1,0.99999833
1,1,0.9999994
1,1,0.9999994
1,1,0.99999905
1,1,0.99991643
1,1,0.9999825
1,1,0.99999666
1,1,0.9999913
1,1,0.99992275
1,1,0.99999666
1,1,0.99999404
1,1,0.9999912
1,1,0.99999595
1,1,0.9999993
1,1,0.9999994
1,1,0.9999379
1,1,0.99999857
1,1,0.9999989
1,1,0.99999917
1,1,0.99991024
1,1,0.9999994
1,1,0.5532247
1,1,0.99999917
1,1,0.99999917
1,1,0.99997735
1,0,0.3520363
1,1,0.9997359
1,1,0.9999994
1,1,0.99596596
1,1,0.9999993
1,1,0.9999993
1,1,0.9999994
1,1,0.99999917
1,1,0.9999964
1,1,0.9999994
1,1,0.99999464
1,1,0.9999994
1,1,0.99996734
1,1,0.9999994
1,1,0.99999857
1,1,0.9999856
1,1,0.9999989
1,1,0.9999794
1,1,0.9999994
1,1,0.9999989
1,1,0.9999993
1,1,0.9999993
1,1,0.99999917
1,1,0.9999994
1,1,0.9999958
1,1,0.9226181
1,1,0.99999905
1,1,0.9299751
1,1,0.9999993
1,1,0.9967505
1,1,0.9999988
1,1,0.9999993
1,1,0.9999989
1,1,0.9999933
1,1,0.99882466
1,1,0.9999993
1,1,0.9999994
1,1,0.99999857
1,1,0.9999993
1,1,0.99999917
1,1,0.99995434
1,1,0.99999845
1,1,0.99153507
1,1,0.99999714
1,1,0.9999993
1,1,0.9999796
1,1,0.9999994
1,1,0.9999993
1,1,0.9999993
1,1,0.99999905
1,1,0.9998287
1,1,0.99999917
1,1,0.9830262
1,1,0.99999905
1,1,0.9997837
1,1,0.99999857
1,1,0.9999987
1,1,0.9999993
1,1,0.9999994
1,1,0.6210105
1,1,0.9999993
1,1,0.99999917
1,1,0.9999988
1,1,0.9999993
1,1,0.9999994
1,1,0.9999993
1,1,0.999701
1,1,0.9999987
1,1,0.99998665
1,1,0.9999993
1,1,0.99999917
1,1,0.9999994
1,1,0.9999993
1,1,0.9999989
1,1,0.9999987
1,1,0.99999917
1,1,0.99999917
1,1,0.96815735
1,1,0.9999987
1,1,0.9999993
1,1,0.9999989
1,1,0.9999918
1,1,0.99999917
1,1,0.99800843
1,1,0.99746025
1,1,0.9999976
1,0,0.0009416569
1,1,0.55942935
1,1,0.999985
1,1,0.99988866
1,1,0.989668
1,1,0.99999166
1,1,0.99999917
1,1,0.8373077
1,1,0.9999994
1,1,0.99999595
1,1,0.9974566
1,1,0.99999344
1,1,0.9999975
1,1,0.99999785
1,1,0.9999993
1,1,0.99999785
1,0,0.13483515
1,1,0.9999993
1,1,0.9999486
1,1,0.9999993
1,1,0.99999917
1,1,0.99999905
1,1,0.9999994
1,1,0.99999857
1,1,0.9999994
1,1,0.99999845
1,1,0.99999917
1,1,0.99999917
1,1,0.99999857
1,1,0.9999994
1,1,0.99999523
1,1,0.99995387
1,1,0.96932274
1,1,0.99902356
1,1,0.9999994
1,1,0.9999994
1,1,0.95800656
1,1,0.99997556
1,1,0.55006063
1,1,0.9999994
1,1,0.9999583
1,1,0.983799
1,1,0.9999989
1,1,0.9999776
1,1,0.9999989
1,1,0.9999994
1,1,0.9999988
1,1,0.99999917
1,1,0.9999945
1,1,0.9999993
1,1,0.9999974
1,1,0.9999994
1,1,0.9999994
1,1,0.9999994
1,1,0.9999993
1,1,0.99999905
1,1,0.99999785
1,1,0.99833566
1,1,0.99999845
1,1,0.9999696
1,1,0.9999994
1,1,0.9999989
1,1,0.982752
1,1,0.99995935
1,1,0.99999905
1,1,0.99999833
1,1,0.9999994
1,1,0.9999993
1,1,0.99999475
1,1,0.9999993
1,1,0.9999994
1,1,0.9974721
1,1,0.99998724
1,1,0.9999993
1,1,0.9988555
1,1,0.9999993
1,1,0.99999857
1,1,0.9999993
1,1,0.9999993
1,1,0.99999404
1,1,0.99996734
1,1,0.9999993
1,1,0.9999989
1,1,0.99968493
1,1,0.9999993
1,1,0.99999917
1,1,0.99999917
1,1,0.9999833
1,1,0.99999917
1,1,0.99980444
1,1,0.9999993
1,1,0.9999993
1,0,0.46383044
1,1,0.9999963
1,1,0.9999157
1,1,0.9999925
1,0,0.12032655
1,1,0.99999905
1,1,0.9999989
1,1,0.91614956
1,1,0.99999917
1,1,0.996879
1,1,0.9999993
1,1,0.98535025
1,1,0.9999974
1,1,0.9999994
1,1,0.9999987
1,1,0.999962
1,1,0.99999654
1,1,0.99999917
1,1,0.9999994
1,1,0.9999876
1,1,0.9999908
1,1,0.9999993
1,1,0.9999993
1,1,0.99999857
1,1,0.9999937
1,1,0.7915111
1,1,0.99999547
1,1,0.99999905
1,1,0.9999993
1,1,0.9999994
1,0,0.007685276
1,1,0.99999917
1,0,0.022419777
1,1,0.99999917
1,1,0.9999987
1,1,0.999853
1,1,0.9999976
1,1,0.9986462
1,1,0.99999917
1,1,0.999995
1,1,0.99999845
1,1,0.9999993
1,1,0.99999917
1,1,0.9999989
1,1,0.9999993
1,1,0.99999845
1,1,0.99999905
1,1,0.99999607
1,1,0.9999683
1,1,0.99999917
1,1,0.9999993
1,1,0.99999905
1,1,0.9999989
1,1,0.9999702
1,1,0.9998036
1,1,0.9997756
1,1,0.99999785
1,1,0.96257377
1,1,0.999997
1,1,0.9999815
1,1,0.999998
1,1,0.9999852
1,1,0.9999988
1,1,0.9999987
1,1,0.9999989
1,1,0.9999989
1,1,0.9999361
1,1,0.9999982
1,1,0.99999917
1,1,0.9999993
1,1,0.9999994
1,1,0.98144484
1,1,0.9999938
1,1,0.99999535
1,1,0.9999994
1,1,0.98983335
1,1,0.9999994
1,1,0.99995303
1,1,0.9999993
1,1,0.9999993
1,1,0.9999993
1,1,0.999998
1,1,0.99999845
1,1,0.9996486
1,1,0.99999917
1,1,0.9999989
1,1,0.9999988
1,1,0.9999987
1,1,0.99945384
1,1,0.9999895
1,1,0.9999993
1,1,0.9999994
1,1,0.99999905
1,1,0.9999958
1,1,0.99999905
1,1,0.9999931
1,1,0.9999994
1,1,0.65550035
1,0,0.26681975
1,1,0.9999975
1,1,0.99999833
1,1,0.99673945
1,1,0.9999993
1,1,0.9999964
1,1,0.9999994
1,1,0.9999994
1,1,0.9999993
1,1,0.99012136
1,1,0.9995401
1,1,0.99999917
1,1,0.9999987
1,1,0.99999917
1,1,0.9999963
1,1,0.9999831
1,1,0.9998454
1,1,0.9999155
1,1,0.9999682
1,1,0.9999888
1,1,0.9999993
1,1,0.99999917
1,1,0.99999833
1,0,0.4695815
1,1,0.9635629
1,1,0.99994266
1,1,0.9991604
1,1,0.999982
1,1,0.99999857
1,1,0.9997502
1,1,0.99999714
1,1,0.9999993
1,1,0.9999994
1,1,0.9999492
1,1,0.9999994
1,1,0.99999917
1,1,0.9999994
1,1,0.99999905
1,1,0.9999956
1,1,0.99999905
1,1,0.9999975
1,1,0.9940952
1,1,0.99999917
1,1,0.9999994
1,1,0.99999917
1,1,0.9999993
1,1,0.9999993
1,1,0.9999987
1,1,0.99999857
1,1,0.9999987
1,1,0.99999833
1,1,0.99990416
1,1,0.9999931
1,1,0.99987614
1,1,0.9999881
1,1,0.99999905
1,1,0.9999993
1,1,0.9999989
1,1,0.999998
1,1,0.99999917
1,1,0.999998
1,1,0.9999994
1,1,0.9999994
1,1,0.9999552
1,1,0.999998
1,1,0.9999994
1,1,0.9999993
1,1,0.8944483
1,1,0.99999774
1,1,0.99999905
1,1,0.99999905
1,1,0.9999982
1,1,0.99999845
1,1,0.99988806
1,1,0.9999993
1,1,0.99999917
1,1,0.9999982
1,1,0.9999987
1,1,0.99999917
1,1,0.9987029
1,1,0.99999857
1,1,0.99722964
1,1,0.99998164
1,1,0.99999905
1,1,0.9999951
1,1,0.9999988
1,1,0.99977916
1,1,0.99999905
1,1,0.9999993
1,1,0.9999994
1,1,0.7995068
1,1,0.9999993
1,1,0.99980944
1,1,0.99996686
1,1,0.99999857
1,1,0.99999857
1,1,0.99994946
1,1,0.9999988
1,1,0.9999993
1,1,0.99951065
1,1,0.99999833
1,1,0.980817
1,1,0.9999987
1,1,0.99911207
1,1,0.99999917
1,1,0.9999981
1,1,0.9999976
1,1,0.99999917
1,1,0.9999994
1,1,0.99999547
1,1,0.9999994
1,0,0.073917076
1,1,0.99999917
1,1,0.99999905
1,1,0.99993765
1,1,0.9999975
1,1,0.99999917
1,1,0.9998927
1,1,0.99999917
1,1,0.9999993
1,1,0.9999988
1,0,0.08435329
1,1,0.9999982
1,1,0.9999993
1,1,0.99999905
1,1,0.9999894
1,1,0.9999982
1,1,0.9999993
1,1,0.99877983
1,1,0.9999975
1,1,0.99999905
1,1,0.9999988
1,1,0.9999994
1,1,0.99999905
1,1,0.99999833
1,1,0.9999993
1,1,0.9999993
1,1,0.9999776
1,1,0.99999917
1,1,0.99999917
1,1,0.99999785
1,1,0.99998415
1,1,0.9999993
1,1,0.999972
1,1,0.99998844
1,1,0.9999994
1,1,0.9999989
1,1,0.9999989
1,1,0.9712479
1,1,0.96952844
1,1,0.99999917
1,1,0.9999988
1,1,0.9999993
1,1,0.9999932
1,1,0.99999845
1,1,0.9999944
1,1,0.9999993
1,1,0.99998546
1,1,0.9999994
1,1,0.99999857
1,1,0.99999905
1,1,0.9999994
1,1,0.9999907
1,1,0.9999958
1,1,0.92676216
1,1,0.9733064
1,1,0.9999994
1,1,0.9999993
1,1,0.9999989
1,1,0.9826195
1,1,0.9999994
1,1,0.9999993
1,1,0.9999989
1,1,0.9981742
1,1,0.99999714
1,1,0.99822694
1,1,0.9999994
1,1,0.9985643
1,1,0.9999858
1,1,0.999997
1,1,0.9999994
1,1,0.9999993
1,1,0.99999857
1,1,0.99999857
1,1,0.9999994
1,1,0.99999905
1,1,0.99999905
1,1,0.9999988
1,1,0.9999988
1,1,0.9999993
1,1,0.9999989
1,1,0.9999989
1,1,0.9999993
1,1,0.9999981
1,1,0.97597504
1,1,0.9999473
1,1,0.9999989
1,1,0.92600274
1,1,0.9999993
1,1,0.99999917
1,1,0.99913555
1,1,0.9997329
1,1,0.9999968
1,1,0.9998925
1,1,0.99999905
1,1,0.9999993
1,1,0.99996495
1,1,0.99999905
1,1,0.99999774
1,1,0.9999994
1,1,0.99996746
1,1,0.9999993
1,1,0.99996316
1,1,0.9999975
1,1,0.9999976
1,1,0.99999857
1,1,0.9999988
1,1,0.9999994
1,1,0.99995947
1,1,0.99997723
1,1,0.9999994
1,1,0.9999006
1,1,0.9999993
1,1,0.99992824
1,1,0.9979055
1,1,0.99999475
1,1,0.9999964
1,1,0.99999833
1,1,0.9999987
1,1,0.9999993
1,1,0.99999845
1,1,0.99999917
1,1,0.9999994
1,1,0.99999917
1,1,0.9999875
1,1,0.9999993
1,1,0.99999917
1,1,0.9999994
1,1,0.9999993
1,1,0.9999982
1,1,0.9999949
1,1,0.99999917
1,1,0.99999917
1,1,0.99999917
1,1,0.9999993
1,1,0.9999993
1,1,0.9999993
1,1,0.99999905
1,1,0.9999994
1,1,0.9999993
1,1,0.997109
1,1,0.99999654
1,1,0.99999905
1,1,0.9999993
1,1,0.9999994
1,1,0.999874
1,1,0.99999917
1,1,0.9999988
1,1,0.9999962
1,1,0.99999833
1,1,0.9999994
1,1,0.99999917
1,1,0.9999993
1,1,0.99999905
1,1,0.99999857
1,1,0.9999994
1,1,0.99999917
1,1,0.9999994
1,1,0.9999994
1,1,0.9999989
1,1,0.9999745
1,1,0.9999994
1,1,0.99999845
1,1,0.9999994
1,1,0.99999225
1,1,0.99999774
1,1,0.99766314
1,1,0.9999752
1,1,0.9999994
1,1,0.9991985
1,1,0.9999994
1,1,0.9999994
1,1,0.9742096
1,1,0.999926
1,1,0.9999982
1,1,0.9999994
1,1,0.9999993
1,1,0.99999917
1,1,0.9995171
1,1,0.9999919
1,1,0.99993265
1,1,0.9999988
1,1,0.9999956
1,1,0.99999917
1,1,0.9999993
1,1,0.9999989
1,0,0.23077889
1,1,0.99999857
1,1,0.99999833
1,1,0.9999993
1,1,0.9998136
1,1,0.999527
1,1,0.9999988
1,1,0.9999981
1,1,0.99999833
1,1,0.9999964
1,1,0.8362363
1,1,0.9745194
1,1,0.9999989
1,1,0.9999988
1,1,0.9999968
1,1,0.99880826
1,1,0.9999937
1,1,0.99994516
1,1,0.9999994
1,1,0.999949
1,1,0.99999845
1,1,0.9999293
1,1,0.9999918
1,1,0.99997675
1,1,0.9999993
1,1,0.99771726
1,1,0.9999993
1,1,0.9999993
1,1,0.999992
1,1,0.99999714
1,1,0.99999905
1,1,0.99999917
1,1,0.9999993
1,1,0.9999993
1,1,0.9999994
1,1,0.99999917
1,1,0.9999987
1,1,0.9999994
1,1,0.99999857
1,1,0.9999813
1,1,0.9999993
1,1,0.9999993
1,1,0.9999987
1,1,0.99999917
1,1,0.9999982
1,0,0.012395139
1,1,0.9999912
1,1,0.99999905
1,1,0.99999917
1,1,0.5654209
1,1,0.9995627
1,0,0.1591235
1,1,0.9999981
1,1,0.99998
1,1,0.99999833
1,1,0.99999905
1,1,0.9999993
1,1,0.9999994
1,1,0.9999994
1,1,0.9254061
1,0,0.1932834
1,1,0.99972755
1,1,0.9999988
1,1,0.9999964
1,1,0.80681556
1,1,0.7921307
1,1,0.9999994
1,1,0.9999993
1,1,0.9999993
1,1,0.9999994
1,1,0.9999989
1,1,0.9999993
1,1,0.99999917
1,1,0.66456866
1,1,0.99999917
1,1,0.9999994
1,1,0.9999994
1,1,0.99995494
1,1,0.9999993
1,1,0.99999917
1,1,0.99999857
1,1,0.9999989
1,1,0.99999905
1,1,0.99999475
1,1,0.99999857
1,1,0.9999988
1,1,0.9999994
1,1,0.9999993
1,1,0.9999888
1,1,0.9999993
1,1,0.9999938
1,1,0.9999993
1,1,0.9999176
1,1,0.999984
1,1,0.99999917
1,1,0.99996114
1,1,0.9999981
1,1,0.9999993
1,1,0.9999993
1,1,0.9999993
1,1,0.9999964
1,1,0.99999905
1,1,0.9999982
1,1,0.9999993
1,1,0.9999988
1,1,0.99999905
1,1,0.99999666
1,1,0.9999994
1,1,0.9999976
1,1,0.9999989
1,1,0.99999917
1,1,0.99999785
1,1,0.99999833
1,1,0.9999907
1,1,0.9999988
1,1,0.999997
1,1,0.9999901
1,1,0.99999917
1,1,0.99986374
1,1,0.99999905
1,1,0.9999994
1,1,0.9999831
1,1,0.9999989
1,1,0.9999988
1,1,0.99999917
1,1,0.9999994
1,1,0.9999994
1,1,0.99999917
1,1,0.99816066
1,1,0.9999987
1,1,0.9999987
1,1,0.9999678
1,1,0.99999905
1,1,0.9999993
1,1,0.99997175
1,1,0.9999994
1,1,0.9999993
1,1,0.98168117
1,1,0.9998091
1,1,0.99999917
1,1,0.9999379
1,1,0.9999988
1,1,0.96518165
1,1,0.9999993
1,1,0.9999993
1,1,0.99605966
1,1,0.99999917
1,1,0.9999968
1,1,0.9999962
1,1,0.99999845
1,1,0.9997938
1,1,0.99999917
1,1,0.9999993
1,1,0.9999976
1,1,0.9999517
1,1,0.9999994
1,1,0.9997112
1,1,0.9999993
1,1,0.9999994
1,1,0.9999993
1,1,0.99999845
1,1,0.9999988
1,1,0.9999976
1,1,0.9999987
1,1,0.99999917
1,1,0.999992
1,1,0.9999987
1,1,0.99999917
1,1,0.99999917
1,1,0.9999516
1,1,0.99999523
1,1,0.99999547
1,1,0.99999857
1,1,0.99999905
1,1,0.9999993
1,1,0.99999905
1,1,0.9999993
1,1,0.9913804
1,1,0.9999982
1,1,0.99999905
1,1,0.99999833
1,1,0.99581015
1,1,0.67135847
1,1,0.9999989
1,1,0.9997298
1,1,0.99999917
1,1,0.9999988
1,1,0.9999994
1,1,0.9999989
1,1,0.9999988
1,1,0.999982
1,1,0.99999726
1,1,0.9999479
1,1,0.9999993
1,1,0.9999032
1,1,0.9999956
1,1,0.9999994
1,1,0.9999993
1,1,0.9999993
1,1,0.99999464
1,1,0.9999993
1,1,0.99999905
1,1,0.999998
1,1,0.9980373
1,1,0.99999225
1,1,0.9999993
1,0,0.0038643877
1,1,0.99999917
1,1,0.99999547
1,1,0.99999917
1,1,0.9999993
1,1,0.9999987
1,1,0.9999988
1,1,0.9998293
1,1,0.99999917
1,1,0.99999917
1,1,0.9999994
1,1,0.99998677
1,1,0.99999917
1,1,0.6619123
1,1,0.99977297
1,1,0.9999994
1,1,0.9999994
1,1,0.99999917
1,1,0.99999285
1,1,0.9999989
1,1,0.9999994
1,1,0.99996305
1,1,0.9999924
1,1,0.9999989
1,1,0.9999994
1,1,0.9999993
1,1,0.9999993
1,1,0.99999833
1,1,0.9576378
1,1,0.9999988
1,1,0.9999993
1,1,0.9999994
1,1,0.9999815
1,1,0.9999987
1,1,0.9999993
1,1,0.9999989
1,1,0.9861476
1,1,0.9999989
1,1,0.9999994
1,1,0.9999988
1,1,0.99999833
1,1,0.77342004
1,1,0.9999968
1,1,0.9999993
1,1,0.9999937
1,1,0.9999993
1,1,0.99999857
1,1,0.9999993
1,1,0.99999845
1,1,0.99999416
1,1,0.9962308
1,1,0.9999604
1,1,0.9769876
1,1,0.9999994
1,1,0.9999989
1,1,0.9999993
1,1,0.9999993
1,1,0.9999813
1,0,0.28317085
1,1,0.9999982
1,1,0.99999905
1,1,0.9999994
1,1,0.9999989
1,1,0.9999994
1,1,0.99999917
1,1,0.79053956
1,1,0.9999994
1,1,0.9717192
1,1,0.9999993
1,1,0.9999912
1,1,0.9999994
1,1,0.9999994
1,1,0.99999905
1,1,0.9999993
1,1,0.9999993
1,1,0.99999905
1,1,0.9999987
1,1,0.9928885
1,1,0.99996984
1,1,0.99999917
1,1,0.99668366
1,1,0.99999917
1,1,0.9999994
1,0,0.0011260519
1,1,0.9999993
1,1,0.9999981
1,1,0.9999987
1,1,0.99999917
1,1,0.9999993
1,1,0.99999857
1,1,0.9999994
1,1,0.9999939
1,1,0.9999993
1,1,0.99974376
1,1,0.9999993
1,1,0.999964
1,1,0.9999993
1,1,0.9999051
1,1,0.9999994
1,1,0.9996922
1,1,0.99611795
1,1,0.9999994
1,1,0.99875724
1,1,0.99999905
1,1,0.9999988
1,1,0.9999949
1,1,0.99999905
1,1,0.99920195
1,1,0.9997943
1,1,0.550695
1,1,0.999998
1,1,0.99999845
1,1,0.9999993
1,1,0.9999962
1,1,0.9999993
1,1,0.9999994
1,1,0.99999917
1,1,0.9999875
1,1,0.9999993
1,1,0.9999969
1,1,0.99999774
1,1,0.9999993
1,1,0.99999774
1,1,0.9999993
1,1,0.99999857
1,1,0.99344677
1,1,0.9999993
1,1,0.99999917
1,1,0.99999905
1,1,0.9999993
1,1,0.9999924
1,1,0.9999993
1,1,0.99999905
1,1,0.9999993
1,1,0.99999917
1,1,0.9999993
1,1,0.98453194
1,1,0.9999993
1,1,0.99999857
1,1,0.99999666
1,1,0.9999994
1,1,0.9997811
1,1,0.999482
1,1,0.9999994
1,1,0.9999969
1,1,0.99998796
1,1,0.9999993
1,1,0.99999857
1,1,0.999595
1,1,0.99999905
1,1,0.9999989
1,1,0.8368067
1,1,0.9999993
1,1,0.9999951
1,1,0.99999917
1,1,0.9999993
1,1,0.9999993
1,1,0.9999993
1,1,0.9999989
1,1,0.9999989
1,1,0.99999917
1,0,0.030073939
1,1,0.9999944
1,1,0.9999993
1,1,0.9986273
1,1,0.99999833
1,1,0.9999989
1,1,0.9999974
1,1,0.9999989
1,1,0.9999994
1,1,0.9999987
1,1,0.9999993
1,1,0.9999993
1,1,0.9999994
1,1,0.9999876
1,1,0.9999994
1,1,0.9999987
1,1,0.9999863
1,1,0.99999905
1,1,0.9999664
1,1,0.99999475
1,1,0.9999969
1,1,0.97840536
1,1,0.9999908
1,1,0.9999988
1,1,0.9999994
1,1,0.99706894
1,1,0.9999994
1,1,0.9999771
1,1,0.99999917
1,1,0.99901533
1,1,0.99999297
1,0,0.21598803
1,1,0.9999994
1,1,0.9999993
1,1,0.9999993
1,1,0.73995346
1,1,0.9999988
1,1,0.9961319
1,1,0.99999785
1,1,0.99999857
1,1,0.9999993
1,1,0.99999917
1,1,0.9999989
1,1,0.9999988
1,1,0.9999993
1,1,0.9999887
1,1,0.99902356
1,1,0.9999989
1,1,0.9999975
1,1,0.99997675
1,1,0.99999917
1,1,0.99999833
1,1,0.8457703
1,0,0.26661676
1,0,0.097340696
1,0,0.0382935
1,1,0.9999993
1,1,0.9999994
1,1,0.99443287
1,1,0.8643749
1,1,0.99999845
1,1,0.9999976
1,1,0.9999994
1,1,0.99999905
1,1,0.9999993
1,1,0.99996567
1,1,0.9999994
1,1,0.9999994
1,1,0.9021055
1,1,0.9999994
1,1,0.9999993
1,1,0.9999989
1,1,0.9999982
1,1,0.9998636
1,1,0.9999993
1,1,0.997908
1,1,0.9999988
1,1,0.99999917
1,1,0.99971086
1,1,0.9999994
1,1,0.99999905
1,1,0.9999989
1,1,0.9999993
1,1,0.9999939
1,1,0.9999993
1,1,0.9999989
1,1,0.996788
1,1,0.9999993
1,1,0.9999987
1,1,0.99999857
1,1,0.99929667
1,1,0.9999994
1,1,0.9999808
1,1,0.99998856
1,1,0.99999917
1,1,0.99999905
1,1,0.99999845
1,1,0.9999975
1,1,0.99999654
1,1,0.99999905
1,1,0.99999917
1,1,0.99999917
1,1,0.99999917
1,1,0.99998343
1,1,0.9999993
1,1,0.9999994
1,1,0.9999988
1,1,0.99999917
1,1,0.9999987
1,1,0.9999362
1,1,0.9999863
1,1,0.9999989
1,1,0.99998355
1,1,0.9999993
1,1,0.99999833
1,1,0.9999993
1,1,0.99899656
1,1,0.9999994
1,1,0.99999905
1,1,0.9999993
1,1,0.99999917
1,1,0.99998784
1,1,0.9999993
1,1,0.9999987
1,1,0.99999917
1,1,0.9999993
1,1,0.99999857
1,1,0.9995844
1,1,0.99999917
1,1,0.914528
1,1,0.999998
1,1,0.9997725
1,1,0.9999993
1,1,0.9999994
1,1,0.9997719
1,1,0.9999994
1,1,0.99999905
1,1,0.99999666
1,1,0.9873864
1,1,0.9999931
1,1,0.9999989
1,1,0.9989561
1,1,0.99999833
1,1,0.99511933
1,1,0.99969745
1,1,0.999998
1,1,0.9999889
1,1,0.99999857
1,1,0.999946
1,1,0.9999993
1,1,0.9999994
1,1,0.9999993
1,1,0.9999993
1,1,0.99999857
1,1,0.999997
1,1,0.9999945
1,1,0.9864325
1,1,0.9999993
1,1,0.9973907
1,1,0.9999993
1,1,0.99447083
1,1,0.9998412
1,1,0.9999993
1,1,0.9999994
1,1,0.9999993
1,1,0.9999987
1,1,0.99999905
1,1,0.9999988
1,1,0.99999905
1,1,0.9999962
1,1,0.9999993
1,1,0.9999993
1,1,0.9999993
1,1,0.9999926
1,1,0.99995637
1,1,0.9999994
1,1,0.99999917
1,1,0.9999876
1,1,0.99999905
1,1,0.9999993
1,1,0.9957272
1,1,0.99999917
1,1,0.9999198
1,1,0.9999943
1,1,0.98976725
1,1,0.9999994
1,1,0.9999505
1,1,0.9999989
1,1,0.9999994
1,1,0.9999994
1,1,0.9999993
1,1,0.9999994
1,1,0.9999993
1,1,0.9999993
1,1,0.99999905
1,1,0.9999993
1,1,0.99999905
1,1,0.9999989
1,1,0.99999917
1,1,0.9999994
1,1,0.9999994
1,1,0.9999994
1,1,0.99999917
1,1,0.9999994
1,1,0.999998
1,1,0.9999993
1,1,0.99999917
1,0,0.015030679
1,1,0.9999957
1,1,0.5493159
1,1,0.9999993
1,1,0.9999994
1,1,0.99955004
1,1,0.9999994
1,1,0.9999553
1,1,0.9999994
1,1,0.9999989
1,1,0.9999988
1,1,0.99999833
1,1,0.9999994
1,1,0.9953703
1,1,0.9999989
1,1,0.9999993
1,1,0.9999993
1,1,0.99998605
1,1,0.9999993
1,1,0.9999994
1,1,0.99976295
1,1,0.9999994
1,1,0.9999994
1,1,0.9999994
1,1,0.99999714
1,1,0.9999509
1,1,0.9764162
1,1,0.9999989
1,1,0.99950254
1,1,0.9999994
1,1,0.9999994
1,1,0.99999905
1,1,0.9999958
1,1,0.9999994
1,1,0.99997115
1,1,0.99848515
1,1,0.9999974
1,1,0.99998236
1,1,0.99997866
1,1,0.9999993
1,1,0.99999666
1,1,0.9999988
1,1,0.9999988
1,1,0.96969014
1,1,0.99999845
1,1,0.9999975
1,1,0.74769646
1,1,0.9999993
1,1,0.999985
1,1,0.9999994
1,1,0.9999634
1,1,0.99999845
1,1,0.9999993
1,1,0.9999993
1,0,0.4593403
1,1,0.9530927
1,1,0.9999994
1,1,0.99998283
1,1,0.99997675
1,1,0.99999905
1,1,0.9999993
1,1,0.9999918
1,1,0.9859365
1,1,0.999998
1,1,0.9999846
1,1,0.99988663
1,1,0.9999993
1,1,0.9999994
1,1,0.99999845
1,1,0.9999993
1,1,0.9981364
1,1,0.99994457
1,1,0.9999994
1,1,0.99992216
1,1,0.99999917
1,1,0.9999993
1,1,0.99999905
1,1,0.99999905
1,1,0.99998796
1,1,0.9999689
1,1,0.9999957
1,1,0.9999988
1,1,0.99999785
1,1,0.9999993
1,1,0.9999975
1,1,0.999974
1,1,0.9999993
1,1,0.99954057
1,1,0.9999994
1,1,0.9999989
1,1,0.99994683
1,1,0.9999993
1,1,0.9999993
1,1,0.9999951
1,1,0.9999994
1,1,0.85043633
1,1,0.99998426
1,1,0.99999034
1,1,0.9999988
1,1,0.9999993
1,1,0.9999994
1,1,0.9999993
1,1,0.9999987
1,1,0.9999993
1,1,0.9999994
1,1,0.9989386
1,1,0.99992144
1,1,0.9999987
1,1,0.9999989
1,1,0.9999993
1,1,0.9999993
1,1,0.9999993
1,1,0.9999976
1,1,0.9999993
1,1,0.9999722
1,1,0.9999989
1,1,0.9999993
1,1,0.99999905
1,1,0.9999989
1,1,0.99999917
1,1,0.99999917
1,1,0.99999905
1,1,0.9999987
1,1,0.99999917
1,1,0.99999917
1,1,0.99998796
1,1,0.9999993
1,1,0.9999993
1,1,0.9864135
1,1,0.9999993
1,1,0.9999573
1,1,0.9999993
1,1,0.9999988
1,1,0.99998856
1,1,0.99999917
1,1,0.9999933
1,1,0.999998
1,1,0.9999993
1,1,0.9999994
1,1,0.99999833
1,1,0.9999994
1,1,0.9997917
1,1,0.9999994
1,1,0.9999994
1,1,0.7391219
1,1,0.9999993
1,1,0.99999833
1,1,0.9999993
1,1,0.99999845
1,1,0.9999993
1,1,0.99999845
1,1,0.99999857
1,1,0.99999845
1,1,0.9999968
1,1,0.99999917
1,1,0.9999982
1,1,0.99999666
1,1,0.9999994
1,1,0.9999993
1,1,0.9999769
1,1,0.9999993
1,1,0.99999845
1,1,0.99999917
1,1,0.9999993
1,1,0.99999785
1,1,0.9999988
1,1,0.99999917
1,1,0.999529
1,1,0.85419655
1,1,0.99999917
1,1,0.999997
1,1,0.99999905
1,1,0.99999917
1,1,0.9999926
1,1,0.9988438
1,1,0.9999989
1,1,0.9999987
1,1,0.9999976
1,1,0.9999993
1,1,0.99800795
1,1,0.9999951
1,1,0.99999857
1,1,0.9999857
1,1,0.9999988
1,1,0.99999905
1,1,0.9955841
1,1,0.9999993
1,1,0.9999757
1,1,0.99999905
1,1,0.9999989
1,1,0.9999994
1,1,0.9996847
1,1,0.9994429
1,1,0.97309023
1,1,0.99999845
1,1,0.9999993
1,1,0.99999523
1,1,0.999997
1,1,0.9999975
1,1,0.99999917
1,1,0.9999993
1,1,0.9999654
1,1,0.9999993
1,1,0.9999994
1,1,0.99999917
1,1,0.99994695
1,1,0.99999917
1,1,0.9999981
1,1,0.9999989
1,1,0.9999994
1,1,0.9999893
1,1,0.9994937
1,1,0.9999994
1,0,0.2187778
1,1,0.99999917
1,1,0.99999917
1,1,0.9999993
1,1,0.99999917
1,1,0.9999993
1,1,0.99999905
1,1,0.9998698
1,1,0.99999523
1,1,0.9998456
1,1,0.9999994
1,1,0.99999857
1,0,0.292837
1,1,0.95902246
1,1,0.9999994
1,1,0.9999993
1,1,0.99999905
1,1,0.99956936
1,1,0.9999994
1,1,0.9999993
1,0,0.051847883
1,1,0.99999857
1,1,0.96160686
1,1,0.9999993
1,1,0.9999988
1,1,0.99999917
1,1,0.99999726
1,1,0.9999994
1,1,0.99999905
1,1,0.9999988
1,1,0.99999905
1,1,0.9999993
1,1,0.99999917
1,1,0.9999993
1,1,0.99999917
1,1,0.9999963
1,1,0.9999852
1,1,0.9999987
1,1,0.9999993
1,1,0.9999994
1,1,0.9999994
1,1,0.9999994
1,1,0.9999993
1,1,0.9948283
1,1,0.9999993
1,1,0.99996424
1,1,0.9999932
1,1,0.9999994
1,1,0.9999993
1,1,0.9999993
1,1,0.9999989
1,1,0.9999993
1,1,0.99834025
1,1,0.9950008
1,1,0.9999988
1,1,0.9999988
1,1,0.99999917
1,1,0.9999993
1,1,0.99999833
1,1,0.9979194
1,1,0.99999857
1,1,0.9999777
1,1,0.99999917
1,1,0.9999994
1,1,0.9999993
1,1,0.9999993
1,1,0.9999994
1,1,0.99881136
1,1,0.9999994
1,1,0.99999857
1,1,0.9999993
1,1,0.9999993
1,1,0.9999931
1,1,0.9999994
1,1,0.99601716
1,1,0.99999905
1,1,0.9999981
1,0,0.14304577
1,1,0.9999994
1,1,0.9999993
1,1,0.9999994
1,1,0.9999993
1,1,0.99987245
1,1,0.99903035
1,1,0.9999988
1,1,0.99999905
1,1,0.9999994
1,1,0.9999994
1,1,0.99999905
1,1,0.9999994
1,1,0.72886294
1,1,0.9999963
1,1,0.99999845
1,1,0.9999993
1,1,0.9999989
1,1,0.99994457
1,1,0.9954307
1,1,0.986948
1,1,0.99999475
1,1,0.9999988
1,1,0.9999392
1,1,0.9998299
1,1,0.999995
1,1,0.9999988
1,1,0.9327127
1,1,0.9999994
1,1,0.9999993
1,1,0.99999905
1,1,0.99999905
1,1,0.8838632
1,1,0.9948035
1,1,0.9999993
1,1,0.9999889
1,1,0.99999905
1,1,0.999997
1,1,0.9999994
1,1,0.99999845
1,1,0.9999994
1,1,0.9999989
1,1,0.9999968
1,1,0.9999993
1,1,0.99999535
1,1,0.99990547
1,0,0.054698803
1,1,0.9629765
1,1,0.99996674
1,1,0.9999989
1,0,0.49525717
1,1,0.8897173
1,1,0.99999285
1,1,0.99999917
1,1,0.99999905
1,1,0.9999994
1,1,0.9999993
1,1,0.9999993
1,1,0.9999988
1,1,0.9999993
1,1,0.9999987
1,1,0.9999976
1,1,0.9999993
1,1,0.9999993
1,1,0.9999993
1,1,0.9999683
1,1,0.99995446
1,1,0.9999994
1,1,0.9999981
1,1,0.9999993
1,1,0.99997103
1,1,0.9999993
1,1,0.99999845
1,1,0.9999993
1,1,0.9999993
1,1,0.9999993
1,1,0.99994075
1,1,0.99999917
1,1,0.9999993
1,1,0.9999993
1,1,0.99999857
1,1,0.99903
1,1,0.9999994
1,1,0.9999993
1,1,0.99999666
1,1,0.99992085
1,1,0.999998
1,1,0.9999994
1,1,0.99123424
1,1,0.9998148
1,1,0.9999993
1,1,0.9999993
1,1,0.99999785
1,1,0.9999424
1,1,0.9999993
1,1,0.9999993
1,1,0.9919193
1,1,0.9999993
1,1,0.99999857
1,1,0.9999993
1,1,0.9999994
1,1,0.9999993
1,1,0.99999905
1,1,0.99999905
1,1,0.9996778
1,1,0.9999993
1,1,0.99923444
1,1,0.9999989
1,1,0.99995995
1,1,0.9999993
1,1,0.9491512
1,1,0.99999905
1,1,0.9999993
1,1,0.9999994
1,1,0.9999994
1,1,0.99999905
1,1,0.99992085
1,1,0.9999994
1,1,0.99999917
1,1,0.9999989
1,1,0.9999993
1,1,0.99999595
1,1,0.9999051
1,1,0.9999981
1,1,0.9913236
1,1,0.9999988
1,1,0.9987457
1,1,0.9999987
1,1,0.9999989
1,1,0.9999993
1,1,0.99999905
1,1,0.9999994
1,1,0.9999993
1,1,0.9999877
1,1,0.9999993
1,1,0.99999225
1,1,0.99999833
1,1,0.9999994
1,1,0.99999905
1,1,0.99999905
1,1,0.9999993
1,1,0.99999917
1,1,0.99999905
1,1,0.8013011
1,1,0.99999833
1,1,0.99998105
1,1,0.9999993
1,1,0.99999857
1,1,0.9999975
1,1,0.9999949
1,1,0.9999994
1,1,0.99998546
1,1,0.9999993
1,1,0.9622388
1,1,0.9999994
1,1,0.99999857
1,0,0.47118118
1,1,0.99999845
1,1,0.9999987
1,1,0.9999994
1,1,0.9999691
1,1,0.99999905
1,1,0.99999905
1,1,0.9999976
1,1,0.998381
1,1,0.9996377
1,0,0.27646783
1,1,0.9999993
1,1,0.9999994
1,1,0.9994843
1,1,0.9999989
1,1,0.99999857
1,1,0.9999994
1,1,0.9999987
1,1,0.99999595
1,1,0.9999927
1,1,0.9999993
1,1,0.65062284
1,1,0.9999994
1,1,0.9999988
1,1,0.9999994
1,1,0.99999917
1,1,0.999998
1,1,0.99999833
1,1,0.90278435
1,1,0.99999905
1,1,0.9999993
1,1,0.99999917
1,1,0.99998844
1,1,0.9999994
1,1,0.9999989
1,1,0.9999993
1,1,0.9999994
1,1,0.9999993
1,1,0.99810934
1,1,0.99999917
1,1,0.9999994
1,1,0.9999993
1,1,0.9999944
1,1,0.99999917
1,1,0.99999833
1,1,0.9999993
1,1,0.99999917
1,1,0.99999905
1,1,0.9999994
1,1,0.99999905
1,1,0.9999994
1,1,0.9974558
1,1,0.99996996
1,1,0.9999994
1,1,0.5195513
1,1,0.9999968
1,1,0.8748418
1,1,0.9999994
1,1,0.9999994
1,1,0.9999994
1,1,0.99999213
1,1,0.9999964
1,1,0.9999993
1,1,0.9999993
1,1,0.9997087
1,1,0.99999857
1,1,0.9999987
1,1,0.99999905
1,1,0.9999379
1,1,0.99999917
1,1,0.9999989
1,1,0.9999994
1,1,0.9999994
1,1,0.9999993
1,1,0.99999917
1,1,0.9711609
1,1,0.9999993
1,1,0.9999521
1,1,0.994249
1,1,0.99975127
1,1,0.9999993
1,1,0.9999181
1,1,0.9999988
1,1,0.99999297
1,1,0.9999993
1,1,0.9999989
1,1,0.9999988
1,1,0.9999877
1,1,0.9999994
1,1,0.99999714
1,1,0.9999994
1,1,0.99999917
1,1,0.9999994
1,1,0.9999958
1,1,0.9999982
1,1,0.9972223
1,1,0.99999917
1,1,0.9999993
1,1,0.99998033
1,0,0.18947941
1,1,0.9999994
1,1,0.99999905
1,1,0.99999917
1,1,0.9999676
1,1,0.99999917
1,1,0.99999666
1,1,0.99999917
1,0,0.037038162
1,1,0.9999989
1,1,0.9999981
1,1,0.99999917
1,1,0.99999595
1,1,0.99999917
1,1,0.9999994
1,1,0.9939144
1,1,0.99999917
1,1,0.99999917
1,1,0.99976534
1,1,0.99999857
1,1,0.9999993
1,1,0.99999905
1,1,0.9999994
1,1,0.9999987
1,1,0.9999993
1,1,0.99999845
1,1,0.99999416
1,1,0.99999905
1,1,0.9748878
1,1,0.9999994
1,1,0.9999993
1,1,0.99999905
1,1,0.9999993
1,1,0.9999981
1,1,0.9999989
1,1,0.9999993
1,1,0.9999386
1,1,0.9999993
1,1,0.9999994
1,1,0.9999962
1,1,0.99999774
1,1,0.9998907
1,1,0.99999607
1,1,0.99999857
1,1,0.99999905
1,1,0.9999994
1,1,0.9999994
1,1,0.9999993
1,1,0.9999994
1,1,0.9999988
1,1,0.99999917
1,1,0.9999994
1,1,0.9999945
1,1,0.9999988
1,1,0.9999968
1,1,0.9999968
1,1,0.99999857
1,1,0.9999993
1,1,0.99999917
1,1,0.9999994
1,1,0.8888004
1,1,0.9999989
1,1,0.99999905
1,1,0.999987
1,1,0.9999993
1,1,0.9999844
1,1,0.99999905
1,1,0.9999988
1,1,0.9999993
1,1,0.99999917
1,1,0.9999968
1,1,0.99998903
1,1,0.99999356
1,1,0.99999475
1,1,0.9999931
1,1,0.9999088
1,1,0.99998033
1,1,0.9999993
1,1,0.99999905
1,1,0.99985325
1,1,0.99999917
1,1,0.9999989
1,1,0.9999988
1,1,0.99999917
1,1,0.99994373
1,1,0.99999917
1,1,0.99894947
1,1,0.99999905
1,1,0.9957371
1,1,0.9999993
1,1,0.9999993
1,1,0.9999993
1,1,0.9999769
1,1,0.9999994
1,1,0.9999993
1,1,0.9994703
1,1,0.9999994
1,1,0.99999905
1,1,0.9999993
1,1,0.9999037
1,1,0.9999988
1,1,0.999998
1,1,0.9999875
1,1,0.99999034
1,1,0.99999917
1,1,0.99999857
1,1,0.99999905
1,1,0.9999994
1,1,0.9999962
1,1,0.9999987
1,1,0.9999993
1,1,0.9998534
1,1,0.99999905
1,1,0.9999993
1,1,0.9974464
1,1,0.9998479
1,1,0.9999958
1,1,0.9999988
1,1,0.9999988
1,1,0.99999905
1,1,0.9999902
1,1,0.9999994
1,1,0.99982965
1,1,0.99998164
1,1,0.9999989
1,1,0.9999988
1,1,0.9999994
1,1,0.9999993
1,1,0.9999993
1,1,0.9999993
1,1,0.99999833
1,1,0.9999993
1,1,0.9999982
1,1,0.9999987
1,1,0.99999726
1,1,0.9999993
1,1,0.99999905
1,1,0.9999988
1,1,0.9999994
1,1,0.9999927
1,1,0.99999905
1,1,0.9999914
1,1,0.9999993
1,1,0.99999905
1,1,0.9999957
1,1,0.9999993
1,1,0.99999833
1,1,0.9999994
1,1,0.9998536
1,1,0.99999607
1,1,0.99999845
1,1,0.9999857
1,1,0.99999416
1,1,0.9999993
1,1,0.9999993
1,1,0.99999917
1,1,0.9999902
1,1,0.99999833
1,1,0.9999993
1,1,0.9999993
1,1,0.9999994
1,1,0.99991786
1,1,0.9999994
1,0,0.03039136
1,0,0.0002497463
1,1,0.9999994
1,1,0.9999993
1,1,0.9999962
1,1,0.9900547
1,1,0.99999833
1,1,0.99999106
1,1,0.9999993
1,1,0.99999857
1,1,0.9999994
1,1,0.9999957
1,1,0.9999989
1,1,0.9964958
1,1,0.9999994
1,1,0.99951184
1,1,0.9999994
1,1,0.99999106
1,1,0.9999993
1,1,0.9999994
1,1,0.99999905
1,1,0.9999976
1,1,0.99997115
1,1,0.6165417
1,1,0.9999993
1,1,0.9999989
1,1,0.99998546
1,1,0.9999988
1,0,0.16149049
1,1,0.99999905
1,1,0.99999905
1,1,0.99999833
1,1,0.99957174
1,1,0.9999988
1,0,0.0215124
1,1,0.9999994
1,1,0.99999905
1,1,0.9999994
1,1,0.9999988
1,1,0.99999917
1,1,0.9999294
1,1,0.9999919
1,1,0.9999994
1,1,0.9999988
1,1,0.9999994
1,1,0.99991274
1,1,0.9999994
1,1,0.9999994
1,1,0.99616903
1,1,0.9999994
1,1,0.9999993
1,1,0.9999988
1,1,0.99998903
1,1,0.9999882
1,1,0.9999994
1,1,0.9999994
1,1,0.99999917
1,1,0.99999464
1,1,0.9999808
1,1,0.99999905
1,1,0.9990157
1,1,0.9996123
1,1,0.9999993
1,0,0.010759343
1,1,0.9999994
1,1,0.9999994
1,1,0.9999993
1,1,0.9998565
1,1,0.9999987
1,1,0.9715807
1,1,0.99971646
1,1,0.99999917
1,1,0.9999969
1,1,0.9999976
1,1,0.999451
1,1,0.99985003
1,0,0.013119456
1,1,0.7422944
1,1,0.9999989
1,1,0.9999989
1,1,0.9999993
1,1,0.9999993
1,1,0.9999989
1,1,0.9999993
1,1,0.9999902
1,1,0.7707202
1,1,0.9999993
1,1,0.9999994
1,1,0.9999747
1,1,0.9999993
1,1,0.9999919
1,1,0.99999833
1,1,0.999998
1,1,0.99999917
1,1,0.99981874
1,1,0.99760157
1,1,0.99998784
1,1,0.9999994
1,1,0.9999994
1,1,0.99999774
1,1,0.99999905
1,1,0.99957377
1,1,0.9999994
1,1,0.99999857
1,1,0.999653
1,1,0.9999944
1,1,0.9999987
1,1,0.99920326
1,1,0.9999964
1,1,0.93935275
1,1,0.99999845
1,1,0.9999989
1,1,0.9999968
1,1,0.99984396
1,1,0.99960047
1,1,0.9999993
1,1,0.9999993
1,1,0.9999988
1,1,0.9999956
1,1,0.9994948
1,1,0.99997187
1,1,0.99999905
1,1,0.9684322
1,1,0.99997103
1,1,0.99998903
1,0,0.48377198
1,1,0.9999958
1,1,0.99999905
1,1,0.99999917
1,1,0.9999802
1,1,0.99999905
1,1,0.995656
1,1,0.9999902
1,1,0.99927205
1,1,0.92454135
1,1,0.9999964
1,1,0.9999964
1,1,0.9999993
1,1,0.99999917
1,1,0.9999994
1,1,0.9999919
1,1,0.9999993
1,1,0.9969945
1,1,0.9999993
1,1,0.9999989
1,1,0.99999905
1,1,0.9999989
1,1,0.9999993
1,1,0.99999917
1,1,0.9999989
1,1,0.9999949
1,1,0.9997669
1,1,0.99999917
1,1,0.99901354
1,1,0.9999993
1,1,0.9999908
1,1,0.9999994
1,1,0.9999994
1,1,0.99799407
1,1,0.99999714
1,1,0.9999994
1,1,0.9999994
1,1,0.99999917
1,1,0.99999845
1,1,0.9999993
1,1,0.9999994
1,1,0.99999917
1,1,0.9999994
1,1,0.9999988
1,1,0.9999982
1,1,0.9987054
1,1,0.9999981
1,1,0.9999993
1,1,0.9999994
1,1,0.9999988
1,1,0.999524
1,1,0.9999559
1,1,0.9974789
1,1,0.9999994
1,1,0.9557371
1,1,0.9993761
1,1,0.99999547
1,1,0.99999917
1,1,0.9999993
1,0,0.010874996
1,1,0.99999666
1,1,0.99999917
1,1,0.92675436
1,1,0.999762
1,1,0.9029122
1,1,0.9999993
1,1,0.9999993
1,1,0.9999993
1,1,0.9999993
1,1,0.99999905
1,1,0.99999905
1,1,0.9999833
1,1,0.9991285
1,1,0.9999993
1,1,0.9999993
1,1,0.99999917
1,1,0.99999917
1,1,0.9999993
1,1,0.99997616
1,1,0.9999987
1,1,0.99999905
1,1,0.9550616
1,1,0.9590688
1,1,0.9999993
1,1,0.99999917
1,1,0.99999845
1,1,0.99907315
1,1,0.99999917
1,1,0.9999994
1,1,0.9999994
1,1,0.9999366
1,1,0.9999994
1,1,0.9999988
1,1,0.99999225
1,1,0.9999994
1,1,0.9999982
1,1,0.6228298
1,1,0.99993443
1,1,0.9999968
1,1,0.9970318
1,1,0.9999989
1,1,0.99999833
1,1,0.9999994
1,1,0.99999285
1,0,0.16865532
1,1,0.99974865
1,1,0.9999993
1,1,0.9999722
1,1,0.9999989
1,1,0.9999993
1,1,0.9999994
1,1,0.9999989
1,1,0.9999994
1,1,0.9999888
1,1,0.999984
1,1,0.9999994
1,1,0.9999993
1,1,0.9999943
1,1,0.9999993
1,1,0.99997556
1,1,0.99999833
1,1,0.99999833
1,1,0.9999989
1,1,0.9999994
1,1,0.99058986
1,1,0.9999993
1,1,0.9999993
1,1,0.99956864
1,1,0.99999905
1,0,0.05699331
1,1,0.9987208
1,1,0.9999988
1,1,0.9543924
1,1,0.9999989
1,1,0.9999993
1,1,0.999962
1,0,0.041900177
1,1,0.99999917
1,1,0.9999994
1,1,0.9986498
1,1,0.99999905
1,1,0.9999994
1,1,0.9999993
1,1,0.9999826
1,1,0.9999993
1,1,0.99999845
1,1,0.99999857
1,1,0.99999917
1,1,0.9999988
1,1,0.99999905
1,1,0.99999917
1,1,0.9999869
1,1,0.99999905
1,1,0.9999993
1,1,0.9999994
1,1,0.99999905
1,1,0.9996346
1,1,0.93579984
1,1,0.9999993
1,1,0.9999994
1,1,0.9999937
1,1,0.99999285
1,1,0.9999994
1,1,0.98384327
1,1,0.9999994
1,1,0.9999994
1,1,0.99997294
1,1,0.99988997
1,1,0.9999764
1,1,0.9999974
1,1,0.9999994
1,1,0.92605746
1,1,0.9999994
1,1,0.99999917
1,1,0.9981875
1,1,0.886276
1,1,0.99999905
1,1,0.9998852
1,1,0.9999989
1,1,0.99870074
1,1,0.9999994
1,1,0.9964173
1,1,0.9999987
1,1,0.99999726
1,1,0.99999785
1,1,0.99997914
1,1,0.99982685
1,1,0.99999464
1,1,0.99999905
1,1,0.9999988
1,1,0.9999869
1,1,0.9999597
1,1,0.9999989
1,1,0.79166085
1,1,0.99999094
1,1,0.99999905
1,1,0.9981781
1,1,0.9999987
1,1,0.9912442
1,1,0.99999845
1,1,0.9998306
1,1,0.99999857
1,1,0.99999917
1,1,0.9999993
1,1,0.9999993
1,1,0.9999846
1,1,0.9999994
1,1,0.9999994
1,1,0.99999905
1,1,0.9999994
1,1,0.99999
1,1,0.9999994
1,1,0.9999789
1,1,0.9999994
1,1,0.99984014
1,1,0.999997
1,1,0.99999917
1,1,0.9999994
1,1,0.9999994
1,1,0.99999857
1,1,0.9999982
1,1,0.99999857
1,1,0.9999989
1,1,0.9999474
1,1,0.9999932
1,1,0.97720385
1,1,0.99683195
1,1,0.9999918
1,1,0.9999671
1,1,0.9999993
1,1,0.9999937
1,1,0.99999905
1,1,0.99999905
1,1,0.99999464
1,1,0.99999905
1,1,0.9987583
1,1,0.93455815
1,1,0.99999714
1,1,0.9999994
1,1,0.9999993
1,1,0.9999994
1,1,0.9999994
1,1,0.99999905
1,1,0.99999213
1,1,0.9999993
1,1,0.9999994
1,1,0.9999993
1,1,0.9999989
1,1,0.5452634
1,1,0.9999989
1,1,0.99778986
1,1,0.9999994
1,1,0.9999989
1,1,0.99998057
1,1,0.9999988
1,1,0.99954635
1,1,0.9999993
1,1,0.9999994
1,1,0.9999987
1,1,0.9999994
1,1,0.7668519
1,1,0.9999988
1,1,0.99998057
1,1,0.9999993
1,1,0.99999857
1,1,0.9999993
1,1,0.93894356
1,1,0.9999993
1,1,0.9999989
1,1,0.9999993
1,1,0.99994826
1,1,0.9999993
1,1,0.88370514
1,1,0.99999917
1,1,0.9999976
1,1,0.99999857
1,1,0.9999969
1,1,0.9999989
1,1,0.9999987
1,1,0.99999905
1,1,0.99999905
1,1,0.9999993
1,1,0.99999905
1,1,0.9999994
1,1,0.99999845
1,1,0.9982565
1,1,0.9908501
1,1,0.9999994
1,1,0.99999905
1,1,0.99984515
1,1,0.99998367
1,1,0.99999666
1,1,0.9999994
1,1,0.9999993
1,1,0.9999994
1,1,0.99999917
1,1,0.9999993
1,1,0.9999049
1,1,0.9999912
1,1,0.99999917
1,1,0.99999905
1,1,0.99999917
1,1,0.9999727
1,1,0.9999993
1,1,0.99999285
1,1,0.9999989
1,1,0.9450662
1,1,0.99999917
1,1,0.9999993
1,1,0.99999595
1,1,0.9999993
1,1,0.9989279
1,1,0.9999993
1,1,0.9999877
1,1,0.9999994
1,1,0.99999857
1,1,0.9999994
1,1,0.99999833
1,1,0.9999169
1,1,0.9999944
1,1,0.9999989
1,0,0.35764325
1,1,0.9999989
1,1,0.9999993
1,1,0.9999957
1,1,0.9999993
1,1,0.9999888
1,1,0.9999546
1,1,0.99999917
1,1,0.99999905
1,1,0.97332245
1,1,0.95197904
1,1,0.9999989
1,1,0.99999547
1,1,0.9999958
1,1,0.98440754
1,1,0.9999993
1,1,0.99999917
1,1,0.9999958
1,1,0.9999901
1,1,0.9999982
1,1,0.9999988
1,1,0.9999994
1,1,0.9999896
1,1,0.99999917
1,1,0.99999917
1,1,0.9999994
1,1,0.9997807
1,1,0.9999993
1,1,0.9999989
1,1,0.9999994
1,1,0.9999993
1,1,0.9999993
1,1,0.99999845
1,1,0.9999993
1,1,0.99999833
1,1,0.9999683
1,1,0.9999994
1,1,0.9999989
1,0,0.4906663
1,1,0.99999547
1,1,0.99999905
1,1,0.9999987
1,1,0.99999917
1,1,0.9999875
1,1,0.99999917
1,1,0.9999851
1,1,0.98468
1,1,0.99999917
1,1,0.9999993
1,1,0.9999994
1,1,0.9999993
1,1,0.9999951
1,1,0.9999988
1,1,0.9999963
1,1,0.9999962
1,1,0.9955901
1,1,0.99867636
1,1,0.9996884
1,1,0.9999994
1,1,0.9999993
1,1,0.9999994
1,1,0.9999993
1,1,0.9999987
1,1,0.9999989
1,1,0.9999993
1,1,0.9999988
1,1,0.99999857
1,1,0.9999987
1,1,0.9993863
1,1,0.99994385
1,1,0.9999993
1,1,0.99999845
1,1,0.9999994
1,1,0.99999344
1,1,0.9999989
1,1,0.9999974
1,1,0.9999993
1,1,0.9999993
1,1,0.997867
1,1,0.99415696
1,1,0.9205562
1,1,0.9999982
1,1,0.99999905
1,1,0.9985098
1,1,0.99999905
1,1,0.9712759
1,1,0.9999895
1,1,0.99999905
1,1,0.99999905
1,1,0.99999905
1,1,0.7569209
1,1,0.9998565
1,1,0.9999993
1,1,0.99999917
1,1,0.99999607
1,1,0.9999988
1,1,0.99999726
1,1,0.99999905
1,1,0.9999908
1,1,0.9999994
1,1,0.9999989
1,1,0.9996625
1,1,0.9999994
1,1,0.9999993
1,1,0.99999833
1,1,0.9999994
1,1,0.99999845
1,1,0.9999994
1,1,0.9999993
1,1,0.99999857
1,1,0.9999981
1,1,0.9999893
1,1,0.9862039
1,1,0.9999994
1,1,0.9999976
1,1,0.9999993
1,1,0.9020086
1,1,0.99991584
1,1,0.9999993
1,1,0.9999989
1,1,0.999984
1,1,0.9999993
1,1,0.9999994
1,1,0.9999993
1,1,0.9999993
1,0,0.24195416
1,1,0.9999993
1,1,0.9999993
1,1,0.6370376
1,1,0.9999987
1,1,0.99999917
1,1,0.9999981
1,1,0.98347837
1,1,0.9997732
1,1,0.9999993
1,1,0.99999857
1,1,0.9999993
1,1,0.9999993
1,1,0.99999905
1,1,0.9999993
1,1,0.9999882
1,1,0.9995778
1,1,0.99999917
1,1,0.9450349
1,1,0.9999987
1,1,0.9999964
1,1,0.99999905
1,1,0.9999993
1,1,0.9999993
1,1,0.9999993
1,1,0.998629
1,1,0.81811035
1,1,0.99999917
1,1,0.99999356
1,1,0.9999993
1,1,0.9999982
1,1,0.9999994
1,1,0.9999994
1,1,0.9999994
1,1,0.99999666
1,1,0.9994599
1,1,0.9999988
1,1,0.9999994
1,1,0.99865544
1,1,0.9999981
1,1,0.99999285
1,1,0.99999654
1,1,0.9999994
1,1,0.99998283
1,1,0.9999993
1,1,0.9999987
1,1,0.9999988
1,1,0.99922156
1,1,0.99999905
1,1,0.99928206
1,1,0.99999523
1,1,0.9999919
1,1,0.99999666
1,1,0.9999844
1,1,0.9999994
1,1,0.9999993
1,1,0.9999988
1,1,0.99999905
1,1,0.9999993
1,1,0.9999994
1,1,0.9999993
1,1,0.99977833
1,1,0.9999994
1,1,0.9999987
1,1,0.9999993
1,1,0.9999989
1,1,0.9999994
1,1,0.99940085
1,1,0.99999464
1,1,0.9999982
1,1,0.99999917
1,1,0.99999905
1,1,0.99999905
1,1,0.9999993
1,1,0.9999988
1,1,0.99999917
1,1,0.99670047
1,1,0.99999905
1,1,0.9999993
1,1,0.9999988
1,1,0.9999987
1,1,0.9999994
1,1,0.99999714
1,1,0.9999131
1,1,0.99995804
1,1,0.999998
1,1,0.9999964
1,1,0.9996191
1,1,0.9999994
1,1,0.9999988
1,1,0.9999993
1,1,0.99999905
1,1,0.99999845
1,1,0.99999917
1,1,0.9999989
1,1,0.9999993
1,1,0.99999917
1,1,0.99996686
1,1,0.99999774
1,1,0.58570164
1,1,0.9999993
1,1,0.9999771
1,1,0.9999993
1,1,0.9999989
1,1,0.99998057
1,1,0.9999993
1,1,0.99999666
1,1,0.9947602
1,0,0.035233706
1,1,0.9999918
1,1,0.9999993
1,1,0.9999989
1,1,0.9999993
1,1,0.9999993
1,1,0.9999994
1,1,0.99999785
1,1,0.9999975
1,1,0.9996934
1,1,0.99916816
1,1,0.9999038
1,1,0.99999917
1,1,0.9999976
1,1,0.99999917
1,1,0.9999993
1,1,0.9999987
1,1,0.999997
1,1,0.9976114
1,1,0.9999988
1,1,0.99999845
1,1,0.9999988
1,1,0.99999857
1,1,0.9999994
1,1,0.9999931
1,1,0.98447335
1,1,0.999998
1,1,0.99997854
1,1,0.99999905
1,1,0.9999994
1,1,0.99999774
1,1,0.99036855
1,1,0.99999654
1,1,0.9999993
1,1,0.99999917
1,1,0.9940999
1,1,0.9999989
1,1,0.9999378
1,1,0.9995135
1,1,0.9999994
1,1,0.933665
1,1,0.9999856
1,1,0.99999905
1,1,0.9999993
1,1,0.9999988
1,1,0.9999974
1,1,0.99949694
1,1,0.99999785
1,1,0.9999969
1,1,0.99991155
1,1,0.99999905
1,1,0.9999987
1,1,0.9999716
1,1,0.9999993
1,1,0.99999917
1,1,0.9999994
1,1,0.9999993
1,1,0.999997
1,1,0.9999963
1,1,0.9999993
1,0,0.124085635
1,1,0.9999989
1,1,0.9999975
1,1,0.99999857
1,1,0.9999988
1,1,0.9992748
1,1,0.9999993
1,1,0.9999994
1,0,0.0003444287
1,1,0.99999595
1,1,0.9999994
1,1,0.9999981
1,1,0.99999917
1,1,0.9910499
1,1,0.9999993
1,1,0.99999774
1,1,0.99336547
1,1,0.99999106
1,1,0.999974
1,1,0.9999994
1,1,0.99999905
1,1,0.9999993
1,1,0.9998423
1,1,0.9999989
1,1,0.8152977
1,1,0.99999523
1,1,0.9999887
1,1,0.99999845
1,1,0.99999404
1,1,0.9999987
1,1,0.99999905
1,1,0.9999993
1,1,0.9999993
1,1,0.98012847
1,1,0.98469734
1,1,0.9999285
1,1,0.99968374
1,1,0.99999905
1,1,0.9999949
1,1,0.99999857
1,1,0.9999994
1,1,0.999959
1,1,0.9999993
1,1,0.9999993
1,1,0.9999994
1,1,0.99884075
1,1,0.99999917
1,1,0.9999994
1,1,0.9999994
1,1,0.9999906
1,1,0.9999993
1,1,0.99999845
1,1,0.9999505
1,1,0.9977724
1,1,0.9999993
1,1,0.7289577
1,1,0.99999905
1,1,0.9998572
1,1,0.9999994
1,1,0.99999917
1,1,0.9995326
1,1,0.99999344
1,1,0.99999917
1,1,0.9999994
1,1,0.99999917
1,1,0.9999994
1,1,0.99999416
1,1,0.9999989
1,1,0.9999989
1,1,0.9999993
1,1,0.99999917
1,1,0.9176553
1,1,0.99999905
1,1,0.99845827
1,1,0.99998736
1,1,0.9999989
1,1,0.99999917
1,1,0.99982196
1,1,0.999998
1,1,0.99702615
1,1,0.9999981
1,1,0.99999845
1,1,0.9999994
1,1,0.9999993
1,1,0.9999994
1,1,0.9994685
1,1,0.99999917
1,1,0.99207014
1,1,0.99999917
1,1,0.99999917
1,1,0.99998116
1,1,0.9999993
1,1,0.99994254
1,1,0.9999988
1,1,0.99944276
1,1,0.9999993
1,1,0.9999794
1,1,0.99998367
1,1,0.99997187
1,1,0.99999905
1,1,0.99997807
1,1,0.9999963
1,1,0.98101556
1,1,0.9999994
1,1,0.99993706
1,1,0.9999993
1,1,0.9999993
1,1,0.9861015
1,1,0.99999714
1,1,0.9999988
1,1,0.99999714
1,1,0.99999726
1,1,0.9999287
1,1,0.9999683
1,1,0.9999994
1,1,0.99999905
1,1,0.9999988
1,1,0.9999937
1,1,0.99999845
1,1,0.9999988
1,1,0.9615203
1,1,0.55585945
1,1,0.9999993
1,1,0.9999764
1,1,0.9999969
1,1,0.9999993
1,0,0.45149648
1,1,0.99999917
1,1,0.9999894
1,1,0.9999988
1,1,0.9999449
1,1,0.99999845
1,1,0.99923086
1,1,0.5872366
1,1,0.9999988
1,1,0.99999857
1,1,0.9999893
1,1,0.9956027
1,1,0.99999917
1,1,0.9999728
1,1,0.9999993
1,1,0.9996631
1,1,0.998711
1,1,0.99999917
1,1,0.9999994
1,1,0.9999993
1,1,0.9999845
1,1,0.9999385
1,1,0.99999094
1,1,0.9999989
1,1,0.9999994
1,1,0.9999988
1,1,0.99999523
1,1,0.9999993
1,1,0.9999993
1,1,0.99999917
1,1,0.9999597
1,1,0.999979
1,1,0.9999963
1,1,0.9999988
1,1,0.99999523
1,1,0.9999844
1,1,0.99999917
1,1,0.9999982
1,1,0.9999987
1,1,0.9999994
1,1,0.9999833
1,1,0.9994387
1,1,0.9999993
1,1,0.9999963
1,1,0.99999917
1,1,0.99999917
1,1,0.99999905
1,1,0.9999994
1,1,0.999998
1,1,0.9999993
1,1,0.9999989
1,1,0.9965869
1,1,0.99999106
1,1,0.9999993
1,1,0.9999993
1,1,0.99999905
1,1,0.99999213
1,1,0.99999917
1,1,0.9999994
1,1,0.99999833
1,1,0.9999993
1,1,0.99999917
1,1,0.9981548
1,1,0.9999994
1,1,0.99999094
1,1,0.9999993
1,1,0.9999989
1,1,0.99999917
1,1,0.99999917
1,1,0.9999949
1,1,0.99999917
1,0,0.48178276
1,1,0.99999917
1,1,0.9999993
1,1,0.9999974
1,1,0.9999994
1,1,0.99975604
1,1,0.99999905
1,1,0.99999595
1,1,0.9999877
1,1,0.9999988
1,1,0.9999994
1,1,0.9999763
1,1,0.9999993
1,1,0.9999993
1,1,0.99993837
1,1,0.99999905
1,1,0.9999993
1,1,0.6869425
1,1,0.9999993
1,1,0.9999993
1,1,0.99999917
1,1,0.99999774
1,1,0.9995555
1,1,0.99999845
1,1,0.999997
1,0,0.46155143
1,1,0.9999993
1,1,0.99999905
1,1,0.9999939
1,1,0.9999869
1,1,0.9999993
1,1,0.9997751
1,1,0.9999815
1,1,0.99961084
1,1,0.9998616
1,1,0.9999081
1,1,0.9999527
1,1,0.9999987
1,1,0.99998116
1,1,0.997757
1,1,0.9524048
1,1,0.99999917
1,1,0.99999905
1,1,0.99998546
1,1,0.9999994
1,1,0.99999917
1,1,0.9999988
1,1,0.9772899
1,1,0.9999993
1,1,0.9999994
1,1,0.9999192
1,1,0.9999994
1,1,0.9999993
1,1,0.99999225
1,1,0.9999857
1,1,0.9999987
1,1,0.99999905
1,1,0.9999993
1,1,0.9999994
1,1,0.9999988
1,1,0.99999917
1,1,0.99999774
1,1,0.99999595
1,1,0.9999994
1,1,0.99999726
1,1,0.9999994
1,1,0.9999994
1,1,0.9996916
1,1,0.99999905
1,1,0.9999993
1,1,0.9999988
1,1,0.98885494
1,1,0.99999857
1,1,0.9999993
1,1,0.99999917
1,1,0.9999993
1,1,0.9999989
1,1,0.9999989
1,1,0.9993861
1,1,0.9999993
1,1,0.99991834
1,1,0.99999905
1,1,0.9997812
1,1,0.99999917
1,1,0.9999988
1,1,0.9999988
1,1,0.9999962
1,1,0.9995377
1,1,0.9999994
1,1,0.99988055
1,1,0.9999877
1,1,0.99999917
1,1,0.99934584
1,1,0.9999993
1,1,0.99733055
1,1,0.9987343
1,1,0.99999917
1,1,0.9999994
1,1,0.9999993
1,1,0.9999993
1,1,0.96355075
1,1,0.99998796
1,1,0.9999994
1,1,0.9999993
1,1,0.9996296
1,1,0.9999901
1,1,0.9999993
1,1,0.9962747
1,1,0.9999993
1,1,0.9999988
1,1,0.9999993
1,1,0.9999994
1,1,0.98460925
1,1,0.98781955
1,1,0.99999917
1,1,0.99670094
1,1,0.9999993
1,1,0.9997011
1,1,0.99970216
1,1,0.9999994
1,1,0.9999993
1,1,0.9999993
1,1,0.9996749
1,1,0.9999993
1,1,0.9999825
1,1,0.99999905
1,1,0.99999833
1,1,0.99998796
1,1,0.99999905
1,1,0.99999845
1,1,0.9361367
1,1,0.9994111
1,1,0.9999988
1,1,0.56672996
1,1,0.9999987
1,1,0.9999993
1,1,0.9999994
1,1,0.99923575
1,1,0.9999994
1,1,0.9999994
1,1,0.9999988
1,1,0.8165887
1,1,0.9999993
1,1,0.9999987
1,1,0.99994695
1,1,0.9999994
1,1,0.9999994
1,1,0.9999993
1,1,0.9999969
1,1,0.9999993
1,1,0.99999857
1,1,0.9999993
1,1,0.9999994
1,1,0.9999993
1,0,0.15697211
1,1,0.9999975
1,1,0.9999994
1,1,0.9999989
1,1,0.9991536
1,1,0.9999987
1,1,0.99998665
1,1,0.9999993
1,1,0.99999917
1,1,0.9999994
1,1,0.81726855
1,1,0.99999905
1,1,0.75184804
1,1,0.99999845
1,1,0.99999905
1,1,0.9997954
1,1,0.9999994
1,1,0.9999993
1,1,0.99999905
1,1,0.9999994
1,1,0.9999989
1,1,0.99999917
1,1,0.9999989
1,1,0.99999917
1,1,0.9999994
1,1,0.9999994
1,1,0.9999987
1,1,0.99999857
1,1,0.9999993
1,1,0.99999845
1,1,0.99999905
1,1,0.99999845
1,1,0.99999833
1,0,0.47276297
1,1,0.9999994
1,1,0.9816126
1,1,0.9999957
1,1,0.9999993
1,1,0.99937916
1,1,0.9999962
1,1,0.9999994
1,1,0.9788613
1,1,0.9996768
1,1,0.99997365
1,1,0.9689353
1,1,0.99999917
1,1,0.9999994
1,1,0.99493366
1,1,0.9999963
1,1,0.99999917
1,1,0.9999993
1,1,0.9999993
1,1,0.99999917
1,1,0.9999993
1,1,0.99969053
1,1,0.9999976
1,1,0.99999917
1,1,0.99999917
1,1,0.9999988
1,1,0.99999905
1,1,0.9999993
1,1,0.99999917
1,1,0.79165685
1,1,0.9999994
1,1,0.99999917
1,1,0.99999607
1,1,0.99999917
1,1,0.9999988
1,1,0.99999917
1,1,0.9912033
1,1,0.9999982
1,1,0.9999993
1,1,0.9999703
1,1,0.9999963
1,1,0.99997807
1,1,0.99999833
1,1,0.9999994
1,1,0.9999988
1,1,0.99999523
1,1,0.9999994
1,1,0.9999752
1,1,0.9999994
1,1,0.99999905
1,1,0.99999905
1,1,0.99999845
1,1,0.5705037
1,1,0.99999344
1,1,0.99999845
1,1,0.999992
1,1,0.9999994
1,1,0.99999523
1,1,0.999984
1,1,0.9999994
1,1,0.9999993
1,1,0.9999993
1,1,0.99998784
1,1,0.9999994
1,1,0.9999943
1,1,0.999992
1,1,0.9999993
1,1,0.9999994
1,1,0.9999993
1,1,0.99999905
1,1,0.9999993
1,1,0.9999988
1,1,0.9999993
1,1,0.99999905
1,1,0.9999796
1,1,0.99998176
1,1,0.9999988
1,1,0.99999917
1,1,0.9999993
1,1,0.9999982
1,1,0.9998598
1,1,0.99999845
1,1,0.9967085
1,1,0.9999994
1,1,0.9999994
1,1,0.99999845
1,1,0.9999988
1,0,0.25995994
1,1,0.9999989
1,1,0.9699765
1,1,0.9999993
1,1,0.9999993
1,1,0.9999994
1,1,0.99999917
1,1,0.9999994
1,1,0.9999988
1,1,0.9999976
1,1,0.9999994
1,1,0.99999714
1,1,0.99988043
1,1,0.9998832
1,1,0.9999485
1,1,0.99999845
1,1,0.9999982
1,1,0.9999963
1,1,0.9999958
1,1,0.99999607
1,1,0.9999994
1,1,0.9999993
1,1,0.99990654
1,1,0.99999917
1,1,0.9999993
1,1,0.9999989
1,1,0.9999994
1,1,0.99999917
1,1,0.99991584
1,1,0.9999993
1,1,0.99999857
1,1,0.9999993
1,1,0.53530574
1,1,0.9999989
1,1,0.99999905
1,1,0.9999987
1,1,0.9999994
1,1,0.99999857
1,1,0.9999393
1,1,0.9998204
1,1,0.9999068
1,1,0.99999917
1,1,0.99999857
1,1,0.99999917
1,1,0.9999949
1,1,0.99999654
1,1,0.99999475
1,1,0.99999917
1,1,0.8715174
1,1,0.9999988
1,1,0.50188714
1,1,0.9999722
1,1,0.9999994
1,1,0.9999988
1,1,0.9983004
1,1,0.9999994
1,1,0.9999988
1,1,0.99914134
1,1,0.99347734
1,1,0.9999993
1,1,0.9994141
1,1,0.9999989
1,1,0.9999976
1,1,0.9999994
1,1,0.9999994
1,1,0.9999939
1,1,0.9999987
1,1,0.9999962
1,1,0.9999988
1,1,0.99993813
1,1,0.9999989
1,1,0.9399699
1,1,0.9999994
1,1,0.99999726
1,1,0.99996066
1,1,0.9999993
1,1,0.99995446
1,1,0.99999726
1,1,0.99999917
1,1,0.9999993
1,1,0.9999993
1,1,0.99999905
1,1,0.99999654
1,1,0.9999981
1,0,0.22244784
1,1,0.99999905
1,1,0.9999993
1,1,0.9999993
1,1,0.9999989
1,1,0.99999857
1,1,0.99997044
1,1,0.9999043
1,1,0.99999917
1,1,0.9999982
1,1,0.9999976
1,1,0.9999993
1,1,0.99999917
1,1,0.9999988
1,1,0.9993992
1,1,0.9999989
1,1,0.9999931
1,1,0.9999567
1,1,0.99998355
1,1,0.9999976
1,1,0.9999993
1,1,0.99996877
1,1,0.99999857
1,1,0.9999993
1,1,0.9999988
1,1,0.9999789
1,1,0.9999994
1,1,0.9963186
1,1,0.9999988
1,1,0.99999905
1,1,0.99999845
1,1,0.9999993
1,1,0.9999987
1,1,0.99999905
1,1,0.99999917
1,1,0.9999988
1,1,0.9999993
1,1,0.9999994
1,1,0.9999993
1,1,0.99991775
1,1,0.9999993
1,1,0.9999993
1,1,0.9998956
1,1,0.9999994
1,0,0.0006647035
1,1,0.99999917
1,1,0.99991167
1,1,0.9999709
1,1,0.9793438
1,1,0.9999894
1,1,0.9999976
1,1,0.9999993
1,1,0.9999993
1,1,0.9999994
1,1,0.66998804
1,1,0.5602504
1,1,0.9999993
1,1,0.9981158
1,1,0.99999523
1,1,0.81189346
1,1,0.9999982
1,1,0.9999957
1,1,0.98701197
1,1,0.9999993
1,1,0.9999994
1,1,0.74917316
1,1,0.9999838
1,1,0.6916568
1,1,0.9999993
1,1,0.9999989
1,1,0.99999857
1,1,0.99998987
1,1,0.99999905
1,1,0.9999994
1,1,0.9999987
1,1,0.99999666
1,1,0.9999994
1,1,0.9999988
1,1,0.9999994
1,1,0.681472
1,1,0.54830945
1,1,0.9999943
1,1,0.9999989
1,1,0.99995744
1,1,0.9999993
1,0,0.12895103
1,1,0.99999833
1,1,0.99997866
1,1,0.9999919
1,1,0.9795471
1,1,0.9999994
1,1,0.9999993
1,1,0.99996865
1,1,0.999998
1,1,0.99999905
1,1,0.9999887
1,1,0.99999905
1,1,0.9999993
1,1,0.99999285
1,1,0.99999774
1,1,0.99999917
1,1,0.9999993
1,1,0.98083544
1,1,0.9999988
1,1,0.99999917
1,1,0.9999801
1,1,0.99987984
1,1,0.9999993
1,1,0.99844044
1,1,0.99999774
1,1,0.99999833
1,1,0.99999917
1,1,0.98001385
1,1,0.9999987
1,1,0.9999696
1,1,0.8364409
1,1,0.9999994
1,1,0.995207
1,1,0.9999993
1,1,0.9999982
1,1,0.9999988
1,1,0.9999994
1,1,0.99999917
1,1,0.99999905
1,1,0.9950912
1,1,0.9999716
1,1,0.98822683
1,1,0.9840636
1,1,0.9999993
1,1,0.9999989
1,1,0.9999993
1,1,0.9999975
1,1,0.9999994
1,1,0.9999994
1,1,0.9999993
1,1,0.9999993
1,1,0.99999917
1,1,0.9999989
1,1,0.99999785
1,1,0.9999993
1,1,0.9999982
1,1,0.9999993
1,1,0.9999989
1,1,0.9999993
1,1,0.9999925
1,1,0.9984289
1,1,0.99450475
1,1,0.9999987
1,1,0.99999917
1,1,0.994919
1,1,0.99950826
1,1,0.9998628
1,1,0.9999989
1,1,0.99999774
1,1,0.99985445
1,1,0.9999994
1,1,0.9999994
1,1,0.9983462
1,1,0.99999917
1,1,0.99997854
1,1,0.9999993
1,0,0.13501264
1,1,0.99958044
1,1,0.999283
1,1,0.99999917
1,1,0.8665957
1,1,0.9999994
1,1,0.9999994
1,1,0.99991167
1,1,0.99999666
1,1,0.9999492
1,1,0.99999905
1,1,0.99999917
1,1,0.9994174
1,1,0.9999987
1,1,0.9999976
1,1,0.9999993
1,1,0.9997261
1,1,0.9999993
1,1,0.99909663
1,0,0.27720156
1,1,0.9999378
1,1,0.9999993
1,1,0.9997937
1,1,0.9999994
1,1,0.9999994
1,1,0.9999994
1,0,0.34345922
1,1,0.999998
1,1,0.9999988
1,1,0.9999702
1,1,0.9999927
1,1,0.9999918
1,1,0.99999154
1,1,0.99999857
1,1,0.99999833
1,1,0.9999976
1,0,0.2824946
1,1,0.9999988
1,1,0.9999989
1,1,0.9999988
1,1,0.99999905
1,1,0.9999993
1,1,0.9999962
1,1,0.9999993
1,1,0.99999917
1,1,0.9999994
1,1,0.99999607
1,1,0.99999905
1,1,0.9999989
1,1,0.99999034
1,1,0.9999989
1,1,0.9999676
1,0,0.34953368
1,1,0.99999905
1,1,0.9999994
1,1,0.9997851
1,1,0.9999807
1,1,0.9999993
1,1,0.9999994
1,1,0.99999905
1,1,0.99999857
1,1,0.99999833
1,1,0.9999839
1,1,0.99999833
1,1,0.99999857
1,1,0.9999993
1,1,0.99999917
1,1,0.9999993
1,1,0.9999993
1,1,0.99998045
1,1,0.99946445
1,1,0.9999993
1,1,0.9999646
1,0,0.18597534
1,1,0.9999262
1,1,0.99999905
1,1,0.9999981
1,1,0.9999993
1,1,0.9998746
1,1,0.9999993
1,1,0.99999917
1,1,0.9929208
1,1,0.99999833
1,1,0.9999981
1,1,0.99997735
1,1,0.9999964
1,1,0.9994659
1,1,0.9293215
1,1,0.9999993
1,1,0.9999974
1,1,0.9999988
1,1,0.9999981
1,1,0.70507234
1,1,0.99999905
1,1,0.97049093
1,1,0.9999994
1,1,0.99999297
1,1,0.99998116
1,1,0.9999813
1,1,0.8963275
1,1,0.9999417
1,1,0.9999994
1,1,0.99997914
1,1,0.9999994
1,1,0.99999917
1,1,0.9999987
1,1,0.99999905
1,1,0.9999993
1,1,0.9999981
1,1,0.99999845
1,1,0.9999988
1,1,0.9999993
1,1,0.99999917
1,1,0.9999993
1,1,0.9999993
1,1,0.9999989
1,1,0.99914515
1,1,0.9999956
1,1,0.999998
1,1,0.99999917
1,1,0.9986325
1,1,0.9999993
1,1,0.99999917
1,1,0.9999994
1,1,0.99999917
1,1,0.9999989
1,1,0.82792866
1,1,0.9999993
1,1,0.99993587
1,1,0.9999994
1,1,0.99954695
1,1,0.9999993
1,1,0.99994266
1,1,0.99999535
1,1,0.9999988
1,1,0.9999994
1,1,0.9999342
1,1,0.9999893
1,1,0.9999987
1,1,0.99999845
1,1,0.99997926
1,1,0.99999905
1,1,0.99999917
1,1,0.98746455
1,1,0.9999994
1,1,0.9999994
1,1,0.9999994
1,1,0.9999819
1,1,0.9999989
1,1,0.9999993
1,1,0.99996054
1,1,0.9999989
1,1,0.9999993
1,1,0.9999993
1,1,0.99999905
1,1,0.9999672
1,1,0.99999857
1,1,0.9999982
1,1,0.9999894
1,1,0.9999994
1,1,0.9999989
1,1,0.9999851
1,1,0.99999905
1,0,0.24869032
1,1,0.9999993
1,1,0.9999994
1,1,0.9998661
1,1,0.9999291
1,1,0.99993956
1,1,0.99999917
1,1,0.9999713
1,1,0.9999993
1,1,0.9999994
1,1,0.9999993
1,1,0.9999949
1,1,0.99587727
1,1,0.9999994
1,1,0.99996924
1,1,0.9999993
1,1,0.9999982
1,1,0.98756486
1,1,0.99999917
1,1,0.99999905
1,1,0.9999993
1,1,0.99998295
1,1,0.9999988
1,1,0.9999691
1,1,0.99999845
1,1,0.99999917
1,1,0.9999075
1,1,0.9999989
1,1,0.99993026
1,1,0.9999994
1,1,0.9999994
1,1,0.9999634
1,1,0.75037706
1,1,0.9999989
1,1,0.9999989
1,1,0.99999857
1,1,0.9999447
1,1,0.9999993
1,1,0.9999989
1,1,0.9999994
1,1,0.9155438
1,1,0.9999994
1,1,0.9999994
1,1,0.997218
1,1,0.99999833
1,1,0.99999917
1,1,0.99608225
1,1,0.99999845
1,0,0.2169026
1,1,0.9999089
1,1,0.99991024
1,1,0.9999038
1,1,0.99997056
1,1,0.9997676
1,1,0.98111504
1,1,0.9999993
1,1,0.9999993
1,1,0.99999905
1,0,0.0115764085
1,1,0.9999994
1,1,0.99999464
1,1,0.99999917
1,1,0.9999993
1,1,0.8158448
1,1,0.9999993
1,1,0.9999994
1,1,0.9999994
1,1,0.99999917
1,1,0.9999993
1,1,0.99999905
1,1,0.9999989
1,1,0.9999994
1,1,0.9999994
1,1,0.98432195
1,1,0.9999759
1,1,0.99999905
1,1,0.9999964
1,1,0.9999993
1,1,0.9999956
1,1,0.9999993
1,1,0.9999993
1,1,0.99999857
1,1,0.99997187
1,1,0.9999994
1,1,0.9999994
1,1,0.9999994
1,1,0.99582314
1,1,0.99783295
1,1,0.99999595
1,1,0.99552816
1,1,0.99884427
1,1,0.9999993
1,1,0.9999951
1,1,0.9999962
1,1,0.9999993
1,1,0.9999993
1,1,0.9999963
1,1,0.9999993
1,1,0.99999917
1,1,0.9999993
1,1,0.9999993
1,1,0.9999945
1,1,0.9999988
1,1,0.99982554
1,1,0.99999774
1,1,0.99999905
1,1,0.9999993
1,1,0.9999994
1,1,0.9999994
1,1,0.9999988
1,1,0.99999404
1,1,0.9999994
1,1,0.9999182
1,1,0.9999994
1,1,0.9999993
1,1,0.9999994
1,1,0.99837613
1,1,0.9999993
1,1,0.9999808
1,1,0.99999857
1,1,0.99994993
1,1,0.9999994
1,1,0.9999994
1,1,0.9999989
1,1,0.9999993
1,1,0.9999993
1,1,0.9999993
1,1,0.99996924
1,1,0.9999989
1,1,0.9999994
1,1,0.9999994
1,1,0.99999917
1,1,0.9990029
1,1,0.9999993
1,1,0.99999845
1,1,0.9978567
1,1,0.9906392
1,1,0.9999989
1,1,0.99999714
1,1,0.9999994
1,1,0.9999982
1,1,0.9999982
1,1,0.9999994
1,1,0.9999993
1,1,0.99999905
1,1,0.99994314
1,1,0.99996436
1,1,0.9999993
1,1,0.99999905
1,1,0.99999917
1,1,0.9999654
1,1,0.9999993
1,1,0.9999994
1,1,0.99999917
1,1,0.9999994
1,1,0.99999845
1,1,0.99999833
1,1,0.9999993
1,1,0.99999917
1,1,0.9999981
1,1,0.99997747
1,1,0.9999993
1,1,0.9999994
1,1,0.9999994
1,1,0.99999905
1,1,0.99999785
1,1,0.99999917
1,1,0.99999905
1,1,0.99994993
1,1,0.99999785
1,1,0.99998915
1,1,0.9999771
1,1,0.9999987
1,1,0.9999926
1,1,0.99999416
1,1,0.9999976
1,1,0.9999988
1,1,0.99999917
1,1,0.9999454
1,1,0.9999993
1,1,0.9999987
1,1,0.9988187
1,1,0.9999989
1,1,0.99999857
1,1,0.9999989
1,1,0.9999993
1,1,0.9999993
1,1,0.99766374
1,1,0.9753837
1,1,0.9999988
1,1,0.9064681
1,1,0.9999993
1,1,0.9999993
1,1,0.9989292
1,1,0.99999917
1,1,0.9999993
1,1,0.999998
1,1,0.98654294
1,1,0.9999988
1,1,0.99999416
1,1,0.99999917
1,1,0.9999993
1,1,0.99981016
1,1,0.9999982
1,1,0.9999993
1,1,0.9953004
1,1,0.9999994
1,1,0.99975127
1,1,0.9999993
1,1,0.99999726
1,1,0.9943282
1,1,0.9999901
1,1,0.9999993
1,1,0.9864102
1,1,0.9999484
1,1,0.99986684
1,1,0.9999993
1,1,0.9999993
1,1,0.9999846
1,1,0.99999917
1,1,0.9999993
1,1,0.9999989
1,1,0.99999917
1,1,0.9999988
1,1,0.9999993
1,1,0.9999993
1,1,0.99999917
1,1,0.99990964
1,1,0.9999994
1,1,0.9999994
1,1,0.99999845
1,1,0.9999989
1,1,0.99974126
1,1,0.9999629
1,1,0.9980862
1,1,0.999998
1,1,0.99961346
1,1,0.9999751
1,1,0.99999917
1,1,0.99996924
1,1,0.9999993
1,1,0.9999968
1,1,0.9999993
1,1,0.9982863
1,1,0.99999475
1,1,0.99203354
1,1,0.99999905
1,1,0.9999871
1,1,0.99999905
1,1,0.9999988
1,1,0.99999917
1,1,0.9999976
1,1,0.99999
1,1,0.9898824
1,1,0.99999905
1,1,0.9999993
1,1,0.99999917
1,1,0.9999838
1,1,0.99999905
1,1,0.99999905
1,1,0.9991416
1,1,0.99994206
1,1,0.99995744
1,1,0.9999994
1,1,0.9999962
1,1,0.99999905
1,1,0.9999993
1,1,0.9999982
1,1,0.99999905
1,1,0.9999938
1,1,0.9999994
1,1,0.9999975
1,1,0.9999994
1,1,0.9999993
1,1,0.99999905
1,1,0.9999397
1,1,0.99993896
1,1,0.9999951
1,1,0.9999982
1,1,0.99999845
1,1,0.99999833
1,1,0.9998228
1,1,0.99999917
1,1,0.99999857
1,1,0.9999994
1,1,0.99998844
1,1,0.9999993
1,1,0.942811
1,1,0.9999994
1,1,0.99999917
1,1,0.91612667
1,1,0.99991465
1,1,0.99998116
1,1,0.9999989
1,1,0.9961777
1,1,0.9999987
1,1,0.99999475
1,1,0.99999905
1,1,0.9999958
1,1,0.999941
1,1,0.99999857
1,1,0.9999043
1,1,0.9999993
1,1,0.99996614
1,1,0.9999994
1,1,0.9999993
1,0,0.058576193
1,1,0.9998516
1,1,0.9999994
1,1,0.9999175
1,1,0.99999857
1,1,0.999997
1,1,0.9999993
1,1,0.9999994
1,1,0.9999993
1,1,0.9997904
1,1,0.86499125
1,1,0.99960285
1,1,0.9747766
1,1,0.9999994
1,1,0.99999905
1,1,0.99999917
1,1,0.99999833
1,1,0.9999993
1,1,0.9995747
1,1,0.99999905
1,1,0.99999905
1,1,0.9999994
1,0,0.0012774647
1,1,0.9999993
1,1,0.9999993
1,1,0.9999993
1,1,0.99999845
1,1,0.99999905
1,0,0.018131549
1,1,0.99950266
1,1,0.98424053
1,1,0.9999908
1,1,0.99999714
1,1,0.90706915
1,1,0.9999989
1,1,0.9998623
1,1,0.99999774
1,1,0.8950765
1,1,0.99996626
1,1,0.99867636
1,1,0.9999912
1,1,0.9999852
1,1,0.96136826
1,1,0.9596588
1,0,5.734906e-06
1,1,0.9999654
1,1,0.9449676
1,1,0.99999094
1,1,0.99999523
1,1,0.9999993
1,1,0.9979227
1,1,0.99712867
1,1,0.999998
1,1,0.9999993
1,1,0.9999987
1,0,9.618328e-05
1,1,0.9999994
1,1,0.9999994
1,1,0.9999994
1,1,0.9999994
1,1,0.9999932
1,1,0.99992704
1,1,0.99999774
1,1,0.99963737
1,1,0.99997246
1,1,0.9999902
1,1,0.99999714
1,1,0.99994934
1,1,0.9999373
1,0,0.2844379
1,0,0.1412558
1,1,0.9999989
1,1,0.9999994
1,1,0.999997
1,0,0.45167997
1,1,0.89542973
1,1,0.9999907
1,1,0.99999905
1,1,0.99995923
1,0,0.3994351
1,1,0.98992246
1,1,0.9999956
1,1,0.99814916
1,1,0.9024173
1,0,0.0119403
1,1,0.9999615
1,1,0.9158848
1,1,0.99921083
1,1,0.99999917
1,1,0.9999993
1,0,0.06319888
1,0,0.38152194
1,1,0.9999993
1,1,0.9999994
1,1,0.99999905
1,1,0.99999905
1,0,0.025227325
1,1,0.806634
1,1,0.99999917
1,1,0.99999905
1,0,0.011087486
1,1,0.9999113
1,1,0.9999994
1,1,0.9999994
1,1,0.9999988
1,1,0.9999882
1,0,0.32032275
1,1,0.9999994
1,1,0.9999994
1,1,0.99999785
1,1,0.9999993
1,1,0.9999994
1,1,0.99999833
1,1,0.98075277
1,1,0.9999988
1,1,0.999316
1,1,0.9795793
1,1,0.9558827
1,1,0.99999905
1,1,0.99996984
1,1,0.99999857
1,1,0.99999857
1,1,0.9961469
1,1,0.99810106
1,1,0.99999845
1,1,0.9999993
1,1,0.99999917
1,0,0.021431081
1,1,0.9999994
1,1,0.99999833
1,1,0.99998033
1,1,0.9954406
1,1,0.99999845
1,0,0.07458695
1,1,0.9999989
1,1,0.99997115
1,1,0.99998856
1,0,0.009742037
1,1,0.9940025
1,1,0.9999708
1,1,0.9999989
1,1,0.99999666
1,1,0.9999993
1,1,0.9999994
1,1,0.9999981
1,1,0.9999963
1,1,0.99999857
1,1,0.98498523
1,1,0.9999993
1,1,0.9999994
1,1,0.99939775
1,1,0.99999905
1,1,0.9999993
1,1,0.99999917
1,0,1.6230462e-05
1,1,0.9999994
1,1,0.999979
1,1,0.9999989
1,0,0.24029636
1,1,0.99999917
1,1,0.9998889
1,0,0.20713551
1,0,0.0028270963
1,1,0.99999917
1,1,0.99015933
1,1,0.91354513
1,1,0.9966717
1,1,0.99999285
1,0,0.04679146
1,0,0.000117468706
1,1,0.99639904
1,1,0.99999905
1,1,0.6452601
1,1,0.99999845
1,1,0.9999994
1,1,0.9999914
1,0,0.0022948112
1,1,0.99999917
1,0,0.014128524
1,0,0.00056991086
1,1,0.81275886
1,1,0.99999917
1,1,0.9670951
1,1,0.9999105
1,1,0.99999917
1,1,0.9999273
1,1,0.99999833
1,1,0.99384356
1,1,0.99977225
1,0,0.3992426
1,0,5.198438e-05
1,1,0.99987936
1,1,0.9999932
1,1,0.89504796
1,1,0.9999994
1,1,0.5223867
1,1,0.99084395
1,1,0.99999917
1,0,0.032252412
1,1,0.99999833
1,1,0.9999981
1,1,0.9274802
1,1,0.99999714
1,0,0.05774077
1,1,0.99999857
1,1,0.99999917
1,1,0.9999993
1,1,0.991143
1,1,0.99999905
1,0,3.5573958e-06
1,1,0.9997042
1,1,0.9971008
1,1,0.6915427
1,1,0.9999993
1,1,0.9808584
1,1,0.99603003
1,1,0.9999994
1,1,0.9999993
1,0,0.039022014
1,1,0.99999774
1,1,0.9999807
1,1,0.9999993
1,1,0.99101967
1,1,0.93910676
1,1,0.99999607
1,1,0.99998116
1,1,0.9999865
1,1,0.99999857
1,1,0.9996823
1,1,0.99859005
1,1,0.9999993
1,1,0.8319763
1,1,0.99998283
1,1,0.9999069
1,1,0.99997735
1,1,0.999997
1,1,0.99999905
1,0,0.020496778
1,1,0.9999976
1,1,0.9999994
1,1,0.9999982
1,1,0.9999833
1,1,0.99999714
1,1,0.99999917
1,1,0.99784076
1,1,0.9999981
1,0,3.4408774e-06
1,1,0.99965036
1,1,0.9999796
1,1,0.99999654
1,0,0.0046150824
1,1,0.9999993
1,0,0.092170484
1,0,0.004626617
1,1,0.99993086
1,1,0.999767
1,1,0.9999174
1,1,0.99999905
1,1,0.99999905
1,1,0.99999857
1,1,0.99994636
1,1,0.9993048
1,1,0.9999994
1,1,0.99985063
1,1,0.9999945
1,1,0.9999654
1,1,0.9999994
1,1,0.99994195
1,1,0.9997689
1,0,0.017122423
1,1,0.9724912
1,1,0.9999993
1,1,0.7549476
1,1,0.99999833
1,1,0.9999989
1,1,0.9999403
1,1,0.9996172
1,1,0.9908593
1,0,0.09930281
1,1,0.7356362
1,1,0.94412434
1,0,0.25135615
1,1,0.9999993
1,1,0.9983742
1,1,0.9999553
1,1,0.9999374
1,1,0.9999993
1,1,0.99997616
1,1,0.9999851
1,0,0.07637095
1,1,0.9998958
1,1,0.74069923
1,1,0.9999969
1,1,0.99999523
1,0,5.69483e-05
1,1,0.9999989
1,1,0.9999993
1,1,0.9999994
1,1,0.9173021
1,0,0.004111509
1,1,0.881797
1,1,0.9999019
1,1,0.9999782
1,0,0.0009344853
1,1,0.99999917
1,1,0.7679943
1,1,0.74863225
1,0,0.056454707
1,1,0.9995952
1,1,0.9999993
1,1,0.999997
1,1,0.9955564
1,1,0.9836585
1,1,0.99914396
1,1,0.9999989
1,0,0.00021133413
1,1,0.99990606
1,1,0.99803835
1,1,0.9999821
1,1,0.9999963
1,1,0.9999801
1,1,0.9980106
1,1,0.9998926
1,1,0.9998969
1,0,0.016382089
1,1,0.9999949
1,1,0.9993309
1,0,0.00014797288
1,1,0.9999994
1,1,0.99999905
1,0,0.0006278343
1,1,0.50473
1,0,0.24290209
1,1,0.9999994
1,1,0.99999917
1,1,0.999313
1,1,0.9999993
1,1,0.99999356
1,1,0.9999993
1,1,0.99999917
1,1,0.9996271
1,1,0.9999939
1,1,0.99999154
1,1,0.99991906
1,1,0.99997544
1,1,0.8005839
1,1,0.9694289
1,1,0.9985863
1,1,0.999998
1,1,0.99996734
1,1,0.99999607
1,1,0.99999845
1,0,0.0074174576
1,1,0.7553062
1,1,0.9999989
1,1,0.9999993
1,1,0.99955684
1,1,0.98067445
1,1,0.9939381
1,1,0.8966315
1,1,0.9991683
1,1,0.98759204
1,1,0.9999993
1,1,0.99999917
1,1,0.92579275
1,1,0.9999286
1,1,0.9999914
1,1,0.9990164
1,1,0.99999344
1,0,0.020657359
1,1,0.66536826
1,1,0.954321
1,1,0.9999993
1,1,0.99999917
1,1,0.9987173
1,1,0.99999905
1,1,0.9999659
1,1,0.99628484
1,1,0.999438
1,1,0.6419381
1,1,0.9999585
1,1,0.9999993
1,1,0.9999819
1,1,0.9999751
1,1,0.7249369
1,1,0.999998
1,1,0.9999987
1,1,0.9999821
1,1,0.9999844
1,0,0.3462176
1,1,0.9999989
1,1,0.9999994
1,1,0.99862564
1,0,0.2419015
1,1,0.9999993
1,1,0.9999993
1,1,0.99221766
1,1,0.99999917
1,1,0.99999917
1,1,0.99999905
1,1,0.9987476
1,0,0.47701702
1,1,0.9999993
1,1,0.99998975
1,1,0.98560566
1,0,0.14238814
1,1,0.99974805
1,1,0.99999833
1,1,0.9999994
1,1,0.9999968
1,1,0.9999678
1,1,0.99625045
1,1,0.99999905
1,0,0.0029067611
1,1,0.99750715
1,1,0.99999166
1,1,0.9999993
1,0,0.12989023
1,1,0.9999633
1,1,0.9999914
1,1,0.99999833
1,1,0.9999994
1,1,0.9999851
1,1,0.99999917
1,1,0.99904054
1,1,0.99984145
1,1,0.9999988
1,1,0.9995359
1,1,0.91391754
1,1,0.9999994
1,0,6.220175e-05
1,1,0.99999845
1,0,0.28488368
1,1,0.9999989
1,1,0.9999994
1,1,0.99999666
1,1,0.99999917
1,1,0.9559393
1,1,0.99999785
1,1,0.99997437
1,1,0.9999783
1,1,0.99999917
1,1,0.9996158
1,1,0.9999993
1,1,0.99643683
1,1,0.99997306
1,1,0.9983543
1,1,0.99999917
1,1,0.99999917
1,1,0.999982
1,1,0.9999994
1,1,0.9999989
1,1,0.9999969
1,1,0.9981458
1,1,0.9999994
1,1,0.9999989
1,1,0.9999989
1,1,0.9999993
1,1,0.99999905
1,1,0.9999993
1,1,0.9952378
1,1,0.9999896
1,1,0.99995255
1,1,0.99996865
1,1,0.8746175
1,1,0.99905485
1,1,0.99999607
1,1,0.9999894
1,0,4.973317e-05
1,1,0.8570837
1,1,0.53304094
1,1,0.9999994
1,1,0.9978677
1,1,0.9999968
1,1,0.9999994
1,1,0.9999993
1,1,0.99999917
1,1,0.99243283
1,1,0.98877114
1,0,0.007265467
1,1,0.99999845
1,1,0.8771051
1,1,0.9999764
1,1,0.9999993
1,1,0.99999774
1,1,0.9453073
1,1,0.99999917
1,1,0.9999994
1,1,0.97215605
1,1,0.9993592
1,1,0.9999994
1,1,0.99999666
1,1,0.9995018
1,1,0.5596871
1,0,0.383349
1,1,0.9751799
1,1,0.9999994
1,1,0.95360786
1,1,0.95224994
1,1,0.9999981
1,1,0.99999607
1,1,0.9999989
1,1,0.9999994
1,1,0.9743876
1,1,0.9999993
1,0,0.0009855991
1,1,0.9945122
1,1,0.99448603
1,1,0.9999993
1,1,0.9997193
1,1,0.64429486
1,1,0.9998871
1,1,0.9999982
1,1,0.99999917
1,1,0.9999994
1,1,0.99999905
1,1,0.99999905
1,0,0.004098479
1,1,0.9998186
1,1,0.9971328
1,1,0.99999845
1,1,0.9999994
1,1,0.9823325
1,1,0.9999994
1,1,0.9999982
1,1,0.99999917
1,1,0.9999962
1,0,0.01340513
1,1,0.9999989
1,1,0.9474093
1,1,0.9997452
1,1,0.9999993
1,1,0.94837797
1,1,0.9999988
1,1,0.9596571
1,1,0.95144886
1,1,0.9999907
1,1,0.99991345
1,1,0.99999917
1,1,0.9999993
1,1,0.9999994
1,1,0.99999607
1,1,0.9999994
1,1,0.99999857
1,1,0.9999993
1,1,0.9999993
1,1,0.99999917
1,1,0.9999771
1,1,0.9999994
1,1,0.9999988
1,1,0.9999988
1,1,0.99994636
1,1,0.9999993
1,1,0.99999857
1,1,0.9999993
1,1,0.99999905
1,1,0.9999993
1,1,0.9999988
1,1,0.99993694
1,1,0.9999993
1,1,0.9966313
1,1,0.9999993
1,1,0.99999917
1,1,0.99997306
1,1,0.9970618
1,1,0.99999
1,1,0.99997604
1,1,0.99998796
1,1,0.9999988
1,1,0.99999905
1,1,0.9999989
1,1,0.99999917
1,1,0.99965847
1,1,0.9999994
1,1,0.9999993
1,1,0.9999938
1,1,0.9999988
1,1,0.99999785
1,1,0.99999905
1,1,0.9999989
1,1,0.99999917
1,1,0.9731872
1,1,0.9999993
1,1,0.9999993
1,0,0.0028005065
1,1,0.99999905
1,1,0.99999917
1,1,0.99999917
1,1,0.9999993
1,1,0.99999166
1,1,0.99377584
1,1,0.9999994
1,1,0.99999905
1,1,0.9999982
1,1,0.9999988
1,1,0.9999988
1,1,0.949823
1,1,0.9999993
1,1,0.9999989
1,1,0.9999989
1,1,0.99999917
1,1,0.99999917
1,1,0.9999993
1,1,0.9999709
1,1,0.9999994
1,1,0.9999994
1,1,0.9999993
1,1,0.9999994
1,1,0.99599934
1,1,0.99992955
1,1,0.9999994
1,1,0.9999987
1,1,0.9999993
1,1,0.9999994
1,1,0.9999994
1,1,0.99999845
1,1,0.99999857
1,1,0.9999988
1,1,0.9999988
1,1,0.99999094
1,1,0.9999987
1,1,0.9999993
1,1,0.99999857
1,1,0.9999988
1,1,0.9999994
1,1,0.9999993
1,1,0.9999975
1,1,0.9999981
1,1,0.99999917
1,1,0.9999994
1,1,0.9999796
1,1,0.9999994
1,1,0.99999845
1,1,0.9962316
1,1,0.9999994
1,1,0.9999989
1,1,0.9999994
1,1,0.99997365
1,1,0.9999993
1,1,0.9999994
1,1,0.99998736
1,1,0.99999857
1,1,0.9999989
1,1,0.9999893
1,1,0.9999993
1,1,0.9999938
1,1,0.9999993
1,1,0.9999975
1,1,0.9999994
1,1,0.9993766
1,1,0.99999857
1,1,0.9999993
1,1,0.9999858
1,1,0.9999989
1,1,0.999997
1,1,0.9999993
1,1,0.9999993
1,1,0.9999993
1,1,0.99999905
1,1,0.98777956
1,1,0.9999964
1,1,0.9999993
1,1,0.9999993
1,1,0.9999993
1,1,0.9999994
1,1,0.9992841
1,1,0.99999917
1,1,0.9999993
1,1,0.9999989
1,1,0.747244
1,1,0.9999993
1,0,0.30855814
1,1,0.99999917
1,1,0.99999917
1,1,0.9999993
1,1,0.99999547
1,0,0.077375054
1,1,0.67329395
1,1,0.9999734
1,0,0.3982475
1,1,0.9999987
1,1,0.9999993
1,1,0.9999993
1,1,0.9999989
1,1,0.99999917
1,1,0.9999993
1,1,0.99999917
1,1,0.99999905
1,1,0.9999988
1,1,0.9999993
1,1,0.9999987
1,1,0.9999869
1,1,0.99999845
1,1,0.9999993
1,1,0.99999917
1,1,0.9998946
1,1,0.99999905
1,1,0.9999987
1,1,0.9999994
1,1,0.99999917
1,1,0.9999994
1,1,0.9999975
1,1,0.99999905
1,1,0.9999833
1,1,0.99999905
1,1,0.6128404
1,1,0.99999857
1,1,0.99999845
1,1,0.9999994
1,1,0.999997
1,1,0.99427783
1,1,0.99999905
1,1,0.99999917
1,1,0.9999993
1,1,0.99960786
1,1,0.99999905
1,1,0.9999987
1,1,0.9999907
1,1,0.99999857
1,1,0.9999988
1,1,0.9999989
1,1,0.9999968
1,1,0.9999994
1,1,0.99955755
1,1,0.9999993
1,1,0.9999993
1,1,0.9999987
1,1,0.9999987
1,1,0.9999994
1,1,0.99999905
1,1,0.9999988
1,1,0.9999994
1,1,0.9999989
1,1,0.9999927
1,1,0.99999917
1,1,0.99999917
1,1,0.9999994
1,1,0.9999993
1,1,0.9999989
1,1,0.99979526
1,1,0.99999
1,1,0.9999981
1,1,0.9999993
1,1,0.9999994
1,1,0.99999917
1,1,0.9999994
1,1,0.99999905
1,1,0.9999993
1,1,0.99999917
1,1,0.9999994
1,1,0.9999825
1,1,0.9999994
1,1,0.9999863
1,1,0.9999988
1,1,0.99941957
1,0,0.045341127
1,1,0.9999993
1,1,0.9999989
1,1,0.99999905
1,1,0.99999785
1,1,0.9999993
1,1,0.99999905
1,1,0.99999917
1,1,0.9999989
1,1,0.99007714
1,1,0.9999994
1,1,0.99999917
1,1,0.9999919
1,1,0.9999994
1,1,0.9999993
1,1,0.99998987
1,1,0.9999994
1,1,0.93931407
1,1,0.99999917
1,1,0.96334445
1,1,0.9999993
1,1,0.99998844
1,1,0.9999993
1,1,0.9999981
1,1,0.9999993
1,1,0.9999994
1,1,0.99999917
1,1,0.9379904
1,1,0.999984
1,1,0.9999932
1,1,0.9999989
1,1,0.9999918
1,1,0.99999917
1,1,0.99999917
1,1,0.9999366
1,1,0.6374954
1,1,0.9999993
1,1,0.85137635
1,1,0.9999993
1,1,0.9999994
1,1,0.9999994
1,1,0.9999993
1,1,0.9999993
1,1,0.9996499
1,1,0.92639726
1,1,0.9999994
1,1,0.9999987
1,1,0.9999924
1,1,0.999902
1,1,0.9999994
1,1,0.9999993
1,1,0.9999994
1,1,0.9999902
1,1,0.9999994
1,1,0.9999994
1,1,0.9999994
1,1,0.99995875
1,1,0.999966
1,1,0.99999785
1,1,0.9999993
1,1,0.9999988
1,1,0.99999833
1,1,0.9999987
1,1,0.9999988
1,1,0.9999993
1,1,0.99999905
1,1,0.99999666
1,1,0.99999666
1,1,0.99999917
1,1,0.99999905
1,1,0.9999993
1,1,0.9999994
1,1,0.9999989
1,1,0.999992
1,1,0.99999905
1,1,0.99999917
1,1,0.9999981
1,1,0.9999988
1,1,0.9999963
1,1,0.9999994
1,1,0.949901
1,1,0.72821623
1,1,0.99999917
1,1,0.9999994
1,1,0.9999994
1,1,0.99999654
1,1,0.99999833
1,1,0.99999666
1,1,0.9999975
1,1,0.9999993
1,1,0.99999917
1,1,0.99999917
1,1,0.9999815
1,1,0.9999993
1,1,0.99999917
1,1,0.99999416
1,1,0.9999945
1,1,0.99999905
1,1,0.99999917
1,1,0.99999917
1,1,0.9999962
1,1,0.99999857
1,1,0.99999917
1,1,0.9999994
1,1,0.99999297
1,1,0.9999989
1,1,0.9861128
1,1,0.99999905
1,1,0.99999905
1,1,0.9999975
1,1,0.9999988
1,1,0.9999454
1,1,0.9999993
1,1,0.9999994
1,1,0.99999917
1,1,0.9999989
1,1,0.9999994
1,1,0.9999994
1,1,0.9999989
1,1,0.99999726
1,1,0.9999981
1,1,0.99999917
1,1,0.99999857
1,1,0.9999994
1,1,0.9999993
1,1,0.9999994
1,1,0.9999993
1,1,0.9999993
1,1,0.9999982
1,1,0.9999988
1,1,0.9999994
1,1,0.9999994
1,1,0.9999993
1,1,0.99958545
1,1,0.9999988
1,1,0.9999994
1,1,0.99999785
1,1,0.9027851
1,1,0.99999905
1,1,0.9999529
1,1,0.9999993
1,1,0.9999993
1,1,0.99999917
1,1,0.9994973
1,1,0.9999993
1,1,0.9999994
1,1,0.9999969
1,1,0.99999285
1,1,0.9999993
1,1,0.9999993
1,1,0.9999994
1,1,0.99999845
1,1,0.99999917
1,1,0.99999917
1,1,0.99999917
1,1,0.99999905
1,1,0.9999993
1,0,0.003244844
1,1,0.9999994
1,1,0.99999833
1,1,0.9999994
1,1,0.9999721
1,1,0.9999989
1,1,0.9999994
1,1,0.99999845
1,1,0.9999994
1,1,0.9999958
1,1,0.99999905
1,1,0.88229215
1,1,0.9999994
1,1,0.99999917
1,1,0.99999905
1,1,0.99999833
1,1,0.68278694
1,1,0.9999989
1,1,0.9999993
1,1,0.9999994
1,1,0.99999917
1,0,0.48702127
1,1,0.9999993
1,1,0.9999994
1,1,0.9999994
1,1,0.99999917
1,1,0.99955624
1,1,0.9999982
1,1,0.9999993
1,1,0.99999416
1,1,0.99999905
1,1,0.9999989
1,1,0.9999976
1,1,0.99999905
1,1,0.6175476
1,1,0.99999905
1,1,0.99999166
1,1,0.9999993
1,1,0.9999993
1,1,0.9999722
1,1,0.99999833
1,1,0.9999994
1,1,0.9999993
1,1,0.9999994
1,1,0.9999993
1,1,0.9999957
1,1,0.99999917
1,1,0.99999857
1,1,0.99887794
1,1,0.9999994
1,1,0.9999994
1,1,0.9999993
1,1,0.9999993
1,1,0.9999988
1,1,0.9999993
1,1,0.9999993
1,1,0.9999982
1,1,0.9999994
1,1,0.99999917
1,1,0.99999595
1,1,0.9999968
1,1,0.9999994
1,1,0.99973017
1,1,0.99999917
1,1,0.9999993
1,1,0.9999969
1,1,0.999998
1,1,0.9999993
1,0,0.12492604
1,1,0.9999993
1,1,0.9999993
1,1,0.9999993
1,1,0.99999523
1,1,0.9999994
1,1,0.9999994
1,1,0.9999994
1,1,0.9999776
1,1,0.99999833
1,1,0.9999963
1,0,0.059013754
1,1,0.9999993
1,1,0.9999989
1,1,0.9999982
1,1,0.99999845
1,1,0.9999989
1,1,0.99999917
1,1,0.9999981
1,1,0.99999833
1,1,0.99999857
1,1,0.99999917
1,1,0.99999917
1,1,0.9999994
1,1,0.99999833
1,1,0.99999917
1,1,0.9999994
1,1,0.9999994
1,1,0.99997115
1,1,0.9999993
1,1,0.9959423
1,1,0.9999994
1,1,0.99999857
1,1,0.9999968
1,1,0.9999994
1,1,0.9999975
1,1,0.999961
1,1,0.9999975
1,1,0.9999987
1,1,0.99999917
1,1,0.999998
1,1,0.99999917
1,1,0.9999994
1,1,0.99999356
1,1,0.99999833
1,1,0.9999993
1,1,0.9999987
1,1,0.99999833
1,1,0.9999993
1,1,0.99999917
1,1,0.9999279
1,1,0.99633646
1,1,0.9999988
1,1,0.9999987
1,1,0.8533434
1,1,0.9999993
1,1,0.9999993
1,1,0.9999994
1,1,0.9999957
1,1,0.99999905
1,1,0.99999845
1,1,0.9998653
1,1,0.9999993
1,1,0.9999994
1,1,0.9859185
1,1,0.9999988
1,1,0.999998
1,1,0.9999907
1,1,0.99999917
1,1,0.9999993
1,1,0.9999994
1,1,0.9999989
1,1,0.9999989
1,1,0.9999994
1,1,0.9999988
1,1,0.99999917
1,1,0.9999989
1,1,0.9999993
1,1,0.9891622
1,1,0.99970406
1,1,0.9999994
1,1,0.9999993
1,1,0.9999987
1,1,0.99999917
1,1,0.9999056
1,1,0.99999905
1,1,0.99995077
1,1,0.9999993
1,1,0.99999917
1,1,0.99999845
1,1,0.99911076
1,1,0.9996126
1,1,0.9999993
1,1,0.9999993
1,1,0.9998988
1,1,0.9999926
1,1,0.9999479
1,1,0.99999857
1,1,0.9999994
1,1,0.9999994
1,1,0.9999994
1,1,0.9999993
1,1,0.9999993
1,1,0.99999917
1,1,0.9999993
1,1,0.99999857
1,1,0.9999994
1,1,0.9999994
1,1,0.9999813
1,1,0.9999993
1,1,0.9999546
1,1,0.99999917
1,1,0.9999987
1,1,0.9999994
1,1,0.9999987
1,0,0.11933496
1,1,0.9999993
1,1,0.9999982
1,1,0.99999785
1,1,0.9998128
1,1,0.9999993
1,1,0.99999917
1,1,0.9999702
1,1,0.99999905
1,1,0.9999993
1,1,0.9999987
1,1,0.9999988
1,1,0.9999993
1,1,0.999992
1,1,0.9999713
1,1,0.9999801
1,1,0.9999944
1,1,0.99999917
1,1,0.9999993
1,1,0.9999989
1,1,0.9999993
1,1,0.9999993
1,1,0.99404377
1,1,0.9999988
1,1,0.9999989
1,1,0.9999825
1,1,0.9999987
1,1,0.99999905
1,1,0.99999917
1,1,0.98115647
1,0,0.00015297811
1,1,0.99999285
1,1,0.99999917
1,1,0.9999994
1,1,0.99999905
1,1,0.99999917
1,1,0.99987316
1,1,0.99999917
1,1,0.9999993
1,1,0.9999989
1,1,0.9830943
1,1,0.9999993
1,1,0.9999608
1,1,0.9999994
1,1,0.99996674
1,1,0.9999993
1,1,0.9999988
1,1,0.9999994
1,1,0.99999607
1,1,0.99999905
1,1,0.9999993
1,1,0.9999994
1,1,0.9999993
1,1,0.9999994
1,1,0.9999994
1,1,0.99999917
1,1,0.9999988
1,1,0.9999968
1,1,0.99999905
1,1,0.9999987
1,1,0.99999917
1,1,0.99999905
1,1,0.9999831
1,1,0.9999994
1,1,0.9999989
1,1,0.99999917
1,1,0.996525
1,1,0.9999888
1,1,0.9999944
1,1,0.9999987
1,1,0.9999993
1,1,0.9999993
1,1,0.9999994
1,1,0.9999093
1,1,0.9999989
1,1,0.9999993
1,1,0.99978787
1,1,0.9999989
1,1,0.99999905
1,1,0.99985063
1,1,0.9999901
1,1,0.90998405
1,1,0.99999845
1,1,0.9999989
1,1,0.9999989
1,1,0.9999895
1,1,0.9999994
1,1,0.9999994
1,1,0.9999989
1,1,0.99999845
1,1,0.8083097
1,1,0.9999993
1,1,0.9999994
1,1,0.9999988
1,1,0.99970156
1,1,0.9999989
1,1,0.9999993
1,1,0.99999917
1,1,0.9999504
1,1,0.9999987
1,1,0.99999857
1,1,0.9999423
1,1,0.9999989
1,1,0.9999989
1,1,0.99999785
1,1,0.9999993
1,1,0.9999896
1,1,0.9999993
1,1,0.9959573
1,1,0.9999989
1,1,0.99999917
1,1,0.99999917
1,1,0.9999993
1,1,0.9999993
1,1,0.99999917
1,1,0.99999666
1,1,0.99999917
1,1,0.9999993
1,1,0.9999937
1,1,0.9999765
1,1,0.9999994
1,1,0.9999994
1,1,0.9999994
1,1,0.99999905
1,1,0.9999994
1,1,0.9999993
1,1,0.9999994
1,1,0.99997914
1,1,0.99999905
1,1,0.9999988
1,1,0.9999993
1,1,0.997349
1,1,0.99999046
1,1,0.99999917
1,1,0.9999994
1,1,0.9999652
1,1,0.999997
1,1,0.9999994
1,1,0.9999858
1,1,0.9999989
1,1,0.9999877
1,1,0.99999857
1,1,0.99999905
1,1,0.9962748
1,1,0.9999858
1,1,0.9999994
1,1,0.99999833
1,1,0.99999857
1,1,0.9999989
1,1,0.99974865
1,1,0.9999993
1,1,0.9999987
1,1,0.9999993
1,1,0.9999993
1,1,0.9999993
1,1,0.9999939
1,1,0.9999987
1,1,0.99999845
1,1,0.99998724
1,1,0.99999905
1,1,0.9999993
1,1,0.9999993
1,1,0.9999994
1,1,0.99999857
1,1,0.9999988
1,1,0.9999993
1,1,0.9965893
1,1,0.9999994
1,1,0.9999993
1,1,0.9999994
1,1,0.9999993
1,1,0.9999707
1,1,0.99921036
1,1,0.9999994
1,1,0.99837554
1,1,0.99999917
1,1,0.99999845
1,1,0.999731
1,1,0.99999845
1,1,0.99999917
1,1,0.9999975
1,1,0.9999796
1,1,0.99999917
1,1,0.9999994
1,1,0.9999989
1,1,0.99991786
1,1,0.9999994
1,1,0.9999511
1,1,0.9999987
1,1,0.999964
1,1,0.9999994
1,1,0.99999917
1,1,0.9999993
1,1,0.9999994
1,1,0.9922225
1,1,0.9999994
1,1,0.9999994
1,1,0.9999993
1,1,0.9999989
1,1,0.9999988
1,1,0.9901264
1,1,0.99999917
1,1,0.9999783
1,1,0.9999993
1,1,0.99999917
1,1,0.99999785
1,1,0.99999917
1,1,0.9999993
1,1,0.9999989
1,1,0.9999994
1,1,0.9999993
1,1,0.9999988
1,1,0.9999659
1,1,0.99997747
1,1,0.9999993
1,1,0.99999917
1,1,0.9999993
1,1,0.9999994
1,1,0.999954
1,1,0.99999905
1,1,0.9999993
1,1,0.9999994
1,1,0.88049674
1,1,0.9389791
1,1,0.9999989
1,1,0.99999666
1,1,0.9999993
1,1,0.9999976
1,1,0.999998
1,1,0.99999917
1,1,0.99999917
1,1,0.9999994
1,1,0.9999987
1,1,0.9999987
1,1,0.8559939
1,1,0.99998045
1,1,0.9999993
1,1,0.99999905
1,1,0.9999989
1,1,0.9999924
1,1,0.9999987
1,1,0.99999917
1,1,0.99999905
1,1,0.9999994
1,1,0.9999989
1,1,0.9999993
1,1,0.999998
1,1,0.9987129
1,1,0.9999994
1,1,0.9999993
1,1,0.9999993
1,1,0.99999917
1,1,0.9999993
1,1,0.99999917
1,1,0.9999993
1,1,0.999987
1,1,0.9999993
1,1,0.99699545
1,1,0.9999988
1,1,0.9999994
1,1,0.99999785
1,1,0.99999845
1,1,0.9999782
1,1,0.9999989
1,1,0.99989116
1,1,0.9999963
1,1,0.99999917
1,1,0.9999993
1,1,0.9999988
1,1,0.99999917
1,1,0.9999993
1,1,0.9999994
1,1,0.9999988
1,1,0.9998791
1,1,0.9999989
1,1,0.9999993
1,1,0.9979297
1,1,0.9999994
1,1,0.9999987
1,1,0.9997638
1,1,0.9999976
1,1,0.99965906
1,1,0.9999616
1,1,0.9999937
1,1,0.9999857
1,1,0.9999994
1,1,0.9999988
1,1,0.9999548
1,1,0.9999989
1,1,0.9999994
1,1,0.9999993
1,1,0.9999993
1,1,0.9999993
1,1,0.99999917
1,1,0.9999993
1,1,0.99999845
1,1,0.99999905
1,1,0.99999714
1,1,0.99999833
1,1,0.99999917
1,1,0.9999993
1,1,0.99999774
1,1,0.99999905
1,1,0.99999917
1,1,0.9999994
1,1,0.9999994
1,1,0.99999785
1,1,0.9999994
1,1,0.99999917
1,1,0.9999994
1,1,0.99999917
1,1,0.99999917
1,1,0.9999988
1,1,0.99999917
1,0,0.18698265
1,1,0.99999917
1,1,0.99998987
1,1,0.9999994
1,1,0.99999857
1,1,0.9999988
1,1,0.9999993
1,1,0.9999982
1,1,0.99999917
1,1,0.9999993
1,1,0.99999917
1,1,0.9999987
1,1,0.9987465
1,1,0.99971133
1,1,0.9999994
1,1,0.9999994
1,1,0.9999982
1,0,0.4626955
1,1,0.9996208
1,1,0.9999634
1,1,0.99999833
1,1,0.99999523
1,1,0.9999987
1,1,0.99999774
1,1,0.99999917
1,1,0.999998
1,1,0.9992459
1,1,0.9999989
1,1,0.99995744
1,1,0.9999982
1,1,0.99999917
1,1,0.9999993
1,1,0.9985196
1,1,0.999997
1,1,0.99994123
1,1,0.9999993
1,1,0.9999994
1,1,0.9999993
1,1,0.99999917
1,1,0.99999857
1,1,0.9999981
1,1,0.99902725
1,1,0.99999917
1,1,0.9999982
1,1,0.99999917
1,1,0.99999905
1,1,0.99999106
1,1,0.9999993
1,1,0.9999988
1,1,0.9999993
1,1,0.93062687
1,1,0.9999993
1,1,0.9999993
1,1,0.9999845
1,1,0.9999994
1,1,0.9999993
1,1,0.99999845
1,1,0.9999993
1,1,0.99999475
1,1,0.9990866
1,1,0.9999989
1,1,0.9999248
1,1,0.9999976
1,1,0.99999905
1,1,0.9999974
1,1,0.9999993
1,1,0.9999989
1,1,0.9999994
1,1,0.9999993
1,1,0.99999905
1,1,0.9999987
1,1,0.9999993
1,1,0.99999833
1,1,0.9951866
1,1,0.9999993
1,1,0.9999993
1,1,0.9999994
1,1,0.9999989
1,1,0.99999905
1,1,0.99999774
1,1,0.9999994
1,1,0.9999993
1,1,0.9999989
1,1,0.9999993
1,1,0.9999943
1,1,0.9999943
1,1,0.99999917
1,1,0.9999987
1,1,0.99999917
1,1,0.9999987
1,1,0.9999994
1,1,0.99999917
1,1,0.99998295
1,1,0.9999989
1,1,0.9999993
1,1,0.9999994
1,1,0.9999989
1,1,0.9999993
1,1,0.99999917
1,1,0.8424074
1,1,0.99999857
1,1,0.9999989
1,1,0.99945575
1,1,0.9999994
1,1,0.9999993
1,1,0.9999633
1,1,0.999998
1,1,0.9999988
1,1,0.9999994
1,1,0.9999994
1,1,0.99999917
1,1,0.9999989
1,1,0.9999994
1,1,0.99999917
1,1,0.9999993
1,1,0.94451874
1,1,0.9999993
1,1,0.9999945
1,1,0.9999994
1,1,0.99999905
1,1,0.99996483
1,1,0.9999994
1,1,0.9998523
1,1,0.9999994
1,1,0.99999726
1,1,0.99992085
1,1,0.99999917
1,1,0.9999994
1,1,0.9999993
1,1,0.99999106
1,1,0.99999917
1,1,0.9999989
1,1,0.9999993
1,1,0.99999905
1,1,0.9999994
1,1,0.9999987
1,1,0.9999993
1,1,0.9999976
1,1,0.9999993
1,1,0.9999993
1,1,0.99999917
1,1,0.9999902
1,1,0.9999994
1,1,0.99999917
1,1,0.999998
1,1,0.99983895
1,1,0.9999994
1,1,0.9999993
1,1,0.99975675
1,0,0.07468864
1,1,0.9958307
1,1,0.99986637
1,1,0.99999917
1,1,0.9999993
1,1,0.9999993
1,1,0.9999994
1,1,0.99999917
1,1,0.99999905
1,1,0.70851505
1,1,0.99999917
1,1,0.9999993
1,1,0.99999475
1,1,0.99999917
1,1,0.9999989
1,1,0.99999845
1,1,0.99999547
1,1,0.99999905
1,1,0.9998988
1,1,0.9999993
1,1,0.99999833
1,1,0.9999988
1,1,0.9999993
1,1,0.99999917
1,1,0.99999774
1,1,0.99999917
1,1,0.9999993
1,1,0.99992776
1,1,0.9999994
1,1,0.9999994
1,1,0.99999607
1,1,0.9999987
1,1,0.99999857
1,1,0.99999917
1,1,0.9999989
1,1,0.9999993
1,1,0.99999917
1,1,0.99999917
1,1,0.9999993
1,1,0.9999994
1,1,0.9999994
1,1,0.9999776
1,1,0.9999993
1,1,0.9999951
1,1,0.99999905
1,1,0.9999993
1,1,0.9999993
1,1,0.9999993
1,1,0.9999994
1,1,0.9999994
1,1,0.9999989
1,1,0.9999927
1,1,0.99999833
1,1,0.9999702
1,1,0.9999926
1,1,0.9999685
1,1,0.9971239
1,1,0.99999833
1,1,0.9999993
1,1,0.9999994
1,1,0.99910104
1,1,0.99996936
1,1,0.9999993
1,1,0.9999993
1,1,0.9999994
1,1,0.99999917
1,1,0.999998
1,1,0.9999597
1,1,0.9999994
1,1,0.9999993
1,1,0.9888404
1,1,0.99999917
1,1,0.99999344
1,1,0.99999857
1,1,0.9999993
1,1,0.9999994
1,1,0.9999994
1,1,0.99999905
1,1,0.99999917
1,1,0.9999994
1,1,0.99999917
1,1,0.99999917
1,1,0.9999993
1,1,0.9999993
1,1,0.9999989
1,1,0.999918
1,1,0.9999994
1,1,0.99999857
1,1,0.9999409
1,1,0.9999784
1,1,0.9999993
1,1,0.9999993
1,1,0.99898916
1,1,0.9997999
1,1,0.9999976
1,1,0.9999994
1,1,0.9999993
1,1,0.9999994
1,1,0.9999989
1,1,0.99999905
1,1,0.9999993
1,1,0.99998045
1,1,0.9999993
1,1,0.9999987
1,1,0.9999993
1,1,0.9999988
1,1,0.9999989
1,1,0.99999917
1,1,0.9999378
1,1,0.9999994
1,1,0.99999785
1,1,0.9999993
1,1,0.9999913
1,1,0.9999988
1,1,0.9999299
1,1,0.9999994
1,1,0.99999833
1,1,0.9999994
1,1,0.9999993
1,1,0.9999994
1,1,0.99999905
1,1,0.9999894
1,1,0.9999994
1,1,0.9999994
1,1,0.99999714
1,1,0.9986571
1,1,0.999998
1,1,0.9999993
1,1,0.9999993
1,1,0.9999994
1,1,0.9999993
1,1,0.9999994
1,1,0.9999994
1,1,0.99999845
1,1,0.9999994
1,1,0.9999994
1,1,0.9999993
1,1,0.99999905
1,1,0.9999993
1,1,0.9999993
1,1,0.9884376
1,1,0.9998864
1,1,0.9999994
1,1,0.9999994
1,1,0.9999993
1,1,0.9999994
1,1,0.99999905
1,1,0.9999993
1,1,0.99929714
1,1,0.9999994
1,1,0.9999988
1,1,0.9999958
1,1,0.9999981
1,1,0.9999993
1,1,0.9999987
1,1,0.99999917
1,1,0.99395233
1,1,0.9999993
1,1,0.99999917
1,1,0.99948835
1,1,0.9999987
1,1,0.99999726
1,1,0.9999989
1,1,0.9999993
1,1,0.99999917
1,1,0.9955924
1,1,0.99999917
1,1,0.9999989
1,1,0.99999046
1,1,0.9999993
1,1,0.99999917
1,1,0.9999927
1,1,0.99999356
1,1,0.9999994
1,0,0.012273999
1,1,0.99999917
1,1,0.9999976
1,1,0.9999994
1,1,0.99999905
1,1,0.99999917
1,1,0.9999994
1,1,0.9999993
1,1,0.9999993
1,1,0.99999845
1,1,0.99999917
1,1,0.99999917
1,1,0.99999833
1,1,0.9999993
1,1,0.99999785
1,1,0.9999994
1,1,0.99999845
1,1,0.9999993
1,1,0.9999993
1,1,0.99999905
1,1,0.99999905
1,1,0.9999994
1,1,0.91243726
1,1,0.9999993
1,1,0.9999702
1,1,0.9999989
1,1,0.9999994
1,1,0.9999993
1,1,0.5498127
1,1,0.9999993
1,1,0.9999958
1,1,0.9999993
1,1,0.9999993
1,1,0.9999988
1,1,0.9999994
1,1,0.99999917
1,1,0.9999865
1,1,0.9999993
1,1,0.9999926
1,1,0.99999917
1,1,0.99999905
1,1,0.9999951
1,1,0.98158586
1,1,0.99999774
1,1,0.99902296
1,1,0.999998
1,1,0.9999993
1,1,0.9999989
1,1,0.9999993
1,1,0.9999994
1,1,0.9999987
1,1,0.99999917
1,1,0.99999857
1,1,0.99910456
1,1,0.99999857
1,1,0.99999917
1,1,0.9999993
1,1,0.9991553
1,1,0.99999905
1,1,0.99999464
1,1,0.99999356
1,1,0.9999989
1,1,0.9999993
1,1,0.99997985
1,1,0.9999894
1,1,0.9999869
1,1,0.99999857
1,0,0.000597293
1,1,0.9999945
1,1,0.99999905
1,1,0.9999994
1,1,0.99999905
1,1,0.9999994
1,1,0.9999994
1,1,0.9999926
1,1,0.99999905
1,1,0.9999989
1,1,0.9999988
1,1,0.9999989
1,1,0.9999993
1,1,0.9999993
1,1,0.9999994
1,1,0.9999994
1,1,0.9999989
1,1,0.9999993
1,1,0.99999785
1,1,0.99999917
1,1,0.99999917
1,1,0.99999917
1,1,0.9999988
1,1,0.9999987
1,1,0.99999905
1,1,0.99999905
1,1,0.95395035
1,1,0.9999993
1,1,0.99999857
1,1,0.9999994
1,1,0.9999993
1,1,0.99999356
1,1,0.9999813
1,1,0.9999994
1,1,0.9999993
1,1,0.99999714
1,1,0.9999993
0,0,0.00033647034
0,0,2.7412455e-06
0,0,1.805845e-05
0,0,2.1289648e-06
0,1,0.9999994
0,0,0.17609215
0,0,0.30976743
0,0,0.034559336
0,0,3.122382e-05
0,1,0.8655679
0,1,0.7282252
0,1,0.9999957
0,1,0.87334675
0,1,0.82717067
0,0,0.006229488
0,1,0.99997234
0,1,0.9553919
0,1,0.9978818
0,1,0.77487546
0,1,0.8855858
0,0,0.0015428147
0,0,2.4889828e-06
0,1,0.94708216
0,0,2.5076952e-06
0,1,0.8723752
0,1,0.9997906
0,1,0.6013503
0,1,0.99650156
0,0,0.010937142
0,1,0.9623685
0,1,0.90707844
0,1,0.99999917
0,1,0.99999845
0,0,0.00040355924
0,0,0.02137451
0,1,0.999998
0,1,0.93812525
0,1,0.9999635
0,1,0.99973947
0,1,0.72336227
0,1,0.9999515
0,1,0.9999989
0,0,1.0715429e-05
0,1,0.7572504
0,0,0.10321395
0,0,0.02646985
0,0,0.038747884
0,1,0.97818565
0,1,0.9046617
0,1,0.94932306
0,1,0.9999325
0,1,0.9897143
0,1,0.9915952
0,0,0.00011882059
0,1,0.9999994
0,1,0.99997807
0,0,0.00058949215
0,1,0.99996054
0,0,0.017740402
0,0,0.02049817
0,1,0.99324846
0,0,0.048742037
0,1,0.9999839
0,1,0.99168336
0,0,0.012621704
0,0,4.9781447e-06
0,0,0.06790662
0,1,0.99997735
0,0,3.819721e-06
0,1,0.9326291
0,1,0.9989557
0,1,0.9967204
0,0,0.07155502
0,1,0.9999993
0,1,0.9981528
0,0,0.4359022
0,1,0.99999917
0,1,0.99795073
0,1,0.9999137
0,1,0.9994716
0,1,0.9999993
0,1,0.9999988
0,1,0.9999145
0,0,0.00491327
0,0,4.151521e-06
0,1,0.6204245
0,1,0.91660833
0,1,0.99961674
0,0,0.00026297392
0,0,2.410521e-05
0,1,0.99994075
0,1,0.9999981
0,1,0.99999857
0,0,4.963922e-06
0,1,0.8990408
0,1,0.95610905
0,1,0.9999981
0,0,7.5447024e-05
0,1,0.99596196
0,1,0.9998932
0,0,0.00023014919
0,1,0.99986446
0,1,0.99997056
0,1,0.9999994
0,1,0.9559968
0,1,0.99972206
0,0,0.0037267422
0,1,0.9999993
0,1,0.9999821
0,1,0.9457708
0,0,0.4240913
0,1,0.98821646
0,0,0.2197591
0,0,0.0023340052
0,1,0.9959442
0,0,0.0027390956
0,1,0.9999895
0,1,0.76850444
0,1,0.9999988
0,0,0.096912585
0,1,0.9999958
0,0,2.7268654e-06
0,0,0.00056489493
0,1,0.8872272
0,0,0.0026219708
0,1,0.9737224
0,0,0.1791051
0,1,0.99993765
0,1,0.9995448
0,0,0.0043308483
0,1,0.9923044
0,0,0.110956304
0,1,0.89817274
0,0,0.1847753
0,0,0.09281405
0,1,0.99991965
0,1,0.99928504
0,1,0.999577
0,1,0.7991822
0,0,0.1729308
0,0,0.30582613
0,0,0.0008021391
0,1,0.8644182
0,1,0.99995875
0,1,0.68583804
0,0,0.00043504208
0,1,0.9999914
0,1,0.9998647
0,1,0.9565546
0,0,7.3706666e-05
0,1,0.9999958
0,0,0.06157331
0,0,0.07213309
0,1,0.6351907
0,0,0.0003552137
0,1,0.9999938
0,1,0.9990577
0,0,0.051184718
0,1,0.99999404
0,0,0.0006162017
0,1,0.9994543
0,0,0.004832216
0,1,0.99999917
0,1,0.9934471
0,1,0.99999905
0,1,0.9999989
0,0,0.28617904
0,1,0.9835898
0,0,0.024193333
0,1,0.99632984
0,1,0.9994947
0,1,0.99999905
0,1,0.99892515
0,1,0.9998288
0,1,0.9999993
0,1,0.7603395
0,0,0.009188723
0,0,0.0014433339
0,0,1.7490427e-06
0,0,2.0584655e-06
0,0,0.011561234
0,1,0.9999962
0,1,0.9919721
0,1,0.98409504
0,0,0.001007873
0,1,0.99991226
0,1,0.99999
0,1,0.9635035
0,0,9.644545e-06
0,1,0.9855729
0,0,0.0045138323
0,1,0.9999349
0,1,0.99983203
0,1,0.9945568
0,1,0.87950796
0,1,0.69824666
0,1,0.99448305
0,1,0.5319575
0,1,0.9976954
0,1,0.9997075
0,1,0.9999969
0,1,0.7818283
0,1,0.99674857
0,1,0.9999974
0,1,0.99999917
0,0,2.9869465e-05
0,0,0.009042692
0,1,0.518813
0,1,0.9999534
0,0,0.00036836325
0,0,0.26349086
0,1,0.69021827
0,1,0.99999547
0,1,0.9675704
0,1,0.9984499
0,1,0.9999893
0,1,0.9953649
0,0,3.3935398e-06
0,0,1.7840107e-06
0,1,0.9982723
0,0,3.4786033e-06
0,1,0.9999548
0,0,0.00026547845
0,0,3.178604e-06
0,1,0.99999404
0,0,0.10559576
0,1,0.98233515
0,1,0.9882172
0,0,0.005328719
0,1,0.99999917
0,1,0.99999726
0,1,0.89146686
0,1,0.5108316
0,0,0.000108573404
0,1,0.777848
0,0,4.0221967e-06
0,1,0.99351996
0,1,0.99999833
0,0,2.0410287e-06
0,0,3.9537326e-06
0,0,0.23572476
0,1,0.99999547
0,1,0.9946471
0,0,1.7887212e-06
0,0,2.0817072e-06
0,0,2.1779679e-06
0,1,0.6811881
0,1,0.9999609
0,0,5.669655e-06
0,0,1.5003441e-05
0,0,0.018505156
0,0,2.2013162e-06
0,0,0.2622072
0,1,0.9999801
0,0,0.00028398648
0,0,1.4395032e-05
0,1,0.9999981
0,1,0.9999831
0,1,0.9476775
0,1,0.8022208
0,1,0.67769414
0,0,7.652199e-06
0,1,0.9999989
0,1,0.9999963
0,0,0.030506283
0,1,0.9999994
0,1,0.9976042
0,1,0.8246254
0,0,0.00021225134
0,1,0.9999987
0,1,0.9999994
0,1,0.97519255
0,0,2.0595257e-06
0,0,0.053500272
0,1,0.96025246
0,1,0.8802485
0,0,0.0005288591
0,1,0.999485
0,1,0.99999917
0,0,0.13548855
0,0,0.03766934
0,0,0.0038694863
0,1,0.9999846
0,1,0.99105585
0,0,0.00018459403
0,1,0.99999917
0,1,0.96962625
0,1,0.9999993
0,0,0.0008086926
0,0,5.434956e-05
0,0,0.000106199346
0,0,0.0002936835
0,1,0.9983815
0,1,0.99999845
0,1,0.9999964
0,0,0.007975158
0,1,0.9745414
0,0,0.00045677903
0,1,0.99999917
0,1,0.9965569
0,1,0.99991524
0,0,2.0688094e-06
0,1,0.91085625
0,1,0.7893072
0,0,3.6857098e-05
0,1,0.985104
0,1,0.99999917
0,1,0.99952483
0,0,1.6489116e-06
0,0,0.000851818
0,1,0.9988244
0,1,0.99961543
0,1,0.99995744
0,0,2.2399116e-05
0,1,0.9502023
0,0,4.7945778e-06
0,0,0.00037340436
0,1,0.9996617
0,1,0.9999994
0,1,0.9999956
0,0,0.00032435945
0,0,0.027956793
0,1,0.998473
0,1,0.96862507
0,0,0.00048580117
0,0,0.026990872
0,1,0.9999987
0,0,0.07112629
0,1,0.9537982
0,1,0.9999697
0,1,0.9999367
0,0,0.011748774
0,0,0.03831965
0,1,0.99999857
0,1,0.98424953
0,0,0.003075864
0,1,0.51652807
0,1,0.99999917
0,1,0.60475945
0,0,9.414706e-05
0,1,0.99975246
0,1,0.9999448
0,1,0.99999833
0,1,0.93406564
0,1,0.99999905
0,1,0.93423164
0,0,0.0018312277
0,1,0.9999943
0,0,2.1264364e-06
0,1,0.9975501
0,0,0.02830568
0,0,0.04889992
0,1,0.9999988
0,1,0.9994117
0,1,0.998334
0,1,0.9168817
0,1,0.9922758
0,1,0.99901474
0,1,0.9999994
0,1,0.9999994
0,1,0.9999037
0,1,0.98747176
0,0,0.40474516
0,0,0.009777605
0,0,0.13487543
0,0,0.0011369127
0,1,0.99984074
0,0,5.7362704e-05
0,1,0.7599458
0,1,0.9999634
0,1,0.99999917
0,0,0.14467967
0,0,0.0017093404
0,1,0.99969614
0,1,0.7864561
0,1,0.5967793
0,1,0.8555716
0,1,0.99505925
0,1,0.99986005
0,1,0.9956487
0,1,0.9999994
0,1,0.999997
0,0,0.024892475
0,1,0.9999994
0,0,0.0018640298
0,0,0.31592157
0,0,0.16791658
0,0,0.44815946
0,1,0.99745315
0,1,0.6684926
0,0,0.006675837
0,0,2.4888166e-06
0,0,0.00026233288
0,1,0.5809687
0,1,0.99999857
0,1,0.9999962
0,0,0.054214947
0,1,0.9999982
0,1,0.6287631
0,1,0.9539793
0,1,0.9999968
0,1,0.8197468
0,1,0.9996886
0,1,0.89632004
0,1,0.71983874
0,1,0.9999535
0,0,0.40305522
0,1,0.9999962
0,0,0.0003397002
0,1,0.9999994
0,1,0.9999988
0,0,4.1608396e-06
0,1,0.9999993
0,0,0.00020404588
0,0,1.8017003e-06
0,1,0.99999714
0,1,0.99976546
0,1,0.99829155
0,1,0.7253269
0,1,0.9998764
0,0,0.20764098
0,1,0.63924664
0,1,0.9999976
0,1,0.99960047
0,1,0.9983748
0,0,0.0067052725
0,1,0.9999794
0,1,0.60652167
0,1,0.9902969
0,0,1.2533403e-05
0,0,5.7756257e-05
0,0,0.0022759086
0,1,0.65863866
0,0,0.14366649
0,1,0.9999745
0,1,0.99994826
0,1,0.989935
0,1,0.9996736
0,1,0.99999905
0,1,0.73455846
0,1,0.9999931
0,1,0.99998677
0,1,0.9244859
0,0,1.919327e-06
0,1,0.999948
0,0,2.4898159e-06
0,0,0.14961724
0,0,0.17572714
0,0,0.005146623
0,0,0.20282812
0,1,0.9999994
0,0,0.012792531
0,0,6.137537e-05
0,0,0.005669572
0,1,0.99998844
0,0,0.016647981
0,1,0.9999987
0,1,0.99999225
0,1,0.999967
0,1,0.6484312
0,0,0.0015868684
0,0,0.0066072005
0,1,0.9998702
0,0,0.4835465
0,0,0.0057552396
0,0,0.001756028
0,1,0.77336484
0,0,0.0009930885
0,0,7.60332e-05
0,0,0.0014783287
0,1,0.77679354
0,0,0.24129727
0,1,0.999998
0,1,0.5287136
0,0,0.0026229522
0,1,0.9999534
0,0,7.821995e-06
0,1,0.8733168
0,1,0.9999933
0,1,0.9999982
0,1,0.9999354
0,0,0.080859415
0,1,0.9999989
0,1,0.99998736
0,1,0.99925405
0,0,0.051921487
0,0,0.2795043
0,1,0.99218774
0,0,0.00014157014
0,1,0.89230114
0,0,0.059957016
0,1,0.9999987
0,1,0.9999771
0,1,0.9999988
0,1,0.99999905
0,1,0.99385095
0,1,0.9999697
0,1,0.9899885
0,0,0.0002532993
0,1,0.9967212
0,0,0.13081427
0,1,0.99999857
0,1,0.99842864
0,0,0.40514034
0,1,0.99999
0,1,0.9999993
0,1,0.9999931
0,1,0.9959502
0,1,0.99996734
0,1,0.999967
0,1,0.99778193
0,1,0.9290816
0,1,0.9999945
0,1,0.86606604
0,1,0.998533
0,1,0.9994998
0,0,8.009932e-06
0,1,0.9982805
0,0,0.072301835
0,1,0.9769116
0,1,0.99989104
0,1,0.5397708
0,0,0.017322922
0,1,0.99999905
0,1,0.97884935
0,0,0.0070167533
0,1,0.9999777
0,0,0.06595224
0,0,0.1493681
0,1,0.99998283
0,1,0.9972011
0,1,0.99999595
0,0,0.024949564
0,1,0.99999654
0,1,0.7847094
0,0,3.6771507e-05
0,0,4.4977587e-06
0,0,5.686935e-06
0,1,0.99998724
0,1,0.99602437
0,1,0.99999094
0,1,0.9629361
0,1,0.99864227
0,0,0.0001386122
0,0,0.017712599
0,0,1.4833367e-06
0,0,0.00014320838
0,0,0.34912467
0,1,0.9997212
0,0,0.075813666
0,1,0.99974495
0,0,0.28242198
0,0,0.08407836
0,1,0.99995303
0,1,0.9977673
0,1,0.99251455
0,0,0.09504346
0,0,0.03438897
0,1,0.9999987
0,1,0.99985766
0,0,0.32570076
0,0,4.8321494e-06
0,0,0.07883999
0,0,2.3503302e-05
0,1,0.89596444
0,1,0.98822045
0,1,0.9998522
0,1,0.9996867
0,1,0.99984825
0,0,0.001059695
0,1,0.92154807
0,1,0.99899656
0,0,0.1217807
0,1,0.99316883
0,1,0.99999905
0,1,0.9999964
0,0,3.5200654e-05
0,0,0.004639
0,0,0.22492467
0,1,0.99660933
0,1,0.99980265
0,1,0.577025
0,1,0.9350296
0,1,0.99999857
0,0,0.01420951
0,1,0.99873906
0,1,0.9999435
0,1,0.75162333
0,1,0.98056525
0,1,0.99825054
0,1,0.99995327
0,1,0.9999143
0,1,0.9998253
0,1,0.9999993
0,1,0.9999826
0,1,0.9566732
0,0,0.041203532
0,1,0.99260557
0,0,0.08238924
0,1,0.9674087
0,1,0.9999435
0,0,0.0024712263
0,0,4.6362624e-05
0,1,0.6569985
0,1,0.99994946
0,1,0.9999993
0,1,0.99684983
0,0,0.0081621595
0,0,1.6655205e-06
0,0,0.0024017135
0,0,0.0004372202
0,1,0.99909484
0,1,0.9995639
0,1,0.9999976
0,1,0.999997
0,1,0.98750687
0,1,0.9999988
0,1,0.99807584
0,1,0.99999034
0,0,0.14068459
0,1,0.9999989
0,1,0.9999882
0,1,0.91085774
0,1,0.808518
0,1,0.9966143
0,1,0.999997
0,1,0.9991574
0,1,0.9940059
0,1,0.99999905
0,1,0.999966
0,1,0.9762381
0,1,0.9856858
0,0,0.47554755
0,1,0.95376974
0,1,0.9999465
0,0,0.06515047
0,0,0.3988379
0,0,1.7873648e-05
0,0,0.15890965
0,1,0.9999838
0,0,0.32750797
0,1,0.90335464
0,0,5.4484476e-06
0,0,0.0060213185
0,0,0.2371251
0,1,0.9999993
0,1,0.9533835
0,0,0.00041209155
0,1,0.96396613
0,1,0.9770633
0,1,0.7800474
0,0,0.010400057
0,1,0.9972498
0,1,0.99997747
0,0,2.6472107e-05
0,0,0.00093758444
0,1,0.98858726
0,0,0.007610218
0,1,0.9993569
0,1,0.85753804
0,1,0.60917395
0,1,0.9983255
0,1,0.9999796
0,1,0.9999945
0,1,0.8282366
0,0,9.142333e-06
0,0,0.0002143843
0,0,0.16746819
0,0,0.05284721
0,1,0.97738224
0,0,0.04591783
0,1,0.99073243
0,0,0.19356014
0,1,0.9988366
0,1,0.9999981
0,1,0.99999785
0,0,0.08502688
0,1,0.9792194
0,1,0.9456645
0,1,0.93657833
0,1,0.9999994
0,1,0.50893813
0,1,0.9923713
0,1,0.9999827
0,0,0.0014360175
0,0,0.000112257
0,0,0.0015172745
0,0,0.37417284
0,1,0.9990683
0,1,0.5011229
0,1,0.9986602
0,0,0.001135007
0,1,0.9993248
0,1,0.9999968
0,0,0.11074866
0,0,0.49668092
0,1,0.99994934
0,1,0.98425436
0,1,0.9999974
0,1,0.9999939
0,0,0.07588332
0,0,4.6027253e-05
0,1,0.99999917
0,0,0.013102182
0,0,0.19087581
0,1,0.62858814
0,1,0.96063644
0,0,0.44829202
0,1,0.9999807
0,1,0.999998
0,0,0.033447083
0,1,0.99999666
0,1,0.99961793
0,0,0.008495078
0,0,0.02865071
0,1,0.9116116
0,0,0.17817815
0,0,2.184254e-05
0,0,0.13185246
0,1,0.99999917
0,0,0.016043406
0,1,0.999987
0,1,0.8034486
0,0,6.455255e-05
0,1,0.98777664
0,1,0.99999285
0,1,0.99718225
0,0,0.0076637203
0,1,0.99723816
0,1,0.9977556
0,1,0.9999994
0,0,9.364411e-06
0,0,0.18724461
0,1,0.9999974
0,0,0.16825342
0,1,0.99779356
0,0,1.2008914e-05
0,0,0.05312719
0,1,0.999995
0,0,1.8668405e-06
0,1,0.9988526
0,1,0.9999664
0,0,0.00016696072
0,0,0.42617124
0,0,0.34886956
0,1,0.99993885
0,0,0.00043378532
0,0,0.014291671
0,0,0.0064356085
0,1,0.5157463
0,0,1.9900951e-06
0,1,0.9997254
0,1,0.99983597
0,1,0.99992335
0,0,0.017808985
0,0,0.015609482
0,1,0.9996265
0,0,0.021070186
0,1,0.9999883
0,1,0.999395
0,1,0.99999535
0,1,0.9999982
0,0,0.069566585
0,1,0.9493432
0,0,2.326337e-06
0,1,0.9999559
0,1,0.99997056
0,0,0.076545894
0,1,0.88782406
0,0,0.13674761
0,0,2.3101176e-05
0,1,0.87307316
0,1,0.99885833
0,1,0.9984303
0,1,0.9987148
0,1,0.9999778
0,0,0.49397522
0,0,0.20219767
0,1,0.9989889
0,1,0.99176735
0,0,0.00017234331
0,1,0.99925584
0,1,0.9311243
0,0,0.0025984638
0,0,2.7715937e-06
0,1,0.99998915
0,0,0.39257333
0,1,0.5244705
0,1,0.9787875
0,1,0.99999905
0,1,0.9315592
0,1,0.9984647
0,0,0.120513335
0,1,0.9990263
0,1,0.84480065
0,1,0.90472674
0,1,0.86734396
0,1,0.99976224
0,1,0.87518317
0,1,0.8723453
0,1,0.9999547
0,1,0.9838959
0,1,0.99984527
0,0,1.788903e-05
0,0,5.5612404e-06
0,1,0.99998116
0,0,0.06286866
0,1,0.7754697
0,0,0.012055256
0,1,0.8851354
0,1,0.99918336
0,1,0.9999491
0,0,0.01112802
0,1,0.995086
0,1,0.99992824
0,1,0.9028806
0,1,0.9898559
0,0,0.0002053281
0,0,0.0030083521
0,1,0.8540151
0,1,0.9999994
0,1,0.9999987
0,0,0.0035033901
0,1,0.999997
0,0,3.6432293e-06
0,1,0.9999988
0,1,0.9999926
0,1,0.9619684
0,1,0.99999654
0,1,0.999956
0,1,0.9999993
0,0,1.764323e-06
0,1,0.9898733
0,0,0.0077685663
0,1,0.60582596
0,1,0.9999994
0,0,6.0922575e-06
0,0,0.003150259
0,1,0.92062336
0,1,0.96789056
0,1,0.7002148
0,1,0.9990446
0,1,0.9999994
0,1,0.9988174
0,1,0.96478367
0,0,0.008611908
0,0,1.773466e-05
0,1,0.9998691
0,1,0.9806371
0,1,0.99799526
0,1,0.99880123
0,1,0.9996469
0,1,0.99532855
0,1,0.9893154
0,0,0.0053011333
0,1,0.8846486
0,1,0.54651445
0,1,0.68127316
0,1,0.9995382
0,1,0.93677956
0,1,0.9887221
0,0,0.12202994
0,1,0.999479
0,1,0.9999101
0,1,0.999995
0,1,0.9915742
0,0,0.0031228794
0,1,0.99999094
0,0,0.0021606972
0,1,0.6896997
0,1,0.73449385
0,1,0.99463224
0,0,0.0036706969
0,1,0.914791
0,1,0.79119956
0,0,0.0003814277
0,0,8.617221e-06
0,1,0.9999988
0,1,0.99999785
0,0,0.23030737
0,1,0.99954885
0,1,0.7641476
0,1,0.9999981
0,1,0.9914948
0,0,0.0002047502
0,1,0.99995136
0,1,0.99999774
0,1,0.98866653
0,1,0.9999988
0,1,0.999853
0,0,4.870213e-05
0,0,0.0011327054
0,0,9.43496e-06
0,1,0.9999993
0,0,0.0009773105
0,1,0.9987419
0,0,8.870653e-06
0,1,0.9999906
0,1,0.998264
0,1,0.99659437
0,1,0.99999475
0,1,0.9999994
0,1,0.9856542
0,1,0.99999654
0,1,0.99809486
0,1,0.995773
0,1,0.9712423
0,0,2.5073221e-05
0,1,0.7211147
0,0,0.22161962
0,0,0.00013464117
0,1,0.73838544
0,0,0.11964163
0,1,0.9999994
0,1,0.99999356
0,1,0.98750603
0,1,0.9999852
0,0,0.36768577
0,1,0.99999416
0,1,0.99999905
0,0,0.0013859293
0,1,0.99612767
0,1,0.9997008
0,1,0.896689
0,1,0.99999774
0,1,0.9737684
0,1,0.9962819
0,1,0.9891411
0,0,0.015881205
0,0,3.506386e-05
0,1,0.9999987
0,1,0.9998995
0,1,0.9999901
0,0,0.011972318
0,1,0.9999975
0,1,0.9584761
0,0,0.00029203697
0,1,0.75128
0,0,0.26294237
0,1,0.99215955
0,1,0.9900686
0,1,0.9957795
0,0,5.4832262e-06
0,0,6.517188e-05
0,1,0.87174666
0,1,0.9993113
0,1,0.9837949
0,1,0.9506837
0,0,3.545673e-06
0,0,0.0032618681
0,1,0.9999976
0,1,0.9993082
0,1,0.60911965
0,0,1.698067e-06
0,0,0.13270657
0,0,1.4462817e-05
0,1,0.9928619
0,1,0.99853885
0,1,0.99331206
0,1,0.99814117
0,1,0.99999845
0,0,3.6767476e-06
0,0,3.432828e-05
0,1,0.99999666
0,1,0.99505323
0,1,0.875523
0,1,0.9998242
0,1,0.98421466
0,0,0.19705714
0,1,0.9999974
0,1,0.9999486
0,1,0.9997421
0,1,0.9999976
0,1,0.92083544
0,0,0.00027311817
0,1,0.99998987
0,1,0.9996673
0,1,0.9999994
0,1,0.9999988
0,0,7.295016e-06
0,0,0.31367952
0,1,0.96130323
0,1,0.78384495
0,1,0.99998415
0,1,0.9978479
0,0,0.0077934023
0,0,0.001515059
0,1,0.9938547
0,0,2.3288253e-06
0,1,0.9999993
0,1,0.9991466
0,1,0.99999213
0,1,0.99998367
0,0,0.00026480455
0,0,0.0024190112
0,1,0.9999989
0,1,0.99998677
0,1,0.9995332
0,1,0.9999993
0,1,0.99999905
0,1,0.98562336
0,1,0.99342924
0,1,0.6649844
0,1,0.9623944
0,0,2.627733e-05
0,1,0.99708325
0,1,0.99994385
0,1,0.9999988
0,1,0.55434257
0,0,0.3488518
0,1,0.9999367
0,0,2.0879638e-06
0,0,2.2821578e-05
0,1,0.9999994
0,1,0.9997334
0,0,0.13280396
0,1,0.5750916
0,0,0.14258091
0,1,0.9999305
0,0,0.40954715
0,1,0.9999095
0,1,0.99937075
0,1,0.51907
0,0,0.009175504
0,1,0.9996221
0,0,0.014293651
0,0,0.01925533
0,1,0.9999943
0,0,2.0407524e-06
0,0,0.019409163
0,1,0.5284357
0,1,0.9731697
0,1,0.8694092
0,0,0.00014496616
0,0,4.5943966e-06
0,1,0.97417766
0,1,0.99999785
0,0,0.43720064
0,1,0.9972753
0,1,0.99860257
0,1,0.91931695
0,1,0.9999335
0,1,0.9940388
0,1,0.96445423
0,1,0.9999988
0,0,0.0003163413
0,0,0.056758966
0,0,0.02364543
0,0,0.38721174
0,1,0.9999863
0,1,0.99995685
0,1,0.9999993
0,1,0.99999845
0,0,0.0011176559
0,0,0.013814255
0,1,0.9999932
0,1,0.9857706
0,0,7.74898e-06
0,0,3.2990242e-06
0,1,0.9999982
0,0,0.3770029
0,0,2.0777521e-05
0,0,0.051113673
0,1,0.99998915
0,1,0.9999993
0,0,3.3569863e-06
0,1,0.975988
0,1,0.9989617
0,0,0.23126617
0,1,0.8292538
0,1,0.81821835
0,0,0.0030328222
0,0,0.009827113
0,0,1.9565366e-06
0,1,0.99983084
0,1,0.99956316
0,0,0.007952852
0,1,0.99997425
0,1,0.77821976
0,1,0.9999945
0,1,0.999998
0,0,1.6726448e-05
0,0,0.00284399
0,1,0.9999963
0,1,0.9999974
0,1,0.99248403
0,1,0.9995023
0,0,0.20691566
0,0,0.21192901
0,0,0.41854507
0,1,0.88068175
0,0,1.0715061e-05
0,1,0.99876666
0,0,1.6745363e-06
0,1,0.9999987
0,0,3.0089604e-06
0,0,4.0989336e-05
0,1,0.99762505
0,0,0.0027353808
0,1,0.999204
0,0,6.6319003e-06
0,1,0.9989956
0,0,0.056946177
0,1,0.97751915
0,1,0.9999423
0,0,0.00054954074
0,1,0.999864
0,1,0.99999905
0,1,0.9999993
0,0,0.009369224
0,1,0.9999666
0,1,0.9999975
0,0,5.1112875e-05
0,0,0.00317548
0,0,0.14774105
0,1,0.9999988
0,1,0.9999682
0,0,0.0003333036
0,0,0.019694882
0,0,0.046435583
0,1,0.9911021
0,0,0.052798565
0,0,6.610747e-06
0,1,0.98642945
0,1,0.9998653
0,1,0.9993305
0,1,0.999997
0,0,0.056057237
0,1,0.9860238
0,1,0.9999988
0,1,0.99999666
0,0,0.004410921
0,0,0.044059742
0,1,0.6404315
0,0,0.00021617541
0,1,0.99999905
0,1,0.9987368
0,1,0.9828796
0,0,0.001321176
0,0,0.0086031025
0,1,0.99809796
0,1,0.9999943
0,1,0.8611515
0,1,0.99999654
0,1,0.9999994
0,1,0.93322384
0,0,0.19730191
0,0,4.3049386e-06
0,1,0.99999106
0,1,0.98229593
0,0,5.265148e-06
0,1,0.9999962
0,0,2.122865e-05
0,0,0.00751276
0,1,0.9999267
0,0,0.0006290265
0,1,0.99999857
0,1,0.9989913
0,1,0.99944776
0,0,0.011160309
0,1,0.9999994
0,1,0.9940654
0,1,0.9999987
0,1,0.99999905
0,0,3.276314e-05
0,1,0.9907652
0,0,0.059584573
0,1,0.9998666
0,1,0.99988973
0,1,0.9419467
0,0,5.56797e-05
0,0,0.0009757701
0,1,0.9997814
0,1,0.9557354
0,1,0.99861157
0,1,0.78778523
0,0,0.00094821193
0,1,0.99999726
0,0,0.0031177653
0,1,0.9480261
0,0,0.06540404
0,0,0.074164316
0,0,0.0016636811
0,0,0.009674542
0,0,0.0015841497
0,0,7.4445456e-06
0,1,0.999977
0,1,0.9919451
0,1,0.5550096
0,1,0.9998597
0,0,0.041171104
0,0,0.00048039155
0,1,0.9568449
0,0,0.016434588
0,1,0.99999785
0,1,0.9982401
0,1,0.9981275
0,1,0.98223776
0,1,0.99985397
0,0,0.000116361894
0,1,0.9999031
0,0,1.9254612e-06
0,1,0.99999905
0,1,0.616918
0,1,0.82111657
0,1,0.9847245
0,0,0.09491552
0,1,0.99969125
0,0,0.0010649911
0,1,0.8224806
0,0,1.3062793e-05
0,0,0.00097040087
0,1,0.9250186
0,1,0.9741449
0,1,0.9999993
0,1,0.99541265
0,0,0.0007081227
0,0,2.052806e-05
0,0,4.7686217e-06
0,1,0.9999987
0,0,0.06538876
0,1,0.9999964
0,1,0.9999988
0,1,0.9817214
0,0,0.4662488
0,0,0.05264054
0,1,0.7990808
0,0,2.3272016e-05
0,0,0.012147879
0,1,0.9998872
0,0,2.1963962e-05
0,1,0.99993634
0,0,0.0050545516
0,1,0.99997413
0,1,0.9999981
0,1,0.9999616
0,1,0.99466187
0,1,0.9738018
0,0,0.034407295
0,0,1.0649637e-05
0,1,0.9112823
0,1,0.9281902
0,1,0.9999294
0,1,0.6723855
0,0,0.12402682
0,1,0.72663116
0,1,0.9999888
0,0,5.659375e-06
0,1,0.99999225
0,1,0.99999857
0,0,0.006218767
0,1,0.9994318
0,0,0.00013951682
0,1,0.9995952
0,0,0.20093247
0,1,0.91966444
0,1,0.99999917
0,0,0.40653342
0,1,0.9585024
0,1,0.99999917
0,1,0.99993014
0,0,2.1776294e-05
0,1,0.96402687
0,0,0.0068132686
0,1,0.5207876
0,1,0.52166
0,1,0.99999714
0,1,0.6824798
0,0,0.4778582
0,1,0.9995741
0,0,0.33096188
0,1,0.9160208
0,0,0.10333342
0,1,0.9999993
0,1,0.9999509
0,0,2.3187972e-06
0,1,0.99996006
0,0,0.02042943
0,1,0.9999993
0,1,0.9604962
0,1,0.76011276
0,1,0.9016742
0,1,0.9014239
0,0,0.27389392
0,0,0.07869682
0,1,0.99828666
0,1,0.9999957
0,1,0.94192946
0,1,0.9999993
0,1,0.99999857
0,0,6.328173e-05
0,0,4.6582636e-06
0,0,6.0644754e-05
0,0,3.878799e-06
0,1,0.9999969
0,0,0.066236064
0,1,0.9999994
0,0,0.046535593
0,1,0.99999917
0,1,0.98514926
0,1,0.9999865
0,1,0.9998554
0,1,0.99998844
0,1,0.91674596
0,1,0.99985516
0,0,0.4982189
0,0,0.11374955
0,0,0.030471088
0,1,0.987939
0,1,0.9597147
0,1,0.99981886
0,1,0.9899301
0,0,2.7208182e-06
0,1,0.7204716
0,0,0.024145417
0,0,3.968685e-06
0,1,0.9999994
0,1,0.9999994
0,0,1.7364084e-06
0,1,0.9997652
0,0,0.47167757
0,0,0.041445263
0,1,0.9927584
0,0,0.0012054914
0,1,0.9999994
0,1,0.57811266
0,1,0.99998546
0,1,0.73825485
0,1,0.9999982
0,0,5.676039e-05
0,1,0.6497488
0,0,0.08662141
0,1,0.9982254
0,1,0.9996997
0,0,0.20533556
0,1,0.9999993
0,0,4.5662728e-05
0,1,0.9999893
0,0,0.024632638
0,0,0.2516908
0,1,0.9669427
0,1,0.9495308
0,1,0.99973685
0,0,0.04857481
0,1,0.966162
0,1,0.7527666
0,1,0.99999547
0,1,0.9999857
0,0,0.22073278
0,1,0.99268156
0,1,0.9999871
0,0,0.36840466
0,1,0.59433395
0,1,0.9999989
0,1,0.99962664
0,0,0.02092237
0,1,0.9268038
0,1,0.99697435
0,1,0.99999845
0,0,0.1681291
0,1,0.9997943
0,0,1.9009846e-06
0,1,0.6249422
0,1,0.9999994
0,1,0.6341742
0,0,0.0004948631
0,0,0.0007070683
0,1,0.9999994
0,0,0.045206398
0,1,0.9999919
0,0,0.37685785
0,0,0.00018958125
0,1,0.99875677
0,1,0.99311346
0,0,0.0031861993
0,0,5.231713e-06
0,0,2.8196057e-06
0,1,0.9977469
0,1,0.99962723
0,1,0.9389645
0,1,0.99989974
0,1,0.9360994
0,0,1.9186687e-05
0,0,0.35700938
0,1,0.9999157
0,0,0.0023150393
0,1,0.5828327
0,0,0.023518046
0,1,0.99330926
0,0,0.43425113
0,1,0.9999993
0,1,0.99533087
0,0,2.1413164e-06
0,1,0.99865144
0,0,0.016637713
0,0,0.10191309
0,0,0.0034887216
0,1,0.9999906
0,1,0.9999982
0,1,0.9999994
0,1,0.99999833
0,1,0.8419669
0,0,5.934944e-06
0,0,0.00012902888
0,0,0.052634075
0,0,0.4240131
0,1,0.9938139
0,1,0.99985623
0,1,0.9778054
0,1,0.9999994
0,0,2.036522e-06
0,1,0.99998534
0,1,0.99999917
0,1,0.9890183
0,1,0.9760492
0,0,0.002947834
0,0,0.023596847
0,1,0.9644916
0,1,0.99909604
0,1,0.9999993
0,1,0.99266136
0,1,0.9972869
0,0,0.00041945511
0,0,0.020016883
0,1,0.9999989
0,1,0.9999701
0,0,0.04190456
0,1,0.990343
0,1,0.99935824
0,1,0.9887847
0,1,0.63794595
0,1,0.99071914
0,1,0.9465356
0,1,0.99855775
0,0,0.029069217
0,0,0.00043232803
0,1,0.9999932
0,1,0.8747876
0,0,0.041359983
0,1,0.99148905
0,1,0.99982786
0,0,9.586645e-05
0,1,0.9999906
0,1,0.9999993
0,1,0.9950104
0,1,0.9243192
0,1,0.9999994
0,1,0.9999993
0,1,0.99999833
0,1,0.71811163
0,1,0.96770144
0,1,0.9999987
0,1,0.9999994
0,0,0.01910922
0,1,0.6066456
0,0,4.3133372e-05
0,1,0.9996908
0,0,0.11232062
0,0,0.0048570856
0,0,0.34640542
0,1,0.9999267
0,1,0.7630108
0,0,0.018356469
0,1,0.99765223
0,1,0.99247146
0,0,0.031854242
0,1,0.9999994
0,1,0.96370715
0,1,0.629306
0,0,0.20740288
0,1,0.99615246
0,0,0.0002749872
0,1,0.8357439
0,0,0.0131294485
0,0,3.465233e-06
0,1,0.9994869
0,0,0.09642084
0,1,0.6814978
0,0,0.0002780734
0,1,0.9994454
0,0,0.119140126
0,0,3.5968724e-06
0,1,0.9999876
0,1,0.9999318
0,1,0.99999607
0,1,0.9999994
0,0,0.0022137512
0,1,0.98669016
0,0,0.29970375
0,0,7.1670293e-06
0,1,0.84949476
0,0,0.12331382
0,1,0.9997534
0,0,0.020108657
0,0,2.0506905e-06
0,1,0.87911147
0,1,0.99990547
0,1,0.99999917
0,1,0.9945357
0,0,2.1515227e-06
0,1,0.9999809
0,0,3.671037e-06
0,1,0.9999931
0,0,0.09482739
0,1,0.9999839
0,1,0.99988234
0,0,0.08192531
0,0,2.5210106e-06
0,0,0.027841056
0,0,0.12562293
0,0,0.3620686
0,1,0.99999404
0,1,0.6535477
0,1,0.999959
0,1,0.8117144
0,1,0.99999905
0,1,0.9874542
0,1,0.99829406
0,1,0.99120784
0,1,0.9961255
0,1,0.9973488
0,0,0.015183451
0,1,0.9999962
0,0,5.2221126e-06
0,1,0.8397625
0,1,0.999992
0,1,0.922338
0,1,0.7446173
0,0,0.2966097
0,0,0.006604891
0,1,0.94823486
0,1,0.99985635
0,1,0.99999905
0,0,5.041439e-06
0,1,0.709632
0,1,0.9999988
0,1,0.6840136
0,1,0.99999106
0,1,0.9683747
0,0,0.014081676
0,0,3.6413894e-05
0,1,0.9999958
0,0,2.6731748e-06
0,1,0.56589067
0,0,0.19381838
0,0,0.03489323
0,1,0.9658866
0,0,2.323426e-06
0,1,0.66378087
0,0,0.18278095
0,1,0.99999917
0,1,0.9999244
0,1,0.9844583
0,0,0.49847227
0,0,0.14861189
0,0,0.00097519066
0,1,0.99991286
0,1,0.98529184
0,0,0.49011984
0,1,0.9999528
0,1,0.99999917
0,1,0.9999993
0,0,3.5312469e-06
0,0,0.07029485
0,1,0.9989526
0,0,2.2166753e-06
0,1,0.9913243
0,1,0.94548506
0,1,0.99866664
0,1,0.7142193
0,1,0.9999969
0,1,0.9903977
0,1,0.9999993
0,0,7.268945e-05
0,1,0.97830176
0,1,0.99953306
0,0,0.118294746
0,1,0.9999988
0,0,0.0003099511
0,0,0.0010084156
0,1,0.9987392
0,1,0.9999994
0,0,0.0043586832
0,0,1.2100099e-05
0,0,0.20329122
0,1,0.8526182
0,0,0.0003949815
0,1,0.87303454
0,1,0.999951
0,1,0.9162414
0,1,0.9999907
0,0,2.9673804e-06
0,0,0.09898837
0,1,0.9891188
0,0,0.034124795
0,0,0.13118966
0,1,0.99999213
0,1,0.99999857
0,0,0.0002489048
0,1,0.9999831
0,0,0.0073994026
0,1,0.9999993
0,1,0.99999857
0,1,0.9999223
0,1,0.9999839
0,1,0.99999475
0,0,0.3614998
0,1,0.99906427
0,0,0.00025998533
0,1,0.99223447
0,1,0.9998909
0,1,0.9999962
0,1,0.99999833
0,1,0.99887544
0,0,0.11804313
0,1,0.9995969
0,1,0.99999726
0,0,0.00839871
0,0,0.0021423562
0,1,0.9999989
0,1,0.9999989
0,0,0.48828584
0,1,0.9963425
0,0,5.341822e-06
0,1,0.9999323
0,1,0.9988895
0,1,0.98092103
0,0,0.21740063
0,1,0.79342246
0,1,0.91256016
0,1,0.999998
0,0,1.7365393e-06
0,1,0.99976116
0,1,0.9720382
0,1,0.91135204
0,1,0.99999285
0,1,0.99831307
0,1,0.9439409
0,1,0.9999622
0,1,0.68140596
0,0,0.0008092777
0,1,0.99998593
0,0,0.049831443
0,0,0.00017062675
0,1,0.87580925
0,0,0.002490392
0,0,0.08628501
0,0,1.7626934e-06
0,1,0.99999917
0,0,0.011565528
0,1,0.6934816
0,0,2.2494265e-05
0,0,3.0298484e-06
0,0,0.009937418
0,1,0.99980944
0,1,0.9999529
0,1,0.9403387
0,1,0.9999994
0,1,0.99986315
0,0,0.015841035
0,0,5.543355e-05
0,1,0.99998736
0,0,2.4068001e-06
0,0,7.616262e-06
0,0,0.00013644867
0,1,0.9999974
0,1,0.77770346
0,0,0.0034953272
0,1,0.99999714
0,0,0.01440772
0,0,1.0830432e-05
0,0,1.9392419e-06
0,1,0.9828371
0,1,0.9999993
0,1,0.9997311
0,1,0.68672216
0,0,0.011527421
0,1,0.999992
0,1,0.7201893
0,0,0.3642411
0,1,0.97143644
0,1,0.9999416
0,1,0.99995875
0,0,4.360895e-06
0,1,0.99996483
0,1,0.7043789
0,0,9.528335e-05
0,1,0.5763347
0,0,0.3632788
0,1,0.9999994
0,1,0.93485475
0,0,0.0018418061
0,1,0.62783176
0,0,0.037984584
0,1,0.99992955
0,1,0.9992737
0,1,0.99999654
0,1,0.99998236
0,1,0.99993265
0,1,0.9999927
0,0,4.7584806e-05
0,1,0.9999201
0,0,0.4498231
0,1,0.74424857
0,1,0.9998
0,1,0.99180615
0,1,0.9706566
0,0,2.1902028e-05
0,1,0.8169221
0,1,0.8945688
0,1,0.99992645
0,0,0.0033669723
0,1,0.99999845
0,0,3.515653e-06
0,1,0.9999695
0,1,0.9999969
0,1,0.9999993
0,1,0.9999993
0,1,0.9999875
0,1,0.98929125
0,1,0.99967134
0,0,0.40395272
0,1,0.9999951
0,0,0.0042635133
0,1,0.9999968
0,1,0.9880825
0,1,0.9999987
0,1,0.9769721
0,1,0.9999993
0,1,0.9999912
0,1,0.9999987
0,0,0.0013035875
0,0,0.00023252604
0,0,2.2971149e-06
0,1,0.66086304
0,0,0.010025721
0,1,0.6730843
0,1,0.99998057
0,1,0.9999994
0,1,0.68856585
0,1,0.73530376
0,1,0.9999989
0,1,0.98513734
0,0,0.00012100601
0,1,0.9984232
0,1,0.9999993
0,0,0.0072507476
0,0,0.0001954092
0,0,0.0015544833
0,0,6.1323444e-06
0,1,0.8828027
0,0,0.49522972
0,1,0.996252
0,0,0.0006713958
0,0,6.347974e-05
0,0,0.075711004
0,1,0.99709654
0,1,0.8391183
0,1,0.9291808
0,0,0.33900303
0,1,0.8037319
0,0,0.370123
0,1,0.8001947
0,1,0.8998548
0,0,0.0002736293
0,1,0.9998505
0,0,3.8210874e-06
0,1,0.90968764
0,1,0.7349277
0,0,0.00018938397
0,0,0.12257161
0,1,0.9999987
0,0,0.00022097518
0,0,0.06574485
0,0,0.00028858604
0,0,0.006883943
0,0,1.7494181e-06
0,0,0.00019948208
0,1,0.97096336
0,0,0.043332748
0,1,0.9999982
0,0,0.0034407957
0,1,0.9999752
0,1,0.9999943
0,1,0.9999796
0,1,0.9904901
0,0,0.034632944
0,1,0.9999994
0,1,0.99999857
0,0,0.16088793
0,1,0.89585626
0,1,0.9999863
0,1,0.9999969
0,0,0.00048540562
0,1,0.99999535
0,1,0.99999917
0,0,0.045132395
0,0,0.00020219634
0,0,0.21936621
0,0,1.1047095e-05
0,1,0.99999845
0,1,0.99994135
0,0,1.687233e-05
0,1,0.9999553
0,0,2.640922e-05
0,1,0.99813664
0,1,0.9846831
0,1,0.9986072
0,1,0.9999945
0,1,0.9902554
0,1,0.9570472
0,0,0.00195421
0,0,0.019844756
0,1,0.99999917
0,1,0.9955117
0,0,0.23294449
0,1,0.9999994
0,1,0.9999809
0,1,0.98438245
0,1,0.6504028
0,1,0.9997812
0,1,0.789538
0,0,0.41524112
0,0,0.058844246
0,0,0.11877513
0,1,0.99249697
0,1,0.9999964
0,0,0.03857355
0,0,3.6399995e-06
0,0,0.0018520965
0,1,0.97935873
0,0,0.00026830472
0,0,4.289505e-05
0,0,0.022437297
0,1,0.98012537
0,1,0.9999876
0,0,1.6704101e-06
0,1,0.55206275
0,1,0.86741436
0,1,0.99997604
0,1,0.9990214
0,0,2.2380807e-06
0,0,0.29503283
0,1,0.9999993
0,1,0.91082597
0,0,0.0020224082
0,0,2.4416493e-06
0,0,0.0366758
0,1,0.9999974
0,1,0.9999982
0,1,0.9999968
0,0,0.03313709
0,0,0.25844836
0,1,0.9386161
0,0,0.04641853
0,0,0.007529792
0,1,0.78354234
0,0,1.8592821e-06
0,1,0.91705036
0,1,0.9999094
0,1,0.9950759
0,1,0.5234795
0,1,0.9999933
0,1,0.9999876
0,1,0.9992723
0,1,0.9999982
0,0,6.6917615e-05
0,0,0.38318965
0,1,0.9999844
0,1,0.9813385
0,0,2.5178315e-05
0,0,7.374252e-06
0,0,0.016620426
0,1,0.7185488
0,0,0.0023763436
0,1,0.9690791
0,1,0.9925982
0,1,0.99369615
0,1,0.9999994
0,0,0.012890987
0,1,0.9496913
0,0,4.334466e-05
0,1,0.99999917
0,1,0.9999994
0,0,1.5544582e-06
0,1,0.97453225
0,1,0.999951
0,1,0.9998047
0,0,0.08110834
0,0,0.0017835473
0,1,0.91431165
0,1,0.9999081
0,0,6.648478e-06
0,1,0.57640433
0,0,0.019656112
0,1,0.99903727
0,1,0.9803725
0,0,3.3288648e-06
0,0,2.5201118e-06
0,1,0.57542795
0,1,0.9245746
0,0,0.06202152
0,0,0.05598839
0,0,0.0049632154
0,0,0.13788979
0,0,0.020175358
0,0,0.011391463
0,0,0.002839037
0,1,0.99993706
0,0,4.748853e-06
0,1,0.99999845
0,1,0.67131186
0,0,0.008156831
0,0,1.2912949e-05
0,1,0.99999344
0,0,0.21559772
0,0,0.015302
0,0,1.985786e-06
0,1,0.99998856
0,1,0.89958173
0,1,0.9280188
0,0,6.7099536e-05
0,0,2.0095235e-06
0,1,0.9998851
0,1,0.9999988
0,0,2.2609406e-06
0,1,0.9997402
0,1,0.9997712
0,0,3.7442704e-05
0,1,0.6086997
0,0,4.328602e-06
0,0,0.45326486
0,1,0.9735227
0,0,0.090470016
0,0,4.539979e-06
0,1,0.8408688
0,0,9.761898e-06
0,0,0.018744102
0,0,7.4417934e-05
0,0,0.11084876
0,1,0.9999732
0,1,0.9999987
0,1,0.9991897
0,1,0.99896586
0,1,0.9886059
0,0,0.0022475126
0,1,0.9999988
0,1,0.9803412
0,1,0.9999994
0,1,0.86202407
0,1,0.9999988
0,1,0.9994837
0,1,0.9975551
0,1,0.99981123
0,1,0.9148728
0,0,0.0023921041
0,1,0.9742444
0,1,0.9999994
0,0,0.011081009
0,1,0.99999785
0,1,0.99925476
0,1,0.9999993
0,1,0.9999776
0,1,0.9935318
0,1,0.99998796
0,0,2.0203845e-06
0,0,3.7865595e-06
0,1,0.70201
0,0,0.05285145
0,1,0.99995124
0,0,0.08686991
0,1,0.942556
0,0,0.0037971642
0,0,2.5136615e-05
0,1,0.99589336
0,0,2.1628314e-06
0,0,0.00089446775
0,0,3.1313846e-06
0,1,0.9997986
0,0,0.027041355
0,0,0.03314583
0,0,0.0005152348
0,1,0.86739
0,1,0.99952507
0,0,0.00013505932
0,0,0.015591981
0,1,0.9952296
0,0,6.5505874e-06
0,0,0.03960596
0,0,2.9389183e-05
0,1,0.9951368
0,0,0.13117246
0,1,0.99999917
0,1,0.99950063
0,1,0.99096113
0,1,0.9980692
0,0,0.0038163825
0,1,0.9957878
0,0,0.046222586
0,1,0.5878644
0,0,1.9676736e-06
0,1,0.980963
0,0,0.00017383564
0,0,0.021354232
0,0,0.039249185
0,1,0.9498401
0,0,0.0029856877
0,0,0.00020096048
0,0,0.0025871769
0,0,0.039789576
0,1,0.99998176
0,0,0.06863613
0,1,0.99997926
0,1,0.9998122
0,1,0.8366588
0,0,0.014144872
0,1,0.9993449
0,1,0.99992275
0,0,3.3680742e-05
0,1,0.9999975
0,1,0.9945076
0,0,0.087963775
0,1,0.77975106
0,1,0.99884725
0,1,0.9999989
0,1,0.9999993
0,0,0.006084901
0,1,0.99999475
0,1,0.9999964
0,1,0.9999993
0,0,6.4639435e-06
0,1,0.8650696
0,0,0.004261392
0,0,1.2235588e-05
0,1,0.99920636
0,1,0.99944097
0,0,0.09817974
0,0,0.03214154
0,1,0.99999774
0,1,0.99996877
0,1,0.9999989
0,0,0.0010266878
0,1,0.5340886
0,0,3.594184e-06
0,1,0.99999917
0,0,2.2800234e-06
0,1,0.7646804
0,1,0.9999976
0,0,0.34343278
0,0,0.04146918
0,0,2.0221836e-05
0,1,0.98634005
0,1,0.9624418
0,1,0.999998
0,0,3.881752e-06
0,1,0.9999974
0,1,0.9999994
0,1,0.9999987
0,1,0.99972755
0,1,0.99999917
0,0,0.00015339073
0,1,0.9731818
0,1,0.99999547
0,0,6.463762e-05
0,1,0.99966407
0,0,7.3256356e-06
0,1,0.55490077
0,0,0.49580505
0,1,0.958663
0,0,1.9989357e-05
0,1,0.9994369
0,1,0.99944323
0,0,0.0069164657
0,0,1.9524618e-05
0,1,0.725536
0,1,0.9999994
0,0,0.0002308111
0,0,0.00010156366
0,0,0.14011374
0,0,0.0024099306
0,0,0.16363104
0,0,0.23108764
0,0,0.12806821
0,1,0.93972516
0,1,0.9999993
0,0,0.08248353
0,1,0.65338796
0,0,5.9996368e-05
0,1,0.9999676
0,1,0.9982344
0,1,0.9999895
0,0,0.05097938
0,1,0.9999988
0,1,0.99914896
0,0,0.0005745096
0,0,0.27132365
0,0,0.028031312
0,1,0.667856
0,0,0.0001151787
0,0,1.1172197e-05
0,1,0.69731873
0,0,0.14862004
0,1,0.7408427
0,0,6.272172e-06
0,1,0.9999769
0,1,0.9788498
0,0,0.19769597
0,0,0.03340987
0,0,2.0029913e-06
0,0,1.8066838e-05
0,1,0.9994429
0,1,0.99998045
0,1,0.7885424
0,0,2.9454137e-05
0,1,0.87814903
0,0,0.00047753166
0,1,0.9999964
0,1,0.8216877
0,1,0.99993074
0,1,0.9999987
0,0,3.873447e-06
0,1,0.999718
0,1,0.91673136
0,1,0.9999994
0,1,0.9999864
0,1,0.99999905
0,1,0.99999905
0,0,9.1267255e-05
0,1,0.9404171
0,0,0.004738206
0,1,0.9999989
0,1,0.9999094
0,1,0.99998426
0,1,0.9999877
0,1,0.99989784
0,0,0.43979236
0,0,0.017698955
0,0,0.035079144
0,1,0.9998596
0,1,0.99999845
0,1,0.99821657
0,0,0.17842005
0,1,0.9999993
0,0,0.00011652444
0,1,0.9993662
0,1,0.61474466
0,1,0.9999993
0,0,3.351426e-05
0,1,0.7826307
0,0,0.010272887
0,1,0.9984932
0,1,0.9999993
0,1,0.99999917
0,1,0.99468416
0,0,0.008201766
0,1,0.9998969
0,1,0.99999845
0,1,0.99995077
0,1,0.9998516
0,1,0.82710123
0,0,0.40713966
0,0,0.1923317
0,0,4.2519874e-05
0,0,5.3352746e-06
0,1,0.9965598
0,1,0.99999917
0,0,0.000101925165
0,1,0.9999988
0,1,0.9998493
0,1,0.9999993
0,1,0.999998
0,0,3.5578978e-06
0,1,0.87241846
0,1,0.9999989
0,0,0.042639446
0,1,0.9998975
0,1,0.99997675
0,0,4.2719057e-06
0,1,0.9999993
0,1,0.56125635
0,1,0.9999993
0,1,0.9797546
0,0,1.9538402e-06
0,0,1.5693919e-05
0,1,0.9925718
0,0,0.38367906
0,1,0.9999628
0,1,0.9997855
0,1,0.99703205
0,1,0.99447244
0,0,0.012448171
0,1,0.9952058
0,1,0.99999917
0,1,0.9802028
0,1,0.99941015
0,1,0.9999918
0,1,0.97410226
0,1,0.7583867
0,1,0.7075591
0,1,0.9998776
0,1,0.99999726
0,1,0.9999901
0,1,0.99990106
0,1,0.7472865
0,0,0.0630148
0,0,0.045413047
0,0,0.093152866
0,1,0.9999987
0,1,0.99981946
0,1,0.9999994
0,1,0.9999957
0,0,0.2857029
0,1,0.8998414
0,1,0.78387636
0,1,0.9992275
0,1,0.99999607
0,0,0.009539663
0,0,0.057035066
0,1,0.9924501
0,1,0.7146529
0,1,0.9906786
0,1,0.9997391
0,0,0.037299313
0,0,0.11293197
0,1,0.99770075
0,1,0.99999905
0,0,0.2051001
0,1,0.99981314
0,1,0.99889636
0,1,0.99986434
0,0,5.2566935e-05
0,1,0.99492836
0,0,0.42513785
0,1,0.9975593
0,1,0.8962143
0,0,0.016849454
0,1,0.99661994
0,1,0.7111503
0,1,0.971094
0,1,0.9999993
0,0,0.05680933
0,0,0.0023406714
0,0,1.2342316e-05
0,1,0.99999917
0,1,0.9521301
0,1,0.999972
0,0,2.5193975e-05
0,1,0.9379377
0,1,0.9721925
0,1,0.9999893
0,1,0.5988489
0,1,0.99530244
0,1,0.9991386
0,1,0.96406466
0,0,8.514182e-05
0,1,0.99276406
0,0,0.00055209326
0,0,0.12649049
0,0,6.2432764e-06
0,1,0.99936384
0,1,0.99689364
0,1,0.9999702
0,1,0.74940044
0,1,0.9995952
0,1,0.9999908
0,1,0.9436373
0,0,0.42781132
0,0,0.48091155
0,1,0.99944943
0,0,1.1733172e-05
0,1,0.99999857
0,0,0.18138283
0,0,1.6695421e-06
0,1,0.9999981
0,1,0.9060977
0,0,0.00015363828
0,0,0.03234762
0,1,0.99399096
0,1,0.99999917
0,1,0.5267246
0,0,3.9670504e-06
0,1,0.9995421
0,1,0.66049516
0,0,0.005199535
0,0,2.9156533e-06
0,0,0.00023447027
0,1,0.72705555
0,0,1.3783609e-05
0,1,0.97911674
0,1,0.9576466
0,1,0.9706153
0,1,0.6147778
0,1,0.93213797
0,1,0.9212341
0,1,0.99996614
0,1,0.9999974
0,1,0.8429618
0,0,0.07157824
0,1,0.9828787
0,1,0.9994979
0,1,0.99969375
0,1,0.99999666
0,1,0.9999702
0,1,0.9999964
0,0,0.49953198
0,1,0.997408
0,1,0.99999917
0,1,0.9995147
0,0,0.003019914
0,1,0.51593083
0,1,0.99999917
0,0,0.46742868
0,1,0.8986435
0,0,8.0195705e-06
0,1,0.9999994
0,1,0.90067446
0,1,0.9999993
0,1,0.9988851
0,1,0.9999814
0,1,0.7357839
0,0,0.07796449
0,1,0.87132704
0,1,0.9924557
0,1,0.90411437
0,1,0.99802893
0,0,6.969489e-05
0,1,0.9591977
0,1,0.9998492
0,0,0.4401128
0,1,0.9974362
0,1,0.9618183
0,0,0.02021936
0,1,0.9893365
0,1,0.99748373
0,1,0.9999969
0,0,0.21151733
0,1,0.97396266
0,0,2.2178378e-05
0,1,0.7387299
0,1,0.9996964
0,1,0.99995947
0,1,0.9999993
0,1,0.69158036
0,1,0.6785426
0,1,0.9998167
0,1,0.77183163
0,1,0.9981704
0,0,1.6652822e-06
0,0,8.550878e-06
0,0,0.0795223
0,1,0.9999993
0,1,0.997558
0,0,4.0945975e-05
0,1,0.91891944
0,1,0.9669667
0,1,0.9999989
0,1,0.99999917
0,0,7.138986e-05
0,1,0.9999994
0,1,0.83020234
0,1,0.9992111
0,1,0.5312591
0,0,3.8573235e-06
0,0,0.14334856
0,0,0.042810943
0,1,0.9999976
0,1,0.99328995
0,1,0.99993956
0,1,0.6620973
0,1,0.999998
0,1,0.9999993
0,0,0.31945133
0,1,0.9999989
0,1,0.99939466
0,0,0.013758241
0,0,5.2875e-06
0,1,0.7995413
0,0,0.36924815
0,0,0.007261079
0,0,0.009308198
0,1,0.99999905
0,1,0.9980769
0,1,0.9971199
0,1,0.6204423
0,1,0.99218166
0,1,0.99983716
0,0,0.18179815
0,1,0.9873481
0,0,8.734901e-06
0,1,0.7443337
0,1,0.9997923
0,0,0.20994252
0,1,0.99999917
0,0,6.985627e-06
0,1,0.63928235
0,1,0.8602324
0,0,0.022927254
0,1,0.99999344
0,0,8.220778e-06
0,1,0.99662614
0,1,0.99998474
0,0,0.030944513
0,1,0.96927726
0,0,0.01504104
0,0,2.5192012e-06
0,0,3.6764357e-06
0,1,0.7454887
0,1,0.85292995
0,1,0.9999988
0,0,0.058101706
0,0,0.33554575
0,0,0.40283778
0,1,0.98509514
0,1,0.85922426
0,0,0.026368443
0,0,0.0074122595
0,0,0.0073899203
0,0,0.46576053
0,1,0.9998523
0,1,0.99998295
0,1,0.9989724
0,1,0.9999949
0,1,0.99998677
0,0,1.8107401e-06
0,1,0.9719681
0,0,0.0838802
0,1,0.99999666
0,0,9.599617e-06
0,0,0.040700767
0,1,0.9996006
0,0,8.186643e-06
0,1,0.9890967
0,0,0.043790594
0,1,0.87453264
0,0,1.6335539e-06
0,1,0.9999994
0,1,0.9504247
0,1,0.5681162
0,0,6.493861e-06
0,0,0.061568663
0,1,0.9981553
0,1,0.99999106
0,1,0.99999905
0,0,0.13681662
0,1,0.9984256
0,0,0.00048588566
0,0,0.00025072976
0,0,0.036869366
0,0,0.12787884
0,0,0.017172981
0,0,2.6328082e-06
0,1,0.99999654
0,1,0.9999925
0,1,0.97818965
0,0,0.154895
0,0,0.00068745593
0,1,0.99886644
0,0,0.02889284
0,1,0.99753547
0,1,0.9999989
0,0,0.0014378176
0,1,0.6347783
0,0,0.0070959884
0,0,0.01828365
0,0,2.3448129e-06
0,1,0.99584925
0,1,0.9999198
0,1,0.9980077
0,1,0.8182313
0,0,1.7470922e-05
0,1,0.9999752
0,0,0.3625125
0,1,0.9983064
0,1,0.9984902
0,0,0.04103215
0,1,0.5681255
0,1,0.9991265
0,1,0.996366
0,1,0.79653937
0,1,0.9993586
0,1,0.9999987
0,0,9.466967e-05
0,1,0.99999917
0,0,1.5634407e-05
0,0,0.4461084
0,1,0.9999994
0,0,0.04847163
0,0,0.00021574402
0,0,7.981695e-06
0,0,1.5108745e-05
0,1,0.87653095
0,0,6.6817347e-06
0,0,0.044927325
0,1,0.98847175
0,1,0.9999498
0,1,0.9999517
0,0,0.104808606
0,1,0.99880564
0,0,2.7097042e-06
0,1,0.99999785
0,0,0.0029887157
0,0,0.046420764
0,0,0.0010777941
0,0,0.025624866
0,0,0.0138715645
0,1,0.77001315
0,1,0.99979395
0,0,0.49307382
0,0,0.0019674515
0,1,0.97691625
0,1,0.9187873
0,1,0.99999726
0,1,0.9998721
0,0,0.00019898683
0,0,0.00010736737
0,1,0.9506218
0,0,9.592169e-06
0,0,0.0001880316
0,0,0.007452738
0,1,0.7191683
0,1,0.9999285
0,1,0.9999994
0,1,0.9999939
0,0,0.06982908
0,0,5.1016823e-06
0,1,0.9884362
0,0,6.8377476e-06
0,0,0.00032362895
0,0,0.19350974
0,1,0.9849962
0,0,0.3542946
0,1,0.99997234
0,1,0.58485764
0,1,0.99994504
0,1,0.74655163
0,1,0.7280399
0,1,0.9999994
0,1,0.99995613
0,1,0.9990115
0,0,0.0041977707
0,1,0.9999987
0,1,0.9999976
0,1,0.9957279
0,0,0.09669967
0,1,0.99985754
0,0,0.010616578
0,1,0.99999917
0,1,0.9999857
0,1,0.99999845
0,0,2.0347072e-05
0,1,0.99999833
0,1,0.9999993
0,1,0.99939334
0,1,0.9989465
0,1,0.99999917
0,1,0.9999938
0,0,4.184768e-06
0,0,3.3720992e-06
0,1,0.99876535
0,1,0.90201014
0,0,0.0628802
0,1,0.9999726
0,1,0.9999294
0,0,0.033815615
0,1,0.9987508
0,0,0.02015383
0,1,0.96620154
0,0,0.29553714
0,0,2.0694881e-06
0,0,3.691198e-06
0,0,0.006465818
0,1,0.63437384
0,1,0.9987871
0,0,0.14364772
0,0,0.23337981
0,1,0.9998646
0,0,0.3029392
0,0,0.0028941103
0,1,0.99990785
0,1,0.8436352
0,1,0.9999887
0,1,0.9999653
0,1,0.99936754
0,1,0.99969566
0,0,0.32265577
0,0,0.011178558
0,0,0.49994478
0,0,0.00084321824
0,1,0.99493694
0,0,0.070834026
0,1,0.895063
0,1,0.99999166
0,0,0.003882918
0,0,0.00026180662
0,1,0.99999714
0,0,0.016227737
0,0,2.6155725e-05
0,1,0.99185187
0,1,0.9012627
0,1,0.9818479
0,1,0.9917099
0,1,0.6454583
0,1,0.5300605
0,0,0.017674109
0,0,0.38858467
0,1,0.86022466
0,0,0.021227548
0,0,0.11508218
0,0,1.8490015e-06
0,1,0.9983188
0,1,0.99999785
0,1,0.99999595
0,1,0.9999987
0,1,0.999995
0,1,0.6172542
0,0,0.00014316344
0,0,0.2545382
0,0,0.0039110696
0,1,0.99271095
0,1,0.99981195
0,1,0.998869
0,0,0.033123583
0,1,0.9999993
0,1,0.9999076
0,0,2.3557013e-06
0,0,0.054883644
0,1,0.99839145
0,1,0.99999774
0,1,0.99980253
0,1,0.99999917
0,1,0.9208239
0,1,0.9881814
0,0,0.1693389
0,0,0.09834599
0,0,0.0037227997
0,0,0.10543853
0,1,0.6593729
0,1,0.97995114
0,1,0.99953485
0,1,0.99996734
0,0,0.024523681
0,0,0.0013685595
0,1,0.6320329
0,1,0.99999297
0,0,3.5707196e-06
0,0,0.00014911535
0,1,0.9999994
0,1,0.5206971
0,0,8.527556e-05
0,1,0.9120833
0,1,0.9999107
0,1,0.5050543
0,1,0.9979625
0,0,5.4899843e-05
0,1,0.75010794
0,1,0.81530356
0,0,1.8182675e-06
0,0,0.19870025
0,0,0.019075379
0,1,0.9994917
0,1,0.97037596
0,1,0.98223543
0,1,0.999853
0,0,0.007811704
0,1,0.99144673
0,0,3.9906285e-05
0,0,0.0022979623
0,0,8.47599e-06
0,1,0.9999982
0,1,0.7224145
0,0,0.008639321
0,0,0.0066466513
0,1,0.9999988
0,0,0.0006073795
0,0,2.7454132e-06
0,1,0.99999845
0,0,1.7924319e-06
0,0,2.6260444e-05
0,1,0.9999502
0,1,0.86904013
0,0,0.0030567339
0,0,6.124873e-05
0,0,0.0015079116
0,0,0.0016971931
0,0,0.0038912208
0,1,0.9991154
0,0,0.00020822449
0,1,0.9998623
0,0,0.000802053
0,0,1.9218655e-06
0,1,0.9977208
0,0,0.0010425672
0,1,0.9968077
0,1,0.99938667
0,1,0.99999404
0,0,0.039986104
0,0,0.008770956
0,1,0.9990491
0,1,0.99012494
0,0,0.03160855
0,0,0.25820196
0,1,0.9915633
0,1,0.9999949
0,0,1.7229633e-05
0,0,0.27207085
0,1,0.9999945
0,1,0.999987
0,1,0.9894537
0,1,0.9824484
0,1,0.9973456
0,1,0.99806565
0,0,0.002782532
0,1,0.9999956
0,0,0.1507471
0,0,0.03485109
0,0,0.00047739357
0,1,0.9985845
0,0,0.0002962219
0,1,0.99967694
0,1,0.9999931
0,0,0.0024375084
0,0,4.8303893e-05
0,1,0.6681988
0,1,0.955292
0,1,0.99491066
0,1,0.8094214
0,1,0.99998355
0,0,0.1357792
0,0,0.44448262
0,1,0.99961096
0,1,0.67976934
0,1,0.95877707
0,0,0.0010863696
0,0,5.7854275e-05
0,1,0.5014571
0,1,0.93596846
0,1,0.99992967
0,1,0.9999993
0,0,0.40338027
0,0,0.0022662403
0,1,0.99608034
0,1,0.9391095
0,1,0.9999993
0,1,0.99772567
0,1,0.99922323
0,0,0.08868
0,0,0.22056407
0,1,0.99999905
0,1,0.99999833
0,1,0.99999857
0,1,0.99999666
0,0,0.03294972
0,0,0.0006579872
0,1,0.9150624
0,1,0.98870325
0,0,0.00014494293
0,1,0.9699024
0,1,0.9996395
0,1,0.99999917
0,1,0.9890976
0,0,0.037050333
0,0,1.9092167e-06
0,0,0.08967281
0,1,0.9999535
0,1,0.9999993
0,1,0.9999167
0,1,0.99999905
0,0,2.8774696e-06
0,0,0.0042921673
0,0,0.060924802
0,0,0.00017351171
0,1,0.9834657
0,1,0.99716777
0,0,2.94504e-05
0,1,0.9985292
0,0,0.050227012
0,1,0.9999982
0,0,1.9435595e-06
0,0,0.101370014
0,0,9.405491e-05
0,1,0.99919933
0,1,0.9999968
0,1,0.9999721
0,1,0.9999969
0,0,0.0005310876
0,0,1.7943363e-05
0,0,0.0001697024
0,1,0.9999989
0,0,6.0284797e-06
0,1,0.99436164
0,1,0.99999845
0,1,0.9999372
0,0,0.0015920989
0,0,0.0011324466
0,0,0.0055170124
0,0,5.1571405e-06
0,1,0.5736275
0,1,0.9989938
0,1,0.9999839
0,1,0.99994767
0,0,0.0005289932
0,0,0.13264194
0,0,0.12334572
0,1,0.9999981
0,1,0.99994993
0,0,2.1255544e-06
0,1,0.99998605
0,0,0.002659234
0,1,0.9954918
0,1,0.9999895
0,0,0.001359235
0,1,0.9986797
0,1,0.9931431
0,0,8.154704e-06
0,0,0.09153439
0,1,0.9997117
0,1,0.99987376
0,0,1.2786219e-05
0,0,0.31628358
0,0,0.0007155433
0,0,0.1575733
0,1,0.9999993
0,1,0.9999994
0,1,0.999877
0,1,0.99986124
0,0,0.0018672121
0,0,0.059256885
0,1,0.99999356
0,1,0.99905497
0,0,0.016550684
0,1,0.99999905
0,0,2.4613673e-06
0,1,0.56283385
0,0,0.119083226
0,1,0.99652183
0,0,0.01279064
0,0,0.21767287
0,1,0.9999943
0,0,0.006942895
0,1,0.9999993
0,1,0.9949621
0,0,0.48134202
0,1,0.99999917
0,1,0.98780316
0,1,0.68747026
0,1,0.9999993
0,1,0.9885146
0,0,4.6053952e-05
0,0,5.7582478e-05
0,0,0.051842973
0,0,0.32084227
0,0,0.0057839057
0,1,0.9995838
0,0,3.726665e-05
0,1,0.9963007
0,1,0.9653297
0,1,0.99999547
0,0,0.0013426079
0,1,0.50073576
0,1,0.99727553
0,0,2.4553794e-06
0,0,0.0017244952
0,0,0.0052888724
0,1,0.99944264
0,1,0.71122766
0,1,0.9908585
0,1,0.9887186
0,0,0.030230492
0,1,0.722861
0,1,0.99999905
0,1,0.9999937
0,0,0.003211915
0,0,5.9551407e-05
0,1,0.99984133
0,1,0.9999814
0,0,0.02318542
0,1,0.9999993
0,1,0.9999993
0,1,0.994414
0,0,0.0007481264
0,1,0.9997706
0,0,0.078784995
0,1,0.99999785
0,1,0.9313195
0,1,0.5862241
0,0,0.00050888094
0,1,0.99980956
0,0,0.011837977
0,1,0.9983164
0,0,8.867337e-06
0,1,0.99956197
0,1,0.9999994
0,1,0.92452383
0,1,0.9998466
0,1,0.99999917
0,0,0.4005338
0,1,0.98268837
0,0,0.02201299
0,1,0.7548895
0,1,0.99999726
0,0,0.0009711768
0,0,0.34807548
0,1,0.9993216
0,0,0.044604387
0,1,0.99965906
0,0,0.021106495
0,0,0.005110812
0,0,2.2323084e-06
0,1,0.7471649
0,0,0.025514614
0,0,0.046347562
0,0,0.37658328
0,1,0.999936
0,1,0.99670994
0,0,1.7734155e-06
0,0,0.006081147
0,1,0.9945825
0,1,0.99999917
0,1,0.9989667
0,1,0.99833137
0,1,0.64138573
0,1,0.93551266
0,1,0.9999857
0,0,0.18092749
0,1,0.99992573
0,1,0.99999917
0,1,0.71910924
0,0,0.0010867588
0,0,0.47877768
0,1,0.9999652
0,0,2.531263e-05
0,1,0.99999523
0,0,0.002574713
0,0,0.0595929
0,1,0.7167855
0,0,0.025598256
0,1,0.95059854
0,1,0.99999917
0,0,0.024360675
0,1,0.9998816
0,1,0.8861524
0,0,0.0007696218
0,1,0.8999872
0,1,0.9920204
0,1,0.9998567
0,1,0.99999917
0,1,0.9999137
0,0,2.9670664e-06
0,1,0.91638345
0,0,0.057641357
0,0,3.38029e-06
0,1,0.89058906
0,0,1.5563702e-06
0,1,0.9999994
0,1,0.99980336
0,1,0.9999993
0,1,0.99555236
0,0,0.0064658453
0,1,0.8335944
0,1,0.9980915
0,0,0.11301833
0,0,0.020019101
0,0,0.0003992036
0,1,0.73590285
0,0,1.7071567e-06
0,1,0.8462361
0,0,0.10169481
0,1,0.9154768
0,0,8.749233e-05
0,1,0.9999994
0,0,2.2569254e-06
0,1,0.9999981
0,1,0.99998665
0,1,0.8362421
0,0,0.16552602
0,1,0.9999988
0,1,0.9999778
0,1,0.99998856
0,1,0.9171866
0,1,0.99275136
0,0,8.2756385e-05
0,0,0.010504984
0,1,0.9998023
0,0,0.00026323882
0,0,0.0015632185
0,0,0.00023041795
0,1,0.9998896
0,0,1.8766993e-06
0,0,1.8790471e-06
0,0,1.4736634e-05
0,0,0.0007870631
0,1,0.97258717
0,1,0.99999905
0,0,0.24220768
0,1,0.7750553
0,1,0.94436467
0,0,6.8863e-05
0,1,0.9726192
0,1,0.83986855
0,0,0.017088912
0,1,0.99945265
0,0,0.034393877
0,1,0.99999833
0,1,0.999966
0,1,0.998988
0,1,0.99944705
0,1,0.994926
0,0,1.6999935e-06
0,0,0.04477808
0,0,0.42747274
0,1,0.99823594
0,1,0.960938
0,1,0.97468805
0,1,0.9999703
0,1,0.9999918
0,1,0.99999833
0,0,0.012812936
0,1,0.9999994
0,0,0.0038472118
0,1,0.9999541
0,1,0.8327997
0,1,0.9999974
0,1,0.7908029
0,1,0.92309
0,1,0.56430733
0,1,0.9998951
0,1,0.9746859
0,0,0.005487125
0,0,0.177696
0,1,0.999998
0,1,0.9999974
0,1,0.9999989
0,1,0.5138477
0,0,0.034182046
0,1,0.9866193
0,0,2.1065702e-05
0,1,0.8340379
0,0,0.26382208
0,1,0.9999994
0,1,0.9999987
0,1,0.9979455
0,0,0.049729943
0,0,0.00017943965
0,0,0.39371464
0,0,2.3948348e-06
0,0,0.027380679
0,0,0.3264391
0,1,0.9929547
0,0,0.014129858
0,1,0.99999917
0,0,0.0025602768
0,1,0.98930013
0,1,0.9999701
0,1,0.50416565
0,1,0.99779785
0,1,0.99998915
0,1,0.99990237
0,1,0.99983585
0,1,0.99941516
0,1,0.9972288
0,1,0.9986614
0,1,0.7227478
0,0,1.7823136e-06
0,1,0.9816337
0,0,2.2018137e-06
0,0,0.050859272
0,0,1.8902192e-06
0,1,0.84372777
0,0,0.009078819
0,1,0.81960034
0,0,4.714895e-06
0,1,0.9999976
0,0,0.32322687
0,1,0.88891095
0,1,0.9999844
0,1,0.9998865
0,1,0.7062232
0,1,0.9999361
0,1,0.9989593
0,1,0.97256774
0,1,0.7107382
0,1,0.9999975
0,1,0.9999994
0,0,0.001155346
0,1,0.96325994
0,0,2.7225028e-06
0,1,0.9876494
0,0,2.3037667e-06
0,0,0.021176891
0,1,0.8455906
0,1,0.99867564
0,1,0.9999846
0,0,0.013061427
0,0,1.8521888e-06
0,1,0.99967647
0,1,0.87719476
0,0,0.00052235526
0,0,0.0069703534
0,0,2.4176077e-06
0,1,0.9961437
0,0,8.816701e-06
0,0,0.014942839
0,1,0.9999994
0,1,0.92611855
0,1,0.99649835
0,0,0.217592
0,0,0.3906344
0,1,0.86476654
0,0,6.076741e-06
0,0,0.0006256838
0,1,0.91970056
0,1,0.8120909
0,1,0.7611436
0,1,0.9999782
0,1,0.99905306
0,1,0.9999993
0,0,0.003930761
0,0,0.019052744
0,1,0.9999989
0,1,0.9987935
0,1,0.9999994
0,1,0.9999982
0,1,0.99849534
0,0,2.1957301e-05
0,1,0.7527623
0,1,0.7835014
0,0,6.622003e-05
0,0,0.10868323
0,1,0.999998
0,1,0.9999901
0,1,0.71197045
0,1,0.997288
0,0,0.017422628
0,0,0.24241097
0,1,0.99998486
0,1,0.9741232
0,1,0.8752528
0,1,0.9683355
0,1,0.9999994
0,0,0.005173613
0,1,0.95941144
0,1,0.9997825
0,1,0.9982504
0,1,0.9984419
0,0,1.7258228e-06
0,0,0.4952643
0,1,0.9999925
0,0,1.6272893e-06
0,0,0.16003123
0,1,0.95525616
0,1,0.9999939
0,1,0.9999994
0,1,0.9997327
0,1,0.99999356
0,1,0.9999237
0,1,0.9999994
0,1,0.99999905
0,0,0.035510022
0,1,0.6975254
0,1,0.9989184
0,0,0.040617168
0,0,0.07179618
0,1,0.99968064
0,1,0.9942158
0,1,0.99999774
0,1,0.7725273
0,0,7.177747e-05
0,1,0.99923587
0,1,0.9997738
0,0,0.0013517585
0,1,0.867696
0,0,1.990511e-06
0,0,0.020726074
0,0,0.0039541055
0,1,0.9999993
0,0,0.022313237
0,0,1.0448777e-05
0,1,0.99999917
0,0,1.3340034e-05
0,0,4.635441e-06
0,1,0.99999917
0,1,0.99941134
0,1,0.8948742
0,1,0.8812539
0,1,0.9363088
0,1,0.977443
0,1,0.96055496
0,1,0.98655
0,1,0.99999917
0,1,0.9999993
0,0,0.32758784
0,1,0.9999988
0,0,0.010452738
0,1,0.9995926
0,1,0.9999975
0,1,0.9999449
0,0,0.05797035
0,1,0.9999957
0,0,0.0021452059
0,0,7.0050937e-06
0,0,2.1607866e-05
0,1,0.98838556
0,0,0.06408915
0,1,0.9963303
0,1,0.9987029
0,0,0.00634783
0,0,5.9391485e-05
0,0,0.0008761453
0,1,0.95240957
0,1,0.99815303
0,0,3.5180237e-06
0,1,0.99999917
0,1,0.9973552
0,1,0.98223037
0,0,6.581887e-05
0,1,0.9992544
0,1,0.9167739
0,1,0.9999503
0,0,1.6890514e-06
0,1,0.9999975
0,0,6.466681e-06
0,0,0.26856762
0,1,0.9999989
0,1,0.6493105
0,0,0.00038006986
0,1,0.99836427
0,1,0.98882306
0,1,0.9993793
0,1,0.9999945
0,0,0.011863743
0,1,0.99999774
0,1,0.98903054
0,1,0.99646664
0,1,0.99974126
0,0,0.0013915986
0,1,0.9662537
0,0,0.21584545
0,1,0.9827601
0,1,0.8742653
0,1,0.908371
0,1,0.99932456
0,0,7.512611e-05
0,1,0.9999691
0,0,0.020729493
0,0,0.0006438565
0,1,0.9894783
0,1,0.9994324
0,1,0.9684461
0,1,0.9997731
0,1,0.98987776
0,0,0.17003906
0,0,0.004004705
0,0,0.000927142
0,1,0.99999297
0,1,0.99999213
0,1,0.99999714
0,0,1.9153463e-06
0,1,0.977178
0,1,0.6048989
0,1,0.8751534
0,0,0.457092
0,0,0.020507379
0,1,0.9979538
0,1,0.9877438
0,0,0.0027331742
0,1,0.99969184
0,0,0.008328506
0,0,0.039846025
0,1,0.9592239
0,0,0.0021505093
0,0,0.12884092
0,1,0.9999993
0,1,0.998348
0,1,0.99987805
0,1,0.67527324
0,0,0.47454652
0,1,0.99999547
0,1,0.9999956
0,1,0.99999297
0,1,0.54791504
0,0,0.2492885
0,1,0.9989429
0,1,0.9939752
0,1,0.99985087
0,1,0.6582355
0,1,0.99999905
0,1,0.56389296
0,1,0.99999034
0,1,0.99999774
0,1,0.9999876
0,1,0.5942729
0,1,0.9947246
0,1,0.8357257
0,0,0.00082731724
0,0,2.1905978e-06
0,1,0.9999969
0,1,0.9999994
0,1,0.98932785
0,1,0.7445781
0,1,0.9990089
0,0,0.0749768
0,0,2.122097e-06
0,0,0.00039950587
0,0,0.018479457
0,1,0.9606999
0,1,0.9982693
0,1,0.99025613
0,1,0.85223526
0,1,0.99999213
0,0,0.056854915
0,1,0.9999968
0,1,0.99999833
0,0,0.035605304
0,0,0.05512982
0,1,0.99953294
0,0,2.2881136e-06
0,1,0.99768424
0,0,0.06211268
0,1,0.99056154
0,1,0.9999975
0,1,0.89402366
0,1,0.7696433
0,1,0.9999728
0,1,0.9430494
0,1,0.9996182
0,0,2.438094e-06
0,1,0.9999974
0,1,0.9999993
0,1,0.52338326
0,1,0.99999917
0,1,0.99980503
0,1,0.91219866
0,1,0.9574078
0,0,0.3796472
0,0,0.005794302
0,1,0.99585235
0,1,0.9999932
0,1,0.9999957
0,1,0.99998116
0,0,0.11234992
0,0,0.055971153
0,1,0.99999475
0,1,0.94936424
0,1,0.9968629
0,1,0.9945633
0,1,0.9999684
0,1,0.9682869
0,1,0.99351996
0,1,0.9993647
0,0,0.0006319255
0,1,0.8429423
0,1,0.99987316
0,0,0.037435498
0,1,0.99987376
0,0,0.022511512
0,1,0.9999032
0,1,0.99999917
0,1,0.99969316
0,0,0.053176787
0,0,0.148111
0,1,0.99996746
0,1,0.66710275
0,1,0.66955566
0,1,0.9999993
0,1,0.998628
0,1,0.9999993
0,0,4.534946e-06
0,0,0.26191747
0,1,0.99860424
0,1,0.93465084
0,1,0.7199958
0,1,0.989232
0,1,0.87911
0,1,0.9999994
0,1,0.5227713
0,1,0.9997161
0,1,0.64804536
0,1,0.9999956
0,0,4.5812158e-05
0,1,0.99293435
0,1,0.99999905
0,0,7.8455205e-06
0,0,5.6879755e-05
0,1,0.9999988
0,1,0.9999963
0,1,0.99999917
0,0,0.12538445
0,1,0.9999993
0,1,0.81887645
0,1,0.9021386
0,1,0.9847403
0,1,0.9999993
0,1,0.9956456
0,0,1.3550959e-05
0,1,0.9999198
0,1,0.8517364
0,1,0.60431683
0,1,0.9894526
0,1,0.77485347
0,1,0.9999982
0,1,0.7776432
0,0,1.8557693e-06
0,0,1.1444369e-05
0,1,0.9999362
0,0,0.04823787
0,0,0.006095566
0,1,0.99999917
0,1,0.7220446
0,0,0.00017254127
0,1,0.9999993
0,1,0.8088321
0,1,0.9999511
0,1,0.90273607
0,1,0.99999785
0,1,0.9431503
0,0,9.728699e-06
0,0,0.0011737278
0,1,0.99999535
0,0,0.16107978
0,1,0.95779586
0,1,0.99985945
0,1,0.98165786
0,1,0.6463269
0,1,0.99999297
0,1,0.9999926
0,1,0.99393684
0,0,0.04364133
0,1,0.9668391
0,0,0.41296148
0,1,0.9999988
0,1,0.9999989
0,0,0.019640556
0,1,0.9998448
0,0,6.3719403e-06
0,0,0.004978777
0,1,0.56951225
0,1,0.979047
0,1,0.9229233
0,1,0.99999654
0,1,0.6342314
0,0,0.06574914
0,1,0.9816715
0,1,0.9998714
0,1,0.99960357
0,1,0.8907992
0,0,0.0027692583
0,0,0.07082657
0,1,0.9999993
0,0,3.5882454e-06
0,1,0.7547495
0,1,0.99984753
0,1,0.9993992
0,0,4.403884e-06
0,1,0.8728334
0,0,0.36928305
0,1,0.99999785
0,0,1.9811894e-06
0,1,0.9995308
0,0,0.06660659
0,1,0.9999566
0,1,0.9999993
0,1,0.8126001
0,1,0.99999905
0,1,0.9999993
0,0,0.13693835
0,0,7.725772e-05
0,1,0.50581974
0,0,0.24041684
0,1,0.9971813
0,0,0.25163883
0,1,0.99965656
0,0,0.006665252
0,1,0.9999993
0,0,0.0035205213
0,1,0.9999993
0,1,0.99527514
0,1,0.98792654
0,0,0.00046533704
0,0,0.014778608
0,0,0.022993624
0,1,0.99999917
0,0,0.19318955
0,1,0.9947448
0,0,0.05096233
0,1,0.7374506
0,1,0.99976283
0,0,0.0062967786
0,1,0.9999963
0,1,0.99999917
0,1,0.5859118
0,0,0.14845505
0,0,0.001357768
0,1,0.9999993
0,0,0.36749035
0,0,0.0025906737
0,0,0.38279632
0,1,0.8802958
0,1,0.7366628
0,0,0.00012067531
0,0,3.4872726e-06
0,0,0.004662212
0,0,0.46953502
0,0,0.12973857
0,1,0.99747235
0,0,0.13149157
0,0,0.1693892
0,1,0.9999981
0,1,0.93569523
0,1,0.9999982
0,1,0.9995353
0,0,0.002778184
0,1,0.9982009
0,0,1.0298547e-05
0,1,0.93828577
0,0,0.2591224
0,1,0.99990416
0,0,0.24793287
0,1,0.9999304
0,0,0.056478854
0,1,0.9999989
0,1,0.6903906
0,0,7.173348e-06
0,1,0.9993749
0,0,0.036730804
0,1,0.9177737
0,1,0.99997663
0,0,0.009262594
0,0,0.0017496137
0,0,0.16415839
0,1,0.6733604
0,1,0.9999993
0,0,3.1330571e-06
0,1,0.58492947
0,0,0.47079214
0,0,4.53106e-06
0,0,0.3210276
0,1,0.8635794
0,0,7.050951e-05
0,1,0.9992887
0,0,0.0046728407
0,0,0.3727994
0,0,0.0027411804
0,0,2.8283475e-06
0,1,0.84319246
0,0,2.0965013e-05
0,1,0.52260864
0,1,0.8259851
0,1,0.99975735
0,1,0.95772564
0,0,0.025571985
0,1,0.9999914
0,0,0.4469618
0,1,0.9999925
0,1,0.9999988
0,1,0.69596994
0,1,0.99980146
0,0,0.3122261
0,0,0.0009956056
0,1,0.99999785
0,1,0.99998343
0,0,0.00015483495
0,1,0.9134936
0,0,0.007154079
0,1,0.9990085
0,1,0.9837821
0,1,0.9761326
0,0,0.00011256003
0,1,0.99998176
0,1,0.99999905
0,0,3.9309656e-05
0,1,0.9821592
0,1,0.99992704
0,0,0.49848646
0,0,0.0021585124
0,1,0.99824464
0,1,0.9999875
0,0,2.4805797e-06
0,0,0.0021880504
0,0,0.21323086
0,1,0.99988866
0,1,0.9664874
0,1,0.99999917
0,0,4.4221608e-05
0,1,0.9936947
0,1,0.9999993
0,1,0.9993266
0,0,0.00017362392
0,1,0.9992524
0,1,0.999843
0,1,0.9999993
0,1,0.9319957
0,1,0.9961959
0,0,0.27023858
0,1,0.99864167
0,0,0.00010311058
0,1,0.6011387
0,1,0.9998197
0,1,0.9999715
0,1,0.9999981
0,1,0.6066573
0,1,0.99930763
0,1,0.9921429
0,1,0.99994457
0,0,4.7725343e-06
0,1,0.9122818
0,0,1.7394265e-06
0,0,5.0038583e-05
0,1,0.99999905
0,0,0.031607702
0,1,0.99994445
0,1,0.99999785
0,1,0.9954399
0,1,0.99924004
0,1,0.9998306
0,0,0.47829273
0,0,0.011735124
0,0,4.5521483e-06
0,1,0.9999988
0,0,0.06243766
0,1,0.9999994
0,1,0.9999945
0,0,2.169808e-06
0,1,0.9681709
0,1,0.9999994
0,0,0.061596848
0,1,0.99999905
0,1,0.7720575
0,1,0.99993885
0,1,0.99775034
0,1,0.9596786
0,1,0.99908745
0,0,4.395388e-05
0,1,0.99987936
0,0,0.0004005053
0,0,2.195751e-05
0,1,0.99999917
0,1,0.9999993
0,1,0.99988055
0,1,0.84454525
0,1,0.999998
0,0,0.36639562
0,1,0.945918
0,1,0.9069078
0,1,0.99998677
0,1,0.9999987
0,1,0.99998856
0,1,0.9960685
0,1,0.8720081
0,1,0.9992975
0,0,0.0021051455
0,1,0.97297376
0,1,0.9999913
0,1,0.6928332
0,1,0.8362102
0,1,0.9999927
0,1,0.97755116
0,1,0.99970204
0,1,0.9976821
0,1,0.9999993
0,1,0.9960969
0,0,6.3556006e-05
0,1,0.9999949
0,0,0.00014716784
0,0,0.00030088416
0,1,0.99362224
0,0,2.2163815e-06
0,1,0.90296686
0,1,0.9999304
0,1,0.8592885
0,1,0.6067394
0,1,0.9999356
0,1,0.9995003
0,1,0.99999714
0,1,0.9846373
0,1,0.98450434
0,1,0.8354134
0,1,0.9988199
0,1,0.95100373
0,1,0.9554271
0,1,0.99998975
0,0,0.018045692
0,0,0.19660172
0,0,0.0019922706
0,1,0.999046
0,0,7.177317e-06
0,1,0.9999448
0,1,0.89333415
0,0,0.060776394
0,1,0.99532336
0,0,2.3058044e-06
0,1,0.99997926
0,0,0.48614088
0,1,0.99998593
0,1,0.9992718
0,1,0.6543474
0,1,0.99999857
0,1,0.99999547
0,0,0.21117836
0,1,0.9628972
0,1,0.99990714
0,1,0.99994874
0,0,0.002727232
0,1,0.99912065
0,1,0.9999993
0,1,0.79648864
0,0,0.0019393723
0,0,2.7881075e-05
0,1,0.99988365
0,1,0.9143247
0,1,0.9983115
0,1,0.98714405
0,0,0.48841625
0,0,2.1062917e-06
0,1,0.65766096
0,1,0.90472674
0,0,1.8861244e-06
0,1,0.99999857
0,1,0.52923656
0,1,0.9999796
0,0,0.059514873
0,1,0.9999715
0,1,0.9999993
0,0,6.667982e-05
0,1,0.98413414
0,0,0.46969286
0,0,2.1787325e-06
0,1,0.9996723
0,0,0.24296764
0,1,0.97750527
0,1,0.653795
0,1,0.99822444
0,1,0.9932353
0,1,0.86520916
0,0,3.6518493e-06
0,1,0.99999595
0,1,0.999997
0,1,0.98591065
0,0,0.32195145
0,1,0.9999993
0,1,0.9915086
0,1,0.99999
0,0,0.00043542008
0,0,0.014550554
0,0,0.1287323
0,1,0.9999976
0,0,0.0002990014
0,1,0.99999774
0,1,0.9999808
0,1,0.8752629
0,1,0.9999987
0,0,0.44258174
0,1,0.9999945
0,0,0.0006303243
0,0,0.07602189
0,1,0.999997
0,1,0.9999443
0,1,0.97484404
0,1,0.6178568
0,0,8.41815e-06
0,1,0.9998872
0,1,0.99999905
0,0,0.002304498
0,1,0.99957937
0,1,0.99959224
0,0,1.9131317e-06
0,0,0.004555776
0,0,0.00041703775
0,0,1.2028446e-05
0,0,4.094477e-06
0,0,0.0016131734
0,1,0.99998057
0,1,0.99990296
0,1,0.9991804
0,0,4.062602e-06
0,1,0.99998915
0,1,0.99984014
0,1,0.973409
0,1,0.99999034
0,1,0.99999785
0,0,0.0004458491
0,0,0.008680924
0,0,0.0010439194
0,1,0.9999993
0,1,0.99999833
0,1,0.9994116
0,0,0.30700523
0,0,0.06164157
0,1,0.9999994
0,1,0.99970514
0,1,0.9999993
0,1,0.9947314
0,0,2.610653e-05
0,0,0.03150237
0,1,0.9290717
0,0,0.0038159073
0,1,0.9999994
0,0,0.0004978262
0,1,0.97780776
0,1,0.9987503
0,0,2.022068e-05
0,1,0.9999956
0,1,0.9940758
0,0,0.013493603
0,1,0.61607426
0,1,0.99964964
0,1,0.9999982
0,1,0.9999993
0,0,5.461583e-06
0,1,0.9990509
0,0,0.038385235
0,0,2.0237283e-06
0,1,0.9003065
0,1,0.6034032
0,1,0.9916835
0,1,0.99999607
0,1,0.9999993
0,1,0.9999993
0,1,0.9999994
0,0,0.104984365
0,1,0.9999993
0,1,0.99977726
0,0,0.028527549
0,1,0.97622967
0,1,0.91899437
0,1,0.9999976
0,1,0.76104337
0,1,0.9999994
0,1,0.98783
0,1,0.8628402
0,1,0.99995804
0,1,0.776664
0,0,0.0026560312
0,1,0.9999974
0,1,0.9751775
0,0,0.00038570253
0,0,0.35319048
0,1,0.9993087
0,0,0.13806765
0,1,0.99991333
0,1,0.9805313
0,0,0.0018100154
0,1,0.99995196
0,1,0.9999988
0,1,0.9999993
0,1,0.99733776
0,1,0.99999464
0,1,0.9998654
0,0,4.8911097e-06
0,0,1.5793228e-06
0,0,0.00040660877
0,0,2.2636057e-05
0,1,0.5705608
0,1,0.9999993
0,1,0.99997306
0,1,0.9675153
0,1,0.99996185
0,1,0.9999989
0,1,0.9999989
0,1,0.9999485
0,1,0.99995005
0,1,0.9756386
0,0,3.321508e-05
0,1,0.9969783
0,1,0.99981636
0,1,0.94710034
0,0,0.00369152
0,1,0.99993443
0,1,0.6577575
0,0,2.1713502e-06
0,0,0.0052807005
0,0,0.00032734234
0,1,0.9016123
0,1,0.9999994
0,1,0.9999993
0,0,0.079438284
0,1,0.99207896
0,0,0.02940221
0,0,0.02888725
0,1,0.99999297
0,1,0.9995461
0,1,0.99999106
0,1,0.7754991
0,0,0.43683478
0,1,0.99999654
0,0,0.09393593
0,1,0.9993067
0,0,0.00032041402
0,0,0.185193
0,1,0.99998736
0,1,0.9999572
0,1,0.63683593
0,0,0.00026174277
0,0,0.055753436
0,0,2.1364067e-06
0,0,0.38798687
0,1,0.7073879
0,1,0.89337915
0,1,0.9999981
0,1,0.9999888
0,0,9.705783e-05
0,1,0.99999905
0,1,0.9994642
0,1,0.9999354
0,0,0.000102019585
0,0,0.004443192
0,1,0.9999993
0,0,0.40933806
0,1,0.9998872
0,1,0.9202904
0,0,0.026481567
0,0,0.00011800447
0,1,0.99999595
0,0,0.0014864312
0,0,0.00013370784
0,1,0.9878034
0,1,0.8339681
0,1,0.99989724
0,0,0.0006567583
0,0,0.05314408
0,1,0.99999595
0,1,0.99693346
0,1,0.99999666
0,1,0.9999994
0,0,0.029254653
0,0,0.29966468
0,0,1.8940518e-06
0,0,0.022124134
0,0,0.2771606
0,1,0.999998
0,0,0.0020952655
0,0,0.26621962
0,0,0.097455725
0,1,0.9999745
0,1,0.99999845
0,0,0.0011972841
0,1,0.9999993
0,1,0.9998976
0,0,1.4788627e-05
0,0,0.29204687
0,1,0.9981949
0,0,0.38741162
0,1,0.9999975
0,0,0.005550457
0,1,0.795768
0,1,0.8472177
0,0,2.0558443e-06
0,0,0.0661269
0,0,0.00011345031
0,1,0.97212595
0,0,0.0007079148
0,1,0.9999994
0,1,0.9344597
0,0,0.04470923
0,0,1.746341e-06
0,1,0.8361205
0,1,0.95879054
0,1,0.99394166
0,0,0.00014004597
0,0,1.5087637e-05
0,0,1.7599099e-05
0,0,0.46715048
0,1,0.9997696
0,1,0.9999876
0,0,2.361212e-06
0,0,6.842718e-06
0,1,0.99997675
0,0,0.0008849609
0,1,0.9222702
0,1,0.99999833
0,0,0.004650901
0,1,0.9902209
0,1,0.99999714
0,1,0.9879556
0,0,4.0282906e-05
0,1,0.99999905
0,1,0.9690159
0,1,0.9999993
0,0,6.1517435e-06
0,1,0.99271953
0,1,0.99999857
0,0,0.4698391
0,1,0.999503
0,0,0.032492846
0,1,0.941914
0,0,0.12526752
0,1,0.9999074
0,1,0.9924442
0,1,0.9996829
0,1,0.9999993
0,1,0.99994755
0,0,0.0004987978
0,0,0.0120827565
0,0,0.08210593
0,1,0.9999567
0,0,0.40545893
0,1,0.9081566
0,1,0.9995478
0,0,0.05543169
0,0,0.0003122319
0,1,0.99999034
0,0,1.8977875e-06
0,1,0.99541193
0,1,0.99999666
0,1,0.9998584
0,0,0.055583406
0,0,0.2802363
0,0,2.3884166e-05
0,1,0.9999112
0,1,0.9999994
0,1,0.99919134
0,1,0.9999994
0,0,4.329188e-06
0,1,0.62368786
0,0,0.0014882782
0,0,3.2298453e-06
0,1,0.9999865
0,1,0.99999917
0,0,0.18506968
0,0,4.01266e-06
0,1,0.9999666
0,0,7.2778107e-06
0,0,1.4660227e-05
0,1,0.99997735
0,0,0.00013441668
0,0,0.02634947
0,0,0.27498856
0,1,0.99999535
0,0,0.00037234026
0,0,0.21264721
0,1,0.9999988
0,0,0.00027132683
0,1,0.9998838
0,0,7.2820044e-06
0,1,0.99968684
0,1,0.98802453
0,0,0.328831
0,1,0.58782816
0,0,1.0356793e-05
0,0,1.3571897e-05
0,0,0.10877246
0,1,0.99607605
0,1,0.9857028
0,0,0.0011888626
0,1,0.99211335
0,1,0.99999654
0,0,0.00019980362
0,0,0.001649849
0,1,0.9999964
0,1,0.9999993
0,1,0.7822996
0,1,0.8480329
0,1,0.90595734
0,1,0.7299625
0,1,0.9954763
0,1,0.9738444
0,0,0.44373912
0,1,0.9970387
0,0,0.00095530227
0,1,0.99639696
0,1,0.9235878
0,0,1.8975967e-05
0,1,0.98326623
0,0,0.2626812
0,0,0.017410943
0,0,0.00015325754
0,1,0.9991836
0,1,0.92722714
0,0,1.8857716e-05
0,0,0.0011098122
0,0,0.0010772153
0,1,0.9998982
0,1,0.9999924
0,0,0.004373424
0,0,0.02046306
0,0,0.0001588513
0,1,0.97783273
0,0,0.19094169
0,1,0.7555253
0,0,0.06989038
0,1,0.86843646
0,1,0.999997
0,1,0.9999989
0,0,0.010020059
0,0,3.701719e-05
0,0,0.110751875
0,1,0.9994972
0,0,0.037468154
0,1,0.99596715
0,0,0.046072297
0,1,0.9999329
0,0,0.17934796
0,0,0.2083556
0,1,0.92298394
0,0,2.504796e-06
0,0,2.17394e-06
0,1,0.99999917
0,1,0.5743878
0,1,0.9713883
0,1,0.9999964
0,1,0.9999994
0,1,0.9999951
0,1,0.72843325
0,0,0.1755338
0,1,0.7531271
0,1,0.99556005
0,1,0.9996215
0,1,0.9999993
0,0,0.035353564
0,1,0.9999931
0,1,0.99843603
0,1,0.9999881
0,0,0.2587252
0,0,2.3266644e-05
0,1,0.9997116
0,0,1.598905e-05
0,1,0.69671386
0,1,0.9996364
0,1,0.8300689
0,0,0.0001106174
0,1,0.99735427
0,1,0.99999154
0,0,0.0003579193
0,0,0.13939969
0,0,7.97433e-06
0,1,0.82403696
0,1,0.7913656
0,1,0.98367
0,1,0.99962723
0,1,0.99998915
0,1,0.9735311
0,1,0.9974246
0,1,0.84632015
0,0,0.471164
0,1,0.9999982
0,0,4.6970035e-05
0,1,0.9997409
0,0,0.00081501884
0,1,0.99995005
0,1,0.9999993
0,1,0.99692184
0,1,0.99999714
0,1,0.9960269
0,0,0.34046444
0,0,0.0035647694
0,1,0.9999945
0,0,0.10956799
0,1,0.99919945
0,0,2.096268e-06
0,0,0.0014797095
0,0,2.3989676e-06
0,1,0.9866231
0,1,0.99988365
0,1,0.9949071
0,1,0.98704636
0,0,1.719652e-06
0,1,0.9837028
0,0,0.24757539
0,0,0.28761542
0,0,0.0008976228
0,1,0.958877
0,1,0.9999968
0,0,5.0414143e-05
0,0,0.0023884575
0,1,0.99990416
0,1,0.99999535
0,0,1.9913823e-06
0,1,0.9636635
0,1,0.9999994
0,0,0.2726399
0,1,0.997561
0,1,0.89443874
0,1,0.9999994
0,1,0.9928362
0,0,1.6329264e-05
0,0,0.34434325
0,1,0.9999989
0,1,0.9999989
0,0,0.013807098
0,0,1.8256138e-06
0,1,0.7765391
0,0,0.045129646
0,0,0.37347728
0,1,0.64104366
0,0,0.0024788103
0,0,0.0002685571
0,1,0.8331557
0,0,0.024431499
0,1,0.9981141
0,0,0.022868067
0,1,0.99999917
0,1,0.99927324
0,0,1.377562e-05
0,1,0.9999994
0,0,1.8392149e-06
0,1,0.99999917
0,0,0.00016642365
0,0,4.200277e-06
0,1,0.99999917
0,0,0.024765264
0,1,0.99999785
0,0,0.29536587
0,1,0.99041384
0,1,0.9999951
0,0,5.1028455e-06
0,1,0.98690075
0,0,0.033573247
0,1,0.9999989
0,1,0.9959282
0,1,0.9999994
0,1,0.9967248
0,1,0.9813871
0,0,0.0057601673
0,1,0.996725
0,1,0.9999248
0,0,7.386547e-05
0,1,0.9999988
0,0,0.0001268692
0,0,1.7464976e-06
0,1,0.9890938
0,1,0.6711334
0,0,3.4939825e-05
0,0,0.0006112716
0,1,0.9999993
0,1,0.9243574
0,1,0.6304886
0,1,0.99999535
0,1,0.9999045
0,1,0.9849075
0,0,2.9531434e-06
0,0,4.2077936e-05
0,0,0.26479062
0,0,2.3851728e-06
0,1,0.99994826
0,0,1.1528365e-05
0,1,0.98548084
0,1,0.99935824
0,1,0.9752364
0,1,0.9479342
0,1,0.9386607
0,0,0.3860046
0,1,0.99969876
0,0,0.00035222498
0,1,0.9506623
0,0,0.18571551
0,1,0.9999993
0,1,0.9981431
0,1,0.9999987
0,1,0.99978787
0,0,0.0032573815
0,1,0.92670226
0,1,0.9987112
0,1,0.99997425
0,1,0.9901635
0,1,0.63863796
0,0,0.2983619
0,1,0.9999987
0,1,0.9999993
0,0,0.0037528155
0,1,0.5857937
0,1,0.9982943
0,0,0.17960063
0,1,0.84928817
0,1,0.9999993
0,1,0.99998164
0,0,0.0013554048
0,1,0.9943995
0,1,0.97522867
0,0,0.1337228
0,1,0.9534428
0,0,0.3379484
0,0,0.30083057
0,1,0.9999993
0,1,0.9999989
0,1,0.9999987
0,1,0.75883615
0,0,1.1563854e-05
0,1,0.99997985
0,1,0.999956
0,1,0.99958974
0,0,0.00034381356
0,0,1.7034183e-05
0,0,3.5472965e-06
0,0,0.012189941
0,0,0.034488406
0,0,2.5461488e-06
0,1,0.998054
0,1,0.99393374
0,1,0.9980489
0,1,0.9826088
0,1,0.9998677
0,1,0.9993618
0,0,0.22850426
0,1,0.9999757
0,1,0.9999938
0,0,0.0006911314
0,1,0.56606096
0,1,0.92453384
0,1,0.99999857
0,0,4.6679783e-05
0,1,0.915714
0,1,0.9999814
0,0,0.0066950168
0,0,0.0008984289
0,1,0.9999598
0,1,0.9998171
0,1,0.99994314
0,0,0.02329788
0,1,0.99990845
0,1,0.99999714
0,0,0.13256119
0,1,0.9999509
0,1,0.99934953
0,0,0.0010996191
0,0,0.0008652952
0,1,0.9999833
0,0,0.19815011
0,1,0.9999056
0,1,0.999997
0,1,0.9999938
0,1,0.9999852
0,1,0.99997544
0,0,0.0055689216
0,1,0.99999833
0,1,0.97158086
0,1,0.99999845
0,1,0.9999945
0,0,2.8238333e-06
0,1,0.99999046
0,1,0.5916199
0,1,0.9996611
0,1,0.89283556
0,0,1.8801512e-06
0,0,0.008935751
0,1,0.99999726
0,1,0.99993086
0,0,0.41673115
0,0,4.982308e-05
0,1,0.9999759
0,0,0.002103179
0,0,0.39139584
0,1,0.9999989
0,1,0.9999963
0,1,0.9914698
0,1,0.8761704
0,1,0.99999917
0,0,0.00013335489
0,0,0.00031335826
0,1,0.99522036
0,1,0.9950765
0,1,0.9999852
0,1,0.9999882
0,0,0.008885034
0,1,0.9999906
0,1,0.8288003
0,1,0.99999774
0,1,0.99991083
0,1,0.99971205
0,0,0.07672873
0,0,1.308339e-05
0,1,0.61814636
0,1,0.9999989
0,1,0.9196414
0,0,0.003235305
0,0,1.8718658e-05
0,0,0.0011694863
0,1,0.99980265
0,1,0.9999827
0,1,0.9997482
0,1,0.96295774
0,0,5.510033e-06
0,0,0.02897341
0,1,0.9996878
0,0,3.3524243e-06
0,1,0.99999857
0,1,0.991863
0,1,0.99102575
0,1,0.9999938
0,0,7.2325597e-06
0,1,0.79134595
0,1,0.9588595
0,1,0.9999994
0,0,3.4779264e-06
0,0,1.20667055e-05
0,1,0.99999297
0,1,0.99998903
0,1,0.88152826
0,1,0.9999751
0,1,0.99999785
0,1,0.859593
0,0,0.43719828
0,0,0.08612491
0,0,0.24995373
0,1,0.99999917
0,0,0.23498337
0,0,4.780649e-05
0,0,0.035493262
0,0,6.5331064e-06
0,1,0.9999994
0,1,0.9991443
0,0,0.45163062
0,1,0.7592219
0,0,0.00072262844
0,0,0.006351898
0,0,0.3558758
0,0,3.6517766e-05
0,0,2.0961359e-06
0,1,0.70257854
0,1,0.98506194
0,0,0.00087049475
0,0,0.3108759
0,1,0.99337924
0,0,0.013041815
0,0,0.008442337
0,1,0.99963284
0,1,0.99999464
0,0,8.540707e-05
0,1,0.98858505
0,1,0.9999993
0,1,0.9999893
0,0,3.3548575e-05
0,0,1.1102819e-05
0,1,0.9999989
0,1,0.9819723
0,0,1.128177e-05
0,1,0.8840227
0,1,0.9999994
0,0,0.45421427
0,1,0.52319735
0,1,0.5502126
0,0,0.3527425
0,1,0.9999875
0,1,0.886476
0,1,0.999966
0,1,0.9999994
0,1,0.7235779
0,1,0.99956924
0,0,1.1867706e-05
0,1,0.50776666
0,1,0.99999905
0,1,0.96569777
0,0,0.00027493
0,1,0.9999815
0,1,0.9999902
0,0,0.00027770567
0,0,0.027574554
0,1,0.998137
0,1,0.99999857
0,1,0.9999993
0,0,0.00095083687
0,0,0.00028877435
0,1,0.9999912
0,1,0.99992967
0,1,0.9999993
0,0,0.049261402
0,1,0.9999838
0,1,0.743157
0,1,0.99988735
0,0,0.00018523952
0,1,0.9992693
0,0,1.9743616e-06
0,0,0.028558673
0,0,0.00010232005
0,1,0.9999428
0,1,0.9999573
0,1,0.99999475
0,1,0.9945663
0,1,0.9999982
0,0,1.38865225e-05
0,1,0.9999993
0,1,0.9998745
0,1,0.998387
0,1,0.782033
0,0,0.003537138
0,1,0.996971
0,1,0.9916821
0,1,0.9999993
0,1,0.98265
0,1,0.9999988
0,0,1.6633818e-05
0,1,0.9986136
0,0,0.147873
0,0,0.010341159
0,1,0.9343916
0,0,4.9367163e-06
0,1,0.9082734
0,1,0.9999919
0,1,0.9999982
0,1,0.72287995
0,1,0.9999987
0,1,0.9999987
0,1,0.9999136
0,1,0.97494304
0,0,3.3341612e-06
0,1,0.9981027
0,1,0.99915564
0,0,2.6662938e-05
0,1,0.9858408
0,0,1.4348542e-05
0,1,0.9999993
0,0,0.00047808513
0,1,0.99996424
0,1,0.999979
0,1,0.9999126
0,0,2.7144322e-06
0,0,0.00090429076
0,1,0.5274122
0,0,0.0008130342
0,1,0.9999956
0,0,0.0005390669
0,0,0.0028289172
0,1,0.98980916
0,0,0.006043749
0,0,0.035739705
0,0,0.0030969528
0,0,0.21788928
0,1,0.99997735
0,1,0.9999994
0,1,0.8879147
0,1,0.99958104
0,0,2.0138277e-05
0,1,0.99999845
0,1,0.82146996
0,1,0.9369074
0,1,0.9999838
0,0,5.3619824e-05
0,1,0.9924475
0,0,0.0003645365
0,1,0.99999654
0,1,0.99996114
0,1,0.97956973
0,1,0.99963725
0,1,0.999561
0,0,0.000110505964
0,0,0.00041725527
0,1,0.9999801
0,1,0.99703896
0,1,0.9999987
0,0,0.004279708
0,1,0.98648643
0,1,0.98847467
0,1,0.93278694
0,0,0.0022977567
0,0,0.00021983846
0,0,0.089695655
0,0,0.15079182
0,1,0.9994357
0,0,0.005630802
0,0,0.0042093913
0,0,0.00083017955
0,1,0.9095054
0,1,0.99890244
0,0,0.0001977595
0,1,0.9995802
0,0,0.03940826
0,1,0.984994
0,1,0.9999994
0,1,0.99999905
0,1,0.999818
0,1,0.5573691
0,1,0.99999905
0,1,0.98879784
0,1,0.99999917
0,1,0.99998987
0,0,0.3101443
0,0,0.00020466278
0,1,0.8704346
0,0,0.00037781632
0,1,0.99972576
0,1,0.74704933
0,0,2.4120156e-05
0,0,0.0141302105
0,1,0.9999932
0,0,0.32942176
0,1,0.9325332
0,1,0.70925444
0,1,0.9999832
0,1,0.999998
0,0,0.043206524
0,1,0.99999917
0,0,7.774668e-05
0,0,0.09752495
0,1,0.999081
0,1,0.91662186
0,1,0.9999988
0,0,0.24438466
0,0,0.0009188211
0,0,0.050689187
0,1,0.99995875
0,0,0.0013630346
0,1,0.9992483
0,1,0.9999863
0,1,0.6023021
0,1,0.99997175
0,1,0.99999845
0,1,0.9999211
0,1,0.9207881
0,1,0.9997404
0,0,0.023661839
0,0,0.033807598
0,1,0.9999993
0,0,0.0012468138
0,1,0.99999917
0,1,0.6677669
0,1,0.99996984
0,1,0.99994385
0,1,0.9954112
0,1,0.9997354
0,1,0.99990296
0,1,0.9955747
0,1,0.9999677
0,0,0.42180473
0,0,0.07831406
0,1,0.99996936
0,1,0.999998
0,0,7.344382e-06
0,1,0.99999905
0,0,0.07411494
0,1,0.99998736
0,1,0.99238414
0,1,0.99999857
0,0,3.0372132e-05
0,1,0.99209905
0,0,3.174154e-06
0,1,0.99998593
0,0,3.4392865e-06
0,0,0.00047371883
0,1,0.9999981
0,0,0.000464031
0,1,0.9979534
0,0,7.143795e-05
0,1,0.51021916
0,0,0.0738756
0,1,0.9997967
0,0,9.955994e-05
0,1,0.9999974
0,1,0.9939579
0,0,2.1764397e-06
0,0,0.028651927
0,1,0.6245619
0,1,0.9928537
0,1,0.9995845
0,1,0.99999785
0,1,0.6053505
0,1,0.92240626
0,1,0.99999905
0,0,0.33881482
0,1,0.9824212
0,0,0.33185348
0,1,0.97227997
0,1,0.9999927
0,1,0.9999982
0,0,0.32829353
0,1,0.99999285
0,0,1.6869113e-05
0,1,0.9985688
0,1,0.7659153
0,0,1.8913732e-06
0,1,0.99964
0,1,0.999551
0,1,0.58508533
0,1,0.9999865
0,1,0.9999949
0,1,0.99999726
0,1,0.9999825
0,1,0.9999994
0,1,0.9826387
0,0,0.006717553
0,1,0.99999917
0,1,0.9964644
0,0,0.32519618
0,0,0.36858726
0,0,0.00010511977
0,1,0.85418147
0,1,0.9997154
0,0,0.024183018
0,0,0.0019518909
0,0,0.11350081
0,0,0.004890485
0,0,0.00032757744
0,1,0.99999547
0,1,0.999772
0,1,0.9999825
0,0,0.010522502
0,0,8.452088e-05
0,1,0.99999917
0,0,0.014094405
0,1,0.9999994
0,0,6.9870794e-06
0,1,0.9791813
0,0,0.017974041
0,1,0.99999356
0,1,0.9983308
0,0,0.043880954
0,1,0.99999464
0,1,0.9997019
0,0,0.026085606
0,0,0.15345536
0,1,0.9988998
0,1,0.99998736
0,0,2.7991984e-05
0,1,0.9863651
0,1,0.9999037
0,0,0.23516226
0,0,2.4588428e-06
0,1,0.99994016
0,1,0.9999963
0,1,0.9999918
0,0,0.49615487
0,1,0.8616619
0,0,0.105674215
0,1,0.9998479
0,1,0.9999958
0,0,0.00018390885
0,0,0.018334888
0,1,0.9999981
0,1,0.9982455
0,1,0.9940065
0,1,0.9678228
0,1,0.9999982
0,1,0.7760301
0,0,0.00025426503
0,1,0.9870595
0,1,0.84845537
0,0,0.00022741818
0,1,0.9991387
0,1,0.9873153
0,1,0.99783045
0,1,0.99355054
0,1,0.99999344
0,1,0.8879496
0,0,0.49878198
0,1,0.7870588
0,1,0.95933723
0,1,0.99721485
0,1,0.6139054
0,1,0.8820934
0,1,0.99995947
0,1,0.99999917
0,0,2.2276925e-05
0,1,0.99997413
0,0,0.00020641873
0,1,0.95310146
0,1,0.99999464
0,1,0.9987494
0,1,0.8336436
0,1,0.9969208
0,0,2.5672293e-06
0,1,0.9999939
0,0,6.295022e-05
0,1,0.9999993
0,1,0.99999774
0,1,0.9995147
0,0,0.011958698
0,1,0.9999906
0,0,0.18976186
0,1,0.9999993
0,1,0.9999988
0,0,0.00071970787
0,1,0.9997533
0,0,2.093998e-06
0,0,0.16277185
0,0,0.000695292
0,1,0.99956053
0,1,0.9998134
0,0,0.03567952
0,1,0.9031987
0,1,0.9999291
0,1,0.9984243
0,0,0.35924345
0,1,0.99452883
0,1,0.9999988
0,1,0.9999988
0,1,0.9999951
0,1,0.87573797
0,1,0.8142621
0,0,0.018403478
0,1,0.9997011
0,0,0.4751746
0,1,0.9999777
0,0,0.1724946
0,1,0.9999993
0,0,0.009640346
0,0,2.2196977e-05
0,0,0.018524922
0,1,0.81798893
0,0,0.23357943
0,1,0.9999765
0,1,0.9999993
0,1,0.9999443
0,1,0.9999677
0,0,0.10036013
0,1,0.9763957
0,1,0.99999917
0,0,6.306721e-06
0,1,0.9609197
0,1,0.68549114
0,1,0.9999994
0,0,0.013972617
0,1,0.9999752
0,1,0.9928013
0,0,0.14253482
0,1,0.9999993
0,1,0.85046667
0,1,0.9999988
0,1,0.9999993
0,0,0.054546338
0,1,0.9991997
0,1,0.9824907
0,0,0.22627988
0,1,0.73933405
0,1,0.99999595
0,1,0.9739489
0,1,0.97829676
0,0,1.7197947e-06
0,1,0.99999344
0,1,0.9999994
0,0,0.46575865
0,1,0.9999994
0,1,0.9974375
0,1,0.74332297
0,1,0.6205417
0,1,0.9999994
0,1,0.999627
0,1,0.9999976
0,0,5.1638766e-05
0,1,0.958647
0,1,0.95259124
0,0,0.028924579
0,1,0.9999732
0,1,0.9999993
0,1,0.9993705
0,0,0.085969515
0,1,0.9998216
0,0,0.009913801
0,1,0.99953294
0,1,0.75273305
0,0,0.4333251
0,0,4.3220705e-05
0,1,0.9999989
0,0,0.41859245
0,1,0.99252325
0,1,0.9927585
0,1,0.9999994
0,0,0.0014957801
0,1,0.9999988
0,1,0.7189774
0,1,0.9811375
0,0,0.10147832
0,1,0.9999974
0,1,0.9611102
0,1,0.99999785
0,1,0.99992347
0,1,0.99998367
0,0,0.0022593548
0,0,3.223144e-05
0,1,0.9993618
0,0,2.5375552e-06
0,1,0.9999603
0,0,0.0034205334
0,0,0.0079910075
0,1,0.9994412
0,1,0.9992478
0,0,0.45434386
0,0,0.0003991859
0,0,0.020485206
0,1,0.99999845
0,0,2.2688203e-06
0,1,0.9999988
0,0,0.0073225186
0,1,0.9999982
0,1,0.9999989
0,0,0.0063062673
0,1,0.9997012
0,0,7.020064e-05
0,1,0.9999988
0,0,0.035378713
0,0,2.4753806e-06
0,0,4.7859894e-06
0,1,0.99994636
0,1,0.999703
0,0,0.058662
0,1,0.99999917
0,0,1.9656595e-06
0,1,0.9202929
0,1,0.9999989
0,1,0.99999166
0,1,0.9962675
0,0,0.023866015
0,1,0.99984455
0,1,0.99999845
0,1,0.99390596
0,1,0.99999917
0,0,5.9333117e-05
0,1,0.99998915
0,1,0.9999993
0,0,2.0180273e-06
0,1,0.95996445
0,1,0.7989793
0,1,0.7798563
0,0,0.009228908
0,1,0.99999905
0,1,0.910632
0,0,0.054019473
0,1,0.9999968
0,0,0.33359542
0,0,0.026137613
0,0,0.00023015271
0,0,0.1374868
0,1,0.9999989
0,0,0.0006830351
0,0,0.14159511
0,1,0.97759515
0,1,0.99985135
0,1,0.62312865
0,1,0.9999993
0,1,0.98747045
0,1,0.98852915
0,0,0.031298432
0,1,0.9994191
0,1,0.9999517
0,1,0.99979407
0,1,0.999998
0,1,0.9999951
0,1,0.9964521
0,0,0.0033558477
0,1,0.99997365
0,1,0.9999814
0,1,0.8646723
0,0,0.010598742
0,1,0.9920797
0,1,0.9999441
0,1,0.99579394
0,0,2.734211e-05
0,1,0.97502184
0,1,0.9389225
0,1,0.99999344
0,0,0.0001577974
0,0,0.012260478
0,1,0.66426456
0,0,2.3217647e-06
0,1,0.9636408
0,0,0.00010126523
0,1,0.8760521
0,1,0.99628997
0,0,0.19702931
0,1,0.9994885
0,1,0.87989056
0,1,0.9968028
0,0,0.0024740705
0,0,0.03708941
0,1,0.8151468
0,1,0.9429087
0,0,0.021028608
0,1,0.9999931
0,1,0.9701442
0,1,0.9771171
0,1,0.9999943
0,1,0.99997604
0,0,0.032555126
0,1,0.9849435
0,1,0.9999875
0,0,1.6318568e-06
0,0,0.028325122
0,1,0.57414323
0,0,0.37245008
0,1,0.9989549
0,1,0.9996698
0,0,4.9654514e-06
0,1,0.9825612
0,0,0.02179143
0,1,0.999964
0,1,0.9999713
0,0,0.055348337
0,1,0.9999219
0,1,0.9647809
0,1,0.99999166
0,1,0.999966
0,0,0.007352839
0,1,0.998613
0,1,0.99977094
0,0,0.096389145
0,1,0.9651711
0,0,3.511412e-05
0,1,0.9999887
0,0,0.01848892
0,1,0.9999881
0,1,0.96976095
0,0,0.14323126
0,0,0.0669917
0,1,0.99872005
0,0,2.574683e-06
0,1,0.9965275
0,1,0.9999157
0,0,0.0016407806
0,1,0.9999989
0,1,0.99999404
0,1,0.9999994
0,1,0.5747908
0,1,0.9987429
0,1,0.96815866
0,0,5.571305e-05
0,1,0.99999905
0,1,0.99999905
0,1,0.9999788
0,0,0.00011148957
0,1,0.5027335
0,0,0.010449666
0,0,0.12566097
0,1,0.98598427
0,0,0.0009036224
0,1,0.9999963
0,1,0.9999635
0,0,2.5568554e-06
0,1,0.99997854
0,1,0.99949
0,1,0.98866886
0,1,0.99179465
0,1,0.9999993
0,1,0.99998844
0,1,0.99999094
0,0,0.13077271
0,1,0.99853957
0,1,0.9999938
0,1,0.9999993
0,1,0.9239298
0,1,0.98053104
0,1,0.95970666
0,0,0.0005738258
0,1,0.9998802
0,0,0.0002610628
0,1,0.9835961
0,1,0.99999785
0,0,2.8950806e-06
0,1,0.9708982
0,1,0.99978167
0,1,0.9998035
0,1,0.9999809
0,1,0.9878868
0,1,0.99976474
0,1,0.99994254
0,1,0.99999726
0,0,0.0013276056
0,0,0.00704426
0,1,0.9999739
0,1,0.632265
0,1,0.9998355
0,1,0.9999993
0,1,0.99997854
0,1,0.9999974
0,1,0.99999654
0,0,4.723721e-06
0,1,0.9999989
0,0,3.8636963e-06
0,0,0.041020915
0,0,0.009491064
0,1,0.9688653
0,0,0.005347946
0,1,0.9999331
0,1,0.64154816
0,1,0.99996674
0,1,0.9999988
0,1,0.99464476
0,1,0.99999833
0,1,0.9999994
0,0,1.755073e-05
0,1,0.99971753
0,0,0.17473534
0,1,0.9999969
0,0,0.20151433
0,0,3.8289825e-05
0,1,0.76610637
0,1,0.9939512
0,1,0.99995625
0,1,0.9999982
0,1,0.999998
0,0,4.8980132e-06
0,0,2.3402376e-06
0,1,0.99999344
0,1,0.93571246
0,0,0.00031123566
0,0,7.456796e-05
0,1,0.9984377
0,1,0.9999913
0,1,0.9999994
0,1,0.99999666
0,0,1.6233556e-05
0,0,9.9312765e-06
0,0,0.0060254037
0,1,0.97361857
0,0,3.983815e-05
0,1,0.9999993
0,1,0.999997
0,0,0.0016351211
0,0,0.000612147
0,1,0.99798954
0,0,0.011461323
0,1,0.73137677
0,1,0.6941037
0,0,0.022889521
0,1,0.9830625
0,1,0.9954827
0,1,0.9995702
0,1,0.9999571
0,1,0.9999461
0,1,0.99536186
0,0,2.214704e-06
0,1,0.9953492
0,1,0.8978418
0,0,0.06746073
0,1,0.98441064
0,0,0.016596727
0,1,0.99950576
0,1,0.99339443
0,1,0.9983747
0,1,0.9858802
0,0,0.24999353
0,0,0.0002554698
0,0,0.010234383
0,0,0.00017344323
0,1,0.9997501
0,1,0.9943632
0,1,0.99728715
0,1,0.99996364
0,1,0.9965585
0,1,0.999671
0,0,0.005259315
0,1,0.9846868
0,1,0.99963236
0,1,0.9998299
0,1,0.908753
0,1,0.999998
0,0,0.3105722
0,0,1.8621497e-06
0,1,0.9999994
0,1,0.53157556
0,0,1.6151077e-06
0,0,4.6752e-05
0,0,1.7931175e-06
0,1,0.98433924
0,1,0.9989819
0,0,1.0584493e-05
0,0,2.6173962e-05
0,1,0.99496174
0,1,0.9990392
0,1,0.9999176
0,1,0.9984042
0,1,0.99999523
0,1,0.9999988
0,0,2.276445e-06
0,0,0.0044207177
0,1,0.80660886
0,1,0.999998
0,0,3.7814823e-06
0,1,0.9999988
0,1,0.99985206
0,1,0.99999905
0,1,0.8634263
0,0,0.00046392286
0,1,0.99999356
0,1,0.9999993
0,1,0.9999883
0,0,3.6236793e-06
0,1,0.9999846
0,1,0.99991465
0,1,0.98030925
0,0,5.344381e-05
0,0,0.0052585774
0,0,1.7851316e-05
0,1,0.89727163
0,1,0.9995534
0,0,0.26852497
0,1,0.9999975
0,1,0.75621295
0,0,0.00066148455
0,1,0.99999535
0,1,0.59848434
0,1,0.64557254
0,0,0.00021828554
0,1,0.9999994
0,1,0.93676597
0,1,0.9987386
0,1,0.8518165
0,0,2.3829605e-06
0,0,3.583557e-06
0,1,0.99975115
0,0,0.004229599
0,0,0.1627422
0,0,0.13707775
0,1,0.9999975
0,0,0.049292956
0,1,0.7699094
0,1,0.9999784
0,1,0.9116887
0,1,0.9367986
0,1,0.99794453
0,1,0.99999917
0,1,0.99999917
0,1,0.9999924
0,1,0.81040543
0,0,5.1243234e-05
0,0,2.0867656e-06
0,0,0.028011233
0,1,0.9985819
0,1,0.6771131
0,0,0.0043998575
0,0,2.9184572e-05
0,1,0.9999993
0,1,0.86375606
0,1,0.9999976
0,1,0.92985564
0,1,0.53204685
0,1,0.5331898
0,1,0.9998191
0,1,0.9651931
0,0,0.3472415
0,0,0.073954195
0,1,0.99999666
0,0,0.008793527
0,1,0.9998776
0,0,0.1249862
0,0,0.00036929324
0,1,0.99999785
0,1,0.98881185
0,0,0.038326845
0,0,0.04078913
0,0,0.14803846
0,1,0.9632068
0,1,0.6724404
0,1,0.99999785
0,1,0.9999988
0,1,0.9659426
0,1,0.9998709
0,0,0.15447202
0,1,0.96200496
0,1,0.999899
0,1,0.7571746
0,1,0.52678937
0,1,0.9999994
0,1,0.94577223
0,1,0.99958104
0,1,0.99999785
0,0,5.916769e-06
0,1,0.99969816
0,0,2.6740247e-05
0,1,0.9999993
0,0,1.7196339e-06
0,1,0.71988255
0,0,0.0010759055
0,1,0.99992883
0,0,0.020708911
0,0,0.0022526637
0,1,0.9999938
0,0,2.8777533e-05
0,1,0.99979347
0,1,0.9999963
0,0,0.059625898
0,1,0.5824361
0,0,1.8397639e-06
0,0,4.451642e-06
0,1,0.99787486
0,0,0.00083920395
0,1,0.84651464
0,0,0.01933287
0,1,0.99999905
0,0,0.07455496
0,1,0.9820338
0,0,0.2223629
0,0,1.2553427e-05
0,1,0.74490273
0,0,1.1115364e-05
0,0,0.034853164
0,1,0.8957366
0,1,0.9955446
0,0,0.04053556
0,1,0.9999609
0,0,0.3220374
0,0,0.12639211
0,1,0.99476236
0,0,0.0003885762
0,1,0.99989414
0,0,6.1042956e-05
0,0,0.0060024634
0,1,0.99999917
0,1,0.9474251
0,0,2.0504363e-06
0,0,0.37289232
0,1,0.8834771
0,1,0.9999964
0,1,0.9989806
0,1,0.7935858
0,1,0.99992096
0,0,0.12069736
0,0,1.6234715e-06
0,1,0.99920446
0,0,0.02611678
0,0,0.00019512676
0,0,0.10701178
0,0,0.49666378
0,0,0.012984667
0,0,0.0010807893
0,0,0.27195472
0,1,0.99997294
0,0,0.43403032
0,1,0.9999981
0,1,0.971141
0,1,0.9999964
0,1,0.99999833
0,1,0.99215794
0,0,0.08828807
0,0,1.0386763e-05
0,1,0.9995215
0,1,0.9998466
0,1,0.9978536
0,1,0.9999989
0,1,0.99781454
0,1,0.9999993
0,1,0.98221993
0,1,0.99923694
0,1,0.9999807
0,1,0.83365846
0,1,0.9999993
0,1,0.9875108
0,0,0.00820811
0,1,0.9999821
0,1,0.9855848
0,1,0.999974
0,1,0.99939704
0,1,0.99999917
0,0,3.8076716e-06
0,1,0.9910076
0,1,0.999997
0,1,0.93416494
0,1,0.6616211
0,1,0.9999994
0,1,0.9998814
0,0,0.00073239586
0,1,0.99999917
0,1,0.99370307
0,1,0.9904721
0,1,0.9999994
0,0,1.7155651e-06
0,0,0.00045896825
0,0,2.9626824e-05
0,0,0.0023116441
0,1,0.98859465
0,1,0.9999374
0,0,4.209705e-06
0,1,0.99945396
0,0,1.6992448e-06
0,0,0.12637405
0,1,0.53225774
0,0,1.8667016e-06
0,1,0.9999989
0,0,0.00039129634
0,0,0.0048462353
0,1,0.9955695
0,0,0.0041899383
0,1,0.9644955
0,1,0.99999416
0,1,0.9999993
0,0,3.888974e-06
0,1,0.9991417
0,1,0.9862109
0,0,0.0016936968
0,1,0.9906262
0,0,2.7369117e-06
0,1,0.8706758
0,0,0.04252549
0,1,0.9999981
0,0,7.786465e-06
0,1,0.97427475
0,1,0.9996172
0,1,0.9998535
0,0,4.701242e-06
0,0,0.09206821
0,1,0.98837847
0,1,0.99988365
0,1,0.99997103
0,0,2.3318075e-06
0,1,0.99781173
0,0,1.6682543e-05
0,1,0.9999895
0,1,0.9978587
0,0,0.110957175
0,1,0.590263
0,1,0.99999774
0,1,0.99999845
0,1,0.99747926
0,1,0.99071574
0,0,0.0017027858
0,1,0.99999666
0,1,0.9999987
0,0,3.741646e-06
0,0,2.5069323e-06
0,1,0.5301467
0,0,0.14281227
0,1,0.9998319
0,0,0.00089980476
0,1,0.999974
0,0,4.757747e-06
0,0,0.0294641
0,0,5.067612e-05
0,1,0.9999993
0,1,0.9997335
0,1,0.99850804
0,1,0.8587944
0,1,0.9999857
0,0,1.0240127e-05
0,0,2.0777422e-06
0,0,0.0787044
0,1,0.99999905
0,1,0.9999987
0,1,0.63952744
0,1,0.99995196
0,1,0.9971047
0,1,0.9999887
0,0,0.25658175
0,1,0.99997973
0,0,0.24697635
0,1,0.9025547
0,0,0.054735065
0,1,0.9999993
0,0,0.009485251
0,0,0.22375943
0,0,0.00013992077
0,1,0.9998036
0,1,0.94105834
0,1,0.6484822
0,0,3.2272067e-06
0,1,0.99965465
0,1,0.99959487
0,0,4.035741e-06
0,1,0.99991393
0,0,0.19904506
0,1,0.9999914
0,1,0.998162
0,1,0.89663625
0,0,1.9926796e-05
0,0,0.31964883
0,1,0.8246423
0,1,0.9999988
0,0,2.1886137e-05
0,1,0.9970534
0,1,0.99999905
0,1,0.999985
0,1,0.9955041
0,0,0.28556964
0,0,0.034870286
0,1,0.96984863
0,0,5.460536e-06
0,0,0.2716894
0,0,1.8961955e-06
0,1,0.99999857
0,1,0.9999993
0,1,0.9532364
0,0,0.061016798
0,1,0.92852205
0,0,7.4924505e-06
0,1,0.9999994
0,1,0.9321573
0,0,0.01866952
0,0,0.40130076
0,1,0.99906796
0,1,0.9999347
0,0,0.0025003334
0,1,0.55920315
0,0,0.041816086
0,1,0.99966717
0,1,0.9999989
0,1,0.54278994
0,1,0.998982
0,1,0.9999989
0,0,0.0001290466
0,1,0.9999974
0,1,0.99999905
0,0,7.116116e-05
0,1,0.9999993
0,0,0.04362338
0,1,0.98730564
0,0,2.1791939e-06
0,0,0.39103633
0,1,0.95082814
0,0,0.00028444687
0,1,0.99715674
0,1,0.9954554
0,1,0.9628942
0,1,0.9996743
0,0,0.061828822
0,1,0.9999993
0,1,0.99358
0,1,0.9979242
0,0,0.093130186
0,1,0.92501414
0,1,0.7028525
0,1,0.99947304
0,0,0.004588973
0,1,0.9999989
0,1,0.5847667
0,1,0.9998821
0,1,0.99888974
0,1,0.99981433
0,0,0.044174664
0,1,0.9999989
0,0,0.13247903
0,0,0.15368086
0,1,0.911107
0,1,0.99969554
0,1,0.9932335
0,0,0.32886404
0,0,0.00021785246
0,1,0.9999988
0,1,0.8691946
0,1,0.6948001
0,1,0.9957587
0,1,0.98560184
0,1,0.9999913
0,0,0.005033348
0,1,0.9999311
0,1,0.9805608
0,1,0.99936086
0,0,0.074174516
0,1,0.9998989
0,1,0.9998481
0,0,0.00071078073
0,1,0.9999964
0,1,0.9998487
0,1,0.9946733
0,0,0.081065066
0,1,0.7383796
0,1,0.99962115
0,1,0.8737254
0,0,0.009131037
0,1,0.99883395
0,1,0.9989832
0,1,0.9677049
0,1,0.6166435
0,0,0.00051577477
0,1,0.98819065
0,0,2.4786239e-06
0,1,0.99999917
0,1,0.98904514
0,1,0.9916733
0,0,1.6113261e-06
0,1,0.9969193
0,1,0.999997
0,0,0.032519776
0,0,0.0014576357
0,0,5.092605e-05
0,1,0.99937683
0,0,0.020210844
0,0,0.0030962226
0,0,0.010701831
0,1,0.99219126
0,1,0.940039
0,1,0.91919386
0,0,0.06158278
0,1,0.9980514
0,1,0.813768
0,0,0.00038972474
0,1,0.999498
0,1,0.9950178
0,0,0.0005330734
0,0,0.00016744425
0,0,0.16264127
0,0,0.07746306
0,1,0.55482125
0,1,0.99998784
0,1,0.99919444
0,1,0.9806749
0,1,0.9920328
0,0,3.1398263e-06
0,0,0.3502787
0,0,0.0031567584
0,1,0.99997795
0,1,0.99999833
0,0,0.28501043
0,1,0.8172996
0,1,0.999481
0,0,1.5838983e-05
0,1,0.9969408
0,1,0.99999344
0,1,0.85582674
0,1,0.99996257
0,0,1.0425904e-05
0,1,0.99993396
0,1,0.99973375
0,0,0.0044892584
0,1,0.9185398
0,0,0.012672257
0,1,0.99872905
0,0,0.19856977
0,0,0.46270564
0,1,0.53021747
0,1,0.9708409
0,1,0.9931045
0,1,0.9846847
0,0,0.00011450827
0,0,0.44377062
0,1,0.9999993
0,1,0.99938524
0,0,0.012851268
0,1,0.99999774
0,1,0.9999993
0,1,0.99980646
0,1,0.601774
0,0,0.0016950987
0,1,0.99999857
0,1,0.99997365
0,1,0.9948708
0,1,0.99999774
0,1,0.9946167
0,0,0.08629606
0,1,0.86456865
0,1,0.99999917
0,1,0.998351
0,1,0.9999969
0,1,0.9961677
0,0,1.8120477e-06
0,1,0.5345681
0,0,2.3381451e-06
0,1,0.99168265
0,1,0.71941346
0,1,0.7768962
0,0,0.0025962058
0,1,0.6953385
0,0,0.0005623915
0,0,0.025811173
0,0,1.1693538e-05
0,1,0.9999554
0,1,0.9999089
0,0,0.27661633
0,0,0.012114788
0,1,0.990435
0,1,0.7688036
0,1,0.9921663
0,1,0.5458723
0,1,0.9999875
0,0,0.0010975699
0,1,0.99703383
0,0,0.059782445
0,1,0.9192873
0,1,0.9999808
0,0,0.05450039
0,1,0.9996227
0,1,0.9999988
0,1,0.99999785
0,1,0.99998856
0,0,1.957242e-06
0,0,5.9713643e-06
0,1,0.99999917
0,1,0.99999917
0,0,0.0056385603
0,0,0.046169195
0,1,0.99999547
0,1,0.99768496
0,0,0.009643766
0,1,0.99999917
0,0,0.0005959305
0,1,0.9999913
0,1,0.8073632
0,1,0.9999933
0,1,0.9999988
0,0,0.00019630765
0,0,0.3565579
0,0,0.006855114
0,0,0.020710696
0,0,2.2000813e-05
0,0,1.7564395e-05
0,1,0.8937245
0,0,0.0060844533
0,1,0.9999944
0,0,1.9131327e-05
0,1,0.60245246
0,1,0.9999989
0,1,0.9914589
0,1,0.9999608
0,1,0.99999905
0,1,0.9528281
0,1,0.99997914
0,1,0.94688535
0,0,0.0018381368
0,0,0.19292824
0,0,1.7007233e-06
0,0,0.0005787254
0,1,0.9999201
0,0,0.49644223
0,0,4.8840484e-06
0,1,0.99999857
0,1,0.61751777
0,1,0.9999993
0,1,0.99999344
0,1,0.97349584
0,0,0.0025302372
0,0,0.0046469206
0,1,0.99754566
0,1,0.9999186
0,0,0.036036156
0,1,0.9999994
0,1,0.99998033
0,1,0.81634295
0,0,0.48851115
0,0,0.014234123
0,1,0.999998
0,1,0.9999994
0,1,0.97957623
0,1,0.9746609
0,1,0.99995506
0,1,0.99785525
0,1,0.79825425
0,1,0.999997
0,0,1.7183507e-05
0,0,0.19747928
0,1,0.99785185
0,1,0.99984384
0,0,0.23779823
0,1,0.9999993
0,1,0.7075172
0,0,0.31139576
0,0,1.3819779e-05
0,0,3.6953472e-06
0,1,0.5683248
0,1,0.92161185
0,0,0.00031383926
0,1,0.9999993
0,0,0.06631315
0,1,0.9999218
0,0,0.00027003288
0,0,0.0033535948
0,1,0.99999857
0,0,7.892514e-05
0,1,0.99976796
0,0,0.00023002416
0,1,0.99996316
0,0,0.2799372
0,1,0.9999956
0,1,0.98946863
0,1,0.9999964
0,1,0.99117553
0,1,0.76298946
0,0,0.0019585078
0,0,8.335721e-05
0,0,0.03557908
0,0,0.05035692
0,0,4.4254484e-06
0,1,0.9999988
0,1,0.89935523
0,1,0.82982296
0,0,0.0046480875
0,1,0.9999987
0,1,0.99924564
0,0,0.0032725704
0,0,0.18397127
0,1,0.9957807
0,1,0.9993944
0,0,0.0058087297
0,0,4.9802766e-06
0,1,0.9927745
0,0,0.45787266
0,1,0.9984768
0,1,0.9918705
0,1,0.9999987
0,1,0.9999993
0,0,0.16905704
0,0,0.12303419
0,1,0.99998343
0,0,0.13327938
0,1,0.99963975
0,1,0.99999905
0,1,0.99999535
0,1,0.6623568
0,1,0.9263907
0,1,0.7953505
0,1,0.7932833
0,1,0.9928324
0,0,0.00054518465
0,1,0.9985733
0,0,0.0002668674
0,0,3.8449357e-06
0,1,0.9999982
0,0,2.7027874e-05
0,1,0.99999917
0,0,0.00026248902
0,1,0.9999683
0,1,0.9997726
0,1,0.99999845
0,1,0.9778299
0,0,0.00097394275
0,0,2.4827243e-05
0,0,0.012069724
0,1,0.9998555
0,1,0.99999917
0,0,0.054625794
0,1,0.96293133
0,0,4.4024982e-06
0,1,0.9988702
0,1,0.9976629
0,0,1.11638465e-05
0,1,0.9999857
0,0,0.0010146571
0,1,0.9999993
0,0,0.004460145
0,1,0.9479559
0,1,0.9999994
0,0,1.6407188e-05
0,1,0.9931918
0,1,0.7921709
0,1,0.9924233
0,0,5.5597462e-05
0,1,0.61077005
0,0,0.0030012366
0,1,0.993437
0,1,0.9999988
0,1,0.9999989
0,1,0.99997723
0,1,0.9999994
0,1,0.9999989
0,1,0.84946
0,1,0.9664396
0,0,0.00033248824
0,1,0.99587667
0,0,0.04668697
0,0,0.22157893
0,1,0.9945386
0,0,0.018040799
0,0,0.030615997
0,0,0.38448477
0,1,0.9999989
0,1,0.99999833
0,0,0.0022460332
0,1,0.9440426
0,1,0.98186916
0,1,0.999998
0,0,0.0017527597
0,0,2.6586017e-06
0,1,0.99196374
0,0,0.28716853
0,1,0.99966645
0,0,0.0338491
0,1,0.99999595
0,1,0.9999981
0,1,0.99984837
0,0,0.045921948
0,0,1.6201076e-06
0,0,0.46400473
0,0,0.0031260666
0,1,0.9981713
0,0,2.1658325e-06
0,1,0.9999982
0,1,0.9980926
0,1,0.9977202
0,0,0.00027727016
0,1,0.55550176
0,1,0.8869769
0,0,0.41896954
0,1,0.9999993
0,1,0.906758
0,1,0.9999964
0,1,0.9976998
0,1,0.99540734
0,0,2.3226994e-06
0,1,0.9999424
0,1,0.9036641
0,1,0.9970169
0,1,0.9994887
0,1,0.8899637
0,1,0.9996854
0,1,0.9997758
0,1,0.9999987
0,1,0.994635
0,0,0.00015026392
0,0,0.012715672
0,0,0.009512515
0,0,0.0063603055
0,1,0.9999727
0,1,0.9999467
0,1,0.9999994
0,0,0.019028671
0,1,0.9999217
0,1,0.9999982
0,0,0.49256867
0,1,0.9990201
0,0,1.7856652e-06
0,1,0.99936074
0,0,1.4587261e-05
0,0,0.3655051
0,1,0.9070091
0,0,0.0063248836
0,1,0.99998057
0,1,0.97248423
0,1,0.98843443
0,0,0.08009085
0,0,4.0470836e-06
0,1,0.9764593
0,1,0.9264829
0,1,0.9832667
0,1,0.9613383
0,1,0.981793
0,1,0.99973565
0,1,0.9997608
0,1,0.9986834
0,1,0.7165993
0,0,0.0021896877
0,1,0.9999368
0,0,2.7629244e-06
0,0,1.9220854e-06
0,0,0.34333813
0,0,0.099967845
0,0,2.708668e-05
0,1,0.7879516
0,1,0.9993154
0,0,0.39392826
0,1,0.8108853
0,0,3.3350134e-06
0,1,0.9927861
0,1,0.6987332
0,0,2.6202459e-05
0,1,0.99999917
0,1,0.9999269
0,1,0.99775153
0,0,0.0013467439
0,1,0.9999701
0,1,0.99999857
0,1,0.9983613
0,1,0.98745096
0,1,0.9999455
0,1,0.9995258
0,1,0.90206766
0,0,5.1182386e-05
0,1,0.9998292
0,1,0.7306237
0,1,0.9999994
0,0,0.016399587
0,1,0.9986778
0,1,0.8787247
0,1,0.9999982
0,1,0.99996734
0,1,0.9999857
0,0,0.00066569983
0,0,0.00220069
0,1,0.9941051
0,1,0.99965787
0,0,0.015312716
0,1,0.9999987
0,1,0.9810544
0,1,0.999729
0,1,0.9805691
0,1,0.971519
0,1,0.9999993
0,1,0.9958995
0,1,0.99988747
0,0,2.2291001e-06
0,0,0.27270737
0,1,0.8176846
0,0,0.054635815
0,1,0.9999994
0,0,0.07224544
0,0,7.77349e-05
0,1,0.99999154
0,1,0.9999962
0,1,0.999814
0,0,2.1402568e-06
0,1,0.97155166
0,1,0.9875635
0,1,0.95941186
0,0,0.0001085081
0,0,0.06612471
0,0,0.44489145
0,0,0.029018885
0,1,0.9999964
0,1,0.9985519
0,0,0.010890168
0,0,0.00022409693
0,1,0.99970406
0,0,2.0411883e-06
0,1,0.9999987
0,1,0.9999994
0,1,0.9997775
0,1,0.99999917
0,1,0.9999957
0,0,0.00062788517
0,1,0.9999993
0,1,0.9999968
0,1,0.999982
0,0,0.016097745
0,1,0.90733916
0,1,0.99937785
0,1,0.9999367
0,1,0.9999994
0,1,0.9999889
0,1,0.98783714
0,1,0.9308525
0,0,0.021067124
0,0,4.4239464e-06
0,1,0.9999993
0,1,0.9903887
0,1,0.99963117
0,1,0.9999987
0,1,0.9999051
0,0,0.0075686118
0,0,0.00037705805
0,1,0.96307606
0,1,0.999519
0,1,0.99997926
0,0,0.010323212
0,1,0.9840223
0,1,0.9999982
0,0,0.00087513233
0,1,0.7149809
0,1,0.9999993
0,1,0.99999857
0,0,2.195626e-06
0,0,0.038287528
0,0,1.6514408e-06
0,1,0.99996746
0,1,0.99999917
0,1,0.9432678
0,1,0.9992555
0,1,0.68058956
0,1,0.94466394
0,0,0.32141957
0,1,0.6240848
0,1,0.9998964
0,0,0.030866312
0,1,0.9999988
0,1,0.99988854
0,1,0.9997876
0,1,0.9556876
0,1,0.99994123
0,1,0.9998128
0,1,0.75267226
0,1,0.9587956
0,1,0.99805546
0,0,0.00076722144
0,1,0.9999988
0,1,0.9999981
0,1,0.9998078
0,1,0.9999783
0,1,0.8422659
0,1,0.9996538
0,1,0.9999993
0,0,5.3011217e-06
0,1,0.999723
0,0,5.9824e-05
0,0,0.27611998
0,0,0.17276424
0,1,0.86105984
0,0,6.438029e-05
0,1,0.9999002
0,1,0.9999931
0,1,0.9999989
0,1,0.9999571
0,1,0.9999665
0,1,0.9999994
0,1,0.82859945
0,0,0.001894538
0,1,0.93135846
0,1,0.9947962
0,1,0.99999917
0,0,0.41551155
0,1,0.9969013
0,0,3.4521512e-05
0,1,0.99176615
0,0,0.02690922
0,0,0.17056072
0,0,4.835422e-05
0,1,0.58166546
0,1,0.9990345
0,0,0.096356474
0,1,0.9966028
0,0,0.030818319
0,1,0.9996433
0,1,0.8555117
0,1,0.99491644
0,1,0.9980459
0,0,0.027132249
0,1,0.99837214
0,0,4.0031344e-05
0,1,0.5603884
0,1,0.9999229
0,1,0.9489489
0,0,0.0053294697
0,1,0.99998224
0,1,0.9999993
0,1,0.9940446
0,1,0.99992216
0,0,0.08101011
0,1,0.9999993
0,1,0.99102414
0,1,0.9997613
0,1,0.99960214
0,1,0.9999969
0,0,0.009435613
0,0,4.4244016e-06
0,1,0.97927284
0,0,0.019042304
0,1,0.99750286
0,1,0.99810046
0,0,1.515874e-05
0,1,0.9999981
0,1,0.9846603
0,0,3.275959e-06
0,1,0.99798137
0,0,0.3804222
0,1,0.8714338
0,1,0.9999993
0,0,1.654084e-06
0,1,0.99999726
0,1,0.9999993
0,1,0.9999927
0,1,0.8140814
0,0,0.014661394
0,0,0.24413998
0,1,0.9999975
0,0,0.03104534
0,1,0.9972063
0,1,0.9999633
0,1,0.8456391
0,1,0.9999993
0,0,0.000120383724
0,0,0.18837911
0,0,0.3213675
0,0,2.5025515e-06
0,1,0.9999989
0,0,0.37972888
0,1,0.97747505
0,1,0.95842266
0,1,0.6867267
0,1,0.9999993
0,1,0.79371357
0,0,0.073372774
0,0,0.0004375692
0,1,0.99999845
0,1,0.9999989
0,1,0.9699047
0,0,0.027690567
0,0,0.00010166105
0,1,0.9999994
0,1,0.77461106
0,1,0.98265344
0,1,0.7975497
0,0,2.7640497e-06
0,1,0.99999785
0,1,0.999813
0,1,0.999998
0,0,4.718485e-06
0,1,0.9857804
0,1,0.9914281
0,1,0.99999666
0,1,0.99999845
0,1,0.9999547
0,1,0.85919327
0,1,0.9999745
0,0,0.36804834
0,1,0.99999917
0,1,0.926005
0,0,0.029799504
0,0,0.31432578
0,1,0.9927626
0,1,0.99848133
0,1,0.9999956
0,0,1.0166003e-05
0,0,0.010733258
0,1,0.9940883
0,0,3.3377305e-06
0,0,3.9177175e-05
0,0,3.8005317e-06
0,1,0.9991991
0,0,0.29184335
0,1,0.99990034
0,0,6.152817e-06
0,1,0.9999894
0,1,0.9009455
0,1,0.9999993
0,0,0.0021023573
0,1,0.9999993
0,1,0.99962294
0,1,0.99947613
0,1,0.92638224
0,0,0.0022536437
0,1,0.9878539
0,0,0.017150324
0,0,0.06166439
0,0,0.018942913
0,0,2.767938e-06
0,1,0.9680973
0,0,0.0007199799
0,1,0.78002477
0,0,8.806251e-05
0,0,0.2068153
0,1,0.99997866
0,1,0.99999607
0,0,0.084292576
0,1,0.8144331
0,1,0.9997614
0,1,0.9999975
0,1,0.99989414
0,0,0.16771892
0,1,0.999995
0,1,0.839052
0,1,0.9999993
0,1,0.518226
0,1,0.9398096
0,1,0.9999534
0,1,0.653443
0,1,0.99870145
0,0,1.5576825e-05
0,1,0.99702674
0,1,0.64625853
0,1,0.92290473
0,0,0.36140874
0,0,0.023984747
0,0,0.43055058
0,1,0.99999166
0,1,0.9999982
0,1,0.9999994
0,0,0.0058144024
0,1,0.9946919
0,1,0.9981072
0,1,0.9999994
0,0,1.1935434e-05
0,1,0.99999905
0,0,0.00010648785
0,1,0.99993336
0,0,5.1304687e-06
0,1,0.9865001
0,0,2.0435684e-06
0,1,0.9989795
0,0,0.0016885792
0,1,0.9999306
0,1,0.9999993
0,1,0.7879545
0,0,0.14157337
0,1,0.9999969
0,1,0.9960879
0,1,0.64498043
0,0,1.3170269e-05
0,0,0.26203263
0,1,0.97722435
0,0,0.0045189257
0,1,0.9427624
0,1,0.9909685
0,1,0.99999475
0,1,0.9957273
0,1,0.9999987
0,1,0.7051842
0,1,0.9918841
0,0,0.0011223862
0,1,0.97189796
0,1,0.9996056
0,1,0.9999974
0,0,0.07352982
0,0,4.9861344e-05
0,0,2.70154e-06
0,0,1.812708e-06
0,0,3.0138713e-06
0,1,0.9607413
0,0,4.417235e-06
0,1,0.9999994
0,0,4.2011703e-05
0,1,0.999728
0,1,0.9998093
0,1,0.999918
0,1,0.6177634
0,0,0.33148506
0,0,3.390622e-06
0,1,0.99998844
0,1,0.9992048
0,1,0.9999975
0,1,0.9999944
0,0,0.0059332256
0,1,0.9999994
0,0,0.0010252016
0,0,0.0015678187
0,1,0.9999472
0,1,0.99997675
0,1,0.9999583
0,0,0.12914878
0,0,1.6878405e-06
0,1,0.99982363
0,0,0.00054487557
0,1,0.9999981
0,1,0.9999993
0,1,0.9900032
0,1,0.85329103
0,0,0.4812211
0,1,0.99898845
0,1,0.9999994
0,1,0.99999404
0,1,0.9945491
0,0,0.034285285
0,0,0.02938395
0,0,0.00041468497
0,1,0.9977865
0,0,1.6624324e-06
0,1,0.6887088
0,0,0.00018480764
0,0,0.012362972
0,1,0.96177995
0,1,0.9961325
0,1,0.9999993
0,0,0.22315152
0,1,0.9999975
0,1,0.9999993
0,1,0.9999515
0,1,0.7026882
0,0,0.00021979719
0,1,0.9964843
0,1,0.999974
0,0,0.002226962
0,0,0.4158493
0,0,0.051713746
0,0,4.3848245e-06
0,1,0.9999993
0,1,0.9994167
0,0,0.3181051
0,1,0.9568051
0,1,0.9999988
0,1,0.9814528
0,1,0.95075667
0,0,4.5331863e-06
0,1,0.9999918
0,1,0.9994074
0,1,0.9983146
0,1,0.9999993
0,1,0.99997544
0,0,0.1159769
0,1,0.8784024
0,0,0.0044364245
0,0,0.18584913
0,1,0.9987797
0,1,0.99361587
0,1,0.9156575
0,0,0.00012598721
0,1,0.55680686
0,1,0.9886437
0,1,0.9925357
0,0,0.0002634869
0,1,0.9999993
0,0,9.248352e-06
0,1,0.99995553
0,1,0.99998593
0,1,0.9977303
0,1,0.9544764
0,0,0.26604703
0,0,1.7665352e-05
0,1,0.9999932
0,0,0.0027508487
0,0,0.021580717
0,1,0.99978966
0,0,0.040020995
0,0,8.224777e-05
0,1,0.748764
0,1,0.99998474
0,1,0.9999399
0,1,0.99991405
0,0,2.7790185e-05
0,1,0.9997073
0,0,2.2979827e-06
0,1,0.61032224
0,1,0.99993384
0,0,0.060519546
0,0,0.00030699582
0,1,0.9970836
0,1,0.99999917
0,1,0.99999905
0,1,0.99999607
0,0,1.8184686e-06
0,1,0.9999907
0,0,8.843421e-05
0,1,0.9999994
0,1,0.98093
0,1,0.99890137
0,1,0.9761456
0,1,0.9999453
0,1,0.9999709
0,1,0.9999989
0,1,0.99999917
0,0,0.09697258
0,0,7.4947646e-05
0,0,0.31423834
0,1,0.9999993
0,1,0.5232121
0,1,0.99999475
0,0,0.009825355
0,1,0.9999989
0,1,0.70370084
0,0,0.1278038
0,1,0.99589986
0,0,3.0449569e-06
0,0,0.047944486
0,0,3.1487947e-05
0,1,0.5308385
0,1,0.9981693
0,0,0.027646014
0,1,0.88012606
0,0,0.011190952
0,0,0.04700381
0,1,0.5538754
0,0,0.19470382
0,0,0.02760807
0,0,2.3763293e-06
0,0,0.022405082
0,1,0.9992065
0,0,0.006727627
0,1,0.9999236
0,1,0.9997811
0,1,0.9717952
0,0,0.4961457
0,1,0.9999993
0,0,0.00052347867
0,1,0.9904419
0,1,0.99999714
0,1,0.9999981
0,0,0.0005671857
0,1,0.99666744
0,1,0.9999795
0,1,0.9999347
0,1,0.99998116
0,1,0.9548257
0,1,0.9993544
0,1,0.9999958
0,1,0.9999856
0,1,0.99999523
0,1,0.9999988
0,1,0.9999989
0,1,0.9980275
0,1,0.99924755
0,1,0.99999905
0,0,0.00017016337
0,1,0.87165326
0,0,0.0006650954
0,1,0.99999917
0,1,0.99999905
0,0,0.36275068
0,0,1.8307221e-06
0,0,0.049399644
0,1,0.88686454
0,1,0.99998987
0,0,0.083911605
0,0,0.00017245609
0,0,0.0022320165
0,0,4.573514e-06
0,0,8.836786e-06
0,1,0.54112166
0,1,0.99999917
0,1,0.9999988
0,1,0.9555169
0,0,0.001840129
0,1,0.9999994
0,0,8.345689e-06
0,0,2.4021081e-05
0,0,0.0010483743
0,1,0.9793363
0,1,0.6113769
0,1,0.9979122
0,0,0.38561916
0,1,0.9999951
0,0,0.38588408
0,1,0.74984294
0,0,0.48331428
0,0,0.09077609
0,0,0.0005361668
0,1,0.635354
0,1,0.5737697
0,1,0.94210577
0,0,0.4987964
0,1,0.99999917
0,1,0.58649176
0,1,0.9999993
0,1,0.70076805
0,1,0.9938915
0,1,0.9991749
0,1,0.9999925
0,1,0.99386686
0,1,0.9999361
0,0,0.3889975
0,0,3.0825235e-05
0,0,0.034203228
0,1,0.999995
0,0,0.023925973
0,1,0.99069256
0,0,1.9152128e-06
0,1,0.9977908
0,0,0.0018060438
0,0,0.16063194
0,1,0.99996114
0,0,0.0001886875
0,0,0.49393472
0,1,0.9999987
0,1,0.65614206
0,0,8.027123e-06
0,0,0.008026009
0,0,1.6973546e-06
0,0,0.039977096
0,1,0.99998105
0,1,0.9981762
0,1,0.9999962
0,0,2.9711214e-06
0,0,0.05706444
0,0,0.26014683
0,1,0.9935895
0,1,0.9999993
0,0,3.6476656e-06
0,0,0.19143239
0,1,0.9952939
0,0,2.086479e-06
0,0,0.0010734398
0,1,0.7639021
0,0,0.0061548557
0,0,7.807366e-06
0,0,1.7665186e-06
0,0,0.0011608674
0,1,0.99999785
0,1,0.81824213
0,0,3.9222427e-06
0,1,0.7091999
0,0,0.0022898384
0,1,0.99969447
0,1,0.99996674
0,0,0.17311655
0,0,0.03146061
0,0,0.35461226
0,1,0.9995858
0,0,0.0065805386
0,1,0.9999461
0,0,0.00575336
0,1,0.8442072
0,1,0.99999285
0,1,0.971392
0,0,0.007821311
0,1,0.9999993
0,1,0.9973857
0,0,2.2674387e-05
0,1,0.9999994
0,1,0.9999964
0,1,0.99999917
0,0,0.0006325844
0,0,0.00011669335
0,1,0.99998033
0,1,0.99998033
0,0,0.27448943
0,0,6.0327184e-06
0,0,9.843083e-05
0,1,0.9998919
0,1,0.9999994
0,0,2.3610903e-06
0,1,0.9999994
0,1,0.9920443
0,1,0.9981071
0,1,0.99999774
0,1,0.99996316
0,0,0.1228633
0,0,0.014738672
0,1,0.99594146
0,1,0.99999535
0,1,0.9964194
0,1,0.9999925
0,0,0.026358077
0,1,0.9793443
0,0,0.0035123012
0,1,0.9973368
0,1,0.9996338
0,1,0.99999464
0,1,0.99932694
0,1,0.99994934
0,0,9.332727e-06
0,1,0.96495336
0,1,0.9999994
0,1,0.9999409
0,1,0.99999416
0,0,0.0016108742
0,1,0.9999306
0,1,0.99988616
0,0,0.47944325
0,1,0.9998511
0,1,0.75378865
0,0,0.06364994
0,1,0.99953556
0,0,0.020848399
0,1,0.95164347
0,1,0.99997234
0,0,1.7240118e-05
0,1,0.9997265
0,1,0.923678
0,0,0.11677478
0,0,0.24931702
0,0,0.018819213
0,1,0.98772115
0,1,0.9999994
0,0,5.935125e-06
0,1,0.9544653
0,1,0.9986975
0,1,0.99998367
0,1,0.9880922
0,1,0.9999988
0,0,0.3457463
0,0,2.4258898e-06
0,1,0.9999993
0,1,0.5887619
0,1,0.99853766
0,1,0.9999989
0,1,0.99969316
0,1,0.78396094
0,0,0.09715976
0,0,0.0023016648
0,0,0.079384185
0,0,0.00015988342
0,1,0.999997
0,0,4.0525874e-06
0,1,0.99793917
0,0,0.36772367
0,0,0.4551537
0,1,0.9999982
0,1,0.9999914
0,0,0.09845052
0,1,0.99998546
0,1,0.6243796
0,0,0.011993997
0,1,0.96995294
0,0,0.04096742
0,0,0.42280504
0,1,0.9999993
0,1,0.9763539
0,1,0.9978097
0,0,0.23962675
0,1,0.74985045
0,1,0.99995863
0,0,0.22125433
0,1,0.96127325
0,1,0.9062244
0,1,0.9999695
0,1,0.9997428
0,0,0.45916942
0,0,1.9191464e-05
0,0,0.0007055441
0,0,0.103758246
0,1,0.9789498
0,0,1.1363154e-05
0,1,0.69635504
0,0,0.27533296
0,1,0.8884501
0,1,0.99807173
0,0,0.03739388
0,1,0.99997604
0,1,0.9989868
0,1,0.9994186
0,0,3.367458e-05
0,1,0.9791975
0,1,0.99998724
0,0,0.029417772
0,1,0.9688757
0,1,0.9999876
0,1,0.99232376
0,1,0.99999845
0,1,0.9802101
0,0,0.00062624697
0,1,0.94693494
0,0,0.4888536
0,0,0.00012249047
0,1,0.9615053
0,1,0.99977595
0,1,0.9999478
0,0,0.00058667007
0,1,0.9999993
0,0,0.2040297
0,0,0.21645561
0,1,0.9999627
0,1,0.9307036
0,0,0.3656527
0,0,0.0001586975
0,0,0.16218357
0,1,0.99997437
0,1,0.9999993
0,0,0.0009408183
0,1,0.90471756
0,0,0.00022401573
0,0,1.6030563e-05
0,1,0.8211226
0,0,0.006779682
0,1,0.9999087
0,1,0.8243577
0,1,0.9988543
0,0,9.498951e-06
0,1,0.9977041
0,1,0.90917385
0,1,0.99971753
0,1,0.79332024
0,0,3.082388e-05
0,1,0.96199787
0,0,0.21078709
0,1,0.9999993
0,1,0.99999917
0,1,0.7901369
0,0,0.00080458255
0,1,0.7434124
0,1,0.9998772
0,1,0.9999993
0,1,0.9999993
0,1,0.99990416
0,1,0.99541783
0,0,0.003999619
0,1,0.9978733
0,0,0.0061673694
0,0,0.2688185
0,1,0.9999994
0,0,0.18525568
0,1,0.99995315
0,0,0.000696515
0,1,0.9994098
0,0,0.035201225
0,0,0.21320148
0,1,0.9999976
0,0,0.00081665564
0,1,0.92079276
0,1,0.9995009
0,1,0.77358156
0,1,0.93180466
0,0,2.1949559e-06
0,0,0.03676987
0,1,0.9996275
0,1,0.86303884
0,0,0.027281329
0,1,0.50549984
0,1,0.96615624
0,0,0.31207624
0,1,0.9992841
0,1,0.999987
0,1,0.99999
0,1,0.9999652
0,0,0.119702145
0,1,0.9998259
0,0,0.0008380812
0,1,0.97236216
0,1,0.99999785
0,1,0.99997425
0,1,0.9999993
0,1,0.9346975
0,1,0.97633886
0,0,0.0003005814
0,1,0.78737086
0,1,0.94636035
0,0,2.5988911e-06
0,1,0.9999981
0,0,0.002813287
0,1,0.94004333
0,1,0.9999349
0,1,0.94104016
0,1,0.9913646
0,0,5.174985e-06
0,0,1.0385575e-05
0,1,0.99019605
0,0,2.1470541e-06
0,0,0.01913525
0,1,0.9999864
0,1,0.9896667
0,1,0.9999511
0,0,0.0004351387
0,1,0.95366716
0,0,1.7989909e-06
0,1,0.9996848
0,1,0.9999515
0,0,0.03113114
0,1,0.99530506
0,1,0.9981001
0,1,0.93693525
0,0,0.0009330907
0,0,0.08639735
0,1,0.67255443
0,1,0.9519777
0,1,0.9999778
0,0,0.07044158
0,0,4.5718434e-06
0,1,0.99992895
0,0,0.062117778
0,0,0.00011541925
0,1,0.9999871
0,0,0.0003957317
0,1,0.99718434
0,0,1.302437e-05
0,0,0.105667084
0,1,0.9999833
0,1,0.87875634
0,1,0.94342947
0,1,0.9933494
0,1,0.99999917
0,1,0.7302169
0,1,0.89667606
0,0,0.00088099606
0,0,2.9852894e-05
0,0,1.9827694e-05
0,1,0.9935888
0,1,0.99977094
0,1,0.99996364
0,1,0.9956455
0,0,0.0015439786
0,1,0.57098013
0,1,0.999666
0,1,0.78565496
0,1,0.9999912
0,0,1.2471627e-05
0,0,0.0030199215
0,1,0.9998342
0,0,0.11525264
0,0,0.14305271
0,0,0.47775012
0,1,0.99994934
0,1,0.99999774
0,1,0.9999993
0,0,0.0011805671
0,0,0.08497061
0,0,0.061620545
0,1,0.7378572
0,0,0.010457158
0,1,0.99999833
0,0,0.10261526
0,0,0.05111011
0,1,0.9615804
0,1,0.99998
0,0,0.0007574217
0,0,0.48863113
0,1,0.9994535
0,0,0.012809247
0,1,0.99989665
0,1,0.9995161
0,1,0.99988794
0,1,0.97010416
0,0,0.14270253
0,1,0.99999714
0,1,0.9986998
0,1,0.9999994
0,1,0.9999994
0,0,0.0007606884
0,0,9.192121e-06
0,0,1.6659128e-06
0,1,0.9854166
0,1,0.99998474
0,1,0.9999993
0,1,0.97446775
0,0,0.0061688772
0,1,0.99999833
0,1,0.99998426
0,1,0.99999297
0,0,0.014109944
0,1,0.97105557
0,0,0.44481495
0,1,0.99999666
0,1,0.9999993
0,1,0.8754612
0,0,0.030403474
0,1,0.99964833
0,1,0.9985738
0,0,1.4463837e-05
0,1,0.9999324
0,1,0.9999944
0,1,0.99999666
0,0,4.2467884e-05
0,1,0.6042011
0,0,2.4868164e-06
0,1,0.99814487
0,0,6.34146e-06
0,1,0.88336045
0,0,0.3127031
0,0,0.16631699
0,1,0.99457186
0,1,0.7987267
0,1,0.9999993
0,0,5.6864465e-06
0,0,0.4095673
0,1,0.82710874
0,1,0.9852389
0,1,0.99995387
0,1,0.99974257
0,1,0.7551879
0,0,3.2490952e-06
0,1,0.99505323
0,1,0.5771525
0,0,0.12220464
0,1,0.9999713
0,1,0.9669138
0,0,0.044765066
0,1,0.99979705
0,0,2.8514514e-05
0,1,0.9999759
0,1,0.9959182
0,0,0.4749454
0,1,0.9839461
0,0,5.922234e-06
0,0,0.00017111456
0,0,6.427283e-06
0,1,0.99998665
0,1,0.9465066
0,1,0.99998605
0,1,0.9997428
0,1,0.9829914
0,1,0.99999917
0,0,1.4194612e-05
0,1,0.99998605
0,0,0.48942134
0,1,0.9998635
0,1,0.9999987
0,1,0.9999976
0,0,0.044938825
0,1,0.9581773
0,1,0.9443857
0,1,0.99999607
0,1,0.99989724
0,0,0.026540985
0,1,0.999979
0,1,0.9978498
0,1,0.998365
0,0,0.0018580775
0,0,0.18596534
0,1,0.887571
0,1,0.9999975
0,1,0.8371069
0,0,5.0907574e-06
0,1,0.8349768
0,0,0.015249917
0,0,0.4365312
0,0,0.00017872386
0,0,0.00015378454
0,1,0.99999
0,0,0.00034501235
0,1,0.99999535
0,1,0.54911876
0,0,0.0046990165
0,0,0.06730749
0,0,5.4751736e-06
0,0,0.00014863837
0,1,0.9999964
0,1,0.66456175
0,1,0.6402885
0,1,0.9999993
0,0,8.388573e-05
0,0,0.116284944
0,0,4.435939e-05
0,0,1.1522748e-05
0,0,0.0015625801
0,0,3.7749282e-06
0,1,0.94751304
0,1,0.7549149
0,1,0.82461745
0,1,0.9999974
0,0,0.016869973
0,0,0.0005216425
0,1,0.97683483
0,0,4.646063e-06
0,0,0.0132075185
0,1,0.9997204
0,1,0.99999917
0,1,0.99999785
0,1,0.9998914
0,0,0.014674766
0,1,0.99999726
0,1,0.9997334
0,0,0.00078480545
0,1,0.56359845
0,1,0.7632013
0,0,0.35637286
0,0,3.1402574e-06
0,0,0.30607814
0,0,0.0002655734
0,0,0.010172126
0,1,0.99999857
0,1,0.9406892
0,1,0.86961544
0,1,0.9999981
0,0,0.0009397599
0,1,0.9999989
0,0,0.15686814
0,1,0.9965641
0,0,0.17753051
0,1,0.999998
0,0,0.0005996196
0,1,0.9999994
0,1,0.9999726
0,0,0.408871
0,0,0.36615685
0,1,0.9998104
0,1,0.63872576
0,0,0.0006455
0,1,0.9999994
0,1,0.999997
0,1,0.9026548
0,1,0.9779856
0,0,0.002852134
0,1,0.8579294
0,0,0.0002517608
0,1,0.96296436
0,0,0.0025828737
0,0,0.10832268
0,1,0.99999666
0,0,0.17427488
0,1,0.8718477
0,1,0.9999993
0,1,0.999635
0,1,0.9261171
0,0,0.1830643
0,0,0.00088080554
0,1,0.61527836
0,0,0.33054325
0,0,0.0029630626
0,0,0.005506944
0,1,0.5971734
0,1,0.94792604
0,1,0.9999989
0,1,0.9985637
0,1,0.99999213
0,0,9.486096e-06
0,1,0.8877736
0,1,0.99998987
0,1,0.99999774
0,1,0.9999782
0,1,0.9999901
0,0,0.3639373
0,0,0.13289511
0,1,0.9999424
0,1,0.9925505
0,1,0.9999906
0,1,0.99407923
0,0,0.011316491
0,1,0.6837224
0,1,0.99980384
0,1,0.51117563
0,1,0.9999956
0,0,0.00017863423
0,1,0.85072136
0,1,0.6606309
0,1,0.97731984
0,1,0.9998179
0,1,0.99999774
0,1,0.75470716
0,1,0.9999833
0,0,0.049776517
0,1,0.6101563
0,1,0.99999917
0,0,0.00018866338
0,1,0.9999969
0,1,0.84945977
0,1,0.8451673
0,1,0.9999602
0,1,0.99589443
0,1,0.9999994
0,1,0.99999917
0,0,0.45957354
0,1,0.6939862
0,0,0.013655957
0,1,0.9999994
0,1,0.9999993
0,1,0.9999994
0,0,0.22170238
0,0,0.036987696
0,1,0.8457283
0,0,0.19389342
0,1,0.99955326
0,1,0.9999932
0,0,0.05679313
0,0,0.022779845
0,1,0.9999994
0,1,0.999998
0,1,0.999995
0,0,2.244506e-06
0,1,0.8826376
0,1,0.9945358
0,1,0.58254236
0,1,0.9243418
0,1,0.98619115
0,1,0.9041313
0,1,0.8051348
0,0,0.00197749
0,0,2.6211087e-06
0,0,2.29398e-06
0,1,0.999998
0,0,0.006570882
0,0,0.00015279543
0,1,0.69717515
0,1,0.99722433
0,1,0.9999635
0,0,1.510173e-05
0,1,0.57530767
0,1,0.9746985
0,1,0.99413776
0,1,0.9999956
0,1,0.9999989
0,0,0.0005773823
0,1,0.9999393
0,1,0.9820113
0,0,2.0851921e-06
0,0,0.015327542
0,1,0.9992403
0,0,0.00012910373
0,1,0.5289299
0,0,0.07068367
0,0,0.002478649
0,1,0.99999857
0,1,0.99960154
0,1,0.99999917
0,1,0.9999126
0,0,0.49931833
0,0,1.4882739e-05
0,1,0.9998534
0,1,0.9995376
0,1,0.915143
0,0,0.46614537
0,1,0.9973242
0,1,0.9999989
0,1,0.9994148
0,1,0.8369654
0,1,0.999995
0,1,0.7679745
0,0,0.044792395
0,1,0.99999
0,0,0.001442287
0,1,0.99998796
0,1,0.9964611
0,0,0.24210735
0,0,1.6864761e-06
0,1,0.979364
0,1,0.97722286
0,1,0.93719995
0,0,1.821169e-06
0,1,0.9999994
0,1,0.9999993
0,0,0.49066052
0,1,0.98778117
0,1,0.99997663
0,0,0.00013870091
0,1,0.9999993
0,0,1.8746974e-05
0,1,0.996896
0,1,0.9998728
0,0,0.10525288
0,0,2.2206379e-05
0,1,0.9999927
0,1,0.9998273
0,0,0.15235308
0,1,0.9999801
0,1,0.5680448
0,1,0.999992
0,1,0.9999769
0,1,0.6961958
0,0,4.455653e-05
0,1,0.9993217
0,0,0.00078444876
0,0,3.8562016e-06
0,1,0.99967
0,0,0.00012552684
0,0,0.00943542
0,1,0.99999666
0,0,0.10086889
0,0,0.21355097
0,1,0.9558199
0,0,2.4143267e-06
0,1,0.99999917
0,0,1.8789426e-05
0,1,0.99416625
0,0,0.00090879796
0,1,0.9999887
0,0,2.7055341e-05
0,0,0.12193075
0,0,0.011586216
0,1,0.99998975
0,0,0.008479772
0,1,0.7242783
0,1,0.99996924
0,1,0.9495423
0,1,0.9999671
0,1,0.99998426
0,1,0.99970394
0,1,0.9999993
0,1,0.99999464
0,0,0.04160584
0,0,0.00034303352
0,1,0.7430433
0,1,0.70141923
0,0,5.7498914e-05
0,1,0.9842329
0,1,0.99998486
0,1,0.99839646
0,1,0.93239784
0,0,0.00016171394
0,1,0.99999905
0,0,0.00852274
0,1,0.9998765
0,0,2.3230182e-06
0,0,0.090671815
0,1,0.9999881
0,1,0.9999989
0,1,0.9999993
0,1,0.99934584
0,1,0.9999436
0,1,0.9960542
0,1,0.9997969
0,0,0.0012755019
0,1,0.9999571
0,1,0.976339
0,0,0.32601514
0,1,0.99237835
0,0,4.1116114e-06
0,1,0.99999833
0,1,0.68624043
0,1,0.99034446
0,1,0.99999917
0,0,4.9366363e-06
0,0,0.0016527968
0,0,0.305836
0,1,0.9999882
0,1,0.9991949
0,1,0.9999994
0,1,0.999655
0,0,1.8809631e-05
0,1,0.99999714
0,0,0.2965384
0,0,2.6715166e-05
0,1,0.99994314
0,0,0.0002089554
0,0,0.0010664298
0,0,0.006341382
0,1,0.9974056
0,0,0.064254366
0,0,0.009449252
0,1,0.99995315
0,0,0.3406735
0,0,2.2126098e-06
0,1,0.9997503
0,0,4.324426e-06
0,1,0.99999857
0,0,0.08836261
0,1,0.6867843
0,1,0.98821545
0,1,0.9910353
0,0,0.023116587
0,0,1.0144725e-05
0,1,0.99889946
0,0,0.036231324
0,1,0.9997925
0,1,0.99999845
0,0,0.011184078
0,1,0.9833224
0,0,0.00020895699
0,1,0.8578379
0,0,0.005112473
0,0,4.8085953e-05
0,1,0.99999845
0,0,0.0008460552
0,1,0.9958903
0,1,0.99998987
0,1,0.9999975
0,1,0.9999969
0,1,0.9999888
0,0,0.00011209015
0,0,1.9635163e-06
0,1,0.70822006
0,1,0.9999374
0,1,0.69684494
0,1,0.9999119
0,1,0.9999987
0,0,0.0033840984
0,1,0.9999988
0,0,1.8471865e-06
0,0,5.832157e-05
0,0,0.4111276
0,0,2.2820423e-06
0,1,0.99999595
0,1,0.99999845
0,1,0.9999994
0,1,0.99995697
0,0,0.005183754
0,1,0.98910016
0,1,0.8640429
0,1,0.9968836
0,1,0.87935245
0,1,0.99443
0,1,0.9994287
0,1,0.95375955
0,1,0.99999714
0,0,0.006298722
0,1,0.9996326
0,0,0.040412046
0,1,0.99953854
0,1,0.99473155
0,0,0.00045822837
0,1,0.80034167
0,1,0.77616304
0,1,0.9999279
0,1,0.9998951
0,1,0.9999981
0,1,0.999765
0,1,0.99999905
0,0,7.0237795e-05
0,0,0.024337096
0,1,0.9999994
0,1,0.9999243
0,0,0.00017103594
0,1,0.99657404
0,0,0.0006386121
0,1,0.999995
0,1,0.9881098
0,1,0.99820065
0,0,9.426519e-05
0,1,0.98512983
0,1,0.9952962
0,0,0.00041885875
0,1,0.5750388
0,1,0.9999993
0,0,0.0055303504
0,0,0.3429861
0,1,0.99943787
0,0,0.12724866
0,0,0.1427471
0,1,0.99999905
0,1,0.9999994
0,1,0.99999905
0,0,0.3424635
0,1,0.9848952
0,0,0.0135865975
0,1,0.9999305
0,1,0.99998796
0,1,0.9999994
0,1,0.9999664
0,1,0.9917251
0,0,0.1128137
0,1,0.99964666
0,0,0.0005559977
0,1,0.9970247
0,0,0.00037504223
0,1,0.99634653
0,1,0.9995371
0,1,0.999997
0,0,0.00031987502
0,1,0.9983821
0,0,3.1236657e-05
0,1,0.9392079
0,1,0.9985667
0,0,9.007765e-06
0,0,0.26579374
0,0,3.3355348e-06
0,1,0.9999963
0,0,0.031439357
0,1,0.9999682
0,0,0.00031065018
0,1,0.8703033
0,0,2.2100537e-06
0,1,0.99902177
0,1,0.9992643
0,1,0.99996316
0,0,0.025554217
0,0,0.0020828974
0,0,2.3877856e-05
0,1,0.99992657
0,1,0.9929711
0,1,0.99837154
0,1,0.68339413
0,0,0.0032606733
0,1,0.9991886
0,1,0.99996805
0,1,0.8941873
0,1,0.9964302
0,0,0.008710631
0,0,0.16934642
0,1,0.8519274
0,1,0.9314794
0,0,0.00019657251
0,1,0.99812526
0,1,0.9750181
0,0,4.2354573e-06
0,1,0.9999987
0,1,0.9150245
0,1,0.9087625
0,1,0.7635146
0,1,0.97225136
0,0,0.0046822564
0,1,0.99999356
0,1,0.99979335
0,1,0.99895954
0,1,0.6246787
0,1,0.932014
0,0,0.01853339
0,0,0.05610348
0,0,0.38640088
0,1,0.99356914
0,1,0.97232765
0,1,0.9903385
0,1,0.9997371
0,1,0.99915385
0,1,0.99999833
0,1,0.9999937
0,1,0.630727
0,0,0.12549849
0,1,0.99999785
0,1,0.9999989
0,0,0.32251325
0,1,0.99908197
0,0,2.0178302e-05
0,1,0.90453374
0,1,0.7373033
0,1,0.9829312
0,1,0.7403772
0,0,0.015177805
0,0,0.36698398
0,1,0.9995493
0,0,6.2848535e-06
0,1,0.9999902
0,1,0.84356827
0,0,2.9489781e-06
0,1,0.9995278
0,0,0.041330792
0,0,1.6933158e-06
0,1,0.99724704
0,1,0.9999832
0,1,0.9999994
0,0,0.13984908
0,0,0.09984199
0,0,0.00012773748
0,1,0.9994597
0,1,0.9999949
0,0,0.0008255407
0,0,0.0015882137
0,1,0.99883884
0,0,7.2845323e-06
0,1,0.5054157
0,1,0.9999676
0,0,2.612018e-06
0,0,0.045615494
0,1,0.9956185
0,1,0.9999993
0,1,0.9999993
0,0,0.001780587
0,1,0.99152255
0,1,0.9989858
0,1,0.9990018
0,1,0.525805
0,1,0.9999988
0,0,0.00085085013
0,0,0.0055217897
0,1,0.99999785
0,1,0.9977047
0,1,0.996229
0,0,0.0002277354
0,1,0.99916446
0,1,0.9999831
0,1,0.9992435
0,0,1.1111887e-05
0,0,0.02264653
0,0,0.45502424
0,1,0.99993515
0,1,0.9999993
0,0,0.13579744
0,1,0.9999993
0,1,0.99999833
0,0,0.037484247
0,1,0.99881244
0,1,0.9999982
0,0,0.08494061
0,1,0.9999994
0,0,0.09864069
0,1,0.9916358
0,1,0.96550906
0,0,0.47000787
0,0,0.04383284
0,0,0.0009575676
0,1,0.9999751
0,0,0.0020809756
0,0,1.904387e-06
0,0,0.001586438
0,1,0.9999982
0,1,0.9965293
0,1,0.9999722
0,0,0.05987415
0,1,0.999995
0,1,0.9999957
0,0,0.011393612
0,0,3.0475016e-05
0,0,0.032153405
0,0,1.621327e-06
0,1,0.9999883
0,1,0.5949322
0,0,0.026937388
0,0,0.11774015
0,1,0.9999993
0,1,0.96638286
0,0,2.9609805e-06
0,0,0.2639915
0,1,0.9518318
0,0,0.46090057
0,1,0.99999917
0,1,0.9999964
0,1,0.9999788
0,1,0.9999993
0,0,1.9878057e-06
0,1,0.9999993
0,1,0.99254453
0,0,0.16571347
0,1,0.9999975
0,0,0.00014550945
0,0,0.0027966243
0,1,0.99999845
0,1,0.9255858
0,1,0.9999993
0,0,0.0051915795
0,1,0.9999851
0,0,3.5977712e-06
0,1,0.9017677
0,1,0.9910943
0,1,0.9999299
0,1,0.9997631
0,1,0.99999094
0,1,0.9999683
0,1,0.99432135
0,1,0.6920936
0,1,0.99999726
0,0,2.2696775e-06
0,0,0.26560748
0,1,0.9999994
0,1,0.99998283
0,0,0.0004824336
0,1,0.9996543
0,1,0.99998486
0,0,0.008696667
0,0,0.0034869916
0,0,0.00016237014
0,1,0.99958473
0,1,0.99967587
0,1,0.9999993
0,1,0.99994826
0,1,0.8560213
0,1,0.99999523
0,1,0.99847144
0,1,0.99993896
0,1,0.96634734
0,1,0.84908366
0,0,0.003709804
0,1,0.9757391
0,0,0.42969677
0,1,0.99999905
0,0,3.6541624e-06
0,1,0.99346066
0,1,0.99878865
0,0,0.00019044837
0,1,0.99999905
0,1,0.9999558
0,0,8.691691e-06
0,0,9.10703e-06
0,0,0.06565759
0,0,0.0004069944
0,0,0.0006344969
0,0,0.009248165
0,0,1.6550954e-06
0,0,2.3470209e-06
0,1,0.99999845
0,0,0.014660858
0,1,0.9960121
0,1,0.9965406
0,1,0.97986174
0,1,0.99988484
0,0,0.00021430929
0,0,2.2437065e-05
0,1,0.9999949
0,0,1.9308304e-06
0,0,0.19466273
0,1,0.9999962
0,0,4.062773e-05
0,1,0.9965115
0,1,0.99946517
0,0,0.04977911
0,1,0.9999932
0,0,0.0010089682
0,1,0.9999993
0,1,0.9183385
0,1,0.9989772
0,0,0.1900285
0,1,0.9999993
0,1,0.84089744
0,1,0.99989176
0,1,0.9998274
0,0,0.040106595
0,1,0.9999448
0,0,1.9372694e-06
0,0,0.010450469
0,0,0.10815087
0,0,8.461224e-05
0,0,2.4198546e-06
0,1,0.9999987
0,0,9.363895e-05
0,1,0.9895376
0,1,0.9999845
0,1,0.94211733
0,1,0.9999981
0,0,4.542023e-06
0,1,0.59124947
0,0,0.49236798
0,1,0.99999046
0,1,0.998042
0,0,0.0007685621
0,1,0.9999993
0,0,2.4913765e-05
0,1,0.9994173
0,1,0.9961522
0,1,0.98168576
0,1,0.99999356
0,0,0.43931955
0,1,0.9934163
0,0,0.008746273
0,1,0.9999964
0,0,0.00093688595
0,1,0.9999993
0,0,0.0934183
0,0,0.1187984
0,0,6.196375e-06
0,0,0.057278033
0,1,0.9928068
0,1,0.9999993
0,1,0.99812585
0,0,0.0016168393
0,1,0.89986664
0,0,2.2024583e-06
0,1,0.9999925
0,1,0.9999974
0,1,0.6790701
0,1,0.98153037
0,1,0.9941989
0,1,0.99954563
0,0,0.15722589
0,0,0.3231943
0,1,0.9970611
0,0,1.9041354e-05
0,1,0.994989
0,0,0.22435905
0,0,0.15227796
0,1,0.9442127
0,1,0.9996972
0,1,0.9997043
0,1,0.99539965
0,1,0.9999993
0,0,0.0007328361
0,1,0.99999535
0,1,0.9999993
0,0,0.35254198
0,1,0.999998
0,1,0.9999989
0,1,0.9999993
0,0,3.1679576e-06
0,0,0.00029890248
0,0,0.00019008409
0,1,0.72725606
0,1,0.99970704
0,0,4.946358e-06
0,1,0.98754275
0,1,0.9986003
0,0,0.0042653475
0,1,0.9974421
0,0,3.0493538e-06
0,1,0.9999956
0,0,0.0926707
0,1,0.9999988
0,0,0.0017663714
0,0,1.5427703e-06
0,1,0.9946709
0,0,0.38506743
0,0,2.076128e-06
0,1,0.99999833
0,0,3.2888809e-06
0,1,0.9997464
0,1,0.95158714
0,0,1.9316574e-06
0,0,5.7527865e-05
0,1,0.97838086
0,0,0.21082468
0,1,0.9979698
0,0,0.021362456
0,1,0.99969184
0,0,0.0013199439
0,1,0.99998796
0,1,0.9994993
0,1,0.87766457
0,1,0.99991655
0,1,0.9725594
0,0,0.013396371
0,1,0.9989477
0,1,0.9979214
0,0,0.49464047
0,1,0.7502715
0,1,0.9999988
0,0,5.6054338e-05
0,0,3.3027768e-06
0,1,0.95381564
0,0,4.6667323e-05
0,0,0.00076616503
0,0,0.0026760101
0,0,0.015254624
0,1,0.9999862
0,1,0.99832517
0,1,0.9999994
0,1,0.7652158
0,0,0.0008784345
0,1,0.6506358
0,1,0.9999993
0,1,0.84303254
0,0,0.005994309
0,1,0.98462915
0,1,0.99994123
0,1,0.9994566
0,0,4.4535118e-05
0,1,0.99999917
0,1,0.99810505
0,1,0.9999528
0,1,0.9999585
0,1,0.99999785
0,0,0.032935366
0,1,0.62162673
0,0,5.2935843e-06
0,1,0.999668
0,1,0.82565486
0,0,0.219212
0,0,0.009441631
0,1,0.96194845
0,1,0.9999989
0,0,0.0004606373
0,0,0.00024279079
0,1,0.9999075
0,1,0.99356246
0,1,0.9999268
0,1,0.9999838
0,0,0.45896748
0,1,0.9999857
0,0,0.38166812
0,0,2.2060424e-06
0,1,0.99855
0,0,0.056037758
0,1,0.7088636
0,1,0.99998975
0,0,1.7700751e-06
0,1,0.8215086
0,0,6.909855e-06
0,1,0.90301985
0,1,0.9706654
0,1,0.9999944
0,1,0.7771531
0,1,0.99999857
0,1,0.99999666
0,1,0.9999161
0,1,0.9999207
0,0,5.5450564e-06
0,1,0.99976724
0,0,0.013714243
0,0,0.00026339776
0,1,0.9999988
0,1,0.99947315
0,1,0.9999918
0,0,9.818476e-06
0,0,0.02576421
0,1,0.9999981
0,1,0.9999993
0,1,0.9999993
0,0,0.0033494409
0,0,4.039083e-06
0,1,0.99999595
0,1,0.71201724
0,1,0.9757372
0,0,0.0020194866
0,0,0.0024242408
0,0,0.2041754
0,0,0.0039641294
0,1,0.9970497
0,1,0.9991405
0,1,0.9999964
0,0,1.9618933e-06
0,1,0.5915288
0,1,0.92633694
0,0,0.00028612724
0,0,0.06287263
0,1,0.999141
0,1,0.99999917
0,1,0.99191004
0,1,0.98984236
0,1,0.9999994
0,1,0.9999882
0,0,0.4932961
0,0,0.05220603
0,1,0.99998367
0,1,0.9712135
0,0,2.235973e-06
0,0,0.04247219
0,1,0.99793017
0,0,0.0005795267
0,1,0.9999176
0,1,0.8938539
0,1,0.99999917
0,0,0.011607501
0,1,0.9556254
0,1,0.99330515
0,1,0.99999905
0,1,0.99998677
0,1,0.993208
0,0,0.013211553
0,1,0.9999516
0,1,0.9999989
0,0,0.0027963626
0,0,0.0031291118
0,0,0.003722151
0,1,0.72606486
0,0,0.4073186
0,1,0.99996996
0,1,0.9999924
0,1,0.9875031
0,1,0.9423737
0,1,0.9999815
0,1,0.9999993
0,1,0.99749607
0,1,0.99999285
0,1,0.9985839
0,0,0.026003985
0,1,0.9889102
0,0,0.008563491
0,1,0.9999908
0,0,0.008110886
0,1,0.99967754
0,0,0.048143893
0,0,3.0220335e-05
0,1,0.99999905
0,1,0.9999988
0,1,0.98176044
0,0,0.0001241691
0,0,0.0031437427
0,0,0.46292886
0,1,0.75210166
0,1,0.8410215
0,1,0.99999917
0,0,0.0050907875
0,1,0.9999994
0,1,0.99999666
0,1,0.99999857
0,0,0.03528227
0,0,5.6121e-06
0,0,0.0001834836
0,0,0.0032051892
0,1,0.99999917
0,1,0.99997747
0,0,0.0038961808
0,1,0.9999994
0,1,0.9999994
0,1,0.9999969
0,0,2.4144672e-06
0,1,0.57556576
0,1,0.99956113
0,0,0.001965263
0,0,0.49916112
0,1,0.9999994
0,0,0.0001388392
0,0,0.000107412234
0,0,0.0005759921
0,0,2.6035774e-05
0,1,0.93016714
0,0,0.10958535
0,1,0.9999931
0,0,1.6396442e-06
0,1,0.5621679
0,1,0.9999901
0,0,0.49864018
0,0,1.1835484e-05
0,1,0.90847015
0,0,0.054691475
0,0,0.0001619746
0,1,0.99998975
0,0,6.3438594e-05
0,1,0.9992924
0,1,0.9999993
0,1,0.999705
0,1,0.99999905
0,0,4.0690466e-05
0,0,1.5743693e-06
0,0,3.1877962e-06
0,0,0.00034399715
0,0,1.9745723e-06
0,1,0.9999993
0,1,0.99983704
0,0,0.4993986
0,1,0.999998
0,1,0.9999864
0,0,0.0003052942
0,1,0.6895706
0,1,0.99998915
0,0,2.0176233e-06
0,0,0.4609283
0,0,2.6101256e-06
0,1,0.99996436
0,1,0.98940384
0,1,0.9996911
0,1,0.99999917
0,0,0.28414813
0,1,0.9423706
0,1,0.9998565
0,0,2.027358e-06
0,0,0.09911067
0,0,0.047925044
0,0,0.070328645
0,0,0.00015177448
0,0,0.13987254
0,1,0.99999857
0,1,0.99999917
0,0,6.714332e-05
0,0,2.9702542e-06
0,1,0.9979831
0,1,0.99999547
0,0,0.020734897
0,1,0.99999785
0,0,0.15720102
0,1,0.99997544
0,0,1.063123e-05
0,0,0.174601
0,1,0.9600506
0,1,0.53110075
0,1,0.9999989
0,1,0.8110464
0,1,0.9997011
0,1,0.99996674
0,1,0.9999877
0,0,0.15635194
0,1,0.83789355
0,1,0.71672535
0,1,0.77816594
0,1,0.99953496
0,0,2.8855488e-06
0,0,4.1846124e-06
0,1,0.5810224
0,0,0.14194526
0,0,0.06765258
0,1,0.99892586
0,1,0.51192975
0,0,0.48683208
0,1,0.99894077
0,1,0.99667954
0,1,0.99999917
0,1,0.9999951
0,1,0.7956506
0,1,0.9999993
0,1,0.99541724
0,0,0.00063111243
0,1,0.9902955
0,0,0.0003597152
0,1,0.98851484
0,0,0.00019194289
0,1,0.96282613
0,0,0.0010417064
0,1,0.9973163
0,1,0.99999845
0,0,0.4531193
0,1,0.9997633
0,1,0.9992901
0,0,0.00030857162
0,1,0.99837226
0,0,0.115437776
0,0,2.1820242e-06
0,1,0.9992976
0,1,0.9978453
0,1,0.77154267
0,1,0.99997675
0,0,0.00017065443
0,1,0.75608385
0,0,0.14687897
0,1,0.99409616
0,0,0.002473889
0,1,0.99999785
0,0,0.05546474
0,1,0.9999969
0,1,0.9999993
0,1,0.999711
0,1,0.9965318
0,1,0.99993896
0,0,0.025745902
0,1,0.9914852
0,1,0.70830446
0,1,0.9999993
0,1,0.8608585
0,0,0.35383788
0,0,0.011929279
0,0,0.104469925
0,1,0.999995
0,0,0.021596938
0,0,0.093274474
0,1,0.98921096
0,1,0.99999845
0,0,0.44688353
0,0,0.029293543
0,1,0.99991417
0,0,0.0035023084
0,0,6.0572834e-06
0,0,0.00011361249
0,1,0.9987679
0,0,0.00016113257
0,0,0.07331563
0,1,0.99314815
0,0,0.00018364233
0,1,0.9951291
0,0,0.00023608022
0,0,0.008866619
0,1,0.9999976
0,1,0.9885554
0,1,0.9999993
0,1,0.9994024
0,1,0.99999845
0,0,0.0012445551
0,0,0.32369834
0,1,0.9999993
0,0,0.016033586
0,1,0.8188603
0,1,0.9992925
0,1,0.9970764
0,0,0.016963819
0,0,2.191977e-06
0,1,0.99882466
0,1,0.99999845
0,0,0.034193512
0,1,0.99761
0,0,0.24311535
0,0,1.4172591e-05
0,1,0.9964958
0,0,0.00010199799
0,1,0.9899483
0,1,0.99999845
0,0,0.11896529
0,0,0.0032547414
0,1,0.99516475
0,1,0.9468057
0,1,0.9990615
0,0,0.028714418
0,1,0.9921625
0,1,0.999974
0,0,0.30287048
0,0,0.00720483
0,1,0.9963392
0,1,0.5076873
0,0,0.05500539
0,1,0.9999757
0,0,2.3603025e-06
0,1,0.99989843
0,0,0.28992045
0,0,0.018396582
0,0,0.006287983
0,1,0.93946314
0,0,0.00030117432
0,0,0.45060667
0,0,0.007176556
0,1,0.9999826
0,1,0.89964706
0,1,0.9977672
0,0,4.6965015e-05
0,0,0.009295665
0,0,0.056925002
0,1,0.99999905
0,0,0.18068263
0,0,0.26616862
0,1,0.99994075
0,1,0.9999981
0,1,0.99976736
0,1,0.9999777
0,0,5.7559796e-06
0,1,0.98306286
0,1,0.9652152
0,1,0.99999905
0,1,0.9999778
0,0,2.5488794e-06
0,1,0.9993413
0,1,0.99142635
0,1,0.99999857
0,1,0.9999994
0,0,0.00046786692
0,1,0.9999993
0,1,0.99999833
0,1,0.9999993
0,0,0.00017724198
0,0,0.34578606
0,1,0.99972254
0,1,0.9993026
0,1,0.6195587
0,1,0.82821745
0,1,0.9999993
0,1,0.9998511
0,1,0.86162704
0,1,0.9833189
0,1,0.99996436
0,0,2.1096328e-06
0,1,0.9999993
0,1,0.9999962
0,1,0.99999607
0,1,0.56399715
0,0,0.0016861623
0,1,0.99987864
0,0,0.00040512672
0,0,3.0676325e-05
0,0,0.00022814094
0,1,0.99999845
0,1,0.99970454
0,0,0.09929074
0,1,0.9920665
0,0,2.8636108e-05
0,1,0.9999988
0,1,0.99999225
0,0,1.5218186e-05
0,0,6.745245e-05
0,0,0.00019321243
0,1,0.999987
0,0,0.0047463914
0,0,0.022690587
0,1,0.9997807
0,0,0.0003325526
0,0,0.002158354
0,1,0.99999535
0,0,0.40049517
0,1,0.99989104
0,1,0.9989932
0,1,0.9998481
0,0,5.47425e-06
0,0,0.0047720824
0,0,0.0011614658
0,0,0.0008114081
0,0,0.04173635
0,0,1.4667457e-05
0,1,0.99921775
0,1,0.9999945
0,0,0.1053982
0,0,2.2761021e-06
0,1,0.9999975
0,1,0.94585174
0,0,3.6567492e-06
0,1,0.9999893
0,1,0.9999993
0,1,0.99999905
0,1,0.5039408
0,0,0.26995957
0,0,2.738386e-05
0,0,0.4557268
0,0,0.008020024
0,1,0.9999987
0,1,0.9951746
0,1,0.9998803
0,1,0.9999839
0,0,2.3889131e-06
0,1,0.9999993
0,0,2.8693476e-06
0,1,0.7473287
0,1,0.93885005
0,1,0.9986565
0,0,0.0017145168
0,1,0.9999975
0,1,0.9936103
0,1,0.9999927
0,0,0.0038839527
0,1,0.999931
0,1,0.99970406
0,0,0.42398804
0,0,0.12853865
0,1,0.5956594
0,0,0.00068556255
0,1,0.9999546
0,1,0.9999993
0,1,0.9999987
0,1,0.999997
0,0,0.00024322658
0,1,0.9949445
0,1,0.9999987
0,0,8.268697e-05
0,1,0.999995
0,0,0.009946735
0,1,0.99999857
0,1,0.9999988
0,0,0.0009902649
0,1,0.9741105
0,1,0.99999726
0,1,0.999984
0,0,4.5763018e-06
0,0,3.0046422e-06
0,1,0.5616791
0,0,2.1971696e-06
0,0,0.0001498164
0,1,0.8758046
0,1,0.99987686
0,1,0.5719852
0,1,0.9999994
0,0,0.0024016474
0,1,0.99992096
0,0,0.00036406523
0,0,1.586693e-06
0,1,0.9996989
0,1,0.9979042
0,0,3.6564527e-06
0,1,0.66180986
0,0,0.0058028563
0,0,3.6294136e-06
0,1,0.9999596
0,0,0.1256453
0,1,0.8090532
0,1,0.99216014
0,1,0.99982953
0,0,8.714017e-06
0,1,0.7452187
0,1,0.98847467
0,1,0.99999905
0,1,0.9930067
0,1,0.98836935
0,1,0.99993396
0,1,0.99999833
0,0,0.25311774
0,0,6.366383e-06
0,1,0.99999917
0,0,0.015642254
0,1,0.99999917
0,1,0.99969995
0,0,5.4132393e-06
0,0,0.11641511
0,1,0.9623985
0,0,2.6645093e-05
0,0,0.01544538
0,0,4.5666384e-05
0,1,0.96589416
0,0,1.9756028e-06
0,1,0.99973756
0,0,0.0067850007
0,1,0.99742043
0,1,0.9999988
0,1,0.99925274
0,1,0.9999876
0,1,0.9061977
0,1,0.5425885
0,1,0.99994814
0,1,0.99660575
0,1,0.99996996
0,1,0.96698374
0,1,0.99998987
0,0,1.668966e-06
0,1,0.99966383
0,1,0.99993336
0,0,0.018966952
0,1,0.9999993
0,1,0.9999993
0,0,1.9209144e-06
0,1,0.9999956
0,0,3.248441e-05
0,1,0.8115965
0,0,0.49198684
0,0,0.12471274
0,0,0.024861583
0,1,0.9999074
0,0,6.677476e-05
0,1,0.5468155
0,0,3.1177549e-06
0,1,0.60799366
0,1,0.9998217
0,0,0.087765925
0,1,0.9999993
0,1,0.9999993
0,1,0.78404254
0,1,0.9990181
0,0,0.098856926
0,1,0.973039
0,0,2.8105718e-05
0,1,0.99999833
0,0,0.4019116
0,1,0.9999993
0,1,0.9996958
0,1,0.9644241
0,1,0.99999905
0,1,0.99999917
0,1,0.9999887
0,1,0.99999917
0,1,0.9999939
0,0,0.022960978
0,1,0.9844134
0,0,3.2014757e-06
0,1,0.99996316
0,1,0.99998856
0,1,0.99996567
0,1,0.7347474
0,0,0.0035474913
0,1,0.5308049
0,1,0.99797565
0,0,0.00015682241
0,1,0.93934613
0,1,0.99989474
0,1,0.99999523
0,1,0.9999974
0,0,0.055515677
0,1,0.98342174
0,1,0.999368
0,1,0.9999993
0,0,9.97199e-06
0,0,0.37119797
0,0,0.00026585185
0,1,0.9997849
0,0,0.27391136
0,1,0.9999745
0,1,0.9999989
0,1,0.65491724
0,1,0.9999918
0,0,0.00020326217
0,1,0.99508107
0,1,0.9999932
0,1,0.8710869
0,1,0.8956554
0,0,1.8159582e-05
0,1,0.9371238
0,1,0.9999989
0,1,0.8415117
0,1,0.9999956
0,1,0.7147095
0,1,0.9999639
0,1,0.99999857
0,0,0.02618088
0,1,0.93176615
0,1,0.9983845
0,1,0.9999118
0,1,0.99985075
0,0,0.4815165
0,0,3.329783e-05
0,0,1.9524656e-05
0,0,0.37063688
0,1,0.9666275
0,0,0.18404369
0,1,0.99999714
0,1,0.53583896
0,1,0.9980258
0,1,0.996514
0,0,0.0021907175
0,1,0.9999471
0,0,0.15093073
0,0,4.6357807e-05
0,1,0.9170688
0,0,0.019824801
0,0,0.44780675
0,1,0.8116759
0,0,0.040794548
0,0,5.2376536e-06
0,0,0.17747219
0,1,0.9999958
0,0,0.0067541925
0,1,0.9016148
0,1,0.9999664
0,1,0.9518437
0,0,0.028289322
0,1,0.9999968
0,1,0.9999993
0,1,0.56060016
0,1,0.9340694
0,0,0.008446018
0,0,0.3286845
0,0,0.0005105004
0,1,0.9999988
0,1,0.99417096
0,1,0.9993923
0,1,0.99998295
0,1,0.9958312
0,1,0.9999993
0,0,0.4206198
0,0,0.06368751
0,0,1.8406062e-06
0,0,4.270472e-06
0,1,0.99529123
0,0,0.36366898
0,1,0.99295527
0,1,0.999998
0,1,0.50920594
0,0,0.022296892
0,0,1.707326e-06
0,1,0.9999031
0,1,0.99968433
0,1,0.9999974
0,0,2.054261e-06
0,0,0.0013417886
0,1,0.99999857
0,1,0.9987931
0,1,0.85230166
0,1,0.63749063
0,1,0.9994012
0,0,0.00034803175
0,0,0.0001405289
0,1,0.99998736
0,0,0.0004103706
0,1,0.9997439
0,0,0.23087782
0,1,0.99999917
0,0,0.0046548583
0,1,0.9999827
0,1,0.9999993
0,0,0.13037582
0,1,0.99999166
0,1,0.9999993
0,1,0.9999994
0,0,0.23188244
0,1,0.964095
0,1,0.9999994
0,1,0.99999905
0,0,1.9972633e-06
0,0,9.9525285e-05
0,1,0.97865915
0,1,0.98648703
0,0,0.0047192923
0,1,0.9997609
0,1,0.9999993
0,1,0.99992037
0,1,0.9999938
0,0,0.3915698
0,0,0.12631641
0,0,1.915907e-06
0,1,0.5165487
0,0,8.517998e-06
0,0,0.3411441
0,1,0.96128684
0,1,0.9995968
0,1,0.9999975
0,0,2.0209895e-06
0,1,0.9945956
0,1,0.9999554
0,1,0.6820855
0,1,0.9179919
0,0,0.120215245
0,1,0.99783784
0,1,0.9999987
0,0,4.8181246e-05
0,1,0.9943474
0,1,0.99988234
0,0,0.3751648
0,1,0.99999905
0,0,0.24098293
0,1,0.99999917
0,0,0.4936619
0,0,9.7841934e-05
0,0,1.7037642e-05
0,1,0.99998534
0,1,0.99999774
0,0,5.1585852e-05
0,0,0.0037632147
0,1,0.79882264
0,1,0.99999917
0,1,0.99999785
0,1,0.7032603
0,1,0.999967
0,1,0.8892625
0,1,0.996736
0,0,0.17602032
0,1,0.99107707
0,1,0.9999677
0,0,0.21383306
0,1,0.99995947
0,1,0.99999833
0,1,0.9999987
0,1,0.86409825
0,1,0.9999931
0,1,0.99999917
0,1,0.9999554
0,0,0.00028734625
0,1,0.8021446
0,0,0.0049873223
0,1,0.98973817
0,1,0.9583468
0,1,0.99998844
0,1,0.9985526
0,1,0.9999907
0,1,0.57217854
0,1,0.99999785
0,0,0.0008140109
0,0,0.035835028
0,1,0.99829906
0,0,0.0003292095
0,0,0.00079581985
0,1,0.6096879
0,1,0.9228636
0,0,2.665769e-06
0,1,0.9610972
0,0,0.006448897
0,1,0.99997795
0,1,0.5417806
0,1,0.8694905
0,0,0.029254463
0,1,0.99996674
0,1,0.99999905
0,0,0.13039188
0,1,0.9999975
0,1,0.9999951
0,1,0.9988933
0,1,0.99655044
0,1,0.9999993
0,1,0.9999882
0,1,0.94572073
0,0,1.709431e-06
0,0,0.21738194
0,0,0.14131543
0,0,0.094084166
0,0,0.009937038
0,0,1.8742631e-06
0,0,0.35230714
0,1,0.99907434
0,1,0.99999857
0,1,0.59655005
0,0,2.7629254e-05
0,1,0.8620986
0,1,0.99998724
0,1,0.9948954
0,0,1.2017554e-05
0,1,0.53981185
0,1,0.99999726
0,0,7.221959e-06
0,0,0.0001556344
0,0,0.003887201
0,1,0.9999988
0,1,0.982258
0,0,0.018922321
0,1,0.9339321
0,1,0.9932807
0,1,0.9999993
0,1,0.9999993
0,1,0.89787143
0,1,0.9936101
0,1,0.78549826
0,1,0.9999994
0,1,0.76001436
0,0,0.25988278
0,1,0.9999989
0,1,0.9932829
0,0,5.0182807e-05
0,0,9.08263e-05
0,0,4.992529e-05
0,1,0.9965371
0,0,0.00028722957
0,1,0.99648845
0,1,0.9995555
0,1,0.9556208
0,0,0.013891394
0,1,0.99999857
0,0,4.5664292e-05
0,0,6.463546e-05
0,0,0.3963639
0,1,0.9812447
0,1,0.9916698
0,1,0.99916947
0,1,0.7401809
0,1,0.9988984
0,1,0.9901366
0,0,0.00016719376
0,0,0.07578025
0,1,0.99951494
0,1,0.9945814
0,1,0.9962041
0,1,0.99999905
0,1,0.7332002
0,0,0.018990897
0,0,1.9405109e-06
0,0,0.00097548054
0,0,0.17588481
0,0,1.7834851e-06
0,1,0.97688246
0,1,0.9999871
0,0,0.022726305
0,0,1.9788592e-06
0,1,0.86262536
0,0,0.22936481
0,0,0.00193138
0,1,0.9999049
0,1,0.9969137
0,1,0.9999993
0,1,0.99999857
0,1,0.59633046
0,1,0.99994326
0,1,0.9561985
0,0,6.573266e-06
0,1,0.5207944
0,0,0.018141856
0,0,1.0897029e-05
0,1,0.9997477
0,0,0.016050883
0,0,0.0010686646
0,0,2.3105679e-06
0,1,0.9999981
0,1,0.99997854
0,0,4.711363e-05
0,1,0.999982
0,1,0.9991591
0,1,0.9527347
0,1,0.9999906
0,0,2.5731228e-05
0,1,0.999995
0,1,0.9991849
0,1,0.8091877
0,0,0.012246183
0,0,0.20439859
0,0,4.2555283e-05
0,0,0.00029572388
0,1,0.9999924
0,1,0.9990722
0,0,1.7073781e-06
0,0,0.14865443
0,0,0.01764124
0,0,2.2027061e-06
0,0,0.02616489
0,1,0.6771924
0,1,0.9999993
0,0,0.3790079
0,0,0.035980098
0,1,0.99999905
0,1,0.7867623
0,1,0.9998186
0,1,0.98635083
0,1,0.99999285
0,0,0.009412296
0,1,0.9999988
0,1,0.8453147
0,0,0.019417705
0,1,0.99995816
0,0,4.897859e-06
0,1,0.99937433
0,1,0.8034621
0,1,0.9999994
0,0,0.010933651
0,0,0.005185421
0,1,0.99998164
0,1,0.84390056
0,1,0.998696
0,0,0.00047763207
0,0,0.1285468
0,1,0.99993706
0,0,0.23101377
0,1,0.9999902
0,0,0.26473847
0,0,0.44497812
0,1,0.99914205
0,0,0.00011457971
0,1,0.99995935
0,0,0.0031299
0,1,0.9999994
0,1,0.9999994
0,0,0.00024027721
0,0,0.005555399
0,0,9.557352e-06
0,1,0.9999646
0,1,0.97368515
0,1,0.99861205
0,0,0.06493133
0,0,0.0003738275
0,1,0.9999994
0,1,0.99973804
0,1,0.99997914
0,0,0.0046009556
0,0,0.00010005733
0,0,0.08675114
0,1,0.99984205
0,1,0.91387355
0,1,0.99994576
0,1,0.5016413
0,0,1.9572904e-06
0,0,3.2469022e-06
0,0,1.9821948e-06
0,0,0.12524399
0,1,0.9999976
0,0,0.3371842
0,1,0.9996958
0,1,0.9696618
0,0,0.00011750591
0,1,0.9975025
0,1,0.994165
0,0,0.16842055
0,1,0.9999988
0,0,0.18001935
0,1,0.99758613
0,0,0.15575334
0,0,0.0010922982
0,0,2.2041206e-06
0,0,0.008008618
0,0,0.0030617511
0,0,0.0005790737
0,1,0.9999546
0,0,0.135419
0,1,0.9998049
0,0,0.0021966812
0,1,0.99999726
0,0,0.049692415
0,0,0.0056962385
0,0,0.035029583
0,0,0.000440351
0,1,0.9745712
0,1,0.9999993
0,1,0.8283824
0,1,0.9999553
0,0,0.0023323805
0,1,0.88405156
0,1,0.9999993
0,0,0.01254889
0,1,0.9996698
0,1,0.9998343
0,0,7.351832e-05
0,1,0.9999937
0,1,0.82958233
0,1,0.99993205
0,1,0.9999758
0,0,0.0017437952
0,1,0.999995
0,0,0.03018213
0,1,0.8712609
0,0,0.16864054
0,0,0.42827618
0,1,0.5387042
0,0,0.0026806109
0,1,0.9685416
0,1,0.99882704
0,0,0.011907321
0,1,0.9613223
0,1,0.9996082
0,1,0.9999987
0,1,0.9999945
0,1,0.9931536
0,0,3.6184995e-06
0,1,0.99977344
0,0,0.00033259983
0,1,0.9999993
0,1,0.99277264
0,1,0.99999034
0,0,6.685967e-06
0,1,0.9999217
0,1,0.99230194
0,0,0.02658274
0,1,0.9982716
0,1,0.9999982
0,1,0.9999471
0,1,0.8189369
0,0,0.00038434137
0,1,0.97220224
0,1,0.88337374
0,1,0.9999989
0,1,0.6910618
0,1,0.9998839
0,1,0.99514306
0,1,0.99997413
0,0,0.00014979056
0,1,0.9635815
0,1,0.9768859
0,0,0.26986998
0,0,0.0014802599
0,1,0.9862574
0,0,0.26317656
0,1,0.9753762
0,1,0.9998925
0,0,0.0018807998
0,0,0.00012345506
0,1,0.9999989
0,0,1.980634e-06
0,0,0.0037468658
0,0,0.00019296813
0,1,0.999985
0,1,0.9999994
0,0,0.03146315
0,0,8.39386e-06
0,1,0.99769765
0,0,0.076538764
0,1,0.8348028
0,1,0.99999714
0,1,0.9999993
0,1,0.99763274
0,1,0.9998976
0,1,0.99996006
0,0,0.0005851087
0,1,0.9999988
0,1,0.9999994
0,1,0.8992505
0,0,7.1963022e-06
0,1,0.99998677
0,0,0.007578805
0,1,0.99997735
0,0,0.06556264
0,1,0.88586533
0,1,0.6405115
0,1,0.75424397
0,1,0.9999801
0,1,0.9986987
0,1,0.96142375
0,1,0.99996734
0,1,0.77490145
0,1,0.62916267
0,1,0.9999925
0,1,0.99998355
0,1,0.9037527
0,1,0.97837377
0,1,0.99993014
0,0,0.00013384268
0,1,0.99981207
0,1,0.996005
0,1,0.9999751
0,0,0.17056587
0,1,0.99999595
0,0,0.45080644
0,1,0.9999994
0,1,0.99983263
0,0,0.005612138
0,1,0.9058161
0,1,0.99264705
0,1,0.99999523
0,1,0.99999297
0,0,0.00023610947
0,0,3.77585e-06
0,1,0.9998561
0,1,0.99999905
0,1,0.9999721
0,0,0.015401345
0,0,0.19302836
0,1,0.99637336
0,1,0.60626817
0,1,0.834022
0,1,0.99999547
0,0,0.10352106
0,1,0.99511516
0,1,0.9977908
0,1,0.9990214
0,0,0.40049326
0,1,0.9970144
0,0,0.13489105
0,1,0.60455966
0,0,0.21965265
0,0,0.36430103
0,1,0.99990666
0,0,0.4116478
0,0,0.0063758567
0,0,0.3059462
0,1,0.9289268
0,0,0.013232806
0,0,0.06607844
0,1,0.9989793
0,1,0.5080515
0,1,0.99999917
0,1,0.94083476
0,0,1.9280446e-06
0,0,0.0036080023
0,1,0.99789494
0,1,0.94864565
0,1,0.99999845
0,1,0.99999547
0,1,0.9852636
0,1,0.9998791
0,1,0.9999893
0,1,0.99996996
0,0,1.239768e-05
0,1,0.98502386
0,0,0.1205675
0,0,0.006142967
0,1,0.99702317
0,1,0.9985355
0,0,7.161154e-06
0,1,0.9999993
0,0,2.6060388e-06
0,1,0.9737472
0,0,0.076441035
0,1,0.9731135
0,1,0.9999988
0,1,0.9996338
0,0,0.0031672944
0,0,0.0016903864
0,1,0.7904979
0,1,0.9640006
0,1,0.99999785
0,1,0.95291024
0,1,0.99987614
0,1,0.99999535
0,0,0.006597161
0,1,0.99960536
0,0,0.0027121154
0,1,0.99999917
0,1,0.9999989
0,0,7.0065103e-06
0,0,1.4348761e-05
0,1,0.99999857
0,1,0.99999845
0,1,0.818261
0,1,0.9828545
0,0,4.025416e-06
0,1,0.76709193
0,1,0.9893038
0,1,0.99955386
0,1,0.8686952
0,1,0.9985221
0,1,0.8230666
0,1,0.99973184
0,1,0.99999905
0,1,0.9999993
0,1,0.54796
0,0,0.21038043
0,0,4.396193e-05
0,1,0.9999994
0,1,0.98498327
0,1,0.5801167
0,1,0.99362504
0,1,0.9991616
0,1,0.9999989
0,1,0.9999993
0,1,0.999995
0,1,0.9948716
0,1,0.99998915
0,0,6.3547275e-05
0,1,0.99152946
0,0,0.033580203
0,1,0.9977702
0,0,0.00019159
0,0,2.239003e-06
0,1,0.66129565
0,0,0.2622307
0,1,0.61672
0,0,0.00012815364
0,1,0.9999918
0,1,0.99994755
0,1,0.99967563
0,1,0.99941003
0,1,0.9987295
0,0,1.2759249e-05
0,0,0.065735325
0,1,0.9556286
0,1,0.8447636
0,1,0.9999429
0,0,0.004582591
0,0,1.0327066e-05
0,1,0.9999131
0,1,0.9999993
0,0,0.0014223177
0,1,0.943917
0,1,0.99999917
0,0,0.0004982494
0,0,3.9345496e-06
0,0,6.663203e-05
0,1,0.9981693
0,1,0.99999344
0,1,0.94909936
0,1,0.9998281
0,1,0.9999989
0,1,0.81335956
0,1,0.999995
0,1,0.99751556
0,1,0.79164004
0,1,0.9998679
0,0,0.040065356
0,1,0.9999895
0,1,0.99994767
0,1,0.5150253
0,0,0.19329856
0,1,0.9965119
0,1,0.97057736
0,1,0.9999918
0,1,0.99997807
0,1,0.99999845
0,1,0.9999993
0,1,0.99999905
0,1,0.8572794
0,1,0.9959045
0,1,0.9999974
0,1,0.9992494
0,0,2.881023e-06
0,1,0.99990606
0,0,0.34367555
0,0,6.2362187e-06
0,0,0.0649848
0,0,0.020062657
0,0,0.0006058684
0,1,0.99999857
0,0,0.32755178
0,0,0.15176445
0,0,0.1969809
0,1,0.99999857
0,1,0.79090655
0,0,0.04715199
0,0,0.00013971866
0,0,0.00024670802
0,1,0.9999149
0,0,2.4730045e-06
0,0,0.10721209
0,1,0.9999993
0,0,5.225297e-05
0,1,0.9353736
0,0,0.15203449
0,1,0.89745426
0,0,0.14669935
0,0,0.00021749132
0,0,2.8203697e-06
0,0,0.068604924
0,1,0.87059015
0,0,0.3303768
0,1,0.56407875
0,1,0.99936193
0,0,2.1006306e-06
0,0,0.3542139
0,1,0.9999993
0,1,0.9998976
0,1,0.99298877
0,1,0.99988616
0,0,0.07423845
0,1,0.9999944
0,1,0.999131
0,1,0.99999917
0,1,0.7582657
0,1,0.9999876
0,1,0.9493771
0,1,0.8914179
0,0,0.19369283
0,0,0.00011919986
0,0,0.41230804
0,0,0.0014460896
0,1,0.9586192
0,1,0.98693454
0,1,0.7669875
0,1,0.9999945
0,1,0.9995332
0,1,0.9999893
0,0,9.80881e-06
0,1,0.9999181
0,0,0.00014128763
0,1,0.9999975
0,1,0.9595641
0,0,0.06683608
0,0,0.0013360864
0,1,0.9394229
0,1,0.92928576
0,0,5.9582353e-06
0,1,0.8186619
0,1,0.99888104
0,0,0.17397681
0,1,0.9753234
0,1,0.99184906
0,1,0.6761378
0,0,0.0041385014
0,1,0.9995073
0,1,0.77782005
0,0,0.054991968
0,0,8.1732825e-05
0,0,0.00015524607
0,1,0.7658258
0,0,2.14906e-06
0,1,0.79842365
0,0,0.37205753
0,1,0.99344677
0,1,0.99983895
0,1,0.8892853
0,0,0.00094753917
0,0,3.855106e-05
0,0,0.12940025
0,0,0.05502921
0,0,3.997485e-05
0,1,0.99964166
0,1,0.6940159
0,1,0.9999242
0,1,0.9989279
0,1,0.9999993
0,0,0.30626217
0,1,0.96205103
0,1,0.99973947
0,1,0.9999993
0,1,0.9999993
0,0,7.672543e-06
0,1,0.80857784
0,0,9.198716e-06
0,0,0.18622397
0,1,0.97849214
0,0,0.034068022
0,0,2.8498973e-06
0,1,0.99999917
0,1,0.9824171
0,0,3.5535134e-06
0,0,0.39565518
0,0,0.29376167
0,1,0.9999993
0,0,0.038206328
0,1,0.99982905
0,0,0.00051476894
0,0,0.000265437
0,0,0.0039003287
0,0,0.0013111696
0,0,2.7565962e-05
0,1,0.99998784
0,0,4.02494e-06
0,1,0.9993393
0,1,0.99999917
0,1,0.95601845
0,0,0.014791105
0,0,0.0024935447
0,1,0.9999969
0,1,0.99974686
0,1,0.9719696
0,1,0.9999877
0,0,6.0650577e-06
0,0,4.329806e-05
0,1,0.93094647
0,0,0.0023125096
0,1,0.9999957
0,0,5.765764e-06
0,1,0.99996674
0,1,0.9999672
0,1,0.96736395
0,1,0.9999993
0,1,0.8062776
0,1,0.9999962
0,0,8.3164596e-05
0,1,0.9999989
0,1,0.97084594
0,1,0.99999905
0,1,0.99996424
0,1,0.9999989
0,1,0.57211363
0,1,0.92365706
0,0,0.001742525
0,0,0.18144153
0,1,0.9954711
0,0,4.3968215e-05
0,0,0.019132124
0,1,0.9155494
0,1,0.9966538
0,1,0.93163246
0,1,0.9999981
0,0,1.5530355e-05
0,1,0.9999962
0,0,2.5733673e-06
0,1,0.99354047
0,1,0.96602094
0,0,0.08549962
0,1,0.97672564
0,1,0.62615836
0,1,0.97960126
0,1,0.9999287
0,1,0.9999962
0,0,0.00444785
0,1,0.9986401
0,1,0.7331675
0,1,0.9999492
0,0,0.30245587
0,0,1.8185074e-05
0,1,0.98555213
0,1,0.9999994
0,0,0.022423208
0,1,0.76862955
0,1,0.9986719
0,1,0.9999993
0,1,0.9995401
0,0,3.9618106e-05
0,0,0.0016500424
0,1,0.84108275
0,1,0.9999981
0,0,0.0003915452
0,1,0.9057889
0,0,3.201568e-05
0,1,0.9999573
0,1,0.99896955
0,1,0.9255694
0,1,0.99988735
0,1,0.9859045
0,0,0.037497766
0,0,6.979958e-05
0,1,0.99999666
0,1,0.6107001
0,0,0.1335775
0,0,0.025088111
0,1,0.7736606
0,0,0.02798284
0,0,2.1015464e-06
0,0,2.7752994e-06
0,1,0.99956244
0,0,0.08809703
0,1,0.9995952
0,1,0.99999726
0,1,0.9998467
0,1,0.515566
0,0,3.1273827e-05
0,1,0.9906985
0,1,0.99999917
0,1,0.9072019
0,1,0.99999905
0,0,0.0006997766
0,1,0.99998295
0,1,0.9999893
0,1,0.99234927
0,0,9.51038e-05
0,1,0.9992003
0,1,0.999997
0,0,0.00017334933
0,1,0.9998987
0,1,0.94881004
0,1,0.87795746
0,1,0.9726266
0,1,0.9999703
0,0,0.0013703756
0,1,0.9999988
0,1,0.99999154
0,1,0.9997814
0,0,0.00017378457
0,1,0.9896694
0,0,3.279258e-05
0,1,0.992448
0,0,0.29661068
0,1,0.9999993
0,0,0.010652315
0,1,0.99999857
0,1,0.92246896
0,1,0.97682434
0,0,0.06584261
0,1,0.99999917
0,1,0.99987435
0,1,0.9999994
0,0,0.00034036412
0,1,0.99999595
0,1,0.9347408
0,1,0.91042066
0,1,0.5295454
0,1,0.99999905
0,0,0.35664406
0,0,0.0673563
0,0,0.1012295
0,0,9.069908e-06
0,0,0.00209765
0,0,8.816238e-06
0,1,0.99684936
0,1,0.999746
0,1,0.9999702
0,0,0.30774724
0,1,0.9999988
0,1,0.99090695
0,0,0.0029406277
0,1,0.99999917
0,1,0.99958724
0,1,0.99789256
0,0,2.0631134e-05
0,0,0.18011087
0,0,1.8488251e-06
0,1,0.9999982
0,1,0.9999931
0,1,0.9514836
0,1,0.9999987
0,0,4.757464e-05
0,0,0.044921394
0,0,1.0790358e-05
0,1,0.9999988
0,1,0.62777096
0,0,0.010177138
0,0,0.16698484
0,1,0.9999974
0,1,0.91188234
0,0,7.033625e-05
0,1,0.9982571
0,1,0.9896741
0,0,0.0042422623
0,1,0.99780625
0,0,0.3514437
0,0,0.3377714
0,0,0.07611377
0,1,0.9999993
0,1,0.9999236
0,0,0.0012691256
0,0,0.4006133
0,0,0.23229446
0,1,0.9481681
0,0,2.0429295e-06
0,1,0.9725664
0,1,0.99790895
0,1,0.9997459
0,0,0.09848674
0,1,0.99999726
0,0,0.15669177
0,0,0.05028072
0,1,0.9921976
0,1,0.998978
0,0,0.0010971006
0,0,1.9324332e-06
0,1,0.9977391
0,1,0.99925345
0,0,0.033674877
0,1,0.9999994
0,0,0.0005175457
0,0,0.35342008
0,1,0.9999993
0,0,2.490956e-06
0,1,0.94975936
0,1,0.981254
0,1,0.8341254
0,1,0.9999901
0,0,4.626591e-06
0,0,0.45357287
0,1,0.99996364
0,1,0.9421554
0,1,0.9964413
0,1,0.99999905
0,0,2.6974749e-06
0,1,0.90545833
0,1,0.9997266
0,0,0.37357298
0,0,0.0033855734
0,1,0.77026534
0,0,0.07151183
0,1,0.9999987
0,1,0.99998975
0,1,0.99996793
0,0,2.945611e-06
0,1,0.99778146
0,1,0.99999917
0,0,0.49867645
0,0,0.00053719105
0,1,0.99991083
0,1,0.5520176
0,1,0.9977308
0,1,0.99999905
0,1,0.999948
0,1,0.9221535
0,1,0.9999993
0,1,0.80259323
0,0,0.0028102868
0,1,0.81443846
0,1,0.9757603
0,0,0.027590808
0,0,0.48035944
0,0,1.7841026e-06
0,1,0.9916751
0,0,0.40732482
0,1,0.9999944
0,1,0.95042944
0,0,0.004750202
0,1,0.999998
0,0,0.02577253
0,1,0.9999716
0,0,2.0220189e-06
0,1,0.99881434
0,1,0.9777313
0,1,0.99657506
0,0,4.8076185e-05
0,0,0.07719801
0,1,0.99998796
0,0,3.925714e-05
0,1,0.9846832
0,1,0.6829851
0,0,0.44103414
0,1,0.9999976
0,1,0.9895173
0,1,0.8855714
0,0,0.24598946
0,1,0.99474984
0,1,0.8903453
0,1,0.69068116
0,1,0.90021497
0,1,0.9999949
0,1,0.9409309
0,1,0.99846315
0,0,4.5721226e-06
0,1,0.68332684
0,0,2.067764e-06
0,0,0.038838286
0,1,0.99998367
0,1,0.9999994
0,1,0.99999726
0,1,0.99999917
0,0,1.5834241e-05
0,0,7.624522e-05
0,0,0.001721036
0,0,0.22706404
0,1,0.9958846
0,0,0.4524329
0,1,0.9998672
0,0,0.1806874
0,1,0.9922903
0,1,0.9999987
0,1,0.99996245
0,1,0.999984
0,1,0.999954
0,1,0.99996173
0,1,0.97061497
0,0,0.029142398
0,1,0.93359774
0,0,2.1239537e-06
0,1,0.9999218
0,1,0.99999046
0,1,0.9854798
0,0,0.17119524
0,0,0.10410799
0,0,6.953504e-05
0,1,0.78806794
0,0,0.010182242
0,1,0.998657
0,0,0.06484418
0,1,0.9999541
0,0,0.021386694
0,1,0.6478203
0,0,0.010836078
0,0,2.403946e-05
0,0,3.2268745e-05
0,1,0.999997
0,0,2.2543854e-05
0,0,3.9158513e-06
0,0,0.27322534
0,0,0.003087692
0,0,2.4555995e-06
0,1,0.99898213
0,1,0.5641219
0,1,0.52527666
0,1,0.65983593
0,1,0.99995196
0,1,0.9992791
0,0,0.13793808
0,0,1.8628389e-06
0,0,7.051254e-06
0,1,0.9999958
0,1,0.99809664
0,0,0.00013457969
0,1,0.99999917
0,1,0.99999917
0,0,5.3935273e-05
0,1,0.664621
0,0,0.0050681597
0,1,0.9999993
0,1,0.99999714
0,1,0.9970272
0,1,0.9994955
0,0,1.3594697e-05
0,1,0.9999988
0,1,0.98526716
0,0,1.8421727e-06
0,1,0.9980362
0,1,0.8962721
0,1,0.99998355
0,0,0.014441798
0,1,0.80143046
0,1,0.8370195
0,0,0.26316807
0,1,0.9999933
0,0,2.9317637e-06
0,1,0.99997663
0,1,0.99997866
0,0,0.0011753152
0,0,0.034697995
0,1,0.98412275
0,1,0.99998236
0,1,0.9997708
0,1,0.9975197
0,0,0.4803766
0,0,0.00045248604
0,0,0.24138543
0,1,0.9985769
0,1,0.99997807
0,1,0.99999905
0,1,0.97938424
0,1,0.88267064
0,0,0.01193101
0,1,0.93849796
0,1,0.8962296
0,1,0.70832187
0,0,0.30797875
0,1,0.99961734
0,1,0.9999845
0,1,0.99999917
0,1,0.99770015
0,1,0.9999809
0,1,0.9998908
0,0,0.009184055
0,1,0.9273343
0,0,0.24575989
0,1,0.999806
0,1,0.9999993
0,0,0.00364241
0,1,0.99983644
0,0,0.0038065694
0,1,0.9999994
0,1,0.9999716
0,1,0.97490656
0,0,3.1452958e-06
0,1,0.97828513
0,0,0.0018710678
0,1,0.99915767
0,1,0.99999857
0,0,0.016880803
0,0,0.44820648
0,0,1.2321924e-05
0,1,0.9994209
0,1,0.750805
0,1,0.9999685
0,1,0.99999785
0,0,0.047433823
0,1,0.960603
0,1,0.9999994
0,1,0.9959294
0,1,0.993415
0,1,0.99999404
0,0,0.0006639283
0,1,0.99999774
0,1,0.9999993
0,1,0.9988483
0,1,0.9973157
0,1,0.69450116
0,1,0.99973017
0,1,0.98692423
0,0,0.067675136
0,0,0.029568313
0,1,0.9999994
0,1,0.99104345
0,0,0.1282724
0,1,0.99998283
0,1,0.9999105
0,1,0.9999982
0,1,0.9705484
0,1,0.9999951
0,1,0.99722505
0,1,0.87330526
0,0,0.036924023
0,0,0.19329773
0,1,0.99967384
0,1,0.9999536
0,0,2.9429262e-05
0,0,0.21005772
0,0,0.031539325
0,0,8.170459e-06
0,1,0.99507976
0,0,0.011447856
0,0,7.745981e-06
0,0,0.000113436574
0,0,0.051005706
0,1,0.98220533
0,0,0.0062462008
0,1,0.66867715
0,1,0.9947765
0,1,0.9998776
0,1,0.95791554
0,1,0.94513124
0,1,0.99968207
0,1,0.99656653
0,1,0.99984884
0,1,0.99995315
0,1,0.9999989
0,0,0.102518804
0,1,0.9996834
0,1,0.89776725
0,0,8.450727e-06
0,1,0.9999989
0,1,0.9999989
0,1,0.9714875
0,1,0.9996086
0,1,0.99976486
0,1,0.9991109
0,1,0.9998721
0,1,0.999998
0,1,0.97490394
0,0,0.027942752
0,0,0.070127465
0,1,0.9999894
0,0,1.7404886e-05
0,0,0.0008191547
0,1,0.99944717
0,1,0.9998913
0,1,0.9999993
0,1,0.9997644
0,1,0.9999496
0,1,0.9999989
0,1,0.9947148
0,1,0.9980566
0,0,1.194313e-05
0,0,0.13379088
0,1,0.9905972
0,1,0.9999391
0,1,0.98995167
0,1,0.9999424
0,1,0.9983323
0,1,0.99999785
0,0,0.0035646392
0,1,0.99999785
0,1,0.9999994
0,1,0.9327968
0,1,0.9996569
0,1,0.89453536
0,1,0.9999975
0,0,2.118314e-06
0,1,0.9999949
0,1,0.73686534
0,1,0.9970727
0,1,0.9996785
0,0,0.008961852
0,0,0.0028005757
0,1,0.99894863
0,1,0.99999917
0,1,0.999998
0,1,0.99988973
0,0,3.3388067e-06
0,1,0.9999982
0,1,0.6883482
0,1,0.99767596
0,0,0.19963735
0,1,0.98229903
0,1,0.99998844
0,1,0.99951804
0,1,0.8104523
0,1,0.99999344
0,1,0.9999988
0,1,0.95723933
0,1,0.998524
0,1,0.6766243
0,0,0.0039739455
0,1,0.9989095
0,0,2.8482229e-05
0,1,0.99999905
0,1,0.9999845
0,0,0.10854068
0,1,0.9991074
0,1,0.99999154
0,1,0.9500007
0,1,0.99831307
0,0,8.838001e-05
0,1,0.99953866
0,1,0.9698364
0,0,4.6678088e-05
0,1,0.99998057
0,0,0.101094775
0,1,0.5842754
0,0,0.13822952
0,1,0.9994735
0,1,0.9999989
0,1,0.9999987
0,0,0.47042367
0,1,0.99999905
0,1,0.92310005
0,0,0.00039929416
0,1,0.98916304
0,1,0.9999994
0,1,0.9419578
0,1,0.9999993
0,1,0.9999839
0,1,0.9704863
0,0,0.00066654856
0,1,0.9999883
0,1,0.9999993
0,0,0.0002525527
0,0,0.097572446
0,1,0.9999994
0,0,0.37315476
0,1,0.9998474
0,0,0.00533778
0,1,0.99999857
0,0,0.0059248256
0,1,0.9999697
0,1,0.97895664
0,1,0.9999155
0,1,0.9996171
0,0,0.1602338
0,1,0.9037358
0,0,0.06215029
0,0,2.336546e-05
0,1,0.9990711
0,1,0.99999905
0,1,0.50517005
0,1,0.79399514
0,1,0.9481147
0,0,0.00021928038
0,0,0.00023421689
0,1,0.99998784
0,1,0.9999964
0,1,0.9999894
0,0,3.6161605e-06
0,1,0.87151825
0,1,0.95758384
0,1,0.99992955
0,1,0.99998975
0,1,0.99998844
0,1,0.9994692
0,1,0.68355197
0,1,0.5368713
0,0,1.9507272e-06
0,1,0.96137345
0,0,0.018764937
0,0,2.3712497e-05
0,0,1.0167108e-05
0,1,0.99999857
0,1,0.98249626
0,1,0.99999917
0,1,0.99996114
0,1,0.9999993
0,1,0.999485
0,1,0.9999993
0,1,0.99999213
0,0,5.2486543e-05
0,0,0.21485297
0,1,0.9657719
0,1,0.9998368
0,1,0.9989059
0,1,0.99989605
0,1,0.99999785
0,1,0.9127484
0,1,0.967855
0,0,0.2482375
0,1,0.9995766
0,0,0.00940977
0,0,8.520801e-05
0,1,0.9999981
0,1,0.9999857
0,1,0.99999857
0,0,0.0037783668
0,1,0.9999989
0,0,4.131256e-06
0,1,0.828544
0,0,0.028002726
0,1,0.999798
0,1,0.997761
0,0,0.48603702
0,1,0.99983966
0,1,0.9303651
0,1,0.99984443
0,1,0.99998224
0,0,0.001675077
0,1,0.67662096
0,0,4.9907245e-05
0,1,0.99904615
0,0,0.00030506987
0,1,0.99999523
0,0,0.34662732
0,1,0.9999956
0,0,0.0020763227
0,0,0.0002471916
0,0,0.043644305
0,1,0.9525445
0,1,0.99962735
0,0,0.21321078
0,0,0.2904858
0,1,0.9999949
0,1,0.96491474
0,0,0.0026198868
0,0,1.934215e-05
0,1,0.9999987
0,0,0.108347386
0,1,0.9999232
0,0,1.3313764e-05
0,1,0.9124092
0,1,0.99999845
0,1,0.9999807
0,0,6.3983316e-05
0,1,0.99470395
0,1,0.99999785
0,1,0.997045
0,0,0.0015974233
0,1,0.99999714
0,1,0.9515077
0,0,1.8898335e-06
0,1,0.944013
0,1,0.99996734
0,0,4.316906e-06
0,1,0.70252794
0,0,0.00014747593
0,0,0.05846999
0,1,0.71069413
0,1,0.9888821
0,0,2.6089632e-05
0,0,0.020563101
0,0,0.00023157556
0,1,0.99939835
0,0,9.60425e-06
0,1,0.9667165
0,0,0.00028470787
0,0,0.25614876
0,1,0.67372817
0,0,0.27267283
0,0,2.1633386e-06
0,1,0.9999963
0,1,0.99998796
0,1,0.9711222
0,1,0.99552923
0,0,0.00032160024
0,0,0.004771505
0,1,0.9910184
0,0,4.2205855e-05
0,1,0.9999993
0,1,0.6845835
0,1,0.9999906
0,1,0.9997193
0,1,0.9999925
0,1,0.9999982
0,1,0.99999917
0,1,0.9883747
0,0,0.07742028
0,1,0.99999833
0,1,0.9373398
0,0,0.0005084
0,0,0.0016031394
0,1,0.84052587
0,0,0.26076832
0,1,0.9995172
0,1,0.9999368
0,0,3.040619e-06
0,0,0.000102188904
0,1,0.9999994
0,0,0.059337106
0,0,0.0046461686
0,0,0.36533684
0,1,0.9999764
0,0,9.863792e-05
0,1,0.9968093
0,0,0.015955048
0,1,0.9999895
0,1,0.9999993
0,0,4.6566824e-06
0,1,0.8015941
0,1,0.99998045
0,1,0.78705114
0,1,0.9852046
0,0,0.00019088724
0,1,0.97766954
0,1,0.74343866
0,1,0.7673368
0,1,0.99999774
0,0,0.0003443735
0,0,2.4405703e-05
0,1,0.9999988
0,0,0.17053984
0,1,0.9994992
0,1,0.7198617
0,0,0.00022820447
0,1,0.7307171
0,0,0.021573741
0,0,0.24960501
0,0,4.0682467e-06
0,0,7.754424e-05
0,0,0.087428726
0,1,0.997632
0,0,0.0035917044
0,1,0.99999833
0,0,0.10067661
0,0,0.00029781563
0,1,0.99986637
0,0,0.2632338
0,1,0.944835
0,0,0.0019216998
0,0,0.0028256234
0,0,0.480111
0,1,0.99998784
0,0,4.308121e-05
0,1,0.8611564
0,1,0.9993994
0,0,5.856656e-06
0,1,0.9999782
0,1,0.99999833
0,1,0.9997856
0,0,1.9020382e-06
0,0,0.3801491
0,1,0.9999639
0,1,0.9974419
0,1,0.98360413
0,0,1.4889965e-05
0,0,1.8240405e-06
0,1,0.9999988
0,0,0.10093015
0,1,0.9840031
0,1,0.9999937
0,1,0.9999981
0,1,0.9996722
0,1,0.99999344
0,1,0.99961925
0,0,6.0563092e-05
0,0,1.7872155e-06
0,0,1.2201925e-05
0,1,0.9457587
0,1,0.999995
0,0,4.3144235e-05
0,1,0.9999944
0,0,2.9124658e-06
0,1,0.73391837
0,0,0.0020413909
0,0,0.0010367458
0,1,0.9999994
0,0,0.0021478413
0,0,0.029321423
0,0,0.040497713
0,1,0.96959686
0,1,0.52315867
0,1,0.9999989
0,0,0.00019261721
0,1,0.55513585
0,1,0.66344666
0,0,0.01544986
0,1,0.9999938
0,1,0.9898974
0,1,0.9971419
0,0,1.4192907e-05
0,1,0.99998295
0,1,0.99987173
0,0,2.365084e-06
0,1,0.9929691
0,1,0.5977255
0,0,0.47359535
0,1,0.99999404
0,0,1.6572577e-06
0,0,0.04313522
0,1,0.9999361
0,1,0.9916061
0,0,0.04177472
0,0,0.3924803
0,0,0.018411597
0,1,0.9973144
0,0,1.7430035e-05
0,0,2.7166567e-05
0,1,0.9999994
0,0,3.263155e-05
0,1,0.9999366
0,1,0.9924425
0,0,0.034435168
0,1,0.9999927
0,0,0.0011089498
0,0,0.00056009495
0,0,0.0057233884
0,1,0.99998736
0,1,0.9999993
0,0,0.0019942855
0,1,0.99999154
0,0,0.0037969474
0,1,0.9999684
0,1,0.9739441
0,0,0.19276191
0,1,0.99934965
0,0,0.26744968
0,1,0.9999976
0,1,0.67118496
0,1,0.69905293
0,1,0.9999926
0,0,9.556614e-06
0,1,0.99949586
0,1,0.99778336
0,0,3.2797348e-06
0,1,0.99999774
0,1,0.9999993
0,1,0.9996667
0,0,0.09087966
0,0,0.2218328
0,1,0.9633095
0,1,0.9999882
0,1,0.99988985
0,0,0.00020112647
0,0,0.046463795
0,1,0.9996238
0,1,0.71029943
0,0,0.00014881011
0,1,0.9971886
0,0,0.012254856
0,0,0.0008128693
0,1,0.9999895
0,0,3.0596834e-06
0,0,7.315543e-05
0,0,0.3557638
0,1,0.99998796
0,1,0.9969964
0,0,1.9623144e-06
0,1,0.98851645
0,1,0.9999875
0,1,0.9984565
0,1,0.9999969
0,0,3.8821854e-06
0,1,0.9999976
0,1,0.9999994
0,0,1.5066072e-05
0,1,0.981206
0,1,0.99998283
0,0,3.2048542e-06
0,1,0.9167858
0,1,0.9999988
0,0,0.0025988335
0,0,0.081655025
0,1,0.9992716
0,1,0.9764189
0,1,0.9999993
0,1,0.8651682
0,0,0.0063989256
0,1,0.99997663
0,0,0.15155962
0,1,0.9999993
0,1,0.861659
0,0,4.454606e-06
0,0,2.786518e-05
0,0,7.168403e-05
0,0,0.018856466
0,0,0.0005180719
0,1,0.9999937
0,1,0.9861477
0,0,0.02869703
0,1,0.9999945
0,0,0.0036996135
0,0,0.29490092
0,0,0.00077593874
0,1,0.9999678
0,0,3.7090354e-06
0,1,0.9999571
0,1,0.9999994
0,1,0.9999918
0,0,0.0004097233
0,1,0.9999976
0,1,0.9999976
0,0,0.0059485002
0,1,0.7140671
0,1,0.99999857
0,1,0.9873032
0,0,1.3449508e-05
0,0,0.0034685784
0,0,0.007561723
0,0,0.15993226
0,1,0.99517775
0,1,0.99951136
0,0,0.006467591
0,0,0.27740237
0,1,0.99996805
0,1,0.99995697
0,1,0.9997814
0,1,0.975173
0,1,0.8092045
0,1,0.9998294
0,1,0.9868461
0,1,0.96655154
0,0,0.00020644708
0,0,0.00045412846
0,0,2.5917257e-06
0,1,0.9999988
0,1,0.990999
0,0,1.602403e-06
0,1,0.9999993
0,0,0.0013925491
0,0,2.0615853e-06
0,1,0.9960097
0,1,0.54595745
0,0,0.17024289
0,1,0.9999938
0,1,0.9998926
0,1,0.9892033
0,0,0.019610465
0,1,0.99999785
0,1,0.9309431
0,1,0.99008006
0,1,0.99999535
0,0,9.930197e-06
0,0,0.004410991
0,0,1.3396e-05
0,0,4.6245705e-06
0,0,0.007934521
0,1,0.97349846
0,0,0.13195862
0,0,2.8238385e-06
0,1,0.87451714
0,1,0.7864476
0,0,0.011020959
0,0,0.26211873
0,1,0.86032486
0,0,0.0014938954
0,1,0.99999905
0,1,0.9995789
0,1,0.99998903
0,1,0.99999917
0,1,0.99960655
0,1,0.73927253
0,1,0.9944384
0,1,0.852854
0,1,0.9975835
0,0,0.015054603
0,1,0.69280595
0,1,0.668383
0,1,0.9999708
0,1,0.9999988
0,1,0.9999993
0,0,1.966102e-06
0,1,0.99930215
0,1,0.72956187
0,1,0.99998987
0,1,0.9819933
0,0,0.00032618412
0,1,0.6004559
0,1,0.99979764
0,0,3.670025e-06
0,1,0.9999994
0,0,0.029952273
0,0,0.0067840624
0,1,0.9999186
0,1,0.9999739
0,0,0.3665718
0,1,0.99999774
0,0,1.4788627e-05
0,1,0.6933829
0,1,0.7432513
0,1,0.9944395
0,1,0.9398885
0,0,0.44070044
0,1,0.99999917
0,1,0.8991624
0,1,0.9999974
0,1,0.9999994
0,1,0.9999993
0,0,0.34768352
0,1,0.7659242
0,1,0.99992144
0,0,0.19714648
0,1,0.9999987
0,1,0.6601877
0,0,0.009356778
0,1,0.99999833
0,1,0.9999993
0,1,0.9954725
0,0,0.12429965
0,1,0.9999956
0,1,0.93416923
0,1,0.9999945
0,1,0.9948704
0,1,0.99928516
0,0,0.051987577
0,1,0.9999993
0,1,0.99828774
0,1,0.99527633
0,0,0.0007915188
0,1,0.99999845
0,1,0.9995141
0,0,0.36614904
0,1,0.93705046
0,1,0.9999989
0,1,0.9999994
0,0,6.381853e-06
0,1,0.9999989
0,0,0.00055210514
0,0,0.0060234335
0,0,0.41884995
0,0,0.001561695
0,1,0.9999869
0,0,0.04844109
0,0,2.1779824e-06
0,1,0.75980467
0,1,0.9925701
0,0,0.2513597
0,1,0.99960655
0,0,3.2863958e-05
0,1,0.99999654
0,1,0.99999917
0,0,0.19390547
0,1,0.99841845
0,1,0.6781186
0,1,0.9998872
0,0,0.02076478
0,0,6.4862975e-06
0,0,0.37871435
0,0,1.2947229e-05
0,1,0.5005171
0,1,0.99490994
0,0,0.00026191148
0,1,0.82487535
0,1,0.9399942
0,1,0.9882111
0,1,0.994703
0,1,0.9097154
0,0,2.3009125e-06
0,1,0.9999989
0,1,0.99981016
0,1,0.99999917
0,0,0.13570483
0,1,0.8175113
0,1,0.99999607
0,1,0.8162181
0,0,0.0020727098
0,0,7.96372e-06
0,0,0.0014921437
0,1,0.9999771
0,1,0.94677347
0,1,0.99958354
0,1,0.9999945
0,1,0.9996414
0,1,0.99999833
0,0,0.02982304
0,1,0.6907154
0,1,0.9968413
0,0,0.025940327
0,1,0.998909
0,0,2.3954537e-06
0,0,0.073898025
0,1,0.99999404
0,0,0.0005093973
0,1,0.9999993
0,0,0.3296781
0,1,0.99999905
0,0,3.1126576e-05
0,1,0.91717076
0,1,0.9999949
0,1,0.9988476
0,0,5.596408e-06
0,0,0.0059437957
0,1,0.96110356
0,0,0.0001768677
0,0,0.004828892
0,0,0.16756423
0,1,0.9999989
0,1,0.99994516
0,1,0.9999962
0,0,4.4373523e-05
0,1,0.9999826
0,1,0.99985933
0,0,0.0060568214
0,1,0.9999974
0,0,0.0014716758
0,1,0.9999633
0,1,0.98660594
0,0,0.013191813
0,0,1.4273778e-05
0,1,0.999772
0,0,0.018082881
0,1,0.97250384
0,1,0.99924916
0,1,0.898677
0,0,0.20906045
0,0,0.084771655
0,0,0.0094590485
0,0,6.919139e-06
0,1,0.99999726
0,0,0.10332805
0,0,5.613982e-05
0,1,0.9305867
0,0,0.0018636839
0,1,0.99823195
0,0,0.22295462
0,1,0.6549297
0,1,0.99999857
0,1,0.9011503
0,0,0.00030412868
0,0,0.11362753
0,1,0.62530994
0,0,1.0844219e-05
0,0,0.018281333
0,1,0.9723607
0,1,0.9999981
0,1,0.8907617
0,0,0.023640532
0,1,0.9999988
0,1,0.9999989
0,1,0.99999857
0,1,0.9999993
0,1,0.9978313
0,1,0.91179246
0,0,0.01726062
0,1,0.999426
0,1,0.9998758
0,1,0.96195894
0,0,0.43344253
0,0,0.0019624974
0,0,2.336197e-06
0,1,0.6222483
0,1,0.99999917
0,0,0.024300812
0,1,0.99493486
0,0,0.005690459
0,1,0.9999988
0,0,0.37855032
0,1,0.99999917
0,1,0.9999964
0,0,0.0050180205
0,0,0.00012145928
0,1,0.81174815
0,1,0.9999958
0,1,0.99999917
0,0,1.1122849e-05
0,1,0.98605794
0,0,1.188099e-05
0,0,0.14026749
0,1,0.9999982
0,0,0.17553516
0,1,0.9996458
0,0,0.058052618
0,1,0.9997632
0,1,0.9458683
0,0,0.23284996
0,1,0.5924425
0,0,0.08739035
0,1,0.99967194
0,1,0.772154
0,1,0.99991155
0,0,0.08241622
0,1,0.96231914
0,1,0.9998373
0,1,0.98894274
0,0,0.013861445
0,1,0.99804914
0,0,0.009336468
0,0,0.0017609951
0,1,0.99999857
0,1,0.9998927
0,1,0.99999905
0,1,0.9999993
0,1,0.9999974
0,1,0.98572665
0,1,0.9999219
0,0,2.7190958e-06
0,0,0.0014046123
0,1,0.99980193
0,0,8.3759594e-05
0,1,0.9931573
0,0,0.008231652
0,0,0.20984358
0,1,0.8633889
0,1,0.9999933
0,0,3.7779969e-06
0,0,0.05936972
0,0,0.01262114
0,1,0.97030985
0,1,0.9982704
0,0,3.4842774e-06
0,1,0.999984
0,1,0.99872845
0,1,0.9999982
0,1,0.899192
0,1,0.99999666
0,0,0.15167612
0,1,0.99983966
0,1,0.9989219
0,1,0.92200905
0,0,0.00038567808
0,1,0.9999989
0,1,0.9999993
0,0,0.0008141568
0,1,0.6921544
0,1,0.99606663
0,1,0.9997478
0,0,0.00016559576
0,1,0.9914274
0,1,0.98375213
0,0,1.0937862e-05
0,0,2.0097266e-06
0,1,0.8760351
0,0,0.14879273
0,1,0.99999905
0,1,0.79286355
0,0,0.17992778
0,1,0.9997435
0,0,4.3510732e-05
0,1,0.9999993
0,1,0.88598335
0,1,0.9886545
0,1,0.9999887
0,1,0.99994636
0,0,0.12592585
0,1,0.85877407
0,1,0.9998141
0,1,0.99613404
0,0,0.078373484
0,1,0.9999993
0,1,0.9998087
0,1,0.99996793
0,1,0.998965
0,1,0.9451582
0,0,3.749244e-05
0,1,0.85127306
0,0,0.24434611
0,0,0.45910415
0,0,0.002113639
0,0,2.0497873e-06
0,0,0.026361255
0,0,0.019134225
0,0,0.00051437283
0,1,0.85227555
0,1,0.6661108
0,0,0.010377985
0,1,0.99999845
0,0,0.0005086183
0,0,1.3519851e-05
0,1,0.9999989
0,1,0.9999993
0,0,0.0019843916
0,1,0.9795546
0,1,0.9999987
0,1,0.9999074
0,1,0.9998833
0,0,0.079526685
0,1,0.9997427
0,1,0.9961421
0,1,0.9915991
0,0,0.4723433
0,0,1.3421036e-05
0,0,0.058256764
0,0,8.158282e-06
0,1,0.99998426
0,0,0.012230839
0,1,0.9984957
0,1,0.51497555
0,1,0.9670816
0,0,0.00014468485
0,0,0.019965604
0,0,0.0013755917
0,1,0.9999993
0,1,0.99998236
0,1,0.87879664
0,0,6.0966745e-06
0,1,0.99991643
0,0,0.38418454
0,1,0.9998572
0,0,1.5575028e-05
0,0,0.013343631
0,0,0.3099739
0,0,0.10314035
0,0,0.0557603
0,1,0.9456633
0,0,1.9368377e-05
0,1,0.99999905
0,0,0.05186453
0,1,0.99130225
0,0,0.22543864
0,1,0.9847777
0,1,0.9104175
0,1,0.9908279
0,0,0.09764937
0,1,0.99999905
0,1,0.9649724
0,1,0.9999987
0,1,0.9999987
0,0,0.18789329
0,1,0.9999993
0,1,0.99893457
0,0,0.45477015
0,0,0.1531545
0,0,0.00027464548
0,0,0.21997786
0,1,0.999998
0,1,0.99997973
0,0,1.1106484e-05
0,1,0.99999917
0,1,0.9729462
0,1,0.9999994
0,1,0.9999876
0,0,0.0019804677
0,1,0.9951261
0,0,0.0072234124
0,0,0.2879314
0,1,0.999511
0,1,0.99994385
0,1,0.99991214
0,0,9.7844924e-05
0,1,0.9603846
0,1,0.8761898
0,1,0.9999403
0,1,0.9999969
0,1,0.94019246
0,1,0.99968386
0,0,0.04681116
0,1,0.9121016
0,1,0.9999987
0,1,0.9915353
0,0,0.011801726
0,0,0.06379807
0,1,0.7804373
0,1,0.9876137
0,1,0.9999931
0,1,0.99461776
0,1,0.99989164
0,0,0.05750809
0,0,1.8133e-05
0,1,0.9422198
0,1,0.9944056
0,1,0.8082749
0,1,0.99999654
0,1,0.59505516
0,1,0.9999907
0,0,0.00024824688
0,0,0.059262462
0,1,0.99203277
0,1,0.9909093
0,0,0.09210126
0,0,0.0017080535
0,0,0.0046114097
0,1,0.9999764
0,0,0.007914155
0,0,4.2426286e-06
0,1,0.9999031
0,1,0.9999993
0,1,0.8426388
0,0,2.853803e-06
0,1,0.9999906
0,1,0.9999989
0,1,0.53419846
0,1,0.9887581
0,0,0.22316419
0,1,0.9999708
0,1,0.99934214
0,0,0.0049546016
0,0,0.0029873175
0,1,0.9999993
0,1,0.9999924
0,1,0.99926704
0,1,0.9999368
0,0,2.4601784e-05
0,0,6.167354e-05
0,0,4.2961124e-06
0,0,5.4730954e-05
0,1,0.9999993
0,1,0.99198544
0,1,0.99998736
0,1,0.99995077
0,1,0.91989154
0,0,0.15978816
0,1,0.972787
0,1,0.9999901
0,1,0.99999905
0,1,0.9983165
0,1,0.9999993
0,0,0.0011368782
0,0,1.2225253e-05
0,1,0.9999987
0,0,1.7290599e-06
0,0,0.017907346
0,1,0.99999094
0,0,0.0016168231
0,0,0.26119283
0,1,0.8084209
0,1,0.999946
0,1,0.99998415
0,1,0.98451877
0,1,0.9784476
0,0,0.42604184
0,1,0.9999993
0,0,1.9389036e-05
0,0,0.09184168
0,1,0.8449693
0,1,0.99999607
0,1,0.99998546
0,0,1.7075572e-06
0,1,0.9994111
0,0,0.0057800463
0,0,0.0009181819
0,1,0.6060357
0,1,0.999998
0,1,0.93741226
0,1,0.9997516
0,1,0.99999917
0,1,0.9999962
0,1,0.9998036
0,0,0.14007112
0,1,0.99999857
0,1,0.99997985
0,0,1.47695155e-05
0,0,2.1164199e-06
0,1,0.7800971
0,1,0.99921834
0,1,0.83304685
0,1,0.98644805
0,0,8.472297e-06
0,1,0.9969633
0,1,0.87184924
0,1,0.99654347
0,1,0.953549
0,1,0.99933344
0,1,0.9894939
0,1,0.94183606
0,1,0.98941493
0,1,0.9999993
0,1,0.99978274
0,1,0.9999243
0,1,0.9985643
0,0,0.008255479
0,1,0.6528706
0,1,0.73838377
0,0,0.02129742
0,1,0.99996424
0,1,0.9998271
0,1,0.9999709
0,1,0.9999982
0,1,0.9971138
0,1,0.82670623
0,1,0.9027094
0,1,0.9999951
0,1,0.94593376
0,1,0.9999988
0,0,7.8680765e-05
0,0,2.8136452e-05
0,0,2.8635684e-06
0,1,0.9999994
0,1,0.9999994
0,1,0.9254657
0,0,0.12813914
0,0,0.4629993
0,0,0.00021075261
0,1,0.9999989
0,1,0.9999989
0,0,0.35640427
0,0,0.0007094419
0,1,0.999938
0,1,0.98728
0,1,0.9864913
0,1,0.99999833
0,1,0.9999993
0,1,0.9326432
0,0,1.7765773e-05
0,1,0.99999917
0,1,0.9995485
0,1,0.8139159
0,0,3.3402368e-05
0,1,0.999998
0,1,0.9999944
0,0,0.0028306688
0,0,1.5882038e-06
0,1,0.99955255
0,0,2.0182313e-06
0,1,0.98220235
0,1,0.99808717
0,1,0.99984574
0,1,0.99999905
0,1,0.99996865
0,1,0.7618145
0,0,5.0459123e-05
0,1,0.6655451
0,1,0.99486476
0,1,0.9999994
0,1,0.99999726
0,0,0.26215228
0,1,0.8816765
0,0,0.0075528543
0,1,0.9987735
0,1,0.99998224
0,0,1.8462211e-05
0,1,0.99997985
0,0,0.010300932
0,0,0.00074996945
0,1,0.99976176
0,1,0.9999987
0,0,0.001237417
0,0,2.4319725e-06
0,1,0.9997569
0,1,0.99999774
0,0,2.2997629e-06
0,1,0.9386503
0,1,0.82722557
0,1,0.9577052
0,1,0.6617853
0,1,0.9749084
0,1,0.99460334
0,1,0.99996996
0,1,0.9998696
0,1,0.99999857
0,1,0.9999994
0,1,0.99999845
0,0,0.09336105
0,0,0.0006342001
0,1,0.9990113
0,1,0.99999547
0,0,3.4374738e-05
0,0,0.0047297226
0,1,0.9999974
0,0,4.0429827e-06
0,0,3.2789999e-06
0,0,0.015521051
0,1,0.9187655
0,1,0.99984336
0,0,5.64104e-05
0,1,0.99999905
0,0,0.07508707
0,1,0.8548404
0,1,0.99840015
0,1,0.99956816
0,1,0.9319222
0,0,0.0013523245
0,0,0.009769654
0,1,0.99999297
0,1,0.9999987
0,0,0.010461028
0,1,0.9937349
0,1,0.9909513
0,0,3.29095e-05
0,0,0.19301851
0,1,0.99659145
0,1,0.87506276
0,1,0.9999968
0,1,0.83981246
0,1,0.99999714
0,1,0.7645091
0,0,0.00241643
0,0,0.00055917003
0,0,0.0043707513
0,0,0.0076880264
0,0,0.001419282
0,1,0.9999964
0,0,0.00014617684
0,0,4.2636475e-06
0,0,9.580413e-05
0,1,0.86769134
0,1,0.97936606
0,1,0.99999464
0,1,0.99999535
0,1,0.99594396
0,0,1.6849489e-06
0,0,6.537051e-05
0,1,0.95491505
0,1,0.8655845
0,0,1.2612237e-05
0,0,0.08969257
0,0,0.07748776
0,0,0.26667207
0,1,0.96422046
0,1,0.9992105
0,0,0.0016896568
0,0,0.00059098133
0,1,0.99997747
0,0,1.7540187e-06
0,1,0.9997664
0,1,0.9971419
0,0,0.02341246
0,1,0.7779475
0,0,0.17053315
0,0,0.039837033
0,1,0.79450923
0,1,0.99998176
0,0,0.2829056
0,1,0.8062837
0,1,0.9679681
0,0,3.690299e-05
0,0,0.00029948496
0,0,0.24772508
0,1,0.9973642
0,1,0.98953944
0,1,0.99773175
0,1,0.9999939
0,0,0.27208188
0,0,7.808468e-06
0,0,0.17198482
0,0,4.347937e-05
0,0,0.00010309977
0,1,0.99994946
0,1,0.9999523
0,0,1.7373311e-06
0,1,0.9996811
0,0,0.0012198015
0,1,0.9999976
0,1,0.9999261
0,1,0.99999094
0,1,0.9660121
0,1,0.9999993
0,0,0.00040223455
0,1,0.81004107
0,1,0.57641727
0,1,0.9943619
0,1,0.99999714
0,0,0.0241986
0,0,0.00042786854
0,1,0.66749984
0,1,0.998771
0,1,0.9999981
0,1,0.9999994
0,1,0.9999881
0,1,0.9085275
0,1,0.9998925
0,0,0.0018049285
0,1,0.9999993
0,0,0.49015313
0,1,0.89126503
0,0,1.5134155e-05
0,1,0.99999917
0,1,0.99999917
0,0,1.82669e-06
0,1,0.99940467
0,1,0.9999932
0,1,0.99999094
0,1,0.58614117
0,1,0.9998536
0,1,0.5474256
0,0,2.524976e-06
0,1,0.510311
0,1,0.99997187
0,1,0.97803795
0,0,0.026674189
0,1,0.9746143
0,0,0.0015688931
0,1,0.9996252
0,1,0.99990976
0,1,0.9999993
0,0,2.0981158e-06
0,1,0.988896
0,1,0.987452
0,0,0.00015767619
0,1,0.99907076
0,1,0.99999845
0,1,0.99999905
0,0,0.18095687
0,1,0.9999993
0,0,0.35454604
0,1,0.99999714
0,0,0.010264934
0,1,0.99806863
0,0,0.49629197
0,1,0.9999975
0,0,1.49324e-05
0,0,0.0046145376
0,0,1.9071131e-06
0,0,0.22921531
0,1,0.999992
0,0,0.3935518
0,0,0.0021883629
0,1,0.9999994
0,0,0.027761212
0,1,0.9904137
0,1,0.99998105
0,1,0.9999993
0,1,0.99999905
0,0,0.009247711
0,1,0.6101277
0,1,0.995471
0,1,0.7254992
0,1,0.9992619
0,1,0.9940936
0,0,8.2605675e-06
0,1,0.99610883
0,0,0.3596367
0,1,0.87742025
0,1,0.99972826
0,1,0.99999774
0,0,8.713843e-06
0,1,0.9999411
0,1,0.9997341
0,1,0.999936
0,1,0.99999344
0,1,0.9214195
0,1,0.89065534
0,0,0.0005581835
0,1,0.97082484
0,1,0.73730695
0,0,0.0016299295
0,0,0.43746454
0,0,0.0019616457
0,1,0.9999988
0,1,0.99999917
0,1,0.9996351
0,0,7.300709e-06
0,1,0.99929297
0,0,9.692538e-06
0,0,4.4623785e-06
0,1,0.9999993
0,1,0.99999917
0,0,1.4767092e-05
0,0,5.213076e-06
0,0,0.00067184964
0,1,0.55663425
0,1,0.9999993
0,1,0.9999993
0,1,0.7156498
0,0,2.6287855e-05
0,1,0.9999906
0,0,0.051181894
0,1,0.9989483
0,1,0.99999917
0,1,0.9999945
0,1,0.63916916
0,1,0.9990482
0,1,0.95769054
0,1,0.84407806
0,0,7.1100454e-05
0,0,0.25095096
0,0,0.024407934
0,0,0.0024260413
0,1,0.936711
0,1,0.99999845
0,0,0.004320153
0,1,0.9974559
0,0,7.641063e-06
0,1,0.99999845
0,1,0.9999958
0,0,0.18632068
0,0,0.058694176
0,1,0.99975604
0,0,0.0015127829
0,1,0.98054975
0,1,0.9995988
0,0,3.1854076e-06
0,1,0.99993074
0,0,0.00923531
0,1,0.99999785
0,1,0.9999987
0,0,0.32809573
0,1,0.9915569
0,1,0.9999932
0,0,0.00014670886
0,0,0.03256445
0,0,7.250918e-05
0,1,0.9999485
0,1,0.99999666
0,1,0.9999422
0,1,0.9999993
0,1,0.91170394
0,1,0.9999989
0,1,0.9994091
0,0,1.7499488e-05
0,0,0.085814305
0,0,0.009917986
0,1,0.8609803
0,1,0.9394773
0,0,0.00033802292
0,1,0.86853695
0,1,0.9734633
0,1,0.9999865
0,0,1.38199375e-05
0,1,0.96632427
0,0,0.0034779927
0,1,0.9986123
0,1,0.9999993
0,0,0.034707006
0,1,0.9999541
0,0,0.05367044
0,0,0.1578214
0,0,0.019025084
0,0,0.00051010767
0,0,1.6020216e-05
0,0,0.0012756361
0,0,2.3715297e-06
0,1,0.99972326
0,1,0.998718
0,1,0.99876463
0,1,0.9240744
0,1,0.999998
0,0,0.29647106
0,0,0.033758245
0,0,7.8302546e-05
0,1,0.9897983
0,1,0.999998
0,1,0.99999917
0,0,6.6316345e-05
0,1,0.9992306
0,1,0.99998105
0,1,0.99977523
0,1,0.99983037
