label,pred,prob_ai
0,0,0.012554955
1,1,0.9987244
0,0,0.0016378391
0,0,0.0013877631
1,1,0.9986979
0,0,0.09344565
0,0,0.010520347
0,0,0.0030841245
0,0,0.0022521494
0,0,0.0022751268
1,0,0.011621206
0,0,0.008338696
1,1,0.9944976
1,1,0.99392325
0,0,0.002485631
0,0,0.004456919
0,0,0.0031880324
0,0,0.0021861964
0,0,0.0032831172
1,1,0.9965911
0,0,0.023519432
1,1,0.9951427
1,1,0.99056256
0,1,0.85963297
0,0,0.0018078362
0,0,0.0016548535
0,0,0.0016579641
1,1,0.9877644
0,0,0.0015151298
1,1,0.9979248
1,1,0.9936098
0,0,0.016054798
0,0,0.0017432733
1,1,0.9987161
0,0,0.0014237536
0,0,0.001713301
0,0,0.007887079
1,1,0.98294836
1,1,0.9981375
0,0,0.0032777162
0,0,0.008168601
1,1,0.9787821
0,0,0.004989873
0,0,0.0016028236
0,1,0.54706776
0,0,0.010424151
0,0,0.014433669
0,0,0.0026530207
0,0,0.0016248727
0,0,0.004120163
1,1,0.99870455
0,0,0.0028261945
1,1,0.9956884
0,0,0.002080423
0,0,0.008732097
0,0,0.0025063239
0,1,0.8569356
1,1,0.99894136
1,1,0.9985007
1,1,0.9989517
0,0,0.0023905241
1,1,0.9914581
0,0,0.005587469
1,1,0.99869233
1,1,0.98753184
0,0,0.008750541
0,0,0.0020080179
1,1,0.99410605
0,0,0.0022065444
1,1,0.9972722
0,0,0.0030278985
0,0,0.0016911863
1,1,0.99930465
1,1,0.99055934
1,1,0.99798065
0,0,0.0019881886
0,0,0.0033786108
0,0,0.002099729
1,1,0.9977502
0,0,0.003567204
0,1,0.7631055
0,0,0.002403436
1,1,0.9984012
0,0,0.0046133325
0,0,0.0020825337
0,0,0.11362625
0,0,0.0016793564
0,0,0.0027744872
0,0,0.0016065226
1,1,0.9974928
1,1,0.9961552
1,1,0.91746306
0,0,0.0016289413
0,0,0.0019673281
1,1,0.99445444
0,0,0.19941433
1,1,0.9982375
1,1,0.9980241
1,1,0.9983858
0,0,0.0021270774
1,1,0.99638784
0,0,0.28986934
1,1,0.99566096
1,1,0.9973375
1,1,0.8622316
1,1,0.9978811
1,1,0.998936
1,1,0.99160975
1,1,0.9979849
1,1,0.99494416
1,1,0.9231696
1,1,0.9853013
0,0,0.0015313458
1,1,0.998181
1,1,0.99650335
1,1,0.9720843
0,0,0.003433405
0,0,0.02663931
0,0,0.0017741675
1,1,0.9981881
0,0,0.001649637
0,0,0.024173414
0,0,0.0019256906
0,0,0.1185248
1,1,0.99618846
0,0,0.0019907022
1,1,0.99649686
0,0,0.0021258462
1,1,0.99363834
0,0,0.0019064468
0,0,0.0019564377
1,1,0.98854315
0,0,0.0029948659
1,0,0.0041651083
1,1,0.9989266
0,0,0.0025281718
0,0,0.0028218452
0,0,0.0019831462
1,1,0.9961125
1,1,0.998681
1,1,0.96927816
1,1,0.991434
1,1,0.9982496
1,1,0.99856657
1,1,0.99109685
0,0,0.0015962216
1,1,0.97695345
1,1,0.97835964
1,1,0.994729
0,0,0.0056919158
1,1,0.997175
0,0,0.0015530289
1,1,0.9386296
0,0,0.0038957512
0,0,0.0014282818
0,0,0.0025354514
1,0,0.0050480263
0,0,0.0063310363
0,0,0.0027472067
0,0,0.0020989876
0,0,0.0019363859
1,1,0.9657289
0,0,0.0018875514
0,0,0.003114871
0,0,0.0019057356
1,1,0.99686074
0,0,0.03473958
0,0,0.0023712746
1,1,0.99860555
1,1,0.99850416
1,1,0.9955207
0,0,0.0015833006
1,1,0.9053547
1,1,0.99865794
1,1,0.99337125
1,1,0.9822749
1,1,0.9964168
0,0,0.0041591325
0,0,0.0037317257
1,1,0.9953927
0,0,0.0021346267
1,0,0.39773202
1,1,0.99690384
0,0,0.0034533937
1,1,0.9955472
1,1,0.9985487
1,0,0.07818967
0,0,0.0015228943
1,1,0.9977307
1,1,0.9963831
1,1,0.99488586
1,1,0.9452005
1,1,0.9967434
1,1,0.9987735
0,0,0.0024299256
0,0,0.22548458
0,0,0.0020949426
1,1,0.9977196
1,1,0.99766123
1,1,0.99442697
1,1,0.9989592
0,0,0.0018518998
0,0,0.0018925528
1,1,0.94023067
0,0,0.001964454
1,1,0.99872273
1,1,0.9956995
0,0,0.0071709044
1,1,0.9983323
1,1,0.987636
1,1,0.9982237
1,1,0.9977234
0,0,0.0020421077
0,0,0.08466694
1,0,0.08808427
0,0,0.006524897
0,0,0.0020739017
1,1,0.9886332
1,1,0.99819833
0,0,0.0016303106
1,1,0.99041384
1,1,0.96883506
1,1,0.99915385
1,1,0.9976648
1,1,0.9963792
0,0,0.0065512266
0,0,0.002225259
0,0,0.0036419912
1,1,0.99805
1,1,0.9793408
0,0,0.003934912
0,0,0.0020506654
0,0,0.0015533246
1,1,0.9974377
1,1,0.9989637
0,0,0.024325127
0,0,0.001970272
1,1,0.9913328
1,1,0.9984641
1,1,0.9985611
0,0,0.0022927097
1,1,0.9978002
1,1,0.9987954
1,1,0.9924229
0,0,0.0049897237
1,1,0.7610052
0,0,0.0024190696
1,1,0.9973437
0,0,0.0020131308
0,0,0.005731366
0,0,0.004263999
1,1,0.9678995
0,0,0.001737204
0,0,0.0019833597
0,0,0.19026303
0,0,0.003787796
1,1,0.99869317
1,1,0.99874544
1,1,0.99400675
0,0,0.007887506
0,0,0.002107999
0,0,0.0023887292
1,1,0.99365956
1,1,0.9974273
1,1,0.99087805
1,1,0.99498737
1,1,0.5596539
1,1,0.9946359
0,0,0.0111845955
1,1,0.9978777
1,1,0.99764436
0,0,0.002848123
1,1,0.9982077
1,1,0.8246731
0,0,0.08738642
0,0,0.002220744
0,0,0.0017423765
1,1,0.99875414
1,1,0.9976598
0,0,0.0049934965
0,0,0.0065086684
0,0,0.002140679
1,1,0.9982272
1,1,0.96753985
1,1,0.99700433
1,1,0.99899536
1,1,0.9984717
0,0,0.0026593127
0,0,0.0017509934
1,0,0.16734484
1,1,0.95967263
0,0,0.006511413
0,0,0.0029171256
0,0,0.0016349638
0,0,0.0020215637
1,1,0.99830866
1,1,0.99057806
0,1,0.78562224
0,0,0.069216326
0,0,0.0017654365
0,0,0.0024119355
1,1,0.9965287
1,1,0.9963175
1,1,0.99410987
0,0,0.0019353016
1,1,0.9985661
1,1,0.9905606
1,1,0.99180335
1,1,0.99677926
1,1,0.9962314
1,1,0.9968972
1,1,0.99779785
0,1,0.79902387
1,1,0.99843484
1,1,0.9970624
0,0,0.1935782
1,1,0.9991335
0,0,0.0021308113
0,0,0.0016711329
0,0,0.0016028893
0,0,0.0012859717
0,0,0.0019848836
0,0,0.0020648243
0,0,0.009078816
1,1,0.99874
0,0,0.018991813
1,1,0.9241502
0,1,0.58274823
1,1,0.9991308
0,0,0.0027803262
0,0,0.008375383
1,1,0.9765548
0,0,0.0022534763
1,1,0.99809176
0,0,0.0041974094
0,0,0.0019964827
0,0,0.028702224
1,1,0.99367815
1,1,0.95230424
0,0,0.0035473646
1,1,0.99426174
1,1,0.9851313
0,0,0.07080639
1,1,0.9975877
1,1,0.9940612
0,1,0.96191627
0,0,0.0018399241
1,1,0.9933524
0,0,0.0020531348
0,0,0.07878315
1,1,0.9889894
1,1,0.99871755
1,1,0.9963536
1,1,0.9976445
1,1,0.99814713
1,1,0.99739444
0,0,0.0018271385
0,0,0.0050423676
0,0,0.0016210398
1,1,0.9933571
0,0,0.0022660345
0,0,0.0016767093
0,0,0.0019415064
0,0,0.0016717081
1,1,0.98418957
1,1,0.9986939
1,1,0.9987866
1,1,0.9954318
0,0,0.010678332
1,1,0.9986318
0,0,0.006129828
0,0,0.0019617856
0,0,0.0026118413
0,0,0.0278001
0,0,0.001885977
1,1,0.99912006
0,0,0.0019353587
1,1,0.99838984
1,1,0.9989691
0,0,0.0018811489
0,0,0.005351052
1,1,0.99641776
1,1,0.9982786
1,1,0.99673647
1,1,0.9963832
0,0,0.0023152914
0,0,0.0017915205
1,1,0.9989046
0,0,0.0028055871
0,0,0.004979127
0,0,0.0014839238
1,1,0.99885213
0,0,0.0020193732
1,1,0.9983046
0,0,0.0017928112
1,1,0.99489033
1,1,0.98905504
1,1,0.94573
1,1,0.99307525
1,1,0.9974511
0,0,0.0012759848
1,1,0.99604213
0,0,0.003711824
0,0,0.0017086084
1,1,0.99315673
0,0,0.0027965915
0,0,0.0015763944
0,0,0.0019757214
0,0,0.0051036156
1,1,0.9980318
1,1,0.99605054
0,0,0.010180098
0,0,0.00462706
0,0,0.0016412563
1,1,0.99837685
0,0,0.0015851808
1,1,0.99532545
0,0,0.0018297571
1,1,0.996154
0,0,0.0014070234
1,1,0.9981267
0,0,0.0069949063
1,1,0.934031
1,1,0.8343805
1,1,0.99863523
1,1,0.9956061
0,0,0.005123447
0,0,0.0022120986
0,0,0.0020392702
1,1,0.998444
1,1,0.9986255
1,1,0.9905572
1,1,0.99885225
0,0,0.0019216357
0,0,0.0014975637
1,1,0.99902344
1,1,0.99658054
1,1,0.99892247
0,0,0.0016336987
1,1,0.9964858
0,0,0.0022562174
1,1,0.9984353
0,0,0.09388756
0,0,0.0044273604
0,0,0.00411115
0,0,0.0019207762
0,0,0.0059279664
1,1,0.9973015
0,0,0.01815422
0,0,0.0018472826
0,0,0.06801435
1,1,0.99674314
0,0,0.055091307
0,0,0.003145094
1,1,0.9987105
1,1,0.9981415
0,0,0.0030995542
0,1,0.56715316
1,1,0.9886777
1,1,0.9847371
0,0,0.01706044
1,1,0.9951704
0,0,0.0026986224
1,1,0.9702616
0,0,0.0028125835
1,1,0.9964393
0,0,0.0024480124
0,0,0.0050483476
0,0,0.003433909
1,1,0.99823344
0,0,0.0014558668
0,0,0.0025296477
1,1,0.9960926
0,0,0.2697328
1,1,0.99863476
0,0,0.0018415792
0,0,0.002153455
0,0,0.0029007532
0,0,0.0021016493
0,0,0.012394013
1,1,0.9963186
0,0,0.00369679
1,1,0.9977436
1,1,0.9976198
0,0,0.0016507306
1,1,0.994728
1,1,0.8192598
0,0,0.0025462345
0,0,0.0018436348
1,1,0.9982834
0,0,0.0019631204
0,0,0.032915372
0,0,0.0021655653
1,1,0.957548
1,1,0.9942993
0,0,0.0014530767
1,1,0.9985739
1,1,0.96707034
0,0,0.0022679404
1,1,0.9983209
1,1,0.9963911
0,0,0.015144194
0,0,0.009783978
1,1,0.998793
0,0,0.0019715605
1,1,0.998042
0,0,0.012266976
0,0,0.0016025673
0,0,0.0036490853
0,0,0.0018127233
0,0,0.0024172512
0,0,0.0017418027
1,1,0.99611735
1,1,0.9668989
0,0,0.0023986537
1,1,0.9953067
0,0,0.0060761455
1,1,0.9950158
0,0,0.01836119
0,0,0.0016733906
1,1,0.99879825
1,1,0.9990369
0,0,0.009770746
0,0,0.0017453316
0,0,0.47776014
1,1,0.9922496
0,0,0.0027292583
0,0,0.023905871
1,1,0.9925356
1,1,0.9868154
1,1,0.9967722
1,0,0.009261041
1,1,0.99606115
1,1,0.9983975
1,1,0.86968666
1,1,0.7906394
1,1,0.988808
0,0,0.0029442878
0,0,0.0036509687
0,0,0.0022948366
1,1,0.62463635
1,1,0.9985378
0,0,0.0029969965
1,1,0.9196784
0,0,0.0022543438
0,0,0.042851854
1,1,0.96845776
0,0,0.001790529
1,1,0.9901248
0,0,0.0065586455
1,1,0.99122614
0,0,0.0026863462
1,1,0.9834229
1,1,0.9918636
1,1,0.9934043
0,0,0.015915135
0,0,0.002999097
1,1,0.9991571
0,0,0.004313373
1,1,0.99800867
1,1,0.99818593
0,0,0.011583344
1,1,0.99623483
0,0,0.18193181
0,0,0.0600356
1,1,0.99576086
0,0,0.0014858801
0,0,0.002588142
0,0,0.001964121
1,1,0.9949096
0,0,0.0034130984
0,0,0.060533267
0,0,0.002951689
1,1,0.6312637
1,1,0.97107434
0,0,0.00412648
0,0,0.0027162456
0,0,0.002074101
0,0,0.0035610213
1,1,0.99660957
1,1,0.80664235
0,0,0.001722258
1,1,0.9988187
1,1,0.88677645
1,1,0.99913245
1,0,0.029228851
1,1,0.9815329
1,1,0.9847248
1,1,0.9782045
0,0,0.0013454951
0,0,0.0015222003
1,1,0.9974656
1,1,0.996015
1,1,0.99541324
0,0,0.0021484627
1,1,0.9979679
1,1,0.97889555
1,1,0.99814034
1,1,0.9967519
1,1,0.9898051
1,1,0.984993
0,0,0.0020547453
1,1,0.9804182
0,0,0.0029006521
0,0,0.0020186852
0,0,0.0056926613
0,0,0.0037083854
0,0,0.0021372244
0,0,0.008699591
0,0,0.0021329566
0,0,0.0026467848
0,0,0.0032258464
0,0,0.001519154
0,0,0.014694835
0,0,0.004385859
0,0,0.0015306744
0,0,0.0022900878
0,0,0.029608987
1,1,0.96054727
1,1,0.9942821
0,0,0.0020746132
0,0,0.07555101
1,1,0.9915188
1,1,0.9975496
1,1,0.9862562
1,0,0.09070034
1,1,0.99015874
0,0,0.0017125794
0,0,0.0018561594
1,1,0.9758232
1,1,0.99640405
1,1,0.99823666
0,0,0.0019879446
1,1,0.9841867
1,0,0.31897378
1,1,0.8682436
1,1,0.9930655
1,1,0.9984829
0,0,0.006794673
0,0,0.0027877248
1,1,0.9786861
1,1,0.9981846
1,1,0.99365497
1,1,0.9984132
1,1,0.99736804
0,0,0.0016270129
1,1,0.99185365
1,1,0.9957897
1,1,0.99804294
1,1,0.9804528
1,1,0.99834883
0,0,0.0020890306
0,0,0.001624643
1,1,0.99821126
0,0,0.0017316376
1,1,0.9878757
1,1,0.98459274
1,1,0.99741346
1,1,0.9966378
1,1,0.99865365
1,1,0.99779403
0,0,0.008366183
0,0,0.0035266092
1,1,0.9926272
1,1,0.99768996
1,1,0.99717915
0,0,0.0031301903
1,1,0.967103
1,1,0.7704742
1,1,0.99157894
0,0,0.0016021157
1,1,0.99819595
1,1,0.9967912
0,0,0.0015389572
1,1,0.9972703
0,0,0.002014181
1,1,0.9983718
1,1,0.9952303
1,1,0.9962065
1,1,0.99775165
1,1,0.9967974
0,0,0.0027453813
0,0,0.00349516
0,0,0.0014596552
1,1,0.97875535
0,0,0.007023844
0,0,0.0035882231
1,1,0.99672794
0,0,0.0021244152
1,1,0.99687386
1,1,0.91500247
0,1,0.9518453
1,1,0.9983398
1,1,0.99661726
0,0,0.005823202
0,0,0.0014558433
1,1,0.9984749
0,0,0.0024503097
0,0,0.0024363098
1,1,0.99777156
0,0,0.0015579106
0,0,0.0015111113
1,1,0.97392297
0,0,0.0017158148
0,0,0.001487067
1,1,0.9801326
0,0,0.005160854
0,0,0.0018796293
0,0,0.005238208
0,0,0.0015366217
1,1,0.9935229
0,0,0.0017661176
1,1,0.99845386
0,0,0.0093401
1,1,0.99915767
0,1,0.8448716
1,1,0.9982425
1,1,0.99875593
0,0,0.0036968868
0,1,0.5931104
0,0,0.0016691214
0,0,0.01221812
1,1,0.98769766
0,0,0.0017649938
1,1,0.99843925
1,0,0.037415966
1,1,0.99720687
1,1,0.9943771
1,0,0.3904811
1,1,0.98394245
1,1,0.9984711
1,1,0.99797255
0,0,0.0017441554
1,1,0.998338
1,1,0.99850804
1,1,0.9985511
1,1,0.99859375
0,0,0.0020523407
1,1,0.97726125
1,1,0.99411005
0,0,0.0021296253
0,0,0.012959824
1,1,0.9966677
0,0,0.0015572684
0,0,0.0032794368
0,0,0.14996754
1,1,0.9975434
0,0,0.002887768
0,0,0.0024783905
0,0,0.0020132132
1,1,0.9970515
0,0,0.0018702408
0,0,0.01843535
0,0,0.0025591082
0,0,0.030033298
0,0,0.011570446
1,1,0.9924004
1,1,0.9987465
1,1,0.9888709
1,1,0.99907374
0,0,0.0017750966
0,0,0.0017021056
1,1,0.9978605
1,1,0.9816207
0,0,0.0020172873
1,1,0.99809116
1,1,0.9804535
0,0,0.0015388437
1,1,0.9874835
0,0,0.0023320008
1,1,0.9986808
1,1,0.9970817
0,0,0.0030603877
0,0,0.0021308092
1,1,0.9958205
0,0,0.12710944
1,1,0.99888796
0,0,0.0018804077
1,1,0.9976132
0,0,0.0019642576
0,0,0.002031176
1,1,0.9887565
0,0,0.0025445677
0,0,0.0018653264
0,1,0.65258884
0,0,0.0039104233
0,0,0.0019704048
0,0,0.0029197466
1,1,0.99710673
0,0,0.0073930705
0,0,0.0017946869
0,0,0.054587048
1,1,0.9991715
1,1,0.9823903
1,1,0.9983608
1,1,0.99869776
1,1,0.9989134
0,0,0.001784292
1,1,0.98505765
1,1,0.99731284
0,0,0.0015591534
0,0,0.0040040924
0,0,0.004030885
0,0,0.0024361126
0,0,0.0017593881
0,0,0.0024088603
1,1,0.95853144
1,1,0.9978231
1,1,0.997047
1,1,0.9746176
1,1,0.9983516
1,1,0.9899568
1,1,0.9991059
1,1,0.9976126
1,1,0.99853694
0,0,0.006073623
0,0,0.0023747005
1,1,0.99701786
0,0,0.0015825161
1,1,0.9523951
1,1,0.9987907
0,0,0.0018438463
1,1,0.99639976
0,0,0.0034194721
1,1,0.9941935
1,1,0.9984956
0,0,0.0067976154
0,1,0.8403287
0,0,0.0029094727
0,0,0.0028058458
1,1,0.99739504
0,0,0.02972686
1,1,0.98803097
0,0,0.0033234733
1,1,0.9877386
0,0,0.0023520824
0,0,0.014594809
0,0,0.0028707627
1,1,0.9954222
1,1,0.9881726
1,1,0.9969819
1,1,0.99754286
1,1,0.99701583
1,1,0.99574417
0,0,0.014317152
1,1,0.9939765
0,0,0.31043363
0,0,0.0018025761
1,1,0.9481368
0,0,0.0105987685
1,1,0.997068
0,0,0.0023765764
1,1,0.9987256
1,1,0.99815124
1,1,0.99905986
1,0,0.015627936
0,0,0.0024214562
1,1,0.99726033
0,0,0.0027463422
1,1,0.9362695
0,0,0.0016489993
1,1,0.9410321
0,0,0.0016020859
0,0,0.0021204464
1,1,0.89328957
1,1,0.9973788
1,1,0.86952007
0,0,0.003725756
1,1,0.997811
1,1,0.9978242
1,1,0.99709094
1,1,0.998782
0,0,0.0017236933
1,1,0.9964893
1,1,0.9979528
0,0,0.0029920964
0,0,0.0020143748
0,0,0.00486575
1,1,0.9956252
1,1,0.9758783
1,1,0.99461234
1,1,0.99179465
1,1,0.9967938
0,0,0.022201404
0,0,0.2874157
1,1,0.9970401
1,1,0.9958972
0,0,0.0022397204
0,0,0.0065794727
0,0,0.0029163486
0,0,0.0076822075
0,0,0.0017172202
1,1,0.9958943
1,1,0.9946243
1,1,0.98351353
0,0,0.0035892308
0,0,0.0021384596
1,1,0.9989261
0,0,0.0053619943
0,0,0.0022001832
0,0,0.003202074
0,0,0.0017747992
1,1,0.9667895
1,1,0.98556685
0,0,0.0020358718
0,0,0.0013778593
0,0,0.0016984133
0,0,0.0018939099
1,1,0.9705165
0,0,0.0015450773
0,0,0.06554917
0,0,0.019725947
1,1,0.9962166
0,0,0.0018238705
0,0,0.0014389546
1,1,0.9953987
0,0,0.01002689
0,0,0.002021904
1,1,0.96736073
1,1,0.9912579
0,0,0.002134637
0,0,0.0034620827
0,0,0.019540345
1,1,0.98856515
1,1,0.9982943
1,1,0.9988182
0,0,0.0014433874
0,1,0.9638482
0,0,0.0018280195
1,1,0.9941356
0,0,0.0014874096
1,1,0.9933954
1,1,0.9964495
1,0,0.13593996
1,1,0.9986156
0,0,0.1336129
0,0,0.012943055
0,0,0.0021096708
1,1,0.9967704
1,1,0.9981007
1,1,0.99870205
1,1,0.99820375
1,1,0.9876752
0,0,0.0028105327
0,0,0.0044323215
1,1,0.9305063
1,1,0.9980969
1,1,0.9984773
1,1,0.9919635
0,0,0.0015778157
1,1,0.9989537
0,0,0.0014549147
0,0,0.0029817102
0,0,0.003823724
1,1,0.99668795
0,0,0.0017832791
1,0,0.052018113
1,1,0.9944613
1,1,0.9968051
1,1,0.9902772
1,1,0.9949019
0,0,0.0015845087
1,1,0.9731866
0,0,0.002087279
0,0,0.0018540493
1,1,0.9927724
0,0,0.0022531871
0,0,0.0075135888
1,1,0.87249386
1,1,0.98302805
1,1,0.9987658
1,1,0.97918576
1,1,0.9170371
1,1,0.99827754
1,1,0.99896324
1,1,0.9987602
0,0,0.0037182835
1,1,0.9985551
1,1,0.99390113
1,1,0.99772733
1,1,0.9531114
1,1,0.98512864
0,0,0.0019893604
1,1,0.99696666
0,0,0.0062384265
0,0,0.001888599
0,0,0.0025880137
0,0,0.0017908751
1,1,0.99794644
1,1,0.9972306
0,0,0.003852105
1,1,0.9940394
0,0,0.0017884254
0,0,0.005784619
0,0,0.0014747811
0,0,0.005354434
1,1,0.9925257
1,1,0.9959836
0,0,0.0034578752
1,0,0.011553205
0,0,0.0014328015
1,0,0.025049593
1,1,0.99725777
1,1,0.99752194
1,1,0.99766266
0,0,0.0025038251
1,1,0.89954036
0,0,0.0025674773
0,0,0.002108066
1,1,0.9685761
1,1,0.983707
0,0,0.0018013513
0,0,0.002835319
0,0,0.0017344689
0,0,0.00428045
0,0,0.002041044
0,0,0.007827983
1,1,0.9992298
1,1,0.95867693
0,0,0.0022431584
1,1,0.99466246
1,1,0.99898547
1,1,0.5510976
1,1,0.9979825
1,1,0.996121
0,0,0.007016329
0,0,0.0015843284
0,0,0.001612471
1,1,0.99834216
0,1,0.9778372
1,1,0.9973442
1,1,0.99876934
1,1,0.99016273
1,1,0.9976399
1,1,0.99873096
0,0,0.002218826
1,1,0.9862213
1,1,0.97685516
1,1,0.9829465
1,1,0.9978131
0,0,0.0013376788
0,0,0.0015186614
0,0,0.001976216
1,1,0.9963399
0,0,0.0025585808
0,0,0.0024093208
0,0,0.0075686155
1,1,0.996083
0,0,0.002541123
1,1,0.996071
0,0,0.0019970785
0,0,0.0040752343
0,0,0.16856264
0,0,0.0013157605
1,1,0.9987723
0,0,0.0016857481
0,0,0.0036531305
1,1,0.99076056
1,1,0.99890697
0,1,0.52865225
0,0,0.0016283924
1,1,0.9979685
1,1,0.9798043
0,0,0.0031109613
0,0,0.0016283301
0,0,0.0021687464
0,0,0.0023786307
1,1,0.9944226
0,0,0.0016003919
1,1,0.6814975
1,1,0.9964115
0,0,0.0037254659
0,0,0.0027251136
0,0,0.0018281641
0,0,0.0017715178
0,0,0.387297
1,1,0.99910647
1,1,0.9979578
0,0,0.0047765574
0,0,0.012372995
0,0,0.0019502577
0,0,0.0015972493
0,0,0.0021384861
1,1,0.9956643
1,1,0.9965496
1,1,0.9355793
0,0,0.002086125
1,1,0.9984869
1,1,0.99647564
1,1,0.9968549
0,0,0.0046249917
0,0,0.014465618
0,0,0.0020697059
0,0,0.001763525
0,0,0.0017306454
0,0,0.008015019
1,1,0.9920304
0,0,0.0016318519
1,0,0.048750274
1,1,0.9974843
1,1,0.9989089
0,0,0.0020178093
0,0,0.001716251
1,1,0.9968736
1,1,0.99875486
0,0,0.002263373
1,1,0.9776684
0,0,0.001748975
1,1,0.9985368
0,0,0.0035967387
0,0,0.0020596501
0,0,0.0018101507
1,1,0.99813855
1,1,0.9978967
1,1,0.9976229
0,0,0.021727094
1,1,0.997045
1,1,0.997995
0,1,0.9908997
0,0,0.0095771495
0,0,0.0023397005
0,0,0.0023181108
0,0,0.0015252235
0,0,0.0020364367
1,1,0.9986412
0,0,0.0035924418
1,1,0.9930432
0,0,0.0014403763
1,1,0.98928434
1,1,0.99857247
1,1,0.9956298
0,0,0.018297857
0,0,0.0032638218
1,1,0.99801326
0,0,0.0018400495
0,0,0.0032527526
1,1,0.9970471
1,1,0.99877566
0,0,0.0015674365
1,1,0.99791425
0,0,0.0019680415
1,1,0.9902694
0,0,0.004804531
1,1,0.9933119
0,0,0.002134174
0,0,0.0017360632
1,1,0.9982571
1,1,0.9987469
1,1,0.9974437
0,0,0.0020756668
1,1,0.9038985
0,0,0.0022394722
0,0,0.00272431
0,0,0.4754985
1,1,0.99732274
0,0,0.020204155
0,0,0.0017604588
0,0,0.0023770344
0,0,0.002084968
0,0,0.0025996643
1,1,0.99584323
0,0,0.0017280178
1,1,0.92450756
0,0,0.0053660423
0,0,0.0031677764
1,1,0.99860877
1,1,0.9977908
1,1,0.9976163
0,1,0.7549432
0,0,0.10445215
0,0,0.0041674627
1,1,0.9653073
0,0,0.33279213
0,0,0.0026517806
0,0,0.0028777267
0,0,0.0017277128
0,0,0.0016006244
0,0,0.008990126
0,0,0.0051017688
0,0,0.0022552311
1,1,0.9948096
1,1,0.995893
0,0,0.00978358
1,1,0.9881336
1,1,0.87822145
0,0,0.0018729906
0,0,0.0022422427
1,1,0.99745566
0,0,0.011845373
0,0,0.0024964155
0,0,0.0019549413
0,0,0.0015518212
0,0,0.0015923225
0,0,0.002117881
1,1,0.9950052
1,1,0.9979133
0,0,0.0018593569
1,1,0.9980173
0,0,0.0032781262
0,0,0.0015317862
1,1,0.99529713
1,1,0.99812263
0,0,0.33279213
0,0,0.002044373
1,1,0.9987196
1,1,0.99534625
0,0,0.011342877
1,1,0.95608306
1,1,0.99893016
1,1,0.9919932
0,0,0.027782585
1,1,0.99842215
0,0,0.0027654069
0,0,0.012165609
0,0,0.0016735563
1,1,0.9947519
0,0,0.002442192
1,0,0.36317408
1,1,0.9989042
1,1,0.99737084
1,1,0.99821126
1,1,0.9973515
1,1,0.9974492
0,0,0.14597689
1,1,0.9953146
0,0,0.010434988
1,1,0.99021226
0,0,0.0020093005
1,1,0.9972038
1,1,0.9988803
1,1,0.9448804
1,1,0.99810934
1,1,0.9978333
1,1,0.9981477
0,0,0.0032258602
0,0,0.06163374
1,1,0.9936015
1,1,0.99801326
0,0,0.0030526388
1,1,0.9975702
0,0,0.0025492096
0,0,0.0024095927
0,0,0.002281828
0,0,0.0019885972
0,0,0.0020799758
0,0,0.030056646
1,1,0.99931407
0,0,0.12419247
0,0,0.00369679
0,0,0.0031207397
0,1,0.9870661
0,0,0.03561675
1,1,0.99314195
1,1,0.99175686
1,1,0.9597628
1,1,0.99638945
1,1,0.9939938
0,0,0.0016997423
1,1,0.9986926
1,1,0.9988545
1,1,0.9970981
0,0,0.020033017
1,1,0.9985147
0,0,0.002153249
0,0,0.30716228
0,0,0.006606565
1,1,0.99893636
1,1,0.9589459
0,0,0.065266
1,1,0.996876
0,0,0.0031870417
0,0,0.002204815
1,1,0.99801314
0,0,0.001978659
0,0,0.0016385785
1,1,0.99877435
1,1,0.9872442
0,0,0.10299623
1,1,0.9989831
1,1,0.9752528
0,0,0.0020449609
1,1,0.99714905
1,1,0.99040985
1,1,0.9950643
1,1,0.9986626
1,1,0.99620503
0,0,0.0017100192
1,1,0.9982083
1,1,0.9581013
0,0,0.0021012204
1,1,0.9965978
1,1,0.9988256
1,1,0.99892515
1,1,0.9887794
0,0,0.0020213516
0,0,0.003580949
1,1,0.995535
1,1,0.97890925
0,0,0.03192804
0,0,0.0014299932
1,1,0.9986172
1,1,0.9946713
1,1,0.9797101
0,0,0.102727845
1,1,0.9988702
0,0,0.0021271848
0,0,0.0026286293
1,1,0.9985826
1,1,0.71136886
0,0,0.010528142
1,1,0.99761105
1,1,0.99811965
0,0,0.0015596969
0,0,0.1158146
1,1,0.9900913
1,1,0.9990318
1,1,0.99823254
1,1,0.8818975
0,0,0.00171252
0,0,0.0018063759
0,0,0.0028313368
1,1,0.99613804
0,0,0.0022116653
1,1,0.9969469
0,0,0.001639906
1,1,0.9870718
0,0,0.0030978306
0,0,0.0013855981
1,1,0.9970119
0,0,0.005612851
0,0,0.0021360544
0,0,0.0022806278
1,1,0.99374264
0,0,0.20925532
1,1,0.9969438
1,1,0.9960337
1,1,0.8526724
1,1,0.9990318
1,1,0.969873
1,1,0.99717796
1,1,0.99877554
1,1,0.7911515
0,0,0.002796593
1,1,0.99317473
0,0,0.0027620727
1,1,0.9967529
1,1,0.9925648
0,0,0.003400729
1,1,0.995909
0,0,0.001443811
0,0,0.0017904338
0,0,0.0022538987
1,1,0.99777776
0,0,0.0019460707
1,1,0.9985066
1,1,0.9984785
0,0,0.008314922
1,1,0.9974281
0,0,0.0033784006
0,0,0.0027043524
0,0,0.001647035
1,1,0.99145985
1,1,0.9915814
0,0,0.0018103059
0,0,0.002095414
1,1,0.9979267
0,0,0.0014167946
1,1,0.99779344
0,0,0.035872467
1,1,0.9921823
0,0,0.0015571632
1,1,0.9974591
0,0,0.0024376763
0,0,0.0023396316
1,1,0.998251
1,1,0.988836
1,1,0.99555165
0,0,0.002641797
0,0,0.0014362822
1,1,0.94243634
0,0,0.003670444
0,0,0.0017302615
0,0,0.41572422
1,1,0.9758078
1,1,0.9976253
1,1,0.998879
0,0,0.0018981546
1,0,0.025172032
1,0,0.44689775
1,1,0.99623364
1,1,0.9669261
0,0,0.0017316163
1,1,0.99271494
0,0,0.0020955508
0,0,0.0028834876
0,0,0.0037435405
1,0,0.03593697
1,1,0.946534
0,0,0.0024480252
0,0,0.0037659858
1,1,0.99844474
0,0,0.0018671146
1,1,0.9159615
0,0,0.0019396463
1,1,0.98638815
0,0,0.002150839
1,1,0.9980996
1,0,0.011998444
1,1,0.99898046
0,1,0.6073604
0,0,0.0023155843
0,0,0.002033913
0,0,0.0025359143
0,0,0.0015023921
0,0,0.001837249
0,0,0.0016550205
0,0,0.0016553751
1,1,0.9977387
0,0,0.0034534794
1,1,0.85683167
1,1,0.9938839
1,1,0.9926973
0,0,0.0023343852
1,1,0.9979672
0,0,0.0036609247
0,0,0.0018384893
0,0,0.0016947743
1,1,0.9884322
1,1,0.99400336
0,0,0.0024019524
0,0,0.0023573954
1,1,0.9645881
0,0,0.0021587117
1,1,0.99569416
0,0,0.0029054321
1,1,0.9488124
0,0,0.030865943
0,0,0.0019471722
1,1,0.9939399
1,1,0.998042
0,0,0.0024176328
1,1,0.95141596
0,0,0.01131159
0,0,0.0045324294
1,1,0.99845386
0,0,0.006555666
0,0,0.0021541407
0,0,0.0043025203
0,0,0.0033316207
0,0,0.006517854
0,1,0.89711225
0,0,0.0027033698
1,1,0.9959473
0,0,0.001951708
0,0,0.010266751
1,1,0.8841921
1,1,0.99753535
0,0,0.048975296
1,1,0.9975521
0,0,0.0016557595
1,1,0.9959837
0,0,0.0013772943
1,1,0.99461937
0,0,0.04440939
0,0,0.0026002526
0,0,0.0019383233
1,1,0.99549
1,1,0.97165394
0,0,0.002164704
0,0,0.0016519097
1,1,0.99467236
0,0,0.0024911019
0,0,0.001446763
0,0,0.0035229817
0,0,0.0025469637
1,1,0.99699926
0,0,0.0016733729
0,0,0.002089182
0,0,0.018605128
0,0,0.0016117356
0,0,0.0020827507
0,0,0.0022808295
0,0,0.002814478
0,0,0.0017015516
1,1,0.9963232
1,1,0.99710256
1,1,0.96933943
0,0,0.0055108597
1,1,0.9980141
0,0,0.13152292
0,0,0.0015793211
0,0,0.008447615
1,0,0.2467463
0,0,0.0037553567
1,1,0.9807326
0,0,0.0026102248
1,1,0.9936039
0,0,0.002454096
1,1,0.9985794
1,1,0.8877059
1,1,0.51727504
0,0,0.001733475
1,1,0.9930339
1,1,0.9911032
1,1,0.99422693
1,1,0.9870935
1,1,0.9976649
0,0,0.002097556
0,0,0.0028293664
1,1,0.9979791
0,0,0.003169388
1,1,0.99876213
0,0,0.0018791212
1,1,0.99766374
0,0,0.0026807743
1,1,0.99844366
0,0,0.0018313237
0,0,0.0017738948
0,0,0.0017350188
1,1,0.99722373
0,0,0.0017410889
0,0,0.32279664
0,0,0.0018071271
1,1,0.9976554
0,0,0.002911738
1,1,0.9550851
0,0,0.006415012
1,1,0.99684614
1,1,0.9919694
1,1,0.89196897
1,1,0.9959149
0,0,0.0024985382
1,1,0.9988912
0,0,0.0025371113
0,0,0.006150767
0,0,0.0027189406
0,0,0.0020272513
0,0,0.0018465294
1,1,0.9944606
1,1,0.9977254
1,1,0.9950653
0,0,0.0021558928
0,0,0.0017126587
1,1,0.9990067
0,0,0.0017496678
1,1,0.9983747
0,0,0.0023195203
0,0,0.001507577
1,1,0.99900335
0,0,0.0025129237
1,1,0.9989548
0,0,0.0038856615
1,1,0.9910801
1,1,0.9972964
1,1,0.98906493
0,0,0.0018509836
0,0,0.0023094853
1,1,0.95562226
1,1,0.99590176
0,0,0.0013652485
1,1,0.99001676
1,1,0.998705
0,0,0.0020953703
1,1,0.9989189
0,0,0.0019347519
1,1,0.99812204
0,0,0.030210815
1,1,0.76573986
0,1,0.8508376
1,1,0.99629647
1,0,0.0120359855
0,0,0.0024445446
1,1,0.99624544
1,1,0.9845211
1,1,0.9989261
0,0,0.005946659
1,1,0.99336076
1,1,0.9988047
1,1,0.9646146
1,1,0.9824948
1,1,0.7075408
0,0,0.001996726
0,0,0.0021851915
1,1,0.9961898
0,0,0.0019564808
1,1,0.9973743
0,0,0.007039545
0,0,0.0024651496
0,0,0.0043677916
1,1,0.8514265
0,0,0.00219316
1,1,0.96303856
1,1,0.99867827
1,1,0.9181069
1,1,0.9970714
0,0,0.0017271511
0,0,0.0018825982
0,0,0.0014927876
0,0,0.0025272067
0,0,0.0018948384
0,0,0.0022056208
1,1,0.99724966
1,1,0.5723068
1,1,0.986429
0,0,0.009172548
0,0,0.0018483767
0,0,0.0018094254
1,1,0.99732995
0,0,0.0027431105
1,0,0.3882646
0,0,0.0015907321
1,1,0.996425
0,0,0.0019347445
1,1,0.9990883
1,1,0.99589646
1,1,0.9875119
1,1,0.9804693
1,1,0.98094845
0,0,0.0014662672
0,0,0.021976953
0,0,0.005382808
0,0,0.012381965
1,1,0.9978727
0,0,0.0016709022
0,0,0.0016007905
1,1,0.99889153
0,0,0.007556679
1,1,0.99774265
0,0,0.003004563
0,0,0.002901026
0,0,0.0033921264
1,1,0.9933013
1,1,0.9983229
0,0,0.002401547
0,0,0.0024844594
1,1,0.9991623
1,1,0.9972218
1,1,0.98785806
0,0,0.030393895
1,1,0.99861765
1,1,0.98991346
1,1,0.9982797
0,1,0.669711
1,1,0.99485517
0,0,0.101958215
0,0,0.0021763782
1,1,0.99837166
0,0,0.002682225
0,0,0.0017515135
0,0,0.003746385
0,0,0.028063029
0,0,0.0014864171
0,0,0.0020981787
0,0,0.0017829863
1,1,0.99777526
0,0,0.002311521
0,0,0.0037424432
1,1,0.99884796
1,1,0.9986442
0,0,0.004994051
1,1,0.99136275
1,1,0.99761295
0,0,0.0030846114
1,1,0.99859685
0,0,0.02905735
1,1,0.9930629
0,0,0.43919694
0,0,0.001712352
0,0,0.002117472
1,1,0.994105
1,1,0.9955581
1,1,0.9986312
0,0,0.0045743007
0,0,0.032099567
0,0,0.0017233521
0,0,0.0024916835
1,1,0.9850307
1,1,0.9962537
1,1,0.9989403
0,0,0.0031542762
1,1,0.9806246
0,0,0.0024030507
1,1,0.99835616
0,0,0.38317776
0,0,0.0017761473
0,0,0.001492045
0,0,0.002536346
0,0,0.0019080025
0,0,0.0026612403
1,1,0.9939719
0,0,0.10116195
0,0,0.017484637
0,0,0.006648512
1,1,0.910959
0,0,0.0013202131
0,0,0.0020289575
1,1,0.98941445
0,0,0.002188967
1,1,0.9950493
1,1,0.89820856
1,1,0.998645
0,0,0.002050441
0,0,0.0033803403
1,1,0.7271372
1,1,0.99745077
1,1,0.99316484
0,0,0.0025048687
1,1,0.99887353
0,0,0.0018189783
0,0,0.001472144
0,0,0.0030193657
0,1,0.9760375
1,1,0.9960376
0,0,0.18895294
0,0,0.0022576635
0,0,0.0019455983
0,0,0.0020644257
1,1,0.9946667
0,0,0.0018519785
0,0,0.0049979035
0,0,0.0043236986
0,0,0.010397151
1,1,0.9694593
0,0,0.0017640633
1,1,0.9985979
0,0,0.0019896536
1,1,0.9988188
0,0,0.015118936
0,0,0.0059641665
0,0,0.003614335
0,0,0.0014494295
1,1,0.99854064
1,1,0.9277656
1,1,0.9958632
1,1,0.988381
1,1,0.9986082
0,0,0.008484185
0,0,0.003486975
0,0,0.002801825
1,1,0.99542457
0,0,0.0032009813
0,0,0.0018253792
0,0,0.08193268
0,0,0.001700669
1,1,0.99640346
0,0,0.0034428074
1,1,0.9951434
0,0,0.0015992983
1,1,0.9981192
0,0,0.0018172468
0,0,0.0020648767
1,1,0.99824274
1,1,0.99373627
0,0,0.0014598874
0,0,0.023588272
1,0,0.20342244
1,1,0.99759066
1,1,0.99691004
1,1,0.99842644
1,1,0.9917218
1,1,0.9932453
1,1,0.9986286
1,1,0.99916077
1,1,0.998917
0,0,0.008399265
1,1,0.75529665
1,1,0.74466753
1,1,0.99782664
1,1,0.99874866
1,1,0.99673444
1,1,0.99701947
0,0,0.0018333208
0,0,0.0020726605
1,1,0.9911384
1,1,0.99838173
0,0,0.005949027
0,0,0.0026779682
0,0,0.0018054097
1,1,0.9903195
1,1,0.9993113
1,1,0.9986743
0,0,0.0070041963
0,0,0.0015118166
0,0,0.0017502183
1,0,0.10310994
1,1,0.98958
0,1,0.6385337
0,0,0.0026506241
1,1,0.9267048
0,0,0.053391114
0,0,0.0016293407
0,0,0.0035046358
0,1,0.99416757
1,1,0.9978102
1,0,0.035609502
0,0,0.004153444
0,0,0.0017271757
0,0,0.0015735078
0,0,0.010942215
0,0,0.03862823
0,0,0.0014942383
1,1,0.99649614
0,0,0.0030325644
0,0,0.0058458406
0,0,0.0027683764
0,0,0.0018861883
1,1,0.9983615
1,1,0.991956
1,1,0.99576205
1,1,0.9987464
0,0,0.0062785666
1,1,0.9989348
1,1,0.9974577
0,0,0.39248407
0,0,0.0017747992
0,0,0.0039539873
1,1,0.9964971
1,1,0.9932848
0,0,0.0062285434
0,0,0.0023065337
0,0,0.00213808
0,0,0.0020921452
0,0,0.0067035295
1,1,0.9744848
0,0,0.0021678272
1,1,0.9766568
0,0,0.0015236434
1,1,0.98548156
0,0,0.0018235642
1,1,0.9965733
0,0,0.0015665966
0,0,0.009128691
1,1,0.9901182
0,0,0.008916236
0,0,0.0020693336
1,1,0.9936085
1,1,0.9783589
0,0,0.005862592
1,1,0.9848813
1,1,0.995742
1,1,0.9991239
1,1,0.99826163
0,0,0.012756623
1,1,0.9982253
1,1,0.9964927
0,0,0.004067765
1,1,0.99822587
1,1,0.9982357
1,1,0.9603624
1,1,0.93055594
1,0,0.36677158
0,0,0.005884281
1,1,0.9957717
1,1,0.9985781
1,1,0.99678516
1,1,0.9984963
1,1,0.99792457
1,1,0.99894744
0,1,0.9000664
0,0,0.01548015
0,0,0.057988897
0,0,0.008779105
0,0,0.0014045041
1,1,0.99764603
1,1,0.9975495
0,0,0.01106428
1,1,0.9891094
1,1,0.997988
1,1,0.998565
0,0,0.007962176
0,0,0.00198901
0,0,0.033120584
1,1,0.9662938
1,1,0.9965934
0,0,0.0025339779
1,1,0.91404843
0,0,0.0018393727
1,1,0.99871266
1,1,0.9981287
0,0,0.0016739689
1,1,0.9983102
0,0,0.0013654063
0,0,0.0024213677
0,0,0.0024576192
1,1,0.97757053
1,0,0.41848612
0,0,0.0021990908
1,1,0.99124724
1,1,0.9962992
1,1,0.9932766
0,0,0.002404448
0,0,0.0031876536
0,0,0.0014900551
1,1,0.95514244
1,1,0.9901093
0,0,0.0024008113
1,1,0.99385875
1,1,0.99854326
1,1,0.99863344
1,1,0.9975515
0,0,0.0017397361
1,1,0.9957593
0,0,0.032509502
1,1,0.99871385
1,1,0.9982615
1,1,0.9956748
1,1,0.996548
1,1,0.99847823
1,1,0.99662185
1,1,0.7258537
0,0,0.0020993175
1,1,0.9980969
0,0,0.0017539564
0,0,0.004135889
0,0,0.0016463184
1,0,0.085582204
0,0,0.02200878
0,0,0.0012474961
0,0,0.0021347608
0,0,0.004246546
1,1,0.99631774
0,0,0.0058370847
1,1,0.99735427
0,0,0.0021695609
0,0,0.0016838771
0,0,0.1466055
0,0,0.0085224
0,0,0.0019114838
1,1,0.9970349
1,1,0.9980895
0,0,0.0022111204
1,1,0.98915744
0,0,0.005806599
0,0,0.021017348
0,0,0.004360314
1,0,0.48068097
1,1,0.9961958
0,0,0.0022599355
1,1,0.9986701
1,1,0.9977246
0,0,0.008621619
1,1,0.99389607
0,0,0.0019935283
1,1,0.9023122
0,0,0.0020021545
1,1,0.9478199
0,0,0.0022774248
0,0,0.002486097
1,1,0.9987012
1,1,0.99687624
1,1,0.94324934
1,1,0.9965101
1,1,0.9977697
0,0,0.0020304567
1,1,0.9941571
1,1,0.965638
1,1,0.99810314
1,1,0.99025273
1,1,0.99341714
0,0,0.010052317
0,0,0.0026832677
1,1,0.9971469
1,1,0.69175786
1,1,0.99693525
0,0,0.0018782619
1,1,0.99915457
0,0,0.0016189389
1,0,0.45863834
0,0,0.0038271402
0,0,0.11885047
1,1,0.98722446
0,0,0.19045794
1,1,0.99632627
1,1,0.9968939
0,0,0.0018486478
1,1,0.9702593
1,1,0.98242813
0,0,0.0023448986
1,1,0.9730812
1,1,0.9949824
0,0,0.006046066
1,1,0.9078439
0,0,0.0031521495
1,1,0.98842573
1,1,0.9893617
1,1,0.99773127
1,1,0.99762124
1,1,0.99682355
0,0,0.0019007465
0,0,0.0023087205
0,0,0.001555619
0,0,0.0016824772
0,0,0.0023501273
0,1,0.79199773
0,0,0.0016297163
1,1,0.9952904
0,1,0.9477067
0,0,0.0016725893
1,1,0.9982622
1,1,0.9987828
0,0,0.0027500612
1,1,0.99874026
0,0,0.0024972716
1,1,0.99647397
1,1,0.9948748
1,1,0.97138435
1,1,0.9957404
1,1,0.997863
1,1,0.99877566
1,1,0.9961216
0,0,0.00857888
0,0,0.002049871
0,0,0.0021712047
0,0,0.00260511
1,1,0.9975337
1,1,0.9901633
0,0,0.003427857
0,0,0.0024220112
0,0,0.0015064864
1,1,0.99675804
0,0,0.0017729222
1,1,0.99803764
0,0,0.0128288325
0,0,0.007901892
0,0,0.0018148188
0,1,0.9186459
1,1,0.9978795
1,1,0.99786216
1,1,0.99673575
0,1,0.96433187
0,0,0.0020487886
1,1,0.9977283
1,1,0.99803156
1,1,0.99677604
1,1,0.992878
0,0,0.0019604848
0,0,0.28549045
1,1,0.9900153
1,1,0.98478854
0,0,0.0028417488
1,1,0.99850094
0,0,0.0021339322
0,0,0.0017471303
0,0,0.23427351
1,1,0.9942814
0,0,0.0020183078
0,0,0.003640109
0,0,0.0035001887
0,0,0.0017795127
1,1,0.99758637
0,0,0.012992101
0,0,0.023096878
0,0,0.0023087296
1,1,0.9954848
1,1,0.99866366
0,0,0.0041579194
0,0,0.0027174759
0,0,0.004094903
1,1,0.99902785
0,0,0.0024021913
0,0,0.0046342164
0,0,0.11599188
1,1,0.9786728
0,0,0.0016277817
1,1,0.9972766
0,0,0.0018856225
1,0,0.1856908
0,0,0.0030021046
1,1,0.99870825
0,0,0.0021543137
1,1,0.998374
1,1,0.99913245
1,1,0.95814115
1,1,0.99906
1,1,0.9988643
0,0,0.002440051
0,0,0.002080532
1,1,0.9884701
1,1,0.997658
1,0,0.0074899085
1,1,0.99813855
1,1,0.99845135
0,0,0.0017687768
1,1,0.9941801
1,1,0.9985843
1,1,0.99473333
0,0,0.0029449877
0,0,0.0022701728
0,0,0.0067156344
0,0,0.002512104
0,0,0.0016878102
1,0,0.4483443
0,0,0.0014594808
1,1,0.99734527
1,1,0.99886096
1,1,0.99361753
0,0,0.0019850517
0,0,0.0037939693
1,1,0.998811
0,0,0.004333528
0,0,0.0027735308
1,1,0.9899187
1,1,0.99549735
1,1,0.9946536
1,1,0.9946672
1,1,0.9975787
1,1,0.9987411
1,1,0.99706465
1,1,0.99541485
1,1,0.99890614
1,1,0.9947101
0,0,0.0015925886
1,1,0.9973532
0,0,0.0048858877
1,1,0.9184105
1,1,0.99647766
1,1,0.9985386
0,0,0.0055310796
0,0,0.0026143743
0,0,0.002745775
0,0,0.0023724923
1,1,0.9949463
0,0,0.0033267792
0,0,0.0019832992
0,0,0.0014282281
1,1,0.8723903
0,0,0.0016467511
1,1,0.9977749
0,0,0.0043677916
0,0,0.012450515
0,0,0.0031131464
1,1,0.994862
1,1,0.98161995
0,0,0.0020213963
0,0,0.001487436
1,1,0.99855274
0,0,0.004168437
1,1,0.99429756
1,1,0.98956245
0,0,0.008263469
0,0,0.0016028176
0,0,0.0014978837
0,0,0.0015101634
0,0,0.0018786778
0,0,0.0017476828
1,1,0.9901382
0,0,0.002358802
0,0,0.002805408
1,1,0.9986504
1,1,0.99880385
1,1,0.99143386
0,0,0.0017640869
1,1,0.9829233
1,1,0.99730575
1,1,0.99856746
1,1,0.9531517
1,1,0.9978199
0,0,0.0018865884
0,0,0.0018533912
1,1,0.9985844
1,1,0.99557835
0,0,0.006265267
1,1,0.97347414
1,1,0.99879694
1,1,0.99733233
0,0,0.0034525748
1,1,0.9960413
1,1,0.99858874
0,0,0.0073883333
1,0,0.0050838892
0,0,0.002223029
0,0,0.10050375
1,1,0.9986191
0,0,0.002278125
0,0,0.016309164
0,0,0.0021429493
1,1,0.9978073
0,0,0.001722258
0,0,0.002141981
0,0,0.009576905
1,1,0.9984586
1,1,0.997054
1,1,0.9983271
1,1,0.99899286
0,0,0.0050018807
1,1,0.99759287
1,1,0.99866927
1,1,0.99230677
0,0,0.0016839394
1,1,0.99613214
1,1,0.9989385
1,1,0.99897814
0,0,0.0023146174
0,0,0.0015672948
0,0,0.0016985427
0,0,0.100422345
1,1,0.99230766
0,0,0.0017223958
0,0,0.005372415
1,0,0.20454325
1,1,0.99802375
0,0,0.0048355856
1,1,0.9964953
1,1,0.7875623
1,1,0.987479
0,0,0.0026774157
1,1,0.98671407
0,0,0.001809633
0,0,0.003781004
1,0,0.009555784
1,1,0.99849534
0,0,0.0025984552
0,0,0.0020042278
0,0,0.0021463835
0,0,0.0042285924
1,1,0.9938729
0,0,0.0015593946
1,1,0.855477
1,1,0.99684465
1,1,0.99300426
1,1,0.97158945
0,0,0.0067547723
1,1,0.8285112
0,0,0.002971982
0,0,0.0017903943
1,1,0.99832827
1,1,0.9977441
1,1,0.99433184
1,1,0.9906069
0,0,0.0036348882
1,1,0.9960283
0,0,0.0023315395
1,1,0.99727255
0,0,0.0017795737
0,0,0.0018612691
1,1,0.9988696
0,0,0.0037277252
0,0,0.0057989955
0,0,0.0115992855
1,1,0.9386998
1,1,0.99777824
1,1,0.9772909
1,1,0.9980373
0,0,0.001962372
0,0,0.014330388
0,0,0.09860081
0,0,0.0030979863
1,1,0.99872094
0,0,0.001933661
0,0,0.026231173
0,1,0.9860532
1,1,0.98800176
1,1,0.99855083
1,1,0.99904007
0,0,0.011208679
0,0,0.0024317177
0,0,0.0015596993
0,0,0.0021426314
1,1,0.99782676
0,0,0.002961007
1,1,0.9981536
1,1,0.9832876
1,1,0.9945392
1,1,0.9986583
0,0,0.037321515
0,0,0.12217294
1,1,0.9986772
0,0,0.03597431
1,1,0.99571794
0,0,0.0026746206
1,1,0.99638015
0,0,0.005069819
1,1,0.9717506
1,1,0.98474485
1,1,0.99813336
1,1,0.97792596
0,0,0.0061943107
0,0,0.0016847564
1,1,0.9988954
1,1,0.9960373
0,0,0.0019775415
0,0,0.002297254
1,1,0.9986008
0,0,0.0022037954
1,1,0.63521975
0,0,0.0022795724
1,1,0.98549926
1,1,0.9971124
0,0,0.48399824
0,0,0.0060850736
0,0,0.0015997622
0,0,0.0015077909
0,0,0.0020266117
1,1,0.99755186
1,1,0.8930675
0,0,0.0022845394
0,0,0.0014108899
0,0,0.014471052
0,0,0.007464684
1,1,0.99368906
0,0,0.014445951
0,0,0.0017484274
0,0,0.004425556
1,1,0.9919335
1,1,0.9791231
1,1,0.68447447
1,1,0.9989743
1,1,0.99530727
1,1,0.99753666
1,1,0.98105824
0,0,0.030075258
1,1,0.999049
1,1,0.8495729
1,1,0.99757284
1,1,0.9983187
1,1,0.99841094
1,1,0.99549615
1,1,0.9971521
1,1,0.96510506
0,0,0.0015702179
1,1,0.9971698
0,0,0.0019473031
1,1,0.99623233
0,0,0.001491236
1,1,0.9971879
0,0,0.0020536205
0,0,0.001475355
1,1,0.99753356
1,1,0.9987174
1,1,0.99868613
0,0,0.003308417
1,1,0.9650835
0,0,0.0017358187
1,1,0.99584514
1,1,0.99274445
0,0,0.0019428356
1,1,0.9986909
0,0,0.0025049474
0,0,0.0021466285
1,1,0.99856204
1,1,0.9887096
1,1,0.99819106
0,0,0.0020788268
0,1,0.9861281
0,0,0.0029271925
0,0,0.0019318968
1,1,0.9952918
0,0,0.0036753963
0,0,0.13216089
0,0,0.0020953922
1,1,0.99569076
0,0,0.001704862
1,1,0.9512596
1,1,0.9988696
1,1,0.9925513
1,1,0.99801457
0,0,0.020815808
1,1,0.9907417
1,1,0.998026
0,0,0.0018758526
1,1,0.9975069
1,1,0.9984289
1,1,0.9982451
0,0,0.0019635425
0,0,0.002054385
0,0,0.0042558596
0,0,0.0022029737
1,1,0.99451715
1,1,0.9972851
0,0,0.003756638
0,0,0.0013775281
1,1,0.9837483
1,1,0.99818784
1,1,0.9985732
0,0,0.0018179
1,1,0.99076384
0,0,0.0017801785
0,0,0.0020204864
1,1,0.9923079
0,0,0.04909819
0,0,0.001691667
0,0,0.003578978
0,0,0.004754618
1,1,0.99872214
1,1,0.99545765
1,0,0.18298587
1,1,0.9982438
1,1,0.9924016
1,1,0.99270964
1,1,0.9378281
0,0,0.0026410823
0,0,0.0023457848
0,0,0.0030073568
1,1,0.99890196
0,0,0.17595795
1,1,0.9982241
1,1,0.9977769
0,0,0.003379653
0,0,0.002777386
0,0,0.001984332
1,1,0.99507034
0,0,0.0018461013
0,0,0.0017689267
1,1,0.9941136
1,1,0.996534
0,0,0.0020208335
1,1,0.9983725
0,0,0.029517379
1,1,0.9961689
1,1,0.7490759
0,0,0.0026548065
0,0,0.0019386607
1,1,0.94075704
0,0,0.014597579
1,1,0.9956151
0,0,0.0013265049
1,1,0.98883855
1,1,0.99345785
1,1,0.9873225
1,1,0.9981127
1,1,0.9863534
1,0,0.42174703
0,0,0.097737975
1,1,0.95440084
0,0,0.0036222534
0,0,0.016379891
0,0,0.0026876926
0,0,0.006899459
0,0,0.0015486638
0,0,0.004736834
0,0,0.0018927455
0,0,0.0029563927
1,1,0.9968022
0,0,0.08933489
1,1,0.98373795
1,1,0.9945733
1,1,0.9991272
1,1,0.99845815
0,0,0.01512533
0,0,0.0015721994
1,1,0.9991875
1,1,0.9972365
1,1,0.9898727
0,0,0.003644664
1,1,0.85226494
1,1,0.9971783
1,1,0.9851017
0,0,0.4559172
0,0,0.0034553455
1,1,0.99140054
1,1,0.99865985
0,1,0.9966742
0,0,0.002491899
1,1,0.5706969
1,1,0.9164468
0,0,0.079457276
1,1,0.9950826
0,0,0.4140852
0,0,0.001825677
0,0,0.0022951693
0,0,0.006274114
1,1,0.9983026
1,1,0.9930807
1,1,0.99164784
0,0,0.011143552
1,1,0.99792093
1,1,0.99239665
1,1,0.8804683
1,1,0.9958651
1,1,0.9927878
0,0,0.0028126277
1,1,0.9973127
1,1,0.999059
1,1,0.9915903
0,0,0.002358122
0,0,0.23343283
0,0,0.0017900143
0,0,0.0033839021
0,0,0.0013410775
0,0,0.0018393937
1,1,0.9976191
0,0,0.00670519
0,0,0.0015269237
0,0,0.0018253434
0,0,0.030594423
1,1,0.9876337
0,0,0.05034046
1,1,0.9947613
0,0,0.0034739461
1,1,0.9715347
0,0,0.0016826807
1,1,0.9959579
0,0,0.0027111403
0,0,0.0019935437
1,1,0.99772054
1,1,0.91438776
1,1,0.99811196
1,1,0.9486376
0,0,0.0019635444
0,0,0.010473894
0,0,0.001800331
1,1,0.9872422
1,1,0.99629325
0,0,0.0018857977
1,1,0.99814844
1,1,0.9987357
1,1,0.9989415
1,1,0.99857295
1,1,0.99858284
0,0,0.0025286567
1,1,0.99334806
1,1,0.9934946
1,1,0.99379706
0,1,0.7625041
1,1,0.98502386
1,1,0.999087
0,0,0.001592996
1,1,0.99666613
1,1,0.9689153
1,1,0.9988638
0,0,0.002134556
0,0,0.0021487847
1,1,0.9992587
0,0,0.0044907336
0,0,0.002672284
1,1,0.62063336
0,0,0.0038555944
0,0,0.3422097
1,1,0.9983877
0,0,0.0023190794
0,0,0.0017399886
0,0,0.1693153
0,0,0.0017599761
1,1,0.99785006
0,0,0.004606766
1,1,0.9976241
1,1,0.9755037
1,1,0.9932104
0,0,0.001572648
1,1,0.91945344
0,0,0.009421388
0,0,0.002193452
0,0,0.01964976
1,1,0.96491766
1,1,0.9964425
0,0,0.008165581
0,0,0.0020537886
0,0,0.007340544
1,1,0.9981558
0,0,0.0049496857
0,1,0.9623839
1,1,0.99840206
0,0,0.0017880048
1,1,0.9990409
0,0,0.0019577586
1,1,0.9978854
1,1,0.99712163
0,0,0.0025602363
0,0,0.003523862
1,1,0.9981571
0,0,0.007907396
1,1,0.99639064
1,1,0.9985599
0,0,0.0016926401
0,0,0.002763117
0,0,0.0021523938
1,1,0.9989064
1,1,0.999203
1,1,0.9979595
0,0,0.019617433
0,0,0.0018183178
1,1,0.99811447
0,0,0.0020664807
1,1,0.99776745
0,0,0.0025217598
0,0,0.0014936607
1,1,0.9864232
1,1,0.8931685
0,0,0.0018752724
0,0,0.0058233486
1,1,0.99553925
1,1,0.9964149
0,0,0.001961978
1,1,0.9959715
1,1,0.98910284
1,1,0.9986834
1,1,0.9692719
0,0,0.0018214484
1,1,0.9986689
0,0,0.0015446346
1,1,0.9982773
0,0,0.0018072969
0,0,0.001567826
1,1,0.9974251
1,1,0.99278814
1,1,0.99602926
0,0,0.0043103714
0,0,0.0014153718
1,1,0.9318732
0,0,0.001964825
0,0,0.012459595
1,1,0.9985518
0,0,0.0016753355
1,1,0.99808156
1,1,0.9966252
1,1,0.9819241
0,0,0.004667475
1,0,0.4751336
0,0,0.0025146755
0,0,0.0024678386
0,0,0.0037397614
1,1,0.9977569
0,0,0.003743078
0,0,0.003810354
1,1,0.9985606
0,0,0.0024750328
1,1,0.9977303
0,0,0.0017242933
0,0,0.0015795843
0,0,0.003983759
0,0,0.0021613294
0,0,0.0034953672
1,1,0.9904717
1,1,0.9980276
1,1,0.810205
0,0,0.0016992625
0,0,0.0021639194
1,1,0.9923011
1,1,0.98653805
0,0,0.005568411
0,0,0.00556726
1,1,0.9964497
1,1,0.99475765
0,0,0.0021433472
1,1,0.99433017
1,0,0.026997745
0,0,0.002872775
0,0,0.14780103
1,1,0.99504787
0,0,0.001559997
0,0,0.0016015391
0,0,0.023841098
0,0,0.0041773575
1,1,0.9853973
0,0,0.0029136934
1,1,0.9978923
1,1,0.98878574
0,0,0.008131833
1,1,0.8831551
1,1,0.99743575
0,0,0.0014585346
0,0,0.0019943889
0,0,0.0059014997
0,0,0.4488902
1,1,0.9982039
0,0,0.0012776174
0,0,0.002950042
0,0,0.0020178575
0,0,0.007982639
0,0,0.0024533323
0,0,0.00609736
1,1,0.99766326
1,1,0.9985226
0,0,0.0017561034
1,1,0.9963755
1,1,0.9932545
0,0,0.0015079473
1,1,0.99910647
1,1,0.99714607
1,1,0.985378
1,1,0.98570085
1,1,0.99217767
1,1,0.9927845
0,0,0.011546759
0,0,0.006732874
1,1,0.9982804
0,0,0.0019412886
0,0,0.018063439
1,1,0.99649125
1,1,0.9611998
1,1,0.995672
0,0,0.0026117295
1,1,0.9965078
1,1,0.9983596
1,1,0.9983015
0,0,0.0017427565
1,1,0.99440575
0,0,0.0026962326
0,0,0.048555844
1,1,0.997106
1,1,0.99783474
1,1,0.99132806
1,1,0.9861752
1,1,0.9852771
0,0,0.0016825798
1,0,0.12730496
0,0,0.012778098
0,0,0.0481217
1,1,0.9845105
1,0,0.007998914
1,1,0.9986947
1,1,0.9977926
0,0,0.0024894942
1,1,0.99560803
1,1,0.9897428
0,0,0.012373304
0,0,0.0021386365
1,1,0.99504685
0,0,0.0019655481
1,1,0.99388087
0,0,0.0041702106
1,1,0.998159
0,0,0.0019606042
0,0,0.0017477509
1,1,0.6137889
0,0,0.004587778
1,1,0.9983486
1,1,0.9980737
1,1,0.99824345
1,1,0.9933696
0,0,0.003794092
0,0,0.07460748
0,0,0.0018055178
1,1,0.99684477
1,1,0.99820983
0,0,0.0014075475
0,0,0.0034982832
1,1,0.99751115
1,1,0.9974669
0,0,0.0013884467
0,0,0.0014462665
1,1,0.9986014
1,1,0.994812
0,0,0.0025800772
0,0,0.002125675
0,0,0.0025868188
0,0,0.0020319528
1,1,0.9945104
0,0,0.0015385149
1,1,0.9989747
0,0,0.002090392
0,0,0.005507973
0,0,0.0027879237
1,1,0.9982261
1,1,0.75364155
0,0,0.009424173
0,0,0.0500943
1,1,0.99849296
0,0,0.0016013363
1,1,0.9983322
1,1,0.99642915
1,1,0.99630004
1,1,0.9984902
0,0,0.0021330898
0,1,0.98223615
1,1,0.99691004
0,0,0.0038551746
0,0,0.0023107799
0,0,0.0016159697
1,1,0.99868864
1,1,0.8928253
0,0,0.008637511
1,1,0.99795413
1,1,0.98613155
1,1,0.99716824
1,1,0.5453259
0,0,0.007422602
0,0,0.0018902204
1,0,0.26676983
1,1,0.99727553
0,0,0.0014344425
0,0,0.0042435033
1,1,0.99798346
0,0,0.0018776499
1,1,0.9981912
0,0,0.0058482583
1,1,0.9989334
1,1,0.99843436
1,1,0.9972675
1,1,0.75846255
0,0,0.0021958225
0,1,0.8434237
1,1,0.9903189
1,1,0.9948855
1,1,0.8240258
1,1,0.9989642
0,0,0.002482839
0,0,0.005848535
0,0,0.0019892468
0,0,0.0025655497
0,0,0.0023400378
0,0,0.0066159754
0,0,0.025763264
0,0,0.0020030853
0,0,0.00201365
0,0,0.001880227
1,1,0.9983748
0,0,0.00218454
1,1,0.9982659
0,0,0.0018521142
0,0,0.002922209
0,0,0.0018305017
0,0,0.0035202657
0,0,0.0013818284
0,0,0.011449702
0,0,0.0019467359
1,1,0.99689806
0,0,0.0016408679
1,1,0.97017246
1,1,0.99687237
0,0,0.0018006802
1,1,0.9961985
1,1,0.9401205
1,1,0.99287015
1,1,0.99893683
1,1,0.9943499
1,1,0.9986645
1,1,0.99742174
0,0,0.0019367114
1,1,0.9897239
1,1,0.9983785
1,1,0.998393
1,1,0.99412256
1,1,0.9899462
1,1,0.98832536
1,1,0.9814874
0,0,0.069415435
1,1,0.9864957
1,1,0.9215604
1,1,0.998971
0,0,0.0018997977
1,1,0.98725593
1,1,0.99789387
1,1,0.9878484
0,0,0.0022027662
0,0,0.0020150621
1,1,0.97765505
1,1,0.9990632
0,0,0.0015943395
0,0,0.002266387
0,0,0.0026401004
1,1,0.9914466
1,1,0.9550391
1,1,0.9944026
1,1,0.9947855
1,1,0.995507
0,0,0.001829494
1,1,0.9917299
1,1,0.9954348
0,0,0.0033215212
1,1,0.9983413
1,1,0.9987601
1,1,0.97454345
1,1,0.9088824
0,0,0.0026604661
1,1,0.9648269
1,1,0.7436591
1,1,0.90217227
0,0,0.0065798406
0,0,0.0068143895
0,0,0.0041826773
1,1,0.9235665
1,1,0.9605943
0,0,0.0020170307
0,0,0.002863664
0,1,0.6157032
1,1,0.9971796
0,0,0.0014890225
0,0,0.0015584506
0,0,0.001250038
1,1,0.9971488
1,1,0.95967406
1,1,0.9975937
1,1,0.7656967
0,0,0.0018096475
0,0,0.0017888416
1,1,0.9955408
0,0,0.014445843
0,0,0.0023398565
0,0,0.0024973883
0,0,0.001625097
0,0,0.003504662
0,0,0.0028140896
0,0,0.0087746205
1,1,0.99121326
1,1,0.9986355
0,0,0.0021300775
0,0,0.033551846
0,0,0.004392497
0,0,0.016299764
0,0,0.001983337
0,0,0.0023214913
0,0,0.033968065
1,1,0.99315876
1,1,0.9968767
1,1,0.9593342
1,1,0.99913603
1,1,0.9978199
1,1,0.99786276
0,0,0.005061074
1,0,0.030101003
1,1,0.9718536
1,0,0.019634157
0,0,0.004470913
1,1,0.90579087
1,1,0.9988582
0,0,0.07036643
0,0,0.0025180592
0,0,0.0016517084
0,0,0.004283375
0,0,0.20988104
0,0,0.0022788534
1,1,0.9985393
1,1,0.99863094
1,1,0.98600346
1,1,0.9982358
0,0,0.008160617
0,0,0.002546494
1,1,0.9782541
1,1,0.99648917
1,1,0.99438983
1,1,0.985195
0,0,0.02266331
1,1,0.9938525
1,1,0.99134904
0,0,0.009429589
1,1,0.9746318
0,0,0.42143214
1,1,0.9982167
1,1,0.98207456
0,0,0.0015250398
1,1,0.99756926
0,0,0.0017919639
1,1,0.9987275
0,0,0.0018255328
1,1,0.9981382
0,0,0.0020326183
1,1,0.99861217
0,0,0.0020266108
1,0,0.4694194
1,1,0.99505216
0,0,0.0020811558
0,0,0.0033200542
1,1,0.99884665
0,0,0.0039353566
0,0,0.0018725165
0,0,0.0050682654
1,1,0.99811894
1,1,0.996114
0,0,0.0026207117
1,1,0.9935953
0,0,0.070289105
1,1,0.9387833
0,0,0.005404385
0,0,0.0018088088
0,0,0.002183215
1,1,0.9990814
1,1,0.9988881
0,0,0.002031334
1,1,0.9982323
1,1,0.98800033
0,0,0.005965891
0,0,0.092141874
0,0,0.002794766
0,0,0.004939787
1,1,0.99748874
0,0,0.0104261385
0,0,0.007849788
0,0,0.0021362791
0,0,0.0017161464
1,1,0.99369967
1,1,0.9886982
1,1,0.99359655
0,0,0.0027045617
1,1,0.97132283
0,0,0.0014953058
1,1,0.99589866
0,0,0.0024528333
0,0,0.002486791
0,0,0.002485793
0,0,0.002236548
1,1,0.9964611
1,1,0.9876396
1,1,0.99837214
1,1,0.9990734
0,0,0.0017223796
1,1,0.99043477
0,0,0.0014421166
1,1,0.9974722
0,0,0.0020357089
1,1,0.997776
1,1,0.9781041
0,0,0.065170154
1,1,0.99174035
1,1,0.98610675
1,1,0.98422813
1,1,0.9502056
1,1,0.98514694
0,0,0.0021391974
0,0,0.0018790605
1,1,0.9977088
1,1,0.998865
1,1,0.9982108
0,0,0.002374843
0,0,0.001586737
0,0,0.0014166652
0,0,0.0020900439
0,0,0.0030632422
0,0,0.09034546
0,0,0.0019800437
1,1,0.99728596
1,1,0.99554765
0,0,0.0016597235
1,1,0.9969246
1,1,0.9982084
1,1,0.99524444
0,0,0.0013554486
1,1,0.99851745
1,1,0.99379647
1,1,0.9555995
1,1,0.99623173
0,0,0.004281803
1,1,0.9978594
0,0,0.0019720467
1,1,0.9975193
0,0,0.002137898
0,0,0.0017531627
0,0,0.015694764
1,1,0.99180627
0,0,0.0015563449
0,0,0.0027416798
0,0,0.005403624
0,0,0.13388681
0,0,0.0026500027
1,1,0.99098563
0,1,0.64554214
0,0,0.003212996
0,0,0.010310479
1,1,0.99484247
0,0,0.09114611
1,1,0.9929293
0,0,0.0065086805
0,0,0.0018023419
1,1,0.996079
0,0,0.0020042008
1,1,0.99791044
0,0,0.012551455
1,1,0.99652725
0,0,0.0023762283
1,1,0.99851364
1,1,0.9964495
1,1,0.98738384
0,0,0.023858888
0,0,0.0111643355
1,1,0.9983564
1,1,0.99764
0,0,0.0029459568
1,1,0.99634737
0,0,0.004913783
1,1,0.9986959
1,1,0.9964497
0,0,0.010275107
0,0,0.0022319676
1,1,0.97360784
1,1,0.99597234
1,1,0.99711394
1,1,0.99692374
1,1,0.99916923
1,1,0.99851316
0,0,0.0034401612
0,0,0.27621776
0,1,0.7421008
1,1,0.9979265
0,0,0.03211349
0,0,0.0017955891
0,0,0.0022347663
0,0,0.0028945205
1,1,0.9817462
0,0,0.0040597343
0,0,0.0021428126
0,0,0.0031643184
0,0,0.001564073
0,0,0.0013425415
0,0,0.0062607555
0,0,0.001803734
1,1,0.9934617
0,0,0.0030689267
0,0,0.031359144
1,1,0.97643363
1,1,0.9982431
1,1,0.9946127
0,0,0.0012903302
1,1,0.99851936
0,0,0.0017383952
1,1,0.9932806
0,0,0.13850468
0,0,0.0014876107
0,0,0.0040269988
1,1,0.9953459
0,0,0.0084619755
0,0,0.0030837276
0,0,0.0016710263
1,1,0.9957267
1,1,0.9954182
1,1,0.9977869
1,1,0.9935889
1,1,0.9985781
1,1,0.99758315
1,1,0.99526995
1,1,0.9990669
1,1,0.9980677
1,1,0.9914784
1,1,0.9867796
0,0,0.0014850511
0,0,0.0019951665
1,1,0.9954991
0,0,0.0019422431
1,1,0.9990646
0,0,0.027826829
1,1,0.9906386
0,0,0.002472287
0,0,0.0023337123
1,1,0.9991585
1,1,0.99853826
1,1,0.9984164
1,1,0.9979522
1,1,0.9989152
0,0,0.0021451672
1,1,0.9820531
1,1,0.99773717
0,0,0.0017704362
1,1,0.9962225
1,1,0.9956612
1,1,0.99786574
1,1,0.996561
0,0,0.0034812414
1,1,0.9963825
1,1,0.75223005
1,1,0.99851555
1,1,0.98884577
1,1,0.99839896
0,0,0.0015604309
1,1,0.9937279
1,1,0.9983265
1,1,0.9419165
0,0,0.004745646
0,0,0.0032849277
0,0,0.0019077174
1,1,0.96923983
0,0,0.0019078874
0,0,0.0023817036
1,1,0.99889934
1,1,0.99440235
1,1,0.99858296
0,0,0.0018201382
1,1,0.9939129
1,1,0.9974255
1,1,0.97787136
1,1,0.99705327
0,0,0.27882132
0,0,0.0018958985
1,1,0.9963684
0,0,0.002032852
1,1,0.9968119
0,0,0.005627716
1,1,0.99694484
0,0,0.0023465112
0,0,0.0077157547
1,1,0.9963812
1,1,0.99601245
0,0,0.0016942178
1,1,0.9299747
0,0,0.0022227417
0,0,0.0014407753
0,0,0.002364686
0,0,0.0110651655
1,1,0.9986959
1,1,0.9983027
1,1,0.9605533
1,1,0.9972023
0,0,0.0019082896
0,0,0.03740979
0,0,0.02835716
0,0,0.004111501
1,1,0.99838126
0,0,0.0020134002
1,1,0.99754506
1,1,0.9978708
0,0,0.00507703
0,0,0.018584426
1,1,0.98821324
1,1,0.98318243
0,0,0.002359352
1,1,0.99742633
0,0,0.004757105
1,1,0.99451315
0,0,0.0018802144
1,1,0.9958027
0,0,0.008006777
1,1,0.9972561
1,1,0.97733444
1,1,0.99176884
0,0,0.0022088585
0,0,0.001927408
1,1,0.92388177
1,1,0.99770147
0,0,0.007578984
1,1,0.98306227
0,0,0.0018316183
0,0,0.0019188001
1,1,0.9978313
1,1,0.9888576
1,1,0.99525344
0,1,0.6382954
0,0,0.0021599547
0,0,0.0020829034
1,1,0.8865412
0,0,0.0029089153
0,0,0.0019216742
0,0,0.0019959956
0,0,0.0016141599
1,1,0.8949177
0,0,0.0015353595
1,1,0.99749714
0,0,0.0024719997
0,0,0.0018912355
1,0,0.08392737
1,1,0.9991609
1,1,0.9702766
0,0,0.001692425
0,0,0.0016716438
0,0,0.00465359
0,0,0.0032959844
1,1,0.99883205
0,0,0.0024962341
1,1,0.9874271
0,0,0.013236723
0,0,0.002071168
1,1,0.9983456
0,0,0.073947996
0,0,0.0018872595
0,0,0.002969646
0,0,0.0016192996
1,1,0.9987783
1,1,0.95522684
0,0,0.0017764525
1,1,0.9943011
1,1,0.9785231
1,1,0.98081744
0,0,0.0019999326
1,1,0.99762803
0,0,0.0015848934
0,0,0.0021679464
0,0,0.0029038521
0,0,0.001593086
1,1,0.9988324
0,0,0.0017551784
1,1,0.9946578
1,1,0.9862481
1,1,0.9993394
0,0,0.002295045
0,0,0.0014197403
1,1,0.9989938
0,0,0.007241359
0,0,0.0017094251
1,1,0.99753726
1,1,0.99727815
1,1,0.99833137
0,0,0.07286035
1,1,0.9886828
1,1,0.9645961
0,0,0.0022559008
0,0,0.0012754616
1,1,0.99906045
1,1,0.9987625
0,0,0.0025977115
1,1,0.99730104
0,0,0.0031222207
1,1,0.7545677
1,1,0.99771273
0,0,0.002707618
0,0,0.14018434
0,0,0.016524611
1,1,0.8945179
0,0,0.0033162879
0,0,0.005672258
1,1,0.9799382
0,0,0.00848201
1,1,0.998489
1,1,0.9965352
1,1,0.9364093
1,1,0.9980118
1,0,0.024800504
0,0,0.0017592609
1,1,0.9926878
1,1,0.9360745
1,1,0.99695045
0,0,0.0020656127
0,0,0.007174388
1,1,0.97980314
0,0,0.0025008032
1,1,0.92932904
0,0,0.004740725
0,0,0.022306567
0,0,0.0027608275
1,1,0.55314255
1,1,0.97597355
1,1,0.96213305
1,1,0.9508904
1,1,0.9992987
1,1,0.9970867
0,1,0.94679815
0,0,0.0031413098
1,1,0.99834085
0,0,0.006924183
1,1,0.9992478
0,0,0.0016628593
1,1,0.9725866
0,0,0.46740583
0,0,0.0037630838
1,1,0.9948678
1,1,0.9944041
1,1,0.9974106
0,0,0.0017787243
0,0,0.0016804952
0,0,0.0018366091
0,0,0.0019492889
0,0,0.0022447319
1,1,0.998374
0,0,0.0017651612
1,1,0.98868775
1,1,0.99664295
1,1,0.9969056
1,1,0.9981408
1,1,0.99745685
0,0,0.0062237456
1,1,0.99692184
1,1,0.99839145
1,1,0.9953999
1,1,0.98707205
0,0,0.011361863
0,1,0.97707725
0,0,0.0019807024
0,0,0.003285707
1,1,0.9922273
0,0,0.0023620967
1,1,0.9899923
0,0,0.0021368768
0,0,0.0023339042
0,0,0.008131152
1,1,0.99834526
0,0,0.0034211366
0,0,0.0030138246
1,1,0.99880946
0,0,0.006702251
1,1,0.9929316
1,1,0.9984409
0,0,0.0017331955
1,1,0.9985563
0,0,0.0015240723
1,1,0.99638176
1,1,0.9976937
0,0,0.0034627933
0,0,0.0013866316
1,1,0.9959609
0,0,0.0013794105
1,1,0.9976355
1,1,0.99877805
0,0,0.001642897
0,1,0.5249372
1,1,0.89493674
1,1,0.99757993
1,0,0.02449085
1,1,0.9943129
1,1,0.9873926
0,0,0.0022120357
0,0,0.009029022
0,0,0.0017606801
1,1,0.99857366
0,0,0.0030650527
0,0,0.002759182
1,1,0.98919386
1,1,0.9975623
0,0,0.001613672
0,0,0.0016462806
0,0,0.006163443
0,0,0.0015325813
0,0,0.0015824657
1,1,0.9955165
0,0,0.0029891203
0,0,0.0017041487
1,1,0.9973443
1,1,0.983272
1,1,0.998643
0,0,0.019962827
0,0,0.045295406
0,0,0.0014807937
0,0,0.002541839
0,0,0.009033059
1,1,0.9789595
1,1,0.99892175
1,1,0.9987061
0,0,0.0017418922
1,1,0.9975504
0,0,0.0038864366
0,0,0.0025765283
1,1,0.9958112
0,0,0.0020063063
1,1,0.98912036
0,0,0.002199758
1,1,0.99463344
1,1,0.82686543
0,0,0.0022255245
1,1,0.99668306
1,1,0.9987109
1,1,0.9984907
0,0,0.0280579
0,0,0.0020973543
0,0,0.0015955179
0,0,0.009410366
0,0,0.001377974
1,1,0.9987746
0,0,0.0021824671
1,1,0.9896818
1,1,0.9989342
0,0,0.0015587668
1,1,0.9986541
1,1,0.987931
1,1,0.99625814
1,1,0.99319977
1,1,0.9964593
1,1,0.99559337
1,1,0.99801767
1,1,0.99866843
1,1,0.99728346
0,0,0.0043999082
0,0,0.0022275639
0,0,0.0040133223
0,0,0.0016280591
0,0,0.0024930835
0,0,0.0048629898
0,0,0.09448535
1,1,0.9945104
0,0,0.019493265
0,0,0.010467654
0,0,0.0020788705
1,1,0.99798524
0,0,0.004519132
1,1,0.99806064
1,1,0.9975197
1,1,0.9783392
1,1,0.9829994
1,1,0.9841158
1,1,0.9898873
1,1,0.996438
0,0,0.0019563616
1,1,0.9987041
0,0,0.026305322
1,1,0.9971769
0,0,0.0020923812
1,1,0.98650926
0,0,0.0022596323
1,1,0.9918258
0,0,0.0056365444
1,1,0.99588925
0,0,0.0025286805
1,1,0.9870014
1,1,0.99442047
0,1,0.98137236
0,0,0.0017176396
1,1,0.9979215
0,0,0.00260513
0,0,0.001928777
1,1,0.98966146
0,0,0.0018142685
1,1,0.50733733
0,0,0.002914706
0,0,0.008596671
1,1,0.99749714
0,0,0.0043762783
1,1,0.99744356
1,1,0.9953557
1,1,0.99735653
0,0,0.0020282432
1,1,0.9985746
0,0,0.013056504
0,0,0.0025096664
1,1,0.96287155
1,1,0.9981596
1,1,0.9984163
0,0,0.0024125227
1,1,0.99858415
0,0,0.0018521344
0,0,0.003410185
1,1,0.994822
0,0,0.00226006
0,0,0.001984673
0,0,0.004115017
1,1,0.99373686
1,1,0.99782985
1,0,0.22752185
0,0,0.0021379122
1,1,0.9956097
1,1,0.79431164
1,1,0.9983912
0,0,0.0019414434
1,1,0.99248624
0,0,0.002040183
1,1,0.99359787
0,0,0.0020771292
0,0,0.0029376154
0,0,0.005550867
1,1,0.99725
0,0,0.099536315
1,1,0.99857044
1,1,0.9986364
1,1,0.9988914
1,1,0.99806434
1,1,0.99315345
0,0,0.015808439
0,0,0.0017816748
0,0,0.0023639074
0,0,0.0014848427
0,0,0.0034981903
0,0,0.038026292
1,1,0.99769396
1,1,0.99839514
0,0,0.004639542
1,1,0.55429876
1,1,0.9940661
0,0,0.007323628
0,0,0.0023875
0,0,0.008262528
0,0,0.0018927716
0,0,0.2045749
0,0,0.0018781163
1,1,0.991748
0,0,0.0018359752
0,0,0.0029185489
0,0,0.00245316
1,1,0.99483997
1,1,0.9955872
1,1,0.9975535
1,1,0.99809283
1,1,0.99810314
0,0,0.0016077972
1,1,0.99803776
1,1,0.9957379
0,0,0.0026639162
1,1,0.97219545
0,0,0.0016019159
0,0,0.004625212
0,1,0.9824172
1,1,0.9986539
1,1,0.9910781
1,1,0.9893351
1,1,0.99481636
0,0,0.003801055
1,1,0.9896903
1,1,0.98530465
1,1,0.99865687
1,1,0.9929403
1,1,0.9970636
1,1,0.99645823
1,1,0.9965102
1,1,0.99545985
0,0,0.1235208
0,0,0.0015146423
1,1,0.9962967
1,1,0.9934191
1,1,0.9967745
0,0,0.0014012969
0,0,0.0075759077
1,1,0.9976127
1,1,0.9926455
1,1,0.998985
1,1,0.9974045
0,0,0.0016202135
1,1,0.95240164
1,0,0.0057172324
1,1,0.97445786
1,1,0.9978929
1,1,0.99817395
0,0,0.005269168
1,1,0.9930298
1,1,0.99649185
0,0,0.0026878384
0,0,0.0064998926
1,1,0.8778977
0,0,0.0077969204
0,0,0.0019148017
1,1,0.98694056
0,0,0.0016212171
1,1,0.99735826
0,0,0.0032131393
0,0,0.010737542
0,0,0.0038060017
1,1,0.9974905
0,0,0.002284709
0,0,0.0029447929
1,1,0.9970714
0,0,0.0013057963
1,1,0.9965077
0,0,0.005699916
1,1,0.99832255
0,0,0.0076348293
0,0,0.0013448009
1,1,0.99133915
1,1,0.995546
0,0,0.0018399522
0,0,0.0044989483
0,0,0.006603133
0,0,0.0019790733
1,0,0.06573489
0,0,0.0045828093
0,0,0.0018664313
1,1,0.9962161
0,0,0.0027688227
1,1,0.88762325
1,1,0.9977458
1,1,0.9932035
0,0,0.0025073434
0,0,0.0024828364
1,1,0.9976279
0,0,0.004574455
0,0,0.001798156
1,1,0.9964903
0,0,0.0035041827
0,0,0.0025521345
1,1,0.9946648
1,1,0.9986992
1,1,0.99868804
0,0,0.0017480404
1,1,0.9986767
1,1,0.9986765
1,1,0.815471
0,0,0.0026152795
1,1,0.9904082
0,0,0.0025578325
1,1,0.9553799
0,0,0.0021387464
0,0,0.0022302098
1,1,0.99877876
0,0,0.0013806663
0,0,0.0014784764
0,0,0.0032945997
1,1,0.99751055
0,0,0.0056422134
0,0,0.002865308
0,0,0.0021586225
1,1,0.9987153
1,1,0.99803144
1,1,0.99821955
0,0,0.0019351282
1,1,0.91462535
1,1,0.99657696
0,1,0.7432146
1,1,0.99729127
0,0,0.0021657178
0,0,0.0054884446
0,0,0.00249645
1,1,0.99726725
0,0,0.0025267375
1,1,0.9983051
0,0,0.0023628012
0,1,0.87295693
0,0,0.002098821
0,0,0.0015486269
0,0,0.003157641
0,0,0.0016640455
0,0,0.003668549
0,0,0.040102515
0,0,0.031430595
0,0,0.0017304362
0,0,0.0035643307
0,0,0.0020493388
0,0,0.006572146
1,1,0.9980015
0,0,0.0019777985
0,0,0.00488669
1,1,0.9957575
1,1,0.98982227
0,0,0.022923656
0,0,0.03314282
0,0,0.0028288283
1,1,0.99615663
1,1,0.9988933
0,0,0.0019095734
0,0,0.0038184351
0,0,0.0015803048
1,1,0.9968719
1,1,0.9871745
1,1,0.9982621
1,1,0.9964958
1,1,0.95354605
1,1,0.99764687
0,0,0.0019684583
0,0,0.001590851
0,0,0.0017468294
0,0,0.04934236
1,1,0.99867874
0,0,0.015845302
1,1,0.99669915
0,0,0.0018041984
1,1,0.99809784
1,1,0.99807584
0,0,0.0033776364
0,0,0.0061258376
1,1,0.99338406
0,0,0.0018833829
0,0,0.0021171053
0,0,0.0018579112
1,1,0.9980312
1,1,0.9967925
0,0,0.0024901016
0,0,0.007622894
0,0,0.15742426
1,1,0.8113711
1,1,0.997844
0,1,0.9193534
0,0,0.0020121809
0,0,0.0021010851
0,0,0.0020862373
1,1,0.9980959
1,1,0.9860319
1,1,0.99607205
1,1,0.95272076
1,1,0.98850167
1,1,0.9749947
0,0,0.0040886695
0,0,0.026863758
0,0,0.005006703
0,0,0.007712006
0,0,0.0035256674
0,0,0.0017987002
1,1,0.65676206
0,0,0.0016711935
0,0,0.0023899726
0,0,0.028279167
0,0,0.0019448707
1,1,0.9956103
0,0,0.001245007
0,0,0.007678544
0,0,0.0023677037
0,0,0.0018858918
1,1,0.9962302
1,1,0.9981097
0,0,0.0014978212
1,1,0.9977055
0,0,0.001985985
0,0,0.0017368599
1,1,0.9991667
0,0,0.0019179519
0,0,0.002647589
1,1,0.9902126
1,1,0.99763966
1,1,0.9983228
0,0,0.001784332
0,0,0.0016827838
0,0,0.0019334722
0,0,0.0018503853
0,0,0.0019408393
0,0,0.0023497317
0,0,0.00392735
0,0,0.002020445
1,1,0.9956929
0,0,0.0017034091
1,1,0.998865
0,0,0.003093916
0,0,0.2682631
0,0,0.0018372909
0,0,0.0025512376
0,0,0.0019628934
1,1,0.99555176
1,1,0.99837387
1,1,0.99898785
1,1,0.99870276
0,0,0.0025272255
1,1,0.9991929
1,1,0.99812895
1,1,0.99763286
1,0,0.24411587
1,1,0.9958402
0,0,0.0033487328
1,1,0.9973048
1,1,0.9965687
1,1,0.9968652
0,0,0.0014777663
0,0,0.00178268
0,0,0.0019270061
1,1,0.9910528
0,0,0.0018093125
1,1,0.9976286
1,1,0.998806
0,0,0.009888097
1,1,0.9944238
0,0,0.002357616
0,0,0.001859979
1,1,0.9177854
1,1,0.99449
1,1,0.9975942
1,1,0.981662
0,0,0.0025473214
0,0,0.002453722
0,0,0.002270004
1,1,0.9977099
0,0,0.0027083624
0,0,0.0015183042
1,1,0.9988771
0,0,0.0016199659
0,0,0.0085556405
0,0,0.007867016
1,1,0.99872154
0,0,0.0034217495
0,0,0.0023617113
1,1,0.9983564
0,0,0.0020618455
1,1,0.95155776
0,0,0.0017971976
0,0,0.0015106258
1,1,0.99651897
0,0,0.004436342
1,1,0.9988502
0,0,0.0018137401
1,1,0.9988372
1,1,0.99808574
1,1,0.99891615
1,1,0.9976004
0,0,0.0039086035
1,1,0.99918276
0,0,0.0016668569
0,0,0.0014666386
0,0,0.002383431
0,0,0.0022865913
1,1,0.99458814
0,0,0.00196273
0,0,0.0021773
1,1,0.9564642
0,0,0.0020993913
1,1,0.9968111
1,1,0.98640454
0,0,0.0017838699
1,1,0.9982455
1,1,0.9990312
1,1,0.98749745
1,1,0.9969868
0,0,0.0022985395
1,1,0.99473625
1,1,0.9983803
0,0,0.0022033856
0,0,0.00212727
0,0,0.0014342675
1,1,0.9986651
0,0,0.0018560357
0,0,0.0018318283
0,0,0.0019809562
1,1,0.9781521
0,0,0.0017714081
1,1,0.98945355
0,0,0.0026213785
0,0,0.003039394
0,0,0.0017273385
0,0,0.0142739415
1,1,0.98300016
0,0,0.0016714399
1,1,0.9965274
0,0,0.0048820544
0,0,0.0020376027
1,1,0.99819344
0,0,0.09890521
1,1,0.7638588
0,0,0.2897757
1,1,0.99307996
0,0,0.2831024
0,0,0.0014078035
1,1,0.9953178
1,1,0.94905907
0,0,0.002027562
1,1,0.8904308
0,0,0.0019322591
0,0,0.031056786
1,1,0.9925034
1,1,0.99818474
0,0,0.0015499059
1,1,0.9977125
1,1,0.99580234
0,0,0.0022363237
0,0,0.0017412092
0,0,0.0016158419
0,0,0.0014826963
0,0,0.0040069213
0,0,0.0017149036
0,0,0.0018932906
1,1,0.9942846
1,1,0.99884856
0,0,0.0025755381
1,1,0.9955201
1,1,0.9372189
0,0,0.0018612605
0,0,0.0019715626
0,0,0.10684717
1,1,0.9743483
1,1,0.9979905
0,0,0.001475662
0,0,0.0020798994
0,0,0.004394896
1,1,0.99866927
1,1,0.9971866
1,1,0.99849224
0,0,0.005061715
1,1,0.9976418
1,1,0.99781847
0,0,0.14346085
1,1,0.99587065
1,1,0.99035245
1,1,0.9987627
1,0,0.004852427
1,1,0.9986041
1,1,0.9988531
0,0,0.08098575
0,0,0.0073662233
0,0,0.0030113955
0,0,0.0022296049
0,0,0.0033718087
0,0,0.001857091
1,1,0.995561
0,0,0.0021018204
0,0,0.007202955
0,0,0.0027564568
1,1,0.99701357
0,0,0.0040099807
0,0,0.05178122
1,1,0.994812
1,1,0.994231
1,1,0.9982765
0,0,0.0017422803
1,1,0.9927913
0,0,0.003418861
1,0,0.36755684
1,1,0.9897265
0,0,0.0015889347
0,1,0.9594356
1,1,0.9975533
1,1,0.9897927
0,0,0.002442757
1,1,0.9876703
1,1,0.99488634
1,1,0.9985789
1,1,0.9986645
0,0,0.008274841
1,1,0.9991202
0,0,0.002043109
1,1,0.9987966
0,0,0.010229784
0,0,0.0020697745
1,1,0.9792206
1,1,0.99727243
1,1,0.98670584
1,1,0.99828064
1,1,0.9986455
1,1,0.9945075
0,0,0.0033582347
0,0,0.0071188975
0,0,0.0029995677
1,1,0.996414
1,1,0.99895954
1,1,0.9989359
0,0,0.0069995085
0,0,0.0066775284
1,1,0.993214
0,0,0.0014816576
1,1,0.99863976
0,0,0.055103626
0,0,0.0020771467
1,1,0.9986419
1,0,0.09268541
1,1,0.99653673
1,1,0.99617434
1,1,0.9989454
1,1,0.9966348
0,0,0.0020546468
1,1,0.9778672
1,1,0.9580779
1,1,0.74118507
0,0,0.0020543612
1,1,0.9954721
0,0,0.0023738851
0,0,0.001555416
1,1,0.98731846
0,0,0.0017217777
0,0,0.0022492646
1,1,0.99599516
1,1,0.9989814
0,1,0.94142
0,0,0.0017577778
0,0,0.14564572
0,0,0.002671608
1,1,0.99874425
1,1,0.99255085
1,1,0.99867946
1,0,0.0047101313
0,0,0.038182274
0,0,0.0020247155
1,1,0.99862504
1,1,0.9962924
1,1,0.9949167
0,0,0.0018789389
1,1,0.99651873
0,0,0.0031955147
1,1,0.92217124
0,0,0.001783101
0,0,0.002087225
0,0,0.0032650477
0,0,0.014045331
1,1,0.99758875
1,1,0.95406383
1,1,0.99373263
0,0,0.0020196019
1,1,0.99710816
0,0,0.0021298178
1,1,0.99398524
1,1,0.99778444
0,0,0.025220308
1,1,0.9982022
0,0,0.0059998697
0,0,0.012649926
1,1,0.9967474
1,1,0.9872716
0,0,0.03070234
1,1,0.9813432
0,0,0.0024571128
1,1,0.99068576
1,1,0.9940615
1,1,0.9251561
0,0,0.0019069966
1,1,0.99651164
0,0,0.022319842
1,1,0.9980977
1,1,0.96000254
1,1,0.98963225
0,0,0.0027077598
0,0,0.012516224
0,0,0.0024846299
0,0,0.019625245
0,0,0.0018406432
0,1,0.81895775
1,1,0.9967514
1,1,0.9986486
1,1,0.9861885
0,0,0.008713962
1,1,0.990144
0,0,0.0019556466
0,0,0.0018316758
1,1,0.9883762
1,0,0.10020549
0,0,0.0027869535
0,0,0.0013619427
1,1,0.99827147
0,0,0.0019636427
0,0,0.0020627927
0,0,0.0024344353
1,1,0.99878246
0,0,0.0020685706
1,1,0.54432476
1,1,0.9978066
0,0,0.007535389
1,1,0.99124944
1,1,0.99835855
0,0,0.0036418114
1,1,0.99816895
1,1,0.9938304
0,0,0.0020921095
1,1,0.99842715
1,1,0.9936
1,1,0.99681723
0,0,0.004806647
1,1,0.98489654
0,0,0.0023997552
0,0,0.002072554
0,1,0.9645239
1,1,0.99435014
0,0,0.0017133289
0,0,0.0021921676
1,1,0.9931299
1,1,0.9401795
0,0,0.0025248036
1,1,0.99369735
1,1,0.93606246
0,0,0.0016787642
0,0,0.0016310379
0,0,0.085174404
0,0,0.01965065
0,0,0.0020559821
1,1,0.9919823
0,0,0.22867244
1,1,0.7856049
1,1,0.9988488
0,0,0.0027856366
0,0,0.0018220814
1,1,0.99037445
0,0,0.0071288594
0,0,0.0016888606
0,0,0.0060706534
0,0,0.0020139022
1,1,0.99628985
1,1,0.98622245
1,1,0.9926927
1,1,0.99787545
1,1,0.9884366
1,1,0.51958644
1,1,0.9889653
1,1,0.99922585
0,0,0.002207456
1,1,0.9982547
1,1,0.7511183
1,1,0.9883995
1,1,0.99816775
1,1,0.9976305
1,1,0.5431658
0,0,0.0027077715
1,1,0.99882156
1,1,0.96459544
0,0,0.001998669
1,1,0.9940355
0,0,0.0020787886
0,0,0.0025171957
0,0,0.0022837461
0,0,0.0050021233
1,1,0.9764605
0,0,0.18992367
0,1,0.6949482
1,1,0.99865675
1,1,0.9875866
0,0,0.003449967
0,0,0.0013878717
1,1,0.99828905
0,0,0.0074274163
0,0,0.008906626
1,1,0.99763846
0,0,0.0016545352
0,0,0.03167769
1,1,0.99754333
0,0,0.0012388711
0,0,0.0015618169
1,1,0.9891662
1,1,0.9985061
1,0,0.05566439
1,1,0.9984664
1,1,0.98166394
0,0,0.002530815
0,0,0.003053276
0,0,0.0028291026
1,1,0.9968111
1,1,0.9222641
0,0,0.0015942849
1,1,0.9962894
1,1,0.99806005
0,0,0.00339381
0,0,0.011694057
1,1,0.92213726
0,0,0.0017745644
1,1,0.9626403
0,0,0.0120603675
1,1,0.9981805
0,0,0.046880864
0,0,0.0022329437
1,1,0.9865318
0,0,0.0038208212
0,0,0.0019131585
1,1,0.98825616
0,0,0.0017040262
1,1,0.99376845
0,0,0.006558785
0,0,0.0027649202
1,1,0.9988888
0,0,0.0077218
1,1,0.9990075
1,1,0.99723
1,1,0.9988764
0,0,0.0015909412
1,1,0.9953229
1,1,0.991783
1,1,0.99745697
0,0,0.0022162115
0,0,0.0023396483
1,1,0.9844864
1,1,0.99823594
0,0,0.0021127576
1,1,0.9946688
1,1,0.9990645
0,0,0.0033815291
0,0,0.002459564
1,1,0.9967031
0,0,0.0019560256
1,1,0.9610039
0,0,0.0018471157
0,0,0.042398058
0,0,0.0047983285
0,0,0.087114565
1,1,0.9685648
1,1,0.99823904
0,0,0.0032186252
1,1,0.9323427
0,0,0.21018532
0,0,0.0019003953
0,0,0.0018041529
0,0,0.001539721
0,0,0.0014266565
1,1,0.96694684
1,1,0.9546711
0,0,0.0029245995
0,0,0.0063234335
1,1,0.9963242
0,0,0.0023049607
0,0,0.0016911542
1,1,0.99547285
1,1,0.99770015
1,1,0.99152195
1,1,0.9945868
1,1,0.99748755
0,0,0.0040688966
1,1,0.9627049
0,0,0.0034713321
0,0,0.001734553
1,1,0.99918634
1,1,0.9959655
0,0,0.0020325545
1,1,0.9063672
1,1,0.9989385
1,1,0.9757329
0,0,0.0013811851
0,0,0.0017933855
1,1,0.9955284
0,0,0.0029196062
1,1,0.94120204
0,0,0.002671063
0,1,0.71179575
1,1,0.9934511
0,0,0.0019570524
0,0,0.0018132998
0,0,0.0014496463
1,1,0.998288
1,1,0.96773785
1,0,0.2876844
1,1,0.99467623
0,0,0.0025768417
1,1,0.9929482
1,1,0.9916005
1,1,0.99564916
1,1,0.99495065
1,1,0.99764997
1,1,0.99528897
1,1,0.99814415
1,1,0.99609405
0,0,0.0049975496
0,0,0.0067863115
0,0,0.0023005086
0,0,0.0019048786
0,0,0.0023944105
0,0,0.002907249
1,1,0.9963211
0,0,0.0022287925
0,0,0.0018273296
0,0,0.0027430607
1,1,0.99876726
1,1,0.9898525
1,1,0.9972799
1,1,0.99857545
1,1,0.99693847
1,1,0.9983347
0,0,0.0036102934
0,0,0.0032637476
0,0,0.0041171475
1,1,0.96895415
0,0,0.0015518537
0,0,0.006316259
1,1,0.9992993
1,1,0.9809265
0,1,0.9561388
0,0,0.0042236345
0,0,0.0016508003
1,1,0.99506664
0,0,0.0016242717
0,0,0.0022567026
1,1,0.99815756
1,1,0.99878114
1,1,0.9962453
0,0,0.0018678826
0,0,0.0015923748
0,0,0.0075909155
1,1,0.9969261
0,0,0.0019435533
1,1,0.9806358
0,0,0.0017071847
1,1,0.99771
0,0,0.0013402298
1,1,0.9956002
0,0,0.004175864
0,0,0.018540759
1,1,0.9714786
0,0,0.001838443
0,0,0.0022597786
1,1,0.9941157
1,1,0.9984877
1,1,0.99860626
0,0,0.00633284
1,1,0.9623343
0,0,0.0052680266
0,0,0.011606986
0,0,0.002088836
0,0,0.0026391726
1,1,0.8909945
0,0,0.0029899604
0,0,0.07996109
0,1,0.51900536
1,1,0.994921
0,0,0.04516823
1,1,0.99808013
0,0,0.0023108753
1,1,0.9652704
0,0,0.0076945033
0,0,0.0030344753
1,1,0.9682952
1,1,0.99773103
0,0,0.0031872385
0,0,0.005778025
0,0,0.0022720417
0,0,0.002899523
1,1,0.9971806
1,1,0.9885561
0,0,0.019472165
1,1,0.9942115
0,0,0.0027035188
0,0,0.0018745717
0,0,0.0026349702
0,0,0.0049667256
0,0,0.003286789
0,0,0.018392628
0,0,0.0016148193
0,0,0.0032170392
0,0,0.0022399132
1,1,0.99767333
0,0,0.0047145374
1,1,0.99429226
0,0,0.051468745
1,1,0.9960491
0,0,0.0018896807
0,0,0.0017472801
0,0,0.011501083
1,1,0.9992042
1,1,0.9988682
1,1,0.9975042
1,1,0.9953229
0,0,0.0020267593
0,0,0.0067520975
1,1,0.96929437
1,1,0.99881774
0,0,0.0020977207
0,0,0.02788414
1,1,0.99598444
1,1,0.9894504
0,0,0.0017224317
0,0,0.0017819494
0,0,0.0024417941
0,0,0.0017801295
1,1,0.9970016
1,1,0.99567944
1,1,0.9978089
1,1,0.9992544
1,1,0.98773974
0,0,0.00716249
1,1,0.96212435
0,0,0.0018824601
0,0,0.0017296802
0,1,0.8882614
1,1,0.9991955
1,1,0.99666446
1,1,0.98656344
1,1,0.99916947
0,0,0.0012740606
1,1,0.75611377
0,0,0.002468568
1,1,0.9990152
0,0,0.0018320995
1,1,0.9945803
1,1,0.98967326
0,0,0.0020419164
0,0,0.0014411797
1,1,0.9961784
0,0,0.01997658
1,1,0.9928945
0,0,0.008796546
1,1,0.998145
0,0,0.0015821417
1,1,0.988559
0,0,0.06742014
1,1,0.99848574
0,0,0.002087414
0,0,0.0024216154
0,0,0.0022350748
1,1,0.9918698
0,0,0.0015236557
1,1,0.97086304
0,0,0.0699202
0,0,0.28344673
0,1,0.8400052
0,0,0.003002918
1,1,0.99775106
1,1,0.99854195
0,0,0.007573728
1,1,0.9989894
0,0,0.0029353383
0,0,0.00190043
1,1,0.996599
0,0,0.0039412
1,1,0.9924946
0,0,0.0018078578
1,1,0.9962825
0,0,0.005235391
1,0,0.23545243
1,1,0.9976667
1,1,0.9988127
0,0,0.44892797
0,0,0.0020725934
0,0,0.013043865
1,1,0.9946262
1,1,0.99182254
0,0,0.0024059424
0,0,0.0025265093
0,0,0.20769858
1,1,0.99733907
0,0,0.0016202929
0,0,0.0019566405
1,1,0.99567956
0,0,0.0034293353
1,1,0.75250864
0,0,0.017494397
1,1,0.9958702
0,0,0.008737331
1,1,0.99667007
0,0,0.0023595798
0,0,0.0023234754
0,0,0.0058336467
0,0,0.016477779
0,0,0.0026245373
0,0,0.0016869168
1,1,0.991884
0,0,0.022028456
0,0,0.0018499462
1,1,0.849251
1,1,0.9978344
1,1,0.9958652
0,0,0.0125367725
1,1,0.99512154
0,0,0.001349451
0,0,0.001526143
1,1,0.8945035
1,1,0.99798715
1,1,0.99211735
0,0,0.0017935681
1,1,0.99704736
1,1,0.9988034
1,1,0.9961124
0,0,0.004287569
1,1,0.9890838
0,0,0.017320894
0,0,0.0022144197
1,1,0.99745494
1,1,0.97423935
0,0,0.0029347506
0,0,0.0017286612
0,0,0.0080043655
0,0,0.0022506798
0,0,0.0027885286
1,1,0.99795747
1,1,0.9989367
1,1,0.9908614
1,1,0.99807715
1,1,0.98654187
1,1,0.99793756
0,0,0.0022065707
0,0,0.0021882318
0,0,0.0020266573
0,0,0.002096189
1,1,0.9982943
1,1,0.9954006
0,0,0.002077058
1,1,0.9969081
0,0,0.002709714
1,1,0.9490387
1,1,0.6551491
0,0,0.17018174
0,0,0.0023294685
0,0,0.02463747
1,1,0.99676824
1,1,0.9983577
1,1,0.9846832
0,0,0.002046616
0,0,0.0017172252
1,1,0.7924543
1,1,0.99627715
0,0,0.0017093826
1,1,0.9955318
0,0,0.0023559502
1,1,0.99661106
1,1,0.99826354
0,0,0.0029460606
1,1,0.99656147
0,0,0.0020553921
0,1,0.8426458
1,1,0.99696773
1,1,0.99872535
1,1,0.9978921
1,1,0.98664504
0,0,0.0019665905
0,0,0.0017110027
0,0,0.0014814318
1,1,0.99780196
0,0,0.0019087112
0,0,0.001693633
1,1,0.9966499
0,0,0.0019111346
1,1,0.9784808
0,0,0.0020511886
0,0,0.001752833
1,1,0.99859077
1,1,0.99738353
0,0,0.0017510934
0,0,0.0041726865
0,0,0.012838045
1,1,0.9442168
1,1,0.9931185
1,1,0.99921966
0,0,0.0033893357
0,0,0.0019372386
0,0,0.003262392
0,0,0.0026434085
1,1,0.9981665
0,0,0.019771716
0,0,0.0014297365
1,1,0.9975076
1,1,0.9898583
0,0,0.0019227938
0,0,0.010448625
0,0,0.003114274
1,1,0.9983144
0,0,0.005983588
1,1,0.9976683
1,1,0.97125095
0,0,0.0082470225
1,1,0.9987809
1,1,0.9937419
1,0,0.035964753
1,1,0.9954609
1,1,0.9990338
1,1,0.9989011
0,0,0.0026408387
1,1,0.99622947
0,0,0.0020999808
0,0,0.0021905724
0,0,0.0027887933
1,1,0.99872357
1,1,0.99828535
1,1,0.9951702
1,1,0.99837446
0,0,0.0036026223
0,0,0.0037011446
1,1,0.99540114
0,0,0.019450745
1,1,0.9819603
1,1,0.9977344
1,1,0.9984962
0,0,0.0013656527
1,1,0.99898154
1,1,0.997971
1,1,0.9960878
1,1,0.87875605
1,1,0.9206351
1,1,0.9975304
1,1,0.9983424
1,1,0.9974656
0,0,0.004661318
0,0,0.0026341255
0,0,0.0020794808
0,0,0.001528502
0,0,0.0015520444
0,0,0.0074587865
1,1,0.99705696
1,1,0.99772674
0,0,0.0015937968
0,0,0.00311939
0,0,0.009044424
1,1,0.9966007
1,1,0.9871802
1,1,0.9961139
1,1,0.99781215
0,0,0.001529444
1,1,0.9975821
1,1,0.9927666
1,1,0.989045
0,0,0.0017315856
1,1,0.9986304
0,0,0.002020223
0,0,0.0032085076
0,0,0.110847935
0,0,0.0021417977
0,0,0.0016376897
0,0,0.0028819332
1,1,0.99841607
1,1,0.9989215
0,0,0.002490873
0,0,0.0069982954
0,0,0.0017235884
0,0,0.0020705764
0,0,0.011807022
1,1,0.9985784
0,0,0.0018593073
1,1,0.99733114
1,1,0.99729186
1,1,0.9872363
0,0,0.006563802
1,1,0.99889755
1,1,0.99916077
0,0,0.0016698175
0,0,0.0033932452
0,0,0.002546626
0,0,0.008292132
1,1,0.9887765
1,1,0.99439406
0,1,0.6286895
1,1,0.9932562
0,1,0.793723
0,0,0.0027503932
0,0,0.0018576956
0,0,0.0016275725
1,1,0.9832841
0,0,0.010315459
1,1,0.99889874
1,1,0.9871531
1,1,0.9882444
0,0,0.03969834
0,1,0.9787275
1,0,0.0077127805
0,0,0.0016387126
1,1,0.92683053
1,1,0.9973103
0,0,0.23144014
1,1,0.99833894
0,0,0.0017413916
0,0,0.0016592931
0,0,0.025911596
0,0,0.0035669466
1,1,0.9707037
1,1,0.9984169
1,1,0.99792445
1,1,0.9947753
1,1,0.9983543
0,0,0.0014913413
1,1,0.9979418
0,0,0.15463366
1,1,0.99766964
0,0,0.0061508436
0,0,0.0017746058
0,0,0.0018767411
1,1,0.99840707
1,1,0.9885975
0,0,0.0047559855
0,0,0.001711401
0,0,0.00231612
0,0,0.0026191978
0,0,0.0021837894
0,0,0.002342506
1,1,0.9981668
0,0,0.0015472024
0,0,0.002396513
1,1,0.98218405
0,0,0.0022224076
1,1,0.9985879
1,1,0.99623173
0,0,0.0023983573
0,0,0.0023296988
1,1,0.92484736
0,0,0.0017272201
1,1,0.99584216
1,1,0.9984388
0,0,0.0019707005
1,1,0.98077285
1,1,0.9978822
0,0,0.001509512
0,0,0.2580447
1,1,0.9979259
1,1,0.97522676
0,0,0.0017007354
1,1,0.9040129
1,1,0.986233
0,0,0.0017340577
0,0,0.0027825611
0,0,0.0033318456
0,0,0.0027707524
1,1,0.9715318
0,0,0.0018350808
0,0,0.0017839328
1,1,0.960968
1,1,0.85148203
0,0,0.0016939193
0,0,0.007594627
1,1,0.9846577
0,0,0.021273954
0,0,0.048286907
0,0,0.02037293
0,0,0.01217782
0,0,0.15118575
1,1,0.99227506
0,0,0.0016777511
0,0,0.0036160252
0,0,0.001596927
0,0,0.0049367794
0,0,0.0023194079
0,0,0.0020709587
1,1,0.7556858
0,0,0.003198656
1,1,0.9564025
1,1,0.9813369
1,1,0.9951213
0,0,0.002507396
1,1,0.96933043
1,1,0.99761367
1,1,0.9352303
0,0,0.0015238067
1,1,0.99001795
0,0,0.0016584354
1,1,0.9943374
1,1,0.9955936
1,1,0.9814419
1,1,0.74200594
0,0,0.10971094
1,1,0.9917331
0,0,0.009055923
1,1,0.99547285
1,1,0.9881593
1,1,0.9977677
0,0,0.0017682624
0,0,0.020469645
1,1,0.9981346
0,0,0.0018058823
0,0,0.0019130398
0,0,0.0016471377
0,0,0.0024423178
1,1,0.88459855
1,1,0.9965982
1,1,0.9976185
1,1,0.99513465
1,1,0.96100414
0,0,0.0023007996
1,1,0.99564195
0,0,0.001702023
1,1,0.9981659
1,1,0.9967687
0,0,0.0045713205
0,0,0.032249596
1,1,0.98913974
0,0,0.002976037
1,1,0.99675226
0,0,0.0013655337
1,1,0.9975533
1,1,0.9988003
1,1,0.99919933
1,1,0.99770737
0,0,0.0026548568
1,1,0.99198616
0,0,0.0046269502
1,1,0.99877924
1,1,0.9985923
0,0,0.0018881164
1,1,0.9918726
0,0,0.0015352352
1,1,0.9872803
0,0,0.0018167936
0,0,0.009033059
0,0,0.0017659696
0,0,0.0020364078
1,1,0.9751179
0,0,0.0077097155
0,0,0.0026909104
1,1,0.9875401
1,1,0.9971951
1,1,0.99663025
0,0,0.0020957862
0,0,0.0017937021
0,0,0.004361419
1,0,0.026709542
0,0,0.0035774796
0,0,0.0032017226
0,0,0.01732319
1,1,0.99608994
0,0,0.0014270344
1,1,0.99860376
1,1,0.99616975
1,1,0.89021593
0,0,0.0028912576
0,0,0.0015080438
0,0,0.0018532464
0,0,0.0021220755
0,0,0.0020031284
0,0,0.010610479
0,0,0.0017975072
1,1,0.8871663
0,0,0.0020565013
0,0,0.006392869
1,1,0.9975575
1,1,0.9966439
1,1,0.9987379
0,0,0.0032591685
1,1,0.9977424
1,1,0.99793506
1,1,0.9962469
1,1,0.9969842
0,0,0.013231983
0,0,0.0015239096
1,1,0.99758923
1,1,0.99899894
1,1,0.9836729
0,0,0.003252173
1,1,0.99898106
1,1,0.9375446
0,0,0.39627242
0,0,0.002608332
1,1,0.997216
0,0,0.0015654014
1,1,0.98730785
1,1,0.9951094
0,0,0.0014559216
0,0,0.0014147708
0,0,0.0016775778
1,1,0.9974806
1,1,0.99880564
1,1,0.99534047
1,1,0.99700934
0,0,0.0018124603
1,1,0.99867165
0,0,0.091172
0,0,0.0015961744
1,1,0.998417
0,0,0.0022801918
1,1,0.9972045
0,0,0.017857825
1,1,0.972444
0,0,0.0017635099
1,1,0.99724495
0,0,0.0023948983
0,0,0.0019508395
0,0,0.002261353
0,0,0.0019923353
1,1,0.99814
1,1,0.99495137
0,0,0.0016553885
0,0,0.002382202
0,0,0.0034080478
0,0,0.001553273
1,1,0.9989064
0,0,0.0026118488
1,1,0.99246174
0,0,0.17297776
1,1,0.9959907
0,0,0.005452817
1,1,0.96131986
1,1,0.96153176
1,1,0.9917412
1,1,0.9955983
0,0,0.0038018492
0,0,0.0021996368
0,0,0.015610933
0,0,0.0017667045
1,1,0.99854976
0,0,0.002896803
0,0,0.0018871012
0,0,0.0022425202
0,0,0.001661582
0,0,0.0017353814
0,0,0.0025540178
1,1,0.9871488
0,0,0.0021389704
0,0,0.057653148
1,1,0.99879634
0,0,0.01653109
0,0,0.07394707
1,1,0.9981306
1,1,0.99740905
1,1,0.998845
1,1,0.99590427
1,1,0.9982311
1,1,0.99740356
0,0,0.0018516495
0,0,0.041141827
0,0,0.019094605
1,1,0.9945905
0,0,0.0013854528
0,0,0.0018232212
0,0,0.0039257836
1,1,0.99853325
0,0,0.0017439198
1,1,0.99908185
0,0,0.0016499849
0,0,0.0025045755
1,1,0.9982462
1,1,0.9961687
1,1,0.99721056
0,0,0.001781735
0,0,0.0028491942
1,1,0.99754924
1,1,0.80385464
1,1,0.9977253
1,1,0.9974331
1,1,0.88537914
1,1,0.97064036
1,1,0.96170926
1,1,0.99814475
1,1,0.99846977
1,1,0.9983151
0,0,0.0038219446
1,1,0.990352
1,1,0.99813867
1,1,0.9977858
1,1,0.9784199
0,0,0.0023072655
1,1,0.9869077
0,0,0.042161074
0,0,0.0019396989
1,1,0.993745
0,0,0.0029242989
1,1,0.8708244
1,1,0.99834013
0,0,0.002126855
1,1,0.9985613
1,1,0.570665
1,1,0.99896765
1,1,0.99609035
1,1,0.99709344
1,1,0.88164026
0,0,0.001997664
1,1,0.998694
1,1,0.9985524
0,0,0.0015424629
1,1,0.9967506
0,0,0.0017113585
0,0,0.002266014
0,0,0.08183253
1,1,0.99598145
0,0,0.0068625784
1,1,0.9981421
1,1,0.9986463
1,1,0.9975932
0,0,0.0018712905
1,1,0.9925196
0,0,0.0015432813
0,0,0.0016392453
0,0,0.0018217553
0,0,0.0025199472
0,0,0.048392646
1,1,0.99819523
1,0,0.0035249137
1,0,0.17836326
0,1,0.9106724
0,0,0.0015895299
0,0,0.010462682
0,0,0.0017320407
1,1,0.9953242
1,1,0.99668944
1,1,0.9991418
1,1,0.99897397
0,0,0.0025749085
1,1,0.99887687
0,0,0.0017329322
0,0,0.0069821007
1,1,0.99920243
0,0,0.016523147
1,1,0.9981505
0,0,0.005476155
0,0,0.03806403
0,0,0.0027643393
1,1,0.9903052
1,1,0.9096737
1,1,0.9961041
1,1,0.9962245
0,0,0.0020691915
1,1,0.99854773
1,1,0.998862
0,0,0.0024279451
0,0,0.007629773
0,0,0.0016732742
1,1,0.9311321
0,0,0.002790067
0,0,0.0016404368
0,0,0.0018522587
0,0,0.0027887234
1,1,0.9977048
1,1,0.9975485
1,1,0.99627125
0,0,0.016824512
0,0,0.012005734
1,1,0.99386615
1,1,0.9975171
1,1,0.9977406
0,0,0.003045623
1,1,0.99542326
1,1,0.99590564
0,0,0.028781228
0,0,0.002150811
1,1,0.99639744
1,1,0.98388255
0,0,0.0016255466
0,1,0.96475905
0,0,0.0018868399
1,1,0.99896896
1,1,0.99831426
0,0,0.0016333768
1,1,0.997982
1,1,0.9418923
1,1,0.9987997
1,1,0.9954418
0,0,0.009552476
1,1,0.9979437
1,0,0.05820546
1,1,0.99229187
0,0,0.003934282
0,0,0.014391025
0,1,0.984533
0,0,0.0022070063
0,0,0.001740286
1,1,0.9984226
1,1,0.99853146
1,1,0.9972909
1,1,0.96262735
0,0,0.0014137324
0,0,0.0019588554
1,1,0.89853626
0,0,0.0025219785
0,0,0.0021388298
1,1,0.99788433
0,0,0.0015947251
1,1,0.9991567
0,0,0.0027773713
1,1,0.9972345
1,1,0.7287843
1,1,0.9938806
1,1,0.9985065
0,0,0.39389318
0,0,0.0025498886
1,1,0.9967529
0,0,0.0016186222
1,1,0.98874784
0,0,0.0019154897
1,1,0.99851936
0,0,0.30921328
0,0,0.002243961
0,0,0.031158969
1,1,0.9961152
0,0,0.0022839035
0,1,0.6035918
1,1,0.99775475
0,0,0.010183626
0,0,0.0026289718
1,1,0.9979249
1,1,0.99775535
1,1,0.9976954
1,1,0.99617237
1,1,0.9634529
1,1,0.9630695
1,1,0.99872833
1,1,0.9958247
0,0,0.069208205
1,1,0.9931378
1,1,0.9962465
1,1,0.99876237
0,0,0.002301829
0,0,0.0070637953
1,1,0.9886247
1,1,0.9987362
0,1,0.71308917
0,0,0.013369847
1,1,0.9982191
0,0,0.0020565798
0,0,0.0024672071
1,1,0.9539565
0,0,0.007503465
1,1,0.99573
1,1,0.99885607
1,1,0.99869883
0,0,0.0018259387
0,0,0.0036553282
0,0,0.002317599
0,0,0.0022667795
0,0,0.0022377968
1,1,0.99763834
0,0,0.001583744
0,0,0.007113628
1,1,0.99775046
1,1,0.99560577
0,0,0.0019227188
0,0,0.0020933424
1,1,0.9969488
0,0,0.00202052
0,0,0.0020677133
0,0,0.0037625637
0,0,0.0019569835
1,1,0.97611225
0,0,0.0022478998
0,0,0.0018686855
1,1,0.9988475
0,0,0.001721589
1,1,0.9932
1,1,0.9414959
0,0,0.11017576
1,1,0.9985367
0,0,0.0050692707
0,0,0.0025289992
1,1,0.9344025
0,0,0.025569305
0,0,0.0064362884
0,0,0.0036512115
0,0,0.0030504048
0,0,0.0022272652
1,1,0.9968641
0,0,0.006896395
1,1,0.99811906
1,1,0.98382694
0,0,0.002032855
1,1,0.99723214
1,1,0.99181855
0,0,0.0027960078
1,1,0.99847895
0,0,0.0021423786
0,0,0.0029523754
0,0,0.0018203163
0,0,0.08181559
0,0,0.001634535
0,0,0.0023579686
1,1,0.9070581
0,0,0.001675093
0,0,0.0016997512
1,1,0.9958995
1,1,0.99475634
0,0,0.0019117511
1,1,0.9905686
1,1,0.993807
0,0,0.0033242346
0,0,0.0017325561
1,1,0.6028019
0,0,0.0048951055
1,1,0.9985802
0,0,0.001966125
1,1,0.9842174
1,1,0.99860424
0,1,0.51645416
1,1,0.99646723
0,0,0.0018854924
1,1,0.99842924
1,1,0.9990632
0,0,0.0031885963
1,1,0.9905285
0,0,0.002293362
1,1,0.9967616
0,0,0.010578416
0,0,0.018914204
1,1,0.99663144
1,1,0.9988877
1,1,0.9978877
0,0,0.0017955423
1,1,0.99732363
0,0,0.0015520517
0,0,0.0017965689
1,1,0.9932361
1,1,0.9931068
0,0,0.0017094429
0,0,0.0015449639
0,0,0.0029991288
1,1,0.9988091
1,1,0.9951265
0,0,0.0071360865
0,0,0.002128822
1,1,0.9940691
0,0,0.005659919
1,1,0.9981085
1,1,0.9470773
0,0,0.0017976321
0,0,0.0015427399
0,0,0.0017459566
0,0,0.0040957904
0,0,0.0016398889
1,0,0.01880213
1,1,0.99805117
0,0,0.0025598845
0,0,0.001917428
1,1,0.99615544
1,1,0.99533033
1,1,0.998456
1,1,0.9942713
1,1,0.9973877
0,0,0.0064923493
1,1,0.9959286
0,0,0.0018681803
1,1,0.9970229
1,0,0.078017555
0,0,0.002465865
1,1,0.99393433
1,1,0.99546283
0,0,0.0019188157
1,1,0.94158405
0,0,0.16917323
1,1,0.9985232
0,0,0.002110024
1,1,0.9941754
0,0,0.0026355416
1,1,0.9068433
0,0,0.0052932207
0,0,0.0017364648
1,1,0.9958931
0,0,0.0015541547
1,1,0.9718756
1,1,0.99883133
1,1,0.99794906
0,0,0.0027213604
1,1,0.9988986
1,1,0.9983858
1,1,0.99781656
1,1,0.9979043
1,1,0.9974074
0,0,0.0027810372
1,1,0.9963965
1,1,0.9709036
0,0,0.0020473446
0,0,0.0017089564
0,0,0.0018179708
0,0,0.0030516495
0,0,0.0014662768
0,0,0.0040305327
1,1,0.9988902
0,0,0.12849493
1,1,0.9949019
1,1,0.99891627
1,1,0.997589
1,1,0.9983601
0,0,0.001707226
0,0,0.29778817
1,1,0.9975197
1,1,0.99898404
0,0,0.0030201268
0,0,0.0023245444
0,0,0.0015981551
0,0,0.0056064967
1,1,0.99795246
0,0,0.0015070892
1,1,0.9988701
1,1,0.9836013
0,0,0.0022444758
0,0,0.0015997385
1,1,0.99900997
1,1,0.9624847
1,1,0.9987507
1,1,0.9966924
1,1,0.9922444
1,1,0.99667263
1,1,0.9981351
1,1,0.99840146
0,0,0.0023408772
1,1,0.9936473
1,1,0.99670416
1,1,0.9984939
1,1,0.87277526
1,1,0.99830365
0,0,0.019451972
0,0,0.0063221124
0,0,0.0020176931
0,0,0.0024355033
0,0,0.004609824
0,0,0.0026946932
0,0,0.010850045
0,0,0.004361297
0,0,0.0051865675
0,0,0.001855255
0,0,0.0017810396
0,0,0.006893205
1,1,0.9969988
0,0,0.19383782
0,0,0.0016888034
0,0,0.0024470435
0,0,0.018762462
1,0,0.36425456
1,1,0.9978668
0,0,0.0024549086
0,0,0.015329197
1,1,0.9965424
1,0,0.20811099
0,0,0.0018734185
0,0,0.0024885684
1,1,0.99760264
1,1,0.9975489
1,1,0.8204693
1,1,0.99791056
0,0,0.0017038536
1,1,0.9981128
0,0,0.0024256434
1,1,0.9986564
0,0,0.049467556
1,1,0.97513086
0,0,0.0022428234
1,1,0.99641365
0,0,0.0071248715
1,1,0.9983126
0,0,0.002210889
1,1,0.99818844
0,0,0.0052146018
1,1,0.9968353
0,0,0.0021492734
1,1,0.99900347
1,1,0.99779737
0,0,0.0025027012
1,1,0.9988343
1,1,0.98565906
0,0,0.021045512
1,1,0.94452363
0,0,0.11414799
1,1,0.99829096
1,1,0.9698869
0,0,0.0016325575
1,1,0.988381
1,1,0.97366095
1,1,0.99835914
0,0,0.0038176444
0,0,0.006060115
1,1,0.9951055
0,0,0.0028863268
1,1,0.99818355
0,0,0.0047565023
1,0,0.004027934
0,0,0.0033952745
0,0,0.025565041
0,0,0.0020490177
0,0,0.0020194903
0,0,0.0051820967
0,0,0.003254599
1,1,0.996289
0,0,0.002797677
0,0,0.032551732
1,1,0.9981871
1,1,0.9966331
1,1,0.9894851
0,0,0.012523344
0,0,0.0019939893
1,1,0.9945831
0,0,0.0046219346
0,0,0.0032569573
0,0,0.019453913
1,1,0.9981694
0,0,0.0016215366
1,1,0.98522586
0,0,0.003118637
0,0,0.002324488
1,1,0.9369449
1,1,0.9985415
0,0,0.0039743553
0,0,0.08072736
0,0,0.007753585
1,1,0.99853885
1,1,0.9956126
0,0,0.0022124453
0,0,0.0022789359
1,1,0.9969687
1,1,0.99872273
0,0,0.033653177
1,1,0.9963754
1,0,0.30517185
1,1,0.99003685
0,0,0.0019119967
1,1,0.97010416
1,1,0.99840945
0,0,0.0045937896
0,0,0.037231565
0,0,0.006448295
0,0,0.0045140074
1,1,0.9951835
0,0,0.0034856196
1,1,0.9967487
0,0,0.01606176
0,0,0.0015899872
1,1,0.99879885
1,1,0.99533504
0,0,0.002883405
1,1,0.9978908
1,1,0.99634737
0,0,0.003541406
0,0,0.013511968
1,1,0.9974648
1,1,0.98996556
1,1,0.9908738
1,1,0.9959363
0,0,0.003100213
0,0,0.0014970369
1,1,0.9918926
0,0,0.014294056
0,0,0.0017511683
1,1,0.9983151
1,1,0.99765295
0,0,0.0061295545
0,0,0.0015043698
0,0,0.0017727999
0,0,0.0029072284
0,0,0.0016925354
0,0,0.004323313
1,1,0.98449904
1,1,0.9956115
1,1,0.96543014
1,1,0.94357634
1,1,0.99811494
0,0,0.003940188
0,0,0.0019324918
1,1,0.9905137
0,0,0.0040107425
1,1,0.99778664
0,0,0.0027801874
0,0,0.021072585
0,0,0.004022629
0,0,0.0029776108
0,0,0.005514412
1,1,0.98812276
1,1,0.9983335
0,0,0.0023515676
1,1,0.99729496
0,0,0.1462423
0,0,0.0045048203
1,1,0.99770904
1,1,0.9981232
0,0,0.00158695
0,0,0.0019703957
1,1,0.984405
0,0,0.0017710591
1,1,0.9978254
1,1,0.9925956
1,1,0.9729293
1,1,0.9907918
1,1,0.9962974
1,1,0.99648297
1,1,0.99851614
0,0,0.0025927778
1,1,0.9959688
0,0,0.0018430743
1,1,0.9976509
0,0,0.005008473
0,0,0.0022110024
0,0,0.0014474234
0,0,0.0040837056
0,0,0.014369992
1,1,0.9989813
1,1,0.9702984
0,0,0.002412173
0,0,0.0023045419
0,0,0.0017570164
1,1,0.99537635
0,0,0.0015556946
1,1,0.99766195
0,0,0.0028113695
1,1,0.99406755
1,1,0.99583566
0,0,0.0018029707
1,1,0.9972127
0,0,0.03198836
0,0,0.0015056976
1,1,0.9676536
1,1,0.9977557
1,1,0.997329
1,1,0.99795
0,0,0.0022296507
0,0,0.0019234548
0,0,0.00603066
0,0,0.0028624758
1,1,0.97196263
1,1,0.99435693
0,0,0.018182565
0,0,0.0021047466
0,0,0.0015544997
1,1,0.9973236
0,1,0.9792404
1,1,0.99093425
1,1,0.9983411
0,0,0.0038758253
0,0,0.0029653218
0,0,0.0053856894
1,1,0.99636155
1,0,0.04598668
0,0,0.0019624692
1,1,0.9607116
1,1,0.990008
1,1,0.9967616
1,1,0.9770496
1,1,0.99497366
0,0,0.0024161453
0,0,0.0018608166
1,1,0.99716824
1,1,0.9958846
1,1,0.9806384
0,0,0.001708854
1,1,0.9980464
0,0,0.023913607
1,1,0.93978626
1,0,0.22918287
0,0,0.0018820569
1,1,0.998877
1,1,0.9993198
0,0,0.004673014
0,0,0.015528625
0,0,0.0015991057
0,0,0.02499881
0,0,0.0015968599
0,0,0.14004381
0,0,0.0018894398
1,1,0.9972356
0,0,0.0022819082
1,1,0.8597595
1,1,0.9987778
0,0,0.0030686054
0,0,0.0029123349
1,0,0.041012194
0,0,0.0034610066
0,0,0.0016015231
1,1,0.99913245
0,0,0.0013424227
1,1,0.99908435
1,1,0.9914117
0,0,0.002910242
0,0,0.002490598
0,0,0.0013202627
0,0,0.0017106314
0,0,0.0020713422
1,1,0.9977508
1,1,0.99864453
0,0,0.2328946
1,1,0.9985733
1,1,0.9930472
0,0,0.0018195057
1,1,0.99824905
1,1,0.9990539
1,1,0.99011093
1,1,0.9975217
0,0,0.0019446487
0,0,0.0013654864
1,1,0.9945528
1,1,0.99764305
0,0,0.0020088905
0,0,0.0014649132
1,1,0.994822
0,0,0.0017645143
0,0,0.0032414189
0,0,0.0015286308
0,0,0.0045706606
1,1,0.99496645
0,0,0.0016464172
0,0,0.006444413
0,0,0.0022463044
1,1,0.9966518
0,0,0.0013799223
1,1,0.9968522
1,1,0.9978667
1,1,0.99874204
0,0,0.0022530754
0,0,0.0044065826
0,0,0.0014057591
0,0,0.0016063972
1,1,0.99865085
1,1,0.9993235
1,1,0.9957052
0,0,0.0017495587
1,1,0.9948242
0,0,0.0013313042
0,0,0.007815232
1,1,0.8555554
1,1,0.9988047
0,0,0.0019448088
0,0,0.002469217
1,1,0.96127766
1,1,0.98121566
1,1,0.99785197
0,1,0.58314997
0,1,0.9812794
1,1,0.99816185
1,1,0.97565746
0,0,0.0017067858
1,1,0.9989188
0,0,0.0016805418
1,1,0.99312156
0,0,0.008877038
1,1,0.9892754
1,0,0.37250146
0,0,0.0027385864
1,1,0.9897065
0,0,0.0017292142
0,0,0.09497515
0,0,0.0019113881
1,1,0.947363
1,1,0.99773103
0,0,0.001667934
1,1,0.9963211
0,0,0.01368048
0,0,0.2600472
0,0,0.0020451497
0,0,0.001724903
0,0,0.009476985
1,1,0.9977975
0,0,0.001782416
1,1,0.99594265
0,0,0.0016901321
0,0,0.0021119688
0,0,0.0015028543
1,0,0.24080299
1,1,0.9980862
0,0,0.015427469
0,0,0.0014391054
1,1,0.77212626
0,0,0.0057332735
1,1,0.9975921
0,0,0.051773556
0,0,0.006018679
1,1,0.99192214
1,1,0.99819833
0,0,0.0016488087
1,1,0.99664515
1,1,0.9940059
0,0,0.0024754095
0,0,0.30897063
0,0,0.0017408801
0,0,0.0015727332
1,1,0.9974139
0,0,0.0017881205
1,1,0.9988286
0,0,0.001661087
1,1,0.9985884
0,0,0.0017308885
0,0,0.0053386125
0,0,0.007119393
0,0,0.02221426
0,0,0.0019250527
1,1,0.9967835
1,1,0.9989838
1,0,0.018539561
1,1,0.9901693
1,1,0.99797386
0,0,0.0014794165
1,1,0.9967526
1,1,0.99902797
0,0,0.0041039325
1,1,0.9797046
1,1,0.95692444
0,0,0.036541462
1,1,0.98517287
1,1,0.9979062
1,1,0.9837953
1,1,0.99862707
1,1,0.9982048
1,0,0.4113343
1,1,0.9988932
1,1,0.54300874
0,0,0.0018795881
1,1,0.990973
0,0,0.0038868776
0,0,0.002305509
0,0,0.008174681
1,1,0.99867886
1,1,0.998044
0,0,0.07662089
0,0,0.0014640439
0,0,0.0019060767
1,1,0.99390817
0,0,0.003954776
1,1,0.99853694
0,0,0.001598812
0,0,0.0069988654
0,0,0.013083019
1,1,0.9985373
1,1,0.9987367
1,1,0.99739325
0,1,0.5130553
0,0,0.001794177
0,0,0.0019605332
0,0,0.0016013852
1,1,0.9973049
1,0,0.0056711584
1,1,0.84835577
1,1,0.9968278
1,1,0.9942812
0,0,0.0013647191
1,1,0.9992274
0,0,0.003915181
0,1,0.8002062
1,1,0.99261355
1,1,0.9754596
0,0,0.00837799
1,1,0.9863534
1,1,0.9976714
1,1,0.9977724
0,0,0.4961623
0,0,0.0020884154
0,0,0.018861558
0,0,0.0017489434
0,0,0.0063254056
1,1,0.99532855
0,0,0.0019933889
0,0,0.0041404953
0,0,0.001997494
0,0,0.0018955556
1,1,0.99415034
1,1,0.9691584
1,1,0.9737004
0,0,0.004888748
0,0,0.0019199026
0,0,0.016952071
1,1,0.9990396
1,1,0.9991128
0,0,0.0028291403
1,1,0.9982869
0,0,0.0018526448
1,1,0.99188644
1,1,0.99860615
1,1,0.9295897
1,1,0.9974003
0,0,0.0072669312
0,0,0.00199339
0,0,0.0040045152
0,0,0.0021584325
1,1,0.9442435
0,0,0.0032685474
0,0,0.0019705174
1,1,0.9988502
1,1,0.9971439
1,1,0.9874708
1,1,0.99741083
1,1,0.9836367
1,1,0.9986607
1,1,0.9970637
1,1,0.99330246
0,0,0.0082495315
1,1,0.99452233
1,1,0.94358504
1,1,0.98031676
1,1,0.9760789
0,0,0.0015175347
0,0,0.0013975191
1,1,0.9718436
1,1,0.99826837
0,0,0.0016903428
1,1,0.99802786
1,1,0.9987006
0,0,0.002325573
0,1,0.8384461
0,0,0.0021073984
1,1,0.9973151
0,0,0.481262
0,0,0.0029759775
0,0,0.031530395
0,0,0.0012858222
0,0,0.0020328108
0,0,0.0026492116
1,1,0.99687934
1,1,0.9987888
0,0,0.0020126177
1,1,0.99787927
0,0,0.019089764
1,1,0.96531117
1,1,0.99831665
0,0,0.0015974529
1,1,0.9960587
1,1,0.9971042
0,0,0.0016116236
0,0,0.0015819812
1,1,0.98782337
0,0,0.0018860266
1,1,0.9641083
0,0,0.0027889567
1,1,0.99529195
1,1,0.9976725
0,0,0.125906
1,1,0.9984503
1,1,0.99000204
0,0,0.0020635123
1,1,0.9991335
1,1,0.99742824
1,1,0.99800116
1,1,0.97530127
1,1,0.94856834
0,0,0.002223989
0,0,0.0021704992
0,0,0.0019358101
0,0,0.0014709934
0,0,0.001802515
0,0,0.0039087813
1,1,0.99758065
1,1,0.9953667
0,0,0.0019669076
0,1,0.64735717
1,1,0.99512875
1,1,0.99399406
1,1,0.9551298
1,1,0.9979146
1,1,0.9895955
0,1,0.8434237
0,0,0.0019804903
1,1,0.92914295
1,1,0.99926776
0,0,0.07621845
1,1,0.99745256
0,0,0.002346193
1,1,0.9859584
0,0,0.0015269107
1,1,0.99138314
0,0,0.005793445
1,1,0.9904795
0,0,0.005923882
1,1,0.99027306
1,1,0.99185514
0,0,0.002758021
0,0,0.0076707588
0,0,0.0015342539
1,1,0.9982064
1,1,0.9942595
1,1,0.9975944
0,0,0.0036528546
1,1,0.99548304
1,1,0.97040606
1,1,0.9931179
1,1,0.99742895
0,0,0.0014971059
0,0,0.0046569933
1,1,0.9984124
1,1,0.998676
0,0,0.046609234
0,0,0.00167481
0,0,0.1684687
0,0,0.002252456
1,1,0.99811816
1,1,0.99315685
0,0,0.0015188899
0,0,0.0019300947
1,1,0.99507254
1,1,0.9363527
0,0,0.0015950282
1,1,0.977567
1,1,0.9979044
1,1,0.99665594
0,0,0.00870419
1,1,0.9989876
0,0,0.0014200798
0,0,0.003323429
1,1,0.9957789
0,0,0.0017053824
0,0,0.0052892882
1,1,0.9980981
1,1,0.9936579
0,0,0.0022392184
1,1,0.99436826
0,1,0.8988203
0,0,0.0025896574
0,0,0.006163752
0,0,0.0027100795
0,0,0.002222951
0,0,0.005187143
1,1,0.9972657
1,1,0.9950596
1,1,0.9852592
0,0,0.0030881853
1,1,0.9964522
0,0,0.0012792294
1,1,0.78264296
1,1,0.9976891
0,0,0.04546289
0,0,0.002204665
1,1,0.9984035
0,0,0.002792825
1,1,0.997644
1,1,0.99352175
1,0,0.026930368
1,1,0.99862695
0,0,0.001409806
1,1,0.99720323
1,1,0.99523854
0,0,0.0024656644
0,0,0.0018349114
1,1,0.9981641
1,1,0.99075574
1,1,0.9986279
1,1,0.97605544
0,0,0.0020309186
1,1,0.99840146
1,1,0.92576605
1,1,0.9984018
1,1,0.99726
1,1,0.9983113
0,0,0.001579882
1,1,0.98471063
0,0,0.0020615414
0,0,0.0022822511
0,0,0.005069713
1,1,0.99895954
1,1,0.99802953
1,1,0.99856985
1,1,0.9940469
1,1,0.97540104
0,0,0.0051074787
1,1,0.9971495
0,0,0.0027407112
1,1,0.9986817
0,0,0.04104846
1,1,0.99004096
0,0,0.0014005852
1,1,0.9911247
0,0,0.019695332
0,0,0.002941751
1,1,0.99628556
1,1,0.9972114
1,1,0.9978644
1,1,0.99845076
1,1,0.82392734
1,1,0.9735348
0,0,0.014956146
0,0,0.0032474848
1,1,0.9945952
0,0,0.07763032
0,0,0.0018858319
1,1,0.9978397
1,1,0.89250726
0,0,0.0018152203
1,1,0.99284184
1,1,0.9991093
1,1,0.95347625
1,1,0.9828966
0,0,0.005903833
0,0,0.0024835665
1,1,0.98609275
0,0,0.0025249931
0,0,0.0016240136
0,0,0.0034964983
0,0,0.0017711064
1,1,0.99860424
0,0,0.001537967
0,0,0.0017810938
1,1,0.99618465
0,0,0.0015190995
0,0,0.005337147
0,0,0.0028156869
0,0,0.0022359216
0,0,0.056061447
0,0,0.0022619858
1,1,0.99858
1,0,0.16124828
0,0,0.0019183243
1,1,0.9962399
1,1,0.99887496
0,0,0.0028726687
0,0,0.0019021998
0,0,0.0034678914
0,0,0.0018197292
1,1,0.9882486
0,0,0.00555482
1,1,0.9729416
0,0,0.0020080358
0,0,0.0066854306
0,0,0.0027019973
1,1,0.99858
0,0,0.0062340894
1,1,0.9943851
0,0,0.0023823632
1,1,0.9789313
1,1,0.9993166
0,0,0.0016913039
1,1,0.9981178
1,1,0.958063
0,0,0.0019657323
1,1,0.99815196
1,1,0.98973304
1,1,0.95068204
1,1,0.76875
1,1,0.9937416
1,1,0.9942266
0,0,0.002471473
0,0,0.1605933
0,0,0.028775632
0,0,0.0025102862
0,0,0.0022158138
1,1,0.99335253
1,1,0.9989017
0,0,0.0022985176
0,0,0.0016075999
1,1,0.9972857
0,0,0.008552251
0,0,0.02614106
0,0,0.006928463
1,1,0.99766207
1,1,0.99740404
0,0,0.0047716745
0,0,0.008458375
0,0,0.0063548023
1,1,0.9928958
1,1,0.99483585
0,0,0.07015704
0,0,0.002992806
0,0,0.004620959
1,1,0.9937808
1,1,0.9990841
1,1,0.9989656
0,0,0.0016121401
0,0,0.0027332117
1,1,0.9584193
1,1,0.93520194
1,1,0.975311
0,0,0.0020622618
0,0,0.0024219123
0,0,0.003627084
0,0,0.10000176
1,1,0.9975183
1,1,0.9966215
0,0,0.0025607417
1,1,0.99421823
1,1,0.9852127
0,0,0.00251707
1,1,0.97576886
0,0,0.21716478
1,1,0.9987463
0,0,0.0024655275
0,0,0.0026229913
0,0,0.0029324219
0,0,0.0030444176
0,0,0.060506653
1,1,0.9981811
1,1,0.9990578
0,0,0.002300082
0,0,0.0012044504
1,1,0.9972138
0,0,0.043207705
0,0,0.002642487
0,0,0.0023444435
0,0,0.0017016069
0,0,0.0054260558
1,1,0.99318236
0,0,0.01790426
1,1,0.9903116
0,0,0.0018242977
1,1,0.9931075
0,0,0.0022353618
0,0,0.00225265
0,0,0.0052724937
0,0,0.0015805322
0,0,0.0057255435
1,1,0.99488294
0,0,0.0017674228
0,0,0.0021767158
0,0,0.008484185
0,0,0.0018479563
0,0,0.0016015124
1,1,0.9800131
1,0,0.0056011905
0,0,0.0019750295
1,1,0.9964462
0,0,0.002517369
0,0,0.003096838
1,1,0.99577737
0,0,0.004867537
0,0,0.0016854736
0,0,0.18655428
0,0,0.0019387807
0,0,0.0045860643
0,0,0.0021695078
0,0,0.0024529337
0,0,0.0019423696
1,1,0.99928063
1,1,0.9657236
0,0,0.003386048
0,0,0.0052538253
1,1,0.9969618
0,0,0.09343828
1,1,0.9911719
0,0,0.008913247
1,1,0.97543555
0,0,0.08433575
0,0,0.007431245
1,1,0.996287
0,0,0.0022306268
1,1,0.99618465
0,0,0.0016574385
1,1,0.9985424
0,0,0.0014504077
1,1,0.9965132
0,0,0.0024785108
0,0,0.0020955566
1,1,0.9966587
0,0,0.001833435
0,0,0.00505512
0,0,0.002113164
1,1,0.99875057
1,1,0.97227806
1,1,0.9977227
0,0,0.0018973931
1,1,0.99831164
1,1,0.99817336
0,0,0.007878495
1,1,0.9988288
1,1,0.99811757
0,0,0.0019979181
1,1,0.9970293
0,0,0.007016312
0,0,0.0026649272
1,1,0.99893266
0,0,0.0025343492
1,1,0.9982839
0,0,0.046556544
0,0,0.13181642
0,0,0.0016595443
0,0,0.001833744
0,0,0.0029260614
1,1,0.9982601
1,1,0.97971123
0,0,0.002584041
0,0,0.0038701557
0,0,0.0014862183
1,1,0.9933397
1,1,0.9949425
0,0,0.0021499968
0,0,0.068393946
0,0,0.0032077453
1,1,0.8592411
0,0,0.0022088764
0,0,0.0018336577
0,0,0.0017097195
1,1,0.996825
0,0,0.004621213
0,0,0.002087884
1,1,0.70443857
1,1,0.9877379
1,1,0.9987192
1,1,0.99707663
0,1,0.85463804
0,0,0.0016464281
1,1,0.9968437
0,0,0.0020977256
0,0,0.0018839156
1,1,0.99888784
0,0,0.0016164216
0,0,0.017340073
1,1,0.997917
0,0,0.010783764
1,1,0.96437675
1,1,0.99343216
0,0,0.003366454
1,1,0.9929628
1,1,0.99822384
0,0,0.0023373521
0,0,0.004621799
1,1,0.98659444
0,0,0.002314708
1,1,0.9817109
0,0,0.0014858879
0,0,0.0021176322
0,0,0.002327294
1,1,0.98726195
0,0,0.0020505718
0,1,0.7548448
0,0,0.0035993818
0,0,0.021644112
0,0,0.0037531452
1,1,0.9979703
1,1,0.99727196
0,0,0.0021305021
1,1,0.9979487
0,0,0.0017876762
1,1,0.99677026
1,1,0.98863375
0,0,0.002909723
0,0,0.0044091903
0,0,0.1477824
0,0,0.015165002
0,0,0.0015362266
0,0,0.001811395
1,1,0.99330175
1,1,0.9915896
0,0,0.003627077
0,0,0.0022951171
0,0,0.0019108552
1,1,0.77275085
1,1,0.9993254
1,1,0.97806895
0,0,0.0018464951
0,0,0.0018154038
1,1,0.99563086
1,1,0.9972638
0,0,0.0016148624
1,1,0.9896679
1,1,0.9984004
0,0,0.017016916
1,1,0.9983022
1,1,0.99820876
0,0,0.001912258
1,1,0.9824095
1,1,0.99222296
0,0,0.0021488818
1,1,0.99864537
1,1,0.98776996
1,1,0.93006885
0,0,0.019245256
0,0,0.0015398529
1,1,0.9991412
0,0,0.0026216607
0,0,0.0015841502
0,0,0.034019303
0,0,0.0022283918
1,1,0.9953376
0,0,0.0034575139
1,1,0.9966175
1,1,0.99847597
0,0,0.0034078863
1,1,0.9862635
0,0,0.021208387
1,1,0.995096
0,0,0.0018551083
1,1,0.99128705
0,0,0.0017074082
1,1,0.99182034
0,0,0.0037798479
0,0,0.0024529733
0,0,0.14554654
1,0,0.026714303
0,0,0.0041119675
0,0,0.25088903
1,1,0.9975547
1,1,0.9982211
0,0,0.042735968
1,1,0.9945479
1,1,0.99891007
0,0,0.0017079561
1,1,0.9421991
0,0,0.0031820254
1,1,0.99728596
0,0,0.002220387
1,1,0.9977215
1,0,0.04623644
1,1,0.9934417
0,0,0.0024724093
0,0,0.002897522
1,1,0.99535686
1,1,0.9462732
0,0,0.13020913
0,0,0.0028461467
1,1,0.99164635
0,0,0.001967684
0,0,0.002079275
1,1,0.99563
1,1,0.9989299
0,0,0.0067872372
1,1,0.9928871
0,0,0.0013610427
1,1,0.9215057
1,1,0.9978124
0,0,0.0084340535
1,1,0.99851376
0,0,0.0018418273
0,0,0.017287258
1,1,0.99499065
1,1,0.99711096
0,1,0.98782665
1,1,0.9895152
0,0,0.0017279423
0,0,0.002629865
1,1,0.9969752
1,1,0.9928443
1,1,0.9972524
0,0,0.001746718
1,1,0.95421857
0,0,0.0016951034
0,0,0.002144112
1,1,0.9749297
0,0,0.01826226
1,1,0.9952596
0,0,0.014082357
0,0,0.0017527078
0,0,0.0017226206
1,1,0.89718854
1,1,0.998735
1,1,0.99821377
0,0,0.08366249
0,0,0.0016393228
0,0,0.0016068248
0,0,0.0022121938
0,0,0.0017060968
0,0,0.0018395652
0,0,0.001844063
1,1,0.9847547
1,0,0.35269916
1,1,0.99545383
0,0,0.0032602053
0,0,0.006142265
1,1,0.9890366
0,0,0.0024423678
1,1,0.9986681
1,1,0.99802846
1,1,0.9983753
0,0,0.0015168318
0,0,0.0029862612
0,1,0.63923013
0,0,0.0018350423
1,1,0.9981205
1,1,0.9987453
0,0,0.006822662
1,1,0.99286133
1,1,0.99862516
1,1,0.96791303
1,1,0.99769586
1,1,0.9887734
0,0,0.00513052
0,0,0.0034839553
0,0,0.10840799
0,0,0.002053298
1,1,0.9967901
0,0,0.0014853856
1,1,0.9929611
1,1,0.9925291
0,0,0.0015069304
1,1,0.99904054
1,1,0.99652916
0,1,0.6021682
1,1,0.9877093
1,1,0.9973937
0,0,0.0030585132
1,1,0.9535708
0,0,0.009230034
0,0,0.0022090015
1,1,0.99724495
0,1,0.5589364
0,1,0.7347017
1,1,0.9974113
0,0,0.0023465701
0,0,0.0016751951
1,1,0.9983455
1,1,0.99569416
0,0,0.0038470216
0,0,0.0016725472
1,1,0.81621516
1,0,0.08350036
0,0,0.00600293
0,0,0.0926875
1,1,0.9485265
1,1,0.99823594
0,0,0.00843644
0,0,0.47180438
1,1,0.9975963
1,1,0.9974062
1,1,0.9983164
1,1,0.9989415
1,1,0.99388415
0,0,0.0035997373
1,1,0.99840826
0,0,0.002060545
0,0,0.004025478
0,0,0.0023419198
1,1,0.98309225
0,0,0.0027774547
1,1,0.99742115
1,1,0.9980059
0,0,0.002005672
0,0,0.0022045327
1,1,0.9954086
1,1,0.9906871
1,1,0.9972613
1,1,0.9980737
0,0,0.0025459707
1,1,0.98785853
0,0,0.0018847801
0,0,0.0019595465
0,0,0.0018458412
0,0,0.0018610646
1,1,0.98999155
1,1,0.97631216
1,1,0.9886763
0,0,0.001990403
0,0,0.0015888672
1,1,0.9889221
0,0,0.0013018431
1,1,0.9971455
0,0,0.001611537
1,1,0.99763393
1,1,0.9857675
0,0,0.001805211
1,1,0.9702322
1,1,0.99855405
0,0,0.0052224686
0,0,0.0036472238
1,1,0.991711
1,1,0.99843854
1,1,0.99907374
0,0,0.0022354482
1,1,0.9962836
0,0,0.004664297
1,1,0.99714965
0,0,0.036512803
1,1,0.9981645
1,1,0.9988146
0,0,0.00655363
1,1,0.99321175
0,0,0.0019675398
1,1,0.99888843
1,1,0.99686146
0,0,0.08783086
1,1,0.9984322
0,0,0.0017831246
1,1,0.95619935
0,0,0.0019340825
0,1,0.8187383
1,1,0.9943189
0,1,0.7534779
0,0,0.0065281815
0,0,0.017710738
0,0,0.004330079
1,1,0.7154161
1,1,0.99754673
1,1,0.8696105
0,0,0.0020632746
0,0,0.008605754
0,0,0.0021397306
0,0,0.0019259371
1,0,0.22515513
1,1,0.98818654
1,1,0.99470395
1,1,0.9907437
0,0,0.0034185657
1,1,0.9980825
1,1,0.9942128
0,0,0.0036276267
1,1,0.99409395
0,0,0.0015530504
1,1,0.99464524
1,1,0.9332646
1,1,0.9990238
0,0,0.004466192
0,0,0.003191418
0,0,0.11915984
1,1,0.97291696
0,0,0.0024003454
0,0,0.0019001712
1,1,0.9971565
1,1,0.995175
1,1,0.9877659
0,0,0.1846915
0,0,0.0016931383
1,1,0.99780816
0,0,0.0021399292
1,1,0.9960393
0,0,0.0023047808
1,1,0.99310327
1,1,0.79949075
1,1,0.9971841
1,1,0.9971457
1,1,0.9607804
0,0,0.0029567527
1,1,0.9983511
1,1,0.98744327
0,0,0.0018119327
0,0,0.269244
0,0,0.011190066
0,0,0.0028182878
0,0,0.0025558916
1,1,0.9857831
0,0,0.003675794
0,0,0.0047928263
1,1,0.9977208
1,1,0.99869317
0,0,0.0013752426
1,1,0.9947812
1,1,0.96729016
0,0,0.0017381634
1,1,0.9965744
0,0,0.0021216937
1,1,0.9932493
1,1,0.9981006
0,0,0.0014574439
1,1,0.98942965
0,0,0.0017007047
0,0,0.2319118
1,1,0.99851197
0,0,0.002770466
1,1,0.99897325
1,1,0.99913675
1,1,0.99806505
1,1,0.9935323
0,0,0.0013982768
1,1,0.98547155
0,0,0.0053150505
1,1,0.99842596
1,1,0.99399155
1,1,0.9810579
1,1,0.99719536
1,1,0.9986082
0,1,0.7794208
0,0,0.001516943
1,1,0.6998651
0,0,0.0027155948
1,1,0.99787235
0,0,0.002197664
0,0,0.0016055484
0,0,0.0030387435
1,1,0.99359256
1,1,0.9909616
1,1,0.8378794
1,1,0.99782515
1,1,0.9958157
1,1,0.9142767
1,1,0.99099416
0,0,0.0048959716
1,1,0.9981558
0,0,0.0015511357
1,1,0.99069947
0,0,0.008626755
1,1,0.9952716
1,1,0.9959667
0,0,0.0031078279
0,0,0.0015648261
0,0,0.0022705572
0,0,0.0023320653
0,0,0.002445217
0,0,0.0023992814
1,1,0.9823583
1,1,0.99397427
1,1,0.9958787
1,1,0.9830677
1,1,0.98674065
1,1,0.9953595
0,0,0.016299779
1,1,0.99758255
0,0,0.054820456
0,0,0.0024730773
0,0,0.0021724799
1,1,0.9501916
0,0,0.0018553223
0,0,0.012537126
1,1,0.99588495
1,1,0.99932337
0,0,0.0027908671
1,1,0.9967464
1,1,0.9887272
1,1,0.9960867
0,0,0.0019168039
1,1,0.9977952
1,1,0.9969591
1,1,0.9858187
1,1,0.99531615
1,1,0.9963062
1,1,0.9928209
1,1,0.9968669
0,0,0.002528826
1,1,0.9871974
1,1,0.90500194
0,1,0.50889564
1,1,0.9977552
0,1,0.9473302
1,1,0.9977785
1,1,0.99633104
1,1,0.99446577
1,1,0.9991756
1,1,0.9993143
0,0,0.0278333
1,1,0.97632194
1,1,0.9974662
1,1,0.99428385
1,1,0.9989015
1,1,0.9966072
1,1,0.9966162
1,1,0.9984565
0,0,0.0017370317
1,1,0.981185
0,0,0.0014843536
1,1,0.998315
0,0,0.0023058907
0,0,0.0036068696
0,0,0.002010856
1,1,0.997517
1,1,0.9867041
1,1,0.9813898
1,1,0.99837035
0,0,0.0016542833
1,1,0.9526381
1,1,0.9982153
0,0,0.07304019
1,0,0.0031623903
0,0,0.017290493
1,1,0.96383977
0,0,0.0021171474
1,1,0.9988274
1,1,0.989474
1,1,0.9976888
0,0,0.0036388054
1,1,0.9972613
1,1,0.99575955
1,1,0.99666935
0,0,0.004317411
1,1,0.9944766
1,1,0.9970644
0,0,0.17223573
1,1,0.9955177
1,1,0.9954163
0,0,0.001460607
1,1,0.96916056
0,0,0.0016749047
0,0,0.152081
0,0,0.0041339346
0,0,0.0021495323
0,0,0.0013465758
1,1,0.99882764
1,1,0.99149597
1,1,0.98573756
0,0,0.0017921117
1,1,0.9669598
0,0,0.010028178
0,0,0.0019798477
0,1,0.916015
0,0,0.0028299703
1,1,0.9989392
0,0,0.0020439043
1,1,0.99347925
1,1,0.9784066
1,1,0.9986929
0,0,0.022184156
1,1,0.98892295
0,0,0.0016995554
0,0,0.009569761
1,1,0.98931944
0,0,0.0026915069
0,0,0.021386534
1,1,0.998877
1,1,0.96923536
0,0,0.0023484428
0,0,0.0014389969
1,1,0.99643904
0,0,0.0017004261
1,1,0.99778974
1,1,0.97605306
1,1,0.9947424
0,0,0.0014729354
0,0,0.003294675
0,0,0.0018685305
1,1,0.99914324
1,1,0.95721084
0,0,0.002532296
0,0,0.0022221338
0,0,0.020359736
0,0,0.0019731016
1,1,0.99897707
1,1,0.9985453
1,1,0.99763465
1,1,0.9904489
0,0,0.00574857
0,0,0.005289434
0,0,0.043498937
0,0,0.0021530164
0,0,0.0042622783
1,1,0.99796826
0,0,0.0016590277
1,1,0.998302
1,1,0.99881136
1,1,0.930606
1,1,0.9674873
1,1,0.9990613
0,0,0.0018846241
0,0,0.0019202224
1,1,0.99631965
1,1,0.99795806
1,1,0.9064577
0,0,0.01404942
1,1,0.995736
1,1,0.99901116
1,1,0.99829537
1,1,0.9990969
1,1,0.915152
1,1,0.9985279
0,0,0.008111908
0,0,0.0014309877
0,0,0.06418296
1,1,0.9640274
1,1,0.74860996
0,0,0.0014283505
1,1,0.9975102
0,0,0.004669664
1,1,0.997068
1,1,0.998566
1,1,0.9971367
1,1,0.9863295
1,1,0.9962857
0,0,0.004301577
0,0,0.00224701
0,1,0.96607745
1,1,0.9983198
0,0,0.0020620183
0,0,0.0035768307
0,0,0.0029033606
1,1,0.99496126
1,1,0.95680815
0,0,0.012383516
1,1,0.99650973
1,1,0.9954266
1,1,0.9975441
1,1,0.99914956
0,0,0.0029344773
0,0,0.0021819999
0,0,0.24201052
0,0,0.009105213
0,0,0.0019879437
1,1,0.9885942
1,1,0.99383885
1,0,0.311372
0,0,0.0020722405
1,1,0.99624723
1,1,0.9888178
1,1,0.99777657
1,1,0.9651823
1,1,0.994863
1,1,0.9971637
0,0,0.044505417
0,0,0.0018516073
0,0,0.0019434331
1,1,0.9465925
0,0,0.0025082591
1,1,0.9876901
1,1,0.99336797
1,1,0.9958592
0,0,0.0022881113
0,0,0.003923418
1,1,0.99906987
0,0,0.006664939
0,0,0.0033903455
1,1,0.6247875
1,1,0.99779177
0,0,0.004420873
0,0,0.0020642725
1,1,0.99018806
0,0,0.0026408064
1,1,0.9974808
1,1,0.9953843
1,0,0.24161749
0,0,0.12230797
0,0,0.014374145
0,0,0.0016784758
0,0,0.008157275
1,1,0.9989518
0,0,0.0017789995
1,1,0.9949057
1,1,0.9955503
1,1,0.99577636
1,1,0.99754333
1,1,0.998738
1,1,0.99805
1,1,0.9990312
0,0,0.0015401066
0,0,0.4641324
1,1,0.97096676
1,1,0.9916283
0,0,0.0018030034
0,0,0.0018494707
1,1,0.99865556
1,1,0.94130903
0,0,0.00418088
1,1,0.98180306
0,0,0.40491152
1,1,0.99905926
0,0,0.001857653
0,1,0.945514
0,0,0.002763648
0,0,0.0067302207
1,1,0.9966564
0,0,0.0016382968
1,1,0.9969643
1,1,0.9903486
1,1,0.9987331
0,0,0.28527856
1,1,0.9863855
0,0,0.006357046
0,0,0.00368396
1,1,0.9498308
1,0,0.4736856
1,1,0.9213064
1,1,0.99695504
1,1,0.99037606
0,0,0.0016207079
1,1,0.9972639
0,0,0.0019176761
1,1,0.99789244
0,0,0.0036838811
1,1,0.9661787
1,1,0.95488477
0,0,0.0019886314
1,1,0.9985845
0,0,0.0018229246
0,0,0.0015390035
0,0,0.011126361
0,0,0.0031455397
0,0,0.0040332135
1,1,0.9977143
1,1,0.9398191
1,1,0.9981527
1,1,0.9975212
0,0,0.0015946886
1,1,0.99896884
0,0,0.27472222
1,1,0.99897385
0,0,0.0025390598
0,0,0.001711599
0,0,0.0038180796
0,0,0.006095141
1,1,0.9979091
0,0,0.002352089
1,1,0.99845254
0,0,0.0058265217
0,0,0.005134306
1,1,0.99792683
1,1,0.9972277
0,0,0.0028420163
1,1,0.9965133
0,0,0.014212849
1,1,0.9955562
1,1,0.9918544
1,1,0.9986413
0,0,0.006674749
0,0,0.0025866134
1,1,0.99620336
1,1,0.99845624
1,1,0.98270136
1,1,0.96744853
1,1,0.99869365
0,0,0.006506735
1,1,0.99672544
0,0,0.0029062487
1,1,0.998461
0,0,0.002270109
1,1,0.9981487
0,0,0.0018616758
1,1,0.99816614
0,0,0.001769443
0,0,0.0036498846
1,1,0.9983829
1,1,0.9965649
0,0,0.0026082662
0,0,0.0067166365
0,0,0.13953368
1,1,0.99351007
0,0,0.0020921663
0,0,0.003448702
0,0,0.00189955
1,1,0.99841976
1,1,0.99731904
1,1,0.998204
1,1,0.99343526
1,1,0.989377
1,1,0.9981351
0,0,0.0032695932
1,1,0.9697002
1,1,0.99893624
0,0,0.0018396596
1,1,0.9989666
1,1,0.99866843
0,0,0.0028972423
1,1,0.99811625
1,1,0.9959561
1,1,0.9975727
0,0,0.003811621
1,1,0.9975547
0,0,0.002106117
0,0,0.06675374
1,1,0.9986141
1,1,0.99878544
1,1,0.9535084
0,1,0.97565323
0,0,0.022175366
0,0,0.0029302838
1,1,0.9948354
0,0,0.16374367
0,0,0.002902196
0,0,0.0037972324
0,0,0.002025498
0,0,0.014786756
1,1,0.99642724
0,0,0.0037805948
0,0,0.00442086
1,1,0.99095047
0,0,0.0018515007
1,1,0.9948489
1,1,0.9922552
1,1,0.9980064
1,1,0.9966516
1,1,0.9989925
1,1,0.99878806
0,0,0.0030813725
0,0,0.0017559446
0,0,0.002278769
1,1,0.99754035
0,0,0.0035487537
0,0,0.0039738417
0,0,0.005368307
0,0,0.13236523
1,1,0.98912454
1,1,0.9974432
0,0,0.004606327
0,1,0.5664678
0,0,0.0017519005
1,1,0.9919475
1,1,0.9983833
1,1,0.986618
1,1,0.999119
0,0,0.11508432
1,1,0.9959752
0,0,0.0015631435
1,1,0.9965707
0,0,0.011952642
1,1,0.9978708
0,0,0.002788613
0,0,0.02253345
1,1,0.9449475
1,1,0.9950873
0,0,0.0019397783
0,0,0.0020255889
0,0,0.0018168713
0,0,0.0017070944
1,1,0.99637574
1,1,0.9978441
1,1,0.99752694
0,0,0.0024283286
0,0,0.0041961325
0,0,0.010891582
1,1,0.99855584
1,1,0.99825925
1,1,0.99744785
1,1,0.98384374
0,0,0.0021796196
1,1,0.99601316
1,1,0.99748373
1,1,0.99265903
1,1,0.9966011
1,1,0.9974873
1,1,0.9988807
0,0,0.0020016637
0,1,0.70626545
0,0,0.0022961067
1,1,0.9891916
1,1,0.99871874
1,1,0.97016555
1,1,0.99800295
1,1,0.9971951
1,1,0.9959741
1,1,0.9903377
1,1,0.99584454
0,0,0.0030502337
1,1,0.9982821
0,0,0.0019375252
0,0,0.0019064414
1,1,0.99832314
1,1,0.99607384
0,0,0.002012039
1,1,0.8685928
1,0,0.276659
1,1,0.998066
1,1,0.9977265
1,1,0.9643241
1,1,0.9984988
0,0,0.0020009943
1,1,0.99317425
0,0,0.005144895
1,1,0.9940562
0,0,0.0024371513
0,0,0.0016970331
1,1,0.9974101
0,0,0.0030282815
1,1,0.9991068
0,0,0.0019147815
1,1,0.99791557
1,1,0.9984439
1,1,0.9989618
0,0,0.0019132512
1,1,0.997832
0,0,0.0021304565
1,1,0.9521249
1,1,0.9905627
0,0,0.001458504
0,0,0.0031179106
0,0,0.0018155711
0,0,0.018319352
1,1,0.99527586
1,1,0.9988104
1,1,0.9976108
0,0,0.001662993
1,1,0.9986804
0,0,0.0017941275
0,0,0.003657331
1,1,0.99823123
1,1,0.9963259
1,1,0.9980406
0,0,0.006027817
1,1,0.99508804
0,0,0.0032903557
1,1,0.9985176
1,1,0.99873716
1,1,0.991478
0,0,0.0021163356
1,1,0.9204228
1,1,0.99852437
1,1,0.9969452
1,1,0.9914234
1,1,0.8924435
0,0,0.005750767
0,0,0.0037820493
0,0,0.0031626984
0,0,0.0014522792
1,1,0.9948041
1,1,0.99921167
1,1,0.9988882
1,1,0.94737816
1,1,0.99861383
1,1,0.9985489
1,1,0.9969805
0,0,0.0019265302
1,1,0.99617624
0,0,0.009446779
1,1,0.99776983
1,1,0.9967675
1,1,0.5435776
0,0,0.0019965721
0,1,0.6224353
1,1,0.99849796
0,0,0.034425892
0,0,0.002284535
0,0,0.021804137
0,0,0.025939604
0,0,0.014762123
0,0,0.003839158
1,1,0.998114
1,1,0.998689
0,0,0.005180008
1,1,0.9739822
1,1,0.9973955
1,1,0.9978497
0,0,0.03734002
1,1,0.9952951
1,1,0.9626595
0,0,0.002189323
0,0,0.0018236195
0,0,0.0020810124
0,0,0.001979842
1,1,0.8155522
1,1,0.9976483
0,0,0.0021418259
1,1,0.93843126
0,0,0.008967053
0,0,0.001718069
1,1,0.99607915
1,1,0.99889934
1,1,0.998151
0,0,0.0040959497
0,0,0.0020840862
1,1,0.99855417
1,1,0.99655056
0,0,0.0016915988
0,0,0.0024727255
0,0,0.013118616
1,1,0.99813795
1,1,0.995871
0,0,0.001900341
1,1,0.99744946
0,0,0.0017062527
1,1,0.896423
0,0,0.002221141
1,1,0.99724495
0,0,0.010007644
0,0,0.0016969112
1,1,0.9979673
0,0,0.0018606961
0,0,0.0018070905
1,1,0.99654204
0,0,0.001815739
0,0,0.008361407
0,0,0.001842313
0,0,0.0018239694
0,0,0.0020184633
0,0,0.0015326339
0,0,0.0025020072
0,0,0.0022608023
1,1,0.91319394
0,0,0.0022102324
0,0,0.0031889298
1,1,0.9978707
1,1,0.9986683
0,0,0.0025709502
0,0,0.0022300973
1,1,0.9900226
1,1,0.8554005
1,1,0.99841213
1,1,0.99864393
0,0,0.0019947696
1,1,0.9976528
1,1,0.9982597
0,0,0.0015363293
0,0,0.00180608
1,1,0.99858105
1,1,0.9967822
1,1,0.9904483
0,0,0.0041839923
0,0,0.0016898183
1,1,0.9977329
0,0,0.003574768
0,0,0.017463082
1,1,0.9990465
0,0,0.0018245737
1,1,0.9728674
0,0,0.0016378476
1,1,0.9977684
1,1,0.974883
0,0,0.0031172587
0,0,0.0033996357
1,1,0.99693775
0,0,0.0019007518
1,1,0.99693644
0,0,0.001755352
1,1,0.99721575
1,1,0.99792117
0,0,0.11129189
0,0,0.0032208003
1,1,0.99850935
0,0,0.0016998315
1,1,0.9946405
1,1,0.8985644
0,0,0.47007227
0,0,0.0048319222
0,0,0.0033501717
0,0,0.012662701
1,1,0.9964708
1,1,0.99744713
0,0,0.14445883
0,0,0.056133874
0,0,0.001597739
1,1,0.9971311
0,1,0.6354801
0,0,0.014514597
0,0,0.0013988201
1,1,0.996439
1,1,0.9976622
0,0,0.0036421155
1,1,0.9982692
0,0,0.0013854996
1,1,0.90537214
0,0,0.008119741
0,0,0.0045419014
0,0,0.002836105
1,1,0.99772793
0,0,0.076290995
0,0,0.0028884998
1,1,0.9964042
0,0,0.0021075436
1,1,0.99422544
1,1,0.9975212
1,1,0.9992536
1,1,0.99855953
1,1,0.98411024
1,1,0.99673367
0,0,0.0020313477
0,0,0.0032053983
1,1,0.97500074
1,1,0.9825964
0,0,0.056819037
1,1,0.7868718
1,1,0.9955142
1,1,0.9955878
0,0,0.011384807
1,1,0.95837307
1,1,0.9975562
1,1,0.99870515
1,1,0.9974751
0,0,0.0030958154
1,1,0.9983955
1,1,0.997976
0,0,0.0019544472
1,1,0.9944296
0,0,0.022877943
1,1,0.9980903
1,1,0.99872905
1,1,0.991879
0,0,0.0131067075
1,1,0.99852055
0,0,0.0030361996
1,1,0.99901986
1,1,0.99365693
0,0,0.014312509
1,1,0.9941757
0,0,0.0016239516
1,1,0.9964593
1,1,0.99510056
0,0,0.0024255926
1,1,0.9965578
0,0,0.0036839703
1,1,0.9964089
1,1,0.9985985
1,1,0.9907562
1,1,0.99910957
0,0,0.0019775971
0,0,0.027407752
1,1,0.99791056
1,1,0.99872345
1,1,0.9689789
1,1,0.9981577
1,1,0.9985077
1,1,0.9990446
1,0,0.2757068
1,1,0.9972071
1,1,0.99073887
0,0,0.0031611703
1,1,0.99890125
0,0,0.0027108183
1,1,0.9960224
0,0,0.0016608972
0,0,0.0025487805
1,1,0.9801058
0,0,0.0054497994
1,1,0.99490404
0,0,0.0016163368
1,0,0.16575712
1,1,0.99360895
0,0,0.0034160565
1,1,0.99307644
0,0,0.0016625157
1,1,0.9662143
0,0,0.0016329888
0,0,0.00238439
0,0,0.1713299
1,1,0.9974432
1,1,0.9981127
1,1,0.99716777
1,1,0.9948331
0,0,0.0037425165
1,1,0.99315876
1,1,0.9941426
0,0,0.003342173
0,0,0.0075474307
1,1,0.9984205
0,0,0.0019842442
1,1,0.9972813
0,0,0.0023945589
0,0,0.0023739215
1,1,0.9986072
0,0,0.00213604
0,0,0.07961571
0,0,0.0015226216
1,1,0.9986386
0,0,0.0021347387
0,0,0.0019896708
0,0,0.111735344
1,1,0.94911695
0,0,0.014539274
1,1,0.99555063
0,0,0.016926019
1,1,0.9981645
1,1,0.97864693
0,0,0.0042704334
0,0,0.005753838
1,1,0.99303716
1,1,0.99519914
0,0,0.0027982222
1,1,0.9668532
0,0,0.001830384
0,0,0.0020309899
1,1,0.9774901
1,1,0.9697627
1,1,0.9971342
1,1,0.9981786
0,0,0.0019789715
1,1,0.9981396
1,1,0.9670495
1,1,0.9928323
0,0,0.0020189525
0,0,0.0021867894
1,1,0.9956514
1,1,0.99423224
0,0,0.0017806259
0,0,0.0076600327
0,0,0.0104683945
1,1,0.99816054
1,1,0.91205734
1,1,0.9969549
1,1,0.996983
0,0,0.0022348708
0,0,0.008254316
1,1,0.99766624
1,1,0.9955243
1,1,0.9881967
1,1,0.9978946
0,0,0.0022413342
1,1,0.93161976
0,0,0.0019053929
1,1,0.9825659
0,0,0.0026228616
0,0,0.0020736668
1,1,0.9968411
0,0,0.0017789453
0,0,0.053697668
1,1,0.9798237
1,1,0.90393984
1,1,0.992447
0,0,0.0022785985
1,1,0.9958538
1,1,0.9991658
0,0,0.037296057
1,1,0.99698895
0,0,0.0024573829
0,0,0.0017088001
1,1,0.6333301
0,0,0.001669871
1,1,0.99801517
0,0,0.001424551
1,1,0.99869305
1,1,0.98805934
0,0,0.001827242
1,1,0.9981312
0,0,0.0041385405
1,1,0.9983134
0,0,0.017475514
1,1,0.99176323
0,0,0.001933499
1,1,0.99412775
1,1,0.6244165
1,1,0.99606293
0,0,0.0031457029
1,1,0.99661535
1,1,0.9575036
0,0,0.0039986256
0,0,0.0022064731
0,0,0.3541138
0,0,0.0020551241
1,1,0.99844754
1,1,0.99638236
0,0,0.0015708564
1,1,0.9984694
0,0,0.0024451008
1,1,0.998403
0,0,0.0014309871
0,0,0.021335319
1,1,0.7202726
0,0,0.0028759937
1,1,0.99800915
1,1,0.9810951
1,1,0.9949362
1,1,0.9866915
1,1,0.99560213
0,0,0.0013999543
1,1,0.99909186
0,0,0.0025426596
1,1,0.9986499
1,1,0.9971077
0,0,0.0025658377
1,0,0.005696825
1,1,0.9934196
0,0,0.124036595
1,1,0.99908614
0,0,0.0018521001
0,0,0.0045425785
0,0,0.0013272795
1,1,0.99899024
0,0,0.0020668083
1,1,0.9974022
1,1,0.993846
1,1,0.9935429
1,1,0.9984888
0,0,0.0044416403
0,0,0.0021919478
0,0,0.0017193311
0,0,0.005105793
0,0,0.0022686785
0,0,0.052068055
1,1,0.98894113
0,0,0.0025547578
1,1,0.9929876
0,0,0.005391221
0,0,0.009598073
0,0,0.003467191
1,1,0.9988036
0,0,0.0018490463
1,1,0.98573166
0,0,0.0022441754
0,0,0.0015569748
1,1,0.96799135
1,1,0.9901911
1,1,0.98748964
0,0,0.002084308
0,0,0.031557344
1,1,0.99026954
0,0,0.002659712
0,0,0.002437049
0,0,0.0014143533
1,1,0.9958462
0,0,0.0040190085
0,0,0.088743374
1,1,0.9618516
0,0,0.010519871
1,1,0.916024
0,0,0.015481329
1,1,0.9429088
0,0,0.00169026
0,0,0.0018412241
1,1,0.990892
0,0,0.0022329767
0,0,0.003994706
0,1,0.91562665
1,1,0.9990823
0,0,0.009935893
1,1,0.98297334
1,1,0.96692955
0,0,0.0073590786
1,1,0.9985273
1,1,0.9972855
0,0,0.0070129475
1,1,0.9225892
0,0,0.24256364
0,0,0.002337093
1,1,0.9972631
1,1,0.9986008
1,1,0.9923734
1,1,0.99856913
1,1,0.9980882
1,1,0.9965094
0,0,0.0040347073
1,1,0.99708897
0,0,0.010766731
1,1,0.99678063
0,0,0.0020820275
0,0,0.0019632922
0,0,0.0017744851
0,0,0.002913448
0,0,0.0036876847
0,0,0.0015079532
1,1,0.9990625
0,0,0.003079103
0,0,0.0016913892
0,0,0.0019151114
0,0,0.0027523062
0,0,0.23725252
1,1,0.99535793
1,1,0.99866235
1,1,0.9982475
1,1,0.99810576
0,0,0.0025581953
0,0,0.0047278907
0,0,0.002879829
1,1,0.99271506
1,1,0.9926346
1,0,0.2386726
1,1,0.7413468
0,0,0.0018193785
0,0,0.0015135817
0,0,0.0019637016
1,1,0.99244624
0,0,0.13429227
0,0,0.03071023
1,1,0.98901725
0,0,0.07585587
0,0,0.0015541991
1,1,0.99522203
0,0,0.0018142047
0,0,0.002350118
0,0,0.002780465
0,1,0.9747414
1,1,0.9982374
0,0,0.0020373845
1,1,0.99900705
1,1,0.9971228
0,0,0.1440424
1,1,0.9729918
1,1,0.9585482
0,0,0.0022262514
0,0,0.001884666
1,1,0.99822766
0,0,0.0018828687
0,0,0.0021058396
1,1,0.9985033
1,1,0.92708427
0,0,0.0018525674
1,1,0.99685836
1,1,0.9923636
0,0,0.0018929716
0,1,0.9576871
1,1,0.9493494
1,1,0.9950506
0,0,0.0014504008
1,1,0.9980215
1,1,0.99818414
0,0,0.0026720527
1,1,0.9946731
1,1,0.99027425
0,0,0.0023904387
1,1,0.99826944
0,0,0.0016205645
1,1,0.988997
0,0,0.0027069012
1,1,0.9988875
0,0,0.0065777516
0,0,0.001463301
0,0,0.0031573647
0,0,0.41317335
0,0,0.012324336
0,0,0.0027346264
0,0,0.0019210485
1,1,0.997815
1,1,0.99440694
1,1,0.9987299
0,0,0.00290441
0,0,0.0025972307
0,0,0.002460169
1,1,0.9940242
0,0,0.0027296462
1,1,0.99685824
0,0,0.0021413085
0,0,0.0022617856
0,0,0.0024698514
0,0,0.002213301
0,0,0.0018750706
0,0,0.003563828
1,1,0.98790646
1,0,0.44287857
0,0,0.0021439183
0,0,0.008584317
1,1,0.884798
0,0,0.007042966
0,0,0.0051084165
1,1,0.998329
1,1,0.9937947
1,0,0.0066940994
1,1,0.9869263
0,0,0.0053180484
1,1,0.9732588
0,0,0.002806465
0,0,0.0020917163
1,1,0.9971513
0,0,0.002226838
0,0,0.0025471468
1,1,0.98914087
1,1,0.9972753
1,1,0.9981165
1,1,0.99167305
1,1,0.9825377
0,0,0.0034072758
1,1,0.99699044
0,0,0.0015156991
1,1,0.99755245
1,1,0.9985274
0,0,0.0032551836
0,0,0.0027583044
1,1,0.99875164
0,0,0.0021142543
0,0,0.0028092875
0,0,0.0016574376
1,1,0.99849045
0,0,0.0021202464
0,0,0.003194336
1,1,0.9981469
0,0,0.004504241
1,1,0.9986094
1,1,0.998793
0,0,0.0019605798
1,1,0.9940561
0,0,0.00231834
1,1,0.9975666
1,1,0.9988945
1,1,0.91730714
0,0,0.0024119825
1,1,0.9371424
1,1,0.9953371
0,0,0.003651253
1,1,0.98385817
1,1,0.99183196
1,1,0.99865997
0,0,0.001860389
1,1,0.9977664
0,0,0.0018717992
0,0,0.0019034785
1,1,0.99723095
1,1,0.99153733
1,1,0.99885404
0,0,0.0026788113
0,0,0.0035428132
0,0,0.0024310956
0,0,0.008075731
1,1,0.9826031
1,1,0.97717685
0,0,0.0072780033
0,0,0.026195766
0,0,0.0021579966
0,0,0.002104289
1,1,0.9991135
1,1,0.9930211
0,0,0.008241966
0,0,0.0028463355
1,1,0.9913555
1,1,0.99611
1,1,0.99674124
0,0,0.0017342063
0,0,0.0020503767
0,0,0.012930567
1,1,0.9769703
1,1,0.9987178
0,1,0.68181753
1,1,0.917471
1,1,0.99548656
1,1,0.992353
0,0,0.0025430964
1,0,0.062253606
1,1,0.9923167
1,1,0.99728274
0,0,0.08999311
1,1,0.9745612
1,1,0.9989642
0,0,0.006262746
1,1,0.99659413
0,0,0.0021825628
0,0,0.0022951458
1,1,0.96529716
1,1,0.97658247
1,1,0.96491796
0,0,0.0018219419
0,0,0.0019049313
1,1,0.98848265
1,1,0.99251795
1,1,0.99437934
1,1,0.9967643
1,1,0.9917996
1,1,0.98484725
1,1,0.99734074
1,1,0.98891246
0,0,0.002168184
1,1,0.9983088
1,1,0.99860495
1,1,0.9825534
1,1,0.99047357
0,0,0.028451806
0,0,0.0017698894
1,1,0.98487025
1,1,0.9989561
1,1,0.9527622
1,1,0.9991379
0,0,0.0031725
0,0,0.0033636908
1,1,0.9982387
0,0,0.01922959
0,0,0.0029287378
1,1,0.99222106
1,1,0.99616635
1,1,0.9906059
1,1,0.92872375
0,0,0.0044128485
0,0,0.001984894
0,0,0.0019431316
1,1,0.99824274
1,1,0.99899036
1,1,0.9986922
0,0,0.0013468805
0,0,0.0023114241
0,0,0.00833376
1,1,0.98244184
0,0,0.0028796238
0,0,0.0017460206
0,0,0.0066974303
0,0,0.006177487
1,1,0.9993413
0,0,0.0017214434
1,1,0.99534035
0,0,0.00225114
0,0,0.08169219
0,0,0.0074750283
0,0,0.0021052486
0,0,0.0023895907
0,0,0.009080504
1,1,0.99812263
0,0,0.002834478
1,1,0.99706846
0,0,0.0018911995
1,1,0.95729375
1,1,0.9988483
1,1,0.99558854
0,0,0.0021956216
1,1,0.7459991
0,0,0.0016839242
0,0,0.0019321286
0,0,0.0031187257
0,0,0.0028995657
1,1,0.949787
1,1,0.98931944
1,1,0.9968323
1,1,0.9921761
0,0,0.002110672
1,1,0.6646728
0,0,0.0039100274
1,1,0.9963671
1,1,0.99305564
1,1,0.98538464
0,0,0.0014601612
1,1,0.99504787
1,1,0.99668676
1,1,0.99856853
1,1,0.99866426
0,0,0.0019507487
1,1,0.9981212
0,0,0.0016859632
1,1,0.9968299
1,1,0.9963574
1,1,0.9989662
1,1,0.9986594
1,1,0.99694186
1,1,0.99787223
0,0,0.0019358211
1,1,0.9956726
0,0,0.0021686337
1,1,0.9989083
0,0,0.0022104364
1,1,0.98345584
1,1,0.98403335
0,0,0.0017121254
1,1,0.99821055
0,0,0.002022988
0,0,0.0017281923
0,0,0.011816166
1,1,0.99894124
1,0,0.002147645
1,1,0.99177086
0,0,0.0018263011
0,0,0.0036890656
1,1,0.9981468
1,1,0.99500644
0,0,0.004095821
1,1,0.99364024
0,0,0.008551746
0,0,0.0027671799
0,0,0.0017551591
1,1,0.99564457
0,0,0.00675433
1,1,0.97681636
1,1,0.99527067
0,0,0.003499193
0,0,0.0024844005
0,0,0.0031501753
1,1,0.99833566
1,1,0.9964149
1,1,0.99854445
0,0,0.0036535123
0,0,0.008612698
1,1,0.9973687
0,0,0.0015010893
0,0,0.20312616
0,0,0.0030769154
1,1,0.9704572
0,0,0.0023311237
1,1,0.993346
1,1,0.9953833
1,1,0.9986052
0,0,0.0049456367
0,0,0.005557203
1,1,0.9870706
0,0,0.0051295417
1,1,0.9953212
0,0,0.0022620007
1,1,0.9764089
0,0,0.0044962917
1,1,0.9954397
0,0,0.0021538967
1,1,0.98746026
0,0,0.054670576
1,1,0.99474204
1,1,0.9923915
1,1,0.998931
1,0,0.46923283
0,0,0.0040838495
0,0,0.0017606248
0,0,0.0016185545
1,1,0.9963812
0,0,0.0017669315
0,0,0.0029586563
1,1,0.99707365
0,0,0.0016535831
0,0,0.0029943702
0,0,0.0024700137
0,0,0.004009615
0,0,0.0019602936
1,1,0.931027
1,1,0.99644333
0,0,0.03494192
0,0,0.0016924266
0,0,0.0024196005
0,0,0.0020849481
1,1,0.9988476
0,0,0.0015200431
1,1,0.9786009
0,0,0.011492897
0,0,0.009628163
0,0,0.0019396723
0,0,0.0017784914
0,0,0.0072079757
1,1,0.978773
0,0,0.036047447
0,0,0.017647902
1,1,0.9934198
1,1,0.9964223
0,0,0.0019062418
0,0,0.04408557
1,0,0.10188814
1,1,0.9970878
0,1,0.7177315
1,1,0.9882714
0,0,0.0047524837
0,0,0.0016086265
1,1,0.92924964
0,0,0.004707896
1,1,0.9972253
0,0,0.002429641
1,1,0.71146035
1,1,0.9921995
0,0,0.0033062731
1,1,0.99653685
0,0,0.007283111
1,1,0.9967744
0,0,0.009201203
1,1,0.99365175
0,0,0.0025811214
1,1,0.9977387
1,1,0.9967206
1,1,0.99368024
1,1,0.9928844
0,0,0.00152506
1,1,0.9984921
1,1,0.9965275
0,0,0.0023470928
0,0,0.0025356766
0,0,0.003968101
1,1,0.9951159
1,1,0.99900085
0,0,0.0063445107
0,0,0.003117755
1,1,0.9975364
1,1,0.99693584
1,1,0.9958045
1,1,0.9708855
0,0,0.012282672
0,0,0.0026027805
0,0,0.0029201421
0,0,0.0019151507
1,1,0.9982868
1,1,0.9721354
1,1,0.99886465
0,1,0.8836856
0,0,0.0019485654
0,0,0.0023017896
0,0,0.001856832
1,1,0.85442525
1,1,0.99504155
0,0,0.0019213961
1,1,0.9975731
0,0,0.001487688
0,0,0.1824451
1,1,0.9973226
1,1,0.99742126
0,0,0.0013840746
1,1,0.9795511
1,1,0.9910546
0,0,0.0053214245
1,1,0.9947187
1,1,0.99832875
1,1,0.99855036
0,0,0.0012529739
0,0,0.00934385
0,0,0.1664758
0,1,0.90875655
0,0,0.002438037
0,0,0.1109213
0,0,0.0020654514
0,0,0.0015402269
1,1,0.9980292
1,1,0.99709845
1,1,0.97512734
1,1,0.91811806
0,0,0.001647656
0,0,0.0055922796
0,0,0.00235498
1,1,0.9980835
0,0,0.0019850198
1,0,0.010933144
0,0,0.0020716195
1,1,0.9980147
1,1,0.97254115
1,1,0.9982799
0,0,0.002039608
0,0,0.001558163
0,0,0.0019809825
1,1,0.97296923
1,1,0.9991417
0,0,0.0027964131
1,1,0.66320795
0,0,0.0056348424
0,0,0.0033085507
0,0,0.002279491
1,1,0.99581426
1,1,0.9971276
1,1,0.99427575
0,0,0.0032458494
0,0,0.0016368779
0,0,0.27654207
0,0,0.03680006
1,1,0.9973489
0,0,0.0027466763
1,1,0.9971522
1,1,0.901662
0,0,0.0015580085
0,0,0.032808557
0,1,0.89885956
0,0,0.0019950601
1,1,0.99782515
1,0,0.056937147
0,0,0.0029427456
1,1,0.9934174
1,1,0.95866466
0,1,0.7866874
0,0,0.0014654064
0,0,0.0024365264
1,1,0.9931316
0,0,0.05354389
1,1,0.99406296
0,0,0.002134637
0,0,0.0018272907
0,0,0.0048586256
0,0,0.003024884
0,0,0.0022418096
0,0,0.0014346357
1,1,0.9953596
0,0,0.004513892
0,0,0.0036301923
1,1,0.99600804
1,1,0.9932074
1,1,0.99890137
1,1,0.99758196
1,0,0.07557123
1,1,0.9982919
1,1,0.9980203
1,1,0.99293447
0,0,0.0018662678
0,1,0.864806
1,1,0.99180543
0,0,0.0028383525
0,0,0.0019137029
1,0,0.17055699
1,1,0.9987122
1,1,0.94418204
0,0,0.0071221064
1,1,0.99812347
0,1,0.62307525
0,0,0.0016053582
0,0,0.002409119
0,0,0.0014233013
0,0,0.002027039
0,0,0.0018464976
0,0,0.0037280172
1,1,0.9917714
0,0,0.011741834
0,0,0.0016669298
0,0,0.0032038095
1,1,0.9987704
0,0,0.004929644
1,1,0.99862313
1,1,0.99378693
1,1,0.9991742
1,1,0.9915731
0,0,0.0038247127
1,1,0.99612033
1,1,0.94523245
0,0,0.0021000567
1,1,0.93265754
1,1,0.9905461
1,1,0.92291915
1,1,0.9944372
0,0,0.058946513
1,1,0.9987361
1,1,0.9984249
0,0,0.0026043109
0,0,0.002734828
0,0,0.0015392137
1,1,0.98995614
1,1,0.99782443
1,1,0.996121
1,1,0.99532735
1,1,0.9913789
1,1,0.9949911
0,0,0.0016869515
1,1,0.99674547
0,0,0.0016204349
1,1,0.9984856
0,0,0.0025888975
0,0,0.0031138258
0,0,0.0027471455
1,0,0.29536548
0,0,0.0061295717
1,1,0.9956781
0,0,0.0056947507
0,0,0.0017991969
0,0,0.0048378645
0,0,0.0014694765
0,0,0.0019401688
0,0,0.002155854
1,1,0.99874395
1,1,0.99313325
1,1,0.9946737
1,1,0.99905664
0,0,0.002106915
0,0,0.001908722
1,1,0.99850523
0,0,0.0035130153
0,0,0.005652265
1,1,0.9928397
0,0,0.0023596673
1,1,0.9963756
1,1,0.82175493
0,0,0.0016820134
0,0,0.0020825248
1,0,0.48700622
1,1,0.99873155
0,0,0.0024586676
1,1,0.94236434
0,0,0.0028520827
1,1,0.9912453
0,0,0.0023625
0,0,0.0075779012
1,1,0.88941187
0,0,0.0038637267
0,1,0.5927628
0,0,0.006885691
1,1,0.98866093
1,1,0.99556524
1,1,0.9983565
0,0,0.0020526454
0,0,0.0019290488
1,1,0.99404126
1,1,0.99260205
1,1,0.99822885
0,0,0.029168583
1,1,0.9980414
0,1,0.99560744
0,1,0.77842915
1,1,0.96755946
1,0,0.004756243
1,1,0.9969773
0,0,0.0021553761
0,0,0.0025203226
1,1,0.994611
1,1,0.99882716
0,0,0.001817048
0,0,0.0021267314
1,1,0.98420066
0,0,0.0025454874
0,0,0.009280627
0,0,0.0025801875
0,0,0.0019590335
1,1,0.99806565
0,0,0.0029288547
0,0,0.0075414
1,1,0.99456054
1,1,0.9966809
1,1,0.99266595
0,1,0.9936051
1,1,0.9951864
0,0,0.0024534795
0,0,0.003743181
0,0,0.009527915
0,0,0.0032037226
1,1,0.9956037
0,0,0.0015703802
1,1,0.99673754
0,0,0.0017694925
0,0,0.0015442931
0,1,0.9540526
1,1,0.9933308
0,0,0.0017859752
1,1,0.9382304
0,0,0.020590378
0,0,0.05146681
1,1,0.997529
1,1,0.99446493
0,0,0.12753257
1,1,0.9975702
1,1,0.99541557
0,0,0.0030213962
0,0,0.0026942755
1,1,0.99666697
0,0,0.014617736
0,0,0.0016076121
0,0,0.0020886392
0,0,0.0074540996
1,1,0.98212874
1,1,0.9778401
1,1,0.9943948
0,0,0.0034854675
1,1,0.99785453
1,1,0.9957574
1,1,0.9959055
0,0,0.0015965331
0,0,0.0018950178
0,0,0.0024175479
1,1,0.95917976
0,0,0.0019608738
1,1,0.9956393
1,1,0.9969073
0,0,0.19467315
0,0,0.0015431518
0,0,0.004539162
0,0,0.0030456202
1,1,0.95452845
0,0,0.0014988155
0,0,0.003531259
1,1,0.6446822
1,1,0.9918134
0,0,0.0023276338
0,0,0.0020336614
0,0,0.00182718
1,1,0.97833294
0,0,0.03469219
1,1,0.99617636
0,0,0.0022783503
1,1,0.98275167
0,0,0.0018753437
1,1,0.9988782
1,1,0.9955304
1,1,0.99721414
0,0,0.0020393517
0,0,0.14316228
1,1,0.9935452
1,1,0.9720905
0,0,0.076300204
0,0,0.0014085947
1,1,0.9976803
0,0,0.0021936432
1,1,0.9974394
1,1,0.99872917
1,1,0.9988808
1,1,0.99497944
0,0,0.0014659377
0,0,0.0029314978
0,0,0.012515162
1,1,0.9767585
0,0,0.039704703
0,0,0.002214798
0,1,0.99209565
0,0,0.006585584
0,0,0.0022871427
1,1,0.9902864
1,1,0.9854639
1,1,0.9892837
1,0,0.36283073
1,1,0.997686
1,1,0.99300754
0,0,0.003099731
0,0,0.0034189618
1,1,0.9986987
1,1,0.99681
0,0,0.36463305
1,1,0.7449704
1,1,0.9969593
1,1,0.99818355
0,0,0.0016659437
0,0,0.0022780823
0,0,0.0018218248
0,0,0.11330246
1,1,0.97463226
1,1,0.99013734
1,0,0.2977255
1,1,0.9972464
0,0,0.0019443912
1,1,0.99906844
1,1,0.99909496
1,1,0.99824333
0,0,0.0016610808
0,0,0.0021357425
1,1,0.99882716
1,1,0.9936128
0,0,0.013642397
1,1,0.996926
0,0,0.014126431
1,1,0.99536973
1,0,0.2542197
1,1,0.998376
0,0,0.001517068
1,1,0.9954621
1,1,0.9988256
0,0,0.0017361077
0,0,0.0051386827
0,0,0.100233994
1,1,0.99313277
0,0,0.017441258
0,0,0.001637889
0,0,0.017036283
0,0,0.0017393834
0,0,0.0016988615
1,1,0.99151295
0,0,0.0075528147
0,0,0.0024411157
0,0,0.00216296
1,1,0.992864
0,0,0.0023369964
0,0,0.0023290408
1,1,0.9494258
0,0,0.0019849953
0,0,0.015660062
1,1,0.99872464
0,0,0.0018333348
0,0,0.016780414
0,0,0.0024173502
0,0,0.023729969
0,0,0.027670212
1,1,0.9954751
0,0,0.0021942412
0,0,0.0032029904
0,0,0.0024916953
1,1,0.99286145
0,0,0.0015776363
0,0,0.0033475126
0,0,0.0015674873
0,1,0.68260103
0,0,0.0044872942
0,0,0.0874476
1,1,0.9988644
0,0,0.002066527
1,1,0.99723345
0,0,0.0024195057
1,1,0.9988753
0,0,0.0144134555
1,1,0.99817765
1,0,0.1351638
1,1,0.997799
0,0,0.003075978
0,0,0.0026197112
1,1,0.9965133
0,0,0.0032347238
1,1,0.9946104
1,1,0.9942524
0,0,0.010460632
1,1,0.9972313
1,1,0.9975138
0,0,0.005488095
0,0,0.00962655
0,0,0.008756771
0,0,0.0021334959
0,0,0.27649158
1,1,0.9890248
0,0,0.002287071
1,1,0.9986167
1,1,0.9943809
1,1,0.9983918
0,0,0.0017745272
0,0,0.004425967
0,0,0.001447863
1,1,0.99762326
0,0,0.0028468904
0,0,0.0040938337
0,0,0.0019407488
1,1,0.99865794
1,1,0.9588324
1,1,0.99201995
1,1,0.98924935
0,0,0.001837368
1,1,0.9981451
1,1,0.9985563
0,0,0.017862502
1,1,0.99349606
0,0,0.03417574
1,1,0.99801207
1,1,0.9842795
1,1,0.9924079
1,1,0.997488
1,1,0.98949474
1,1,0.99860495
1,1,0.9259959
0,0,0.0013459951
1,1,0.9889585
0,0,0.004090569
0,0,0.0015755189
1,1,0.9906098
0,0,0.03645593
1,1,0.99832803
0,0,0.0017635924
0,0,0.002409941
1,1,0.9738757
1,1,0.9984352
1,1,0.99615294
0,0,0.006015724
1,1,0.99806494
0,0,0.01642411
1,1,0.9984366
1,1,0.9980514
1,1,0.9969386
1,1,0.9983419
0,0,0.0028739886
0,0,0.0018621358
0,0,0.0014705699
1,1,0.9990134
1,1,0.9957682
1,1,0.99715984
0,0,0.0019730097
1,1,0.995811
1,1,0.9988524
1,1,0.9989912
0,0,0.0022374538
0,0,0.005767728
1,1,0.99856144
1,1,0.99864537
1,1,0.9987405
1,1,0.959377
1,1,0.9978648
0,0,0.0028758033
1,1,0.99458474
0,0,0.0018945272
0,0,0.0024948937
1,1,0.9976821
1,1,0.9901018
1,1,0.9988568
1,1,0.9961055
1,1,0.9370687
0,0,0.0024370074
1,1,0.9939329
0,0,0.0017082682
0,0,0.0021247116
0,0,0.07602516
0,0,0.0021739316
0,0,0.0028500222
0,0,0.0047485204
0,0,0.012002154
0,0,0.002338192
1,1,0.9861158
1,1,0.99718684
1,1,0.9978521
1,1,0.9983815
1,1,0.99852556
0,0,0.0018076203
1,1,0.9908574
1,1,0.9896945
1,1,0.99825495
0,1,0.89239866
1,1,0.9965706
1,1,0.99757594
0,0,0.0015548563
0,0,0.0031952397
0,0,0.012929555
0,0,0.002092474
0,0,0.00299857
1,1,0.99881953
1,1,0.9987363
0,0,0.008117265
0,0,0.0040886817
0,0,0.0020021093
1,0,0.1362673
1,1,0.98986137
1,1,0.997498
1,1,0.98900187
0,0,0.0022243955
1,1,0.99271977
0,0,0.0015880179
1,1,0.99754107
1,1,0.9846356
0,0,0.0029222614
1,1,0.9905241
1,1,0.99887687
1,1,0.9966112
1,1,0.9971935
0,0,0.0016455193
0,0,0.004637116
0,0,0.0014949796
0,0,0.26408142
1,1,0.99683446
0,0,0.0020072325
1,1,0.99822503
0,0,0.0021427851
1,1,0.99859005
0,0,0.0041906293
1,1,0.9956845
1,1,0.9915707
0,0,0.00354182
1,1,0.99705625
1,1,0.9979869
0,0,0.002194851
1,1,0.9725878
0,0,0.001775553
0,0,0.0022429884
0,0,0.02270477
0,0,0.005515584
0,0,0.0049367673
1,0,0.124888204
0,0,0.0023012375
1,1,0.9979449
1,1,0.9976458
0,0,0.0016472923
1,1,0.9960014
0,0,0.0025311848
1,1,0.9974547
0,0,0.0018428953
1,1,0.9884471
0,0,0.0087032225
1,1,0.95134014
0,0,0.0036032402
0,0,0.0023573816
1,1,0.9846593
0,0,0.0017058126
0,0,0.0018401765
0,0,0.0016708607
0,0,0.0022104764
0,0,0.0027472235
0,0,0.005613815
0,0,0.0015329564
1,1,0.9874544
0,0,0.032817774
1,1,0.99809235
1,1,0.9768307
1,1,0.98741454
1,1,0.9990049
0,0,0.0049095647
1,1,0.9914636
0,0,0.0046101585
0,0,0.0034461268
0,0,0.0020558888
0,0,0.001709775
1,1,0.99650854
0,0,0.018489381
0,0,0.00201396
0,0,0.013540617
0,0,0.001846298
0,0,0.002809512
0,0,0.0022904454
0,0,0.002967485
1,1,0.9983771
1,1,0.9975568
0,0,0.0020040418
0,0,0.0019477876
1,1,0.9821264
1,1,0.9975459
1,1,0.99246675
0,0,0.0019482985
0,0,0.0022226213
0,0,0.0015096458
0,0,0.0024557412
1,1,0.99721503
1,1,0.99389344
0,0,0.001817983
1,1,0.99042493
0,0,0.0019499533
0,0,0.013002812
0,0,0.24603277
0,0,0.0015345295
1,1,0.7861816
0,0,0.0019879143
1,1,0.9221585
0,0,0.10472085
0,1,0.5289985
0,0,0.0023200987
0,0,0.0021752187
1,1,0.96934533
0,0,0.0019413993
0,0,0.002261919
0,0,0.0038930452
0,0,0.001895596
1,1,0.9951556
0,0,0.04575065
1,1,0.9966053
0,0,0.0018125026
0,0,0.0030329404
1,1,0.9817364
1,0,0.0061319894
0,0,0.0049123797
1,1,0.99286735
0,0,0.0030742693
1,1,0.9949656
1,1,0.99885464
1,1,0.9404245
1,1,0.9985598
1,1,0.99795806
1,1,0.990128
1,1,0.99766856
0,0,0.0017877987
0,0,0.0019417484
0,0,0.0020856664
1,1,0.94336146
1,1,0.99816257
1,1,0.6785779
0,0,0.0062770103
1,1,0.9881832
1,1,0.99901056
1,1,0.9861123
1,1,0.9904557
0,0,0.0025224078
0,0,0.0017730043
0,1,0.9571133
1,1,0.9904553
1,1,0.9966493
1,1,0.9976432
1,1,0.99741226
0,0,0.0019090052
1,1,0.9839857
1,1,0.9986727
1,1,0.9984303
1,1,0.9899234
1,1,0.998909
1,1,0.9926657
0,0,0.0019413808
1,1,0.9983644
1,1,0.99706656
0,0,0.18004674
0,0,0.0020263002
0,0,0.0043168846
1,1,0.99554837
1,1,0.9939074
0,0,0.001665532
0,0,0.0062362812
0,0,0.005755865
1,1,0.99314755
1,1,0.8396212
0,0,0.0018083716
0,0,0.024473103
0,0,0.0022553524
0,0,0.0017312742
1,1,0.9307071
0,0,0.001713261
0,0,0.0025712324
1,1,0.9959337
1,1,0.99539834
0,0,0.0036014
1,1,0.9979893
1,1,0.99846053
1,1,0.998059
0,0,0.0023267814
0,0,0.0022692236
0,0,0.0016159744
1,1,0.77805793
0,0,0.0018347516
1,1,0.9987231
1,1,0.9987937
1,1,0.97753
0,0,0.002054731
1,0,0.3864352
0,0,0.0023631789
1,1,0.999032
0,0,0.023020443
0,0,0.005120859
1,1,0.995161
0,0,0.008816508
0,0,0.003882577
0,0,0.002029137
0,0,0.019526387
0,0,0.0018862591
0,0,0.0014614224
1,1,0.9984994
0,0,0.0046703224
1,1,0.9979044
1,1,0.9974533
0,0,0.0018418273
0,0,0.0021057345
1,1,0.9911664
1,1,0.99871707
0,0,0.002043486
0,0,0.0021655136
0,0,0.0055064266
0,0,0.0015786897
1,1,0.9800986
0,0,0.0018127555
1,1,0.99823856
1,1,0.9984523
0,0,0.010492685
0,0,0.0030184814
0,0,0.012400217
0,0,0.0015183997
1,1,0.9931397
1,1,0.9956418
1,1,0.99939847
0,0,0.0028641776
0,0,0.0026400024
0,0,0.0031516803
1,1,0.99638015
1,1,0.99828833
1,1,0.99539894
0,0,0.008282053
0,0,0.0019985181
1,1,0.9972983
0,0,0.002130796
0,0,0.01776762
0,0,0.0045214747
0,0,0.0022878828
0,0,0.0027937894
1,1,0.9621175
0,0,0.0013224682
0,0,0.0048086504
1,1,0.99608105
0,0,0.0016236934
0,0,0.0037590906
1,1,0.97441286
0,1,0.6463633
1,1,0.9980186
1,1,0.9976673
1,1,0.9669161
0,0,0.0020149883
0,0,0.0021081544
0,0,0.0027143552
0,0,0.0028770014
1,1,0.99779797
0,0,0.06463848
0,0,0.0016421949
0,0,0.0015223295
0,0,0.0072807046
1,1,0.9925296
1,1,0.9972146
0,0,0.0021707504
1,1,0.986814
1,1,0.9968736
1,1,0.99762064
0,0,0.0025623646
0,0,0.0014522376
0,0,0.07344164
1,1,0.99420303
0,0,0.0023710083
0,0,0.0017953339
0,0,0.0026197447
0,0,0.0017456375
1,1,0.99290293
1,1,0.9945162
1,1,0.99655426
0,0,0.0027569432
0,0,0.0016912363
1,1,0.9837847
0,0,0.0026005767
1,1,0.9945692
0,0,0.0018621376
1,1,0.99807906
0,0,0.0020357517
0,0,0.0018228083
0,0,0.0020442642
1,1,0.9981487
0,0,0.0014879268
1,1,0.9961308
1,1,0.9851656
0,0,0.0019355965
1,1,0.9937232
1,1,0.96293616
1,1,0.8666337
0,0,0.023531169
0,0,0.0023423703
1,1,0.99687225
0,0,0.0016614414
1,1,0.99874085
0,0,0.001780805
0,0,0.0022759258
0,0,0.001811872
0,0,0.0019769543
0,0,0.0043985355
1,1,0.99685127
0,0,0.004110739
1,1,0.9978091
0,0,0.003328261
1,1,0.998662
0,0,0.0026411468
0,0,0.0033480567
1,1,0.99834394
1,1,0.92844844
0,0,0.038653
0,0,0.0017798609
1,1,0.99751353
0,0,0.002006815
1,1,0.99178714
0,0,0.003002236
0,0,0.0013177698
0,0,0.0026058212
0,0,0.0035061496
1,1,0.99275005
1,1,0.98793495
0,0,0.0483359
0,0,0.0059340834
1,1,0.9963019
1,1,0.9833575
1,1,0.9986895
1,1,0.9982387
0,0,0.002009821
1,1,0.99889743
1,1,0.9972658
0,0,0.0014109826
1,1,0.9969764
0,0,0.002563871
0,0,0.0087622125
0,0,0.0044220905
1,1,0.9819
1,1,0.99837303
1,1,0.9917749
0,0,0.0015594512
0,0,0.003676837
0,0,0.041021023
0,0,0.0019112026
1,1,0.99676174
1,1,0.9987942
1,1,0.9607007
0,0,0.0023302643
1,1,0.9878776
0,0,0.004626507
0,0,0.0058146482
1,1,0.9971994
1,1,0.9584531
0,0,0.027191674
0,0,0.018116733
0,0,0.009536483
0,0,0.0030472279
1,1,0.99690443
0,1,0.9556301
1,1,0.99717253
0,0,0.0025085039
1,1,0.99860364
0,0,0.003370424
1,1,0.9989091
0,0,0.0020118286
1,1,0.9965759
1,1,0.9991689
0,0,0.0026020268
0,0,0.0017057429
0,0,0.002044106
0,0,0.013283291
0,0,0.0023522815
0,0,0.0014290246
0,0,0.0028768869
0,0,0.0018188418
1,1,0.99595803
1,1,0.99564064
1,1,0.9567858
0,0,0.022049764
0,0,0.0016169733
1,1,0.98627985
0,0,0.0016434768
0,0,0.0017962637
1,1,0.9951367
1,1,0.9932289
0,0,0.0027838885
0,0,0.0016483292
1,1,0.9965161
0,0,0.0063619995
1,1,0.9600489
0,0,0.016515393
0,0,0.001807931
1,1,0.9957195
1,1,0.9879589
1,1,0.9926529
1,1,0.97799623
1,1,0.9952172
0,0,0.30347916
0,0,0.0019821574
0,0,0.002872322
0,0,0.0021668558
1,1,0.99341774
0,0,0.0020104232
1,1,0.9964419
0,0,0.03381651
0,0,0.002356103
0,0,0.0042919903
1,1,0.997497
1,0,0.0108871395
1,1,0.998492
1,1,0.9988796
1,1,0.99921083
0,0,0.0015340749
0,0,0.002448802
0,0,0.003351597
0,0,0.0018646368
1,1,0.9984981
1,1,0.9876502
1,1,0.9713297
1,1,0.99563885
1,1,0.99824727
0,0,0.35045832
0,0,0.0039246874
0,0,0.0026756641
1,1,0.9942882
1,1,0.92370445
0,0,0.0020081822
1,1,0.9649766
1,1,0.9986463
1,1,0.967065
0,1,0.93640417
1,1,0.99864167
1,1,0.9325698
0,0,0.0015978852
1,1,0.8802891
1,1,0.998558
1,1,0.9993475
1,1,0.9991296
1,1,0.99657416
1,1,0.9972572
0,0,0.0020285184
1,1,0.9978873
0,0,0.0015763193
0,0,0.001658876
0,0,0.0070072883
1,1,0.9979644
1,1,0.9956819
0,0,0.0053501236
1,1,0.9973617
0,0,0.0021531754
1,1,0.99903035
0,0,0.004252921
0,0,0.08954456
0,0,0.0017666892
0,0,0.002273585
1,1,0.9947464
0,0,0.0012998793
1,1,0.9978257
1,1,0.99507445
0,0,0.0022471426
0,0,0.0062070866
0,0,0.0018190643
1,1,0.9966654
1,1,0.9896563
1,1,0.99644876
1,1,0.98757076
0,0,0.0049344185
0,0,0.0020768524
1,1,0.9985311
1,1,0.9892362
1,1,0.98751986
0,0,0.0020668241
1,1,0.9990478
0,0,0.0013700468
0,0,0.0013910196
0,0,0.0020325757
1,1,0.9461718
1,1,0.99815947
0,0,0.0025123022
0,0,0.0013955642
0,0,0.0018299399
1,1,0.9629386
0,0,0.0018013444
0,0,0.0013639902
1,1,0.99911827
0,0,0.0026072331
1,1,0.99750656
0,0,0.0016472316
1,1,0.9850134
1,1,0.9946384
0,0,0.0029054706
0,0,0.002002305
0,0,0.0021062836
1,1,0.9989397
0,0,0.002011482
1,1,0.9831959
1,1,0.99667656
1,1,0.50333536
1,1,0.5051122
1,1,0.9987901
1,1,0.9935982
0,0,0.0026452658
0,0,0.011407794
0,0,0.0015575576
0,0,0.0017531519
0,0,0.071465224
1,1,0.9987595
0,0,0.05313977
0,0,0.0017063876
0,0,0.0015573988
1,1,0.99685186
1,1,0.95075864
0,0,0.04938384
1,1,0.99816126
0,0,0.00902444
1,1,0.9983718
1,1,0.9983772
0,0,0.002087726
1,1,0.9564001
0,0,0.0022706478
1,1,0.6585874
0,0,0.010614076
1,0,0.005949927
0,0,0.0018715729
0,0,0.0021954211
0,0,0.06618981
0,0,0.0027319123
0,1,0.92908394
0,0,0.0027140572
0,0,0.0021089872
0,0,0.0020452158
0,0,0.007770516
0,0,0.0028351333
0,0,0.005713547
0,0,0.0023509169
1,1,0.9981212
0,0,0.0024098458
1,1,0.9961359
1,1,0.9984407
1,1,0.98693454
0,0,0.0046691694
1,1,0.9987835
0,0,0.0034878498
1,1,0.9971374
0,0,0.0021130694
1,1,0.9985189
1,1,0.9988971
1,1,0.99261487
1,1,0.99709415
1,1,0.99430287
0,0,0.0018400381
0,0,0.012666107
0,0,0.0038143238
1,1,0.992691
1,1,0.95049715
1,1,0.99815065
0,0,0.0013698145
0,0,0.0022248365
0,0,0.0036938565
0,0,0.0024008912
1,1,0.9868608
0,0,0.0018491527
1,1,0.998064
1,1,0.9936725
0,0,0.0026820544
0,0,0.001990298
0,0,0.001730003
1,1,0.99865204
0,0,0.002596947
1,1,0.9968093
1,1,0.9933373
0,0,0.0044802977
1,1,0.99747723
0,0,0.002937241
0,0,0.0018488289
1,1,0.96691287
1,1,0.9938991
0,0,0.0015515877
0,0,0.0022920964
1,1,0.99778855
1,1,0.9939342
1,0,0.4804162
0,0,0.0033798711
1,1,0.99552226
0,0,0.0017643461
1,1,0.963011
1,1,0.82760036
0,0,0.0035548056
1,1,0.9793906
0,0,0.0016477031
0,1,0.50352377
0,0,0.45829156
1,1,0.99802065
1,1,0.99679595
1,1,0.9889972
1,1,0.99658054
1,1,0.96231294
0,0,0.0018724905
1,1,0.9981382
1,1,0.9982672
1,1,0.99871254
0,0,0.0013475727
0,0,0.0021401085
1,1,0.99820876
0,0,0.00779293
0,0,0.002232466
1,1,0.9969007
1,1,0.9978421
0,0,0.017068453
1,1,0.9597574
1,1,0.9986719
1,1,0.9983707
0,0,0.003125339
1,1,0.9878785
0,0,0.001622868
0,0,0.0018642463
0,0,0.0023499115
1,1,0.9896612
1,1,0.5738014
0,0,0.0024521658
0,0,0.006331462
1,1,0.99580884
0,0,0.0015969998
1,1,0.9956654
0,0,0.0035125648
1,1,0.9973802
0,0,0.0017261098
1,1,0.9937064
0,0,0.15790616
1,1,0.9970362
0,0,0.003226727
1,1,0.957752
0,0,0.0024663317
1,1,0.9868102
1,1,0.99703836
0,0,0.0021189072
0,0,0.0015532855
0,0,0.0016508145
1,1,0.98772275
1,1,0.9987109
0,0,0.0037995582
1,1,0.99862576
1,1,0.99842936
1,1,0.9988721
0,0,0.0073596253
0,0,0.0028579768
1,1,0.9853182
0,0,0.004115089
1,1,0.99625814
0,0,0.001965735
0,0,0.0018551288
0,0,0.0029957884
0,0,0.0016651452
0,0,0.008362126
0,0,0.078724235
1,1,0.9939196
0,0,0.0020908017
0,0,0.0027280152
0,0,0.0033405104
0,0,0.001611982
1,1,0.99645567
0,0,0.0014716457
0,0,0.001474239
0,0,0.04118117
0,0,0.0027972788
0,0,0.001621858
1,0,0.13357233
1,1,0.99772733
1,1,0.99697936
1,1,0.9930686
0,0,0.0028317769
1,1,0.99569327
0,0,0.0012473862
1,1,0.99618226
0,0,0.003176212
0,0,0.0017878141
0,0,0.0025264965
0,1,0.777709
0,0,0.0016448644
1,1,0.99921024
0,0,0.0018362646
1,1,0.98771966
1,1,0.99641293
0,0,0.0018325348
1,1,0.99737406
1,1,0.9954496
0,0,0.004227242
1,1,0.8996993
1,1,0.99145025
1,1,0.99263424
1,1,0.9985428
0,0,0.0021418007
0,0,0.0019783669
1,1,0.99837434
1,1,0.99675316
1,1,0.99787116
0,0,0.0052174623
1,1,0.99507976
1,1,0.99826884
0,1,0.8562419
0,0,0.0024136894
1,1,0.99633765
0,0,0.23025621
1,1,0.99791235
0,0,0.014273498
1,1,0.99476707
1,1,0.9946531
1,1,0.9955355
1,1,0.99885666
0,0,0.0021051234
1,1,0.9966678
0,0,0.001770009
1,1,0.9977368
1,1,0.9953251
1,1,0.9945977
0,0,0.0022928077
1,1,0.9876731
0,0,0.0050911014
0,0,0.0030890664
1,1,0.998401
1,1,0.9986148
0,0,0.003938236
0,0,0.002837358
1,0,0.011138719
1,1,0.9962811
0,0,0.0066069462
0,0,0.020809066
0,0,0.0020517842
0,0,0.0015073216
0,0,0.0015472224
0,0,0.003428409
0,0,0.0025416648
1,1,0.9973941
0,0,0.0013315058
1,1,0.99495584
1,1,0.9978751
0,0,0.003645519
1,1,0.9883746
1,1,0.99812573
0,0,0.0021364815
0,1,0.71114284
1,1,0.9976814
1,1,0.9982412
1,1,0.99639904
0,0,0.0019606212
1,1,0.99854314
1,1,0.997929
0,0,0.0030198798
0,0,0.0015905806
1,1,0.99880505
1,1,0.9949881
1,1,0.9986738
1,1,0.99676394
0,0,0.013033929
1,1,0.9772913
0,0,0.010587008
1,1,0.9966807
0,0,0.0019652797
1,1,0.9958769
1,1,0.9156702
1,1,0.98214555
1,1,0.9978142
1,1,0.9858786
1,1,0.9905496
1,1,0.99828374
0,0,0.0023981757
1,1,0.98038965
1,1,0.99693274
0,0,0.006100774
1,1,0.82867366
0,0,0.0019969826
1,1,0.9884544
0,0,0.008442628
1,1,0.9962417
1,1,0.99719125
0,0,0.002944464
1,1,0.99747974
1,1,0.99572927
0,0,0.001980464
0,0,0.0028890441
1,1,0.9988274
1,1,0.9883958
1,1,0.995031
0,0,0.01191892
0,0,0.043285295
1,1,0.99202603
0,0,0.0013421419
0,0,0.04193382
0,0,0.0021463344
0,0,0.0019837352
0,0,0.007252076
1,1,0.99824274
0,0,0.0032485472
1,1,0.9941896
0,0,0.020594142
0,0,0.0015446933
1,1,0.99814296
0,0,0.0025305105
1,1,0.9955657
0,0,0.0038058495
1,1,0.99606496
1,1,0.99805415
0,0,0.0017052785
1,1,0.9857524
0,0,0.0021206907
1,1,0.99712425
1,1,0.99271303
0,0,0.0034395142
1,1,0.99864787
0,0,0.003875704
0,0,0.0016969861
1,1,0.9991543
0,0,0.1434037
0,0,0.001758288
1,1,0.9977944
0,0,0.0021473856
0,0,0.0018157562
1,1,0.9657388
0,0,0.0019766053
0,0,0.006945265
0,0,0.0014623054
1,1,0.997666
0,0,0.0031422938
0,0,0.002633617
0,0,0.0068069836
1,1,0.99343526
1,1,0.97419125
1,1,0.9990403
0,0,0.005693703
1,0,0.47876084
1,1,0.9979101
0,0,0.0046101697
1,1,0.99785846
1,1,0.99682426
0,0,0.0019840884
1,0,0.012682569
0,0,0.0018367901
0,0,0.0067085293
1,1,0.99776757
0,0,0.0356141
1,1,0.53652394
1,1,0.98928165
1,1,0.99802643
0,0,0.0014400554
1,1,0.9648792
0,0,0.0023519504
0,0,0.0071010864
0,0,0.0015607108
1,1,0.99840623
1,1,0.9971553
1,1,0.98822546
0,0,0.0017332193
0,0,0.002449768
1,1,0.9985436
0,0,0.002154606
0,0,0.002313336
0,0,0.0035314115
1,1,0.9988574
1,1,0.999111
0,0,0.0025338887
1,1,0.99540967
1,1,0.9842188
1,1,0.97703743
1,1,0.998953
1,1,0.9972343
1,1,0.97765505
1,1,0.9951826
1,1,0.9990188
1,1,0.9958787
0,0,0.002060281
1,1,0.99265915
1,1,0.9751765
0,0,0.0017607143
1,1,0.9912651
0,0,0.18294704
1,1,0.97562814
0,0,0.16085126
1,1,0.99779886
1,1,0.994743
0,0,0.017855048
1,1,0.9956254
1,1,0.9977354
0,0,0.004186802
1,1,0.9927585
0,0,0.0057878206
0,0,0.05387168
0,0,0.0045973016
1,1,0.99792874
1,1,0.96891755
1,1,0.99820936
1,1,0.9960867
1,1,0.99676585
0,0,0.0021090114
1,1,0.9943692
0,0,0.0015962442
1,1,0.9974728
1,1,0.9972492
1,1,0.9722812
1,1,0.99424934
1,1,0.9983487
1,1,0.9987765
0,0,0.002737416
1,1,0.99663675
0,0,0.04964901
1,1,0.9993019
0,0,0.0044568344
1,1,0.9980959
0,0,0.0021728664
1,1,0.9964978
0,0,0.0024713862
0,0,0.0017522142
0,0,0.0015839309
0,0,0.001730245
1,1,0.9958858
1,1,0.9965035
0,0,0.0025532746
1,1,0.99782264
0,0,0.0013939928
0,0,0.0017944555
0,0,0.002401411
0,0,0.0025694466
1,1,0.9956197
1,1,0.9896053
1,1,0.997747
1,1,0.9633804
1,1,0.9867612
1,1,0.9943634
1,1,0.9991365
0,0,0.0031726225
0,0,0.0036176303
0,0,0.002550995
1,1,0.9971053
1,1,0.9688127
0,0,0.0018160328
0,0,0.002140571
0,0,0.0026059924
1,1,0.98955804
0,0,0.0016502858
0,0,0.028487444
0,0,0.0019219924
0,0,0.0028209626
0,0,0.0022274079
0,0,0.0013538895
1,1,0.9961772
0,0,0.0038164225
0,0,0.0019868629
1,1,0.8522816
1,1,0.91588867
0,0,0.0025871769
0,0,0.0019689032
0,0,0.0014722764
1,1,0.99831176
0,0,0.004645172
1,0,0.122158706
0,0,0.0046004057
1,1,0.9962218
1,1,0.99527526
1,1,0.98226917
1,1,0.99880075
0,1,0.65183884
1,1,0.9985012
1,1,0.9981286
0,0,0.001993367
0,0,0.0027128868
1,1,0.99057215
0,0,0.0063565224
0,0,0.0017556719
0,0,0.004186699
1,1,0.99770004
1,1,0.99854183
0,0,0.24673551
1,1,0.9901924
1,1,0.9980902
1,1,0.9580978
1,1,0.99706906
1,1,0.9962329
1,1,0.9984863
0,0,0.0014917103
0,0,0.040657956
0,0,0.0023121345
1,1,0.9908971
0,0,0.0015194281
1,1,0.99322975
1,1,0.9693803
0,0,0.0016194098
1,1,0.9977744
1,1,0.9984333
0,0,0.0018429864
1,1,0.9024577
1,1,0.99911183
1,1,0.98632425
1,1,0.998855
0,0,0.16341124
0,0,0.0027875951
0,0,0.003928343
1,1,0.9984767
0,0,0.0021737288
0,0,0.0031716828
1,1,0.92355025
1,1,0.981312
1,1,0.99880886
0,1,0.89266986
0,0,0.0039493553
0,0,0.0020203537
1,1,0.99791044
1,1,0.8843578
0,0,0.0023050373
0,0,0.03390346
1,1,0.998919
1,1,0.99873036
1,1,0.99812645
0,0,0.0013875173
1,0,0.024704639
0,0,0.017091677
0,0,0.05797827
0,0,0.0029014065
0,0,0.0043475595
0,0,0.0017484798
0,0,0.0014878601
1,1,0.9986187
0,0,0.0022523466
0,0,0.024336468
0,0,0.0029410361
0,0,0.0033736243
1,1,0.9957099
0,0,0.00764667
0,1,0.57175064
0,0,0.0043739127
0,0,0.003849175
1,1,0.9976745
0,1,0.92466164
1,1,0.998896
0,0,0.0028049017
0,0,0.0017484041
0,0,0.0016738789
1,1,0.9823031
1,1,0.9985347
0,0,0.001602204
1,1,0.97551197
1,1,0.99175406
1,1,0.97340244
0,0,0.0016082474
0,0,0.0019404645
0,0,0.0021999844
0,0,0.19539946
1,1,0.9967669
0,0,0.0029918887
1,1,0.9410956
0,0,0.0013606086
1,0,0.07517763
1,1,0.99565923
0,0,0.016550336
0,0,0.01131776
0,0,0.0014636053
0,0,0.0022642543
1,1,0.9863826
0,0,0.0026243227
1,1,0.9866217
1,1,0.9989029
1,1,0.9981248
1,1,0.99609095
1,1,0.9982482
0,0,0.001645217
0,0,0.0155789
0,0,0.10506179
1,1,0.97926646
1,1,0.9952089
0,1,0.84777206
0,0,0.0025662794
1,1,0.9806491
0,0,0.0020002984
0,0,0.008931587
0,0,0.0018420578
1,1,0.990825
0,0,0.0016869635
0,0,0.0023947435
1,1,0.99701774
1,1,0.9964754
1,1,0.99840975
1,1,0.9984493
0,0,0.0023803401
0,0,0.005027398
0,0,0.0017594818
0,0,0.0024144335
1,1,0.99864644
0,0,0.4546033
1,1,0.98929405
0,0,0.0021652996
0,0,0.0018005095
1,1,0.97245276
0,0,0.0018796402
0,0,0.002065658
1,1,0.9788441
1,1,0.9984432
0,0,0.0020237176
0,0,0.0023931784
1,1,0.9628218
1,1,0.9889417
1,1,0.99584454
0,0,0.002671293
1,1,0.9979528
1,1,0.998793
0,0,0.0022602594
1,1,0.9596271
1,1,0.99748695
0,0,0.0017321241
1,1,0.9971193
0,0,0.004672956
0,0,0.0023065808
1,1,0.98197824
0,0,0.011276159
0,0,0.0046501067
1,1,0.9899462
1,1,0.99804014
0,0,0.001852467
1,1,0.99767166
1,1,0.9975795
1,1,0.993826
1,1,0.99900264
1,1,0.99422187
1,1,0.99827504
0,1,0.9558151
1,1,0.9974542
0,0,0.0017670718
0,0,0.0027018571
0,0,0.001536322
1,1,0.5151806
1,0,0.019336313
1,1,0.99863654
1,1,0.9921916
1,1,0.99671197
0,0,0.004741022
0,0,0.0024399501
1,1,0.9982382
0,0,0.016216705
1,1,0.62626183
0,0,0.0017394148
0,0,0.0029929786
0,0,0.011921222
1,1,0.9978364
0,0,0.0049173725
0,0,0.0023174402
0,0,0.0013996937
0,1,0.89227337
0,0,0.00492524
0,0,0.0020892802
0,0,0.002507124
0,0,0.03371589
0,0,0.0021120661
0,0,0.006031258
0,0,0.018090477
0,0,0.00244196
1,1,0.9845398
1,1,0.99667895
1,1,0.9961272
0,0,0.0014014076
1,1,0.9987066
1,1,0.99865156
0,0,0.0019823557
1,1,0.9930362
0,0,0.0063340697
1,1,0.9536849
0,0,0.0021320344
0,0,0.001699502
1,1,0.9970745
0,1,0.5090271
0,0,0.0018002145
1,1,0.8696618
0,0,0.001763473
1,1,0.9984951
0,0,0.012277802
0,1,0.925464
0,0,0.0021963615
1,1,0.98796207
0,0,0.0016557124
1,1,0.9988122
1,1,0.99353665
1,1,0.96074617
0,0,0.0015414373
0,0,0.0018338864
1,1,0.9859336
0,0,0.0015512509
0,0,0.0025116561
1,1,0.99821824
1,1,0.9956124
1,1,0.9251793
1,1,0.99236894
0,0,0.038970124
0,0,0.0027263656
1,1,0.99794215
0,0,0.0036766394
1,1,0.90677947
1,1,0.9951367
0,0,0.06870685
0,0,0.0027646127
0,0,0.0031104495
1,1,0.98881197
1,1,0.9989704
0,1,0.98171496
0,0,0.00449759
1,1,0.9985613
0,0,0.010495403
1,1,0.998659
1,1,0.99801695
1,1,0.9941766
1,1,0.9945655
1,1,0.99606955
0,0,0.0025250283
1,1,0.95721596
1,1,0.9985923
1,1,0.9985946
0,0,0.001845604
0,0,0.0018248118
0,0,0.021937024
0,0,0.0019856992
0,0,0.0025134878
1,1,0.9987172
0,0,0.0023532866
0,1,0.83099544
1,1,0.99711776
1,1,0.9775907
1,1,0.99647707
1,1,0.99907124
0,0,0.009534586
0,0,0.020659886
0,0,0.12497172
0,0,0.001427188
1,1,0.9982133
0,0,0.28149757
0,0,0.003347616
1,1,0.99854064
0,0,0.0019147277
0,0,0.035911042
1,1,0.90995497
0,0,0.0021195807
1,1,0.99846965
0,1,0.9151443
0,0,0.0018081634
1,1,0.9970498
1,1,0.99537295
1,1,0.9935755
0,0,0.010400483
1,1,0.81862336
1,1,0.9985448
0,0,0.0033374352
1,1,0.9931513
0,0,0.0027110192
1,1,0.9966704
0,0,0.0032228504
0,0,0.00848199
0,0,0.0019139799
0,0,0.0022768725
1,1,0.9650445
1,1,0.99650335
0,0,0.0020319973
1,1,0.9985201
0,0,0.0054048025
0,0,0.002513089
1,1,0.98609877
1,1,0.8459529
0,0,0.015420947
0,1,0.91817373
0,0,0.0015490797
0,0,0.004266727
1,1,0.9988502
1,0,0.33393964
0,0,0.0017915095
0,0,0.0052748844
0,0,0.0026819368
1,1,0.93674946
0,0,0.0021774864
1,1,0.9982754
1,1,0.99802846
1,1,0.99785405
1,1,0.99866784
1,1,0.8876904
0,0,0.0014549126
0,0,0.004418741
0,0,0.0025145567
0,0,0.030571302
1,1,0.9984825
1,1,0.9976743
1,1,0.99828374
1,1,0.99841416
1,1,0.94862634
1,1,0.9983583
0,0,0.003184036
0,0,0.0026063863
0,0,0.3215523
1,1,0.9988243
1,1,0.9818444
1,1,0.9982816
0,0,0.005241713
1,1,0.9971015
0,0,0.0016862394
0,0,0.413203
1,1,0.9982899
1,1,0.9867134
1,1,0.9912134
1,1,0.9988469
1,1,0.9965295
0,0,0.0027490205
1,1,0.984484
0,0,0.0023704818
1,1,0.9761772
0,0,0.20525527
0,0,0.002014835
0,0,0.002197416
1,1,0.9746962
1,1,0.99851567
0,0,0.0014462604
1,1,0.9988636
1,1,0.9984275
1,1,0.991516
1,0,0.004670196
1,1,0.99824154
0,0,0.0068047275
0,0,0.0026603523
1,1,0.99858177
1,1,0.9985398
0,0,0.003075352
0,0,0.0042916867
1,1,0.9987728
0,0,0.0019308315
0,0,0.0024157085
1,1,0.99756986
0,0,0.06104477
1,1,0.99828607
1,1,0.9960304
1,1,0.99495393
0,0,0.041794688
0,0,0.0016813258
0,0,0.022147838
0,0,0.0017709916
0,1,0.97597325
1,1,0.99724567
1,1,0.9254528
1,1,0.63817185
1,1,0.99901116
1,0,0.25559753
0,0,0.001499153
1,1,0.9925914
0,0,0.0076899095
1,1,0.99681073
0,0,0.0017457479
1,1,0.888046
0,0,0.0017382461
0,0,0.25175798
0,0,0.0030154854
1,1,0.99714667
1,1,0.9967451
0,0,0.0026000845
0,0,0.0013423477
0,0,0.0052355803
1,1,0.9975206
0,0,0.31631765
0,0,0.0014508138
0,0,0.003248944
0,0,0.005887004
0,0,0.0025705083
0,0,0.0014827386
1,1,0.9969062
0,0,0.0019990697
1,1,0.99697745
0,0,0.0031714856
1,1,0.9920644
0,0,0.003625084
1,1,0.99716455
1,1,0.9978994
1,1,0.99826705
0,0,0.001517745
1,1,0.99617106
0,0,0.020851769
1,1,0.9988973
0,0,0.0014356887
1,1,0.9792645
1,1,0.98295134
1,1,0.9984799
0,0,0.0062233415
0,0,0.0027350944
1,1,0.99182945
0,0,0.0047648456
0,0,0.0024454088
0,0,0.0023308364
1,1,0.99862695
0,0,0.0016157436
1,1,0.99864393
1,1,0.99648595
0,0,0.0072034933
0,0,0.030846559
1,1,0.99323493
1,1,0.9985227
1,1,0.95696425
1,1,0.9930462
0,0,0.022042654
0,0,0.22285102
1,1,0.9991228
1,1,0.99788207
0,0,0.0017624525
0,0,0.004661411
0,0,0.0016412509
1,1,0.99840754
1,1,0.99780685
0,0,0.0019025548
1,1,0.9988955
0,0,0.0026413563
0,0,0.0020042658
0,0,0.0033626647
1,1,0.9947278
1,1,0.99542195
1,1,0.99861777
0,0,0.0021092682
0,0,0.0028717115
1,1,0.99672395
1,1,0.9970559
1,1,0.99202055
1,1,0.99766445
1,1,0.65878576
1,1,0.99695194
0,0,0.004556758
1,1,0.9986524
0,0,0.0030280221
0,0,0.0016725095
0,0,0.0015050762
0,0,0.0015695812
0,0,0.002119345
0,0,0.021041315
1,1,0.9916285
0,0,0.0023536829
0,0,0.024083808
1,1,0.9974355
0,0,0.0018640902
0,0,0.012287532
0,0,0.0022108257
1,1,0.99558556
0,0,0.009969493
0,0,0.0021024104
1,1,0.9969073
1,1,0.98981327
1,1,0.99799323
0,0,0.0017425034
1,1,0.99352735
1,1,0.9859805
0,0,0.01035177
0,0,0.002490558
1,1,0.97730756
1,1,0.9903501
0,0,0.0019230464
1,1,0.9880399
0,0,0.0019949311
0,0,0.002731081
0,0,0.0016583217
1,1,0.99242085
1,1,0.99821246
0,0,0.030663127
0,0,0.0028097685
1,1,0.9864674
1,1,0.9988732
0,0,0.002372018
1,1,0.9957866
0,0,0.0013515094
0,0,0.0028805195
0,0,0.0021507274
1,1,0.9985998
1,1,0.9801588
0,0,0.005232963
0,0,0.013641904
1,1,0.99461776
1,1,0.99570954
1,1,0.99526703
0,0,0.0017346521
0,0,0.0024566327
1,1,0.9949167
1,1,0.9986933
0,0,0.0013710165
0,0,0.0016066158
1,1,0.560812
0,0,0.002037493
0,0,0.010007759
1,1,0.9980719
0,0,0.0040278803
1,1,0.99549097
1,1,0.99300236
0,0,0.0024544848
0,0,0.0019485127
0,0,0.0018538727
0,0,0.0037285856
1,1,0.9987613
0,0,0.006616232
1,1,0.99139106
1,1,0.9991147
0,0,0.002606477
1,1,0.99837756
1,1,0.9981407
1,1,0.99580425
0,0,0.0031377964
1,1,0.99654275
1,1,0.9935854
1,1,0.9197775
0,0,0.0021126834
0,0,0.10054052
1,1,0.99685967
1,1,0.9853823
0,0,0.008768824
0,0,0.008964325
0,0,0.004972254
0,0,0.01245245
0,0,0.17885712
0,0,0.023191424
1,1,0.9971705
0,0,0.0026818223
1,1,0.97999245
0,0,0.0025398543
1,1,0.9985903
0,0,0.0013955389
0,0,0.0020774298
0,0,0.01209308
0,0,0.0016841175
1,1,0.9984785
0,0,0.0020163588
0,0,0.0019953372
0,0,0.0017293576
0,0,0.0019098888
0,0,0.0017444645
0,0,0.0021650933
0,0,0.006910318
1,1,0.975466
0,0,0.0021887273
0,0,0.0018971621
1,1,0.9925115
0,0,0.0020780049
0,0,0.002320125
0,0,0.0018356486
1,1,0.57116306
1,1,0.9969999
1,1,0.986585
1,1,0.99702954
1,1,0.99687934
0,0,0.0021139083
0,0,0.0015932817
0,0,0.0014728066
1,1,0.9908251
0,0,0.0056890408
1,1,0.9811187
0,0,0.0020763495
1,1,0.9987042
0,0,0.0027137876
1,1,0.9957982
1,1,0.99246335
1,1,0.990989
1,1,0.9981724
0,0,0.0029253948
1,1,0.97936684
1,1,0.99861884
1,1,0.99456185
0,0,0.007094601
0,0,0.0018204708
0,0,0.0014899046
1,1,0.9972154
1,1,0.99894303
0,0,0.0018922581
0,0,0.001961513
0,0,0.0023692527
0,0,0.0032653643
1,1,0.9932374
0,0,0.0022442495
0,0,0.0015183361
0,0,0.0026680226
0,0,0.0016823283
0,0,0.0059067183
1,1,0.97872216
1,1,0.997726
0,0,0.0017757677
0,0,0.0017729332
1,1,0.99890304
1,1,0.99877733
1,1,0.5964126
0,0,0.0014817473
1,1,0.99773335
0,0,0.0015047673
0,0,0.011829057
0,0,0.27533567
1,1,0.99702424
1,1,0.9725866
0,0,0.2900435
1,1,0.9921908
1,1,0.9945268
1,1,0.98188466
0,0,0.2265221
1,1,0.98291147
0,0,0.0018639768
0,0,0.0021104529
1,1,0.99822456
1,1,0.9960775
1,1,0.92245924
0,0,0.0032122324
0,0,0.0026937167
1,1,0.99845994
1,1,0.99448806
0,0,0.029392317
1,1,0.99872845
1,1,0.9988747
0,0,0.005461779
0,0,0.0015159481
1,0,0.005266105
1,1,0.97531086
1,1,0.8852732
1,1,0.9981724
0,0,0.0018436691
1,1,0.99537224
1,1,0.9991879
0,0,0.0022427132
0,0,0.0020318292
0,0,0.0018831966
0,0,0.054403413
1,1,0.9985839
0,0,0.001751907
0,0,0.0030240216
0,0,0.0063640983
1,1,0.99515104
0,0,0.0016570779
0,0,0.0074080685
1,1,0.9877109
0,0,0.056912124
0,0,0.0030613702
0,0,0.0017190179
0,0,0.0025071334
1,0,0.0044865487
0,0,0.29489484
0,0,0.0026364494
0,0,0.004047224
1,1,0.9982299
0,0,0.0015842861
1,1,0.99525553
1,1,0.99883455
0,0,0.103597015
1,1,0.99750024
1,1,0.9976426
1,1,0.9940252
1,1,0.93486977
1,1,0.99669814
0,0,0.0015596666
0,0,0.0023345083
0,0,0.00295745
1,1,0.99928814
0,0,0.003112482
0,0,0.00271254
0,0,0.001748965
0,0,0.078680605
1,1,0.99231344
0,0,0.02731577
0,0,0.0025175656
1,1,0.9978192
1,1,0.9974885
0,0,0.0060833893
0,0,0.002634474
1,1,0.99903
1,1,0.99791044
0,0,0.0021250632
1,1,0.98549473
1,1,0.9990551
0,0,0.008397331
1,1,0.9926156
1,1,0.995911
0,0,0.0019551467
1,1,0.9972555
0,0,0.0068404856
1,1,0.89872855
1,1,0.99857044
0,0,0.0036508907
1,1,0.9977665
1,1,0.9898839
0,0,0.003458074
1,1,0.99879766
0,0,0.0039963587
0,0,0.0035105557
1,1,0.99878496
1,1,0.99748814
0,0,0.02517913
0,0,0.0021436326
0,0,0.011888498
0,0,0.0021421544
1,1,0.9987915
0,0,0.0018278718
0,0,0.0017177793
1,1,0.9984666
1,1,0.99620736
1,1,0.94524384
0,0,0.009500326
0,0,0.0029146895
1,1,0.9959032
0,0,0.0042388993
1,1,0.99769944
0,0,0.0015030833
0,1,0.84927803
0,0,0.002766851
1,1,0.9975975
1,1,0.998632
1,1,0.99031866
1,1,0.991553
0,0,0.0016356036
0,0,0.0015151183
0,0,0.0019494708
0,0,0.0030049928
1,1,0.9989718
0,0,0.001614877
0,0,0.0019164243
0,0,0.0042896727
1,1,0.9034267
0,0,0.0021709795
0,0,0.0022514896
0,0,0.001525917
1,1,0.99817777
1,1,0.6009822
1,1,0.99853516
0,0,0.0018467024
1,1,0.998966
0,0,0.001417271
1,1,0.9951391
0,0,0.0018263914
0,0,0.002374784
1,1,0.9989673
1,1,0.9959377
0,0,0.0016251426
1,1,0.99270016
1,1,0.9983584
0,0,0.0030195038
1,1,0.9987715
1,1,0.99737763
0,0,0.07914719
1,1,0.9906425
0,0,0.0028177397
0,0,0.10478581
1,1,0.95086896
0,0,0.0039187563
0,0,0.0029423693
1,1,0.99890697
0,0,0.0030315712
0,0,0.0018732722
0,0,0.001675656
1,1,0.7715052
1,1,0.90363586
0,1,0.765069
0,0,0.002522209
0,0,0.0013602944
1,1,0.9983077
1,1,0.9929726
0,0,0.0026047952
1,1,0.9834508
1,1,0.9970235
1,1,0.9927496
1,1,0.9978962
0,0,0.0015478794
0,0,0.0023667451
1,1,0.99874425
1,1,0.9943317
1,1,0.99242145
1,1,0.998833
1,1,0.9837908
1,1,0.998664
0,0,0.004156104
0,0,0.009775407
1,1,0.9978807
1,1,0.99725753
0,0,0.0018494232
1,1,0.99676776
0,0,0.0047944547
1,1,0.9783625
1,1,0.99480915
0,0,0.0027362185
1,1,0.9983177
1,1,0.99559647
1,1,0.9982186
0,0,0.0019072271
1,1,0.97852886
1,1,0.99282914
1,1,0.9979
0,0,0.008117242
0,0,0.0020392712
0,0,0.0025097225
1,1,0.93232054
0,0,0.004447822
0,0,0.0017634949
1,1,0.99230367
0,0,0.0071373875
0,0,0.003420138
0,0,0.0019047842
0,0,0.014205101
1,1,0.9989949
1,1,0.9981584
1,1,0.9975956
0,0,0.0017829116
1,1,0.98640615
1,1,0.9963701
1,1,0.9951174
1,1,0.99374616
1,1,0.99679947
0,0,0.024627836
0,0,0.0030077128
0,0,0.1590039
0,0,0.0020416325
0,0,0.14339477
1,1,0.99842787
0,0,0.4871628
1,1,0.99916863
1,1,0.99796814
1,1,0.9978422
0,0,0.0015671223
1,1,0.9815633
1,1,0.99639785
0,1,0.505012
1,0,0.0028749928
0,0,0.04475369
1,1,0.998212
1,1,0.998382
1,1,0.997897
0,0,0.0014155552
1,1,0.99845266
0,1,0.91343856
1,1,0.9924792
1,1,0.9988386
0,0,0.0018427777
0,0,0.0014733542
1,1,0.99892944
0,0,0.0046948167
0,0,0.002274456
1,1,0.9798116
1,1,0.99743015
1,1,0.9950399
0,0,0.011668684
1,1,0.9948329
0,0,0.0027542047
1,1,0.8848012
0,0,0.0023969568
1,1,0.99541026
0,0,0.06114016
0,0,0.001962484
0,0,0.0014870826
0,0,0.0017104539
0,0,0.0023004124
1,1,0.99888164
1,1,0.998245
0,0,0.0021810138
0,0,0.0034702402
1,1,0.99714416
0,0,0.03238505
0,0,0.0021570565
0,0,0.0016869137
0,0,0.0020368302
1,1,0.9981086
0,0,0.0016859584
0,0,0.003927401
0,1,0.52865225
0,0,0.0037156667
1,1,0.9885747
1,1,0.98898554
1,1,0.99814963
1,1,0.9462733
0,0,0.0016450415
0,0,0.002025689
0,0,0.02263682
1,1,0.99527705
1,1,0.9972248
0,0,0.002174098
1,1,0.99871135
0,0,0.0025862344
0,0,0.0021217645
0,0,0.0032917855
0,0,0.0016810514
1,1,0.9842651
1,1,0.88321346
1,1,0.9940984
0,0,0.0018674788
1,1,0.98383904
0,0,0.002654016
0,0,0.005382847
1,1,0.9962999
1,1,0.9933068
0,0,0.0017912101
1,1,0.96558505
1,1,0.9967834
1,1,0.99704725
1,1,0.9958937
1,1,0.99800104
1,1,0.9756304
0,0,0.013764791
0,0,0.0019858277
1,1,0.9955297
0,0,0.0031874883
1,1,0.99401194
1,1,0.99715793
0,0,0.06753141
1,1,0.55095685
1,1,0.99503326
0,0,0.0031121254
1,1,0.9953146
1,1,0.9927342
1,1,0.9990637
0,0,0.001566205
1,1,0.9756355
0,0,0.0050208266
1,1,0.94713384
0,0,0.002517733
1,1,0.99852693
1,1,0.99103105
1,1,0.9982894
1,1,0.99479383
1,1,0.9968766
0,0,0.22900042
1,1,0.98802954
0,0,0.012814915
0,0,0.002014367
0,0,0.007358542
0,0,0.12995185
1,1,0.9946267
1,0,0.0753206
1,1,0.9971994
0,0,0.0021251836
1,1,0.9984749
0,0,0.0016060531
1,1,0.9922975
1,1,0.99866617
1,1,0.9952923
1,1,0.99832684
1,1,0.998769
1,1,0.95920694
0,0,0.001500722
0,0,0.0018280736
0,0,0.002706794
1,1,0.9930335
1,1,0.99152464
1,1,0.9978618
0,0,0.005919099
1,1,0.99303234
1,1,0.9984237
1,1,0.99444157
1,1,0.995955
0,0,0.0015909874
1,1,0.7389224
0,0,0.0020547896
1,1,0.9987006
1,1,0.98754543
0,0,0.0016049311
1,1,0.98194385
1,1,0.9813069
0,0,0.0029055811
0,0,0.27175498
0,0,0.0017914925
0,0,0.0029872854
0,0,0.005011968
1,1,0.9983564
1,1,0.9422564
0,1,0.9584629
1,1,0.999035
0,0,0.0022261282
1,1,0.94778603
0,0,0.0025151453
1,0,0.4281032
0,0,0.00458639
0,0,0.0020845453
1,1,0.99881786
1,1,0.9958379
0,0,0.0022480036
1,1,0.9909027
1,1,0.9992866
1,1,0.9960299
0,0,0.0022833548
0,0,0.0022353302
0,0,0.0017879503
1,1,0.9934047
0,0,0.01016865
0,0,0.0016705364
0,0,0.002373305
0,0,0.0063504805
1,1,0.98285705
0,0,0.0037417517
0,0,0.008183678
0,0,0.00373412
0,1,0.9806131
0,0,0.003565401
0,0,0.0016124571
1,1,0.99452186
1,1,0.9872707
1,1,0.99887174
1,1,0.99876046
1,1,0.9984831
1,1,0.9967687
0,0,0.0029424
1,1,0.9971342
0,0,0.0020082532
0,0,0.04741011
1,1,0.9015491
1,1,0.9989594
1,1,0.9949124
0,0,0.002399295
1,1,0.996736
1,1,0.9983725
1,1,0.99645424
1,1,0.97546446
1,1,0.9806466
1,1,0.99628276
1,1,0.9980964
1,1,0.9970886
0,0,0.004878151
1,1,0.99423474
0,1,0.7801298
0,0,0.006551326
0,0,0.007476252
1,1,0.9967632
1,1,0.99761826
0,0,0.0036015543
1,1,0.9802508
0,0,0.0023093468
1,1,0.9967302
0,0,0.0017541292
1,1,0.9989581
1,1,0.99483156
1,1,0.789764
0,0,0.0017299115
1,1,0.9934401
1,1,0.99701834
1,1,0.996899
0,0,0.09642575
0,0,0.0018169165
0,0,0.002185955
0,0,0.0022969085
1,1,0.99316674
0,0,0.001854042
1,1,0.99330586
1,1,0.9866898
1,1,0.9974809
0,0,0.0015628153
1,1,0.9967637
0,0,0.0022498963
1,1,0.9941837
1,1,0.94877154
1,1,0.9988985
0,0,0.0024768051
0,0,0.0020237851
0,0,0.0017049911
0,0,0.0017059686
1,1,0.9986785
1,1,0.9950039
0,1,0.8725677
1,1,0.9957942
0,0,0.4459313
0,0,0.29128912
0,0,0.018987173
0,0,0.0028345168
1,1,0.99771655
1,1,0.9992287
0,0,0.0019089691
0,0,0.0017411595
0,0,0.0020922448
1,1,0.9991516
0,0,0.0014695366
0,0,0.0023950918
0,0,0.0023496319
0,0,0.0018031476
0,0,0.0019200067
1,1,0.988598
1,1,0.9957158
0,0,0.013308181
1,1,0.9983367
1,1,0.99378574
0,0,0.005918207
0,0,0.003290115
0,0,0.0016968844
1,1,0.9958133
1,1,0.9822051
1,1,0.816566
1,1,0.9970619
0,0,0.0019790328
0,0,0.001815699
1,1,0.99437743
0,0,0.0030923781
1,1,0.99865365
1,1,0.9990544
1,1,0.9916113
0,0,0.002546861
1,1,0.99620014
0,0,0.0042832796
1,1,0.99124837
1,1,0.99343467
0,0,0.1366066
1,1,0.99838555
1,1,0.9985758
1,1,0.9217423
0,0,0.0026565227
1,1,0.98810905
1,1,0.99460655
0,1,0.5970644
1,1,0.99834347
1,1,0.97960335
1,1,0.9973009
1,1,0.9972356
1,1,0.995675
0,0,0.0024202687
1,1,0.99636996
1,1,0.9988667
0,0,0.0015796626
1,1,0.9971629
1,1,0.9943152
1,1,0.9983027
1,1,0.98198074
0,0,0.0016852956
1,1,0.9446201
0,0,0.0055555725
0,0,0.002927493
1,1,0.9945239
0,0,0.0018024612
1,1,0.99800307
0,0,0.0018065925
1,1,0.99871504
0,0,0.0053598965
0,0,0.0033545769
0,1,0.7174593
0,0,0.0016418041
1,1,0.9981458
0,0,0.0020662092
1,1,0.9979235
1,0,0.10474401
1,1,0.9965777
0,0,0.002093909
0,0,0.0017634478
0,0,0.0035473139
0,0,0.002537664
1,1,0.99854064
0,0,0.016827928
0,0,0.10315253
1,1,0.9966832
0,0,0.02711657
1,1,0.89683175
0,0,0.0020785816
1,1,0.9899301
1,1,0.98961896
0,0,0.0015594572
0,0,0.001730232
0,0,0.0019436531
0,0,0.0033456848
0,0,0.0019724783
0,1,0.93901247
1,1,0.998585
0,0,0.002615971
0,0,0.0022200888
0,0,0.0062272856
1,1,0.9974809
1,1,0.97750765
1,1,0.99871635
1,1,0.9986111
1,1,0.96142244
0,0,0.001799865
1,1,0.996635
1,1,0.9988613
0,0,0.0016326881
1,1,0.99754095
1,0,0.07816071
1,1,0.9978473
0,0,0.0018286017
0,0,0.0021543026
0,0,0.0024786405
0,0,0.0048745363
0,0,0.003131814
0,0,0.005245075
1,1,0.9950375
0,0,0.0029967995
1,1,0.99854374
1,1,0.99661607
0,0,0.0020185162
1,1,0.9961073
1,1,0.99785846
1,1,0.8842007
0,0,0.0017129928
0,1,0.9723884
0,0,0.0046120407
1,1,0.99019647
0,0,0.0038857611
1,1,0.9976156
1,1,0.9984945
0,0,0.0050895363
0,0,0.003388817
1,1,0.9865819
1,1,0.99687946
0,0,0.001844503
0,0,0.0024254806
1,1,0.99342984
0,0,0.0031151422
1,1,0.9980229
0,0,0.0023333924
1,1,0.9986362
1,0,0.0064548175
1,1,0.99601364
1,1,0.9984189
1,1,0.99443406
0,0,0.0013710114
1,1,0.9932447
1,1,0.9964927
1,1,0.99802077
1,1,0.9929767
0,0,0.0021906171
0,0,0.0016131143
0,0,0.002892938
1,1,0.99752
0,0,0.008064204
1,1,0.9956025
0,0,0.08676845
0,0,0.0015388839
1,1,0.99837375
1,1,0.9981773
0,0,0.0038986837
0,0,0.0020247982
1,1,0.96833324
0,0,0.0019397645
0,0,0.019056818
1,1,0.99384874
0,0,0.002113723
0,0,0.0023627295
0,0,0.0024877044
1,1,0.9113531
1,1,0.9943504
1,1,0.9989297
1,1,0.99863607
1,1,0.9935174
0,0,0.013527389
1,1,0.979989
0,0,0.0017131185
0,0,0.0037217815
1,1,0.99095577
1,1,0.900734
0,0,0.0024987215
0,0,0.006135832
1,1,0.99635243
0,0,0.038416047
0,0,0.0028025631
0,0,0.13200845
0,0,0.0015181785
1,1,0.8882101
1,0,0.0024528399
0,0,0.0029575904
0,0,0.0018602862
0,0,0.0018914768
0,0,0.0046642506
1,1,0.99850225
0,0,0.002806676
0,0,0.0029773533
1,1,0.99870825
0,0,0.0014172458
0,0,0.0030819234
1,1,0.9988908
0,0,0.001966549
1,1,0.99585104
1,1,0.9937104
1,1,0.9915337
0,0,0.0031234748
1,1,0.998719
1,1,0.99104744
0,0,0.0016435605
1,1,0.8868386
0,0,0.0067393347
1,1,0.99474007
1,1,0.9965239
1,1,0.9920793
1,1,0.9965256
0,1,0.7626655
1,1,0.99637705
0,0,0.004924534
0,0,0.064223126
1,1,0.9985085
0,0,0.0018639901
1,1,0.98401755
1,1,0.99786085
0,0,0.0061120163
1,1,0.99870884
0,0,0.007974106
1,1,0.9904282
1,1,0.90352607
1,1,0.99766773
1,1,0.9978688
0,0,0.0015733714
0,0,0.0082641505
1,1,0.9913796
1,1,0.9989912
0,0,0.0019490961
0,0,0.0018965445
0,0,0.0016162946
0,0,0.02422527
1,1,0.99706036
1,1,0.99580246
0,0,0.008533181
0,0,0.0020623775
1,1,0.9988558
0,0,0.0019865674
0,0,0.003914329
1,0,0.022215456
0,0,0.0050097452
1,1,0.9989172
0,0,0.0020362681
0,1,0.5322658
1,1,0.9986664
0,0,0.0024204657
1,1,0.9976928
1,1,0.9942674
1,1,0.91802365
0,0,0.0035568494
1,1,0.90323025
1,1,0.99870217
1,1,0.87799627
0,0,0.0020487965
0,0,0.0019972592
1,1,0.99918586
1,0,0.46085167
0,0,0.0014758686
0,0,0.002312535
0,0,0.0017200148
0,0,0.0041854563
0,0,0.009001629
0,0,0.004399194
0,0,0.0013244053
1,1,0.99693465
0,0,0.0024000509
0,0,0.0025863107
0,0,0.0026686506
1,1,0.9870099
0,0,0.0015605207
0,0,0.0018643485
1,1,0.99300086
1,1,0.9869854
0,0,0.002893322
0,0,0.0037652813
1,1,0.9818377
0,0,0.002001599
0,0,0.0017287749
1,1,0.88065296
0,0,0.040612504
0,0,0.0038075098
1,1,0.99446845
0,0,0.0022267671
0,0,0.023070185
1,1,0.99544144
1,1,0.99750996
1,1,0.9978471
0,0,0.0021271938
1,1,0.99799407
0,0,0.0016725655
0,1,0.8607034
1,1,0.997431
0,0,0.0035249405
1,1,0.9968964
0,0,0.0016474646
0,1,0.51452595
1,1,0.9628681
0,0,0.0023938231
0,0,0.0023255574
1,1,0.97860545
0,0,0.0033124979
0,0,0.0025296684
1,1,0.9759948
1,0,0.028757874
1,1,0.9969728
0,0,0.0030890577
0,0,0.009294334
1,1,0.9944799
1,1,0.9974891
0,0,0.0017070434
1,1,0.9916311
0,0,0.025908297
0,0,0.0016606885
1,1,0.9984884
0,0,0.03820914
0,0,0.0049717706
0,0,0.0031273393
0,0,0.021982796
0,0,0.05276798
1,1,0.9561605
0,0,0.0034328618
1,1,0.9980599
1,1,0.96013176
0,0,0.0016506661
1,1,0.99683976
1,1,0.9918704
0,0,0.001884653
0,0,0.010344351
0,0,0.0017774445
0,0,0.0049685547
1,1,0.99293524
0,0,0.0016636574
1,1,0.9979354
1,1,0.97429276
1,1,0.9952082
0,0,0.03515559
1,1,0.98788315
0,0,0.0024812827
1,1,0.99808866
1,1,0.99485236
0,0,0.004226395
0,0,0.050373353
0,0,0.0015728755
0,0,0.0014326732
0,0,0.0027979508
1,1,0.9960353
1,1,0.9273529
1,1,0.9365653
1,1,0.99558735
1,1,0.99924785
0,0,0.0022393367
0,0,0.001867934
1,1,0.9878506
0,0,0.0020632118
1,1,0.99790037
0,0,0.012318545
0,0,0.05957052
1,1,0.965524
1,1,0.98787296
0,0,0.0016844615
0,0,0.0017155699
0,0,0.008164519
0,0,0.0037711388
0,0,0.0014507367
0,0,0.023480425
1,1,0.9824386
0,0,0.06259598
0,0,0.0017515969
0,0,0.0039934576
0,0,0.0020350805
0,0,0.0032698775
0,0,0.059222735
1,1,0.9969988
0,0,0.002390043
1,1,0.66663563
0,0,0.0022581278
1,1,0.9980063
0,0,0.0017441192
0,0,0.001637514
1,1,0.98611414
0,0,0.0021973052
1,1,0.9735421
1,1,0.9887482
1,1,0.99879825
0,0,0.011139675
0,0,0.0019398135
1,1,0.99871695
1,1,0.9889579
0,0,0.002139972
0,0,0.0027710143
1,1,0.9985827
0,0,0.006360138
1,1,0.99330294
0,0,0.0017829175
1,1,0.9990114
1,1,0.9762256
1,1,0.9881611
0,0,0.0021914137
1,1,0.9916905
1,1,0.9868976
0,0,0.003995362
1,1,0.99812716
1,1,0.9641995
1,1,0.9968887
0,0,0.0020198596
1,1,0.95803565
1,1,0.9958411
0,0,0.0042926893
1,1,0.998679
1,1,0.98355216
1,1,0.99872106
1,1,0.99662006
0,0,0.0029970664
0,0,0.0045986194
0,0,0.0032562115
1,1,0.9762556
0,0,0.001431156
1,1,0.9608307
0,0,0.0020882047
0,0,0.0041862894
1,1,0.98981243
0,0,0.0016053262
0,0,0.001529763
1,1,0.9986959
0,0,0.0020705382
1,0,0.20073767
1,1,0.9934464
1,1,0.99537647
0,0,0.0017984803
1,1,0.99739885
0,0,0.0024044823
0,0,0.0016120189
1,1,0.9985097
0,0,0.0020765304
1,1,0.8884598
1,1,0.9969965
0,0,0.0017599652
0,0,0.0033478593
0,0,0.0015172506
0,0,0.0018504437
1,1,0.9961675
0,0,0.0021424175
1,1,0.9799269
0,0,0.00789467
1,1,0.99497753
0,0,0.0050515053
1,1,0.9974349
0,0,0.0015240895
0,0,0.0026156849
0,0,0.001824296
1,1,0.9963607
0,0,0.002889779
0,0,0.0021903215
0,0,0.0017105369
0,0,0.0019674161
0,0,0.0028395497
0,0,0.019753328
1,1,0.87258774
0,0,0.003060328
0,0,0.0025466224
0,0,0.0023307942
0,0,0.0022978026
0,0,0.011864485
0,0,0.0016017711
0,0,0.0015767248
0,0,0.0016641485
1,1,0.9972268
0,0,0.0015568266
1,1,0.9886274
1,1,0.99398226
1,1,0.99784195
0,0,0.003131659
1,1,0.99834204
1,1,0.99824035
1,1,0.974724
1,1,0.9977877
0,0,0.0018841039
0,0,0.0014090214
0,1,0.9873209
0,1,0.97346896
1,1,0.98702395
0,0,0.012286294
1,1,0.98062634
1,1,0.99620926
1,0,0.43913722
1,1,0.99791056
1,1,0.9721733
1,1,0.9966131
0,0,0.002805938
1,1,0.997823
1,1,0.99888045
0,0,0.008253344
0,0,0.0023271001
1,1,0.9975139
1,1,0.995631
1,1,0.99594694
1,1,0.9985421
0,0,0.0400322
1,1,0.99894637
0,0,0.0016857755
0,0,0.0024723457
0,0,0.0039790655
0,0,0.0019368145
1,1,0.9981318
0,0,0.001492708
1,1,0.99761534
0,0,0.0026095468
1,1,0.9909134
1,1,0.9987531
1,1,0.99223095
0,0,0.0020617356
0,0,0.0024383848
1,1,0.996617
1,1,0.9985582
0,0,0.0027121273
1,1,0.99868983
0,0,0.0016478561
0,0,0.0021628283
0,0,0.0014616958
1,1,0.9801118
0,0,0.017135076
1,1,0.9940631
1,1,0.99839056
0,0,0.023321439
0,0,0.0021087644
0,0,0.0017266069
0,0,0.0025454746
1,1,0.96929145
0,0,0.001549259
0,0,0.0016607452
0,0,0.004005649
1,1,0.99682933
1,1,0.807379
1,1,0.98781514
1,1,0.99912125
0,0,0.0055063744
1,1,0.9951605
1,1,0.99814177
1,1,0.9808216
0,0,0.0022377127
0,0,0.0024831078
1,1,0.99835604
0,0,0.0017447346
1,1,0.9209894
0,0,0.4152083
1,1,0.994073
1,1,0.97885746
1,1,0.99675435
0,0,0.0037593725
1,1,0.9933564
0,0,0.0017654015
0,0,0.016674139
1,0,0.21163972
0,0,0.0014933306
0,0,0.0022170173
1,1,0.9970619
1,1,0.9988016
0,0,0.008288501
1,1,0.99068296
1,1,0.7345942
1,1,0.99799514
1,1,0.98974097
0,0,0.0016135407
1,1,0.9821847
1,1,0.9135471
1,1,0.99723
0,0,0.0027566743
1,1,0.99775344
0,0,0.003796121
0,0,0.0023291293
0,0,0.0028214213
1,1,0.9952675
0,0,0.0014660185
0,0,0.002050359
1,1,0.99653816
1,1,0.99749064
1,1,0.9982097
1,1,0.99716216
1,1,0.9503273
0,0,0.052156515
0,0,0.011255096
1,1,0.9972247
1,1,0.973328
1,1,0.99663675
0,1,0.8009922
1,1,0.9958104
1,1,0.88690096
1,1,0.9979107
0,0,0.0016122491
1,1,0.9904785
0,0,0.0024547635
1,1,0.9984591
0,0,0.0021571838
0,0,0.0018242316
0,0,0.0013312952
0,0,0.0016797545
1,1,0.9986731
1,1,0.99305326
1,1,0.9873727
1,1,0.99434173
0,0,0.054765016
1,1,0.9982515
0,0,0.0018622165
0,0,0.0014783441
0,0,0.004660597
0,0,0.001867863
0,0,0.0020189283
1,1,0.9985619
1,1,0.67280406
0,0,0.002272282
1,1,0.99860066
1,1,0.9738237
0,0,0.0022868968
1,1,0.9829942
1,1,0.9965969
1,1,0.9882958
1,1,0.9941327
1,1,0.9617604
0,0,0.013366897
1,1,0.9945775
1,1,0.9970897
1,1,0.99822587
0,0,0.009521277
1,1,0.93243605
0,0,0.013069757
1,1,0.99906904
0,0,0.3985174
1,1,0.9986786
0,0,0.0017833826
0,0,0.004622521
0,0,0.0018615014
1,1,0.99879044
0,0,0.020754153
1,1,0.9839971
0,0,0.0034805688
1,1,0.97743636
0,0,0.0031013403
1,1,0.9984157
1,1,0.99518317
1,1,0.9491073
1,1,0.9925055
1,1,0.9991192
1,1,0.9987208
0,0,0.0021545968
0,0,0.0014358878
1,1,0.9978084
0,0,0.0017627648
1,1,0.9828639
1,1,0.99719584
1,1,0.99765116
0,0,0.0041195527
0,0,0.0018601976
1,1,0.99361444
1,1,0.9950363
0,0,0.008139746
1,1,0.99437934
0,0,0.003058183
0,0,0.010855701
0,0,0.00247228
0,0,0.04176764
1,1,0.9985354
0,0,0.0015540097
0,0,0.0014792889
0,0,0.0043499465
0,0,0.0023177445
1,1,0.99682105
0,0,0.0017404385
1,1,0.9973214
1,1,0.9985215
1,1,0.60653925
1,1,0.9800417
1,1,0.99553514
0,0,0.14483292
1,1,0.96382296
0,0,0.0017723206
0,0,0.0017486752
0,0,0.0027006562
1,1,0.9976107
0,0,0.077887945
0,0,0.3505181
0,0,0.0025332659
0,0,0.0018992526
1,1,0.98727113
1,1,0.9978466
1,1,0.99875
0,1,0.6399918
0,0,0.003235777
1,1,0.956486
1,1,0.99889416
1,1,0.9988952
0,0,0.052963395
1,1,0.9905005
1,1,0.9965346
0,0,0.0051864744
0,0,0.0018939729
0,0,0.0024778906
0,0,0.00573123
0,0,0.0038154654
0,0,0.0015144633
0,0,0.016646313
0,0,0.13564126
1,1,0.998533
1,1,0.5303419
0,0,0.0016662983
1,1,0.9984609
0,0,0.0028000642
0,0,0.0015189073
0,0,0.0015976978
1,1,0.99899036
0,0,0.0017501493
1,1,0.9981785
0,0,0.009591162
0,0,0.002381535
0,0,0.0016450392
1,1,0.9980477
0,0,0.3050974
1,1,0.9963398
1,1,0.99734265
0,0,0.0020323289
1,1,0.99773574
1,1,0.9976076
0,0,0.001971265
0,0,0.0016668242
1,1,0.99905115
1,1,0.9980515
1,1,0.998078
1,1,0.97892946
1,1,0.9980952
1,1,0.9934187
0,0,0.0044843727
0,0,0.0019960694
1,1,0.9883376
0,0,0.001309532
1,1,0.9953721
0,0,0.010435056
1,1,0.97316486
1,1,0.9977075
0,0,0.0029358922
0,0,0.0016023987
0,0,0.0061917454
1,1,0.9973091
1,1,0.97871554
0,0,0.002590272
1,1,0.99072254
0,0,0.0018850582
0,0,0.0019521518
1,1,0.9950447
0,0,0.0044609834
0,0,0.03648203
1,1,0.99873215
1,1,0.9980392
0,0,0.008436001
0,0,0.0035530932
1,1,0.9934803
0,0,0.0017999423
0,0,0.0019857318
1,1,0.995773
0,0,0.0015826479
0,0,0.002839253
0,0,0.0039012474
1,1,0.8851539
1,1,0.99887246
0,0,0.0022256433
0,0,0.0018286818
0,0,0.0017992056
1,1,0.99624854
1,1,0.9980901
0,0,0.0017241135
1,1,0.88466287
0,0,0.09024597
1,1,0.99169344
0,0,0.0014142798
0,0,0.0018660742
1,1,0.99842596
1,1,0.9985031
0,0,0.0024733455
0,0,0.0027759694
0,0,0.002105576
1,1,0.9988387
1,1,0.99853516
1,1,0.9900983
0,0,0.0020828736
0,0,0.0016915664
1,1,0.9916774
0,0,0.0055245813
1,1,0.99582666
1,1,0.99920183
0,0,0.0021536557
0,0,0.0018313654
0,0,0.0016696585
0,0,0.0016864367
1,1,0.9978808
1,1,0.83292496
1,1,0.9616017
1,1,0.99724233
1,1,0.9921672
0,0,0.03652577
1,1,0.98770624
1,1,0.8013841
0,0,0.0028461139
0,0,0.0019622415
0,0,0.056409195
0,0,0.0025970764
0,0,0.0016842315
1,0,0.010599824
1,0,0.4716467
1,1,0.9938222
1,1,0.9652653
0,0,0.0014513998
1,1,0.99453294
0,0,0.0019468322
1,1,0.9936877
0,1,0.53053373
0,0,0.0020722747
0,0,0.08016246
0,0,0.0018277932
1,1,0.99907637
0,0,0.0018237602
1,1,0.9990883
1,1,0.9857927
0,0,0.0018032454
0,0,0.0024673012
0,0,0.002226122
0,0,0.003320186
0,0,0.0073603923
0,0,0.0015949757
0,0,0.0021001606
0,0,0.030076172
1,1,0.6781027
0,0,0.0018633559
1,1,0.98066586
1,1,0.99830747
0,0,0.008525709
0,0,0.00647671
1,1,0.98869216
1,1,0.9985141
1,1,0.9977209
0,0,0.0019709368
0,0,0.00994776
1,1,0.90690106
1,1,0.99623054
0,0,0.0017728786
1,1,0.66507274
0,0,0.0020234864
1,1,0.9960355
0,0,0.005579624
1,1,0.99612147
1,1,0.99807966
0,0,0.0020203595
1,1,0.77709913
1,1,0.9981931
0,0,0.0017833802
1,1,0.99839693
0,0,0.0018283051
1,1,0.99719477
1,1,0.9919917
1,1,0.94839686
1,1,0.98452234
0,0,0.0016690895
0,0,0.0035484484
0,0,0.0018286557
0,0,0.0024995618
0,0,0.002256886
1,1,0.99177086
1,1,0.99763215
0,0,0.0025677765
1,1,0.99729425
0,0,0.0018110607
0,0,0.0055911816
1,1,0.9984964
1,1,0.99587315
1,1,0.99692863
0,0,0.20504092
1,1,0.99736565
1,1,0.9918934
0,0,0.0020558282
1,1,0.9988016
0,0,0.028050274
0,0,0.002425378
1,1,0.9983662
0,0,0.0019035655
1,1,0.9941087
1,1,0.99807525
1,1,0.9503618
1,1,0.9988226
1,1,0.9990687
0,0,0.00186021
0,0,0.0019618399
0,0,0.020174189
0,0,0.011324341
1,1,0.9926595
0,0,0.0013472505
0,0,0.029969785
0,0,0.0018601747
1,1,0.99557745
1,1,0.99431324
0,0,0.0015401272
1,1,0.9923245
0,0,0.0027401352
0,0,0.0021833885
0,0,0.002262877
1,0,0.0044133742
0,0,0.0080427425
1,1,0.9922053
1,1,0.9624811
1,1,0.99644643
0,0,0.3551083
0,0,0.0072948006
0,0,0.0016627309
0,0,0.0030635304
0,0,0.009532656
0,0,0.0016127104
1,1,0.99378395
0,0,0.0035787888
0,0,0.0019770232
0,0,0.0093811015
0,0,0.002581172
0,0,0.0020864587
1,1,0.9933976
1,1,0.9981652
0,0,0.0015628523
0,0,0.0012557099
0,0,0.0019501371
0,0,0.012345656
1,1,0.99646413
1,1,0.99332494
0,0,0.0028105353
0,0,0.0028243633
0,0,0.2697734
0,0,0.0042182654
1,1,0.9773069
0,0,0.005431367
0,0,0.0023318767
0,0,0.002817745
1,1,0.9897432
0,0,0.0024373573
1,1,0.9970772
0,0,0.002803176
1,1,0.99080455
0,0,0.06757629
0,0,0.005695485
1,1,0.9971295
1,1,0.998218
1,1,0.9962022
1,1,0.9975019
0,0,0.018281098
0,0,0.011400896
0,0,0.28731024
0,0,0.002351995
1,1,0.99831474
0,0,0.006287801
0,0,0.0019006252
0,0,0.0019315666
1,1,0.99194324
1,1,0.9939328
0,0,0.0019962436
0,0,0.0015854457
0,0,0.035358045
0,0,0.10636333
0,0,0.002147702
0,0,0.0015868172
1,1,0.99655116
1,1,0.99726844
0,0,0.077840224
0,0,0.0016968021
0,0,0.014565445
0,0,0.0019587127
0,0,0.011818561
0,0,0.003349887
0,0,0.0027984283
1,1,0.9983053
0,0,0.0023423166
0,0,0.001643443
1,1,0.99580956
1,1,0.9799121
0,0,0.0015821748
0,0,0.0018449832
1,1,0.9946128
0,0,0.0016265715
1,1,0.9984255
1,1,0.9966595
1,1,0.99901426
0,1,0.9409499
0,0,0.005866923
0,0,0.0017304955
0,0,0.0022216272
0,0,0.005554572
1,1,0.9944829
0,0,0.0052587017
0,0,0.0020826496
0,0,0.0017705576
0,0,0.0019826575
1,1,0.9972435
0,1,0.98173404
0,0,0.0022567175
1,1,0.99615425
1,1,0.9984415
1,1,0.99694866
0,0,0.0021100452
0,0,0.0019300662
0,0,0.0018150373
1,1,0.99809307
0,0,0.0073984256
0,0,0.003775175
0,0,0.0017391979
1,1,0.99783236
1,1,0.9988747
0,0,0.0021041587
1,1,0.99932396
0,0,0.001433253
0,0,0.013641532
0,0,0.029071867
0,0,0.0047720014
1,1,0.8038835
1,1,0.99433196
1,1,0.9937628
0,0,0.0031995086
0,0,0.0025487915
0,0,0.0063114995
1,1,0.94881094
1,1,0.99523985
0,0,0.0020129122
1,1,0.9980484
0,0,0.0018934745
1,1,0.9987453
1,1,0.98652935
0,0,0.001401718
1,1,0.99778086
1,1,0.99907124
1,1,0.9984016
0,0,0.0027288455
0,1,0.5714412
1,1,0.99752456
0,0,0.0019184466
1,1,0.9977113
1,1,0.98537874
1,1,0.98119825
0,0,0.030726686
0,0,0.0037768073
1,1,0.99735165
1,1,0.9959765
0,0,0.002393584
1,1,0.99658906
1,1,0.97490114
1,1,0.998792
0,0,0.004714195
1,1,0.9980128
1,1,0.998451
0,0,0.038180232
1,1,0.9986468
0,0,0.022992667
1,1,0.99265665
0,0,0.0018001676
0,0,0.0022252633
0,0,0.0019010061
0,0,0.017037904
1,1,0.9974267
0,1,0.76503104
0,0,0.0016560907
1,1,0.998495
0,0,0.0017204816
1,0,0.36390644
1,1,0.96954006
0,0,0.0017122544
1,1,0.8835916
1,1,0.9945964
0,0,0.0019928406
1,1,0.99819404
0,0,0.002219113
1,1,0.9848092
0,0,0.0014868156
1,1,0.99811965
0,0,0.0016293756
0,0,0.0025221223
0,0,0.0024859314
0,0,0.0016677744
1,1,0.99725586
1,1,0.9941069
1,1,0.99845946
1,1,0.9985241
1,1,0.9989504
0,0,0.0035502713
1,1,0.94279045
0,0,0.0031078074
0,0,0.0017382527
0,0,0.0016170779
1,1,0.9925982
1,1,0.9866877
1,1,0.99448735
1,1,0.9288518
0,0,0.0018908936
0,0,0.18177722
0,0,0.0018736878
0,0,0.0045468844
1,1,0.99795794
1,1,0.994334
1,1,0.99293435
0,0,0.0018108246
0,0,0.059787
1,1,0.9988877
1,1,0.9815345
1,1,0.98216945
1,1,0.9975866
0,0,0.010262943
0,0,0.011797652
1,1,0.9965385
1,1,0.983296
1,1,0.99855524
1,1,0.99532485
0,0,0.0017590919
0,0,0.0016597322
0,0,0.053198244
1,1,0.9370715
0,0,0.0036957455
1,1,0.9990901
1,1,0.9977303
1,1,0.9674135
1,1,0.98131573
0,0,0.0020621705
0,0,0.0017272317
0,0,0.0028100917
1,1,0.98689693
1,1,0.988037
1,1,0.8670011
0,0,0.0021764298
1,1,0.99656457
1,1,0.9936028
1,1,0.8218966
0,0,0.018142482
1,1,0.99630356
1,1,0.9984687
0,0,0.025764843
1,1,0.9784694
1,1,0.99521846
1,1,0.9767461
1,1,0.84443355
0,0,0.00183521
1,1,0.9968406
1,1,0.9990421
1,1,0.9941003
1,1,0.99831164
0,0,0.066291906
1,1,0.8602806
1,1,0.998613
0,0,0.0019509437
0,0,0.003968923
0,0,0.0023565635
1,1,0.9958097
0,0,0.033643182
1,1,0.9800091
0,0,0.0037403372
1,1,0.9982305
0,0,0.0023767415
0,0,0.0034576273
0,0,0.005462424
1,1,0.99804604
1,1,0.99828666
0,0,0.2475266
1,1,0.9757166
0,0,0.0021738468
0,0,0.00273251
1,1,0.9931686
0,0,0.011617626
1,1,0.99347323
1,1,0.9988668
1,1,0.9910227
0,0,0.049809434
0,0,0.008641158
0,0,0.08358125
1,1,0.9954471
0,0,0.0018612833
1,1,0.9873921
1,1,0.9961289
0,0,0.0022571932
0,0,0.003309417
0,0,0.0076276613
0,0,0.0030219678
0,0,0.016121477
0,0,0.031931236
0,0,0.00677291
1,1,0.9981312
1,1,0.99445903
1,1,0.995836
0,0,0.002306096
1,1,0.9988506
1,1,0.99842703
1,1,0.99642473
0,1,0.9118982
0,0,0.002625249
0,0,0.003269618
0,0,0.001951108
1,1,0.9988556
0,0,0.03685963
1,1,0.99621993
0,0,0.40886343
1,1,0.9950819
1,1,0.9841213
0,0,0.0016274916
0,0,0.003117515
0,0,0.0024198515
1,1,0.98042494
1,1,0.9980787
1,1,0.9914464
0,0,0.002349291
1,1,0.83146566
0,0,0.001452667
0,0,0.001812187
0,0,0.07817862
0,0,0.0074232095
1,1,0.96907914
0,0,0.039807416
1,1,0.99732983
1,1,0.99911124
0,0,0.0017985968
0,0,0.0018893417
1,1,0.9915549
0,0,0.0014380421
1,1,0.9977938
0,0,0.0017475437
0,0,0.002563632
1,1,0.936614
1,0,0.08587829
1,1,0.99834955
0,0,0.0018458703
1,1,0.97107905
1,1,0.99817336
1,1,0.98008794
1,1,0.99890435
1,1,0.9884157
1,1,0.9968059
1,1,0.99633765
1,1,0.99343854
1,1,0.99710184
1,1,0.9975274
1,1,0.9554445
0,0,0.0029105544
0,0,0.009182078
1,1,0.98143286
0,0,0.0018553098
0,0,0.0020920925
1,1,0.96459043
1,1,0.99745876
1,1,0.99312407
0,0,0.0022042715
1,1,0.98712754
1,1,0.99868375
0,0,0.0016284449
0,0,0.002390142
1,1,0.99833304
1,1,0.99300754
1,1,0.95175004
0,0,0.0025255196
1,1,0.9822808
0,0,0.0019111616
0,0,0.0020477322
1,1,0.70181865
1,1,0.9574004
1,1,0.99848264
1,1,0.73894733
1,1,0.99193186
1,1,0.983733
0,0,0.002224974
1,1,0.9943394
0,0,0.0042043137
1,1,0.99842083
1,1,0.9985392
0,0,0.0052995416
1,1,0.9982534
0,0,0.0014473157
1,1,0.998588
1,1,0.9595003
1,1,0.963871
0,0,0.0032605848
0,0,0.0015040726
0,0,0.0015216599
0,0,0.002875801
0,0,0.0015001934
1,1,0.9937681
1,1,0.9945562
1,1,0.99699485
0,0,0.0033875129
0,0,0.0037092012
1,1,0.99867046
1,1,0.9939394
1,1,0.99719954
1,1,0.99563545
0,0,0.002653198
0,0,0.0028305438
1,1,0.99891675
0,0,0.0021340847
1,1,0.99459344
1,1,0.9373091
1,1,0.99312085
0,0,0.013372049
0,0,0.0022027367
0,0,0.0026493478
1,1,0.99856865
0,0,0.0018236118
0,0,0.0019489921
1,1,0.99873096
0,0,0.0030469787
1,1,0.99650866
0,0,0.004637464
1,1,0.99823725
1,1,0.99871576
1,1,0.99385506
0,0,0.0018106075
1,1,0.9982804
1,1,0.99645185
1,1,0.9929147
1,1,0.989466
0,0,0.03372841
1,1,0.99538463
1,1,0.99448484
1,1,0.9948842
1,1,0.9841415
1,1,0.98367196
1,1,0.99884856
1,1,0.61256516
1,1,0.99449474
1,1,0.9953133
1,1,0.93907356
1,1,0.9983242
0,0,0.013886536
0,0,0.010939376
0,0,0.0018711871
1,1,0.9981505
1,1,0.9719595
1,1,0.9975286
1,1,0.9986941
1,0,0.39741117
1,1,0.9973035
1,1,0.998187
1,1,0.99909854
1,0,0.21228456
1,0,0.32023686
0,0,0.0021467675
0,0,0.0026523026
0,1,0.946349
0,0,0.00142273
0,0,0.018185189
0,0,0.0020054928
0,0,0.0013205901
0,0,0.0018221716
0,0,0.0016916334
0,0,0.0014772823
1,1,0.9975937
0,0,0.004124332
0,0,0.0017531234
0,0,0.00243425
0,0,0.05895714
1,1,0.9993412
1,1,0.9982021
0,0,0.0031999801
1,1,0.99056256
1,1,0.9977196
0,0,0.0033753915
0,0,0.43827826
0,0,0.007132199
0,0,0.001440991
1,1,0.97657573
1,1,0.99607325
1,1,0.9959143
1,1,0.9974769
1,1,0.91268635
0,0,0.0021778645
0,0,0.004492584
0,0,0.0015629817
1,0,0.0052014645
1,1,0.9986419
0,0,0.055712137
1,1,0.99659663
0,0,0.004056976
0,0,0.0016280233
0,0,0.0015408869
1,1,0.9694224
0,0,0.0029248332
0,0,0.0027079864
1,1,0.9989177
0,0,0.0030101647
0,1,0.6607311
1,1,0.9987425
0,0,0.013000015
1,1,0.9975552
1,1,0.9983271
0,0,0.004084276
0,0,0.41216642
1,1,0.9819511
1,1,0.99887925
1,1,0.9839512
0,0,0.0019019118
1,1,0.9959275
0,0,0.0020234268
0,0,0.008177609
1,1,0.99728453
0,0,0.02831633
1,1,0.99909925
1,1,0.9954863
0,0,0.0024928807
1,1,0.99880993
1,1,0.99604356
1,1,0.9799304
1,1,0.998323
0,0,0.00888055
0,0,0.0031705298
1,1,0.99242145
0,0,0.0016450939
1,1,0.9678435
1,1,0.9970552
0,0,0.002959342
0,0,0.40550163
1,1,0.98073876
0,0,0.0030937132
0,0,0.0017239575
1,1,0.998494
0,0,0.0015505172
1,1,0.9920025
1,1,0.93643886
1,1,0.9958882
1,1,0.994013
0,0,0.0020183865
0,0,0.0037297728
0,0,0.010296074
0,0,0.0017871114
0,0,0.0047882795
1,1,0.9921144
1,1,0.998451
1,1,0.99888843
0,0,0.0016142628
0,0,0.0022132085
0,0,0.001702952
1,1,0.9984816
1,1,0.9984811
0,0,0.0017197856
1,1,0.99676514
0,0,0.0015208278
0,1,0.6953437
1,1,0.99870193
0,0,0.0042250543
1,1,0.99073166
0,0,0.0034181043
0,0,0.0021107744
1,0,0.026991546
0,0,0.0044957483
1,1,0.9928826
0,0,0.0024723692
1,1,0.9808889
1,1,0.88452035
1,1,0.98132885
0,0,0.14018434
0,0,0.0015964799
0,0,0.0021363928
1,1,0.9959116
0,0,0.0023515385
1,1,0.98546684
0,0,0.0024629438
0,0,0.091362216
0,0,0.0019205622
0,0,0.0038015498
1,1,0.99801034
0,0,0.0014245808
0,0,0.0030098914
0,0,0.008570829
0,0,0.0030166975
1,1,0.99850345
0,0,0.0025729747
0,0,0.0017382395
1,1,0.98958415
1,1,0.9984524
1,1,0.9957045
0,0,0.0018354818
1,1,0.9406806
1,1,0.9908556
0,0,0.00881003
1,1,0.9983631
1,1,0.9967217
1,1,0.9981071
0,0,0.0032314968
0,0,0.0017619428
0,0,0.002544669
1,1,0.9962316
0,0,0.17604132
0,0,0.001868802
0,1,0.6075383
0,1,0.9170719
1,1,0.9984799
1,1,0.9896769
1,1,0.9698027
1,1,0.99873215
1,1,0.9959682
0,0,0.001633142
0,0,0.0038763594
1,1,0.9963825
1,1,0.99722445
0,0,0.0077847308
1,1,0.99808264
0,0,0.0026682967
0,0,0.0022960368
1,1,0.99606127
0,0,0.002781233
1,1,0.99780506
0,0,0.0051356214
1,1,0.95558196
0,0,0.0019391662
1,1,0.9883902
0,0,0.002321702
0,0,0.013833108
1,1,0.9813524
1,1,0.9966614
1,1,0.99781173
0,0,0.031972047
0,0,0.0019191003
0,0,0.4993895
0,0,0.0040769666
1,1,0.9703091
0,0,0.0016914166
1,1,0.99901533
1,1,0.79440194
0,0,0.0014900309
0,0,0.003483828
1,1,0.9984285
1,1,0.99864846
0,0,0.00614751
1,1,0.9720166
1,1,0.9827974
1,1,0.98245883
1,1,0.9973354
0,0,0.015642386
1,1,0.9972921
1,1,0.97477484
1,1,0.99728477
1,1,0.9966486
0,0,0.0028013266
1,1,0.99604946
0,0,0.002736117
0,0,0.0014840735
0,0,0.0017952336
0,0,0.001787906
1,1,0.9764016
0,0,0.06364916
0,0,0.003110052
0,0,0.0020130964
1,1,0.98678595
1,1,0.9985195
0,0,0.0029150427
0,0,0.030522507
0,0,0.015233886
1,1,0.94466966
0,0,0.0019933889
0,0,0.0025876875
1,1,0.99859315
1,1,0.98999375
1,1,0.99083906
1,1,0.99880874
0,0,0.0025937778
0,0,0.0015576807
0,0,0.0021186923
0,0,0.0019305355
0,0,0.19207361
0,0,0.0019848193
1,1,0.99755305
1,1,0.9926064
0,0,0.031731974
0,0,0.00361968
1,1,0.9988175
0,0,0.0018946851
0,0,0.0023228587
1,1,0.9140807
0,1,0.6100981
0,0,0.0043054423
1,1,0.9977362
1,1,0.9858575
0,0,0.0018236361
1,1,0.9883482
0,0,0.041191045
0,0,0.0023410611
0,0,0.0016162469
1,1,0.99642986
0,0,0.0022286484
1,1,0.99743086
1,1,0.99832493
0,0,0.0017985445
0,0,0.003786022
0,0,0.0035514832
1,1,0.99759066
1,1,0.92241275
0,0,0.0020622008
1,1,0.9969438
1,1,0.9164218
1,1,0.99817514
1,1,0.99437755
1,1,0.9433195
1,1,0.9961061
0,0,0.0073327785
0,0,0.0062980438
1,1,0.99887615
0,0,0.0027516321
1,1,0.99463356
1,1,0.99743026
1,1,0.99054027
1,1,0.9956938
0,0,0.01325479
0,0,0.013275875
0,0,0.0016912719
1,1,0.99654406
1,1,0.9968364
1,1,0.9928028
1,1,0.99787664
1,1,0.99450207
0,0,0.015350581
1,1,0.9973007
0,0,0.039394524
1,1,0.99365145
0,0,0.0017567654
1,1,0.9920163
0,0,0.0021229016
1,1,0.99845743
0,0,0.0039797686
1,1,0.9970561
1,1,0.99266374
0,0,0.0021467304
0,0,0.0024405268
0,0,0.48227203
0,0,0.0031644534
1,1,0.99832934
0,0,0.0018840957
0,0,0.0031035051
0,0,0.0016714366
0,0,0.3804632
0,0,0.002521898
0,0,0.0026270472
1,1,0.9976071
0,0,0.002308656
1,1,0.99725324
0,0,0.0021235764
0,0,0.0039808503
0,0,0.0022073407
1,1,0.99718213
1,1,0.9973672
0,0,0.0019100859
1,1,0.99834967
1,1,0.9981135
0,0,0.0020626178
1,1,0.99716634
0,0,0.0014009839
0,0,0.0032211887
0,0,0.0027400102
0,0,0.0019503356
0,0,0.0032474848
0,0,0.0017746058
0,0,0.0021338165
1,1,0.9959662
0,0,0.0025087474
0,0,0.0027490817
1,1,0.99707055
1,1,0.93611676
0,0,0.053967267
1,1,0.9670204
1,1,0.99597037
1,1,0.9908313
1,1,0.99894184
0,0,0.05679464
0,0,0.0032120643
0,0,0.0021861047
0,0,0.0017172586
0,0,0.004369809
0,1,0.83700806
1,1,0.956241
0,0,0.10899613
1,1,0.99759525
1,1,0.99883574
1,1,0.98427224
1,1,0.90045255
1,1,0.998216
0,0,0.22537746
1,1,0.96531737
0,0,0.0017166873
0,0,0.0022507955
0,0,0.004053849
0,0,0.2134774
1,1,0.9922695
0,0,0.0021279643
1,1,0.9982407
0,0,0.0016646588
0,0,0.0017871285
1,1,0.99907994
0,0,0.0023112856
1,1,0.9962948
0,0,0.003456042
1,1,0.99479336
1,1,0.9295893
0,0,0.0030809129
1,1,0.95817935
1,1,0.996765
1,1,0.9975936
0,0,0.0021653038
0,0,0.0018003534
0,0,0.0016579009
1,1,0.99643123
1,1,0.99885845
0,0,0.0024452077
0,0,0.0021269624
0,0,0.0039074267
1,1,0.99157363
0,0,0.017331861
1,1,0.9900057
1,1,0.81320983
0,0,0.0050359466
1,1,0.9972453
0,0,0.0049704784
0,0,0.008234754
1,1,0.99689484
0,0,0.0030871907
1,1,0.99857175
1,1,0.9242402
1,1,0.99676716
0,0,0.0018753044
1,1,0.9991978
0,0,0.001926788
1,1,0.9979619
1,1,0.97279173
1,1,0.99787676
1,1,0.99557835
1,1,0.9966055
0,0,0.0016088585
0,0,0.0015408517
1,1,0.9911368
0,0,0.012150015
1,1,0.9986957
1,1,0.99791676
1,1,0.9984024
0,0,0.0023836982
0,0,0.0016901176
1,1,0.94005984
1,1,0.9982419
0,0,0.0020709666
1,1,0.9987357
1,1,0.99866986
0,0,0.004167392
1,1,0.97482896
1,1,0.99716574
0,0,0.0014779865
1,1,0.9960383
0,1,0.86049885
1,1,0.986497
0,0,0.010041243
0,0,0.006760459
1,1,0.9982431
1,1,0.9774445
0,0,0.0016629463
0,0,0.002019794
0,0,0.0015342548
1,1,0.9952531
1,1,0.99689317
1,1,0.9985297
0,0,0.002376018
1,1,0.980361
0,0,0.006799032
1,1,0.9693757
0,0,0.002220281
1,1,0.9981071
0,0,0.0018188632
1,1,0.99424994
0,0,0.0015300346
0,0,0.0024397774
0,0,0.0014791939
1,1,0.9989498
0,0,0.005192609
1,1,0.99865496
1,1,0.9794835
0,0,0.053288396
0,0,0.0014107832
0,0,0.0030098525
0,0,0.013548888
0,0,0.045591604
0,0,0.0015535775
0,0,0.0022731663
0,0,0.004218061
0,0,0.0024452473
1,1,0.9991767
1,1,0.9859212
1,1,0.9911907
0,0,0.0023451576
0,0,0.0028243957
0,0,0.0048044375
1,1,0.9973672
1,1,0.9976198
1,1,0.9979113
0,0,0.0016007555
0,0,0.0021390782
1,1,0.9885467
0,0,0.0046210643
0,0,0.0019556251
1,1,0.99639577
1,1,0.9960651
1,1,0.9867885
1,1,0.9974407
1,1,0.9989786
0,0,0.0029023641
0,1,0.65945554
1,1,0.99901533
1,1,0.99044013
0,1,0.63567346
1,1,0.995745
0,0,0.00153424
0,0,0.002545244
1,1,0.9988085
0,0,0.0033244432
1,1,0.9730122
1,1,0.9957224
1,1,0.99888116
1,0,0.46040675
1,1,0.99770725
0,0,0.0028749027
0,0,0.002397732
0,0,0.0034653381
1,1,0.99392265
1,1,0.99801624
1,1,0.99827135
0,0,0.0018234748
1,1,0.9989955
0,0,0.009302025
1,1,0.9972172
0,0,0.0018584206
1,1,0.999246
0,0,0.024503885
1,1,0.99582726
0,0,0.0035073743
0,0,0.0027732595
0,0,0.0027962457
1,1,0.9961158
1,1,0.9965976
0,0,0.004598209
0,0,0.0023201972
1,1,0.98443884
0,0,0.0072256527
0,0,0.001626958
0,0,0.0016807464
0,0,0.0031434381
0,0,0.0027004648
0,0,0.16202816
0,0,0.007243419
0,0,0.0028138356
1,1,0.9725729
1,1,0.9987116
1,1,0.99328446
0,0,0.0028985855
1,1,0.997282
1,1,0.99823976
0,0,0.0015855893
1,1,0.9949444
1,1,0.9984963
0,0,0.0017702348
0,0,0.0026035889
1,1,0.99541545
0,0,0.0024503446
1,1,0.9168916
0,0,0.26745057
0,0,0.0024958765
1,1,0.9847376
1,1,0.99862766
1,1,0.91027606
0,0,0.0023415212
0,0,0.0018263811
1,1,0.99455243
0,0,0.021474265
1,1,0.9759996
0,0,0.0021084053
1,1,0.98931456
1,1,0.9956787
0,0,0.0019297061
0,0,0.0017482184
1,1,0.9976482
0,0,0.0017001737
0,0,0.010581386
1,1,0.99380386
1,1,0.998601
1,1,0.9990645
0,0,0.08640956
0,0,0.0017667986
1,1,0.87098986
1,1,0.9987006
1,1,0.9981287
1,1,0.99566793
1,1,0.96157354
0,0,0.002424114
1,1,0.99734455
1,1,0.9805546
1,1,0.82950974
1,1,0.9984932
1,1,0.9946843
1,1,0.9683055
0,0,0.008624598
0,0,0.0020456442
0,0,0.0020707343
1,1,0.99894494
0,0,0.2283655
0,0,0.022431225
0,0,0.001640023
1,1,0.99700433
0,1,0.77235883
0,0,0.0016106241
1,1,0.9926513
0,0,0.0029388934
0,0,0.06546794
0,0,0.0040341252
1,1,0.99873143
0,0,0.0027588843
1,1,0.9935934
1,1,0.95179856
1,1,0.98661256
1,1,0.99358773
0,0,0.3928235
0,0,0.0037816311
1,1,0.998145
0,0,0.0025275815
1,1,0.99395955
0,0,0.0015901831
1,1,0.7500193
1,1,0.9904242
0,0,0.0024717178
0,0,0.002125317
1,1,0.9798747
1,1,0.99862933
0,0,0.0016119904
0,0,0.0044404217
1,1,0.99890506
0,0,0.0016415517
1,1,0.96007544
0,0,0.0021160047
0,0,0.0038746875
1,1,0.9931298
1,0,0.14648153
1,1,0.99767655
1,1,0.9985185
1,1,0.9986388
1,1,0.9959409
1,1,0.99928266
1,1,0.99549884
1,1,0.9920495
1,0,0.44557822
0,0,0.005852562
1,1,0.99766564
1,1,0.9986078
0,0,0.0021161332
0,0,0.0056661484
1,1,0.99393255
0,0,0.002597373
1,1,0.9862366
0,0,0.0037539657
0,0,0.009203772
0,0,0.0019073688
1,1,0.995939
1,1,0.9968465
1,1,0.9982686
0,0,0.0016852836
1,1,0.9950831
0,0,0.0030268885
1,1,0.9793032
0,0,0.011008404
1,1,0.9970221
1,1,0.998623
0,0,0.0028836615
1,1,0.9899783
0,0,0.049365375
1,1,0.8585063
1,1,0.9919769
0,0,0.023186686
0,0,0.0026681444
0,0,0.0038597065
0,0,0.0029592267
1,1,0.99409205
1,1,0.99047816
0,0,0.008468586
1,1,0.9978254
1,1,0.9935768
0,0,0.0018707828
0,1,0.7974488
0,0,0.0023516864
1,1,0.8707031
0,0,0.0015142905
0,0,0.0018258013
1,1,0.9983407
0,0,0.009073416
1,1,0.9981173
1,1,0.9931805
0,0,0.0022899278
1,1,0.93100846
0,0,0.03364038
0,0,0.002579289
1,1,0.9986921
1,1,0.99908495
0,0,0.015225554
1,1,0.9928236
1,1,0.9986395
0,0,0.005213618
0,0,0.30231065
0,0,0.0021427048
0,0,0.0021135842
1,1,0.99842995
1,1,0.9892189
1,1,0.9991917
0,0,0.0019160494
0,0,0.002122045
0,0,0.002043313
0,0,0.0037155855
1,1,0.99739045
1,1,0.9985323
0,0,0.002920378
0,0,0.005229995
1,1,0.9956338
0,0,0.012880161
0,0,0.0025919606
0,0,0.0036506462
1,1,0.996534
0,0,0.0018131998
0,0,0.0027262256
1,1,0.9978461
1,1,0.9977055
1,1,0.97946596
1,1,0.9710023
0,0,0.002344002
1,1,0.9861499
0,0,0.0033362475
1,1,0.9974343
0,0,0.0040037506
0,0,0.0019351634
0,0,0.002423141
1,1,0.9981812
1,1,0.9981907
0,0,0.024001088
0,0,0.002133175
1,1,0.9403358
1,1,0.9978154
0,0,0.0027027195
1,1,0.9871611
1,1,0.999044
0,0,0.0021052316
0,0,0.0051587545
1,1,0.99842155
1,1,0.9943403
1,1,0.99851304
0,0,0.0021540227
0,0,0.001998437
0,0,0.0017656351
1,1,0.6149778
1,1,0.953225
0,0,0.0020217772
1,1,0.9979631
1,1,0.9983975
1,1,0.9948297
1,1,0.99370414
0,0,0.0050572553
1,1,0.99792624
1,1,0.99488974
0,0,0.0035786885
0,0,0.0013993331
1,1,0.9831648
0,0,0.0025295373
1,1,0.996064
1,1,0.77507997
1,1,0.9797958
1,1,0.9985902
1,1,0.9699277
0,0,0.0034682539
1,1,0.98244387
1,1,0.96953154
1,0,0.42095253
1,1,0.97561467
1,1,0.99860007
0,0,0.0020328255
1,1,0.99796486
1,1,0.9975349
1,1,0.9986125
1,1,0.99758697
0,0,0.04605893
1,1,0.91677314
1,1,0.9840443
1,1,0.9979716
1,1,0.91141874
0,0,0.0029531198
1,1,0.9968526
1,1,0.99264306
1,1,0.9968959
0,0,0.0017329875
1,1,0.9981476
1,1,0.98389983
0,0,0.002116622
1,1,0.9908083
0,0,0.0022117419
0,0,0.0017070116
1,1,0.9948154
1,1,0.9892938
0,0,0.0025100783
1,1,0.9980994
0,0,0.0022954622
0,0,0.055449102
1,1,0.93230397
1,1,0.9986952
1,1,0.9974859
0,0,0.0021617848
0,0,0.015920982
1,1,0.9981622
1,1,0.99821115
1,1,0.9880342
1,1,0.9946702
1,1,0.9972072
0,0,0.0016325746
0,0,0.0016789472
1,1,0.9461417
1,1,0.99881786
0,0,0.0032859147
0,0,0.001560058
0,0,0.12902449
0,0,0.006357124
0,0,0.0020053936
0,0,0.0013019192
0,0,0.0024558804
1,1,0.99639684
1,1,0.9969547
0,0,0.0020384078
1,1,0.99689263
0,0,0.0018613932
1,1,0.99509287
0,0,0.0049255337
1,1,0.9967092
0,0,0.010686153
0,0,0.0029497212
1,1,0.95175403
1,1,0.9988226
0,0,0.0020220445
0,0,0.0014390204
0,0,0.006521607
0,0,0.13839643
0,0,0.0020722386
1,1,0.70279706
0,0,0.0030711433
1,1,0.9914562
1,1,0.99787116
0,0,0.0023267993
0,0,0.0018822111
0,0,0.0016959494
0,0,0.0022319953
0,0,0.002598725
0,0,0.0016420933
0,0,0.0023136442
1,1,0.99870694
1,1,0.9987208
1,1,0.9977678
1,1,0.99645066
0,0,0.001706749
1,1,0.99635834
0,0,0.0040472317
1,1,0.9959474
1,1,0.995987
0,0,0.0019550184
1,1,0.998418
0,0,0.0020414402
1,1,0.99751955
0,0,0.0018388351
1,1,0.99418914
1,1,0.99825436
0,0,0.0016396451
0,0,0.0023845765
0,0,0.0026610026
1,1,0.9983309
1,1,0.98862886
1,1,0.99462813
0,0,0.0056726104
1,1,0.9978263
0,0,0.0025039655
0,0,0.0021602048
1,1,0.99450004
0,0,0.0046725706
1,1,0.50911945
1,1,0.99639624
0,0,0.0021691623
0,0,0.0016935138
1,1,0.9913378
1,1,0.9991172
0,0,0.0025192644
1,1,0.9921217
1,1,0.99770063
0,0,0.0038573563
1,1,0.99829847
1,1,0.9970475
1,1,0.9987538
1,1,0.99896085
0,0,0.0018308182
0,0,0.049769264
0,0,0.0018127633
1,1,0.98630255
1,1,0.9973902
1,1,0.848081
0,0,0.00160853
1,1,0.98682576
1,1,0.99917126
1,1,0.994083
1,1,0.99584806
0,0,0.001988856
1,1,0.9909769
1,1,0.99892586
1,1,0.99424946
1,1,0.9737201
1,1,0.98103285
0,0,0.0035386612
1,1,0.99377006
1,1,0.9955238
0,0,0.0019013163
1,1,0.995432
1,1,0.99408275
1,1,0.9984119
0,0,0.0019382623
1,1,0.9976609
1,1,0.99837923
0,0,0.0031973897
1,1,0.9958851
1,1,0.9125342
0,0,0.0022526884
1,1,0.99834585
1,1,0.9978423
0,0,0.0036752247
1,1,0.9784546
0,0,0.0017794432
1,1,0.6904852
0,0,0.08809958
0,0,0.0019179491
0,0,0.006157505
0,0,0.008710363
0,0,0.001515331
1,1,0.99742895
1,1,0.99838364
0,0,0.0024140554
0,0,0.0016578323
1,1,0.9974886
1,1,0.951326
0,0,0.016917309
0,0,0.003679227
1,1,0.9938164
0,0,0.16566208
1,1,0.99898714
0,0,0.001668253
0,0,0.0016447876
1,1,0.9964761
0,0,0.0018032473
0,0,0.001861141
0,0,0.0021932663
0,0,0.0022031392
1,1,0.99754
0,0,0.4771594
1,1,0.99651164
1,1,0.99405235
0,0,0.0015183982
0,0,0.0017604327
0,0,0.006404853
0,0,0.040942296
0,0,0.0019038772
1,1,0.99236864
1,1,0.99859995
0,0,0.0030926222
0,0,0.0022886926
1,1,0.9990144
0,0,0.003340666
1,1,0.9946402
0,0,0.0051353755
0,0,0.0023606343
0,0,0.0037054324
0,0,0.0016882762
0,0,0.0016586044
0,0,0.0014918126
0,0,0.0026588321
1,1,0.7859396
1,1,0.9714362
1,1,0.9986877
0,0,0.0024164075
0,1,0.5095945
0,0,0.0032022947
0,0,0.0023266554
0,0,0.0022135684
1,1,0.9828194
0,0,0.0027882205
1,1,0.98823917
1,1,0.9935189
1,1,0.9780593
0,0,0.0051682554
0,0,0.0026065076
0,0,0.0015534444
1,1,0.9967384
1,1,0.9890282
0,0,0.0022364587
1,1,0.9987656
0,0,0.0054522143
0,0,0.0021269338
1,1,0.9889369
1,1,0.9924386
0,0,0.0023860899
0,0,0.0016341435
1,1,0.70960075
1,1,0.9822451
0,0,0.015925271
0,0,0.0016767252
1,1,0.99377185
0,0,0.0019214529
1,1,0.9828996
0,0,0.0016433946
0,0,0.0037541545
1,1,0.99645907
0,0,0.005409039
1,1,0.9989404
0,0,0.0074621793
0,0,0.0028678935
1,1,0.997216
1,1,0.996997
0,0,0.0033217266
1,1,0.99866366
0,0,0.013690257
1,1,0.9562905
1,1,0.9712361
1,1,0.99033386
0,0,0.0029872637
0,0,0.0028929873
0,1,0.60925394
0,1,0.71376455
0,0,0.0018486143
0,0,0.0017592893
1,1,0.9977709
1,0,0.4770621
0,0,0.001920027
1,1,0.9957117
1,1,0.99775237
0,0,0.0018248464
0,0,0.0031254664
0,0,0.0026917963
0,0,0.21319085
1,1,0.9600171
0,0,0.001706615
1,1,0.99895716
1,1,0.9986687
0,0,0.0015182025
1,1,0.9983442
0,0,0.0040189154
1,1,0.9983911
1,1,0.93969303
0,0,0.0016284955
0,0,0.0035334998
0,0,0.015371729
0,0,0.0747401
0,0,0.009605573
0,0,0.002165624
1,1,0.99353844
1,1,0.9980585
0,0,0.002045832
0,0,0.012725829
0,0,0.0021545016
1,1,0.9971302
0,0,0.0015162152
0,0,0.0028669212
0,0,0.015925629
1,1,0.994836
1,1,0.96331745
1,1,0.9876863
1,0,0.09955669
0,0,0.002086979
1,1,0.99869615
0,0,0.06259023
1,1,0.99778664
0,0,0.007731129
0,0,0.0023808947
0,0,0.0016024682
1,0,0.21823642
1,1,0.9329831
0,0,0.0025924903
0,0,0.0029677392
0,0,0.0031869265
0,0,0.008834009
1,1,0.99835664
1,1,0.9986105
1,1,0.9923705
1,1,0.98351973
1,1,0.9965199
1,1,0.64968777
1,1,0.98593163
0,0,0.0029168813
0,1,0.6031947
0,0,0.008753159
1,1,0.9978536
1,1,0.9967924
1,1,0.98014534
1,1,0.9979538
1,1,0.99813473
1,1,0.996594
0,0,0.0027126172
0,0,0.002038539
1,1,0.9607627
0,0,0.0023450346
1,1,0.99153143
0,0,0.0033235648
1,1,0.99880826
1,1,0.99898106
0,0,0.0023917696
0,0,0.052278794
0,0,0.0016743229
1,1,0.99836797
0,0,0.0018702862
1,1,0.9975923
1,1,0.9903375
0,0,0.058511656
0,0,0.002721912
1,1,0.99835074
1,1,0.87428254
0,0,0.007511235
0,0,0.0023425485
0,0,0.0037100508
1,1,0.99297065
1,1,0.99835724
1,1,0.9948966
0,0,0.0019410924
1,1,0.99841166
0,0,0.0013489146
0,1,0.9200597
1,1,0.9986236
0,0,0.0038071158
0,0,0.003908253
0,0,0.0034567264
0,0,0.013999533
1,1,0.99796474
1,1,0.9969164
1,1,0.95929646
1,1,0.99651045
0,0,0.0018800892
1,1,0.9958199
1,1,0.9987987
1,1,0.9838039
0,1,0.86432785
0,0,0.002547663
1,1,0.98017395
1,1,0.9941777
0,0,0.0020926304
1,1,0.99899346
0,0,0.0028903645
1,1,0.9934278
1,1,0.9983103
0,0,0.08247216
0,0,0.0033782048
1,1,0.99539185
0,0,0.0015948944
1,1,0.993057
0,0,0.004216557
0,0,0.002493445
0,0,0.001554409
1,1,0.99898845
0,0,0.0029912004
0,0,0.16066404
0,1,0.9856082
1,1,0.99855965
1,1,0.9970317
1,1,0.9716993
0,0,0.0018567549
1,1,0.99856216
1,1,0.988184
0,0,0.007901293
1,1,0.99626017
0,0,0.0036912886
1,1,0.9987085
0,0,0.004113016
1,1,0.9781864
1,1,0.8524379
1,0,0.3086346
0,0,0.005374059
1,1,0.994919
0,0,0.0019595928
1,1,0.999164
1,1,0.9954657
1,1,0.9304723
1,1,0.9946378
1,1,0.9979
0,0,0.0017474565
1,1,0.9979577
1,1,0.9816596
1,1,0.99638844
0,0,0.0023872466
1,1,0.9953753
0,0,0.001754541
1,1,0.9950571
0,1,0.50825095
1,1,0.9960664
1,1,0.99192727
0,0,0.0015003383
1,1,0.9978161
0,0,0.0025450955
1,1,0.9877631
1,1,0.9989373
0,0,0.002390422
1,1,0.994148
0,0,0.0014831879
0,0,0.0019980464
0,0,0.002240526
1,1,0.99862003
1,1,0.94466347
1,1,0.94861156
0,0,0.0019432127
1,1,0.997804
0,0,0.0024331918
1,1,0.9971265
1,1,0.5735591
1,1,0.99624604
1,1,0.99668735
1,1,0.7304424
1,1,0.9870006
1,1,0.994069
1,1,0.9398058
0,0,0.0017024373
1,1,0.93507016
0,0,0.008601731
0,0,0.0037795338
1,1,0.9987664
0,1,0.9841732
1,1,0.9779562
1,1,0.98207366
0,0,0.0034571243
1,1,0.9967951
1,1,0.99767464
1,1,0.99880874
0,0,0.0029729332
0,0,0.08141558
1,1,0.9989003
0,0,0.0024547426
1,1,0.9962257
1,1,0.99858946
0,0,0.014185336
0,0,0.010297462
1,1,0.9973183
0,0,0.0016403744
1,1,0.9195819
0,0,0.0019631027
0,0,0.027387358
0,0,0.0022538635
0,0,0.011171172
1,1,0.65862316
0,0,0.00182396
1,1,0.998256
0,0,0.0014380628
0,0,0.0022539042
0,0,0.001827978
0,0,0.002538549
1,1,0.9378103
1,1,0.9838943
0,0,0.0041579213
0,0,0.00174835
0,1,0.9886982
1,1,0.9972886
0,0,0.019614223
0,0,0.08269076
0,0,0.0017707994
0,0,0.013289066
0,0,0.0017670492
1,1,0.99795866
1,1,0.9983985
1,1,0.9096723
1,1,0.9979036
0,0,0.009936991
1,1,0.99390125
0,0,0.0021071245
0,0,0.0014380936
0,0,0.0015794083
0,0,0.0017813771
1,0,0.0059605706
1,1,0.9825555
0,0,0.007360583
0,0,0.0063460944
0,0,0.0016891041
1,1,0.98319155
0,0,0.007946695
1,1,0.9985954
0,0,0.018302288
1,1,0.9987023
1,1,0.9936877
1,1,0.89928716
0,0,0.005865077
1,1,0.9777965
1,1,0.9972914
0,0,0.0016303826
1,1,0.99147284
0,0,0.0018913308
0,0,0.019538589
1,1,0.9989862
0,0,0.0022542311
1,1,0.9981669
0,0,0.0018953886
1,1,0.99583566
0,0,0.3814436
0,0,0.0027986905
0,0,0.12430406
0,0,0.002684383
0,0,0.0017455891
0,0,0.0017794805
1,1,0.9990312
1,1,0.95929295
1,1,0.99683595
0,0,0.01813354
0,0,0.0015989093
1,1,0.9956126
0,0,0.003887526
1,1,0.9981437
1,0,0.0035398111
0,0,0.4309956
0,0,0.19120741
1,1,0.98935026
1,1,0.9951639
1,1,0.9990783
0,0,0.0018099733
0,0,0.0029439183
1,1,0.9987955
0,0,0.002830809
1,1,0.92546785
0,0,0.0017067223
1,1,0.9987495
1,1,0.99843425
1,1,0.9712359
1,1,0.9668793
1,1,0.9991841
1,1,0.99163365
1,1,0.9871826
1,1,0.9938089
0,0,0.004055004
0,0,0.0017162192
0,0,0.0023422188
1,1,0.99329937
1,1,0.9965558
0,0,0.0018049998
1,1,0.99606735
1,1,0.9966164
0,0,0.005033849
1,1,0.99841535
1,1,0.9403576
0,0,0.0017752115
1,1,0.9961534
1,1,0.96773326
0,0,0.0018319793
1,1,0.996558
1,1,0.99880624
1,1,0.9961611
0,0,0.0014667042
0,0,0.0015236782
0,0,0.0031377354
1,1,0.99922323
1,1,0.74947715
0,0,0.0022328217
1,1,0.9965829
1,1,0.978458
1,1,0.9978968
0,0,0.0025470052
0,0,0.0018243941
0,0,0.27126572
0,0,0.0027093312
0,0,0.002289359
0,0,0.0019737403
1,1,0.99015313
1,1,0.99862874
0,0,0.0017877622
1,1,0.98139715
1,1,0.9979748
0,0,0.0017642286
1,1,0.99577564
1,1,0.99880886
1,1,0.9967782
0,0,0.0022500076
1,1,0.99832445
1,1,0.995478
0,0,0.0018243046
1,1,0.99786985
1,1,0.9967416
0,0,0.0017051194
0,0,0.0023099796
1,1,0.9971896
0,0,0.0017887035
0,0,0.006890956
1,1,0.99805593
1,1,0.9978783
0,1,0.9056857
1,1,0.9990995
1,1,0.99843687
1,1,0.97064185
1,1,0.9982091
1,1,0.71515757
1,1,0.9969578
0,0,0.0016380699
0,0,0.0018803792
1,1,0.9310056
1,1,0.99638665
1,1,0.99186254
1,1,0.99655664
0,0,0.0015738194
1,1,0.9989157
0,0,0.0025085981
1,1,0.68601966
0,0,0.003201272
0,0,0.0035703126
1,1,0.996514
0,0,0.00439505
1,1,0.99494946
1,1,0.9958651
0,0,0.0017482267
1,1,0.9982029
1,1,0.9985759
1,1,0.9971058
1,1,0.99738663
1,1,0.99783534
1,1,0.9978806
1,1,0.9978948
1,1,0.97967327
1,1,0.9972579
0,0,0.0020080693
0,0,0.0029044983
1,1,0.99829
0,0,0.0021848234
1,1,0.9976205
0,0,0.0016691214
1,1,0.98055273
1,1,0.989555
1,1,0.9957858
1,1,0.9936314
0,0,0.0014667574
0,0,0.0019033734
1,1,0.99889416
1,1,0.98822135
0,0,0.002949299
1,1,0.99819857
1,1,0.9990558
0,0,0.0018381929
0,0,0.0024170256
1,1,0.9955765
1,1,0.99855477
0,0,0.0015361507
0,0,0.0022067134
1,1,0.9930173
1,1,0.92225873
0,0,0.004535331
1,1,0.998197
1,1,0.99903035
1,1,0.9981641
0,0,0.0042308164
1,1,0.99751735
0,0,0.0017202343
0,1,0.82069117
0,0,0.005092638
0,0,0.032906484
1,1,0.99139977
1,1,0.9975561
1,1,0.99805933
1,1,0.9782734
1,1,0.99691063
1,1,0.9884836
0,0,0.09964184
1,1,0.9985892
0,0,0.0020866632
0,0,0.0019244327
1,1,0.9787663
0,0,0.0032197055
1,1,0.95902115
0,0,0.0068301503
1,1,0.99472743
1,1,0.9966768
0,0,0.0034573628
1,1,0.99881625
0,0,0.0014717375
1,1,0.9954829
0,0,0.0018649246
0,0,0.0041806474
0,0,0.0017949005
0,0,0.20775169
0,0,0.00219819
1,1,0.9930495
0,0,0.002358598
1,1,0.983269
0,0,0.0042169653
1,1,0.9940714
1,1,0.9967919
0,0,0.0016864174
0,0,0.0013815475
0,0,0.0015753291
1,1,0.52668375
1,1,0.956954
1,1,0.98629993
0,0,0.012854426
1,1,0.9989728
0,0,0.0066702194
1,1,0.9966042
1,1,0.99747133
0,0,0.022459693
0,0,0.0018031802
0,0,0.0027790216
0,0,0.00635191
1,1,0.99746907
1,1,0.9968239
0,0,0.00735009
1,1,0.99533087
1,0,0.42597306
0,0,0.004486095
1,1,0.98057175
1,1,0.9959294
1,1,0.96939754
0,0,0.0053125424
1,1,0.9458218
1,1,0.99374735
0,0,0.0013497783
1,1,0.99837315
1,1,0.9973328
0,0,0.009065491
0,0,0.0017721538
0,0,0.00785337
0,0,0.0014810511
0,0,0.0039745746
1,1,0.99829584
0,0,0.0062880544
0,0,0.0017431895
0,0,0.0019627747
0,0,0.0022273806
0,0,0.0016791335
0,0,0.0022198902
1,1,0.9979182
0,0,0.0022709246
1,1,0.9935376
0,0,0.08651534
1,1,0.99872106
0,0,0.043899894
1,1,0.99905854
1,1,0.994605
0,0,0.044271346
0,0,0.021904733
0,0,0.004739879
0,1,0.5105874
1,1,0.99826825
0,0,0.002502087
0,0,0.0015551873
0,1,0.98352563
1,1,0.9982722
1,1,0.9974464
1,1,0.9950151
0,1,0.97297746
1,1,0.9985613
0,0,0.03479156
0,0,0.0021763782
1,1,0.9965019
0,0,0.0029725868
0,0,0.002163809
0,0,0.0020989736
1,1,0.6027114
0,0,0.010241543
1,1,0.63636917
0,0,0.008519065
1,1,0.9969452
1,1,0.98616296
1,1,0.98841095
0,0,0.0017288306
0,0,0.0018146295
1,1,0.99675745
1,1,0.9991928
1,1,0.99878985
0,0,0.0014086779
1,1,0.9897419
0,0,0.0033179903
1,1,0.99818903
0,0,0.0020111785
1,1,0.94664973
0,0,0.108945295
1,1,0.9894226
0,0,0.001491158
1,1,0.99567753
0,0,0.001909905
1,1,0.9894627
0,0,0.0021664433
1,1,0.99761546
1,1,0.99863005
1,1,0.9978346
0,0,0.0015873285
1,1,0.9985752
0,0,0.0036639837
1,1,0.991323
1,1,0.99862707
0,0,0.013025418
0,1,0.8069135
0,0,0.0022329302
0,0,0.003620937
1,1,0.8786928
0,0,0.0016695759
1,1,0.99882
1,1,0.9965474
1,1,0.99778324
1,1,0.9907856
1,1,0.99858534
0,0,0.0019449486
1,1,0.9937755
0,0,0.027952215
1,1,0.99854195
1,1,0.99552923
0,0,0.0029822206
0,0,0.0016584874
0,0,0.0062324693
0,0,0.0017676355
0,0,0.0020280192
0,0,0.0105113955
0,0,0.0027501425
0,0,0.0019329793
1,1,0.9887494
1,1,0.99850357
0,0,0.097208254
1,1,0.99725515
0,0,0.0015180875
1,1,0.99856573
0,0,0.008671721
1,1,0.99827933
1,1,0.9926232
0,0,0.0044305925
1,1,0.99542576
0,0,0.0015411159
0,0,0.0025175738
0,0,0.0037406674
0,0,0.0023676686
1,1,0.998711
1,1,0.99343663
0,0,0.0014119961
0,0,0.0020541658
1,1,0.55487096
1,1,0.9985386
1,1,0.6432903
1,1,0.97711915
1,1,0.99153215
0,0,0.018353077
1,1,0.9984573
1,1,0.9899255
1,1,0.9857863
1,1,0.9984762
1,1,0.9988023
0,0,0.026050001
0,0,0.0015170325
1,1,0.9980453
1,1,0.99751055
1,1,0.9981394
0,0,0.0025037942
1,1,0.9604596
1,1,0.99795985
1,1,0.9988319
0,0,0.0024720284
0,0,0.04078433
1,1,0.9987801
1,1,0.9961755
0,0,0.0060190097
1,1,0.99837166
0,0,0.0020266592
1,1,0.9970035
0,0,0.0020564583
1,1,0.9973264
1,1,0.9942542
1,1,0.998192
1,0,0.024440048
0,0,0.0015727018
0,0,0.0020191811
1,1,0.99309546
0,0,0.001551697
0,0,0.0021949343
1,1,0.99568766
1,1,0.95534146
0,0,0.0027670036
0,0,0.0016199782
0,0,0.0014575697
1,1,0.9875634
0,0,0.0040135668
1,1,0.9819457
1,1,0.9820764
1,1,0.9862365
0,0,0.0017851136
0,0,0.0034481839
0,0,0.0025215936
1,1,0.99322575
1,1,0.9974763
0,0,0.0018796677
0,0,0.001543836
0,0,0.0024072314
0,0,0.0014375808
0,0,0.0037966424
1,1,0.99348974
1,1,0.9985669
1,1,0.99660975
1,1,0.9896499
1,1,0.99828535
1,1,0.99862015
0,0,0.0021043152
0,0,0.0017968861
0,0,0.004133517
0,0,0.0017615182
1,1,0.99484116
1,1,0.9986071
0,0,0.01776182
1,1,0.9933965
1,1,0.99787724
1,1,0.99853694
0,0,0.0022840165
1,1,0.996534
1,1,0.9979557
0,0,0.006029192
0,0,0.0018370942
0,0,0.007397162
0,0,0.009739571
1,0,0.17486574
1,1,0.99494404
1,1,0.99709034
1,1,0.994505
1,1,0.6240176
1,1,0.98182815
1,1,0.9873167
1,1,0.9957569
1,1,0.9975446
0,0,0.0020013284
1,1,0.9987204
1,1,0.99734193
0,0,0.0026378864
1,1,0.9942449
1,1,0.9616334
0,1,0.8839663
1,1,0.9980692
1,1,0.972421
1,1,0.93787706
1,1,0.878477
0,0,0.0021171174
1,1,0.9961016
1,0,0.12472227
1,1,0.9965693
1,1,0.9976369
1,1,0.9985306
1,1,0.99583
0,0,0.004228334
0,0,0.0040078047
1,1,0.99160963
0,0,0.001919368
1,1,0.99586177
0,0,0.0016555784
1,1,0.9985008
1,1,0.9869206
0,0,0.0012301309
1,1,0.9955314
0,0,0.04715885
0,0,0.0018747082
1,1,0.99773324
1,1,0.998792
0,0,0.0039535607
1,1,0.99752825
0,0,0.0022461782
0,0,0.0023728486
0,0,0.3096202
1,1,0.99807066
1,1,0.99797696
1,1,0.9979499
0,0,0.001810068
0,0,0.002222247
1,1,0.9977331
1,1,0.9986725
0,0,0.07914281
0,0,0.0020094824
1,1,0.99802727
1,1,0.99553937
0,0,0.00149302
1,1,0.9960657
1,1,0.94708
1,1,0.99509084
0,0,0.0017562604
1,1,0.997447
0,0,0.021296453
1,1,0.9953687
1,1,0.9966743
1,1,0.84814125
0,0,0.004958065
0,0,0.005368618
1,1,0.95093864
1,1,0.99911577
1,1,0.9177064
1,1,0.99847203
0,0,0.017977765
0,0,0.0021520928
1,1,0.9981654
1,1,0.9965694
1,1,0.99911636
1,1,0.99778134
0,0,0.0028366784
0,0,0.0014494123
0,0,0.0018122679
1,1,0.99839514
0,0,0.0023802423
1,1,0.9984445
1,1,0.9978314
0,0,0.0017228771
1,1,0.99688476
0,0,0.16640824
0,1,0.58488613
0,0,0.0017172301
1,1,0.9964365
1,1,0.9972029
1,1,0.8632176
0,0,0.0015892978
0,0,0.0027192298
1,1,0.9954786
0,0,0.0026616126
0,0,0.0035252585
0,0,0.0015934411
0,0,0.4476195
0,0,0.0022194323
0,0,0.0034396432
1,1,0.99025285
1,1,0.9863819
0,0,0.0025634766
1,1,0.99534434
0,0,0.0048316014
0,0,0.01343307
0,0,0.0015557077
1,1,0.99705374
1,1,0.99769163
1,1,0.9989938
0,0,0.0055428264
1,1,0.99742246
1,1,0.9978884
1,1,0.99190557
0,0,0.0016078937
0,0,0.0020142347
1,1,0.9938974
1,1,0.99908984
0,0,0.001928586
0,0,0.0027207548
0,0,0.010261563
0,0,0.0047932584
1,1,0.9795283
1,1,0.9940083
0,0,0.0022765042
0,0,0.0039029636
1,1,0.99600154
1,1,0.9965544
0,0,0.13635343
1,1,0.99170893
1,1,0.9533742
0,0,0.024649173
1,1,0.99931085
0,0,0.0067795794
0,0,0.0019136536
1,1,0.92006457
0,0,0.0018230164
0,0,0.0024432915
1,1,0.9877418
0,0,0.001646679
0,0,0.0021360049
1,1,0.9983038
1,1,0.9871797
0,0,0.0022843252
1,1,0.99689484
0,0,0.0027746125
1,1,0.9693393
0,0,0.001953823
0,0,0.019414598
1,1,0.996752
1,1,0.99479395
1,1,0.99856395
1,1,0.9976659
1,1,0.8593016
1,1,0.9936027
1,1,0.9979861
1,1,0.96808285
0,0,0.0017978855
1,1,0.99692315
1,1,0.983723
1,1,0.9834278
1,1,0.96824574
1,1,0.9986412
0,0,0.017749786
0,0,0.050597873
0,0,0.0042839795
0,0,0.014179298
1,1,0.99638796
0,0,0.0020615994
1,1,0.9990552
1,1,0.98699504
1,1,0.997329
1,1,0.996847
1,1,0.9923895
0,0,0.0069766114
0,0,0.10466307
0,0,0.0016230707
1,1,0.9700115
1,1,0.99525285
0,0,0.005841641
1,1,0.9885881
0,0,0.0045598606
1,1,0.9993444
1,1,0.99707425
1,1,0.99700075
1,1,0.9980696
1,1,0.99759585
1,1,0.9976399
1,1,0.9918582
1,1,0.9974738
1,1,0.9928871
1,1,0.9988655
1,1,0.9801602
1,0,0.036641616
1,1,0.9990946
1,1,0.99616796
0,0,0.0074894335
0,0,0.001796103
0,0,0.0036327594
0,0,0.0016382798
0,0,0.001624189
1,1,0.9155415
1,1,0.99855953
0,0,0.015038793
0,0,0.036755893
1,1,0.99411494
0,0,0.0018110451
1,1,0.9975331
1,1,0.99642426
0,0,0.002797081
1,1,0.99686915
1,1,0.9975508
0,0,0.0018635526
1,1,0.9986444
0,0,0.0015421464
1,1,0.9983682
1,1,0.9970554
1,1,0.9645221
1,1,0.9988285
1,1,0.9639316
0,1,0.5666783
1,1,0.9948329
0,0,0.0018932384
1,1,0.9930599
1,1,0.9988951
1,1,0.9798507
1,1,0.9899142
1,1,0.9977367
1,1,0.9979674
0,0,0.0038450963
0,0,0.0016632922
0,0,0.0015390994
1,1,0.9852095
0,0,0.0025333154
1,1,0.9988796
1,1,0.9986986
0,0,0.0028846723
0,0,0.003359553
1,1,0.994745
0,0,0.002193427
1,1,0.999169
0,0,0.053069595
0,0,0.022212315
0,0,0.011783672
0,0,0.036758922
1,1,0.9963904
0,0,0.002045547
1,1,0.9988263
0,0,0.0016697167
1,1,0.9980944
1,1,0.9976859
1,1,0.99587905
0,0,0.0016490261
0,0,0.00860479
0,1,0.66294795
1,1,0.9987544
1,1,0.99694663
1,0,0.075395815
0,0,0.0015181814
0,0,0.0019339627
1,1,0.9986791
0,0,0.0017284061
1,1,0.9503129
0,0,0.009850624
0,0,0.031020468
0,0,0.0021590753
1,1,0.9920393
0,0,0.012870652
0,0,0.0029048393
1,1,0.93396944
1,1,0.9972516
1,1,0.9974654
1,1,0.9909281
1,1,0.9893112
1,1,0.99917823
1,1,0.9982535
0,0,0.05653659
0,0,0.002958928
1,1,0.9947665
0,0,0.0027888506
1,1,0.9978917
1,1,0.84029305
1,0,0.123063
1,1,0.94853646
0,0,0.0023374956
1,1,0.9983765
0,0,0.008241288
1,1,0.9981694
0,0,0.0025430033
1,1,0.99705195
0,0,0.0018564599
1,1,0.99611294
0,1,0.9817253
1,1,0.9966648
1,1,0.9987256
1,1,0.9863732
1,1,0.9848059
0,0,0.0017657232
0,0,0.0021176592
1,1,0.99329233
1,1,0.9979393
1,1,0.99842227
1,1,0.99835336
1,1,0.9981887
0,0,0.010571715
0,0,0.0031794957
0,0,0.002371605
1,1,0.9990829
0,0,0.019130714
1,0,0.12753505
1,1,0.9930213
0,0,0.0017874737
0,0,0.0018032935
0,0,0.029141739
1,1,0.8824457
1,1,0.99786323
0,0,0.0018247832
1,1,0.9931718
0,0,0.020314218
0,0,0.0016500123
0,0,0.0040917657
0,0,0.03422382
1,1,0.98718053
1,1,0.9951173
1,1,0.9974233
0,0,0.0018135519
1,1,0.9991714
1,1,0.9983498
1,1,0.99153554
1,1,0.99878496
0,0,0.0016606688
0,0,0.001891203
0,0,0.0030762826
1,1,0.99797684
0,0,0.002063532
1,1,0.9965946
0,0,0.0068126274
1,1,0.9912424
1,1,0.99806625
0,0,0.0019577276
0,0,0.0029876896
1,1,0.98924494
1,1,0.9960504
0,0,0.0026761626
0,1,0.80514675
0,0,0.0021323478
1,1,0.9988003
0,0,0.0022756509
1,1,0.9985625
1,1,0.9985538
0,0,0.0018785561
1,1,0.99879706
0,0,0.002163209
0,0,0.0041811005
1,1,0.9661773
0,1,0.9559772
0,0,0.0022507804
1,1,0.75603724
0,0,0.033736136
0,0,0.0031561612
0,0,0.008636459
1,1,0.99856037
1,1,0.9978338
0,0,0.0023259693
1,1,0.9951657
1,1,0.99699223
0,0,0.0017088782
1,1,0.98052305
0,0,0.013933222
0,0,0.002743285
0,0,0.023999244
1,1,0.7005586
0,0,0.0021824113
0,0,0.0017171858
0,0,0.0018545823
1,1,0.99786854
0,0,0.0018268089
0,0,0.0018263801
1,1,0.9974806
0,0,0.0013074024
1,1,0.9954715
1,1,0.9981718
1,1,0.997858
1,1,0.9958333
0,0,0.0020921233
0,0,0.0034109273
1,1,0.99784553
1,1,0.99386084
0,0,0.003129558
0,0,0.0022069034
1,1,0.99216145
0,0,0.0038231923
0,0,0.0019301315
0,0,0.0021076992
1,1,0.9981987
0,0,0.0021207994
1,1,0.9977908
1,1,0.96068674
1,1,0.99691856
0,0,0.015362622
1,1,0.9941521
1,1,0.99768174
0,0,0.0016970137
1,1,0.9687931
0,0,0.0022104534
1,1,0.999288
1,1,0.99720794
1,1,0.9970548
1,1,0.9988029
0,0,0.016038673
1,1,0.9969164
0,0,0.0017284885
1,1,0.9988341
1,1,0.99886084
0,1,0.5566244
0,0,0.008689283
0,0,0.034614854
1,1,0.99704283
1,1,0.96805465
0,0,0.00736985
0,0,0.0013180804
0,0,0.0022034643
1,1,0.9978491
1,1,0.99567175
1,1,0.9965822
0,0,0.0024287882
1,1,0.9432959
0,0,0.0017153886
0,0,0.0041715177
1,1,0.9977495
1,0,0.0130040785
1,1,0.9054612
0,0,0.0020626541
1,1,0.99846053
0,0,0.0017467554
1,1,0.9973062
1,1,0.99900776
0,0,0.001998831
0,0,0.0018751795
1,1,0.96962154
0,0,0.0017542937
0,0,0.0019423253
1,1,0.9981945
0,0,0.21201582
1,1,0.99544454
1,1,0.9987534
0,0,0.0039629214
1,1,0.9971623
1,1,0.9944201
1,1,0.9913515
1,1,0.994493
1,1,0.99640167
1,1,0.993778
1,1,0.9899933
1,1,0.9985403
1,1,0.9963074
0,0,0.009393576
1,1,0.9982193
0,0,0.0037688424
0,0,0.0040355776
0,0,0.0014906498
1,1,0.97371125
0,0,0.002117339
0,0,0.0023065382
0,0,0.0016429956
1,1,0.99715036
1,1,0.7697545
1,1,0.9984308
1,1,0.8143485
0,0,0.001329581
1,1,0.9935632
1,1,0.9985996
0,0,0.0020206154
0,0,0.0046514967
1,1,0.9882968
1,1,0.9939626
1,1,0.9606939
0,0,0.0016363163
1,1,0.948222
0,0,0.0032900872
0,0,0.006316884
1,1,0.9982002
1,1,0.9980111
1,1,0.99643517
1,1,0.99837106
1,1,0.9975943
0,0,0.0020149115
1,1,0.9894304
0,0,0.0018480548
0,0,0.101395875
0,0,0.02762058
1,1,0.9965654
0,0,0.0044280835
0,0,0.0016153052
0,0,0.006121189
1,1,0.99744403
0,0,0.002764221
0,0,0.0028139185
1,1,0.99670297
1,1,0.9919897
0,0,0.038478564
1,1,0.99778986
0,0,0.0013963246
1,1,0.99800664
0,0,0.0017013815
1,1,0.99003524
0,0,0.0038203623
1,1,0.9991067
0,0,0.081678145
1,1,0.99725765
1,1,0.90922034
1,0,0.027765263
0,0,0.002620855
1,1,0.9972458
0,0,0.0022224688
1,1,0.99611616
0,0,0.0021319268
0,0,0.002237801
0,0,0.0018744247
0,0,0.001739361
0,0,0.005383564
1,0,0.0022333912
0,0,0.30611587
1,1,0.9941677
1,1,0.9983045
0,0,0.0023604936
0,0,0.0013394973
1,1,0.8212604
0,0,0.0026287443
1,1,0.99523926
0,0,0.016007585
1,1,0.9985826
1,1,0.99742573
1,1,0.99560946
1,1,0.9976847
0,0,0.002003873
1,1,0.9913311
0,0,0.0017110353
0,0,0.037096173
1,1,0.9976878
0,0,0.0041746013
1,1,0.99821645
1,1,0.9959682
0,0,0.0017487762
0,0,0.0033265725
0,0,0.0021122915
0,0,0.020909656
0,0,0.0037702103
0,0,0.0031976847
1,1,0.9988387
1,1,0.9876589
1,1,0.99910885
1,1,0.9989241
1,1,0.9981483
1,1,0.9956137
0,0,0.002169606
0,0,0.007908474
1,1,0.9962631
1,1,0.99313664
0,0,0.0018661959
0,0,0.006909133
0,0,0.0018712158
1,1,0.9987697
0,0,0.0022301155
0,0,0.001626288
0,0,0.0059587327
0,0,0.011560798
0,0,0.0030098942
1,1,0.98849034
1,1,0.92728174
0,0,0.0015527178
0,0,0.016903823
0,0,0.0021076547
1,1,0.9246914
0,0,0.018798696
1,1,0.99606955
1,1,0.968369
0,0,0.0024916881
1,1,0.92608035
1,1,0.9974342
1,1,0.99849474
1,1,0.9950589
0,0,0.0077344147
1,1,0.987043
1,1,0.99535525
1,1,0.9984754
1,1,0.9740132
1,1,0.9523265
0,0,0.0054972065
0,0,0.0017530193
0,0,0.006353776
1,1,0.9979532
0,0,0.003357823
1,1,0.992242
0,0,0.0021073602
1,1,0.99153966
0,0,0.028546738
0,0,0.0013606222
1,0,0.0075338343
1,1,0.9987459
1,1,0.9990042
1,1,0.9957021
1,1,0.9729426
1,1,0.9829418
1,1,0.9988858
1,1,0.99643815
1,1,0.9984699
1,1,0.9954999
0,0,0.0027174288
1,1,0.99656373
0,0,0.0034542354
1,1,0.9903702
1,0,0.004588241
0,0,0.0029473605
1,1,0.99714917
1,1,0.99455523
0,0,0.0028695115
0,0,0.19878884
1,1,0.9244719
1,1,0.99626344
1,1,0.96549803
1,1,0.967705
1,1,0.9987835
0,0,0.0014308174
0,0,0.0020784878
1,1,0.99841046
1,1,0.99209434
1,1,0.99890625
1,1,0.99691224
0,0,0.0018451368
0,0,0.008573253
0,1,0.8210765
0,0,0.0042636185
0,0,0.0017107486
1,1,0.9947372
0,0,0.0053824363
1,1,0.9882004
0,0,0.018875418
0,0,0.0068632644
1,1,0.99824226
0,0,0.0033804176
0,0,0.0016132995
1,0,0.2975336
0,0,0.0027201572
1,1,0.99850225
1,1,0.99520963
0,0,0.0032898164
0,0,0.0014882669
0,0,0.019160593
1,1,0.9844557
0,0,0.44651952
0,0,0.05920328
0,0,0.0014772718
0,0,0.0057916096
1,1,0.9965115
0,0,0.0027690767
1,1,0.9986994
1,1,0.9923369
0,0,0.0036408908
1,1,0.98543465
0,0,0.003190658
1,1,0.998252
0,0,0.0020284404
1,1,0.99815613
0,0,0.001746673
0,0,0.002405228
1,1,0.954414
1,1,0.98165053
0,0,0.004819591
0,0,0.003927617
1,0,0.004920288
0,0,0.0024564879
0,0,0.059934463
1,1,0.99740726
1,1,0.9985886
0,0,0.0023654262
0,0,0.12513538
0,1,0.9786849
1,0,0.015116581
1,1,0.9198517
0,0,0.009104035
0,0,0.0019395596
0,0,0.0018002954
1,1,0.99397224
0,0,0.0031259567
0,0,0.0033245063
1,1,0.99608576
1,1,0.98246276
1,1,0.9972874
0,0,0.0027909214
1,1,0.9981719
0,0,0.0039868667
1,1,0.99709713
0,0,0.002860261
1,1,0.99736613
0,0,0.0018780652
0,0,0.0017967776
0,0,0.0018447891
1,1,0.9956909
1,1,0.99407166
0,0,0.0017319683
1,1,0.997806
1,1,0.99637944
1,1,0.9942967
1,1,0.8836843
1,1,0.99555546
1,1,0.77959055
1,1,0.9990188
1,1,0.996505
0,0,0.0048833042
1,1,0.9882188
1,1,0.99567395
1,1,0.99933237
1,1,0.9979942
1,1,0.9957884
0,0,0.0017493771
0,0,0.0016018809
0,0,0.0025073814
1,1,0.99844176
1,1,0.99720746
0,0,0.017247608
1,1,0.99910945
0,0,0.0017487361
0,0,0.0018219947
0,0,0.003017624
0,0,0.0015058948
0,0,0.0013172752
1,1,0.989814
0,0,0.030517863
1,1,0.99934155
0,0,0.0055291494
1,1,0.99802893
0,0,0.0015322661
1,1,0.99469453
0,0,0.10376931
1,1,0.60141516
0,0,0.002108658
0,0,0.0019619279
1,1,0.9945515
1,1,0.9821854
0,0,0.0016308796
1,1,0.98946804
0,0,0.0016703709
0,0,0.00518188
1,1,0.99625385
1,1,0.9960659
0,0,0.00532498
0,0,0.003727084
0,0,0.005759313
1,1,0.9961433
1,1,0.9980038
1,1,0.9982961
0,0,0.0047703707
1,1,0.9987066
1,1,0.9969271
1,1,0.9988605
0,0,0.0018081014
0,0,0.0020630527
1,1,0.9939638
0,0,0.053251557
1,1,0.9990958
1,1,0.9986039
1,1,0.97790647
0,0,0.0036896144
1,1,0.9987237
0,0,0.018180499
1,1,0.9972541
1,0,0.017108468
1,1,0.9522104
0,0,0.00217014
1,1,0.9975145
0,0,0.0033082946
1,1,0.9864802
1,1,0.9980445
1,1,0.99740654
1,1,0.9027588
0,0,0.0018882548
1,1,0.998782
0,0,0.005424957
1,1,0.97431684
0,0,0.0013947577
1,1,0.99816364
1,1,0.98490626
0,0,0.007291435
1,1,0.9859826
1,0,0.4107316
0,0,0.0014253311
0,0,0.0021246255
1,1,0.9960574
0,0,0.0024291165
1,1,0.9947379
0,0,0.0014489382
0,0,0.0018776265
0,0,0.0067319046
0,0,0.0017360002
1,1,0.9989151
1,1,0.99785465
1,1,0.98256505
0,0,0.0066571087
0,0,0.0046115504
0,0,0.0014150403
0,0,0.0016300615
0,0,0.0019680217
0,0,0.0015368236
0,0,0.0017455193
0,0,0.0044463817
0,0,0.0017997042
1,1,0.9958657
0,0,0.0018335911
1,1,0.9958859
1,1,0.99518037
0,0,0.002603959
0,0,0.0060839434
1,1,0.97951174
1,1,0.99861753
0,0,0.05980416
1,1,0.9878155
1,1,0.9987814
0,0,0.0015665636
0,0,0.005494027
0,0,0.0017473565
1,1,0.98077697
1,1,0.9953224
0,0,0.0023113338
1,1,0.99518555
0,0,0.0018769841
0,0,0.0012955299
1,1,0.9937729
0,0,0.001940372
1,1,0.9982132
1,1,0.9963303
1,1,0.9993374
1,1,0.9972717
1,1,0.9957272
1,1,0.9982084
0,0,0.0019795066
0,0,0.010468774
0,0,0.0025666347
0,0,0.0035472717
0,0,0.0014327468
0,0,0.0035530967
1,1,0.998887
0,0,0.0017770815
1,1,0.998509
1,1,0.99731207
1,1,0.98618233
1,1,0.998256
1,1,0.9663581
1,1,0.99700975
1,1,0.9982638
1,1,0.99504167
0,0,0.0019375714
1,1,0.997938
1,1,0.99770004
1,1,0.99791116
0,0,0.008153561
1,1,0.99071854
0,0,0.0016435385
0,0,0.0023556342
1,1,0.9937104
0,0,0.0015445345
0,0,0.0015352338
0,0,0.0028219149
1,1,0.99570185
1,1,0.9987457
1,1,0.99854195
0,0,0.025248151
0,0,0.0058218255
0,0,0.0027036949
1,1,0.9971934
0,0,0.001650813
1,1,0.9980228
1,1,0.99917895
1,1,0.98785186
1,1,0.962302
1,1,0.9971239
1,1,0.99791294
0,0,0.0024776056
0,0,0.0028847656
1,1,0.9952478
1,1,0.9889837
1,1,0.9752466
0,0,0.002086838
1,1,0.99288225
1,1,0.99845695
1,1,0.99435705
0,0,0.0018166145
0,0,0.0021763924
0,0,0.0024611847
1,1,0.9977319
0,0,0.0016414571
0,0,0.002096251
1,1,0.99657506
0,0,0.0023072667
1,1,0.99781346
1,1,0.98805004
0,0,0.0026785808
0,0,0.017652731
0,0,0.0022820993
1,1,0.9972742
0,0,0.0013153197
1,1,0.9976102
0,0,0.001902688
0,0,0.0025495393
1,1,0.9987865
0,0,0.016451525
0,0,0.0071550277
1,1,0.9987746
0,0,0.0015719869
1,1,0.9977725
0,0,0.002014072
0,0,0.0013334373
1,1,0.9985531
1,1,0.99926347
1,1,0.9855827
1,1,0.9983619
0,0,0.056074064
1,1,0.99646324
0,0,0.023219474
0,0,0.0019418836
1,1,0.9856361
1,1,0.9989022
1,1,0.9985135
1,1,0.9633094
1,1,0.9975891
1,1,0.9963851
1,1,0.9973514
0,0,0.0025555051
0,0,0.0020843372
0,0,0.0012717947
0,0,0.005643798
1,1,0.99767464
1,1,0.99794275
1,1,0.9956411
1,1,0.99721575
0,0,0.0023479795
0,0,0.0018044139
1,1,0.9970831
0,0,0.0024069713
0,0,0.0017673352
0,0,0.002153956
1,1,0.98802966
0,0,0.037284188
1,1,0.99846065
0,0,0.0021823756
0,0,0.0015159929
1,1,0.99750334
1,0,0.04149511
0,0,0.0017998257
0,0,0.0019124673
1,1,0.9991798
1,1,0.9987764
0,0,0.001635065
0,0,0.0022466166
1,1,0.99741876
1,1,0.9981476
0,0,0.0043326374
0,0,0.0022929083
0,0,0.0023115845
1,1,0.9979182
1,1,0.9979553
1,1,0.9984108
1,1,0.9964372
1,1,0.9990514
0,0,0.0019241249
1,1,0.99544626
1,1,0.99735355
1,1,0.99890506
1,1,0.99651897
1,1,0.99774194
0,0,0.019265542
1,1,0.9728855
1,0,0.08844162
1,1,0.87527835
1,1,0.9834921
1,1,0.9988532
0,0,0.0026967982
1,1,0.9966378
0,0,0.002090981
0,0,0.0015058647
1,1,0.99756396
1,1,0.99884486
1,1,0.99321955
1,1,0.99627113
1,1,0.99825305
1,1,0.99883646
1,1,0.99417806
1,1,0.99860543
0,0,0.0015527162
0,0,0.0015211985
1,1,0.98771197
1,1,0.9609109
0,0,0.021331796
1,1,0.99264586
0,0,0.0018450675
1,1,0.99932754
1,1,0.9931831
0,0,0.0013675882
0,0,0.0020470407
0,0,0.0026754069
1,1,0.9983575
0,0,0.023320155
1,1,0.99909127
0,0,0.0025295706
0,0,0.001773899
0,0,0.0022152227
0,0,0.00148649
1,1,0.9983606
0,0,0.001439806
0,0,0.0017021002
0,0,0.0019767683
1,1,0.98963904
0,0,0.010540543
0,0,0.001990254
0,0,0.0018218872
1,1,0.99764425
0,0,0.0016021149
0,0,0.0035394279
0,0,0.0020629014
0,0,0.0012986418
0,1,0.807933
1,1,0.99914813
1,1,0.99778795
0,0,0.007431267
1,1,0.9987961
1,1,0.99809664
0,0,0.024720397
0,0,0.0050603943
1,1,0.998176
0,0,0.0014969799
1,1,0.99731296
0,0,0.0022420806
1,1,0.9775033
1,1,0.9972447
0,0,0.0020753006
0,0,0.0019458097
1,1,0.99106824
1,0,0.0025327625
0,0,0.0016944483
1,1,0.9978941
1,1,0.99765354
1,1,0.99284923
1,1,0.99772507
1,1,0.9759194
0,0,0.22920117
1,1,0.9979424
0,0,0.29251754
1,1,0.9938613
1,1,0.9960427
1,1,0.99888295
1,1,0.9973605
0,0,0.0028979902
0,0,0.0032736654
1,1,0.9975611
0,0,0.3166786
0,0,0.0015492598
0,0,0.25409225
0,0,0.0017965509
1,1,0.9482284
1,1,0.99636495
1,1,0.99668056
1,1,0.9965215
0,0,0.002486486
1,1,0.99863905
1,1,0.9946327
0,0,0.0026416304
1,1,0.98632115
0,0,0.0317927
1,1,0.99897635
1,1,0.9862557
0,0,0.0018743906
0,0,0.004124979
1,1,0.99733293
0,0,0.0021062072
0,0,0.0015417382
0,0,0.0017986353
1,1,0.99778783
1,1,0.9987301
0,0,0.0021070812
0,0,0.002112578
0,0,0.0019151934
0,0,0.003484739
0,0,0.0020071522
1,1,0.9981931
1,1,0.99893385
0,0,0.0023624394
1,1,0.8360007
1,1,0.98447984
1,1,0.99835324
1,1,0.98177284
1,0,0.005599088
1,0,0.49221927
0,0,0.0018330625
0,0,0.0023432584
1,1,0.9977774
0,0,0.0028751777
0,0,0.0019194476
0,0,0.0040839384
0,0,0.015706519
0,0,0.0016849531
0,0,0.0019811313
0,0,0.0025886367
0,0,0.003931296
0,0,0.0021126042
0,0,0.0025108429
0,0,0.0017141863
1,1,0.9638037
0,0,0.008808911
0,0,0.0015095493
1,1,0.9978454
0,0,0.11455941
1,1,0.9971943
0,0,0.0016484295
1,1,0.998439
1,1,0.99378574
0,0,0.0038787003
0,0,0.001805743
1,1,0.9945813
0,0,0.048407342
0,0,0.0041801836
0,0,0.0030052003
0,0,0.07015812
1,1,0.9981634
0,0,0.024450542
1,1,0.97486794
1,1,0.9939394
1,1,0.9979892
1,1,0.9969856
1,1,0.99610656
1,1,0.99933124
1,1,0.99855703
1,1,0.99713326
0,0,0.0019703102
1,1,0.99807453
0,0,0.0036092715
1,1,0.9966813
1,1,0.9967835
1,0,0.45571804
0,0,0.0041031567
0,0,0.092415035
1,1,0.95449024
0,0,0.0018086666
0,0,0.0032253389
0,0,0.002985374
1,0,0.20392351
1,1,0.98076355
0,0,0.002614859
1,0,0.31796816
1,1,0.9972898
1,1,0.97822076
0,0,0.33091995
0,0,0.0017792451
1,1,0.9947844
1,1,0.9986174
1,1,0.9867879
1,1,0.8981957
0,0,0.0020798421
1,1,0.9716675
1,1,0.9961027
0,0,0.0025857596
1,1,0.9938034
0,0,0.0027768023
1,1,0.9953851
0,0,0.008966084
1,1,0.99762887
0,0,0.010682676
0,0,0.033320356
0,0,0.0658453
1,1,0.9990019
1,1,0.9789585
0,0,0.0016454345
0,0,0.0017179872
0,0,0.001718082
1,1,0.9893854
1,1,0.9984572
0,0,0.0019530571
1,1,0.9971219
1,1,0.9828362
1,1,0.9975349
1,1,0.9891649
0,0,0.0016921617
1,1,0.9984875
1,1,0.99502593
1,1,0.998348
1,1,0.9837155
1,1,0.9965191
1,1,0.9988174
1,1,0.9979753
0,0,0.00214287
0,0,0.0018662333
0,0,0.10897385
0,0,0.0019930028
0,0,0.0088168625
1,1,0.9982376
0,0,0.0014666218
1,1,0.9969273
1,1,0.9945866
0,0,0.0027678853
1,1,0.99840814
0,0,0.010750856
1,1,0.994131
0,0,0.009731572
1,1,0.991971
0,0,0.0016294796
0,0,0.06610065
0,0,0.0038137403
1,1,0.98659384
0,0,0.0028523644
0,0,0.0021811216
1,1,0.9986124
1,1,0.9985965
1,0,0.009859017
0,0,0.40878338
1,1,0.99893016
1,1,0.9981179
1,1,0.99523634
1,1,0.905261
0,0,0.0032136252
1,1,0.9954301
1,1,0.99678624
1,1,0.99863535
0,0,0.0036492117
1,1,0.99662316
0,0,0.0025576209
1,1,0.9901928
0,1,0.92563665
1,1,0.99869066
1,1,0.993842
0,0,0.006121734
1,1,0.99931693
1,1,0.9915142
0,0,0.0016627588
0,0,0.0022526188
0,0,0.00883472
0,1,0.90358853
1,1,0.998379
1,1,0.9989089
0,0,0.0014404921
0,0,0.003787087
1,1,0.9896075
1,1,0.9978921
0,0,0.010646909
0,0,0.0018180247
0,0,0.0062807947
1,1,0.9978175
0,0,0.0018162817
1,1,0.99890137
0,0,0.0014045386
0,0,0.0017670627
1,1,0.97373295
0,0,0.003051638
0,0,0.0147591485
0,0,0.0018873872
0,0,0.0046596574
1,1,0.99775535
1,1,0.99838626
0,0,0.0023149566
0,0,0.008579224
1,0,0.08423487
0,0,0.0022105419
1,1,0.90969265
1,1,0.99676335
0,0,0.09998076
1,0,0.151371
1,1,0.9974511
1,1,0.99741
0,0,0.001801926
0,0,0.0023379035
0,0,0.0015582162
0,0,0.0016397341
0,0,0.0021981942
0,0,0.0020572022
0,0,0.0019092433
0,0,0.0017009525
1,1,0.9985902
1,1,0.99853015
1,1,0.9956741
1,1,0.9982969
1,1,0.9947766
0,0,0.006133791
1,1,0.98841697
1,1,0.9859701
0,0,0.0025746783
1,1,0.99699605
0,0,0.0028648665
1,1,0.9989517
1,1,0.9968742
0,0,0.0033942454
0,0,0.0022719642
1,1,0.9979438
1,1,0.99731416
0,0,0.0024407618
0,0,0.0025975136
1,1,0.9979159
0,0,0.0019843471
0,0,0.0013994031
1,1,0.9974936
0,0,0.001963409
1,1,0.9989574
0,0,0.0029777237
0,0,0.08906806
0,0,0.0030303984
1,1,0.9988745
0,0,0.011988596
1,1,0.96088976
1,1,0.9986987
1,0,0.004269298
0,0,0.01324992
0,0,0.0020795392
1,1,0.9990319
1,1,0.99372596
0,0,0.0025946947
0,0,0.0020983766
0,0,0.0018091982
1,1,0.97104037
1,1,0.9931223
0,0,0.0021702254
1,1,0.99706644
1,1,0.94655436
0,0,0.03345801
1,1,0.9946607
1,1,0.9979898
0,0,0.008273663
0,0,0.0020098954
1,1,0.9966864
1,1,0.9987392
0,0,0.0029535575
0,0,0.0017503176
0,0,0.0017610319
1,1,0.99872094
1,1,0.9975789
1,1,0.9915735
0,0,0.04848459
1,1,0.9961242
0,0,0.0026036857
0,0,0.002047404
1,1,0.99732566
1,1,0.995201
0,0,0.0018069983
1,1,0.998591
0,0,0.0016691532
0,0,0.0019489401
0,0,0.001735422
0,0,0.0041564824
1,1,0.9203863
0,0,0.004529599
0,0,0.012479096
1,1,0.6640452
1,1,0.9567477
1,1,0.9975407
0,0,0.062408697
0,0,0.0020632315
1,1,0.99750143
1,1,0.9968305
1,1,0.9965926
0,1,0.96179736
1,1,0.99721223
0,0,0.0026275245
0,0,0.0021085036
1,1,0.99892396
0,0,0.0019232462
0,0,0.0015500528
1,1,0.99883145
1,1,0.99830425
0,0,0.0022835492
1,1,0.9984401
1,1,0.98613507
0,0,0.0024713206
1,1,0.97793007
1,1,0.9944969
0,0,0.002683024
0,0,0.06915856
0,0,0.0016204519
1,1,0.9948238
1,1,0.8372379
1,1,0.9445055
0,1,0.7147416
1,1,0.9967668
0,0,0.0015482702
1,1,0.9708038
0,0,0.0037717065
0,0,0.002376234
1,0,0.15115769
1,1,0.9976622
0,0,0.0024270169
1,1,0.9732578
0,0,0.0031569418
0,0,0.0022783696
0,0,0.004597393
1,1,0.99885297
1,1,0.99308187
0,0,0.020935047
1,1,0.9973865
0,0,0.012772181
1,1,0.96234983
0,0,0.004973116
0,0,0.001463489
0,0,0.0027578687
0,0,0.0022174814
0,0,0.002057813
1,1,0.99654526
0,0,0.0018833778
0,0,0.0013573994
1,1,0.9958165
1,1,0.99272835
0,0,0.0039587845
0,0,0.0015126461
0,0,0.0026241578
1,1,0.9987062
1,1,0.99158865
0,0,0.0021370456
1,1,0.995526
0,0,0.0017409704
0,0,0.018760921
1,1,0.9863923
1,1,0.9951403
0,0,0.0016258903
1,1,0.57305336
0,0,0.0033043064
0,0,0.0014680065
1,1,0.9981629
1,1,0.9964886
1,1,0.99306786
1,1,0.99223787
0,0,0.0037965777
0,0,0.0059260637
0,0,0.0016925386
1,1,0.9958282
1,1,0.9971054
0,0,0.0023102642
0,0,0.0013822208
0,0,0.004025027
1,1,0.9921929
0,0,0.001723978
1,1,0.9980683
0,0,0.0024625151
0,0,0.0035663242
1,1,0.9928812
1,1,0.99893564
0,0,0.006454374
1,1,0.9862403
1,1,0.9735205
0,0,0.0018000003
1,1,0.99867755
1,1,0.9980262
0,0,0.0025732412
0,0,0.0030736073
0,0,0.0020295484
1,1,0.9954372
1,1,0.99812144
1,1,0.99902713
1,1,0.926245
1,1,0.95528
1,1,0.99221474
1,1,0.9829249
0,0,0.002037761
0,0,0.014036927
1,1,0.996581
0,0,0.002250649
1,1,0.52335685
0,0,0.0027298646
0,0,0.0088030845
0,0,0.0020327554
0,0,0.0050834753
0,0,0.0015480276
0,0,0.0062949704
0,0,0.0016168748
1,1,0.98994863
1,1,0.9980798
1,1,0.99670166
0,0,0.0018629745
1,1,0.9938744
0,0,0.0016611336
0,0,0.27276245
1,1,0.99777454
1,1,0.9984334
1,1,0.9964516
0,0,0.0020699964
0,0,0.00214325
1,1,0.99780136
1,1,0.9975212
1,1,0.9980629
0,0,0.0035345778
1,1,0.98438257
0,0,0.0059274826
1,1,0.9960147
0,0,0.0015783651
0,0,0.002554837
0,0,0.01566365
0,0,0.0036512844
0,0,0.0022149812
1,1,0.99048775
0,0,0.0016054752
1,1,0.9980981
0,0,0.002163803
0,0,0.0015071135
0,0,0.0019297429
1,1,0.98826885
1,1,0.99635965
1,1,0.9966162
0,0,0.019967863
0,0,0.0021012882
0,0,0.025653547
0,0,0.002335616
0,0,0.0026137189
1,1,0.98054886
0,0,0.005818514
0,0,0.0022378212
1,1,0.99306726
1,1,0.99761885
0,1,0.7995603
1,1,0.9986337
0,0,0.0017897554
1,1,0.9965719
0,0,0.0025562004
1,1,0.99866927
0,0,0.0028587338
1,1,0.9984102
0,0,0.033822432
0,0,0.002408127
1,1,0.99925417
1,1,0.99777335
0,0,0.00168514
0,0,0.0019055877
0,0,0.0017398902
1,1,0.9985801
0,0,0.001559469
0,0,0.0027379992
0,1,0.98834956
0,0,0.059793312
0,0,0.009732235
0,0,0.0013634124
1,1,0.98131496
0,0,0.0021063956
1,1,0.995622
1,1,0.5749129
1,1,0.9788305
1,1,0.99763024
1,1,0.9983436
1,1,0.9988513
0,0,0.0018262803
0,0,0.0027474521
1,1,0.99645585
0,0,0.0017781385
0,0,0.0021989169
1,1,0.9957865
0,0,0.004002724
0,0,0.001783168
0,0,0.0024065445
0,0,0.00165422
1,1,0.99721885
0,0,0.022921331
1,1,0.99573946
1,1,0.9957261
1,1,0.9896347
0,0,0.0023679843
1,1,0.9986601
1,1,0.99793386
1,1,0.97745186
0,0,0.0019384909
0,0,0.0023220908
0,0,0.0019575593
1,1,0.96428144
1,1,0.99558663
0,0,0.0024038807
0,0,0.0016766893
0,0,0.0014487567
1,1,0.977927
0,0,0.0024102405
0,0,0.0018020131
0,0,0.0029937953
0,0,0.1269989
1,1,0.9967393
0,0,0.0025795542
1,1,0.99537754
1,1,0.9970016
0,0,0.0021877682
1,1,0.9943492
1,1,0.9987521
0,0,0.001306236
0,0,0.0016972625
1,1,0.9919253
1,1,0.9571854
0,0,0.0018855751
1,1,0.9548004
1,1,0.9937093
1,1,0.9873461
0,0,0.0023606038
0,0,0.0025408356
1,1,0.9985869
1,1,0.996653
1,1,0.99351996
0,0,0.11352866
1,1,0.99732274
0,1,0.8581136
1,1,0.9778697
0,0,0.0029464327
0,0,0.0018854459
1,1,0.99314123
0,0,0.0029955262
1,1,0.99832004
0,0,0.005968493
0,0,0.0020522117
1,1,0.9896399
1,1,0.99899787
1,1,0.99578613
1,1,0.9970258
0,0,0.0024074512
1,1,0.99501354
0,0,0.0020309938
0,0,0.0015822005
0,0,0.0017790622
0,0,0.0077259294
0,0,0.0019364993
1,1,0.99815124
1,1,0.9866111
1,1,0.9969689
0,0,0.0016422465
1,1,0.9958774
1,0,0.48039123
0,1,0.6275166
0,0,0.002183987
1,1,0.9992304
0,0,0.0030865741
1,1,0.99882764
1,1,0.9891376
1,1,0.9836939
1,1,0.9887395
0,0,0.0019197618
1,1,0.9922701
1,1,0.99353373
1,1,0.9987016
1,1,0.99819297
1,1,0.99744993
0,0,0.0022533068
0,0,0.0016850301
0,0,0.0063038087
1,1,0.94400567
1,1,0.9990374
1,1,0.9930084
0,0,0.054073572
1,1,0.9979303
1,1,0.9724681
0,0,0.0014125038
1,1,0.998801
0,0,0.008982295
1,1,0.99928963
1,1,0.9964796
1,1,0.9967885
1,1,0.87106305
0,0,0.0015057765
0,0,0.0042651687
0,0,0.0061499807
1,1,0.9965634
1,1,0.9973966
0,0,0.0017484041
0,0,0.23886952
0,0,0.0024750482
1,1,0.9979703
1,1,0.9991642
1,1,0.9967572
1,1,0.99464524
0,0,0.0419396
1,1,0.9961546
1,1,0.99410856
0,0,0.0017986189
0,1,0.93603677
1,1,0.9977538
1,1,0.99026054
0,0,0.0023081892
0,0,0.0016687766
0,0,0.0019242688
0,0,0.007116976
1,1,0.9749878
1,1,0.99852955
1,1,0.99623907
1,1,0.9978448
1,1,0.9978472
0,0,0.0026555022
1,1,0.9918247
1,1,0.99838376
1,1,0.9960658
1,1,0.9970745
1,1,0.9323741
0,0,0.0015338004
0,0,0.019643338
0,0,0.0068610576
1,1,0.9869631
1,1,0.9967835
0,0,0.0032673376
0,0,0.00218008
0,0,0.003292787
1,1,0.9963546
0,0,0.0015558604
1,1,0.9986457
1,1,0.9661297
1,1,0.99856037
0,0,0.008117718
0,0,0.0016426201
1,1,0.9930742
1,1,0.99846774
1,1,0.9984925
0,0,0.0020655636
1,1,0.99898607
0,0,0.0031135175
1,1,0.9986112
0,0,0.090835184
1,1,0.99745864
0,0,0.0013616761
0,0,0.028159019
0,0,0.002169829
0,0,0.0022534207
0,0,0.07482829
0,0,0.0017007777
1,1,0.99494714
0,0,0.014652002
0,0,0.0024553323
1,1,0.98992157
1,1,0.9970113
1,1,0.98196834
1,1,0.99682117
0,1,0.85659724
0,0,0.0016053787
1,1,0.9971384
0,0,0.0034833055
1,1,0.9895566
0,0,0.0020087452
1,1,0.98683316
0,0,0.05420159
0,0,0.0024126102
0,0,0.0026083728
1,1,0.99060047
0,0,0.0020246806
0,0,0.002799252
0,1,0.69631267
0,0,0.0014815798
0,0,0.0016662251
0,0,0.0026212714
0,0,0.088568345
1,1,0.9937714
1,1,0.99494594
1,1,0.95254374
0,0,0.0018199269
0,0,0.0023969202
0,0,0.0017147764
1,1,0.9978027
0,0,0.0028490261
0,0,0.0029109407
1,1,0.9968995
1,1,0.9985172
1,1,0.9985838
1,1,0.68319446
0,0,0.0030035488
0,0,0.0033908866
0,0,0.0020946376
1,1,0.99871516
0,0,0.0027208829
0,0,0.0018036986
1,1,0.9975198
1,1,0.9959352
1,1,0.9823038
1,1,0.99723023
1,1,0.98787284
1,1,0.9852005
0,0,0.0026840805
0,0,0.0029243908
0,0,0.0020176317
0,0,0.005095869
1,1,0.99872535
0,0,0.0016978864
1,1,0.9990196
1,1,0.95147145
1,1,0.98991686
0,0,0.0031245588
1,1,0.89960027
1,1,0.9981223
0,0,0.0012992071
0,0,0.0019401754
1,1,0.99499524
1,1,0.98556757
1,1,0.9594429
1,1,0.99777114
0,0,0.1091475
1,1,0.9981748
0,0,0.022335675
0,0,0.0022331064
0,0,0.0016946371
1,1,0.9893896
0,0,0.0023155732
1,1,0.99526525
0,0,0.0027656674
0,0,0.0014811526
1,1,0.9917013
1,1,0.9982249
0,1,0.81948507
1,1,0.99199706
0,0,0.0015094575
0,0,0.0019945644
1,1,0.99720806
0,0,0.0029347534
1,1,0.885266
1,1,0.9976004
0,1,0.7304661
0,0,0.0053150402
0,0,0.12050638
0,0,0.0016960253
0,0,0.006099877
1,1,0.99475116
1,1,0.99828523
1,1,0.9984351
1,1,0.99681705
1,1,0.99787664
1,1,0.97869784
0,0,0.0014041588
0,0,0.049291983
1,1,0.99605846
0,0,0.008159066
0,0,0.003621369
1,1,0.9820941
0,0,0.0015502786
0,0,0.0013446035
0,0,0.002469666
0,0,0.003570158
0,0,0.0029922258
1,1,0.99536324
1,1,0.9936825
1,1,0.99198216
0,0,0.0018042634
0,0,0.0015312408
0,0,0.002194571
0,0,0.0031685627
1,1,0.9987429
0,0,0.003231211
1,1,0.99772805
0,0,0.0052735764
1,1,0.99710673
0,0,0.005163648
0,0,0.00153475
0,0,0.011283828
0,0,0.0016275863
0,0,0.0039870422
0,0,0.0071253334
0,0,0.003467654
0,0,0.0025626512
0,0,0.0017314077
0,0,0.012198034
1,1,0.9985701
0,0,0.0022507547
0,0,0.011612052
0,0,0.0015816507
0,0,0.0016142536
0,0,0.0017407633
1,1,0.9986889
0,0,0.0020122074
0,0,0.002529484
1,1,0.9254455
0,0,0.009567217
1,1,0.9770421
1,1,0.99804425
1,1,0.9928946
0,0,0.002682204
1,1,0.9975089
0,0,0.0018556719
0,0,0.0042373454
0,0,0.007340787
1,1,0.9979139
1,1,0.9696768
0,0,0.0017873069
1,1,0.99848926
1,1,0.9987233
0,0,0.0054789684
1,1,0.99603844
0,0,0.013322001
1,1,0.99143267
0,0,0.0018589762
0,0,0.16087358
1,1,0.99881506
1,1,0.9929381
0,0,0.0031482591
0,0,0.010639573
0,0,0.002106955
0,0,0.0017242826
1,1,0.99745303
0,0,0.002106606
0,0,0.005865633
1,1,0.94990635
1,1,0.9984705
1,1,0.99904317
0,0,0.14603387
1,1,0.98148525
0,0,0.0018350345
1,1,0.98702234
0,0,0.280887
1,1,0.9984434
1,1,0.9893662
1,1,0.99849534
0,0,0.004320563
1,1,0.9984549
1,1,0.9987165
0,0,0.002642364
1,1,0.99886876
0,0,0.17535277
1,1,0.98888844
1,1,0.9982497
1,1,0.9816273
0,0,0.0018648711
0,0,0.0021609035
0,0,0.0015354092
0,0,0.0016603486
0,0,0.0030408143
1,1,0.9391274
1,1,0.9979127
0,0,0.008965112
0,0,0.009068931
0,0,0.0020405487
0,0,0.002653891
1,1,0.99816185
0,0,0.0016579016
0,0,0.0016111011
1,1,0.9896779
1,1,0.9904868
0,0,0.0040680296
0,0,0.0021967234
0,0,0.004210579
1,1,0.9961618
0,0,0.0057731615
1,1,0.9976922
1,1,0.9985421
0,0,0.0054272115
1,1,0.997874
1,1,0.99887437
1,1,0.9977895
0,0,0.001685744
0,0,0.0022983602
0,0,0.01771386
1,1,0.9968178
1,1,0.9853909
1,1,0.9988324
0,0,0.0018140208
1,1,0.99126923
1,1,0.99780196
0,0,0.0021684417
1,1,0.9936094
0,0,0.0016464784
0,0,0.40655512
1,1,0.9978715
0,0,0.004815195
0,0,0.0021144191
1,1,0.9604627
1,1,0.88682586
1,1,0.99554104
1,1,0.99903464
1,1,0.99756753
0,1,0.5032479
1,1,0.99689484
1,1,0.98748815
1,1,0.99716187
0,0,0.051907547
0,0,0.0023636871
1,0,0.027334247
0,0,0.0017930758
0,0,0.0019446949
1,1,0.99775606
0,0,0.0033894307
0,0,0.002123253
1,1,0.98396933
1,1,0.99874336
0,0,0.0016189389
0,0,0.09903466
0,0,0.0018894108
0,0,0.0014117628
0,0,0.0018862969
1,0,0.0049907747
0,0,0.005536995
0,0,0.0017085432
0,0,0.0018634462
1,1,0.9953844
0,0,0.0014353592
1,1,0.9974727
0,0,0.0014484324
1,1,0.99285114
0,0,0.011924776
0,0,0.002047621
1,1,0.99715567
0,0,0.0076274155
0,0,0.0017196662
0,0,0.0016458781
1,1,0.98663956
0,0,0.0019289266
0,0,0.0018706245
0,0,0.0027325829
1,1,0.99637765
0,0,0.0027706719
1,1,0.9991947
0,0,0.001720534
0,0,0.0030262058
0,0,0.0016662228
0,0,0.0030308361
1,1,0.9982673
0,0,0.0031057189
1,1,0.9953219
1,1,0.97984684
1,1,0.9987031
0,0,0.0019531494
0,0,0.0016127826
0,0,0.0023463718
1,1,0.9989028
1,1,0.9984426
0,0,0.0023511115
1,1,0.9884841
1,1,0.99835557
0,0,0.0018703735
1,1,0.9797192
0,0,0.03538029
1,1,0.9939673
1,1,0.9991892
0,0,0.0020993014
0,0,0.0016758577
0,0,0.0018923754
1,1,0.98592013
1,1,0.99649626
0,0,0.0045749107
1,1,0.99778
1,1,0.9778502
0,0,0.0034884152
0,0,0.00562074
0,0,0.0029836614
0,0,0.0016093673
1,1,0.980613
1,1,0.9782713
1,1,0.99730325
1,1,0.99736917
1,1,0.99138194
0,0,0.0018947494
1,1,0.96408415
1,1,0.9990854
1,1,0.9987808
1,1,0.9971207
0,1,0.85593927
1,1,0.9909916
0,0,0.0029790807
0,0,0.0015231415
0,0,0.001627818
1,1,0.98560053
1,1,0.9959214
1,1,0.92323476
0,0,0.002574355
0,0,0.0037416255
1,1,0.99621814
0,1,0.668313
0,0,0.010165674
0,0,0.00676264
0,0,0.0021444366
1,1,0.9888573
0,0,0.0084011
0,0,0.0017206798
0,0,0.0029115735
1,1,0.99877673
1,1,0.9923394
1,1,0.9913306
0,0,0.0038340038
0,0,0.0028355725
1,1,0.9962101
1,1,0.9987212
1,1,0.9984717
1,1,0.9977586
1,1,0.998423
0,0,0.02758115
1,0,0.3219286
1,1,0.99702233
0,0,0.0019004045
1,1,0.99662054
0,1,0.6835964
0,0,0.0015981962
0,0,0.00251452
1,1,0.9810542
1,1,0.9287846
1,1,0.9954639
1,1,0.7468557
1,1,0.99467105
1,1,0.99825877
0,0,0.002018691
1,1,0.9974178
0,0,0.0044157025
0,0,0.20978624
0,0,0.0020385715
0,0,0.0041442397
0,0,0.002367457
0,0,0.0036839969
0,0,0.007835886
1,1,0.99417984
1,1,0.99400216
0,0,0.0019000898
0,0,0.005399835
0,0,0.0028421085
1,1,0.9893282
1,1,0.9977957
1,1,0.99785703
1,1,0.995204
1,1,0.9977506
1,1,0.99495715
1,1,0.9948408
1,1,0.993479
1,1,0.99879175
0,0,0.006641744
1,1,0.99821496
0,0,0.0017613824
0,0,0.003069964
1,1,0.9804161
0,0,0.005523329
1,1,0.99189985
1,1,0.99799204
1,1,0.9878049
0,0,0.0023547984
0,0,0.0026835343
1,1,0.80039847
0,0,0.0049799727
0,0,0.0016316622
1,1,0.996253
1,1,0.9974413
0,0,0.0015179733
0,0,0.002369104
0,0,0.052302137
0,0,0.0028952248
1,1,0.968714
0,0,0.0028471074
0,0,0.0026608822
0,0,0.17036109
0,0,0.054546032
0,0,0.0019661495
1,1,0.99761873
0,0,0.002472636
0,0,0.0034379715
1,1,0.995464
0,0,0.0031630117
1,0,0.36083275
0,0,0.0023621516
1,1,0.99759763
0,0,0.0020339342
0,0,0.266759
0,0,0.0013462072
0,0,0.0017320993
0,0,0.0025539473
1,1,0.99433327
0,0,0.0020143918
1,1,0.99829406
0,0,0.0016259366
0,0,0.0012780045
0,0,0.005318155
1,1,0.9966453
1,1,0.99860626
0,0,0.0033982766
0,0,0.002069765
0,0,0.0018423902
1,1,0.9949521
0,0,0.0014696583
1,1,0.9982231
1,1,0.9581595
1,1,0.9973629
0,0,0.009651101
0,0,0.0015398933
0,0,0.0017641642
1,1,0.99783057
0,0,0.0021664412
0,0,0.0023622822
0,0,0.0029482797
0,0,0.0017099368
1,1,0.5148769
1,1,0.98923653
0,0,0.0015302409
1,1,0.99617803
1,1,0.8984169
0,0,0.001707096
1,1,0.9980234
0,0,0.009433994
0,0,0.0019743294
1,1,0.9793839
1,1,0.99275655
1,1,0.9977901
1,1,0.9983176
1,1,0.9954733
1,0,0.004693249
0,0,0.0014359484
0,0,0.002885752
0,0,0.0017730353
1,1,0.9981865
1,1,0.99792236
0,0,0.0037391542
0,0,0.0016746672
0,0,0.0022060208
1,1,0.99555296
1,1,0.99661297
0,0,0.45189625
0,1,0.8581843
1,1,0.99868387
0,0,0.0021014072
0,0,0.0023639537
0,0,0.0018484364
0,1,0.5081859
0,0,0.0022582707
0,0,0.003112541
0,0,0.0016650445
1,1,0.80990255
0,0,0.0012745714
0,0,0.0025106322
0,0,0.005765312
1,1,0.9971795
1,1,0.99246746
1,1,0.97956973
0,0,0.0016814148
1,0,0.022885425
0,0,0.0019339289
0,0,0.0033231273
0,0,0.0017086545
0,0,0.0035747201
1,1,0.99440914
1,1,0.998844
0,0,0.0514293
0,0,0.0031450433
0,0,0.0019029196
0,0,0.0054154713
0,0,0.0016487405
1,1,0.9985379
1,1,0.9987747
0,0,0.0014886602
1,1,0.993276
1,1,0.99865973
1,1,0.9952187
0,0,0.0017627715
1,1,0.9983637
1,1,0.9966804
1,1,0.9992099
1,1,0.99569654
0,0,0.001545426
1,1,0.9959098
1,1,0.9977653
1,1,0.99469393
1,1,0.993853
0,0,0.0030293325
0,0,0.0019445423
0,0,0.0035832229
1,1,0.98840463
0,0,0.0017662485
0,0,0.0022914163
0,0,0.0037449473
0,0,0.0023353137
1,1,0.99858105
0,0,0.0023836961
0,0,0.0019822253
0,0,0.0022343304
0,1,0.9090124
1,1,0.99476695
0,0,0.019294217
0,0,0.0015028464
0,0,0.0033725856
1,1,0.99832505
0,0,0.26090133
1,1,0.996779
0,0,0.0042475606
1,1,0.98921585
0,0,0.0038490654
0,0,0.0051724887
1,1,0.9981516
0,1,0.55933917
1,1,0.9989215
1,1,0.87835073
1,1,0.97054803
0,0,0.021850683
1,1,0.99849427
0,0,0.0018047051
1,1,0.9980404
0,0,0.0019465801
1,1,0.9948544
1,1,0.99728036
1,1,0.9174237
1,1,0.9928497
0,0,0.001612278
1,1,0.9978694
0,0,0.0017301084
0,0,0.0035639093
1,1,0.9828507
0,0,0.0018253678
1,0,0.006759314
1,1,0.96976095
0,0,0.16140562
0,0,0.0038622478
1,1,0.9438424
0,0,0.0037199568
1,1,0.99675375
0,0,0.0048746406
1,1,0.9980387
1,0,0.004447181
1,1,0.9985644
0,0,0.002090388
0,0,0.017327111
0,0,0.007437087
1,1,0.9974819
1,1,0.99117225
1,1,0.9934549
1,1,0.9979929
1,1,0.9957724
1,1,0.98935294
1,1,0.9961009
0,1,0.90745926
1,1,0.999027
1,1,0.9983777
0,0,0.0056681526
1,1,0.98271745
1,1,0.959339
1,0,0.2679543
0,0,0.001681871
0,0,0.0018600312
1,1,0.9939428
0,0,0.0074316887
0,0,0.19029708
0,0,0.0033331697
0,0,0.019706639
0,0,0.0029377828
1,0,0.015969213
0,0,0.0016410593
1,1,0.9985561
0,0,0.0017201868
1,1,0.99874264
1,1,0.98214906
0,0,0.0018302606
1,1,0.9934883
0,0,0.0027608855
1,1,0.9568274
0,0,0.3940061
1,1,0.99778336
0,0,0.011510445
0,0,0.0034993305
0,0,0.0016072694
0,0,0.0033110844
1,1,0.9972606
1,1,0.98976594
0,0,0.0038093661
1,1,0.99862814
0,0,0.002148468
0,0,0.018374952
1,1,0.992168
0,0,0.0017357332
1,1,0.9950895
0,0,0.0016875322
0,0,0.0020084975
0,0,0.0023132998
1,1,0.998676
1,1,0.998287
1,0,0.36719146
1,1,0.9951278
0,0,0.007917286
1,1,0.9020352
1,1,0.99192154
0,0,0.0023656513
1,1,0.9972494
0,0,0.0025123502
1,1,0.9938791
1,1,0.9962059
1,1,0.98111826
0,0,0.004441758
0,0,0.01320407
1,1,0.98307955
0,0,0.0013739968
0,0,0.0031646972
0,0,0.0020133944
0,0,0.0018728131
1,1,0.9774099
0,0,0.0039984738
1,1,0.9967354
0,0,0.0015694782
1,1,0.99557894
0,0,0.0015905533
0,0,0.0016352689
0,0,0.0018493746
0,0,0.0029887436
0,0,0.0016754215
0,0,0.0017020621
0,0,0.0022271422
0,0,0.009187867
1,1,0.9984869
1,1,0.996167
1,1,0.99214876
0,0,0.15223354
1,1,0.9980471
1,1,0.9391887
0,0,0.003660744
1,1,0.99663
0,0,0.004241932
1,1,0.9979631
1,1,0.9919104
0,0,0.0054865163
1,1,0.99618334
0,0,0.0020268906
0,0,0.012760875
0,0,0.001608402
1,1,0.9984181
0,0,0.0020080407
0,0,0.0040259855
1,1,0.97192717
0,0,0.0018671304
0,0,0.0016275599
1,1,0.9965256
1,1,0.9991229
0,0,0.015926357
1,1,0.8011916
1,1,0.9967596
1,1,0.9972664
1,1,0.9960322
0,0,0.002824385
0,0,0.004453074
1,1,0.90752536
1,1,0.99624205
0,0,0.34834874
0,0,0.0017733711
0,0,0.021579273
1,1,0.99694175
0,0,0.002083278
1,1,0.9971426
0,0,0.0068221455
1,1,0.99747086
0,0,0.00841831
0,0,0.0030522833
0,0,0.0019339096
0,0,0.0018528106
1,1,0.9975592
1,1,0.99819463
1,1,0.9955622
0,0,0.0018542169
0,0,0.003487157
0,0,0.0022032443
0,0,0.0018603561
0,0,0.0018926329
0,0,0.020037087
0,0,0.0017688232
0,0,0.0027927775
1,1,0.9871338
0,0,0.0068509663
0,0,0.0034757983
1,1,0.9751422
0,0,0.0017242974
1,1,0.9982551
0,0,0.0033226537
1,1,0.9979583
0,0,0.0020871188
0,0,0.022208398
0,0,0.065580525
0,0,0.0026595425
1,1,0.99914694
0,0,0.0026706096
0,0,0.0050575337
1,1,0.99904865
0,0,0.0017493614
0,0,0.0028972467
0,0,0.0018279648
0,0,0.0019156912
0,0,0.0041712997
0,0,0.004364253
0,0,0.0018402912
0,0,0.0019865485
1,1,0.9981122
1,1,0.99812657
0,0,0.0018179327
0,0,0.0025358242
1,1,0.99786645
0,1,0.91694146
0,0,0.0018227111
0,0,0.0012718551
1,1,0.9982121
0,0,0.0025838371
1,1,0.9969643
0,0,0.0018751731
0,0,0.00451854
1,1,0.9953052
0,0,0.012222737
1,1,0.9987968
0,0,0.003006769
1,1,0.9961234
0,0,0.0018997731
1,1,0.9935595
0,0,0.0019683621
1,1,0.9934953
1,1,0.9981066
1,1,0.994655
0,1,0.7153192
0,0,0.0021736668
1,1,0.9966366
0,0,0.0018002378
1,1,0.99813473
0,0,0.0022969064
1,1,0.999283
0,0,0.0021618116
1,1,0.99827063
1,1,0.9029996
0,0,0.3382224
0,0,0.002484364
1,1,0.99417406
1,1,0.99852544
0,0,0.0022538516
1,1,0.9678422
1,1,0.9982337
0,0,0.0026177932
1,1,0.9965765
0,0,0.009225326
1,1,0.95685446
0,0,0.0017661109
1,1,0.99329764
0,0,0.0016396099
1,1,0.9646368
0,0,0.00182928
0,0,0.024502313
1,1,0.9980591
1,1,0.99607193
0,0,0.04894873
1,1,0.94875294
1,1,0.9780582
0,0,0.0018241795
0,0,0.01463432
0,0,0.0015849342
0,0,0.0016785795
1,1,0.99799323
0,0,0.3166786
1,1,0.99672973
1,1,0.7777868
1,1,0.9878997
1,1,0.9615006
0,0,0.0017251036
0,0,0.0017415349
0,0,0.0983673
1,1,0.9846164
1,1,0.99769896
0,0,0.0016224016
1,1,0.9426224
0,0,0.031168371
0,0,0.0062692105
1,1,0.9828637
0,0,0.0026519871
0,0,0.0033598721
0,0,0.106067136
1,1,0.9988256
1,1,0.9988469
1,1,0.7947859
0,0,0.0021596137
1,1,0.9970276
1,1,0.99816054
0,0,0.0012790236
1,1,0.9979905
0,0,0.032189425
0,0,0.0016553766
1,1,0.9976162
0,0,0.0020390344
1,1,0.99640745
0,0,0.002043323
0,0,0.0018005472
1,1,0.9730347
0,0,0.001810068
1,1,0.99640095
1,1,0.99278545
1,1,0.99865746
1,1,0.99132335
0,0,0.0021786038
1,1,0.9978508
0,0,0.002751712
0,0,0.003465992
1,1,0.9956761
1,1,0.99826473
1,1,0.9539293
1,1,0.9973187
1,1,0.9858738
0,0,0.001721291
0,0,0.0016551529
0,0,0.0015670126
0,0,0.0020987343
0,0,0.0018094778
1,1,0.9952982
1,1,0.996241
0,0,0.0017248375
0,0,0.005025981
1,1,0.998351
0,0,0.0018768348
1,1,0.99864644
1,1,0.9595482
0,0,0.0037473391
0,0,0.002097618
1,1,0.9891053
1,1,0.9932371
0,0,0.0036567026
1,1,0.55228007
0,0,0.0015884376
1,1,0.96563315
1,1,0.83083856
1,1,0.99565256
1,1,0.99883336
1,1,0.9974528
1,1,0.99568117
1,1,0.9954984
0,0,0.21461678
1,1,0.9689294
1,1,0.9823612
0,0,0.10006305
0,0,0.0019954068
1,1,0.99884963
1,1,0.997971
0,0,0.002007924
0,0,0.0053634415
0,0,0.002115148
0,0,0.0027961577
0,0,0.002424898
1,1,0.99457043
0,0,0.01379155
0,0,0.0046641733
0,0,0.0022528258
0,0,0.0025011445
0,0,0.0073132836
1,1,0.9046313
0,0,0.0023403217
0,0,0.0013624349
0,0,0.15883273
1,1,0.99829537
1,1,0.99881834
1,1,0.99430096
0,0,0.042315967
1,1,0.99761474
0,0,0.002928856
1,0,0.16407901
0,0,0.0020493427
0,0,0.13554676
0,0,0.05046019
1,1,0.9974105
1,1,0.9962973
0,0,0.0016195371
1,1,0.9949244
0,0,0.0033716224
1,1,0.99801993
1,1,0.9941048
1,1,0.9952055
0,0,0.0027703687
1,1,0.99782133
1,1,0.998863
0,0,0.008323871
0,0,0.0019388415
0,0,0.006713068
0,0,0.004442709
0,0,0.0015406229
0,0,0.0017097587
0,0,0.0024022462
0,0,0.0015520569
1,1,0.9988488
1,1,0.9627462
0,1,0.71125644
1,1,0.9922093
0,0,0.0016950082
0,0,0.0052397586
0,1,0.9036031
1,1,0.99061173
0,0,0.0017481027
1,1,0.9986401
0,1,0.98796916
1,1,0.99934906
0,0,0.0033620333
0,0,0.06475299
0,0,0.0020679713
1,1,0.9983228
1,1,0.9934794
0,0,0.003268063
1,1,0.99573815
0,0,0.002138712
0,0,0.011511046
0,0,0.0039262106
1,1,0.97982204
1,1,0.99799025
0,0,0.0020451674
1,1,0.99319977
1,1,0.9977975
0,0,0.0018696933
1,1,0.99150085
1,1,0.9989563
0,0,0.35879847
0,0,0.0023549788
0,0,0.0726137
0,0,0.0014011052
1,1,0.99518174
0,0,0.002327935
0,0,0.0018571421
1,1,0.9982564
0,0,0.060156908
1,1,0.997884
0,0,0.0036193153
0,0,0.0071908804
0,0,0.0015376653
0,0,0.0015125604
0,0,0.0040709516
1,1,0.98659223
1,1,0.99596393
1,1,0.9978808
0,0,0.0017638977
0,0,0.0013232644
0,0,0.0038280096
1,1,0.9977429
1,1,0.99879706
1,1,0.9914512
0,0,0.002596382
0,0,0.020147357
1,1,0.9924843
0,0,0.0015213679
0,0,0.0021562737
1,1,0.9989184
0,0,0.0053507932
1,1,0.99844223
0,0,0.0061987154
1,1,0.97720385
1,1,0.9774892
0,0,0.01908481
1,1,0.9957552
0,0,0.011717225
1,1,0.9856345
1,1,0.9784928
0,0,0.009302411
1,1,0.9967494
1,1,0.5924233
0,0,0.0041604456
1,1,0.9853162
1,1,0.99356455
1,1,0.9987664
0,0,0.017372685
0,0,0.0021311722
1,1,0.99473614
1,1,0.9787152
0,0,0.0064627794
1,1,0.9831141
1,1,0.93708974
1,1,0.99712855
0,0,0.002337679
1,1,0.96375996
1,1,0.9959151
1,1,0.99319845
1,0,0.33854076
1,1,0.99239
0,0,0.001689429
0,0,0.0023316217
1,1,0.9748608
1,1,0.99455255
1,1,0.92104846
0,0,0.0018396763
0,0,0.0020741927
0,0,0.0014158417
0,0,0.0022248938
0,0,0.0039092824
0,0,0.0038370395
0,0,0.0014149555
0,0,0.0019759217
1,1,0.9982504
0,0,0.0029518423
0,0,0.0012183742
1,1,0.9987411
0,0,0.002338648
1,1,0.9924089
0,0,0.00484765
0,0,0.0036900172
0,0,0.004826954
1,1,0.99110013
0,0,0.0028123066
0,0,0.0018979802
0,0,0.002379459
0,0,0.0017221998
0,0,0.0023560713
0,0,0.00173524
0,0,0.0013526375
0,0,0.0025969222
0,0,0.0025044705
1,1,0.99203557
1,1,0.84654564
0,0,0.009351741
0,0,0.001746743
0,0,0.017013183
0,0,0.0048449817
0,0,0.001966448
1,1,0.9936367
1,1,0.9963257
0,0,0.016943522
1,1,0.9964372
1,1,0.9983804
0,0,0.0018212032
1,1,0.9985845
0,0,0.0019476076
1,1,0.9986426
1,1,0.9803162
0,0,0.032530937
1,1,0.8214658
1,1,0.99618596
1,1,0.97018373
1,1,0.9217043
0,0,0.002302452
1,1,0.99860746
0,0,0.0035521782
0,0,0.006222448
1,1,0.95894104
1,1,0.9974208
1,1,0.98296493
1,1,0.99891925
0,0,0.06262804
0,0,0.0020106798
0,0,0.013264759
1,0,0.41905352
1,1,0.998678
0,0,0.0025720494
0,0,0.001645556
1,1,0.9947966
1,1,0.99629325
1,1,0.9749552
1,1,0.98734623
0,0,0.0048568808
0,0,0.002292051
0,0,0.0018250749
0,0,0.027465891
1,1,0.9941472
1,1,0.99412584
0,0,0.0018688891
0,0,0.0018404181
1,1,0.99907756
0,0,0.0015341875
0,0,0.0020482664
0,0,0.30807954
1,1,0.98805714
0,0,0.0022127673
1,1,0.99541014
0,0,0.0026433468
0,0,0.0024447064
0,0,0.0018792392
1,1,0.99869746
1,1,0.99128646
0,0,0.0017205577
0,0,0.0031192685
1,0,0.3402492
1,1,0.9975318
0,0,0.0020479818
1,1,0.99829227
0,0,0.002001679
1,1,0.99805766
0,0,0.0027166023
0,0,0.0028170913
0,0,0.429244
0,0,0.0027325114
0,0,0.0021161707
0,0,0.11133624
1,1,0.99443793
1,1,0.9983676
0,0,0.0020722908
1,1,0.99363106
1,1,0.9987005
1,1,0.99888426
1,1,0.9972626
1,1,0.99796873
0,0,0.0025252611
1,1,0.99208426
0,0,0.13393277
0,0,0.018488664
0,0,0.00147725
0,0,0.003740655
1,1,0.9985397
1,1,0.99782616
1,1,0.99701405
0,0,0.0016536278
0,0,0.0024427036
1,1,0.99874866
1,1,0.9606271
1,1,0.99848026
0,0,0.0018791051
0,0,0.004017659
0,0,0.0023357847
0,0,0.0016630413
0,0,0.0014877093
1,1,0.9965635
0,0,0.030566476
1,1,0.99790937
1,1,0.999311
1,1,0.9892498
0,0,0.003617548
1,1,0.99652535
1,1,0.99889886
1,1,0.99671257
0,0,0.13819055
0,0,0.0017468643
0,0,0.0060646944
1,1,0.9989542
0,0,0.0021568502
0,0,0.012191021
0,1,0.5145437
1,1,0.9670561
1,1,0.9874686
1,1,0.9978016
1,1,0.9970125
1,1,0.9268024
1,1,0.99809176
1,1,0.9970868
0,0,0.044494696
1,1,0.9985392
1,1,0.99455345
1,1,0.99319345
1,1,0.99907756
0,0,0.0036316242
0,0,0.0026454872
1,1,0.9975163
0,0,0.0020143862
1,1,0.96620643
0,0,0.0017225876
0,0,0.001513189
0,0,0.0020418745
0,0,0.002175467
0,0,0.006395123
0,0,0.0044114725
1,1,0.9679385
0,0,0.0024234473
1,1,0.9989171
1,1,0.9850649
0,0,0.0026485818
1,1,0.9980292
0,0,0.0017422173
0,0,0.0034023458
0,0,0.0016809832
1,1,0.9953165
1,1,0.99690396
1,1,0.99891675
1,1,0.99895716
1,1,0.9991135
0,0,0.28386796
1,1,0.99772054
0,0,0.0017620886
0,0,0.0016242269
0,0,0.001873704
0,0,0.014301091
0,0,0.0019281785
0,0,0.0025475114
0,0,0.0014581132
0,0,0.0015909055
1,1,0.9882541
1,1,0.99253994
1,1,0.9980648
0,0,0.0018474022
1,1,0.9967956
0,0,0.0017179381
1,1,0.9988325
1,1,0.9890915
1,1,0.9386686
1,0,0.37085685
1,1,0.99688196
1,1,0.98487407
0,0,0.0016802091
0,0,0.0014496607
1,1,0.99189985
0,0,0.0040733665
0,0,0.0017851499
0,0,0.0016016254
1,1,0.99664307
1,1,0.98963344
0,0,0.0021161062
1,1,0.99845004
0,0,0.0018265516
0,0,0.0017703713
1,1,0.9989134
0,0,0.0028612863
