uid,fold,grade,markers,words,pred
33e046fb0b05dcb6a28b2852104430fe,0,4,0.0,384,0
65ecc5989db168833f061c9b39c6041b,0,5,0.0,521,0
2c7ce5cf73acbb85ba74049a9edeafdf,0,5,3.937007874015748,508,0
21dd265c6327d957c7834bf769964554,0,3,0.0,258,0
044832a1e12bddc52507b4c1b815534d,0,4,2.0491803278688523,488,0
7cba2e704262c9002583e564112fa0fa,0,3,6.802721088435374,441,0
f5407678ed85290bc06bdf4dbdaa67de,0,4,1.7699115044247788,565,0
65b751d910bec65999dd153f504f75c0,0,4,5.115089514066496,391,0
c024839860a2e2759817e189a16cf186,0,5,6.954102920723226,719,0
609b42e72970b89f74461728cdb91483,0,4,2.0120724346076457,497,0
36bf5e3aaf3edd827ba261404f3fff12,0,4,0.0,516,0
48f0eb56a4ed90112abc6bb9eee50da5,0,4,5.58659217877095,358,0
a31c3647374d49165be3ddb63404f10a,0,1,0.0,382,0
c7111eb12847d56e2b618d11ea6c936b,0,2,0.0,279,0
d9d5b3186e36ada1c8320a61040dc12f,0,5,6.2761506276150625,478,0
1c806039caa4d17fd6635e6f8292b9ad,0,3,2.0964360587002098,477,0
69bbdae4358ba22415a86be6d0652665,0,3,1.7953321364452424,557,0
17a7fc416ed40fb0b83aed70ac451049,0,4,0.0,616,0
5ae0933272c19df2ea021db996d3a65f,0,3,2.6737967914438503,374,0
4cbd095f9260747f1f8c6fbea41bf631,0,4,2.0833333333333335,480,0
a1bf8da98b180d211e133416677ada94,0,6,2.014098690835851,993,1
7ada640d7979ac7219b66186173fa7a8,0,3,3.690036900369004,271,0
914ae32b7b0a20ec091e6daa0bea2bce,0,4,14.705882352941176,408,0
103caee8bf583830e16a647f9f39151d,0,4,7.547169811320755,530,0
644b4dc40bd3245b37e5546f31b0240d,0,5,0.0,743,0
cd69235c43a4220df3c309cd288df926,0,4,0.0,545,0
c4496d2d249c6a7534eddc9d53723f0a,0,4,0.0,333,0
9919abee1c11f653bb77f5c3727e0aac,0,4,4.040404040404041,495,0
f361aabca20d0e3a1f8790420d99d628,0,3,0.0,500,0
9ea8f8977186373c4d0fd35748efeee6,0,3,14.851485148514852,404,0
29fb238ad64491178103f546b39d3131,0,3,7.6923076923076925,390,0
0c4921713d21148b1f7be5f414fc1da3,0,3,0.0,260,0
c2dcfc29ecc8a668ddf470f5664c324e,0,6,1.2106537530266344,826,0
cb31a2d9aa854121f339b580bbfd1f52,0,4,11.933174224343675,419,0
04a1a5b848f4ca48ca96b76fca7b68d0,0,3,3.1545741324921135,317,0
f727f1f4c0144564bb4c21d59ae4617b,0,3,0.0,632,0
162dce7eec730e75af48bb369344ae6d,0,5,5.839416058394161,685,0
5b15c47ee8a6642fd858a7e7608b07a7,0,4,2.109704641350211,474,0
e32c76538a7ca0da03e69ef42315f4e9,0,5,0.0,790,0
14b060ead53e708b83aefc31a7c047cd,0,6,8.714596949891067,918,0
a1bd334b2522bb4a94b661755da9c733,0,5,1.3774104683195592,726,0
ca5c1cf5108f076055e1b1748e9ddc22,0,4,3.003003003003003,333,0
fd5ba67322c7b71fd64c57656e0a6ad4,0,4,4.975124378109452,402,0
db77345964d9e95d7a1eed1adcfbc4b3,0,5,6.920415224913495,578,0
c8e58c73e9842eb4d824664cedb36f86,0,4,0.0,691,0
d3045dd6453e82b3337f0fa7c017dba4,0,6,5.326231691078562,751,0
05ff3a59723e2672823d38bc46da8dba,0,6,2.628120893561104,761,0
22716e113c5aa3aaabc529004f8f0e89,0,4,0.0,479,0
e8596025a836e0e8aef85ce09eb0e669,0,5,1.5748031496062993,635,0
9640a2a58dea2f52f06189f061823c6b,0,4,0.0,411,0
a024c9e035a3c513f90a7f644a8e2d3e,0,5,1.2165450121654502,822,0
bbf64f9bd6b3f070c0d86a545410b45e,0,4,1.6891891891891893,592,0
f83d5cebcf40cc3fc130a75686f6affd,0,2,0.0,697,0
8e0bd93c76964583f06d99e9c2703f80,0,5,2.824858757062147,708,0
7dcecea8d862e9fb18d89ac8480d2be7,0,3,0.0,358,0
63d5394c3a5c62b9376b0318f1704ec8,0,5,3.067484662576687,652,0
90c9b61fd20ed9a03c658d27d3614ff7,0,5,1.8656716417910448,536,0
415760c02600bdb24d59f29b524b10c3,0,3,3.7313432835820897,268,0
0793d425761c561a4b8a93a2abdd6b49,0,5,5.870841487279844,1022,0
444e947bfe7bb7885b86a2292f62ca69,0,5,1.440922190201729,694,0
5651f15aa8e5f4f2d31c351a10b29f29,0,4,6.382978723404255,470,0
bac3d9c0859cab66ea1e979031e7c6b7,0,4,8.571428571428571,350,0
a5ac90d86d1cfd475f72943754b65ce1,0,6,2.9411764705882355,1020,0
864d4fb6324e867a03bff8e1c6d9d962,0,5,5.4945054945054945,728,0
59a8efa461521b62886f07a30ff491c6,0,5,0.0,593,0
a0ce76347303c83e02d8ba6af425c530,0,6,8.323424494649228,841,0
5c302ab70afbbe1e21ac881031b62360,0,3,0.0,548,0
10a0cfc48ac1b18478e75a94a9f2072f,0,4,4.705882352941177,425,0
afb32c6105cd4f24a1954102956385be,0,3,4.264392324093817,469,0
2330e103688e1d593de8e1d6629b77e8,0,3,0.0,505,0
068cb90a6c42373057b76ff354a4a3c3,0,3,0.0,274,0
dc51ba67cfddd52a311b9e6a23468f8d,0,2,0.0,211,0
3b653bf7c55fb676a25fbfd3dfcd35f3,0,4,2.1881838074398248,457,0
ea8f4b9b291d62e288a06e202acb73a0,0,5,5.995203836930456,834,0
41408a1689f632e1fef25c68a6ade22a,0,6,8.072653884964682,991,0
c28cfa040ff77145052d0e21498e54fd,0,4,11.661807580174926,343,0
bb5aef9c9ef79cf85409f8b22c24afa9,0,3,2.816901408450704,355,0
373f1a2181a8a7c2c2253ac693f0020a,0,5,12.8,625,0
dd4313d072b0d9c0b8f42bca8a2bb890,0,4,5.736137667304015,523,0
19c678961d2c92e112edb5d017902bff,0,5,1.3531799729364005,739,0
4f4753054e04a5647cbb08ace6973b31,0,6,7.106598984771574,985,0
ee65e0a7572df4b32793d12e6bd24337,0,6,4.8076923076923075,832,0
9817e6e5ba7f4097ac5502626ab50072,0,6,7.741935483870968,775,0
3d18b74c4deadda411c61960ae0a2d89,0,5,10.714285714285714,840,0
a6ec53831f018b76adad107623a9a566,0,6,1.1890606420927468,841,0
2878d65aecd7bcc529d0b97382228806,0,5,5.997001499250374,667,0
e560742786e45514312f0fb0e789a36a,0,5,5.031446540880503,795,0
11098b87c10de7b58bbb2cec502c2f34,0,5,0.0,623,0
d256b2debacc5f2851133b68847a8dfc,0,5,3.007518796992481,665,0
90927a5c755cc53a7618fb0001af4fae,0,4,0.0,504,0
d374e2f3eb7126561686104432e6aded,0,6,3.6319612590799033,826,0
8e5a7f73286735f6d7c92d3f05875965,0,6,2.9197080291970803,685,0
3aa3cc94e402d5cf7ecbacf7a39f8e4f,0,5,1.5772870662460567,634,0
4cac173f6a0ca03a16b1bf86a8673b64,0,5,4.237288135593221,708,0
a01813f031d41efca6ec335f4f39e697,0,4,15.831134564643799,379,0
ed44e7df28ed0162b562a93eac249b4d,0,3,9.900990099009901,202,0
c115c9154a7fd943729289e7bec6dd63,0,3,3.4482758620689653,580,0
e29eb2127582c198be8eef976faeaccb,0,6,6.030150753768845,995,0
25dc77ba2e77d1cd54a416282b0a9e79,0,6,1.2919896640826873,774,0
06a429e08d78ed494398522ad8adbd91,0,6,1.2345679012345678,810,0
5013013c1058b2bfedf6b77c902a0a5c,0,4,1.5479876160990713,646,0
746665716505eea436980bad68655ad5,0,5,5.093378607809847,589,0
01385c96663710d2c75e5885bfbfe543,0,3,2.4630541871921183,406,0
118ad0096e98d18b0ad593380c2c1812,0,5,0.0,614,0
aab0d8be68d497e9b0afe186e2ffbf03,0,5,3.838771593090211,521,0
96c080cccf8cc79c987f3b307cee133c,0,6,5.063291139240507,790,0
fb3d62d7dc833c31bcebc7ee1bcb48fc,0,6,2.306805074971165,867,0
c45012f38498116458f48295d258ac56,0,3,2.358490566037736,424,0
54ca4134a763739b8b978d57bb85464f,0,5,2.932551319648094,682,0
8075d79cf5bb08a5d940da7e87bdbaef,0,5,9.25925925925926,540,0
77aee1635ec2f89b74bcb63d2cf3e70a,0,6,6.738544474393531,742,0
deb0a417cbfa01083d179dc32807a5d2,0,3,4.048582995951417,247,0
8b1aabbded811f9e32ba423c84ad534a,0,4,0.0,472,0
4a42bdbcd7f11cd2e87232a4585a5230,0,4,7.722007722007722,518,0
4975bb7fdbdb90412816b63ec476c830,0,4,0.0,559,0
809c5b7150fdb16250eb3ec8f39afd5f,0,5,0.0,577,0
aa673941c0b40360d10deed389fb034c,0,3,0.0,346,0
eec999e4db7835289eee7478ba75ccf5,0,4,8.752735229759299,457,0
73d04d920a788ec527cd94dfc7c7df57,0,4,4.0241448692152915,497,0
3972bc5b78ebea4786ed54ae44cc88ac,0,6,5.676442762535478,1057,0
2e7402ba93aecda744fc03e228323907,0,5,1.5625,640,0
0f54d84b02fde8deb6075f54de92d1f7,0,3,0.0,334,0
14a39e63d8f5bc2ad79e509fd055335a,0,5,0.0,697,0
0d840915119ab55892339d6f4d4474c8,0,5,8.250825082508252,606,0
4e2ba8d7e0b0275b64e146c27eceb6ba,0,5,5.0,600,0
7d972ee06eee9af6eed5b9e713f7b8e0,0,6,2.5806451612903225,775,0
fded13e76c1ed002fe8e6567ae2c44ec,0,4,4.246284501061571,471,0
196906253b46c21b6f7f46d98653ee0d,0,3,8.19672131147541,366,0
c691aef87f14f5997cdaae21a5cfba7c,0,3,0.0,536,0
e0fa4034520b6f5c3ce99cbafb728ec1,0,6,7.936507936507937,756,0
ad3b0472b60c88e2ee9af139e7309167,0,5,0.0,524,0
18fb02f6ee5a70682765a96407ffe2c4,0,4,2.0366598778004072,491,0
0973c4baa067c24b6c133c70e68ab2a2,0,4,5.305039787798409,377,0
04f9f31b1ba24406bffba784ff4b83dc,0,4,0.0,611,0
a355e28f5e57949f84889419e2aff19e,0,5,3.963011889035667,757,0
776db426c1ef4170c3c0c709592ee0cb,0,3,0.0,405,0
3d439ba1226fec6e8f2937b2e0e57511,0,5,6.172839506172839,486,0
5b5cf43bbf8111df66273501e6e085d5,0,4,0.0,457,0
0be57b74c2bf31d03bb937833b900a70,0,4,9.107468123861567,549,0
6efec093474ae2d36fd0a1863411fd45,0,5,1.3869625520110958,721,0
737e6d162ef13b3cb2794faf18ab8832,0,5,15.050167224080267,598,0
bf0a2267a2606ba3aa1a1753f7cbe010,0,3,0.0,301,0
e27456236127cfe3a11954edc6cc68d8,0,4,11.695906432748538,513,0
d81c589055b08bdbf240eb5d59015470,0,4,2.044989775051125,489,0
1362573e33d8d14409da5a4bf82f2bac,0,5,1.594896331738437,627,0
737dae647ea934f6942d350d27d71e7e,0,5,0.0,889,0
3ef042839bcbbe6eb9d1afe1542d9564,0,5,5.730659025787966,698,0
4b95b1df77f590e9cb6dd521df9119b9,0,4,2.237136465324385,447,0
fd0efdda0e2c6c7bbe690a3b8f190143,0,3,3.6101083032490973,277,0
e23ddc5c6370c08d9fe8a3ff0273b29b,0,6,2.442002442002442,819,0
353d99011c8b142ca9b34436c5178398,0,3,0.0,568,0
1ab3097f012387da5510778af70ea24e,0,5,6.825938566552901,586,0
af789545f0993a617e87d5d086138c78,0,5,4.048582995951417,988,0
78f575ac08310bdc710c7a21c15b933a,0,5,7.905138339920948,506,0
0689144974114bef471b10737c5c96ba,0,3,0.0,420,0
3c84b5803a33b536060b1930a533e69c,0,4,1.6556291390728477,604,0
105a03a20f9c253ecc11cd7d09a7f64c,0,3,0.0,327,0
41568808eb9586729a52088b008d9030,0,5,3.048780487804878,656,0
be6e1dc0da5368618ed745fa34f50b3f,0,2,0.0,498,0
06deb1af768cf58df4cfada9e949242f,0,5,4.640371229698376,862,0
48a873bf65d608897970700a7320a9bb,0,4,1.7301038062283738,578,0
d4b0e1d9a86478e79af2757fed35fc3c,0,5,10.504201680672269,476,0
e24747dbad714f1b05d085703062102e,0,3,5.2356020942408374,191,0
af4f73f4148892f2ea257e7d7fbf64dc,0,6,4.739336492890995,633,0
161bc365f569e2721fd9e1ab9d2f2100,0,4,11.560693641618498,346,0
1db8b51619603e5c6bd7bb12cdbb07d4,0,4,2.2573363431151243,443,0
b77de943161d90bc01f810dad11dbe9a,0,6,0.975609756097561,1025,0
e342775858fe5e1f1fe410718d643094,0,6,9.102730819245775,769,0
2c1e9bd21d9aa695f0c66698f11cdcb3,0,3,9.70873786407767,412,0
145e87d649047e08bf1930003cca09c0,0,3,0.0,261,0
6c5ec0ad53525ba9bf88ecf5ae04346d,0,3,0.0,320,0
256f3f2f0c257dfa6f36b8c8d3eb2d15,0,4,5.181347150259067,386,0
40bd51c80f75231579adb96bc5c72f01,0,6,1.314060446780552,761,0
0056c460cd812868430fb786425a9029,0,3,13.533834586466165,665,0
3e5791c7d02b0dbd35f886bb446c398c,0,5,1.3605442176870748,735,0
63e0dc3a6fe1b626f25d265f8db7a30f,0,3,3.8461538461538463,260,0
00f32336288495a0aa5c5306ab4c9acd,0,3,0.0,418,0
fe16985f86e960b5a3d9151dbcdf33af,0,6,5.291005291005291,945,0
37c44a1e593ea6e71a3c9294f594b4e9,0,5,10.548523206751055,474,0
af23e36062d7605852d269e0c7004c8e,0,6,4.479283314669653,893,0
cd135b1e6d6b18ce3c96fd7eae225d12,0,5,0.0,678,0
f279492d8eed0c6f071b0474a6b9252e,0,3,7.662835249042145,522,0
1f7771f78b842d376b53727af3a968b5,0,4,2.2271714922048997,449,0
630aa8ce46c2e9cc41a3617db483fee3,0,5,3.4305317324185247,583,0
ea382323d672dbdb45c24c685ebb0383,0,6,8.02139037433155,748,0
3ed4ed1770556031802c604fa242daf5,0,5,3.372681281618887,593,0
0330fceb1bb21ba8784a4fee1eed5f6f,0,5,4.354136429608127,689,0
e62b16c306578d859eb4a4eae48a3100,0,4,0.0,489,0
c0accc9d790ca9dbb95aaa53ae661757,0,4,2.6178010471204187,382,0
a8ffaf6268202e8172ddce3c9708f083,0,4,0.0,482,0
3d74106e8310a4ff9ac12c5c17a1b0af,0,6,13.605442176870747,735,0
a19eeea3cea8549be2c7978128fcc80d,0,3,12.658227848101266,316,0
8d77e28124ccd9ccad10d9ffc238008a,0,3,15.32567049808429,261,0
22d58d4c59598fd3cc64396d2b5452d3,0,4,9.615384615384615,520,0
a8097d7e188d985031194f5e82332f1b,0,4,2.1141649048625792,473,0
61495a462d9c99af8243d5f105472569,0,3,2.1691973969631237,461,0
719874e39222fe70095aeef0532434c2,0,4,3.361344537815126,595,0
ff32dc7edd56349421449a7254280420,0,4,4.68384074941452,427,0
1fcf4be959a7f2cc3e3d79015bf93ca9,0,5,2.4600246002460024,813,0
f986f7d5f49da2132980bb9b50cc53b4,0,5,4.87012987012987,616,0
593441194d0b11082d3c260b14230845,0,4,0.0,462,0
3644f53d75601190c4647098f600e90d,0,6,4.3763676148796495,914,0
ff0b007cac674bf7f208251764fdf72e,0,6,3.4129692832764507,879,0
d5689d79efd63a37c69cebcab34bb879,0,6,1.050420168067227,952,0
da6968a92be9884d08820ffa74969ade,0,4,0.0,511,0
b33c8bb19967b3e47b36a0d08530b7bc,0,5,2.6737967914438503,748,0
20374ecf954200d7b1fd80ed6c8a5d19,0,6,5.141388174807198,778,0
bd5bbfcc992b82fd48aead6835401a01,0,5,1.485884101040119,673,0
3c49b8d111c171223ce8fa2d0a4171e9,0,5,3.024193548387097,992,0
1c733455027ba3e6b3852b751556e13c,0,5,3.484320557491289,574,0
176e6cb6d80b2e896a04fbd60093126b,0,4,0.0,609,0
f7dd54f3293daaa8f4976e4980e8250d,0,5,2.9197080291970803,685,0
e1b8f3391c625144dcf23dac351a3894,0,4,9.107468123861567,549,0
51922acab2f02ccdb94388435b884d61,0,5,1.7035775127768313,587,0
8ca2cc3f2701116b9389924d96acb9e6,0,5,2.0661157024793386,484,0
3c337223219ac80498239e00c4f69942,0,5,1.890359168241966,529,0
54295771a7056a75ec2dbc0ab1642ecd,0,4,7.334963325183374,409,0
5b4666e3171c45b11e4bf642961fd0f0,0,5,0.0,509,0
fade0810271e108551a72f7ccfff0df2,0,4,2.1645021645021645,462,0
2e3e9ebcdfb3ce385bc85c3d15ebc0d0,0,4,0.0,516,0
94874838e1d5a55edcf568c43614d650,0,4,1.9305019305019304,518,0
a9552f5d374cd27103457c9fb5217026,0,4,3.1545741324921135,634,0
d00dd4e01f45f90d8f6d4d2eb35934ad,0,5,4.524886877828054,442,0
c0ebe960f296e66a8b20771b851b9fc6,0,6,6.3559322033898304,944,0
74785f352ea1934384e02d45a2944174,0,3,2.824858757062147,354,0
95c077eb87dfc722fd2562cefe9a19c3,0,4,1.7953321364452424,557,0
5f531be0e75863bea07f4d36bcf4af90,0,4,10.256410256410257,390,0
06db330646b3b01cc0171c4189b6a720,0,3,0.0,239,0
276dbcc37afd6f70ca361f3ed5f8a271,0,5,3.076923076923077,650,0
334619b0027f96330bf98eaca4df6b3f,0,4,0.0,532,0
f3408e083d622a700f994eb3d103b150,0,5,0.0,736,0
8c6a1f12bbd0ea9e97f9bb445d9e957b,0,5,5.7251908396946565,524,1
e7e0917768cad10f2892d5e45bf31b98,0,4,4.424778761061947,678,0
212433f83da58a478979d0107ac80b65,0,4,1.7241379310344827,580,0
8c352dc44f61988f163ba56cd207cba7,0,6,3.0395136778115504,658,0
4f64380615b4339c4313888151383d54,0,4,0.0,511,0
7e8619540f54c3c3b667769e15cd8589,0,2,0.0,172,0
e79a7dfb0f8baaa154ae1f7b1c9785fd,0,4,0.0,524,0
a42a5846abb883e546f8f053cc3a88f0,0,4,3.0627871362940278,653,0
da2e3883e4a9f84075f993e92caacd7d,0,3,0.0,433,0
662655305270fc0df22701caee38557e,0,4,2.5,400,0
a1fe165e1458e7a4b9b6017fe10560f3,0,4,1.4598540145985401,685,0
31d7af5de7b3c843b0e7e981cea3a4b6,0,5,12.170385395537526,493,0
45c13e6cb1409ca4ba1dee0758adccac,0,4,2.4752475247524752,404,0
5974ed0f156202eaeebf774fd5ec518f,0,6,4.3763676148796495,457,0
c76fb607ef8bae3b8f829bff994ed3d6,0,4,12.56281407035176,398,0
711e9f0f94a0b41e1e0368832876c2ea,0,5,1.86219739292365,537,0
6918703c6541b9c32adcb02872b5ac88,0,4,2.1645021645021645,462,0
f3ced8f3b586d53ef31485f954576fd0,0,3,2.770083102493075,361,0
b36d22d2ada2cf430e31752216fcf7d7,0,4,0.0,501,0
2df452b53204acbbd7fbf4dfea3fd03e,0,3,4.854368932038835,412,0
db9efd625de1cf4b79442cd5aa24b31e,0,5,1.8281535648994516,547,0
d3566d7958a1f3c2e288d512a9ab8dbc,0,3,4.246284501061571,471,0
53881cb0d748798a3427f3532fba1e27,0,6,2.3228803716608595,861,0
06e2429b28812bbdbf5ed2a713d1ec9c,0,6,1.0582010582010581,945,0
8f36f42c5a43f5a86a426fb252002bbe,0,4,4.237288135593221,472,0
311be92ca0bac5ee4200b6dadc1b9615,0,4,4.395604395604396,455,0
93e30b865885317b8e8a392d7245e01f,0,4,3.2948929159802307,607,0
f9c59c0c0fd5bad1ceb3b73e79118591,0,6,3.054989816700611,982,0
c8d3016937a89e8975909fbac9c666d1,0,3,1.7543859649122806,570,0
05d43ebd6bf6a3c413dfa069151917a1,0,6,2.7739251040221915,721,0
9050c9c40922e45ae03c766378421e93,0,5,1.834862385321101,545,0
b01ab8b01ad660faf19e82cf7abe74ad,0,5,4.77326968973747,419,0
29945d4805ed22aac712e006c17bec8f,0,5,0.8968609865470852,1115,0
0a9d051543adef1324512cac687ffe8b,0,4,3.9603960396039604,505,0
74ea14e7b6563530311158ba77cde350,0,2,0.0,268,0
83c7282cb71140aa358ac8f05429b45f,0,5,0.0,783,0
87646fc2c20a3c5e39fcfdb43860c6f8,0,4,4.065040650406504,492,0
464da83cc0640abdfa9691ea681431ea,0,2,5.714285714285714,175,0
5387adf6f7517f17a69edd0014c4f34e,0,4,1.9047619047619047,525,0
d4ad335499c97c86480b8a146d15bbe8,0,6,1.885014137606032,1061,0
2053920de5141224b03127b5727476d2,0,6,4.754358161648177,631,0
6867af790d1d481634afa2093c2b597d,0,5,0.0,513,0
4e036874db4a2f9dccb9c35e44ca799b,0,3,0.0,437,0
b0a22be0278a2577540e3cc9fc55feb6,0,4,2.4271844660194173,412,0
10a795d8890009c86e24777840417bab,0,5,1.3386880856760375,747,0
b97ec0a74f1dcc3341dcef9e154867c7,0,3,7.782101167315175,257,0
953ab67d3e0e57ba8a07c09d574f40fd,0,4,0.0,346,0
3137cc250d8ad4fa489184d285ead37d,0,3,4.3383947939262475,461,0
9f1cc9f5120afc036711c5b6afaa2dd5,0,5,5.059021922428331,593,0
ffbb034d4b40fe72eeefc19932179187,0,5,5.9523809523809526,840,0
2420e94d66014a03b1d21c55e943d982,0,4,3.7359900373599,803,0
9be926d800eb22c6066a4342fee177ef,0,4,6.514657980456026,307,0
2641c83d6a8bb7685b81dfe42557d92e,0,6,1.2594458438287153,794,0
1cc34f67aaecadf2d994277d3830712e,0,4,0.0,425,0
86c024b47af000eaa1450e51efc32b1e,0,4,7.920792079207921,505,0
63b69da2c12bc387e02ab99ec5a4de40,0,4,0.0,483,0
40c8c71f4cc06adc347952f3d764d2f3,0,6,0.0,960,0
e7877de512fa9e95512128d2c856f18a,0,5,0.0,613,0
b4bfed2c08594b5bea8cfc3e284f25cc,0,6,1.394700139470014,717,0
7dd292c9755dd22e8f9069d4d1462eca,0,5,1.4534883720930232,688,0
60fe12a9a0cc53be056d008a62eaaf3f,0,3,0.0,366,0
b7c389e8d8b819fd964c52850cb4badb,0,5,2.9069767441860463,688,0
181cf04b7897d9a271e27eba2a82d73f,0,4,3.676470588235294,544,0
37d69a3c7f98ea7cdb1ad2c7ed3d3ba1,0,5,1.6750418760469012,597,0
1f18b22a6760d003fd1a163901ae9186,0,6,1.098901098901099,910,0
10fc09620dc4a2e75506172f04f746b8,0,3,0.0,319,0
ee3d2b4845d4feca63a6e2e22da0a749,0,5,5.47945205479452,730,0
9368b95143a3fafc4a98f66a9f905929,0,5,1.1668611435239207,857,0
b96eaf84135634b6afee799a22ea3ab6,0,5,1.9723865877712032,507,0
ef498107e4a912c36dfbfec7350f087a,0,6,7.963594994311718,879,0
3ae740afc002929ad649cbce71528dde,0,4,0.0,338,0
27cb1f812ae8da47b095e6a044f90496,0,5,3.5842293906810037,558,0
c84a8d80dc08431f27a47165a70b9c31,0,3,0.0,511,0
c3902f0787e8a56c3d22cd1a75b9b577,0,2,0.0,279,0
f66286743132ba7aa31f6a4a673d88e7,0,5,3.4965034965034967,572,0
0f354a2ea5a5e54e4d83917d75e198fe,0,5,3.231017770597738,619,0
94d72545b11e024f5ff3a3de1de9086d,0,5,4.184100418410042,478,0
a2b49e47caa3c2b93d5cef99881c4ea0,0,5,6.2208398133748055,643,0
15d11f2482a512d550ba2be7d364cfec,0,5,0.0,623,0
b60f2381e0cae0ea6b275c4fd22caec2,0,5,0.0,453,0
b67d3676fef92e3d585b92ac48833d23,0,4,10.1010101010101,297,0
a4bf7c5553aa68666627d459d952ef4d,0,5,2.6109660574412534,766,0
0037ba581e57d5d0261f6e1445b94aea,0,5,5.9880239520958085,668,0
0447bb8329b92946785029579cc6ea82,0,4,1.893939393939394,528,0
226bb001ff603a87fd6ebce0e0b0fbb3,0,4,2.512562814070352,398,0
35c6c15839d66075f86385f49ee4e453,0,3,5.555555555555555,360,0
fc109b074186f6b1fdc720eaa5421198,0,6,3.3112582781456954,906,0
5ff8de8e9f54807c87bf4a4ad46e7dd9,0,6,9.900990099009901,707,0
fd692a662d660b3c108c35536f59fa25,0,3,0.0,297,0
c1c10db1232c4a8bb33f33edbeb49b12,0,4,0.0,546,0
5cab78e10b53128823e28f4828f8b42c,0,3,4.149377593360996,241,0
b645af2f68050c0f03b215f8be7179b3,0,3,0.0,348,0
322252372b5e4e763d4678718190b5f1,0,5,6.217616580310881,965,0
e82d31dc572e356b363f653f996e2ad5,0,6,7.309941520467836,684,0
2ad58b86236b84322c8f64a51662b3a1,0,4,8.547008547008547,468,0
589ca8bb76358c328d3f40fa6eaf7a2a,0,5,11.695906432748538,513,0
7650df8d3fcc795f6933f5cbf97e9ca4,0,3,3.278688524590164,305,0
202a4f779530abbc584257ec8deae25c,0,4,0.0,467,0
368c07f001608b3d71bcb846ac012eca,0,6,5.9347181008902075,674,0
ea416a2c00e46a1b974c97fa99eaae28,0,4,0.0,397,0
d89eee58839965606a4714c3fefc305d,0,3,2.9585798816568047,338,0
d60ad505ef0b7fe4209f33c9bc129e63,0,2,0.0,452,0
84e5b03cd2a5453af0cfaf8447458071,0,3,7.2202166064981945,277,0
217a95609bf060ca79cd39c6f531f4d0,0,5,3.4904013961605584,573,0
fe8b8188ce8d03a337b84fc8c5add8f1,0,5,1.4684287812041117,681,0
2ed084c0c08d1a79c0a6a489e571051e,0,4,1.694915254237288,590,0
2415e01a62d6351c1f27e0e98dfe19c5,0,3,6.430868167202572,311,0
c12be047f34e6da24f42df7b68509670,0,2,0.0,194,0
adda5645a7f5480c00a360447189a176,0,2,5.347593582887701,187,0
7ef59f8b71fa0d2dc5ef7bf2a146f754,0,5,1.447178002894356,691,0
9cb46edbee056c13e73bf29ae2ce6404,0,3,0.0,281,0
80c62577b4fdcbae2bee71478e9b5896,0,3,0.0,278,0
f6add1822912b58b9d8e568405a599c1,0,4,2.375296912114014,421,0
c82e80e2ea7cfceb756e2ed43a500ef7,0,6,5.819592628516004,1031,0
f5380188799e600d2ed1a5180511d06a,0,5,0.999000999000999,1001,0
77efa87f04408f259cc74114e5ecc62e,0,6,3.1746031746031744,630,0
5630693e5274a199d8bb9ad04701646f,0,5,2.962962962962963,675,0
f66d46e30d2f7541cfe732ed20abc042,0,3,2.304147465437788,434,0
73da16d846494b73da1f1ab423418c4f,0,5,1.203369434416366,831,0
d6635efee41ee9db12a37b8e5c1c9272,0,4,1.3227513227513228,756,0
7835f381a07b896e2277b9bbbd0e4093,0,6,7.017543859649122,855,0
8efb85d1a6c0ce047db4dd41f8b83355,0,3,0.0,335,0
d5293fafa39c263ddc9b120e6dbf0c0f,0,4,5.3859964093357275,557,0
99ffba0977ef7d81a91a560127ee4b86,0,6,1.160092807424594,862,0
2dbf57556fc1e6ab0ea287923a0496fe,0,5,6.116207951070336,654,0
e96b164b15828e3e64b9d85b4f47f7e6,0,6,7.662835249042145,783,0
eb8e7b08a3b6fad988eac0f2b85b2c9c,0,2,7.142857142857143,420,0
8cc708800539b6ff0244f972e3cbafbd,0,4,0.0,487,0
7293bdcccac02f9eb846745fc14eee7b,0,3,0.0,481,0
5d1e781b1527e7843754ff59c7d87d78,0,4,1.567398119122257,638,0
f945c845a5eb63da600aed5f803da71e,0,4,1.6750418760469012,597,0
51e36a3aa0d2f7b5382bd2bc0f807a59,0,5,5.357142857142857,560,0
97ceb3d6744ce02df27a1bb03d957c7d,0,3,0.0,288,0
1af6f72f7b910cc40c5a73085f3ccdf8,0,4,2.849002849002849,351,0
faae9429d3de47ba230deac98ebb9dc9,0,5,2.3094688221709005,866,0
584e59ece76d003d8d2e5e753ef242e4,0,6,5.381165919282512,1115,0
cecca8a798323ad966b2be03e841ea73,0,5,10.989010989010989,728,0
c7500373a53d7c11004e4db40589ec0a,0,6,4.431314623338257,677,0
3cf0dcf82e2517bda153836a5e00e246,0,6,8.373205741626794,836,0
42cd0cfef58d15b40164e95ad7390c39,0,3,0.0,173,0
d3e193c71240c95f690b1d8337d8caa2,0,4,0.0,304,0
70c431d86cef5fe27f9fa4c7c76a369d,0,5,1.7699115044247788,565,0
915a4c5180b4bdb9fabd9ad55875a507,0,5,28.571428571428573,525,1
909ef675c231ce721c6056ead38b43fb,0,5,4.62962962962963,648,0
3683af524dd63e50239b3c616f38a5f8,0,3,8.064516129032258,248,0
12d229097924d78c5dd1071e0f124e01,0,5,1.3869625520110958,721,0
fda1883b92d1516df7b6bd525c9334d9,0,5,4.056795131845842,493,0
1d8c5c2d14b19d5b1c5bfb5b902d22be,0,5,9.9601593625498,502,0
d5b16131459fc80b4190c0b348cb2fde,0,5,4.956629491945477,807,0
6f76da4331230522cf04446805ec0364,0,5,0.0,711,0
fcd9adaab05bade05924377b74838dda,0,3,0.0,319,0
d3a2eebb657e9f491df5a53e2865955c,0,5,1.001001001001001,999,0
7dba6c32e47de03735b83d97f16c8e0b,0,4,0.0,587,0
20ed0aa73ffeaeda5a4966d671b8567f,0,4,2.3255813953488373,430,0
f740ddb19f58c26d0690a0e5b2b11378,0,5,0.0,783,0
ff718530090570543371aa3a5fb812d2,0,2,0.0,162,0
35341af1101d7efab3c3f61a70890c4d,0,2,0.0,378,0
086ee30019ffea439184dc73a7d46626,0,4,3.51288056206089,854,0
7a34ccbcf818952d6b5d55cd931d4b8f,0,5,7.518796992481203,798,0
abdaf7214519961cc3432d6ae07eea50,0,5,0.0,629,0
35eb50c573516f064e1d5104f7a51875,0,5,5.633802816901408,710,0
63c234a723e577af714b4c282a151d57,0,6,1.375515818431912,727,0
81473a36766c3415c8128d0fb036fccc,0,4,0.0,429,0
db23441c17a40a45ce51c2bd381b5dbf,0,4,5.1194539249146755,586,0
c5db515a0503e19584d2c54de1289dbb,0,3,0.0,440,0
f98f8a366a89ca9ec81cebb49b28d49d,0,4,5.681818181818182,352,0
fb934ac19dd01d0fa0019a1056e7cc52,0,6,0.0,783,0
a1d48a644ef25c10fa80f7a78f2c84d2,0,4,0.0,724,0
bb4d12f48741dfcd6be93409017072da,0,4,0.0,431,0
1375d855081f550b010ed81fe252f39b,0,6,7.662835249042145,783,0
619839f8dee6a904715c1115495c6fa5,0,6,3.1847133757961785,942,0
17ea2b6df1ee9ea7a4188184ba4b3437,0,6,3.9946737683089215,751,0
d52bd6a6b3af72e5707f08579c8223a2,0,4,1.4749262536873156,678,0
dc970b9c3cc06637120b6ccf44d17a3a,0,4,1.7825311942959001,561,0
a786bf721f7e198dbd37ebf33ea51a60,0,1,3.6036036036036037,555,0
eff54db2d202b61f3bed5c02b1710561,0,5,6.651884700665189,451,0
7894f95f2dff03de8527cbff9ea0fcfc,0,6,7.598784194528875,658,0
4af2c6c1d3ddb1faf37b15afa641fc8d,0,3,0.0,635,0
08c08498953fe57c0fa115919c4824a7,0,5,9.569377990430622,627,0
a9c48101da6c08f8ecdef19f50fd1dfc,0,2,0.0,346,0
dc8dd324f47237fe0cdca78358eb716d,0,4,1.8796992481203008,532,0
831146d1d3459fdec97c9778cafd9cb8,0,5,1.4104372355430184,709,0
afd8fc6de0bab529a0fb34a9fda12fcf,0,3,2.9411764705882355,340,0
f6eeaaa442005cf3032e01c6eaf9d124,0,6,3.386004514672686,886,0
5a608cf86b1020092b43f325916360d3,0,4,0.0,516,0
6b587d1eb16cd13b1a01f75f8b788a16,0,5,0.0,572,0
6ef46e7f6d9900ed12060e3a22f7617a,0,4,2.0491803278688523,488,0
8c523d9a4ed0a38d66e7ef458ed3fdb3,0,5,0.0,755,0
8e8eba415b7abd006454f2b2414a6f4f,0,4,2.296211251435132,871,0
646a6337d90505e787e2be78e77dca92,0,3,2.7247956403269753,367,0
824062c434da5e94cdd5d5bd08ff34e5,0,4,0.0,492,0
7f04b757e8285988b870e9659eeb8273,0,5,4.49438202247191,445,0
300450237e0c418bddeeb0a307cbc52f,0,6,0.0,787,0
5cf2691d190d9825fb19f17bdab04d3d,0,4,9.852216748768473,406,0
11e7a5e039c7cc44637a01a8335e2e4e,0,3,6.097560975609756,328,0
910947498cb5bbdd17f70908493f3088,0,3,0.0,561,0
b9b144ce0a3a023430decdc205815717,0,5,5.4274084124830395,737,0
61f2552ac82549af04aa74fc8995bee2,0,2,5.405405405405405,185,0
30594118b057c2dec3f6a70eea7bd76f,0,6,9.400705052878966,851,1
5ae2fe0414e9f14f5cba0000b3b5f8ef,0,6,6.459948320413437,774,0
4260cb409f052c97db6e4e1245d894e8,0,5,4.716981132075472,424,0
95650763e66e3fbe18967e0cec97b198,0,5,3.787878787878788,528,0
cc45929999d7c03db6898a9735358f32,0,4,13.100436681222707,458,0
8f21e9f187b309aa82595809b2bf3294,0,5,0.0,648,0
fe24e12517050dcc8fe11d23b616979f,0,4,0.0,690,0
68e78f03024a770e0656f839e44688eb,0,6,0.0,998,0
0fa68bfaca6faa98300f249e16e2e25f,0,4,0.0,569,0
9d37abe0bf944cb481c5cba563ef4417,0,3,0.0,494,0
28c38d8cc67889c6cef8c162e8853c7b,0,4,0.0,867,0
75ae2f39b41ec46f9f26af7b57385cd5,0,6,8.629989212513484,927,0
a69511ed0a797da29e8db6cb8b7ad5e0,0,5,1.6313213703099512,613,0
80129bc041a7c44dce046ee8456755bb,0,5,0.0,431,0
facd545c954f7f9ddd098893e82fdff7,0,4,5.208333333333333,384,0
8dc1dbdce97db32dcdb9bce22cb0df20,0,4,5.390835579514825,371,0
ce1cbf6ec7458d09e76baac91a6c1c20,0,5,0.0,584,0
0d14fca6be489e409a10547723a65fbe,0,3,1.4492753623188406,690,0
fee4cc5ba238c5c6df63e6e416ccbc00,0,4,2.1141649048625792,473,0
1b4322bea18babb09e8e45801b495d05,0,3,7.380073800738008,271,0
756c483db03bb3fffec26517b71afde7,0,3,1.1261261261261262,888,0
64c932bfead886ce042394353e00e388,0,3,2.109704641350211,474,0
77223502fcdc4adcedb31864b364c9ea,0,5,2.6212319790301444,763,0
1346dfa08ec1871c0f1c8d6ded1d0799,0,3,5.899705014749262,339,0
3f3ea41070cb81f0934b8c6b37119623,0,5,3.6429872495446265,549,0
7f8fef3a2a1186b7b3907bd9b71c79d6,0,5,4.878048780487805,820,0
27e7d6e40bd5825be8fa985a860b0077,0,3,1.7543859649122806,570,0
01b10d33241369e8137bea43131a0be7,0,4,3.6101083032490973,554,0
cd929eb748aca7d2af9033603df9cc61,0,4,0.0,379,0
7e83cb74e10f3675b5aa1fb7dbbb57f1,0,4,8.025682182985554,623,0
634226f3ae439981c94b50c78c263e9a,0,4,3.289473684210526,608,0
590515f13fbbdb5c9cf97e5e90c982c6,0,3,4.158004158004158,481,0
cc13b2c1a56b8c6ce89dfe92b8968faf,0,6,12.865497076023392,855,0
b8f1bd1181ac9c0c7bd864a633ebb49d,0,4,4.597701149425287,435,0
bd5c0d51b1481103bc35f484be80b4ae,0,5,2.232142857142857,896,0
33956d56ae3d4e7b61b4ea4a31272616,0,5,4.68384074941452,427,0
2874e7e855c3e55b9c9c6caefe7a265f,0,5,1.6611295681063123,602,0
5116cbf99e7fe1698d5cb3496cf639ba,0,5,3.067484662576687,652,0
dd52f384bbc59eeb48442c08da4ff58b,0,5,0.0,623,0
e43e79e0c88739ebc964c611eb6998ac,0,4,1.694915254237288,590,0
e64a1de4400d004012c5ced2e613b55c,0,4,2.0080321285140563,498,0
2f02cc72a7148dd472c7040c8b0c39d3,0,1,0.0,959,0
b90142233e2e1f1facf7ccc987dc8638,0,3,0.0,309,0
fa45dcf2922d9ac921b3a694006e5ca7,0,5,9.146341463414634,656,0
4d3796778af87562398fabfa4aa333c3,0,3,12.048192771084338,332,0
13ea237cc08dc377b1689937b516dc1c,0,5,1.3513513513513513,740,0
94447d171416175455b6cef6d7f0a25b,0,5,1.5313935681470139,653,0
86889a570e974e8b37a46e5fece14073,0,4,2.457002457002457,407,0
1ef3169239f4dd50d35bed34f280a213,0,4,4.434589800443459,451,0
131d196706e81e77377dbfd0e1fa36e0,0,4,0.0,519,0
fd1a02f4443f0c999dc200eab5ff8d4d,0,4,0.0,837,0
99eaa905cc497092432a58999862135e,0,5,3.289473684210526,608,0
5e17b33e2c6dc49da967346b7399ae27,0,3,14.285714285714286,280,0
a4b51e8737974ba6a7e3dfea98f84c4b,0,4,0.0,477,0
8d0a3b2879376607e2a0e8ba549fd5eb,0,4,8.116883116883116,616,0
22f1cf63787a64d4138c79a862c0bc93,0,4,5.244755244755245,572,0
233bec459dc2217a015c87c89e972624,0,3,17.73049645390071,282,0
dc8a2341f786d85920273761525ecb8c,0,5,0.0,621,0
504ea78da1b03b52b2fd03b4e00e5c24,0,5,0.0,636,0
bae3b90273e68d945d9f6aa486407869,0,2,7.211538461538462,416,0
b29dc511cc0ea3a3594a3d373e08075d,0,3,2.680965147453083,373,0
0dda87808bf01f02ca2343c2ab3d5d19,0,5,0.0,500,0
9a4a42e86170e7f8c739c817acf7063d,0,5,1.221001221001221,819,0
b886ed454923fe0e03638cc187bb9f09,0,2,0.0,966,0
38cfa6cc846efeab0be7c821cc74c116,0,5,4.53857791225416,661,0
5e901b4d84b38d01c37b08d583541577,0,2,5.555555555555555,180,0
16ce5cc9238d0f5222cb6c31883476ab,0,4,3.9215686274509802,510,0
cbc7ffa299de9b7244012d4de6472dfd,0,5,0.0,710,0
6aa987e7d79cd429fce1f391d1629b3d,0,6,1.349527665317139,741,0
6c9269257bb347ed6cb6dfd64db4f7dc,0,3,0.0,248,0
aafebd40cc1c74a18e81714d8727cce0,0,4,13.605442176870747,294,0
7768240a72ff39d3481513319062648e,0,4,0.0,486,0
b8ebb8656e41dcd53f1606b74a9d0c28,0,6,1.8832391713747645,1062,0
a6f5440a0a811bde41b4a14ff2ccd391,0,5,6.7114093959731544,596,0
cc59f52742b2c5a17df166277c425a23,0,3,3.4722222222222223,288,0
f80dbfc96945bea1c3a0cd0335550731,0,3,0.0,245,0
2f056c9c6c183097e9583f2fd0b17cfb,0,4,0.0,437,0
bfefe7fd22dc85feaff545f1fb679d0a,0,5,10.217113665389528,783,0
d74baaa228563cd3d4f45a1e279f592c,0,5,2.8901734104046244,692,0
295469a9e429376b2dc601b2edaaeba0,0,3,0.0,419,0
a5fe1093aee28d9f7f2bdf2fdbb708b5,0,6,1.0309278350515463,970,0
c1b6d773238674d97581db358e1789a2,0,6,4.49438202247191,890,0
fdb794c69349b9e75e8694f4dfdf1165,0,5,0.0,925,0
5500fa89b51bb9336cc81eafffec6c77,0,3,8.680555555555555,576,0
788f6d4af2120353fc544dab45c341f3,0,4,6.0,500,0
3ed32fd97201c4e5ac6c28db86efb382,0,4,8.310249307479225,361,0
fbb8add24483b67ad3ab8c0c60e98357,0,4,14.367816091954023,348,0
f55293368c39597619e30836ca697666,0,6,2.876318312559923,1043,0
9a89171e6979abd13f73388f8eef139b,0,4,6.896551724137931,435,0
d0c977ae9e4a557eb58761620fdb4210,0,5,6.830601092896175,732,0
a16e64f39a4e457d20b80d3d39f2266c,0,4,4.587155963302752,436,0
89125db0a0f8ffa4268b1832d6fa3162,0,2,0.0,281,0
a71683f4c09a6ce9df7ea6b0906788f8,0,3,4.0241448692152915,497,0
ca84aa70a88ff55d667b9d5daece75a5,0,4,0.0,550,0
8d82f734691c909cda96ccafbc1592ce,0,5,0.0,647,0
40cc1c987b1b0486d213c9541635672f,0,3,0.0,322,0
e69716d408c15dddba682b327d1a0cb1,0,6,6.289308176100629,954,0
0044b38e56d95121dbf9e51e0761b04b,0,5,3.802281368821293,526,0
fd59255e47567cf14854e76398a0701b,0,6,1.3175230566534915,759,0
a5410458c54ac28c6fb6ba012a76d27b,0,5,0.0,789,0
f1911db71914d6df25a30899e8fdf5d6,0,6,4.2283298097251585,946,0
785c3cdb8acd4c55cc5791a64ff08f9a,0,5,3.5587188612099645,843,0
0c3d9b23bb057a4f2613c1a0ed329e88,0,5,3.1746031746031744,630,0
afd34246aedd971901f9ecec4cd359c2,0,5,1.5600624024960998,641,0
4792fcd8976a34a70f39d4f17353766a,0,5,3.395585738539898,589,0
2006aed3da80a9d5f9c6850b800827e9,0,5,3.0349013657056148,659,0
85ab909f777d4b85bc0bd9f3a3551f1b,0,3,0.0,467,0
0913142a0169c731e7e6006a60feaecc,0,6,0.9233610341643582,1083,0
b3afc005d31eacf84871121b2a4e1788,0,5,0.0,478,0
c98965f7bb873f1256695dd723b4b8db,0,4,0.0,419,0
776300ba00423ffda3dbe1c647863a24,0,2,11.764705882352942,170,0
33d3f196176e09dd27c2d405ce7941c7,0,5,19.81981981981982,555,0
4e52c5081d8a852e8f746122c3a2e834,0,5,1.86219739292365,537,0
e47d4386f8f7d9a5c126e7fca9ea39ef,0,4,3.048780487804878,328,0
cc413653c6dbdb3f32d36b72f31d51a1,0,6,7.326007326007326,546,0
a2a9eba8d9598a2091331a874d81450f,0,2,0.0,227,0
afde535683274c40ddf6fed115aac0a6,0,5,10.954616588419405,639,0
19560bb21e82ec7e720a9595fd65573e,0,3,2.4752475247524752,404,0
019b95635b338c00cc84774c7a21d2f7,0,5,1.7513134851138354,571,0
aca140219fd1e04de5cec30008932a02,0,5,5.839416058394161,685,0
2859262d36fdd9368c60b10c3e30aa0d,0,3,11.26126126126126,444,0
2c8ae16da7dd8ba7ffbfce09614b2a90,0,5,8.605851979345955,581,0
f2f56f732fa5ac77efb39be30ba50f49,0,4,0.0,472,0
76967fd24e8768bd4aa7fd253a91acbe,0,5,7.668711656441718,652,0
e5159975038d2035e69786a897796c71,0,5,3.6496350364963503,548,0
32ec7c118c4cdaba0062a281759f8667,0,5,1.9342359767891684,517,0
a22ef8e549c4fe388a25bad164f30e5d,0,5,2.600780234070221,769,0
0fe569aa9342d663fb728506650fd75f,0,5,1.5384615384615385,650,0
ff1015673ba548f284c52b1487c223b4,0,4,1.5313935681470139,653,0
3496c5e5d3146bdbf6805582b9d9632a,0,5,6.349206349206349,630,0
685c2b1ff7e60a6c43aff36690fe248d,0,5,0.0,414,0
099af9364d854433cb500415c17610b6,0,4,6.369426751592357,471,0
0f1cb3fc30c10f83204ca1f52a395f59,0,5,1.4265335235378032,701,0
8f875ddb7cf4208eb1c61c0c573df630,0,4,6.578947368421052,456,0
fd3e0f4965992f9225c2f94f13aa7e01,0,4,5.46448087431694,366,0
83542fdc4aea75307afd39c2b44dd995,0,5,1.0101010101010102,990,0
2836571758c926f85ca4d8ecfa9de84c,0,3,0.0,242,0
704dec7c081c9854db39378bd2e66d0d,0,3,4.424778761061947,226,0
ec5526a2787a2a443304b75707032f49,0,6,3.9946737683089215,751,0
40e3aa42433ae117776eb4e03b34f96c,0,6,3.8910505836575875,1028,0
c846af022adc288a4f4cf76052281730,0,3,0.0,337,0
9556751f6f85878b7cd5ecf8b8a2330a,0,5,0.0,604,0
de90010dd6d44463cba06aee80919052,0,5,8.75,800,0
8af959d8201fd47438bc1dfae5632cbc,0,4,1.644736842105263,608,0
3a0f82edff8fea7c88d49c0a2ff43be8,0,5,6.329113924050633,632,0
2d50432d6176815badb18f9391bf8a8b,0,3,0.0,354,0
e7d48e918a64cf4b003adcef0890059e,0,4,2.288329519450801,437,0
1f5cb1ef1b095a160b4a18b3e3a840ec,0,4,0.0,459,0
14627ada69d1299bd20ce3ccce00112a,0,5,7.716049382716049,648,1
f417ae212c3b1734f5b1491e6c4ad375,0,4,2.1739130434782608,460,0
748d6e34612a4d46fa393c7a0f462513,0,5,1.1961722488038278,836,0
a0c7ce4ec48065b1e0eb762b1f3b0d3d,0,5,6.622516556291391,604,0
0d22e4c06d0aa64fa570605dca154ae4,0,5,4.219409282700422,711,0
1014296e763253ea5767b0170b70f1d5,0,3,0.0,348,0
245a2ca85c208994292ea1cbdfb68f86,0,5,1.7667844522968197,566,0
c2f815cd4d772a15689e51d5519fb9f3,0,6,5.773672055427252,866,0
15045a0b80c05d2c16d728a859bc3ac9,0,5,1.658374792703151,603,0
73e4333c6b55ad690bb5bcbf8c8f46b4,0,6,6.006006006006006,999,0
4c644534d95074183e2398b6ea942239,0,4,0.0,534,0
d8d57e9b3cf86341def45441710ecc0e,0,4,4.662004662004662,429,0
2a27579353ff4514dcc12d36b6f37da3,0,5,1.4265335235378032,701,0
50c850f53ead5dfcc20130e42e120d14,0,5,0.0,636,0
942573c4394a7faf22b88dcb46cd48f3,0,4,1.968503937007874,508,0
b3cc7d9174ef3a2515f6e5c8aeceb2a8,0,5,4.0241448692152915,497,0
f3be96558812acf7157a202cc738a414,0,3,0.0,264,0
b93b7922458c177fd2fa9b09f52518ce,0,4,3.2206119162640903,621,0
c0986e783403fb096bc98f7964c07480,0,4,0.0,577,0
97ccfedbe8435d7ceea71c4d2199992f,0,3,4.405286343612334,227,0
69acdee539584e1763890cd46526c5d7,0,4,0.0,459,0
ec5c00604a457bba645a2ae6e9137656,0,5,0.0,573,0
bb23a9e15dbdd3ad6845651118da931d,0,4,10.60070671378092,283,0
7d128153163756e20511e6d621a35b7a,0,5,2.6143790849673203,765,0
c828eb4a2bda9e20e5ed5a969ce1d921,0,4,9.569377990430622,418,0
7588f6fdc1aee38d41d23cf0b2f48fa0,0,6,5.161290322580645,775,0
d90134b97fa73e98af1dbb8c03eddf8d,0,6,2.487562189054726,804,0
1c8806baa232ef2ddd925d1e384b5cd1,0,3,0.0,332,0
e4184add49554cc4761caa4ab42f5bf2,0,6,4.246284501061571,942,0
881080563b4050da914493e2b65e939d,0,6,1.9920318725099602,1004,0
57bc03850e2d227d74197688568459d6,0,4,9.852216748768473,406,0
bf08960a2c946c9105bfcbf4697fbdf2,0,5,6.218905472636816,804,0
fd8617bbcf8dcc25c529b230c793717e,0,5,1.7006802721088434,588,0
02ada3b5c9d1c24fe8ba123cce5c653d,0,3,0.0,229,0
e6fe83e58cfe92a60350a6b722a9a31c,0,5,4.065040650406504,738,0
88a8a586b220ecde123ae9e2bdc84d48,0,5,2.5188916876574305,397,1
6442440b3134484b2006e53dce28537b,0,4,0.0,568,0
0de2ecddc146b265cdd27f74aabaac57,0,4,5.9523809523809526,504,0
336c5a9654b7ee54ea3d2084d390b4a6,0,3,0.0,548,0
47b400c75a15f6181cc592a5f918f2f5,0,4,3.6429872495446265,549,0
51e61d8508e1f087c2d7e47abbc48c75,0,4,3.134796238244514,319,0
c2bed727777597b3c2dd12e061128d50,0,3,0.0,479,0
51a568dfc5dda1f2af45da95b47fea50,0,5,7.285974499089253,549,0
8094a6e8202ec2473d8ee077cc1795e8,0,4,2.331002331002331,429,0
25fa6bdc929b1af9e74ebe6a830eda23,0,5,6.720430107526882,744,0
2eb366da89c4665fe116f16de4243eb1,0,3,0.0,505,0
3ba9559604bd253f3e5db95114b1052c,0,4,3.6968576709796674,541,0
c494463d56f5c6d01aa64ae5dccabbfd,0,3,0.0,275,0
967d12f6dcda5a533e16584d4ab011c0,0,5,3.4482758620689653,580,0
704fab9e91f7df7ebfcaca5c013d5cd5,0,3,0.0,734,0
eae8a0ad10a0383bb40c00ba2a776455,0,3,0.0,263,0
da1b60eb82e6145703e22407219ce22f,0,4,5.714285714285714,350,0
46768fa7e341411bf6e218109a9cdec5,0,4,2.3923444976076556,418,0
d1f4f78dcab5bb2f61a89883f0bfe0cf,0,6,8.450704225352112,710,0
db1cfbd43fb66dc57a24d40723f2029a,0,3,0.0,349,0
b9dcc61f9ce583b79fa4d4a117cee14d,0,5,7.259528130671506,551,0
9127b5353b0ce75d9aaa23330c38c822,0,5,0.0,614,0
450bace18f477a89c4bbf0c336defd03,0,3,1.9646365422396856,509,0
98a7bc1008fd689922b2e8eefd5608b3,0,4,5.1020408163265305,392,0
2bda4d60358ddd831f3e455049345a0b,0,6,0.0,815,0
cf12eb83f3ed156703b54bdad74bcc61,0,2,0.0,186,0
7f80b367ff9773ddee1fb74798733d39,0,4,0.0,454,0
c7d13fc88eb35dd438392226a0757ffd,0,6,4.823151125401929,622,0
300364494afa29e913deac6e3af58a8d,0,4,0.0,351,0
e34d892de513c1a6141daa262aac6a35,0,5,2.466091245376079,811,0
81683d5a132c294e7cdd21e3fedc134d,0,6,1.17096018735363,854,0
981978ac69d495f1d4928a44d29d14b8,0,3,0.0,1058,0
d76f650ac7cdd71f7a649ec6034ff824,0,6,1.3315579227696406,751,0
4660c3efadfe78bcdb4d211d8bbb359b,0,3,0.0,366,0
960729efca4f0d8c7be8d22cdcd38933,0,4,0.0,1134,0
a06acbd0b91bca9b07aaaa26b68e9de6,0,2,0.0,270,0
107f0e483bca5cb4c822a30a14333eef,0,6,5.2493438320209975,762,0
8789c0b305eb68df83602421f35a4de7,0,4,2.092050209205021,478,0
3aca336e6c7f800085610296a644fbda,0,2,0.0,606,0
93f1b6b660622b20224f9f986b7b6960,0,4,5.277044854881266,379,0
5c0e908bc4b301b4dae2fcb6521995b5,0,5,0.0,517,0
3ca034c053321c5ab05aeb42a7295f67,0,4,2.4271844660194173,412,0
ddc13a68ef53bb0f0a28d026176948a0,0,4,0.0,504,0
069efb8d0dfd872798bd0c15df0f4413,0,4,8.771929824561404,456,0
f1e6f98c0043eea58b396f1b05ac703d,0,6,16.35514018691589,856,0
2293f69f669a124af8ca134115810449,0,6,1.2468827930174564,802,0
3fdbb0d8de1ed7b6ff812c1e7f171c68,0,3,0.0,457,0
0d3ad052b3c35d35fff5a8a70fe4238b,0,5,1.6233766233766234,616,0
7404aee987b2b84d676f2f74e8e9f06a,0,5,0.0,611,0
045bda160da2548e72e3d3d63ca7d370,0,5,1.7361111111111112,576,0
e52530b58fa0f14105484a04566cba29,0,5,0.0,670,0
1b36805543bfeb240e5e532729f6f63b,0,6,4.223864836325237,947,0
9cb777cb3987723d0ea185136c1e5d52,0,6,2.0833333333333335,960,0
ca26800593bf7570eb27e619fa3a979a,0,3,3.1545741324921135,634,0
5ef04b0b4925afad85c8527046da0121,0,5,1.7667844522968197,566,0
559c98dcec4b7b24346053f7b24c175f,0,5,3.289473684210526,608,0
546ce5824f1f2410e313c7353ef408a2,0,4,0.0,564,0
a41587ac8e5d8b1b4ffeebd9508c918e,0,4,2.028397565922921,493,0
7569ac6c6f4740c9a0286a81176b87a1,0,4,1.9011406844106464,526,0
df73ac98e5aba30636587dc92777667f,0,5,1.5923566878980893,628,0
1a3c79450c0a25b205de4d6b37ec580e,0,6,2.380952380952381,840,0
8057f519ee68fe59a8171164bd891d73,0,4,8.287292817679559,362,0
cf8890801e88331ea6cba4e7de212fda,0,3,0.0,702,0
0bd944497cca290840c1e943885ed431,0,4,1.9083969465648856,524,0
6e745b284dbf433d690b3c2cd60bbf54,0,6,0.0,707,1
55d0d01286db0d95418a224d6cabfa05,0,3,0.0,390,0
0cd8a4d0db72cff544ad9b73190f9fc4,0,2,0.0,339,0
c9a5d13376754aa7fae1691a460c1b69,0,5,6.700167504187605,597,0
da5349426c52b3f46ad3edc721e96bd7,0,3,1.8050541516245486,554,0
ef1cd8c01983eb05f76f9569561e3aba,0,4,0.0,368,0
876e0bafe5f0eecef7e608f9528d2f86,0,6,3.937007874015748,1016,0
44711dbd31859da603d715f54ae790b3,0,3,0.0,469,0
28b3259fde1f4a834c273ab84a46cdff,0,2,0.0,220,0
1ff201c2b09c004325a4ef17ffe4f6a8,0,5,5.47945205479452,730,0
988e20575a63149470ea5e5a9b197704,0,4,0.0,456,0
840417a33e5e4199fe7130ecf0c4b341,0,5,1.349527665317139,741,0
9c7cdf3c1826634e8fdeea48785b2af2,0,3,0.0,343,0
007d348f3025fad93ef58b03980fd7d2,0,6,5.28169014084507,568,0
f24d855dd8e3006587e607728c2033b3,0,4,6.818181818181818,440,0
fbcf5ab286ff7c286451f0e9bca3a646,0,6,1.941747572815534,1030,0
0528782b77cb2a54fb44bffd77988037,0,5,1.5923566878980893,628,0
b6638f8710e3ac8529c0d1eeccb48c43,0,6,2.336448598130841,856,0
4fc8cded9fc323815e2db801566e7ab4,0,4,2.0876826722338206,479,0
45c247176cf2305eea053d4537a84f43,0,3,1.9607843137254901,510,0
0bb78bf7d4b329147b72b065ded86fcc,0,4,7.8277886497064575,511,0
7e6d6342b43d371d27ceced475a3eb39,0,6,2.1253985122210413,941,0
33dcc73fcd7d1be36fe118403d99b466,0,3,8.241758241758241,364,0
2a36c6ec002433968ad2328262b86dbc,0,1,2.375296912114014,421,0
27604bf9154b7e828d6959f5b5114f83,0,5,6.884681583476764,581,0
3e2e1862eed16f2bc2658bb9ccb81da8,0,5,6.983240223463687,716,0
7d183e802ecdd179c68c8be97a4bbaa8,0,5,5.797101449275362,1035,0
2f04c4abe8fed2ac7d89369ec22cfe4f,0,5,8.787346221441124,569,0
cec59f116a4d7ce0fc873f139cd4b9b7,0,6,3.0120481927710845,664,0
d18c9641579aea3c220e8633a2a7de0c,0,5,18.404907975460123,489,1
05e33aac7460b9e6fff2dfeeaef677be,0,3,2.1367521367521367,468,0
9198ba29f7dcd14566f00e07b803627f,0,3,13.227513227513228,378,0
832c10dd452fbcb33083ac6bb654c608,0,5,2.044989775051125,978,0
63e59e67503500dbb45cc6bebae08bc2,0,6,1.9841269841269842,1008,0
e456c8418377764afed47d4bbded5483,0,5,0.0,666,0
a5677b6ce41eac2d44e1e66128cee38a,0,3,4.065040650406504,246,0
411b7ab9b664f4d062e623a1d3a6edd0,0,6,7.974481658692185,627,0
d310b5c854e2f056ac820420fa16ac32,0,6,2.4691358024691357,810,0
39603459c84bcad910f4a717c0b38c0d,0,6,0.0,875,0
7861cd0b2fb7d91fd183eb570b0bd632,0,5,5.633802816901408,710,0
19f47cb9f6d3d5e9a522aed1512a3af2,0,2,0.0,207,0
6c2e91b43d7b9fb7fa0842b8bea70129,0,4,6.349206349206349,630,0
04ff8612c7beb29c30a41bb30088c001,0,5,13.245033112582782,453,0
fd26d020eee2e6f996e09d9b6b8dc5cb,0,4,4.0733197556008145,491,0
44975acec1b07eb533422e83f06c6219,0,4,3.2102728731942216,623,0
e1c8b8fe544ca87160a12dcad3da4a5d,0,5,0.0,994,0
c1bc5e8bce35d6b195a2f023eedc84f3,0,5,4.767580452920143,839,0
57567ad1bcbc2bfd2b9d01d8e74757dd,0,6,0.0,1031,0
fdef32214699ddbfdf7945236259e743,0,3,4.938271604938271,405,0
2f6651ec9ea231df77c5078d3d0efac0,0,1,0.0,295,0
815af1b083f790653cb5b2db36fa2f04,0,4,3.745318352059925,534,0
ed07290f5fcf00fde97c2986346e54d5,0,3,5.555555555555555,540,0
8c849cab7312bb7086df795926307c3b,0,6,1.1160714285714286,896,0
62491a2286c5f5c23b6984ef319458c4,0,4,0.0,436,0
0ef17d806c8c63619366973f489a9681,0,5,5.578800557880056,717,0
1f0e26c891d1e8788b3c67c7db828c32,0,3,3.3783783783783785,296,0
8e3a5134abad6d3e36f2723d3734ae63,0,6,1.3071895424836601,765,0
93bf770fe3cdfd3dec4a8eff97cd0032,0,5,1.1299435028248588,885,0
cb9b1497d44a86c11084a96d05d15bf6,0,6,2.4242424242424243,825,0
fc769badfcfe4fe49d6437785c86fa15,0,5,7.122507122507122,702,0
815597a413b4ec8b1eb217b9d1eb087c,0,5,8.880994671403197,563,0
4eb964b0f9c9f1fcec1f2789f06a83bb,0,4,9.06344410876133,331,0
e9aea816629ef9314bd2bf7810535024,0,4,3.5778175313059033,559,0
b173c3799bd48e7b3e90a668000ff07d,0,3,12.631578947368421,475,0
f8a0a88601b6bf8709e4fec531f98269,0,3,0.0,386,0
644acc9115e1dfb2fe522e29766c2ad8,0,2,0.0,274,0
eab68b40f1f99f294faa36bc5e280a96,0,5,3.9292730844793713,509,0
d7f3a5093f6805e8176e06d49a047b12,0,3,0.0,595,0
60789daf9d8022ef295afccdca96ece1,0,4,1.1376564277588168,879,0
dd133021456076094ad7937171959054,0,5,3.1055900621118013,644,0
55f6e11488c6a6402ca59330569c1e33,0,5,0.9970089730807578,1003,0
792ca9147f33090750116df091ee14be,0,3,7.915567282321899,379,0
1d175b1bf49bb6f563351c622369ac72,0,2,8.620689655172415,232,0
d49df296fe4a02e070e4605d30912e38,0,3,0.0,894,0
44bb4a202462cf033e8ea02754d03089,0,3,4.166666666666667,240,0
5ea55b30093d0a50efe9361fbb6c7e68,0,5,4.830917874396135,414,0
5422931990c2dcf2d9195d51ebdb2756,0,5,0.0,546,0
b0eff379434963a45379c89ff75928c6,0,4,0.0,512,0
9e93e0560c004b1ec1786f51f5ea84a3,0,2,0.0,205,0
41b8e8df57d9145b0a51ec32128fa3cd,0,6,0.0,835,0
880f6c4cd588b0205f0dc019d01b2694,0,5,1.550387596899225,645,0
c8f33a42ced503ced937d1f2651c4f72,0,4,8.146639511201629,491,0
ae84fb038b6f22869a9c8e2a7d09663a,0,5,0.0,645,0
14007b316c99c3769fb58017af7ded38,0,4,9.30232558139535,430,0
cce78481897b1166486f68aaefde739d,0,4,2.331002331002331,429,0
fe2731d5f8d13e64c8087093199b1748,0,3,0.9784735812133072,1022,0
9fa84ba0b1ac9b0fd83fdefacdc9b042,0,3,3.252032520325203,615,0
98ba9ef2803b3eee0fccef8a613e69c1,0,5,3.4305317324185247,583,0
8eadb452d653be3ed0207ccedd26e19b,0,4,2.7472527472527473,728,0
1da5ac50cfdd3b218d3ff86b41b4432d,0,5,3.0832476875642345,973,0
70b72892ad187822d500f0d0fbf62b57,0,5,1.9305019305019304,518,0
9feb252bd901c1e794394b68389d36d3,0,5,7.067137809187279,566,0
fea7379286aa481c5a2e46d143f312e1,0,5,0.0,557,0
12abab639dbae9cbe5185c83bea17333,0,5,0.0,518,0
ec74b6ff7a5c521cd81e912e3fb3cd3c,0,5,5.415162454873646,554,0
4c28f0a15cae22659c26fae8afbe088d,0,6,4.424778761061947,678,0
2f2ad979fe0a8285d9a7486cf6c2be7f,0,5,3.4722222222222223,576,0
edcad902f4d6bca0a7f83456fc766107,0,5,0.0,629,0
a462841b91820ca19b066377beac2742,0,4,7.6923076923076925,390,0
284848575158651979524e33e5f0bb2e,0,4,9.242144177449168,541,0
f629a543af406416f967bcd2d71e5e0d,0,3,0.0,305,0
c51b5fd1c9aaefc33764c8c0d7597ab7,0,3,3.1746031746031744,315,0
d451c7638f8cc40a937ae5c446cdd879,0,5,3.838771593090211,521,0
2db7fdf975f66f2de705e20310277b04,0,4,4.184100418410042,478,0
7900969848d06358c5864868414ebab7,0,5,1.4792899408284024,676,0
47c6e9b39ed3582442dd935924319d4e,0,4,0.0,485,0
23c2f996988a7b6c05579da3c396fe6c,0,4,0.0,501,0
955557c6a732a45be52a3db0b01b3308,0,4,0.0,621,0
d15bef3431d8b2b3656d876c809b132c,0,5,1.3245033112582782,755,0
17b4ae56384bedaacda60817db92f153,0,4,1.2919896640826873,774,0
9d2164a9b28d9bfd8b9d59578a7d5db7,0,4,4.68384074941452,427,0
02922e0408602d4c6c3902878b885648,0,3,0.0,447,0
ae0b0f6e76d2ad46b208e332f51d1af1,0,4,2.2573363431151243,443,0
daa54b6969f9423bf219867af767a221,0,4,2.320185614849188,431,0
febe57a706e77abe5b2df0681455d83a,0,6,0.0,831,0
d0cce145d45f05784982a78df6537d7a,0,4,7.0754716981132075,424,0
25fc2d33b23b3be6d85f9b76fc663173,0,4,0.0,392,0
f451c328652d5a5dd98b06e4a0597f44,0,4,0.0,472,0
551b303694c1fdd17f98bd2dcdcdb0ae,0,5,3.0959752321981426,646,0
edecb056a54515d1f7800c12a976c5ac,0,3,0.0,307,0
414c1e0ef107ae95d54901f8ed6ba18e,0,6,2.044989775051125,978,0
0e6d3e34a0a032d7eaa3256ca4ff7da0,0,5,4.143646408839779,724,0
692e57342e43298e6b76b82792f288aa,0,4,4.25531914893617,470,0
30dc45a57abc3a76f6aa9d3e8dbccea1,0,6,2.0964360587002098,954,0
fdd8633e32b25f67a75c43ec7c28af34,0,4,6.230529595015576,963,0
126303e5f9602e060f715869017f5bca,0,4,0.0,424,0
4e2b5524de0fa464eecb9e425b388eec,0,4,2.7739251040221915,721,0
01685a5fb72f9a2434c952efe82dd304,0,3,0.0,275,0
5fc985b19f749555a48ad73a9a64def6,0,5,2.380952380952381,420,0
4dba55e0ba4402bc66798797d628a505,0,5,1.9920318725099602,1004,0
3c03d9e4e947d5aedb9b3c498956c3b1,0,4,0.0,470,0
c22d4cd8ab4c6d84af8c53052947c318,0,4,0.0,490,0
ba4e42a1f65a8479093539378d41acec,0,6,5.056890012642225,791,0
f119a6a180a88cfabc9e88f92d636db2,0,5,5.3097345132743365,565,0
51d5e39f58f4fb47fab32f7b3ff73b8f,0,6,2.1253985122210413,941,0
b2d84135cc11005200595b88296f10a9,0,3,0.0,410,0
d862574fd7444dff80a985d3b1ceb9bd,0,4,0.0,414,0
b46825006f19d139284ef667bab8834f,0,6,1.187648456057007,842,0
139ae0a770577088b861a8b0a6296075,0,3,2.159827213822894,463,0
7a942ce3d8325fa0d90aaced2900a0e7,0,2,0.0,319,0
d549df2b22e797e68444e0f95a4d9ba1,0,6,1.0706638115631693,934,0
867c94e45c06218ff616faf3f92acee6,0,3,3.4602076124567476,289,0
8abcbe6d995ecd86cbbae123cfb525d2,0,5,7.256894049346879,689,0
628ccfb0f4429f1225242260869479ee,0,3,0.0,243,0
7a872c9ec893615c7cf6b8fa85f3acd1,0,4,8.305647840531561,602,0
4e88020d60b3de53bb6d2d4a94e75f4e,0,3,10.909090909090908,275,0
f770b6f153a33c660ef59b3f78aa5010,0,4,0.0,388,0
0f88a42a65e9c023870a49e32830a659,0,4,15.83710407239819,442,0
0439ef2ab1b85235e8cd32140f3f51c1,0,3,0.0,386,0
11bd4cfdcc8cd729da778d95dfeb6c34,0,5,3.278688524590164,610,0
7f7f36dcad434ef8328a51b4b681e1f9,0,6,1.1160714285714286,896,0
298358d23e83c043c7984329f3bb549e,0,4,1.5432098765432098,648,0
5e2a930a74ad481880a55458ab690b19,0,5,1.5748031496062993,635,0
d0911baa1c6eaf9fcaf25cf609a6a6a8,0,6,7.337526205450734,954,0
339106b93312728bf58407b4f99bc4c1,0,6,4.457652303120357,673,0
98cebb6a450c060314c390c962431c03,0,2,0.0,290,0
5ba59f5022b3e16185fa1da84658422f,0,3,2.1367521367521367,468,0
bbe2b3926a371cee29bf0cfd6e6103ca,0,3,0.0,351,0
2ba57cfd7d11aec523e16e156507ffc6,0,5,1.6835016835016836,594,0
ca5cd1e939b012f3b227d8005d0ffff9,0,4,0.0,411,0
c7fc6caff356f259f287c08ebe87e5fc,0,4,2.3529411764705883,425,0
2d3f3187d18501ff39fa672d5c31bf23,0,2,0.0,536,0
80b560a2beef54b26443d4a9eb435c37,0,5,2.8011204481792715,714,0
5fe6587052879d654d621a4fc409a765,0,6,1.5015015015015014,666,0
a731ee19b93af105e7bf9755603f8b15,0,3,0.0,333,0
ff46f9bcbb948e5f69174755b43f42e7,0,3,2.6666666666666665,375,0
8c25486bff025b442af7208cf6c97bad,0,6,1.297016861219196,771,0
5e608d74a2d4adb47158e0b11766277e,0,5,5.069708491761724,789,0
0e3fbb452e1d74d8ef78ad99ddf2fb38,0,5,11.570247933884298,605,0
44a2d0a75792695f07726afa789cada7,0,4,2.262443438914027,442,0
0e5d55f96fa64633af3e8f1c13637199,0,6,3.4722222222222223,864,0
adf5ec462ef19ecaacca17032241b276,0,5,0.0,508,0
b2ba2cd27e705b30a4c448993ff91575,0,5,2.998500749625187,667,0
37a8710498830c8df8460c6ca96b1de6,0,5,1.2594458438287153,794,0
04e2513498713323481bb6b82af7806e,0,4,3.4602076124567476,578,0
ee5b10cd1e53f9b1f80bb17c59f0f762,0,5,6.0882800608828,657,0
52d89ff87887e2c76daa33aa95df703c,0,4,6.8493150684931505,584,0
4b1c8d33ad72a36d3c03dbe77d44cd0d,0,2,0.0,191,0
9a6d370f0386c313c8853262fffee56d,0,4,0.0,366,0
abb6f389f82357c4b4c4986a164d2e59,0,4,1.4064697609001406,711,0
3a180c327f5acea05c422efa075407aa,0,5,7.763975155279503,644,0
05d3dd9bfc8af636234083df1b0230fc,0,2,0.0,901,0
5ea3fcf980d128c5b43dec73ef21ca37,0,6,1.0548523206751055,948,0
81374032232b929bfc45d70f691ae842,0,5,3.597122302158273,556,0
e41c1fed676c02b4716b24dca8625826,0,5,1.7361111111111112,576,0
d9a2f1865c35324b5ebc6576105d94b4,0,4,3.952569169960474,506,0
36ccbaeace2d148959225de1b04232c6,0,6,4.754358161648177,631,0
dc4f1208513754f6ae45c4474290320e,0,3,5.802707930367505,517,0
29a2fe265cef30814f2316e3b65254b2,0,3,0.0,276,0
472002bf03e11879c09441074b2fb588,0,6,5.2521008403361344,952,0
4347744e0ebfae7928ec16b41eb7d10e,0,6,2.074688796680498,964,0
674b4389dd1956757bc88a51f3b3a58f,0,5,1.9920318725099602,1004,0
38909c8386e8d553e176208550af3a42,0,5,0.0,608,0
142fe93be6952f9927f7309e2568a5e4,0,4,0.0,392,0
26a7d04a3e38a46b4d01e5fb37949689,0,4,2.288329519450801,437,0
f46105ecda6ff68b3f7420ab830b05a8,0,5,5.681818181818182,704,0
b814368bb175f3f8cdfe5cc6e3a186b1,0,4,2.7739251040221915,721,0
1043072ebe80b80098f3951ed0d5302c,0,3,1.834862385321101,545,0
5b7820ad9c808e89007a50263d8a0873,0,4,0.0,547,0
99951103880d3e33c9e3f58c20255f5c,0,5,0.0,753,0
8966445a53d7f1285829738788359571,0,6,6.550218340611353,916,0
d3ba593baa30c09264402f479b7da89f,0,5,0.0,657,0
674d7e3b400e5e2dcd1d5056e013db44,0,5,3.9318479685452163,763,0
ea00871b3a5c88fdf4f81e32fbc5c6fe,0,3,0.0,377,0
ad8ae9e1d93070f45be471eecf08e009,0,6,1.3477088948787062,742,0
88fa83f16d7e4ff1a9b3db959a50a598,0,4,2.5906735751295336,386,0
9bef02a8c366acb58d1497c8fdff6add,0,4,1.4792899408284024,676,0
f2204495c92f1b2dbc8f05ca02f5d87b,0,5,0.0,650,0
c3c7e55a27825270fe23eaf6dc3baf32,0,4,7.561436672967864,529,0
ba2e7caa2ceebfbf52be7d4553f086ca,0,5,0.0,562,0
0005c16c331fdd1e7ef3cc5a3618f6d4,0,4,2.816901408450704,710,0
a29070adec037edb116e2f6508f808d7,0,4,2.192982456140351,456,0
d787ad32d8406e3af8899679232f822a,0,6,1.3089005235602094,764,0
9349f6b5b639ed7efa85735b9613c01b,0,4,17.54385964912281,513,0
61941cc1bf4cef635c7b4cdebdfd9852,0,4,0.0,603,0
f181303d7203e9bf51cfd290c7e21c97,0,4,1.8115942028985508,552,0
a4ba8c47192d8972eb4d0b981313a2f6,0,5,3.1397174254317113,637,0
a0f999084e9c54308bd33c199c26e5b4,0,3,0.0,493,0
89012bf3e6587591b3e12a0bb8ab2b96,0,5,0.0,611,0
12cb91d4c9b2279751b776d709f72e79,0,3,0.0,278,0
32c0ae34e47f5f3ac26ede53091d1112,0,4,8.064516129032258,496,0
6ca24232109406f552c1c96950157c3e,0,3,0.0,1053,0
413c8af90a238dfba5d504b84bfc76b5,0,4,4.301075268817204,465,0
e87b2ffb23c4e7b40c7726f16e578395,0,3,0.0,433,0
0c383722ea4958e754d03d72e46b8d2d,0,4,1.838235294117647,544,0
d090606950059595fde1167eb1cf9c03,0,6,3.34075723830735,898,0
8bf8c55d3c99ee04dda52f4a3a494029,0,3,4.246284501061571,471,0
54b6f2dfce40fde714923f9603246a40,0,4,2.9455081001472756,679,0
035e8b57780785cc263bc15ad88d2e29,0,4,12.121212121212121,495,0
5684572bc8e7c2115ca1c97b60707e65,0,6,2.7247956403269753,734,0
e7d36a710f36a6ad345c3d10b9b7d26c,0,5,5.7251908396946565,1048,0
cd873ac8d018eaba758390bee27b1789,0,5,4.366812227074236,687,0
1da2dfaeb9e8d3a6210fac6ebe469ca4,0,3,0.0,392,0
34f32c30ad7d1317066bb1da72f9a4f3,0,5,1.9305019305019304,518,0
e0a106af6d5ba3c797c45d530af3d02a,0,4,0.0,495,0
42f152e0a4b85a67a9b9e60f3951678a,0,5,4.608294930875576,651,0
c60c1c50041d7d1875e00ff67a4845d1,0,6,1.25,800,0
c167afa8ede203febddb5e1a907e2a6f,0,4,0.0,541,0
954b788c4c8d0b1acb5ca70f1f66dc9b,0,3,1.5151515151515151,660,0
4cb06639c15985182a674300b0b99494,0,5,5.272407732864675,569,0
ab3f7e629d17fd69a5c492f828795d1b,0,4,0.0,381,0
e1f470b2c08b195df937aac8d03a71b5,0,5,3.3557046979865772,894,0
0d003885350a61f44919a3d4bd1b4d2d,0,6,0.0,769,0
cb20b95a1a9e429767c72f82f8028ed3,0,4,2.207505518763797,453,0
115b29cd74238b17fdc67aea7521e03e,0,5,18.91891891891892,740,0
760426f161518597e6b36e0b15b16e65,0,5,0.0,815,0
c32c936fe8b59706ae6f57cd20582442,0,4,5.05050505050505,396,0
869baf8ef8565e91ff28689c60041f73,0,6,2.0470829068577276,977,0
9401835d3e42c280639ac0b249dd2415,0,4,0.0,344,0
8f5a2f46a7924a09bf82444912175701,0,2,0.0,257,0
8e480c24f5e96a31f14068249afc1d22,0,4,4.316546762589928,695,0
5541210c4d89dfdc1bcabd0802141253,0,5,2.070393374741201,483,0
be6d264890b55f59962fc2add10cf35a,0,3,0.0,334,0
86c71d68650b6a6f6fdff77b099b5c0c,0,4,6.550218340611353,458,0
667af9c1cf2146906568bd44eaa93ca1,0,6,10.08827238335435,793,0
426277dafb4fb8991d27d0143b408820,0,3,10.152284263959391,197,0
af3aaf4b424d5169014c2df4ea4488cc,0,6,4.322766570605188,694,0
cc2ef643643e7f1d0b659a4a21a28bb5,0,3,28.125,320,1
a55ac5dec8164c5a75b0056c76770c45,0,4,1.9267822736030829,519,0
1f20947cb01972764262231f3bb18972,0,5,3.56718192627824,841,0
4ca556a07267838474f82849d2ddd4e9,0,6,7.052186177715091,709,0
b333646b36dda3d2987b648ba707e643,0,6,4.592422502870264,871,0
77c1ce8eb12b1d552fad93bf139846e0,0,4,2.5188916876574305,397,0
2d3e46941008013a59146b2ceff2bed7,0,4,0.0,400,0
6aa6a116bfc98c30c4a07271d0c58ee4,0,3,0.0,211,0
9e6e6f1d8978a05454017dd7847cb61d,0,5,5.9347181008902075,674,0
c7c956cddaa565aabca101d7b28f7f31,0,2,0.0,244,0
dc8e5331e6ecc3fa8dea7d8c4cd234b4,0,5,7.0588235294117645,425,1
adf2f1803d0a4c913fb13d42ca21ae0e,0,4,5.181347150259067,579,0
9ea2343e7f17d603bf5de17c5908a6a1,0,3,6.968641114982578,287,0
a51f66dda7266ceb40f3167047bd6c16,0,2,8.064516129032258,248,0
4a6516cc9b08f81fc97017e0ac9eb4c0,0,6,7.675438596491228,912,0
f09724288784ace60c50539f4c003fe8,0,4,5.376344086021505,558,0
d26211b7d60e2ce494955b09b27da673,0,4,10.909090909090908,550,0
1de668b2edb17779d704ea80af6a2b7b,0,3,0.0,257,0
a183b89137503abfd496c9f0105e1a9c,0,6,6.134969325153374,652,0
2433794d835c146efaabbd519ca802db,0,4,1.8050541516245486,554,0
8ac2f23eaaf9bc702fbe6934e8d23c43,0,4,2.3640661938534278,423,0
36b3f60044fffca6f35211715ff3009f,0,4,3.6363636363636362,550,0
bf53f88b7d5c9d70e3eb65768af82136,0,5,3.8071065989847717,788,0
37ba9f7d4d6037fa3ea3e18e6dbd158d,0,5,0.0,489,0
9613a8c5716ade78817f596deca41d0f,0,6,2.237136465324385,894,0
8ec519db59cdd3c57be72d4bea7a54b3,0,3,2.73224043715847,366,0
e518299a20d3864cb5caf12870159485,0,5,3.6496350364963503,822,0
689edb7318b560c7bca68293e598c60d,0,5,6.8728522336769755,582,0
76fe2a43a51c67bd2c5c4b953f0c2622,0,5,8.244994110718492,849,0
2a4b2dc4e51428a42562b821901b37e9,0,3,0.0,274,0
7eded2f4ddb114562b2247dd053db644,0,5,3.527336860670194,567,0
83ca8291e04dae2fa668402545694e13,0,6,1.0050251256281406,995,0
72d5da4d563ff43afaed38d8ab369034,0,5,2.684563758389262,745,0
614a0ae9f87ae833df0b91960da75108,0,4,0.0,438,0
ba084f06781ead44e5c8252e29c55510,0,4,0.0,625,0
631ab1553438add148131d3958c98a78,0,4,2.4390243902439024,410,0
87df692821d7901cb811fea6969ded09,0,3,2.808988764044944,356,0
a5929b5eaf3e0453d4f387ff2e7c5027,0,5,7.5046904315197,533,0
abb755dc177cb5a5e5e4465c588c6a37,0,2,0.0,278,0
56740cf3f543193e1d73a9449379fe34,0,5,0.0,582,0
6dd9ef307759209755393097479266e3,0,4,2.4096385542168677,415,0
159a7b957a001666d84a7e3da8cfe24c,0,5,16.736401673640167,478,0
618bf6e035339984817a696183cdf060,0,2,0.0,394,0
c25bf0d917f1805be51e3a330adfe3ed,0,4,2.450980392156863,408,0
726e9a8656d412934594d9890ffe8d7b,0,5,0.0,809,0
f01da023cc2dfd5b4701a3e43202ba78,0,3,0.0,616,0
7730b9a5b0499ec90aaf631771036bdf,0,5,1.4619883040935673,684,0
0ea4a5bbee9c7e62a902e2a0ee69e258,0,3,0.0,363,0
2b5337a08ab1a336e305f260cf3ee5be,0,3,2.9940119760479043,334,0
c80e60802dc35910d11296f80e6763ce,0,4,0.0,354,0
911630b8762476d2292b5aa08329f5ee,0,6,2.3980815347721824,834,0
16d5dfb791ab1077c745f68cac1d18ea,0,5,0.0,686,0
016cf13fe597a483685444557b79a237,0,5,0.0,736,0
28887513cae854ab3cdd8f97d80815e9,0,5,1.6181229773462784,618,0
2a326b3aebf949ece80adb9a51506bde,0,3,7.8277886497064575,511,0
d2d53a627a8ae1abd983037a0bf331bb,0,4,2.4271844660194173,412,0
bd6f45444a4a9af3759ba022a9b9dd15,0,6,0.0,704,0
dc4d52ae7a02d9bb699deca337ad694f,0,4,2.304147465437788,434,0
2245aa7f81ed834468fc816a74333bf2,0,4,1.6556291390728477,604,0
d08583bd9ee6a6868c9592e5ef3e3076,0,3,0.0,477,0
ca870694fc5230a1417fd65b69cf957b,0,4,2.197802197802198,455,0
812e713f0c5e97ac9424e1ec97697193,0,5,0.9970089730807578,1003,0
c2e0dd9ef6bb75e4c9fed4603ce601d9,0,3,9.090909090909092,330,0
88809091331783648b87299297fb3bad,0,5,4.11522633744856,729,0
b130c6dda50b2b5c011b34330435e0f5,0,4,10.273972602739725,292,0
6f1f81733447cbf74b70adcc8a80ce5c,0,4,2.0161290322580645,496,0
be16886f2c35c28f6ca9656c0c675ef4,0,5,12.589928057553957,556,0
3ef5a99a639d56d825321c1e4ab443d7,0,4,6.696428571428571,448,0
590ecafd7342abe4a5e523e543d12d17,0,4,11.204481792717086,357,0
3ffca3094df924aaf33194de3d206929,0,5,0.0,887,0
fea0d50f1e48214aa59bebb539488efd,0,6,10.204081632653061,784,0
c0a5c575c48a9dccf6951f3e53b96c05,0,5,14.492753623188406,483,0
e872d6d02b06ad21cf3bdda9d39be556,0,5,3.3333333333333335,600,0
8f586786318388facdbc591f6c48e3e7,0,4,0.0,489,0
4de56b9c5651f5d8cf899ac3f0f6abab,0,5,1.4771048744460857,677,0
8b7ec367cbc6936cfd5a0a057d54b25f,0,4,4.264392324093817,469,0
ac58275cf424a9ab4a32845556b2cbca,0,6,1.0266940451745379,974,0
38ea14db04ee4ed52d43a19e659045e5,0,5,3.10077519379845,645,0
5084aa16fd0b7d00b083bf8feba1c951,0,4,0.0,296,0
8d510315a6e5447dd7f5ce0922c8124a,0,6,3.0349013657056148,659,0
4cdb422fb343f7be80ef02414ce0179b,0,5,7.352941176470588,680,0
0f84bffa50ed7ab8f2a74bf477382347,0,4,5.319148936170213,376,0
f208bbb1d225b657f2ad5ab1e922da6b,0,4,4.065040650406504,492,0
a286bbd92336a3b0a868a5fc78b39a80,0,3,0.0,1034,0
94153e920aed9e71c582f1e974da64b0,0,4,0.0,321,0
5ceedc087b5a04f3c22876a1cb2adaab,0,3,0.0,259,0
e96ae01053ef73da18dc251be5e508cf,0,4,3.4602076124567476,1156,0
f580a0416e3ea36f00b8bf919190f415,0,4,4.098360655737705,488,0
867512e8b5a8d8c9503827f409ec9c33,0,4,2.05761316872428,486,0
57660d2e1f1aedaa5e780e87b9a78a0d,0,5,7.987220447284345,626,0
18bfcb0ebd95f909da6599894e19ba41,0,5,1.557632398753894,642,0
49e4b5cac9fd55f150842b49f49d4aa8,0,5,5.689900426742532,703,0
4548a595915b5304ace19beb1ab54063,0,5,3.003003003003003,666,0
c8431e5770b7fbf1f604a06622188e01,0,6,6.157635467980295,812,0
cb521f7f6f46681be7a5a52aa0245eb5,0,5,3.780718336483932,529,0
b467f58a956d962709faa19311b2edf3,0,4,0.0,446,0
dbb481da7119a1a18ad9aeac4bcac9dd,0,4,1.1098779134295227,901,0
150dea85565ef3da438fcf2e40e71f14,0,5,0.0,715,0
149bfdc08abcbc71bf3ed47faddadc80,0,5,5.405405405405405,555,1
a1b66dd3fa0adce1ef2dd8baa5c07fd7,0,2,0.0,257,0
6f1b49795159168e5e86e7ecf63e95ce,0,5,5.434782608695652,552,0
adaee213dd7833d55f8fabadcb93cb94,0,5,4.830917874396135,414,0
343f8d41fa04c1923c23f1b6b1ff861b,0,3,8.403361344537815,357,0
91ff9124236fc8f608efe1a5e952849e,0,6,4.273504273504273,936,0
892657f972f3662b16ceab1fc3fc5833,0,6,3.464203233256351,866,0
83876aac199d3c888df8b67d89af98fa,0,5,1.876172607879925,533,0
6bac11ed1c5f8718c4e304f433c245ae,0,4,4.615384615384615,650,0
1e02f341ff960cc4dc216301a6704e3d,0,5,8.665511265164644,577,0
b5b836dd2dee23b2dfc5d8cb80494ab9,0,5,5.692599620493358,527,0
6503037e50f4e2293dfa2704d252b874,0,3,2.4691358024691357,405,0
a0ba645281a3512fb3234fe8dc60184b,0,3,9.646302250803858,311,0
7db9ed2f1b368fd70e6dc03520eb0b7d,0,3,3.125,320,0
82f071eeb6e34438abc4536bcc6e4ccd,0,1,0.0,185,0
67a57d155689dc0398794cf0fef440f9,0,4,1.9047619047619047,525,0
65813c0b01c4a92082105df7351d29b5,0,6,9.162303664921465,764,0
39910164e2386ab60647ab61fe229900,0,4,0.0,471,0
c5afe12ba86f516d382a51cd488e1be3,0,4,0.0,362,0
9acadf9d65f072ab8a5bcdfde8e06385,0,5,1.3679890560875514,731,0
8a89dfbd7f9734a91efbbe196e5a34b1,0,4,9.765625,512,0
0caf68f74a95c8e04df4dc380b77e610,0,5,1.5600624024960998,641,0
bd9734ad31aa93d476614db70553205f,0,4,3.656307129798903,547,0
515564966c5b3d38f39700cfeaab0442,0,2,3.6231884057971016,276,0
09e7b45135fd622407df2368e24e2a56,0,6,3.6275695284159615,827,0
30df1dd456ffd5e96f7ca8c9d2ea5d2c,0,3,0.0,381,0
29ca75dbd1d5e8ec8844bda36006b3db,0,3,3.0211480362537766,331,0
4ba62fe659ce3c5eb27a8cd6432cc95a,0,6,1.0660980810234542,938,0
4945bab3ebd1fa7ef71eee6df7d1c713,0,3,0.0,570,0
03dce008a10d7bb6d7b152e22b59b229,0,5,1.733102253032929,577,0
91d0637e21d9006d406633ffc7308e4f,0,3,0.0,274,0
ace0465ee2d1638d3ff7ebd243a76ab2,0,4,0.0,584,0
40b7597fa470fe5d021175a4753438ce,0,5,7.215007215007215,693,0
c426319aff96a613df365f45822d3b8c,0,2,5.063291139240507,395,0
2f36bf498d0b235c40e6a6cb57b29e57,0,3,0.0,474,0
cfa5f8185365f528c0b6c10461e90267,0,5,2.4096385542168677,415,0
fe79a6001fc713f652c837e093161b7d,0,5,2.004008016032064,499,0
4515cb01b57a4a45766cf3d1886d8ba9,0,5,10.432190760059612,671,0
98bdbf3e03318dae00d205746b22668c,0,5,0.0,680,0
9b20a36bb235b15394272b519a7376ef,0,4,1.1111111111111112,900,0
1425603f529dae078628848b918925b3,0,4,0.0,292,0
fa93580747d26afbfae6d5eb5a78c315,0,5,2.6595744680851063,752,0
ed97a094e2453b079b2507ff4cacbe9d,0,5,4.166666666666667,720,0
9f0d2f6b604ec5171f027b9ce964074e,0,3,2.9585798816568047,338,0
97cdd311d8daad1669833e9fa2640217,0,3,11.450381679389313,262,0
df7815657f4a94f7da8e2ef883d52e35,0,4,5.0761421319796955,394,0
871dd786957a4965a7dc7e27276f32ad,0,6,4.990019960079841,1002,0
5a92c3f39c0dc70d28362660b5bf30bb,0,3,0.0,532,0
ceab62e140d61fc45cb79d2d143cc412,0,4,5.405405405405405,370,0
6106ca1804e399fd1e263e72d7c6adfb,0,6,4.716981132075472,636,0
ab95760db373ffd675a8e7d060a3d50e,0,6,2.805049088359046,713,0
102f510f8b17e721a88f89d028aa7b80,0,3,0.0,417,0
24fb69b65e6a316c60c2ce8998928c96,0,4,8.98876404494382,445,0
4fa48632cc289a75b9218f96097adbe3,0,5,4.777070063694268,628,0
faf57415337b2f992ae99c8105c34e44,0,4,0.0,353,0
1137acbccd815c6c534c5440694c0917,0,4,2.237136465324385,447,0
d5a6cb60999214fa7763ddf9a306ff5d,0,2,0.0,284,0
305080a3aeb8c2514060f6905bd0556e,0,3,3.1746031746031744,315,0
ff83ac0066e058ce54c35002f7bb31f7,0,3,0.0,281,0
716a71829395cacfb1a65128294333e8,0,4,1.996007984031936,501,0
04bd07731f276d5b756b262fff4e0ee2,0,6,0.0,793,0
b69c99063de3ca82064fea5b73413f69,0,6,1.019367991845056,981,0
4186477a027945560fad7eda4c6e69d7,0,4,8.403361344537815,357,0
aa315f4fcd1746e819ad70b669d88fab,0,4,2.8612303290414878,699,0
d926c8137f9029cdb8a901fd75f25068,0,5,0.0,1040,0
8d05432d3c8b5497db29f2d7b0ba0239,0,3,0.0,264,0
3f3e0830f9483c65e9a3640bcbc69884,0,5,0.0,543,0
abb566bbec34d883e68324bb243e0088,0,6,0.975609756097561,1025,0
35abbf06700d9b55bd3561fff595b662,0,5,1.697792869269949,589,0
d156dff6cb182b52e96fd77219b37ad2,0,5,1.6260162601626016,615,0
1ee7befd36cef046246439ddb2ac7fc7,0,4,0.0,436,0
dabdf41fdec00c6f06036e3715a8df22,0,6,7.132667617689016,701,0
a956550108d8ad70720550037b56e387,0,5,1.4124293785310735,708,0
53d30e315566b1c0a9a96d622feceb0c,0,5,3.676470588235294,544,0
808fe334f54bdb6c225848847ab72fac,0,4,6.3965884861407245,469,0
219f0c1871695f17b4fd514744b03373,0,5,7.342143906020558,681,0
454adc7f6b40aa20066ed6d25bb40c7a,0,3,0.0,720,0
8980c88bd718317e1a4525e5b4193a2a,0,6,7.204610951008646,694,0
5d669425038b90ea2285ae9512b25aa8,0,4,5.037783375314861,397,0
de058233b710b5928531c78821f28d7b,0,2,2.336448598130841,428,0
40a42e2511933e2f7eac2af3ee9251ff,0,5,1.2254901960784315,816,0
ab457170d0fe1696a37820e0112f707f,0,3,3.225806451612903,310,0
7ca9e57dfdb90cbabccc8528734fca6b,0,5,8.741258741258742,572,0
ff66e697b8506db3d2a40b98ba51eeec,0,4,9.975062344139651,401,0
b84f6f5ce1e9d11eefb0efc5a03fe3db,0,4,3.8240917782026767,523,0
55e4c040f70192e6328e9d7a3f85ac4b,0,4,6.666666666666667,450,0
3a1e9eeed11e5558cbd7425813703456,0,4,6.198347107438017,484,0
a21fb45f4cad273475e703ddad93bcc1,0,5,4.0,500,0
25cfb8ca2b413ebb9a9bbfb06ef24a2a,0,4,0.0,496,0
fd9aceabaf3918f7335d5ff4a313b22f,0,5,0.0,640,0
ba41d88b03379752810791d597d3b5ec,0,5,2.2573363431151243,886,0
5c23f5c2451c0a5bddd91a3ee6f0d3a9,0,4,6.912442396313364,434,0
9e47e99728b1e8662ef3c681aeaa27a8,0,3,0.0,303,0
237319a6d3d154f8e9968c583e918c18,0,4,0.0,429,0
f57c95fa700e884269cae94f27091e67,0,3,0.0,274,0
31ad4e3183b25bb74b771df0835e6eb6,0,5,0.0,559,0
8981f6757469414b18588dc5830fa3ba,0,4,4.25531914893617,470,0
f0c7f551287d6bc4cab691834234307f,0,5,1.3386880856760375,747,0
6c63ac379a0b7676e0020b6325750f42,0,4,2.1459227467811157,466,0
0f398e13adb0ab62acc334f26623f823,0,5,0.0,771,0
3964ff8529485487d06a5a67a266dd86,0,2,0.0,233,0
0820ae4bdded353e0b02c3d180a55d97,0,5,8.213552361396303,487,0
c029c67572cb9f5a023e056d3b7b2434,0,5,1.4749262536873156,678,0
a196c47922e113f066b0e42cfcd3425c,0,5,1.5105740181268883,662,0
28d336e926badfce4a3e72cbc0f063c7,0,5,1.858736059479554,538,0
d1fd904d782a88bcbfcc1c60d22e8a5b,0,2,0.0,273,0
6b8148ff3d0cafc3f5ab16da67e9616c,0,3,1.7482517482517483,1144,0
f2d51693c63e78682621dfdc4e9b92a8,0,4,0.0,335,0
a28a81c87969b42da77b044eb57a9fd5,0,4,1.7123287671232876,584,0
f87cea564ddbbbec4c757ab9adefbc54,0,6,2.1367521367521367,936,0
0416d24dad357b4b9b8090570478dc3e,0,4,5.714285714285714,350,0
e2081e910ac72e04705456d1f1709e15,0,6,1.037344398340249,964,0
9355257672534e99085759d73c6b81a9,0,5,0.0,715,0
450f40499febd4e211ceceae3d9ddb6d,0,5,1.3888888888888888,720,0
c27670be168a1e8c27fdc94c418f292c,0,6,1.0256410256410255,975,0
8a07b059bb571354b726262131b3ec28,0,6,6.7114093959731544,894,0
2ed897d64f1d5f40f428e9632d4a67a6,0,3,4.854368932038835,206,0
d036f883ff5e491cd1ccb4f60fc5e1f4,0,6,3.009027081243731,997,0
4eaa73c5e420cc1f12ac694d81283b5c,0,5,3.676470588235294,544,0
8efc4520c8cb0121d5e6b8c47a052c63,0,4,1.8832391713747645,531,0
b12b64f7886cbf1ef9823c135224566b,0,4,0.0,834,0
95e932ba8ef23e5ef8bb8f468cea236e,0,3,9.803921568627452,306,0
8e721d24b1a65637ce9dfff03c53c2bf,0,4,2.6881720430107525,372,0
0a710c2979806858905de14d05c06e6f,0,4,2.150537634408602,465,0
31e57051644257b2603e689c0dd693a5,0,2,0.0,215,0
99132d0b0a389c0d23e630646ed6f4f1,0,4,4.926108374384237,406,0
ad6bff956595b12205f5ec601025e8f4,0,5,0.0,812,0
b998c5ba05c03a567c1ae89901b22743,0,4,7.207207207207207,555,0
8ea9c8a6913d179bf89413ad0f07711a,0,2,0.0,192,0
2885254d9ea82260653b1e41a3f92cc8,0,5,7.856341189674523,891,0
d8cf9b928567ddbc075c380fb9d9e930,0,5,0.0,777,0
908e5ff71037871e635b62a9681f6b56,0,4,4.914004914004914,407,0
8bf34a6e35c96335402036eb514736aa,0,5,2.5906735751295336,772,0
f2fa182d84a38980d234c554b42bc457,0,4,6.263048016701461,479,0
deaaf6ae3b7f36e765b037646cbc7435,0,4,1.4970059880239521,668,0
a3d8e84cbbb828d8d1e0510194b2f562,0,5,11.419249592169658,613,0
b1dc87e739fca311165bacbc5d0d036e,0,4,6.8493150684931505,438,0
5e4ad207cc3b1cfc4d7cb7ecd12bebb3,0,4,5.420054200542006,738,0
6f464f8a2f2c47d0c6c16a5871f3e0c0,0,3,4.524886877828054,442,0
1ad18d371b9e557baf31f4204200af8e,0,5,1.183431952662722,845,0
0cb74c7223beac4d29b6e2be6cab3aa1,0,5,0.0,606,0
d2a7584924f06dffd676247bbdfe1421,0,5,9.404388714733543,638,0
fa466d7114d3e357eae5ea1af7191f91,0,5,2.272727272727273,440,0
636cc014cf06e41fca29c8f525ce7746,0,3,3.3003300330033003,303,0
7f730620a62167c047430b5d83cd571c,0,4,2.5974025974025974,385,0
881b5de7eef1c84d97af309d3fc77f84,0,5,4.172461752433936,719,1
f223fc855e05801a3ec6461f47efbf2f,0,5,1.545595054095827,647,0
4ea28900c368f10c1af3e1c0aef20b81,0,6,1.25,800,0
791deddb327747201865f2da15374a9f,0,5,1.2468827930174564,802,0
2b30d6a7656cad0bde66fa9802783d03,0,4,2.375296912114014,421,0
079cbaeb2930d406d28c5a5ce86d6bcf,0,3,2.770083102493075,361,0
61057fb13d9710151893f71baba8b52b,0,5,1.8691588785046729,535,0
d48d47b7bbadd0200447ef18a6499684,0,5,2.7472527472527473,728,0
a1e6ee282f711e7f07129fbf7b153f77,0,4,2.0202020202020203,495,0
b03ad2fa8845ed87573052fa0c063e73,0,5,6.830601092896175,732,0
6858d99ad9961e299b88a07376d1e6bd,0,5,7.263922518159807,826,0
82c33d83cff002f197bb3494113fca22,0,6,1.122334455667789,891,0
0136c089c763fb0a3042cde15bc280e3,0,5,8.19672131147541,610,0
7308e5156303f9f4a914ba1621a4735e,0,5,2.457002457002457,407,0
29db0ffdf7fa24841034e647b5d3e1b2,0,4,0.0,358,0
4f3b9fd451607a710c0dc1a5cba62614,0,5,0.0,415,0
acc912f2c50aa1414d220ac919a22b4f,0,3,2.9940119760479043,334,0
102df24e5b8a35860b27f95fd41a6553,0,3,0.0,648,0
b9dd87b48714b8dbeb64d639f42615a8,0,5,10.869565217391305,552,0
2c318005d1555b075f3ca909f1b2156a,0,6,0.9182736455463728,1089,0
28c4e4bdfa0a448516a08290e5dc62d7,0,3,0.0,1065,0
3e96628b6e7193bbbf0ea2d24fdee9ee,0,3,0.0,799,0
ad37c991b8e362c7aeb2ee61f47178e1,0,4,1.658374792703151,603,0
be282560dfe98176a1f7686ce13f34d0,0,5,0.0,500,0
5680d198859e62b4e74a8d69ffe766bd,0,6,0.0,975,0
782ecf20e5848f3179310f1b3a1be044,0,4,2.032520325203252,492,0
f8698e6155a3dfc3ca904a4712ba42c8,0,3,0.0,429,0
0ad809f0ebadc1d571d96e4fc24f481b,0,5,5.30035335689046,566,0
0c44ad3f75cf11748e59ae4a0d38559d,0,5,5.7224606580829755,699,0
a4ec371534d1ede98c77721ccb8e7ec8,0,5,0.0,668,0
fd005d37e5e8652d4a19f832879ac85a,0,5,1.7361111111111112,576,0
38f076b16e8e93532508417c189b8400,0,4,5.405405405405405,370,0
78250fc71f12b0b3dc760092c74504dc,0,6,6.3938618925831205,782,0
5e01f394eb9ba4d4abe5f74e83f1c1e8,0,4,2.506265664160401,399,0
85f94cd2496a504fd9a473678e2d41e1,0,6,0.0,956,0
3e2efceae1fcb6eb9250f0ce95c362c1,0,3,0.0,445,0
43ee9e71f49ec87d83e3530d0f96e4aa,0,6,2.932551319648094,1023,0
88e09b67b892b6f677ed910a66258e69,0,2,5.847953216374269,171,0
224544a01b8349d0e5a5992425197595,0,2,0.0,609,0
9a2272171499d9035c4cd06eaf2d4ee9,0,3,5.376344086021505,372,0
2632b00cbf044a678d456718cc302dd5,0,6,4.938271604938271,810,0
1c4008ad1584b736632813f4744046ba,0,5,0.0,564,0
b54c19d13e6c172138754a1ad58b8566,0,6,5.033557046979865,596,0
8df0ea8d25c99dcef01707fa8a7ae86c,0,4,2.6246719160104988,381,0
609b53cb92116b506d90ce65416879f7,0,6,6.430868167202572,933,0
298a49168c13809c7f4fba47824a2381,0,3,0.0,310,0
22dd83849529463859bf4dd29d73e8ee,0,3,0.0,245,0
902b0000943ac1c6719c5c0eac4456aa,0,5,7.782101167315175,514,0
9f139e7c1d570d38675aed8a9e7655bd,0,3,1.9607843137254901,510,0
42270d6857ece3fdb158a3a829e9731e,0,3,0.0,265,0
49b0dd9316241ec9ea219baf209810c7,0,4,0.0,431,0
bb2a43b1bc1a9b892335475586c02c36,0,5,1.7241379310344827,580,0
495fde05b5f46073e95fd631ac8c9152,0,4,6.116207951070336,654,0
8e616daaf15c129baa9161d0b221bd34,0,4,4.784688995215311,418,0
b90d7b0c156cba9b1d42ab46bc5e3beb,0,3,0.0,414,0
744d2df14a72334d7de4c811b1014329,0,3,10.033444816053512,299,0
cd4bf1166a28e7191f7795ebd9e586d7,0,4,2.3640661938534278,423,0
89ee5ac714115fbdd7de47871f40d84f,0,5,0.0,605,0
5cd17f014106fabd40896ed16a27345d,0,4,0.0,346,0
aa5ddbf7aa5eb969bf9e6fad0c1cedfd,0,4,3.484320557491289,574,0
cd4101e5ee290f50dc19b9c014c69ba4,0,5,13.333333333333334,525,1
a47537387f69ee7083258d77f6819039,0,6,0.9460737937559129,1057,0
8fad2e0d2aac2a3ea786ab5d5895bec5,0,3,0.0,261,0
7e047d856d92bee1785811b421c2c5b1,0,5,1.7482517482517483,572,0
a1a5821adebb63fdcd6df3c5e3680ebc,0,3,0.0,371,0
f81839c25db00238bc9985eaab696885,0,5,4.160887656033287,721,0
4198694b2fa7e7bacc49331b1f743f0a,0,4,2.1739130434782608,460,0
e36584a241fe9fd1158c6ebfda50533a,0,6,2.1691973969631237,922,0
e94e5cd3a58e8484e16bef8e8d251b8a,0,4,4.640371229698376,431,0
88838a98c692902a3b7a64e024484fe2,0,4,4.830917874396135,414,0
3215a521c9d49d2f0bbbcd3d57f68e10,0,5,10.771992818671455,557,0
6db99bb07f821b7a85e50b60cf1ffb02,0,6,4.9504950495049505,808,0
b43adc13f4592f9213e975399e869c9c,0,5,7.704160246533128,649,0
ab83a352e81c0daa7bd97a30aef78bc0,0,2,3.7735849056603774,265,0
4e55de3f204af54d51d4851a49c0878b,0,5,0.0,576,0
97c1d8223eecc391888e0567b49f9f26,0,5,1.4705882352941178,680,0
eea9c37efc6fa668ec61680921c27b2e,0,4,5.0761421319796955,394,0
54ebf754ba82add25889470153847583,0,3,0.0,308,0
5e995f9d19613df4a5ca8ec3840815d6,0,4,15.418502202643172,454,0
661cad698908123fcbce13abf30d630d,0,6,14.3646408839779,905,1
6594a96d487026d91acd988ce522a23f,0,4,2.5974025974025974,385,0
37835663d20c46ed27730517a8b6800f,0,5,2.5673940949935816,779,0
a27865eb2c941f78c6f07bf719ad295c,0,3,0.0,331,0
454f716b9bd49ffb94a6601fd2a0df63,0,4,0.0,334,0
d0be94732a10ef82d430e3f5a97cd976,0,5,1.8416206261510129,543,0
7889dfc99855b103cbe4cccc20874119,0,5,0.0,614,0
d307d6845faedb8ef87329560bdd4e89,0,4,0.0,544,0
d25ca889cce58d99d0fff3158e90e862,0,4,0.0,410,0
dd6f88f3790ea1d4bd75572b79e2c3ef,0,5,5.9760956175298805,502,0
a2c4d446b0c5b6d682072d694bd3fe47,0,4,4.68384074941452,427,0
29b4352860c35e47560e49ffd9429a11,0,2,0.0,483,0
b116a2be27728fe6049edb396bda09a3,0,5,5.35475234270415,747,0
a0f62ad0b9e2a75db18de09b455d55e1,0,4,2.6455026455026456,378,0
cc943d071941f16be79ef6e0e7259694,0,5,1.890359168241966,1058,0
5c46cef563d23216b7c90f926b7368c6,0,6,2.8901734104046244,692,0
6359868d46afc5bfdc8b5726047028bc,0,6,4.094165813715455,977,0
5fa8d5bd58d92a78f3f320f87934a39b,0,5,0.0,742,0
01fc9f18b0def6ed837c4859e1b2bb41,0,5,2.0242914979757085,494,0
11e5366f466e46518cdf76588afeea0d,0,4,0.0,432,0
72d6e0811ab9655f3d655be4506ae3b5,0,6,2.2396416573348263,893,0
d73754672499f8f43f6c7788b02b99a6,0,4,3.9761431411530817,503,0
a979de9efe17e0f37e66585b10e3e567,0,5,1.5772870662460567,634,0
225ddc31a15eb5af7c66497b49d9e90f,0,6,0.0,846,0
e960cf71476925833d854a8ae8776ddc,0,2,29.22077922077922,308,0
755506c9b58cac4a82d782d3497d32cd,0,4,6.550218340611353,458,0
a0c2e5a087a2c65fccc4cca64fd9232d,0,4,10.830324909747292,277,0
35a5e6db0a4cc746454129a37eb0f47f,0,4,17.114914425427873,409,0
995874f9cc1b6e44556b7fd8d50841a3,0,6,0.0,856,0
6af8b696aaf7518fae0ecf38ea045afd,0,4,4.098360655737705,488,0
576cabd23b1b4b902ad795b8dff93d0e,0,5,2.849002849002849,702,0
46224b311a60f6fd53a6ba5a0c08ca4b,0,3,2.0408163265306123,490,0
8fc284fa86865713b0cb8f13b4c991fc,0,4,0.0,510,0
f1699c47d69e8d6b5376341508189e9c,0,5,0.0,740,0
73b79142368d42cb21a6ac4283872f58,0,5,1.5105740181268883,662,0
dce8987e3f3f477be8ddcabf8fe5398a,0,3,14.925373134328359,201,0
eb86b6fe4b947d1ca3eae3b33cc1bdc7,0,2,0.0,341,0
700eaa9bb8413cc847b68968da2715e2,0,5,10.165184243964422,787,0
4b2184c32c7e2b12702dd68d809466ae,0,5,0.0,631,0
73aa2777d4b418e1d115fcaa49dcbbec,0,5,1.8552875695732838,539,0
3d4403f60ab832fd0bfcae7b7589b43b,0,5,5.882352941176471,680,0
a40d9c2e98df2cd92df667d1ca503e5c,0,4,0.0,477,0
cab8fa09fe0dc2e7d35747afaf074045,0,6,2.9895366218236172,669,0
e357f1226ed69aa2b41566dfb7380cbb,0,4,2.840909090909091,352,0
2367102f3f58277e5bf1bf6a2ea80e46,0,6,4.385964912280702,684,0
f0be70b10759743d0ee0dd259bf8c8c4,0,4,2.7472527472527473,364,0
6913fb0f0febca580a25c2e60af9fe49,0,3,0.0,250,0
c2eac0697047db0be77f8a2de4998f69,0,3,0.0,308,0
47868ade48523f840ffcce3c33631032,0,4,6.134969325153374,489,0
71dbc88566e35bba1cd042b0d4479c56,0,4,0.0,505,0
9e895fc28a2e1fa429c99b3d6436b8e1,0,5,1.5772870662460567,634,0
368e4439737994c3cb3c506289073ec0,0,5,6.97350069735007,717,0
3e74da1d3326edd2b4d1096985b819ae,0,3,0.0,640,0
1f0f19e828632ce144aa213439b38775,0,5,0.0,644,0
841c6f6eed5f768d546c7a106a0d0aed,0,5,2.9940119760479043,668,0
f71c50ead8b175790ade0bb7bbb1cdc6,0,6,1.3605442176870748,735,0
898f728f1fff00c15a04474f0cddaef3,0,5,4.195804195804196,715,0
f896c5c05b9532842cd595f3f28406d0,0,3,0.0,599,0
b31b4d4d137218ec712458895fd3157c,0,6,1.2330456226880395,811,0
7bb97df8fb014a936ebfa2be89bf5129,0,6,6.349206349206349,630,0
19dcde553114bd998d53bd75bf2f93ad,0,4,3.656307129798903,547,0
e5363d0a695ae251140cc3824c53388f,0,3,0.0,600,0
6124565578cfedd96297a78b55872639,0,4,0.0,405,0
6b0794bf080f86fbdb56182009c6dd12,0,3,0.0,218,0
3027206772c990464ff8d15214f88e81,0,4,4.310344827586207,464,0
c17309da3ab1d179e6c2339c91132710,0,4,5.905511811023622,508,0
6c6a3d534fe3b5d8f4d2d4cb564828c9,0,4,8.237232289950576,607,0
10599112a9587a099fa1887cf82f3cb4,0,5,1.342281879194631,745,0
b81e52bcd9174fa3cf24f150aaea8b3d,0,5,0.0,687,0
2ebd85e8420fdc7a31e5625cda5333b0,0,4,0.0,455,0
1b2dae30532e4d5b5a34a850d09fb245,0,6,4.335260115606936,692,0
bb853e318d2d1ec741b3885cd77dcec4,0,5,4.261363636363637,704,0
f4002e67ebff9100e2eb09e0bd7a5390,0,4,7.614213197969543,394,0
ff106d187104b561213c84c1171417e2,0,6,3.5714285714285716,840,0
ebff76aa51c7aa9c2a031efdf1433026,0,4,1.6103059581320451,621,0
4ceb8ceee07846c1814cb81534d7be9f,0,5,0.0,773,0
ef30130f5d0d2d449b3b2910a2b04d3e,0,3,3.0959752321981426,323,0
b83fbe2e76f2f029835c0513d510662f,0,4,2.2675736961451247,441,0
acf51e9dd23c469ebcbd1c0ad9bcf568,0,5,1.663893510815308,601,0
c786236b1cd22b0220afdcd6c8d537ae,0,3,0.0,274,0
a912640ba1642b420b93272871e71d31,0,5,1.7543859649122806,570,0
244e09e8441302199568fd525c2e7bd1,0,3,6.944444444444445,288,0
7eb3f14984b59029eb4e69c6ab8d040e,0,6,4.028197381671702,993,0
1fd334a2c1c8cbd91fd8bcd9c1a482e3,0,5,1.2468827930174564,802,0
828aa7d491d5c4780de5f9054cc1a92b,0,4,0.0,535,0
859557df7ab86c3b4804e79cec69f1d6,0,3,1.876172607879925,533,0
569be43ca5376c5bed97dbe84348cdf5,0,4,0.0,599,0
9fe9c9cacec3aa9b02dd2ea13f583cbc,0,4,2.570694087403599,389,0
94993a82be1d57f54630c9ad0412b943,0,5,0.0,813,0
79104128fde08f1950aee3e2efa0d49d,0,5,4.310344827586207,464,0
e5f6fd5352399a2ef52b1b0ca8ea161f,0,4,0.0,476,0
946d5a6e6427eb2ace9fab0a2ba97494,0,3,0.0,551,0
8b95b4aab573df918efcae89683ffae6,0,2,0.0,305,0
729c3712526b84d9869585c926a81710,0,5,0.0,694,0
5b003a2a53c6b8ba070fc06e390400eb,0,5,4.25531914893617,705,0
9070c1f73ba48fadb1bc88c1778ffceb,0,6,9.162303664921465,764,0
ec00d35fc90ac0cfce87135de88e2460,0,3,2.487562189054726,402,0
6397610df5ad1e8d97e072edc82f058f,0,5,3.3557046979865772,596,0
456c21207cf96a3b4716c424430f5867,0,3,0.0,285,0
1581cfae3701ad878b9214443c3abcf3,0,5,2.1459227467811157,932,0
d4723712c07cb5a3e10c6c15b931382c,0,6,4.571428571428571,875,0
68b4e67a7af2e0bbd417d87e4a15e62c,0,3,0.0,388,0
fa060d168d2591748764947a25bdeec0,0,4,4.854368932038835,412,0
9c65f11b8e8c12005f380eb825db2883,0,5,1.8181818181818181,550,0
136e818ab90d6b9e8e2358c3b7c451fc,0,4,0.0,520,0
86a955402bb16675d909581d5b9e2c85,0,6,5.945303210463734,841,0
726de2b1965731bcef67232b73512380,0,3,2.849002849002849,351,0
d36a10551ad39925fb80e0d7e11180a2,0,5,4.4543429844097995,449,0
45172686e44eb9141232f6ac6a5668db,0,6,3.5335689045936394,849,0
80872e655866bd5d2df32edc26c79527,0,3,4.566210045662101,219,0
c9064152c10120359eb3b89503a23ea2,0,5,0.0,680,0
f652cdcbc1c6c74b0ffa4d13c0dfb84d,0,3,0.0,325,0
1ce0dc0eb2c64681e184de43782d8f6b,0,2,0.0,183,0
9bc60ce1ec62cbc61c7c4637a14c1926,0,4,6.912442396313364,434,0
247e7da8d3f5829f422312c6c35993e0,0,3,0.0,450,0
88454fc5972a86988d262eaf67e7e4f7,0,6,1.5408320493066257,649,1
07938697ac217f6ee81e0294825151ff,0,4,6.302521008403361,476,0
4ddcee87a61a9e21cb86df954d1f4b21,0,3,0.0,377,0
7e0b6b5f24132eac52aa66c75e4fe590,0,4,2.1367521367521367,468,0
313f3dd000893ea5ce941b912358e703,0,6,2.1141649048625792,946,0
e0f6b6e0ca001a2d93fb69c54b6f213a,0,5,0.0,818,0
3898ca3f2ae3694be9c5b7dcd2576733,0,5,1.1286681715575622,886,0
806526b1425ccdddb0640ea599d31aed,0,5,14.17004048582996,494,0
284be535ace8cee58a47857bc9d8e11f,0,3,3.2467532467532467,308,0
66786b6ddeb3bfae0c01d503e139fae8,0,3,7.6923076923076925,390,0
8ca9caaeea159beddccadd147a53c9b5,0,3,2.450980392156863,408,0
7d0e8ec40cd82dbf0c29861a2eb5eb49,0,5,1.5748031496062993,635,0
fba32b9fddcbb2c8187f104612a6ffa1,0,3,3.6496350364963503,274,0
222e890f74274f206dcc2d874c4fb068,0,6,2.5974025974025974,770,0
5f668a379fb1faa0d7dca6f3b77473b3,0,4,2.570694087403599,389,0
c09b22c46e9663168146bfb722f1f109,0,4,8.130081300813009,369,0
c6c1a4d20eb1b95d5eca8301f27c3f02,0,6,3.468208092485549,865,0
5dba871f43c7bcfa93a6174052805b99,0,4,1.8416206261510129,543,0
41dc85db7e5e44dd481e6ba7de4dfeca,0,6,2.5806451612903225,775,0
f61ca28d2083503b33539137d9cd0739,0,4,7.936507936507937,378,0
5e4bf2048de3a1af40a43fd2e2bc2810,0,3,8.875739644970414,338,0
a2c164becee8d9a7238af1331e09c2e1,0,6,9.114583333333334,768,0
f2ff871965ae18f565583391b948cf65,0,5,0.0,870,0
911ba5f56261cfa1458002b402fab764,0,5,1.4836795252225519,674,0
a07b21b229b42434d2c7b4eb94d84c9d,0,5,4.746835443037975,632,0
3cb80407f1b358a01e4fd4e8f4f49248,0,5,0.0,851,0
57d5d93071e6ea8ed6a99f79ac522601,0,4,2.159827213822894,463,0
6ce4bb722baa51dcd15e1f5f2943fce5,0,4,7.092198581560283,423,0
77f521464359fea3b6dbb66960b1efaa,0,4,0.0,377,0
54a3524890c8ba980a5680c71a618c81,0,6,1.2755102040816326,784,0
304ef2572030aff7bc19e5cb4f8f75e4,0,5,4.6875,640,0
ac5d4bf9dd3a45a0b1987e6e780d38f0,0,4,3.2051282051282053,936,0
0c02cfbf83bf940578a3f3baaa612ce0,0,3,11.152416356877323,269,0
289daae215dc8558b43bd043795c6e0e,0,4,5.141388174807198,778,0
5aa97979579ee7ff089bd3594e02451c,0,3,1.4144271570014144,707,0
0cf4486a98cc414b9b2aa710559ac6dc,0,4,0.0,413,0
148ac8fa658e67806f12471e30c69b9e,0,6,2.063983488132095,969,0
813a216dacb12f7e55f8c575c8194419,0,5,3.9473684210526314,760,0
559b7491b6031f4951e070f3fd8cc8cc,0,5,1.4124293785310735,708,0
7a3437444f71ef9626a6c3279db76e67,0,3,0.0,450,0
600daeddb41ff36b74393a7d7825d4b0,0,3,0.0,307,0
15904323f756364989f1d77dc2b2a067,0,3,6.191950464396285,323,0
c88f0530d4fcf66b5112e90e869b9703,0,4,1.9841269841269842,504,0
09620a97d11c20d9aedf91cc2e152e0b,0,5,1.9083969465648856,524,1
0f76aab7638d208d2ce66fa3f0ef0213,0,5,10.869565217391305,644,0
0dff2948b8f5279742aa1828354ecc85,0,4,5.244755244755245,572,0
cf8854ee50670998f8d695b9c4365dc2,0,5,1.4204545454545454,704,0
3721422e21680a26d0db00b58ceac53b,0,4,5.532503457814661,723,0
31c5f03f43d52bdbfa4b49c15efaae88,0,5,1.0341261633919339,967,0
82b2649fc6b42b2230550a23c3e08401,0,4,0.0,567,0
61ead9066cd2e145f6c5ebd607f5d068,0,4,2.2988505747126435,435,0
d3ccd9c3ef72025b1226f73303653a8d,0,3,3.7313432835820897,268,0
fddeac90e34275f6cb138231cdfb7eea,0,4,4.504504504504505,444,0
f4d4ec2e3bb3362ca20901eeb766eae0,0,5,3.9603960396039604,505,0
cfd7667ac51a69697d1b0a29dd81232b,0,4,2.450980392156863,408,0
bdcee5a76cbf5ae42d6bc430305db1b2,0,5,0.0,1044,0
4b62ae5703b6e60b8f4a55a83122f323,0,4,1.1961722488038278,836,0
fadeb081c75f6dae1e20b55369940b11,0,4,1.5105740181268883,662,0
4954dcdd7407b9631d9c24b6b4a87b4f,0,4,4.750593824228028,421,0
1550ccbf1bb34ba1f8c1f0d3c5ef936b,0,2,0.0,295,0
fbcbc62b7b1074171d32ec96ac3ff43e,0,3,0.0,546,0
4113322e2024df65a80ddc8ab6481ac9,0,4,8.113590263691684,493,0
e1a8c323f359dc98279416c5f279baf2,0,3,0.0,332,0
b97d41742238782714076eb62508e24b,0,5,3.6144578313253013,830,0
93f5e2b61c358b5f6cece986cc1a4fbe,0,5,3.147953830010493,953,0
30d9b5f2f6c16bb81de383bd683a5a92,0,4,4.366812227074236,458,0
8e2b36996829cfb9eb17a57c1b5f21c5,0,5,1.36986301369863,730,0
830d828119bdafe48b391ee25b8a81a4,0,5,12.433392539964476,563,0
fd6d094c10b5cb3649999a3a794ceaff,0,4,0.0,478,0
a27034f59cef15b1796394c247c6862e,0,4,1.3774104683195592,726,0
3678df8ef5c9b5cac7308c19df01ce21,0,4,0.0,437,0
10b51721ad0a43de0d4d64a01cec9afc,0,2,4.716981132075472,212,0
d694a8711521e1b97a8f5ffdf8f92480,0,5,9.70873786407767,618,0
7b31d33ad3e1ae339d12978693297cb5,0,4,13.182674199623353,531,0
580bd74f79ca8f8415e4c874a3a500b0,0,2,0.0,338,0
95acd24aaa63388b0d270ea008121d47,0,4,0.0,461,0
6c322ff91a2c2aaa1090b3a216ff4e78,0,3,0.0,419,0
77b851b5bad83ea5595b23b555a6ca9f,0,4,0.0,448,0
aa0627db50257dab64915ec75c12c47d,0,4,0.0,626,0
5edab83bfa76bdf91bb074f1b488c86e,0,6,1.0548523206751055,948,0
0664ab087bf58570653df3b21797d8c6,0,4,1.8181818181818181,550,0
b3748aa785b0a544c87b1e20d00513be,0,5,5.291005291005291,567,0
9fe988063416fc9f0a687f596c9bc794,0,3,2.73224043715847,366,0
214845d44db90d56eea624e882a6d9ed,0,2,0.0,358,0
f47943869af1404ab0879d47d0970f87,0,5,6.240249609984399,641,0
56a90e3514149d7a6cdf280efc856b9d,0,2,0.0,621,0
e82fc2d0f4bf8abb34d87d7c590b2d41,0,4,0.0,448,0
30624f21fb9e5137ad9d9b3d0011522b,0,6,5.2631578947368425,760,0
11af947b9127bbc55267168be1b7636e,0,6,1.4814814814814814,675,0
811ca58264c1d70285977dc91487b948,0,6,7.915567282321899,758,0
6c649141913886f2938b196c487413cd,0,5,2.4330900243309004,411,0
d680d5c033165db8ba793050d8194710,0,4,11.1731843575419,358,0
8e11bfb7127d0c676ad6da8999a9a1ad,0,6,1.2376237623762376,808,0
30e9366d0c20069d68a552ea4f6eec90,0,4,4.032258064516129,496,0
c275729a19fddc1db35680a03bbdd52b,0,4,1.8726591760299625,534,0
2dc1abf3399c96c6c12a69fb9c09c3ce,0,4,0.0,556,0
bcc2b02ce97ee9367410231f81b4ffd4,0,5,1.658374792703151,603,0
57765289214f36d2c9a5363d7d960bcc,0,6,15.810276679841897,1012,0
339c507d4a53347a433fa42bcddeb94f,0,3,1.1990407673860912,834,0
ea56cc328a60bde37aa353883ec8914c,0,5,8.403361344537815,476,0
8ecbe98a5e9d4bc53360f18c952224f0,0,4,5.194805194805195,385,0
96a507d9c49f86d4a95cb91e036214c7,0,5,5.442176870748299,735,0
cea52719e7bca566b58a66ceea6db073,0,6,0.9514747859181731,1051,0
f10eea4cd78c864ee311bb8fe806b3fc,0,4,2.9455081001472756,679,0
9108cbd7ab592bfc8d44ce81d1487653,0,5,0.0,595,0
2275c3f7a09997f68e3d32bcf6bf3972,0,4,1.8214936247723132,549,0
5c4c8b3d2ad6541df1009c1c66b47a8a,0,2,0.0,180,0
d2c7e90f44ccfc9fbffb7e3566941272,0,3,3.0959752321981426,323,0
567652d47db3bbcac0659b3e4f35a0cc,0,5,2.159827213822894,463,0
1f1c91903410fd22fd3883dc4419b08f,0,4,0.0,533,0
4108b52f9b86cfb2744f7e97fdd4d20b,0,4,7.874015748031496,381,0
c668211b3c0c780f395d7491d7d762bf,0,5,8.602150537634408,465,0
b080971d3a0616bd1e85795f01adfe45,0,5,2.7662517289073305,723,0
d8284f2c0e3057410781937a0297da7f,0,5,9.695290858725762,722,0
a62e3339b969e2a3d248f7f775ffdcc1,0,5,1.1848341232227488,844,0
9613924e59dceff1ed8bfb77e24c5163,0,5,0.0,686,0
ce3064737aba66943a6ec68d8a98c332,0,6,1.7921146953405018,1116,0
ae056f2ddb9c21dedeaf614a3bcfb105,0,4,0.0,396,0
7bd3b0e4fd295e27ea4a5b9574009285,0,4,0.0,456,0
d5784b333408b02421ef27b0bb1f0053,0,3,0.0,700,0
30fc60b9c1dea00180084870963c8912,0,4,1.7094017094017093,585,0
024a2082395971cc85714545505feff5,0,4,3.8461538461538463,520,0
8705a68ac42c3e4fcadd9c13c0521d8b,0,4,0.0,544,0
cc2da7599b7541e639c76f4b73ebd562,0,4,0.0,388,0
4bdccd991cb6e49165c64b0cb6a34846,0,2,2.183406113537118,458,0
f9710d5247595ddf318cbfe533b9249a,0,6,5.347593582887701,748,0
613d6a597f62fe29cbb428a9557b8217,0,2,6.6115702479338845,605,0
9167626156c9307e8ecf656321ed1e7f,0,3,7.797270955165692,513,0
44502f845625e1479378fb14a73ca03d,0,5,5.05050505050505,792,0
3891d4a01961e39016c2786ee3760c5f,0,6,3.3003300330033003,606,0
fafe2da1ef89e498c7fdbd3b4981e16a,0,6,0.0,738,0
0af773844f599f1efa599adc18a6e7f9,0,4,8.810572687224669,454,0
87571a800df786ee617154c050c34087,0,6,3.836317135549872,782,0
a8c74275cf779d254f1e8cac7e3ffffc,0,3,2.8328611898016995,353,0
7aec0f8c6ed14141ba9b2148eb75040e,0,4,5.037783375314861,397,0
184bd5fa95d943d8212cc4c882f43dde,0,3,0.0,300,0
e2bb2fe747a081de086e408af3843dfc,0,5,5.597014925373134,536,0
e23f899750f56a32ca2365b379199e58,0,5,10.1010101010101,693,0
4fc600fe4256886bfd34191a4d450b22,0,5,3.851091142490372,779,0
2e209de63d3a05f31703695b8315f101,0,4,1.7513134851138354,571,0
200626f4cf8f3bc66d50ed0917ad14bf,0,2,0.0,165,0
c1d538e1c1a50423def4e91accaefcf4,0,6,4.059539918809202,739,0
1e0475e450d664b671bcc9bd9e47cd60,0,4,0.0,320,0
4ae45799a9d3c2bb15a64f76f92c2123,0,6,0.0,1023,0
2d7620367895b9de3ef97af47f6df6db,0,5,5.9790732436472345,669,0
80f5de888bdab578625d50ab6d39e3f3,0,4,0.0,515,0
2b137c684021ce3d832d1be70ff795fd,0,5,9.25925925925926,648,0
5dfa6eb833c9b33d6fdd1f7e9a7294f5,0,3,7.092198581560283,282,0
eb278272a362e371fd3e7168b0718d36,0,6,3.588516746411483,836,0
4a86dde9d9adfffac18899312930368f,0,4,2.3980815347721824,417,0
fc41bf0ab32b90e882a66ba51e98d4ee,0,2,0.0,621,0
2d3b0e2c73c149de0392e832f02950c3,0,5,3.466204506065858,577,0
65e9069a4b31bac1fd53ec77bfbac652,0,5,1.5772870662460567,634,0
780abc215f1edcf6a8f9767a27096c20,0,6,0.0,773,0
87d053cf625c6bd87fa0c4ac53a5f67d,0,6,0.0,839,0
8e2c082324a83efc2748be8fc5631a2e,0,5,1.3831258644536653,723,0
ca8de60304e96cfd2379171b648d635b,0,1,0.0,206,0
fe620572946d237cbeb9ecf765afeb0b,0,6,6.648936170212766,752,0
af614ec00b61e84cbdd676c077b937a1,0,4,4.008016032064128,499,0
99808c2d73fa7a5c18514620794d5ca8,0,4,9.933774834437086,302,0
5cf898c05e01ea5b283b665698c88dec,0,4,1.6863406408094435,593,0
7cab1b835b26fbd5adf84af6cbc1088d,0,4,4.016064257028113,498,0
df363ee3d96aab7e8cd20ad68e0ef6ca,0,3,17.6678445229682,283,0
007b1c39922faddad3bb750a78b4884e,0,5,0.0,525,0
f2dcc791a97b941f3c832db8f838f5ec,0,4,1.2004801920768307,833,0
72c5910982500362db1729a0c259d392,0,6,1.0718113612004287,933,0
4e9d50398c8e380352aec3105aa56aa0,0,4,15.384615384615385,390,0
269dc92ccb267c8362d2bc4f509ded02,0,5,1.8018018018018018,555,0
9380e1a2a357371a1936d33b7463dfcd,0,4,2.3094688221709005,433,0
332b2e56b5f86d58f3eade52e0271833,0,5,0.0,663,0
798cc08a761fd99e700d982def136a5a,0,3,16.501650165016503,303,0
69f2fa3ab9c23664ad8e05ff41cbadeb,0,5,0.9699321047526673,1031,0
4f9b136d0b29e43a462d8d8d509f1f2a,0,5,4.415011037527594,453,0
350abec551e0d61378886ccdfc0b5500,0,5,1.2836970474967908,779,0
42ae5c0f935f3578d12b7739cfdbaec3,0,6,9.891196834817013,1011,0
37a7b37fe4f52aebf7fa9ae1fab93456,0,4,2.816901408450704,355,0
46adc7c41c25bfd3caa2d5184ea1cec6,0,4,0.0,432,0
8cefb725f7b3996b01a4eba1cd99da5d,0,3,18.099547511312217,221,0
8ba1749a9c3c6f18030467ff5ccd631b,0,5,13.675213675213675,585,0
b6b9d57fad82c0795c24b54b30bdfbae,0,5,6.644518272425249,602,0
468bc2381a53509279c5fa832b593760,0,6,7.083825265643448,847,0
387bd1f6f3dbd33d59f087bd429f8a45,0,4,4.25531914893617,470,0
f8e6206b1c6f101775d7ded44d2d50d4,0,5,0.0,683,0
50aa62aa386cfc7da04f0af855bcde81,0,4,0.0,691,0
87eef4434643ec2fac57816de397b44e,0,4,0.0,515,0
b52acf052be56b202c1a0473f7bc1bc4,0,2,0.0,251,0
087235cfd5e812b7bef6450a9ae7988c,0,3,3.90625,256,0
d7baed105e845214e29fd9ff513e0954,0,4,0.0,923,0
3b7220637139db3d9bb73437719b97db,0,6,13.360739979445015,973,0
500bfde81a81109e16dc2337fc97e2bc,0,6,3.2017075773746,937,0
cf8afe4de65e19f84c768be0cb336503,0,3,5.063291139240507,790,0
edddabe0c03076e334ca8467277496b0,0,3,7.263922518159807,413,0
67ea327073d3b3be947e8fb75f64a245,0,4,4.282655246252677,467,0
49efc4cdb468ef4c37bafc200443bfcf,0,4,5.167958656330749,387,0
3d9dbea88558ab454dcabc41337fec05,0,4,2.242152466367713,446,0
bc254757b1649aa7a11925c07c4f3c3f,0,5,5.698005698005698,702,0
4fabff3832ed59666b724c8e85db2fc8,0,6,2.3282887077997674,859,0
09d6e59c2c0797bcb83fbc9408521121,0,5,3.8860103626943006,772,0
6b676e925395c4a2610ac0182fe87232,0,5,9.25925925925926,432,0
4d51eb2f09ebf07d70ac602f38c6d348,0,6,2.735978112175103,731,0
e3f5fcdee3dd6a85b0d293a79c80151a,0,3,7.5,400,0
21fc0d45455b83289217ee350b181020,0,4,2.1321961620469083,469,0
533f3473ea14af78c44fa0fd10baf15f,0,4,2.304147465437788,434,0
788b527558c3f38f948313a7fefdbada,0,5,2.9673590504451037,674,0
6d0edc85dfbd5a165ab2e8a6f80eaa4b,0,5,4.329004329004329,693,0
7f120b09c0752a49b8db504538d74707,0,4,1.9230769230769231,520,0
216c5e82c0d8bdd4715cc316ec681d47,0,5,1.2936610608020698,773,0
e8e730ac49205a16c7d6ca3fa1796d20,0,5,2.4154589371980677,828,0
8ffd124e0da5c04fab4f01779b953add,0,5,4.8,625,0
373413d08a0f18d5799f167cd93ffd88,0,6,3.5587188612099645,843,0
241ed603e0547b600a60e5586b0e652a,0,2,0.0,451,0
a74ae422e77fe412e4e8560ff3fa2ad4,0,4,9.433962264150944,318,0
8309f1cee81668e93ddfc39b5794bccc,0,4,4.9504950495049505,404,0
f8f165a8e6fa2d7b818724abd771e051,0,4,11.235955056179776,445,0
7a9e706a04580ac95a4e7c3ff0185321,0,2,0.0,174,0
e5cd4d42609a79261484270eabb76802,0,3,0.0,343,0
e515db628d65df27031006c73e51eee0,0,5,6.791171477079796,589,0
d5a0080b9b90a7cdbf2956cd69f5018b,0,5,1.545595054095827,647,0
506810981bb2be67b67b1ccf235b4c94,0,6,7.3081607795371495,821,0
01d3e3526a054b74d690bd9bca348857,0,4,0.0,493,0
c6901db4793b3ad7fe65beb26e0e2fbf,0,5,5.4274084124830395,737,0
4ac549513ef5daac84e77a77fd700bb9,0,5,4.975124378109452,603,0
cf04e32953801aa8eb73815804d5a7fb,0,6,4.329004329004329,924,0
4df666165b6c6c0cc7e1fa819e681737,0,3,2.444987775061125,409,0
4e5f6b816afaf9c10a4e1bbfe287efe2,0,6,5.256241787122208,761,0
bed53f634c67781f7e5058fe864aac71,0,2,0.0,664,0
72de7fd8f1db057c08684cdabe7e7222,0,6,1.0493179433368311,953,0
072079847fbb04ef15ecd662b1054432,0,5,1.091703056768559,916,0
e3ec5587031ad6cbb35b49f33805be56,0,5,11.560693641618498,519,0
2edb3472129e0fda25838541476f3c99,0,4,0.0,492,0
ddd2d5cbbdbfc4634508ee7eaf4b1997,0,3,8.658008658008658,231,0
f86c3eabd94fc0ae10447e8c97b22d53,0,6,1.0405827263267429,961,0
fc4b4823778ee69dfe386120cfce4c02,0,3,0.0,440,0
735db0f1f183152dd3178e6b0b17cd2c,0,5,1.763668430335097,567,0
0b0840480b177d5beb075afe6ae1bbe9,0,5,0.0,731,0
7bce2479b8a7ff6cd857d49fadd6ee16,0,4,0.0,432,0
e85ec026a5d7bf9d6a785424526b391e,0,4,6.0606060606060606,330,0
04e3d890087b75abc113dcda4f5ebcec,0,4,5.025125628140704,597,0
d9f21a970b1a74d4b4045f9291b4e80d,0,4,0.0,682,0
fce7cdba3eef24ed75014b5068430a5b,0,4,2.9761904761904763,336,0
08b0c61c7a75e17b90039a5d583837d5,0,4,2.1141649048625792,473,0
9fa4fba1f68eef7e193738cc0ce6d924,0,5,1.9193857965451055,521,0
3aa2e8518ce22aa2e3617703612f240d,0,3,0.0,387,0
a0f725206a4283ba5dce1d4b00a24fc8,0,5,6.912442396313364,434,0
eb4b010264ebc7be357f1a2cb2189289,0,4,0.0,429,0
e86fd2baef3b5658be1b33889750362a,0,5,4.056795131845842,493,0
8ce1a9204b70ae3f94f7d34fa78a5de4,0,4,0.0,599,0
24fad5c10f61cd572c8d19928078d5c3,0,5,3.9840637450199203,753,0
b92d93068d113eddce7eb69b29695c12,0,4,12.711864406779661,472,0
9f237bc8c2d2f761cc0df1419bdeccf6,0,5,8.561643835616438,584,0
3922cf17cc2fa68fc95eb229beb4a0ad,0,3,0.0,299,0
b3bd3d9e28aca1ac8f0b8ababb2f8607,0,6,6.587615283267457,759,0
7027d4d8deecf28da763de5e94202bb1,0,3,4.032258064516129,496,0
feec6a3ee0dd7fa45d3aa7f031c7a332,0,4,2.0533880903490758,487,0
abdba222397f4ced431c0d935c913127,0,5,0.0,679,0
e60fc3c19c0f05f64d221ae411ab9a18,0,4,6.05143721633888,661,0
ef45ecde9bb297e1059aeff5acca6966,0,5,1.2578616352201257,795,0
24099982fd34695169637d3def7682fd,0,3,0.0,431,0
59b797bf787bbbb29134349999989bc5,0,4,2.207505518763797,453,0
09d64fa20575b3432ac0fde8573b71e8,0,5,1.2330456226880395,811,0
0544f59958b734df11911ced7972030c,0,6,2.0060180541624875,997,0
bc72c9d3d710828d090ea0944262b0b5,0,2,0.0,195,0
d203f800fdba95b7cfedb225c4c8a227,0,6,0.0,1093,0
f66f76bb00ae4ec3b0101a485bc24bd4,0,4,0.0,506,0
c9b7f8efe9fbc96d1847bb9b94d92845,0,5,4.587155963302752,654,0
ec7ca8bd8c0f88f5b4569eb007a26b48,0,4,13.66742596810934,439,0
70f6827e24c7d47a3436e38bea35f62c,0,3,3.058103975535168,327,0
f06cfba071ccfa69216740076d343d8a,0,4,1.968503937007874,508,0
b54f636d1e55beead037222654f24065,0,3,0.0,365,0
58ee7005bef4cbd1fd19efd35087c683,0,4,2.9239766081871346,342,0
d8864689cdf8b47ab071956500db4aa5,0,3,0.0,187,0
cd3627ed4b427d6364f5832f0d7e7276,0,4,2.051282051282051,975,0
6b5a4d442c77d887c7514bd828b86e91,0,5,1.3157894736842106,760,0
2cda134e436e0bc187dfa586f00eeb32,0,5,4.282655246252677,467,0
9c7cec67b52de43269dd444df80b036f,0,3,3.2467532467532467,308,0
4b27b33339858ebbdf1ebab079116721,0,3,0.0,249,0
fbcf54d686f1ee4d89a0ba596a92c4bd,0,4,4.016064257028113,498,0
689b7a7780a3f27d44f573e50943e35a,0,6,5.859375,1024,0
72ac56aba29ed024983b58f533302388,0,4,4.62962962962963,432,0
46ed0e9b3b7a4a09aeb57dd35280b353,0,5,0.0,484,0
9ced695cf7bef9af818621ce49a147a8,0,3,2.6737967914438503,374,0
2cd56b7e794007d1b54287b6f7a08c17,0,4,10.840108401084011,369,0
fd2cfdb22d737fcafde831f032d50bbe,0,5,0.0,749,0
8e4af026c1176c48f0477cc9c4af0f1a,0,5,0.0,529,0
704630561e0f4f5e1cbb1a1f0163757e,0,6,11.061946902654867,904,0
4141689f8a0472ba6ba8b49d608da326,0,4,3.4482758620689653,290,0
1d6e3c7970b442a54d8225c9a88b3cba,0,3,3.1446540880503147,318,0
9992e1c3be937262516d4f7be275d62d,0,4,6.589785831960461,607,0
387117d35889cf7e1422202631e9b95f,0,4,2.1141649048625792,473,0
de138b5dacd4f089489a33a3294a3c92,0,4,0.0,455,0
f8e9ba809dfe101929a1763d4b49ef88,0,2,0.0,508,0
d11fdf761f468f209b287e1cd3731db6,0,5,0.0,474,0
680df7c97b6b31de3a4b40f4fe801d0c,0,5,9.74025974025974,616,0
8d155159a9a993b0e934ae1c6dcaf5b5,0,3,1.1441647597254005,874,0
1e4034e04b3e1cfd85b4cd4fa44dfe3e,0,5,5.665722379603399,706,0
9b9c810c51f33ae2eb4a2bba9434d18e,0,4,1.6722408026755853,598,0
a125db6314355c0b68cd6b07e59c05ed,0,3,0.0,343,0
6cd04653120e7b5f04e6c4063b411a86,0,5,1.4144271570014144,707,0
45832dbc7e3dbc620a89d8819c04b75d,0,6,15.081206496519721,862,0
9055d9cc6083300ca6610f936b78cf94,0,6,0.0,670,0
f200ff488255b0c0a6930de39cf0d42a,0,4,0.0,463,0
eb7bfbadfb70e22e8babb5eb7a449dee,0,3,2.070393374741201,966,0
35b5f64e276d81624654d1f1497d2f29,0,3,0.0,390,0
f02314676a234abe7998dfd5accb5310,0,6,1.0101010101010102,990,0
fb2c2914ef881405e270e5707056a7d1,0,4,2.3640661938534278,423,0
53077f18c6516a9bf687d45153673513,0,5,1.5432098765432098,648,0
c3b65a40772c38a48072daee51816e80,0,6,11.799410029498524,678,0
b209245092c8857685d27ff85ce12a93,0,6,2.7472527472527473,1092,0
a29e0023d0ac396778beb6facf07b5ba,0,5,3.8461538461538463,520,0
df94d8586c5cf0d513c5d897d472ea28,0,4,4.424778761061947,678,0
e887ff3738348d0d728bb3b4360a8690,0,6,6.002400960384153,833,0
9afb0318f69c65fef51bb479ca569652,0,3,0.0,335,0
387a1d0beef9f671c82038605f567aa2,0,5,6.430868167202572,622,0
8f28d6db00b6aead6433088039442c19,0,4,2.159827213822894,463,0
266fecad3bbdfac3251f3b4703819883,0,4,0.0,356,0
d067648373ce57f098cd2091dc595c3e,0,4,2.074688796680498,482,0
b262fa46123dbfe5cf9fcdc8dcb8e21a,0,5,11.673151750972762,771,0
22b9eb0f678f38e9fb1a533e2e7de4c1,0,4,0.0,385,0
da86c2624f97e23f4e2ab4f788dd63c4,0,6,4.143646408839779,724,0
63845fc5c7e5086aa116d519b081d88b,0,3,1.8726591760299625,534,0
e6be23ae66d24592c1ecc23b1cb9bb23,0,3,0.0,410,0
18b5c59069932cf391281cf5d9da0a5b,0,3,2.5,400,0
f07e33d4ebe5857673bd4e8f103a136c,0,4,0.0,368,0
6ed271ed5fb2a44fc83788d8808b0877,0,5,6.5359477124183005,459,0
bb0a53282b1160df2b9692884d1177b5,0,4,0.8525149190110827,1173,0
17b90eec30e4e275c78c671c605529b9,0,3,0.0,283,0
2ee3e7a47960d790a9562086a560680c,0,4,3.992015968063872,501,0
5440815b5e67f7d130c5c5e8dbadf759,0,4,2.444987775061125,409,0
482f824015753cdd82474e26a1546cd3,0,5,7.43099787685775,942,0
9ec39a35f46fbe50f263e3b8615fc15b,0,4,0.0,492,0
d5bb6da9a7b1494f40608edafd066af9,0,6,1.9782393669634026,1011,0
20b0ff57878de83792e004a5012205b2,0,6,5.502063273727648,727,0
5dd2dbbf6d8c624da23fbbfb0942cfb3,0,1,0.0,309,0
10d390dabd4bcc5d4d84822d2c499ac2,0,3,0.0,350,0
05e440a713fdd87e2e2ef060999a80de,0,6,8.849557522123893,791,0
434f8d44972fb02b2024e004bb03a2a6,0,5,0.0,697,0
d4239f1e13041030d970a3ea5774fb64,0,5,6.345177664974619,788,0
09e4577fd014c7b2058c7d24b311f3f3,0,6,6.500541711809317,923,0
fea7cf7abbac1fd61a4ba18ff80c5f91,0,2,0.0,406,0
e905410d8db292d28a36ec38f28ed42f,0,6,2.898550724637681,1035,0
da42d4bee3b418abcab2abe03afc8f69,0,5,0.0,592,0
27867a91c10390ca7b51a9aac3116bff,0,4,4.291845493562231,466,0
e50744c16189aaa1ad554498d4c6841b,0,6,5.2301255230125525,956,0
d15b7067dd60b55a229dfe1fbf64c91c,0,4,5.607476635514018,535,0
0b535403527c549add25925ba3392808,0,6,2.706359945872801,739,0
535be1ab62f0647ae5fd2ffa903c2140,0,4,1.937984496124031,516,0
f2e384547717dd87447d6bbb72846d80,0,5,5.736137667304015,523,0
6cb2c6cae8bd9d971819f2ef9c6b03d5,0,4,0.0,495,0
5ce67ebfac448d47c139ccdaa262a8c5,0,2,8.823529411764707,340,0
bdfae3e59ae979aa3cabcdf3091d1d34,0,5,6.896551724137931,580,0
3557936b1bed3794afb1c09a9d97ab8c,0,3,0.0,257,0
58abdcfe908787ef000df1c27a1ab781,0,2,0.0,249,0
ce248c6174f297dce9d8938b3721843e,0,3,2.6595744680851063,376,0
5f4ac389de6f1dc745d914540ad9daf7,0,5,1.5174506828528074,659,0
c422c1c7a954aaffa82196b7b73ce035,0,4,1.8484288354898337,541,0
52a131150be6bbf384a5834c9f6b07a4,0,4,10.81081081081081,370,0
332c833c0a1e18bc465bf400a68e6749,0,6,5.39568345323741,556,1
97f306c411fd451df5da4b0e94d704b6,0,3,0.0,436,0
0663b955f03713ab8d8ae8a12d38275b,0,6,1.0593220338983051,944,0
dbad1fb1270b7d3af7f7d6b7407769a9,0,3,3.508771929824561,285,0
41fb1006e231c0ac29becbbc1c650953,0,4,2.0964360587002098,477,0
0dd414864a3ff99f5c63c11c883f5ee3,0,4,5.565862708719852,539,0
ae402c50adbb4c7807e581116ccbb1f7,0,4,2.1141649048625792,473,0
d399f04d3dab028437d8c6daf2e05ba6,0,4,4.016064257028113,498,0
1af60aade92dc8c6bec238f2f4a7739f,0,3,0.0,436,0
e101f38ca5177caf4e36e00b65ca146a,0,4,9.75609756097561,410,0
e6bb3c38e52a05fc17519bca67722f69,0,4,0.0,456,0
eca517312bd6ff759906eb49a1b95430,0,6,5.73394495412844,872,0
996bf752a3c05cc296bd25bebe2fedaa,0,6,2.059732234809475,971,0
61f22665f15565317748661d4515451d,0,4,4.618937644341801,433,0
dc2e85a35d2e3cf0a122799e0a19ef15,0,2,0.0,296,0
34f0341b2efb5be20ba944db9f7895a1,0,4,4.282655246252677,467,0
a336c0281ab02d42c4cb48d59e967c6e,0,4,3.8910505836575875,514,0
2b21da3cfe9ea5992ffe0416d43eac41,0,4,1.3440860215053763,744,0
9f780f79d807f9f80a71246b65059621,0,3,3.7243947858473,537,0
24a236bd0eec48ec37f3dde3e931a59e,0,4,7.0588235294117645,425,1
97983f428f76e51c738a567acdb54ade,0,6,1.1160714285714286,896,0
b97678d2bec5bdd6e5dab33876d001f1,0,6,3.5460992907801416,1128,0
e7b0f9cbdee3212f2e95646e3d127e48,0,4,0.0,424,0
3729c92fae75bf19195c872cb45ecaf1,0,2,0.0,523,0
454a952a7b24de1e89a39015635f0cb5,0,6,1.0482180293501049,954,0
f9575c2908de4d3ddf5bdb94de81cbe4,0,2,0.0,301,0
cd62709eab74d9bf5a20f3dd9a6823e1,0,4,5.277044854881266,379,0
b7281338495c76c2fda1da07a7366689,0,5,1.8050541516245486,554,0
764e7825750c03074e6b82a802bb169f,0,3,0.0,285,0
b2e80e2fe56586485857120b1e64d36d,0,6,12.077294685990339,828,0
e258fea9da5247370015f9096a9e8495,0,5,7.173601147776184,697,0
eba0352d8fa1d0ef5321b95454dc4ec6,0,5,9.554140127388536,628,0
cd98d924bd87db876e46adbc99d9d6b4,0,5,5.347593582887701,561,0
6de5f95e44e00882f8af27b6019dcd11,0,4,5.625879043600563,711,0
23991ef5314c7e57cdd5bd3b2fb8d1e0,0,4,4.310344827586207,464,0
04c76084813e62c83842a695f77839fe,0,4,5.141388174807198,389,0
10c25569c85adb5ed6d8ebc828b31cf6,0,5,4.769475357710652,629,0
58d1ba22e86f89be3f345ed451c7215b,0,6,9.07911802853437,771,0
c0702f419e603948acfc75bbcc9bc378,0,3,10.81081081081081,370,0
51f074c7f5b92a8c182a9ed4399ba05c,0,5,4.040404040404041,495,1
ec2433d8e9ead044ad21dc2baa8da4da,0,4,1.455604075691412,687,0
f3f56c33a53f70d0dfd68fe6f0e19f37,0,4,1.7543859649122806,570,0
2a3c9c33af744d3ec485970fb52ad515,0,5,7.2202166064981945,831,0
fb5c88064f0b8a274208841b087f4ab0,0,2,0.0,544,0
ab812cfe4ae9052e2a923a79e9ad003d,0,5,4.860267314702309,823,0
c8275d24253bc70af5de414a87984907,0,5,3.003003003003003,666,0
bf72cdd5570a24981d294af35c23e895,0,3,0.0,199,0
46cae3b4ee41a0d0b0d46d435ab60356,0,4,3.1545741324921135,317,0
f70174c54a7859258b024c04d3adc4f8,0,2,0.0,247,0
cd692d8eee216c9894d003f3ab8ef717,0,4,4.901960784313726,408,0
ccdcfd55721784baf29c56b1ddef7874,0,4,0.0,522,0
212f3c6a421243d6393bd70116a97227,0,6,6.896551724137931,870,0
264af735b798a1cc183db90a4af05225,0,3,2.6954177897574123,371,0
b791bc77b8efa7f180510e8c8ec84bd4,0,5,4.026845637583893,745,1
a78e3fce7481228d499653ddd83b5cc9,0,3,3.3333333333333335,300,0
343f6687ec4be4aae1e3d5e02c2d03b9,0,3,0.0,403,0
102b4393747e6b6e8c41190e43b648fd,0,5,2.6666666666666665,750,0
19a18a3275d236f2c55a80c87189383e,0,6,3.134796238244514,957,0
77a2d6316c2e6bd9254f63d316630a9f,0,4,2.717391304347826,368,0
838c08057cef8055c1f34c8a7df16505,0,5,1.6750418760469012,597,0
dbe196d1f4de5ceb5e6cf7b0fe6afea9,0,4,8.0,375,0
7b5a4895bf05851f7b2301b2fc927bf5,0,5,1.876172607879925,533,0
8995cb5b44f0578657e9fe4d57dd098d,0,6,5.025125628140704,796,0
9988ed75600ea06df80db9e6e2d796fa,0,6,0.0,950,0
1d7c6b41143fb0dbf0c611a0a9f7d8e7,0,3,11.299435028248588,354,0
77e349a9e6f3652e3becd6a1920bf845,0,5,0.0,622,0
d1754e83e67007d05ad3d79e6f98a95d,0,6,10.48951048951049,572,0
13049751a187f6df8b114d15ce7a363d,0,5,1.5723270440251573,636,0
9e2ac8182728b9eca6c056e74413a60b,0,5,8.368200836820083,717,0
6b12aa02a1f00c5d4f4ce949aefc2f68,0,5,1.7421602787456445,574,0
93325469001ffd1485e73c10ec35ce78,0,5,2.2573363431151243,886,0
1f638abb6f37971d7ec5f214c855da8b,0,4,1.8115942028985508,552,0
4d7d6fdafcef16669af7e49ed565e901,0,5,2.0491803278688523,976,0
762f8cdeb71fd9e4798293d011d9fbea,0,5,3.7383177570093458,535,0
fd639bc5b7d2cc4f1f5f39a68011319a,0,4,7.604562737642586,526,0
1c9bf1b18428254084dd9c98a029a7ef,0,1,0.0,356,0
cec10bebed9975cd7012049186744f6a,0,4,5.291005291005291,378,0
379912533a76941fa0155622e9676da8,0,5,4.310344827586207,464,0
81115aebd4f1614ad5c7ae4d38cdf6bc,0,5,2.6178010471204187,764,0
cc4355e0131bafe62dd62669434d660a,0,6,1.1574074074074074,864,0
5e69114797a36b76a7fd980336d58deb,0,4,2.6212319790301444,763,0
6bea5fc1f82221bf3ba3aaf475263c4b,0,4,1.9723865877712032,507,0
061edf9690e85842c40a7c11bd6cf3c1,0,6,4.316546762589928,695,0
a97e0bc1a6f3bae5f298cca5eec18319,0,4,2.092050209205021,478,0
7348518a3b157d676b34e04ec54a6a40,0,5,1.5552099533437014,643,0
8e726d9e850d0c5643641833c1047abb,0,5,1.0050251256281406,995,0
46d06035b3ddca8a8833e2a94b69b80e,0,6,1.303780964797914,767,0
1ff66c3c25af0854f514d268ab28bdde,0,3,2.7624309392265194,362,0
29833d026685166065fe3817f94eb728,0,3,7.142857142857143,280,0
61d152f61d1b25b48da9ac3e410459aa,0,4,5.025125628140704,398,0
1305c51863ae927480cec709de09c9af,0,3,0.0,492,0
4d76ce35efffc5bab4bd127950da61e3,0,4,0.0,404,0
32340036b513ffcc35a0976cfbf90f16,0,5,2.1621621621621623,925,0
db46d792ee5e19a3221c008244a6c917,0,4,0.0,449,0
b0ca9cc2e3cbab6cd56d59af5c22efd1,0,3,2.1691973969631237,461,0
c9bf17fca673dd94bd007418e0e4bfa4,0,2,0.0,204,0
bbb7633536e4b74677c0ece666aa2604,0,2,0.0,321,0
89135d3a8b972ca5a1f36f3064ef09bf,0,3,0.0,326,0
9be9b488e7c016caff8b764b2e9a8a2b,0,5,0.0,605,0
1c90675b2c3931fadb2a8c5d7479b3d6,0,4,7.142857142857143,560,0
330bdca425d3fb7bc5b59d45a1f56c8b,0,6,1.3262599469496021,754,0
1f11937f54d0c2f33b52f09e07bb90b7,0,3,2.9239766081871346,342,0
ebeac3dbfed58775b318a9affbb4b5a1,0,4,0.0,568,0
dacbe346ea0ef27cf5bf0a2dd7b04e28,0,2,0.0,175,0
2a7f9336437f9d3d01d9d9ec45a08468,0,4,0.0,371,0
ca1fb9c1310c21c2f2d6d84561abfe57,0,4,3.4965034965034967,572,0
91dc50a2ad6ab2f104a4cbd46eb1d780,0,5,3.6036036036036037,555,0
e47170a60392395a18c5e5571551734d,0,5,0.0,568,0
b8b78b39665d9e629d9afc2ecd30dd3a,0,4,1.6920473773265652,591,0
e5fe96e19efa8c8d72b563c4d3ea870d,0,4,5.758157389635317,521,0
57d0cb75c4e549986b748daa0f9962a2,0,5,4.6801872074882995,641,0
6ea2ccd56aa971b7565fd64a76708379,0,4,0.0,453,0
d203af1ca49d8ac6f809a5e32623aec5,0,3,7.984031936127744,501,0
1a7e6b9ae44c2a3c96f9343f5214e0d4,0,3,0.0,427,0
61e2adf4244c0f4bdc361f80f84a273c,0,3,2.5316455696202533,395,0
cad0569331b83d695ced21c93ae3eb26,0,4,8.130081300813009,492,0
cf30cbb699bea075b8e932293270927c,0,3,0.0,506,0
7eaf5124b1dc3952110506e0c4a0cfdd,0,5,3.676470588235294,544,0
2d6f3c86e414101d843c88020bc5cfee,0,3,0.0,346,0
708c07e739e6834d3988184a2ae64de6,0,5,1.9723865877712032,507,0
02be2d9314e2c75799d1bfb53c151428,0,5,1.7905102954341987,1117,0
884a3c4753ee41bb8ccd2ba2c7a3e30e,0,3,0.0,446,0
050b8f488434689d128e85c2c59e8927,0,4,0.0,547,0
57349a7bdfa40ddf45776ca5c2aeb021,0,4,14.577259475218659,343,1
b7fb7c7fe15341af4893acffbf3ad34c,0,6,3.9840637450199203,753,0
7645f3d6e8ae915fd3c2ae911ce94185,0,4,2.7027027027027026,370,0
7a1d09f0690597a260cc1fe4fd7f4319,0,4,2.277904328018223,439,0
27ed7575432d2583636159fb2f321b36,0,5,4.823151125401929,622,0
cd1c806cc0966ef6b7431324958d1b54,0,5,4.739336492890995,422,0
7d7fd2addcd41feabf05fa32842ab1c3,0,4,3.6363636363636362,550,0
dd14bbb09c8bd6964c45e36ed7c3f998,0,6,3.048780487804878,656,0
93f9115d5af2070c5ca4b667a1f4919a,0,5,4.497751124437781,667,0
d42a4516195bf560d1ab11a41acbfab0,0,5,9.287925696594428,646,0
3490dc7f0941778ec68f5adb40ec4994,0,5,1.1695906432748537,855,0
9de4c176cca1881fc6b736541a3d368f,0,5,1.4534883720930232,688,0
d85b08e34a609cfce2bc4fae3f903abe,0,5,11.337868480725623,882,0
e1ce981b015c26eef1965b6039bc3ff9,0,3,0.0,276,0
ee523395da0ce99a695fff0f9d85850e,0,5,8.097165991902834,494,0
2570caa8cd4fdc6a39d28bf45e970902,0,4,0.0,444,0
0fdcf6ae606e1555d04e4278006ee764,0,5,7.15307582260372,699,0
f2a1a722d29462238c31f9cdfa2930af,0,6,1.187648456057007,842,0
7fb1eb2f3e970bbb648d0c842d8ec5be,0,6,4.705882352941177,850,0
3441183bf2a5e05403a13587e69bbf5c,0,4,0.0,527,0
ddaa3b3980b5ee3daed659731743669e,0,6,5.34045393858478,749,0
5cd7c9b08b579dd3a2dc33f19e25ac23,0,3,0.0,245,0
b98c350f57916cc8a4f5dcfe2ac95d7d,0,4,1.8484288354898337,541,0
60f587459f516d287258f01d263400c1,0,3,2.178649237472767,459,0
bd8167ac86ac42ead7da143a3997c054,0,5,5.649717514124294,531,0
7f79890dc5f6ab332c5451b020e6eddd,0,6,10.498687664041995,762,0
fca6456f2f87a6c506432e86adcafa7c,0,5,2.0080321285140563,498,0
348184931b5bbd692dbac4c310e8cb61,0,6,4.849660523763337,1031,0
9c5990ce0f34ebb9750fc513a3cf464d,0,5,1.3888888888888888,720,0
edb2ff095cd9506217d26d80b3ac4e72,0,5,4.777070063694268,628,0
e0ff7dd1f80878ee5de04b1901b3c651,0,4,2.197802197802198,455,0
9bfb11e610fca3f7ade5c65ff5e1a2e2,0,5,0.0,521,0
d90a617b9b9bbe9e875e894c1902261b,0,6,4.71253534401508,1061,0
2a37c61eac35cff06bba69bf58cfc49e,0,5,11.928429423459244,503,0
e27336da2ad52de77dc5f6a290291654,0,4,0.0,574,0
6c3c4a5d1131b2606dc3e10c639ce8b0,0,3,3.401360544217687,294,0
784e58903f9026afc82854bcc3ea90dc,0,5,1.2254901960784315,816,0
11cd3902bfe1c3cca4323eecda926c38,0,3,0.0,421,0
7636f5932a989b8c7b25e2825e218630,0,3,0.0,384,0
d2139710adab51c46631617099033859,0,6,14.765100671140939,745,0
48865a3aba52f6f4002066b7d7ec3dfb,0,4,3.7313432835820897,536,0
5ac9bcce72881583f1d8b79424287f08,0,6,1.4619883040935673,684,0
2dfa23189d46dc23f649bd2b0a97e37a,0,5,14.705882352941176,544,0
1ad84a9d011edb15f4689d010f139444,0,5,1.8416206261510129,543,0
53d6140baf4ed8540b7917183997aa98,0,5,0.0,707,0
3e829574f0dfc8066806c2e568b15a48,0,6,3.896103896103896,770,0
6b416c10d51ac40b9430235bced9d502,0,3,0.0,381,0
c60a41e91ee3bf82dfb3c909a846ee23,0,5,1.5408320493066257,649,0
5359f8d9f858fe5037df540da009540d,0,5,6.299212598425197,635,0
9f94719ee3d2d74fe3d9b2ae4e37303e,0,3,0.0,360,0
35af48e124bb3a6ea6e342e48617cd13,0,5,3.1645569620253164,632,0
fd6a3b57f3d32ba9916b2f78e571ba83,0,3,0.0,767,0
4d6901a02c9577f435f41d3496115b8e,0,2,5.025125628140704,199,0
07462a978b1f645c7df0aaba3ef6cc6b,0,5,7.416563658838072,809,0
9fd558902a6ce4aa476a22940d6510b2,0,6,0.9852216748768473,1015,0
b083a7f353f52963c24fce0fbf6acccf,0,4,9.090909090909092,440,0
907c8f3077b548956f81cb03a72473c8,0,4,3.5714285714285716,560,0
24468b485633b99a1730aafe048b0a5f,0,3,8.875739644970414,338,0
3b2a900387733c0275c6798853679f03,0,3,4.47427293064877,447,0
2541abafef2f5fd97612a5f70214f41a,0,4,4.464285714285714,448,0
d094193d4390783d6b4652303c5436ff,0,5,4.966887417218543,604,0
47e4e8156c25aa832ce1e6529dab7930,0,4,2.1739130434782608,460,0
c2040bc051ce1a57adc7e94d7a4d0a31,0,3,0.0,436,0
820dcae140a7661015dd1fbe955754f4,0,4,4.7095761381475665,637,0
fa9a7a5f14c9d22c9c421f625791432b,0,5,4.566210045662101,657,1
a5e44a0faa1d468256533fd3b66aa94f,0,3,1.6891891891891893,592,0
98a9774e1d0df3999ab00ee1821ca36a,0,5,10.380622837370241,578,0
85aa966f12fea9e087aecab8d54d4f8e,0,3,0.0,961,0
6643f151501bedd63521c0d9e7833a4e,0,5,3.6832412523020257,543,0
3ba69374685771ef2ea5b9cf31fe9551,0,3,2.336448598130841,428,0
b1ad9c75d85fb6923a03e0a82be45c70,0,4,0.0,516,0
a752bc9f0e07ea3cd7b96fa9763fa196,0,5,9.633911368015415,519,0
009947a10d14cf0788ee4c87dfe59018,0,3,0.0,345,0
7036864e1e7b72843314204a3273003c,0,5,5.291005291005291,567,0
1311007fcff9bdd382783dfaefcfcfac,0,4,5.847953216374269,513,0
d4410c602f97beac43e995f3be29d481,0,5,3.284072249589491,609,0
0b5fda8e66be4274f4c4ad0bc9fb8051,0,4,0.0,369,0
259219f0ee0d33f0c021a276da81dc65,0,3,4.854368932038835,412,0
99591bcb8a7b503a94c8a5ef431b4cb6,0,6,1.3054830287206267,766,0
63d9f7d19aa4615b3480f659c04ce03d,0,5,3.466204506065858,577,0
25e8bbe085bf2d584ce4fb1f7b04af91,0,4,9.111617312072893,439,0
5f102020c0bbd38311c0cad08d8e9094,0,3,1.7667844522968197,566,0
e4c828354890a92c13f3d420af56b288,0,4,2.5873221216041395,773,0
4bf0f5aed4993e1976ef8f806165aa4b,0,3,0.0,286,0
5245cee10911b3bd7cda016e408069ab,0,3,0.0,348,0
ef6dc3af8f302b83247e7c94e3466942,0,4,0.0,500,0
df7298a804750b62c7690469878cfb88,0,4,4.08997955010225,489,0
422788e6a77563a59a60e5382790ff86,0,6,0.0,919,0
965ee5734610c5b45730b3a0602e3402,0,3,4.545454545454546,220,0
c5cdb2dd4bf5f76399741781b1ef67fd,0,3,11.019283746556473,363,0
291dcb56b0f20737a3ef46949007a4b0,0,5,1.124859392575928,889,0
cfda8132a5d43dfe55cead28a7756d00,0,5,3.669724770642202,545,0
20e5eaba02a65ddb1037910cac450eb9,0,4,4.329004329004329,462,0
b6234d9342f21daff23bf836213689f1,0,4,3.4965034965034967,572,0
16c751f2da3c7d8e3986d36903c4f4c5,0,4,19.650655021834062,458,0
eda2503d1801a22c46f96da487a76e15,0,4,1.4903129657228018,671,0
6d3f7c4f4042fc599c4b725b6df19a79,0,4,0.0,486,0
3e03b43608096d929e0a0f32c21c6728,0,5,3.3444816053511706,598,0
624ace0e31b2dde3e98ab561c76350d1,0,5,5.58659217877095,895,0
327779a2a1139bfc4cce692b9b9986de,0,3,1.8214936247723132,549,0
6fe17941754a5221b74f354c1ea23f95,0,4,0.0,462,0
50c54d996d0e29ade12c44a8d154327d,0,5,4.415011037527594,453,0
64c92d047302ed728f525589203ff6cf,0,5,9.732360097323602,822,0
4f8acee61e4d654f4f3a816f1469b84b,0,4,7.590132827324478,527,0
76da992e4e5b95a592241e21f10b863a,0,6,8.391608391608392,715,0
1f8f6dc427e8b6643ab4389178cba756,0,5,4.484304932735426,446,0
aafcbd84707bb8c79cac20596a136a3b,0,5,1.6233766233766234,616,0
46995081aeb2342ccfe1b93f80c345ad,0,6,5.639097744360902,1064,0
acd24adeff4f9aa923614516c09f98e2,0,4,9.828009828009828,407,0
97402a82b3570723adcda26249ee8ffc,0,5,14.539579967689821,619,0
f141eb97e5e7d839c69e6f9ad7e0fdab,0,5,1.7152658662092624,583,0
8f81c3106c8ecdc3a2d8efa26e0439c4,0,4,0.0,360,0
413e6089acb80f6e053ec8e38b7513b9,0,6,1.6611295681063123,602,0
c4757ff1b6907572351fa2fbdfdfc49e,0,5,6.153846153846154,650,0
2cc5bbf8de3a2fcba2cb38c211be7f0c,0,4,2.0242914979757085,494,0
36d77a7c907ad6c3a227fdcf709fe086,0,5,0.0,514,0
b85d86379556dd992aa50276d559f512,0,2,22.123893805309734,226,0
0b024cd88f207ecdbf35c1c2076e84f4,0,5,3.285870755750274,913,0
e55df7ad1f1bd59e334c7093dcbab55c,0,5,5.471956224350206,731,0
511afb93ad6c7ca912808da62d1b77ec,0,3,3.2467532467532467,308,0
613531d1cc03026826685f45b4347a19,0,4,0.0,567,0
932cad54bc59814835b3e5afa842720b,0,4,4.464285714285714,672,0
9178fc45d72731a46b855419a3b9d966,0,4,0.0,1163,0
a9c8858e6f16089edb59f44bb874fa8a,0,6,3.6188178528347406,829,0
0f2fc2f0f754aadf55862f30aa8fcbfa,0,3,0.0,319,0
859b0e357ae79ce11239cc13a983d667,0,6,5.2854122621564485,946,0
b61fd5aea0c84609284cbbb32411dd9d,0,5,5.136986301369863,584,1
6ad7816990aca690a7373253361c3dd1,0,4,4.62962962962963,432,0
413d6e68cd98c416c99ca939ffb96ed1,0,6,5.518763796909492,906,0
309f62408f9e480bcf3667d83de295cb,0,6,2.6143790849673203,765,0
03962fa8ed22a64b3516464276f6d8f0,0,5,4.329004329004329,462,0
350d2ab298cfb6a11728206684425ad9,0,4,0.0,460,0
30157d37e844dd3879783e6962284175,0,3,6.8807339449541285,436,0
5eb49f00fa1bfd2749aa10615227ca58,0,4,0.0,924,0
0a42bcb60594cc842de9edf697995461,0,3,8.298755186721992,241,0
d5c8246aaa7df68299294f75dbdedf60,0,5,2.6212319790301444,763,0
a14941eed218a9f66ec5a9829ae45ce7,0,4,4.310344827586207,464,0
70e19e4817ca8b14f97cbc5cce3fab4c,0,4,1.8867924528301887,530,0
b8a7e77f89fb1ae99b2156706acaabb9,0,4,4.754358161648177,631,0
fba5346a45cf8707ee06b4ef33d7c201,0,4,3.0864197530864197,324,0
ef3954dfe0b9e22e556ee20d3e946a1c,0,4,0.0,819,0
eb3aadc5eb57ccb1ce6c7dcb493ecec9,0,3,0.0,248,0
586849472dd041de0b476b43eda17f4b,0,5,2.176278563656148,919,0
941b20797425deba20107015490ae044,0,5,1.5748031496062993,635,0
dc84b15ee15dd218c81cb27688543a88,0,3,0.0,356,0
c226940f30866e8c189a30e45e0fdb4b,0,3,2.314814814814815,432,0
b9fe055d0a943cfbbebeb0aa510d412b,0,3,0.0,512,0
19c97762d0cc9a031f84efa132a72461,0,4,5.597014925373134,536,0
57583ef64983b40dabf0da373d496243,0,4,0.0,476,0
de927114943a3e148b8c3f894cc6b0f8,0,4,1.5873015873015872,630,0
b055bbf1224d775fc800c639ff5317b4,0,5,2.7027027027027026,740,0
e091590c82a268d41cc217e78c515997,0,5,7.1022727272727275,704,0
f12785abe9f483b94f799ac49fb2b954,0,3,0.0,290,0
84899f156e316641c9f00bb3378df936,0,5,6.525285481239805,613,0
c510bed5b7073e58d2af263c91191eb7,0,4,1.1820330969267139,846,0
fa3161bd3f2f61d54f9f988c503e267d,0,6,6.423982869379015,934,0
b6e3f27e5b0bc6359d9990564e6b2c15,0,4,2.8694404591104736,697,0
3447058e53082a2004c426e56f00f372,0,3,0.0,386,0
e61e05e866cbc9ea856301cccc62e564,0,4,4.158004158004158,481,0
69cb617ddcad6e2e599cbc71c43b5317,0,5,16.216216216216218,370,0
7948d9d7631e82a81ea5f59cef34f0eb,0,5,0.0,829,0
2e87668efac59fb838f45a85f9299630,0,4,3.2467532467532467,616,0
a4289081249760aaeb5e81f2a838f36d,0,6,4.566210045662101,657,0
997e705d9744a45d5f4e9bb198f7c7cc,0,6,9.137055837563452,985,0
882636fe9c6465ecafc388b055e92bb0,0,5,1.455604075691412,687,0
f57c03a8c1e81666e0e4f87c99c87698,0,5,1.422475106685633,703,0
05b7c245150a86db3b51302380671ec1,0,5,2.8776978417266186,695,0
88ae7e2aed540edbf9ba4787770f91cc,0,3,7.575757575757576,264,0
586e6a3262aa36c3073185ce73936c31,0,4,2.7624309392265194,362,0
befecd06c16a5fc406a6725fed91b2d3,0,2,2.1551724137931036,464,0
a090981cef562c285ec36f164ec1b806,0,3,9.49367088607595,316,0
75345347cad1588946dc94063ef1f2de,0,4,3.194888178913738,313,0
ea329a98053e80495024064211d85a8a,0,3,1.8315018315018314,546,0
4aeb3a010516c465eced1585333d7b8f,0,6,2.044989775051125,978,0
1ac1749325721e5ffb57670d17f15a94,0,4,0.0,362,0
4fb9fdb900543ea084fe7701a9da6c54,0,4,5.208333333333333,384,0
610cf57a0dcda811cf937fbc0b1c218a,0,5,5.154639175257732,582,0
3d8528a6cabc676c89d7807ad2a25175,0,5,3.6832412523020257,543,0
97035d553c6df68df4867652edba774d,0,5,0.0,764,0
721ee59208d741d90a0f0f7708d4abe8,0,4,7.936507936507937,504,0
b45c7c59918718b07f7b631058619ae0,0,4,10.1010101010101,396,0
3e7bb891c6a66c0c3a470cb309c896b6,0,5,0.0,656,0
ceb0efc4347d67785016dabd19adcaa5,0,4,0.0,768,0
7e26657536232dc5034ebce17a63a560,0,6,3.4285714285714284,875,0
9be9aa071d0013da5c12998641966ceb,0,5,12.455516014234876,562,0
f7ba7b602c815668a040723760f6cf74,0,3,0.0,273,0
a2f518b68e85a90660c51ea8e5af4fee,0,4,5.763688760806916,347,0
9191fd1618f91189bea7dfd8857a6b4b,0,3,0.0,285,0
6b0a6f850dea88568a6aaeb7745370c2,0,4,0.0,465,0
ae1afb1b8a24b4192edf6a1b9a8b5b19,0,4,0.0,492,0
3f1d711e963c589361a659ee93bc460d,0,6,4.310344827586207,696,0
bef956b3aba625646b3d3dcee01b1c50,0,3,0.0,287,0
667ae28f5d9c6cf730ad56b805ad4eb2,0,6,8.565310492505354,934,0
518070f979c371dcb2f0a1e7bf69b933,0,6,8.754863813229573,1028,0
7edb9cbf0e07a7f8bc317b4c4f1cd4ce,0,5,3.502626970227671,571,0
1f75d2936c5ff2f0cecde7183f5aa020,0,6,2.677376171352075,747,0
fa500a669176c7788481664d7c0b2b27,0,6,1.1862396204033214,843,0
2459cef590ba687400c4d085f567b2bc,0,4,0.0,548,0
89e14e7de1a45ff70fa82352156678c4,0,4,3.6363636363636362,550,0
d751bf8bc993fcf81af90dedf651ffe7,0,5,3.816793893129771,524,0
7f22517b671407338d8fd2be5cedbd80,0,4,9.70873786407767,412,0
2d3caedb9d029500e1a9d6e9b641714f,0,2,2.6246719160104988,381,0
f2ad038a4f3ae37029f644950b43e20a,0,5,0.0,483,0
1f8b276de690771b65e5a2c91d01c53d,0,6,1.4727540500736378,679,0
b1d190d25d5a7d86f76591399b5385f9,0,6,2.5380710659898478,788,0
7dd8ebd4b6ca30db9a072711e63f0019,0,5,3.3783783783783785,592,0
df3d042e226584f24532cbb832dc2d4c,0,5,5.30035335689046,566,0
f52fa2ba71ae181f34fa2212852abb0b,0,6,8.105369807497468,987,0
652f9b81cb3c7838d6a0212d9f5b953e,0,3,1.044932079414838,957,0
6c565fb395c2187d8684080443d4c2cb,0,5,9.77198697068404,614,0
0ebaddf916ad9cf889b5322378b9e4f2,0,5,6.688963210702341,598,0
d75a6fbc322fca7a825f9434669bb90b,0,4,4.672897196261682,642,0
816ee090184c3d84fc9339ee6093ee03,0,4,1.8484288354898337,541,0
5c004784eab4794df44f691b82196813,0,5,6.4,625,0
d3c0a3f173ddba75ab9407a7baf0dc9b,0,6,3.787878787878788,792,0
70389099be146b55ec5bafbdd88f9713,0,5,3.6363636363636362,550,0
05351f8a32cc5b94216f6dd15592bd7a,0,6,1.7953321364452424,557,0
52bdef46ca402d0858ba79e7fffd8e73,0,3,0.0,294,0
e633217ecd2ee52c8f62d8cdce1524bd,0,6,5.574136008918618,897,0
1b62c4d6ae9752a886c83a2e6e795551,0,5,1.6891891891891893,592,0
90115cc6601fcc94f8e4f2fc95e11aeb,0,5,0.0,819,0
851ee8582693ebb87127788753d7a7ca,0,5,12.048192771084338,581,0
6be765936374223fecc524e36625eaf0,0,4,0.0,296,0
250dbcdc82d34cfe8bffb09d7116b458,0,4,3.236245954692557,618,0
9567b4ee6fb118d4fc6526051f9dd708,0,4,0.0,372,0
7d98a4a65c8d8f51835524d4422234b1,0,5,1.1737089201877935,852,0
11e9103ab0e89a6b2aa74f69a6519dbd,0,3,0.0,298,0
1f2b171a2d4db9020cbe271d8995d865,0,4,1.4771048744460857,677,0
f6ecb0cf7eceb861e46b7e0eeb197772,0,5,2.280501710376283,877,0
473f01c7913bc334aee7ab5bb1eb26b1,0,4,2.7027027027027026,370,0
5a62a6ebe97df4b0a8af290620abe413,0,5,7.183908045977011,696,0
55cb0178f3661e6bf8478e212cbe8b2b,0,5,0.0,574,0
9f74904aea1174ecd03fcda68bcda487,0,4,2.05761316872428,486,0
cf34cd0040c536792a0fa41a01b14cec,0,5,2.728512960436562,733,0
17d5bd61792b36cf19e9b58b83663a6a,0,4,2.3696682464454977,422,0
d257a008830816c68bf1e5fe917128c2,0,6,5.2356020942408374,955,0
9096a08df97d295b89c15f6737436121,0,5,4.975124378109452,603,0
ba8a7522cdd060bf8870642458785e1e,0,3,3.067484662576687,326,0
180367c4c68eff641d54101149c82def,0,5,0.0,626,0
425f0e0ffc4caa0e2d36482bdf510d68,0,6,0.0,630,0
60793d0ccfa582b9656417e80e4ce3a9,0,4,0.0,511,0
389fbab683b2b4e583dadd25ebdfe28c,0,3,3.663003663003663,273,0
8e65e3e7c97f27f005112e033c0866a6,0,5,6.134969325153374,652,0
e18a11919bad86c81b6a8e15008763f5,0,4,3.9447731755424065,507,0
4f21ee68451b72ef56f79c4dd6f185e3,0,2,0.0,206,0
ae58fe65da16d7c1472136831af731c5,0,6,3.5335689045936394,849,0
1d486e9ef3f1eb14374e9e2b82ff75c9,0,3,0.0,565,0
bf3e5d1c101b77b1b7b9ddbbd90399dd,0,6,0.0,878,0
893b16dd9ed95481546649b65b7725ba,0,5,9.541984732824428,524,0
b221c19686a0071083b2e17fb199ffc6,0,4,0.0,391,0
51f07e493a9aec4b2e0616989d0bf309,0,5,6.644518272425249,602,0
f98922eab4a10f82b2942044ac8bc46f,0,6,7.8125,1024,0
e9ec51f49d0a8147ae3d1028d232af21,0,3,4.524886877828054,221,0
7b408c4b80ab902c25f9799f29d1071e,0,5,0.0,807,0
bf4931150a5ebbbf49a63a38b341607f,0,6,3.3557046979865772,894,0
9f34a33ff9c6f1369626635beece26ba,0,6,5.045408678102926,991,0
d66baea8f80f221488f6cdb1b363c882,0,2,0.0,269,0
716157b7e9f08a2e18cb7ba037cb1c68,0,5,1.6420361247947455,609,0
a234ae52b0f7cca5254529cbc0d9f94d,0,4,7.518796992481203,532,0
12cb4448aab4407e76948bb952081b60,0,3,0.0,251,0
f377846a57c813381e752f7ac1552fee,0,3,0.0,397,0
d10db64af865b84e7aaaf001c8a05c62,0,3,5.58659217877095,358,0
5fdf41361bad49ae6de636221e2743c1,0,6,2.525252525252525,792,0
6c56771abb6a238a9d0300ae521471ed,0,5,0.0,525,0
e76a2cb7caa910e3ef6e03d50abefe3a,0,5,0.0,535,0
79f52fabda0cb1f36000c69eecbff3e1,0,3,0.0,457,0
b2beefdcf96edb849b589fe78016474f,0,5,0.0,793,0
dc33667f4e75bac1c2ee4e64f49ae930,0,4,0.0,333,0
c1f1f4bedc8bce8e4bd1896fa433b4b1,0,6,1.829826166514181,1093,0
f34df1906774c9d23f7606d2f1a3c338,0,5,4.801920768307323,833,0
0f0a49e91cabce2fdad884e276f98a58,0,5,1.9267822736030829,519,0
1c4c0e5832d204b8de02c1efb7863029,0,4,2.074688796680498,482,0
597ddd300ca63d75d53af623316b086e,0,6,2.444987775061125,818,0
2fe3a3efd4ace5c0c23266c3b7681d00,0,3,0.0,473,0
2bc6f1575f77810c86428f077262ebe2,0,3,1.1389521640091116,878,0
a7dabe83420ac364cccab1e5047544df,0,5,7.722007722007722,777,0
28363d69cff02d12cbca69d8968c52df,0,5,0.0,695,0
06385c3d3d507a191d8fb5d1c4413e1e,0,5,3.372681281618887,593,0
3b11dd77d931cd695453beb9e712a00e,0,4,4.3383947939262475,461,0
550b72b564a03156a445ff8095f3cb2f,0,5,0.0,483,0
f6c717df7273c62b487fd0b7868c860e,0,5,2.789400278940028,717,0
2624af8a7287376a4270a57d7e82438a,0,4,0.0,637,0
f1079f27ab8b3f889a12799e20251891,0,6,6.979062811565304,1003,0
4eeee82d686034944d338651b97a19e3,0,5,0.0,608,0
59c902cd168b91d8cbb36e75ee586d36,0,5,0.0,770,0
dc0bf9cb4a17f04cf941f21443c88f06,0,5,3.9603960396039604,505,0
fbdf6ef4b5c1339523ef0252443c7d62,0,4,2.1164021164021163,945,0
06a63cfae5f900fffe5b7795dc67c9a3,0,5,1.0615711252653928,942,0
c38b94259c18362f46f6cc8b067676e6,0,4,1.937984496124031,516,0
f8547fbf13eab06e06c4ec5ee2a01a50,0,4,18.6046511627907,430,0
fa455b28c9e9019ee56d98e97aaf9406,0,6,3.179650238473768,629,1
3b9139104aeee96c81f167a805501aeb,0,5,3.134796238244514,638,0
0b47cfbafaf964526d17919a289c7f6e,0,4,0.0,323,0
4c00a3d475fcf42905e831e3b8c2dde0,0,3,0.0,282,0
0ce620c523f53fdbebc8b4c84a9c6871,0,5,3.3557046979865772,894,0
01a754328d3b5d3c7678c6ac76708d2b,0,5,0.0,698,0
716ad3b6810babc833af3552ed856b24,0,4,0.0,539,0
c24568f331b0a9dc2da8062605b4a70f,0,5,6.896551724137931,580,0
fd29b37dc30d03c0f09812a155494012,0,6,3.003003003003003,666,0
4382938c00c56ed504d30d09bb77b1ba,0,5,1.2953367875647668,772,0
26eaed0c54b1e6211c6b27b57258abe0,0,5,2.0366598778004072,491,0
47cecc501464b217451ca694a1d8f137,0,5,4.7095761381475665,637,0
d27899937c61e649feaa08f3610a8713,0,4,23.80952380952381,420,0
580084cf9828a6c677c6d4e0fbacaba3,0,5,2.805049088359046,713,0
b1684aed4f3d5f43e53afc4179221868,0,4,3.367003367003367,297,0
c24288b274accd01ac7ea013f47018b8,0,6,1.937984496124031,1032,0
d4f36ca0c35043384505aa6f21910dfb,0,4,0.0,565,0
f019d3d9192e69cea8cd8382459a9b7c,0,3,0.0,1071,0
2d4fc8def2ff1a555985efb283f980ce,1,4,1.6129032258064515,620,0
bf35c41a7044a9a1bf647055cd143c1c,1,4,0.0,536,0
56bb30bd81ad55662eb25e5a015d5ab3,1,2,0.0,335,0
f79f9b26b9028da3d654008f29c2e7a5,1,2,0.0,278,0
644e90560700b4c8118163fbad42886a,1,3,2.9154518950437316,343,0
223241fb8f9d5fe919b58291212e31c6,1,4,1.949317738791423,513,0
c3b697ae2cee3d300bf6b6daf60be598,1,4,0.0,525,0
06f47980129f47e8ab10a6cffe100a14,1,3,2.5188916876574305,397,0
7bd4bac5324ea4c4c344b57b3a037a53,1,2,0.0,338,0
e71a156a28c74f20016c12ba4e70d575,1,3,2.232142857142857,448,0
8cbb157e00f0ee94e4d76f4ffe64634d,1,3,8.264462809917354,363,0
557c5ea313544cf57c9f54b9b2a3831d,1,1,0.0,359,0
0285e7ad6cbb5de85271a8282858619d,1,4,8.720930232558139,344,0
5ba9ae1c7b2ab5604fe84d62b00b11ae,1,3,9.280742459396752,431,0
c210e044a3ccbfed32254d37c6f28d85,1,4,1.492537313432836,670,0
861172d4971dd2a5e2279e91ad7bc9b5,1,2,0.0,328,0
c1d065a0c8753bc27761c7902d57854f,1,2,2.242152466367713,446,0
cef2ff1bbf39e7fffc4aaee4827dba0d,1,2,0.0,760,0
4910d37d5e77df8b1a2b8375a0fafa99,1,4,1.6260162601626016,615,0
0a629f3838d17dfac2cbdfef8990616c,1,2,0.0,292,0
8205f6bf12f16992fed19766f618aac9,1,1,0.0,274,0
9c603f6423738c51b1cb8884d8c745b1,1,3,0.0,281,0
ad30d2bf87842119e3d4f0a310ebb1a8,1,4,2.3980815347721824,417,0
bea15e24cd54546b445eaa4f747c2f1a,1,4,0.0,571,0
99c0b231df3e7fafc15c11a892ef274f,1,3,0.0,428,0
9074cf52cf8dd7c4ccfe1f088f98d1f1,1,4,0.0,479,0
c289a4c51b59a811e1a21d7c7a8cfce6,1,1,3.3557046979865772,298,0
b828873396aa420e312d32aafdb0dcd4,1,3,8.620689655172415,348,0
b3078b0e6af5f9eb26e301fd140c1ad3,1,3,0.0,463,0
4903d6a0923d95f43367b6bd2ec967f2,1,4,4.545454545454546,440,0
52545ef7661fe70309a0acfb881dfef3,1,3,0.0,329,0
955184c67cc5624a151d1f325e84ea18,1,4,2.232142857142857,448,0
9cc211a5881038966a610ff234b3901d,1,3,0.0,372,0
4763a397167f0bd89e4f9b476ac0a0a1,1,4,0.0,425,0
2cb7a22f04d3bcba19774ab9cdf57a3c,1,4,0.0,386,0
a6451ea1e9d3c00926bd5fd32ed707a2,1,2,0.0,243,0
f347b6fb05e239aa085f22d27ee34ebf,1,3,0.0,437,0
ef6787bac12c53976244e4d09ad596ba,1,3,0.0,368,0
4c20174c2e0e007e52ab07920db9fe9f,1,1,0.0,536,0
c3061ea744d15df7d58ff6504db1a56e,1,3,2.5188916876574305,397,0
f9956216beb2c97b75133d56a6fe11d3,1,3,4.62962962962963,432,0
7f830cc00b3f8e34860a1fe538029482,1,3,2.0242914979757085,494,0
316381b162337bf3380525820fa42221,1,3,1.3605442176870748,735,0
7b90b608edf7fc20db46c842d2fa4510,1,5,4.189944134078212,716,0
4a04a15f795998f9f907d054b76c0038,1,1,0.0,209,0
c9cf8da80626aa925dab6c695778aec5,1,4,8.561643835616438,584,0
23aad74d64cc5c3b3555cf060e5e2b5c,1,4,3.466204506065858,577,0
5936508b5ccb5687147a5c8070df0c07,1,3,2.932551319648094,341,0
93666c653b4858a5fc8ab1e9b3fe88eb,1,2,2.506265664160401,399,0
e6737973034e328917e05022033d4375,1,2,1.8281535648994516,547,0
a762c3a73afbda9e7bbb04b744f80b24,1,2,0.0,272,0
0997627312bca479aecfdeff0215169b,1,2,1.6835016835016836,594,0
8a2684bf07bc5c9695c9ca235cd4941d,1,5,1.7761989342806395,563,0
04032e124d5ac575193c99f3a29976c7,1,3,0.0,340,0
830460dadea0e2921e999a91f2be078c,1,3,1.663893510815308,601,0
ae7a89ab1517feea02c26a8122a4a0e0,1,4,2.4096385542168677,415,0
5ac0b462859a144cbcbc3720b68e71ad,1,4,0.0,584,0
d9829652a9027a0294ed157a5916161a,1,5,0.0,493,0
90329686009b6571edb829102bacf49e,1,4,0.0,411,0
28059c83a9f4a791db756d19b4900e52,1,4,2.793296089385475,358,0
0a82c16208686271046de32c20a35bcc,1,4,4.366812227074236,458,0
3603e86b0523f9ed189aafbda84422df,1,3,2.493765586034913,802,0
38244d51fc951b4dfd7098f85521caa2,1,3,2.1367521367521367,468,0
9b9a88510c512e0f922fa7da5cb50c71,1,2,2.6737967914438503,374,0
3555e769fe6e884441dcffa406354d19,1,2,0.0,251,0
bc2f3e770109800c0c36a9a220052d86,1,3,3.717472118959108,269,0
e5e55cbbd4101bbecc95a2e40c686ab7,1,1,3.2051282051282053,312,0
9ab03906a53cc8780dbc278dd6d30723,1,1,0.0,247,0
239cb0ae26060c493c6ac0adafc408bf,1,4,7.889546351084813,507,0
7b3dea84748bcab665fc20d731dab3d9,1,2,3.8461538461538463,260,0
69870296ce098f252c39f15c5444f6af,1,3,0.0,507,0
9ba9b540ba6b459eb4c313fac5b0f6e5,1,4,0.0,580,0
557ba6bba8b0d4da82708702debf98aa,1,3,2.7027027027027026,370,0
6af83cf46218fcdfe44bd595dedd54a7,1,3,8.281573498964804,483,0
5d3516f913f9af2e7d1c933857b91052,1,2,0.0,225,0
778919662b168168e602c7c85003b4f8,1,4,2.0242914979757085,494,0
57347dc67e1ea338b121b66adbda0364,1,4,0.0,581,0
b7354c82315b6bbf3175f275a3cd7410,1,4,2.9673590504451037,337,0
4b5a843f181cb97f35ba87cffa863535,1,4,0.0,527,0
69aed2946c1a471a2041b63c850dbfdc,1,4,2.150537634408602,465,0
b07bfc99dcd8f26815fc0ea026e4f9ca,1,3,5.167958656330749,387,0
9e83c4823459a255c2db53f9e7fdd369,1,4,0.0,438,0
586aae67b312836c87ac389a40341208,1,3,1.6129032258064515,620,0
8830a4265c43b5ef331edb0ebd13eb96,1,4,1.8484288354898337,541,0
342de33353e456c4ed9b811bd9c5b4c7,1,5,2.277904328018223,878,1
e81a2fee6b6f61c7a685b78bbd1f6d8f,1,3,0.0,536,0
a4b584dca16de5f1056647eb76ff9935,1,1,0.0,674,0
e0024890dbf7490532fbad68ec846e8d,1,5,3.7383177570093458,535,0
ab867264a2ec433cca833e9ec3598e7e,1,2,2.570694087403599,389,0
f965a655fda1e6a88c4fa611c4925ce9,1,3,0.0,309,0
c41db2bf8f85dafa984ddd8d0f9b0a14,1,4,2.0661157024793386,484,0
49c5a6df88e17ee778bb6be96b9fdaff,1,4,4.2979942693409745,698,0
918cf9648e98379b918844060ade69f5,1,3,0.0,574,0
5f3f794f8e50579010ce6bff7d9f4bde,1,2,0.0,504,0
9ff1bd2f84b7f965ccc222ec8a3b8bed,1,3,0.0,307,0
afea15cde81d1092ade3b1d80033f776,1,2,0.0,511,0
6ad30b049fe4006920dd4c533bdc0065,1,3,0.0,662,0
84ed1968ee0392a1f660ced01a90346c,1,5,1.4705882352941178,680,0
bd9f46c0774b949b38f4cbb0b5545b2e,1,4,1.5723270440251573,636,0
238afc53809be469c306af52606c1ced,1,3,0.0,352,0
0ff3b65f1ff800091e6ff0a149075c4f,1,4,1.9120458891013383,523,0
988829f241fc470a9e2e069ed6c0af97,1,3,2.4732069249793898,1213,0
18a06e82ad2b86757c7d3a64b789b5bd,1,3,1.597444089456869,626,0
9526e72ed29e156ef3efc139651eb7cd,1,2,2.070393374741201,483,0
ae6707eb15978e2988bf7c744caf8618,1,4,2.347417840375587,426,0
cf407499676dcdf97d33953ad7b9a4ad,1,1,3.5335689045936394,283,0
e99cf1bb8f8e0ea524153fa80817d6e3,1,3,2.4691358024691357,405,0
22d5f3d4169afb91cb61253eabdecf37,1,4,0.0,483,0
37455656cbd870c21dd6c7c4c2dc1b79,1,4,0.0,684,0
cbd6f49d2e256836a106f916f27df8e2,1,2,2.506265664160401,399,0
59bbe09f68cb33a3f3564a560f024ed0,1,2,2.0080321285140563,498,0
e1a0c14cbae4c94b8d478038101effdb,1,2,3.8314176245210727,261,0
d6fb81921a90fc757e4d9e65b7c55d60,1,4,1.6474464579901154,607,0
ec75c3a02269877fbfd58b797005392f,1,3,0.0,460,0
83193ccd5a73a020923cc834bd725333,1,2,4.065040650406504,246,0
351eac2db30684186fee497fe34fb4ef,1,2,0.0,211,0
b692b8c10f0a1e3980bd515b241e16fb,1,1,0.0,174,0
213ba266e32d0a266c16605ca108a1f1,1,3,3.1545741324921135,317,0
3148e1b5ee39b711d5a5300feb5d1804,1,3,3.1446540880503147,636,0
11ad120c368c1a13bab89ac53ce6a85c,1,2,0.0,216,0
a25e3254973794e1bb6841a7fecc5ac2,1,4,0.0,473,0
706ee28b213229a497a0d0aecc59bd08,1,4,2.1186440677966103,472,0
3612e9c531682ab514f7d7423fe4d076,1,3,0.0,348,0
db3aa5592e0d484ee853b3d655971ba7,1,3,8.982035928143713,334,0
1ea0d408a341533a91958ffd6c8aaa12,1,3,0.0,392,0
76a095c37975987df02c444c27e6803b,1,4,10.37344398340249,482,0
8c28999352143224b65cde9162cee2fe,1,2,4.608294930875576,217,0
37f00b245eae1afaabc476021d4586b1,1,3,2.202643171806167,454,0
8bfac55f48fa9eb0b6c9b29acd6a8c66,1,2,4.8076923076923075,1040,0
03dd9bc9be925e8fa73070c894f0eb15,1,3,0.0,416,0
81ff91c0b51017ad6964f239b560bd43,1,3,0.0,254,0
0b0cb1df42666148b5a013a181c1c0ad,1,5,6.629834254143646,905,0
ca01e8c451a06ed3bca5b74a762ff5d1,1,3,2.4154589371980677,414,0
218d1f5078c21944e5bbc2678ebc40b4,1,3,0.0,370,0
6b6828d900a733947677089d78cb262e,1,1,0.0,277,0
5bc0115ac42eb50cd3cb8bade27b076b,1,3,3.90625,768,0
1d2fa32543e9a59f742c730b3d16c54c,1,3,0.0,339,0
77930380558cbcb20884ef801c9c04a4,1,2,0.0,219,0
03f9c648610e859166cf7b10843db9f6,1,2,0.0,274,0
0eaadd34ff243dc6e36c7c5780da492f,1,1,0.0,233,0
e4c18166253670dbdc85360853ce7ee7,1,6,10.192525481313703,883,0
73efaa8938d88d3aa6dd061007e31e54,1,2,8.810572687224669,227,0
900f116ce34443a4aeb26aeb255f4932,1,4,0.0,418,0
afc2f9ba4b407d93970403b96852ee6b,1,2,0.0,327,0
bc869ee18c8cb26915181916996f0951,1,5,4.1928721174004195,477,0
d55399734530d31b3a28c4f74d01e5ea,1,4,5.847953216374269,513,0
7aa06895b9d0f7f09b3474424228c856,1,2,7.444168734491315,403,0
0b9183cfbbf7905153ac74b5c52d0a03,1,4,2.237136465324385,447,0
aa1432ed75a9b252758b10038cb4f8d0,1,2,0.0,206,0
863235b1471add0620a68a12389fa0f4,1,4,0.0,669,0
51275950b6728197bff33cbf57985648,1,4,2.4630541871921183,406,0
5359735fbfb1ceae333f030f6c389583,1,3,0.0,613,0
048edaf60713dce0c35f30d2ad1d46b3,1,5,0.9514747859181731,1051,0
17ba124c0abfce7806e00cdfb9f15e80,1,4,4.329004329004329,462,0
d808ddfb1edfa6dc41e08296139211ca,1,2,1.3850415512465375,722,0
bedc4297629335bf0e09295013954e38,1,1,0.0,217,0
9dfc2ba0c3ba74aedd2dbd25a462a768,1,3,1.8148820326678765,551,0
8340f16d273a2d2cfe80be5062efd0fd,1,2,2.971768202080238,673,0
dc459c1fd017ada495ae317b673b3094,1,4,0.0,609,0
9d4f3a1180967de05b614944bc3e3b77,1,5,0.0,834,0
c853f39435f8ff7fc11006edb2af8b80,1,5,0.0,746,0
88fc1ce11d6dd811f0de4ba5b6cf96d7,1,3,0.0,276,0
33ab99d43bbac07243f427be6b63fd97,1,2,0.0,289,0
91902c6a86e204549d1ed57b53933ed7,1,2,0.0,183,0
428533d29389efc24bac73c749a29095,1,3,0.0,275,0
b8204ad01e82975b6c683184d81bd1ca,1,2,0.0,238,0
9d7842ec7bb25a07aab964375c4b7a84,1,2,0.0,234,0
de25a857391e8f1bde8015f7a85a3630,1,4,2.237136465324385,447,0
a5464cc0d6bc9f187912a7ec984a8a9b,1,4,2.4096385542168677,415,0
ff81a0363265225253e4f96c6b4645ab,1,4,1.4577259475218658,686,0
8e774644231f47b8442a1796cc0abe82,1,4,2.0964360587002098,477,0
7d66457416796cd8cec8446e72ca1f03,1,3,0.0,563,0
b116c19d1afbfef846cb96aec27d81ad,1,5,2.932551319648094,682,0
22b6d6b41ce0139112b679e52ffe8c33,1,3,0.0,494,0
ec21faab81a6d5318b062886e53870c6,1,2,0.0,238,0
916f3b557f08a45f81199c2216ac0a8c,1,1,0.0,357,0
65ea46d7916a0b0c2883dbe88ebb450a,1,3,0.0,205,0
b65b2a816c9c405493a2c8abac36f80a,1,3,2.1459227467811157,466,0
ea1b19464b86c62c9af1394363a2ad2c,1,2,0.0,429,0
f10127cd44cbb5781e70a3e3729a9278,1,5,0.0,975,0
0b2ebf12cd904f75c7a19df85331c092,1,5,0.0,969,0
08a40002def17870a156c20b8417455d,1,1,0.0,193,0
bddfefa9d909e83fbc444a5ca4dac7b1,1,2,0.0,226,0
d8bbf721d1c5a9cb4533ce2a850c677d,1,3,0.0,276,0
aeccd387b04f1bf8f3b25a33ab269d92,1,3,0.0,338,0
6cbc510893257f395b297a6c6c4791ab,1,3,1.366120218579235,732,0
130d1d549c600be1c07ec0798fe337da,1,3,0.0,578,0
3952ba912945686ef63571b470fd73fb,1,2,0.0,163,0
e6ec24c3b9e598bda74243994a1a1688,1,4,1.6339869281045751,612,0
976fe691704d4c5972161916889d3c65,1,4,0.0,516,0
8a1356c75157f1b2168f32254d9b3dbc,1,2,0.0,325,0
e094b96600e4309ead5e929852b6d91a,1,3,0.0,297,0
b74c1d3fccb6bcf6b5cd53d8cfd901db,1,4,0.0,415,0
547252a6ed11e149c0834aa79695fe38,1,3,0.0,401,0
32f54414745f355e79e8e181778ed5a4,1,5,6.006006006006006,666,0
30b786fe086e2e403234f11f6ab07cad,1,2,0.0,355,0
13a65518507dc8019aaa7e012a64ca72,1,4,3.717472118959108,538,0
ac0e130262362a81b3689fde257fe211,1,3,0.0,497,0
36977030c84dd2d6f818fd3532892807,1,4,2.1231422505307855,471,0
05c46aedc5cd9b10996f118ab7f93002,1,4,3.284072249589491,609,0
4b024b582fa4b914c18070669ca6a95f,1,3,2.347417840375587,426,0
1c62d8826ad3721e94f556c1bdcb81f2,1,5,2.8208744710860367,709,0
1108d02687abaaf1e2105bf75c6b66cc,1,4,2.710027100271003,369,0
0f39ffcb7d4319dd8fd6916f28b52e45,1,3,1.6666666666666667,600,0
586d61d41f1dc77b426c862b6088a266,1,3,3.1446540880503147,318,0
c8d8ed183ddc327c27987bb6d82b0760,1,4,0.0,358,0
fc6d27a95734aeaffd75cca718fa65f4,1,2,0.0,215,0
ef920a2bdbbfc8b8d72153e4d3fafdc9,1,3,2.2573363431151243,443,0
2f9d6c1e727924c7073209c12ee177a0,1,2,5.714285714285714,175,0
29d13e1cbc88a35307a999c058fd1641,1,2,7.042253521126761,426,0
920fc22b72a7910cf5466312b07e2fb4,1,3,0.0,505,0
bf630162cf94d62d083678d68ff6c8ef,1,5,0.0,622,0
3ba993ebe1391dfbc5ca1ecbb9f3f14f,1,3,0.0,381,0
ead8a38f5befae955ff0848a77f5e12c,1,3,0.0,368,0
5ead9ada6391c4f7cfd8820e821514e1,1,4,2.9585798816568047,338,0
9095697e74d26e28fbf11315f95d0063,1,5,1.7590149516270888,1137,0
f51ae2adf1d523c9c260aea542d66800,1,1,0.0,173,0
93eabb52c089af589f7f6ff3bb06e4e4,1,4,2.7624309392265194,362,0
b6af6fdba160712975578a652cea02c6,1,4,2.074688796680498,482,0
2c499ff2542afeab5b11b7ebc185805a,1,3,0.0,430,0
a8021298d99c6b0215472d98d6344649,1,3,4.750593824228028,421,0
4d30aa49a66834a34e878c68a7c5101d,1,4,0.0,499,0
a69b64d3e82b593d74919d441ecf4696,1,3,0.0,345,0
8ec6d0abf62eec7aadbbab24ab6ed33c,1,1,0.0,160,0
db0092e83ced51d2840690a36a1e57af,1,3,0.0,380,0
769690f051ab27665317b1510669cb18,1,3,0.0,244,0
11cbeeb08182ec9ca162e0194c484532,1,4,2.457002457002457,407,0
7e65dc81ce1dfb600fa1e6e94b3a104d,1,2,5.899705014749262,339,0
e412ae215534978f89652d3673b08a29,1,2,2.3529411764705883,425,0
4f9238197dbb1ed80d057386a3458e13,1,4,6.700167504187605,597,0
6d793f9de9a1860f24481cc56d89f42f,1,2,0.0,285,0
38c607ffdf80f47324f5b9a5b12ca312,1,2,0.0,221,0
53a7061d02e358101e85578539d49cd9,1,4,0.0,375,0
b5f8e661b312c9edadd1395a03016184,1,3,3.278688524590164,915,0
087b4713136d0d6597db5b6d1b50a709,1,3,0.0,250,0
b912e1a9efe1eb02fd8e44ecde09403b,1,3,2.9069767441860463,344,0
2eeb22e1a0630f9001112f8f83768c2c,1,3,0.0,454,0
da408e982e35253151bf8c652635ee1c,1,3,1.8181818181818181,550,0
33b8bb97e86b9fdc092ace2a10e6b09f,1,4,0.0,475,0
c4ceee1ca0f3677cd32218e37b4591f3,1,2,0.0,262,0
bbc0a3e429986029170b043fb661c437,1,3,4.25531914893617,235,0
0673e8e2198268223ce2eb5ebe364c94,1,4,2.8208744710860367,709,0
de76b5f30ca462c36a5a5a1f96d227ce,1,2,6.097560975609756,164,0
07eb11932b18d33a0cdf4b17e4d388dc,1,3,0.0,506,0
80db913ac1a5c0e8451dd3116317cd3c,1,2,0.0,334,0
952495b28235e584cc8857c3f3683bb2,1,3,0.0,287,0
f068475c00e8193540d31e3e177355ba,1,3,0.0,364,0
330e00fa7053593cec8740e010a9f532,1,1,0.0,289,0
01025cc82db34ac9c8cfea552aa297fe,1,2,3.7243947858473,537,0
4262b6072104d5e4de39fa8a8ce306cb,1,4,0.0,451,0
1259a3b998559d8980ef754718b5b65b,1,4,1.949317738791423,513,0
b92728d3f54e31f8b485ee90ba48079d,1,3,2.2988505747126435,435,0
b26b940d920d3bbf8d51f820b3e96ab4,1,3,2.9154518950437316,343,0
99e668c696c435e2aaf7e2dac78d3b25,1,4,0.0,639,0
3f8a9157970089d89eb9e8f179fc0ed0,1,5,0.0,666,0
8243139125152cc720850d59de308c68,1,3,0.0,384,0
0f0fb7af7eb9729613b92c0c61b744a4,1,3,0.0,330,0
d5b91875ec6bb1495cf12557ab5330bd,1,4,7.751937984496124,516,0
60d4647792d115440e7dde347eefdfa0,1,4,0.0,319,0
20b27299c4f3be65bee0af714239aacd,1,2,0.0,327,0
ccbef2617b4a91b3e529035fa1f0d8e1,1,2,0.0,391,0
ffc2357f770219f193e2967a95f68b47,1,3,0.0,479,0
45b2b7ad201352d5219a05b63084e4f8,1,5,0.0,790,0
6647799634725d6b00c6bdf1b29fbc4e,1,5,5.671077504725898,529,0
c3ee7cc0e25886f750a71761ebd6c798,1,5,0.0,721,0
321f197e13d5bd648be915387047ca0a,1,3,2.272727272727273,440,0
27155281945bf4cca6156215a12c2031,1,5,1.8484288354898337,541,1
1a3f51e61a1d4f95e9c1baea7d09cd8c,1,4,0.7886435331230284,1268,0
ab000c4a7466eb256db88080a465ed40,1,4,0.0,858,0
c890fe0ce6d20d6ef9ce55aa9d20e8c1,1,3,3.048780487804878,328,0
c59fe4df54f64e7cfc9325b712df2c1a,1,2,1.3123359580052494,762,0
a0e63f21454d79941796fd6c0bc2eef4,1,4,0.0,658,0
b87c057d742ce0d99c56f3329a454fa6,1,1,0.0,254,0
e0b25a6780647bbde3c410fa77d7e57f,1,2,0.0,269,0
4a3bd934df5efe8512efe94498c4d308,1,3,0.0,288,0
5e867568da88144eb8c5c94733bd2228,1,3,0.0,282,0
4e8a86b75b02d1c5759ca11f3fd7a749,1,5,4.531722054380665,662,0
c60284cc64bdc38b9a7e22072ca603d1,1,3,2.881844380403458,347,0
4ce26e367c8b0134d97903dbe8441412,1,2,6.430868167202572,311,0
d296749a4363e44bd9b76ff78570bff6,1,4,0.0,459,0
ed1428ca4a3f4d915a1328c1ee52fcd9,1,4,2.032520325203252,492,0
396998d47bdef78cdfd5e98a15b7374b,1,4,1.9455252918287937,514,0
216197fc1a77df9c89a4b07e45f4a074,1,5,7.541478129713424,663,0
2c538c007475c978975457380764c4d5,1,4,5.882352941176471,340,0
d5426627790e63b2a8d42b6322a1f2b3,1,3,5.1993067590987865,577,0
e43babaa1e5f08bd40215538cecbffb8,1,4,2.2271714922048997,449,0
b56a9b65e4b82e92428ac91890f1f792,1,5,1.9607843137254901,510,1
13066246041f8a1bc53e18c6401271f8,1,4,2.05761316872428,486,0
83825486c2004544abfaf5a6eea855b2,1,2,0.0,337,0
3567cf51dba83af7f2191f75a1ded635,1,3,0.0,371,0
790424b21b55b152c9012aa87e1a0364,1,4,2.0408163265306123,490,0
4df19fcd512a66a2a070406b2f213fb4,1,2,3.952569169960474,253,0
f3eaa3b360acb2ce38f93101f7fce772,1,4,0.0,796,0
67de34b9bdb389d6aa71612265ec91b1,1,4,5.253940455341506,571,0
1eee70439826c8dc3512442d5a530d72,1,4,0.0,651,0
de2966eee59b5932d0c499e00352eb0c,1,3,8.403361344537815,357,0
625972c54e0aa13f4439a473b6eb0ae0,1,3,3.787878787878788,264,0
d17083aa492864dacce5a59880c8cd15,1,3,3.663003663003663,273,0
bff2c19d637e3483d2ba8c686a30f56e,1,4,0.0,456,0
e4e3933fabdad0afa9d1c0c816287035,1,3,0.0,625,0
4268c2b73b993549c9faaef91b857237,1,5,1.0964912280701755,912,0
1f86578318ef1fb523ef3e2df1cb0469,1,3,4.555808656036446,439,0
03b5f556104e0b776eedf62b5ee87be4,1,4,0.0,379,0
293e82778136433e9277b8cd1a172e25,1,3,0.0,536,0
c4380f2c5427a773bffc3cb03775ba61,1,2,0.0,471,0
37f9a7f022fb5984de90d683ac584c56,1,2,0.0,207,0
1be47e06d522f29f5f2267769da7873b,1,3,0.0,312,0
91b1fd14eb1996a26db167136a262395,1,4,4.056795131845842,493,0
f3f61b947b64d8271438356f5255cf3e,1,3,2.3529411764705883,425,0
628c822756186bfa2d7d21fe758464d9,1,3,0.0,699,0
fe702ac838f8bad5e56c8b22d8dcc157,1,3,0.0,336,0
2ff538b9e5bfae998c32375d737d5ef1,1,4,0.0,397,0
6e46c7d8dd546df98d4541afa76ce8ac,1,2,5.405405405405405,370,0
5f342ef8d8af1bd6c00e8c4a580fe04c,1,3,3.4602076124567476,289,0
eddf1ffe5c8fa2c9e07f218cf29a69b1,1,3,2.380952380952381,420,0
28b94a6e931ef824075129ba503adabd,1,4,0.0,675,0
3c4d784c4387628d894d497086401933,1,3,0.0,380,0
3bb0fdc784e6037999d06aa7cc85ec96,1,3,0.0,427,0
f5c558688a79bacf82f67e05be985c5b,1,3,0.0,462,0
b457f63ee1c44d90001dcdf10b75c3b3,1,2,0.0,259,0
6bd9f8551e2cc8d007180c279c4611aa,1,4,2.150537634408602,465,0
aba7e2f590b58db876b713f744b2ce42,1,4,2.347417840375587,426,0
c668dbebd9e02ecf0b8ace615292d3e7,1,3,3.51493848857645,569,0
94166a5cb7a3b439497f196598b54f82,1,4,1.8214936247723132,549,0
55af4b721486d81aee1536b01cab3e92,1,4,0.0,502,0
e7e6c0e04c6417a210f5d409b3d27d9f,1,2,0.0,244,0
679fa69e945cc56a11d5a5c85d21d669,1,5,0.0,792,0
51dae869fcadd13a22073d92862c8170,1,2,0.0,345,0
559f66f0a93c55b82fd4c14728f79c6c,1,4,2.985074626865672,670,0
d4b099915e74aa32f80a8afe10d55563,1,2,0.0,221,0
d36e920a5297f2726cdb5e52ac9954ce,1,3,2.0366598778004072,491,0
7b86129c732b4815a3ca903a12dd0e33,1,5,1.663893510815308,601,0
26eec7fd9fa5ee8e03f232abe3a81a5b,1,1,0.0,203,0
cca701d69ee07be084895f7ed54c185c,1,4,2.717391304347826,368,0
e5d8fc22f103bc534416febe87add01f,1,5,1.1337868480725624,882,0
86b933ab9ef2b54bd2fb488961db14a1,1,2,0.0,182,0
4be1073feb6e585d3bd22cf879441998,1,2,0.0,256,0
3cfe858160a477a66f64462061db8cf2,1,4,0.0,569,0
0cb97552f657c1f299a9913a59700b2c,1,3,1.9723865877712032,507,0
96f4f73f77529112fafcf97a15499fcf,1,4,1.4684287812041117,681,0
2554724e532844abf921d8acf36ed8d2,1,5,1.2484394506866416,801,0
45ceb8b3c0bb0166fb8d417cde85c497,1,1,0.0,225,0
4b703f788cb1dddd7014b721cddc5d05,1,2,0.0,594,0
5d16949146b0809e2fd880edeebd41f8,1,3,0.0,399,0
102345ab8c6a1a04067e3f031e873d05,1,2,3.1645569620253164,316,0
048a7351d55748b5e7a5a31782d454ea,1,2,3.9682539682539684,252,0
3f1f8a61dbcccba6df8ace8d7a4e743c,1,4,0.0,500,0
04bdea36125e665e2bfb384f6cac3aa6,1,3,0.0,303,0
7ccd1ecf5de521329dd23de5734d023f,1,2,0.0,257,0
4889fff24b1d51ad634b635666fa9d2a,1,5,0.0,610,0
d66196493c4f4ec3ab69e9da4b54b1e3,1,3,2.73224043715847,366,0
961489f1df57d18d933bd62a772681f8,1,3,0.0,301,0
8418248a9e848253021817d321ce54c8,1,2,0.0,403,0
51261bf77e83d0bf423c41dfd4bbd5ce,1,3,0.0,540,0
95704946b63e833750305bad1ad7b5a9,1,5,4.651162790697675,645,0
55352532ad5b8d561fa96c07d562ed8b,1,3,5.780346820809249,346,0
af810f056099d1a4628dc1db4dac1a8f,1,5,0.0,570,0
43d389e6bac53769ae7b33497da40dca,1,2,0.0,300,0
abac7333a571443325a2168fd9174945,1,3,0.0,577,0
efb24febd6fe9871153ce20f7bb6ec6d,1,2,0.0,338,0
2daa60886d18c20338e26a950a9aea71,1,3,0.0,257,0
d3df9f3f272543df5dd46d5b18e1e8ff,1,3,1.7730496453900708,564,0
cbfbfab86936e38576e64a232f065323,1,2,0.0,361,0
307e2f4d15308350850eedc37dc01a4e,1,3,2.293577981651376,436,0
59bb7d67c64fcba1bdf2cef0daf776f9,1,4,0.0,363,0
47a20a6c2e0ad1d75afb1bea213398a4,1,3,2.638522427440633,379,0
0165348c9940dc1ca24d8c3cd6efba6a,1,2,0.0,313,0
fc1e9f31797837ef938bb66c61f577fd,1,3,3.4965034965034967,286,0
1f50a71b3c90bd81201011e53aec457a,1,4,2.347417840375587,852,0
f029aa3c85014edb0430b287666251f3,1,3,8.90207715133531,337,0
627c2de9fbb8c94de3a95d82f85411d0,1,4,4.535147392290249,441,0
7e0ed45eca08ad78a5fd0db7c5fdaef7,1,3,0.0,411,0
8c3c83c47ccca48cb98a347adcc87f02,1,4,1.597444089456869,626,0
6a078ccf69e6b608b5ee566cd12aec1d,1,4,10.309278350515465,388,0
d4af34f17610d40fc56156e277693b9e,1,3,3.0120481927710845,332,0
a174f1c5ab193bf0b0bbef10bd681e95,1,3,2.1052631578947367,475,0
15478bb4791cd1abd9fa5091760fcd45,1,2,2.6595744680851063,376,0
871e22f60e36bc571d53055e88ac8045,1,1,3.6363636363636362,275,0
59e855fc48f2828b09d22bf733c48eab,1,4,0.0,467,0
87c3f0f183efebb24bccbdb406684777,1,5,2.2701475595913734,881,0
3d239f717f5c10f89001e3067ce5f01e,1,1,0.0,353,0
7636675928caf0b8e155941c30d71bd1,1,1,0.0,461,0
6b21d603b45cc661d17da3c813c6f5e4,1,4,0.0,450,0
1e71a8d5cbee01e9e004fb441a96dbaa,1,4,2.0833333333333335,480,0
92a3cf343b55c90ab10e2e1198d66484,1,4,9.900990099009901,303,0
f35a34f5e342900d0a8a35738bc82a28,1,4,1.7123287671232876,584,0
b4e6cb58418de2c2bcbc823a2d4a6ca5,1,3,0.0,378,0
21745876630751a95cc7c97a180ea552,1,5,0.0,486,0
e2469f41a21e5bffc6734ad2474de85c,1,3,4.405286343612334,227,0
03423744043ff7ac4f633aa5f5b3e26b,1,2,0.0,179,0
4fc207a95a3560aab62bce625a46997a,1,3,1.6750418760469012,597,0
d1db6cb7057dc51c30638a302fab671c,1,3,0.0,558,0
bbd94a37ff73271ee8b4f622062a00e1,1,5,0.0,866,0
640262a72d5c0c460a4fdc5e6a9f512d,1,3,0.0,363,0
b2776ec3fdecdafdc263039d36897464,1,4,0.0,430,0
b414920cddfd2a0fd964ddc2123e202f,1,2,0.0,206,0
b1fcdaa9c7419b8fc7130feacf26e9ab,1,5,3.3112582781456954,604,0
ccef9465045605aed407a2fe1396ecb9,1,3,0.0,253,0
070c3223e4a772e4d2ad268ef62ee883,1,5,1.7361111111111112,576,0
cd56f145d4973f7f83ee748779e84dd9,1,2,0.0,289,0
e1c9cc68dac5a8bd4cfeac189e9041d5,1,2,0.0,221,0
1fbe2ad60b0a502fea1dc53fd6300ed7,1,2,1.9230769230769231,520,0
66db9f4f1ac916fc7af42df64cb38303,1,4,3.4364261168384878,582,0
def0d95959f499059b06a22a32ec1f76,1,3,0.0,777,0
ba9f127eff31fe5a84f21f66af791112,1,4,0.0,498,0
aee40bb22b58dc336feed0d81599c0ef,1,3,0.0,340,0
4a7a9d5456631b6243bfb1bdafae8ff7,1,1,1.3123359580052494,762,0
777d5495823ae7f7fa234b23190076e9,1,2,0.0,325,0
496293d32a75e9430be28950655cea46,1,1,0.0,460,0
63a8d9198715f45dda6df34a527ed56f,1,4,3.8684719535783367,517,0
7f6d8de902eefc323c298f86099a69da,1,3,0.0,344,0
5a61168c0e5a771f88b0b5fc119b7f88,1,3,1.721170395869191,581,0
18d757e436019745ed41c8c53e5d0eea,1,5,2.293577981651376,872,0
9fb43e66012856fb85b2c6f975c0c186,1,3,0.0,373,0
47c0093110c54f0873032f6e6f5cbc46,1,3,6.622516556291391,302,0
ccaa8ffeb8bba29f2e498948dec50f52,1,2,0.0,161,0
1f050014e7fc77a3855b37456bcfe1c3,1,3,2.8011204481792715,357,0
3ce68cf0846aca5f0e7ed8babba03cd9,1,4,3.4782608695652173,575,0
f5794d83ca2732046667d193381baff6,1,3,7.352941176470588,544,0
5d39c1ac731bb11653fb5529917ca738,1,3,0.0,385,0
f1d3586d223fdcbb64efa6ea1c225e57,1,4,0.0,856,0
06809487eebe44db64faeb7dffba02ec,1,4,2.0876826722338206,479,0
23e76e8240c0b8f7955d0ce9826a5f5e,1,1,0.0,430,1
2b9aa59db62cabe4649910d024a7cbc5,1,5,3.456221198156682,868,0
9bfa4ba6f270d2ebbc0540bcf024db7e,1,3,0.0,531,0
e204cef4512d44c8a9777418e916663c,1,5,1.9083969465648856,1048,0
914afbafc73003a2fddc85cb36a6c792,1,4,3.1847133757961785,314,0
5a7384bd165a95f2da2dc1914adad530,1,4,0.0,721,0
1dd12047c2ddb34b2a9edba341c72c00,1,2,0.0,319,0
f308b345643170510551b44f3f0ec0b5,1,5,1.4164305949008498,706,0
af081e095d3c30f36b47ea70c8c7ba2e,1,4,0.0,408,0
50500676878977e1a33c77622b25c1db,1,2,0.0,327,0
1701e80a01ce1ae0d989b38cf54f1047,1,1,3.316749585406302,603,0
e9b8488d4d5ce40e0a1f357d0fc8e078,1,1,0.0,432,0
9b68a586b31ff12dcc5bcf729add88cb,1,4,0.0,430,0
3a411f01c48a98449c88a01493e32283,1,4,0.0,717,0
c51a2a9cb7fdfbcb8ce981c047dced11,1,1,0.0,294,0
763107108158b33c25d3dc4bbd5bb272,1,4,0.0,599,0
1652168670d66236aceed27911572f26,1,2,3.8314176245210727,261,0
a3c21a7e61853b24d23e05003aa2da3f,1,3,0.0,447,0
6a3343733a8e450d563cee46a2e9b5d5,1,3,2.0366598778004072,491,0
fb94864220619ce7e22f5c2cc06aff37,1,2,0.0,375,0
727c465072cf0211d2b611a667f8744b,1,2,0.0,278,0
4eff3eab963d5f3f21bba6b248a60795,1,5,3.3840947546531304,591,0
2f189767fb930a0b304b9c78853fde02,1,2,0.0,156,0
9a0a89a2b6e433554166836925a67868,1,2,0.0,156,0
d0420fd6dfb45cd221bb90bd35c5a3cc,1,4,0.0,796,0
65ac43de2b1d147cf0654d19e086b6c9,1,3,3.289473684210526,304,0
faab2632ace61cc0e43372cee6d779ee,1,3,0.0,464,0
67d2aa762e9afc752b16cb7414adb269,1,1,0.0,393,0
d72a95b8e1ffce070bdb853f16bc2687,1,4,2.070393374741201,483,0
8a092cad4761ae11f61b4b7df0312ea8,1,1,2.770083102493075,361,0
88887ee53a156fabc35fa53a378e99a1,1,3,4.9504950495049505,404,0
485d31a667ae8541f924aa21a145671c,1,3,0.0,494,0
89af3ea7aeeed713deaceb634f6d30ae,1,2,0.0,523,0
96d7ffb0a8e721b463515bad207d6ebb,1,3,0.0,518,0
faf58ee2bfbadf56693c90100904b3a7,1,3,0.0,364,0
bf8289caaeb4480210f632704a8ba331,1,3,5.012531328320802,399,0
c2da30d20328b7e99a9396e71152a170,1,3,5.681818181818182,352,0
59ee9b0600efff12ffc3f006065ee081,1,3,1.366120218579235,732,0
3dd4f62dcbc15db8d02ad4e157381265,1,4,1.9455252918287937,514,0
897b712161485c1130d5df4e0a972ec3,1,3,0.0,355,0
e163bb3c4448a713d996612c51be203f,1,3,4.88997555012225,409,0
c6d40ef6e641900ac03c080d6243e6c6,1,3,2.0202020202020203,495,0
808dddc5bed75264ec1e2b0ef1ade60f,1,5,3.0425963488843815,986,0
5e3911f424d3bf3e318e153663e1c004,1,1,0.0,289,0
488486e98281a37797b5a18494ff9ed4,1,4,2.4213075060532687,413,0
0a55b141ae2fa92fa6c6c2b8ef372cbf,1,3,2.816901408450704,355,0
b9c5a86f8c281cdfc109c3615e9e759e,1,2,4.854368932038835,206,0
72a33d9776a679e1e03b1594dda58169,1,3,0.0,375,0
344d9aeabf5d6d5d1364a84dd8b63d00,1,2,2.8011204481792715,357,0
a00d80a8a1aa1198d4acb999a5d12d6d,1,4,4.166666666666667,480,0
943909c4177d4f53cad44f7c5a3c604f,1,2,0.0,287,0
37bf95d232b88692445ddf01a45fce6a,1,3,2.247191011235955,445,0
35534713d889aa33369eac53b3a649ce,1,2,0.0,367,0
820093d99ab978ca0198fa215ec5b446,1,4,3.508771929824561,570,0
bc5909cc3d8a1b65de6869c1f3da880f,1,3,0.0,413,0
1910006fb53d75a73cb6342ec151c934,1,4,2.6041666666666665,384,0
1f6e658c771a0d56d71ec1c513890c4c,1,4,1.2224938875305624,818,0
9b02d58ce1ae17f6dadaeaac0e8abe9d,1,2,0.0,413,0
ab41c8a222f749e11f9a285be9594584,1,3,4.975124378109452,402,0
04f80999ffcc58b881a3997ad5f14d81,1,3,0.0,277,0
5ac0b1276388db46b3b93d0e409c14e9,1,2,0.0,373,0
847d4b00b6919bb523966d08f547e08e,1,2,0.0,199,0
ea9ad5604fd38e9a73132daf3864f1d4,1,4,1.9342359767891684,517,0
132bdd0f13ea0b1081f938d99ba4d7d0,1,2,3.663003663003663,273,0
d8be8771ca8528f1e9108f9a3ef87b21,1,4,2.127659574468085,470,0
2fc3409dcc5d24f801d1a243d84af7d2,1,1,4.329004329004329,231,0
7072ec83db5c6497ad8b1d9d46b6d6fd,1,4,4.415011037527594,453,0
d6ade3cac767395dd047c6e74f350371,1,2,4.716981132075472,212,0
aa6cac9308f71e5760ab0f3dcaedc008,1,3,5.347593582887701,374,1
6d7a0086ab5de46bac7c8b9f492d6123,1,3,3.4129692832764507,293,0
c9c4fcff0d0ec62ea2c0432d2a1b6562,1,3,0.0,238,0
acefd504ec199fdb3b07ed0875c7360e,1,1,4.739336492890995,211,0
179fe9900e85b831bb8685b12bb6e49d,1,4,0.0,624,0
cedaa1931c525ff4211c5fa090212d3a,1,4,2.336448598130841,428,0
5c92bbfa5945a0a78b129b71d358a60c,1,3,0.0,512,0
7b4f6fd00684c201990aa6fce77c3ec9,1,3,0.0,496,0
06863253c8182bb1816b26927959f69c,1,4,0.0,494,0
0b05f027943c2ce9f84ba44f086b7117,1,4,4.524886877828054,442,0
05bb94f828e33bdbef07bb91f34eb514,1,3,0.0,426,0
8af2ba4d0087ecb0d77b8bba1919138b,1,2,0.0,461,0
67697aa4b597b43a9a8f93dd38bcc545,1,1,0.0,169,0
73fdf2fe445bcd73b53d53577c5a9cfb,1,2,0.0,284,0
2865f1f8df041b8beb12650872c61997,1,2,1.6103059581320451,621,0
ab6e56a0ab17e35a798bef6fd9c227f8,1,4,2.4691358024691357,405,1
e372d4eedbf03607409638a2d3e28a40,1,4,1.7699115044247788,565,0
2a51495a602b11b75fe8ea0d8864b353,1,1,0.0,527,0
d230364dd841998f264ead757b2eadad,1,3,0.0,497,0
e12fa2f2cd1095d529e2ba6c69183663,1,3,0.0,489,0
c9af584d909c8ba1b3741d794392b58e,1,4,4.934210526315789,608,0
03df717a1536389bafcfb5938341a9d6,1,4,1.2048192771084338,830,0
4dd04ab85b6cee73917231b29f5b2382,1,5,0.0,655,0
9545c9ce876ba720188e85447e5d79f8,1,3,2.3529411764705883,425,0
a85e8679146ef44bd0b2b0e8ca6b8c27,1,1,5.714285714285714,350,0
ef83a89e93934584d7549c98aa9007cb,1,3,0.0,493,0
43f0114a8148b92001cea5ed924d4f48,1,3,0.0,544,0
4107f92f1c9424da92bda7d4ad4bb834,1,1,0.0,275,0
f28edacf5f3fc0199e418f16133bea9b,1,4,7.619047619047619,525,0
a3303d66cfbd13009494e7cf530e8a7a,1,3,4.273504273504273,468,0
2b2e11a7c3b5a22255594c965dfaaaaa,1,3,0.0,451,0
eed26173763f41831fcea735a17e0389,1,4,8.571428571428571,350,0
3d9f79e4a8771ded09f56b7d4f1fee65,1,3,2.1881838074398248,457,0
fc39c356d649b971ca5eca00e75938fa,1,2,0.0,309,0
ce7d220c202aff7eb3f193405ade7b45,1,3,0.0,384,0
7b396f510d7670c07feabddbc9e621dd,1,3,4.576659038901602,437,0
e380250ba73c6c556c27169cecd178ea,1,3,2.6737967914438503,374,0
3533e003732427e88f85a4e324e6001f,1,1,0.0,256,0
ff67faf61d72b74978b1f2cc1f2b5b49,1,4,0.0,551,0
fbe7c7a4f0fcbbbbd8b7f411928d5273,1,4,2.314814814814815,432,0
5dcc64bd04299ddc67df86b008358030,1,3,1.953125,512,0
7e6df23f1b09429f837b4d2ed01120e9,1,3,0.0,351,0
914de1a95de9bebd780fa8a7e5ca21b6,1,5,4.032258064516129,744,0
9367b61c0f57debd451b03e31ca54d4f,1,3,0.0,607,0
fcc4145cc3da5edffe3ce6970d998a4d,1,4,0.0,758,0
add63a67df04d9739f9e23759edcdfb0,1,3,1.8214936247723132,549,0
7b57b8ada4a11c71f27d78fb2d315b62,1,1,3.3444816053511706,299,0
e6a4ce534c9994b8acf49f8939e8224f,1,4,11.278195488721805,532,0
49ea3501347307e63aaebc20f0e7854a,1,2,0.0,385,0
9e77e10f0eb38db3131f81b077f8023a,1,3,0.0,394,0
04e45b6a464221c035d2110ac780a974,1,5,7.429420505200595,673,0
6f864e686e79022674e8e04c4bd6255a,1,2,0.0,257,0
ec0fa2d2a801bc84687e3a8ebff8218c,1,2,0.0,475,0
05b23ee8376c563201896ef27abc124d,1,4,1.9342359767891684,517,0
8838716d6121f41db64544a1f4d9e1d3,1,3,2.178649237472767,459,0
461ed9950edeb74616c72979bca70c6e,1,2,7.874015748031496,254,0
bf0856a46ee819c34444dd41a475c16f,1,1,0.0,331,0
a5634615a4a9d4d71371dc3528056f4e,1,4,0.0,471,0
d6a6effe373282af99373f6e2d3423ff,1,3,1.8083182640144666,553,0
3a5ed662eaebf62b5772d61faa0bdf41,1,3,0.0,349,0
44addee19759bd77888a418a28bcee37,1,4,0.0,412,0
c0c9789655e5f6d3f2432a6ea9191f17,1,4,1.7543859649122806,570,0
4047a07e595a9059f417363ebe2d17ab,1,5,7.633587786259542,786,0
c393f7ea4e41aa316d1a0d4db3024f3d,1,1,0.0,258,0
1b451b537c8de5bd86812b978dcb1778,1,3,0.0,376,0
3aa7bee4c9193ca5df2396b41ae039df,1,4,0.0,556,0
abc91cd1f92eb5fe5c9b928908f6552f,1,4,1.3850415512465375,722,0
749bf990f033e405fd58d1a179078596,1,3,0.0,315,0
efa23b41306c69bdea1cbc87745ef2b5,1,3,0.0,338,0
1d5594312a9eac2ac54343946830003f,1,3,0.0,582,0
3dc7991bfdcf6efa94fbf01e38631585,1,2,3.2051282051282053,312,0
f5cb7ae263767721c1b45536341db5ae,1,3,0.0,354,0
8156134484f254e096186c83f9d01c44,1,1,0.0,304,0
2e419c510ca2b6cdb07f29346d8dc445,1,4,0.0,478,0
080d390c8281032df2a26307b7cc167f,1,3,2.304147465437788,434,0
5dabbdc6ad27550974ecb524d8948497,1,3,3.937007874015748,508,0
d83dce836d7160605de76f83eec3ae7b,1,3,2.5906735751295336,386,0
a4540bfa29fd9e32840cff53fe0b634c,1,4,9.59232613908873,417,0
06a67f0bd6e69280831eada523146e68,1,3,0.0,535,0
6dd1e513cb49854612521c06bdbe6ab2,1,4,0.0,384,0
66931e5e558df2c462ab44789384a9aa,1,4,0.0,376,0
0544b14d90171aad947f93df3f6853c9,1,3,3.5398230088495577,565,0
c1064a76a2378386f3e55fa1a3ff9818,1,4,5.633802816901408,355,0
15cd361327691621901f57f533b68331,1,4,0.0,586,0
835f373436122db1610b258db86e23ab,1,3,2.3529411764705883,425,0
e89a61dd67415028e9edcad362932ef9,1,4,0.0,553,0
5fe32dc7be9cd922f840b4dda49e311d,1,2,3.0395136778115504,329,0
6c2bb1e575db05ee872c9ce0e958a630,1,5,5.714285714285714,525,0
94f21db42c70e4367d837e72b3bf7f95,1,4,1.5923566878980893,628,0
6410039443627925e1e4438cef5dff5c,1,3,3.1645569620253164,316,0
b74010adb26731a54da486e5cbaee0c6,1,5,2.2598870056497176,885,0
d101b0de442b4379bd52b225f3b73223,1,3,0.0,480,0
7328c4bfdf96ca14f97076c5ff634ce2,1,2,0.0,169,0
fb06c3a45a4a62d565726bcfc14260c4,1,3,0.0,515,0
c6797f49684eec3d3075c6931548478a,1,3,2.304147465437788,434,0
d78351811061fedf57df6817f424bf99,1,1,2.232142857142857,448,0
4729407a1d5f578b5eaba6d3882382a2,1,3,0.0,356,0
bb6bf1a0fd3a0744a023548c2e2adebf,1,4,0.0,408,0
c6088afc8877145b36573e32e4e7978c,1,4,2.949852507374631,678,0
8899aef33a7c2de6fc800cfd6ed26ea5,1,4,2.1367521367521367,468,0
fa4ac6735e01fbfa90f9fd756b2defcd,1,4,1.9305019305019304,518,0
25327a0180ffd303d91102cf0a4ae89f,1,2,0.0,573,0
26267550e910d9e81c08a7846a96f387,1,4,1.7391304347826086,575,0
92b32ef95278aff561862613b970fbcc,1,3,0.0,500,0
3bf84be3b1ed6e6035c64db161fc41b5,1,3,5.115089514066496,391,0
977bcb995c4c1dc8550cfceeb6abb801,1,5,5.617977528089888,712,0
665350b14e1a191fbe4e562143b91ec7,1,4,0.0,725,0
bc6b7b87fdd988e3c750705376dad79e,1,5,3.293084522502744,911,0
a4dbc0d8234d13ab8248b59cfa36e453,1,2,1.8214936247723132,549,0
9c73455f98057d0127e208ca67a421e3,1,2,0.0,257,0
4a0946017f630a9517b0803b7c1be7e3,1,4,0.0,496,0
186caee1240f211de75b5d83ebdc7fff,1,2,0.0,351,0
0296addf0884af56a986c1a16448b10b,1,3,0.0,375,0
86a0dedac1254aaca51a473d542b2ad4,1,5,1.2376237623762376,808,0
3205c7c64a32d4ccd8a370b342c46933,1,4,0.0,469,0
94852fb892ab89e742568fb83c1a9912,1,4,1.607717041800643,622,0
ac51a3d35c138f498b0b094dc7a31ae3,1,3,0.0,429,0
fb42c0b6288d635795fe56916c1d5c8c,1,3,8.333333333333334,360,0
f96a688fc7eae5f32aefa6c85022ff73,1,1,0.0,253,0
eaa9efe44106e041fa991a698012c19f,1,4,6.082725060827251,822,0
4f72998549a8d544a6594e19d944d8a5,1,3,1.9267822736030829,519,0
219b2e40ec7a0871421b9b85279e12b3,1,3,0.0,292,0
4080bdf3c863fc1fa46ec9bacb9e019f,1,4,0.0,447,0
a443af9fdc56b9ed89de023584903321,1,3,2.1186440677966103,472,0
762f5c19cbcae090de5a6a7cf124377a,1,2,7.518796992481203,266,0
9d1d74e00d0bbff42dd32cc5258d6198,1,2,0.0,315,0
d3525fa3aca18df8bb00644f1f2aa5bc,1,2,9.00900900900901,333,0
239bd68bd89801e10eeb49b50741945a,1,3,0.0,364,0
d572f4d057cf490fdce3d007c7f7e28e,1,3,0.0,505,0
fef71257e951dabb6a076f514cb17a1a,1,3,2.150537634408602,465,0
3e583d6da390b7712fb278749b8f79d4,1,5,1.6474464579901154,607,0
ca5695b1829f9161fe2b3e970c2dc0ed,1,3,2.183406113537118,458,0
c496a5497ccd185cc8b8b0d9ca641efc,1,4,0.0,268,0
47cd3449045858c35595ed62489afd12,1,3,2.0161290322580645,496,0
8c620b52c7bbb77b47a20c5629ccb014,1,2,0.0,508,0
8d187b89329aeed862fbab8dac392d66,1,5,1.148105625717566,871,0
12b0febe76e3593f0035f992ba536c41,1,6,1.4803849000740192,1351,0
b2d3a35cefd1ab8cf86d2bcfde02cb34,1,3,4.354136429608127,689,0
828b04137279364e9f22ca61a8de0685,1,3,0.0,329,0
e42c8705dfc1ce78361cbfff72e4ba50,1,3,4.301075268817204,465,0
fab13510867fe0b052589cb51a11b436,1,4,6.6115702479338845,605,0
bc1f57b12c26ea0636afeb6f750049c4,1,3,0.0,399,0
c38366fffac98e6e0fae145303f91125,1,4,3.3840947546531304,591,0
422099db7b1266c216dbaa58f3b7cf00,1,4,0.0,423,0
d0e16129a08ae05af2dd589fb552b39d,1,5,1.1494252873563218,870,0
01204560efdab79d212870bad8a7735b,1,5,1.179245283018868,848,0
e19eb132d2fbdf0e087d3eda78c6f39e,1,1,0.0,399,0
cda200f884f4cad54e92486117e2ed23,1,4,1.9267822736030829,519,0
d4fe3baceb162e6c2a6d4f5a75edcd0e,1,5,0.0,698,0
d4a54535241cad65deca7c67564d5114,1,5,1.0695187165775402,935,0
84e74a61cf6d02decdc3ec8bc60a2526,1,4,0.0,757,0
2fec734a0f854d362253b442d7f67462,1,4,1.8518518518518519,540,0
01093197a260cacdf734af571420d4c1,1,4,0.0,470,0
24965e2b40eb73d880c2aa01d5faafc6,1,3,0.0,425,0
61112b5a9acc810429a4be8374a6f5d1,1,3,0.0,631,0
1757378914ad8494bb9a66bb7717c704,1,3,7.633587786259542,262,0
fda0136da31abf5fdac8e9904fa5007b,1,4,0.0,821,0
f4a0279378d41074930b3cd7ebbd83d9,1,2,0.0,327,0
655c664f1839a25ee9fbacd9ad1afb37,1,4,2.272727272727273,440,0
e2c28ede9b3796a932ce9911ec1a50ad,1,4,1.6129032258064515,620,0
d8c94092d0a544de7c012e762b7bc7e9,1,2,0.0,552,0
6986f3e59d6c80b6200811a80d0fb965,1,4,0.0,692,0
860736a546a9a466b36b78a16cf7fcd8,1,3,0.0,468,0
c0d651020db5f73717a6a3f63e63003c,1,1,0.0,245,0
e40d0a0f5368da0db6cfd09144a96e7e,1,3,0.0,378,0
f6106cf3804eb3b71357ff277c92e55e,1,4,1.6051364365971108,623,0
42b86c3fcd01851349f489ef2703ebef,1,4,0.0,470,0
60568afe44bd53f314f1cea2a70533fb,1,4,2.5380710659898478,394,0
8e4e49117dcb90e3b512e4f0b636ada0,1,4,2.0202020202020203,495,0
3a52fb326521110952c676a17427ce3c,1,2,0.0,203,0
dee7b50063c64d25b7284ebfb2bf60e6,1,4,2.5510204081632653,392,0
64502880cb185e0b8967f46b0c301792,1,2,0.0,364,0
54279043118e18123b19d45870a8249f,1,4,8.791208791208792,455,0
5ff67fac17570ff987fc1e4385de8173,1,2,0.0,270,0
86068470186c9a7ff091caaa55b4cf9c,1,1,9.47867298578199,211,0
f52fc52125734726f4fd99f5cc965c6a,1,1,0.0,160,0
9cd35110be358caa4cbc766c4599c092,1,1,0.0,262,0
a84f2ba3d2451c8bc2f9ce4ef07d6775,1,3,6.607929515418502,454,0
ce4ce6f6f1aa5d2d554563c70f420095,1,3,0.0,611,0
7e23484ef4baca48bc24be67f03ab640,1,3,0.0,300,0
d82c43de14cac9e5745f185033dabdbd,1,1,0.0,278,0
7ba97dbdfb7d5b3285076f33c60a8408,1,2,0.0,462,0
abe4f65b98b22b3737defa792dfab4a9,1,4,0.0,546,0
5d53ad1904b0254092d3c4f90cc070ea,1,4,0.0,590,0
b8d378a841c5e249c42b286f026e24b7,1,2,3.4129692832764507,586,0
21da0b728bb2d6894a2df1ca20359cde,1,3,0.0,475,0
000d760421da66cdffa7ad7621fd7501,1,2,2.0242914979757085,494,0
4b50fff3fe3dd84920b6429b858ba93b,1,2,0.0,377,0
5f1266d1cbb11d7d19a3eae14440d700,1,4,6.578947368421052,456,0
ee995fb701ab0a4270e5ddad2b64f60c,1,2,2.450980392156863,408,0
0d93e09eb3f30792993409d369299720,1,4,1.8115942028985508,552,0
a6b1232d7d977522e88bbbba88c95423,1,3,0.0,416,0
9d9ebff73d94daaa9392a0ede4f6c0ba,1,1,0.0,275,0
77318058182c98a0647316e971cb6d01,1,2,3.663003663003663,273,0
8cb1659e4032bb06e2e2086c4d7de72b,1,4,1.466275659824047,682,0
89d4ee066b084b49521709735e19710f,1,3,2.8735632183908044,348,0
b920807d80d03674a2ddede70778ac87,1,3,0.0,314,0
0a096c8b87cd5a4960b0c6bb785b3191,1,3,2.7247956403269753,367,0
1f19f7b47f2fe2d2e4346c6be7899c14,1,2,0.0,373,0
8b3f9b48fd39722a29cd63898e91f9a4,1,4,2.7137042062415198,737,0
1a37222818aff16f20ea1cf30be8a53e,1,3,2.178649237472767,459,0
6157292f6bc6cec9a599e95d9a4927f2,1,4,0.0,527,0
41c48c92087dead670db5feab964e5ab,1,4,0.0,597,0
8914835bbd61a72862beab7718bf3b26,1,6,0.0,717,0
349876862f511530de33dbc2fb151591,1,3,0.0,202,0
75947347f7902f849a2f035cd356ee80,1,2,0.0,299,0
885085685f48e6cb18560c9b7b5fcaad,1,5,3.3057851239669422,605,0
12371f53dea18e8686eb41607922529e,1,2,0.0,273,0
301a3777b3664cdc5659f352b3cdfc86,1,1,0.0,307,0
19c493e1ca6b68bf5513c3cc9cf7b7db,1,3,3.4364261168384878,291,0
acf3360af3665fbfbe400ca8588bc393,1,1,0.0,188,0
703c250dba6d0948a5733db4e3121fb0,1,3,0.0,547,0
971f865d4fbc6ac9e7217ef52be64d24,1,3,0.0,723,0
f66861c12af2ff2911c3020fa0415c52,1,2,0.0,274,0
f5fed129be8521c4099c34769977391f,1,2,0.0,172,0
2cf3a65ab4e703cfc16c7fedd3cde3d7,1,3,7.334963325183374,409,0
fe9da944818d1f9294ed72f71b94747a,1,1,0.0,175,0
0d8dc091d34b943dd7eba87e5b4ea508,1,3,0.0,420,0
955f4841c6fdf4e639ed343ee2a124ad,1,4,0.0,676,0
4bbd0c1535458a9128944a7f72723821,1,3,0.0,194,0
d3b1ffa88576e96768de656bcdfeafa6,1,4,3.508771929824561,570,0
6237ac407dcccb9f146088239fa1d843,1,5,6.337135614702155,789,0
1067d15d4538774ab5181b6baff91e81,1,2,2.457002457002457,407,0
ea75945ba412bf9e3488781447592c27,1,2,0.0,290,0
00c76e1a00b37aada6fe7d770456cc26,1,4,1.1273957158962795,887,0
bf9c26f43e78ad5cf501b54934021a6b,1,3,0.0,410,0
a16baee700d21de1ba996c643a59d8e9,1,3,2.6041666666666665,384,0
27483d8fb4f04516991160e3720f1585,1,4,1.7793594306049823,562,0
854d8746c9cc82a76f8a0ecc36257e35,1,4,0.0,446,0
82bba74eb77e4da8c7bbfb30022af987,1,4,0.0,621,0
52bca5550009f708fcb219aa07e584a6,1,3,6.944444444444445,288,0
e72f09a7519e026ffeabdbcacbdbffb0,1,3,5.167958656330749,387,0
19c7275aacea5c0fcb20074b69a817c1,1,3,0.0,512,0
88782ae0f1a1f2effa8651d6721ff8c1,1,3,4.319654427645788,463,0
8cc1f835cd4f8962f2d157090b7ada52,1,4,0.0,624,0
5d8f0eea3cf3b2a49daa79b25615e464,1,3,0.0,309,0
9dcac621ca996bf12de7cbad2d67a551,1,3,2.6666666666666665,375,0
8dbd438b88f8a87325d6bd1d3c7274c0,1,2,0.0,182,0
0588e2333d8b010b17cb425fb2e877a7,1,2,0.0,279,0
123e635a41907f7ea6e568bdd4e8202c,1,6,7.022471910112359,712,0
34915a18da9f8a8d53de4b40ff32e64f,1,2,0.0,157,0
5d95e6602490cb2c930c579318b48f62,1,4,3.2948929159802307,607,0
bec49e1a23f05a4bb633ec26f0e3a769,1,3,0.0,467,0
c7ab09c6e48630deb7552d6a80ea177c,1,4,0.0,803,0
321cbf462ee967bf47d210d81e85fa0a,1,4,5.825242718446602,515,0
1f46eb59b3748f5eef19eb384235d3ed,1,5,1.890359168241966,529,0
2369710fb4abc39c52a7fccc2d520806,1,3,1.4814814814814814,675,0
fbd0d0a42cb57ed3f691d0a7393b038e,1,2,0.0,302,0
5ad6ea3ada8f3834bf3e393add1b4470,1,4,1.8050541516245486,554,0
4bc1980de5ca240e2730298db31ccf61,1,2,0.0,287,0
4b3302b4beb82f918555391d23bbf66d,1,3,2.8694404591104736,697,0
e143040dac9bf151f90327d6a20061af,1,5,4.1356492969396195,1209,0
d33394398bdf3a6fc4d0e285bd2b77c4,1,3,0.0,306,0
272e37d162f0b78f67dd1dbc7846d24c,1,3,0.0,360,0
1e14a8db7be41f599c0802e6af75425d,1,2,0.0,428,0
30051e2e706b5a94c69639c832a479c2,1,4,0.0,563,0
2e9976bc5929d1d366616fb689f1f646,1,3,0.0,488,0
083eb5bca47e438cf52c975375b317da,1,4,21.77858439201452,551,0
18bec3c5d844fadf555b0641b1aff088,1,3,0.0,488,0
2aecc7c05bc2da77d60153359c294031,1,4,3.780718336483932,529,0
b2e5f3fd18fadc1c6ed891121a949d88,1,4,0.0,560,0
881d5f351adccdfdae222eff365e896d,1,1,0.0,305,0
4e208686c7f6b3b0e3f8985748b60048,1,4,0.0,391,0
66bc5e8af21f9837ac99684ae62c886c,1,2,5.714285714285714,175,0
d4a122d8b4d940bad654e00f4f52cdb4,1,3,0.0,423,0
a7dbb238e44be26e9fd99054b42262cc,1,3,0.0,388,0
608f6da88d092797142c6521a348961f,1,4,0.0,625,0
f4fb61749084fe3eda09817e3059cfd9,1,2,0.0,377,0
7e8860f3177574419e7c8b958bb32f75,1,1,0.0,170,0
6bc1c84734ce8483a8c3c53de8f77be8,1,2,0.0,179,0
4939a78edbbb57630360d35dc13235af,1,1,0.0,315,0
70d76006f290555b788aebf0878d06e2,1,2,5.555555555555555,180,0
fbc1a7e677b95e2f491461723a3985ac,1,2,5.390835579514825,371,0
45fad966c711b9ab9d2999213080fde0,1,2,0.0,461,0
5fd7690412b11556175ec132038f2dbd,1,3,1.3071895424836601,765,0
ff6cb0d6d5b6199fd05c45455e08e99a,1,3,3.3783783783783785,592,0
f8e44a33c83134f1948267c6e2631465,1,4,0.0,822,0
980ffbc999c9264fb8d04bcd89a0aa08,1,3,1.9193857965451055,521,0
3998d7ec5f90fcfc83d9e0c7a6d6bf59,1,2,0.0,285,0
f416d3b488f8381b774dbbc704fe168d,1,2,0.0,332,0
29553362e2adddfa73d327764f598ad3,1,3,3.5714285714285716,280,0
a0bfeaf431d9d619dac430685935e70e,1,4,5.813953488372093,344,0
52a1bc3fcc59a82afe5c23600ed5546d,1,5,3.5778175313059033,559,0
e7aab5fc2c680c957e6ed0ed0a446157,1,3,1.7094017094017093,585,0
89872ed29dd3ad236dab8fb7dd56d002,1,3,0.0,390,0
e672b87eb207f749d6f2c81fe22c6426,1,3,2.487562189054726,402,0
6b8496e3c27186b88943c4bc62a8baa1,1,2,0.0,304,0
2ecece616132259ab404bafbbeb2f157,1,2,0.0,1047,0
ef99569f3facb2622c6402c652594f14,1,3,0.0,492,0
023d87d2e605a37399101a21f3cc230e,1,4,0.0,369,0
3ceac98ab0635ff3f30ea91bf487cb37,1,3,0.0,310,0
2364bd95ff640dce3257f15e6073e84a,1,3,1.8552875695732838,539,0
da69509b2bb89c2c80b9a6691f8396f1,1,4,2.028397565922921,493,0
38c84ac32436f5827602405b4973a75f,1,3,0.0,360,0
54dbf390bf1e7047e4832436fd60d402,1,3,0.0,342,0
ef1b01a1fe06bc9f603a824b1636587d,1,3,1.9920318725099602,502,0
93b5694791a02af75e5a652d03ef9430,1,5,1.2077294685990339,828,0
ca0c793ebad6c4d48a35e31e8a62ad4c,1,2,0.0,187,0
4ef4d8a3db586312c3d594bac13436ce,1,2,0.0,308,0
95d2a0d5ba69f591dd54895f78948ffc,1,3,2.6041666666666665,384,0
25731ea3aae19bfb3f64dc3e4b9f1bb2,1,3,0.0,304,0
05b81e45bd10055b73bd37b5e3f93931,1,3,0.0,389,0
8facb5e13df00c1d6a2727646c9e90fb,1,3,0.0,544,0
adcd28c1a8dcfe79a1397675fa38ebd2,1,5,1.8083182640144666,553,0
ae51c62c647471a4f408f15088858cbb,1,3,0.0,310,0
d48135c0e0ed60e752e379daff2c3600,1,1,0.0,184,0
9eabc40b99df4a06e8eabad692fbaece,1,4,0.0,455,0
40077d566f5a436da504970fc906a320,1,4,2.247191011235955,445,0
a2d5f897b7e2e5a32bd7049061de2489,1,4,1.8248175182481752,548,0
9c1b3400434cd5817c0343da09dff96c,1,4,2.5380710659898478,788,0
590ce0e8c106854d5eb9d0fc4815931b,1,2,0.0,303,0
d7a8875f1dc15ebab6c7936f16097a63,1,3,0.0,348,0
3f0ee52bcce5b1e8c312144aed991884,1,3,1.2315270935960592,812,0
ec0617ad1701686ac9db5306c94722f1,1,2,0.0,196,0
55dae50d29a9e16de7e83e482f7572e5,1,4,0.0,414,0
92ea98b754da5986545f0909d0153260,1,4,0.0,503,0
de58f055c3eeadc1a59385ac18cff32f,1,2,0.0,159,0
2550a7d109e0324c7e24b30fe059c620,1,3,0.0,232,0
1edb56ce17fc0bdd73c71784b3e5aa92,1,1,0.0,199,0
1bd8e2623b6badae58036b484cb6ebc1,1,2,0.0,358,0
99994550b139c856779dd19e61bfe4ec,1,3,4.219409282700422,237,0
893f4745329b8522bf3fdc62048017c2,1,2,0.0,190,0
ec936084888732a6f7a115cb7dcc2901,1,4,10.38961038961039,385,0
d01d259e83de878332086bf531f9471f,1,3,0.0,363,0
8de0818b4b30cdcf04c40968489c4430,1,4,0.0,503,0
d980da2aec64b501d06f4cdfa3bd17db,1,5,1.3192612137203166,758,0
9b34e73fdb6de1f389edf18041229b7d,1,3,0.0,324,0
4350eae2d04fa013b40beca684d2b01d,1,3,4.126547455295736,727,0
5abbeb9fbc7efb86cba00f0927d85158,1,3,0.0,288,0
67a75c89fbabff5803ffb75e8abba494,1,4,0.0,472,0
dbbbafd2147f08c8fbeed60e339f83d1,1,1,0.0,196,0
a9253ecf5817a448b28e93887f623c31,1,3,0.0,360,0
27ddbcaaa239712ae38db24fb4002279,1,4,0.0,384,0
5a35967ff0006d4113287993677983e5,1,3,0.0,510,0
0767eb52f40bba40609da8ff186d04e6,1,4,0.0,428,0
056f0e53e1d780026c76ebb4cec666f9,1,5,0.9940357852882704,1006,0
57501658da9d02162a42778abd828625,1,3,0.0,379,0
1f97f0d12f18f04977dcb09c33911a75,1,4,3.0395136778115504,329,0
7a86d9615d95a10adc5fa04434321c6a,1,3,0.0,233,0
b2352fe92c7e0e8b50a0c870d382675c,1,1,0.0,359,0
b44546b5492360d89e221396e8686c60,1,4,2.525252525252525,396,0
c3c62f961b0bcf27e426e8fce75b9ea8,1,2,0.0,288,0
3cb5a024325a4700b8d3dde0571fb17e,1,1,0.0,215,0
12ae8debcb6b5238955d688a45b73d79,1,3,0.0,410,0
db265eb13d4475b0d33e1db6f55b562a,1,4,1.890359168241966,529,0
bdadd4ff7538fa4bd28a7beb3e6de292,1,2,0.0,270,0
99349bbfea6fa3871ffba009bd2d7dbb,1,4,1.6750418760469012,597,0
d329fb87696277cf0ee571446bf852b7,1,3,2.824858757062147,708,0
148846c4a3df00f79b16ba4f32f806ec,1,3,0.0,208,0
26f17fb9c20d4bf69d8dfbfe2108d851,1,3,1.5822784810126582,632,0
d76cc5493731b6fb64bf0baa74d36cf6,1,2,0.0,845,0
d9615e4ab56b9c2d7daed4ee6e72d5a3,1,4,0.0,602,0
e24e81cfa113f7843e1f7aec500c2804,1,3,0.0,399,0
2e19591f20c16ae7510d707306ab11b2,1,3,0.0,374,0
ed16812d9ab0bc7abf60af69037b6331,1,3,0.0,416,0
5634e6c2e31a4b9667ea9e4ac7a11d72,1,3,2.028397565922921,493,0
6ca73f09508e7428ccc1306fc3f87277,1,5,1.7953321364452424,557,0
b92206030fd6609b36b79bf16ac5323f,1,4,7.177033492822966,418,0
25b3e2a6ffda6607bed3739188ec39cd,1,2,3.7593984962406015,266,0
05fc88f4f42a4d8764404a34060c2a03,1,3,2.2573363431151243,443,0
661ec9d1b424bef63cbadc8532d92101,1,2,0.0,390,0
c18f34c2797665c1061cc11f6c431341,1,2,5.2631578947368425,380,0
7541f0887b8c84d3f1a88a592bb3db45,1,4,1.996007984031936,501,0
794b765445a491966d214b094b541bc4,1,2,4.366812227074236,229,0
2b237f51c0f9a0bc5e0ec84afcda0793,1,4,4.784688995215311,418,0
61918fd36fb3d6e7735385e1b598e492,1,2,0.0,394,0
3f4c4554f8930b83549216e78798336c,1,4,0.0,545,0
c538e8172f2ae93fa4b58d1eca22525e,1,3,2.293577981651376,436,0
b74b14c9d3b77b1f48c419bbd4206afd,1,3,0.0,441,0
3848239776cf0fb30e41fa1579897bf1,1,3,0.0,363,0
0eabdffa37a206455f0dd8b416d3fc6e,1,4,3.0441400304414,657,0
ff438bfa79e07d33e6ca194cad2d3b58,1,5,0.0,514,0
a6fb8cfadc9758430f01c7ebb3bfad6c,1,4,4.535147392290249,441,0
51b8a1a967438b29811bce01b9c42381,1,3,0.0,299,0
2831df66a8212f93b9aa4212c8ff48d8,1,2,0.0,351,0
c02ce81a27463facad32866338845f4d,1,3,0.0,626,0
80ae1ecb2c803739a55c2738de29b4fe,1,4,0.0,359,0
f56fb0a528cde88ca71fab6c2a0db879,1,3,0.0,325,0
f20471e9087ae37e1b9683e56eb58442,1,2,4.662004662004662,429,0
f19bab2bdff8eda8ada262b99eb4ae51,1,2,0.0,540,0
f3e01cebad75f2f558af0a6fb2779511,1,3,0.0,386,0
91aeb0ef6cadd3eb7142082ab7eb7376,1,2,0.0,354,0
3e8a6f076e8fb5f7c0fecbfb21accd95,1,3,0.0,297,0
6700df5428f46df0b1a48674c7a61ce8,1,2,0.0,396,0
588eea1a0bb255a8802161e3597eeeb7,1,3,0.0,381,0
892009b1ed8412ce600179ae0fb78604,1,4,2.079002079002079,481,0
1b46d396551b7127401905178a3a8400,1,3,2.7777777777777777,360,0
34af55200f86fed01fa438accb653c8b,1,5,0.0,760,0
cd167a5533dea7c8371e89bf93f7b0ac,1,1,0.0,355,0
30a6fa58371a4d0a0f9b5a2ac6aa8845,1,4,2.092050209205021,478,0
a49c9b3344cf0648b979feab4ba93529,1,4,0.0,380,0
1f0a7f68892e7e48c427f26d7a711faf,1,3,0.0,353,0
18cf164392868f06810cc29698a6aefd,1,3,2.1321961620469083,469,0
6859b20f73d4156888dac29817b4a15b,1,2,0.0,642,0
5b0ff6a4ba3399b93dd10f0c273385ae,1,3,0.0,520,0
c49dfe3b9ee44692036c363545110795,1,3,2.457002457002457,407,0
4ae293508aa80101fddfb24b4af11821,1,2,2.886002886002886,693,0
70c8df9949a9f5ceb97f4d7f7346c829,1,3,0.0,461,0
faa02db452595871ee9fc68acad44489,1,1,0.0,569,0
a7727527b013453dc391983912508dce,1,4,0.0,334,0
4c8d3b1a76b9b2cb7723316a93ab6ea1,1,4,6.557377049180328,610,0
cc2465b3fe7ab400c0f7c9e9b22c7461,1,4,6.289308176100629,318,0
ed589b32154e8bd7effea9d03c7f9545,1,3,9.933774834437086,302,0
e4a8a029ed30d7e5f8631d78eac1b8ce,1,2,0.0,277,0
ee678ae8f0ecb4f83ed010b1e29f76a2,1,4,1.1325028312570782,883,0
c7056cfe916e8644446ca2cd897c5693,1,3,7.092198581560283,564,0
364f4ca574758590b7ad00047932e270,1,2,0.0,269,0
3075cb38a0cb8a9c5b1871ee811b49af,1,5,0.0,819,0
4a54aafbb5f6c11e76f504324752e573,1,3,0.0,324,0
90bd8e4586f0b839d93d15ab8f12ebf6,1,3,0.0,350,0
ac431f33f8e881e9edb9654277fcff70,1,3,2.1413276231263385,467,0
a56320ec17b35e3bfb7ef23c1ace178d,1,3,0.0,588,0
55659fb871755b6a828d689f3f79d536,1,3,0.0,279,0
973837148864baeffc4febf623f38cc6,1,2,0.0,397,0
9250dd9114d012460d042de5bc9eaf2f,1,4,0.0,389,0
e95a87430f319fbb615dd3b24830a58b,1,2,0.0,274,0
711cf6523df8bca486a3add8e62a79d0,1,4,14.117647058823529,425,0
dde2fa9ff28d418eb5e69bd107bd1d6b,1,3,0.0,350,0
39fd130a875edae94c7fcc25c114e8f9,1,4,0.0,464,0
cb95658066e844ecdd47c21461ee01be,1,2,0.0,281,0
f02b1cdd14d99a7b6dbdc6da49a4cbd9,1,4,4.4543429844097995,449,0
ebae5a3b656fc04ebcb892b10f2070f8,1,2,0.0,165,0
9f8e346370f3e70224bda93af001bc8c,1,4,4.160887656033287,721,0
e1751eaa387df1f8c0acef7d0d91614b,1,3,0.0,343,0
32c361a486996a53923b17a384e3eee4,1,5,1.86219739292365,537,0
b1817d9e4b5ec9017e9a1e5fdeb22af8,1,5,0.0,684,0
e8da2f655749ee5b0456e9bc8f023990,1,3,0.0,463,0
15c38fe00a87686c519641b45e64cbc8,1,3,0.0,424,0
b10332c382d7cfc3c52b335e61ee45ec,1,2,3.4722222222222223,288,0
c80c702081e6e77a90d2c2c1403e5054,1,3,0.0,452,0
59c7b2271cf34c16d3a7d908a6030dc9,1,2,9.316770186335404,322,0
64a8e16fec5b61e065a3f4a93ac81ca5,1,2,0.0,179,0
e610740c73b906463f4651debedc919d,1,4,6.3191153238546605,633,0
33d4a59516dd4895561152627ee87efe,1,3,0.0,334,0
fc45d4b64ca42e88ff7f5949beee03dc,1,3,8.24742268041237,485,0
5009004570c9a92fb87dbeb60dbdcd53,1,3,2.0964360587002098,477,0
83b820028458ec289198ec8263b925fa,1,4,0.0,458,0
aa783810647fa4b5e29e5164a8970121,1,3,2.304147465437788,434,0
b6594cb79a6fe35a668a0f73789a132b,1,5,2.534854245880862,789,0
dd8fc5e6f71d1409184e370f5cc1a8bf,1,4,0.0,472,0
c4bc76ba13e4605daacf6cbed09e2648,1,2,0.0,221,0
7619c02f5d5e21da510fe91e92af7b34,1,3,3.7105751391465676,539,0
8d272a32231650c1fd8be5ffbc1b7ab5,1,3,2.183406113537118,458,0
d895476a2e98399a8f83184f9b3a978e,1,3,4.597701149425287,435,0
cc999d569604dd96a72fbe07a7ff0131,1,1,0.0,392,0
4ef57089d57d906fd9dece8cc4df7757,1,3,0.0,431,0
6cca4fdef789ac70bde044445cfb5f13,1,4,4.555808656036446,439,0
1e824b94da214636a7d2e12835e06657,1,5,0.0,725,0
90ca151e7c36b2f06483c5c3d52ec3c4,1,3,0.0,359,0
ffd22cf8ffdc3414cc2c6437c51d301b,1,5,0.0,703,0
376c1286255b5cf6d095bc179a3c7353,1,2,0.0,200,0
d36fbbc1cc50f2af49e144c1542a84c2,1,4,0.0,492,0
ed5027c2bcb714c228e148347d0e402d,1,2,0.0,326,0
46bf7e600464761cc2c116cf0259749e,1,2,0.0,193,0
4a15a04c1abc709af07435583ee393d4,1,4,4.962779156327543,403,0
9a23dba1948d3b197b980bdc7e0d1f53,1,3,0.0,301,0
5cc70d26fb4f4b5a7c7fb24fe4cc4f48,1,2,0.0,311,0
2fda9cfcddb4dd2ea553a91991c14bad,1,3,0.0,347,0
6b18229d4b602f9becb327e033e922ef,1,2,0.0,235,0
82831a092bb475f72e505509576be861,1,3,0.0,291,0
1a7a5eaa6dafa18053f1bb576e96ebea,1,1,2.9154518950437316,343,0
4a8eb2b77a07e931def9a39d5ad4b772,1,3,0.0,497,0
01e8f80ccceb7acd905de94752323c12,1,2,1.6528925619834711,605,0
c707cebce862c2b28ebf833ce139e815,1,4,7.633587786259542,524,0
9a04d25cb5d753de75a9db754c6feab1,1,3,3.5587188612099645,281,0
4c3d4b36de03a40fec171ba13bbbccf1,1,3,3.4129692832764507,293,0
a5b2b289633a73a478ddf8ee4b4af7a0,1,2,0.0,168,0
91d46fa1580b429aca5da92249ae81e5,1,4,1.2165450121654502,822,0
bd0bb03393fd124e2464f0fb8e77f983,1,2,1.8867924528301887,530,0
e340d59266e66e8bad391db89eb336ea,1,3,0.0,325,0
e66049e0dde434bc926184dd3371478a,1,1,0.0,328,0
e4604e50d7fac4de975edc55492923a4,1,2,6.172839506172839,162,0
b9954b4c3c3f808b95abf3d74932faa9,1,2,0.0,308,0
172c8a9676bb07055d6ab8aec82d4a19,1,4,0.0,445,0
23f6ea2aff7dd628a0278cb67c8735c1,1,3,3.1645569620253164,316,0
cc4e115ee15751cfebc3c916915948a2,1,2,0.0,205,0
f29dde231f99cef3731213858b621225,1,2,2.074688796680498,482,0
72c12d0b07f814dcd4a564ae81899c9a,1,4,1.9920318725099602,502,0
0f787806f2c31889eba8a540f0f7bd69,1,1,0.0,312,0
1aed6860af45ada985f7f64eea10b28a,1,2,0.0,215,0
37a3bedff65061bb19f0c7c666ec48e7,1,4,1.5625,640,0
b9ac58a19c521ce323236e492088191f,1,4,3.3222591362126246,301,0
02e72d0f9624a967e4459a9a8f0befef,1,3,3.4364261168384878,291,0
f6c26dee18bdd63369a799bf09146e57,1,3,0.0,534,0
3f64930ef90c4217eae0a659fbea0af8,1,3,0.0,338,0
b97ca23dc7e666428838f21dcfb85eef,1,4,2.911208151382824,687,0
76d1c220e86a23b85e7e997dd30a9f61,1,1,0.0,234,0
caa77661a9ba72badaeba5cbe22df1ea,1,3,2.2271714922048997,449,0
757e710fa08a512d1bb5bde9378bc026,1,3,2.3094688221709005,433,0
5519276042bd3511744f5361c7adca3d,1,3,0.0,298,0
e3b84383654f6f867da3cbe6a987ed05,1,2,3.4129692832764507,586,0
5535e576e712886d93bdb34b07b87fc9,1,4,0.0,576,0
3a91cb8173522494fbd5ec3cb127cd49,1,3,0.0,362,0
a34852c7c53880ef3b19b67ffe5992c0,1,4,0.0,934,0
fd37fbc61e04d0c2814105ca482b714b,1,3,2.6109660574412534,383,0
eb3b9576d095d7a9afc0e04cb9ea3e83,1,3,1.8484288354898337,541,0
a2b7d28cae6a00d5224a7d365b8afa9d,1,6,2.2148394241417497,903,0
c696d8d48b61aa23527ecbf432e5800e,1,3,0.0,343,0
d045ffe4c289aa1ae50e5f7254831c88,1,5,3.1201248049921997,641,0
f351d0c7836de4788722a8e67e991de7,1,3,0.0,536,0
5335eba595c096c5f1cc5a3b81e8a3f3,1,4,3.597122302158273,278,0
92bc2b3539375a082d71a8cfefee8d42,1,2,3.2679738562091503,306,0
6add6c915ea28fd14538543bf960bcc1,1,3,1.9083969465648856,524,0
bb248ea607d11e0e7cd656ad790bc0fd,1,5,3.389830508474576,590,0
93a1bb44687d0196898cafdbe559ab5a,1,1,0.0,263,0
d6c4ccc715796a8c4ae7e3eca508f877,1,3,2.6109660574412534,383,0
497b07e727173eafc4e0915455798970,1,2,3.194888178913738,313,0
119884d794fc04d1b093145af37ae786,1,4,2.0202020202020203,495,0
0741382d605df6468043b34327debe32,1,3,3.597122302158273,278,0
84093f9774f9d3b52930add96c975818,1,5,6.3191153238546605,633,0
e508c7df0e7985b1e570c8701f48d732,1,3,0.0,267,0
dcd2e3fb194293c9191daf68f290f9d9,1,3,0.0,329,0
31329f37a044fd4bd1f841617b5b486d,1,3,0.0,329,0
792c89e3c99e4edd3c1fac7318aa61de,1,1,0.0,317,0
f03a6e72479d8d815cdbe2ef11324fcb,1,5,8.743169398907105,915,0
e907664660a71115acea720c47cc2d23,1,2,0.0,189,0
8d2f175dd847f601a2ec759949dc749b,1,3,0.0,405,0
16746f50c310151e1794aac6a8662c97,1,2,0.0,353,0
716ba0450db0ba995835121edd1f59fd,1,4,7.228915662650603,415,0
b138d7b4055a20e96afba29f18d534a8,1,2,1.3888888888888888,720,0
1e1913e34dcb20599c53883f85c7354b,1,4,0.9259259259259259,1080,0
cc3d96ed312c6b515bb5d62af3dd06d8,1,2,0.0,323,0
c2ca95815b3ace87fa4810be2f313f76,1,1,0.0,378,0
f72129dab0d23e4619846a7741370176,1,4,0.0,530,0
53312285ab5e3b01ee1bcf8ff5e79b90,1,3,0.0,432,0
f3cbd46cc64f7fed9b70f44d87a44ccc,1,2,2.127659574468085,470,0
4990be3ddec5b8d193bf1c91d0829e70,1,4,0.0,568,0
b0426e54f0dea390258995e08822a046,1,4,2.2988505747126435,435,0
751c1e7a5460f3545d11febcca7c4104,1,3,2.5284450063211126,791,0
774b21034803a4fff743fc0dc1ce61af,1,4,0.0,542,0
9634fbe859d8c2f98cb64b8ea7157b1c,1,4,1.9342359767891684,517,0
d4bf7372afa7492c6a8c3173efa92b93,1,2,7.194244604316546,278,0
0beb1c5684554457baa2546aa5962387,1,3,2.444987775061125,409,0
d249247946eed3bc709212da6707bda8,1,2,0.0,577,0
bdf3a5c295007e8b083fec5bc3e529b4,1,5,0.0,718,0
e2d8585cdafd400562d77040ad56bf4c,1,4,0.0,621,0
da4f138c340683bf207f04b63796f154,1,3,0.0,269,0
104abf65aeedfbb5110eaca38d7374f3,1,3,7.8125,256,0
056cf22e4198ca42098cf6fc93cb2e3a,1,3,5.2356020942408374,382,0
f66ddeec0d403b0aa8e6989b0933f17c,1,3,0.0,360,0
e93c4bae9c90d11ae66853a192182423,1,3,0.0,552,0
1cc654da5908edbf8fd723f65cbbd2a3,1,4,6.546644844517185,611,0
252e103a40095dd0f4b94c3dd752a4da,1,3,0.0,307,0
e388a55d98d3854f40e76297e483e8ed,1,3,0.0,423,0
e6b09d11a9f42d99a4438854f06a1b34,1,4,2.6666666666666665,375,0
244fd314a8eae62ab2b6960c9bdee670,1,1,0.0,209,0
6d1d36a5fa1226b4fc3f27da097c7c55,1,4,2.0618556701030926,485,0
90cb94eda4cf323b5444ffb747fa3e00,1,5,0.0,691,0
fba7e1dffe6a45ce0a96f481a786ae5a,1,5,4.576659038901602,874,0
7212ebbe93ea1970f217801cf56b8254,1,3,0.0,387,0
6bf29296f3469a83518b823369a0bd68,1,5,3.780718336483932,529,0
914b446d0a24e8ba16948e73e1ad59ad,1,3,2.8873917228103947,1039,0
7656c83b1f88f4e3b3c75aad5bd2cc6d,1,3,0.0,390,0
a3fc877a788570e255d94b16580d4635,1,6,10.0,600,0
52ed2e512b573c99ad9126df8e04f8cf,1,1,2.192982456140351,456,0
a068abc1cb7feb39aca8498981226270,1,2,0.0,334,0
317cda56d12916a565ecbdc43e6f8bff,1,1,0.0,212,0
ec7fe9d033277b7f171c11407cb64c42,1,3,5.025125628140704,398,0
74d905ee5f232360c0e9d7927c2a12c8,1,4,1.9230769230769231,520,0
feb055fed3f713f3e79b718caf80038b,1,2,0.0,271,0
a09ca00ca0a14dee03b83bb33d72a3a1,1,4,0.0,407,0
a8edc9320836f1183d7d583ab3ada148,1,5,5.649717514124294,531,0
2f1060326945690fd8c3ede0b6bb328e,1,2,3.6101083032490973,277,0
6bb6d7732dc2f9e7e20f7e297d5760ef,1,2,7.407407407407407,270,0
e34f2acb93efc5215092fa05d0253e7e,1,3,0.0,339,0
976807e4560158e42cf8b4fe902f98ef,1,4,0.0,413,0
1be3ea52f2edde1bab0213019eb6573a,1,3,4.065040650406504,246,0
7bdd4adb2c520894a1262b6be47baaa9,1,4,8.368200836820083,478,0
3aa7967716bf452b09ba6a8dc1b918f9,1,3,0.0,306,0
f679265f93c8af27a0f68a79a1602681,1,3,0.0,500,0
4cf522ff278ccdfa1923bfb0cac40875,1,4,0.0,613,0
de7814da68f5bd4b7f375e105a2b5705,1,3,5.9347181008902075,337,0
7f74ef93cd19105b16b527b5975c3314,1,2,0.0,264,0
5dd5933817a2707b5981d758409aa062,1,3,0.0,321,0
7cabe8d41f8369fafa163dcd7a9aa250,1,2,0.0,352,0
6d5d63ff8c96d1b22bb756711987cec8,1,1,0.0,302,0
bcc64713852de738bcdffe1d5b25bea7,1,2,2.849002849002849,351,0
43134d77995a686a6768603580a5a634,1,3,0.0,453,0
af65472d7d0627883f7a911503bd80be,1,2,0.0,298,0
2cdb0bbc1dd16c5652065df7b41c4108,1,4,3.663003663003663,546,0
2c87b21bda9aa0c035d352c7ea63f5d1,1,3,2.347417840375587,426,0
641e79203dd50f57ce272b40fadec45b,1,3,5.2631578947368425,570,0
0179ea1417a180d01d1c95bd2b957e60,1,2,1.4450867052023122,692,0
27e54f865a86293c670f30951ea190ec,1,3,6.504065040650406,615,0
7dd04dfa29670254d0cf4430b47b4aed,1,4,0.0,343,0
b695626d15b580ace14adacfe805289d,1,2,0.0,154,0
57ac5f898a80f1f3127b58b6e7271237,1,2,0.0,190,0
6cfb69c59b601e3c8dd690d5dfbceb6c,1,2,0.0,414,0
5a1bbf04354172500d5e86955596b899,1,4,4.149377593360996,723,0
57eb7ce036af62e46c699e753230fb45,1,1,0.0,297,0
ea4bbac6f87d59ed39e54312544e41d2,1,3,0.0,386,0
42d493a29468781f32394a2628cadcfb,1,3,3.2679738562091503,306,0
5f18c7919c7019ed0494c03c1a992ebb,1,2,0.0,279,0
2cd1dac1fceabd342db7f92b55828e39,1,2,0.0,193,0
162e1c21c216f3255e411f01c1994115,1,3,3.0211480362537766,331,0
fd28c0c1233556c4f82bad7cd6014b6a,1,3,0.0,310,0
fa28ea05a5f4a0512a54fdaac3b2cf0d,1,3,4.47427293064877,447,0
2862afec291d0f08da2426ca9431d34f,1,3,0.0,291,0
7d3751ce3f53afe3cd4e3a86212d91a3,1,3,0.0,355,0
23d42fc100c9c5b96f8b6b4227899430,1,2,0.0,571,0
65059370d130fccbd7cd61f397290835,1,5,1.9607843137254901,510,0
bb62037af33a0afeb542a34199be1055,1,1,0.0,173,0
20c88277bc6033c6d44f319b1b9a6d83,1,1,0.0,254,0
4250fd77c27b86c9ef28a910d0fcc606,1,4,0.0,535,0
472bcd8d13687ecf0abca7d10e564705,1,3,0.0,389,0
2fd39c836d556f7e3b3c2c5b47e87467,1,3,12.539184952978056,319,0
7e6d63e4981c88affcf9b1e3a4a3bbe8,1,3,0.0,400,0
bb303a5eec03bca76bb605ddddf0236a,1,1,3.5211267605633805,284,0
4a7dcd2e8a42885427ad95f0c8a54df8,1,2,0.0,313,0
fde62a1e78435411094ada3947a63d61,1,4,7.246376811594203,414,0
d98f150acae78c81d71a22fb3b7e799c,1,3,0.0,464,0
9f20244ee7e844ab900b4568834e9a3f,1,2,0.0,242,0
5620dacd4d09e7a71a209b314449734f,1,5,3.3333333333333335,600,0
aa76b37bd56bcb70099c9881df4ac8f9,1,3,2.710027100271003,369,0
86ac7fe06539ead54d3e4f20681d09e8,1,3,0.0,285,0
135f61ce56ec28131a4860926bd481ec,1,4,0.0,513,0
4012c42ab8f6ce5778e44ceeba1c882e,1,4,8.064516129032258,620,0
a8ce28b68414d7e163fdd1ee51ac908b,1,3,1.949317738791423,513,0
d6560699c607f6da09bccf7665a9fd44,1,2,7.722007722007722,259,0
e17bed455107e6cfd4696a400830f48c,1,3,0.0,389,0
743a075df3a4912497fec77eb01541ab,1,1,0.0,219,0
be1e0999389f6f34573e5781ff917af8,1,4,0.0,693,0
79acc25379f3f2feb680bc344f5ba2e4,1,3,2.7624309392265194,362,0
318558200432760dfcf87a1a9071706d,1,3,10.610079575596817,377,0
b4b2faf2d29ede82392de7b59988704e,1,3,0.0,545,0
69dd039c96b144dded6619fb801c55ff,1,5,0.0,748,0
8c2649b8fcae69caf099f15741da20f5,1,3,0.0,393,0
69c521b2175f343ee91853fb1227164d,1,2,8.474576271186441,236,0
7fd116fb67d8e3acc8b190506e3a1fcb,1,4,1.6611295681063123,602,0
8b17e7acc0bdee3b63a9e7e255a28d23,1,4,1.5220700152207,657,0
268cde95d223beb84094354de4adf5c3,1,4,2.207505518763797,453,0
3703402e29e8a504ae218abe8343eca8,1,2,0.0,163,0
c8ccee0dee60d94a0756ab5160b509ce,1,3,0.0,421,0
6431e0e31c41519114f0bf1984c37071,1,3,1.4992503748125936,667,0
bbc98c384207d3abaf0b24b3931bcd6d,1,5,2.9197080291970803,685,0
c4d592bfa93713ac2a3690b77271b6f9,1,2,0.0,198,0
0c4c5fa314fb7401706a5ca0cb32573f,1,4,2.202643171806167,454,0
2d545129d7052da5a03403722540109b,1,2,4.065040650406504,246,0
07bc29ae26f3afcafcb4d9150c53e684,1,1,0.0,331,0
a9e5ce72c009a2c1b2b6e68793c3cea6,1,3,5.154639175257732,388,0
decbef8087e2d43e31f4875e77bd9f57,1,3,7.604562737642586,263,0
383cae5aee68cc39ff628f2a2322777d,1,2,0.0,206,0
93265978629770fcdae60209772e1dac,1,1,2.4630541871921183,406,0
7ea8d01adc86bbd32c4640ca0ef66ac8,1,4,12.345679012345679,324,0
e8a4f547fdb3ce57d09b03ae96d95000,1,3,0.0,307,0
3d172c8d0d639d521347b22e6559df69,1,1,0.0,295,0
9830f94540c7387a9b447b298aea40fe,1,5,12.145748987854251,494,0
7770f2a1d9382cb47d058ce6b354ee16,1,1,0.0,494,0
0917dfd094ae832d61a9e0ecea48d26e,1,4,0.0,447,0
8c0009ea19530a253d24c7cb0e6b99df,1,2,0.0,205,0
cdc100d1f2c46b1524837f365d028e62,1,2,0.0,220,0
523dcf6760e72add5e08d4b6994b5a36,1,2,0.0,213,0
27e1793e04d2c63947a5b46168e194cb,1,2,0.0,258,0
f6f9e1654b559344f4d86c452f4b6fa7,1,4,0.0,527,0
de2bbcc4391bade82f9cf7273af0492d,1,2,0.0,302,0
edc98a18e6b1ab5d6a995dea1d71f879,1,3,0.0,351,0
4a527b0d5a116a25af09c1e420bf35cb,1,4,2.320185614849188,431,0
701975a614c78651aeb09a8b0a5ead15,1,5,2.8328611898016995,706,0
d1fdf2e72031bfd7272196e65d1bceac,1,4,2.3255813953488373,860,0
545395cae1deb8231d8c5fdd68c67c7e,1,5,3.9761431411530817,503,0
a69db273c493a36e4b4fe79a4f634fd3,1,5,1.8050541516245486,554,0
15cd03d273de4eb1f0cbae507904c03d,1,4,3.690036900369004,542,0
b51ee33481994bea0c7e4b85567a6d21,1,3,11.331444759206798,353,0
c866dc74cf5b236d960800821cc03b14,1,3,0.0,354,0
cd19844532e7d7b9cfc3678a9b25f38d,1,2,0.0,342,0
eb718b32c371cbb8c9d35ad53ebcc1b0,1,3,1.7921146953405018,558,0
e76d38e38d445bbaf8a039f9dea17af4,1,4,2.544529262086514,393,0
744d1fe9c51562deca360d41124d682c,1,5,3.252032520325203,615,0
724227695aa8ee911cdea69ec64c7f67,1,4,5.514705882352941,544,0
bf7df43ecab2dc79e70bab750ffdf629,1,3,0.0,309,0
eb9d7728999be4b30c80fd10fcbb56c5,1,2,0.0,436,0
4587275a14335ce5d063a6023f992a03,1,3,0.0,402,0
7ab7212e5228dbc3c5790d9041473cbe,1,3,0.0,435,0
c6cbf69bc4181820d90861cc83e7c23c,1,4,1.4184397163120568,705,0
f477e3a33957b23d06c64c21c0ab242e,1,3,1.5015015015015014,666,0
b47a01d34e07d62c3a27e8ff652f8f03,1,2,0.0,394,0
1e26358b1c920eea3549692c8baf275f,1,3,0.0,333,0
1e9dca33d3a9f875ac45406c3d9155eb,1,4,0.0,627,0
857c49e60eab07581fcb1d3ae144504b,1,3,2.9940119760479043,334,0
a9253df2585aeb8d86eeda624b5e5ff2,1,1,0.0,189,0
e8cb0387edb688b3f1501da1d27bf68d,1,1,2.277904328018223,439,0
9595d1041373289dc40b1f917e3d3fc2,1,4,1.697792869269949,589,0
1bfc0b6bf3f78f8325075a33ad43850e,1,4,0.0,433,0
d7a8bfa1a5b21f8e9bb60dfe80968ded,1,4,0.0,664,0
90591fcb4976f50a91523a302c896295,1,4,0.0,478,0
2af925e5c91fc3e9b7dd0172e524944f,1,4,5.181347150259067,579,0
ef58ccfb60e6dc6da82753b897bf66f1,1,2,3.4129692832764507,293,0
61d5912137fd68d39a19166ae7331e1e,1,4,1.8214936247723132,549,0
ccbe935f039020678bfd709fab0e3c05,1,2,0.0,167,0
5d6c567be29bd011da1290179ce03bc0,1,5,7.142857142857143,560,0
c8b814c2b15af0bb1f5948d5d25d7343,1,4,2.320185614849188,431,0
4f1dea5d3396c9f06ad296474103d121,1,4,1.6722408026755853,598,0
ed5815117a83898d26a169712d0f9587,1,2,2.6246719160104988,381,0
764b213a0fdd11cb60a963e49c76cfaa,1,4,0.0,450,0
46a4a1b51d3936af89ebe78e621f7634,1,5,2.67022696929239,749,0
9a8df54c955d36136ea23a404b6f9818,1,3,1.949317738791423,513,0
3eb596895b8efc2b62331256b580beb2,1,4,2.5,800,0
2bb827911fec598d219d670479ed829b,1,5,7.984031936127744,501,0
b51c6901923ed0c254d55fdd8d36887b,1,3,3.225806451612903,620,0
386e72e0af0690b06930f722cecb3a66,1,1,8.583690987124463,233,0
92253a322162a349a46d0d9a00613d24,1,3,0.0,273,0
78cf76db3093a6e73f9c8279ca668632,1,3,3.690036900369004,542,1
bc02d89f3a8008a6a8849e6189cca698,1,3,4.576659038901602,437,0
a16c56de3a600e7515e921192bad1303,1,3,2.109704641350211,474,0
5531a97def4282ecf619c95d60fd960f,1,4,0.0,467,0
cb835a19e1429dd3f5224a0a0dd0d0b9,1,2,1.9120458891013383,523,0
b884c56e1becdde5f22587dad0c095b1,1,4,0.0,626,0
b08aac2fadcebd553393a592a6ceeff6,1,2,0.0,514,0
57b7975ef151d452a9ecd8b9386d6318,1,3,0.0,347,0
96a3b85d69384f71d11814cf7119e5ff,1,2,0.0,154,0
7dcf5f671fe929e61bc81de2b30a54a6,1,5,1.179245283018868,848,0
63a396bcc16d5064b946d73d0c90ffa4,1,1,0.0,573,0
19d3090f9a35557fcf06194683ee7c5b,1,1,0.0,194,0
22f2c6cfdfc460b6572a6e070472df29,1,4,0.0,530,0
7b6ab15b2fc3594253ed351efae39679,1,1,0.0,188,0
8ed0f397945e68031487cdcc39b97d8c,1,4,2.5641025641025643,390,0
1e7a9d3ccc551735ba74b37714d6ae10,1,4,1.8050541516245486,554,0
cbe63af9bfe06f835bedd8609e698a63,1,4,2.2831050228310503,438,0
b0258e5bce87a8b431e4d6fd5d2c3915,1,3,0.0,459,0
aaf85083d6803c589693c7a74f86bc85,1,4,0.0,597,0
bd81d0b23925a32998d32343ea980803,1,3,0.0,204,0
a5ade3c0197ca42a0dd174f0dd97b1e1,1,4,0.0,405,0
4a5117b0f9d8c57fde1e0e7984b56298,1,3,0.0,685,0
38f2a4f019b9a1132ac15e03db50c40d,1,2,0.0,210,0
e5bdc39756a9fd459288c528fead2cd0,1,2,5.405405405405405,370,0
22311e7e355ff479f782663d0caef5ab,1,3,0.0,774,0
3bbc839f8d13d313e5200eb3e032b179,1,5,1.1848341232227488,844,0
82f2e3d2ac975691252dd4a12f0a1d1a,1,4,1.9455252918287937,514,0
b3c16f123f4402d504d3b7962d1e8bd7,1,3,3.7037037037037037,540,0
4bdd47005e5a35ad98df6cc1f4c0d22a,1,2,0.0,476,0
8847fef8f92054d6e40bc3e92bbc2e8c,1,2,0.0,271,0
b5fadd258263e7ad2231f79907cf76cd,1,2,0.0,212,0
e610a32710bd496d7d178c07fda54658,1,3,0.0,284,0
1f8c7e9292152bd797dabbf22ba6330c,1,3,0.0,486,0
bdfec9b21c3ad86716014178d688b2bd,1,5,0.0,659,0
5bbb50a58d3fafb9d4978ff15dcc1cc6,1,1,0.0,334,0
eb0979ed4bcb1cc04219bc64176a76fe,1,3,0.0,508,0
1cf83302d4eb8426e665c8e4c3a740a0,1,4,2.4271844660194173,412,0
fddf27c73187673d37327c46cc01a13e,1,2,5.347593582887701,187,0
75f5272c8d30edd7edde84acf99168f2,1,3,0.0,513,0
1d46195fcaf8774477decc909301738d,1,3,2.5510204081632653,392,0
1cd6e6daf175961feb54f6c9a218d628,1,1,0.0,249,0
f5a2fb9dc1fd732efbd2c7ee9d1002db,1,2,4.587155963302752,436,0
7ca290a7eaf21b2f5ba365ee7d88a8cb,1,3,0.0,427,0
fbd9c2c3379f60b77adcdf2b6814b8dd,1,3,0.0,277,0
3e2b2ae154b6a475eba26167fa664d18,1,3,2.34192037470726,427,0
da625448054bbc3e729098a5d31cb556,1,3,0.0,624,0
7329050850bad4a5e874bda988740381,1,4,0.0,444,0
8f09791187a6869b36fd42c6d862ebc0,1,4,1.8832391713747645,531,0
8f39abf0b291bf5e5dc0d2e825ca34b7,1,3,2.5641025641025643,390,0
b6498fb1ed3d32506827743fb7ac649b,1,3,0.0,413,0
a2a4297937d26e897815bb82a60fa4aa,1,2,0.0,339,0
c92cf704c8f19588afdaae20b4e5bfca,1,3,0.0,277,0
119d6b6ab9ad1a62a7538156a5be35b7,1,4,0.0,688,0
1442817182c130d6015e2e03fd073bb9,1,2,7.49063670411985,267,0
4a138f7a85c56cade43184b6584ece9e,1,3,0.0,545,0
21d614a539fa09552b1aed25b1e8a79d,1,3,3.7735849056603774,265,0
2937746b6b7d8ac235fc20f8cfe10d54,1,3,2.2222222222222223,450,0
b3cae329ac21dd45090fcf2072118bdb,1,2,0.0,301,0
f683bef327e161d89aae0b0cd3333f6c,1,4,0.0,655,0
6e1513bb61696ca637722f249a1c877d,1,2,16.39344262295082,244,0
77f7a88b00140f879f6405e00dd80687,1,4,5.4945054945054945,364,0
a22f145fd27c55090d610e5fb46e48c1,1,4,0.0,422,0
d69c5fc30b602715d6439c849c48de5b,1,3,3.115264797507788,321,0
b005d3fb9eabad2952cfc7d98103eead,1,2,0.0,442,0
396a0d6ec286cf6e8db71c38fd4b94c2,1,3,0.0,431,0
cfcb69774081b8a60f39d96510616253,1,3,0.0,444,0
1d701bf63f4859a0c9e3f21fd5e568ae,1,2,0.0,297,0
877c2363f2a684d889a7fe70ece071dd,1,4,1.941747572815534,515,0
529466b1504fc6ead5ea4214f13f86e2,1,2,8.032128514056225,249,0
3cd66429ac195f0a61e74dea7af3ed5a,1,5,1.4306151645207439,699,0
3f2cc45569f47292d4fa684716f25ab6,1,2,0.0,206,0
3cfbb9f057c6ed6c8cfe81597579516d,1,5,3.838771593090211,521,0
6cb711ff7b0de9b1078e9dfac8e03b4f,1,2,0.0,189,0
8c6b678a3852acc0e480c6d7cf8fb2a2,1,2,0.0,368,0
c0d429045982a4de67d612e7cfa7c0ac,1,3,0.0,400,0
6c1467f4f52fe682792b7f9d0f4a01e3,1,3,0.0,465,0
cc2ccbeea530ea51ba39311f8a6114ee,1,3,0.0,363,0
d7d45bf181173177e8f2579337e34667,1,3,3.3003300330033003,303,0
d57d4cbd5d357c5c1d7144c9bbdd18de,1,2,0.0,184,0
eb06f93ec059756678312e9e1df89ee2,1,5,2.442002442002442,819,0
ace466db62e0c813eb225a74220cbf29,1,4,3.8860103626943006,772,0
22f89c02e0a23455b3cd3478fa9725d0,1,4,0.0,607,0
3e3dfe1ac430c72ed76fb6be8fbdea5e,1,3,0.0,428,0
3186991053ea4dbea23ca3f94b4f1a94,1,3,7.0588235294117645,425,0
c2dcc230c501cc6b012e864a0cd49874,1,3,2.05761316872428,486,0
a87310cb067c49e32dfce94a0ee923ff,1,3,3.6231884057971016,276,0
291ada31ff75224c100493bdd52b5bcf,1,1,0.0,522,0
b113bd70b0b6154a4b877f72b0e1d78c,1,3,4.319654427645788,463,0
e402fa9a495e99ce84db67b5df26c8d0,1,3,0.0,341,0
0e1ccdd8887f26e58c3ed8d812cf074b,1,3,0.0,470,0
2f932476a06ba15617238a5a9e640a0d,1,5,0.0,834,0
d9629855d8c9d3e9928d6d522404d5d4,1,3,4.938271604938271,405,0
5e84e7c2e492e22e4c55fdb69bc8a35f,1,2,0.0,249,0
5326badcf80f523a890716195c53bc7f,1,3,8.02139037433155,374,0
2c1d4fed11526d0ee17e554e72c1b0e7,1,5,1.663893510815308,601,0
8458316d7bf0ea9b38e39dd63aaef9cd,1,3,4.25531914893617,235,0
1e0a085bd052701602509a17222d9fa8,1,5,1.7094017094017093,585,0
2c18096aa24b06bb65aa482959314311,1,3,0.0,455,0
53a2769d89561d2302904450bc7e9d8b,1,4,0.0,441,0
fcc5804472203230cc79c57f95c96fcf,1,3,5.128205128205129,390,0
06f7d745f60c4f500158cad815e64c14,1,4,0.0,724,0
cf31ddaf4a6513dd0a3224c71361e4aa,1,4,7.159904534606206,419,0
a6760c62cb4eb7f3dbec08bc732662f8,1,2,0.0,612,0
08dbd2bff4aa1c531d895405a4396832,1,3,3.0864197530864197,324,0
99debcac3386bfb3b7c74cb50a575b31,1,3,2.840909090909091,352,0
6efcc5de07ad75abb1de4024ddd24da9,1,1,5.2631578947368425,190,0
873273c9e81382efeca18e8a1cc95f20,1,4,0.0,475,0
b56697b138d62f8641072b8b17750a93,1,3,0.0,381,0
52fc0282802f9f6489b1d3d4d8d918b8,1,4,1.6611295681063123,602,0
111ede444c151c421709d6371a631152,1,2,0.0,215,0
f2698f91dc649ab3350c843c2a79478b,1,5,1.278772378516624,782,0
8f8077fd7d8b4602dab39ed285f433d6,1,3,0.0,464,0
a6d51e385897360963f50fe6fe2feb46,1,2,0.0,447,0
43bb277933f2e924da00163707f2bfcc,1,3,5.555555555555555,360,0
8d70d2de4f485a25a0a8dea3c7c5dcac,1,3,0.0,450,0
b6d44fe9fbd4edf21d6116f19f68fce8,1,3,2.6881720430107525,372,0
99693e1d6b6ac5e74400ff1b68bdb8db,1,2,0.0,301,0
f0839a381a89398c943024e18bddc8e7,1,4,1.7699115044247788,565,0
819dc7da83c8d0348f7c46eabe67f8f6,1,3,0.0,415,0
ffd5f715cdad28950fdcf229e6965cd0,1,2,0.0,499,0
7492dc324bed1bbdb28dedfb791e64de,1,3,2.1321961620469083,469,0
bb070f83c79748a6a40c467e3a215149,1,4,0.0,330,0
03134eaecd8fbdab144ac00c9669ade3,1,4,0.0,410,0
02d2497e6298215663cec6889b3b676f,1,3,0.0,471,0
4e485cdb3bf2165f8a8b560d532327da,1,4,0.0,557,0
330dbc109b7aac7eb10f1890f717d2f2,1,3,3.4246575342465753,292,0
aed190511ddcd17e1700c37677ddac8d,1,2,3.690036900369004,271,0
5a86174c9f9be7faf3eb1fcf34c2d3b9,1,2,0.0,403,0
4ca186d2b923c37f07dcdd1bea46dd44,1,3,0.0,511,0
317b6579f54623716e7491f72a8eb455,1,4,0.0,493,0
c12f5e36a0785e6ca33da8e8b9c0e2f0,1,4,1.36986301369863,730,0
5ce2c1143e148d9f68bc620e97f89fa6,1,4,4.335260115606936,692,0
50957e42ad230ceafbf2f254139e12c0,1,2,0.0,516,0
b3b327bb3f4484b6e6dbcc5ac7af1f85,1,4,2.2172949002217295,451,0
9ac2a69bf412ecf71188242dd0ac32ce,1,3,3.7037037037037037,270,0
d08d3538e9c82afcc787b6b1a0fb25a2,1,2,0.0,286,0
0df0d2ee3a7feeb175cf27301a94632f,1,3,0.0,255,0
f7c5617f7bbbbfdee83ef00fab1747e5,1,3,4.761904761904762,210,0
9ed2b2bfcfea3700d4505d18b6dba4d4,1,3,0.0,285,0
921899a5aec67c5475535de2a37f78de,1,2,0.0,197,1
8d66ecd4ad17b3dec53133dc9e045325,1,3,4.705882352941177,425,0
26080c6a2e930e03155488cea5fdab54,1,3,5.9523809523809526,336,0
24849986a1c649e6fd6797c8c5e8e71a,1,4,4.750593824228028,421,0
9ea7f8c7d57afa6acd459a22dd77777f,1,4,1.953125,512,0
a15787da859d0c2382fc51630a71deb3,1,3,1.858736059479554,538,0
fa711ab33cf918f746dff5734ae0492d,1,3,0.0,286,0
3e2d0a088f3d61861b013d17f59abff1,1,1,0.0,268,0
1334463e0368ca38cde6044e60b2ab0f,1,4,2.5510204081632653,392,0
e64f69c9d3e15d06c2a58f17479edc65,1,1,3.289473684210526,304,0
3634c1479a9c1eb47750116e92098c49,1,4,4.246284501061571,471,0
47e5e916cbe42730a557508f193d0d84,1,4,3.6968576709796674,541,0
dd56801199177e133ff95cca1aa717d7,1,3,0.0,469,0
da399cffa166f1028d535088ea492d4c,1,4,0.0,445,0
e81f3f12ec1ec4978433427c9008df87,1,4,0.0,615,0
d4cab69c82d24f8e4cc60edc3faa90eb,1,5,0.0,1203,0
30c81e8ce4e4a254a22c2fa39ea2eeb6,1,4,1.949317738791423,513,0
4f47d3b2f2a8ba84d620cc77bbb8dedd,1,2,0.0,308,0
dec9da0b5f8320ca46fc55c09194982e,1,3,2.4390243902439024,410,0
783a4c3ed55294ff7b3fca02bef7bd7a,1,2,0.0,172,0
0a9930b56c04273307cf9868dbbe6a38,1,4,10.92896174863388,366,0
f446c67e188e474130cfa851b23ca51b,1,3,0.0,247,0
a74490a3060206c519244e35cc63fc18,1,4,0.0,732,0
a65994a77bdce0f89a6194a6f8654cdb,1,4,3.883495145631068,515,0
4237ac6584ceb5abdb56dadaf7a4b03a,1,3,9.63855421686747,415,0
efd6bfc0cd8279125a2cdf384ac174b4,1,4,0.0,1164,0
01caff6493913ffdef676694cbcd652c,1,3,4.878048780487805,205,0
ff2da0cc098c544d8a0383fff35e5ab5,1,3,2.304147465437788,434,0
24489b08759c062c7bf996c29cb9c3cd,1,5,0.0,815,0
4490ec27deef0d240d68fca1852e0577,1,3,0.0,390,0
c56d7dcdad3b4fcb0fb623c06d3dce80,1,3,0.0,452,0
4b549fbe1075dd56251dbacfcc65caee,1,3,3.0211480362537766,331,0
f4c4300fd3bc7816cd872d5c6156ed0b,1,4,1.4970059880239521,668,0
d844ddd71d8413e2a2af4a9918831179,1,4,5.649717514124294,354,0
dfb349cbbe402cf063219691923d9bb1,1,3,0.0,383,0
7d704295db31b03cfde9a7edde009f31,1,2,0.0,612,0
29a06071af2d604be5f996c0646946af,1,4,0.0,471,0
aff14d7dc28d6b9de3423c48111c1175,1,3,0.0,230,0
2bbc58ff262fe09ca7112455e9e4589e,1,3,0.0,522,0
69b8cff01264cfcefaed0aaa5d3aa371,1,4,4.838709677419355,620,0
e58c6d0a9c3d10d7c307329f2c52fb90,1,4,5.30035335689046,566,0
f30794f0a1555d5804ecf9e00702ce07,1,3,3.6231884057971016,276,0
c88acf0626422646119e63547ae40c51,1,5,0.0,534,0
97f432b07e31e0c33f5c80fb53299b3b,1,3,2.73972602739726,365,0
62f324be3b39779d5d8f571a08acd542,1,3,0.0,689,0
2461ec0a8b24a16ca67b9ba81c5cf3d7,1,3,0.0,434,0
7eb2bef862dc763c32268a31a4dda919,1,4,1.9607843137254901,510,0
d3e2c651b70a81bfa15443dea34b896f,1,4,1.6528925619834711,605,0
57e58d212c142821dd4cb1923ff8612d,1,5,8.534850640113797,703,0
0296e023fe2c21b3f09d805881f7590f,1,2,2.881844380403458,347,0
0b3ee1b4fc46758844719e8608230adb,1,4,0.0,402,0
1505d21faafacfa67d3d20558bd6e38d,1,4,2.3923444976076556,418,0
1c52e0981ae8a737ef4a514423e8ffb8,1,2,0.0,278,0
ba80bd02e441d8f0484658f9a7622b01,1,4,0.0,494,0
10b900b9919d02a44848ca6361cdd969,1,4,1.9011406844106464,526,0
9962ee3073bb0210113bedadecb1eab9,1,3,0.0,498,0
035cdc6f48f0b370c7effcef54501600,1,4,3.5650623885918002,561,0
001c9c7efa08794f593b00c295c9e00e,1,4,0.0,602,0
0b5686f27b890aa9817e1c60be88ad2e,1,3,2.2573363431151243,443,0
4149f429e5cf7050ed94d952f25d18cb,1,4,1.8248175182481752,548,0
28b3b0ef8da365a06788d03c08f2d483,1,4,5.9347181008902075,337,0
d3ec87bc462a774dc60801acd353d389,1,4,4.301075268817204,465,0
d20f1aa47d7f31be92323696084897e5,1,3,0.0,324,0
8177a592a151658efb4d4b4de38d4106,1,2,2.6455026455026456,378,0
f913c2ad891fdc3660d6ffc3d93a7b8b,1,2,0.0,281,0
1c1b01e21ad86191f307e1b56bca0c17,1,4,7.393715341959335,541,0
7503bc5a1c7b248f8f77745972f920c4,1,5,0.0,1312,0
66e77e2d7b301b772e02bb9aba4f00b1,1,4,1.7543859649122806,570,0
6f1609e222bd5093f865980c14ea9244,1,4,0.0,517,0
b2d532ea03c712300fea067759d555ab,1,4,0.0,469,0
bf045d33894f40eb7eaa55e2f3be786a,1,2,3.690036900369004,271,0
582d5a07e3b3a6b8d202d251058ab486,1,2,0.0,313,0
335d76d2bebf9cd9567fbcc0832fe26d,1,4,0.0,574,0
04a529a6e69b226ae97616344391d639,1,3,0.0,378,0
814c6c290b7a8d4bddb5dbfecf5ad823,1,4,0.0,1015,0
ed6d6dcd45e971d52244b74d99eab6fa,1,3,0.0,313,0
8ded5d625be7b64d3544ed6c70d5777b,1,3,3.2051282051282053,312,0
4ff8c03b435db21ae25eaee7dd4b852e,1,2,0.0,385,0
c80c74cc167153395b47b2c0363adae8,1,2,4.2979942693409745,698,0
dd028a21eec3ae0e1a024fdceb58c972,1,2,3.048780487804878,328,0
ff5b6e8244685d76772bd275d1beb974,1,3,0.0,496,0
0d9ca2bf3a345a4afff390f653345c3a,1,3,2.525252525252525,396,0
6c6157a00b0af3b58fc333955a9590a7,1,5,0.0,1210,0
71ae7a0e270258209adf9235a516ea6b,1,4,2.9673590504451037,337,0
6c03f7bf717101c9efaf3375c4ffcb39,1,4,0.0,439,0
70b7d7511fd56ff9c752a3f54e01c5d7,1,3,0.0,641,0
bed7bf29f52a66336029ba702ea48ba2,1,4,0.0,552,0
89272e54060dbb96a41f5317329be718,1,3,5.780346820809249,346,0
328fe2b9795f7ca9da367e8347902eaf,1,4,0.0,744,0
f2b89afbe22cab47faef908429e9a339,1,4,1.9646365422396856,509,0
cb14742dd60fb432f166e0dc655ffc95,1,1,0.0,183,0
b2bd8a38f2066e574c07c497952ba8a3,1,3,3.1847133757961785,314,0
29fc23133da9f10ac582724972f59214,1,3,0.0,417,0
9b35c49db61c4930192185cd8c8a0877,1,1,0.0,183,0
62fedf274709046af2105ab59b83cd3f,1,4,6.651884700665189,451,0
c5beb318ff5a935e6077d55aaee573d9,1,3,0.0,586,0
ea30d026c1e505477640fe4632ec7e12,1,4,2.197802197802198,455,0
ad4495e7f46a77770e39b8a57c6e7504,1,4,3.942181340341656,761,0
67b99925810cd307888f974c9ad3db2a,1,4,2.544529262086514,393,0
37592fceb317e507a807ffcf7bf88bf5,1,2,0.0,193,0
cd9ccd351a5743e3a667f98e0e2a1e55,1,4,2.237136465324385,447,0
59159d985ac24215aad4ae5d698740ab,1,5,5.769230769230769,520,0
14beb5c6713102b4fd727b64652af5d6,1,3,0.0,435,0
827f961898e7397dc6fd5bc2891d9a63,1,5,0.0,679,0
7ac2d83d8440f2975ea26847a2248242,1,3,0.0,601,0
acded675800869a46576513a173b3c02,1,1,0.0,415,0
08f82683a5a13a45c7192534b6817093,1,3,3.076923076923077,325,0
505a04db163a9d944047ee1e027ce8d6,1,2,0.0,223,0
8929c008f71351c6d4b2db5106fd0d87,1,4,0.0,451,0
92a1da2da373e1a3bdb212ad83e7aaf9,1,3,2.6315789473684212,380,0
aaee29e9ca36a6bed24789459c44a8ef,1,2,0.0,290,0
80443b1fdd2d9701239ca75194cd7a9d,1,1,0.0,412,0
01371f23d04b3bf1f8e8fa289bfd8623,1,2,1.8050541516245486,554,0
3bdfecb21545691f1d9ef1e47dc9a350,1,3,0.0,285,0
1606761f225029aa49cbfaa4f5b3debf,1,4,1.9801980198019802,505,0
e92c71c8584e9bde3574192e3783ac1f,1,4,0.0,509,0
711eadb550d7ee4b556147c25c50fd6a,1,3,6.7114093959731544,298,0
59f302fee064542032bdec5a0a8b4249,1,3,0.0,388,0
32078209ea30b6e768e271b482504401,1,4,0.0,516,0
79776c60d04990d9a3fa717645690c82,1,5,1.2091898428053205,827,0
875fce12a8543e3d6f3b5182b2a9efe0,1,2,2.6525198938992043,377,0
10f4cd18bdf8b8da45703fa3991316ec,1,3,1.4903129657228018,671,0
15668c8d9762953104576d61f9a63a57,1,4,5.194805194805195,385,0
a4034453617ef7d3542fce39c9ffb013,1,4,0.0,633,0
611f4af7ff31eb73a74e5d2d8d81817b,1,2,0.0,208,0
81ecb54a6d6edf0219d9a666cb3ac380,1,3,2.320185614849188,431,0
aa00862a96c5491bd494464b0d886fe5,1,6,2.1715526601520088,921,0
949d914721ca93dd01ccff68f307d88d,1,2,1.3458950201884252,743,0
d4d1c029c29caf13dacdf75e4242fd6e,1,2,4.329004329004329,231,0
58c9ed50ba3713721cec2863e8236706,1,3,2.5906735751295336,386,0
4624701594d1574f3fb444e589ff1b9b,1,2,1.6556291390728477,604,0
78a77c8e27afc6b76bebc5bcd4b93062,1,2,0.0,534,0
fe13e5fb965aad4d2c52dd3153347cc4,1,3,0.0,470,0
e4d87c2d6de39f2af970fbf34add5b15,1,3,4.975124378109452,402,0
37c3644646951fe66cbe905032f172a5,1,3,0.0,376,0
b830fbf7bd6805a9979282d143c550a3,1,2,0.0,172,0
f297044c5bfee8588efbe489ffe15c54,1,2,0.0,587,0
23c1f85bdf40060b63bc2141356c47b6,1,4,0.0,572,0
cb439b78817a47ff9b7b914c91a595e3,1,3,0.0,553,0
08563bd24a4783275e3d6f04134099d1,1,3,3.816793893129771,262,0
d681f73fc95652587fc4845a1223cc95,1,2,0.0,408,0
95e88673bc7d0f12c7e44540bd7ba92f,1,2,0.0,414,0
00ab192dd38cda05fbebc751fd14a72d,1,5,5.420054200542006,738,0
b23b16e792e8b2bb0729c8c193c0966b,1,3,2.1459227467811157,466,0
eb63bb753fa764e6994070798d050e77,1,1,1.3568521031207599,737,0
d1f73f8672ae2f6cc63cae5ce53931ff,1,4,3.3500837520938025,597,0
228715e41b9f32aee828b35874893623,1,2,5.0,400,0
28bec36cc5f6b1efc3f2876f8287dbcf,1,3,2.293577981651376,436,0
5a2cdb152142f3559edee1f62797f1c8,1,3,0.0,513,0
a5fc57ec21da621ec80ea738d52e06be,1,5,5.161290322580645,775,0
7bd52748464947b250a03b58fbb77f7b,1,3,0.0,267,0
213c937a79bc4afa771382e5fae6f6f7,1,3,0.0,230,0
ad41258225dba5ef477c211f431cb692,1,2,0.0,222,0
f77c3c5fd53848a69e436598cdbbc368,1,5,6.259780907668231,639,0
27e037864b9be2959d2e3ea978340377,1,3,4.750593824228028,421,0
3d9ba171a83c76bd2507fd1633c4c414,1,4,0.0,644,0
8ca59ef0ff4e86d1c7a5f1bfb3c97327,1,2,0.0,360,0
c7839c42dd5c3c1277c8314bff624258,1,3,2.785515320334262,359,0
9a1bb17eebcf467c097255b3b472b407,1,4,1.7436791630340018,1147,0
c894c26d9aa2737ad05a6ad707ca5906,1,3,1.5174506828528074,659,0
26b186920c2a309c6fb73ba0610cd606,1,4,0.0,578,0
465d1b9d58ca6654aef4e2379c31b2c2,1,5,1.8115942028985508,552,0
967c1dffb0b3e7aa97306848e34070ad,1,4,2.7247956403269753,367,0
e074f07e389a420bc20728b0d7bac355,1,1,2.4813895781637716,403,0
3515228dcc0fe47ee4ac82d975c552ab,1,4,2.028397565922921,493,0
ec3a595290f81da7648c12c54733aeb4,1,2,0.0,500,0
4dac6b4ec47b1af561fb7031f7b18303,1,3,4.4543429844097995,449,0
e1a5b37d37f5fc3b6578b1c0d5e96697,2,1,0.0,174,0
6d95144fc6bd2bedda09498b45c90ae9,2,2,0.0,351,0
71bd75c00241dc73e9d090b5ad6c591c,2,4,1.9157088122605364,522,0
8e0f8ef69bf3ff1b499e1b5a62c061ae,2,3,0.0,513,0
bcb5e293f53b011ffd861fce75abc723,2,4,0.0,470,0
8c1ab2c55e6e9fbbb1c0591a649a4cf5,2,3,2.4330900243309004,411,0
e67db1df2cc0d40f16d79b903a24c758,2,2,0.0,294,0
8247ae2dec189047b3cf2604dcaf81ef,2,5,3.327787021630616,601,0
410be384fbb1c7b3129526f70afecdf6,2,4,0.0,501,0
5f8164f6ad772f31e6b10664d2248e63,2,1,0.0,222,0
535c2c19c72e28f1d5a4c550eafde971,2,4,1.6528925619834711,605,1
9910c88adc77cdb791e51b58db2a5d29,2,3,0.0,256,0
150f29e2575cfd913d788cc67c546127,2,4,0.0,512,0
af33b77379acf6c725d23b451e79f0b1,2,5,0.0,703,0
13ef997b287a20fa04e89165c12028d5,2,2,0.0,379,0
14b9625d5ae310cc5a8ec2b963f27a66,2,1,0.0,161,0
351d3166f6700babbf3d51fc36c1b248,2,4,3.838771593090211,521,0
8bfea1e604b769b70c9c102740c240a0,2,2,0.0,284,0
23cac5e50d89d39c1abe0adbd99c3ae2,2,4,2.4096385542168677,415,0
dd78d38108b0e4660aafd545edd65ee2,2,3,2.9761904761904763,336,0
59360fdeb9537ec08777194a737a0083,2,2,0.0,229,0
31872868525bff7c983cc9d08be7a39d,2,4,0.0,434,0
61eef7c5688e112360b8ea5fc831b9cb,2,4,0.0,400,0
2154c528c2a021f1dd746d647d264bbb,2,4,3.6832412523020257,543,0
904003bddf9859ef09b2048c0456ee75,2,4,2.5510204081632653,392,0
62591c344728d49d045fb3c628a8f7e0,2,4,0.0,417,0
dc2df05930f8283d11317db076e385bf,2,3,3.597122302158273,278,0
834f2691b81b180cba433610a5a238ad,2,4,0.0,488,0
09f443df6498974225f95c285397dc50,2,3,6.024096385542169,332,0
d6e98f6bd0b9e21e201399a9ab7fad7b,2,3,0.0,262,0
ace2a42d9eb81a3c62193446d29a4059,2,4,0.0,354,0
bfcd3d14a4fb307f8a6435a253a9a0f7,2,4,0.0,578,0
a81562d569057d4e1bd0008b7ad42363,2,4,8.695652173913043,345,0
8f5c188949b6df01c904f19ad395ec48,2,2,0.0,235,0
e31572ecd5b16b8f9db0931d11a45cae,2,2,0.0,275,0
995fe382ad8a16f50bf7bfb0063e9124,2,3,2.2222222222222223,450,0
0d4b589775af7ba9db429728ad6f99d9,2,3,3.4482758620689653,290,0
fd4efc73de921ca9f55964face4bcfee,2,3,3.690036900369004,271,0
333730a2e5c4e0c2737fec1c88ff197c,2,5,1.721170395869191,581,0
f311f376ffaa4003f9d0520a93dde3ae,2,4,0.0,771,0
fbb5a38534bc190b5feb9084ea81dbdf,2,4,0.0,472,0
d43d27aa26279e87c4194db0f87b3ce7,2,3,4.3478260869565215,460,0
26a2f6330efd8e09a7800c679dcc40a8,2,4,2.288329519450801,437,0
52e4c6c718bfa99948556d51259100b3,2,2,0.0,362,0
8ed5ee68bb2726e508cb35fe1f9a1c5d,2,2,0.0,262,0
85bfd8e24cbe60ce7c689be6b96c292d,2,4,4.301075268817204,465,0
b5c9ef2e3c9c7d36319e6f3d6631b20f,2,4,0.0,334,0
3c22a395fc3e39afa2e8e510d7e25432,2,5,1.7953321364452424,557,0
529f26b2d22544dd6d41cfc32ebce867,2,2,0.0,254,0
f6c094bf60fa65b38f5ad1414fae497d,2,2,4.201680672268908,238,0
2c0ec6b2b2450d4633a38a668bcd42ac,2,4,11.904761904761905,420,0
35246baa3e8b15d4ce8e0d8eb8541cda,2,3,3.676470588235294,272,0
a437ba1815d9e8e7dd4414780e6d17e3,2,4,0.0,532,0
550bce83be642bb20744d334d48d7de0,2,3,0.0,274,0
0bf7e37bfc208d9a06324c033582ae00,2,3,0.0,326,0
cd392038727315c4176cea81400190c1,2,2,0.0,223,0
f3094c247973ffaa56c7a9d844c86e65,2,6,7.9908675799086755,876,0
9287adbd8734f4c1f0c39e52160ca136,2,2,0.0,289,0
9881ce5ed2f3a6fdd860124997a00b27,2,2,0.0,227,0
2c0bd8f371efe8d5526e8682b93a6fba,2,4,0.0,542,0
14a75fb1785ce45ad624bee251301c67,2,2,4.424778761061947,226,0
b7664689d81f5712a9dabd63f1b2aced,2,2,0.0,199,0
1eeb74a99bc3d84a085fc69f311e0f67,2,3,3.6231884057971016,276,0
8c6bd8145a8dad2dd2d01f8e52ff2bd1,2,1,0.0,429,0
cf3a68ec6832b180cb0d6b1dabd6f39c,2,2,0.0,306,0
b7d55e510ec896278774fd6d07bb93d8,2,1,0.0,532,0
4e33c9784a5aa5a317cfb845a4f998b2,2,4,0.0,423,0
b8a4bb89fa4f3a951d1b150f5b30c9ab,2,3,1.7452006980802792,573,0
6a6c7d4f053dffe712e4fbcfafccdf49,2,2,0.0,394,0
85884f00c76101f3de9a462bc69e3a77,2,4,1.5015015015015014,666,0
dd6a0ecb0515e207f37b4ee42069cc7f,2,2,2.73224043715847,366,0
1a09615495f62138d66ddbf862465028,2,5,0.0,466,0
f7c151b15e3bf936d5046ca359d2451d,2,2,0.0,324,0
0f63dc9bea84b79495287075e7bc06f7,2,2,0.0,372,0
97c949ee318f5adfe5037ccdc8a6129a,2,3,0.0,264,0
58a8cbd48fa3ccb2be69158cdc8767fd,2,2,0.0,252,0
421b44e704551cd2d1b75b662624127b,2,4,0.0,371,0
fff7ed3b39be295da30ebf0343a5d37e,2,4,0.0,560,0
9e3b3e5751e1484309c64ba0fb8ce9b3,2,3,0.0,398,0
0b010b8e648591d99227f9548a8804fe,2,5,0.0,818,0
92db8889ef528b45ba0130747baf0fc1,2,4,1.937984496124031,516,0
fa90fc67d256960f5b0b5c4d92e35bed,2,3,6.085192697768763,493,0
b345c8079106ed4753868d83841a0c1a,2,1,0.0,176,0
780a25a843e0b246e99c5c05f3808986,2,5,0.0,764,0
f5b9068fb73e20a390d26222971854a8,2,2,0.0,225,0
bf9163f76c8530d5a28d94e4aead05ef,2,6,3.392705682782019,1179,0
0db2935514eebfdbbbf36c556a6004e2,2,3,2.1459227467811157,466,0
124c8b2e511891149b7fd6b8ede885d5,2,3,4.2283298097251585,473,0
db30365305810606e1cc3b4d18d54690,2,3,0.0,415,0
78b14beaaac0a68d819c66879b69d7a9,2,2,0.0,165,0
b950c9d7491e9822cc3b59f277e3892e,2,3,0.0,399,0
afabd7a4ffd9113b8f35426fc8d3471a,2,3,0.0,363,0
723b63b64a56cdf0d3fd5607a8d424a0,2,3,0.0,472,0
a4f7c9058143b9c79c9118a85c0151e6,2,3,2.808988764044944,356,0
f9434c42c2ddb37047d601ea1b46d371,2,2,0.0,263,0
27a85ce68faf836be38fb2f1753e3ded,2,4,1.7361111111111112,576,0
a2ce63d11cab786d3cb8495e111bad86,2,2,12.158054711246201,329,0
a9917092833935a02df94095c2531473,2,4,0.0,473,0
0b8d6bd8c91c5b60b3c869744c9ca343,2,2,5.208333333333333,192,0
d5f3e5a9b0ab2d23fc81db67a1c95654,2,5,1.6722408026755853,598,0
d027f0262aff35013ba46486a88367b7,2,3,0.0,312,0
08efc7ee6c736d2f0ba60f63dd5438fe,2,4,0.0,378,0
9959af0c070d70224b334a5afa35cb70,2,4,0.0,453,0
57ce2df63dcd4232ac2d1374dd49df9d,2,2,2.6737967914438503,374,0
05b9ac93537c9c6905ea5541f73a80e8,2,2,0.0,396,0
1614c7cb10a8a76cae93df363fa67fa4,2,2,0.0,171,0
8cc742bd1655029efb00a1b8dbb39237,2,5,1.3908205841446453,719,0
5cbfa2dedfb89ecd0e83943cf372e336,2,5,0.0,671,0
f0b4ebd9d6ca33bf9ccafb9a793365c4,2,2,0.0,156,0
ae99973ca832e7edbf7a97f5c3e729bc,2,3,0.0,267,0
4c945e32f7fee58db39b49435f98103b,2,2,3.508771929824561,285,0
f87381e5615ddf768af7220e2963e9d4,2,4,3.3783783783783785,592,0
8914f30ee4e3b61ec5558c25107d0492,2,3,0.0,333,0
c2c48f93b35f0956b0e9cd8109c7a7b0,2,3,0.0,286,0
3213892841dda5294c3d941e7556ecc0,2,3,0.0,353,0
a9617f0348dc36c3dba007ee84e5c592,2,4,0.0,428,0
babd5fed5942e9d9d8e0dfffc446f700,2,3,0.0,436,0
7fcf3275814e3497f628bf6212d01bb6,2,4,4.032258064516129,496,0
3ade377e265a989253494ddce2ffbfb7,2,1,0.0,330,0
3d275dc237b913dc90bc1a239e43ac0f,2,3,2.577319587628866,388,0
e559623a8d5b41c121c17f964b051464,2,2,0.0,288,0
cdc71117da1dfc9f4625137de2573a12,2,4,0.0,468,0
d59861609ece4356198a9a92a03aa87a,2,1,0.0,197,0
2e3f8f57ca10fb998710ac0b225d8175,2,2,0.0,200,0
f4e52256a4931493d311c953b0ddc8b2,2,3,0.0,359,0
785754c3953e1ccd6b1b9d961b8e81d4,2,2,0.0,208,0
d53bc3ba9fdfce714cc0710251c571b9,2,4,0.0,391,0
f2beaa9a583485885f5980edf99b3ca1,2,3,6.968641114982578,287,0
add55c1c9618df55223aa0dc6ecd4a23,2,3,0.0,501,0
ac0730a518f946bf6d2bb27a45593a60,2,2,4.201680672268908,238,0
171bd1bedc1ae3a2e91772ac8505f81d,2,4,0.0,321,0
d178857dc23926a8978b52bdd3dcecf1,2,3,0.0,453,0
72d8e25cbe9e8a49ad69de836b156399,2,5,2.493765586034913,401,0
70711c9e5eec6a9e3e7b841b241f19c5,2,2,4.016064257028113,249,0
8d045af7b251ab477e813691cfe37e80,2,3,0.0,198,0
b024abb4fabe1f73ebbc782d1082559c,2,3,0.0,501,0
36cdce1132178d738d4995b20218e94f,2,2,0.0,327,0
d3f2fe3a20b2ce2991bf8b2e5913f62d,2,5,1.256281407035176,796,0
0ff6f3b1c85264a9fc2c3eea58699199,2,2,0.0,294,0
ac0d6a08a7c37c55c36bf37cf444762a,2,2,0.0,238,0
16392a947a436a55c7f351f10c3d5e81,2,4,1.5552099533437014,643,0
d3707dc023a886ab75c393c49896067e,2,2,5.865102639296188,341,0
bcb6d72991aa756d34a9b5224e893ad8,2,3,3.5842293906810037,279,0
8c95c87d551d70fa54a98bbf1f9d9681,2,6,7.587253414264036,659,0
222134b1b74c0daa1460435a568a720d,2,2,0.0,261,0
61a91cc052606aa9e8db4a766521ec40,2,3,1.4513788098693758,689,0
9924d3703b3eb5c7910f6ba8ab940f4f,2,2,7.968127490039841,251,0
6fa1cf5cfe908a643900a4e3815482a2,2,2,0.0,214,0
8f4f0f90413b0d69fd7a4051d74ed2bf,2,2,5.649717514124294,177,0
b554e154b5b42ef80530a5b9dcb4cd62,2,3,2.127659574468085,470,0
f3663e49a5b53a2917a5c01078972299,2,3,0.0,300,0
58539460fddec1366a7e919de7054736,2,4,2.493765586034913,401,0
d44212f81cf4c766c4f351700ffb087f,2,4,0.0,399,0
4901f02ea9bde2dc01ba54d9a5304fd1,2,2,0.0,155,0
736ade4e5a12d4ce2c15509b13802a7b,2,2,2.331002331002331,429,0
c41b55c03ce8774d3648dfe5b52002c4,2,2,0.0,265,0
9bbe4cd7f9bf4f36bec9e2aa83bcec63,2,3,0.0,420,0
c93925e54d2373db5c052d86ddaa3cae,2,5,1.9083969465648856,524,0
90a8a38272318a4cc932f5b87bec4c9e,2,3,1.4749262536873156,678,0
4895bd8046be3ecee044bf1944672f35,2,3,0.0,311,0
35fb833b947fe395c756b568831ec0cc,2,2,4.504504504504505,222,0
3ffc14fda02fbd190f2c1b6a889e9648,2,2,3.401360544217687,294,0
e2e04905e3b226554ad50f347cfcded3,2,3,0.0,355,0
039f2281cf8116bff4d28bd3c224a489,2,2,0.0,422,0
83750e7c09507055263cceecd5c5449f,2,4,0.0,463,0
df7a8a7a7380a1f4b95f8fb3c4d62979,2,6,6.1443932411674345,1302,0
2454dcbc73c5c3c578f8f23532fdc1fa,2,3,0.0,353,0
ac2a0895089c3de01f4df5fe0f173af0,2,4,3.51493848857645,569,0
f73d6f8e38c65c8facb73fe4230e33b8,2,2,0.0,310,0
9640c62b55766ac4fbf0825e76f1b305,2,2,7.194244604316546,278,0
af569c49d763241f54f0ac985032012e,2,2,5.9523809523809526,168,0
cd2864724f2510e04609d5aa07a03f09,2,1,0.0,310,0
0eff336ec06b2f5ff53c18141b34a034,2,3,0.0,318,0
65efe7c822e8474515a773b580b5d86f,2,2,0.0,388,0
af79ddcc56ca738376a99da64054461b,2,5,6.379585326953748,627,0
213d86eac85bc04a6c0735311338976a,2,4,4.662004662004662,429,0
d44d9059fc0d2e4511d5d3e8e02350a4,2,3,3.0120481927710845,332,0
e05f54f75b0b642beb58531b594d90ed,2,6,10.617760617760618,1036,0
5a7097c3ed9e08841f5c5600b9ac3a44,2,3,0.0,350,0
938c78f3629f6124f6a0c05a284f834f,2,2,4.962779156327543,403,0
dec253e94bce2d3e4255ff7acc866a44,2,2,8.23045267489712,243,0
61fa3ff7e4ca76d39443eca854322388,2,5,0.0,647,0
804727442ab4ecc820b2d744a2d99f80,2,4,3.952569169960474,506,0
2a200dd1f70419496b9a0abb0bb27ea1,2,4,2.109704641350211,474,0
3939b9c26ff76aaba3c8427886ac1aeb,2,2,0.0,166,0
9332028ab8442feb949e1760eff3d1bf,2,3,1.6528925619834711,605,0
e5a19969a89ef7a47c6073737001eca2,2,3,0.0,489,0
1d038c6af0b74469e02a91d9aca8318a,2,2,2.793296089385475,358,0
6c153bb08c06f1e778d6c03aac268672,2,4,0.0,564,0
e09c12e21ee3e325f65b0346f98384c6,2,2,0.0,520,0
d63b479d5156b859522a62b37d5fd5ab,2,1,0.0,241,0
08787e10f7153d07d20c1415a014bc05,2,3,0.0,468,0
99e78395e482761387fb944489d3a4bb,2,5,2.6212319790301444,763,0
a432807e46401e5d018d8e5cd8e0142a,2,3,5.434782608695652,368,0
87915170cb6a64cc5086bba59ed2dc24,2,5,1.9646365422396856,509,0
20f0de2f8673500509199042871ce005,2,5,0.0,572,0
25a0ab3c4a76423c15a360659befd555,2,3,6.993006993006993,286,0
2319e16b200ef6d2522881ea13fa5503,2,2,4.184100418410042,239,0
a4a9d4222d4edae9e755b9985e7fb408,2,2,1.8484288354898337,541,0
f08b727f26671859f06ff6d09ebe39d5,2,3,0.0,426,0
68282350d138af7c933dc5cbc953d6f1,2,2,0.0,261,0
e959dd41e22d1c80e17d5f94dee9e4f4,2,1,0.0,201,0
61b81120a20597b32e5d39b492e7caea,2,4,4.830917874396135,621,0
dcbfd11f6f3e20e548ffbfd3a2e62991,2,1,0.0,334,0
17323de5bedc52a79938f29a6b2ea967,2,4,0.0,587,0
8db524c433b5eb426dceb09f3c02dc85,2,4,0.0,446,0
6ea8ecc41e124c96227420c4b38f471d,2,1,0.0,201,0
7233a789809d444aef478c826e107eea,2,3,4.291845493562231,233,0
9dff9623a6e4141232f6f1c05d1d29d9,2,4,0.0,343,0
670cc3846301d845c1c150362c726db7,2,3,3.076923076923077,325,0
6074d95848e103fcbc0cdc1ef6b18051,2,3,0.0,558,0
4adf065db01ada8680a4f48be795043e,2,2,3.1055900621118013,322,0
cdb321e21130c58635f4fe8f23681be8,2,3,6.172839506172839,324,0
fc1997377451e1538e40a2c91420cc21,2,2,0.0,726,0
31642794f2cd8c572d7782506f212bbf,2,1,0.0,177,0
f325ff155564e5c47bdd5890e0376d94,2,3,0.0,406,0
67b816af8994636450d049e91192800f,2,1,0.0,314,0
d2b9535e51ab9ba1630b96f56ea08baa,2,4,2.3529411764705883,425,0
d38355ee1a3de6303c30f844bebf481d,2,4,6.430868167202572,622,0
d9de58b5c2491f8edbfdfe81e681dbd3,2,1,0.0,199,0
49d05b1873ddf543e71975917b6587d2,2,3,2.949852507374631,339,0
edbfe61daa8cbad1e018bd00dbe9bb84,2,2,0.0,185,0
7a1427dcf51fa6a9c5ab84a6c6e03eae,2,1,0.0,217,0
5dbef8301984164427d186d22c57849e,2,4,0.0,482,0
679295e504c41e5e69743a4bd4b36b5f,2,3,0.0,331,0
e328b77f20bb65a2e7ce045a2f267ffc,2,4,2.380952380952381,420,0
6519aa6f85d5faebdc516518aeefcc75,2,2,0.0,184,1
9246cc0e2113a6a4d1c9dd5609840cae,2,5,0.0,496,0
1d9e148af2dd257bc6fc5e06d3418e98,2,2,0.0,322,0
85e86616dae3a0ee44f9106ad8aaccfb,2,3,0.0,409,0
0cf7a210310f06113eeb8ad0de44183f,2,4,2.5316455696202533,395,0
bfcdcee9d7819cf5d354f690506033d7,2,3,0.0,287,0
7ebe7b19099527773cb428f0f8bc42ab,2,3,0.0,357,0
e1e9ae4b6ea7b66f0d019e284e074c91,2,2,0.0,348,0
288ffd4f93a18acf1a44ea56cf43a5a9,2,3,0.0,387,0
33771c512e4a4be9a3b6101ffecc22da,2,2,0.0,254,0
6922f99d1396e63c5d131600ffd6a8e7,2,2,0.0,286,0
56390f4e2b903cc7a834d135e4dfd94c,2,4,0.0,415,0
63979d24e00cc4cb309ebd40d2933d36,2,4,2.34192037470726,427,0
200a4c4414fb02d2c45b0c74c5953650,2,6,1.422475106685633,703,0
09b0a8da31faae7fc2521f49261db1d2,2,4,0.0,672,0
6249e6b858f461f89a645277476c9827,2,2,5.9523809523809526,168,0
f935869440e8d96e42dd82bf76ff5df3,2,3,2.8011204481792715,357,0
b749a25e4a5b32dea31fd318e0b76b49,2,1,0.0,417,0
28c0a8f313c7c2dbc9c57309b6967575,2,3,0.0,371,0
9feb4e10f9a7e5b487133cff603a3f40,2,5,1.644736842105263,608,0
481e86f8ecbed1d108fdcbbea44c448e,2,3,2.6109660574412534,383,0
a700669ccea1fbda82218ce033781bec,2,3,0.0,566,0
e8961614a0c3719b24cd72663aaeb157,2,2,2.450980392156863,408,0
b91bc67745a78cc7db92ea9d127278cc,2,4,2.1141649048625792,473,0
814f7313bf667a737d04dcefab968cd6,2,3,0.0,331,0
9621fcd064dec5ff0f18e361f4da920f,2,3,0.0,335,0
975831ab69d13ea6e6b40eb68d07d504,2,5,0.0,592,0
73b27141bf11abcd668727261c754bd1,2,5,2.242152466367713,892,0
f8d02abd59450e76528686fc47dc7268,2,5,1.8416206261510129,543,0
f162284acfdc8bbe8d62cef70daee761,2,4,0.0,568,0
259338cd64a3279fd291e765cc02f5ea,2,3,0.0,216,0
fb8e02bd6cb06af54ceeaa8271a729f8,2,4,0.0,543,0
d0c7e1c80446ad3e9bb644830e39b3d9,2,4,0.0,565,0
d43955bc91f1efa7f9db335b3d8ee79c,2,4,2.898550724637681,345,0
3e13c10d068419d4713a12d8e3fe8ad7,2,3,0.0,482,0
39b74afd7c0d9ee2bc24f338d3083d3e,2,4,0.0,657,0
74cfaac9cc87956ee2c35eaa0def4bfc,2,4,0.0,446,0
b4b8f5471ca67d1eaf7820bb2907c1d5,2,2,0.0,262,0
7505045a1abdd19256ba032a0243b666,2,1,0.0,382,0
62b0926dbc68a86585e362ca849ff831,2,3,2.3094688221709005,433,0
6e053f66ca4a9985f00cfc1a7ff1efbd,2,4,0.0,606,0
988a3575e0028a1a7b45b9ac3cb9ba6c,2,2,5.813953488372093,172,0
025da9b920e3b524d5e9724848712f06,2,2,0.0,209,0
88fa373857f30302ae0c71e826657a25,2,3,3.676470588235294,272,0
796012fea3f320d730a781363122b8c5,2,2,0.0,437,0
01a39407e750a6769e9de732dd973881,2,5,3.0349013657056148,659,0
7385ca433c660ad0bead3b99aa336e3d,2,3,0.0,398,0
67f5dfbe728bee353296a70f9c8c5bbe,2,3,3.194888178913738,313,0
69c2f5d3843c6983f46aca7fbc005b26,2,4,2.506265664160401,399,0
7da037d099ae0d94e799f5549426e0cc,2,3,4.878048780487805,410,0
ee64c557b3f6c6ea08e6525ccec85f17,2,2,0.0,168,0
87bc2cf7e4361c573d5693da9aeaca8a,2,2,0.0,290,0
dda2cc9e6eeb8e281ebba983c2b4d6d0,2,5,3.9603960396039604,505,0
2b66bc88984a2158a51cbaa52805809a,2,5,5.610098176718092,713,0
dc554775e020ccea78cc93eede1f96c1,2,3,2.0833333333333335,480,0
c53fa3b4b274a3b9ebc8b91159163c85,2,2,0.0,168,0
ade4b139186e07ef60d97c8a80a0498d,2,3,0.0,354,0
cb1c50e2207e0a3787cb62b88cdab453,2,5,4.878048780487805,615,0
9bbae0602b16b60cae9785340e1cf1fe,2,1,0.0,155,0
1f27160d1a254e5e01e07ae0d0a188ab,2,4,4.3383947939262475,461,0
1ea5aeec6af36bba03c19c799984b74b,2,3,2.032520325203252,492,0
f20f3bc856950bfc9ac4b8d836c301c0,2,5,0.0,614,0
e6234733bc89f35fd9715caef72ddc99,2,2,0.0,288,0
a33864937af11e66582c9cffb2e92d72,2,2,0.0,510,0
b04ef15935ca64e2c5134e33e2331dbf,2,4,5.763688760806916,347,0
82b17a5798ba1a30e832706665108da5,2,3,0.0,308,0
e5427dfb538cc2cccb7707836bc57907,2,3,6.172839506172839,324,0
b9c097bb271757c988953754ff207c62,2,4,0.0,632,0
df90da57107eb21e18d244881aeef626,2,3,0.0,350,0
01a996f58efe5ef7912404e4359f1b4a,2,5,1.5923566878980893,628,0
c7036e3fb910bd97e89bbb4444616183,2,4,5.649717514124294,354,0
696416c64a9bfbf18fa982714f3aeea9,2,4,1.644736842105263,608,0
4853a05dd0258170386328878eef3198,2,2,0.0,181,0
e0e68ba73336322869a358f14866348d,2,4,7.575757575757576,528,0
121688a72890642d06b79f5adbd5612c,2,4,3.8095238095238093,525,0
6c5308342f4316a999732e88a568beb2,2,3,0.0,383,0
1f980963effa143f4d64af26bc4bdfb9,2,5,6.802721088435374,441,0
e2f7d009aa6030a2afc735d4eba971b9,2,5,1.1185682326621924,894,0
30db1b763145dfcff776190b1bc310eb,2,3,0.0,407,0
4d13b3ed7d57284e008972e0300460a3,2,4,2.1645021645021645,462,0
ea3833e3f9d6703532391bbb3de71570,2,2,0.0,344,0
1ce13846d09c5bc0ddf34f95930715f1,2,2,0.0,244,0
712944581ee851ab0d281b8c846e4126,2,6,1.4245014245014245,702,0
f2a18d48f2abae6ee004875b9f466046,2,3,0.0,264,0
eed3bf0f9413b64f9e8496faf1d6bb2b,2,4,0.0,528,0
33093ad8740c3e20799ab35bae045be7,2,5,0.0,486,0
03bc6dba05490b4cca55451282056a13,2,3,0.0,347,0
c72361e5ff88ddff35aa353aa2be217e,2,4,2.3696682464454977,422,0
e3ef573b7ffb78f9a864fafeb745294b,2,3,5.0761421319796955,394,0
d550352afeaa85d0926ff14974d7c673,2,4,1.968503937007874,508,0
992e6d03d41e9b6aea473f9e0390b1bf,2,3,4.842615012106537,413,0
c8e93cc3449f9ddb963c0df1a7729c3f,2,2,0.0,182,0
fbad9307242bd09960732b8b5e145a0a,2,1,3.9840637450199203,251,0
b404aac89800ebefe11b6ae2d10b424b,2,4,2.5839793281653747,387,0
33340f2026fa6ce84ca35c7ceece2f5a,2,1,0.0,258,0
13b684885b79f4916e32afd8069d9c21,2,3,0.0,241,0
a6d22d83008a789fce4f071508548e31,2,4,0.0,387,0
2119bad1e907658a8c47e393d8e74c25,2,3,1.8867924528301887,530,0
fe3c7aba5c4b8d9c2d0d44ec8a95639e,2,3,0.0,287,0
74b21cf5126aa91628d4181f790cfdf7,2,5,0.0,472,0
de9a928fdd5d286c2256b093811fb462,2,3,0.0,350,0
13784f76c13617381e9db2390ad9c4b3,2,2,0.0,321,0
f8f4cec1e378e61e9a0e41dd71bc0517,2,3,0.0,339,0
5a565b80b9cb59b982977c66e37e26ca,2,3,0.0,413,0
703c24a5a11c7683ec6a36e3359f9097,2,1,0.0,398,0
56aadb5877b7c1f7b1e4ccd6d6d53e04,2,4,10.025062656641603,399,0
a3723bc1eb2ccf5d4e5dfdaa1678dc42,2,3,3.5587188612099645,562,0
b7e6b4d18a64f2956ae5988807e1d7bd,2,3,0.0,279,0
64dfe41e5d26d8940efd46a4e2086b28,2,3,0.0,374,0
7c9ca9b3385e3c93ba4403b64296e905,2,3,0.0,420,0
d34e1c7b775f794e2ec7e9ca384adebd,2,2,0.0,268,0
c28e9681cf00eef9b8c7ec15cdb4ba07,2,4,1.996007984031936,501,0
01121298a7073185c8683c21fa0ca0d9,2,3,3.0211480362537766,331,0
121d9b18a3d868661850c7bd4044d970,2,3,3.7593984962406015,266,0
25ddb1a7b6cdc6be4e7e68014daa1b37,2,4,0.0,396,0
f5e94f99d10d56e0683b6f21addfec4d,2,3,2.6109660574412534,383,0
db0b5aec8b0becbce97212f737acccb7,2,2,6.734006734006734,297,0
fef64f572d90ad008e30531f7478a90b,2,3,3.236245954692557,309,0
a2570177e3226cff7f203e8a74c9158e,2,2,0.0,168,0
015cc176d0685ec3977bcf170baf7200,2,4,0.0,410,0
2aa00063697b315a5c1fd041db015a54,2,3,0.0,288,0
3446e47e6b9bff8fa6d118a1945c889b,2,5,1.86219739292365,537,0
6003ecad9156d4386593b93b331658f7,2,3,0.0,316,0
fe2a5dfc80ffb20373de4db6eea6a957,2,4,2.1881838074398248,457,0
e9ac2f23c45e99f856393f24337618bf,2,2,0.0,162,0
2898a5491530dd41b746a947e267dbd8,2,3,0.0,343,0
5b2299281b03d391fdb9eaae090c6711,2,2,0.0,186,0
df5cb2e619c4567124a659378f59a784,2,3,0.0,404,0
1b13bdbf3731b94afc2d9e45392ad7ea,2,2,9.615384615384615,312,0
f54218c7a8fbaf672be7a6d8bec4eab7,2,2,5.747126436781609,348,0
cb1a3a28fa0fa76efcc8836eb86db234,2,2,0.0,216,0
43c06b0c6cc2761c3350cb64183c9f11,2,3,0.0,242,0
4d1dcda26f4d5706c53c83d131650693,2,5,4.39882697947214,682,0
d5532a7d30e8aeb2d12229c8586a04bb,2,3,0.0,369,0
22db5bb803e4e5ddb64a4367efda05be,2,4,1.8832391713747645,531,0
64cf6a383f87bf58cef045b452a9ff37,2,4,0.0,558,0
1b41dd990af151774525eebbef9c7a03,2,2,0.0,195,0
7439ff0d2c1a96895487e97a85ead7c8,2,3,9.70873786407767,309,0
410f7c2b32076573beb20a60db827904,2,2,5.347593582887701,187,0
03402ced9ffaaa7f4e435b584cba2b37,2,1,4.0,250,0
9caf6f859f95151c478af67d06d0b937,2,4,0.0,497,0
10ea679f23557edcc4e90597f3f27a6d,2,4,3.8314176245210727,522,0
d0b54ea45814230a7954bba38f55462d,2,3,2.4390243902439024,410,0
9f89b684288c7e5a6cfee3d934f5034c,2,4,0.0,300,0
953d65d886656ce5be0bde36dc472aba,2,2,5.0,200,0
a10be42a6f2ab91a06f4f400b2308785,2,3,0.0,369,0
c2981d82f959c0be32a477a46af2b160,2,5,4.279600570613409,701,0
49343597fb70ba05c78cb4c5ad0dcf57,2,3,0.0,518,0
9a04b9694ff3fd95240ee9a06c3ba374,2,2,3.257328990228013,307,0
daf2274d38878f7108ed437929d05968,2,3,3.90625,256,0
8fc87942e5f3aa2bcf22a6ce2f15a0ca,2,3,0.0,328,0
bd82c0e0e134236a52add46a27938717,2,3,2.3094688221709005,433,0
c6c66e4a58cdbaf0c5bed43b2dbaef2b,2,3,10.526315789473685,285,0
c8495b693c17ab97b0f814c05bae34c7,2,3,0.0,529,0
605662f4322559a6dbea5b19c04392b5,2,3,0.0,560,0
c23978feb761c2123ac44dc9f916a276,2,1,0.0,224,0
ce61749fda1960bb344563966cb6edbd,2,5,2.320185614849188,431,0
f2cad059b43a268499d7dd770046128b,2,5,1.3736263736263736,728,0
aeff6195f1ec9d437dfd81243ba77be2,2,3,0.0,278,0
0b4a4b1f20d171d7c7ca3bcbac79d839,2,2,0.0,281,0
da6274ef63257a6740f064e098addf41,2,4,5.1993067590987865,577,0
56ee70253270ada6ea161ddb3300ef68,2,2,0.0,177,0
c40997fe0e8282bf52d4139e827c386a,2,1,0.0,169,0
0b8f6f163310472a30aa5b9bbdadbc54,2,3,0.0,380,0
63ff64e349ee537baf672b122121243c,2,5,0.0,639,0
bf79c9f095a322f1ab00f3606f1ec936,2,5,1.6722408026755853,598,0
5d9c157519c07b880525282d1043a8d2,2,4,2.6041666666666665,384,0
80bbd28a7839cc1904d35d78ca184ca2,2,3,0.0,252,0
8ca8a14d37eba1b6d5b871d8f8c9f0c7,2,3,0.0,401,0
361502f5b3dc79a83717daad7dc931fe,2,3,3.1055900621118013,322,0
07eddb162e3832778061c502c07bbaf6,2,2,0.0,332,0
0dc6081d57fbd3972b1440e3928579fd,2,3,0.0,418,0
a9e0000d7826e6a6f822de4919befd7d,2,3,0.0,275,0
2852452f34f14731d1bc456a3a48d248,2,2,1.7482517482517483,572,0
1e49616992e6c8a95a89b61b51bdd7e8,2,2,5.9880239520958085,167,0
cee5e12b9bdaec4f2c39cb53879209be,2,3,0.0,416,0
5c4a3ad719bd444aade366361bd2f1a9,2,5,5.924170616113744,844,0
2d989d5d996a38dec6fa9d85397a9a0e,2,2,3.4482758620689653,290,0
02f575ba9905423eb0170fd3b2c1fbcb,2,3,0.0,349,0
fd16fc44745b31bb28e5eba3c60cac14,2,3,0.0,319,0
03254568399f4733aeb53cd625fee1d7,2,3,7.009345794392523,428,0
f530337fc40f0ec358dfe17fc1b07d41,2,4,0.0,887,0
787eec9dd9c71829450bc1335ceb1c72,2,6,2.886002886002886,693,0
d41f9ded3d7db5798437c6dbf80da5c5,2,2,0.0,431,0
811662c547c4510cd0c2c36c48705c47,2,2,0.0,311,0
879cac431fb06b34af35199c4548efca,2,4,0.0,689,0
682496ad2467772914c19be4a3d3be7d,2,2,0.0,172,0
b71217df4b6168aa9b21f97595c71091,2,4,0.0,341,0
a7eb666f0edcd087dcbe320f927d1314,2,2,0.0,235,0
98f2c123f7850201cd3add2deb024d3e,2,3,0.0,511,0
77c040b3effdb746cd562f5a84b6bb7b,2,3,0.0,346,0
5f05477da066b51cf50adf785916f2df,2,3,2.6737967914438503,374,0
81499c69470a74d9a7d549f9cbe8ffaf,2,2,0.0,186,0
bf94fedc715cc17449dabff934dc234b,2,3,0.0,288,0
a2831639562790f7b6be672a37c7f350,2,3,0.0,454,0
1f9bfbde015081f7f5340f358beef350,2,3,0.0,676,0
b2a03b567b4276195174d7f4ba25c3a3,2,6,6.702412868632708,746,0
746c5976d56c43e36074cedada87b987,2,2,0.0,308,0
ee19499cba5f922b75b6747f2461f8f3,2,1,0.0,734,0
53a0a13c7c2f9421584012d845590ef9,2,2,0.0,192,0
92f23762cf136eafce66c1e5a19b4906,2,4,2.932551319648094,341,0
392a87c6c4125868b6693918da9b6031,2,3,0.0,262,0
e7762c793b7a94a670136b31d352c4a7,2,3,2.9585798816568047,338,0
852d98272b9507c6301032b2aa9adcdf,2,4,3.9682539682539684,504,0
2c3b101ebd9d7705785cf31e1196b870,2,3,2.304147465437788,434,0
94b2287a9abdf3ce1b08ea116a44c567,2,2,0.0,270,0
ba46d43fe3cd849270a047740355dcd6,2,3,0.0,515,0
6c2fe06002e35861622c48ee5bc88ebd,2,2,0.0,238,0
8b9aaa76a3e6617237da0b6634ed994b,2,2,0.0,290,0
426399880fdf8494763e2628a571e682,2,2,0.0,347,0
073950c0f1ba1c3f40643cf9825021eb,2,3,0.0,486,0
638b7916d97b08aeaa60f202e535fd00,2,2,0.0,234,0
76c29ce5e0c7215c73ab6de6937fb45c,2,5,1.7006802721088434,588,0
925d4a4a56eca66041df364eced01314,2,4,0.0,462,0
9affbbc992e593684f4a2899db550c74,2,3,0.0,294,0
9d651f737a883ed2d9343d19f31ad279,2,2,3.875968992248062,258,0
99959a5eacf7c15ba59e72edbee1410c,2,3,0.0,352,0
57f7593b535a2a571cacfde38d5b8d1f,2,4,6.507592190889371,461,0
0b1301f79dc630db19e6b68740d1d644,2,5,1.937984496124031,516,0
7639856bc875f29d4421388738a9274d,2,4,4.491017964071856,668,0
0f3b40771c169528615aeaedd895a755,2,5,0.0,555,0
3fe8ea747486d929d784f4d22e85b8a3,2,3,2.9673590504451037,337,0
5137ffd9069bfba8495b80b9efa6b325,2,4,2.9239766081871346,342,0
f85e15979c4796050542bfcb2c21894d,2,3,0.0,418,0
103ee5094aeb4194d297656f79739832,2,4,1.7152658662092624,583,0
15b978cc473c5a2adfbcb92b9b85f031,2,2,0.0,466,0
f40a85e61b18fa47008ea8093445a775,2,2,4.608294930875576,217,0
c5835a1913aeb873e50f01c8a79c5125,2,5,0.0,683,0
611106e5799be9a7eb72af3d3cebb369,2,4,0.0,500,0
b5afeece723a866f1439d1d043bc68ac,2,2,0.0,500,0
888c5b7ba13b148ea22ca57f4470569b,2,2,0.0,171,0
3d971ca235513755363cf8b6dc46a737,2,4,2.6954177897574123,371,0
63391e04b5dfebf898eb7aad32adf4b5,2,2,0.0,186,0
dd70bc0508a3f2f2b743c484e5f2797e,2,5,0.0,521,0
55eea612ba0109e8723c05025131161d,2,2,0.0,353,0
b63b6404d8abd5aa7f441a9544d2f9ae,2,2,0.0,350,0
30351872f725ae536da27215939b1456,2,3,2.840909090909091,352,0
0bf2056e83462c6587779a9f3da706da,2,3,2.4390243902439024,410,0
138b49fa441e455f0d0cc1d079943dbe,2,3,0.0,280,0
67caf2de4d79b2f1489fd16c58953cf7,2,4,2.079002079002079,481,0
6c3cf9f138a655505ebd1dafad955280,2,2,0.0,264,0
529fdc54763a6f9084254321ba0e5e82,2,5,3.745318352059925,534,0
d0ce8c883d0ce10953bffbdd3421580f,2,3,3.3333333333333335,300,0
b70bf2e5d30566d0782ab0319081e0d6,2,2,0.0,236,0
0a1f5f3f6b0fc645883edac36434f832,2,2,5.277044854881266,379,0
b8014d5c21482420061104b889377522,2,3,0.0,245,0
bd8e678594cb5ec12b774e1aec522f14,2,1,0.0,380,0
15d973b1da4563a0282838e508f6dad4,2,3,0.0,306,0
9c8fa2ef670a58a54f3999241118824a,2,2,0.0,216,0
d6083884d3cb5c3d16e86a3f5e960d29,2,3,0.0,498,0
602752a6efd51b9a6c9bd0bf5728b8e8,2,3,3.0303030303030303,330,0
57429f90ab57b446ac7705351e766a47,2,3,0.0,361,0
62fda937ac08692ea1a4e85e103c82e6,2,3,0.0,270,0
9403fd652b340081362f7d5b6982f05f,2,1,0.0,325,0
9b43e22b37f5fba41a9d1687b184e028,2,4,5.9405940594059405,505,0
f6b0315321dcdd6157a02115c6c83b29,2,4,7.782101167315175,514,0
2b59d8d942ed40c7e7b39c572c98342f,2,2,0.0,247,0
48d673bb7145f33053be26de0cc6bafa,2,3,2.493765586034913,401,1
f90131bcfdc8373a47ece5b9bc370840,2,1,2.881844380403458,347,0
c602dc32ebb6204d00c8e9bd4d801607,2,4,0.0,387,0
61bbb7f0b440690297a5fd0d8b636f15,2,3,0.0,523,0
abfb920c78e5dbf0a408ba7fbdbd393f,2,5,5.628517823639775,533,0
297da9f13d784eec77c07cf8cac38438,2,3,0.0,280,0
182e096fe163a603f492c7c3d1e57f29,2,4,0.0,630,0
24312057148f907086396455468ba810,2,3,0.0,290,0
513c2285f15d8ee62c4ea701364dcb78,2,2,0.0,238,0
e8b9f0b20629d2669d48617efff38a89,2,3,0.0,379,0
80278badffa8cf024ea257ad494365cd,2,3,3.058103975535168,327,0
3ec41d86d1e6b98ff5d2b24ecf8ae578,2,1,0.0,280,0
883c30f31c43f42c0b581663de2ed073,2,3,0.0,479,0
3bce5b2a9c13bbf2b7afa8a4f914b570,2,1,0.0,438,0
0ad11552b5b5615e9f632957362f1b7d,2,5,1.953125,512,0
6128eb5d17f76131c5aa81683be60dfd,2,4,0.0,502,0
60853c8c132fc854de950492d7c4b513,2,5,0.0,690,0
140c4d90da4e3785ad62dbdbba22e878,2,5,0.0,798,0
8e4a2a75ab835e484eaa93b72b3e48f7,2,4,0.0,491,0
09a9af7b903263ee8539473c2d5ef6f1,2,2,0.0,310,0
fb08a6c4a118e2c06a97810a35a63d37,2,3,0.0,292,0
dc236208f082930123f7069f7f4bd4ae,2,1,0.0,422,0
99efe66e0bbc5b892007a762690a7b52,2,3,0.0,228,0
4883301b8ede3b531fbf7bbe655cced3,2,2,0.0,174,0
90534180a3deab842a88e7c8ece1e35c,2,4,3.194888178913738,313,0
7b81e839dbf51d004697994bfac4a866,2,3,2.857142857142857,350,0
c25f1fff8afe11fb93144eddb463731a,2,3,0.0,292,0
ef2c6872a675d2e31221136dad91c077,2,2,0.0,218,0
045a99af9145943d8c98fd326b08d19e,2,2,0.0,324,0
5dfc90f0e48abc7f0ae2599d70123df2,2,1,0.0,340,0
0899e3f70065b542e43f7fdc3f2024a4,2,3,3.3003300330033003,303,0
b0816386785a7b2bd36672c9adcfdb78,2,3,3.4722222222222223,288,0
efbb41f09c04662fb7c7f9c567a59ce2,2,2,4.761904761904762,210,0
8c31abfa716c0fcdde71f8827d6d149c,2,2,0.0,206,0
2e291e22efc0ac9dbf05519a7195b149,2,2,2.9585798816568047,338,0
99c46c9987e262f8a63c3aa7593759a2,2,3,10.0,200,0
a83767fb0d59477fc28727a8e8bc2232,2,3,0.0,331,0
72a0b90faddf2133e0c82b809b6d122b,2,5,3.3057851239669422,605,0
0b72eb4600f9201f45b31a3d69de5479,2,4,1.6025641025641026,624,0
2ad18881801d912e74583f515bf03c1b,2,4,5.736137667304015,523,0
e35f79992a648daf42be02f295c53f4d,2,3,4.566210045662101,438,0
4330f5bc73d975def195c4a71c9516ad,2,1,2.7777777777777777,360,0
b0197dc5b59b3d931d8c619e5f4b774e,2,3,0.0,301,0
ee2e0491d98b0d9891baaa464f2f1eda,2,3,4.065040650406504,246,0
6867b1faf9579ecec58f56df32d2ec8a,2,4,2.9585798816568047,676,0
88f516ccf2cc1b8eafae45e999ef3e74,2,4,0.0,459,0
fc3b4bda88d9e80cb0d880981e629059,2,4,1.8083182640144666,553,0
5b7fe6b7de603c1ab56d214cb6e2a5e1,2,3,0.0,425,0
a4c764154910d53638acde61d780a6f9,2,2,0.0,192,0
dda617758c3c9da60234105ca520fa63,2,3,3.0303030303030303,330,0
9cb6b3be1ae7bd365c8337af507ce6ed,2,4,0.0,459,0
73b578c829b35c9dfd01057ad3f3b9f5,2,4,0.0,498,0
fa9a91c667eaa5b474fb2f54f9cef5f5,2,2,4.098360655737705,244,0
d5398c069f583e6af04998766d996e4d,2,5,1.7271157167530224,579,0
15415f277c5b6bc526c883c9ee4643fc,2,3,2.6737967914438503,374,0
569a535eeafd40ff077b3f51f617630b,2,3,2.487562189054726,402,0
cb8b3b365d0cc2180f2b14989f0999a0,2,1,0.0,703,0
50de2ba511a9e42f5e5c5f64a00235e4,2,4,4.694835680751174,426,0
f074ac37bd0dc056540dc96d1cdb7011,2,3,0.0,319,0
2860ee2ef447d777e93fc7e76e26fbb3,2,3,0.0,238,0
151933ab9b9af5e4cbe729630f248101,2,1,1.9880715705765408,503,0
9751c8b9863044ac140a1c74a86844d4,2,3,0.0,576,0
e449a5256fe2296f1bba4c75ce8a2561,2,2,8.298755186721992,241,0
112de57c2b3001100baa45658a6d3a03,2,2,0.0,198,0
1101bdbd282aa04083bd194400a59027,2,2,0.0,165,0
a179e6e23ed41fae12e045bbbfb87775,2,5,0.0,580,0
ce39c1e1ab6b6aa33edef0bb1fac06eb,2,4,0.0,463,0
d4f20e6c6b8662ad7e02cf28e4a7b6ca,2,3,0.0,362,0
381b2fc2c9ffd863ed9a08aae3037969,2,4,0.0,631,0
aec1b58f66b769f69de837ab68524d76,2,2,0.0,258,0
f2eb26bc57f8115688a8e2379f4725de,2,3,0.0,430,0
2e67920c6844165da48ba8c5b1efe07a,2,3,3.4129692832764507,293,0
c5359fb84e80ec7ab387481f3cb43dc2,2,4,9.784735812133073,511,0
c249bffa6a76cd4011f348c4118f8fb5,2,3,2.2522522522522523,444,0
b9b11d3208952debe88184e444b6507b,2,2,3.076923076923077,325,0
41dcfa41b2ec8fb38e0d0aef2217c22f,2,2,0.0,299,0
edda4f3f0e11e482159f6250c59d5859,2,1,0.0,415,0
c0552e82e4967788a588357e7ada0513,2,4,0.0,430,0
4555574a87c6e013e4b8355ffd9ebf2f,2,3,2.680965147453083,373,0
7b9e3f56469afb235e7ef6bdde40236c,2,3,0.0,439,0
603d289b0c2c1c23dadb26efa9f8a52a,2,3,0.0,282,0
3f37bc4a7ad7937aee40f84ebbbba2e7,2,4,9.416195856873824,531,0
328e6170a1a9576e8ea233019f5ee32e,2,5,7.142857142857143,560,0
8959574382f059e3cf24890629282a42,2,3,0.0,218,0
0e019d3695101bf9aa258f23f3713f45,2,5,2.4539877300613497,815,0
1b75ebcdd9f73386350e097b7206b525,2,2,0.0,522,0
e38b3ae42e6e8a817ad0dc4c75f7451c,2,3,7.425742574257426,404,0
07060674c28e94de7c97b749b139c481,2,2,0.0,389,0
f2339ca8e2d4cea164895c18fe438204,2,2,0.0,350,0
0cc3a673e421d62f46aa23bc1f7a67b2,2,3,3.0303030303030303,330,0
6cf8988f9dd1ac6fce7361db3f127383,2,3,2.304147465437788,434,0
f4863ccae076279e71a4db961c969929,2,2,0.0,227,0
2872b549f44cf0dca44584153c4071af,2,2,4.672897196261682,214,0
455740e2aa328ad13002df8cd2dd6510,2,3,0.0,462,0
ccccb905f4b9d059945eb07d1d751de1,2,3,0.0,569,0
7b74e32b5dcf1543b46a0a32b7f277d7,2,3,3.048780487804878,328,0
61fcca6ec0a1435e858407edabef9af5,2,2,0.0,184,0
1fcd028ddbe23bbafa4f350403281666,2,3,3.6363636363636362,275,0
97201cd2c7e559bd83ead6cabace5f38,2,2,0.0,381,0
4a8d96a2c0a39295de26f1444c5a46a6,2,3,0.0,319,0
a59d83f4163245db886332f0726080e4,2,5,3.9447731755424065,507,0
c11fc6125916eb892e29a854ed7133af,2,3,0.0,227,0
43a0802c7500d975dcaa9203f142b70d,2,5,7.462686567164179,536,0
aa480929f8537e04ef3280d4f60c7a3b,2,2,0.0,283,0
fb81a527447a6cc172990eae49c850e0,2,4,5.115089514066496,391,0
d3103ed4f314b67d2765a86653a0bdeb,2,3,0.0,271,1
3b6a6d3a9dfabb67a557455f8b8f9489,2,2,0.0,228,0
793cff23529e30423e16b17cf48810b5,2,2,0.0,356,0
cb9adb2ec7a2b10053bde40e83c076ce,2,3,7.2202166064981945,277,0
a7dfe20a062d8c9926a218c846c3a7db,2,5,1.358695652173913,736,0
11b914d15d3532421027c88ab0381661,2,3,3.389830508474576,295,0
c59a54f456a861af56475b1295a17121,2,3,4.618937644341801,433,0
6444ea2e264af1db5c2140f2a21fb92e,2,3,0.0,217,0
7c85d723fc77ab6ebe1be8b5ad1c6b0c,2,3,0.0,427,0
16e6be15458a1d2c5a7a03dbb60cc9f0,2,3,1.968503937007874,508,0
48569387faf185de643db4575bd3c1bf,2,5,5.836575875486381,514,0
b59ba6a0918f25efab1877eb5ae83659,2,2,2.336448598130841,428,0
93d7580b3dacb04113dc6fb3f6c9ea2b,2,4,3.9215686274509802,510,0
0a25cc3f2a24a98426c2b987423768c0,2,3,0.0,352,0
d7f4c93be934c1e9c192cfd719599f0f,2,2,0.0,255,0
173c80c79ca510bb03009a144b72b07f,2,2,0.0,328,0
df4e14c96f28e03b6ad33a3e1022e104,2,2,0.0,192,0
0f68bcca810490b0d20b79c8d8f51fd1,2,3,0.0,305,0
14f589f73da7393900347208e746bf50,2,4,0.0,466,0
3d8f720c6d6cb4c1a301c8060544e122,2,1,0.0,308,0
0c7e936539f334f254f9a38322e87a14,2,3,2.9940119760479043,334,0
7328f5a3e19b228d9d19a30587dd65a1,2,3,1.4005602240896358,714,0
cc929efdb6862951a0816d9bd0be2963,2,1,0.0,181,0
dfd497cc1d1793607e8d4315812fd6c8,2,2,0.0,420,0
1eac5d65187a98a39f3215cc5a1a7d41,2,2,0.0,317,0
b815e462794cd8d3ad16ff2d3a9b1414,2,4,1.8975332068311195,527,0
ae5bc0851e12bf066314f2bcf70290ac,2,4,2.487562189054726,402,0
70d4e642f1d300db09185731743172ce,2,3,2.9940119760479043,334,0
02a719e69720c4100f8c5bc1a4f33a23,2,2,4.273504273504273,234,0
40d404ed4ceef78b1b1c0958f69cf913,2,3,3.663003663003663,273,0
0abfbd9c80a06ddc46ff1194dd98ded0,2,4,6.0606060606060606,495,1
ba73245488e1082317873b19f073fb9c,2,3,2.6178010471204187,382,0
0a5ca13ade471a72ed1529ac9446f837,2,1,0.0,258,0
eb7b6d7026fcfa7fa90db6773f1f12e1,2,4,2.3696682464454977,422,0
b5e6b9a61599d4b1d06668ee3c6c57ac,2,2,4.201680672268908,238,0
6d50514f124ae8c31dcb02cb51279418,2,2,3.745318352059925,267,0
87882c1681b40f44d0eff0d57c8e5d7a,2,2,2.242152466367713,446,0
fc803e2cc71a993dfba1eb7a415c1dd0,2,2,0.0,227,0
8d9575aae82f70cfed360d66cfe0524b,2,4,0.0,452,0
9c1b849f60f922990112ccefc1f0121e,2,4,2.7548209366391183,363,0
785cf7e31b06a7411bb9c4ff90c7ee07,2,3,2.6737967914438503,374,0
cda695424fab3dc6664a3f161695db9d,2,3,3.1055900621118013,322,0
b3e801f558bcdcc7b81384a6a1ba8455,2,5,0.0,608,0
3f0e8c46b36501a92f1a20ea015ae028,2,4,1.8281535648994516,547,0
ab71859540b2fdc84972b08dbaea53ea,2,2,0.0,189,0
6d15fa51e203131fb320bb25a148012a,2,2,2.6595744680851063,376,0
a17d772f10da48ca1226b993a959f390,2,4,2.0408163265306123,490,0
16cfc9c26c9557c3e70a1dfd18bcb6c7,2,2,0.0,239,0
7b86249072a357c6c540c2f037085d93,2,4,0.0,529,0
3d8d35db5c67155cdb6e35bbf683530e,2,1,0.0,363,0
80ab57b824758f2a1e0a80ca0fede5fc,2,6,4.965243296921549,1007,0
d6b30ecd6fb79ba56a8baa1d4bb9cd9e,2,3,0.0,340,0
77a9562bcae91d193ff86bb2a4087c30,2,4,0.0,500,0
5a94d33917a4064bfe6e72628272b478,2,5,2.717391304347826,736,0
e0c9afa0668a77f7e7e927f4812d4861,2,4,1.5552099533437014,643,0
b687fbb84eae4294302c6f69e38e7def,2,4,1.7857142857142858,560,0
c7474d9793f18c812b2d06dfc96860e4,2,4,10.282776349614396,389,0
c41126c8207ac9d9c01f865779fee035,2,4,0.0,402,0
da3ef68f5f296747a363c420dc10d2c7,2,2,2.949852507374631,339,0
83fa5abc4a807636504ec95d2684a09f,2,2,0.0,222,0
cc549ecbcd967bebf6d7873ada9f3659,2,2,0.0,225,0
5de74869cf605bd77be3f5e2337e6d86,2,5,1.4450867052023122,692,0
d730e024cd0edf443d96efecd90076d9,2,2,0.0,154,0
d658ce3b375278c5d28533e767f6e3a7,2,3,0.0,352,0
20a065649ec7a2a37101ac702e58c7be,2,3,4.149377593360996,241,0
7f042e94dee1b0b27b4b7df5c27f95ca,2,5,3.9761431411530817,503,0
0aa3c341bd927f645bade7c412fd5326,2,3,0.0,320,0
5be0de9bc6e11c45606849ee6d1d53cb,2,2,0.0,188,0
b8c8617a295fdec21374d15dc4ac5847,2,4,0.0,481,0
d33b97afe0a86e365c468353620bb49f,2,3,10.309278350515465,291,0
9bd5758fc3949fed858479d867d377e1,2,2,0.0,214,0
c74c59f02d982174a8c50c9f4be7ee0e,2,4,6.302521008403361,476,0
bfe93c1f2d02c9c5cc29a07d6bfcc0c1,2,3,2.272727272727273,440,0
28642c8a05a854ee146b8d77d6303548,2,4,5.0761421319796955,394,0
2bb3b6b1a75872da25916917c01063c8,2,4,0.0,450,0
3cbaeffe9fb753db5196a8e0ab3df870,2,3,0.0,516,0
5acda03f762217454c4593d02d838332,2,4,2.100840336134454,476,0
740c5e378c7c1d544c6d888732177231,2,5,0.0,646,0
f618ba62a0949039d51ce546c272a862,2,3,10.152284263959391,197,0
3a7895a7c3767a2992979b0caf6ada6e,2,3,0.0,303,0
741fc8bf735c620a07bfce8c19ba0966,2,4,4.576659038901602,437,0
c79716da6a0451cbf95f3968e98c52da,2,2,0.0,191,0
2ed855ee7ddd5739d03b48aefa6a142b,2,3,0.0,378,0
8e16713ae838adb2df6976e489b0ab91,2,2,0.0,170,0
06c44ce9325c69c824f88fb11b35623c,2,3,0.0,482,0
13bc084bce1d8ed26c694fcf6b5934f9,2,1,0.0,489,0
eb32d6160ce776c1c6b33d5fc058f1c3,2,2,3.4129692832764507,293,0
8500feb741654935cd7442de5b4e443a,2,3,7.109004739336493,422,0
cae8b5428b2407e2f06d63cc38a8593a,2,2,0.0,164,0
cbd69398a724c40559eeb8797d0ff392,2,3,0.0,320,0
aeda20a78f3b73073c1318f000530160,2,3,2.9673590504451037,337,0
074f17e1a4c23c74d288831de21c9ec9,2,2,0.0,180,0
71fc24297a3cb2f4e726aaca189632fb,2,4,2.849002849002849,351,0
7ee56fde38a48a5e059ac94017e94e7e,2,4,4.958677685950414,605,0
c8bd0d499738c1634c56a986a4e63aa4,2,3,0.0,291,0
1b79e9eceeef6b1292d709957b33f79b,2,3,0.0,605,0
d06091b4b41a66828ffc1e583ed066f9,2,1,0.0,295,0
6b027d60d10e87c4489d210eec6bffb8,2,4,3.484320557491289,574,0
cd074032e8c776f466d634a3e6dc4dfe,2,2,0.0,331,0
174645d47c99d1bbb64467a9fca9fd4d,2,1,0.0,286,0
34841cc9d3a6f2330539eec4bd1a9bbd,2,3,3.508771929824561,285,0
d83da856b41285cb78054cac538c6ba2,2,1,0.0,499,0
2df7aaebbff80672ecf3248b7e7b4bef,2,4,0.0,422,0
85f65c4338b154ab32e5622700f52d38,2,2,0.0,219,0
cec957be71541da46f68c58f6679fa30,2,4,0.0,363,0
ab0144ff53002498897719b26ec1d7c7,2,4,0.0,532,0
bff8b6a575ebd4e4aee9934ae62ba2a3,2,4,3.90625,512,0
02ada50db17583866d82d19a4f8f9ad4,2,3,0.0,307,0
10ef3b24b6d25ef6ba7975f75401cd22,2,3,2.0161290322580645,496,0
4a8ac01cfa8a8a514cb2484bd9c0a389,2,4,0.0,509,0
24a3222deec5664e42bb9d252180d5ed,2,3,0.0,254,0
4bb78b8bac8a74e89045b95c38df7a64,2,3,2.9761904761904763,336,0
29416a28beb8157e7c3d419467319f7c,2,2,0.0,370,0
b7900ecc2ad1e762416e4b33c69ec819,2,3,0.0,357,0
010f1cc58c0ced1addfbbfed2876370a,2,5,2.998500749625187,667,0
0128f0f2feafde6f31f851e328c57bae,2,4,1.8691588785046729,535,0
2b0eb03a3e73cbbcad326fd356957888,2,4,2.2271714922048997,449,0
c98dd986ceec3a9b068fe346814a5f8e,2,3,3.225806451612903,310,0
02a9954025a5bb3bf8697ae90d2c9acb,2,2,13.123359580052494,381,0
f2fa40eabbfb16167992a76e1bab79a7,2,4,0.0,616,0
f58cde172471e404646f7ff7f070267f,2,2,0.0,306,0
6b52bc2195b21ffdb6b98d6726b4a092,2,2,0.0,256,0
881be70f8417c58062166ed818e753a3,2,5,0.0,775,0
9990ec560e36feed4966af5d02e1e4af,2,4,2.314814814814815,432,0
e83b0864c28f0bfa95d27f893063f63c,2,2,0.0,501,0
57f86dd36664343ab6147c6c230bedf0,2,3,0.0,453,0
d036a46e8a79bd0819e4b3ef78540a51,2,2,0.0,425,0
6f37e6fb174cb9caa1783ffd787f2da3,2,4,0.0,408,0
58ba90838294b1ff547c1a7787a847c0,2,1,0.0,249,0
563f9dc4e2a5475e006ead70338340e0,2,3,0.0,489,0
54ca6853ac6e78fc374bee54e0b6cdb2,2,1,0.0,246,0
28013c0ac0ff80786bf4bde6437c0e0d,2,3,0.0,350,0
f7d5c2e249783c33861a115a34ff268e,2,2,0.0,234,0
7d97ca55f726b7c70e52f25fd57fe950,2,1,0.0,334,0
6210053f00c896eb7980004cd5c3ce3c,2,5,6.377551020408164,784,0
0633f3f5e140cb5fce91055a8ed1938a,2,1,0.0,250,0
b1033b35882874cd5c024bd21967d2fe,2,4,0.0,535,0
76ab7bdde04924983636c87f15b9a915,2,2,0.0,254,0
fa7a38a6e33f1e792b839752f41be791,2,3,0.0,262,0
6293e4d6daa47833f265ef5435fb611d,2,1,6.578947368421052,304,0
083fa3abad91d58d6ff21cf27d8c148b,2,3,0.0,238,0
87da6a7ccbc116f9e0b4914fdf6c8a2e,2,1,3.875968992248062,258,0
6adf951e475c9b881a1970e852d9d645,2,2,0.0,210,0
511e5af70e2300d7ab069b1331c9b861,2,3,0.0,309,0
98a179fb938097f9ed860c6ea4e1fd0f,2,2,0.0,348,0
80480a54c1f9770362bab174b63a8458,2,2,1.890359168241966,529,0
ad280c89838fc63706421c26ba4d1fa2,2,4,13.645224171539962,513,0
e9b78d4456baa3f7dc4d7f1221ae562d,2,4,4.4543429844097995,449,0
f36248793dda1015704395c3cc32815b,2,3,2.4390243902439024,410,0
f0cc28d853365ac7085b9c42d5274846,2,1,0.0,299,0
f5e70928dcbc8532e57a3ef2e87705db,2,4,0.0,511,0
37f42e2bdd5beecaf166404f11b8402f,2,3,0.0,347,0
499d89f28e82c0321fcdff143a0ff619,2,1,0.0,329,0
42abda6c5259a8a82818acde5198d9df,2,4,0.0,579,0
ee01f7dcbf8ac95bf203350c9c876750,2,3,0.0,382,0
90738b9c146c76b63efdd84acbe2e443,2,1,0.0,218,0
cfd34d795ea0df80b2029367961bccc7,2,3,0.0,310,0
54dadd55a264777fc99b9415fb5d21a1,2,3,6.172839506172839,324,0
e611d1578ce8ed90c15cb23d943b7175,2,1,0.0,715,0
9e44f8e73cd5a82fb5b65d133b857cd1,2,4,3.8461538461538463,520,0
1c27ced2b955652ff995842eb5596734,2,4,0.0,435,0
066b62f441f718c9b238259736949467,2,2,0.0,170,0
7e34cbd0f89e121cc4f19fd3a99a8df8,2,1,0.0,466,0
a2be51c35d4e80bd8114fbd5b18683d6,2,3,0.0,270,0
2ecda1b8122937f97779f8b884d65317,2,3,0.0,395,0
58f6db4d6dac54ba290624e0ce7dace2,2,3,2.6881720430107525,372,0
d973c45bbaef4a8e379b073cef18ed1b,2,1,0.0,178,0
6ef0b8acb2699ea78da2de433904a97b,2,5,1.3192612137203166,758,0
94d79d12741f37e331530cb5986caf34,2,2,0.0,236,0
9748f1968875cbe01e694b4a262662ce,2,2,0.0,251,0
37c83798f3dbea8444418b0b6308d2a9,2,4,3.861003861003861,518,0
d0eb799070ab620005622d81d0fc8dd9,2,1,0.0,504,0
224877bdd2c58c98e08cbe3f9f59a761,2,4,1.9342359767891684,517,0
683fd74fe5e35d1edfde293e8a0cb8f2,2,3,0.0,351,0
796998a409234926a0eb4add64c90090,2,3,0.0,375,0
f28afc2c39066d824ab1bf1d0cfeb763,2,2,0.0,277,0
a225de36dab16ecca762b822ea70caff,2,3,0.0,358,1
42ff38e794c57b6c12bc59062d3ec2f1,2,3,0.0,387,0
d0a935bebf88fd1b7b8e867cdae7f4ad,2,3,0.0,237,0
73d0844fb8fa3480f2501ba155cec2b9,2,3,0.0,373,0
e1cc79d6a30d0fed6822406553b10ca8,2,3,0.0,245,0
977faf861caa1f950bdc4400fcce8673,2,6,2.1436227224008575,933,0
760abeb583c65ed87112860befb485cf,2,4,0.0,459,0
7f77378deeee3148f3d8e4ae18850e8b,2,2,0.0,226,0
1f0c11970fb6952f217c6c171ea6e101,2,2,0.0,293,0
a8c79835a3abf70bc49c473522e9fdd8,2,3,0.0,355,0
3ea78799026ff391b0fd57de52a6bada,2,4,5.347593582887701,561,0
50cedc3e04c1ade9c08066ed534b61fe,2,3,2.3255813953488373,430,0
b57c652b321bf37eeab815ea946be415,2,1,1.9011406844106464,526,0
f1cee6c0719f425e56ec8243f93ced92,2,4,2.7247956403269753,367,0
36f1f4bd0300c14421758076dbc3cb17,2,5,0.0,704,0
3e49578f0daf1a769e490ff9192265f1,2,2,4.219409282700422,237,0
baf814237dec1adae80f14dee93d0b79,2,3,0.0,432,0
cebc4cffcf7bb93f0cedb00437e1b884,2,3,0.0,426,0
a6ad088f11c2688b92b3f13bfb135356,2,1,0.0,203,0
48d7a84725c72ff64fb49f8755deb58b,2,4,1.3605442176870748,735,0
e071459c1ebdc51485e519762803788f,2,2,0.0,193,0
09737f2500266629f913d237fa053b35,2,5,6.085192697768763,493,1
fbeaa5cd1cd1c5d77970ded9012f2e09,2,2,2.192982456140351,456,0
8a4c236c1212e836aa281aeefac567f5,2,3,0.0,626,0
67d053c0c4fc285245fe6ee9cd70be57,2,2,0.0,391,0
ea942d42fea36b1a65eadddfe6ac9551,2,4,2.0964360587002098,477,0
9a4802b461192648ac2a53ff46ea203a,2,5,6.8119891008174385,734,0
dd4bfc42cb8b500377868772145b572f,2,4,0.0,506,0
7dc369143777ee8f6ee4f7ecae15620d,2,4,4.838709677419355,620,0
300e24c3313902dae82e185c53a6a2dd,2,2,0.0,293,0
32ee114dc85efbe578d7f3a144932d98,2,3,0.0,373,0
5396d7218ab892d1c68470d4d364fb4f,2,3,0.0,286,0
5a0b01fec51d2aea20dcbb625b2f4d22,2,5,5.163511187607573,581,0
c20f097da20b8ba73162ea40014fe822,2,3,2.4691358024691357,405,0
c99d4469d16814b9ae0228acb15d876a,2,3,4.694835680751174,213,0
3fb2d64d86ad313c76a62d399714b871,2,4,0.0,296,0
4a848afd6b1478e81e0ef2c83a202ec0,2,4,4.854368932038835,412,0
5b0caa2441c94e742305bccf42027693,2,3,0.0,530,0
4e494d5e4644658b8f865b2fb92b9cf4,2,1,0.0,499,0
8966409ffd9f8bab924ed7fddc0518b0,2,3,0.0,364,0
87d5a563b5cb5ed5ae4b25c562fa5067,2,3,7.49063670411985,267,0
bbdb167a87bee2c07bfed43c2a5441f9,2,5,6.185567010309279,485,0
6f1de387f3fb5ee5e429538c2db10365,2,2,0.0,248,0
d734d0ec23caeae7aca0c00a5b1a35a9,2,4,0.0,900,0
9d9d938ae2678da13732b25afc08161d,2,2,0.0,192,0
9571e792d84c5c02aee93e6a85a902d5,2,4,3.9215686274509802,510,0
5ce9f826b25a7f52dde05072fa940e9d,2,4,0.0,429,0
91a68a55eac49f171510079ff25efb7b,2,3,0.0,393,0
1a395853d3821ea99db14e0dcb31c044,2,4,0.0,560,0
9220dd5c8e18c03eed7e62c04102ddc5,2,2,0.0,198,0
56faf005b3f509e50fba5d9079a95a78,2,5,3.488372093023256,860,0
1bebe0a56584c1c9a8624530318291c2,2,3,0.0,312,0
a41b86afa3837659a396bacd89d9aa58,2,1,3.0303030303030303,330,0
86397fe9a1d985cb7d87c027d8be1753,2,2,0.0,353,0
7f6b69067e4439a480ea17d19b59e01f,2,3,7.614213197969543,394,0
a5882c7ab05254f20ca2f7147d019718,2,3,5.305039787798409,377,0
e9e4abda92ede7a549d4c3267756b45c,2,4,2.3255813953488373,430,0
9fecc79b170168ba6360df0c2d257ad7,2,4,0.0,577,0
cbfb4cca3c7ae6205521ad53bf599486,2,3,8.426966292134832,356,0
36d32646250fe9a7749b099b04d4df63,2,4,0.0,723,0
219a05264c14e65556ac530b4421e385,2,2,0.0,362,0
00732ebe3dfc08b0b0a610976ed73d21,2,4,0.0,457,0
c139c8b38c8df8ad8d46b24e158edbea,2,3,1.7889087656529516,559,0
69159d9061917024a35764d062e1e920,2,4,6.109979633401222,491,0
112424844ef7690df083a9cc4f60b5f3,2,3,2.2222222222222223,450,0
c7892dfa315bff1795d3f8da23f4594b,2,2,0.0,213,0
7baa82a5a5112f728619961127f2d152,2,3,0.0,353,0
172dad02fbc8ba84da4b7365012f63b6,2,3,1.4577259475218658,686,0
dcd1d5aad8b71cca6ba87e3c33244e61,2,3,6.289308176100629,477,0
abd0785f13cea4abf7413513c170a7b3,2,3,0.0,288,0
61f1ea9cd7a8c33beb019616cfae6b8f,2,4,0.0,359,0
7945743e587d3796ff82907834e76d33,2,6,7.702182284980744,779,0
bdce2255ff9e10229d1ed9c59f701e48,2,3,0.0,294,0
0a6deaa8ddb2d9683ddb9309cb6b1576,2,5,1.5337423312883436,652,0
af35ef25302e67e641e61271393dc3b0,2,1,0.0,251,0
78230d9a79b6d230ecb72cc2d2ee12bd,2,4,7.142857142857143,420,0
d56c3eb1e4a6a7ab64a21acf1af2ff74,2,3,1.6207455429497568,617,0
804f812bf5f6bd5364a36beafbea421a,2,1,0.0,220,0
4a67142b42316f2dd89fdfaa7563fc2c,2,4,3.0211480362537766,331,0
156640ebf0b5ccc8ad3084308988fb20,2,4,6.622516556291391,453,0
e30f210b7746683831041238eab66c51,2,3,0.0,496,0
22f4d72cfbd48b2950dbb8ab9f87ed8d,2,1,3.3222591362126246,301,0
c77156f88f5d1e52f3499357f59d3631,2,3,0.0,641,0
30d80d2284f43eac72da0ae763162a27,2,2,4.504504504504505,222,0
838563286d6e28ffc50ee99b34445e25,2,3,0.0,335,0
6d00cfd2aebb1de80a729dc142320546,2,4,3.51493848857645,569,0
50999bb796c104a9d5d0b05a85189e95,2,1,0.0,253,0
e920b1f310b4b4923753bee4be1e3722,2,3,0.0,186,0
3e832e3b26ad73b57d69b859506f66ce,2,5,1.8691588785046729,535,0
2d9f98d5919151bcbd7c8552fb94d5ad,2,4,1.3605442176870748,735,0
c40987beaf2a95243afefb4313c2a845,2,2,0.0,445,0
05694983a93420cf1278f6a09089225a,2,3,4.88997555012225,409,0
410298d4c4f61b7607e5a15a514fdf33,2,3,3.3783783783783785,296,0
57777790474547906f7179cda3f27a7e,2,2,5.747126436781609,348,0
8096e3df965073f5859e4e5e146e16d4,2,3,0.0,480,0
e7191526da0006670a11dbe9c0b6d708,2,2,0.0,375,0
7edd32ffefb02a41f8958bd2ccb5b9ed,2,3,0.0,705,0
9b65bf7d74d846155979abe6537cf538,2,3,0.0,417,0
f494c8584e14c0bd497adbdbdf1be196,2,3,0.0,325,0
3054b9368db1f957a456c1d865a1be14,2,4,2.4390243902439024,410,0
a00cd90363a261e2917af513170f87cb,2,2,0.0,169,0
2ffd651a9a7ef6064c140bc1d5b1791e,2,3,0.0,408,0
75f300c3fc73eb6c989f456ac1d6391f,2,4,2.6315789473684212,380,0
cf36edd49bd2d041c74c02e5aa59ba58,2,3,0.0,277,0
44c5161482421ed1120f0f8717cf31d6,2,2,5.1020408163265305,196,0
985c15ce478529ffe1b3f09d066b3178,2,4,0.0,394,0
a92ce05898dc6a90e9a0244667aacda1,2,2,4.132231404958677,242,0
c660e527b862d84a5ee59164fea1e249,2,2,0.0,204,0
2c098a6ef8b7c093808651f53fb4daab,2,4,7.2202166064981945,554,0
0c0b53894d281f9f7787fa68e62d9df0,2,2,0.0,303,0
595ffddeccbfc5f26ec65c758a0d9bf6,2,3,1.5408320493066257,649,0
1c9e95b673748394b926dbebd9f9515c,2,2,3.7313432835820897,268,0
1ad7a0f7a9c1e22f472bceec082f6136,2,1,0.0,249,0
0cd6a4e92b33264b42c946108d67dbd6,2,3,0.0,287,0
ab90b4c42668ad275c835d2c655ff6d3,2,2,0.0,245,0
408b57047b72e4021bd6bcea1347cbe4,2,4,0.0,598,0
567318f28e43fe4edf4aa6006354748d,2,2,0.0,158,0
6fb8ed004bbbba8d90beb7e5c9388195,2,3,2.680965147453083,373,0
357697f4c463ee3463c52b9141ba95e5,2,2,4.366812227074236,229,0
dd8b104e759b77a11b26d4f51a325769,2,2,0.0,210,0
169786c5dc791772d9b7c6baa4cfabdf,2,1,0.0,610,0
0338ef1e18440e8952a224dfc8ac6861,2,2,0.0,243,0
d126838d679d426b4740ac732799c716,2,3,1.8181818181818181,550,0
446387afd7918c99ceda68aba6911c27,2,4,3.5650623885918002,561,0
abff6d0263738abbd6f0439a5acbebcb,2,3,2.7548209366391183,363,0
b4f198f84464a40842bdb275e8730e33,2,5,0.0,561,0
3f8c4f6d68b22487cc5f5acf827042df,2,2,0.0,271,0
841cb99f24f51477e4c5be7132dc5e45,2,4,5.1020408163265305,392,0
58760b1da001c9578582e0f2d25e8831,2,2,0.0,191,0
1f917b36e3a5846bc9cd68046274b090,2,1,4.140786749482402,483,0
00ad37daf0f5ec763bd587a5e193f64c,2,3,0.0,496,0
e6347700527664b7e8e4bc39fb8e6eb6,2,2,0.0,198,0
fecf681bb636cb8c1553b5aa44dbdc2f,2,2,0.0,343,0
8858406d8a9f984687e9249f853415eb,2,3,0.0,252,0
7ecb715d09af745244f89f7f8614a775,2,3,4.866180048661801,411,0
3acd5bbbb2388525927a18885d7e7281,2,4,0.0,345,0
fee6e8b8bceca1aa41495294510b8171,2,4,0.0,588,0
37dafa86cf9ca70a6c82fc14a40bd6c9,2,2,0.0,177,0
143e5c44f734ebfa71fe24cb6ad513ff,2,2,0.0,237,0
0b4944ef52aa853d3764fc668ae9e290,2,2,0.0,320,0
efa2fa28e7060cfd9b19eb7a4d9aa388,2,4,0.0,463,0
041c0fd81d8bf55e52177db0573b3834,2,3,0.0,363,0
dbd5c7f283d5a7e75193ebe04c5fe234,2,4,2.109704641350211,474,0
fe9fbd9ca6c96ad48bdc77f725ccc36a,2,3,0.0,441,0
2e480984592fe104ebb92ae54a22cdd9,2,4,0.0,471,0
08f70a987a368b520f253082f81512c9,2,1,0.0,201,0
ea557fdb448c346e21d0545c9be39d6d,2,4,13.011152416356877,538,0
b7a3f4454fbd897ec0724df53be24b48,2,3,2.232142857142857,448,0
a707c8747f3f1aad35bd52b9e7b82598,2,5,0.0,614,0
183309dd78793211ef98ccaacd2a9294,2,4,0.0,509,0
1f4346eabe1fea35dd050f0669d873e3,2,4,0.0,351,0
db338a62c4dff3b18a0123a3ca3c55a9,2,3,3.257328990228013,307,0
b9331bf0b4c43497cda1c321551bbb3f,2,3,8.04289544235925,373,0
685931440fe3e6b4e73b0b990a6dcb67,2,1,4.048582995951417,247,0
83ef4cc454b9a29908d90c4bf35c486d,2,2,5.813953488372093,172,0
3abe47f044b677effb2d68309166bc15,2,2,4.8076923076923075,208,0
941143790be0c50b321df46dde9e9b22,2,2,6.369426751592357,471,0
8131c416dee334d97392a0f519760c66,2,3,2.8328611898016995,353,0
86459aaa8a2086d2de6ea3a8d0dc04fc,2,4,0.0,423,0
220c2a5dcc9426887a062d313482455b,2,3,3.597122302158273,556,0
b0e42e94a774f177ce72ac138b334330,2,3,0.0,273,0
bd1ca73aa182ee9e20b623b3cd667e73,2,4,0.0,469,0
8502385fb5faa95a15d7f8bc6868c1c2,2,5,5.376344086021505,558,0
5f48ba141fa753977b1dbc5006e13cfd,2,1,0.0,206,0
6980b4ac5d6a6589ea4ad00a397eee01,2,2,0.0,306,0
401737c0d7e5a4ee95e9381cba38c1d0,2,2,0.0,220,0
be056639cd13cb9a15ccb9c19ce8a857,2,4,1.8083182640144666,553,0
0ba3cf86e8f0573dea94e307cfdd7441,2,3,0.0,296,0
8720382b0a141557b4cfac2f83a2c550,2,4,6.302521008403361,476,0
42bbb8cf9b0290ae0d056c28cbb1c5fa,2,2,0.0,224,0
a635db01e070683df25144b6768d2d72,2,3,2.577319587628866,388,0
a593c787f3fb6f8cc330704eace22807,2,2,0.0,334,0
c9f53cd6587c4328c27d42191264af25,2,5,4.9504950495049505,808,0
604f8108fb75112da17eeca799141290,2,3,0.0,332,0
4e5c8be1341dc912b7c895e57eac572b,2,2,5.813953488372093,172,0
90b8dc60bd734f3b63930ddd186f9750,2,2,2.109704641350211,474,0
b3b734a085f8f80efd4e7befde11a1ad,2,3,3.289473684210526,304,0
84f1095b7e4129e12b53bb0a865e51e4,2,5,1.890359168241966,529,0
4a5e7f88c3366fe53b3c131a9633876f,2,4,0.0,373,0
c0c53d63994c4687bf287040658770ec,2,4,8.771929824561404,456,0
ae450fd87f7d61456b0d541e05d641ca,2,2,0.0,287,0
4b55f451a26323f7424eb183296659de,2,1,3.0211480362537766,331,0
1419d5d28ffb91bb0afcfd2cb6afda21,2,1,0.0,300,0
c471fcdf4ce0862ea14d7d947f425dfd,2,3,0.0,397,0
9d89756642650771c36692cbce5f93a3,2,2,3.3003300330033003,303,0
d23fcd552927219eb33b6c4771bb0727,2,3,1.5337423312883436,652,0
65e69a71f70dcd38d73660f3d82ce9a6,2,3,2.304147465437788,434,0
ac68fb4bdbe3dc1848a717a312c303be,2,2,0.0,345,0
3aeb3498036e91677c2016c4d0e232f5,2,1,0.0,390,0
25aaffd0e5556cef8ad5c89e28e0e44b,2,2,0.0,292,0
ab98fcbc0ea24f341f687fb52308ac37,2,2,0.0,248,0
8fea4374288f81379bc9b4d6fc6039e9,2,3,0.0,443,0
42d7aaa5eb656606dbaa16b455296a5c,2,4,5.714285714285714,350,0
317d9d0f4de189a0911eea81ea530e59,2,1,0.0,416,0
4d3f240d080bce022f2ad3956668a8f6,2,3,1.7953321364452424,557,0
7d60cabfb123d989df7c5fd4876acc1b,2,4,1.7301038062283738,578,0
2143e2c6432c7858d051430fb550ccf3,2,4,5.870841487279844,511,0
e2e25fee7bea3116a6aafeb747e2d105,2,4,2.079002079002079,481,0
9bc56ca7da5a1374a88da39bc80e8a8f,2,3,2.1691973969631237,461,0
3936f07347bf28660ee3cc3716e470ee,2,2,0.0,479,0
cafda300b3008555a01d092920ae0136,2,4,2.5839793281653747,387,0
3d0f864360f589697bd22658c6c33b1f,2,1,0.0,225,0
7d8d12c9e1eed18f609a767689dfc3d2,2,1,0.0,287,0
63dd70bbcb0d9def64ee0dec45939053,2,4,0.0,454,0
78bb3d4837633470755cd781e525ce70,2,2,0.0,318,0
fb21cd65d48cf13d0d3d1c98e932ba75,2,4,10.95890410958904,365,0
d169c4e0a3b022d47d6f16a03dc33116,2,3,0.0,403,0
ffce93e0e149095f6676f519e63b47ba,2,3,14.285714285714286,350,0
91c82d6c44572b02c0fda09d889a564f,2,3,3.4129692832764507,293,0
114928f8a2363112818c184196504d0c,2,4,2.7472527472527473,364,0
08593577f990cb93f030b7816e7aa2d0,2,1,0.0,179,0
4034c44c4c3e832b30e479ab8609ed58,2,3,0.0,481,0
c937d4d4240a3869e8ea47ad8842c7f6,2,4,1.8484288354898337,541,0
0317ecf925153350d244321e461db741,2,4,2.2988505747126435,435,0
3fe4b54ede3d1cf205b08a2d3875e36f,2,2,0.0,379,0
adc7e7a0399339bbb7c00acbe725757b,2,3,2.770083102493075,361,0
d4463ea1c910d8ea899b3ec9fa7f63ee,2,2,0.0,225,0
68011a6b8de2b7cf103de87b25cc5c99,2,2,0.0,302,0
a5b381d18fed7faafcd704e0750cf56c,2,4,0.0,601,0
6b951d32d510df471a184e4d98445388,2,3,0.0,458,0
8300027a00adb377e744251d87836c35,2,3,0.0,344,0
b651e8a498a1cd9c9de27d5b501a1a0c,2,2,0.0,177,0
05c7dd21ba8f8572fc6f9b719c73a48e,2,4,6.198347107438017,484,0
9537008cfaed5bde8e6f07588b994489,2,5,6.420545746388443,623,0
8f8b981aa5f39985b5185f59bbd8b413,2,2,0.0,305,0
0bc15e5eb3d27856544879835d0dcea9,2,3,1.7953321364452424,557,0
4d47fe0c6af033a5c46962e05f971b42,2,1,0.0,180,0
d24cff42c18a54fe8fe77f9e72ee80cf,2,3,0.0,271,0
2e57bb20ca0a74ccd72c361b18d1e0ef,2,3,2.6178010471204187,382,0
7aa502b592dc00059879bb8bbb35f404,2,4,6.369426751592357,471,0
ccd8e95360c2df8b9447e41de7073721,2,3,4.640371229698376,431,0
6cd59ff53e6a1ac66d3220fd79f0c6ba,2,3,0.0,478,0
8c9ab2dad78bef5206990819821fc4e4,2,3,0.0,398,0
d3154965ab8882d784f791b1c26f3214,2,3,0.0,458,0
fe64f4e643cac23bae626b3f838bfac1,2,3,0.0,259,0
040269943a8ad7cb90629b8680ce763a,2,1,1.1086474501108647,902,0
1274987ced42c1f65c33d7029860b1e4,2,2,0.0,232,0
ba4de3bf8bcf1ff69ed7b25e83f4d59b,2,1,0.0,336,0
6c005f1ef0dcb74f8b17ff5097de31a3,2,4,0.0,333,0
3cca0e13366ef2f21753490b66346515,2,3,2.865329512893983,349,0
ecd83a785eb0854756f65badf9bd8afc,2,4,3.6363636363636362,550,0
13d41dd7674ec08d4801873cdda72aff,2,3,2.331002331002331,429,0
0bf59ede5ceab758e79a3a0e77f6014d,2,3,0.0,410,0
d15065dfcffef816a1c29ffbec1d5386,2,3,3.125,320,0
db536fa0e33bd4a3e93cec399c7e5d10,2,2,4.081632653061225,245,0
f928f78615208959b853b8149d64175d,2,3,0.0,352,0
25aa12807060beeeae9016487ca58ee6,2,3,0.0,479,0
618506b4543aa2117c8ecf379a3fc528,2,3,2.506265664160401,399,0
70fe817ed58cb02e185b82fc1dea5090,2,3,0.0,340,0
ceb2c0c1614ba932a8fd7e97e3a2e78c,2,2,3.4364261168384878,582,0
1f5da1c11cb599901203f56e1af5c827,2,5,3.51493848857645,569,0
ec70de1334cc29b2ce5426f27bbff8e4,2,1,0.0,194,0
1acb78519bd08aac69c34f527c431620,2,2,0.0,242,0
50deb7b0abf19e9aa6cc857ebf515ba3,2,4,0.0,410,0
492ec0969cb1ca946b10d4ea57520fa0,2,1,0.0,248,0
a26e461b95e6e278d30338f5c06da596,2,5,0.0,824,0
d26117f37b69080d79cf927b8735d3d7,2,1,0.0,298,0
f3487b3a9549af3b5dd85986a2f4449c,2,3,0.0,522,0
93acc100d4bfd9b74a4a0cc1f163e234,2,1,5.167958656330749,387,0
952f04915f1e50965a01506ab9a81093,2,4,3.5587188612099645,562,0
f47d93d2bce191e71fe03f8763e2dbf7,2,3,2.680965147453083,746,0
f8d507f7b0f9a5160dd79b00441c27a2,2,3,4.424778761061947,226,0
2355f4358175aecc470cc6c4a018d18e,2,4,0.0,466,0
ca737e0d1d8a6b44122be571c0b11314,2,2,0.0,217,0
6b5d471941d108b48fe086c4c897f5eb,2,2,0.0,340,0
6cd691202ba505f201e0b7c06dea8c5e,2,4,0.0,499,0
7455ff9beadcb3be130ab2a32f98f20a,2,2,3.4129692832764507,293,0
8b047b0ba3182fedcb7828ea8ea1fff6,2,4,0.0,494,0
0ce926d3ae2b7a8119226d25a754f6ee,2,2,3.3333333333333335,300,0
8dca7d2a258e2eb83012be2299d693bf,2,1,3.8910505836575875,257,0
c89460066a6c98b7c0dbf0ee5594f984,2,4,2.1691973969631237,461,0
49a5a39c5d22f776e240447df06137d0,2,5,1.7182130584192439,582,0
ec0008b89655f4a256133edd29f32f35,2,2,0.0,523,0
7e48c5fe0b71f0114a761126964f5d0a,2,4,2.032520325203252,492,0
7abdd93f205e8ad60143290860df4b58,2,2,0.0,356,0
5240e01a3ee16642f7432b60d68e9c53,2,5,3.5650623885918002,561,0
9043fede833e8a27f2466e148471b4c8,2,2,0.0,418,0
275b0e00e8dc4a5a8de24fa1c8dd5459,2,1,0.0,249,0
0bdd5a7593632b8231955cc413e69a35,2,2,0.0,250,0
3a2cf69a3b66b43c28cfdc6b31667f8e,2,2,0.0,458,0
e368f4f9001c882e83b2a48d02eda826,2,3,0.0,275,0
b75b4eaaf8e4d2dc14057a67c1d62e05,2,2,3.90625,256,0
cd53ab992b0bf6cae8ccb95a1313590d,2,3,1.6778523489932886,596,0
e252be6ecdef87f926aab55b7cb76b85,2,3,0.0,264,0
60b219b3f6f2c34c671e65f26996d5bf,2,2,0.0,184,0
7cdafb8dd0df470d0510caaef2884eaf,2,2,0.0,178,0
c955ecf4dc64d126eec2c4997e4cb44a,2,3,8.113590263691684,493,0
6b7db5fec8f5d5e7dd762cc171c5a01a,2,4,3.838771593090211,521,0
b236ab27496c20e30370831a2422e037,2,2,0.0,252,0
2ee29684aa723fd4d7559f82abcb13ac,2,2,0.0,198,1
9639070410460d3d3871bb429181e2a8,2,3,0.0,347,0
4f2b4b1442c9342970a799ce3da2d5b6,2,2,0.0,256,0
1de7d47575dba64e2bdf5a356da05a36,2,5,4.415011037527594,453,0
48b50e1ed5c422bcb81b5bdbdbbe0a27,2,5,1.5527950310559007,644,0
2aa04bba1b9cc6189730bc1b2fb2debf,2,4,0.0,468,0
07b55d6531c4c2631814a40bd39c8e13,2,4,2.1881838074398248,457,0
58d2e13a4929d6f00be805d07b29e963,2,2,0.0,154,0
cd769cd93fd18a305a85f168f7c66032,2,2,0.0,248,0
3e4c089d86428463bf1da9d97fef7a92,2,3,3.802281368821293,263,0
74d4f88ea63d9340ba2448f87473b6cf,2,2,0.0,200,1
a5f141b510130d4fb1643419331279c3,2,4,4.3763676148796495,457,0
283bcc2600129176d2db72901d693a1f,2,2,4.694835680751174,213,0
84716cc3455512c0485a03dd450a9a64,2,4,5.0,400,0
6a0081bb913b63650b6fa73f54801d11,2,2,0.0,188,0
766d80b1b88bbc2a0f68fc90be5928a8,2,3,2.525252525252525,396,0
a941fbad78a9fb99e458d64dc57494fc,2,1,0.0,427,0
da77f2122bc0b2714edf68b4023be031,2,4,1.9120458891013383,523,0
942d907ef91e71dc286cec2da45af964,2,3,0.0,359,0
0869ff580d8ecda8ded4a5c5148b8a77,2,3,0.0,316,0
0dc1dd14345cbacc17ef8014037b438a,2,2,3.937007874015748,254,0
6bd45ac80256870c1d759f383e2f7385,2,3,0.0,245,0
265d00101f37526ac5300694edacacf4,2,4,0.0,457,0
1274d83aa59d9a33b152f2aa6c91b1a2,2,4,4.434589800443459,451,0
849a37b94d8f3553961594f8bf2651e1,2,1,0.0,230,0
aaefaaf3ea13dc06c8d2b346b581e87a,2,4,5.208333333333333,384,0
e66255a8eac817e444c4daf2313f0021,2,2,0.0,296,0
eed853a9f4bf6ae03d557969add306e6,2,4,0.0,691,0
b7899edd2ffee48acfbdb4e2064c68d3,2,5,6.928406466512702,433,0
da72aa6adc2a97ac6ac63d403e5ff384,2,2,0.0,194,0
1427a363e6bde2c94316769da3517705,2,3,17.167381974248926,233,0
1a7097fa2149e550807e264582d9eca9,2,3,0.0,369,0
1d8e4f8681f70748267add9c9a8ebd38,2,2,0.0,277,0
1d224bf1bd4d3b01d11cf4290173d0a6,2,2,0.0,281,0
9f5c60042de84454b8807235b8a36b74,2,3,0.0,392,0
7846ede62fb933f33fca4fb47998ecdd,2,3,0.0,286,0
23edaaf08d801b667c5903b0ecd462bb,2,4,2.336448598130841,428,0
8826e18ae4d1476c30541e4f1222cb5a,2,4,0.0,389,0
b5c5cbae36514175a212159badee8ac6,2,3,0.0,489,0
7cae8f831e8e2a1fc121bba636ba48b0,2,2,0.0,264,0
6821d40cc5b8212c9c035287da87661f,2,5,2.1321961620469083,469,0
a09f62de4546d7842201ec3da60f2ade,2,3,7.83289817232376,383,0
cec6459dbca56badfb0fe141e11f442a,2,4,7.142857142857143,420,0
65bed3f88a1d7b27ac370abd435db14b,2,3,2.375296912114014,421,0
25caaa68fed7a0f647f3b3c87e38229d,2,3,0.0,317,0
ee39ae511be85a33087dee233bbd2040,2,2,6.993006993006993,286,0
e0f6b0fd5c3137f7820dcd4bfed4fe86,2,1,0.0,308,0
b566df9376df79bd4faddebe0a636390,2,4,0.0,367,0
c38acd0d0effe675a1d18e5e5e1a494e,2,6,1.0256410256410255,975,0
02cacd9108591ac363d6840d335a3e38,2,2,0.0,340,0
bbf0c5b82e3dcf690674db51f7c1636a,2,3,2.570694087403599,389,0
f14f8cca2490c0273a7ecd198309522f,2,5,1.3908205841446453,719,0
6529a1a99a8a4ab04c0cf00f341c1f06,2,5,2.857142857142857,700,0
6fcc52389a3279ae41aa8630261abb01,2,5,1.607717041800643,622,0
49a46c6be14e061ae68272287167bbc0,2,3,6.097560975609756,328,0
c611f06ad08e6eb66f9aead154e2affe,2,3,0.0,414,0
2f8972f4fd8950df5024e78126f818c5,2,3,2.5641025641025643,390,0
6081258f42afd9600fab833348666984,2,2,0.0,262,0
a341d232e6d71d6cbc02757a6167f3cb,2,3,0.0,328,0
1edfa1cdd40a7f08f5397ee3128cc0d0,2,1,0.0,206,0
803232f8872b8967724e8cb9699d4d7b,2,2,4.366812227074236,229,0
b55ed19b234c33b05599086ac10aac4d,2,4,0.0,503,0
d868f0b56404a8ad701c43e45e04bdb2,2,2,3.054989816700611,982,0
2e316f4b1bee3fb07e344e3ae1f0e6ab,2,3,2.793296089385475,358,0
fe5d4892aa53f5990ad90de24ce55a57,2,4,0.0,364,0
d33d5d48c11c87fb6d30dde19c72e24d,2,2,0.0,151,0
c7771d7463cc6bb4902d80c3365a4a75,2,3,0.0,510,0
b7bcc39cd310ebd4e86762003cc8ee9c,2,3,0.0,651,0
cf3d74cdcfc377c64d23a1bfde1a7a69,2,2,0.0,184,0
896035b9e55fa84295f4202f65fe5ca9,2,3,0.0,256,0
d854be93a0418996eb6490b4c0f983b0,2,4,2.331002331002331,429,0
50170524ac23f90eca4c90313338911d,2,2,0.0,298,0
251df4a381f2ba532a47cbc96bb952c7,2,1,0.0,405,0
af60514c6d52a5737699ea6f9baea6dc,2,3,5.509641873278237,363,0
2c6c2c64a7537897be997a34b5ffbd9f,2,3,3.4129692832764507,586,0
172e695a91a25ec6932bfb71c590e66a,2,4,2.9239766081871346,342,0
fa257b41df56ba08aa3afba4db75e5b0,2,3,0.0,355,0
46ddb6a74e7d44e9accfcd8dd45f9730,2,3,0.0,328,0
e4369eb109af0018660bc4d9c2463c2f,2,3,0.0,318,0
ca67e41d13653f2fee7f4eba66a4c1d9,2,3,0.0,245,0
c6e7e02e3d251935ea51811fb182f944,2,4,0.0,372,0
197e2f9819b53f1909c7fc1884375b84,2,3,0.0,268,0
f31cb80a34aff85e0093051a92ee296f,2,1,2.3529411764705883,425,0
22373774d5bf26eb574e7cf6b8041978,2,4,3.690036900369004,542,0
1009ddd19ba7539c7b14240ac5ae4e2f,2,3,0.0,274,0
f459f3a2d336a762b8ca1d615cb4756a,2,4,4.444444444444445,450,0
75bd1d571eba7c4681bf94cfca283a30,2,3,2.192982456140351,456,0
48aee548f42ad21214d4762599d70501,2,4,4.08997955010225,489,0
85250b9196eb892ce78ff9a1f9e979e0,2,4,0.0,321,0
e3be70b5ed579f14c7681aefa05606d2,2,3,3.194888178913738,313,0
157c25cc70f9224d2c0e6566b3968f27,2,3,1.408450704225352,710,1
1ab0bec9d4663e01bf18df42d064f21f,2,3,3.257328990228013,614,0
daa168c0841ebac783c41aaea1647843,2,2,6.172839506172839,324,0
b904bca6f4df38ecf1232949d4cddccc,2,1,0.0,228,0
1159f465c40d6dc2b7a638f51d3de6f9,2,2,7.092198581560283,282,0
354aeccc6effecea1b70e141c34bf981,2,4,2.557544757033248,391,0
f7e68753fffd8587da011d08ed366967,2,4,6.557377049180328,610,0
cc8e006fbdefd1638d884e2ae5d5c517,2,2,0.0,169,0
62be5f7b7da00451d6194087f2340377,2,3,5.449591280653951,367,0
8f2c8bcf88ffaec20a9fc90ca49318b6,2,2,0.0,342,0
a890adb8f3bc60f06225dfed59c7b8fe,2,4,3.780718336483932,529,0
d79e7cff02f0b57328fe723acdb7203e,2,3,2.4154589371980677,414,0
25de914da1c2dd114618d59736047d14,2,4,6.550218340611353,458,0
b010c6fa861557b25d1f9a03daf4d77d,2,3,0.0,409,0
f50ee00f0caf103bc07ac6da85edd6da,2,2,0.0,252,0
d1151b0ca9d1332b00d3e7264e2cd7a9,2,3,0.0,325,1
e16936695a41fe00f554a3d4ef6dce93,2,2,0.0,173,0
381851beb5b79205dd750374ac241da3,2,4,0.0,364,0
7c70bdedc9c3922f8a1ef48d8ac36305,2,3,2.5906735751295336,386,0
eb0a05f1668d6df1a9b86af1af3b8b2a,2,3,0.0,383,0
58aa1bcc0c70845967000b43238ca284,2,2,0.0,190,0
66b90ea27b981abc397b2d64bd37b10d,2,2,0.0,305,0
f07c901757f198a19e3926fe0713f9ec,2,2,6.6371681415929205,452,0
7a758e6f66a7ac3c7ab48808b54d1456,2,2,2.5906735751295336,386,0
9d4a284cefc9300635a0ce80d1300ca3,2,1,0.0,258,0
18a3ab0dad56f6c0c583f307cd55e15a,2,4,0.0,358,0
41a30d1dc57e79082862a9d320eb4259,2,4,0.0,720,0
af0aea963f1f93ada076d370f42e3c69,2,4,0.0,363,0
d291c3cc4009534c6108a6a18435b129,2,2,2.3529411764705883,425,0
2e1fb72a0776715596d4a7884b2233c6,2,3,3.3557046979865772,298,0
004b77e7ddd1244949127542a7e3e9c2,2,4,2.7247956403269753,367,0
8399b214637d035bba8f07fdc506872a,2,3,2.05761316872428,486,0
93a66501826db9f390d496d638ba0e3d,2,4,0.0,373,0
e6ef6febecf95d2b40504e6b4800c549,2,4,5.54016620498615,361,0
64fd7305141f68d0c6e24e6f9b0ac67f,2,3,0.0,508,0
9ae008ffec062025f0d17395db060b15,2,1,0.0,334,0
822c55bd253249bf4ce591a881c11c83,2,3,0.0,342,0
9cfcb18f318c37c21bd28f44eaa5e4c5,2,3,0.0,281,0
3d1fbbb3894fb4ca0ed3ee14cb044473,2,2,3.003003003003003,333,1
3d3ea4a25f95218faa4ee381ca71d643,2,3,0.0,373,0
11b6559f5d7e0f82bc4840fc31762776,2,1,0.0,174,0
b21b9f6170e9265ab17b742910a98fdf,2,1,6.578947368421052,152,0
44325334abb5ff1e325c9f4d942b88e3,2,3,0.0,467,0
bdfc9e5e608351251c99ac8fcfc592f9,2,4,0.0,411,0
4a8f986f6e07e183ada6e47c09ac5d93,2,3,0.0,261,0
512e85f9fa41a6f7c3c3ef24f2131183,2,4,0.0,558,0
b39e76be872db6b128f19a950883cf6d,2,2,7.604562737642586,263,0
c4f3434b590b98a21dcee6aa5c7a7c45,2,2,0.0,567,0
83b75a88672e77326b09921adba0b5e9,2,1,0.0,260,0
8215df61cfa8d20806dc1ffe268dd653,2,3,8.097165991902834,247,0
884b26bb222375aaf31a354037ae9cf9,2,3,0.0,233,0
efb6bfa6836a6c8e48761eae40063380,2,2,0.0,197,0
34f294d381a541586c24e26d1232089b,2,4,2.506265664160401,399,0
5fb9670a6e080f144c521c64fcc1c691,2,2,0.0,314,0
ae642751fd82f2c93538ff057de74492,2,2,0.0,288,0
01afc83b15ac0569d30ab5c3924e9295,2,3,3.9682539682539684,504,0
f807d45e93f66254a29140c2b54de90c,2,1,0.0,181,0
5486fe6e188fdbaee808e3ed661a71a3,2,5,1.7482517482517483,572,0
52676f931bf3a4021e90a160dd185770,2,3,0.0,327,0
aab35d6f50421aaf35e470d927b6e640,2,2,1.8484288354898337,541,0
785582fc2f6aa7da675d6850ae44a297,2,3,0.0,362,0
9370766f5fe753c802caa86421d889a1,2,6,1.0729613733905579,932,0
0cad4eb91c167b941ae1cff5b658a8fc,2,3,0.0,416,0
023c197c396c4f89d02f06e70adb3759,2,3,2.444987775061125,409,0
f5afdaf63d6028da74a5d30b228519a6,2,4,2.150537634408602,465,0
0d99881d59af700cd932d03b4870efd9,2,3,0.0,412,0
51238e8dd7d911e9cd4db2dda724a10c,2,2,0.0,180,0
d56203857f3b6a5c61f89bb7910588ea,2,2,4.878048780487805,205,0
aa44d957c2a77a899db1504dedb213cd,2,2,0.0,350,0
ba48153c04ba9a81ed702b656d239b5b,2,1,9.345794392523365,214,0
5bc9ee143ea59acae33d1cf1c99c1a04,2,3,9.900990099009901,303,0
4fa0bb0a099bef7295fa963f2ff963ec,2,3,0.0,484,0
f83bce7d09bcac3aa5b07ca7d95034ae,2,5,0.0,805,0
85062130f1b699a047eac197787f9789,2,4,4.357298474945534,459,0
821e8d4c026abaddf3c6dbadd76170a3,2,2,0.0,387,0
a1596c14f14604c3fe478f53111527d3,2,4,0.0,805,0
684779aec0347d3ab4a50e57abf58583,2,3,13.020833333333334,384,0
673d66692e3495463dd532a999d0198c,2,3,0.0,401,0
4f7cd4704471a266c944acb9fef14fb8,2,3,2.793296089385475,358,0
8c20b5e40096b4c28425cfd83b2d5e01,2,3,0.0,452,0
c88d4105d545c49ba3a93753a90c6699,2,4,4.587155963302752,654,0
1e08cc2275ff127910d94f5f9c2ffa36,2,5,2.9940119760479043,668,0
9f689a752d6f14d8544d82eb3bbf5e3f,2,1,0.0,179,0
c4d6454743a0a74d98be0a59087ef430,2,3,3.278688524590164,305,0
3657fb7eec6ebf7afea4db1d03c833fe,2,1,0.0,382,0
dc5987f1bfd5bcc196798e849202fc26,2,2,0.0,329,0
fe587d0e13462e6e5b98f77e893bb87a,2,2,0.0,357,0
e890b41bb9516d76e9cc097b788e9f58,2,3,0.0,466,0
836117ddded046578fd62a3688dd15bf,2,3,1.8691588785046729,535,0
bc2b4b5f2de53c2ab8673956bf383ae7,2,5,0.0,506,0
4f3be0e730e9ad050b5dccd97305d0f5,2,3,0.0,355,0
e098f1041e784ecee20dded9f5812903,2,4,9.25925925925926,324,0
61379688e1b318eb171da0000b6e3c2d,2,4,4.830917874396135,414,0
91252c66c76c2ebe24b70ede859d3636,2,3,0.0,187,0
17983ef653d86e341278e457fb8258cc,2,3,4.201680672268908,238,0
092c8bc2fb96dab7e367bc5bc13b8557,2,4,2.9282576866764276,683,0
496757eced91f456f19a5850b90000ae,2,4,1.455604075691412,687,0
c7667a683c479efd37c1173ef6edaa5f,2,4,0.0,401,0
c585124a5a66dd683b0b8e3a89a43a27,2,2,2.9069767441860463,344,0
0159dcf65741754de1179f60ade14c91,2,2,2.9411764705882355,340,0
b0acf63dfdeb5509ec91d78e964f9230,2,4,1.8148820326678765,551,0
86c36c0fd6c4c37104ef1f31f5b80d37,2,1,0.0,399,0
a5da9519a92232cec14b603753b452a7,2,4,0.0,280,0
bac8eada4a64543c1d2f7e8bdb539c62,2,6,3.067484662576687,652,0
f94011b213e164d9da17b06ea7cd03c2,2,2,0.0,302,0
67992490bbbaeccb1a62b7b742c14a8b,2,3,0.0,282,0
07c832edb30afb4c36e2b5cb30c580b2,2,3,4.77326968973747,419,0
2b2bb6c6917bf3eb9794fd03b94148b1,2,1,4.62962962962963,216,0
92aa48142d10adf34377e10bb1c3f4a4,2,3,0.0,528,0
9027412398eff7fd258b3fde1ad499fc,2,2,0.0,335,0
4b0242f6a0ba9c0b1b831b408c564dd0,2,2,2.3255813953488373,430,0
6858c633528a6cde338f7b89d94b797d,2,1,0.0,373,0
0ce47644c2c0b9d77f68a913dcaf373b,2,3,4.926108374384237,203,0
9714ca8e5c0b74f5ed5bc6f387336228,2,2,2.4390243902439024,410,0
d06e410988a403dad60a2b8b71f9e95a,2,3,0.0,352,0
bd0820b5a2b3fdbce765facf5624fabc,2,4,0.0,655,0
0c85bc6af0db483391490093a7817cd1,2,5,0.0,537,0
59df39465904db5f961baa6a9040e012,2,4,1.5384615384615385,650,0
82b12616a37db7b920beeca1ece079db,2,1,0.0,381,0
027e9d380d6408be32fce51810394402,2,2,9.47867298578199,422,0
79898975c1dc268d45581275eb5c614f,2,3,6.960556844547564,431,0
43994c6c6d54af6a8f2ee342eb868eab,2,2,3.787878787878788,264,0
9d9197f736483cb68252c5b75d9300fe,2,6,1.256281407035176,796,0
924cb06c50c0670455e12ac1d59b3dbc,2,3,3.663003663003663,273,0
ff74ca5b974eda1c0b84d65e45d52403,2,2,0.0,276,0
66b2f159db6f0cb8ff87d0f50ee9ebcf,2,4,1.8018018018018018,555,0
967a3e3e90388012409ac55d2eb51152,2,2,0.0,194,0
394f24c954fdb256d9e1b72975cc0b7c,2,1,0.0,152,0
52f9652bdd311bf2b87cef8c2dfe8e67,2,3,0.0,263,0
5add7d11b6d36706690e0a32af32bb39,2,4,2.1141649048625792,473,0
d593e28436293bae6f7f3cd9459a7b87,2,2,0.0,211,0
4c8077b7d92453d0e0f0636fc1ba34aa,2,3,0.0,312,0
10a7a520cc345d789f5a325b0ae3016a,2,1,0.0,480,0
5d60be0e065275d7e84c29d031971ae8,2,5,0.0,493,0
60f39e135c9c29da8f62506af6133322,2,3,2.2573363431151243,443,0
94fb35651493870d58383b7c4befc19a,2,2,0.0,173,0
37a65cf63abadf08e65cbeef979ae0a3,2,4,0.0,522,0
e61b7776b1cf8fa77b4749c9dc380f19,2,4,0.0,436,0
aa2de5288575914d6471a782c94df27d,2,4,0.0,294,0
b5bb0a380c35e118019767ec33395f22,2,3,3.90625,256,0
0ec834fa174ca2523c49087b94566224,2,3,0.0,357,0
af86e707237a28edc285a377c4541eea,2,5,2.1186440677966103,944,0
2fe32baf799bfe7f00ec983b7e1c3518,2,3,0.0,344,0
1f5c9b67b4f495b00ab4859f01faa487,2,3,0.0,354,0
4c580696c995a5228909c8312b4db80c,2,4,0.0,416,0
aa3d14d3f446e8f812938eeaf12a32e8,2,2,0.0,356,0
f645ca21b4327c7c9073a6703df3cfb4,2,1,0.0,262,0
4f175ee0687db877db8820c60e6555a8,2,3,0.0,340,0
da950adad05bf45258df6f2434efb464,2,3,0.0,350,0
8d70802859cf9a532294f988313930af,2,2,0.0,216,0
5286341db67f9c9bca9ff75d7d6f6840,3,5,1.6,625,1
d3f69c1fe1cf9aaafdd7ffb76c308598,3,4,2.1367521367521367,468,0
9796b92f3bab7138e290de3cd7d29e92,3,4,4.962779156327543,403,0
684b5ef665da0ad319a99bb4af3f32ae,3,3,0.0,407,0
af4cec538ba89ff5a7caf48d33115428,3,4,0.0,365,0
6c326beb4a29b66bab9f7fd79deea084,3,4,0.0,466,0
b5e7101cfa268183cde55b9c60399cb6,3,4,4.854368932038835,618,0
bcc2bda2c8122dc452cd64d4f5dc8462,3,4,5.4945054945054945,546,0
a20987ec930fecfe19a12b947739538a,3,3,0.0,291,0
604a24e250c89bb2d0a8a6cd5e9fdd10,3,2,3.9682539682539684,252,0
46ac021280558b142c044a9e5bcc3cd8,3,3,0.0,628,0
d5221debbed5697e8afcb170aba1ecb4,3,2,0.0,200,0
d16bd8a9bb167b6e786ab0463de528b7,3,5,2.0618556701030926,485,0
2eedb92a53a51541b02a0a8c68d22aee,3,3,3.5460992907801416,282,0
ea1cc0708b04bc7dba3bbc87688f0bc2,3,5,3.35195530726257,895,0
a24285277ff4b36bd352ff0f9e04dd37,3,4,1.7482517482517483,572,0
1e7fb32854e01c7c7bff4a501ece32cc,3,3,0.0,258,0
cee04032f36393aafc162899143c4854,3,6,1.1574074074074074,864,1
bc2d62fede512324eb17ccbbe24e678f,3,5,1.1049723756906078,905,0
2d26f3afb5e3a57d3fccf6221b59f6b1,3,4,2.331002331002331,429,0
1a49a60854ec0e2656b2a1872fe5cd01,3,5,5.943536404160476,673,0
63929306a35ab8eb0531e093114b2db0,3,3,0.0,259,0
de034b178c435eb6b4aa9da1e73a0de8,3,3,0.0,957,0
2bd45d8b3712ae9b51fba8f8689d7d6c,3,5,0.0,483,0
dbff79d806a45259ffd53dade9ef8355,3,3,0.0,502,0
2491b3a3d292b0357812492261b53e3e,3,4,3.7243947858473,537,0
6408bb11d6f7cfbbafa39aabe9cf6ea1,3,4,0.0,560,0
73cf887bb1730300cd50677e9772f3f1,3,4,1.5408320493066257,649,0
41709b2e987f4a50a5c6a6afeb676f2e,3,6,3.5180299032541775,1137,0
cee3843799516bddf06cf50e1588401e,3,4,0.0,481,0
1786045d44d4434bf9fcee3c2aaaf63d,3,4,9.578544061302683,522,0
761c0ff85c5303ac97ce63a70f6e87c1,3,4,0.0,536,0
5c4cd0d31302db78712c5cdd2257c159,3,3,0.0,274,0
625166a7e4d057179660250ebda41430,3,5,1.0224948875255624,978,0
0867951db858edd83adb79af0375b28b,3,5,0.0,577,0
7be7938bb8fed4247ca86b987bd1ac16,3,3,3.1055900621118013,322,0
1b592a9b3dc8c0c3abf291a2da15b701,3,4,0.0,478,0
91d7b3d0a16b6f4f7359c605312afd20,3,3,7.547169811320755,265,0
fa8794d8a885ad4e38e70f5cd7e9a549,3,4,2.05761316872428,486,0
c598a009803a0a54882baf27a8ee7fe1,3,5,4.310344827586207,464,1
b8170b69c5773f6e9b4d5097494d1779,3,3,0.0,268,0
d3fba3bce221932c8cce60ccbed0aefc,3,4,0.0,534,0
5e2424ee1782774bda8eb1e2aed50c93,3,3,0.0,208,0
a8279cdb0ea11a3d959ec2b768393cef,3,4,0.0,407,0
2fc3680092617cdb411b1b8bc69c8b23,3,4,2.192982456140351,456,0
5396faa9886fef9ddea341234ea75cc4,3,4,0.0,591,1
fb6da1ea50ef0f496658e0914eeb7124,3,3,3.367003367003367,297,0
60766af09a00914f41fa489226129fd6,3,3,3.9682539682539684,252,0
aaeaad67eb34690a1e8a90ae4b6d1f75,3,4,1.9083969465648856,524,0
67ac6ce1a1d7d2e7e0584485f5ced550,3,4,1.557632398753894,642,0
474f8bd37cdd82197126ed73f80289e3,3,3,0.0,339,0
bb28e99f390ecbba8b85d7ba51fb689e,3,3,3.1446540880503147,318,0
08276110deaa52950c97cc2ab5dc87f6,3,4,2.336448598130841,428,0
251b7b24989bc26df07f54f7ef63fce4,3,5,1.529051987767584,654,0
2d98c11b11f799503625c54adfbd431d,3,3,0.0,311,0
2b341e2558e73e94dfa6366c60a00287,3,3,2.028397565922921,493,0
27ce2b53e7876a73973cad1ae4d5e7d8,3,3,0.0,245,0
034b4bd60d1ebbb8429f77f050c6b889,3,4,8.576329331046312,583,0
a5e5bdcf5776daf6740ccfd3eb011ccb,3,5,3.7406483790523692,802,0
dca9e4248c6ba404315b3be4af849a8f,3,4,7.0588235294117645,425,0
6a695c3092e51fdb0da0092817c02941,3,5,3.051881993896236,983,0
85efb15ca38a32e246847b4451548134,3,3,5.47945205479452,365,1
96e2310b8c7eb3b33e330c247e973d4b,3,4,4.716981132075472,424,1
a3ea512e4d45a1b6380546f177d391de,3,3,0.0,473,0
55dfbfe1cad0d94e59446be596e554f4,3,4,3.9138943248532287,511,0
2e2c6252d77baa3b4f1f70f0de767a7d,3,5,6.119951040391677,817,0
8466f4cb7953342124e47c6c08a4a527,3,3,0.0,303,0
c345e17c655f2cab1736e603c0a6c92f,3,4,2.178649237472767,459,0
641c0c10ef7a361409d7d08d0bbb136c,3,6,1.8484288354898337,1082,0
a0fe58ee98dc7c400dced03130217f56,3,3,0.0,310,0
3eb1fe607c5bc72be7216ce82a4862f0,3,4,1.8691588785046729,535,0
922cc14f053856200d7b8cf742006e63,3,2,0.0,285,0
f854b3e7127124621ac20f9174bd7a7a,3,5,3.1645569620253164,632,0
7a448b26c9d6c964fa048ff817e7a337,3,4,4.149377593360996,723,0
4db19cd65ba6a274951f262828fde90b,3,2,0.0,343,0
b1e3c4576f42a80c1ea2e961616f917d,3,4,0.0,445,0
6d201009ba010cf170f2704d7d71bb4a,3,4,4.25531914893617,470,0
3cf1b4dc804b8824b8bea8dbf7221fdb,3,4,7.407407407407407,270,0
1ddcb23acbd0d38fcbdac631b34a18eb,3,3,4.25531914893617,470,0
3807ad4237617fb5fb7bf33f41c1de8e,3,4,1.8018018018018018,555,0
41f5d03773fbf19c432ce234c847ff38,3,1,0.0,514,0
08c6574ffa98b8260ccf411074d8340b,3,6,4.092769440654843,733,0
23a808bff1bb79be68f6f3af328f63f1,3,4,0.0,564,0
ec01f20660feba0f67898955890e351a,3,5,5.665722379603399,706,0
3e5e7d1ed52a2fe02b54e80d7e61809a,3,3,0.0,404,0
0947b886f156fa0b725c0f2aa049b29e,3,3,2.932551319648094,341,0
7d0f2165a7fb4c1625c110a54153393b,3,3,2.6666666666666665,375,0
56da743d3470ce791f94833ac67de158,3,4,0.0,410,0
b7d8316eea72c53ce1dd22fcb7e51757,3,2,0.0,273,0
ec43bee6f2b21f3b307fdc9e8870ed8f,3,4,6.802721088435374,441,0
55bed75ce9ba2d10c98d879ff3ff7afd,3,5,1.358695652173913,736,0
7c1a9194425fcd13bf6a6184e3082595,3,2,5.05050505050505,396,0
98952a3c58ee3e8c8635f516af7ab044,3,4,4.3383947939262475,461,0
797d5eb91b01ad6b1a489ef7886a64b6,3,2,0.0,456,0
fb22b8ba4a8ccbedb808e51549b448fc,3,2,0.0,184,0
ad05f6365f25c94d225d6fb79bd10651,3,5,1.402524544179523,713,0
be960a723c6e6e4823e1f477bc64004f,3,3,7.142857142857143,280,0
5dc5a463453155c52fd69e7f4b2c254c,3,4,0.0,413,0
7c557df8bc84ca30de19352caf7f5375,3,4,2.2222222222222223,450,0
90f100e61791bc161b63d7ad9cce046c,3,3,0.0,291,0
b37f1cd89a752f7f4d9128eaed5be7f5,3,4,2.512562814070352,398,0
93c631f867351093b0f369523b7417aa,3,4,0.0,369,0
6b7d677fb86ab78785fb2dbffda7fc72,3,4,1.9880715705765408,503,0
16b424a7a799b8bb9df619cc09148bd7,3,2,5.208333333333333,192,0
6c84a788195ce2bb35486cec2fd26400,3,3,0.0,397,0
3317be45c3ca1cf341f581fd2c7a6bb1,3,4,2.0120724346076457,497,0
b71b6c72f5d0b9a998cdea08ebcb79a7,3,4,0.0,486,0
6c45593350307758bf230f73a4026219,3,4,0.0,411,0
7a956339e35eee21f014460183a84caf,3,4,3.395585738539898,589,1
3ea4267be7654f0880b46b94cd690468,3,5,8.103727714748784,617,1
8e3402a0eed04f36eb46b8eddf0c35d5,3,3,0.0,334,0
04245743336284351b08f3f8a16684a2,3,5,0.0,576,0
6f916b4613bd80388e018e18ac0cadbc,3,5,1.5082956259426847,663,1
4b218f46e240de88b34b638bce927815,3,3,0.0,388,0
7e1ac8e9dbb4fcb63cda53fc8d47307c,3,5,4.777070063694268,628,0
eb02785d254c11790f24b546eb7a5e9d,3,2,2.9069767441860463,344,0
ad885e7a58c0d74555d8894ecd540e92,3,4,1.7825311942959001,561,0
19c8a5ffda27118e4d499c8abeb8f062,3,3,0.0,440,0
8f3271189706cce3cb4fcee967887159,3,4,0.0,412,0
7c51c50376dae6d6b829f90354eec952,3,4,0.0,669,0
25af5b47b723c03f58ef57c767465126,3,4,1.8691588785046729,535,0
4fde3cb4629148f15c4da1ca6db60e41,3,3,0.0,365,0
4b4172486862662e775a9ffdec1308b2,3,4,1.5174506828528074,659,0
c9e665ee43d82bfa88434573189ca65b,3,4,0.0,463,0
fc99567143074ebeb25e8039769a5d3b,3,4,2.3696682464454977,422,0
ee5e3e3c939b19f61bca082dee682636,3,5,0.0,645,0
c5ab7ab4d153b597672056e73a511dfd,3,5,2.857142857142857,700,0
77a7875f10562474fa6fa1cb82330d0d,3,5,9.549795361527968,733,0
54777f7b75230045dea1cbc0ef0c03b2,3,3,0.0,467,0
f44bc74a9d676a9a17a649406895f325,3,3,2.4213075060532687,413,0
7d2b06d1a13f95c0fa3aaa6536b2076e,3,3,3.6101083032490973,277,0
76c869449ccc8fbc2bb7722624cf83c8,3,5,4.25531914893617,705,0
49afa525e7b9271b085ef4d2c4dd89f5,3,3,0.0,524,0
120c3f0d7ca44b279d1c29c7c2653fad,3,5,4.201680672268908,714,0
77f13e2fc689f0f9b064a0ce72f2fef0,3,3,0.0,225,0
8d4c8fb9009b74be932f210d47b8c233,3,5,5.44464609800363,551,0
7f02cc0a30efa53a7850a23a5c137c38,3,3,5.025125628140704,199,0
e594d95b8b0bed23c7f68637940c9132,3,2,0.0,204,0
b35fc6f126975326b0d2a5ff30c045df,3,3,3.401360544217687,294,0
17b366d3484d7f93107d6f5193dcf79f,3,4,2.0366598778004072,491,0
b84d1acc5219df3ef171dc35c12be464,3,4,0.0,587,0
92fe0b482f031aaf751c71bb2b32d370,3,4,11.013215859030836,454,0
d919be08c6bc7ade07d8a889e65e478d,3,3,2.9154518950437316,343,0
43f91db02f4f3488f28fa668cd0a2353,3,4,0.0,473,0
d373ca236a7b72739773c4cca61cc004,3,4,0.0,408,0
6d482c197b570035828b725e6425dcbd,3,3,0.0,302,0
fcba69fdcdb9672e6b856cfea0dedb2a,3,4,1.4492753623188406,690,0
b3093771d3385f50145b264eba35e80c,3,2,0.0,242,0
c6cbd5c7ce635b0c4b1f6b579d37ac34,3,3,6.116207951070336,327,0
c35c3f0c63ec19eb14f3e42086c519f0,3,5,0.0,808,0
22d6be4581984c01517fb83c223fb955,3,4,1.7361111111111112,576,0
708051e6b56668dfae9e1b4607f7b912,3,3,2.7739251040221915,721,0
7d1ab6cb53c654fbb54b1885353874af,3,4,2.293577981651376,436,0
67ad59d7c1f59de471ac39fd1f01d911,3,2,0.0,501,0
1e8c9af889d0d72d57bb512e8e3ae88f,3,3,2.881844380403458,347,0
282a274e86f15b33c517263cf221efac,3,5,5.730659025787966,698,0
f6fcf2fde67f23c176d04251d6e07b30,3,4,8.79765395894428,341,0
1c456abfa852598bafb9c1bc9ecb1a6a,3,2,3.90625,256,0
158907e85bf3a6a8137a93a90f077d70,3,3,2.207505518763797,453,0
478d883d59dde579dd562649497d68d0,3,4,2.3640661938534278,423,0
1c852b3c5b382a064c521d1dd56cfa0b,3,3,0.0,411,0
1d687e47edf76aa15eb2baebacc89bf1,3,5,0.0,616,1
c298379f1041c723cb13e944a6449b8b,3,6,1.2165450121654502,822,0
181680561977813275dced74316c3c28,3,4,0.0,730,0
381f4251d88a4cb0f3e7171917e56672,3,3,0.0,292,0
d2b28824575c1062ecf780bcff0d6faf,3,5,8.746355685131196,686,1
981f0ee1fabc54dc7c4ffdd0df5df43b,3,4,0.0,461,0
3b7b7f9c7098d9f070475709f0ea6b40,3,3,0.0,511,0
303b73ec78351792b3692b8c6d09a49d,3,5,3.502626970227671,571,0
8f38d1dccbafaae39e215307684782ab,3,3,2.237136465324385,447,0
a86f51cb76c44a5d64f8557081f6f3d2,3,4,1.8148820326678765,551,1
0297f70d3309c716561ce14000470fef,3,4,0.0,484,0
759440f2be2452102c43341e907ae76f,3,4,2.512562814070352,398,0
925dd7386a6e050a85202f1a13332763,3,3,0.0,474,0
601069a4e19b52996da6b2e339391c8e,3,4,15.789473684210526,380,0
65c21a88b67b5783c65df8275533e088,3,3,0.0,798,0
ed001f5eb78753ee4cb64e636dfc5787,3,5,2.5641025641025643,780,0
662bc68fbca4209044652240ce08bb97,3,4,2.3094688221709005,433,0
1969ba0a337033b86b8fd627a8263d8e,3,4,0.0,779,0
ab6e8a7f2a4c2a69532f8ec092839c34,3,4,0.0,407,0
c4adcea21ebfa4751995ac94b8e85a96,3,6,3.8809831824062098,773,1
a6beb8be21ccd38ca51247c7c45116ba,3,3,0.0,399,0
ea9d00d94e29d1745c5a5b7efaadbb4b,3,4,1.4285714285714286,700,0
01f6851df973966b71a60d33f9c6623f,3,3,0.0,325,0
24c961ef4abdc52416334ac8ecc178e2,3,4,6.479481641468682,463,1
d7e07430e3ce877a5412dd3571762e9c,3,5,0.0,601,1
dc513fa7eba6f1b5fed5f5a42685389b,3,4,2.2573363431151243,443,0
0cdf3c55587561f072ef48c8f5e12833,3,5,0.0,565,0
1dd8d3e61b979efe9e31bdd8a8a436e8,3,4,5.3859964093357275,557,0
e80375623057deb4498a7631d5c0cc62,3,3,2.985074626865672,335,0
c34f446c03830d52ccc07dd21380ba4a,3,3,3.7037037037037037,270,0
3ba415cfffbb168713bbc79be29f7f80,3,2,0.0,270,0
ed6d5784c6cefb0827a04a2472757888,3,6,0.0,1109,0
90c68441e1180e7b28bfd779636e7eeb,3,4,2.3923444976076556,418,1
0795b83f03cc446b70a1c9b70a37283a,3,4,0.0,417,0
ef9c08e22d0493ff6d8cfbe1d569e182,3,4,1.838235294117647,544,0
a18e719fc33cfc307f2dbeeaa955c619,3,4,4.132231404958677,726,1
7380a09bc412a05812fb56b09d4b6439,3,4,0.0,432,0
b03d0f99fdf195f62f487cf2a580be1e,3,4,0.0,743,0
64269ee8bdc80951866f9bdd28fc0ff1,3,4,0.0,385,1
343b4ee73bad959f78c20d401ec71b84,3,5,7.380073800738008,542,0
aabac1a5816b454e067a9fdaf77fe909,3,4,1.763668430335097,567,0
83f27cd37cf2facea821e7942ab79f22,3,4,0.0,528,0
9ae24c10e10c12ce37db271b014a7406,3,4,2.178649237472767,459,0
2806176f8e9e2798f3eec4a05e1518e3,3,3,0.0,331,0
99d22c75a88b7ce5ff87e4ecb5c2f2a6,3,3,0.0,245,0
c78b768013fc01ec2dac8b6b0bd62275,3,3,0.0,301,0
ecf225fba401fb691d870c580066641a,3,4,0.0,571,0
b990195ebc87c7f52b337e9ccee7371f,3,4,3.3333333333333335,300,0
3c62edadf1fe29fd497f17255da17d53,3,5,1.0893246187363834,918,0
a4fa1e7f3189582d8ab6156b08cb448f,3,4,1.7391304347826086,575,0
aa925dcb11cdd05f906550922067b73e,3,4,5.2631578947368425,570,1
f37d1f307faa00ecdd209e4dc619cff2,3,3,0.0,308,0
417cce27ade3c2a36487db4b7df5c57f,3,5,0.0,788,0
26fd756eb13b1483f55751906f2c663c,3,5,6.561679790026247,762,0
8c611c90534a87f1221583d636384ef0,3,4,1.697792869269949,589,0
a3cf69ffc9ecc32859128989db6f1b03,3,4,0.0,595,0
822adf376fa0414245e2d5cc82e3d8e9,3,4,2.277904328018223,439,0
cdcd6c5889db0d88b75d7f9cfff4e9a7,3,3,0.0,428,0
8e487ab2f7b99b531e3134bdf8b81148,3,3,2.9154518950437316,343,0
4e6741d3d58996b702cf0061ef9b8dc1,3,4,0.0,553,0
fd21de9981cb41abeb159084b00b27b4,3,4,11.235955056179776,356,0
10c7113c79684b40d2e52e06df2ad46e,3,4,1.9569471624266144,511,0
998b9f0614cdf1507d843a91f8f4e52f,3,2,0.0,415,0
ab1bd5d65ba5b0ba347e87b5fa9ec0b1,3,3,9.950248756218905,402,0
e2aa1bb2bce604c81659377c4a31c720,3,4,0.0,411,0
2ef4a5fc70c50bb7cd26789ab9eb49dc,3,5,5.565862708719852,539,1
fc480b44800e5f260c65cdd091833dec,3,3,3.9215686274509802,255,0
2c863a14d76b8dfb5e723d65c0a43bd4,3,4,2.1645021645021645,924,0
2c5cd95888d7570430118b19261a7019,3,4,2.0491803278688523,488,0
4919d263557dff84014d37f3f7da9042,3,4,3.8461538461538463,520,0
36f9565ce4b00caf3cd50983df5e2f00,3,2,0.0,215,0
c40669f603b73c76f32987a90940c46c,3,3,0.0,388,0
ffd68ba743beab162d4961bc10f1624d,3,5,3.284072249589491,609,0
dd7511f8cfd9a6014c4b527ed00c6035,3,2,5.780346820809249,173,0
10863a302d66d0785fd35c30180756c0,3,3,2.525252525252525,396,0
1bddb73f062c10f57aba773d75cab39e,3,5,1.7543859649122806,570,0
ee73d1a175116e8a43f6f387dbf35a92,3,1,0.0,189,0
20bbd1c114b65ea78465eed5b3a231d4,3,5,3.821656050955414,785,0
20493c786c05853def712ff1162cca30,3,2,0.0,286,0
06e26c0bf811dc25c6f3ca2ac84f535d,3,4,3.90625,512,0
27f147f573c235ef57951277a0f9a6e8,3,2,0.0,164,0
7ee36dc8916e1d949bbbae8ca5aaa61b,3,4,0.0,602,0
58e8d732d07e18dbee3f16ef3942c97b,3,4,0.0,732,0
8c1e38de98b4429ca63645edcf7d36f4,3,5,1.9011406844106464,526,1
acf63e1b07bf10dea981a724c5b566c0,3,3,0.0,425,0
c10574546a9e498111f387ea6426d6d7,3,2,0.0,313,0
a8a1d4bc05b0712bba0a48ebe78f902a,3,4,7.83289817232376,383,0
dd01d82bea4582f72dd2edd462912282,3,3,2.9940119760479043,334,0
1b992e0f493f75985ddb99b08acb490d,3,2,0.0,348,0
554e65776b2aad46e9b870e5b5af184c,3,5,1.0351966873706004,966,0
88cf94ec90afd78b275f6019aaacb9f9,3,3,1.8975332068311195,527,0
d114e06db77d01295d8a48fb915b0021,3,4,0.0,466,0
8c5d65f51c3d2539bfbbaaed3686d29f,3,4,1.8083182640144666,553,1
497ed8af4ba42bb551aec6b02828c1d1,3,3,0.0,309,0
2630273e6210eae406f4f6ebe40ec349,3,2,0.0,236,0
bed34a5b1a482f207626d95bc03f2e07,3,3,0.0,343,0
302977873068c8be69ab8b9813add1a8,3,4,4.784688995215311,418,0
8dad7237324ffb1fe44c187577a1351d,3,5,1.7452006980802792,573,0
27e79ef91c29afa798e47bb3ff53f9ef,3,4,4.11522633744856,486,0
1c674191c7cb63081d3ecb99bf7f82d4,3,4,0.0,478,0
d0a3f67b9f03ab02df03fc02b3bb7626,3,4,1.4992503748125936,667,0
3923f52ba749babb83906c37158d687f,3,4,0.0,419,0
5e591c7ca7e5c0425394a9c785328ff2,3,5,5.424954792043399,553,1
aa3fba25aaaad799d670f5627140c4d8,3,3,0.0,277,0
4af5ff19b92f28b03d1d0afd5bbba9f1,3,6,1.7094017094017093,1170,0
b56893bd2e183dd1e40c4f1336d8fcbe,3,3,3.1645569620253164,632,0
e664cb2f3e546ce51c8ff3eaf3e4aa1a,3,5,3.3222591362126246,602,0
c09658dc1da1d841851523ee994f270d,3,3,3.6036036036036037,555,0
2de68ac3dd6a56809a87ffbc24bb10d5,3,4,0.0,473,0
87a7522591372ef12d316bf17d1ee3af,3,5,3.003003003003003,666,0
d35485ab297a9e9c6d0e7b6b54104594,3,4,2.9940119760479043,668,0
d77b6e4ea1fe09147b6013b5a50e8c3b,3,5,9.483667017913593,949,0
87e94615830b4e9374eaa05c53925433,3,4,0.0,485,0
156617e81ef091874b4efca3ddcabf89,3,4,0.0,539,0
a1828ce1f4b5b9fccbbeb5e568ec3800,3,3,2.178649237472767,459,0
47f5b3dbf052820c3d3764b3db8a30d0,3,3,2.73972602739726,365,0
1ce04ba561d9ed5a8026802bcb8fc408,3,4,0.0,406,0
b457fd401d37f98d1e0d071b3380bd4a,3,2,3.5842293906810037,279,0
bac79a446c49721d48a309f5397234ca,3,5,2.7210884353741496,735,0
9f6aedf6ec114cd7dc78086f20454476,3,3,6.230529595015576,321,0
15d7884b573729f5323a7dad8b752379,3,4,0.0,464,0
2bdb41cffbb2f829e60e2b5b9cfa8c17,3,6,4.624277456647399,865,0
cf05142779806c552cef0c4a475be3d8,3,4,18.69158878504673,321,0
328c839fd630cf443c6211ccefd9e99f,3,2,0.0,212,0
f52529237253165c83e338aa178bf9d8,3,4,2.2831050228310503,438,0
c46a520afff07a3062bf59d7ad3078b4,3,3,4.219409282700422,237,0
fa2b64781256edcd38e0fb27d8e2d94b,3,5,0.0,618,0
bbff570123ff161afc5e26ba893abc49,3,3,3.597122302158273,278,0
990a876d41a0f388f4ff6c005240eee5,3,5,0.0,778,1
78a94770846714bb18c19c9a3ae8d5e6,3,4,2.150537634408602,465,0
3eeb31609d7ee512ff4e07d5fcadc662,3,5,1.7985611510791366,556,0
029f04e0d824f819baa31e020c4ac583,3,4,0.0,436,0
4be8afa3ef982739882e659edea890a1,3,3,3.0120481927710845,332,0
361519e8b56cd8bf1522087f76031daa,3,3,0.0,327,0
9f2736e25110c6d098ee9f92d46d6af2,3,2,0.0,308,0
e831c8584248c67bd274d703a093672b,3,4,2.1164021164021163,945,0
2c8e14b0a44c3e908a3051cce0574f91,3,2,6.289308176100629,159,0
64bdaafc2dc1f80343b74e1b648ca14d,3,3,11.204481792717086,357,0
13e0d5527794e417d54ee2abc319972a,3,3,5.602240896358543,357,0
aa6e8b1aff7d870148aa52fc2628c18a,3,5,7.6923076923076925,650,1
5e8a8a834c9fc2de836af7cc913b57ba,3,5,0.9380863039399625,1066,0
f6f0f41514d1b13fcf6bc063be2197ef,3,4,2.0833333333333335,480,0
ad64688255600cca66c946987b4eeecd,3,3,7.320644216691069,683,0
b2288321b1f318f57425d03d16135863,3,4,0.0,1066,0
41331e053225af12779a03ce8fbbcb08,3,4,0.0,704,0
a3d6413210788eb4e2c603f30e737e58,3,4,0.0,364,0
7580c8c1bea4078d59977aa89a3df01f,3,2,0.0,424,0
dc589e26639841ef11fdd3cc19aaabb7,3,4,4.49438202247191,445,0
b26200e4c968f514f4ee1e563cd54244,3,3,0.0,502,0
236d72d7a0d4a51ff0fefe90478db359,3,4,1.9607843137254901,510,1
52f53cfcd359f2eecadec68d7dde1cc3,3,4,2.5,400,0
733de00f892942efb48e96aa89a9e8b7,3,3,16.46090534979424,243,0
58685bc52bf35914932212e739ec2691,3,3,0.0,354,0
a0af494050a05343aeaff4ef3ce5c56c,3,3,0.0,496,0
5566bb5424f93ee0fa1ae5233c5a62d2,3,4,5.415162454873646,554,0
ff1adc74e7c1a3dc3c95e54b273ca4ff,3,4,0.0,475,0
3cdd6e97079bbba482e0fe0f5fd398bb,3,5,0.0,779,1
58f1963e7a60944982202dc42e58202d,3,3,0.0,473,0
48309985aaa0aeb7cead66da57d72f67,3,3,3.816793893129771,524,0
3a8dc6a46aa8273c96087da5fee4bd6b,3,4,0.0,378,0
3b2f5d8ce99c3c3528c52973dd52d622,3,4,2.092050209205021,478,0
3dac3cfd4c6099205b4dc7dbb96f9a2f,3,4,1.394700139470014,717,0
55cc0c725b96588ba79fe7f0081b4c9e,3,4,0.0,550,1
e9c51474b1f446ad30f852e4dd571847,3,5,1.7152658662092624,583,0
6ec3df237046aea811f1d9e93f221472,3,4,4.555808656036446,439,0
809ecf4c5b31118c63ea88e5d90e0d51,3,5,2.677376171352075,747,1
200492a8c0a1147b1da8930f65f2f350,3,4,0.0,351,0
9ccae59cd353f76bc5ba33a7ee48f7fe,3,3,3.690036900369004,271,0
8dae5dc56dcf83f7fc2b37ef39c5630a,3,4,3.1645569620253164,316,0
5b78ff21800f0a650e8144a42b4a5fd4,3,3,0.0,517,0
97ba090343aa8a2934646a71aedc9c9d,3,5,3.8350910834132312,1043,1
1d3e02a57fd9e86caab0b1f3fa3dab56,3,3,0.0,466,0
8126727f0a8091c1eb345d7fcbaa1756,3,3,0.0,447,0
686a146ac72941057871ebf037018c96,3,5,3.1545741324921135,634,0
3795116c2db3a58e416231bb0e03a9ba,3,4,0.0,430,0
d09355b595e95846055e58f55e5b85d7,3,4,6.593406593406593,455,0
003ced0686c4cdffb884c942f588c5d3,3,5,2.6200873362445414,1145,0
edd23eefc64e19943efdb4e707f1c305,3,3,4.750593824228028,421,0
20f4a22bd8b35ad174fc0434d471f25b,3,3,0.0,305,0
763467c9a3c1b2b1823d8903e219a756,3,2,0.0,243,0
2529e8a32c511c7c8f9f1100cce9ff24,3,4,0.0,364,0
2e0736d7f58f4547bc3c871ddbf6b742,3,5,1.6260162601626016,615,1
81ef9ad322db6cb32ad113555edc1116,3,4,2.4154589371980677,414,0
89437824f3386a385571cbbf45fe36e9,3,5,1.6181229773462784,618,0
872f8b7576b8cecb0d8cd04442649fb2,3,3,0.0,416,0
4a52725cef7355cad780a32e970169b8,3,5,0.9149130832570905,1093,1
0d811908dd4e846e42ebb9a33fd2c5d6,3,4,0.0,360,0
1791995e188af027fac879cb65e18141,3,3,0.0,557,0
8b4540bb1822c9642407f1bc637552e8,3,3,0.0,299,0
55b5062e81f8ec8c9f130f628c383149,3,3,0.0,332,0
541cd870650aba69bf5a938675185dda,3,6,1.3192612137203166,758,0
8a710d4368fcd7c8df15e74aef1d0e81,3,4,0.0,532,0
3f26515f952d0fcb83b97f015cb50cbc,3,4,0.0,512,0
27d2d09a7eec04cb8e1eb7317cdb05b5,3,4,2.0661157024793386,484,0
14cfb645b5835ef71a187c660165ca1b,3,2,5.681818181818182,176,0
d75171271004e5e1dc85d123dd58dec4,3,2,0.0,323,0
25f85dbe04fcbac4320577bee4ef5b63,3,5,0.0,901,0
cf7c35288d9d36137678aa075903f856,3,3,2.6881720430107525,372,0
785eb9db4d5982506cc1262bae5a8344,3,5,0.0,844,0
a57333104e12abe628f4d69046a2fa06,3,4,0.0,551,0
939394403f8402c26104bf91a9cf604a,3,4,3.9215686274509802,510,0
e7b2702a5a2ecaddd3ddae118939364a,3,4,0.0,497,0
dad0202018bbc03daa75693e01d22fa9,3,5,6.329113924050633,790,0
ab0401bc88a36c3d874929de71d957bf,3,5,2.336448598130841,428,1
5f35b000249823fcd6c9bc698f0dec25,3,4,0.0,436,0
1de05ef17a900ccdf08aeec27da90021,3,3,0.0,329,0
23d3dd52f89412a0eeed0a16102cb497,3,4,0.0,323,0
d825bbce32009cc15ea10229819ee59b,3,4,0.0,361,0
38bab1b2fbaaa406be2c590465f237b6,3,3,0.0,418,0
ad2ddf99837675d0199ecd9b1a78fb54,3,5,0.0,727,0
7ea5e09321fb317be2b569cac5eada23,3,4,4.291845493562231,466,0
a2b4709717e0f3f46010f60661153385,3,3,3.6363636363636362,275,0
f0c83bcb299042ae3abd69c2b3a5a305,3,2,3.717472118959108,269,0
f715606f34ba516901b79a1f880de5d9,3,3,0.0,280,0
76b82ed2aea7d6d06c35801fe8f20c42,3,4,3.9292730844793713,509,0
20377608fe3bbf0ddb45cd7421c5a5b4,3,5,3.8910505836575875,514,0
70dbfa74b9df31facf39bdba37dfc83c,3,2,6.25,160,0
757faca64d10348dc9df50f5ec1acea6,3,4,10.291595197255575,583,0
6da41558f775735103aa634e4b1a3600,3,3,0.0,335,0
d6702bc2dce38e00b6aed26a05968d96,3,2,0.0,260,0
5bb59016b4accc774881f27fd880e9b5,3,4,4.566210045662101,438,0
63be87499e3ca214bac4dbfa35102548,3,4,4.0,500,1
41aba0b7452f72ae23d2b1dffe3b924c,3,3,8.174386920980927,367,0
e1f4ab816ec2371bf3de5238a7e12dc6,3,2,0.0,191,0
fe07f14dcd66d8105642ad75485b6023,3,5,0.0,753,0
bc66ef27644b42694eb6710afc0cc726,3,2,0.0,172,0
b70aae016c4bae58e9fedf91980fffdf,3,4,2.1551724137931036,464,0
e4a2df94f36b88e38e756d099718783c,3,4,7.092198581560283,282,0
afb1fc9dfa08dc9954d92d837d620e34,3,3,0.0,311,0
bb4fbe2cea3c404a712f8f9b880b0103,3,5,4.195804195804196,715,0
9dbcca14f537c6a6f542c92bb4f97071,3,3,3.278688524590164,305,0
fd52acba85db7ad8393c1ed15891addd,3,3,0.0,444,0
167248236dbfe8640a34ad4fefdc9fff,3,4,1.2820512820512822,780,0
cb6987ee7e07203b700c232f4a2b66c3,3,6,6.887052341597796,726,0
8cb86bd9446905781dac2b4a7aaddc08,3,4,0.0,363,0
1fc591ad19891b9c1f61e624c34287c7,3,3,1.968503937007874,508,0
ad2d2e60cae28daf98109682f88c9bde,3,2,0.0,1089,0
8b785d4f0a2d073e00357abbcdc6e65f,3,2,5.347593582887701,187,0
1eb0e85ca357a46900ef17ec274735be,3,2,0.0,179,0
85b8437d7199b9a20e512e1aec20ceea,3,4,1.3568521031207599,737,0
9ab6ada35de81287a141ad155655ff09,3,4,0.0,490,0
323ad7b854dd82816e0ada7304a3cd97,3,2,0.0,176,0
087488b0d06870c914c0a735bed7d5f5,3,3,3.4246575342465753,292,0
a005bd48301a7836941bcb02c5a0a6b0,3,3,0.0,290,0
06edcd3d7c91eb1b6d922a141d03bf66,3,3,4.065040650406504,246,0
0e108ce50a57e5db9fb8de9378c29ce9,3,5,1.7301038062283738,578,0
ef872f39950a1c27c2799bda37712dfa,3,6,4.508566275924256,1109,0
f961ed24fadc0fbd56da19fd8b2629b7,3,4,2.4390243902439024,410,0
df160391ea7e9898b05e6533f99ef3f1,3,2,0.0,217,0
ca614a85f4c65d3705822c63aa551695,3,3,0.0,343,0
fd62368096c71ee54a3aa3f1b046ebda,3,5,1.7094017094017093,585,0
dd3fe6d993b63424ff4238c6863f6b31,3,5,1.0638297872340425,940,0
649c4244222aed44932f4b630773e939,3,3,0.0,338,0
cf77fe633ef62285a328cce76c1a4299,3,5,2.418379685610641,827,0
6f6f2b30ec2f7c58bc1a3d81184124a3,3,3,3.802281368821293,263,0
41872a7ded0f4811cfd9e3d9523a20f0,3,4,2.2522522522522523,444,0
0f7983e239280e6ccb712e08db4b2956,3,3,3.367003367003367,297,0
52e5a5887916db344f529f01eab9fc42,3,5,0.0,675,0
149b857689a7ed0f860154c9aa43242c,3,4,0.0,468,0
2c77d6bfae91e167b163584cdf444747,3,6,4.264392324093817,938,0
915ae10e5e5dcc4b025b4bbb798c2f14,3,3,0.0,251,0
d9257e605225c921844702dc21e36b72,3,2,0.0,193,0
4cfdb7257f96de46e1d085b265903d35,3,5,5.424954792043399,553,1
27140bbf3feaebaae345b587d8159b98,3,4,2.0,500,0
f7d9e05fe12d9552f6157b8099edf287,3,4,3.552397868561279,563,0
203fc884c9889c4d5c0b64503f731c9b,3,4,1.6920473773265652,591,0
453ebc517eda766d8a6a3771cef61054,3,3,0.0,391,0
c6c47a4cf2702aa49547e1ca88dbb962,3,3,0.0,349,0
5ca20bc9c0d678aed56abb06b6e40134,3,4,0.0,745,0
c38cb39a6c0a883106f96e38b1c47c37,3,5,3.6363636363636362,825,0
035ad5c2f0f72c42098a0468d8d1309b,3,5,0.0,681,0
ea83ce126763e0ed49265219bb4bfa4c,3,2,3.4129692832764507,293,0
82e0e47a3685c5ee19f44d44640d533d,3,4,2.386634844868735,419,0
37f980d515f3d998d9f806bd4131ca41,3,5,3.6396724294813465,1099,1
e84aa202cf967df028df85f74b262ae8,3,2,0.0,190,0
5197d72299a5e52aa5bfaac525114de5,3,4,0.0,396,0
8c2307f6d51e841fa41122aca3405dd1,3,4,0.0,268,0
7c4f32b88549c086c0f02817146f6d49,3,3,3.0395136778115504,329,0
ca680e7f9c9438259be3655cc0e02ebe,3,4,0.0,452,0
40cbebba9efffc6dac0a08e07cc0890a,3,4,2.0833333333333335,480,0
d1d1f27b8faf6da72781b64a3928dd57,3,4,0.0,458,0
f989edf3159147ff4d0b42789e506c1c,3,4,0.0,937,0
867394f81d8d3b955af23ed81fe54518,3,5,0.0,518,0
451adfa344d91c070651e2fbe9429090,3,5,0.0,673,0
bc96f5c69f975a44478bc7226bdba453,3,3,0.0,246,0
24bcf6cd2b94f23c2a3052196c3b280b,3,3,4.464285714285714,448,0
cb1bf7b3d8b062b1448ba8456e209a0f,3,4,2.512562814070352,398,0
3e55c751ab32ac3e4d53128e825c0f5c,3,2,0.0,406,0
7d3e6e0628946e9a3821176ea9e3357b,3,4,0.0,523,0
5420a578c9d9c92cc4e092690fafe127,3,3,2.2831050228310503,438,0
0e5147c4dad97c127cddcd25386450c4,3,5,0.0,379,0
54734ea7ef4af73cedcad05858d0466e,3,3,0.0,332,0
828a409a0c6465e81b62b3680e5321b5,3,4,1.858736059479554,538,0
088a2c278c1fe39316ea26c2ff35f5ff,3,4,2.7624309392265194,362,0
a58e8650de6e93edb900da175fb48690,3,3,0.0,316,0
9be11c73cee297163b9b62fbbc00fc21,3,4,0.0,911,0
d641c959eb939238d2513ad2d348042d,3,4,0.0,553,0
e5110855bf4e237eac3df8db817d6c18,3,4,2.375296912114014,421,0
a7452c56047c71eb505bfe6fd494e698,3,4,5.05050505050505,396,0
d77d81d28dc03788bdbcb5f84ef7a30d,3,4,0.0,461,0
d4bfba59e326087d173d5ba74fb1abd1,3,4,0.0,363,0
ff78f08c9aed275c76ecf2ebf9d49d8e,3,5,1.1402508551881414,877,0
f0b3dd16203b9bce1559f1408484dddf,3,3,4.8076923076923075,416,0
223225dc7553c663ffe0d79978ce9654,3,4,2.840909090909091,352,0
46ae7ab892e3212d75407e97b3e97ec1,3,5,7.751937984496124,774,0
802637d467be4be0c30c8db7ac2d4510,3,4,5.555555555555555,360,1
9f80f81bb655a820dac946f8c7710ad2,3,5,0.0,927,0
5c45c5389e755c17a7024f627677a18d,3,4,0.0,504,0
662ef3cce5edcb39cf7816541d6a5399,3,2,0.0,268,0
0f3b4990bb223d51a1edc4c760856ddb,3,4,0.0,459,0
134be32f606e9fbcdde901b0b8f5084d,3,4,0.0,401,0
25144feff26d842e58d83ede7a51e216,3,4,3.2733224222585924,611,0
940b240192bb8a0008515235e2a3442d,3,3,0.0,305,0
81794b75fe38ffb36eb11a860f75812b,3,3,2.0533880903490758,487,0
f87ee3c849164a8ace16164a5cf26bba,3,5,1.358695652173913,736,0
e0230918e9bed2878881f301d78fa76c,3,4,0.0,752,0
1f1f5a377ca81a548127b0d2322cb71d,3,5,0.0,840,0
753ab1401c7d0bd23e6a9c5e147c5964,3,5,0.9372071227741331,1067,0
d83da6dfe81f20d2783554eeda13508f,3,5,6.814310051107325,587,1
981db826844b3e819d87a50ceaa054dc,3,5,0.0,467,1
160f42cf49f2f6b048f1f732f9f67b50,3,5,3.003003003003003,666,0
c412d80a3138010b85b968f272ce1f63,3,5,0.0,797,0
aadc2ee4bce8157e66d06b53a18a176a,3,3,3.125,320,0
36e66183bf37815d9c00ef0df4ae8685,3,4,0.0,368,0
ba18eab67e5e859e87d07a50660bee0f,3,3,5.405405405405405,370,0
8b413d106d1f2ba7d8613f21a3db8f9f,3,3,0.0,271,0
e7758bd6ad731a3862765ea272d65985,3,4,0.0,499,0
fc0f59c7a2d6d2bdeaa230a5643fc7c3,3,4,1.7182130584192439,582,0
3f902bcb0a04a3bcd86668b291c567fb,3,4,0.0,652,0
0a079dcd5a976daac130a073d0772625,3,3,0.0,402,0
282a13fb7d2d757b70d347a5fc1127ed,3,3,2.028397565922921,493,0
bb71a3a0691f7ff3cf4b2ee78a80ba97,3,4,3.8461538461538463,520,1
f56d5e41ac88133e61d30e4317aae5da,3,4,5.434782608695652,552,0
b82538e520a2f8aec7a2e9995e8fdc0e,3,3,0.0,323,0
5cd75a9208162652a1a4a8e838b79ca0,3,2,4.016064257028113,249,0
3f704841fab0e6f822631f27cb2ba29e,3,4,0.0,507,0
ec7b5ae3f02a5b73fd9e827f9771d705,3,4,0.0,1001,0
9e8c0aae2e07ea43952cc755b921a027,3,6,3.8797284190106693,1031,0
5cc52a9eb7f56a45734f2128746136ea,3,2,0.0,200,0
9109eceffe28b4a6d5b537bb2af5d42d,3,5,5.2493438320209975,762,0
700409a18c200f915bd09351cf7a24fa,3,3,7.246376811594203,276,0
2ec46a410ec0df770b7d3cd6d0b9a7fc,3,3,0.0,307,0
84336eca613e958eb95a34e64bec4ba5,3,6,3.5587188612099645,843,0
05011686a09de2ad5bb8038c61a40a76,3,4,3.3003300330033003,606,0
ec76eb968b684fc833b3f1b008dcdd55,3,4,1.9841269841269842,504,0
3da4e312a2dc6b83f776a6d7b3426d71,3,3,1.834862385321101,545,0
fe6ca8743d7d87e563639fe30e316d1f,3,5,0.0,1025,0
809be882224977815d514a4522d87d4f,3,4,2.159827213822894,463,0
3070ff8c3e8ef0d68c23eab9956b89d8,3,4,0.0,833,0
4bf481c850f4afb92d72d17495503488,3,4,2.2123893805309733,452,0
f9cb017f74770cee440ffb43e8f6845b,3,4,1.4947683109118086,669,0
608d9f33d5491c729bc9d5d0d324a07a,3,3,0.0,378,0
6ea3f858175f466ee9e81a6f88fc9f1e,3,4,0.0,477,0
f4dee28fe1be78ec4ef5ec4a95e34a82,3,5,2.7548209366391183,726,0
1bdff305e0a316241eeba3fe4ace5484,3,5,0.0,713,1
0ae91bbde829ad560abf63993d99c612,3,3,0.0,312,0
86ddbc1bc32b3232e4f4be03a458912f,3,5,1.953125,512,0
f3692d3f9d373aad8f1f701f7677f8b4,3,4,1.044932079414838,957,1
4f5914d1e7c892de33912cf97e5435a2,3,4,3.629764065335753,551,0
b8edff6b6406b330aae1124b794c4e12,3,3,0.0,322,0
ca2b3c35a8841d6a6a6a597022cb0f08,3,5,6.05143721633888,661,0
38c9cd7c3fb5558811a4fb693b662e37,3,4,5.58659217877095,716,0
e699ed11c88404f255df6ff5742e13d4,3,4,2.3529411764705883,425,0
ea1483a680f2e398d6581bd60492e13c,3,5,1.4285714285714286,700,0
444875b5a44167929ed3eb274e273f8a,3,4,0.0,469,0
c366cd2669f9b9c2b17c3317e36b1716,3,4,2.2522522522522523,444,0
961905cbdccc5df0572d753585447591,3,4,2.232142857142857,448,0
200a9ba8ab30b0981a1776d8921feb28,3,3,3.058103975535168,327,0
a85cbf5dff50ad0920bbd18ed5fffccc,3,3,0.0,451,0
e73d17539428cfaef1caecfb20cce736,3,3,0.0,431,0
43bb98f73da30470c74d29f4ab40c07d,3,4,0.0,319,0
2a07c73eb90708119f24edcaa97544cf,3,5,3.4393809114359417,1163,0
21cd755d32fe633bd48500326a9429ad,3,4,1.6750418760469012,597,0
bda3c580da8187f7717af6c1c49510fc,3,5,3.5398230088495577,565,0
5d329975d2f1b60309033bc9bd32f6ab,3,4,0.0,366,0
2b66df50c05bf007a92883576aa77183,3,3,0.0,451,0
13abf929c0fa73160f346f71f613d987,3,4,4.484304932735426,446,1
6d7d7d85f638fcfcc53406f07f7ab3af,3,4,0.0,622,0
a72f655986fce81cc39c16faa453589b,3,4,8.350730688935283,479,0
416501479f0bd73b92bcecd7c3416cd6,3,4,1.7006802721088434,588,0
357806e66b02f1def117dd099f030bbc,3,4,2.277904328018223,439,0
82faf98bfd6a06f52d06a9d55f24b065,3,4,6.861063464837049,583,0
ceb666c5f47fe97971bc07ec8ff74616,3,4,0.0,396,0
cf416b39abefaecd1abf50cdd29ad61f,3,5,0.0,567,0
2d8bf1936152698168b73f62ef686e0f,3,4,0.0,539,0
fff0c3b9fbebb01bb367ee18c74aab5a,3,4,0.0,429,0
ebfe05ccdab952eff524261cc99d5219,3,4,3.7105751391465676,539,0
763081f34448226fbf99220e70b5c266,3,3,0.0,316,0
e26d23f84db7cbf9310ee2d819b553b9,3,4,1.408450704225352,710,0
e152f5c1c313287cc4dc936cc57fcfc0,3,5,5.755395683453237,695,0
3a2687e49e3d5e63fde4565acbe21d8f,3,4,0.0,457,0
6ccd78e42e0f2bd995310b662592ea58,3,4,0.0,295,1
c04455b05bbeaf3620ed048493cabc71,3,2,0.0,255,0
bba10ec1aa3bbe3109c7ab0023fdb716,3,4,0.0,724,0
f582ee22fde95b95a2e9a813ce50f5f2,3,3,9.153318077803204,437,0
8efbe6c977bba20547cd62498654126a,3,2,0.0,235,0
101667a39638e603c3b4ae76e1fc95c9,3,3,0.0,293,0
f64f923cadc684f27d6311f58cd020fe,3,6,7.60043431053203,921,0
e8e4e659bddcd90cab82b8d9845050bd,3,3,0.0,427,0
046342b07377a35a33bd02fd53b0e0a1,3,4,3.6968576709796674,541,0
e508b2da8e2ed6d049bbfa0f4cacdaa3,3,5,4.608294930875576,651,0
63cfe3b4c71ff8f8869eda4eb17e8257,3,5,0.0,921,0
75481096b9f5bed5eca0efbdd900040f,3,4,9.82318271119843,509,0
43ecdd96e3fa60dedd53b0436feba61c,3,4,0.0,342,0
6f9f79771c24c65c78f25ae0490de0cd,3,3,0.0,306,0
eb83c1b080c458bf14e0c716ac006830,3,3,0.0,365,0
7c465ba925b2bb6b49af921e02ca5dce,3,4,1.7152658662092624,583,0
00b30f162bcf162dd988d73d761fb2a3,3,4,0.0,415,0
028451773b5424d27b3c9ab89ccbddf2,3,4,0.0,560,0
c1b1d2132b7fc0fa48a6d663558fbd74,3,4,0.0,614,0
fd0854bcfa80c2b9a1063c1ac15bb4a6,3,4,7.920792079207921,505,1
6ea6da70b55347aafcaca51fdbe3e477,3,4,0.0,1032,0
5e1279609acb83516c2b8baec34b4928,3,4,4.282655246252677,467,0
ae43dcf68507732ecd2654184b306898,3,2,0.0,164,0
a0130dab3b07da9c4eea2c51019dcdf5,3,5,0.8818342151675485,1134,0
d9c42c90b2a0a4d131f3885c4b8ace69,3,4,0.0,929,0
a785e12d3e5aede66278bf0469eaaee2,3,4,0.0,539,0
9f369c602ee8088390507e70c6680d9f,3,4,0.0,410,0
34c46134fbbe7ba3f96302c803626d86,3,4,2.2271714922048997,449,0
35a0901c62301143fc12ed5eb2124dbd,3,6,4.798464491362764,1042,0
3e5ab52fa9d56a9dcdf21faef4b9dc59,3,3,3.597122302158273,278,0
9785fc6aec50d72769482d033fe4e7e7,3,3,0.0,372,0
5f2cbd985960d0b05891b17b3094011e,3,3,5.633802816901408,355,0
adcf99f2bbb9f8acd054511a38698237,3,4,2.375296912114014,842,0
068a3639dd0c0953b18b6c5c981a691f,3,4,0.0,416,0
0e115c1a02eff82fe71cac610d638f71,3,4,3.51493848857645,569,0
e9c82eb1e503711b76d82a3c78e8d52c,3,3,0.0,290,0
d8233ba9106da0ff1e72942eb8ed2c06,3,3,3.048780487804878,328,0
effec5c89250d738ecbdf0268518bd93,3,5,5.720823798627002,874,0
dd2475e240e6b56fefe62d1340371b43,3,3,0.0,316,0
62b200ecada8eb06f67b3f95670f1f4b,3,3,0.0,259,0
9ce2e15877b6c8fef90fc75872fd6e5b,3,5,0.0,592,0
234345d8936c967ecb0c47e368bb20cd,3,4,0.0,743,0
67a3a0fb55871c22b46e23781cf1f084,3,4,0.0,438,0
794384aaf68882f005cf0fd549d64f59,3,4,5.1020408163265305,392,0
8bfe7d6fcdee32aa088a172f27112821,3,4,0.0,321,0
5efd45fbfa0690d48c8b43d98d3778fe,3,4,4.140786749482402,483,0
8cc4efb29c0b36a2876034c31bb82612,3,4,2.314814814814815,432,0
eafbf63702c3ad291584ff526e2a0899,3,4,2.7548209366391183,726,0
e5b58e18be92caa3aeb68ab6c5493e46,3,4,3.8240917782026767,523,0
d5e06d2f75ff42a5590efaa9f4ace174,3,3,3.401360544217687,294,0
7e9f77201fbc8737275288fc5ccac70c,3,4,1.8726591760299625,534,0
0ef742c49dc3f00390499caa4c0a82b9,3,4,1.9083969465648856,524,0
5ee252051b68dec39a177e47972fbd55,3,4,3.6855036855036856,814,0
006cb3feb4770d249c74344ce963b738,3,5,0.0,599,0
cfa66caaf471cb08bef912e2f1a1d421,3,4,0.0,849,0
3162057988238cd44f11dfdfdc50fd4c,3,4,2.894356005788712,691,0
84a31406f201e52367780516426bf99b,3,4,1.4577259475218658,686,0
14486aedc0c26180693ef16962e11626,3,4,0.0,476,0
b69db8fbf9ebfecc018c630a4ac5d7c8,3,5,2.100840336134454,476,0
b4af6ddd4eaf2a3bec481d1ea465d5d4,3,4,0.0,403,0
3e48afaa8f6b467eb73639832ccd72fb,3,4,2.4038461538461537,416,0
16d9f52b57396b80280fb1420d82d1ab,3,3,0.0,413,0
8823eb38f82a0448772adf6a9912f767,3,5,3.067484662576687,652,1
d889c79c481a8582dd3104b0bc19a57f,3,2,4.424778761061947,226,0
bb30773c703fdd9a5ffad6a0caf920d1,3,4,0.0,421,1
46e2de2a32c0652921165ad53fde83af,3,3,3.676470588235294,544,0
b601417495c2caa759b07f4ed669443d,3,3,7.575757575757576,264,0
8a34272903815eaed96b402cead830c6,3,5,0.0,610,0
9bf8261d7afda025b1cd84bff12759e7,3,4,2.7247956403269753,367,0
ed3b984d4247b3d931cebcda30698280,3,5,4.6992481203007515,1064,0
46ebb8d70a5aac22fd1e6bfeb267a2bf,3,4,0.0,489,0
a8b4d396ee3786b409865a5b3d883aeb,3,6,1.5384615384615385,650,0
0f01beec461ba27a52fe6502e0bc44bf,3,4,2.824858757062147,354,0
4db95dc6a5a0bfd8b15605e72ec01151,3,4,0.0,565,0
f7dcb5f887c0d9fdd1da78e9b2ec7039,3,4,0.0,615,0
041229ef0034b1b5020b3741a20a5919,3,3,2.932551319648094,341,0
ae765795fc5cb5ea15102aea1a266311,3,4,0.0,500,0
35cceda7c97df4b733adbfa62900234f,3,5,4.329004329004329,693,0
ec2310b6269831eae5c3292c5e4696e9,3,2,0.0,215,0
d2f81eff2f2cbe8f1291f00653081e8e,3,5,5.7224606580829755,699,0
e27606af068792e7f71ed85a8af1cbf9,3,4,8.403361344537815,476,0
1eb1b6ce5c33a2d9814e8dd1b1e944de,3,4,2.4813895781637716,403,0
ce229190970ec9ba11820257acbda001,3,4,1.0330578512396693,968,0
1af193cfb5a93a91231b13600a1367ab,3,4,0.0,844,0
496c76cf8bf328c933675245658bac9d,3,4,0.0,499,0
9f083fab299ce07ee676f26be69ba8ab,3,5,1.5151515151515151,660,0
71fe5335014fe81e5f9034e79ca83dee,3,4,1.6528925619834711,605,0
af2d05c6541de1e1553df6797797139f,3,4,0.0,292,0
49abbe7ea4093cb52e1feca5bd08d349,3,2,3.3444816053511706,299,0
1f318ee1d0e0ee0f6b85aa0ce5347437,3,4,2.331002331002331,429,0
2251bcb84fc1b75773330aee257f2580,3,4,0.0,740,0
5da04d67c6da2905977db0d47cbd0bd8,3,5,7.215007215007215,693,0
b3b9205fec30e886a5cb956413f0e08d,3,5,3.5398230088495577,565,0
25860a454381daa0919133692342d89d,3,4,2.857142857142857,350,1
368f94095d0bfb7b04414bfca617d30e,3,3,6.0882800608828,657,0
fe93e39c4515be94738188537fc19e3b,3,5,3.7037037037037037,810,0
ec366461d371cd167e72b80ee3212657,3,5,2.0408163265306123,490,0
eeb45b39bf744bc145b828aab587f445,3,4,0.0,492,0
d3ca63555d8558ce90fb86f8e7be0847,3,5,1.2106537530266344,826,0
fe1fe465aa326c8cf7d535874419c271,3,5,0.0,923,0
f0febb60a00de039a08ccf9615348d55,3,4,5.4945054945054945,546,0
a61181a996c09256eaf63b6c926e1ef0,3,3,0.0,218,0
c06f7d7699e757ccabd49e5244927e75,3,4,0.0,465,0
bb93bfcc428a901975fc2856c6598564,3,4,3.6968576709796674,541,0
54baa834b1494292a921b307dc45406f,3,3,3.289473684210526,304,0
0a3c5690accece49b9c9054a3c1837c8,3,5,6.097560975609756,656,0
a574c131bde7a2b01964c857c020b8bf,3,3,3.289473684210526,304,0
1748b2338e6ba647e12a7a2ac08fb2d6,3,4,2.207505518763797,453,0
507b546ec24f512eb33ed97b374531df,3,4,0.0,519,0
98b4fe77e4f4fa71814dd7963d21bc1d,3,4,1.949317738791423,513,0
e2345659637e1c319e7a80846d14c872,3,5,3.527336860670194,567,0
1a4c482fe46b729c0e18d58ec51051c2,3,4,0.0,457,0
4d5a02ae3b098f0e64efeb4be94e106f,3,2,4.784688995215311,209,0
9bec213cb8ef6e39ef4b80928f16d55b,3,3,0.0,494,0
12fd48d89751061cee483ace6b4f7e73,3,4,0.0,571,0
b1bc8e7b6a14ba1b65fbbd57a3f31298,3,4,0.0,513,0
cd8048eb09cb5892522bb8445f486832,3,4,0.0,571,0
ab82f7bf5a079d8fb58b6644d0e76026,3,4,4.854368932038835,412,0
fe5df8730cc1ca24954551837613625b,3,5,0.0,685,0
5f95fe94b46bec4bc614e0ff18e6c6c2,3,3,0.0,391,0
bb54eb79237ec84137fd0c8d9f3b9dd0,3,3,0.0,269,0
9b17f7eefb8649ada9770428aaf0ec51,3,2,0.0,178,0
cd373ad9c170802ef614148ed35702b8,3,4,0.0,553,0
3ffead65f157ec8a22c6f4ca18bf4f89,3,4,0.0,501,0
c92026aec3c58cfd94f7a943d2435a1f,3,5,2.4630541871921183,812,0
df7b5f0920882679ed0e3bee7fa9bc12,3,4,3.115264797507788,321,0
7b03b963a28db467884a37b653406d54,3,4,1.8181818181818181,550,0
1980e0673da6a2965cda28761016e6ea,3,5,6.036217303822937,994,0
3c68fdca9adad8cd6797cfda6a5bade7,3,5,0.0,749,0
f707c44348d26a60c6a1c553ea41dd45,3,4,2.183406113537118,458,0
c488670db474f90844fe6a7f73514ce1,3,3,0.0,579,0
5aa1c94b317a028fb04c62dd09d89d93,3,5,3.4129692832764507,879,1
b57245175a93768e5c7fee9af93b6294,3,4,1.443001443001443,693,0
f068b48f2de81dbe8e8b90331d11d2c8,3,3,3.4364261168384878,291,0
9fd51d9ae26467fa89610b15dc882b00,3,5,0.0,738,0
2622d24da582c86d1df04df0240ba95c,3,4,3.1695721077654517,631,0
1e620103cebc9bc5e4295fa5847c9ca5,3,3,1.8083182640144666,553,0
d586853ad7b055bf7f0022ceada5833c,3,4,2.1141649048625792,473,0
06d4f9fc47fa86b14185538926f98f51,3,3,0.0,240,0
0a0da5490f4915a69c978e6ff631822b,3,2,0.0,273,0
2709c83ebf1fb0da255ee0a646d48611,3,3,0.0,217,0
426f04feff84f5773c492bea0cd92535,3,3,0.0,263,0
8048e60f0caad02f2eacfcd895afdab7,3,4,1.6339869281045751,612,0
7215f0c8c083eddb98ce0776da965b5f,3,4,0.0,575,1
4aa5a6359f8a0371b6ddba058ab15b2e,3,3,2.0202020202020203,495,0
647f7958de0aaf1c8b962b25ba5536e0,3,4,1.6778523489932886,596,0
2aa0f52250e8f018daba2dc88b3749c7,3,4,5.141388174807198,389,1
7dffe1ace698df104d050b91af8ec473,3,4,0.0,453,0
0a5e560eeb81987e51cb051a027d1012,3,2,0.0,249,0
c66747b97db4c85f00b27cef4fbae8ba,3,4,3.252032520325203,615,0
b4c444f0944729896feded6aabb93dc5,3,5,1.976284584980237,506,0
22c80ab10c3392176c8782f4228877e2,3,4,1.2345679012345678,810,0
8f95db89199d24c32363df798c2bffae,3,4,0.0,634,0
38898c5fde3a8207ef66606197752174,3,5,1.7857142857142858,560,0
e434e9fbcd71e07deab18430dcd6fa9f,3,4,3.067484662576687,326,0
ce76d2932859215fd8bedaf002695ea1,3,3,0.0,380,0
82cbd9ddcf3d9659cfe1a2a7908b81e8,3,4,2.1052631578947367,475,0
ffd5714a66e073b77399d4608729ce04,3,3,9.118541033434651,329,0
51d3e17af52dd1448de17e648bfee99a,3,4,0.0,707,0
a84c6e91cf05633f4f00ba0fe473c62c,3,3,10.224948875255624,489,0
a7e9bf3cb891fe2d60b35f566dd04bbd,3,4,2.5839793281653747,387,0
87324018fedd84412803bb09cd7ca27e,3,3,3.3222591362126246,301,0
1af34cc986573074a116b9c6fe766dbe,3,4,1.996007984031936,501,0
cd6c0aa97f186cc9ed15a7a3652208e5,3,5,1.1614401858304297,861,0
46c8704065bc3a2dfba5e2b961c2b329,3,4,2.4390243902439024,410,0
b48e77d749ad6593819a69ed55b599db,3,4,2.4038461538461537,416,0
58c0387a20e1655fc7a282e8cc59a30d,3,5,2.7124773960216997,1106,0
f34a8e1cee2a30bbca8fc21dd1b0555d,3,2,0.0,843,0
2d925afb7a0900fe866c3dc6b81fab6e,3,5,3.7313432835820897,1072,0
7298a8b0f8ad29e2a82c73778add08d8,3,4,0.0,563,0
0871c3b00b33d3b10374fdd1af6d592a,3,4,0.0,622,0
e57f68eecf0d7e3ed96bbbe3462831a3,3,5,0.0,684,0
8fadb68c2bc429b89af0ee1b2364d0b0,3,2,5.05050505050505,198,0
4d06ebff24de981c40c47c0ff2c41e96,3,4,1.8248175182481752,548,0
18db0415686f4be8335782380dbf543b,3,2,2.0964360587002098,477,0
d6847a4b4eb8a9d86034449a0634588e,3,4,0.0,608,0
9e989fedaa0fef6e8bbe50194209a272,3,5,0.0,673,0
534b97e7116161b01c10276cdd123c7b,3,4,6.825938566552901,586,0
b6303c3eb153d8c6a4aa686a5ae2d4c3,3,5,0.0,821,0
5ddee07c68d9f9411fed70da2e903981,3,4,3.367003367003367,891,0
c026b5dcb9ccab9e0af755fb8f8fb74a,3,2,6.0606060606060606,165,0
773c797162bb5feae73505265292c563,3,3,0.0,205,0
ae83c0bb880b0ecd8ccef54889370ea6,3,4,0.0,403,0
2ced46cfc574e15372d77904a6c7ecfd,3,4,0.0,687,0
f64bdde20f0c8178c3ba051bf1ceb160,3,5,1.876172607879925,533,0
796de4392e477b11787347af6eb9738e,3,6,1.4771048744460857,677,0
f01947f5edd0d02b32c09da31c9a47ab,3,4,2.2573363431151243,443,0
cd85b1b408b55ad080ac0b28e2e947e4,3,2,0.0,262,0
a22374f99dcaa6bb28301880b0cc917e,3,4,2.070393374741201,483,0
bc55f91f49eef5140b23892b1039090b,3,5,3.0959752321981426,646,0
b408e6853e04cddc548b80de601cea62,3,5,0.0,825,0
5060d8b1c432d57d598f1fc325a78134,3,5,3.6144578313253013,830,0
7b958eaac3500b07d8f2a8d21ac54529,3,2,0.0,230,0
93eeb5b3d17164fc24f7e4f093174919,3,4,3.053435114503817,655,1
a054acb09c973d138bc74dc108d17112,3,4,2.079002079002079,481,0
ac70bcf61aec9d11a7c634a517e5c915,3,4,0.0,491,0
0d24ec4dd6b0cfb26b795f0e795d622f,3,5,3.2467532467532467,924,0
6461046f228772528d0b23eec082c96a,3,3,0.0,390,0
b61919c0556c0c12f24e59d2939b9ad3,3,5,0.0,586,0
a8392a01abea3544a882a8dc1023c593,3,4,3.076923076923077,325,0
52c1d25648ff7cb9046e3e03bb7ac6ac,3,4,0.0,356,0
055326fe9267f20c18cb0e94a33012a3,3,2,5.847953216374269,171,0
76399cf0cdd503d58d31c06233a870c5,3,3,0.0,571,0
afded093c04ab93d26ca9e4ef947b513,3,3,2.793296089385475,358,0
f90d92e0259a35acdf431daba1077597,3,5,1.5772870662460567,634,0
1186381a0c9fd54ac9ef0e7aec5d1bf4,3,3,0.0,329,0
078aa518b7a9cf706f1cf432feea5d22,3,3,2.5974025974025974,385,0
7bb192ad6010afb53fac686000a771a1,3,4,3.8910505836575875,514,1
a1c4c9c733529ac666bc8b7f9469bf62,3,2,13.215859030837004,227,0
dedba8062503448609b064cb48bce64f,3,4,3.442340791738382,581,0
5cd85af566de92f58b82b3bda7aef546,3,4,0.0,345,0
79bf87d5ff19f1648b1483ccdce879c9,3,4,5.405405405405405,370,0
db6c61bfd7809d9b54a54e66afca4dbd,3,3,5.434782608695652,368,0
616ea89f78adcd2f4b9a92dacf0537cb,3,5,0.0,632,0
ffb4f6f9cfc0acac1e5020f0825b0a1d,3,6,0.984251968503937,1016,0
addbcd82873e1fb52991c77e4e584601,3,3,2.5,400,0
dbdc193e937abf571fe21dfe9fd69a53,3,5,5.128205128205129,780,0
5941996f2420947fcde24281b5b22dec,3,5,0.0,1042,0
5bb25f10f99ef7ed634f0673add524de,3,6,4.651162790697675,860,0
6a607d3580e1457b537d61ca54dad12e,3,3,0.0,344,0
234604f4f03881bc5c90ae10a1a341a9,3,3,0.0,222,0
c6b131a49ead3f4129d6c9f41f0beda6,3,3,0.0,375,0
8302e3aace476bc186fb3c092d4864f6,3,4,0.0,377,0
d9e383b7a6e25480aba7307b03ed8871,3,4,0.0,579,0
f49869d8da51f5a73e6b0876b4f978cd,3,4,1.9157088122605364,522,0
73f77d3333f39eadd4d865525587b17c,3,5,4.651162790697675,860,0
96139f2d2655896c921665553a28f208,3,3,0.0,330,0
b4b4331fa7dba705e4a29c9b565e619d,3,3,3.8910505836575875,257,1
2147d6f958bbd50cc296606b091cd9dd,3,4,4.651162790697675,430,0
c41bbccf1870621188e2cb11a523959f,3,4,3.616636528028933,553,0
1f35c7d30a2b90129791ea20fff7c17f,3,4,0.0,551,0
471cba2753b5125696d0be42e44dc03f,3,4,4.587155963302752,654,0
80c887076618b370c8fd13e938ad90cb,3,3,0.0,283,0
8b1e160f321b65c6abc9d5bd668094cd,3,5,6.359300476947536,629,0
f2234d3fd411d86e89d1ac049fe911f5,3,4,0.0,699,0
8c70a6a6ef5d59f207eccf3a6cf1cf0d,3,5,2.0491803278688523,488,0
0c4ee9e3f125813451b38b57565f682f,3,5,1.4245014245014245,702,0
13a3e329e4f0d464cda8a58afeae2bc5,3,4,4.62962962962963,432,0
91d6f38c8fdfca4a2b30a10b91a1a005,3,4,0.0,421,0
8712bc133c79467d39ae74b1791ecfec,3,3,3.289473684210526,304,0
e03c5a38603d05581d5f91943b80b4b9,3,4,5.535055350553505,542,0
d1a574b464697d76aafd28bacba68bba,3,2,3.676470588235294,272,0
6228fec9a117305ae3790bc84e1a5bca,3,3,2.8735632183908044,348,0
8a3db6429deead5d34b673b6f823f19a,3,3,5.617977528089888,356,0
7d22510044321cdefe16e4b63a3dc603,3,4,0.0,386,0
470eaa4a1d5524bfe9035ec192ab9d67,3,5,8.733624454148472,687,0
3541cedb48409040f57edaf529dacc88,3,4,4.444444444444445,450,0
1baaf4e3b0f187bde4551edeb334c76f,3,6,5.567928730512249,898,0
f5ec0a11d1ae0273e51e0d5405ed9757,3,5,4.439511653718091,901,0
e05121187ae46c5b49327f3ee560e63b,3,4,8.908685968819599,449,0
796ccd4b070f630ffebeba69553b97f5,3,3,5.012531328320802,399,0
b32408a3f362065168bbe8b63e371815,3,5,0.966183574879227,1035,0
eb54b3119e96f3bfa78173b21b2299d9,3,2,5.2356020942408374,191,0
e8bf5dbcf17d31a467d368f7c631a0dc,3,4,1.8248175182481752,548,0
e3f28d3d86a0072014e286c447cc6243,3,4,0.0,590,0
6df5a2afe7cd1b5c8b919c6102d9a765,3,4,3.663003663003663,546,1
2f662f3d698ef444ca4a2c14c0e38a5a,3,3,0.0,738,0
bbdeba40dafc32422cd21c854166bd58,3,4,0.0,416,0
cc32a9e697be1a7719c1c68ab592859b,3,4,0.0,475,0
764156cc4c35c59cd29808ec1fa368b9,3,3,0.0,503,0
ed3bce6361e90c61d656a8486091edc0,3,2,0.0,206,0
cc55ecd558116f781cd2a52f02a73914,3,4,0.0,356,0
fa9721155a411df35f84233a73618f48,3,4,4.504504504504505,666,0
eaed8abfc0aecbebc3dbeb99900aea8e,3,3,0.0,313,0
63f2fcf0ddef72c6863c995d77aad23f,3,3,0.0,305,0
520e46bc96d8239b8ba8556c29f1a3a8,3,4,0.0,518,1
da860ef32927d34288f100bb9a6214e1,3,4,0.0,278,1
16cae5f180bd7885cdb090f950d7919a,3,4,0.0,461,0
dd5257880eb9de655c4dd8c54a577269,3,3,0.0,372,0
c04ba4daa1a9d79ab413bd05c0b6535e,3,3,0.0,289,0
c3eb5a52b1501ef760c1241e8571eb77,3,3,2.0161290322580645,496,0
8197db5d29adba5b4e7f45f35896f34d,3,2,0.0,223,0
28cd96b410ffebf903b049acc68a7fc8,3,4,0.0,564,0
b06f44692ec2c355694af06ad6646ce1,3,2,6.289308176100629,159,0
a7990afde739630b366875fdab075648,3,4,10.822510822510823,462,0
f53340fe787a796d9f1e21f049840a15,3,5,2.797202797202797,715,0
0793373f37ae948898572b80829fddca,3,3,0.0,298,0
085bb624c83a8db26c0eaab72c622638,3,6,3.0425963488843815,986,0
960dba9c44ad3d7c65b8ae01fa3db5d5,3,5,2.272727272727273,880,1
b792b0a12d8da9e27b4717841e57b77c,3,4,2.857142857142857,350,0
760310485285a399e21a16c467fe8208,3,2,0.0,190,0
995fa693cb0f96a668c4599fae1c72b7,3,5,0.0,1029,0
c940a43ee8b7519d00da00c3b71abd37,3,5,0.8841732979664014,1131,0
f4caf092e9d567f9160e45ef02fc65f0,3,4,0.0,454,0
fd6cd0862357d53b1851063b54701c1c,3,3,0.0,296,0
9bb528bb38430d2e2c030e19656450a6,3,2,0.0,228,0
036633be874e8593094d273893249d4d,3,3,0.0,513,0
4aab11dca7a1abe574b5008636feef8a,3,4,0.0,430,0
72a7ce0bff10120613e6fbdf290ad8ec,3,4,0.0,475,0
7b9bad111c4a70af953d95a538145aae,3,4,0.0,604,0
bd8b7ec73b57208cd8a5701c544cba95,3,3,0.0,437,0
190d2c3f4a2119ae18de18188b89c1a6,3,3,2.638522427440633,379,0
40ce4b9f0d661e32745f7854fdebc250,3,4,8.264462809917354,363,0
53762939a0f3683ba27c53e2ad283739,3,5,3.552397868561279,563,0
bcf8e4b7389b5ac55c3bcc4c0e9e6192,3,4,0.0,522,0
a93162a79b8da17378813212fb12fb83,3,5,1.8779342723004695,1065,0
265212f54a6ea10927bdc25c9eaf87c6,3,4,0.0,399,0
a16cac4dfd851738e361c2f3c2f37147,3,5,0.0,1145,0
b52fbcd151524476c85e55704c232db1,3,4,0.0,574,0
e991b19286083021e9dc5356e08e659c,3,5,2.577319587628866,776,0
bb62f70618229028917d7d39ec0f652f,3,3,0.0,358,0
48d284f53fe14385f1a5f76a4ad4a231,3,6,0.0,1115,0
9928442df4fdb1b85a7867af5a60509d,3,2,0.0,195,0
db812344ac982c184c19676be0dd0348,3,5,9.360374414976599,641,1
56b7669aeb67ab832c68dba5122c50a4,3,4,2.272727272727273,440,0
8eace353f4bc2a5b0df2cf7e94c4f12c,3,4,0.0,543,0
7caeb0ecefb560ee44487e7924ae7bda,3,5,2.277904328018223,439,0
ab2259abf6a9c3de4de349dbe4758d15,3,4,0.0,491,0
ee0b2053530e7ff9a55f926910700ce9,3,4,1.3908205841446453,719,0
835b0818e386ff6f30adebde91dd60fb,3,4,5.660377358490566,530,0
8b7b24d198fe16740b8dc7f2a54c7891,3,5,3.7037037037037037,540,0
2b503ffa659163e97f2023e5edfcd7c9,3,3,3.6363636363636362,275,0
6f2011bc8672c919fbeed53b360673a7,3,4,1.858736059479554,538,0
0d5f165444279a771d2402c2894a026b,3,4,0.0,477,0
f9580ca04bb52a035f339b53b5f7e3b1,3,3,2.6246719160104988,381,0
ab381eeb69ffe4343b4c50332412cbfc,3,5,1.607717041800643,622,0
addc6060b30c3955cbdc398be36b124a,3,2,0.0,257,0
ecacb16d4729d502bf1208e80e2607a1,3,3,0.0,338,0
e6ec85d25b2552bff0d0a3026ff2ed72,3,4,0.0,306,0
a75aeb1b3eba7bfad553f9255b74a28e,3,3,5.0761421319796955,394,0
5c46e8574f86cdaa226fda9c0d343393,3,4,9.47867298578199,422,0
6efaaf95dd47dcaf5d6aad824cd43f8e,3,4,0.0,404,0
0ebe706805f925e782b137071420afa2,3,5,3.121748178980229,961,0
bf085bcc65507f7ffe4ad8b169f4cfbc,3,4,3.194888178913738,626,0
ef737199a517d00138617692488ff379,3,3,0.0,274,0
43ba74c696ebc14dcc8bbb910441211d,3,5,3.6496350364963503,548,0
d9e6f7158ea795cf44ed5de0f7ba5b9a,3,4,0.0,734,0
ce31b5d32500f2c8ff0d62f31bf9f149,3,5,5.369127516778524,745,0
8612852c92276e556cebdbdb3639bf57,3,4,1.9920318725099602,502,0
d851854d408e52d755c2ed9ef8a5d793,3,4,3.2206119162640903,621,0
a92d1d9a884c0d3ec4775ed14969c3f1,3,4,0.0,412,0
f6684617d9f16629fff2d07f0c7f5b69,3,3,8.823529411764707,340,0
d42f9042796baeeb098ff1804be3e579,3,4,0.0,395,0
e0eb2dbafb89228212a62ece23cc7a1f,3,4,6.090133982947624,821,0
f17a6813b0fe5ff105bebf3551bfe0ce,3,4,10.16260162601626,492,0
530d95e8dd0a688d2acdb9d83d6b0928,3,4,4.854368932038835,618,0
83cbda5f160f97698df89fa2bcbd9df0,3,2,0.0,232,0
97940b4b3e97146bbd89b4a74509af76,3,2,0.0,201,0
9b1c97f2241e8d9e7985ecd96384f8e1,3,3,0.0,376,0
0b589c90e3aab4e0a1a7277bbf8b8061,3,5,2.577319587628866,388,1
b8987a1b3ce13597320927f707874bbb,3,4,5.2493438320209975,381,0
a7e8b7aad3cc87986137e7aee262b631,3,3,0.0,301,0
41ee4e44d4265d7fc7690473b79637cb,3,4,7.054673721340388,567,1
b56499ab4aa1153fd80df3e4e08dff13,3,4,1.2077294685990339,828,0
f996dac9fbea1affa3b08f880354e1db,3,4,0.0,466,0
b6feac89a4ad974a1c01d2f537afbad4,3,5,0.0,695,0
5faa3d2b6bb90c4de476e8b6a43a50a4,3,5,0.0,800,0
a7d6e969f27aced0c10bc722b42048de,3,2,0.0,180,0
5d5211e59f607d7dd14e932c71947df4,3,3,3.9682539682539684,756,0
b179004e70de358afba72a8700dde38d,3,4,0.0,356,0
0fc99f3ef5df67d53872045523bb687b,3,3,0.0,433,0
269e4987c64e1c520db8976ef1e4f49f,3,2,0.0,327,0
1a1af13e15c642fb3e2faa8994f5190c,3,4,0.0,522,0
46acec45a80bc8ea6a282747b4590038,3,5,8.250825082508252,606,0
6fb728ea39de20912cf45de10b63553b,3,4,4.716981132075472,424,0
e62faffdb9f11cddd6e3a4ce736b3d24,3,4,0.0,641,0
32bbe03c78005a04ed26b276635d2aed,3,4,0.0,338,0
9ac179558815d4298ac1ab0c8d90c382,3,5,6.435006435006435,777,0
e6a1552a1a720a4756582e6152b27f9a,3,4,8.086253369272237,371,0
072ed1fe1fc03392388aea33c146470c,3,6,4.126547455295736,727,0
5e9327c587f1fcda7251794b2dd49b5f,3,4,2.706359945872801,739,0
d24025915b3f0eb642bcc3e0050df9a9,3,4,4.285714285714286,700,1
4ff8d5ea27504abdce70e75bef3e10ce,3,4,0.0,633,0
d04be949eb9ed56ac4af30be149f52fb,3,4,6.435006435006435,777,0
3c419bff5e7e94fdb341d8ccd861b2cb,3,5,5.161290322580645,775,0
179aeae4c3b14f378c2edf0da5c59aba,3,3,7.299270072992701,274,0
3b5e90883603084f9a66284332035d50,3,5,0.0,571,0
6590fc58b06d64e7489a50b81527f844,3,3,0.0,591,0
c4a10573d1f18c42f10e38def1a1364a,3,4,1.9083969465648856,524,0
8b2c84d000b29ac9ee0821a4974e6868,3,5,0.0,464,0
838d162368b670f3d415b9ae9d4a5481,3,3,7.2202166064981945,277,0
b6edd005dc02d51fe18dfdc7df0732fd,3,4,0.0,423,0
b33c3f82cbb4e11832b25c7e66cc804c,3,3,0.0,311,0
aa31b6e012780e0385b12e224bc147d3,3,4,0.0,359,0
bc9bdf395cb1272c5617980c729de3d2,3,5,0.0,647,0
509186940cf588ad4815637dd6c04c2a,3,4,0.0,594,0
04de07e0f9e6bebe2880ff1d4572cde1,3,4,2.793296089385475,358,0
4467d53dc565e35d789291ab01a045f6,3,5,3.2051282051282053,624,0
51bde84b60230ec9cd8286d551b7ae20,3,5,0.0,916,0
d3bfc8004cf6df8128178af27d580d53,3,4,1.7152658662092624,583,0
4c4e47025b67e485e805fec4e2bfc6d1,3,5,3.690036900369004,813,0
999d93b3ee308030afad50a123dfc40b,3,4,4.801920768307323,833,0
624075caeea9e76bce7f1eb4ad2acc1b,3,4,0.0,552,0
71ff4e205da98ebeb95f8a22ee442ccb,3,4,0.0,432,0
ca6c92546a3abc93934043d463d85d73,3,5,1.5748031496062993,635,0
fb8341bb3545777cb834ea600ba11802,3,4,0.0,332,0
d7498dc08e96e7ab9a18a9a9d7fc3235,3,3,0.0,270,0
1536e4caac0ee18b1ba2640e987c3f8c,3,4,1.8975332068311195,527,0
d88ca7eac812cfbe315403b841a67029,3,2,8.19672131147541,244,0
8e4e2c49704baa9db11bcab9fea3ee4b,3,4,0.0,524,0
1d9688aee2876a4b3e57f5f69812c388,3,3,0.0,554,0
45fbbe61de69035132f8e4945168021d,3,3,0.0,477,0
efe06d7dd96eba80649f48c7caea6c18,3,2,0.0,289,0
465b8e5ee1057e3888aeffa16365df46,3,4,2.0161290322580645,496,0
1552281f524c56fddf09105b78b4f305,3,3,0.0,369,0
1bc3930a7f6b681f2c71c15697f74ec1,3,4,2.881844380403458,347,0
937882c966699dc0ef6938f17e8d36fe,3,4,0.0,414,1
1d1c4bb745327270b9cca5d2b369c727,3,4,0.0,550,0
13f4bbb7efb1b79c59c50723595d8097,3,5,2.949852507374631,678,0
9573f9b361d145c4da0f85d2b47be900,3,5,4.88997555012225,409,0
85e68619cfa2cbec4f957720bd1a1aba,3,2,0.0,194,0
6a6ecdb734a848f356242b8bacd1491f,3,4,0.0,390,1
98656bd4f026673a13f34dfe7f38df58,3,3,0.0,252,0
45b5f6044239f014ec29ee9244d76c9c,3,4,0.0,484,0
ead728424e5187444d010b40e5f19887,3,4,0.0,434,0
3747625268fd7b38ffb284b099da6298,3,4,0.0,538,0
c23a2b90e05f9b3ff50a855d8c2aa045,3,4,0.0,449,0
576d21fbbf87ba6aef4b3355c941abe7,3,3,2.6246719160104988,381,0
0d7766b9ede2ca3e09ff131ffaf7a94c,3,4,0.0,457,0
65002c15479b162592fdcdde36271f43,3,3,8.19672131147541,244,1
06d4a47c2643d916295b9c5e33110897,3,4,2.237136465324385,447,0
7490957231e298eae531d4942d13025a,3,4,0.0,655,0
35fb91d9c1c95dfee331f355b7268f97,3,3,2.898550724637681,345,0
83859a69f934711ae5c572e065ee0d21,3,3,0.0,298,0
7ace6da0dad738a49edb97326fc9d618,3,3,2.9239766081871346,342,0
61aa651908c345c4917b44f2e01df0a3,3,4,1.3531799729364005,739,0
6088eb7a626fd06c224b3909c5295444,3,4,2.0833333333333335,480,0
eac7913969f214b018961e4a874920ca,3,4,5.813953488372093,688,0
222636aeba645efb7f71db78c361e9c8,3,5,7.510729613733906,932,0
440a0e8578a1155df55a86ed810efcf1,3,2,0.0,208,0
b6f9e4ea9ac3c00bd3ffa887fcf0105f,3,3,0.0,442,0
ba31c86999316ff34f13d83ec71cb759,3,5,1.8467220683287164,1083,1
60c7657c6efe65d4e073c89ca2055eaa,3,4,0.0,423,0
1afdfd0e86a901e9a68db20478e0286d,3,4,6.289308176100629,477,0
5a29c59bde7b17a8620bb42a3e4967f0,3,4,4.282655246252677,467,0
19ade41afb7511e0350cfff8392b5015,3,4,0.0,567,0
b0dcf17b4c7cf605bd0cb9901fcf6dea,3,4,0.0,369,0
1d047faf27da353651a1cab647011dba,3,5,1.0940919037199124,914,0
7ba7a6995327b902b99eca96a3d4e368,3,2,0.0,205,0
80b18dc6889f20fac6090dfae5fc46d0,3,5,1.335113484646195,749,0
85ea40fb0b3c7383c564e371e86359d0,3,5,1.6835016835016836,594,0
eda8f70498d32261a7cc45f4bcdb91f0,3,4,0.0,606,0
95a917ab32cb88b7fb8301a92d667dc5,3,3,0.0,340,0
ea2c2ffcfd6aea61b83946b4fe71db6f,3,4,1.9047619047619047,525,0
5cac8b579f07e33fb84d2426b6b46bc5,3,4,1.8214936247723132,1098,0
786cc5d7296fd30da8217ce3caf9f147,3,4,0.0,432,1
9dd481008fbf7fc85fee655deb436836,3,4,13.157894736842104,456,0
45c2300a0c31c3f235c92bce46f2c6b3,3,3,2.3529411764705883,425,0
1e2ee6cb5a6ec1b2af05d478d31fc27e,3,4,4.555808656036446,439,1
3d1da124e82a8ee6ecd95b76020725d9,3,3,1.5797788309636651,633,0
6d328d559ca8c31b62db1c558d95e80b,3,4,1.3227513227513228,756,0
6644308cf7565e899fd88c74ea028782,3,3,0.0,307,0
b923484a9f92f18dcbf889ce7fce118d,3,4,0.0,774,1
d340d202342938a2a9f35fc06a1a3767,3,4,5.555555555555555,540,0
42a276f3c2a5228e386ec8cb44cb522f,3,4,4.901960784313726,612,0
26cafcf91f84c40b2e91a799454f935a,3,5,1.6474464579901154,607,0
0c3d2ca9ab90c621823bb5a771651518,3,4,0.0,375,0
16cc4914f8e09b0aa7f07388b7ad338f,3,2,0.0,228,0
71de3e8634b3b21d108e10593dde51a6,3,3,0.0,297,0
730eac728fe951e59355a51a5481c111,3,4,2.0,500,0
736239abedd41e95483a399678ac3baa,3,4,0.0,490,0
1b1b418a856906b8f02795e553cd59bc,3,3,0.0,369,0
a7bd54596d9c47f977372fc4e7009df8,3,4,3.4129692832764507,586,0
f2b9e50d2006fb6475c8022a79e60200,3,4,0.0,438,0
b87e51dd5dfb82b1ade0e259a8056761,3,4,5.555555555555555,360,0
6d418eaf5e2e94c008ce9320da39c552,3,5,0.0,831,0
f63a384b62a2bd71796d6df0a8653a25,3,3,0.8210180623973727,1218,0
4f1b94845283d239071925a83a0ba792,3,2,0.0,209,0
7ec905e4432cbac369f52c411e5e011c,3,5,1.639344262295082,610,0
4f2ca62cb007b3a62466c4a1149ca023,3,3,3.076923076923077,325,0
916ec4c57f09407ad6814989850e928d,3,4,0.0,474,0
87bdba8229ddb2f2a2d2cb12146d8eec,3,4,0.0,409,0
283295adb7e96cc0c8dfb3596b434e86,3,4,0.0,606,0
86e494a3b6ebb5ba1a122c95b9bd23f2,3,3,0.0,382,0
205e64516cbb643a430ebc5aca5725fa,3,4,3.717472118959108,269,0
8992e606f26a47ec48ff854b978ad0f1,3,6,2.770083102493075,722,1
5c157a9ea8a87be135c053612251db3f,3,4,3.5906642728904847,557,0
a622d5a6693f0a3751739c7b4209da5a,3,5,0.0,729,1
55af85c280b2cba4213fe46f7091e632,3,4,2.0661157024793386,484,0
7382bc53244a61e985605f89cd750f58,3,4,0.0,936,0
378f6a386feca7bd5c20ff8ef8dd14c8,3,3,2.857142857142857,350,0
e05ecfb73d0b9f5da7453132d34967a6,3,4,1.4792899408284024,676,0
534665cb1508a418433ad3c09c7f0b0c,3,5,1.7391304347826086,575,0
b15f5de5306631bb0be22c4cfd59bd45,3,4,2.4813895781637716,403,0
6b9383fd78c39ff9d75a2da93938d9b6,3,4,0.0,932,0
a51d0ddf36d85cb1c9c6923b5b18010d,3,4,2.044989775051125,489,0
55431342ef0851fcd295ec2d329c5455,3,4,2.1881838074398248,457,0
10a07a0bab91e392a0a1f7d010ef1e95,3,4,2.079002079002079,481,0
e5b4093ce7d6508db94154d706efb2a8,3,3,1.5432098765432098,648,0
55c899f04b9de4c9280cd8d85f2b945b,3,5,0.0,839,0
4bf0b5595cb7e54c9200267aaa535fb3,3,3,3.4722222222222223,288,0
035753585194f92c86f28f58038eb624,3,4,3.0395136778115504,329,0
b10887a9e713b418b408a89312df2d5d,3,4,2.0161290322580645,496,0
27b9f3da0860fb41cf66972412dd40cf,3,6,0.0,876,0
00d06a89ee6140e9918069f5f95313bd,3,4,1.9305019305019304,518,1
cbfab92f6a5b83434b99a4021cff281e,3,5,3.395585738539898,589,0
a7e4898ee0529978ad6533f16840ea8d,3,5,10.01669449081803,599,1
cf6910ae4f585a43842eea5b7bfa303d,3,3,0.0,312,0
a3cca57e496103b0b7f39109cb782eed,3,4,0.0,629,0
e6f9c30f48b11dbd7e3104532d0d1487,3,4,4.021447721179625,746,0
3cbafca738f0b68a490649161bbc9de0,3,5,1.6920473773265652,591,0
8b1de2836aeec2d34cd16154a5f02bb4,3,3,0.0,515,0
50bfa6d01b657d71be273798487284d5,3,2,3.6101083032490973,277,0
8c7ed25d1f7f5e04aa62db7085638623,3,3,3.058103975535168,327,0
44420b34c8bb2febbbf88ba0ad0d5dfe,3,4,0.0,453,0
89ba751f62ff27a44ea7d8761c3619ee,3,4,9.208103130755065,543,1
6e51b800fd7632bba7e30baabed58d51,3,3,0.0,304,0
42082e5abecd328d089ddb5b301e09d3,3,5,6.385696040868455,783,0
9622de54df0cadcad9c25126d3762008,3,4,1.9342359767891684,517,0
387c65d06c81c09647391b16a26acfe7,3,4,0.0,579,0
502d5a4919ec8e6f5e134f445b518f14,3,3,0.0,337,0
4350265b8ec5297e67dd64d7570ba76d,3,6,1.996007984031936,1002,1
e69ab7bb7b4b574cde87f4105ca77848,3,4,1.7921146953405018,558,0
852b1a1c155f918b0d2a37e0def93899,3,3,2.6954177897574123,371,0
322a37ba3c6de2d2ea15f70c8b12c536,3,3,0.0,496,0
62a93df9f708c8411951d6b4dc828c9b,3,1,0.0,350,0
792f626769abbc4d4404b229c90b9187,3,5,0.0,857,0
e0df735559e4e623fc7bbdbbd4c5fb9c,3,3,0.0,301,0
3b2d4e6a10310d4620174323c2c0e053,3,4,18.276762402088774,383,1
976a4706da7dc09396b0f6b2b04eb102,3,5,1.4164305949008498,706,0
8b92ba70d0db094ee9d5855ca57a62ea,3,4,0.0,503,0
10ae35812a6f9c19d49e3c97c5070046,3,4,2.865329512893983,349,0
8ac104c2b9adde1163d7c358745a5fac,3,3,2.816901408450704,355,0
5c853309ce720ede919255a7dcd5a732,3,4,0.0,474,0
10cbf5ff8e9e5514725498b365957688,3,5,1.2077294685990339,828,0
0d3fedba9427f766dd04c60dbb8ac923,3,3,0.0,327,0
1f4493f3177682bb87e19597f617fa1d,3,4,0.0,387,0
125d7e5a78aa1f0d372ffb215abb9350,3,3,8.02139037433155,374,1
73dc54591bdf1a73672065bdf6d5e316,3,5,1.4124293785310735,708,0
e812224296a1ebd9cff4b7f033455ebf,3,2,4.273504273504273,234,0
3296f864c40031f0f46b1ceaf162dd6e,3,4,0.0,526,0
801b070ec925141f218685ec5edd25af,3,2,4.444444444444445,225,0
a4a47decee6f09fe82513e655682e6aa,3,4,2.1367521367521367,468,0
cb6ee2d42fa041324b3a4d8e800b9e0b,3,3,0.0,355,0
018c4c8f67404975c5033b998cee4516,3,4,2.2675736961451247,441,0
b19cf9b8d40a3ca1dbe85214106953e1,3,3,0.0,270,0
55f9a3f1437374b9928f2e0a14f967a2,3,4,5.643340857787811,886,0
590bbb1ff8cc6b238ac317b37bb52749,3,3,3.0120481927710845,332,0
c9c9d35d9f6cdf0be3836fc3b2520eda,3,4,0.0,376,0
ae709832829669dd7048b375704bf13f,3,4,2.9411764705882355,340,0
b0bf1c0f9935c37d2cd1e17f480c0776,3,4,1.9607843137254901,510,0
7eeebba620ac949152067c45fad80e8f,3,4,3.3003300330033003,606,0
e207b1a5003dc2e394a054aa2e9e8d46,3,4,0.0,461,0
5ad673ccb202154c97a6d8cd69e6ee74,3,3,3.389830508474576,295,0
4c6b57ebb69b26d3a8be900f936b6e90,3,3,2.5974025974025974,385,0
5e57202317d0e7d0a4fef3d2ecd22295,3,2,6.097560975609756,164,0
719109334881aac66c472ab4b6423b6b,3,4,4.175365344467641,479,0
220b5223f47c54532f2e7841fb758637,3,2,0.0,230,0
b299b33201e6da4fd455ef3166f4d842,3,3,0.0,534,0
df15859373dc7d712fdf7836ab5c60f2,3,4,1.1547344110854503,866,0
2ff7de5243fe5a1060ef9f08f92c7cb7,3,2,0.0,215,0
07263bd6d54bb83026b7c2ccf40eea86,3,4,0.0,465,0
913bcd87562c8b0fa19d6cf99f62c7c2,3,3,4.132231404958677,484,0
aae346675b3a66ef9cd3c0ca11546980,3,4,2.9673590504451037,337,0
924c8b11f5c92d5456d1bdc01ccf5f64,3,3,0.0,296,0
b42f8b663acdc60771ca2dedc1cb8a2f,3,4,4.4543429844097995,449,0
b919ed968d535840463185f643fd6f1a,3,4,0.0,418,0
e822e457d8e796c588d0b45d46c7a7f9,3,5,1.4705882352941178,680,1
135c4523925bc0c8f8cb270ee24973ee,3,3,0.0,335,0
3bdfcda7dd8bc7d956f5214856741189,3,3,0.0,545,0
3068aa5a73ae90c9707724ad05188b4e,3,4,1.443001443001443,693,0
dcaf2d0b973c1ef93a5613feee8714ca,3,5,1.6750418760469012,597,1
28e4c6a4e24258db96a67b6abff3aa8b,3,3,2.793296089385475,358,0
1710017aa8d905571e089b8f7642db11,3,4,0.0,491,0
86caf59f046dd063d6cd18fc1a0701a1,3,4,2.710027100271003,369,0
a9be5d18f83d627048fcacdd90483763,3,5,1.364256480218281,733,0
1d902a11926f6edd9abc82f51f091564,3,4,1.4641288433382138,683,0
214e20972a113c4d315e96dd57bde257,3,4,1.6920473773265652,591,0
6cbe6cfc12992cea20c117b6902b54cb,3,4,2.5380710659898478,394,0
18fd5b1fce4936e95b3f7fe53c49ab06,3,3,3.4965034965034967,286,0
6d8513e858bfd360aa92cc89e46e3937,3,4,0.0,490,0
af26baa09d18624d88459f43f4b67b26,3,4,0.0,364,0
10c4cacbc939f54aec1ea9f91e4c5a95,3,4,0.0,492,0
bedda9f312560c6fa1636634a49dc255,3,3,3.5460992907801416,282,0
e7f0acef41b3c4861258ee7651df4078,3,3,3.937007874015748,254,0
0e2591c2cb026adf1a8a5291dd7b67c4,3,3,0.0,287,0
29f595402f0036384a3f66769aa5a182,3,4,4.310344827586207,464,1
0d75bd77413a46d31cbd9111de25166f,3,5,0.0,693,0
7ca70ae6e1ae1b11a6a386b670c57c72,3,4,0.0,447,0
05e400a4ede2a5a54a83fe4d2cbaccf5,3,4,1.8691588785046729,535,0
97a354b44bef520713d67813655cd6e0,3,3,0.0,410,1
700a4bb528aaaa11375e7dae5ecc4070,3,5,11.363636363636363,1056,0
a67387409f0127df631cea6b1d1527ed,3,5,0.0,559,0
9270bbe090980f73d4ff929f7d4678ef,3,4,0.0,371,0
b5c928f1878fddc365decc5e211d1b1a,3,3,2.2675736961451247,441,0
5cb77bf030bb96cc85c2f968f3812984,3,3,6.230529595015576,321,0
a4c72cf079928f3fa72ffe17a4bf4506,3,3,0.0,435,0
ccfa8735833ac11cc4c6d798a0e38f66,3,4,5.747126436781609,522,0
d23bdd13d44ae3a0ee5df224f647d482,3,3,0.0,336,0
56fbb620014b5d9a17c1eb46652dcef9,3,2,0.0,235,0
06807f9deb7730cf8adc8ac88cee56db,3,4,0.0,580,0
c65d77097f8df22be4fe96503be4daab,3,4,5.2631578947368425,380,0
42d96a5c1cc09e47f5a0da7ac93f6395,3,4,1.6260162601626016,615,0
df5319b3faa68f89e292e65cf7bfc106,3,4,0.0,678,0
c47f8fd64180d6f722b1d2618f91fbeb,3,2,17.045454545454547,176,0
c65989345df92e2f391337cc16e3b2a7,3,4,0.0,370,0
f9cc590ff774c4b6e18202b823e999b8,3,4,3.3112582781456954,604,0
b49d45bc2133a75a9bd8ca1b7984bd42,3,4,0.0,473,0
dfa171a88c49c23fd76f1ef6f446b738,3,3,0.0,459,0
0e6f4efa7b6538601914a26170f1257a,3,3,0.0,409,0
4d61439b937807ef8742922dc9cfb1e5,3,4,1.949317738791423,513,0
7b352c57a7e0382fd4c83dbfabd4c30b,3,2,3.134796238244514,319,0
6fecbb05968ef62c042096bd4fb85214,3,2,0.0,330,0
ecf3da61df6ad17727fadbebb4021d02,3,4,1.4064697609001406,711,0
cd1f4c38cd29eff829234ffc7e4b1166,3,4,1.7421602787456445,574,0
12cad7c4b89307fff3726956f9a918e6,3,3,3.7313432835820897,268,1
5a0789ecf03fb523dd6e3f2efedbd131,3,4,0.0,514,1
e003e52770783a8269af9e63373a2503,3,4,1.9646365422396856,509,0
7aafef2cbae56b5f96e5a5e83b284dc1,3,4,1.7605633802816902,568,0
8277fa40c7d4c834859c15ffede2f993,3,3,0.0,686,0
8f96de6544214e7d9c494fc9fa545d5b,3,4,2.8901734104046244,346,1
1cc5b5340b3540e2679bdfc0704179ca,3,4,5.504587155963303,545,0
84f9a69e9ea5c0d2460968b54ebd4036,3,4,5.928853754940712,506,0
de2ff598f6165ba1de529a4421c5900f,3,3,2.487562189054726,402,0
9a1fcdc7e195e4e5b4749f886a5d22b3,3,3,3.115264797507788,321,0
fbf66d7d0a1a2c576d1fdb2fbf592275,3,5,0.0,563,0
5bba12b20832ea966508697ef44a8008,3,2,0.0,357,0
070797e5d141661fc731ea1d57ba1f9c,3,3,0.0,411,0
0f1eb915050f45a467dfe155e347e552,3,4,0.0,597,0
42d84247e57a18c55f12502c090ac101,3,3,2.9154518950437316,343,0
03fb4e205643f941f0e1750ea9d66e29,3,5,0.0,529,0
610a20f24b93c8a7b371770fc7fccf23,3,4,0.0,596,0
23e6899acd61193cd557427cc6e7243b,3,5,0.0,597,0
6c6a9c9d5d428141dfaeda228e5fa12a,3,3,5.830903790087463,343,0
03d4be4dd8f41eb2d64e3fdda365d528,3,4,0.0,441,0
ba12ad71ecf385a82ab668ea69936373,3,2,3.115264797507788,321,0
4f49f320ab75294001d59fd51c632be2,3,5,0.9689922480620154,1032,0
9d50484269764d3441a5067b01d7da83,3,4,8.281573498964804,483,0
1cb3f46c13e2979ba0c1b600bea6eb42,3,4,7.371007371007371,407,0
b84b2125da5f4a20e4dc1672256a9dfc,3,4,0.0,365,0
e01c13b0f1de6dcbb4da2c75105ec175,3,4,1.663893510815308,601,0
3eaf851d47252089d1f9e050aa9674f0,3,4,3.816793893129771,524,1
c68991872c1ab80c7b3e1d9d9318e9a5,3,3,0.0,534,0
38c64509d8d826b78e1590eab07ba6d9,3,4,0.0,649,0
6aec7f6129a91f7cc3081583ce9b21e3,3,4,1.455604075691412,687,0
4dfb3057bf734905f85f85385838af0b,3,4,0.0,476,0
10d2b17a92df04cd87c438de907edd95,3,4,2.1052631578947367,475,0
4a56517ad84fba111fe23f6c6d909325,3,2,2.6178010471204187,382,0
cc2b872d86bd0cd55135d3c4d9ad6e8a,3,4,0.0,501,0
0c5094e5c3dd9351261db5939e6c9a57,3,4,0.0,591,0
e74634bd51b620ba8298bac92ead9516,3,4,5.172413793103448,580,0
b72425444ea5b93596fa9c94f2f9b2b3,3,3,0.0,414,0
b699f9385beaa142aa1da9a741d29d0a,3,4,0.0,472,0
9b9ac73528a2d44a2b5733019df92546,3,4,1.4749262536873156,678,0
e0f2e38175a7eb6c37c1e452ff8e9aae,3,5,5.0675675675675675,592,0
e4267330502bcbdbad78005e6902bf65,3,4,7.7369439071566735,517,0
c7b4fa980c76b130eb0e2e84a6390190,3,3,2.9585798816568047,338,0
dfb7079b17f96ae3d6bb97f223949e68,3,4,1.639344262295082,610,0
a4182a126f8a4d6a5258764fbd7dd4e2,3,4,0.0,374,0
656a949d601fa50d588eb5d59ac23440,3,4,0.0,557,0
747577ebd969266a818b1ca457f6f9b6,3,5,3.7735849056603774,530,0
45290f818fd48e58f509b85eccfd9cb0,3,4,2.1141649048625792,473,0
cfa31a5587ba3b7201cda3216bd8e8bb,3,5,2.0964360587002098,477,0
163a69c5ca7baeeff3762cd67adcf1a3,3,5,3.2948929159802307,607,0
7e1061be55b90a9b49e05da0a1d6b2b1,3,3,3.4129692832764507,293,0
dbea92105af54d8932139f58f429e7f9,3,4,0.0,778,0
67f4798f31301291b23afc57a2012ca1,3,6,3.6363636363636362,825,1
6fafdfeca1621683467a53d9cc5d7f40,3,4,2.1367521367521367,468,0
448df8e0d5eeb37c1b5bff9d65125ab1,3,5,1.7543859649122806,570,0
8c9e114fe2381cd6a20a388e06e3e798,3,3,2.793296089385475,358,0
41cfff363d3d08904846bb7806b8d4c9,3,5,2.092050209205021,478,0
b0dab7de68f75faaba4aa8aa752a2e5f,3,4,0.0,429,0
b3226ecf6d8438ed0a0a18ee6a2b2f63,3,2,4.830917874396135,207,0
a22ce9f9ff5bb15700c6051014ac0c5f,3,4,0.0,420,0
7622b3a879cf8c5e16d33397ec7732e7,3,3,2.272727272727273,440,0
5cdcd731fdd34e3fca29ed6c4e7828b4,3,5,2.6246719160104988,762,0
8b78d41413c5ca0ee2d2b4cb7a5a5378,3,4,0.0,431,0
95a7b905f673e166cf6f63d2eef2d586,3,4,3.937007874015748,508,0
d659452531ae5f6eccb20959172e16cb,3,4,0.0,854,1
4fe0a7ed9fd7b641a242bf02b261381e,3,4,6.191950464396285,323,0
fcfaba3ba74a7e3f9a4d2cd4e0bd6beb,3,4,0.0,782,0
0b9204e2502c6e9b3a7f51905489e8eb,3,3,1.3568521031207599,737,0
00a8091c52ba295b786ecbbec2f48a8a,3,4,1.6750418760469012,597,0
a95cb6934d4a2418e04e378629fef717,3,5,1.1037527593818985,906,0
072363853aa0e22de99fbed35912825f,3,3,0.0,493,0
7b8f725c22b1cf69c290d55551afd3f0,3,5,1.9029495718363463,1051,0
f57d618573dc5cd6d9f02cd418cfe364,3,4,0.0,418,0
0986085a57a597241c52d0778f25cb25,3,2,0.0,162,0
f394dd84098b6af6984077ca8a91911f,3,4,3.9473684210526314,760,0
22cc865618f3a63877a1dea25962ae0c,3,4,1.3368983957219251,748,0
b6cf533a00d03c2cd77a8169bb7135a0,3,4,1.6181229773462784,618,0
e231c047c6600de2c3a5e1ca1b7edc2d,3,3,0.0,331,0
cf69ed9e8f5d89cd944317bd4bc35f48,3,4,2.2123893805309733,452,0
50027f195e16c88674dc38055d42d5a8,3,4,3.2467532467532467,308,0
fdfed73479a05ca481f96ea31bbf98fd,3,5,8.119079837618404,739,1
0fecf6f11535bce6b8e08d0cabaa2c20,3,2,0.0,235,0
fbd72ccd3c3b68167a82ba7a1c0e9917,3,5,4.354136429608127,689,0
e51b9b2577ae895306563c054d2187f9,3,3,5.830903790087463,343,0
2f091f6ae7c285408b3e28b73372ae63,3,3,0.0,549,0
03792c6f735647323d1fcd584a6a855f,3,4,0.0,531,0
641e29eef2f9bacf0083dc6d094cf005,3,4,4.761904761904762,420,0
a3240b402afad6e40ebc52dafc6b1191,3,5,4.531722054380665,662,0
0411e7999da65eea53dd70463046a06a,3,5,5.9523809523809526,840,0
ae37bd92c55978c1018b88c3b3ddb934,3,5,0.0,629,0
888c931e9b1adc706c280e22575755ae,3,2,5.780346820809249,173,0
9c6c166fa821a7b21810d214dd7fba83,3,3,0.0,406,0
5a1a82d1b790ec7322f860a0be19121b,3,4,4.081632653061225,490,0
90b624d594dfc7ab786698af6a02142e,3,5,6.109979633401222,491,1
c278ece56738b8410d270cf5608dec4a,3,5,0.0,641,0
bc63ddef2a8e297d1c47d460cc14cde4,3,5,6.688963210702341,598,0
e34224ac980caa556b5c430f8ca6f35c,3,4,1.4814814814814814,675,0
95025ba1d0943b96e1850e3aa259e9a1,3,4,1.7482517482517483,572,0
c829d43e2df3937c801e789376ac3845,3,2,0.0,176,0
51bc48ac0afd1b824d0ddabc21ccaf10,3,3,0.0,509,0
3ddbbfd16817ae2bdb76efa2878b1d8f,3,3,0.0,334,0
3d39ceeb4a043a2f300007e23179cbe4,3,4,0.0,505,0
192a1677105322850063498ecde65fc6,3,4,2.202643171806167,454,0
cb9956755b982a15ad087248e139d90c,3,4,1.968503937007874,508,0
738ae05991716e2c07dc3ca653344b4f,3,5,3.0864197530864197,648,0
cd5e51bba62952f2b5ccf1417fe15a86,3,5,0.0,503,0
828ab418274a193d74026faa43887441,3,5,2.8735632183908044,696,0
3d15fbee1917c382fb30f2212c174c6e,3,4,2.044989775051125,489,0
7aecdb7ebee9d97318fbd8bd9fccadbb,3,2,0.0,152,0
90f0147fe48529bb961170bd3c7bbba3,3,2,5.58659217877095,179,0
25c6c9e63234a2eb2e1c593d23051231,3,4,7.159904534606206,419,0
45132ed3e94a3d79cdf0d80e0a47a2c6,3,4,0.0,419,0
291ce70c2f113f834b183036ff22fb6a,3,4,0.0,675,0
f22fefc309e3ee2de9a89d5d8c50eda4,3,3,2.7777777777777777,360,0
51ed7fd9708484b25b81bff098c968a3,3,4,0.0,472,1
80bbda74d75f88399b7cdf0e62eabea8,3,5,6.002400960384153,833,0
aab7b7999c03e53dac4c9fcf9c5dd7d7,3,4,10.3397341211226,677,0
306694a09263c00c76ca6644ea9b11d0,3,4,0.0,761,0
920163753dfe185f9f032055a255a7d8,3,5,0.9389671361502347,1065,0
f993953ef732b0dc0ccedf1f54ff2b4a,3,4,0.0,585,0
3a3ec01158685beaea62b02ffa0850a2,3,3,0.0,320,0
a25047cc0b7841d73643b2427246127c,3,3,5.1194539249146755,586,0
d43fef557fa6dfb0d7f1f7f2f9fd0990,3,4,8.849557522123893,565,0
7988de23ca9ffa6326f05ba16011c2cc,3,4,0.0,597,0
35237b115748a5750a870b9bdbe99226,3,4,3.9682539682539684,504,1
d890305ff0e3de68b8208efc27696e67,3,4,0.0,592,0
992a85612297b91e186e4b583acd26b9,3,4,1.7271157167530224,579,0
45acb53821647141f964853bdba02af3,3,4,7.874015748031496,635,0
dda4a2a9a80f7efb82617c7166d02164,3,4,0.0,504,0
54015bd8d6f8fe94d30dae07d3269e4a,3,6,0.0,657,1
7b55f3cc63b3e00582abb2c70eed0136,3,5,3.194888178913738,939,0
1f1d35eb6be4cad7641fb22843bc2b65,3,5,0.0,523,0
63ceda91279599ec0786ff073e435e7a,3,4,0.0,670,0
cb6e8e4b28d9005ad20384a495a33db8,3,4,0.0,575,0
88b8858d485b83fd3b587e219a80b238,3,3,0.0,326,0
9711a33dd4235c3ec7d5f3c29ae13122,3,2,0.0,238,0
b27814da00eee16993fc58fa02444376,3,3,2.5510204081632653,392,0
15bfde0e73f81d643dbefb6804ae1dce,3,4,4.694835680751174,426,1
7ecc5be4a6e0913d15b62c1454747506,3,4,4.434589800443459,451,0
eab58d74fa1deae088ea752ab366007e,3,5,0.0,967,0
369215b961dece7f000c17ec15a2c894,3,4,0.0,400,0
69c0969396532f74594cfa0ff4c2d597,3,4,1.6835016835016836,594,0
409f63185f84301d50185cc6ad414d02,3,4,0.0,426,0
39a7e907041f088f1a50319e1b41d60f,3,4,5.037783375314861,397,0
feb3d06fb4f0e333cfee9b3ab00a455d,3,4,2.4691358024691357,405,0
79e7b9ccb5c530709329c8033a8532e4,3,3,0.0,281,0
b66062e03dd643248ed3d0dceb883a9e,3,4,4.329004329004329,693,0
48abdc1f9e6f834b2c805e1f4a4557d7,3,3,5.037783375314861,397,0
bd09ad606ecc3223e0282d78a4d6ca41,3,4,0.0,672,0
309eb18f69954d4dd46a86ff28d2958f,3,4,1.9047619047619047,525,0
f6922e842b5a703c6061bcb3c5aedb43,3,4,2.109704641350211,474,0
c9497f2b5bb5bbbbc2037eb42d410a4e,3,4,0.0,435,0
886d67e6bc93cf6a5d33e69fa50cc5fb,3,3,2.638522427440633,379,0
c45748d79dde93e6fd5d6a512ef9570b,3,4,3.9761431411530817,503,0
8f7343a19e26f91a8c39793de6dd02b2,3,3,0.0,407,0
03bcd48f46cab21de0db880765b20905,3,5,1.0030090270812437,997,1
ea95a126cabb0989d4ab259fed0062c8,3,2,0.0,309,0
8adfae96086e26560d7fca10fc3e2067,3,4,0.0,434,0
be865a600427572b2cec5b05d16fe27c,3,5,11.611030478955007,689,1
3b8c5e8d03c15642a1644fe2aff8e526,3,5,1.6286644951140066,614,0
8313cd01a19585e0b50c24b868edcd86,3,4,1.8181818181818181,550,0
1a21ffd8ab7908a4a59811321d8656f3,3,4,0.0,456,0
9b2f35e1242712eb87d1a4b6d04093d7,3,4,1.639344262295082,610,0
2cb27ca38a452577acffb9c3ece7a639,3,4,4.444444444444445,675,0
1f85a55e5c51e57d551d179d3345a8ff,3,3,5.509641873278237,363,0
f65ef7f30f7b343a8339fa94adb80f60,3,4,2.9069767441860463,344,0
0bb10b075c2338c26f8935b0ad81d807,3,3,3.7593984962406015,266,0
8dd480b693acdb564f8ab90a512121e7,3,2,0.0,175,0
46469f55107c420bb198a300057f8610,3,4,9.316770186335404,644,0
02e6aa0cef296a8b5687c58dc4ba836a,3,5,1.5015015015015014,666,0
2bed66e74cfead8fb5bc83ced71a0a3e,3,4,4.504504504504505,444,1
8d516f64eae22bfcf301494d9088e1e8,3,4,0.0,502,0
aae55da5d0540bb7cad91f6d93ea2fcd,3,4,1.8832391713747645,531,0
dc7001ac6d5b72a87b21f3a868e0762e,3,4,3.3112582781456954,604,0
750b05d1e343ea7e4e16fc9affb37678,3,4,4.273504273504273,468,0
c396d5edfc517416ce56ee126234c112,3,4,0.0,541,0
797f25002aba9e6d39ff73c680d158aa,3,4,2.865329512893983,349,0
003e04d40bb273d8215e995a809d24e8,3,4,0.0,523,0
922644f100d64eb1599df948b1650c32,3,4,2.506265664160401,399,0
c44d08d7620f23c9be13067c009544c9,3,5,6.211180124223603,644,0
a54641acd65683d1a8fdc1f6ae8ab008,3,5,1.4771048744460857,677,0
ab29b9c28b92ff6641778e0f950b7c41,3,5,9.836065573770492,610,0
79615c83b08946dd80ad22ca572a368c,3,5,3.0864197530864197,648,0
2a0e3528e41c41ef39169e66405d44c4,3,3,0.0,418,0
858e627d35d8e8ef5dcdeebb1eacc8f5,3,5,1.1376564277588168,879,0
912000892313579f3cee7b05ac8347e6,3,4,2.074688796680498,482,0
d512c6d258a335cbf5347ef4c3796573,3,2,0.0,198,0
8575a4ec9ce856defc7fb4a9f1001b18,3,3,3.125,320,0
94eb5512f5636bba0696a4450c727d1c,3,6,0.0,939,0
0e544d6e3999943650adb0921355af59,3,4,0.0,273,0
b56487f3b5b2d994dabc88683918619b,3,5,1.9267822736030829,519,0
522d97b5fca3abbb2ce3f66ce72c60db,3,2,0.0,669,0
bffb725173feab5621cc4c04505e3fa6,3,3,0.0,276,0
e828559783a69de0f97804777de7f645,3,3,0.0,512,0
f6f8bd5013c84f2dee650aa0b4021ef5,3,2,0.0,176,0
2f7002fcc49c16d2b03e3c2f265c3a63,3,3,0.0,1192,0
ab671887acc3d09810f6c010d52cc3c2,3,3,0.0,446,0
d24d81f2d9e4f7b73ec6809349f4c425,3,5,13.598326359832637,956,0
654beda1146a973c8ca820a8f18ca225,3,4,4.444444444444445,450,0
545a109d0022532120990794af6e98a1,3,5,2.6881720430107525,744,0
b0171bd07ccb816ad4c5e291889b4af0,3,4,0.0,425,0
6be41f4611accb395e9c8de7c3e5a44e,3,4,3.0864197530864197,324,0
94b4795639ea758893b3b5b63d4d358c,3,3,8.0,375,0
2fa22f388e78cbe4b1d3c8c973b112d5,3,3,0.0,542,0
f7f503a8c58895761011e818722c7415,3,4,6.153846153846154,325,0
a7099d738f174e47bae95c02f338737c,3,5,1.4144271570014144,707,0
5dcf18e32fe9e33e440c7fdd90fede8e,3,2,0.0,642,0
8c80998e9876a795bd72fc7d8ba127fc,3,4,0.0,634,0
f79fe0b6e6e262031b5cce013f8c5f96,3,4,0.0,535,0
a5c004a450f5b4022b4df06019347db4,3,4,2.4038461538461537,416,0
b9e02aa91b7856b69eeef33c4366712d,3,4,0.0,563,0
2f32efc684b5ce8f99c20a77d98919dd,3,3,3.367003367003367,594,0
8337d263bfb8e16f0cf6280b3fba2d2d,3,4,0.0,702,0
ea036da08ef7250bdc236340a3fae83c,3,4,0.8703220191470844,1149,0
7bf4478d0b5992edaf945953c13b795e,3,4,5.1194539249146755,586,0
caf032bf95f6a462d717bd5f71327547,3,4,0.0,361,1
341d3f3eeee27aa8680d8916d6941968,3,4,2.985074626865672,335,1
446f5972a44e337a1c3304db023fd338,3,4,0.0,399,0
e9d37517cc57546415c8ad3521b74c8c,3,3,0.0,289,0
791ae72fd95ba4993db53b02b01e84de,3,2,0.0,180,0
d031ee01b6337d273d059331996a1e00,3,5,3.6452004860267313,823,0
71a0db3ab943228edb408d76e0c90396,3,4,14.285714285714286,560,0
97713b0dccc010b30b74726cfe5141e9,3,4,6.622516556291391,453,1
7ce3b27eebf7ea9bd2106a4f6cb52b68,3,6,0.9337068160597572,1071,0
495c250738b6a86c2846f191a076b337,3,5,0.0,791,0
ee95ab6ec3cfdd3c71fe8e858db7648c,3,4,1.890359168241966,529,0
8c9f516d486904f9164163d920a246fa,3,3,0.0,526,0
2ee46f8f1906e0addfdaf1b112821809,3,5,3.0816640986132513,649,0
394e527e1050fbd7f42782418aaa98c5,3,3,3.9682539682539684,252,0
95e3e1469999b4940dad5b4f758c4250,3,4,3.189792663476874,627,0
ce7a054b18ea65bc906127df03b27d81,3,3,6.024096385542169,332,0
9e2d8ab7f9de00323c081db5e67165eb,3,3,0.0,243,0
1e8a05cb367c3fd50c9b1a9f0dcb0be5,3,4,2.0080321285140563,498,0
71a7e6480bad1e58812be722fd6d9ea8,3,4,0.0,391,0
1740f1bffd0f8932fd37205069369139,3,4,2.4813895781637716,403,0
c37afbb623fa42d8d8b9e4671f9a99ef,3,5,3.838771593090211,521,1
ab40ff3f00a644f09c5be9a27955d427,3,4,0.0,561,0
89f13e567a94401b2ad4e1bd6048ac5f,3,4,4.319654427645788,463,0
acb10c40ebc532d45c8d97b9866d5dcd,3,3,2.05761316872428,486,0
9dfe574f56493bd1646041f398105d9f,3,3,0.0,386,0
dadeacf7a33ec981b2058574bb6ad9e6,3,3,0.0,340,0
9f6dbc9124f1f3cd385182ab03921f9e,3,6,9.283819628647215,754,0
0aa26acc1f1b9b69b6cc70882f0b25aa,3,4,4.975124378109452,402,0
ab7c5d9e7863b779015ef24ed9c4773e,3,4,0.0,390,0
6b065cec9d664eba4080d95b3501fbe8,3,4,7.092198581560283,564,0
f70b3d044ab061d601c2aa860b8f00a6,3,3,2.932551319648094,341,0
851ac8e186c528c4a55d878355f5d6f6,3,5,6.0606060606060606,660,0
9a5cae25247d867195b75f3f137c527d,3,4,4.301075268817204,465,0
6c8ed02672a299c4948f9396fcb5d8df,3,3,6.329113924050633,316,0
e535f90843f25cfc6de98ceff2d670f2,3,4,0.0,436,0
53d8d126b1909db195725f7b6807363e,3,4,1.953125,512,0
358f386bf86666012c43f14705dce7a4,3,4,0.0,572,0
88d4f0ccf2a609e43c11bad983c90feb,3,5,5.924170616113744,844,0
acfd8baa210a214b4ef68c07726f0b53,3,4,0.0,484,0
b7e5f9c198c39eff3b140dd840c02b04,3,3,0.0,451,0
62fce2a2717de62465f85dab4b7eb8c0,3,4,0.0,610,0
2fff0d223d438519ab05ce2fb91a7b2e,3,5,2.3228803716608595,861,0
5e02db012e271d31e61c267d3686d63a,3,3,0.0,311,0
6b073f8eb8174b59924fc2b0a5aad5ff,3,4,3.766478342749529,531,0
4ba2c6c17818e47a3d1aa3c31584edc3,3,4,0.0,561,0
3613445c2e0a08945f7cbcc887e403b0,3,4,1.7094017094017093,585,0
37906cb8c1aa2e14da94831650acb6c9,3,3,0.0,573,0
6a4c2962930a27976e13e50f3d9c93f5,3,3,0.0,545,0
b3745edee49bf5da3a16acfdde212df2,3,5,0.0,675,0
97913e1c93340dba9917b249d7793c8a,3,3,6.153846153846154,325,0
39c2163d5327af909479c20c39ccfc64,3,4,0.0,472,0
84f919e4a4cbe72c19dcb9a8d1d7a685,3,5,3.5587188612099645,843,0
e72919faadc8c135768b628d66f176e8,3,5,1.3297872340425532,752,0
db02ffd5ffdef79574f00e308ca9548d,3,4,1.7667844522968197,566,0
b2d50fda34d0752dcea9473d99c68174,3,4,0.0,516,0
2206fe348855a0e64c8f91d3211e3f15,3,4,0.0,489,0
a7ed93ec727ec24ff247108a8c57e350,3,4,0.0,363,0
542a7837852f2816dfc8ce88dbd5e5d8,3,4,0.0,562,0
10ead06e78a1f2a0937b63babc5bf902,3,3,8.379888268156424,358,0
db6ffd72b8a12bf7c493b617b39553f6,3,3,0.0,379,0
ea4ed562d8245895a171a05981acd8f2,3,4,1.8867924528301887,530,0
574bd50e9a6029f898b7f85b798320d3,3,4,0.0,438,0
2702dd4c021575c194be40a79adaee94,3,4,3.389830508474576,295,0
6733045644c4ce0d81db3a163393dc76,3,4,2.5641025641025643,390,0
c03d5cd864a261c01bce224cd948d575,3,4,4.987531172069826,401,1
004733054e2c85fdd3580f6f96e1ddbb,3,5,0.0,547,0
7e6a07d7eca9617df8244547401a8de8,3,4,2.865329512893983,349,0
f4efa8cf59918031584d6e76b0ebb79a,3,4,1.9801980198019802,505,0
4ea421d1691430ec8125e22887e7a39d,3,3,0.0,267,0
d29c1ef08eb1ac7906e9ff3bcf47c269,3,5,2.079002079002079,962,1
eac4ecd7c0818f6ed184766d22ca1b91,3,4,0.0,366,0
287eb8d63c9525af14fa881d0e5509e3,3,5,0.0,701,0
44338965eae48524901521d9d0f841b3,3,5,4.966887417218543,604,0
b898daacc49d3690c047365f03736b76,3,4,4.273504273504273,468,0
511af2962f25343d869fce8cf4104010,3,5,0.0,744,0
e60211bc223d99f0ec2baa42ea82f9b9,3,5,3.6463081130355515,1097,0
999dae0c5b193a579d1dcc2d2a479551,3,4,4.716981132075472,424,0
e6494548f279d7f9865bdaa4a3baeae5,3,4,0.0,493,0
fdcc863a08751088d41770ff2eff231d,3,5,0.0,964,0
50b5d5908dc8908271ff6701c9a6446d,3,4,2.183406113537118,458,0
65085af52ac3b18a121dd26453896b58,3,3,0.0,400,0
764ebbf42b64979f6bd570e161a8b09c,3,5,0.0,691,0
b9a9e6ccd1f974b3c966e023e8363218,3,3,0.0,418,0
8f3817e4df872d3933d780fc2d1f46d6,3,4,1.5197568389057752,658,0
7b43d52aa5775302a4da59e489dae8f7,3,3,17.24137931034483,174,0
9d796ffa9972711d408c433fa1b7426c,3,4,0.0,617,0
d54e46de3cdaeaebe3219c7db3090995,3,2,5.555555555555555,180,0
9dd8b82c0fc0b3d07b946a97a8381e9d,3,4,7.874015748031496,508,0
610fed968076a09382c0a0f299d3cc98,3,3,0.0,449,0
d2afdda856ef5a7170942c87fee92eb2,3,5,3.4305317324185247,583,1
407ed43b4826dba14f3ff573986057dd,3,2,0.0,310,0
7914e2b6580bcf5b0f9e832ed162749c,3,3,0.0,230,0
52749af5daa8bdd9051af27955a3102d,3,4,4.040404040404041,495,1
7cda7166f69f0ea7b179cf3845ff068e,3,5,4.854368932038835,618,0
0423c48bc8ba819df537c1ef40a95ae8,3,4,2.4691358024691357,405,0
5a93e279c4cd6f470cefb801c5a5362f,3,4,11.627906976744185,344,0
b444369911558a007160582ffc6dc4e6,3,2,7.092198581560283,423,0
c5cf4c59bcce1f7f4dad33e2ebd75d98,3,4,0.0,422,0
97fb04dcf4b860463394d2f9e1cb14eb,3,3,0.0,255,0
5ce97083083c51ec5c1d66446e56fab3,3,4,2.0202020202020203,495,0
446a2f474058b43f729c7fe6d95320d0,3,3,0.0,378,0
d0a2c338d3dac0e21710a3e3e5765eee,3,4,2.0833333333333335,480,1
8ef88733c154e6875e67b94ddfbfa3d3,3,5,0.0,574,0
6cc5a1753da8227e90281c469c25c5c1,3,3,0.0,500,0
8ee16f8b3ccc09b4877ad562c6fc2e65,3,3,3.5460992907801416,282,0
2d8848bc14cf67d236639db92a00ad35,3,4,1.3404825737265416,746,0
ee69bbb2d5c03252bd7e8561cd641d36,3,6,7.5829383886255926,1055,0
c207e36c063ef446a2549f520373a24c,3,4,2.6178010471204187,764,0
62ad4f182a6432a4b4bfb6e68cb74553,3,5,0.8382229673093042,1193,0
fa2c1ccba04775108da6151bc338dca5,3,4,2.577319587628866,388,1
485df2154df56283bf39f6ca8f7c9ecb,3,4,9.345794392523365,428,0
3c693581457b8214f81db7f2daa78301,3,4,1.9120458891013383,523,0
6caeda3d16b5dfe0973a7f303226b4fb,3,4,0.0,575,0
5ed3dd32f164f2d87c35be915b724f8e,3,4,0.0,739,0
045ab796c8e20e04fec82738586a1554,3,4,0.0,1009,0
93b14f88db27b5bec2cd63e0f8ef2fb7,3,4,0.0,642,0
a46e23151158cd8c8320ad7b9bebfdf7,3,6,2.457002457002457,814,1
e976ba6399b6754996ee0c2882314e8c,3,3,0.0,383,0
d3151890faeb7a0a0049f998a7636d17,3,4,0.0,456,0
931c8db5e64afc49da265292229716d9,3,4,5.0,600,0
09858320cc6e5fc6ba1781bdb6b80be7,3,5,1.1627906976744187,860,0
d2b71dd6ed97cd9c18b514f4f0076ac6,3,5,1.5174506828528074,659,0
327ef2862a1957c01973bbad44138551,3,5,7.49063670411985,801,1
586f1d07a793e95c617e619a6bb2f891,3,4,0.0,521,0
51fbd805f65fdabb1af1a90ffa5fe4d6,3,4,3.663003663003663,273,0
0af02930d1c10a021cccb3cb164e0980,3,5,1.297016861219196,771,0
068e6d07fcc4571b1fa3314e08aa11e9,3,5,1.2755102040816326,784,0
9a2f08ec24c08ae85ff9a55eb71bedca,3,5,3.1446540880503147,636,0
8f031d59c7a1ed26864d86abbdc7dd23,3,6,0.0,683,0
7a36c22b0c8f7229847a1796340da164,3,4,0.0,433,0
2196029a18e7ec813a6744e5588ab76b,3,4,5.291005291005291,378,0
38a37a0a432894c5801987a50e915efb,3,4,7.8125,512,1
f1f92f5847c701dc87f1227783cee135,3,3,2.0161290322580645,496,0
2739e5c17b40ed4298b852ca16bbf3e4,3,2,0.0,234,0
a9adb92cecfa58c1ea69cd9c83129fbb,3,4,1.680672268907563,595,0
9e549b7769e26d8f9ed0f85516a72a67,3,3,2.5188916876574305,397,0
58414eb009df5483c5af902cd4586305,3,4,6.944444444444445,432,0
0a5f385d04e3e26b0c399c00cedc545c,3,4,0.0,487,0
6e74516bfbefb96e149d7dbc781668a2,3,4,0.0,357,0
bebe7908e23f374a88be883306132082,3,3,0.0,693,0
8211ae33cbc420ecc9281b2c548f5569,3,4,0.0,497,0
f65613c827721fcedc973df3c6cf3361,3,5,9.375,640,0
81e7ce0aca076189d8794b5044450852,3,3,0.0,660,0
cc114b36ecb360145c5d871f5cd3aa9c,3,3,0.0,428,0
2272c41f24a38a73e25b0696e0515252,3,4,0.0,452,0
e86b1ec9a117592fd0d11ff4d0b98a7f,3,4,1.9880715705765408,503,0
0f7703dc7715d507a0f4986b7bb84bc2,3,4,1.8691588785046729,535,0
2898877caa60e3a4812a0dcee51144fd,3,4,6.224066390041494,482,0
8fdcd5e3a584def7fed2c6d7d4eabaef,3,5,3.9603960396039604,505,0
f52cc6e9a83c44c83f702c75093c1906,3,4,1.9920318725099602,502,0
abccbeda9200810c59a835534134b2ee,3,5,5.093378607809847,589,1
48506a6966cc8c85b9313264a190e01d,3,3,0.0,340,0
6a0ff3a821f5062809f37e9803fdaccb,3,5,0.940733772342427,1063,0
3103e1cd8c09807df612759fac150f93,3,4,2.8011204481792715,357,0
5594e868ab4b8d163fe6d82ec4093e38,3,4,4.705882352941177,425,0
24ce2dc2929676f40bb83a4f7d84ce2b,3,4,0.0,417,0
5d1f4143cb8e90c7b0f8df26b8ae5c11,3,3,0.0,329,0
21ead1e587b6d358700665c3d2599f02,3,5,1.7730496453900708,564,0
93e7d25e6d85fac1e474884dcb95152a,3,4,1.7271157167530224,579,0
68f71bfa0480d676c3ee5e9231cce0cd,3,3,4.444444444444445,225,0
eac010b4557257485dd8fb35bf84626c,3,5,1.6286644951140066,614,0
1e1d3fb3a486575013e46d33cf1bd5ec,3,4,0.0,624,0
5f00369c6b94d9c8e928383ad11eacf8,3,5,14.084507042253522,568,1
dc1ed4928486dd386ed4fd48f9bfd353,3,5,6.7114093959731544,596,0
d43c7fbe97cbf39267dc70e3b8960243,3,5,1.7953321364452424,1114,0
3936d0daa001a447186ca9191c2afeac,3,3,10.909090909090908,275,0
38bd5d90d081057ae25b911b756ce6a7,3,4,0.0,405,0
f6449eba274b99156c338e269f1485cd,3,4,1.589825119236884,629,0
0a7d90213de6bf9e099358a2dee61aa9,3,3,0.0,367,0
21a1b2a1670e16bf3e43d26485d8fe15,3,3,0.0,299,0
b15eaaa00fecbda85ed6c525d8742a1e,3,5,1.6313213703099512,613,0
6fe2d1b6beb1e06c446ce867897efe48,3,4,0.0,668,0
3989275bcccc9f8b14f41446c4403e9c,3,3,0.0,342,0
269264267ced7f77a8df8da3459d6234,3,4,0.0,562,0
b7f95b80f01f6b626b8519261c056c8a,3,5,1.4792899408284024,676,0
f54510c61c461a6bb3bb07d06a95a111,3,4,5.319148936170213,376,0
be51dddeb2c427dcaf9c584fbc0edd61,3,5,6.342494714587738,473,0
ede97e4fa40a17df3c36c4bf1b105a24,3,5,1.8518518518518519,540,0
78038966db2ae0187e85a754d21caea5,3,4,0.0,352,0
c57ce2f77773a1cc39f1001040d664f7,3,4,0.0,424,0
781e2b02ded4cea23c85edf128234171,3,5,3.3840947546531304,591,0
b667f4c4b8696d53ccf891fdc2c0d21f,3,2,3.236245954692557,309,0
cf8c7e29449fcc2887275bce9e1d93ff,3,4,2.1881838074398248,457,0
80221b3fe536479e6e01de06c01613cc,3,3,0.0,356,0
35c156350f0b03eaa648c6a92c05195b,3,5,1.2330456226880395,811,0
2b1afd9c4d38de6a244a7bf5e102a141,3,4,0.0,500,0
c9e7b1f183172bee408b87e6c5f75a8e,3,5,0.0,782,0
5b23a3172d430958c4be2ea11add61a8,3,4,0.0,674,0
339e82afaf1bc90acb1c9191d9bf4a81,3,5,0.0,724,0
d476fb407041d4f98113901ce46e10e1,3,4,1.763668430335097,567,0
3fb918ac636c5216c3acdf58ec6908ae,3,4,5.39568345323741,556,0
e8c2575a58f9a4e4ae6357edb9934718,4,3,3.1746031746031744,315,0
2887b6dcf46ef22e6a01732080ff0971,4,5,2.824858757062147,708,0
4a20a605ae840a73fbc721591ffc8dc1,4,6,7.5566750629722925,794,0
33a7eae4bc8dd2ed6342f3f947879482,4,5,4.643962848297214,646,0
d68c08dafe5e5fcc03d5b17980aeb1c3,4,5,3.6429872495446265,549,0
04852a5cb7b45190e8a5be89c9d1090d,4,4,0.0,379,0
6c1c33f072ac0c34f79d5ef3f5771bbf,4,3,0.0,262,0
e058f8ab88ad00ee27579504ca668040,4,4,2.7624309392265194,362,0
86b07bf0919fd833fb1980ce93659f1d,4,3,0.0,368,0
37d9a6a9d345b73f35d3a607fdc30807,4,3,4.219409282700422,237,0
a3d4193b0253ef486f967eea12941451,4,5,12.903225806451612,620,0
4210eb8e67887607f1aae2d45ae38893,4,4,5.208333333333333,384,1
e705612eb0f06fec6daa4aa973049de3,4,5,5.649717514124294,885,0
17c112634a300edf9c31f383d41a0ec3,4,4,5.277044854881266,379,0
18e4fa0d20f8e66d95e4ca71b568b6eb,4,3,0.0,428,0
8a10a9989da41d21a3ec7ab0204aed54,4,4,1.9193857965451055,521,0
3fc5272bc87e71ade05dd2552e4957f2,4,2,0.0,189,0
789f7562c200f3ecc4bd29c3d8374933,4,2,0.0,945,0
dfabc11e12c0c27bfb5db7b9303a4d7e,4,2,0.0,366,0
457aac51bc1d03ebd285bf765319615a,4,3,6.134969325153374,326,0
40fdc1dba5aabbcd3defa89bd998f074,4,2,0.0,278,0
2174e82d2b7abf0cdbc2a9049cbffc02,4,3,0.0,349,0
1cf5d91994f725d09ad49455334dc7d0,4,3,2.840909090909091,352,0
a48c025258a4d16a28af78159d415625,4,5,0.9940357852882704,1006,0
b3107e6c8f23a42da1fab5cb9cfd2ff4,4,3,2.4038461538461537,416,0
d3421fb87903e5f8e7e1b9e968eb8e07,4,4,0.0,495,0
0b620c3e39f7f840339b948b422c4302,4,5,1.1641443538998837,859,0
40b6198471c15802fb6f0f26b70985fd,4,3,0.0,296,0
ba2084988f1df4b78cf06053bc002cfb,4,4,0.0,503,0
980caebfd5bd2bdc60fa1bab87db2533,4,4,0.0,462,0
260e74385c6fee468a62f4b319669b4f,4,4,0.0,377,0
f1dbe67f70450987621b19f1ed0db8e9,4,6,10.193679918450561,981,0
1943f852d211e0137b1300b1a6d69dbb,4,4,5.847953216374269,513,0
ccd39a983676ea062ed487bc66528ee0,4,3,4.47427293064877,447,0
db435d57c9a37bc52113715dfbb5e395,4,3,2.074688796680498,482,0
a5af78d19fba8987e30c7d6481d99d03,4,4,1.8656716417910448,536,0
2333ac5e5e2e50a82efcf80038ec3704,4,4,0.0,497,0
659d3356e297a5161cae7b41274dfbde,4,2,0.0,365,0
7d450854762718bcbf501037b2c9ee4c,4,5,1.644736842105263,608,0
c6dc3a57f68e2bbdcb565d0c3c7ed08b,4,5,6.342494714587738,473,0
951477cb567f8e5c2439dea4a890c81a,4,3,4.962779156327543,403,0
a51c4186733f4039f4da0ed3cceeea3a,4,4,1.5797788309636651,633,0
d671199bc122ba668906fdee31e70129,4,6,3.816793893129771,786,0
4a6b4c2bbedc73ceb29762ab7543b48d,4,5,1.288659793814433,776,0
01f25ebc68e01acacc3bb67dd782e63d,4,3,0.0,338,0
150b5d3e111c7474a60403b6c1853027,4,5,4.985044865403789,1003,0
a2dcd08dd83d777bea5773907f7cb5d0,4,5,1.5873015873015872,630,0
b0853e6c257f87243c29485ca0f711af,4,3,0.0,519,0
b4b6791900c709b40eca3411382f8168,4,2,0.0,367,0
d63de1e00be0ba5d14d28fb88a6b3e93,4,4,0.0,326,0
cdde6832a0d97e5a195844cea3f15997,4,3,3.1545741324921135,317,0
44ae485c4936121a25b8da418c24a6f9,4,4,0.0,446,0
29f1ca1e095e3d0b0a6cd2391e67a23c,4,2,0.0,227,0
9c19172a554572d0df4cb76ccbeacc06,4,4,4.0241448692152915,497,0
370541ce90ac1d53a033866b38236e23,4,3,2.816901408450704,355,0
0ff6c11711ae6ecc10c045b2b6f834dd,4,4,0.0,643,0
c588122e7897bdf9ff9758735d420e21,4,2,0.0,494,0
5687e15c7a44493b0bc7541021ef68dd,4,2,0.0,251,0
45a00c2191efb07003ca1d9b891f07b2,4,5,0.0,599,0
ee06f5fe58dd89642ecb8b0db553592e,4,6,7.604562737642586,526,0
79d28ea5f0c829a3ab4fc546d25e4484,4,3,4.424778761061947,452,0
8e43e11392e1e1ac664505d3fa2e8b1f,4,4,1.6,625,0
6ae19585bb140964babd158c77504e6e,4,4,2.949852507374631,339,0
9421b22b2cc6e6ad3fae81a0c128b148,4,5,4.545454545454546,440,0
16f6d6b3991c4d66665da0928d7a9b73,4,4,2.1052631578947367,475,0
dc3ac125fa5b6b199c0659de6b761d8f,4,4,4.444444444444445,450,0
aa1cae3339cb3b22a5d72dfc9930ef6d,4,6,0.0,676,0
149b92d580cdc3805fdfeddf86b48d80,4,4,0.0,744,0
c5eebadb13f46942db277bdf55cab112,4,5,1.3054830287206267,766,0
11f7813cdfa40af247bc0aac3f3316e0,4,4,0.0,441,0
41e52c5ee23d03cf445f9b0f40cc4088,4,3,0.0,257,1
d80defe9bfada0445ae726453737a20e,4,3,0.0,566,0
7a55230c6f020797e39a46034b376b2f,4,3,0.0,238,0
dc5dedc15c0013c95f5d01c247bc0d55,4,2,0.0,227,0
c95b16b2360946df404b9eefe01d36a3,4,4,0.0,505,0
ab8f0e31f2bb239f7a5f6f525ec607c7,4,4,4.823151125401929,622,0
80da3a10fc14b9625d1c425d2773ec20,4,4,4.405286343612334,454,0
b630b759eb25d4d91fd01cdf284f9d8c,4,4,8.474576271186441,472,0
a2c4ab20abad96073c90ed5d100d7993,4,4,0.0,518,0
36419e8897f7b3a86248b5ed797b463d,4,3,3.9840637450199203,502,0
b5b8f626509785ad8b2b08e4c4bc4208,4,3,6.389776357827476,313,0
1d3c802a4ba826e29cc6cdc48f20849a,4,3,0.0,360,0
c2892d30a7ff88b210c8e9bd6e004bdf,4,4,2.127659574468085,470,0
f415bc3ad517b189328e996b08d3990e,4,4,8.746355685131196,343,0
3c096d637dff8ea494d47df2ff0eb636,4,2,0.0,157,0
12d55e067555f107a28ad5cf2e31f2f0,4,5,5.681818181818182,528,0
e8d64921b18fe9fe4fd67d172962b561,4,3,5.555555555555555,360,0
b4b1f14679f38efe33c18223908ac209,4,4,0.0,531,0
4e592488f9a554a38d7328534ae3e5b0,4,4,2.336448598130841,428,0
fe7bb0461e1093b4f1c9a0c0cec4bdb2,4,2,5.555555555555555,180,0
deb046d535a7c53f51d7ef1c9bfc3bbe,4,3,6.211180124223603,322,0
83e4262453203c6f47be9c6ae3784a95,4,5,2.7958993476234855,1073,0
1e760cb4d6db7cd1f1189f86af54a361,4,4,0.0,482,0
ff2f60893312eca3483b95e91d545698,4,5,20.491803278688526,488,1
ac50434758a1fe82f91ac9dad4598a15,4,5,3.2733224222585924,611,1
4fc10b5a24e1d135bc91020f4950ec10,4,2,0.0,433,0
8752e44237f0687b07f292a397b6a3e5,4,4,9.287925696594428,323,0
bbc6888e96c3fd5fba00571608333b17,4,4,5.6417489421720735,709,0
9b2679e128c83c61bf859f5f67ebd2bc,4,2,0.0,194,0
379b23b6b5d9403eb481d3b737048183,4,4,0.0,668,0
e07dff2b3cad02d5368d73bb2ecda8d1,4,4,6.097560975609756,492,1
3c1eae5ef456fe25b04e099e4de120d4,4,3,0.0,294,0
11d82c110990d4ca2b1b5a4cb369a768,4,3,2.207505518763797,453,0
4200cac72b4ab91a00bec24b99201b90,4,3,0.0,406,0
45276167101083bc11a1e83c1776de37,4,4,0.0,359,0
66eb9e07bc47d65674a372b27ead262a,4,4,1.9569471624266144,511,0
733a1447aa49f08f5dcebbcbd0dfc558,4,5,5.649717514124294,531,0
97346aba6d8d5ae44d16aaba8107ee13,4,3,0.0,509,0
35352379bcf64ec4d2f48f4506f03a4b,4,3,2.6666666666666665,375,0
dd48ef8a8f879a76ee60ea1524e09e67,4,4,2.3094688221709005,433,0
61e741a95be4f61289ee68184bfc1e5e,4,3,6.920415224913495,289,0
cf30ab5de90d2e5c5c61cb8a7b54a0f8,4,4,2.237136465324385,447,1
d63466783a664e7810fb1eb7431aa9f2,4,4,0.0,658,0
09b0bcda098f7b7820da6ccf652283ea,4,4,4.9504950495049505,404,0
ff256080669aaaeb30e3b4186dc23ae6,4,2,0.0,548,0
3e408f403ece67885873fbe69be2d11c,4,3,0.0,531,0
320d94a2ed6eeca341d431be639f7441,4,4,0.0,390,1
1ee56276e27478a58773b2f03c56dfbc,4,2,0.0,419,0
eb9c1017ba227dd647c0f48966757ec4,4,3,0.0,339,0
dd227b0963c160ad1f75d30a285bc208,4,3,0.0,293,0
0254a8669af9d8a631141461842c268a,4,4,1.02880658436214,972,0
0f86e949dd66ca8998f13c7a27681485,4,5,4.264392324093817,469,0
af6c81b3b0c052ae5c4babf32d601033,4,5,3.2502708559046587,923,0
621caaa7cba56f619c1142d7f154b902,4,4,0.0,953,0
94f82adcf64e367816950fc2eda57d91,4,4,0.0,485,0
6cc77ec681d113997d762574619a52db,4,4,1.5847860538827259,631,0
140255b0591a3921042bd1b431c9dbc5,4,6,5.159958720330238,969,0
6f7585479122b6e7e369fd8b77796d7c,4,3,0.0,253,0
e1db9652dd7d3d83509bf24a32e1a124,4,5,3.5906642728904847,557,0
69b2a56efbc7095a5bacc571d7a60008,4,3,4.032258064516129,248,0
1cae0efccde4361e623e7ddb19086766,4,5,1.2578616352201257,795,1
ddba3ce704e3429b231edbcb69afbd2a,4,4,0.0,471,0
0f6cbe4bfba418b2acdd876ffc3e6378,4,4,2.7624309392265194,362,0
8182d87d669e82821f3c6bdf7abfce7e,4,3,0.0,395,0
db7fb49788b3689ab1a7f061fae14e49,4,3,3.4129692832764507,293,0
4c23ac16d17393fb5d680d36139e07a2,4,3,8.287292817679559,362,0
053d1fd20b5d535cafd3fea0fe532f52,4,5,0.0,507,0
6f193e58048b614663888fb0edd8124b,4,2,0.0,259,0
be2b4a6f24c3b0a62438bf5527bd0313,4,4,5.2493438320209975,381,1
de9e3e002b7227545850fd359df1c002,4,3,0.0,310,0
f342a62171b944668f386cf744a05ccd,4,2,0.0,174,0
e8c15c7b364416b49010fe77ecbc804a,4,3,0.0,186,0
2ae04ef850c655b07b0bba4dd357b25b,4,5,0.0,914,0
0fac53053db6a23ac82d6407e7d7de59,4,5,2.886002886002886,693,0
c166014becb8a6cef402d4585ed785c4,4,4,5.47945205479452,730,0
8f05980515f66a62c30fdb8d36c103a6,4,3,4.854368932038835,206,0
7ec5e48f9ce0a118b14f17e8c057ef87,4,5,1.001001001001001,999,0
46873d9663381a3cabf1de75db44c1cc,4,5,0.0,744,0
e1dcb29ef7f1c67e81785a41458b39f3,4,5,2.8208744710860367,709,0
b941351a6a8610201725f115d185ea7c,4,5,0.0,502,0
9d49a7a830ba033515b45d2499d7ac73,4,3,0.0,622,0
4d3397b7ee5f8bedaa81e690c913f832,4,5,0.0,839,0
f870337e13757c327f5de7e3b715e531,4,5,8.174386920980927,734,0
9a9dfc6ebd2035252572482dce877830,4,4,1.7985611510791366,556,0
26a3be183ac32c1ce33fc2a406ef870f,4,1,0.0,174,0
0ab5d8f55b5051e9d5198b8a7687b2df,4,4,0.0,568,0
7e7034f82935b6a23b55758288de61d8,4,2,0.0,295,0
245e2f11df67d33e597315f5559ba197,4,4,1.7985611510791366,556,0
7464529f8f585c6c95f199f29a8e1fb8,4,4,1.6313213703099512,613,1
f025e761aa70ff2c4b346ee348a7f551,4,4,7.561436672967864,529,0
f08f89fb5a8008efa4fe7260e4883032,4,4,0.0,311,0
1a2840d71870fcc1017c30d88c6bc21f,4,5,4.225352112676056,710,0
4748bf9b72615a2dee2ad9b8e5f81df9,4,5,1.8416206261510129,543,0
695ad2fbb9f9316fa04534867d1baf7d,4,5,0.0,887,0
2572c10c1134f086e66e516e111fb468,4,4,5.617977528089888,534,0
293ba0a49bc38e12136d98456c50e351,4,3,0.0,279,0
aabbf5fd18d90165b2ee38532cf78ec0,4,3,0.0,300,0
cfa456ac891c0d7cd8d2c33d34693c1c,4,4,2.0618556701030926,485,0
f5ae9c2163e89c1d572249fdf39de190,4,4,2.0242914979757085,494,0
395621687dd1621f1f1844f7837a4f7b,4,2,0.0,258,0
0d783c86d60e44ba708989651c4585c0,4,5,3.937007874015748,508,0
bb5de14dc2b1c1b2f33c8463b4796624,4,5,0.0,611,0
db8da94bbfacdf016f8195370af758b7,4,1,0.0,169,0
5987b0fc6995bfddf8f821ebda933d71,4,4,2.1691973969631237,461,0
aeb0a90fdc28043accf0f1cd2dac2033,4,2,0.0,378,0
a07b2e6c2f6ef0507742bc2e6f0f1ff6,4,5,2.1052631578947367,475,0
666775095ca28193f5db60fc2ea6c7e3,4,3,8.333333333333334,240,0
0e1d06a2c160f8914a5bcbf5eaadae19,4,4,0.0,499,0
9fb0edfa2572a06f0d2707fd51b6d66b,4,4,0.0,411,0
401f48d796ce3f315acd23bb5f3d66e4,4,4,2.4271844660194173,412,0
5db35cc1376b6e8c0c78557d974e581d,4,3,3.690036900369004,271,0
d153d6afc87c5a47541b3c987dce1d62,4,4,0.0,481,0
6658d8932c8baf8aeafc97fbc6a1e0a9,4,6,1.124859392575928,889,0
13548a4cedb845e4c28acb5e146f5efc,4,6,2.554278416347382,783,0
eec1be870b5a3546d6fa701d519eea24,4,5,2.0408163265306123,490,0
eeb8348654eab6e3f42b4662077bd44a,4,5,1.7605633802816902,568,0
1eb19a6fbf28e4a359f9842f2e8fc9fa,4,5,2.9069767441860463,688,0
393b65f89f3a047254504ab1f2bb4acb,4,4,0.0,475,0
fa557ec007834c5ea75d9c028c29c1ad,4,4,0.0,498,0
7413fc44a2bab09a52e6b18644647ddb,4,3,0.0,324,0
d82c46383ee4b6537e6e5a1999906d3b,4,5,6.211180124223603,644,0
eaf7054e6c6daa693d402336efd553c1,4,4,0.0,419,0
cd2d9e4d0dc5b2edefd927f1c6343a1f,4,4,1.4245014245014245,702,0
f589c7014d25a0e6423e685d45b9c4d5,4,3,0.0,307,0
0110059c39f4416b3b916d888183f0f1,4,3,0.0,371,0
1fabe7fdc27bc302b056117b55941dac,4,4,2.1551724137931036,464,0
44f33dac929b10ce3d3bcd24c791eefb,4,2,0.0,323,0
65df92b06a0cdcc2cf875fdb689289a5,4,4,6.756756756756757,444,0
989040beb9c47838c8aab59a60c067f8,4,5,0.0,548,0
892a85e09a2bca44ec823aa787fc446a,4,4,1.9120458891013383,523,0
901569e85c03ac347546d7895a6a9362,4,4,5.714285714285714,525,0
f48576649160011d99ff0ca425c9c494,4,5,1.3404825737265416,746,0
2e9aae0dca668725d74e644aae4594bd,4,3,0.0,341,0
961a2bb3af32f3a0772424d58cda0241,4,3,2.6595744680851063,376,0
d11ae591b95c184a8b324563d5a0679b,4,4,2.4691358024691357,405,0
c682fc4feff521518f10d893ac2770d5,4,3,3.8910505836575875,257,0
cebb530632d9d89dbee849fc6200762e,4,6,1.3531799729364005,739,0
ef6c03d8aa55d16a2c328e7cb21716f3,4,5,1.0834236186348862,923,0
809c9a07009d2475e41fc0da24349793,4,2,0.0,286,0
b3f1fece17586769d8ca98cada8928f3,4,3,0.0,556,0
afce0d93ddbfe37e407e63c9e6bdcaee,4,5,4.451038575667655,674,0
d6f6ee8830e814fbb653ad1a82f55722,4,3,3.7313432835820897,268,0
81b59315f82431c53791c04290c6ea28,4,4,3.795066413662239,527,0
1fade18b46a45bf00ce8cfed0a0c38f7,4,5,8.16326530612245,735,0
4049af22684b38a7de2a3fbaa2f81693,4,4,2.6455026455026456,378,0
182356d0ec970778f43890ce2dfe00b5,4,4,1.2135922330097086,824,0
e05ae718853f8eb4e20ff832d89c2a9b,4,2,2.0833333333333335,480,0
66c7ec9150365eac57d9cb05df149171,4,6,6.016847172081829,831,0
f0a671aa265b38ae39b480f91f5d14a3,4,2,0.0,174,0
a7c1ca091a5f707a8a53314021b1b112,4,4,7.772020725388601,386,0
87b7aac312034676f053a9e623c04bd6,4,4,6.116207951070336,327,0
0935a6aa8490f6c0394034d2860efc42,4,5,3.813155386081983,1049,0
dc6050ebcf14820eb8fdf8f075f342d1,4,3,2.6666666666666665,375,0
33db25360f5db2b62690ba8eb4503c23,4,5,0.0,699,0
d6aacd32690a036f123054ba84b7fc5e,4,3,1.567398119122257,638,0
6b0ab079640f08347e8915d7c39725ee,4,4,0.0,522,0
bc0188360f8684be8c9520f6d95116a8,4,3,12.5,240,1
638f3ff41dbbc238e62ab88bef397d6d,4,3,0.0,246,0
0d849a38e3b30a34c6de272f9a48da60,4,6,0.0,1044,0
36e327318d289382d636b9051a64b667,4,2,0.0,297,0
520bd3698ba29b952643b7084c636b8d,4,3,0.0,340,0
f95c0c6b20a18b348625551ba3f8d57c,4,5,0.0,731,0
69cfbfa5e0c6e645d83c85f3f92a817d,4,4,13.605442176870747,294,0
eddca3a81cc4e8dca950852481521c16,4,3,4.716981132075472,424,0
5150b5d6c0aa97ec8959dacca1c868f1,4,4,3.361344537815126,595,0
85c6b63e62f931158387a2d2b89f4548,4,2,0.0,163,0
084b5283b2077830dd81d1b935142bbc,4,4,10.638297872340425,470,0
67bcc2dec923a4b54f30a19f783243ea,4,5,3.579952267303103,838,0
e9498491ca5547e779baeaa31b238987,4,5,0.0,417,0
28c3577f6c12502e0a0bd9a1cc3aef3d,4,4,2.079002079002079,481,0
8215b4570f491ec695279448bdd47556,4,3,0.0,291,0
98c15af06a69181ae63d1f966dfbf048,4,3,3.861003861003861,259,0
893c8e83a5f059fb19d533716aebfcf3,4,5,7.326007326007326,546,0
25b73fc17e01c3d9eb60e29833e37158,4,4,0.9718172983479106,1029,0
9aa25dd96b294798f8926626676b81d4,4,3,0.0,331,0
970e00e6b785286c116270e60420c463,4,4,5.420054200542006,369,0
4e2a3360c6d70a0129e7c1e6da81bd76,4,5,1.7064846416382253,586,0
4403e89f72adb53bea6c6c01b144e993,4,4,1.7513134851138354,571,0
3536a34b73bef54daef8e54285d3e882,4,4,4.366812227074236,458,0
81d40835b116068d5c395c824a64f750,4,3,0.0,305,0
e84c1e64ca40de78167cc1f33a10c5b2,4,4,2.34192037470726,427,0
6e32c2b1b2b3bff8b0c14f81c870b4aa,4,4,0.0,419,0
7cbe25030f7306f7fc31670e88940242,4,5,0.0,509,0
bc2bd6e7ae80f8958ae8dc98147733e2,4,5,6.180469715698393,809,0
a655e1c871c6e261a9fd943bedb96f92,4,4,0.0,355,0
32788b1ffa729a4b6217ceffe72f5f9c,4,4,0.0,492,0
d4fc6e3e9d6f02548f481e98b1d5b38b,4,4,0.0,411,0
cd216b78b92afe82fede119cbf25778e,4,5,4.3478260869565215,460,0
9c01ab4a5b479ada9f2250c24c447fe2,4,6,4.854368932038835,1030,0
48cd525678423e5878eb4bc14531a129,4,4,0.0,446,0
0bd8f278c593ff973ce72944c0a21524,4,4,0.0,545,0
6d62b87f11cc2dedc1bf67645310cfa4,4,4,0.0,602,0
614bbd7897c740bec9935711dbc1775b,4,4,3.215434083601286,311,0
2f31b8240c0e36636d2aaede83a03ed2,4,2,0.0,305,0
dd3f901ad85baee99adcdade78849969,4,4,4.640371229698376,431,0
e7092d263904f1b28e54e1faf9411924,4,3,0.0,347,0
ea493048cd6bd5af5b2237fa989aaca2,4,4,0.0,337,0
bc90cfe2ef698e89ea6e330e9c7c288b,4,6,1.1534025374855825,867,0
1b3ca074cd2467b47f10a35bdc9adac3,4,6,7.398273736128237,811,0
23a5de85265bcf2048bf45b8aeeda89d,4,3,4.576659038901602,437,0
16d966a7c2c1f6459c9ca4a16659da8c,4,4,0.0,473,0
9abae88340593ebb8cbc50f316682990,4,2,0.0,181,0
959992d2d8574e2c84cc40ee2cc7c723,4,4,3.125,640,0
ce4ce085a4bd0c938ef3f67c014484bf,4,3,7.042253521126761,568,0
99ef32c6e9482bf83d58dd0500852fa5,4,5,1.6181229773462784,618,0
ebb6a22b594639b45c433605b749a87a,4,2,5.524861878453039,181,0
50e7de7f8432ae84da70c74ba7fc28c3,4,4,0.0,687,0
596501cf8219f6e7bd5d096eb2d88fd4,4,5,0.0,778,0
656ccec95d9e088f6bb2181de22b4a14,4,3,4.1067761806981515,487,0
d9d3ba72ee813859d97740c7ec44f04d,4,5,0.0,746,0
0fd2781ef4424249ae7e52a1cfde7ed1,4,5,0.0,449,0
c1fbe36aa89b759b885cc7c41755be6c,4,2,3.5460992907801416,282,0
916d07bacb18d222d72f2755456d237b,4,2,4.484304932735426,223,0
176b4e5374910f3157b45fbef8d6ebbd,4,4,0.0,399,0
66f007a84a07a75d494dddef1f64b44f,4,4,0.0,481,0
3afa436dfb2e418cf992d3cfbaded085,4,3,13.422818791946309,298,0
5527a6da56c710b282bcbea150316a59,4,4,0.0,520,0
8467a7391e6dc4d2c37378c4b927d81a,4,3,2.7472527472527473,364,0
fe6a20d0dce2a1882856c4537630adee,4,4,3.8684719535783367,517,0
ad5cd3f0a07fc5d2d273d390235c3f11,4,4,0.0,430,0
c7b4bfab2823042d141f7c97f29c1b3c,4,5,0.0,521,0
1ba43e63e890560933bff7b66d9d0676,4,4,0.0,737,0
a5a099964f6cc5e65cfe89ca4a616d47,4,4,1.8416206261510129,543,0
314e168318d4c5fdf56686481bfe923b,4,4,3.8240917782026767,523,0
39100f1cd977cdff226a8f25a8b147fb,4,2,0.0,259,0
1420e7f5306e7a7832d7d9edf1258863,4,4,0.0,432,0
1283eaa1e88d56d47d32c7460e16579f,4,3,0.0,490,0
2137d4267ed4a8ff6612b8f5c09ce6df,4,5,0.0,522,1
85f2197c3613f6935de962be4b7497f2,4,4,4.484304932735426,446,0
0a14e5208c287be822e2e050c92f2989,4,2,0.0,427,0
b996a52e3a67527d018d07d59711076f,4,4,0.0,461,0
d5333af09079c092f3abee7d38121457,4,5,7.763975155279503,644,0
a6a4bafad28a7eb5da1b276ca247a7be,4,4,0.0,381,0
c64c40bf4b0c59fff26369310eefdfc1,4,5,0.0,730,0
7f2008eef4a7b1857c65fdb1f4987f12,4,5,5.9760956175298805,502,0
2a272acf8cec3a511edb74d94d18d60c,4,3,5.449591280653951,367,0
095491082e08ae9128d6aef048ed8d83,4,5,0.0,646,0
371adf72a7ae2eec625ab6b0182d270b,4,4,1.4970059880239521,668,0
340946eb85d0d4854bd6812430d6785e,4,5,1.639344262295082,610,0
3275fb5a12923559a9ecfc0bdfa721a0,4,4,0.0,526,0
f0e02db67c4be8e8ffe1ce6bedd7f61d,4,4,2.247191011235955,445,0
1b6207b3b3c9eac4995a6bfaa77d92c2,4,3,3.225806451612903,310,0
637f0e2790416d781e7f7c7bbbb5ceae,4,4,0.0,531,0
c6f5dff9aeb69b8ac91bb7e7a9c6ae27,4,3,3.7593984962406015,266,0
d30d44800cdd4095b3dfc60f82cab083,4,3,0.0,322,0
106faaf3866a993a3c7935adc5fe6909,4,5,0.0,775,0
30b4a073ac0f830f24c551eb9b09b582,4,3,0.0,516,0
971089964c2afd53f577bef91af3c965,4,5,0.0,819,0
3c1f81f9dec97df6e86a6e88bcbcb7b4,4,3,0.0,374,0
a344c1c60cd56976fba71a1f0dad2007,4,4,0.0,476,0
f3a60b7bf136b58231d22d40b91bd91b,4,2,0.0,250,0
5401fc1f3f01ddeab0f5325d55db48d1,4,3,0.0,249,0
a2db6a044f8c4c297ffe189a1a95e7b9,4,3,4.132231404958677,484,0
47f6110d99c0e77ed0d3b4b5e178f515,4,5,2.8129395218002813,711,0
29c8d95d7aa6c7f845350b41970bb796,4,4,2.0491803278688523,488,0
70c6280a315a453609dbde4d8d0da7ad,4,5,4.137931034482759,725,0
eb587c183785546aff53451146fb3fd2,4,4,4.040404040404041,495,0
f44888d8d85e85049d44527afa3ca8c8,4,3,0.0,333,0
cdce63c40765cc578693ba4de608b165,4,2,0.0,251,0
f7e0200a6f66d82ec2486dc097b96d24,4,5,0.0,762,0
e00a47116b6f1bf40fadacfe14e5ba59,4,2,5.2356020942408374,191,0
4feb0b22ff217f000c0ab49724b20414,4,3,4.444444444444445,450,0
80f696b1f7f696a4d3a764faf736b4a4,4,2,0.0,570,0
4c5f6606f6b8ece414822e2ad957836c,4,6,0.9643201542912246,1037,0
1ed3b1167363fb758ead3fa4bcbfc460,4,5,0.0,491,0
49ab9c14515a77a092a742d5f93e2f98,4,4,0.0,349,0
29b449fed4b1d247f251362de50eaa19,4,4,0.0,273,0
6afefa4879d0d59eab73de0eed3d36c5,4,4,1.9193857965451055,521,0
0f8c08631dabe5c3f5cab5b2a9d729fe,4,4,3.629764065335753,551,0
972cd6e9acebb9738f54b6fc8dcda850,4,5,1.9455252918287937,514,0
f2bac9f86879d9885cac456fa270da64,4,5,1.6420361247947455,609,0
13614a05e3aca1eae280e428a1cfc358,4,4,1.183431952662722,845,1
c7af69d70d88722694535e30005e6557,4,3,4.694835680751174,426,0
ca372b169f016d0e7a1c56ae57bcdd1d,4,3,0.0,269,0
3b57265a1aa3cbd214a963e75dbc7e9e,4,4,0.0,462,0
88fd93715ed0e377a53a5ebbdadf5a58,4,4,5.633802816901408,355,0
de01b4e7755fedf08bcbe8c056993e2e,4,4,2.1186440677966103,472,0
7b6a917b73e428f8c374c48485836b0e,4,2,10.025062656641603,399,0
239d7d1ef54f80cf4d4142cbcbb9f91a,4,4,4.219409282700422,474,0
8344132aa5067bd25b44d666e26ce557,4,3,0.0,372,0
0fb5293c6d60b71275ca63ce3b5e71bd,4,4,0.0,444,0
0e2b1c876e1549d50958835551faa9aa,4,2,4.405286343612334,227,0
6f4472ea4f4717d385b26be2fa55c35d,4,5,1.9455252918287937,1028,0
05ef65b3f91302a602c3a1eb26851c8a,4,4,0.0,445,0
832015dc624dbe71c34ab1a329c74f05,4,5,2.5380710659898478,788,0
bbdadd5d63b61d752011ddfaf57ef0eb,4,3,1.86219739292365,537,0
b4b26d34d8bce4b56e65067ca35caafa,4,5,3.9761431411530817,503,0
8cb5f41307cc19d3c6ce3d4ab2fbf887,4,4,3.466204506065858,577,1
a910c115e6a56dc9db812f63cd191c18,4,5,1.5060240963855422,664,1
1c96370d98b3d0d4339fd81f004fffef,4,5,1.51285930408472,661,0
d297265d910adf1933bc8c16596dbec0,4,4,1.5748031496062993,635,0
61dad89c421df5baff8c00bf9013b27e,4,5,1.8248175182481752,548,0
c2c5c7bb6f25e1ec201c3c38e7e11353,4,3,0.0,425,0
99f6d02b010ea95704a9667a127665e5,4,3,0.0,644,0
40947b761c6289cec13ce52431fabc03,4,3,3.3557046979865772,298,0
fa3d7aeccd5437e22ab13c97319b06aa,4,4,1.9047619047619047,525,0
d8cac9114233e6ee6dd3346fdf039e43,4,4,0.0,453,0
af5ac4b7ff61e56262bc8d363f41c53c,4,5,2.6490066225165565,755,0
2e0fe5ee0d41e7a65bfcdde9b8dc3213,4,3,0.0,428,0
c2f003dd5cc59b03061e3735c1b593d5,4,5,3.0864197530864197,648,0
c92fe72eb60c4578db7d7d0a738e972f,4,5,0.0,677,0
a8585ccd7d2356b2e017634da0f7c10e,4,5,6.211180124223603,805,0
b8082ff6fb5a246eeb51dcced6fadd12,4,5,1.36986301369863,730,0
71e6acbddfbd63afd61ebfc61287ccfd,4,4,0.0,648,0
4c220198b2edee4f5def6670a2da6a22,4,3,4.444444444444445,225,0
83be3614f21504fb20b1398d22f123b1,4,5,3.372681281618887,593,0
a6dfe7cb7ff98e8054e344716e196d86,4,3,0.0,427,0
90f64af014312fcea3da5f9ca502de99,4,3,0.0,249,0
7c486f3eecb520fd4d3c20ddf9b915e3,4,3,8.982035928143713,334,0
e7c8def0fbf3453b1cdad5983029d594,4,5,2.1691973969631237,461,0
5561857893fa302ee60f8e9cc4f5cb68,4,3,9.202453987730062,326,0
0bbddf41adbc8a56a3078e1085b2f186,4,3,0.0,255,0
1997070c711e8d4a73ad8e20ee0cdcaa,4,3,3.9840637450199203,251,0
30478cee7949249216077910eda2e8f7,4,4,0.0,517,0
0fd94fc16915108f227e0348c72707d9,4,4,4.975124378109452,402,0
a1618a8236594b9abe509bcb7a425ee1,4,4,0.0,360,0
ad07fb775cec9691a8bd8874183ac6d9,4,2,0.0,202,0
fe3f08d56b1e82f0dc27959f501f8a3a,4,5,0.0,995,0
22f5299d9de505a9b9ac9b0313bf7943,4,4,3.2051282051282053,624,0
c415d22a6a134498c988d9a709d4bcd5,4,4,0.0,492,0
6d2a58257eb7fb6ea3614c40abb6b538,4,5,10.88929219600726,551,0
045366ef23613f7393f0d576352b90bc,4,6,5.524861878453039,905,0
7b28136171f5f4af77078c66b9041668,4,4,2.1052631578947367,475,0
5ea15468477549596124fec434fc403c,4,2,8.0,250,0
d6e8e5b3c58691f47729fffb0383bf57,4,5,1.8832391713747645,1062,0
055ec42f09f2f1ac52159cbd60dae7d4,4,4,0.0,474,0
0fa5eb8ee43b0c452e3638a0b9a7f5bd,4,4,0.0,430,0
632297448720c0ba2aa5723fe8c1eeaa,4,4,9.59232613908873,417,0
8b6d5f2ccdb281d00f9e35aade481050,4,4,0.0,435,0
3dd70e85483ebf70dd9426c36b7b79a8,4,2,0.0,216,0
b565bf272da619a4a4faa3996a5e572b,4,5,2.9368575624082234,681,0
6c8af54eaacd3fb33e110b827943ac30,4,6,8.883248730964468,788,0
adc7123d8c086581b4209eedfeda5746,4,3,0.0,318,0
d65ab56d9085adc308400a1267ff1f90,4,5,2.512562814070352,796,0
360bf58f1effae6146e903775c07fd93,4,5,7.23589001447178,691,0
5d512b59558198ec5745ffe89b32e95f,4,4,0.0,455,0
b3d2a9ad810f3788d690ecdc9bad424f,4,4,4.291845493562231,466,0
fd3e9c4d352994f23ba469b48a1edf92,4,4,0.0,549,0
c20a782619042584b7f4987c84a5d0c2,4,2,0.0,201,0
51240380d346a31844bd7e53a65d4cc8,4,4,6.896551724137931,435,0
57e98423c5fd2fb8b958ba63b3826b7d,4,3,5.698005698005698,351,0
ab376822a5c40a045df4b0ea85770193,4,6,9.336099585062241,964,0
b97d5f01ce0b06e9cb9605be9cba58b2,4,4,0.0,350,0
52c4202fb1887e73c4b4a96a88d13653,4,6,0.0,892,0
69b45708690a7321525c03bee0d21100,4,4,0.0,321,0
fc61b0f9fd7be94a6efd10c4ea41bc7c,4,4,2.7624309392265194,362,0
dc1f2dd68bab56ff7d45e5c05e6105b1,4,4,5.012531328320802,399,0
18ee1489c545b97f97ae819df0158195,4,5,4.622496147919877,649,0
cba4dbff3716872c045c75cce8a54330,4,4,2.7548209366391183,363,0
507c2957658ea0cd4efad75ef2fc3d65,4,5,1.8518518518518519,540,0
acd91fe4e5102246b54ca53f7d7d6c15,4,3,0.0,446,0
dc72a592f8ab43d965cc90034063b706,4,3,0.0,371,0
2eb4d3a143ad092e05992bb032b5f0fe,4,4,0.0,621,0
c8e62cbd85f04327685dc266ddd65e9f,4,5,8.032128514056225,498,0
1cfb7f83ebf1ea7c8b872d63204f5904,4,5,0.0,632,0
60b841e95f12d0d9a6e11d263e5496db,4,5,1.3440860215053763,744,0
24c847d20e90afa107e92d291e54c3ff,4,5,0.0,621,0
898bce94a8f3a75bb00a59bd03055528,4,4,2.34192037470726,427,0
837adda45b499d286138f33641c5f5e6,4,2,3.278688524590164,305,0
f1a5a853ce325759de6723d5e2c7dd56,4,4,4.056795131845842,493,0
35d99c7f7d02828bda7a846078a68f2c,4,4,0.0,442,0
e4acdad6bb7f5f7918b5084f0870c1b1,4,4,2.1231422505307855,471,0
782a287f70c9ca4dcbd6250908281b00,4,3,0.0,406,0
6c9716947e0ee7fb9d5a783f5864d099,4,5,6.015037593984962,665,0
ae3636f997eb0568954663586a9b0a8c,4,4,5.535055350553505,542,0
599d4f6d1f6f53ab9e1be899f07f1b5e,4,4,0.0,476,0
a8050ad571373fb307e6a06ebcd992eb,4,5,5.2264808362369335,574,0
64a44933615280dd9ea9a685a4848658,4,4,0.0,559,0
991c521499d129fa8ace6983d6dd7de6,4,4,0.0,396,0
a2063871080dba19cde96d6b7defc043,4,5,0.9852216748768473,1015,0
328036412b4e0c20a8b40faae31163c8,4,4,5.2356020942408374,382,0
96f797477ec322aabb356b9221581f48,4,3,0.0,461,0
f5dd0930c7bb4f5bf4aab9dac6ad810b,4,3,2.2172949002217295,451,0
3a4684d728ec07a9589e266ec7eb83e9,4,4,0.0,608,0
cc11940d82daf9796d59150440744b7e,4,4,2.0242914979757085,494,0
eae13cd29da9619ade34cbc448dc76db,4,4,2.3980815347721824,417,0
b673463b424daf30a560de45fa90cf1a,4,2,0.0,308,0
8ec6b6bcf394d134e03c175b8f5d08ea,4,3,0.0,433,0
dc3346d10fa4fdc94cdb0883d5c6558a,4,5,0.0,656,0
b3082c7c1aaddfd6489f8b7a6257214e,4,4,4.618937644341801,433,0
dd98611afc90b0d5a4d6f55a0847a953,4,3,2.293577981651376,436,0
bef826b9a0393dc883fedf199833629c,4,3,0.0,342,0
70f83142d06eb8f5f8091115084a08ca,4,4,3.215434083601286,311,0
9cf241ade2b5c3cf20ec12bca9e79269,4,3,0.0,255,0
7f440454f06a2c206e04a1808f466b76,4,3,0.0,872,0
6bac9953b87ea2525554c7d2d7b573a5,4,4,3.3222591362126246,602,0
786b74a7b6577c33d9b28c85c558a1ad,4,4,1.8214936247723132,549,0
888ab5ac7cb6b1519fe6abefe6d290b6,4,3,0.0,320,0
adcc7faf261e8e1b92302d6457426d73,4,3,3.861003861003861,259,0
65154aa2c1ffc8dbf8ebb5e01d87da9c,4,3,0.0,320,0
704c5535bff3122fe50795d2c6a1c9ce,4,3,0.0,422,0
b4c83c56f28c74d7b558d64351f179c1,4,5,0.0,795,0
2e06f43ab0ca4ead5b5d329c589cc1bd,4,4,0.0,556,0
90e9657886f471a8e39f59758f94c8f3,4,3,3.597122302158273,278,0
10578cc9491fa41cd6d435b3e7e29029,4,3,0.0,415,0
36300940eff6ae43e6b56c5f399e3dd2,4,2,6.329113924050633,158,0
c6d9e16acdb4bdd6114510e409418987,4,4,2.9154518950437316,343,0
cd8cb2e30c148720b725a9065d2f95ee,4,2,0.0,261,0
25e4e594ad9025e8a27244150d931a6b,4,2,0.0,215,0
101af99bebde5392a2aed1895b80fdfb,4,4,0.0,441,0
ce67b285dbd6aadff93294a20292e630,4,3,0.0,421,0
f34e72248c325feb6cf732623116a06f,4,4,0.0,488,0
80d103f47e2958265042e299a871aa6a,4,4,3.0395136778115504,329,0
6ec2d94c8cf18705a8b1b02eface4f1c,4,4,0.0,528,0
22c2529d147d364d1d1645e99c08f187,4,4,0.0,300,0
2f9622375847225ce8aa47a2d41e96bb,4,3,0.0,452,0
7019d4eb938aaa460090bef0a915eeff,4,4,0.0,425,0
a99d7fb64c9dd9610565845965d5da3f,4,4,2.6246719160104988,381,0
de108a0791c79148bf8c8ecc396dd21f,4,5,1.3774104683195592,726,0
f6c4a4ea4924af37f769749e5d3dc8ca,4,4,0.0,475,0
84fa3df0ec655f37fa9f652a031ee823,4,4,0.0,394,0
c14f4cb6875f483c3cb2d260d08afa87,4,2,0.0,160,0
88bdd1e8352d33a707117085ede1d09c,4,5,7.920792079207921,505,0
3c4dd712bcf45b64d04dc53248b591ef,4,5,0.0,543,0
033cecaaa7b775d1292ec5ef0d336bea,4,5,0.0,713,0
0f1f674670c7862dc7769134a3a737b8,4,5,4.8,625,0
7b8f4ef72928e7233bd3309187a692a3,4,4,3.9761431411530817,503,0
3a15dbf4411eb81ae08d631efd02a713,4,3,0.0,389,0
c03d6905a9444f71c6f5aba025b017b9,4,4,0.0,511,0
83170fd1efd89488f1ecae5463db5f09,4,3,0.0,302,0
df4bc6c0436459716d67237a02e405fd,4,4,2.5380710659898478,394,0
98093cc35405918d522626f210155b2b,4,5,0.0,586,0
c08690f5f5b50fef5371a6107da4de52,4,3,0.0,336,0
3f121ef4808bed7247f19c56378e7e16,4,5,4.225352112676056,710,0
09bfec7e2dd46423fbbaf6745628d765,4,4,0.0,664,0
11e1a9ba3099362733a9eab9c910d2e3,4,4,0.0,499,0
cd5ca89a6a59be048d9ab6bb7aada3bd,4,5,2.242152466367713,446,0
63afcdb8467c9d0586d847fc03ba7c11,4,5,0.0,526,0
8ed14ebc934f72b541e9bb593b9df5c1,4,6,0.931098696461825,1074,0
2ff30ad88925f9a4c62b7505b8fe3849,4,5,0.0,578,0
a217fdf5f3e998ab4fb1c05b5f291f3f,4,4,0.0,503,0
eaf585ce7148b61587f3f96275a8fd8a,4,1,0.0,535,0
22717bf9dbb152dd69b2b01e15c3e3b2,4,4,0.0,585,0
16a0768b7d4724d919f572ef5b916fe4,4,4,0.0,507,0
9c32f4a1dc993d625327c682e749b45a,4,6,3.5460992907801416,564,0
3df0b1541dbb9c2dc209ea35895b32ff,4,2,0.0,212,0
3e979e3948c1170d772a20b5b58f3df4,4,4,0.0,580,0
1b1ef87efc417a830ba6cdc69e38351e,4,3,11.857707509881424,253,0
f56a0ce8caea1b4067e9c15a83329bef,4,4,0.0,527,0
922b1bb32573071a9c5637f57a50b3d4,4,3,5.9880239520958085,334,0
f45abda69f076e772db2c8669c752c8d,4,3,0.0,296,0
50f636a4a4a266be6aa89bafa5f8cf2d,4,2,0.0,209,0
9279f67a38d68dd052d2eab9c1c43a49,4,2,3.5335689045936394,283,0
5da0f67abc52762da37531dbe3d48400,4,4,2.1645021645021645,462,0
35cbc619172083ba1cfc18b51fc5a4e1,4,3,0.0,450,0
0fc60d81e3432342c7f31d092e590ac1,4,4,3.8910505836575875,514,0
f7b63364f1e0161ea5f2f7ae3ac9b341,4,5,2.1482277121374866,931,0
79185d1ad6b8dd74becb477b6acc9978,4,4,2.544529262086514,393,0
14b5ace9edaf9008db57ca3616b427df,4,3,2.6737967914438503,374,0
ca828fd30eef5d7c585aa2fe7d419fbe,4,3,0.0,273,0
e032cbd54425163c9e600a51b57bbc84,4,4,0.0,436,0
6f6af38d26b7e2932e295bdb71603f61,4,5,1.2738853503184713,785,0
af18fba842737fe77d378b6759619b9c,4,2,2.6595744680851063,376,0
19e0badb55aa5953146f4d19d76334cf,4,3,0.0,274,0
6bb8815c41efab74b8f7e15dc80e1434,4,6,1.557632398753894,642,0
e399eeaf5b01c241b0b92ab9525bbe93,4,5,4.643962848297214,646,0
a155329bb4c812a2f1619adce9cf1488,4,4,1.3106159895150722,763,0
9a6a98b76f6e3e4755091d1d998b025a,4,3,14.88833746898263,403,0
04d222a8474309390fb6b2bd396ba4ea,4,3,2.1321961620469083,469,0
b0612a8e3f479ed537234c32e4dc9eeb,4,4,4.329004329004329,462,0
3c369bf888b886997a34c6a7db2c3bc9,4,4,2.1321961620469083,469,0
d337a72851805ac3ea5e436be2161191,4,5,1.1668611435239207,857,0
f9be03b6f8c31e108d08b1f880f33569,4,6,4.932182490752158,811,0
6faa4bcdaf9bf18993e9d459d626111b,4,5,1.6528925619834711,605,0
1dc2e2115626d948f68dfa27846d345a,4,4,3.6036036036036037,555,0
a171fd20f76dd0bc2740eb92dd07c08b,4,4,2.898550724637681,345,0
f7ef473741670a297c5ed24ac6aef256,4,3,0.0,470,0
88695b310ca904d782c4d1c7c9808a09,4,6,0.0,954,0
ed4723623af4a60efc1f7dc28b7b2251,4,4,2.3923444976076556,418,0
f286cbf7b1d6f7428849cdd31782b395,4,4,0.0,530,0
829691f274eb001ba19a385aef2e76d7,4,5,0.0,550,0
6c018289dcbaccb554909763bb4a2c4a,4,3,6.993006993006993,286,0
3d1b285b21937f310dc9190d5c32738e,4,3,0.0,411,0
85041bd4551bdd05529bb481b124b92c,4,4,2.6737967914438503,374,0
3988de6ef31a8de146aa0bc9986a795b,4,4,0.0,572,0
3008dce6e193efb325432af89e4a73fc,4,4,3.51493848857645,569,0
a50788f10930364135811db5b279ee26,4,4,0.0,361,0
6d49773507cad37621c758a9faa30c3f,4,4,4.4543429844097995,449,0
bd434f734ba68a5f07cc9ff24f314c32,4,3,0.0,370,0
27e33c2acc44af36c0de39a89c22ec70,4,5,2.5,800,0
d34e21ba24991f949b6cec16de6d66cb,4,2,0.0,214,0
3e71a57378774a64df20fce391d4789b,4,4,0.0,530,0
31f4a35334634863e62a9ac7a4ead457,4,4,1.5822784810126582,632,0
17b2796d0c07912a48a860995ce45ad2,4,4,0.0,418,0
aedf509ef4356bb6f3fa487403d1dc9b,4,3,3.5460992907801416,564,0
6fc34fb111504f3dc981db6a2a1e8f50,4,4,9.925558312655086,403,0
12d0ab606c590f996e5178d16145f288,4,4,0.0,497,0
b5ae5c7385bdf89120f9335010be6dd0,4,4,0.0,447,0
0aeccb5ef932c8d2ecc9a02464a0381b,4,3,2.044989775051125,489,0
92866f409cb737d95be9f810dd737fd1,4,5,2.3923444976076556,418,0
4014d65c86345a8f3f655ee34c6bd35e,4,2,0.0,1150,0
d7e66ea980bdb8bc903fd1a30c729496,4,4,0.0,485,0
d05f357b93be78b59903c3349f44e62c,4,2,4.975124378109452,201,0
550ab62917918458040581cb829d4644,4,5,3.5587188612099645,843,0
e542732a2b67fb13c9b734a8b567225f,4,4,4.016064257028113,249,0
43599cdeb65b9314bc7def6af54afaf2,4,6,4.459308807134894,897,0
5e92be362c67b05442663f683c7b7dce,4,2,0.0,252,0
993149d248ac14ce909695d7fa15dc69,4,4,2.7247956403269753,367,0
edb465af6981aa41fb5e02bb43d79f14,4,2,6.134969325153374,163,0
3be6d04a48ac905b82d6c37c24bfb639,4,4,3.527336860670194,567,0
fdf5f3d330e96b075e9c8b87580fe280,4,2,0.0,388,0
4660d66acee49cdd2f01daacd4c2fb48,4,3,2.380952380952381,420,0
1def6f39e96e1082a657f69a8d27556b,4,4,14.869888475836431,538,0
99394e5e485c1a95d7659f9a4241aa42,4,4,0.0,289,1
9abd84ffd653f9cc6a7668aecb328988,4,4,0.0,462,0
77b0275deee4e62e4c57a7ffbde14ee0,4,3,0.0,390,0
b374f7512d6a797679c66a9482191b40,4,4,1.7667844522968197,566,0
d5bcff9faed6666d98af87ec571ee93a,4,4,1.6920473773265652,591,0
209cd5d33607029ec77081b4be868240,4,4,4.048582995951417,494,0
75ca1b3694d664b2eea16596a1ce8ae4,4,4,3.4188034188034186,585,0
a79c54c2e12822d5c7002d9f3504ca6c,4,4,5.813953488372093,688,0
80b8cbdb567645e4fa78dac38cca44f1,4,4,7.462686567164179,402,0
47795e58c078c0bca2a81866bd6dc05b,4,5,2.05761316872428,972,0
122d9545393176dc0296c417228b4fa7,4,5,1.9305019305019304,518,0
6d52c16e2acf1ffca2a673d7310332fd,4,4,1.7543859649122806,570,0
4a86961a7d42e47ab3fcf776469ffd6c,4,3,3.7037037037037037,270,0
d87e83e5072651480abc3b95c479ce81,4,5,0.0,477,0
e3539c3955615e96c496c124bf952229,4,3,1.7953321364452424,1114,0
9555f818046c57fe0b897d2a6607f805,4,5,2.5157232704402515,795,0
f576a83a2a93444af0ede224c554400e,4,3,3.3112582781456954,302,0
d78dd006f5b7caab407196750d08a671,4,2,0.0,308,0
8aecad2c7bdfe6cbe53149a57afd974e,4,4,2.0491803278688523,488,0
2c92f85346cde296120215a2aba2cdaa,4,5,0.0,591,0
d918339c045c1de01faa9c2fab3f40e3,4,4,6.772009029345372,443,0
042f0b880dff299d594b39bb198f1ea1,4,3,0.0,575,0
0604b5d095348140b2457e832dece6ce,4,6,1.8674136321195145,1071,0
7f7f553c44ca5e29d304b6a0b08fbb8c,4,5,3.4602076124567476,578,0
a01d9c17a5e52d291d385742aa604e52,4,4,0.0,682,0
fa9302eab0fd6c80a374c718df6c867e,4,4,2.0202020202020203,495,0
80b25c5542299d94e4b71966fa0c2b51,4,5,1.8975332068311195,527,0
17d51ee240e4e96828a817fec06665a8,4,4,6.240249609984399,641,0
9fe78990e5539a4ac6ef682353bf80c0,4,3,0.0,313,0
b9e1b9d4306a9628753f76b94e9ea74e,4,2,2.314814814814815,432,0
5b9b9555d930752d915f90273ccf9b3e,4,5,8.431703204047217,593,0
9413c6595fab58bfedab35a8f4fe201b,4,5,2.5220680958385877,793,1
f44c785e62a30d069b1345ec7251cc66,4,2,0.0,436,0
251bee3aea222424cf4ce6a7b9f2b964,4,4,4.357298474945534,459,1
e276a1eb63a3aa5f695a4c40d7794989,4,4,0.0,579,0
6d6e0359432474f26ce3a473fa67b1b5,4,4,3.861003861003861,518,0
33394469741ea1fe5b577bc1aac8bbed,4,5,3.048780487804878,656,0
11640aa4932bd6dabc1952627fb04a52,4,4,0.0,460,0
64df467517b345c98a5a1bf846e83fc3,4,5,0.0,549,0
46d3062b3568c9e32c9bc7c1eb74e4e0,4,4,0.0,468,0
fdea9650c4c3592a51e73ea92b7e0eba,4,4,4.016064257028113,498,0
0ff73a6f8a48be0583fd0d1428b88409,4,5,3.7914691943127963,1055,0
04502eb6d12b663669d5a4d9f7b4cb56,4,3,0.0,454,0
ee3d70699909583ec4344f9e14d98848,4,4,0.0,584,0
cdd8357c4957ae104d1ad03d809b9681,4,4,0.0,519,0
499d42c525c298d8c8002352e5e5dc01,4,4,0.0,466,0
b9ceefede0b1911ec1b5cf1b7999195f,4,4,0.0,593,0
a0d776e4133d4fafadb8b442d2a39fe6,4,3,14.234875444839858,281,0
0a8a10be40075a9e9e55b240193c624e,4,2,0.0,195,0
b6e86c31c844db10500600739817d8bf,4,5,2.4390243902439024,410,0
f530ca9bb6ec637751f6d8dcf350ab35,4,2,2.9673590504451037,337,0
f3d0ff103bf0e8117b06ad275f8e510a,4,3,0.0,492,0
1c1de98ef3cc3d1ca9c4868366cadf82,4,5,1.9286403085824493,1037,0
d9a77ff33aed8e7a05e2ea46fb9fc480,4,6,3.1914893617021276,940,0
41afc70fb8101fb9664b9cb2c20a7b40,4,4,0.0,512,0
edc5a84ebe39607a2c999aa95a956261,4,5,0.0,573,0
84a70867ba28cf87fcac6b0385443943,4,3,0.0,364,0
1461e8698dff176e05ba46015e749d26,4,5,4.424778761061947,452,0
92e44090553e88c984d7ad1b2c4e5028,4,5,3.8071065989847717,788,0
73d675084c1d978118e351902dcbf28f,4,4,0.0,563,0
39584c1a98958ef6d5707e575f75e4da,4,5,1.1389521640091116,878,0
a2d77092a410a292740337edc283b8d6,4,3,8.403361344537815,357,0
2b311b11ccc48a823f0fa61c87044f0e,4,4,15.909090909090908,440,0
e038bdd8601b072483b7bc63af9b7559,4,4,0.0,326,0
a00a147b7477c06b74bd7c37ff73c9dd,4,4,2.314814814814815,432,0
6654a2cddfd418ad15c37599544c5e07,4,4,0.0,427,0
4d638868cfc32c5fc9a9614bc7aec4e1,4,5,1.557632398753894,642,0
116c5ed46be173e872f3f80c7ec0c17c,4,3,9.25925925925926,324,0
27815e822d356824060c1b605077c54e,4,3,0.0,631,0
543aa42a17bd4769a9ee7f5463432744,4,4,2.197802197802198,455,0
d1eee2ae2ed053feb5d3a6332b7999b3,4,5,8.130081300813009,615,0
d5e1c4d0b16fb0eeed8c8914ab1fc036,4,3,0.0,279,0
12650a43832d3ba8dec36bdc953c5a8d,4,3,0.0,284,0
6eac9d7581574c5b1a17f60d49cb7d37,4,2,0.0,411,0
f1e0bf60b054a85679376889e43e44b0,4,4,0.0,487,0
ca9bd6b2b13ee2ebbe628e192f4ebb75,4,4,2.262443438914027,442,0
559dbb38a142a83840488eef2f1fedcf,4,4,2.293577981651376,436,0
9fe144008454e510bfbc2cfd45079a22,4,5,0.0,555,0
2d76d887fa2a11538e3cf0557f3c5d3b,4,5,1.4184397163120568,705,0
fb39d24e480a17641acd2aea7a99257a,4,4,2.6954177897574123,371,0
42995af70012c40e98201ded6ff3f466,4,4,2.450980392156863,408,0
4ee80848319b537825b86a52aef17a9e,4,2,0.0,190,0
23a6bf88941b3bee0641223a23993115,4,4,0.0,367,1
a1c8152118a0d4c0cb666d98c2c33bfe,4,2,0.0,253,0
b1a1bc53c42d677664e85f6f5826cd87,4,5,8.19672131147541,976,0
debf19c11730b8759f8820e439417caa,4,5,0.0,673,0
362a9c3c6c650881fd1975f3d0eaa84b,4,4,0.0,410,0
68bd0447bc86cadd64c8be3f87c7ce4a,4,2,11.952191235059761,251,0
86974ceb5fe3cb5ac9b7f61422cb6235,4,2,0.0,332,0
88f38af4831956458941d9d9a63564bb,4,5,0.0,891,0
6fd059f7bc415281b33d0b718309ea7d,4,4,5.4945054945054945,364,0
e70efa5953f7b49be501d9dc1ca77afa,4,5,3.2414910858995136,617,1
0794ef62b16cca83f7ff359f22751f4c,4,4,2.100840336134454,476,0
26cd60bdc36a639c7655f501ffacd7db,4,4,0.0,635,0
068e9d760db72e7f067ac8e4bb6c1e0b,4,3,3.3112582781456954,302,0
b35dc52f7c6dd161d96852a0a887829e,4,4,1.7699115044247788,565,0
528b03dc03edd84839a342333a767ba5,4,5,0.0,701,0
e058e9e4909fa3e8d52eb566a192d725,4,4,2.8735632183908044,348,0
68f1650c5a4a229324863d66036447a6,4,4,2.127659574468085,470,0
6d08bd366a4179893e3835b58cb4bf6e,4,3,2.7548209366391183,726,0
bfcdfae8b06b277ba0aaa76f02e2ac77,4,5,4.464285714285714,896,0
99ed011fc38307179e94bde0692d0c4b,4,3,3.3222591362126246,301,0
f4d38cdd0e1bb1dca75860537778b7c7,4,4,8.350730688935283,479,1
d8d14caa32899718d968b4d220e457c5,4,3,0.9569377990430622,1045,0
3a10841dc343c17e1a950c0e86b2dd34,4,3,4.587155963302752,436,0
11009c55d35c1b28c7c3548a10b509dd,4,2,5.649717514124294,177,0
483b1155f13d9c34ddd781b77d03d044,4,5,1.3262599469496021,754,0
c8164c92eb36eafb45a2e7bf1f9a8f31,4,3,6.688963210702341,299,0
4378c60a5916789e003064eb2d262fd6,4,4,1.545595054095827,647,0
d56230aa33b89d59b069d6b5c697a4f8,4,4,0.0,616,0
f2a04455a55c96d98fcbc8fff3b113bf,4,4,2.0533880903490758,487,0
e3777363be614558ef53923ddc162d92,4,4,0.0,843,0
c6b9e9710a6bdedff05c532a3df4e076,4,3,4.694835680751174,426,0
84004c5f8d1caac32774ad19f3b26a30,4,3,0.0,363,0
7db5c8bdf8928056dca148690f4d8a52,4,6,4.431314623338257,677,0
490669696ab69dc4008c6d5ffa9e6058,4,3,7.2727272727272725,275,0
4a41f854ff01ea133e8be7792fa49c18,4,4,0.0,401,0
9967997d640475c118e76e4df3ee3dd9,4,4,0.0,382,0
9c65512deec2e46086059535b568bdfe,4,4,8.875739644970414,338,0
39a0fa51e9037b00ed3ff69c2b4a4a51,4,4,0.0,391,0
091b7af18fa8256a5a4c344a2480b134,4,4,0.0,350,0
69414d3b88943ff2a057b1c8d5721702,4,3,3.076923076923077,650,0
f9527943d33b5236620277d9b6bfdc83,4,2,0.0,279,0
d90c2915bc51a9fd2605fab5a2cf2215,4,4,0.0,425,0
a66bb4f361a5290e87c30fb0aaa48d80,4,3,4.587155963302752,218,0
6f01c8b7222315d32599fe722840f863,4,2,0.0,302,0
9fa574a7ab98e2fcd60f4c9610f70958,4,5,1.8832391713747645,531,0
52de17905494555c8f85338d56f3e01b,4,2,0.0,269,0
bd47328f2c0b87f6806734fc5bb86fd0,4,4,5.025125628140704,398,0
5fcada2e98d02d08125d6b30f497692a,4,4,0.0,422,0
68ac325fd1c2a2b5a34833763d80f049,4,4,6.3965884861407245,469,0
85eaac77eda76eb58de3ff3c7e8804e6,4,4,10.60070671378092,566,0
012c64c80dee6ee53c94d8ea07ee5b1d,4,3,0.0,558,0
2332dc00cc19c079ee6ade3b64181e3e,4,3,0.0,333,1
f1b66eb3952a3a6b624f83c1e68bc719,4,4,0.0,312,0
2c4cf1f8ff5a1e16e16e49da7cb03969,4,5,7.385524372230428,677,0
6e7ba18a03702350c78a3cd87e9959b9,4,4,6.342494714587738,473,0
d027e500aefa8aee2bbf24b93a05b1e7,4,4,0.0,473,0
ca214b36dd7d723621d895b6b3f72b0a,4,2,0.0,388,0
56808a480787abcdd68fe1912d21101a,4,4,0.0,647,0
8dfba40af83caaf4846fad91ebeadd14,4,3,0.0,317,0
6ba80c788c8f05a8f98c54682bb9989d,4,3,2.6455026455026456,378,0
c1223840876f4d2252858afdcc06b32f,4,6,0.0,753,0
7e10c3a35d59ca5070c5f04669a2ffde,4,5,0.0,704,0
4b7515857e92099d01378c24a7f6824a,4,4,15.060240963855422,332,0
cdd8aad71824a974d0dd4afb296e194c,4,4,12.931034482758621,464,0
481fe7f48049036d9a86441ed2229289,4,5,1.6835016835016836,594,0
b702d652cb1691d7decf24d5edc1ae5a,4,4,0.0,326,1
5aa62ebc4b542ea4654d5a891be0d152,4,4,7.5,400,0
1af982eaaff4497ad4b4c6501aefba6e,4,4,0.0,349,0
b99fd8937add5f77c87b7d6f9514dd17,4,4,4.4543429844097995,449,0
8232661b824b66b4df582063be8624dd,4,4,8.113590263691684,493,0
e9f73f03e2a0ce60c3f2ee52362270cd,4,3,4.319654427645788,463,0
08ea8ffc27c248809701c4ab5e2de8c9,4,3,0.0,504,0
6aad0f72e8e6a1a2958d8a26284dd99c,4,4,4.926108374384237,406,0
5311181d8d7e5ed2b5dc985cb39a6019,4,3,0.0,1109,0
73c4fa54b98d7ddda51d79447b80afce,4,4,4.854368932038835,412,0
b0aaf9450f63f91cfbaa082f69c49bff,4,5,1.7241379310344827,580,0
3002a1e04a7aa8905e44c0fba21e89d3,4,4,2.450980392156863,408,0
916228719ab1f2b120ca3abd65d19c8a,4,4,0.0,501,0
8e43dc89e1c93a40b0c11695fe09c3ba,4,2,0.0,233,0
2d934de534706fd2e98e10defad3dc44,4,2,0.0,187,0
9827350bd21abeec16ab4209ddd9270f,4,4,0.0,311,0
6f87837f04c0e86f67483314b4b8ed8b,4,2,0.0,426,0
e5015034db040ab31eee7f5f104c1948,4,4,1.6891891891891893,592,0
594aad6ba4089e74ecdc86478c1ef7bc,4,4,2.4813895781637716,403,0
f2090992804da022acdb2b036cbfaa5b,4,4,0.0,633,0
c52dcbb677b964760f9384ff560f53ac,4,3,0.0,411,0
f361a839f5698d42e88bfcc77e76ad9d,4,4,8.23045267489712,486,0
c7217df6abf69a2a00b55024f181dcc9,4,3,0.0,297,0
74a1b27cd4ce27a010cca37e64c2a798,4,3,0.0,190,0
cfc589bda669c37825572c5ac7708a9b,4,4,2.262443438914027,442,0
563eee2917f0e203bba3a893ebc38b0e,4,5,3.787878787878788,528,0
38c3b06cafff728af81b118228bc59fa,4,2,0.0,620,0
422126d4084b64bc4d08aa7125d7bd61,4,3,0.0,352,0
1267a1b688ee434456d8a8d478922890,4,4,0.0,493,0
cda89f6311340e916dee4a37a2edc447,4,5,3.9682539682539684,756,0
f6648c431a715268bd01741d6e5544bf,4,4,0.0,493,0
9ce57ed28e01d2c9e29ec8622b726ae2,4,4,7.194244604316546,417,0
d2818ab361ea42587ee1eee8fb71f83c,4,4,1.8083182640144666,553,0
4aa6de028f79ff8165cf0902c12d833c,4,4,2.898550724637681,345,0
1a1d06699261ddf60a48dee649b5faae,4,5,4.385964912280702,684,0
f7092a54f3102f3d74e14731d2a87342,4,4,7.672634271099744,391,0
b5bdc8bcc14bccbc585cd98f0b7dac35,4,5,1.404494382022472,712,0
1b2cd860df1e86d53d6174e0b35e98bd,4,3,0.0,277,0
bbe4139f496d09d47e0508a422a16de5,4,3,0.0,291,0
15e90a9c2215beaf8a04f4f7f1a1cca6,4,5,0.0,383,0
d8773cb8bc18cc6785d7c6bc2ef9ab86,4,2,0.0,517,0
65acaf90e147fa411b663c47217703ff,4,4,6.0606060606060606,495,0
4ca588a9973875be77e367145102a26b,4,2,0.0,273,0
8b83f573e65a3d92855a0bb584e83971,4,5,1.6863406408094435,593,0
bfe7e0f018fbfb2f3ecc6cdd7e5d4f46,4,2,0.0,548,0
3d34b22b46bddd0b59d233cf050bfa48,4,5,0.0,558,0
137252ee8dfd4b632f520028d401b7f7,4,5,5.9523809523809526,504,0
bcdf6e87a0cc104a1e367dafa03fee7b,4,3,0.0,372,0
ee93d7b8d09c66c45893126a9dbd29f8,4,3,3.7037037037037037,270,0
444310af23bde302fee14ffac2b13dc9,4,4,2.865329512893983,698,0
ee6c3dea30de30bc96aef626c655db18,4,3,2.5906735751295336,386,0
4eea9733672764f2bb62404b98a5de16,4,3,3.1055900621118013,322,0
5b87b133cd5fd93426d82cb7ba4c681a,4,4,6.389776357827476,313,0
78b7a993321346cb06a68b5d65c13aa7,4,3,2.710027100271003,369,0
ee6ba10e5651da68d9b63318625dd107,4,4,2.525252525252525,396,0
269b49abfb67d80d6decdf8ce0bf864e,4,3,0.0,366,0
9191a864cebec6bd6c0d05d41ab7a5d9,4,4,0.0,428,0
e2881a6193462ab0ee13e5edbfb0e541,4,4,0.0,490,0
139c787c7b176fd1685ae92d0187f02b,4,4,0.0,364,0
649dc5f2063d871f37888afff63072ff,4,5,0.0,652,0
d835ddd1d71f7c33a9f4bcb6359631e4,4,5,2.4096385542168677,830,0
54550a6eb35109aaa04ead78cf28870a,4,5,2.7210884353741496,735,0
35a72355cd8570e66d7ce2cce7502c4d,4,3,0.0,348,0
3678bd3ed79ad20cc0000672620c6679,4,4,0.0,407,0
08b48f283112a0b2532c11b68628c7ac,4,4,1.9920318725099602,502,0
808c40a454e3764eda771d10c28a5859,4,5,4.195804195804196,715,0
756bc0f2f7fea00f0e1406459b9dc0ac,4,3,2.512562814070352,398,0
41a23d840fee03c055d4921820c6ce71,4,5,1.9880715705765408,1006,0
5cc2b1bab97bc59e34017279e456db2c,4,3,3.816793893129771,262,0
5d8c657e368888226c5d117cca0bb245,4,4,1.9920318725099602,502,0
453162e6181100366a073508ec4c3bf6,4,5,3.7243947858473,537,0
810f7b406b52a01ec8365338072ea347,4,2,0.0,258,0
3905a847e46c17a81cecea0f85c8169f,4,5,3.9215686274509802,510,0
8c434c6edcf75d7994e80e85fe6019d9,4,4,2.9027576197387517,689,0
b6c12526c1cfb43e7bd10801051b1237,4,3,0.0,372,0
9e57e31dcce2f70a0664e15079008ef9,4,4,2.1052631578947367,475,0
b4357eb1f6ca25601b04ad8d1c92f7db,4,5,0.0,803,0
b07ca33ed550a8205db979509ea1dc74,4,4,4.672897196261682,428,0
620f0817e08ba7e76ecbffff22b646fc,4,4,2.358490566037736,424,1
4f5740c08f060376c58f63dc0cf34e56,4,3,0.0,237,0
3caac40f3b96c40a74acc9084f91327a,4,4,3.3783783783783785,296,0
bbad4f6eebfbfafb2d54e37e868697e0,4,3,0.0,286,0
8960180c415fd24ea0ec8ac1046fa270,4,4,0.0,513,0
25342c0084ad77b8df9de6e57fe3a207,4,2,0.0,1139,0
e10769a4d98fce7290c59c4aec13a9ff,4,6,1.9102196752626552,1047,0
b94780696c48cc66ba805cf657ca6c74,4,3,6.644518272425249,301,0
4ccd806df61dbd802b6be453e6c8a5ba,4,5,7.005253940455342,571,1
0b1a6d60c24bd61ce6826c4bc558f06b,4,3,1.8796992481203008,532,0
ef2a42544de4274161a6b3ee113f5585,4,4,1.937984496124031,516,0
2a08efbfeb7a8aad867dbe59a3970f2f,4,3,0.0,510,0
a47692709999247ed96d6265090ecc65,4,4,4.862236628849271,617,0
83be457b47549fa5dab71188c3c17dcd,4,4,7.092198581560283,282,0
ef54d0e7c759758474c29df744437fa9,4,4,1.9267822736030829,519,0
f507ec5ff11dde62787c238bb7f6b531,4,2,0.0,201,0
92437abc32002eab9e11dba54036a6d3,4,3,0.0,320,0
8df4099d1720b18b0cee64b4ea4339ab,4,3,6.83371298405467,439,0
4504415f3b8cfae97d77a32233a355a6,4,4,4.68384074941452,427,0
dcaa3c52b916a112af4eb3d7892ffbeb,4,5,2.092050209205021,478,0
8bbcb2df8f57dd3c8ea8635e6fde8592,4,1,0.0,381,0
20a36d824fc924c3bcb9e6be9ddccabb,4,4,1.733102253032929,577,0
1ed1fee5daf143a37a32ae787adfe06f,4,3,0.0,463,0
b5f367e83563e021ec69c638f447b4fd,4,4,0.0,352,0
917186aafd49317b120c2db04b1c6853,4,4,2.375296912114014,421,0
c3f5b8ad02dd470db7fffd96680eb76f,4,4,1.5723270440251573,636,0
c30d3a14540bfc3792cb0cf8ced68c4e,4,5,1.3297872340425532,752,0
cf690e3b22531d24c437515384c6e7af,4,4,0.0,460,0
6814eadf17ba5478a8ecabb48842952d,4,2,0.0,347,0
d135113ee9bcd5da8680955026de9e7f,4,4,0.0,519,0
3935ac4bb84cc695e78599a7cf88b6af,4,4,1.941747572815534,515,0
68bb0a3739d32cb07f271c93bb7e9f71,4,3,6.688963210702341,299,0
d4e104ea1d5eec6c99035435024b1b31,4,4,3.3557046979865772,596,0
be1bd10f6fa6342bef9135cd281e4b7e,4,5,2.9239766081871346,684,0
9e7f3e9d9a93ada18c5b9dba49fdb0bc,4,4,2.375296912114014,421,1
96a22677d2cd38e09c4abf201c978f3a,4,5,2.706359945872801,739,0
31106d2fe5266be3bbb5b56d5953f92c,4,5,4.87012987012987,616,0
44010c8d88b7b87e715c43234ca45fcf,4,4,3.7783375314861463,794,0
bdb31d72e1e0329eaea1b851a500daea,4,5,2.525252525252525,396,0
4ec691a873af3b01b0c1837ce1c0b777,4,4,0.0,485,0
0d48fe7bc01e81c51ac9de41a62c6b2f,4,4,2.1367521367521367,468,0
d29d5233bfd89d323a3a9aefd721d611,4,3,0.0,494,0
d84fd0f8efd71f13220467b156f3120c,4,3,0.0,197,0
05b98fffef80f389608408907c3c3008,4,2,0.0,221,0
4085efb9f0d19b99dc7e83ae464474d8,4,5,0.0,801,0
c2c28555ce7c1c8ce323743c7166b7cb,4,5,5.788712011577424,691,0
3759c5e5a77c9cbe69b104f08e1f2d8a,4,4,1.4727540500736378,679,0
6fd87b591b653b4b7c56cfe4eb7591bf,4,4,6.960556844547564,431,0
aa626c8affda95ca08643fc776102f41,4,3,3.1746031746031744,315,0
24c283b9e40bb97dc815e14ac8991431,4,4,0.0,505,0
6209525a4d5b5fc85dbae212f5605f1f,4,4,2.6595744680851063,376,0
c52c4b928427f1da6dbd571d5a3fd9a7,4,6,4.519774011299435,885,0
8e8d49062e14adcf47896fdb4a15bfec,4,4,0.0,486,0
3c6ca99cce62eaf540262c13c58df4e5,4,2,0.0,226,0
bfd8a48efa1bce5ad57f330949dac1d0,4,3,0.0,199,0
4d94b8113c69a85774decbf7b2ae6c84,4,5,2.9585798816568047,676,0
bcf9b1b1275a013216427b66e71d993d,4,5,0.0,473,0
e8a75819444928c065b268ff6512402b,4,4,2.557544757033248,391,0
a3e5e1f04a4575bad08059b0be786b28,4,5,2.554278416347382,783,0
b05a6ec092c2f2c83f5a3875fc512048,4,5,3.1397174254317113,637,0
94d531938aef28104d0debc788cdf916,4,4,2.183406113537118,458,0
9c755a88d080d2b7174a97e7b11b3ecd,4,3,0.0,321,0
0e765b619cc4bc4e4889be5b0626fe4e,4,3,0.0,344,0
a1e30639b845ba2ef4b55f6ba3cd5029,4,3,0.0,318,0
4a0207dfdae89f4ff6b3a6cb752b242e,4,4,0.0,500,0
0cecc5713da8edc59492cc8df63c941a,4,2,3.2051282051282053,312,0
5e240d213e3f59235f9946ddb1d88353,4,3,0.0,389,0
d1cb4e83f3f2631eb80fdf1f9dc5b79c,4,5,3.1595576619273302,633,0
3f37026e6157d6f0a8358d23a7289267,4,5,7.352941176470588,680,0
023f9d546b7cdda9231b8abe7d0c41e9,4,3,0.0,617,0
62de6139919a6124b27a03d3f202ceb1,4,3,2.247191011235955,445,0
5d839205e364b2bfc2d8f7c824842e88,4,5,0.0,584,0
acffec68b7848557c461ee0a2944e514,4,3,0.0,330,0
71de6fc29838981ed20a2ca7e987373a,4,4,6.0728744939271255,494,0
a42586c82d085f75ca246282da01660a,4,5,0.0,662,0
6f9c6ef1bd178accb12fdbbc19bd4e52,4,4,2.932551319648094,341,1
692e4d92363a95d7ba589471e89b1672,4,4,0.0,356,0
160a760831e2f456da173e9e46899d88,4,3,1.9120458891013383,523,0
2e9926136f6c4024306cd84f3e99a51e,4,5,2.534854245880862,789,0
1cf61d6963c45ec6619b77e753eabdb0,4,4,4.237288135593221,472,0
048896c68dfeda678d460b4754b457be,4,3,2.985074626865672,335,0
18ab5abaa2551d28666297c3af43fa73,4,4,4.926108374384237,406,0
91c2e2532f8b1ffa9e8511cab9203315,4,4,3.1055900621118013,322,0
f0aab0dd01847972e78d7c47a9f78521,4,4,0.0,564,0
7408454da3f0d87e51b9ffd1d7c6fbc7,4,4,8.264462809917354,484,0
be4e4697a2f6d9aea09a429612325472,4,4,6.309148264984227,317,0
f4d812de0113864c57d07115c77f7b04,4,5,1.7730496453900708,564,0
2b50c4b732aa85b7620e09a64b051e47,4,4,9.433962264150944,424,0
9b034c96cc4cc21e4d3d149d6ccb6c50,4,4,2.1551724137931036,464,0
22148866e011e5c362e22945e7c8bc6c,4,4,0.0,552,0
def340a67b0e6ef9fd2b4f99ec2c8cec,4,3,3.1446540880503147,318,0
435513f9a0c3486daf093df946ee4091,4,2,0.0,228,0
fe84e9fa4f38237dd9d11429562df480,4,5,1.3966480446927374,716,0
72bcb768baca6dd53d95dfd140b4b32d,4,4,3.194888178913738,626,0
b199a5820f751933ad539ceaa6bdfba5,4,5,1.36986301369863,730,0
a85494ccc469aa767a7ce0a5f541e3e3,4,4,0.0,425,0
31a24e5d4b56030157fd49b4c69e07d6,4,4,0.0,584,0
68914b022709117fa1420be1bc653d61,4,4,11.267605633802816,355,0
28b8b44fef69735d0171c7fbc47d9006,4,3,0.0,451,0
2545899f4a3516587ab7257c18926ca2,4,4,0.0,418,0
5765e217285335aaccd2d65104a74d98,4,4,0.0,461,0
15be06fd07c5f2fccc25de2b3cd47740,4,6,2.4242424242424243,825,0
c14fd2f52fb5984e7492d7010e35eeb6,4,3,2.5906735751295336,386,0
b76cb74ca8ff800bc672fbb0aacc7372,4,5,2.293577981651376,436,0
b5439d08ede7e0823ce439bb9b3aee24,4,4,2.6525198938992043,377,0
306a30d4bb8c4ac41fb9c2cd940f0757,4,5,0.0,930,0
e6ffc9be0efea61e1ad2d1f4888ee148,4,5,0.0,515,0
193ba909413d19d9dbcf45500fe48ca1,4,4,3.6832412523020257,543,0
7389f7b39ea7cefa2b39a11bcffa070f,4,4,2.1231422505307855,471,0
bd5109c70e61820518b048f8a6e8c3f8,4,5,6.546644844517185,611,0
2fb65535aeb230a41fe54b094d6ef8f4,4,3,0.0,279,0
6b8ec998242222b710d5e18151e0ccbb,4,4,0.0,704,0
e55816ae619afc869f478d9828560976,4,3,0.0,409,0
81c2dfe4e9014f048f53b653f9dd41c4,4,5,0.0,538,0
be9cc06e33c12afb0509918ce5f4777c,4,5,0.9794319294809011,1021,0
1990dce0cea109deae312fe4362a86f7,4,4,0.0,364,0
d73224305470810f2c6d951ef9d479fc,4,5,1.8796992481203008,532,0
fee0ef52daaa6f6ec8654627af844eeb,4,4,0.0,555,0
998addb7d7451d8e90440f3adcef3370,4,2,0.0,212,0
8e5d755e802308f5e05a63f5e642350f,4,5,2.493765586034913,401,0
b7fe38be987f7751c36e4faf69360fae,4,3,3.401360544217687,294,0
10a2da5df3509120a0f3aeb56c1beaed,4,2,0.0,667,0
a506b1dcc6ba19e4aece8f3ac65d9018,4,5,0.0,516,0
49b5006971e7a512c0eceb4cab44eebf,4,4,3.883495145631068,515,0
88f4a29bf29f241620c906f61c50358c,4,2,0.0,228,0
b2fa07c927b62f769abf7458b464fbe1,4,4,4.1928721174004195,477,0
2a8e2fb89c60290072171caf95292b53,4,5,0.0,713,0
89d029a84ad2c544396f9d7a1fac3731,4,5,2.8612303290414878,699,0
f4383b6fd872afa4054d9801dde6be11,4,2,0.0,413,0
f469a2ccd9b4973e7b7121cd04847ab7,4,4,7.712082262210797,389,0
d8503e6be2aca136a43d8d66e57d54cd,4,4,0.0,274,0
bbc6a64e4f4c6eeadcf001a2de4257a1,4,4,1.7391304347826086,575,0
d5a89e7cea925d5657aee69dc6aa3edc,4,5,2.9880478087649402,1004,0
a170d68efb7d23af42e2798c6cd33a7b,4,4,0.0,621,0
2cb4295ed77db2de3b72e64f79548330,4,5,2.074688796680498,482,0
c80f1a3c3a0238fcc93495d998f18471,4,5,7.590132827324478,527,0
04bb840b2337a68528996eb5de1bb0ad,4,4,0.0,541,0
5cbb30fb65570ca637b95811c9b8d91b,4,5,0.0,598,0
1f35c0c9d5ccc087b3bab20cb0f914eb,4,2,0.0,163,0
8198d0bf9baa66241e2a7f080e842520,4,4,4.926108374384237,406,0
832237127e7ebc97bcff2a7146031b51,4,4,0.0,363,0
5b6ba729879103062c96473312736674,4,4,2.1413276231263385,467,0
3d9db56eee670d5bace10a70726d2da7,4,4,0.0,903,0
9bb753f2106c6f1bf516871bfe682b64,4,3,0.0,319,0
468cb6c555c0adbb745b843fa89c3b0d,4,3,0.0,339,0
c4ce91a1a00c50d4f987221923d1f480,4,6,7.5,800,0
bf07d3d82dc2223534c6c1427a1b5e64,4,4,1.893939393939394,528,0
22887796c64c25d38da5178fcc552abc,4,4,1.669449081803005,599,0
7114cb9185436f100d5119d3540cd2b7,4,4,15.337423312883436,326,1
1d3e49b0de1b7e56199faaf1bcec6293,4,2,0.0,359,0
07db5dd37a428dc7e25b53e4d7dc5724,4,4,0.0,952,0
69b5a5f6ecae3daa671d0c94a37b3dc3,4,5,2.0202020202020203,495,0
d73d1fa6907f9a6d209c2ecec9e50a6c,4,4,5.763688760806916,694,0
3c8bed5630f735bc5ab45646da4b345c,4,3,2.7624309392265194,362,0
432b7fef11a731d9f8200c1c0d610311,4,4,0.0,407,0
8e36729d6f4228cff8dcae72c5025714,4,5,1.8796992481203008,532,0
884f8092eb851c8d62ab9a6f0525d2da,4,3,0.0,629,0
1674a3bd718ab7584c3f94087c0ef906,4,4,2.1645021645021645,462,0
124eb12aeb5ef702d241492defbe56cd,4,3,1.422475106685633,703,0
6fd414109e346ff03d42dab2ecd07e7b,4,2,0.0,1082,0
1886210ba0f9135e7175dc9153373d52,4,4,0.0,520,0
6f6d5eacd8105137958b330d0ecf165c,4,6,5.471956224350206,731,0
c51616bce8ea190d52fe22b984fe222e,4,2,0.0,290,0
070a9572152a1f53b7ae1ce8284bb9e9,4,4,0.0,424,0
d0b929f82b44fb25f0eb3e76856428ab,4,4,7.5566750629722925,397,0
6bfa8f991d6beb3da7ab5c33bd20972d,4,4,0.0,490,0
85b2c45629b21177c665c63bd45f2b6d,4,5,0.0,608,0
264b98166b3965615870388dc7c32162,4,5,0.0,524,0
4194e4121a638f72f0a5cf60b288d1a4,4,5,2.534854245880862,789,0
03baa6124bdbfdeefe823cfde6480b0c,4,4,0.0,461,0
d7e3751e65eb80722a79253e3f55ef2f,4,4,2.6041666666666665,384,0
98fe8a780142e61bcd33e001431323fe,4,4,4.784688995215311,418,0
ad26d86eb3b0f99a10e5ef5ab2628553,4,5,1.5151515151515151,660,0
d69915617e0d40a42422e9c8e19badba,4,5,0.0,738,0
93af96dfca1751cdff6d3af1ecd213a5,4,4,0.0,610,0
e781b23d52fa7cac4e7e6d1b6d8e4f04,4,5,0.0,516,0
369a8b118bbe6944afda3e5de009f878,4,3,0.0,397,0
d16b5f7eddc3ff2553fde91e18c32e6b,4,6,0.9328358208955224,1072,0
7f131d24718e38acfe72dd470b19a824,4,3,4.048582995951417,247,0
f03fc137e4c9df30a53be26ef2c50442,4,4,1.6181229773462784,618,0
a98dba894ee33272b323136ec9bafb8b,4,4,1.9646365422396856,509,0
34c64abe64ade4d1250b5e8b9c78b5c1,4,4,0.0,479,0
81dbbf3c8891a9480e9a3d74fa016d51,4,4,0.0,434,0
283c59f41a281f44f60c880783523638,4,3,0.0,268,0
ff02053cda2798344a53fc2904931bf7,4,4,0.0,449,0
44db89871eea180ce8f1e7278fe441d6,4,2,4.878048780487805,205,0
e960f63c35726bd00d8d279d9fbcb1c5,4,5,7.211538461538462,416,0
cf8945d21d11811be8857bd744c26d5c,4,3,3.225806451612903,310,0
09d6e5a67ce416aec6c8893a77a06dfc,4,3,0.0,310,0
da139f5d62c9e4b2d6073097cc9b65ea,4,5,3.9840637450199203,753,1
e794d299cdce4f8a7611a8cb50f04f9c,4,2,0.0,678,0
c66d3c228325002f2b692e16baa2adf9,4,3,15.19756838905775,329,0
fdd061f2e096736c2b165cb24bf76b4f,4,5,1.6129032258064515,620,0
66101789fdf0c6315f24dd0a7bdc8ba7,4,4,2.770083102493075,361,0
fe7a1e2f0949e669186b72bfb84c560d,4,4,5.865102639296188,682,0
d860a0e738208a89004ce4e71978111d,4,4,0.0,422,0
d35deb80290eae6ea35299904f1b85a2,4,3,6.172839506172839,324,0
692822927561bdb7671d4947f59eaa38,4,4,3.225806451612903,310,0
2e454d28dd39ad8e7ece56a03bf43141,4,4,0.0,480,0
dc0e129733d65f5036f37c980fb37645,4,4,0.0,433,0
8101f870e1911927a6e7bc850ffd4606,4,4,0.0,463,0
246b374e4176f26b55df73735ff930a3,4,4,1.4265335235378032,701,0
6e138db41f146e3bbda5c8ac594b1dda,4,4,2.512562814070352,398,0
be3c031c6d67dc22d3bc0d3e57974bbe,4,3,2.8901734104046244,346,0
ebedb3247cb3e68d0abed255f24f1820,4,5,0.0,606,0
762fec6c2494c463b562e1f25b62c87f,4,4,0.0,577,0
f089f007fce62ae58ecc8ec1ca16260b,4,5,12.612612612612613,555,0
e031d6f97fef0d2d33f2e089a400ded2,4,4,0.0,708,0
8c29549da88583675b2eff071a7777bb,4,3,6.116207951070336,327,0
bf3d1960d414336ccdd0cb7e83826093,4,4,1.8867924528301887,530,0
f909d2f0190b7a95fef0a8a3dc02cff7,4,4,2.375296912114014,421,0
89e62c6d69dc1515a934308f5312275a,4,2,0.0,287,0
10682a2cd854556cc4a576d42d3527c4,4,3,0.0,571,0
f5af38256ce1ea96336b27be785e4844,4,5,1.733102253032929,577,0
8735608dc41a14dd8b938f08338518ea,4,5,0.0,604,0
c98847e769924e23508b5d9fa90a57b7,4,5,22.11690363349131,633,0
894c80d8daa524bba2ff1f394fb1d4df,4,4,0.0,424,0
e41da35d329c98783973ecd1b8b0edf3,4,3,0.0,319,0
a2799efda65193e1636eac7930ba4e0c,4,6,5.188067444876784,771,0
14280af71baee9b8c48ea6088e544cf9,4,4,0.0,622,0
d4ae46ce398772116e1df0f08e0c3c70,4,5,1.1376564277588168,879,0
8d138ecef238dc03ce2808b6437e647b,4,4,2.197802197802198,455,0
4bb209056c1468ecea9f27a6831c2f93,4,4,0.0,424,0
bacb664a6cd9e6bbd67c984b0ee4b6f8,4,4,2.557544757033248,391,0
390c39d90f8c666876d226bfcc8ce264,4,6,3.34075723830735,898,0
f1c801831eb62dcb9cb3765d16345ab2,4,4,0.0,349,0
ab5aa96a947eaca4f5c7f0f3f51d5f7d,4,4,4.11522633744856,486,0
725c6d0d11c030b18be09773f55ee681,4,3,0.0,303,0
fda2ac2a1644615953540d26bf4ecefc,4,4,5.244755244755245,572,0
714d6a889d611f3f7191890af0fab308,4,3,3.7735849056603774,265,0
131554310084703667f725f43d4c9061,4,3,0.0,292,0
3752edcd242fbfa964b5a4fb8f303b7f,4,3,0.0,274,0
085553733585ae020c4d2efdf882b822,4,2,0.0,325,0
762a833692bcf5704de4a70fb4a6b7d6,4,5,1.9305019305019304,518,0
39ab4841f25ac93aa72d2f1cbcf581f5,4,3,0.0,298,0
f0ccd27c84bee71374465f29fb68e246,4,3,0.0,274,0
05028e3a015f4677d58bc3330d73a047,4,6,8.287292817679559,724,0
130e3018d2dd373f95a46ab5099ad36d,4,3,0.0,361,0
cdcfb299eb56e4d8aea5b83e605c1a99,4,4,3.0303030303030303,330,0
d9bcf357ddd8781e7cfb84cf91ed566e,4,3,0.0,381,1
64973a0f657294c04c80b6c727682378,4,3,3.1746031746031744,315,0
4916adf72b5204cd7b956f6914c39313,4,4,1.524390243902439,656,0
289ef629250a0adfd00637b135a6fdac,4,3,3.076923076923077,325,0
e5b71291ed8cc28cb96a44c6eb5b51b3,4,4,1.697792869269949,589,0
0f85a3cd243d269a939734166fba6c5c,4,4,1.9342359767891684,517,0
6f10d7bab8502a5f44e2377cce3c393a,4,2,0.0,227,0
34921b5d068eac50027c075f0467797d,4,4,0.0,544,0
79d31a0d5932e64d6975e633721e69b4,4,4,1.6,625,0
b8ba030c3bdb5ee0a325e70fb0082db7,4,5,0.0,558,0
07ef99328f2f6da7591ca478971b7b16,4,4,1.8656716417910448,536,0
f214e567456a3bacf61a5b90b131e3c3,4,5,0.0,748,0
edf5a478e156e274844a3fd233605b0a,4,5,0.0,806,0
266a7f2457e3e29f39e9fab2ccf1044a,4,5,3.9840637450199203,753,0
35f3a13e799f0c59bb6221535bf3b424,4,5,1.4388489208633093,695,0
ffb4fd1ce3fbf99658eee9e5fb66447a,4,4,5.376344086021505,372,0
49642dda3cf48764b0480691be8597e8,4,5,2.7447392497712717,1093,0
caec292b8add730e98ac12b1b0d3a903,4,4,2.4096385542168677,415,0
655e83aa33fcb76ed9ef329ff519c854,4,4,0.0,357,0
c2cfb4ab1575b7331c6908d52c2b8ede,4,5,6.525285481239805,613,0
ab9307c64de1d7f9a0f12f9d28630943,4,3,0.0,475,0
5b247ec7be083caf40e89930015b8d89,4,5,1.8181818181818181,550,0
c6dad1a83af71a48b11d7963c2f4d12a,4,5,2.1231422505307855,471,0
fb54cd349f7dc37160dce1b85c313cb5,4,4,0.0,410,0
00fa618aa78b4f7a850bb1734563dc71,4,5,9.975062344139651,802,0
26a7216bdbcd568ae16f329627dddbb8,4,4,4.1067761806981515,487,0
5895dd1c359c7d8797313e5617a3bcd5,4,2,0.0,393,0
b88a8b2bb0cdf05975daacaef94782c7,4,4,0.0,521,0
2edf6413a70fec3533a876425d1afed0,4,3,0.0,300,0
938caa6c22fe38e690e8edd468d3e54b,4,2,0.0,445,0
cf33d215babd71c9f82d192b7c846c35,4,4,0.0,570,0
f9a8fe68e5e2d94b0c1e044870220075,4,2,5.2631578947368425,190,0
16319697020587f86d4d1276c311afd0,4,2,0.0,255,0
b98d8b7516d4f7d2fed05d277d2452c4,4,3,2.9940119760479043,334,0
1a486f610e83642f24298b444dd13c54,4,5,0.0,619,0
5f8d766b22ccd9e992a4efa08d03d558,4,4,0.0,731,0
371cabec24a3ac48468816536f35c836,4,4,0.0,550,0
ab733991ba11792bca6f24ee2e9e0238,4,3,0.0,259,0
378588908c5ad4028635aac43a7bf4cb,4,3,0.0,363,0
9fc2cafa6010914af760c1a61369656d,4,2,0.0,188,0
ce5017079f319acde0ce7c23f71c728c,4,3,0.0,366,0
e8d3b2885ebe107fac9df937470a01cf,4,3,0.0,263,0
b77886b9c16aa93942bf362738b708a7,4,4,3.8461538461538463,260,0
6366558a5f8cabcf85c8f40c87f9111b,4,5,2.2573363431151243,886,0
aea0501608d9d6ec916752d3a7d56d1d,4,3,3.215434083601286,311,0
f58cb40d1a51d8926b248ec771e84985,4,4,0.0,376,0
47270a64444898f6b6064d084667bde7,4,4,0.0,533,0
0bd9d351a785b4e2814769625786d4b1,4,3,6.410256410256411,312,0
39df8d215c7462a2ea3bfd350a82c846,4,5,0.0,509,0
d5ca0c691352702199cf32c6ee011fd2,4,3,0.0,282,0
4dad626b2a290dd65e4606cd1b49ecd1,4,4,0.0,785,0
330662ca4f36dd5f68b98af6a4dfbc36,4,5,1.3106159895150722,763,0
87e350630902c8b554d1c779be106ba6,4,3,0.0,385,0
eacbb7056bdc1bca7c666f5cbb3b6d63,4,3,0.0,464,0
992c163453af37a55aec16aae11868a1,4,4,0.0,422,0
4f356c6f1735c6a4a13626f8e9ebe8ee,4,2,0.0,412,0
9e2c6ed428d800c2ae30cd8186d5107e,4,4,0.0,354,0
18e0753fb1275c2538555538eca41817,4,4,2.178649237472767,459,0
71b214f3456bf8a03c648affbeba3d70,4,6,0.0,1073,0
503592aaeb90894243b7407913e93c44,4,3,1.7513134851138354,571,0
6ba3a59b10e17dd2bc7bfc2c23d61735,4,4,0.0,1118,0
c05f4738da9ad07274e25c9d4a5e6ca5,4,4,13.736263736263735,364,0
90529e6a8ffdf264a09ade1e691afd50,4,6,6.842619745845552,1023,0
1ba5528e79afb260eaf04cc25fae2250,4,4,1.8018018018018018,555,0
a8ef95ed8e0a1214cf5497885a4c01b8,4,5,4.065040650406504,738,0
075c0ac347e31cc43026d85295ecdf5e,4,5,2.4721878862793574,809,0
5cd51b20b66d61eebd3d379aa413fdf1,4,2,0.0,245,0
80156b05ac64a7329979bf33654ff933,4,2,0.0,222,0
c917ac7bd5530d164f3efaf11dc74ea9,4,4,1.8416206261510129,543,0
d06a26c3ee4bf949e532e8715c112422,4,2,0.0,278,0
c900a3890b9c21221aac9b663c362e9a,4,5,0.0,487,0
0ddeb1f107aa667fc0384637922d3f2c,4,5,0.0,615,0
3b82ebae9c70b3958de32af8423646c4,4,6,9.140767824497258,547,0
ca175861174edb222ea28b199e778526,4,4,2.0242914979757085,494,0
1ed9a6485a2fa178c4c733f5ae5c7905,4,5,3.5460992907801416,564,0
aed67aa8a713dd0dd162439a54c0a448,4,5,6.802721088435374,588,0
2dc4b84b2b5b365f0e1bed46d70fbfbb,4,6,5.532503457814661,723,0
a756fa8c7fc6c3393aad3fedb5a63933,4,4,0.0,508,0
5e84aa80bcb391c2e060cd09910afb41,4,4,3.937007874015748,508,0
55e8f2ad36cc695a6c5a0cdac61e229e,4,4,0.0,438,0
da9bc3469cf5d9c8a631e813ecafa4f0,4,3,2.4390243902439024,410,0
790b0706c9323459e64c966ea970496f,4,3,0.0,352,0
787325907d444ab27044c2edb1ec4a08,4,3,10.152284263959391,394,0
4ed33e2ea1021d4ee1bdee1ea256b706,4,4,2.8901734104046244,692,0
a077911afb3e12ba9c285108f29ac1f1,4,3,0.0,405,0
828d17e2611eb9aae83cecf18187b131,4,4,0.0,496,0
c5fb108d643539bea21bba5a038b09dc,4,4,3.656307129798903,547,0
ff56c5386eae2b2c2d2755d15c2fec29,4,3,0.0,383,0
6bfd727a24d661e47c5011831c5bbe60,4,3,3.663003663003663,273,0
8ee84cb795fef5f667afbab89bedd9b6,4,4,0.0,593,0
691ac38d1d1514c423103acabec5ab88,4,3,0.0,491,0
7b5752341785995167c4aa491a8efc6b,4,4,0.0,449,0
e89760634e23400799f4c7a4a8680d43,4,3,8.438818565400844,237,0
7266117a8ab946fb1b06e1c9c9c22c51,4,4,0.0,518,0
08e2e83a6f46cd7deea9243139e13acb,4,2,0.0,181,0
2b4b01b8b689500565e43b43c129b348,4,4,0.0,412,0
da1e1557063ae8d0ac7a24b1e58bb58c,4,3,2.7027027027027026,370,0
a4c86b5e78acc0bc607665ce651be773,4,4,4.566210045662101,438,0
754b50a0122396e3210c5978ee6ea4b3,4,3,3.3112582781456954,302,0
5846652ecbed27e1d8be1a3cba0b7ce8,4,6,2.5188916876574305,794,1
f54c68ee926592ab6394033edd4a7f90,4,3,4.0,250,0
7a6507232b38160617e05188fff9fb3b,4,5,1.349527665317139,741,0
81d8bb7933ac8039cc4c8445b70ad77b,4,4,7.009345794392523,428,0
10c68913481484f349ae378c0473ec4e,4,3,0.0,293,0
a086527dcbde900ee6766b22d5f743fd,4,4,2.347417840375587,426,0
b352ef447d5edfc468c249a680c9b8b4,4,3,0.0,396,0
0ce6d815bfb25a3b6dbb31eb6941c626,4,3,0.0,647,0
0237b6b692f1511eccd9e5e4be43f458,4,5,3.0,1000,0
d39f40dd7e1ef5356415046bb2005b65,4,5,1.7793594306049823,562,0
f581fd3b0cc53c94ac1c51e82959d757,4,3,0.0,312,0
895c172feeff098b4bd2290ea1af2bb0,4,4,2.5839793281653747,387,0
cec9b1289559cad31b62fe770fb8c157,4,4,0.0,379,0
0e97f1b4df2df97bf000b5a27b73361d,4,4,2.6666666666666665,375,0
bfd47b4368dd8c111f64db7f34d55c29,4,3,2.710027100271003,369,0
e6e6fe5435d77ec9653629924c868f82,4,4,2.5641025641025643,390,0
9e5a4e70b0631e4c485cbdcc23774930,4,4,0.0,545,0
af342fd89485ee470dfb846f57984888,4,4,10.869565217391305,368,0
4848e10ce44c424fd18a5b39ee5e2110,4,5,0.0,632,0
f255e869349cfa3f2a92c3eca828ec78,4,3,0.0,241,0
b7891c37e66e4ac5e7e9b3ea805670b8,4,3,0.0,425,0
ea3fda0637a05322fbd638d22d514215,4,5,1.6313213703099512,613,0
83b48bcd69ac45946c51281a305274d5,4,5,2.5031289111389237,799,0
7bed72a5aef9ad26781392810f637c3d,4,4,3.389830508474576,295,0
f1633f1d2d4dcd5acc62a2b9aa55fa88,4,5,1.5408320493066257,649,0
da9a23a8feb2e936591db6275f5eb407,4,5,1.2315270935960592,812,0
45db4b13bfb63c4abf223049b3f88d6b,4,2,0.0,246,0
408b5e13a2d7693bee616dfe9b70d5c9,4,5,12.152777777777779,576,0
7ba5ff047096a00af33b80534b75e757,4,1,0.0,273,0
9c79a126620f53a0a7c022aa8c2c74f9,4,5,0.0,571,0
1390ef4d166958fd4882c5d5305fe431,4,6,1.1976047904191616,835,0
343d8008a59165c26115f223194e2cef,4,6,5.1652892561983474,968,0
0458cae4c4c7ed6e13573c1d7138eb3b,4,3,4.132231404958677,242,0
771f5eb9364d753198a923935df2f2ed,4,4,4.166666666666667,480,0
17b5892ac1eaffcb9ae09bb2d913a522,4,5,7.6923076923076925,520,0
4e70fda850e403e72eeba41e93d86673,4,2,0.0,262,0
5837ed037e0c1916b4279aa865135e5b,4,4,0.0,333,0
b3afd9024fc128a473ccdd9e5073232b,4,4,0.0,418,0
c2b199d26ba1c77b2cb6b7b53e8062b9,4,2,0.0,402,0
c964aacb86099690d5e2f23ecd81c0e2,4,3,2.2522522522522523,444,0
e4cca9107ad61d39d4eecd25798ca70b,4,4,0.0,389,0
87a621e97b5bf223106094a9fc7d2f79,4,6,2.7027027027027026,740,0
240b66761a031ea0be9b9c6e2c8acdd9,4,5,1.5600624024960998,641,0
f8cb716cdaf20badf273c131c37f6859,4,3,0.0,258,0
bf40c8ace5933a2206c7592611d0deb8,4,4,0.0,443,0
baa0d69cd4bd122d61858bcae1926ca7,4,4,4.49438202247191,445,0
d02a8adfea55d2ab3fddd612264afbb4,4,5,3.367003367003367,594,0
8f34412955fb426680102e6e01e88f08,4,3,0.0,249,0
7a76056c4540001e2024cac9b3d9b096,4,2,0.0,319,0
73787c76c330088727a818d06c2fdb9f,4,3,0.0,301,0
3f03505b56f3199db6a90e991af1935f,4,4,6.122448979591836,490,0
a2fb8fd0bd68b17e72fc08e09fdafac5,4,3,0.0,546,0
23b667206d9bf2a07b773e83c05d33a6,4,5,3.508771929824561,570,0
6801a930a2d8dc8f6fa98deef23e3bdb,4,5,8.130081300813009,492,0
d3300fdaf6c4a350ed411862d3c565ea,4,4,0.0,419,0
4bc036e384788289720577537510b55b,4,4,0.0,302,0
926e8f6487cdc8384ca678402b1b7d07,4,4,2.178649237472767,459,0
420548d06bc8e18ca9fa6c4610566e17,4,3,0.0,363,0
6b6ad50cc136cda89cb9e4063e9917d2,4,5,0.0,697,0
a186d914d8c135a75b05d8874350fb10,4,5,0.0,587,0
388fff13d8a9f363a87fb276e7a4c6af,4,4,0.0,569,0
7ba1074161c0ef4cbd5df1c23a2a0ea3,4,3,3.676470588235294,272,0
38685e07ec2d41ee2d0cf42b74061555,4,4,5.420054200542006,369,0
3de62fd4723fc76d3607ee709acd1e50,4,4,4.123711340206185,485,1
6fa0e06b84031dc7a59a36388c3e93d6,4,5,0.0,380,0
59731b6f95e6257b62cc61e3a1427cd9,4,4,0.0,433,0
c60db3807f9fef4b2117d11e7dd4c52e,4,3,3.1055900621118013,322,0
29eacd574bd9fb9315f3b5331b1b9e65,4,4,0.0,469,1
e4103885b17a32cca7bdbfc0376130e9,4,2,0.0,333,0
6176b89640d3b1dcd9026d7df4e05e52,4,4,1.6051364365971108,623,0
474dcb5eb3ff7c2576af31b7c8e96c6f,4,4,5.434782608695652,368,0
aeee3e295e2f4943964191ecc74ed11b,4,4,0.0,469,0
78bf9f62331cbcda32c1706f2f7c48cc,4,5,1.7793594306049823,562,0
c02dd2849a76e64fda5a771a8c03029c,4,5,5.597014925373134,536,0
7de66fa38f6a7f6e5f6acc66e2d3f6f3,4,4,0.0,471,0
36a42ac428ddc5551b2742cf871c99c1,4,4,2.680965147453083,373,0
ae91b00c643a8e5b5be80276ce4f0f65,4,5,5.457025920873124,733,0
767e5ba94f27b23f8a9b30ea97cba3cf,4,3,0.0,395,0
88af77e82a23ba49b329c57c75d7308b,4,4,1.9841269841269842,504,0
caab80c6417f55e9a4d60b81b01c1d59,4,3,0.0,317,0
813820e3daad8c976816fbf996ccca75,4,4,0.0,415,0
587b1e653ef11f682cda35a3492ff7b9,4,5,1.3458950201884252,743,0
3c6f5845e4202a0b58c1f349d8988dbd,4,4,1.941747572815534,515,0
598528dd30f10b7a9094493c91c5681c,4,3,4.366812227074236,229,0
70f4f66bc863f6f62d2c1950db9a387d,4,3,0.0,233,0
ec547a0d8eb15f2f9df8e6f6abd0081b,4,3,0.0,422,0
87094f83114dd068d509b23605120b17,4,2,0.0,180,0
b81a00163c7c4a5d9a93dfb612aa08ad,4,2,0.0,364,0
94bd658b2f1911d3e5fe0a0eb701cfa1,4,2,0.0,206,0
ed4ef9b2aeddaaae9460a72eec522684,4,4,0.0,489,0
dae2e5c46ab255d2d451b774b2ffae52,4,3,0.0,440,0
4ee5044b9d0efa3660e9d0dc8c001448,4,6,3.33889816360601,599,0
79126b176beab8e68fcbde7bc2424899,4,5,0.0,614,0
bcc3e117b2810ac2e543c656b361e5fa,4,3,10.830324909747292,277,0
b4907805443daa3685b113b95cb3a3a1,4,4,2.2831050228310503,438,0
75dcf17de37f44cd29adf232e5263329,4,4,0.0,450,0
adbc11ae9d7216d45ce04236d01b736f,4,4,6.633499170812604,603,0
af011aeca47ff79b8f45969b2a09d603,4,5,4.504504504504505,666,0
b014d08d1056c8de63cd2a60853f8537,4,3,3.3783783783783785,296,0
5fedc6d7a4e3bfc6d91fae7533e214e4,4,4,1.7391304347826086,575,0
b0e9567da80ab9d6f9fba7578fcd5a27,4,5,2.127659574468085,470,0
d16b729b570403eabf878c57ec589811,4,5,0.0,406,0
573ab2c97e918f3448e246db6452b3db,4,4,0.0,510,1
75b5b0410ec26bb235ac605b8be5b78a,4,5,3.372681281618887,593,0
945362d3a2a937277268ade9c9fdd4f5,4,4,0.0,461,0
5eade2fac5458bc023822303351fc4bc,4,4,0.0,496,0
189bc7d53c7dda8af48e14a00c42bab1,4,5,3.5118525021949076,1139,0
b86bca9c21ee710c553be5d12c0a2225,4,3,8.108108108108109,370,0
724cfa0d3bcf41a579fcb6a8d8e8f774,4,5,2.717391304347826,368,0
fb46d69e6ab4d5f35bce77dcdbb18c44,4,5,1.663893510815308,601,0
d052cac65336e66e36a03151b98ba6a8,4,4,3.5335689045936394,566,0
ab15220086ec0a320db4ba41152f3756,4,2,0.0,218,0
ffbc52230c068341e715cc23ff01c9dd,4,5,1.8656716417910448,536,0
b07baafd01730f7e26dc56a5b2efbe78,4,4,0.0,565,0
f00dbd59e26e7cbc209b5918426e36b0,4,5,4.7095761381475665,637,0
8c22fa6bb001590fd3d91043ca92cfca,4,2,3.8314176245210727,261,0
5a1b620fa96f843ce4d4777c3e82d381,4,4,0.0,417,0
7af9c34bfde7bdae5c47e0de7dea213f,4,3,0.0,225,0
cee5768b11222dd1c30e196775ac6025,4,5,3.676470588235294,544,0
f2068ddb759968247c02714d22ab1bac,4,3,0.0,284,0
64f342baefe5e89e4604abee88ffb24f,4,5,2.2753128555176336,879,0
d0ab1f272160d6fa27f109e979c0456c,4,5,0.9216589861751152,1085,0
44c2f2fddac9838927f28ea512089151,4,4,2.6315789473684212,380,0
06f0114a6029606e781ac9e3ac412546,4,2,0.0,197,0
5ea978e9e9e7de01cdda83921ad8b180,4,6,3.7974683544303796,790,0
73194f248982607c6218cd434f722354,4,4,1.3386880856760375,747,0
ce24ebecbb608a14b9aee01303b2e400,4,4,4.819277108433735,415,0
51d2f4dde4d47a08f899018cd5bb0ad5,4,4,0.0,459,0
f9b51c3b64c9e5470b760e2738feebf9,4,4,4.942339373970346,607,0
02d80ad39a1352fd85b042359ffe433e,4,3,6.211180124223603,322,0
36495286c505de78a2d41fddd228a0ee,4,4,3.1746031746031744,315,0
e50ccd870b27bc6cc9e82f03f3515ebe,4,4,2.331002331002331,429,0
72c6b3d955e8d18cbbb69234d4237221,4,3,4.098360655737705,244,0
0ebc2e57ff34963a21626b98f1dfc921,4,3,0.0,491,0
e98ddb59090556496568f4938c9187c4,4,6,5.042016806722689,595,1
f0d4137a80efb669692d6c66ff21e4b7,4,3,0.0,367,0
e165d1177131435d6a0c35495e6486b6,4,4,3.745318352059925,534,0
2f4790b03522e5c501705be954211608,4,3,7.380073800738008,271,0
6284eabd7329c9470eb375730804d5f7,4,5,3.3112582781456954,604,0
c0c6f08f2570cf2906433d9b2c7d676b,4,3,8.658008658008658,231,0
e3a2b54bebe6be7a0f056214992585c6,4,3,1.3106159895150722,763,0
adbfce3bbb72401324b6077b6cbf8315,4,4,5.089058524173028,393,0
9c5a458f2dd35fe1e70412815ad3fc72,4,4,0.0,624,0
0fd6aafda8e89b5a37f080411e778d55,4,4,2.932551319648094,341,0
962b97a59141403c54668e142ec377ae,4,4,2.304147465437788,434,0
03a79fa5dc5092147dbe2fe801845fc4,4,2,3.745318352059925,267,0
3b25ac6f6680db1f13c1e427b391965b,4,3,0.0,326,0
e7b28187109dbbe1725a646d84641c70,4,5,3.3840947546531304,591,0
1a32938cab3c573ba5f5544e294b6d8a,4,3,0.0,381,0
176926e340fbae13fe070d91e9670faf,4,3,0.0,253,0
ac41337908e10a2d96ad4893f0100c93,4,4,0.0,573,0
bb46b552fef38b9b0f2e8918535d950c,4,4,0.0,455,0
235949b246fdaac85f46d908b0a8097d,4,5,0.0,892,0
5ddc80efdbd9235b558c2db2eb49940e,4,4,0.0,419,0
b3e99d7d02962f1554568c633d67247f,4,3,0.0,258,0
9b1bbe29fc87bd14ef188d0a364b1a17,4,2,3.597122302158273,278,0
95a7def5dbd75f3d171f31c9e812f04a,4,4,0.0,272,0
354f1ac4b92d8b5a49eeba60cfc1bfad,4,3,8.645533141210375,347,0
144393217c56595b244347c25e79a984,4,3,0.0,488,0
cf5836d42265b94a974be5685425b340,4,3,0.0,301,0
9484dc79f3cb2e63d5c117d69f7a78cf,4,2,18.9873417721519,158,0
e5fcb94d5d80dfd6ff3c4daafc9699e5,4,4,0.0,492,0
d8fbdb38ec8cf79ab08c5cd4ea6f4785,4,2,0.0,391,0
d21b927f500ade77616e5146f7033cc2,4,3,0.0,286,0
513ba7b6b837493ae7ee5902e39af198,4,4,0.0,517,0
188a84f61e249ef7dc051fc17af957b1,4,3,0.0,352,0
8585ff93072160cb448fd0ad96f3b0ec,4,4,3.7105751391465676,539,0
74faa9165ba66218739034bd632c3273,4,3,0.0,326,0
a938e4ae4e5534b7bb1c06088f75ae29,4,3,0.0,477,0
485e707376c31eec653957b6de1141a1,4,4,0.0,398,0
e5e9fb23f735648cfc069cbc5e2da264,4,3,3.0120481927710845,332,0
6b6797c2a843fe06297b85d6fd63714f,4,6,0.9615384615384616,1040,0
e88737b35f4d1b44a23170c0cca0b545,4,3,0.0,298,0
c1c1fab2307715e405c01b0a9b5d356b,4,4,0.0,411,0
bf26a26d7e326194105d022d264b7dd5,4,4,0.0,491,0
49a231e8780a519c1d627cd70da63238,4,4,2.207505518763797,453,0
22b68c8d5d257b8dad2c4b69c11620ef,4,5,0.0,525,0
7f64091b9ca98412bcb7988b863565f3,4,4,0.0,570,0
b2942a5dbe7b7b70725710df92009e1f,4,2,11.450381679389313,262,0
dccba10708248c54c0ca1c8ac37226de,4,3,0.0,325,0
e18cb0b36e7ca2890b5c50c3ebecc813,4,6,3.996003996003996,1001,0
a1a1ab57b5396dd30efd703cb74bb502,4,4,3.3840947546531304,591,0
c46004d528498a619e534dba10fa688e,4,5,1.8656716417910448,536,0
986c51ccfe1f060f23bf8ecd5e53fcff,4,4,13.774104683195592,363,0
e3f15635c737c24c7102ff3556e73dc8,4,3,0.0,348,0
d52a3b687169c6c1dcce8653bf2329d6,4,4,0.0,363,0
666b5fe53dfa5e3d187ebad28d9bf29e,4,5,3.1695721077654517,631,0
a0c017e83d87d995954532df9912b364,4,6,1.7064846416382253,586,0
a1e90f7309c3827aab7c1b04fcc61bf8,4,2,0.0,229,0
17cd80f93c697a6f2d7a862146cc362f,4,4,6.928406466512702,433,0
d4560ae0d51309fac84e5202d58ed38e,4,4,0.0,392,0
2aa984d0020638bf69e88d96ae3138ee,4,3,2.6109660574412534,383,0
05ba575c1aa8783fb2481a91772bc115,4,5,0.0,771,0
af9730dd8eef3ce8577e4558b2ef94cb,4,3,0.0,315,0
272bc33e073c8e933a74719c0426a9bb,4,4,1.2706480304955527,787,0
28199a503dee4b09a1f0d28989ec4f1d,4,2,0.0,366,0
be458c2912b91279af30057960c62a1f,4,5,0.0,542,0
b7d2071abf347a92349fc9cdb70e145f,4,3,4.444444444444445,225,0
b1b3289cbee033e45c1150a63dfc54d2,4,3,2.816901408450704,355,0
3babcd23fd9f8920776c431a160bcf0b,4,4,6.622516556291391,453,0
f14e194d17f631bc3b7f7fe328c25a22,4,4,6.8807339449541285,436,0
1c4ce9feacdbfdabcebc9fb9ab08e137,4,4,8.403361344537815,595,0
4c14959dc7cc55644f062b2983602b19,4,5,5.4945054945054945,546,0
d06929f01f4ec8070bbe86fe0e1c89bc,4,5,6.410256410256411,468,0
ec7d4f5b8f14ce524b87adf77baa3519,4,4,1.9801980198019802,505,0
aa679aa8861aa254cd159974e2166bc3,4,4,0.0,523,0
a3625e6ec7332a3a8f058db0eaa5f594,4,2,0.0,413,0
341c7fadfa4a7173a6569b77fc30c617,4,3,7.575757575757576,264,0
b92cc0d3fe13d7a9f66c2a386ade323c,4,4,2.2271714922048997,449,0
ad57e2b691308e06e9bb64cdf01cca17,4,4,5.2493438320209975,381,0
b5012f4a3c103b29282deb376360e958,4,5,3.7406483790523692,802,0
6bebb32c1cdb5c3ebda7f65f5cac3a71,4,3,0.0,303,0
73cd5b87e075d938aabf3d4b9d754d14,4,2,7.168458781362007,279,0
6fd20a663561d4129a800cd542223db9,4,5,0.8920606601248885,1121,0
e61b4278ffcfb557f972acbdf3fa0b60,4,5,8.982035928143713,668,0
ed2da3d56ea536c67182aaf121c0c0c4,4,2,0.0,299,0
9d65f188eaf77264968eb4ea8a39afb1,4,4,6.006006006006006,333,0
a3b983768cf39b2907fd0defe91b572d,4,4,5.714285714285714,525,1
924a09a3a2b08b0b380f522a2cdd6ea8,4,4,8.771929824561404,342,0
e983b0cf65174333b251fe3ae908cd68,4,1,0.0,202,0
528f960d5d6aee7f07f165173085d276,4,3,2.8328611898016995,353,0
65e70e3b561413056fbcb5983f1100bc,4,4,0.0,404,0
f11d51d8db8b0c76f16dab292ac1e4c9,4,5,1.3908205841446453,719,0
00081acd958775d05f116d3449f4b5fc,4,4,0.0,589,0
931a69a4898878cc3217755fbb3e20b9,4,4,4.357298474945534,459,0
5345a364d5601117ab0c788ea29f617f,4,4,2.506265664160401,399,0
386e15607655732e7c5b16b766e79bcb,4,3,0.0,219,0
4a54ef3bb84388da91cf01b635f5995d,4,3,2.5188916876574305,397,0
d0d2a0fe882918dac900af4a0e56660b,4,2,0.0,280,0
31bc2ce003b7847602678266d98a3aca,4,5,0.0,717,0
f9aeba57dbd5c908f2cd79996ce629e4,4,5,1.342281879194631,745,0
fb3c0400a66c6a47994d9c3af1376cee,4,2,4.784688995215311,209,1
ab94c3b0a2f3db5dd17144a1bb7820f4,4,4,2.6041666666666665,384,0
666c61ee2a28bdd40b92651910c9d768,4,4,8.24742268041237,485,0
02430539e02b703499f0605b579525e5,4,5,2.1459227467811157,932,0
469714840252537bb735f64f739bd595,4,5,3.745318352059925,534,0
21d763398b17e205f45124acefe3c87d,4,4,1.941747572815534,515,0
9f8f5ee6164e1fc1b549579721364296,4,5,3.395585738539898,589,0
1af578006a55acc6ad39f65589ff29d8,4,3,0.0,445,0
8852a345ac4fbade104ff1f05b37f5bc,4,4,1.9841269841269842,504,0
92300a6ce88cc168bab757d5fe2cb28d,4,4,0.0,440,0
7fd1896ff5383f006f485cad3ddb8dd2,4,6,1.3736263736263736,728,0
0079886dc649770b657381c1e6c6ae2b,4,4,0.0,534,0
fcba5d4cea7dc4db9c4546bee1dcdd7b,4,5,1.4492753623188406,690,0
b10ecf4715c73111d16c15a512d97564,4,5,0.0,699,0
458d55d43cc4e1fc9e83b5360cdb3ca9,4,4,5.221932114882507,383,0
1a1ab5258a9f14d4ee34abe5a15fa164,4,4,2.5641025641025643,390,0
4b7ef0ccb3307f8dae54a570ac9ced08,4,4,0.0,587,0
4a1e165256b8cd3d24ed19f45879a947,4,3,0.0,827,0
26ab05ac2ad739ab92c2954bb10f00e8,4,4,2.1321961620469083,469,0
54f7d340760e8b7d19f058bee42e0eba,4,4,9.00900900900901,444,0
83e8d83f8b4fedab8315170b55d56875,4,3,6.968641114982578,287,0
948a6799e33c38dc4f2fd3ff5ee5a88a,4,6,4.566210045662101,657,0
a374fb10bb793824c6579d672388a0dc,4,3,0.0,206,0
4c7b9e9deb257b13648d525a29167669,4,4,1.9920318725099602,502,0
eb73f6c3a630354d41bc0f514a201c2b,4,4,3.2051282051282053,624,0
cabeb4ef31c5d8b394dd8c68db71a206,4,5,1.4903129657228018,671,0
347217a536a703145dfb355b35eef4fa,4,2,0.0,172,0
9bfd6fc17f68e2096071eefb56d1c4ed,4,3,0.0,281,0
9fe8c9cdacaaf7f5776238df9612d01c,4,4,0.0,448,0
b828bf26bc221cfb94cf5bc88ba7b4bf,4,5,5.008347245409015,599,1
473e79fc463afd655205ae6dcc5ad24f,4,4,0.0,893,0
476f629ebe039adb30ad121612dfa524,4,4,0.0,500,0
b0707c5b6f9a952d7a6d1b2d6c2857fc,4,4,5.244755244755245,572,0
790073f7d58c82bc5b55f92b6f3dce0d,4,4,2.5316455696202533,395,0
1ed2f31bb26e1f7c5092ea3cff5b139a,4,2,0.0,335,0
596c5351f3e87701d2e2569ff5d43ed8,4,4,1.6474464579901154,607,0
26b24a6a66d64b4c43b1db0eb782837a,4,5,0.0,800,0
7f91eed072e42efd848a7a6736cfbdc2,4,4,1.6207455429497568,617,0
27bc95580e445b450c48a85923f86169,4,4,0.0,363,0
2ef5402a85584ad95bfb2cca854efe3c,5,6,2.3557126030624262,849,0
9a062b78b0ba50b486ce4b489a860c66,5,4,1.2594458438287153,794,0
6ff31eebbb83a231b619a7a69473c2fe,5,5,7.619047619047619,525,0
15ab3fbb06a434a346410b3d2ea86240,5,5,2.9761904761904763,672,0
35749efbda0eda6204c83db36cd2b33c,5,4,1.6556291390728477,604,0
aac46e4c2a51b3ced887422684c4cfbe,5,5,1.5313935681470139,653,0
a9e450edb94fade768af1dc503563f60,5,2,14.77832512315271,203,0
3c300f84dbdc6dcbe7ee533cc83d19c4,5,4,4.2283298097251585,473,0
e62715fa4352f183472af063f748afbf,5,4,2.207505518763797,453,0
d6aa01d905862df274022ba9f3033417,5,5,1.9841269841269842,504,0
5f55d9eb49bc858c2aaabd212d542438,5,5,4.775549188156638,1047,0
89628935cdb2edddf18676d49de8c86c,5,5,1.2062726176115801,829,0
b148fc0d230ea797579989daaf9eb277,5,6,1.1135857461024499,898,0
2bb8c51484b87afb1750f58bc7c776b8,5,4,7.366482504604051,543,0
2c4336c9a7650e38c1680e9b151eff10,5,4,3.1446540880503147,636,0
213374d74738979ed2e02e54199f7278,5,5,10.954616588419405,639,0
2e78567ec077644aa5c13e400d757e6f,5,6,3.051881993896236,983,0
71b6f3f9cc47052cb9312e4c9f396adb,5,6,3.147953830010493,953,0
b0fc227309617ff6a21b5d2ec8804389,5,4,0.0,388,0
c44086368a116d2e05560b4514c85149,5,5,0.0,687,0
df8f17da8ffbfd22c0c194fe18a3a46c,5,5,2.7472527472527473,728,0
1ee16f818a80c5abe34caa3734648631,5,5,1.2391573729863692,807,0
56a43a3fd0bce21eeb3737d54a9ad423,5,4,0.0,390,0
84345dd837ad62bef4220cb3b942cfa9,5,3,1.6891891891891893,592,0
f1f2f465fe5fafd51d83afd2d661b9a1,5,5,5.0761421319796955,591,0
9507b81fb559f99d4c70a2635b233bd0,5,6,8.51581508515815,822,0
c97342deac12e4a371ec99585aef77c4,5,5,7.575757575757576,528,0
a54e84b4489fbcc81776feb8eb65c5b3,5,4,10.638297872340425,564,0
da9f84fc3f3a54d5c6b210bee68a8ab2,5,5,3.9473684210526314,760,0
4d82984cb7ca80b49df55451ab8314c3,5,5,4.3604651162790695,688,0
9688618bdf8bdd8499a48f7df5835378,5,5,9.433962264150944,530,0
1e4098633d5b300fa690adfd67782d32,5,6,4.464285714285714,672,1
2fabb77b3675b13d0e848392b3b3787c,5,6,1.2484394506866416,801,0
828daa088e8def37604b622ae7cecbbb,5,6,1.2150668286755772,823,0
269e3eb4bc0e2b67ae94b1e1a9754b04,5,4,2.1413276231263385,467,0
2dd69702401f715358e2fa74277ef4e2,5,4,5.025125628140704,398,0
47bf9d661ef7d01c3d5edc9e2bfc888c,5,5,4.39882697947214,682,0
d5150434707abff209305bfa03904c2b,5,6,7.070707070707071,990,0
0b90bff4287ad7b295770dd648f5460e,5,4,4.6801872074882995,641,0
f45e9b17035b27fd58c12f48d4f1fa51,5,6,3.4522439585730726,869,0
ccfc169e19e597877d4ae54a5f39e8f2,5,5,1.7271157167530224,579,0
16e2ac62698126cc605cf0ba9e52c7e2,5,4,2.9806259314456036,671,0
40bf3a8f3257f0bc447c58f36aa40dcc,5,5,8.756567425569177,571,0
261ff4a22875507516afc2db1907cdcb,5,5,3.2414910858995136,617,0
334c101dc921a3c916430d6efebc4cf4,5,3,0.0,446,0
4c6a1512294f6a34298c0c47f113de46,5,6,2.0181634712411705,991,0
f5bfd80020fe01770c77cec7c0fa9a2d,5,5,2.3255813953488373,430,0
37c8dc833da46502acd23df3dc6d4235,5,4,1.8315018315018314,546,0
588de99f8e4a4af1222cf32b99c92c2d,5,4,0.0,441,0
2abf766f64f0805f0b82b57b5515930c,5,3,0.0,315,0
667f179159ac39f17cba69a714880b52,5,5,1.7064846416382253,586,0
5573468c5c178ae5cec58cab30c68654,5,6,0.0,675,0
cb9994fc7e10369fa882c9f8ad421e56,5,5,4.08997955010225,489,0
ad5060cdd8e144adfde9437088e43324,5,4,4.2283298097251585,473,0
fb2f3861fb88ab4c4e7a4407c3c2f7a3,5,3,0.0,241,0
c0fe8c86d8d0fff48080350b0a50256b,5,2,0.0,848,0
6d0a77c0c6456327492684c40f3c7d9c,5,5,6.462035541195476,619,0
c4742c1be87f2a16a33b82e1c38d76af,5,5,1.757469244288225,569,0
eb2ae8353ea239985d9ee9636bf58a16,5,6,5.524861878453039,905,0
6cd7a615819f0f7c40bd9cb24f9cccb0,5,5,0.0,528,1
5a2ab103ef58f82656728217f5db00d0,5,5,3.278688524590164,610,0
bcdaf8dbb22fcd5eb0c089c195c410e7,5,3,2.0080321285140563,498,0
5390f21415a7fc2a4680a58d23f048a7,5,6,8.547008547008547,936,0
53a782ccae16de9f4602af9cee081064,5,4,5.9760956175298805,502,0
bbff39a17cb2944ba63031b52ba747ae,5,4,7.317073170731708,410,0
2cde3fa7ccd7b658998cbe330f2ef6bd,5,5,1.5037593984962405,665,0
136f1f9e1fc51e042cb696338a6bfe43,5,5,0.0,813,0
e5140a729fb761c7b849a3bcb1a7b7df,5,4,1.7361111111111112,576,0
ecd0d712e0ae9d38a849a6e0b063ff51,5,4,0.0,423,0
f8c7204d555cf3eeebd34094f474d04a,5,2,4.016064257028113,249,0
7715294437994146b5f6635879f410d2,5,4,0.0,604,0
087c34e3dc25a8206b77a151b04ab67a,5,6,0.9794319294809011,1021,0
3492bfd8044daf014017cb3009e2e964,5,5,0.0,626,0
c3c00c62e49e7b2ee387cd6da1f9502a,5,4,4.123711340206185,485,0
959bd76bebcd8420ed6f7deab4790131,5,5,7.776049766718507,643,0
368fce1e7a4320ae23d573757640db3e,5,6,11.207970112079702,803,0
0283a4db8106bae623797a3b55584527,5,4,0.0,614,0
3f4165f47990fbd237fea4fd350f058d,5,1,0.0,167,0
e7c02336b02d8a42cc5a2a7d16ac851d,5,2,0.0,265,0
4a6d577b5247e621414016c1e833aeb8,5,6,12.208657047724751,901,0
3d209eb24f165c25d1af25e5344f3aa5,5,3,7.575757575757576,264,0
3560ab9e23c0fa24bd5c1cfc85764e43,5,4,2.0080321285140563,498,0
000abd8cf11dc83300277b855928c8ad,5,4,0.0,560,0
0cac5ff5dcc6bfb5d05cfbcb843c686b,5,4,5.928853754940712,506,0
9b478a022ca77c5ffd763549f8e26738,5,5,0.0,676,0
2c970906ce4ee85e34b70113b9b5cb34,5,3,3.1645569620253164,316,0
9a4ea579069255c747aac9799e6c447a,5,4,0.0,366,0
bc9cd1203fcb93784dfeb149006e2f33,5,5,1.8115942028985508,552,0
a3c4f2b8afaef04e465d46c4e030cf27,5,6,9.358288770053475,748,0
397e6be76ea01372282282e5b81609f3,5,5,0.0,688,0
d1d6db045adddbf0447c9ef13199eacd,5,4,0.0,400,0
9eceb70b2d106b99719ad256a9216e1f,5,4,2.1231422505307855,471,0
8c6d495da79b91fca510f3bff9f73050,5,4,3.9761431411530817,503,0
67e14cd407fb1cba327dd394be662952,5,5,11.650485436893204,515,0
7bcb081c7a0e345d1a48425bcf8e95c0,5,6,0.0,878,0
fc09eb1938d12ba784f40892f394330c,5,5,6.553079947575361,763,0
3e6fbe9b3448b8367cab952d530dcde4,5,5,6.259780907668231,639,0
97cffeda3910a758db8c66765b9c0c05,5,5,0.0,616,0
417a07993f0a6cee68bb4ebd686fb68f,5,5,3.3500837520938025,597,0
17a8911db5304f46c4a665437d8c3402,5,4,0.0,465,0
fbabcdd018a368b3fc78ed6e5ecc1819,5,4,0.0,595,0
e40354582477c87b47cb439000db3582,5,5,2.560819462227913,781,0
baef5b75cbcd86559a075fb81ba9caeb,5,4,2.0080321285140563,498,0
8a979464f636480e1129e9d5946a9f40,5,3,0.0,547,0
c7f48eea15a419146627962abfcd4229,5,3,9.523809523809524,315,0
4fad5da727c7a1834160befc93ebcc02,5,4,2.5510204081632653,392,0
01837edb3e0bd0af6d9de52423b55bf8,5,4,5.681818181818182,528,0
b27977ce17d06fe09fa4f8aa14e3d454,5,5,5.474452554744525,548,0
d2f321640bb600f9f65a0dba1b0a42f5,5,5,1.278772378516624,782,0
bcb6b323f96f9744946c5ef74183d8ce,5,6,9.512485136741974,841,0
227a748caca22449fe2cbed353d9ccef,5,5,8.385744234800839,477,0
bbe6e629d4f891fe94796fa2de663bd8,5,5,10.582010582010582,567,1
641b2de7db945cb3ebcecb0356c8160e,5,5,1.9193857965451055,521,0
4e5e1146210df895f4a8250c15517c4c,5,5,5.128205128205129,780,0
f5d21f66a7d47dfd3d88c496430a9e82,5,6,3.0150753768844223,995,0
466854a80660e6111d43be3eb2dc2132,5,4,4.310344827586207,464,0
c45de09a251a43f62339da6e1bd6497f,5,5,7.207207207207207,555,0
961a413f6571b052a9cdc5c9fc04d969,5,4,1.088139281828074,919,0
e93a84b1b10fde42a57ee6e3b43e711d,5,5,5.449591280653951,734,0
49ea788e917d63397e06f5afe77f4078,5,5,1.4970059880239521,668,0
0b58de83ff91ef723d057a08c95b67bc,5,4,4.830917874396135,414,0
ce81c100d0b460acb171dc43dce24092,5,4,0.0,565,0
43611a30e2aa0525e7c9b227afa6426a,5,4,6.006006006006006,333,0
fff8b9a7e58608ac9fa76131f7b609bb,5,6,8.092485549132949,865,0
00ae31c8104e15e04a7c4bea1574ed1e,5,3,2.150537634408602,465,0
e4ae5ed5f92106093252c9f00837e9f3,5,4,0.0,561,0
4c6ec3737230ca23725e996873d227a5,5,3,1.7452006980802792,573,0
604d24512d2b9c079bd1f44d6a9c44ae,5,5,0.0,721,0
c999a5109fe73e7469b3b5076f0d2f03,5,6,2.336448598130841,856,0
6fb2b46fe28ab6d52112915e09577c88,5,4,0.0,612,0
0e27ff1191b98befb5d808678901b95f,5,5,4.431314623338257,677,0
2be17f8f816c3083c103acec063dd4d4,5,4,1.9011406844106464,526,0
6951264bd67d0775241be88fc482dd9c,5,3,0.0,434,0
0eb55de34e589efde93927fff58cd98a,5,5,10.771992818671455,557,0
d5250fed5f985c3d26f61c8c358c0691,5,4,0.0,450,0
10f427de207c3769824b0beec7943f0b,5,5,3.1595576619273302,633,0
1912a5faa878b03045107ba95ddac4c5,5,5,1.550387596899225,645,0
93800b9a9ea4c2301794ff7c585129ee,5,5,3.454231433506045,579,0
263adab2cee68937a853648840b783b8,5,5,1.5797788309636651,633,0
52809e6932bee736e60a4056e31bc90f,5,5,0.0,933,0
968daf6d55853031f8081a781378f032,5,3,3.663003663003663,273,0
1321a9f20b26a709d0c780b303682539,5,4,3.189792663476874,627,0
15305814ef5c8cf9fe86acc6c7d0beee,5,5,7.421150278293135,539,0
873edf636fc7303700d63d815527edec,5,5,0.0,701,0
f4c697ce0e4afaedd4f15811505a2644,5,4,1.4245014245014245,702,0
2f1d6aad1d1141f01893765d1eb39f72,5,5,3.4965034965034967,572,0
09b6ca60630acdf8cfb84779417fc347,5,5,0.0,476,0
c172c33a07fe5da7139bbaa025a79fda,5,3,5.136986301369863,584,0
e10e4d5247e0e98d2da202aed155f903,5,4,12.195121951219512,328,0
7a5ef20ae35aeef91bdd9998ec344186,5,4,2.3255813953488373,430,0
f5b11073d31322d40fd7f946c45cb183,5,5,3.821656050955414,785,0
3542c7783836958e9780144179aa30c1,5,5,1.5873015873015872,630,0
ce36fb73c1c175ca50dd6bef576948be,5,5,0.0,736,0
0f7081b1cc5e68d519ba8f34b810a46a,5,4,6.741573033707865,445,0
5f35aff30d257544980bb884106026a1,5,5,12.195121951219512,984,0
3466c9c23d35d80a28a74ab0862ebfdc,5,5,0.0,723,0
87320a8a31cbe24704d6b988f9506f0b,5,5,6.418485237483954,779,0
5b008dfacff946a45f1da45833917e31,5,4,1.3966480446927374,716,0
915abf789df8468ed851ecb2e693c4e4,5,4,6.024096385542169,498,0
55015f1308ec94c3b2d6a78fa0bbf980,5,5,3.826530612244898,784,0
6049edaed7a07c1b532ebdbc2c77f28d,5,3,2.028397565922921,493,0
08fdc21234a3e4d76dbcb7ac43def3b9,5,4,0.0,638,0
c46d77faa32b37f87be6bda9fcacae04,5,5,1.9230769230769231,520,0
1aa169640b5414b7de9f8964b7e38f34,5,2,0.0,365,0
da8c0cec2cfb09a33b10ea7c1b729994,5,4,2.9411764705882355,340,0
ddec95bfa8a2965e1791a4e0dbed5e75,5,5,0.9950248756218906,1005,0
c7c644b14ed617f284e1550f640861bd,5,5,3.4246575342465753,584,0
14fe1e004f09932e59837fd684abc750,5,4,1.364256480218281,733,0
61403bd53795ad345b183c473db56df0,5,6,0.0,761,0
443ac46868e1f23b858bded7e3adb92f,5,5,0.0,900,0
9ac4bb48c68b211f8a2c548c397067b0,5,2,8.032128514056225,249,0
769d37c0738fe84ad3844750d4b8857e,5,5,2.7247956403269753,734,0
fe9db3fb5e3d98a591f3d423b4e8baa6,5,4,3.745318352059925,534,0
c35550d1e813f30da2c79326d7a25d13,5,4,2.0161290322580645,496,0
25f3595d373d3839a3c7a1180335a6b0,5,6,0.0,837,0
1fd8826fc78f49037792e393a99416d0,5,5,1.2804097311139564,781,0
08b5ba19e990c9e9fccfb839aad89c14,5,5,3.1201248049921997,641,0
e099aa00cb3bf7b0f23fb9bdb12cbf5a,5,4,0.0,470,0
4893b75586d25b93a47d1281abc28140,5,5,0.0,577,0
69ba5e481af27e0ac584e2299b77f9bf,5,6,0.0,508,0
35274388619ffbbfbe30b802d43c9ca1,5,3,0.0,412,0
dad7d60a793d01b220d8280e7afb0f2e,5,4,8.146639511201629,491,0
d4ed476fc7336918385cc28a95a3ac7e,5,5,1.4534883720930232,688,0
11659a033f4dd104bdb8edb9396d6f13,5,5,3.656307129798903,547,0
7230594fe7d9dc1741dab66251f241a0,5,4,8.741258741258742,572,0
d44f1489e5f80b1ca2d0810b904b7ad9,5,5,12.362637362637363,728,0
8f013e95698eb090aa40f906bcc1aa7b,5,4,11.864406779661017,590,0
5e1da9975acbae45cd61665fe3f60bed,5,4,5.2631578947368425,380,0
e8c5a6e6f1875b1f1a510f034c4d40c7,5,3,5.571030640668524,359,0
a7678a928de9d58a8e8c89e303d4431c,5,5,1.0570824524312896,946,0
1c4133c76e2bf40bd062623853bd6fbb,5,3,13.029315960912053,307,0
9433072bb4c296013e0d26c7bf0b0550,5,6,0.0,721,0
7a5b605f9505cb9c9ade0d6366d14a74,5,4,2.7624309392265194,362,0
a631327a089ad8cd50300269145684da,5,3,3.115264797507788,321,0
39e4c31929de9a6f2141f3e853001695,5,4,3.7359900373599,803,0
83697fb76f139c1c938a5b47b8ea369a,5,3,1.7006802721088434,588,0
bc5e5c29ea2a5fcae47ed63d108b21c5,5,3,0.0,325,0
1c1c4758e9f23ee72034bea3564abeca,5,6,0.984251968503937,1016,0
d032aea2b596f1f99492d711cbf9d8ca,5,3,0.0,531,0
ab7206770313f81e37526dbe07df467c,5,2,3.875968992248062,258,0
7ceee48bddd3c2f6fbe16b5133bce8fc,5,4,2.044989775051125,489,0
d8c6d6d7937d53606826d35cd273dc69,5,5,4.054054054054054,740,0
df5308e5d42ca773f2c51e36713a3f23,5,6,1.2106537530266344,826,0
740e55782da10539aab0bcf969999bb7,5,5,6.67779632721202,599,0
6d016e9330db4eb5a0f9e6f519782804,5,5,4.854368932038835,412,0
2cd8c0eda048d5b74a157052b0107d49,5,4,6.289308176100629,318,0
23a5698a751755addb43a14c211641f1,5,5,1.3568521031207599,737,0
532c17309bc8f8d86946af0b14954fd1,5,5,0.0,710,0
200e5e26f1f75cf4b126e6e21fc3d51f,5,6,4.587155963302752,654,0
2c1b38f3d8218e7a7f7dc6ed2bca5e2d,5,4,11.461318051575931,349,1
680d1345c69c4ab685e749e4e9a91686,5,4,9.132420091324201,657,0
2e315d42a7cb6569c0aa199810bbbf8e,5,6,2.074688796680498,964,0
abc356282b537278540277461532af69,5,3,1.7953321364452424,557,0
34b904ef64199aed2fb7e9785d44bf36,5,6,4.12796697626419,969,0
1468399b2858ec3859867fa56de41760,5,6,0.0,734,0
cbaffa20888e8348915e2ac52c56c931,5,4,4.301075268817204,465,0
d4ce09d5152b81e3ed0b66bd4a9d3766,5,4,4.842615012106537,413,0
8f96ffdac8b70b8fa8ece4d8350fd974,5,4,5.357142857142857,560,0
eb86208c23e46f646b6959dd5c5e7440,5,4,5.434782608695652,552,0
7c803347211d8d00818cb198bc07c386,5,3,5.291005291005291,378,0
2560ee7f76645e984f575b7336e5e61b,5,5,1.1160714285714286,896,0
bcd070ca1294f462fbf580d5319dc9b0,5,6,6.750241080038573,1037,0
73218018695aa8553af41072d109c50b,5,5,4.195804195804196,715,0
a66bb534b75760c4e6aa18a7fc0613be,5,5,1.4598540145985401,685,0
df13a59584c2e0f3a3573b1776c57a1f,5,5,13.533834586466165,665,0
890d4b71e6e1f12bc6cc65f0579c0a8b,5,4,6.507592190889371,461,0
1b0f2ba08934f5bbc6d1bc6cddefbfa9,5,5,7.012622720897616,713,0
d38072cbc5fbf69a85d7839808c6b985,5,5,0.0,715,0
d9694bf32804fb86c08c12b3c230f1c8,5,4,8.982035928143713,334,1
6c303376aa821e7f0d9b55b4417498e5,5,5,2.7210884353741496,735,0
bb67f1e45cbc65da856ac5e13b07c673,5,5,0.0,673,0
8c85f2cf593a2795fae2358a2c599db5,5,4,1.5060240963855422,664,0
2dbfbd740df3be140127104464afb7b5,5,2,2.6954177897574123,371,0
6460622c947cc5319ae38290114eec5b,5,3,0.0,376,0
918443b6b9a1e9e2804c6ff7a14822e0,5,3,2.207505518763797,453,0
c27ee6a22d33613d6037e0407c41d1e1,5,5,3.9292730844793713,509,0
71905b47cb2ee7f380e0e37fa0642ea1,5,4,1.6835016835016836,594,0
1180a1038b5ca7bdae12700e12be6cb8,5,5,1.7241379310344827,580,0
5af8c30dcdd98512b65785c4605baa71,5,4,2.8901734104046244,692,0
7f0c3dfa30584a013f296ffc011c0b46,5,5,7.763975155279503,644,0
6421b58a7a423c699eb11fe3534e914e,5,5,0.0,676,0
8153a04bc5c9acb9c078ccadb6b8a86e,5,5,3.0441400304414,657,1
ee53ac167e80e5a804f24a0b6e974af5,5,5,6.983240223463687,716,0
db53e95c7b3a9954379f06fb95290c5f,5,5,4.651162790697675,430,0
582981dca2ec6d72e3ac0b959ed498b2,5,4,8.752735229759299,457,0
4750020b5eb8b0c0c817f92ff52a5414,5,5,6.033182503770739,663,0
1444fdc1afc7be3d88d05e92c55965e2,5,3,8.417508417508417,594,0
a7a172603c3346f0aff8be1ceb4ab27a,5,6,2.293577981651376,872,0
9828a5317aee9bbe59ab55105690d8ae,5,4,2.5510204081632653,392,0
9e84d5c77955147d4c10da437e63b3a1,5,4,1.7361111111111112,576,0
1683c138ceb58a3970aca1646c6cccec,5,2,6.289308176100629,318,0
e7ead680c8a8b9290387687dc0bcd900,5,5,0.0,750,0
eaca2929cf9a7e966565f3090536218a,5,4,0.0,694,0
e71a6e7ed66b8072a908470fbcbd998a,5,4,8.992805755395683,556,0
edc62a5a8d0ea44002e9e8f3855da3a5,5,3,2.6178010471204187,382,0
84c5e0f7cc39d1be1368ea493dd46c1a,5,4,0.0,575,0
170bc322efeac4ddca893587ad3da17d,5,5,2.3894862604540026,837,0
625d1aebe9f3d4dcad2c3b4fa5af8040,5,5,5.1993067590987865,577,0
534f4c8762bbe4340d278ba9fd9a5abb,5,2,1.4326647564469914,698,0
aeeacb05afa9ba8837c09d233f2e34c0,5,5,5.706134094151213,701,0
19fa1e06926d18061c04d8721fa8c4e9,5,5,1.1198208286674132,893,0
9def2fffdeed666d7b6934fb6bb98390,5,3,3.3557046979865772,298,0
a9d3ea6b2441fb0a40ec60c790be259b,5,4,5.2493438320209975,381,0
c12ba6031ab22dd1f5ca48a6a7f5d86e,5,6,4.237288135593221,944,0
3876b1169ab16f9f6b07cbf945657e95,5,3,2.824858757062147,354,0
8035e69c136bd785faea82c70a4a8ecf,5,4,2.450980392156863,408,0
0ee9ca144f3fb020aebe09c323024227,5,5,0.0,494,0
afca2c7cb229f521b2a355266a5b1725,5,6,11.11111111111111,900,0
4b99caa410b0c261be58d59fcc376c8a,5,4,2.1645021645021645,462,0
211170feddc69127c664e348bf1e0380,5,4,0.0,506,0
921bb922cc20fbdb80841f4fea869080,5,4,0.0,401,0
9b664945a01d20904fdf607b8b2ffc1e,5,5,0.0,495,0
a16d3130f97e2bb9096e2ad41401bb40,5,5,5.870841487279844,511,0
b0fa9449f2232de281906fd611e46b82,5,4,3.076923076923077,650,0
ea6aac0850e676e7a5b3ae78bffdd8ac,5,5,0.0,657,0
17fdc7b8c2d85efd041c9ffb6a356d62,5,5,1.4992503748125936,667,0
30afe34ccc30ef5d81825df9ea89052a,5,6,1.3003901170351104,769,0
52621876c7e3de9204afc03cc9c91e37,5,5,6.5359477124183005,612,0
c53b6aec3268addd5533e27fbec15c3b,5,4,0.0,476,0
c6b050daa27729fe53e52bbeef7816b1,5,5,3.257328990228013,614,0
964f9800530a6359a00cc9b038be8e37,5,3,0.0,618,0
ca1096e7ec05047df6f83560a3d799c7,5,3,3.215434083601286,311,0
ac44af4ac471c8e1eb9443bc5f437f0d,5,4,5.9405940594059405,505,0
cdae015d7a016d7f5351e6141e5b1a68,5,5,0.0,779,0
6815dd9bea0a6f54ffc99ca83d03bbe8,5,4,0.0,415,0
6509c61e6df6e35a63ff7bfb45c40880,5,4,1.4184397163120568,705,0
2ac910f04cccb4ec71b56ca190cf7dbf,5,4,18.81331403762663,691,1
b469e152a704619770f5862d61e7d855,5,4,0.0,546,0
d3bc0abc7774ef2ed15d698966ba0a08,5,4,8.219178082191782,365,0
1ef28bd03c00d9d8b9c2e460b616d5f2,5,5,2.4906600249066004,803,0
5e57bb22f951f0e91a510f7585bb8157,5,6,5.336179295624333,937,0
7d026ac7cdf2b28c71cb0061476241de,5,6,5.44464609800363,551,1
f6861c34883d89d64a72380065ece8d7,5,4,1.8656716417910448,536,0
c6873e6ec20045a649bc8b91fec12450,5,4,4.123711340206185,485,0
1ea4b264552e91c1f0eec86fb740687b,5,4,8.108108108108109,370,0
0babacf5b8937075df0de84483c47bd9,5,6,2.320185614849188,862,0
3ca630ac1dbc4e0253788d4bdf5a3a0d,5,5,5.172413793103448,580,0
7f80126279d91728e7b2bcf8797a3ee6,5,3,3.9447731755424065,507,0
05f4efe848cfb1425b09c5f8dcb469ea,5,5,8.235294117647058,850,0
99e386daa1e83bc81650cde249a9055c,5,5,1.1560693641618498,865,0
64fbcf7c1430e49e7f965268553025b9,5,5,2.751031636863824,727,0
8a190320da09695c420cf1c2fd5da9ab,5,5,4.531722054380665,662,0
72e4f6cca14760aceecb22a13dc80f33,5,5,3.1201248049921997,641,0
0789bf2bc88ef1ead678ecd04f1003c6,5,4,8.620689655172415,464,0
7520ef04eff47c88a560ade50de03b99,5,4,7.326007326007326,546,0
1e0270431dd0f5b1a5db93532701b5d5,5,5,7.285974499089253,549,1
07d433dc831f8092c80f2433b60b5219,5,4,2.272727272727273,440,0
d2725d699afddd7b0abe0b021c4b30b2,5,5,0.0,513,0
69aa055c74c53a49146a24e54c20c35d,5,4,10.54481546572935,569,1
b28a0b665db6bb9e820e077e71645cde,5,6,10.062893081761006,795,0
01c1fa7e2bae54cfd60fd023eb70fc06,5,4,3.6968576709796674,541,0
9079725127c841a7c13b3d223d1ab00c,5,5,0.0,403,0
8deebbbe78ebffd558e601000dab6a5b,5,3,8.438818565400844,237,0
da2973845b209dd8d2dc0f16a228a54c,5,5,2.554278416347382,783,0
10e645f7a1e57d90a56a55486e4e89d9,5,4,8.421052631578947,475,0
318547eea1354cc0b9d6c979d90aff84,5,5,2.336448598130841,856,0
05892a598bbfc925db51749f545dec9c,5,3,0.0,633,0
de3c97faedce7d463dbd41dd2cb1da2c,5,5,14.0597539543058,569,0
3df2c0cfa01808f8fb728987f0535339,5,4,0.0,387,0
3b9032d11cc11b50f3c4ca2492d34fb5,5,6,2.466091245376079,811,0
c365e27ba5982e9c530987bd090a7905,5,5,7.092198581560283,705,0
e4174a067375907b2c7e3136eae6a148,5,5,3.1298904538341157,639,0
3c509d46e3faeed5cf3fe1aab06f4161,5,4,1.858736059479554,538,0
dbaa0fb8662150920591c04878d7b564,5,5,0.0,728,0
86482c98fcc6ce092f8594d0ad8aa16d,5,3,4.866180048661801,411,0
3f63ced04644f3a28ff0abde39800284,5,5,3.3222591362126246,602,0
f664e732440c66407678f2f1ed80e50f,5,5,1.8148820326678765,551,0
900fbeae51e217ae2bb049b9237d28aa,5,6,1.2406947890818858,806,0
c0f859d0fd214ee4bd7cb18843090e7e,5,6,8.928571428571429,1008,1
8f8637c55afa4b135db48de1e1b0dda0,5,4,0.0,490,0
d214b0b3200bebb4d7ce11278c302e95,5,5,1.5552099533437014,643,0
b50b4dabf7bf019426043db5b36b1cf8,5,5,6.082725060827251,822,0
2920e0f8eb42829fb47189987a166531,5,3,0.0,414,0
7244a8de9e565c93294ff6d241a716cf,5,4,4.301075268817204,465,0
a15468b639f8095d1932a450f06d566d,5,6,7.5675675675675675,925,0
c82e8c1720c39891d526da51de9c82a3,5,6,5.549389567147614,901,0
2ab17bd6721014cd720f9bd9c285ab96,5,4,1.3908205841446453,719,0
0b4e1ff4e41a14a13f029c8e37fd4736,5,5,2.857142857142857,700,0
eceb972b9ec62df13d326ec903742079,5,5,1.4598540145985401,685,0
9df6eec80d96c3c9c582fd7111e06f6d,5,5,3.067484662576687,652,0
a2d5d84b5ca4e55414e8002c43bf7a37,5,5,6.688963210702341,598,0
bcb6ca0f48bc4c5176120b5627718413,5,5,1.466275659824047,682,0
05a465fedb01b279b655ca7e370c137e,5,4,5.859375,512,0
fadf13d4b3e9668494ac8b415fd88ff0,5,3,1.3157894736842106,760,0
13b7419ac1a98272d927a369c5942b3b,5,5,1.2820512820512822,780,0
0769ad43675708fb776956730d77baac,5,6,0.0,705,0
23af933b734a29a97a497f6ffa6e43a1,5,5,6.925207756232687,722,0
98030d9e2810d09f32528444dda005f1,5,4,0.0,655,0
e0ccac18f5e63e727d1a128e70749df0,5,5,4.838709677419355,620,0
ff79b31ec986b6485d3b756a41b1f94d,5,5,0.0,614,0
bdb3414381b552056062187144eef267,5,4,4.149377593360996,482,0
aca9374745cc4d8012ab680d9671b91a,5,5,1.757469244288225,569,0
10a478854a2646f89415eb7e2fa3b75a,5,6,1.5698587127158556,637,0
bdb9aa556b2738ab844d7b8ad70e696f,5,5,9.336099585062241,964,0
f2b224068b052ad3991b536a52966eac,5,4,3.7313432835820897,536,0
7527d590f1845b014c6bc7e0de00491e,5,6,0.0,904,0
3950b474a4bfc4cbef8a69c471ab0466,5,5,0.0,596,0
2299f478b2454d95362cd8bda2f8e839,5,5,4.25531914893617,705,0
6367bd63451f8267c456cfaad4b92147,5,5,1.6863406408094435,593,0
d9bac4f055c2bd52661a75ac8c127ef3,5,5,2.4968789013732833,801,0
d05cc13f665fcf46b278e7dc4c1ce23e,5,5,1.5037593984962405,665,0
dd549e2c720b27f35dcaf56af278cba0,5,6,2.635046113306983,759,0
8c16c66eb1575b0bc129aa8bdf9fc049,5,3,0.0,318,0
eb869372de263c97353b75411427c36f,5,4,0.0,389,0
4c08ace6c59a4dfc386cb5d5a2df185f,5,5,7.6452599388379205,654,0
199947e4884a99ea54f16fc496c2c29c,5,4,0.0,450,0
829eef3ef1fae8420abd84ca302c177b,5,5,14.184397163120567,564,0
4f1a4e7090f9d4317bbddc7932ab593a,5,5,5.730659025787966,698,0
64eb745cc71e441bc10daa94b048a3fb,5,5,0.0,644,0
e0b0ced66fb4054fc611e78b36001cfb,5,5,4.7225501770956315,847,1
695e0a49238802eff986946d5ff948ea,5,4,5.05050505050505,396,0
b10cc64e40fea0269265297f10721d26,5,4,2.0080321285140563,498,0
25fd060b2528a86917f8db53701f43d0,5,5,0.0,532,0
bfb8e6dc28a1efb6f7cd1418fc42e260,5,4,1.9193857965451055,521,0
d3a688e7a0a376013ade47a585d57a29,5,4,9.140767824497258,547,0
9e14b21a825835082fd8f7804337d1e3,5,6,3.067484662576687,652,0
a189d5e423eaeee4edebce4280407ee1,5,5,3.802281368821293,789,0
76d7f29fb200a99d8ce0cbae425f5fda,5,5,4.149377593360996,964,0
a6839c91ea055a38ee023180b81f2209,5,4,0.0,519,0
7ff421a98953cf066bfcc5bf9cf66ded,5,5,10.909090909090908,550,0
1ba320b80c0df726a5934f7d0c30f129,5,6,0.0,1015,0
71804c685af8f409037382b7233be9f6,5,3,0.0,273,0
109c1aa119611d212a22aa3cf13384b0,5,4,4.750593824228028,842,0
3ab05946538bd40d967783dc1414d326,5,5,3.194888178913738,626,0
502430a534aa5025231b89e8de125c46,5,5,7.5376884422110555,796,0
cfde02e9d09be3eb878af92c8f53ea6d,5,5,1.3477088948787062,742,0
716a8ae241eebc32cfd686496d0b350a,5,2,7.317073170731708,410,0
d83d10b44e131c751e16cdee2b585c94,5,4,0.0,387,0
4e5d2e18c8eef8c8f9fe0201df6727c4,5,4,8.113590263691684,493,0
232d84b37c27c2e4a9be6761d648a611,5,4,2.1881838074398248,457,0
afd3219efefe33e77eed952ec9f2a7d7,5,6,19.06779661016949,472,0
40f351ec878b07bef96af44472209f9f,5,6,6.030150753768845,995,0
2d26203f2d6afd8d0a8daa9be5ee2691,5,4,2.3923444976076556,418,0
b55673016b3bed42a3d45cc49be4d7b5,5,6,8.78048780487805,1025,0
7bb12dd204d28ed6054429cc80e4d987,5,3,0.0,261,0
7b0c78f9b961e591231eb0d9adf5f5d7,5,5,1.4749262536873156,678,0
a34b2f058adbf28aa7c8795cb1a7687c,5,4,2.512562814070352,398,0
5033e50ae03a63b55dae75ff09351677,5,4,3.8095238095238093,525,0
11de66762c92d61ff921ca90e9de959b,5,4,4.184100418410042,478,0
bf2ff104acd805ad79feb16072e08292,5,6,10.738255033557047,745,0
cbf9075185183df3e4544bc7fcddb8a5,5,3,6.036217303822937,497,0
6bf4445f6100d9166f1b3a9907474991,5,5,5.671077504725898,529,0
21ca0eae7c338f970bc85db97c908530,5,5,1.8832391713747645,531,0
65140a045a9178b5b46c16f514fa8e12,5,6,2.6737967914438503,748,0
e87df74aa73f797dad942b51f744223a,5,5,9.25925925925926,648,0
b4de6f2757ac8332e922cf9c8d186505,5,5,3.007518796992481,665,0
a0d970bd13e299e97d582d844f1b0017,5,5,0.9345794392523364,1070,0
ddd16c92457f3db888f28479b7523cc4,5,5,5.284015852047556,757,0
56d265e3e1bf8ecc8bdce58fef9375f2,5,4,0.0,523,0
dab6f77cffed9193c09a4a8f395193e4,5,4,2.6490066225165565,755,0
6637d2323b7bb29f9b9fa348e3800526,5,2,0.0,464,0
6fb9eab81475adfa66866821a780e202,5,5,4.184100418410042,478,0
1ce55c80c4e70c62f2947a2c9dc8bebb,5,4,3.215434083601286,622,0
dcf3f4f7dfca679a046ba61a4bbe3c09,5,5,1.3106159895150722,763,0
1c9fc50a4c2b6985e2ff0623d60e1c64,5,5,2.0408163265306123,490,0
dece2bea9e604d0cc0660d52f1f6d369,5,5,7.662835249042145,783,0
6d48967988afca0ad1a7bbe665da4c8d,5,2,0.0,803,0
4d63bbad0b61bdb689e1d4d71e89c947,5,4,4.457652303120357,673,0
f742f1cbd909af8204f605aa5e2abea0,5,6,2.0618556701030926,970,0
0358b70e6462caa09e5b52e294cce5a6,5,5,2.9940119760479043,668,0
ef97559b907b2ad803f2d3a28bbd37f0,5,6,1.0362694300518134,965,0
2c5a994bd8417b7ae1e7f07b21b96940,5,4,5.928853754940712,506,0
b27d41ec2120ab6f503ad3b4b67a773b,5,5,1.2903225806451613,775,0
29609ae5bab2483847f3752b0c043512,5,4,8.955223880597014,335,0
312bd70f3053faf9a42ecf46dbf7d524,5,5,1.2360939431396787,809,0
75592356e84c5a8413773fb8625eecde,5,5,1.7123287671232876,584,0
936f2aeec04b3af0ee53aa9bf6c9461a,5,5,12.062726176115802,829,0
60afd0202a7315352d08611e51c1b9fc,5,3,3.663003663003663,273,0
95c8accad5e55d38734899d39fe1a069,5,6,9.074410163339383,551,1
9d6f5a7ebb8f45af037432a80a5c7442,5,6,10.152284263959391,591,0
8a3eafdee810205e936ba7da063f8d69,5,4,5.504587155963303,545,0
23d2a4a0908dd61f040cc257f52b701d,5,3,4.434589800443459,451,0
03b98714f383bc918b572fecb3958bca,5,4,8.417508417508417,594,0
ef76e018ca33b50fa93eddba2463adce,5,6,7.360672975814932,951,0
d2509aa05d5b548d1c3b1e212f4cbcbd,5,4,1.8181818181818181,550,0
ba41aaee0aaf3ea6774659fc497290ff,5,5,6.0606060606060606,660,0
dd91eb0272473127d7f024e35ca2fc40,5,6,4.830917874396135,1035,0
1b46ac305b65ccef87e299592812d162,5,4,14.106583072100314,638,0
257bbfbb69040019fadb721fa84a21ef,5,6,0.0,1009,0
4449804a06b01f1902e952332f05bac0,5,5,1.8248175182481752,548,0
9a2b4389a0f33c1b52392f12d794eea8,5,3,0.0,303,0
1d95097cfa19c4ad14df58be56be59fb,5,4,8.498583569405099,353,1
385dd6c03bce2b0fc73e1f4c7e1036e7,5,6,0.0,926,0
b9244c29003201d04f83c6a501d54908,5,5,1.1001100110011002,909,0
317a9a14686e7d8512a8039b6d1ea9c0,5,5,4.88997555012225,818,0
bbf07f9b185ddb9f50bc24cc3d658b1b,5,5,2.506265664160401,798,0
74454d3e3e66bb9fd6cbf882defce1f1,5,4,0.0,412,0
392b43cd7d42cf3d6014254b1228abd2,5,5,2.8901734104046244,692,0
2424e06caf51790d2902753d312062b3,5,4,1.6666666666666667,600,0
d862ea1170467040603f6e7248bf7d0c,5,4,3.257328990228013,614,0
b511068cb67c69bbc8007354078fc1d4,5,5,15.267175572519085,655,1
ad8c2ec317cad0594322d0057ecde08e,5,4,4.761904761904762,630,0
c4e32948330a8dc3fe8caa1228ecbf34,5,3,3.1055900621118013,322,0
a46f6713ef1d8883abe70fb8209d09cf,5,3,3.125,320,0
b1a70cbf86e5593af2c4e51ff05f95d4,5,5,9.090909090909092,770,0
bb61e9a99b632de3dcae52107afeee6c,5,4,8.498583569405099,706,0
478a3349906428b1ebe9199b081bdc4e,5,6,4.028197381671702,993,0
f7321869876877d9b44e12d31cb86a78,5,5,12.072434607645874,497,0
023ce91cf48028fb1e5a2fca7f32dc46,5,5,2.828854314002829,707,0
95b0d1e4a7b134b384d2ca4a37a39b08,5,3,0.0,405,0
5e68f963e5b4071fcf612db012fb3ae8,5,3,0.0,430,0
420f715ee7b1b86707165644982f5316,5,5,1.4285714285714286,700,0
0e8fa221f7c05b688ec2b0fed13c48a3,5,4,2.6455026455026456,378,0
30074443294fb650f024f1b8c8a028e7,5,6,11.363636363636363,704,0
03a93470466a1929a84f4568e8ee66d5,5,5,5.042016806722689,595,0
0abdd187155ac4572a19d083fb790a2e,5,4,5.54016620498615,361,0
af30b397b9e5d2afa93b6df9272e38a1,5,5,2.793296089385475,716,0
d537009d375f07e02fb193858b43f489,5,4,0.0,434,0
08410f864213c2cfbe535e7e5de86dda,5,5,6.564551422319475,457,0
2440cb9017f1ff6a38571f6faab53c9b,5,5,4.643962848297214,646,0
438e2a16f7783fccbcffa922f61b305c,5,5,4.823151125401929,622,0
ca7ce389bc02d07bd628d64d01742fce,5,4,0.0,421,0
549739979d62bfeea57ffeefd9040de9,5,6,1.1210762331838564,892,0
7739e8df40aa4492787185f035cd6301,5,4,8.602150537634408,465,0
21fd8c9ea3ba6c8fbb4f0e8ea40e825d,5,5,0.0,564,0
392f82213cfb10943da897a3ef6972f3,5,6,1.148105625717566,871,0
90e68bb3b5bba5aba4b9515b8e5eaf2e,5,5,6.160164271047228,487,0
a95b1f3f5e40d27c5ddfb76db730f8fb,5,4,6.172839506172839,486,0
9ae20aa51a309cc8700f33ee50ac6f1a,5,4,1.5625,640,0
ae14e6f6c587e4fc6a9e640795f98dd5,5,6,3.8560411311053984,778,0
40d5e39a4d758662c590d4b42093fed7,5,2,0.0,229,0
1415af26d5490873ed2fe50b7a69a248,5,5,6.2761506276150625,478,0
cd30ace5b826b66b97bed591bb655e2f,5,4,5.128205128205129,390,0
c7914e56f7396ea9c1c528daeec73bbe,5,4,8.19672131147541,610,0
d6fba99f96deea884c8d8f268256cd9e,5,3,2.0202020202020203,495,0
04c10beb35d5d172a9c7a53685cb0c3f,5,4,0.0,573,0
98695e6e48ea2a2af37f38643b296129,5,5,1.639344262295082,610,0
ebf95dc3b30de0a4a0b27b0bd66195a5,5,6,8.421052631578947,950,0
658ee269406276a99de2b75a14b3226a,5,3,2.949852507374631,339,0
62dfe2123fa581ef7cbd85efdec91239,5,4,5.016722408026756,598,0
7fbe386a9a9588ad87f7b08f33193b7e,5,5,2.249718785151856,889,0
cf7cc90344ee1ddb7385f4a88abd4664,5,5,0.0,686,0
ab747837ec1b4b7eaac698967311b4ad,5,5,9.846827133479213,914,0
65f11c2f6df091f39600f1fac97037a9,5,5,0.0,536,0
96d70df342677947b64f59591f8aff37,5,6,1.4947683109118086,669,0
6eb3b95b6bec9e0f2b1b163715ec2479,5,4,2.320185614849188,431,0
0a1e22c6b0ed45d7f010f75b39e11f5a,5,4,0.0,692,0
51696e49e913514d65ba2bf280abd669,5,4,1.8867924528301887,530,0
7e47ab7628867028176e87ca05f7b979,5,3,6.116207951070336,327,0
403c793cd55185aa9c4e954ee33afd50,5,3,3.676470588235294,544,0
115ec1cb7fd22f96a26501b0e938eda7,5,3,4.405286343612334,454,0
e97fe6c54cae9e961ed5465ee8593df5,5,4,5.39568345323741,556,0
0cedfdc3afaa96c9f8d06d93dd93f97a,5,5,3.4965034965034967,572,0
3d42359404c7c85555b1aea25d14a6fc,5,5,1.4641288433382138,683,0
3c6083a011c27f023f3c23befa0227c3,5,4,0.0,414,0
46caa49258200df1cc5dd612cef17d81,5,5,5.484460694698354,547,0
53325e54806b165208face6bca016f74,5,4,4.830917874396135,414,0
2f3537bc4f62ffbeb71e5cb0b219c450,5,6,5.188067444876784,771,0
a8facab9c9e479c796b3887e642ae96e,5,4,0.0,435,0
02e3b879351a0a5ff74ac66348d42516,5,6,4.415011037527594,906,0
28cd006801aad8a3e19cd385dd358e3f,5,5,1.9880715705765408,503,0
608044df7eeff8c6ef6a9340910916c5,5,4,3.091190108191654,647,0
1958b47d36af874c9b8090cc64e51ed4,5,4,18.433179723502302,434,1
d7a91ef76942cc4201d0a0752ac32bc7,5,4,0.0,427,1
dfa40857519ad7a1eba93d500b23e31b,5,6,0.0,772,0
4a7b893a28f8ac116293f31f99bdcbff,5,5,0.0,564,0
296f4f19e44eedefd43623d13d5cc085,5,6,9.615384615384615,832,1
3f32176f7347e170e6a21ae88e46d6c1,5,5,2.9542097488921715,677,0
362b79e2b6b2e0e4f01a5e7c0f799137,5,5,10.130246020260492,691,0
7fb7de2071a6d89301459ba8ebae5aed,5,5,0.0,781,0
6a98870e8bd2248c7315e7ae66a35485,5,6,2.2197558268590454,901,0
6f8cee4790d68de02eaea1e30e5f6ade,5,4,4.008016032064128,499,0
f2c27665df54408e47429705a175e27f,5,6,3.9840637450199203,1004,0
83d1569f0545782c67eaa3f059c3dbd2,5,4,4.201680672268908,476,0
5c706ea57a08c3481dc80a3f65609906,5,3,8.287292817679559,362,0
ffde738da81a5ca47c73773592ac4ade,5,5,5.208333333333333,576,0
be806c6f95b5ec0b61a5e926bae014c8,5,4,2.293577981651376,436,0
855dce4868b00a913b78e5a580f17771,5,6,2.034587995930824,983,1
839ad952db923b3001f2ba06a8609667,5,4,2.849002849002849,351,0
0c90da63e2649a1fd301204d655caeb9,5,4,2.824858757062147,354,0
c133e7b3647dc534be729e08f619d51c,5,5,14.267185473411155,771,0
3cef402a24e5ece6738e10eacb0c6886,5,5,4.237288135593221,708,0
6fd96d063752960dbaafd1db40c1c82a,5,5,6.791171477079796,589,0
4cea04dffb3b55fd719549218e51786c,5,4,2.816901408450704,355,0
ed3b6ce624b918e47acf1e2986ff8b48,5,6,9.685230024213075,826,0
9620da4266a922836c2d4f2f1842ee71,5,4,0.0,611,0
fcae90e54858598372fe284ed0c009c4,5,4,0.0,447,0
7d70dc69a111455a9bd911bfb43a7363,5,5,0.0,796,0
9adaf2425028533196c631c57f481a7b,5,4,1.6778523489932886,596,0
84fd54b4d73228195287e2a3dce692e5,5,6,3.508771929824561,855,0
8ce9962539d0339ed17ace4e0f545e49,5,5,1.8726591760299625,534,0
5d7927765f0ff69cbb2b149907b7889a,5,4,0.0,438,0
6573d46a6d8b26d478511f49b6f54e46,5,6,1.277139208173691,783,0
f10db683eaa0a578ebcea414794e627c,5,5,10.548523206751055,474,0
00ad0df24441a7c8f7fc522627c09c66,5,5,0.0,598,0
60f7d8ac90a3038b5888db77fda9931d,5,4,3.8910505836575875,514,0
fb01c2c1c6011308ed57bc7fe17d625b,5,4,7.246376811594203,414,0
23ba05ceecdbff25e83042067595a734,5,2,12.077294685990339,414,0
28f4206215cdc25b6794cf72031910a6,5,3,9.59232613908873,417,0
e06cd1d5e56a92e34626305fa37ecb9f,5,3,2.1119324181626187,947,0
93aef98cb13f9248d5d81e0c6ceb9bb4,5,4,7.957559681697613,377,0
5b364546d33b4bd6a84642697ad5c9ee,5,4,0.0,515,0
727e78db74b7dcb14ceee17e3ca6fae7,5,3,2.5641025641025643,390,0
92d47d84517692f3a3861243f004b7cd,5,6,1.152073732718894,868,0
205f8e7a1d0f50fc92c346fa7e6f1248,5,4,12.195121951219512,246,0
70c3a2709332d800f76e98b5adebf93b,5,6,3.3632286995515694,892,0
b97aa7d560073c01a63555b3e44b3d0d,5,3,0.0,400,0
ad3639d2a9207f7a7a9640c93a69007a,5,5,3.795066413662239,527,0
9f44d59824e21a18e5f1ae35f1ce3f2a,5,4,2.577319587628866,388,0
ef303540bee4b6f94cc31eac16ba1be6,5,5,5.7405281285878305,871,0
79bb97d51b6fa469e6da5510682b06dd,5,6,4.842615012106537,826,1
080a7fa32cf862c84a9306aab91a3f5d,5,5,2.7247956403269753,734,0
788dec22086dc5da8e0f4e58cdaff2cb,5,6,3.080082135523614,974,0
7386153cad5bfcc49c26b0fd7e0a65b4,5,2,3.875968992248062,258,0
e935298d2f30d75554730b0ed81bf13c,5,5,4.524886877828054,442,0
1e53e95720438353046b11259b7435b1,5,5,0.0,784,0
368092ce06db21ef86837687931010c3,5,5,1.4450867052023122,692,0
6a136d68c2f9581c836488befc12bb5c,5,4,9.118541033434651,658,0
20b8e2a5df5f7422623fe2299e524928,5,4,6.160164271047228,487,0
2960e10456240b457418c80a35746ef4,5,4,9.45179584120983,529,0
bf243548e889538c1698c7b61c3e14c3,5,5,3.454231433506045,579,0
fddeac6899ad052da734c0e27770f971,5,3,1.9083969465648856,524,0
e97c91a624d6f722c5b9300c948350eb,5,4,4.739336492890995,422,0
63dc47bd2e2bd63c615ddd78c48c7032,5,3,0.0,314,0
67ce2c802799cf910bc84ed70c33e8d7,5,2,7.633587786259542,262,0
4c59b0a0e8f6ce922a442bd4edd2d0b6,5,5,0.0,518,0
f07d78cd21ab239169b0389da0f30070,5,4,0.0,391,0
9609b25749a55b0ffc5d9e688244dd2f,5,4,2.3696682464454977,422,0
8de0ff9f70e58513f351b8ee13e58b9b,5,5,3.75234521575985,533,0
e601cb9e24aab5f547c4aaf181befec5,5,4,11.450381679389313,524,0
d26488cb297268b20cab60d2980af4c4,5,6,4.866180048661801,822,0
8f74a6af344b2244b217e83af3f41a2b,5,5,3.067484662576687,652,0
b251943dcc83b2d15af493db3ae75877,5,3,2.9585798816568047,338,0
9b05bdd69b7c6e991f17e01e963ff781,5,5,5.082592121982211,787,0
4c752e7853e048c42d850c897b946118,5,5,11.009174311926605,545,0
324ffe7a5a93358a71f443a50e87e547,5,4,1.937984496124031,516,0
e813cb81d5d045e39fd507520a8a9791,5,4,4.739336492890995,422,0
9be20453ea7d4fb546ffe81ba01cdb0c,5,3,3.4965034965034967,286,0
b12f65b94f8e2ad463e027e2f6e06721,5,4,7.285974499089253,549,0
41f2ca10708299d494f633483acf6382,5,5,0.0,897,0
0f51372975810d4dc43145494bbdb0b2,5,4,12.5,320,0
687cc2caebb5452a389b2c56e51cae5d,5,5,0.0,938,0
1ef043d968f197caebdfddd0022ce889,5,4,0.0,374,0
38e26895df86af79ed632d9c1cf254b4,5,4,9.456264775413711,423,0
3f4f6f021fc8fbf3639b3c733e7addfb,5,5,4.109589041095891,730,0
494dcaf251f0928e3e4662d3b50f4d85,5,5,3.552397868561279,563,0
06c0f9b602c0ccddfd1e70d22d296195,5,4,0.0,321,0
f7389203bb7c2ecedbfabf8a3da7eeb8,5,4,5.847953216374269,513,0
76f91dd3a356b472e7764a1f97ba9287,5,4,5.509641873278237,363,0
b27e0f292b4682b77ce1faf6a2890a08,5,4,5.617977528089888,534,0
f2aca7c0f3e9a9f88a2717f09b1be577,5,5,5.681818181818182,880,0
d243f30b5de51dd5585e69c8d8ae922b,5,4,7.285974499089253,549,0
f472a239fca1a1b18f73e6fcc99f6cfd,5,6,2.9940119760479043,1002,0
f43d826d344c9f88b0088dc171e211ea,5,4,2.1551724137931036,464,0
787856ea6b57f918c2498a55825d06dc,5,4,5.333333333333333,375,0
f886b0646c71dba25d7c6c871b416cc0,5,4,0.0,437,0
5466a650e25563dc4bdccd25b48fb98c,5,5,7.863695937090433,763,0
5ad9e8fb7b580b28f0c6240192f490d9,5,4,0.0,421,0
48538bd9f989348b36ca916b1c2492df,5,3,9.174311926605505,327,1
0eb38509f6f83c29463c0c1dd3ea15fe,5,5,5.514705882352941,544,0
c07f9c0e5347c2d27048e0e182d48193,5,4,2.6595744680851063,752,0
42c3f7df0a114e64470411a650b237c6,5,3,0.0,695,0
6492f5071079f8d016c66ad942ddca97,5,5,13.452914798206278,892,0
93ae4b5efc1a2b33d2750d5bd17392cf,5,2,0.0,268,0
00046ec4caee548fbd164dd6639e3a95,5,3,2.3529411764705883,425,0
44c248b23eb7865c5024393e59520ada,5,6,0.0,932,0
1e3f25ee61f70eee0a3b0d7a8c8a1f1b,5,6,1.5432098765432098,648,0
c777f687e321550d18a8d8c1cc7f35c1,5,5,3.048780487804878,656,0
3dba00338174ff236ad87a268a45b586,5,5,2.9411764705882355,1020,0
da74dbed98a5bbb1255a65e85345ebc4,5,4,0.0,576,0
77478578f9436711afa871a37c653200,5,4,0.0,350,0
d68424efbedcea41b3c27234b8dc913e,5,6,4.319654427645788,926,0
480548574c904fe9a3539c7c115efa99,5,5,4.282655246252677,467,0
8fee32425b0c86019ec2b59a725aaf8a,5,5,5.813953488372093,516,1
872b0b0af69e8383a053bd5f8040eb45,5,4,0.0,450,0
eaf4700a7a044976eec8dbd84e7074d3,5,5,5.486968449931413,729,0
072e2856843ec9e454982bb36f2011f7,5,6,4.878048780487805,820,0
5c93d9dd861aa15d361d5dcaf18193e8,5,3,2.6666666666666665,375,0
67641942e0271863899a1ef7872ab13c,5,4,6.553079947575361,763,0
5dc55c1352e0196ac44e9e6c95f54512,5,4,0.0,304,0
398e6393c73c1ab379847a1842fffc8c,5,5,5.163511187607573,581,0
e612cd66a8b3f560e0023f68250718d8,5,4,14.319809069212411,419,0
36790bcb02a634e0fd89e29091075fb9,5,5,1.8050541516245486,554,0
a4ecabf9f446013b4b33883671810077,5,4,11.741682974559687,511,0
1ef871556360b48340e8dea476ee42fc,5,5,4.608294930875576,434,0
3eb589a68625189278fc123f444cdf82,5,4,8.421052631578947,475,0
e3b66cfd467f6676ffb25211e06f876d,5,5,0.0,672,0
47a0535184d0144b3ba9b2d1cba95b1a,5,5,0.0,671,0
7b628531de0d583bdcc2816b4c25796b,5,5,0.0,588,0
b9a486a9da8d7cde630f2d8bcdbddcd2,5,5,0.0,602,0
d042ab9cd2ff7b42c27a236679022b62,5,4,5.1993067590987865,577,0
c44534c87cbf57151216a1ff4c5dff55,5,3,0.0,835,0
3e4cd197dd6316034398af6be1bd4f08,5,6,3.2967032967032965,910,0
299491918171278d22ef74cae849363e,5,5,2.684563758389262,745,0
eb9f4eb51bf76c393bec33a28053f069,5,4,8.241758241758241,364,0
969598eea11b2b8b7f4fc1f371bfeade,5,5,5.504587155963303,545,0
7780821af10f6771996a75094ae0eefb,5,5,8.862629246676514,677,0
506aafd5cbb946ff14652b08d8709523,5,5,5.1194539249146755,586,0
0f90a41b96822da697d4342f8b6821f8,5,4,17.412935323383085,402,0
445520a3ee23a5019bc230584dfb447b,5,4,1.1614401858304297,861,0
9acd709a3e4ff6031e656d2236b9aad0,5,6,2.6143790849673203,765,0
df3d52cfbdbc46f67e4b8deafe1baebf,5,4,0.0,422,0
59bad8926e2b2d4c74a62577feca9737,5,2,2.9940119760479043,334,0
8a34a4aafd9254ea92a07e9c23993440,5,4,0.0,580,0
295c065ac70d2a4fb84ff00ad3203799,5,4,1.7921146953405018,558,0
faa8e699fc8c20a4656fd32f81a8e707,5,4,1.6920473773265652,591,0
86a2f508448b7b19b69db0ccc99828e1,5,5,0.0,710,0
f79812d657965a982ec8962e29c40f7a,5,3,1.0121457489878543,988,0
7e58796842a1d77b32a3d4631962cbe1,5,6,3.9138943248532287,1022,0
25ad5a95113158085de766252ccfdcb3,5,6,5.2264808362369335,574,0
f8593cbc49cc7213dd851ff61a4a0120,5,5,12.987012987012987,539,0
d5ef84b56ebffd88dc36b88ab0f5b67f,5,3,0.0,239,0
d22a2632e26dde231c9685c1107b300c,5,5,5.069708491761724,789,0
e0f9b38ce36913615cd684e1f21db780,5,6,9.72972972972973,925,1
02e376002d0dfd23554a6c29311b1005,5,5,11.799410029498524,678,0
09d727e1afd99a198711620c7a1de758,5,5,7.299270072992701,685,0
f9f721df5404aca8a2bc9f99fd645d24,5,4,4.366812227074236,458,0
59130f666e8afff29f5147b331a8d462,5,5,5.602240896358543,714,1
07a8f8ce97861ffeb86754f016cda851,5,5,10.60070671378092,566,1
439cddccc7b9fb0e83d162fc6513b86b,5,5,2.5873221216041395,773,0
c3a6f4ada2127ad6f6438786218c46f9,5,5,2.6455026455026456,756,0
3ee75d8bbf4bf1c4d85a078fc600d2dd,5,5,0.0,696,0
f486c1fc2e00873917316fc9289ca0f7,5,4,4.962779156327543,403,0
cbe8f6d336b092089f7fd40c19d4f536,5,6,2.0855057351407718,959,0
076693ba2729a58823cb375cc0301671,5,4,1.550387596899225,645,0
9501a928552016177582d1250eafcb93,5,4,1.9646365422396856,509,0
72313cdde0dd6ee312d8f949d951011d,5,4,3.9761431411530817,503,0
45483ee09a987b89236cf7829fe87cfb,5,5,5.830903790087463,686,0
63b6958865d54ad5b559665a276419eb,5,5,6.644518272425249,602,0
1a5f0a5844fb22c3cca7570d447049b1,5,6,9.022556390977444,665,1
23f24e4d9652baac332486c36559006c,5,4,0.0,429,0
3237cc9881ed992ee8f5fe987958040c,5,4,2.706359945872801,739,0
3fc0886dfb5d58356fc826b6a10362c2,5,6,12.875536480686696,932,0
d6d962c8dc46bd4827d1d9e1d3cc8341,5,5,1.2804097311139564,781,0
e759ffaf75d56403dbd3faba352e1c3d,5,4,3.7974683544303796,790,0
7dd3955dbcb60a050ce73032b08c0e23,5,6,2.557544757033248,782,0
09ba4ab36efcba3f9e3aa40677a629db,5,3,0.0,273,0
ee44c3b9d3ed98529221e460f4877b55,5,4,2.6525198938992043,377,0
352e636ff5e6454dc76bc2b8598cecd1,5,6,2.5094102885821834,797,0
0135ff28474bba9ec00bef6997f1afd4,5,5,11.730205278592376,682,0
2febbf3b96e586a49472448a30abf936,5,5,4.7095761381475665,637,0
52d83f40a41f49ca3170b59dd0536238,5,6,0.0,907,1
8d48e8aa3c026bc281247442c4137101,5,4,5.509641873278237,363,0
e788828f7cf433b62060584be0555f6b,5,3,5.420054200542006,369,0
d39862ff26be89839b584e5ea7dbad17,5,5,3.0864197530864197,648,0
6a4e58660254f8580446742b1a441246,5,3,6.6815144766147,449,0
dec52ecb9adbf7ab2829e67e8653b3fb,5,4,0.0,458,0
e2483815a92472ded3b27acf48c7c09d,5,5,7.9113924050632916,632,0
31ede5c3c7d73a9cdf6a645bee7ef974,5,5,3.0864197530864197,648,0
68355564c1d5ebd13556b2c1177400b2,5,4,5.7034220532319395,526,0
e638e93eef69ba4af64917a7b247cf29,5,5,2.296211251435132,871,0
54b285814ae3df817d1e855f09f7d524,5,5,2.5641025641025643,780,0
e90991f49b79a4de146bfedfdc09c221,5,4,1.589825119236884,629,0
3cf4820bb835a9c5bbb032da750a34c2,5,5,2.73972602739726,730,0
3f738e994a0fde345c0038cf1d15a2ac,5,5,7.070707070707071,990,0
cb2be33b3666f79f763de7b1cb14e92f,5,6,1.1890606420927468,841,0
b21dbfec242947af0a7044377102f9ed,5,4,5.2356020942408374,573,0
fc074e6f5a653f17e3f420deece393d1,5,4,0.0,450,0
7dfc68c5aa6860fcd1f6bb1a9c7ef8b5,5,6,1.3089005235602094,764,0
3d369dedfc30538502ed85e19fe4a37b,5,4,2.3529411764705883,425,0
afb20eeb5a91481ede7d3941c0cf3d42,5,4,1.179245283018868,848,0
8067a1275db381cbbf5c698e7f3ff7d5,5,2,2.2522522522522523,444,0
6d07c1c1ee8f542d65f4516e37501aa7,5,5,2.7662517289073305,723,0
e4b3386eaafe091f609e19944f8d00d9,5,6,7.927519818799547,883,1
f7bca69fe493f0890c894ebbb4e5f5f9,5,2,3.597122302158273,278,0
b149ac3464628ab875cfd11f63579581,5,6,5.966587112171838,838,0
4eb5395801e014ebebb6446a4f4e6789,5,3,0.0,382,0
be4a727a906d791038ec6b530e630a90,5,4,0.0,634,0
39abe3dfee4bc1b791e95c0c4b0eb0e8,5,5,5.319148936170213,752,0
6e24892aa014c1a99e147f8d75f69014,5,6,6.25,800,0
8f9ee6f4cdbc9fc2bfac00865f263de7,5,6,5.4274084124830395,737,0
9b19004132ce960b3f910ba519dd817a,5,4,0.0,1008,0
9da076bd00bed1448c8bfa7eae0d5ce8,5,4,2.2172949002217295,451,0
11c8df347fc3fbfb2b0ab9f2f4d4bd57,5,5,1.243781094527363,804,0
caac597082dfd151fbf4ec0db473eedc,5,5,8.278145695364238,604,0
e1a9f9fd2df34ae717f5dee78a888879,5,3,0.0,686,0
7c63ee199c126dff660bcccaf1449e96,5,4,3.058103975535168,654,0
9bdcd935ca2b26392b4485dff3b795c5,5,5,2.320185614849188,862,0
bfc8c4e7a3759dab498eeb60bfdab4ba,5,4,8.156606851549755,613,0
4ca54806e968d02f9f386d4bff156b38,5,4,2.336448598130841,428,0
9e81b17b32f03a9e3833f52342ad79cd,5,5,0.0,477,0
b96e77d91f9d206fd20e6ebf5e8694a5,5,4,8.064516129032258,496,0
646cf82d956d37b166d1a2163ed5b433,5,5,2.6525198938992043,754,0
c6375ba30c6f7f9136516370750889d0,5,3,3.3222591362126246,602,0
e718e89ea737d2bcb02af45108744a82,5,5,0.0,823,0
6b90a9a91812f5a382da6233748843c1,5,4,4.88997555012225,409,0
241be93ebecb6fdaf9fe908364a53f2d,5,5,2.079002079002079,481,0
5a19c2989c0a7d9cbd23f8b1bfbdd93d,5,4,0.0,487,0
9eb821edd285c4779a5101357c40536d,5,4,2.0161290322580645,496,0
6c40765a8726b024eec3ef711a005e27,5,5,0.0,698,0
2f383449d2edb4b616ae7979473067c6,5,4,5.714285714285714,350,0
a84561161a4a126c20c23d9482365e18,5,4,0.0,349,0
2fad7e7b1c81092ee6364448bb454539,5,3,0.0,909,0
e5e364c9f3570efa2598d36b26540f8a,5,5,6.234413965087282,802,0
ba880355b2c74da21fda52bc9933df09,5,5,2.985074626865672,670,0
af802d0b3dbc0774d1929bbe1824d5b4,5,4,3.937007874015748,508,0
9d56ccdcc91319a904d0d88d9003caa7,5,6,6.5913370998116765,1062,0
8117fa8909df7e493093957707e5ef94,5,5,5.338078291814947,562,0
1ebb5645b4e438361e8e26d7b13d8016,5,4,9.124087591240876,548,0
6da40ee2fd48090a70fd0e6f473cf325,5,4,0.0,380,0
c661a991aeea99bc55d48bbddde3decc,5,4,7.263922518159807,413,1
6c79dc206c6e688a9c95e31dbf5e3eb4,5,5,2.0833333333333335,960,0
60579c4ac33fad4dab88ef0277e0a30b,5,4,7.299270072992701,548,0
775c1382734282388d8bcb01746d505d,5,6,9.668508287292818,724,0
2efe9a36da9dbcff4520ba10f2355163,5,5,0.0,634,0
d87692fd4f962bd1b238c8db7f7969c4,5,5,3.690036900369004,542,0
781328da30ecedebf009cb6eaf7b3665,5,5,3.5398230088495577,565,0
fed48ce701a801dfbcbc2a6ed8d08154,5,3,2.0964360587002098,477,0
43a1778064d92f3601332fa4706db152,5,5,0.0,895,0
20ef96aba8a155e721a7687c80bcb15e,5,5,2.4038461538461537,832,0
a685d06ebab22ab6f1184c9e596f5e56,5,3,3.048780487804878,328,0
99ce778af0d1f64a7fba500a3b9dd2a6,5,6,5.545286506469501,541,0
b863c9b8be7336d20fda1efcc34ef611,5,5,0.0,556,0
ecc687125736623432e8114c4606318e,5,5,5.657708628005658,707,0
708863721f0d43cd0e6895e10a50d948,5,5,6.776379477250726,1033,0
7719e47937cfbc9243e3a47a01d59a5d,5,4,3.316749585406302,603,0
bf49d96f9bebbd784a3840a7ed7f97d0,5,6,3.179650238473768,629,0
9351e3631495f02a3cf2af7cb4eb48a5,5,6,0.0,827,0
3599fae6ab84c83da0ec7dbd75e32a70,5,3,0.0,235,0
e8923b26401b0465e6d82720faf900b9,5,3,8.968609865470851,223,1
ee30529384475c72e8b341f9674ca83e,5,3,1.6181229773462784,618,0
84d0bae02ccef45d7c2d521b524c1b1b,5,6,0.0,758,0
0afec4e2ab6d7ce847c15a0e29ffcbf1,5,3,0.0,402,0
dde1b43bea2d49f67bdebc3a4f10604f,5,5,0.0,624,0
c8e00184b5c9d4b712b133b4f410dc14,5,4,2.570694087403599,389,0
a5a2b348a4ac5f105530be76e27a4ae2,5,4,1.7391304347826086,575,0
eb4caf5db4a752d2923d9c31d0092677,5,6,0.998003992015968,1002,0
0e45d2863d79e47f53757925fad6b8bf,5,5,1.2594458438287153,794,0
d4be1961e10f1cff3db43849c600e755,5,5,0.0,905,0
5d162ea9d121a66ab1f133271b81ae83,5,3,1.9342359767891684,517,0
d10b0913918301304e160b49f362834e,5,3,2.6315789473684212,380,0
1da96a1eb26d715935606448f3b6d3a0,5,5,0.0,513,0
c51cb68955ed4a7f078dafda316ba19e,5,4,0.0,581,0
fe274c663ff938b5c80c8189749c7510,5,4,4.056795131845842,493,0
3526b2b0ecaacae2689625fa638f4639,5,5,1.0256410256410255,975,0
b78a5ba173a4bd12926be67b4e67ce85,5,5,5.060728744939271,988,0
90ea9bb79e1b03814407a39fa3c12de8,5,5,5.474452554744525,548,0
d8a207667053d48209c4276a3706475d,5,6,11.93058568329718,922,1
8a0bd49e19e760771aee9ff68ea1f97a,5,5,3.33889816360601,599,0
1dd50da1da15eb3cfdbcc3c4e484cac6,5,5,7.02576112412178,427,0
20e302657b1396b2abf74524040012fa,5,4,4.3478260869565215,690,0
6294f36145834949db82ed3b6a670125,5,6,1.1614401858304297,861,0
4b57045c3130c655a88173a6af136e34,5,4,3.1496062992125986,635,0
67834b20ca30cc7bed7ebc5dfebbd970,5,4,7.83289817232376,383,0
062372e0a0b2da1fa6d46cc0edff9bc7,5,4,0.0,412,0
c0c481adfcb63f558d2ad51dc3abccbb,5,4,3.745318352059925,534,0
662457e9606e8f729b732a613f3a4c9e,5,4,2.2271714922048997,449,0
ee4ddd6d0205ffa80fa8df6cc891a9bf,5,4,2.0964360587002098,477,0
c5e64f224a2f94fa2389dc7e4d0ae659,5,4,8.19672131147541,488,0
fefd80a7dd6bb6291c3c968d98fd4135,5,3,4.385964912280702,456,0
cb206a53804b160da25bef417efff7ea,5,3,1.394700139470014,717,0
6e10f359d75fa1ff40b39b150a05eea8,5,5,1.7513134851138354,571,0
55034077726dd676277f08b8c7f2d28d,5,5,2.3282887077997674,859,0
818db0317df4e20346595c58bd06ca8a,5,4,0.0,520,0
dd6affdf3a461dff0905814772bdfcbf,5,5,6.097560975609756,820,0
3cc67766faa840f527dc3d847e7466e6,5,4,7.672634271099744,391,0
281c49ba1c4cca67ced9f9e60b45a574,5,5,6.63129973474801,754,0
4c79d25467ed531c9b341d9c94dec5d8,5,5,1.845018450184502,1084,0
25744b1957cd2247835a38fe99f3f71f,5,6,9.090909090909092,770,0
d76b8cfe0e2c4e768e532dcb4f55d5a5,5,5,5.208333333333333,576,0
1a1463d5d2747c868c964791c2651073,5,2,5.1020408163265305,196,0
86e69b3087e0e3f759a50e0553ebb9b1,5,5,4.385964912280702,684,0
818a71361c83ddad721b3e1916b385cf,5,4,3.0441400304414,657,0
0ce7ad11ced98227fccff8f70e3baeeb,5,4,6.451612903225806,465,0
75c9f14a2edb28f428409c01b278c7f1,5,5,3.0165912518853695,663,0
74dc2a03016487ce2c6275e17ff5de9d,5,6,6.772009029345372,886,0
4cd6deeec042b347eda2a62732df5a1c,5,4,17.994858611825194,389,0
815056320c951f246b9eadc65449aaec,5,6,8.053691275167786,745,0
2f34a182e7f48ca65bd3153759e4ec6a,5,4,0.0,295,0
7de65aa2ad13d046f94d90ed52671bc9,5,3,0.0,292,0
6c245137e68bd1278cd3f5c46904362a,5,3,2.079002079002079,481,0
1a1a38ac95855d377b2c308ea3e53cc8,5,6,4.995004995004995,1001,0
6fd0049733d3360b910dbb3471701114,5,5,3.058103975535168,654,0
38cb09e9b89783456a5169b1b3c46c0e,5,3,8.771929824561404,342,0
fea128a680a6b59557dac031ea414277,5,5,4.166666666666667,960,0
15ad7ad57348f643a63b1b00755cbc8b,5,3,6.309148264984227,317,0
2e7af03edf2f87598ee9158b193ecdbd,5,3,9.157509157509157,546,0
03bcdf1d8035ebdc204784a8b82ad8ec,5,4,0.0,444,0
8dad85c3a5fe886ffb0add2364ca6bed,5,5,3.6199095022624435,1105,0
fd082aad60398d28c7e0e1303c0fa479,5,4,0.0,548,0
777c728c232f4e29c8adad41fac42908,5,4,0.0,809,0
178a1f623a701bce026f26ec1e024484,5,4,5.813953488372093,516,0
0a19034fc9822f86ef294309b123e4dc,5,3,0.0,599,0
2095862cb598eeeea166cf4d33e1abca,5,5,7.299270072992701,685,0
9191a5803ce31c29b3b8bd7266b80cc1,5,4,0.0,439,0
3a851f96eca8a85958204a2e96555713,5,6,1.36986301369863,730,0
53387019aa20c48440743710104ae9c6,5,5,0.0,529,0
a08882cc203a9c380becaa959d47e85e,5,3,5.514705882352941,544,0
99359cc5783e7992b0ee9f0678c4314b,5,4,7.425742574257426,404,0
b76365c4c663347ec8ff7e960a6aa6f5,5,4,1.9267822736030829,519,0
5a720086b6452877c7c96b485952c1c6,5,4,9.433962264150944,318,0
bb2e7ad7416501f33dd733b009093136,5,4,0.0,441,0
ff479e0cd9fee4b3ea70d9303a3582e6,5,3,12.658227848101266,316,0
2958b5e3109ef88f4e2fd0364e723d80,5,4,0.0,677,1
751a71d3a9e10c1fe40b3f3abf0b64cb,5,5,3.9893617021276597,752,0
797b7c352b632c087cd77723b922799b,5,4,0.0,417,0
13315f610741f6fdc689a7fc48a866fe,5,5,0.0,733,0
23d775741ffba44a123e8869aa1b2473,5,3,0.0,323,0
83c062edf2fb375c40af329c400a83ca,5,5,4.010695187165775,748,0
cb46a48f87cb1fb852246dba7df51b23,5,5,9.765625,512,0
ba66e752316afc8d5ac532341b68a84d,5,6,4.935834155972359,1013,0
5ded638e23766cac46c36f0ec0deb023,5,4,9.7799511002445,409,0
2f9330d64dff923c0da15d14e496d00e,5,4,5.4945054945054945,364,0
0a5208a1e883122c6b2d92e1e7392194,5,5,0.0,700,0
8092eb299a486add999b1bb7bd594fe1,5,4,1.2919896640826873,774,0
251726eed5c34b70b490d79e6bbd5b8f,5,6,4.592422502870264,871,0
201ce41b2002955e528d29894811d6f0,5,3,0.0,249,0
db8f01e253266bfa75f057ace99d84c9,5,4,4.796163069544365,417,0
eba8dbb16f433a6592cfffc603513f4e,5,4,0.0,411,0
9b0fb0b9495e2338dd58114bd60a6253,5,3,0.0,512,0
8e54764cb366f4012655ccec5f61d078,5,3,2.5906735751295336,386,0
4967554f2525c865d4ba3bf3b00676d4,5,4,2.2172949002217295,451,0
cef1a10b03207858e7035c6456335aee,5,4,0.0,505,0
1b73ce1436748eaf00aaf6144f1c5471,5,3,23.316062176165804,386,0
1219a75b9fcae117f2d780a2979deef8,5,3,3.75234521575985,533,0
a391982ce93e4429e120177dd68427de,5,4,4.8076923076923075,624,0
ba57752c3a81dbd9b48141d93bcc217c,5,5,7.836990595611285,638,0
dc4557229bc00d19a810b72491ec59f8,5,5,2.642007926023778,757,0
3617ff17c40a7de6126867f538377894,5,4,0.0,406,0
0e3315475291164aaa8199bf5cb18cf2,5,4,1.7793594306049823,562,0
da04224caad1c29cb66d8b37434340be,5,5,2.2573363431151243,443,0
a91cf769f2f4df4d02f541bdca0e6ae0,5,5,1.8083182640144666,553,0
d4aa916a0a1960f5221c5f0030d918ce,5,4,1.6313213703099512,613,0
433c78886d36d60b503e6c535fa49f65,5,5,4.587155963302752,872,0
d6d81f613053d2f6172fa0ff9d401977,5,3,2.577319587628866,388,0
d6adea5b5efab370b52ae2cfaba8121f,5,5,3.10077519379845,645,0
b0e8527a05c3f48d0a951ce44a61faec,5,5,4.195804195804196,715,1
d731740a8bf574f45d507ca564cadf05,5,4,4.273504273504273,468,0
a2cd1dba64588badb7d4580bf6811805,5,5,3.003003003003003,999,0
7c51ef48dfa06ee59d4163efff5a068f,5,4,0.0,331,0
d6d957f7202f47d454f050c48af1088a,5,3,3.2467532467532467,616,0
ede03553e13b5de648f747bf27ecbec2,5,3,0.0,445,0
132110297a7d4e802273ead487899332,5,4,2.032520325203252,492,0
ad5d331dbf6abed9f55f9feddfc9366a,5,4,1.9342359767891684,517,0
897bfc6cf71dc1fcb35c71137d5c69c0,5,4,3.3057851239669422,605,0
cd7bcf6dde3e1812f7b6fcff2ae0e447,5,6,8.820286659316428,907,0
e1779fc3431892f510b0331c44ced600,5,6,5.089058524173028,786,0
6a058bbeea7218f0667163be5fedd4da,5,3,3.802281368821293,263,0
c8936047d54af685b009eff3371ab972,5,5,3.484320557491289,574,0
78748bfe537bc3c8597250770353d416,5,3,3.6231884057971016,276,0
632a03ef396383516a6af390874a0b41,5,5,1.1389521640091116,878,0
6bd700cfa0da3b43872ae4a63f837e7e,5,3,2.849002849002849,351,0
d1d90e584225d631206fcd6ac637cb2b,5,3,2.985074626865672,335,0
f4765059a588267e11bc7a2a7c54a2ed,5,4,0.0,651,0
7db45235115aca85814df3a87011d587,5,5,5.9880239520958085,501,0
d5ccd754cbb8d61e35cf76f43c90454e,5,6,1.2578616352201257,795,1
869335353bf033148445344ed7c02d0d,5,3,0.0,364,0
2fee7c27eb496def8f06acbb8322b75a,5,3,0.0,348,0
caa325c7c4f29262de4383f7cc2627e3,5,5,1.3333333333333333,750,0
8408d786af750bd57938e19027731483,5,3,2.785515320334262,359,0
56d94625b7591514adf23e604cd8f22a,5,6,5.841121495327103,856,0
dea04c892adcab41c003eb3fb24164d7,5,4,0.0,479,0
27e26849e8db44a6e911200604104c3a,5,4,3.6101083032490973,554,0
76d87c4678b4a4f38ed5178c288637da,5,4,4.081632653061225,490,0
9a3c03c3d505f3006bc2656c979447c3,5,4,7.017543859649122,285,0
dc35f22c3271f06f4d1e1c2605b4e004,5,5,6.147540983606557,488,0
dad69a1ed6e83b0faf014eb35edd6eee,5,4,5.836575875486381,514,0
e27d53a7f6071672fe38764ffbfe2ec7,5,5,1.9607843137254901,510,0
c1bbfe61e124a8a154d83a6ff7c9b328,5,4,3.9840637450199203,502,0
d586991d9da64af343e3d61a316f3071,5,4,0.0,612,0
6fae2ffccb6d5f46ce2ac8eaeb9dfdab,5,3,1.8975332068311195,527,0
26218ec332fd4bb0fbd5016d7404142e,5,5,0.0,768,0
2ea2e55cf0877e6a01b19587974fc674,5,6,6.361323155216285,786,0
c8443741e324ccca3f5aa9f479c8c5e5,5,5,16.701461377870565,958,0
b9c3e39f1a9535cb54ccad94f855afaa,5,6,10.030090270812437,997,0
429dabff7d7b0914ea36130a731a6f2e,5,5,7.668711656441718,652,0
84f720ba2aa0470540e9b6a34fcef13a,5,5,1.4204545454545454,704,0
d2d8571bcdaeaf7d3215b7a805f7546f,5,4,1.829826166514181,1093,0
d0ad2fc02211a0ef01770c7b15a2e8ad,5,5,0.0,838,0
2d49ea8a574aa876d3388f610ca78107,5,3,2.1413276231263385,467,0
863848f2841161e3173d8c740324b9b0,5,5,6.299212598425197,635,0
cd2a7882469473778f340278ee8e2386,5,6,0.0,927,0
0d62d59e83df975b22efe4868429c927,5,4,0.0,382,0
c3070702a15f1d014349f693268b77c3,5,4,3.8240917782026767,523,0
60d8809cd14a257d79c05b58a3d417a3,5,4,4.335260115606936,692,0
973f40dd284f104ac3d57fa0989aa0a5,5,4,4.914004914004914,407,0
e3c47ff568344aa9338fdc8d87056f5d,5,5,7.797270955165692,513,0
65efc7a2f9cbce10686dae453dea7e4e,5,5,3.7546933667083855,799,0
f632e699681cf754bef3b4ba8ab490e1,5,2,0.0,235,0
4155de03ec456682e61a07a05cf59967,5,4,0.0,375,0
081a8fb9ed57be3dde138ac9f80323b5,5,4,0.0,288,0
81d30f5b39623a3a899d4af352a34b9d,5,5,2.828854314002829,707,0
1448159dbd0f0c1654531f9ef9d558b3,5,5,0.0,747,0
c89ca54af5cc53eb49905968020e7cb6,5,4,3.053435114503817,655,0
34ce567bcc8b5741b1c7b812963def3b,5,6,7.961783439490445,628,0
dbd81d88e5a430dfccfb07c8c7d52562,5,5,3.9893617021276597,752,0
3d4e362390fac904548d7d33490a1ea5,5,5,0.0,697,0
4818c61c6f6bbde4979351d7aa9f51f2,5,5,1.5552099533437014,643,0
eae07bf6c20aeecb98eae64c1ca4228b,5,4,4.424778761061947,452,0
44298e564451c21e595dacda422b7ded,5,5,1.3333333333333333,750,0
061fc1b1d6e5a26350fd84294c28fbed,5,5,4.1551246537396125,722,0
2461d8b539bab92d4327c499add0901d,5,5,2.002002002002002,999,0
3120fcf17d906c7ec4d2211d1f9dd9a3,5,5,9.22266139657444,759,0
bc26f9d5ea8911c348ab2185e8531190,5,5,1.4184397163120568,705,0
19c9be186c56d76d146dc35afb1d081e,5,5,2.0964360587002098,477,0
5d815e15efe6ad6fce2a36127998bb73,5,5,9.523809523809524,630,0
6316093546657633f3e016204a9b8425,5,5,11.884550084889643,589,0
fa9b172d27b69102f44b64697a51942b,5,4,2.824858757062147,354,0
e479f7a7018355585f5ff4d205323e24,5,4,12.72264631043257,393,0
e154decade0e0bf51a98ba34ae58015b,5,4,0.0,586,0
972285611bebaf023b8597815f2aea8c,5,5,5.657708628005658,707,1
6a5da51e6447ee623a8b8926172a18e5,6,3,0.0,399,0
c43f5cd4551979910dd9576691e121c4,6,3,1.9455252918287937,514,0
b8b40727b2af56f065780eff49ec42f5,6,3,0.0,488,0
bc257fd56b153cec6931ee3054b15eb9,6,4,0.0,454,0
73f1cdc9790d4c192b6af92d9ce8ad1b,6,3,0.0,226,0
ed781802c27a48e5152b4f57bcd9dbe2,6,6,0.0,686,0
d9e0cb6206e4c6a8e90e7d1d95d6a56b,6,2,5.58659217877095,179,0
becea0a0761e5d2fd86c9ff3583fb38c,6,4,2.0,500,0
581fb58df2385ac7d3df85e1bbd0eba8,6,2,0.0,177,0
700cd90e10386027a39eb169cf602bb0,6,3,4.524886877828054,221,0
ad53d553cf3736b6e4ed0058949e1851,6,4,2.865329512893983,349,0
fef8d08096a2901e45a30b86b13be4e2,6,3,0.0,294,0
3292759e8cb787971862ff4c559852d1,6,3,0.0,281,0
73f3be3a003adbede9206ac54d589cc4,6,3,0.0,419,0
70305a0c5aabca65ee97a6acb182f447,6,3,5.847953216374269,513,0
7f986d9954c1f4bfe56794d37e57b7c5,6,1,0.0,278,0
1d68a94e23960d61100d254f4c1a38e8,6,3,0.0,200,0
64efd85aded0c4f3c161470f212a34bf,6,2,0.0,389,0
f63218e16affee2bfb26e9fb03a46ed2,6,3,3.3444816053511706,299,0
f6fb808b370a62101c27ee5bbe135392,6,2,0.0,212,0
5c69fb6edc3726b54564d554b9b28868,6,3,0.0,353,0
da9e7e5cd3dc8af277ed7f5bb7e84cf2,6,3,0.0,214,0
62dac45317a4391b7f101c9e2b4f4fdf,6,4,0.0,443,0
80b5d6b77784414b26203072b0434be0,6,2,0.0,243,0
6f329957e370b1c580c76649026e2c9a,6,2,0.0,208,0
5004e7315341d55d565b5640c7be0dcf,6,1,0.0,205,0
9db2387387fb9413db2aea50972cf2e7,6,3,8.547008547008547,234,0
0af50e077ab2e64a1003b335eb949d1e,6,3,4.149377593360996,241,0
21533c1421b29f2c5de8641c90a7cb01,6,2,0.0,162,0
f5c5030f4ad0b46ca7f19effccc2069e,6,3,0.0,278,0
44d77fbda8cab285dbd38db6c56b7f50,6,2,0.0,225,0
964744e848bc8075c0e6472bcf4bba62,6,4,2.293577981651376,436,0
402976b94f296bb158e51fbab6fcc3e0,6,3,0.0,506,0
79df9c988e381afc376266c84df7ae66,6,2,0.0,288,0
cc8794096bdca4f5c2ea486dfefb29c4,6,2,0.0,179,0
0d43520ad20c980941911208d80eca6e,6,4,2.9069767441860463,344,0
7a715197bcc721ff99cda26d85da45d3,6,2,4.329004329004329,231,0
b1a75f3a22e10f8c8de442e80836f5f3,6,5,0.0,531,0
386b75c540bd454608c97f6de900e525,6,3,4.291845493562231,233,0
a2285e93785cb0c39750c7adfcb203a7,6,3,3.663003663003663,273,0
901e3d5b13356102cfbedae6380edb85,6,3,0.0,330,0
82dcded4932484af32208da387d761b9,6,4,0.0,824,0
737124379bb2049c0a89cf55cde2531c,6,2,3.5587188612099645,281,0
20ef53228b7c2edabcc450a9f987c811,6,2,3.278688524590164,305,0
ec067be13199091265ca5f4e00532cc4,6,2,0.0,359,0
ce2ad4d0dfa05dd2fe94b461459c0d4a,6,2,7.299270072992701,274,0
38cca3b0d074142919149f9403c7c6e8,6,4,0.0,493,0
645ac69e95520fb0204e29cc5d750d9f,6,3,0.0,283,0
5b1f6d531d8791dbb88c39bea0406fc5,6,3,0.0,329,0
936c934cee7161dd7846951455012029,6,5,1.3297872340425532,752,0
64d5e7a820a8a7828f0c1932b8ac6cc9,6,2,3.508771929824561,285,0
7d837624526cf3f207520d7634c98404,6,3,3.802281368821293,263,0
47db62f650df9e684169fd3a229485d1,6,5,5.671077504725898,529,0
366bf1253c8ed40e1c44d3ec34a24e7b,6,3,0.0,294,0
9bc0fd715f267a2b3cc638fe94571cf1,6,3,2.8011204481792715,357,0
50503b6a3bd376b5ef01a40849cdcb6b,6,2,0.0,259,0
e460b2ce90ae3a3dd118db81d149cfe3,6,1,0.0,246,0
4a57c3cc5aff00239187dc2fd9086618,6,2,0.0,184,0
491eda048c7677425f6a0e7a760fdd87,6,2,0.0,297,0
ddbfa3c01e9a462bf8d073a89131ac28,6,2,0.0,171,0
5b87f14e112f693b14fa719339df0c7a,6,2,0.0,171,0
22d250167c792941d0e7bbc0f2e5073c,6,3,6.3559322033898304,472,0
f57446e7fdd98b1cdb03df4716161cd8,6,3,0.0,214,0
6a2527a7bf2acb6bdbd01088c9aacc19,6,4,12.437810945273633,402,0
ab0340346c6f1da97f97b28161c9a9eb,6,1,0.0,482,0
4f7a94825cfddf0256406efed6818adc,6,3,0.0,331,0
e43389589c9b315ccfc2d48e89460b22,6,2,17.54385964912281,171,0
cc75be3f2e18c6d526b8868f2015b309,6,4,0.0,401,0
00225af87ac4c9e11a6efd024e1c6fd6,6,2,3.7037037037037037,270,0
c3899386477647f5f03cd20d56ca0210,6,4,2.192982456140351,456,0
02959f11ec6220764db63e76aefe9043,6,3,0.0,399,0
7e6e05fc69cfccaebf6bcb3c1ae8d86e,6,2,0.0,155,0
139ad05f2abb73ee4dcd46ed22b60ca1,6,2,5.780346820809249,173,0
a74916224453cafd58af58677362d383,6,2,2.6041666666666665,384,0
bbbba05b359e1dbfbc641725b7ea0da8,6,4,2.770083102493075,361,1
c761cb765a7578d0f8e832bce378344e,6,5,3.0816640986132513,649,0
5d1ea0d266e2a282cf3de6e7463f7f83,6,1,0.0,188,0
4840b9946ea3741ed2f6053fa52f1458,6,3,0.0,242,0
abf106d15bb54e645b0e6f524a7f929d,6,3,5.9347181008902075,337,0
7bab58099d496f95ecdcaf8051e8a66e,6,3,3.7313432835820897,268,0
21a25be55b2d76f78ea153b17079f432,6,3,0.0,513,0
7b9539f652068be2b0f98d84012562ae,6,4,1.3986013986013985,715,0
d93220f99d1baead61f3252cec55d984,6,4,3.401360544217687,294,0
fd6f6eccb0b0121ed8d22af6ac38f49e,6,2,0.0,159,0
44f8b4e1506b81320638d3790c31c519,6,2,0.0,370,0
1d1e16703c19caee343f52d3be6b1f76,6,4,0.0,507,0
38811ac3c3388e035c2d04d847324e92,6,3,0.0,289,0
5f02b14dbd407c949eb69805086ee647,6,1,0.0,172,0
dab1bcf873dac798ffc590443c0e76b7,6,3,0.0,202,0
24e132e36ea698965100a3e86d0b2d46,6,4,2.2522522522522523,444,0
d67490a419498cfae27e06ecf25eb950,6,3,3.0864197530864197,324,0
439875e11ff01cc975a84f1737a38d49,6,3,0.0,181,0
9a6b2986ec749172fd46abb3da84ea3b,6,4,0.0,505,0
0a3e83dbcac90ee35bd10429cc5b1353,6,1,5.1020408163265305,196,0
278c20699ff1218b9880405cecb8f8d4,6,1,0.0,372,0
065ac48a52f1acc8784d4c599fd85d97,6,2,5.291005291005291,189,0
3dff584b89e8f3c9bc28fa6680a337f8,6,3,0.0,333,0
6359e5ec35b7e2f5514c0c1af946784e,6,3,2.5839793281653747,387,0
3578bed611624db4f7e85d1c86107865,6,4,0.0,456,0
a9cccb64a800e5031a58cfbb78dc49da,6,3,0.0,231,0
5f8dbabd095413b621438e95f0027630,6,3,4.514672686230249,443,0
4711717d9eb0ddf13314272fb6eba8db,6,4,0.0,458,0
ddfe6b787e5078e9781361dc14b47bde,6,3,6.4655172413793105,464,0
0062f81efa662ea6aa8d313a5d4f6fcc,6,4,2.7548209366391183,363,0
2f3701bd5d10054fe875bf1b1d8440a6,6,2,0.0,193,0
7e0259577e123dbc87e23f107f9c74fc,6,6,4.658385093167702,644,0
4d55e20c4ea597bc05f2d60048d49bf9,6,2,4.032258064516129,248,0
9db59b75aa9fdfa3d446f77ae3365338,6,3,0.0,285,0
0722b8f990738e37edb037ccd93e7d51,6,5,0.0,466,0
26c83117ad04bc1ae95b58920d83e945,6,1,0.0,263,0
e2dffe336626fbb294f78d8e98252fb7,6,3,2.237136465324385,447,0
2c1b82758619ab00e264e063e5a17b30,6,4,0.0,553,0
4967d6b824b27e76425f0e4456636834,6,1,4.716981132075472,212,0
627ccb9e3738dfeb80a452b5c0014952,6,2,0.0,227,0
a595056b14d7a2637a1a39cd862cb97c,6,2,0.0,249,0
c6801a5c59f3486ea793924c130952d0,6,3,7.109004739336493,422,0
9434b6806683306278f7e5c45973f29d,6,5,0.0,1103,0
f5cb64bb82244cb51ee5b77ce1bb7767,6,2,0.0,307,0
f3d07a1fc87c2411788c16f95b295759,6,3,6.389776357827476,313,0
04a235f184401c9f3a3826176a0837c3,6,5,0.0,651,0
9b9a3181b433179e04f6c671d1ec1438,6,3,0.0,313,0
4ca0eef95810a0e5a72ca612187ca51d,6,3,0.0,241,0
60c7725a1b238d14a67792a74e9472d6,6,2,0.0,253,0
b6c2c21cb288f1f7be5005814dbf5ec4,6,3,0.0,454,0
77f662a6cbb2d27b03900cad5e1e6341,6,3,0.0,341,0
009225ad186dba303789e7fd499ebc34,6,3,0.0,323,0
8164bd560daa9c1fa77109732d3332f2,6,2,0.0,206,0
daf92538069e1fe77546800f0da9bd55,6,1,10.416666666666666,192,0
c5b9c3b0157d0abc95d89c3b40850967,6,5,4.87012987012987,616,0
15c3a802fb2459b5f743be1e2f85375a,6,3,0.0,271,0
d7dd1018387e7626e9da20469abdf3a7,6,3,0.0,333,0
9513d8dc9e369bd01108fbfe6d6da6da,6,2,0.0,163,0
4bf4f2834e4431f072e91526020a833e,6,2,0.0,257,0
1eba95421dffed622a0d7541030aa284,6,2,5.780346820809249,173,0
bd357554db99da90b8d67bc37470ff8c,6,4,0.0,377,0
b5060ab11a35307f7a13faa59c3c6962,6,3,0.0,216,0
4e8c45d37d9efa12c2bf8e42cfb3bfca,6,3,3.076923076923077,325,0
54470d754045c060bdb021d1dc9fde98,6,3,0.0,187,0
8ba8be394ac903ceb10e57eecaa09977,6,2,0.0,277,0
8340c0f7711399b50ce7c5e32ab366c0,6,3,2.544529262086514,393,0
19a5e4d31b3572fa3ab39690b894d2bb,6,2,0.0,217,0
6327ef25fc653d3f41a11b5bcd16d642,6,1,4.184100418410042,239,0
62fadeef0d93eae24258b8d52d4e8925,6,2,0.0,288,0
f0fb327e1222045f46b8dcdbfaa84862,6,3,0.0,527,0
925c6c5a20473e8d5c74f05a643f89df,6,3,0.0,401,0
7b69ba733bb363faca72616870699564,6,2,0.0,193,0
59f718184294615fce740190089d86a8,6,2,4.524886877828054,221,0
f689e5f00a60035bc3cb4a2df287cc9b,6,4,0.0,432,0
7473aec5a894eae90333aacb20d731e0,6,3,2.0661157024793386,484,0
28896166c21bbc9d7cd19a26cd199e37,6,2,4.11522633744856,243,0
a14a707eca203ca57f3f59d7f4ce7f82,6,2,0.0,340,0
75f21140d9128c11da87cb574b40e7dc,6,4,0.0,430,0
9f5fd05d76b97a8c01fa5a92fcfc11da,6,1,0.0,192,0
66c14ea843def5a9b57249ee6351de8d,6,3,0.0,294,0
5feb69d1521a521130f75b6f71dfdb58,6,2,0.0,335,0
19dc929d099b134a298336dea135c56b,6,3,0.0,442,0
3cecf65cef57318d9a7831c77bab7fc3,6,5,2.109704641350211,474,0
35611cbe4c17332f4bd61dd7ab7314a0,6,2,0.0,177,0
aedb79d4c8934f4e5df6efb4c1648f02,6,3,2.5380710659898478,394,0
010a1c26a680fcbffcc1cc592fad8416,6,2,5.46448087431694,183,0
812ef7d6a20142846c9db14a60e221c8,6,4,4.048582995951417,494,0
c3ee618f2e5ccf93ceb9ee195e0708ba,6,2,3.816793893129771,262,0
cc4108b14f850a6addb9460c2ea92371,6,4,1.4184397163120568,705,0
cd2a9ebe680268fcd8d0409152ac631a,6,1,3.6496350364963503,274,0
8eb36c742b845808e0d687880dfcbb86,6,3,0.0,292,0
735c41b4a9c822134564868b9707593b,6,5,5.736137667304015,523,0
f7428385d8fb4df39926ab2996ef94e0,6,2,4.291845493562231,233,0
e9db6d52fbcfd304d55ce037640dd0f9,6,1,0.0,193,0
a3e46851510aff9eab80ba51df1ea53f,6,2,3.90625,256,0
042441f5b83b4742c79f5671da340daf,6,5,0.0,484,0
9e0835b74084bdc3c78ade4382fa3fc6,6,3,4.587155963302752,218,0
5dcdf6a2bf0a92bda712c2cc16de61a7,6,2,0.0,152,0
709b53de17cef7d1692982c47418bc5e,6,1,4.484304932735426,223,0
2184d4cf94d32c8161d6ff2fade81c3a,6,2,0.0,175,0
1d1a31f87a04db09a73c2d57c6da682a,6,3,0.0,478,0
0a9bffcd8b3d3f6ef5e9d98bd87469c0,6,3,3.278688524590164,305,0
ab136e1cc12fb02c5af8150b03951f78,6,3,0.0,253,0
8d7b49c7b786b8c005765db540ee49d5,6,6,1.5337423312883436,652,0
fada546dd06571339b949fb598e70cbc,6,3,0.0,388,0
fc8eee1cfbef8aeca7fea5c156e681e3,6,4,5.836575875486381,514,0
21518e7439fb074823eff4f30754af0d,6,4,2.375296912114014,421,0
0718773e7558abf933a12e3c84eb9830,6,3,0.0,362,0
d1f19580bec143a308c18ff3354bdf1e,6,2,3.6363636363636362,275,0
1705e3eef6326769ef57bce42cb8979b,6,2,0.0,330,0
43a3356e12406494c82f36b88545f149,6,2,3.5211267605633805,284,0
f8b855e8ebe8539fc743c8a27265587b,6,4,0.0,734,0
656a29d682a769adb75d2a99b796f093,6,2,3.508771929824561,285,0
a3a4f681b85278efc8613ccf57664f0d,6,4,2.1052631578947367,475,0
a73fd71cd78560bc4984c63fa5a5d865,6,3,3.663003663003663,273,0
e5b30f343d5e81d12a682f613e6c6be3,6,5,0.0,517,0
432f9674da6056b43b3dfd68115801b9,6,3,0.0,331,0
46c2675d2abb5745075c34b9a4cb5caa,6,4,2.9154518950437316,343,0
77f8e47ccb19014e7a638b9d95802423,6,5,1.5797788309636651,633,0
6e6e11fb177fc50a25ba6a85e5b94787,6,3,0.0,416,0
5250a36a07a92598d3e2b7f843527253,6,2,0.0,253,0
d1a5386ed40ed4bc88558826d0c8729d,6,5,1.589825119236884,629,0
cd5d75bc924995e9f36325fef19da6e0,6,2,0.0,186,0
37ccfa8883b1e147912ecf3b72a5c20b,6,2,0.0,216,0
a8dd78a845544abce554693e5354ceaa,6,2,0.0,248,0
78a4c57ef0b62f08d692dd02ac0cd175,6,5,1.4880952380952381,672,0
9214203dbc9e6987a798449b0e6ce4fc,6,4,0.0,546,0
1c68a1cf9b0ab57e76200641bcb375f7,6,2,0.0,214,0
158ea85275b2ec68ca54d950d019644d,6,3,2.9673590504451037,337,0
81cb1f03733697d567c0cdc36480832f,6,6,4.545454545454546,660,0
35d260cc3aa8c874eb33ef3940b241ef,6,3,0.0,361,0
7965c3e63e1059090e21da0a8142172f,6,3,0.0,273,0
dd5785ffe4803d238a86bc4e81ea444e,6,3,0.0,439,0
689942d02ca19f3d36180dcc915475e6,6,2,0.0,177,0
cb84a157a7e41ea5d41b92d7a550e85b,6,2,4.065040650406504,246,0
65c975938ca8b01e94e465f1630f03aa,6,4,11.933174224343675,419,0
199f781ce20de288e42928bf886a2743,6,3,6.600660066006601,303,0
5d62791ab816867dfa4532bffbedd889,6,4,0.0,334,0
c4c83bc9238b16544958ded2145ebbc9,6,4,3.0864197530864197,324,0
026dbb64b8343e051b6ea4860a19d635,6,2,6.25,160,0
39fbb00169d088e012e4d507cc79555f,6,2,3.7593984962406015,266,0
d626a25ed164177efe06c2459e006eaa,6,2,0.0,207,0
b81d296797c61e3670528ce51259ed32,6,2,4.424778761061947,226,0
c5e4129e31a0e2209ec79e4e41dcdf43,6,3,3.389830508474576,295,0
f9d046845778d2bcbf2eb18756b73217,6,3,0.0,293,0
d73d6a9adbe764387092941129ef9552,6,3,2.7027027027027026,370,0
709591d1d2146a3e0b96e692508f232a,6,3,4.566210045662101,219,0
f9b47dbcdd66796764e509cfc5a8624e,6,4,0.0,539,0
cdd19711e77c22f333abea751bcb34c0,6,2,0.0,235,0
cd925ac594459bc77d19ac10f0161e06,6,2,0.0,198,0
869ea97ca8ca643d369d310d34d20414,6,3,2.816901408450704,355,0
105303afcfab7c973f008c05986af98a,6,2,0.0,315,0
44e062d09f432e64ac92f4fddc1d1d90,6,3,0.0,244,0
b8c528300df34897d911bcce47dc8c69,6,3,2.2271714922048997,449,0
0ad2c37907d308587dc4260389394949,6,3,0.0,306,0
ba00c190e745949796423ac688f80aaf,6,1,0.0,294,0
5eee455ab225ce4e9a41b1003991b146,6,2,0.0,210,0
b402f0c35ebe133811968acda9e38057,6,3,0.0,260,0
383683bd60fa0cd9c54c274ca7eec9e7,6,3,0.0,438,0
3b2aabfeaab89caaeb0dc2e7a8334321,6,3,0.0,271,0
3aa5e07932891164b9c4de6b6018f2ad,6,1,0.0,250,0
8592e52bf12e11136fbe7fe0615ccec2,6,2,0.0,211,0
6bb98152f40c5898e9d2baa48b735935,6,3,0.0,370,0
bbe901c634c8704c9f961de579fc7c93,6,2,0.0,287,0
f3493f6965cbe0ffae9d9449d2b18543,6,3,0.0,304,0
bfe338e3ea15a444b34440fb1f5a607f,6,2,0.0,210,0
f8deaaa456f802141538b7c2ec0fcfe3,6,2,0.0,175,0
28d6fa893f7b726cc14f0358ae460ce3,6,2,0.0,238,0
5fa48f22dee2226c33b5976325f17120,6,2,0.0,163,0
ac4345b0791858c1f5cce2ac2562e4c8,6,3,0.0,403,0
1f2a39957c3b85979267a7c9eb89c852,6,4,0.0,503,0
d1ac9ee39e8ed23024751cc08309d17c,6,1,2.0202020202020203,495,0
29973511858c11ed490d6cb3adf320e3,6,2,0.0,193,0
18a8021b18ba30926b6441b84b6f271e,6,4,2.6666666666666665,375,0
284b02929f73a6bc141d5239b32755af,6,2,0.0,403,0
2ba4917a2e3307d3fd842c980fe57aa7,6,1,0.0,362,0
55fe47e6f82071e7b52baf5cc57e5290,6,3,4.444444444444445,225,0
d3cce528a459145b699e97ebfbfcae67,6,3,3.215434083601286,311,0
cf24f48301af104a42c2d901e351a9cf,6,2,5.882352941176471,170,0
f0d7ee0287e1136fcfc859ca9b735a3b,6,2,4.0,250,0
166ba49c2977400dd788f694dea29bb9,6,2,0.0,215,0
24248fca72ce3cfa6236707c5b53ff10,6,4,2.4271844660194173,412,0
9337d114f2c45d1d922dd87e0b4bfbd9,6,3,0.0,304,0
c603f807cb3208d0668149a06ca8d9d5,6,3,0.0,235,0
5894c122ebf6c8dfa4045d4f1d0ae5b3,6,5,2.183406113537118,458,0
2353f4fc36cafc0dee4c7b75874b2809,6,5,3.0721966205837172,651,0
2fda9331c192bd21471a7327452d779e,6,3,3.3333333333333335,300,0
53317c9735b033780ff24b102eb9cc75,6,3,3.6363636363636362,275,0
997e9c2e63f03275dda5338a7b48adf7,6,3,0.0,257,0
8c83065b46293abc35532d21ee4b17f4,6,5,0.0,481,0
1e5029d4055bfc7977796bf27ee64e54,6,4,5.208333333333333,384,0
8461f851ff8a418e663b676e40face52,6,6,1.145475372279496,873,0
ac6d15bc6fbb07924db4d65d2a434bf6,6,5,5.780346820809249,519,0
93de92de40f31490f658b8cc6eec1970,6,3,0.0,313,0
d6b798290af2a89151d510011c444168,6,5,0.0,743,0
980bddfe4f86b1f9c2b82a465e73dd5f,6,3,0.0,331,0
507c1d6336497a35d3bcf60ae7d76e91,6,3,0.0,319,0
61b949ca996b1ae90e4f4b809ef1102e,6,1,0.0,195,1
ed9dc4c183c23755fa600d3567ba89b4,6,3,4.081632653061225,245,0
e12df7d5e27b6d3484f7ad70b27d5c30,6,2,0.0,219,0
8c938c93f92e0570b583f4c7ea2c69a2,6,4,7.766990291262136,515,0
1dfd5e3110d076df121e0e699a7f1292,6,4,0.0,453,0
47a8d95a2061268546d0a65f2b090ff5,6,3,0.0,338,0
1d0953d2042d713b20a4472c1f7ddc08,6,2,5.46448087431694,183,0
ce074fee246dca94c76929e0857004df,6,4,1.5105740181268883,662,0
866e560651a0ece2837419c6b64ae8dd,6,2,0.0,352,0
b20fba28389e27ec4652d67aee4d76bd,6,3,0.0,365,0
0579d43059f714ef4d3969b8ee48c3c2,6,2,7.633587786259542,262,0
8aac77b70c548f36955fb054227ff62c,6,3,2.8011204481792715,357,0
18747d16e26966a6e6f90644819a12c2,6,3,0.0,393,0
b8977d63143143924e80f5b87f077f2d,6,2,3.6363636363636362,275,0
2e7d04a4908d505581e6806965636409,6,3,0.0,366,0
86c3a9e463d334ff3ac6e3d12a382ea0,6,2,0.0,378,0
b6bef1ba1a7ef1f6ad6a58ccb785fc66,6,3,0.0,437,0
7cc3c7fb9812b99d3b8f29c8fd6bb2ce,6,3,0.0,360,0
3afa36c7ee75f838fdfe28ee37423224,6,2,0.0,198,0
c34098a5881bc4bf6d554c607cf8dbd7,6,5,6.507592190889371,461,0
c2689620209c305dcd3663c703cbfa95,6,4,2.5974025974025974,385,0
ac823deb57347121718415eb0c23cf07,6,3,2.849002849002849,351,0
52d17dd295aa2252c74dffbb3036c91b,6,2,11.235955056179776,178,0
5da4dfdd063c39199777cd443e19be37,6,3,0.0,325,0
3a4f53056aab180b41531aed289ec73a,6,4,0.0,427,0
1de6245788ea4f24437e14b08d4bf50f,6,2,5.128205128205129,195,0
c687bef897f2cd3ceaa144bd42892589,6,3,3.4722222222222223,288,0
21e203220f2775e21f0aaf5761f49f98,6,2,0.0,193,0
063e32b3e79391e8635313a9840b5855,6,1,4.854368932038835,412,1
95e45630b4b54281883707fd02886125,6,1,0.0,187,0
1d4a4185e5466e19237275d61bff5f79,6,2,5.9171597633136095,169,0
9c54337988e6f1c5dcf967d598fb7688,6,1,4.444444444444445,225,0
554c6693d8c5f065075d7d1644e0e94d,6,4,4.784688995215311,418,0
61ddd24c44ddfb60797bfa17761cd48a,6,2,3.4364261168384878,291,0
3ac807e9258d11cf432974466d0521e0,6,1,0.0,259,0
53d2385582322020e1587b4a1af2691c,6,5,0.0,584,0
bcbc2da717c18137237751d23bd271c0,6,2,0.0,248,0
908d12b81c9c5a9bad9bc266e5a250de,6,3,0.0,203,0
addaab4058932d921622c24042306bf6,6,6,1.375515818431912,727,0
44d77dbdd2cbe38d8cdca3b6a2d31dc9,6,3,0.0,304,0
dd826609bd2ef02c58980cbad201626d,6,2,0.0,286,0
7ca5954fc73109deb94c5dd4339a6b23,6,2,4.405286343612334,227,0
3b1f1913e1d3047d1df6ee2694ebde9a,6,2,0.0,166,0
2d2b195ddecaf2e64d1d08d540e9e5cc,6,3,0.0,376,0
e0297dd5eb8840653ddbc93909449b69,6,3,0.0,478,0
00e5c80db52380861d2d939248c55e08,6,3,0.0,235,0
7f803a6c77e625de49a02a12df4f452c,6,3,5.037783375314861,397,0
ad0c724f57f22ac7fef1065c997304e3,6,3,0.0,391,0
9ad8d6159837a81dcb8a05ed4959de7a,6,2,0.0,319,0
7b6ffd77c90fc09cef22d329b8f7266a,6,4,5.333333333333333,750,0
f670b23f7d9aab489a0ada427ced3cac,6,2,0.0,193,0
e780b6b9c97798673fa4020df0fb995f,6,2,0.0,180,0
d6fd5c291bbe70dd2952d20e64401f55,6,2,0.0,220,0
c055404b288a44fb0c074488faf63e87,6,2,0.0,247,0
649d1beed76d8d6f9385e5f92b020278,6,2,0.0,164,0
4971a8aecbd04fd3a3ee0a78b17d62fb,6,3,0.0,300,0
89f8ea512eea1f5de1b8f8a2ba36d4e2,6,2,0.0,269,0
7a40c89169bea7f9088144ec48ce491d,6,4,0.0,331,0
63ff7ccbab76f61fbe3fd5e634ef3695,6,2,0.0,160,0
bdb824c4eef3ea0d48f60cc542135ce3,6,5,1.9193857965451055,521,0
332f0ea401f42472831f68f76f28ed60,6,2,0.0,197,0
11bad5460196d829da15a49b931ffd12,6,2,0.0,167,0
979dbb7a232bfca4ee2f59b95b732dd1,6,3,3.861003861003861,259,0
d2846a43553a524b10aa5e496b399a3e,6,1,0.0,211,0
9c8ac8a1b06f5f42bc14d654c3308cfc,6,2,0.0,295,0
258309096e86c45e8f1741e2e00936de,6,5,0.0,503,0
7b3994f5004cabf728a74bf7bd952e0b,6,2,4.608294930875576,217,0
46296fed7b0b5c7e15637975926330c0,6,2,0.0,186,0
34b2ded0f1060ae180f11f30940920b3,6,5,0.0,683,0
3db95fff7ff4b50e3deb7231a4908cfa,6,1,0.0,234,0
70e8cf20b855c94beb4b8efa988daffe,6,2,0.0,183,0
767ca28f1ffd23960d4d62bfbd188379,6,2,0.0,255,0
e9cf5783ff3ce834dabe3fe7f08a34e6,6,2,5.025125628140704,199,0
8bf013f235c48daa18abbdaabfd12537,6,2,6.289308176100629,159,0
1900387a367a756e8f506902d7faf28e,6,1,0.0,338,0
a5567914e41d5443e29cc2e2474f5a5c,6,2,0.0,169,0
4c13cc9ed1d36b7de7d52f77daa46a3c,6,4,8.79765395894428,341,0
d2f5012e0cec5ce2c8f5c3c41527a52d,6,2,0.0,285,0
317f0833b4f1e8e541da89993cdfb607,6,3,0.0,311,0
1dfc65fbe0b1b2cf71ce694096dbdd2b,6,2,0.0,193,0
ef7be09cc052fe700624440e64e6d5fd,6,2,6.309148264984227,317,0
588e21ff15f227d004c417e7f0e26340,6,5,16.427104722792606,487,0
08f892523a3ca838083ee0c0c9b93c6e,6,3,0.0,262,0
6b5de6c042e117ac5100f659b062a265,6,2,2.9154518950437316,343,0
c6895a13bf18fd25818274aff3f57509,6,3,2.557544757033248,391,0
cb28ad9db080fdeeb1f919f477a22939,6,2,0.0,237,0
53eadb89f3260692a27c24ee1c9fdd1c,6,6,5.093378607809847,589,0
139370cad9594b9b4d4436e01ff841aa,6,2,0.0,364,0
35a78d5a532bb89c48a9e034a8f02ea9,6,1,0.0,255,0
988dd45c5caeaaae82bc7c4252857486,6,2,0.0,184,0
32b2d8cdfde75546e2295f9240ca2791,6,3,0.0,427,0
f68ed8486ebae2ecada2c486f48ad60e,6,6,1.3850415512465375,722,0
9bba3eedd6a6bf95d2a7b06aef227bea,6,3,0.0,324,0
7266443d4ffde5d78719b62c636c0af5,6,3,0.0,382,0
542899f847260994c07a3ee967787c82,6,1,0.0,195,0
078a55825ea83f7e27bce6da4ece5bae,6,5,2.2222222222222223,450,0
16158ff4bb23cb3754c613a6f72690e2,6,1,3.278688524590164,305,0
454a24d1cbb071bae921b60614453474,6,2,0.0,350,0
2964f3ded38a01f4a2259f26df708295,6,6,1.949317738791423,513,0
632ba7041def684aaa9a63fc9bc6bb24,6,2,0.0,196,0
48cfe6c70d2408f4d905a51f748fe05a,6,2,0.0,382,0
cc67df5db5b3032c074eae839b6c7a36,6,3,1.996007984031936,501,0
6317e6327d513386120f856e2aadb262,6,4,3.875968992248062,516,0
b2acb4533e9da8a412f9dd661b407c77,6,2,0.0,211,0
71a0f9b161c1b97ceebdf85d8e20fec5,6,2,0.0,294,0
0237542f61bea6e0ee093f56a646f850,6,5,0.0,535,0
8c39da31d1bce7c33abea657b5fe6164,6,3,0.0,372,0
e80c7da8b47bde9c63bdc001f098510c,6,4,2.2271714922048997,449,0
71241eccdd00f98450022178a126326f,6,5,0.0,638,0
4d369e260c32809ad2915842337d72d2,6,4,0.0,329,0
0c80f54845d67bba2801237d2af3fc5a,6,2,0.0,227,0
05a0547d646436acf227b918d75ffbc5,6,4,1.5082956259426847,663,0
470a23736fcd17bdd2d5ca8a1196bd77,6,3,0.0,280,0
059e39fa56be414c670821eea8b7b78d,6,3,2.1413276231263385,467,0
cb215c23511cfd430105a62a70fd6d32,6,1,0.0,183,0
e9e7a68643eadc8320cc897d549224d5,6,2,0.0,191,0
80c0446082255bbaafa4405629e61447,6,6,1.0729613733905579,932,0
a021ac83b5a368ef79c9141c908d0a81,6,3,9.202453987730062,326,0
61588321966b08f92600240f35714532,6,3,3.6101083032490973,277,0
f9e5f1cb8f55f417b63b15f9267a542e,6,3,0.0,291,0
8067382003448e6716cb7d4a410b432c,6,3,0.0,243,0
e2048286d911373aab15e967df4fc39d,6,4,0.0,395,0
5b154ddcff27ce95778d10cf7a8f911d,6,2,0.0,160,0
f88de0635ff8a2ae254aedc9a801cd2a,6,4,7.1258907363420425,421,0
77b311c9fa8805dfa912b07c993496dd,6,4,0.0,500,0
583db0819cd2a4a1006a9a0e0dedf762,6,1,0.0,185,0
94addd438e6dd01e7415958a43a45e0d,6,3,0.0,361,0
1af18e37f99c9bd3f4484518889b1f0e,6,2,5.2631578947368425,190,0
928a21ce976f273b1c3e984b6fcdf3e3,6,2,0.0,280,0
212fb1a5e25084f39a458a9690b93db4,6,3,0.0,273,0
23543a6f4cd4ef8fcb373c05d9a5acf7,6,3,0.0,495,0
57a16e93ca26b6412ab13349036580cc,6,3,0.0,219,0
ca49f115255377bce00b9cd3ca01401d,6,2,0.0,322,0
1b4cb3e48e7fa0dd844f026ab75718ec,6,1,0.0,254,0
a013fca8e99cb4ba886e60820aade235,6,5,0.0,474,0
a04c99b804fa3de266286413ed5acc70,6,2,0.0,228,0
1594b977e9e1f0319ce8c2100142ac98,6,3,0.0,233,0
2133f0a345e5a7fab65f6ae1539bf525,6,2,0.0,277,0
acbf4c6b8d1ddfd5a3e85bc4c5c6f747,6,3,8.241758241758241,364,0
463d9d9991dc9b08400b5c9d6e326c66,6,3,0.0,436,0
4955a1e7436a8fda497599f1c2d6e9bc,6,4,2.1186440677966103,472,0
a7926b093f8cb1a8870d974e31c4a759,6,3,0.0,216,0
e570254e52ae4bde7c0937258942a768,6,3,0.0,529,0
c63a9a1af151f0f3cb44ed9f1806b350,6,2,3.9840637450199203,251,0
7887cd6f9d69e11151dfeb4668fc00de,6,2,0.0,260,0
9135bd1ed3009e4f645a2a10d97a20db,6,4,0.0,456,0
dd5cf3a0f693ae7b82343f5d8b0d010e,6,3,4.524886877828054,442,0
4592f8ad46e4b2e53f45f2130d4649c5,6,2,5.681818181818182,176,0
b779ad9ed74bd08aa1e3d056a90babbf,6,4,2.2522522522522523,444,0
2147ca29698a24bea34ca13915cf97bf,6,2,0.0,186,0
aaec44f3c3ae940c0da3bae970947dd6,6,3,0.0,392,0
8d6aea7b5783f6bfd8171b80684b6eed,6,3,0.0,284,0
42c63d145de693364fe7199fbf24be91,6,2,0.0,177,0
95f7ac0d4d3d0388f1483eeb5559cae8,6,5,1.8691588785046729,535,0
e5826422a388a7ece1514ed2163ea907,6,5,6.726457399103139,446,0
1a3978feca5f9ca2c4a13ad96dbcd2d1,6,3,0.0,416,0
ca9066543b24d048251f68dc1aac3b1d,6,5,3.2733224222585924,611,0
ef9adbb99f9de36028628e830f639702,6,3,5.2356020942408374,382,0
69705e49011c2e0fbc80b138d5d2e284,6,2,3.5460992907801416,282,0
b3485071542f30209cbfeb20ced6dd55,6,3,0.0,379,0
d5cb05868a9ef3bc20ad1cf932246485,6,5,1.4836795252225519,674,0
c7da4e8b0eda5fd667242157f467f421,6,5,0.0,553,0
58d0305f6c0e73362150b4d458d92617,6,4,0.0,473,0
927478a595d7fc617266bde125089bca,6,3,2.824858757062147,354,0
33be0ccaf8f16fcfe980bc90489d9e7f,6,2,0.0,151,0
b21a49eb9abee3e7a18aedd5fb7b1cca,6,3,0.0,364,0
ffd3f3c21733c5aec340b58688030932,6,2,0.0,410,0
d88e020db1c4ecaa3dc39d8e0fbd53c1,6,4,0.0,426,0
e071bc7b32919aaa60a7bb17c1318591,6,3,0.0,307,0
491545dc37f5eaa17a8711160c346046,6,6,5.161290322580645,775,0
ff7ef802f6147f33e6e9ffc455530dff,6,2,0.0,388,0
64d066a9c076d253dc35cc1cdf170cca,6,4,0.0,584,0
a6d4e0932175650a8e3982edca1fe971,6,1,0.0,258,0
7eb721ec19b21ab457ce71fb86d73391,6,3,2.808988764044944,356,0
e336feea4aa5367e4425f543de0e3be8,6,1,0.0,277,0
c0596e9e3769398a2a1bcea8b118e1e3,6,2,0.0,542,0
f90cf08073c59447bad8f7cf04db4f44,6,3,2.9069767441860463,344,0
5eaef0a8b9d4c631f01d03e5eafa6c74,6,2,5.633802816901408,355,0
6f3b803a36f2406f513df87c51580fbb,6,2,4.716981132075472,212,0
bdc5da1a653d07efa0a106a19ee053bd,6,2,4.901960784313726,204,0
3a15e1c3a6c179304d20ba651c164317,6,2,5.714285714285714,175,0
d702fa84090a66450bd4f9956c51411d,6,3,0.0,274,0
ae92bd7ddf4ead6b264f75925ee401d9,6,3,0.0,288,0
af4bfa0d39460cbf3c0e9677cfc13a97,6,3,4.1928721174004195,477,0
23e0938f135d5d31179543496767655c,6,3,7.246376811594203,276,0
be3935084182345cafac7f439fbe383a,6,2,0.0,288,0
c8866d0c87f35f31ddf764d88fd9a3e2,6,3,0.0,361,0
e1b1afd9fd112760aacc1e95731eebc2,6,3,0.0,227,0
b11175ab84ea8f3e3b64fd260c3fa4ab,6,2,0.0,258,0
c88a6ed2c0886b8bc037810a705bbfdc,6,5,3.6101083032490973,554,0
851d9db767ec89cfbae44b996a96b26a,6,3,0.0,308,0
f1c31d0a60bf1d00d46292e32ececbc0,6,5,5.30035335689046,566,0
67e88f00bc9faa2336152750ac6e008d,6,2,4.504504504504505,222,0
059361c8dc4d39b420a57ae0f4eb40de,6,4,2.6595744680851063,376,0
c00ac965feb6efa9006bb8272b76823e,6,4,4.1551246537396125,722,0
841629f00f2e5ac34cb777c75f6980d8,6,2,0.0,280,0
01497dffed11ba401fd1aee2fd44ca0c,6,6,6.217616580310881,965,0
ac3070d866d5f51d639fa558ae05261a,6,3,0.0,410,1
5d15587fbb308007e6c0f0a83ba6dc8c,6,3,0.0,312,0
d8db9434860cf98c1b0649bdb4cb7bda,6,2,2.247191011235955,445,0
c6c14c3b993a514734996a57c7eb2523,6,3,3.067484662576687,326,0
f0b53b3e60dc87bd4d7b59621d1b3846,6,3,0.0,364,0
10281fcb406860984d837584d2cbfef4,6,4,0.0,522,0
6239b1a4c30394f7d47fbda668897f24,6,5,3.5714285714285716,560,0
ca711231d5304a29d7e2d5aad49c0a57,6,2,0.0,276,0
90163e9003a21c6a7088d27dc55f9d05,6,2,0.0,235,0
1d58610d9b6e6ff4fa1ab35abdef9a8d,6,3,4.784688995215311,209,0
6e7de461e542d5a05e1eda23b419326c,6,2,0.0,185,0
b3b29ab1ae1e5e6c77b01c0ac14660c7,6,2,0.0,171,0
d216806adefe0fdc1b57ab6b8b35fa8e,6,3,0.0,288,0
ddcbb388e2aa6c8bdef849e6b90f0580,6,4,4.037685060565276,743,0
154209d23daa36020ed0909ec02522c6,6,4,2.202643171806167,454,0
4925df3e76d255b5481ac3b082b999d1,6,1,0.0,219,0
3be031d3cf3a0a2746c9d2439d22cfc6,6,3,0.0,316,0
17b8d78071ab3dd5716939ed31386169,6,3,2.857142857142857,350,0
2b9fbbae4e6232a2c91ccc8a146db762,6,1,0.0,196,0
b4e6572aa5699ebe637d7154db1eb05b,6,2,2.207505518763797,453,0
924ec4b8a341e16199f7ee752776c51e,6,3,7.142857142857143,280,0
5a8c662fc95dde09e12ae8d305e216ad,6,2,0.0,211,0
57a25ba3c8632ac8c5c8df013d90797f,6,4,0.0,398,0
d2b5526158565624a0fc09f52e1518de,6,3,0.0,319,0
fd15bd019bd6a55cba8f5c20d9891d56,6,3,2.680965147453083,373,0
2a5a4d79eff8262e817d0ad28984d80f,6,4,0.0,607,0
4af66dfdfe2c17a230d1972203c531a6,6,1,3.90625,256,0
d4f0b282671c55a51425cbb511ffee34,6,1,0.0,211,0
112f95c22415236fd966fdaff78e73a0,6,1,0.0,167,0
15cd41fe42d2274a72d7fbe0ba1c73e0,6,2,0.0,193,0
cb0955a2cb75e351c4ebce152033e6c7,6,1,0.0,236,0
95d9a7ee7603721309e8af99394f8793,6,3,0.0,312,0
929f82cb3a57bf05172581c5235e28f2,6,4,0.0,553,0
2f771e0e71f48672d366defcc27fd4ba,6,5,3.5335689045936394,566,0
fc075acd765be27d3dd94d5433c4a5fb,6,3,8.51063829787234,235,0
86d523ccf0001b37b61b612814247359,6,3,3.552397868561279,563,0
72196876846319858e5297cb80365849,6,3,0.0,318,0
334dd7dcb5db8f9d5aa14fc31e4f8b03,6,2,4.975124378109452,201,0
2ad8cad37787a9e55032baf32244dbdc,6,3,2.5510204081632653,392,0
7ebdc4cd59ba3930f3e40776b5e6556e,6,3,0.0,383,0
200db3add8eee0d2da5c849b01b8d777,6,2,3.484320557491289,287,0
760d973a1868fcdbee1fc5820035b247,6,1,0.0,279,0
c6f4ce8c878c8c086d204a9999029b5c,6,5,1.8975332068311195,527,0
3226e0971489d191dac514326c14286b,6,1,0.0,170,0
fb525964eba285eb688c3630896fe678,6,3,4.854368932038835,206,0
af11499372e898a29b2338d0db9078fb,6,3,1.7730496453900708,564,0
ccb64a5d74cd649e7664a584796755c3,6,3,0.0,208,0
77ed966500749f1581472e02e8ca92e7,6,2,5.524861878453039,181,0
e39ad43b44484a7c1ed2deeb720a3e4a,6,3,0.0,296,0
1455f39249e2dc2a8da9c46d30f646e0,6,2,0.0,251,0
5226732c42c0ec7f71e8f3987a0d0f88,6,2,5.714285714285714,175,0
bc4ff2f9ca26f781f05de1ea6074f076,6,2,0.0,245,0
e4a476d4e53a8056cbab31fee03dfae6,6,3,0.0,265,0
8e10dd40489bdc1cb23a37448c91ff37,6,2,0.0,231,0
779bcfcad9f8a530b1a693f4a2464492,6,2,0.0,186,0
156229561636d702916c7e3e4a37072f,6,3,8.241758241758241,364,0
5ff63499d28e97f8d6a621db7057b9df,6,2,0.0,481,0
ceccfebe497b032a8edc104818fc5e75,6,3,3.7313432835820897,268,0
bb5e0694440ebe3b362c04acc4bb6c6d,6,2,0.0,354,0
cb625b93f150e15d41d2319dee0bf0c6,6,6,5.253940455341506,571,0
02d9eb6f9ebeb69cde7fc496df21bb84,6,3,0.0,204,0
aa61bc66e65dbb0acbeafe8057b87390,6,2,0.0,240,0
e6efb6f697b66eff3072c39175f7b9f1,6,4,4.672897196261682,428,0
ce7b899b001aad51dae62ec97fefcef9,6,4,0.0,476,0
3496fc8f85fcccacd2cb2cf0b95ed15f,6,3,2.824858757062147,354,0
d3a5c5d3694455ae9fae43f436e12d4c,6,2,4.608294930875576,217,0
2de5726396ad8eb55961e4ee2c5dc724,6,6,3.787878787878788,792,0
9845c342decdd1686e1f6f7cf08c022f,6,2,0.0,155,0
3d4e46daf8a3532280e9d29eae9d21fe,6,2,0.0,179,0
97ce3cb920ad8e9c16444f71d5971e15,6,2,2.816901408450704,355,0
a11efb4dd2c2691a58cc952bbff69136,6,3,7.194244604316546,278,0
75ef3d4b3fb4ac9e06292dffe529545a,6,6,6.578947368421052,912,0
26d587c041f437cf49c4e45b77fd2a31,6,3,3.1545741324921135,317,0
e36107a5d93f1f6f84e4d7bbbe551aa4,6,4,0.0,366,0
3772bb3863c864add3e35bdf3eeea4f1,6,5,1.6666666666666667,600,0
317d2c150e0998bbeb79a6cd27bd58b6,6,3,0.0,339,0
91ee346bd1d85889c144c8869d8dcff3,6,3,0.0,226,0
543ef7f10dbd4ba521b3167e5af53d24,6,3,0.0,318,0
77c93c1f01c6427992cee28c7ad33fac,6,3,0.0,221,0
8fcc60b739b80d248a222199684a37d8,6,5,6.048387096774194,496,0
676937008fb2d4e119f30355ba18a09c,6,3,4.219409282700422,237,0
db506d946544102d2903cc5cf75755dc,6,1,0.0,297,0
b509b51eddff65dad0af7374fdb3bedb,6,2,0.0,247,0
81bf37234163d75ba90aad281a50cf34,6,2,0.0,236,0
b7319cea0d749e50882040f400dc4d53,6,3,0.0,248,0
023e9b0e58c8ffb62bca8e5968f6366e,6,4,0.0,517,0
aff68f9900a2edc52ffc3a424356fa94,6,2,0.0,266,0
68ff74c7469f34f48f6dd237a9a52edc,6,2,1.557632398753894,642,0
18c13647b2d646f814f1844ae0ff8c9e,6,4,0.0,498,0
d90396d5ccc40cc9f2588a9cbf46d302,6,2,0.0,283,0
a6c345539f05c388e95dbf5751f9b0e9,6,3,2.1052631578947367,475,0
3ffbd4fca8da401ccbf313b8ff0bbe25,6,3,0.0,303,0
66f8ff4b1d765111bdd7293bfb12c6c6,6,3,0.0,191,0
0fe1803a17e1af9e02c2d02eda04b14a,6,2,0.0,163,0
657eb9cfd56507bccec0bd043eb358b4,6,2,9.569377990430622,209,0
e4a36abd8a3535528429cd3c33983c44,6,3,0.0,369,0
5a9ab5646797ca8a23c74a0fd4253d69,6,2,0.0,382,0
01ae6ea11c330f9f5b119ea27f9521e2,6,4,2.512562814070352,398,0
6492e958cc6b452238156d4e6f3edd66,6,5,1.9305019305019304,518,0
0cc971bd947858258d230b7778bbc6a6,6,2,0.0,258,0
134f427a50296aca6f825857fe8fc1db,6,4,0.0,459,0
e9abfb80e40ed8d7bc3122b33e2163b3,6,3,2.7624309392265194,362,0
8e642a3437abd084aa3b5cca8e9ede71,6,5,5.524861878453039,543,0
0344dd4654d8a44420a928fc06ee0d2e,6,3,0.0,248,0
09328b85b7b561bf55ddac413d7aba01,6,2,0.0,154,0
62478ba59327b28f06e70f4f32ace9c6,6,4,2.2988505747126435,435,0
4e87cb5fe80bc6d0dbe9f06206efed91,6,2,0.0,178,0
0a6aa5d8c079dc07ed62f21fc092e7fe,6,4,0.0,435,0
23500c8cde7ac064c533794e0b9b810e,6,3,2.9411764705882355,340,0
38bff9120514198e825776f1a669d152,6,3,3.6101083032490973,277,0
45fffcb7554bbff58f3a3d30fb98cfc0,6,2,0.0,176,0
422994b85d3edadff8ea0dd15361d9e3,6,4,0.0,615,0
47235906b3b1407705c72f797978caf9,6,1,0.0,187,0
c0e787e8c13160d387a80df3479108bf,6,2,0.0,239,0
5c388b3fffa6f1a7c20031c6fe33a4a7,6,3,0.0,317,0
f80498864df680ebcdcd0d8f0b584e4e,6,3,0.0,581,0
cf7dd898f3a9ebe03f9176892bc4b176,6,2,0.0,225,0
378a4e14408d6280812b68017c997b77,6,3,6.600660066006601,303,0
35f1e7a2d05749b45be4e64de33beb67,6,2,0.0,222,0
3eb417470a6e66523e84bd96309ff906,6,2,0.0,228,0
97c1937c753c31138c47eb0fcab705fc,6,3,0.0,397,0
5f781dc23f2e9473f82048f93ab80762,6,2,0.0,277,0
282a54389dafcb67b6cd938a128c3e10,6,3,7.434944237918216,269,0
d2f24c8ebd1af23c1cc47d283331b827,6,3,3.2467532467532467,308,0
c44652170f808e458ac105a229941bdf,6,3,7.6923076923076925,260,0
7ff620a1f764c483ceb14d0bb08a3622,6,2,13.245033112582782,151,0
4f939469c4495b29294c558bfadddcdf,6,3,0.0,373,0
d561930b00ac66b017c3f9889c1897ad,6,2,3.7593984962406015,266,0
8c3ec20693a7912782891874d5bde0d4,6,3,0.0,250,0
5d722d7798733f142860db640dfb1f67,6,3,6.024096385542169,332,0
9e7b881643c51f9d763825f4927d8010,6,2,0.0,185,0
0ce98bcdbbbc1f511bba2238fee4b264,6,2,0.0,484,0
7fd8e9aa6f1091364f14b3906fd36632,6,3,0.0,406,0
ed6ea72d25e55617ac533f5e3ca9ebe5,6,6,2.4630541871921183,812,0
e3a84fe0de718032014c36e1f8c27787,6,4,0.0,479,0
cd491529c3db10cbe872ee645dc823e3,6,3,4.514672686230249,443,0
9dbe95a4b680e1fc79932823fee2f5a2,6,4,3.3840947546531304,591,0
f23421d6faec7aca4ba612c361f72df8,6,2,0.0,200,0
0c261740b9e8efc4bdca152a6a933ca4,6,3,2.207505518763797,453,0
5c4d79d32892e0c398145c71bef2afc9,6,3,3.125,320,0
58e9d6a1bbb7c79dfaebcd09ba020de5,6,1,0.0,199,0
b827e4e9a31f98dd94be6e97f6ce4660,6,3,6.024096385542169,332,0
4ba7572ca0876fb27e254946df7e10a8,6,1,0.0,198,0
6e8350a4034e62f16b632afb025d861a,6,2,0.0,249,0
d1b38bc14972bbc3d039407e210ec7e8,6,6,1.5723270440251573,636,0
96d30c65061144d70465caa04a957f09,6,3,2.857142857142857,350,0
1165ea2b9442789268290cd283f4a2b5,6,5,10.817307692307692,832,0
cdd3fc23338185852855b068617f3019,6,3,0.0,293,0
efa402cef6f59fcc459a8cbcc9513f6e,6,3,0.0,415,0
2d7ab86a7c07e8f9c1960d34b055a2f2,6,5,3.466204506065858,577,0
dcf7fd44eaeb07da290296544c27b072,6,4,1.9723865877712032,507,0
ed64f76e1fff89607a8d898416727476,6,3,0.0,211,0
512f81b273892367318817d6b3c0473d,6,2,0.0,205,0
a62b2170fb5a14068484dcdaaed0e012,6,4,0.0,544,0
579d34749ce8436265e3c5d132df0d73,6,5,1.594896331738437,627,0
67a832bcacb954935866c822f96b221f,6,5,1.8018018018018018,555,0
a00704f5972f036055101a73da4e0cf8,6,2,2.7777777777777777,360,0
ca20a79b3c327e83033ba6edfac4c915,6,2,1.694915254237288,590,0
2141698b03c6c3cade58616d9a0d5124,6,4,3.484320557491289,574,0
d553bc598309c6670a52160a7c6b9764,6,1,0.0,423,0
324526de0408b053379056db4ca02d96,6,1,0.0,193,0
217a6f91084068277cbdc1777d713bc9,6,6,3.0627871362940278,653,0
77e07603054a81e828eb52749bbcf62d,6,3,0.0,371,0
4353e53c23a2bb45d12ad2b900cdee48,6,1,0.0,207,0
2cd6477e111866b0c146673b805d4864,6,5,0.0,634,0
0be33e9a1d7fe7001fd0353b06903d1c,6,3,0.0,264,0
65a4b50a6c95e7e8cff935f48adc413a,6,3,0.0,307,0
4c43f1de6aadf6623af4b7cba256f425,6,1,0.0,175,0
190c34346b2ca99c0f95cc0569f5d0c8,6,3,0.0,534,0
995615d9252b1ef50f44b3d14e4759b0,6,2,3.663003663003663,273,0
89394daab205f3503c96c1189051aa66,6,2,0.0,153,0
0e6f55c7374a598314afd590451cf703,6,2,0.0,206,0
59d249005a36aa294edd7f08c978e2c6,6,3,0.0,241,0
7a20b8e960231718afc72fe13e45ffff,6,3,2.247191011235955,445,0
2e58b74ddd9a64c0e61956f7f36b0b78,6,3,3.194888178913738,313,0
09230a92a3eb6db64fffc2ea13a1ce55,6,4,2.3923444976076556,418,0
5c0efaf988d807d97ebbf90019711371,6,3,0.0,410,0
b96f9291819368e30aa53f2833002d7a,6,2,0.0,253,0
d36a255c81186e3f3ceef4d15d4736bf,6,3,0.0,289,0
eba5abacf887cc984d477db897c2b3cb,6,3,0.0,437,0
932f78aa0ae1829cafe2a8a5db60b8e8,6,5,1.7605633802816902,568,0
63a7f107f78d943e005ccf7a9f054d67,6,3,3.4246575342465753,292,0
ab6b780e3c3d2e4bb5b10f2eab11d157,6,3,2.6315789473684212,380,0
7877e6bbb861772507d071ae26df6ab5,6,2,4.032258064516129,248,0
61bacb453257c7233bb31f0d12381b78,6,3,1.7301038062283738,578,0
42a7c4cddcf03527381fd4c2f62c931f,6,1,0.0,175,0
e6732fbc6672c7488c8094fb032d2e90,6,3,0.0,348,0
0b3447cb081f2cda0f366ccdafa91eaa,6,4,0.0,496,0
c3f9b61fa4141d9430d183b8c6599904,6,5,2.710027100271003,738,0
b403df69eb790e77b7103fe6411e927f,6,3,0.0,385,0
76ef7292dbada60e6a8428f4149f333f,6,2,0.0,190,0
a9edcb47d999f6e4410a23596a0e64bb,6,1,2.6455026455026456,378,0
2d0efdd94c90dcc9080acb9ec46ac4bb,6,2,0.0,219,0
ae3120c245e95a86528f83c0f5bd9439,6,2,19.867549668874172,453,0
12a80bcf975aada581200b000e808df9,6,3,0.0,325,0
31b071340e2cf79d922c4f1507a84d7c,6,4,5.319148936170213,376,0
6be8fd374591def7e96115fedc5ee28a,6,2,0.0,186,0
9812de5e8c940c998cd2aebfe94c18b1,6,4,4.750593824228028,421,0
c16262ee691bc9048ea776407fcc38b0,6,3,2.6595744680851063,376,0
7c9ae3b4a50116a49cd226051a45d9ea,6,2,0.0,215,0
460e3838e09ab664ab217c68aa68dadd,6,6,5.347593582887701,935,0
c4096f3670fb99b54a3e036b7aad2216,6,3,0.0,438,0
65d785a7deb8d18198f9c77745b125bc,6,4,3.6036036036036037,555,0
891f64eb36d80d4cc038fee45a6a9e59,6,4,2.5,400,0
d74b7dee1aa552a8ab908ba6407731a3,6,2,0.0,188,0
944a63fc8aecfd079b55a2886c632f96,6,2,0.0,347,0
fc2f6728b5343cfe7a94aa8412d1cb54,6,4,0.0,294,0
2835e8abd5293b8c54abe8a031cba544,6,3,2.6315789473684212,380,0
ca2444fb4e2f637ef08c0c0c35d2adca,6,4,5.376344086021505,372,0
b28bdcefa129a9fb8e7bd31ce0518a50,6,2,6.369426751592357,157,0
34510bd3e07a9b560b444fde95633e72,6,2,0.0,214,0
35658d6d52ff773b5510ebb742abf630,6,3,0.0,242,0
4803534404a241e1f49e758a439ed905,6,3,6.134969325153374,326,0
32c0f8c45799eed3d609b05634448d5f,6,3,0.0,175,0
41b6016bf84bbc8fb1d5e1a91de6a993,6,4,2.73224043715847,366,0
7d4dbb0a09828163ce448296d7d8c1e5,6,2,3.8314176245210727,261,0
6218aa5386ab574b26518fc2f8ecdd94,6,2,3.003003003003003,333,0
2af182467dec39540b0ee1c40a7b5cee,6,3,0.0,440,0
386eaaaed2792ed74afe445508742157,6,2,2.570694087403599,389,0
0d57fa1a74ea5be13cfd1d9da711d9d2,6,3,0.0,377,0
7a6dd9d0ec27a3d192313851fb992299,6,2,0.0,285,0
5061cf53cf9cd1fd944e1dfbce0cbcc7,6,3,6.756756756756757,296,0
a1d0d2d42712fc2cd3f66c399da85049,6,3,0.0,301,0
184db81f6237d1ac9a1a32a4329e7eba,6,3,0.0,371,0
6e25d177206ed23bf69971e8c73a6601,6,5,3.9215686274509802,510,0
0d4b187c284763138d36b26b6b22ec76,6,4,2.5510204081632653,392,0
a78d47b8708ace894803249899126370,6,2,3.5842293906810037,279,0
ec75e03419c5fdf7707eafb7635c0144,6,3,0.0,235,0
2953a6c3d897c9598677c9e9a2ad887d,6,2,0.0,338,0
bb3697530de171cc417f9f215784e51a,6,3,0.0,305,0
c475aacdc38b26cae01ee9d2c0e54606,6,3,0.0,226,0
81ffb220c57b6b01b16edb73f9252353,6,1,0.0,180,0
641e361d846054fcbea3e72cf9b14a67,6,5,3.1695721077654517,631,0
c01e0e0ca02975162a98e651ad0c240e,6,2,0.0,219,0
db0381731bb428308d44a48b924e777e,6,4,2.0242914979757085,494,0
ec7376d7b9876265f2cb0d2dc141df51,6,3,0.0,503,0
36160c0b07b67102f5ce752cb16d1768,6,1,5.617977528089888,178,0
4b45cf51cef04e2f570d7fdc60963bde,6,3,0.0,438,0
34ae7720fcb85fba6c981004ac8edf80,6,2,3.5587188612099645,281,0
6a59e9c537938d99de014be04edf5d27,6,2,0.0,226,0
f5ecdbf83052183a161ad7b81ee977d3,6,3,0.0,365,0
4697f56226191f370fd360ad65aeb940,6,2,0.0,208,0
c5d4eb5e024a975be945226b676b8f27,6,1,3.0120481927710845,332,0
6e72e00ce23b973dc56b86acc68daf58,6,3,0.0,357,0
1d5be4361cbe510e2b874528a81225e9,6,2,6.5359477124183005,153,0
81d99b7481f0075284c22079cf3a4a11,6,2,6.134969325153374,163,0
21609efca76db610f12e55fa63abcb6d,6,4,0.0,525,0
5d4a889181a18bdda384ecde108c6998,6,1,0.0,209,0
fb5aeb485aff11013fbaddaee2e17455,6,5,1.834862385321101,545,0
31b416b269d563e2d83dbf79200975cf,6,4,0.0,368,0
1b77e89d8caed15d3dd05214bafca727,6,2,5.154639175257732,194,0
b17afa290463645a3892eb07c7ebb099,6,4,1.5748031496062993,635,0
6165ab8012d61abb464a80212aefabe8,6,1,0.0,367,0
72c9aeec09349971ce69268c5b3bb414,6,5,0.0,533,0
aa8882cbdcef9a8c4c23ba982aafe53a,6,2,0.0,207,0
f71064a9f2cb3441ecc724ee1140ab59,6,3,0.0,481,0
383bb11204fcbf05ca9be09760ce25f0,6,1,0.0,161,0
d3f19436f18408673ea665cda1d447aa,6,4,2.2988505747126435,435,0
67a6085a29212ecc105124e2e96e961b,6,4,0.0,451,0
60ea9915f1820f2afbb3884bba46259e,6,4,0.0,450,0
dc1513feba9165a6ce5ac4e7cac350b7,6,2,0.0,369,0
96b465576923145ab19378a13e8f1fbf,6,3,5.847953216374269,342,0
6e51331a7c706d5fd061553e839e34e1,6,3,0.0,184,0
767fa2d947062e08f761c7d01f41837d,6,5,2.1231422505307855,471,0
ef6328b14858cf1a6482ad9e60978b76,6,3,1.7921146953405018,558,0
9e66c3d18b3d45d23e0ba2ede284304b,6,4,2.150537634408602,465,0
375fd515b7f9a18b8b20ca7f10557472,6,4,2.512562814070352,398,0
85f073b09979c34d32dc6c2134e5ada2,6,4,4.385964912280702,456,0
24f2ee3c6cee24036a69d22a18bbeac2,6,1,0.0,155,0
18f8d27a3f333f80d6ecb0f1c726d66c,6,5,2.092050209205021,478,0
991479ec7522eba8eef72e0e3960e27b,6,3,2.3529411764705883,425,0
e0044f0ba2fa71cf1ac1b3f2921c65c0,6,1,0.0,211,0
7738b5912c4688ee57cbf07cf15bda59,6,2,0.0,246,0
5b17bd709da8fa68abc1d65b3fc5ba0e,6,1,0.0,186,0
eb3fd9276eab1277e6665094461d6d57,6,4,3.6832412523020257,543,0
dfecdd2a03bd1a93735cccd29f97e5c4,6,2,0.0,234,0
63d4f10d1b772518e41d549904b9912f,6,5,0.0,516,0
ceae5f9b4528db18f70c4820c46e1125,6,2,0.0,316,0
3eaf1f6940a35b35fe0e04067f965eca,6,3,8.595988538681949,349,0
f1e7e03af631965348a4eee42263f659,6,3,3.3222591362126246,301,0
d3d4e5f1556c2841182977ccf2e4e974,6,3,0.0,332,0
f85fc7d881b74c04e413bbc20c827f29,6,3,0.0,378,0
a6f645622f93b8cf292da99de428f6c9,6,3,4.62962962962963,216,0
af1605f6054a3ba2cda9da4a1dff89f2,6,3,0.0,336,0
098f8ede0ca4de589d0886ce20ae74f5,6,4,2.314814814814815,432,0
252fc534d2d7bc9f30e01582320b2ae4,6,3,6.097560975609756,328,0
407ca3844b8a88768dfbc6f0ed2b2701,6,2,0.0,253,0
ee19a8a19070e091cdfdbe4f82ca488f,6,2,3.787878787878788,264,0
1b82154780fc1d897ac0be6672ed20ca,6,3,5.347593582887701,187,0
e16013a8dab6af9575d8bef50c2f03d7,6,1,0.0,204,0
95d42333077242092af2f1f63a2c2dc2,6,2,0.0,208,0
3da8d27257afb6009ccbe0702a3522ac,6,2,5.376344086021505,186,0
912fdeb000854c0125bd9787af7090e7,6,1,18.181818181818183,220,0
f41e6d5ddf172e5fe4eb216b06b7cf95,6,1,5.089058524173028,393,0
0a25688d62d4dfb5dcd6bac00eb08291,6,2,0.0,253,0
0faf755a4c3ff3a916dc99759d9ccd92,6,3,3.875968992248062,258,0
36d972312e32c85c354ca3c6e6781705,6,2,0.0,388,0
0c8ade63c91dbd812a125e7560719951,6,3,0.0,285,0
e312e84ed6d8b4e4f52e381b62dc4962,6,3,2.7548209366391183,363,0
09b31c30121548480369988a8c2cc604,6,3,0.0,331,0
9ac164f41662bd27ffaed434a0489b17,6,3,0.0,481,0
65e29a7d006a1ae7bfed455204deb929,6,2,0.0,239,0
96983183261d47ebb307f0351bd670d7,6,5,1.7730496453900708,564,0
ebc083a484b9186f46e0e81d5247c237,6,4,0.0,403,0
3ab83068206d23939af2b75a753f8c8e,6,3,2.680965147453083,373,0
5131e96c23cf3182546a01ffab9637d8,6,4,1.3679890560875514,731,0
8db7a7c5a56ba96865ff7b6733515b39,6,2,5.128205128205129,195,0
79ee911705e67e00719fd5e4b47e8c00,6,3,3.3783783783783785,296,0
ab112e5269ce6eef1c723c8b744eb93c,6,2,0.0,250,0
35f5e3361e2b7b5942a4af3c66a74b79,6,1,0.0,292,0
079a238364815392ea3e7f09ff3beadc,6,6,1.0660980810234542,938,0
5344194f04ed7187774ee2fa6f215c77,6,3,2.2271714922048997,449,0
588e738e5a8ccf167181514dfea494f2,6,1,3.787878787878788,264,0
27d2648e58a1c7c67650f5ec1c546de7,6,2,0.0,176,0
74a85d637bfb91c2ffbbe1e1ce75ba97,6,3,0.0,367,0
eaf4f296448f7fe9e16787846241a369,6,2,2.638522427440633,379,0
55f93e2171c70784b15d7a8d01e41219,6,1,5.58659217877095,179,0
e48aaa8a5a5b66fc35e0bacbef9be113,6,3,0.0,450,0
6dc9c5f99126891cb768c05230f74b27,6,3,0.0,231,0
b6003b2dba8f96cd37303a648acc9e71,6,3,3.2467532467532467,308,0
5aaa3e513e98f307acf9b874aafbca5b,6,3,0.0,343,0
6485255ad4c15315896e654af20a4dff,6,2,0.0,229,0
271ee3b501ad210dc40b9802286bc16d,6,2,9.25925925925926,216,0
e2ea9173e557d3f6e4a3fa6375c9a4f8,6,3,0.0,357,0
0d65ebd6938006e33731768354b5cc40,6,5,3.5714285714285716,560,0
5f0d38237b48e3d81a071f5934427234,6,3,2.05761316872428,486,0
89a7e80bee181ed06bc657412856d876,6,1,0.0,256,0
d1d212052b71f7a3dd3a10e0d1d90692,6,1,0.0,213,0
3487a67660e980ea99801b508ecdf1c4,6,3,3.5211267605633805,284,0
97b8584faf5d1e417630ff0194935025,6,2,8.928571428571429,224,0
c2b1b2ea58c7e463764b62863cdc66e0,6,3,0.0,338,0
8398dae76542ccb9d35ef7005e084483,6,3,0.0,314,0
4f1d7b47e518c7e2f93fda33a17d38b0,6,2,4.878048780487805,205,0
8397ace70e4f54d975934be3033b790d,6,1,0.0,230,0
26916bcb9838fecd4fb83f6d3efcd120,6,2,0.0,301,0
8d757a51fe4a6c0b8c8854919a7607a1,6,2,6.578947368421052,152,0
161d895f1d00c8616acc46ac2a2b3b3c,6,2,3.5714285714285716,280,0
8c3fb40e2235409ffcea1bcc207a371d,6,2,0.0,248,0
7566b77f4f4255cf38c6129c3d5ee2b2,6,2,0.0,225,0
99bd88a08ac2efeedf7d8490c39d8ed5,6,2,2.336448598130841,428,0
43172d48934ef7d1fafb388255a5c25a,6,3,4.282655246252677,467,0
43ee5334fa1dc4f78f21734a602d34a5,6,3,6.160164271047228,487,0
095dac868819638f6ed39078c690e20c,6,3,4.842615012106537,413,0
56111d34c7934dd9325eae60c3eccdb6,6,1,0.0,234,0
f2da6e0ea1b3f1cfb9b10cdd8e12578c,6,2,0.0,187,0
3df8d68087475e9d69792ebb5e10d54a,6,3,0.0,377,0
ec53e1ec91e4ab415d649045f3bb04b2,6,2,0.0,340,0
4d6d050988734214a57a14e80864bf27,6,5,0.0,559,0
e72bddca6f021a90e9a379a2e3b08b06,6,2,0.0,161,0
2ed9c358c67e08022bcf8e443a91610d,6,3,0.0,251,0
b323a1f9f1592dc7c6fbe0327887a2fd,6,4,0.0,378,0
1427827ba726379e66414b928b0d81ea,6,5,1.7271157167530224,579,0
ad2ecd3b9fad82a52c37eedb04f24e84,6,2,0.0,194,0
c4accd0b4965006b311e8eaec32b763f,6,2,0.0,268,0
711301615660dbe9a99816afdcef44b7,6,4,2.73224043715847,366,0
2a75ffe0ff915ca00c913cc5c4035826,6,3,3.8461538461538463,260,0
dead563a8796639c95aed53b2e89236d,6,4,0.0,389,0
377a57de8b277bd55f28c9c0ae7f4c65,6,3,0.0,324,0
8133726ec0396fa3d70bfe452851395f,6,3,0.0,216,0
94f55a8991e1dbc60dca25bb0b0bb85f,6,2,0.0,254,0
093a3491708a5b93c7bc78437c46b080,6,2,4.3478260869565215,230,0
f7d7e7ab0e283681143670f27969d1d5,6,3,0.0,342,0
7a3e9564ed19fa6869f5e7d632942856,6,4,2.100840336134454,476,0
d9ba7ab87d32d608a1e1b0d2b31efe65,6,5,7.952286282306163,503,0
64a9de0634fa51d3fb2bb858e6ff6e60,6,3,0.0,247,0
ab1545ebe75414af07b25b2253455324,6,3,0.0,277,0
94c00c0d32c89db652402296b08145ff,6,2,0.0,223,0
ff44fea0a1c82d7d6f83c8a76eaa9fd5,6,4,0.0,425,0
f16ad3f4e16a543ae096b8920769f397,6,2,0.0,215,0
4a8b7d6e1c900b759fe9a4490ca07d66,6,3,0.0,550,0
af20e66fb8fe808be4d9c79a11b2c005,6,4,12.987012987012987,308,0
877719f0a19feeb58ef53940df30e440,6,4,0.0,396,0
68f3f0f1581aba6b1cf374b24f983f2c,6,2,0.0,217,0
19e38362107700a3d9c511faadce59c2,6,3,0.0,378,0
4c8302afb0f1ffb9e174fdbc75d5ff44,6,3,2.6455026455026456,378,0
b70a72eb18e86cc702bfe11efa35bc34,6,4,2.202643171806167,454,0
17f5d37f933e288ba66c5048b5b1935f,6,3,3.3333333333333335,300,0
2988daf091e477afb4ed5c0d3071a1a3,6,4,1.7793594306049823,562,0
e824e7248063a041efcc0487be731579,6,4,0.0,496,0
2917a7ce6b11a9f37eeab4affbc02ba4,6,3,0.0,347,0
0291128b440a92d34b259b039efd257a,6,2,0.0,175,0
7a4dee965aa0323680d8ecccee59a8ab,6,2,0.0,170,0
0c3a299013b8e21506ccf735c028b2ac,6,2,0.0,156,0
b78ab3ebe09d7a3e9ef4f70f38cb0dec,6,4,2.127659574468085,470,0
a6ac64212ffa84073f9552a6450ddfd2,6,2,5.208333333333333,192,0
e711d6d77cca31450feb2a32b0faf218,6,3,0.0,232,0
ee90dd767e0fda665f72cedaa3b68d0a,6,4,0.8802816901408451,1136,0
4e8e6f78540c72d70a6f59994606f854,6,1,0.0,180,0
56fc26ca4072a59370df8d1c280db721,6,2,4.739336492890995,211,0
c78938c78da0dc13f2174a34f87f54a7,6,2,0.0,185,0
14ecf10722a8ed0791894e15f40d740b,6,1,4.484304932735426,223,0
ff88d071b47417713a21ec3bb1637510,6,4,14.164305949008499,353,0
b72165f5d5021ae3b512155a3cedb136,6,3,0.0,307,0
93f444e40fa9f009b00e271f546bfe7f,6,3,0.0,282,0
5d1c867b348830fb8f8e3237d5f71944,6,3,0.0,322,0
aea5576144e01b982bc267482f4753a4,6,4,0.0,404,0
b0270785547a0060ae28771ffac3e4c8,6,2,5.025125628140704,199,0
b5dcb4a808b43bbbf158676af11e1f3b,6,2,3.2679738562091503,306,0
3bbdb23e3d79021dbc11f863124c5472,6,4,0.0,522,0
fbc05756581652d765f27101436c251a,6,3,0.0,353,0
d746c2ce634770020c1cad37b1e5601c,6,4,0.0,389,0
a1f46527bf55e9f3782079f00b48b6cd,6,4,8.955223880597014,335,0
399dbd7e4260ed73784900be91390519,6,3,0.0,333,0
d9217c11cf2963c94ba433cef14e3297,6,2,0.0,185,0
69eb804add1c3b198b78677f76cb7d5f,6,4,12.987012987012987,385,0
61f0ac9ed83525da04e1d8557379eab9,6,5,3.8684719535783367,517,0
8e4a1c7cdd43d692e91c08df6877e137,6,3,4.1928721174004195,477,0
823d61f45d4495cce7114935937a52a5,6,2,0.0,191,0
b6f29cf19da44f5b5c080b7284027d75,6,2,0.0,179,0
aa60ab83dfd2b45eb005a3b1f98e1050,6,3,2.949852507374631,339,0
656333b8a754ea5c327706d9c71567cf,6,1,0.0,154,0
bd70ce68ff9531f1a2396e9689e8084c,6,2,0.0,373,0
7d3473638bbc1b6a33ea9927a18f15e1,6,4,8.733624454148472,458,0
9b71c2bf3372cb4bfd8314006608fd9d,6,3,0.0,380,0
a4ef0a45d9094cb75e045f88c82316fe,6,2,4.464285714285714,224,0
af7f331a1b752bd3c2aa89cf29c99883,6,4,0.0,369,0
1d9e845f12c5fef3eacf8bea138ddf47,6,2,6.289308176100629,159,0
f2ee122b6f9328e4699af1b2d5be019e,6,6,7.429420505200595,673,0
ca9c3cf3c5a7e2b11ad82e37270abff4,6,2,0.0,160,0
800b6ab91ff486d77f100e68405a6b9e,6,3,0.0,393,0
f47a2854726423780fe8e3d37e6ee646,6,3,4.201680672268908,238,0
bc1faf0939e7f0c2e5dfba25f2123b93,6,2,5.617977528089888,178,0
ff321ce94fc056d4eb0813dfedd996f9,6,2,3.0303030303030303,330,0
eef84d7a5cf2eda2e708e96e310d858f,6,2,0.0,223,0
9a0fcc4f46271a04749715bb6eae488a,6,2,0.0,250,0
698ef9792ba09723691d9ed18d759cc9,6,3,0.0,282,0
caafd0f3bf9b35cbd9e100063ec064b2,6,3,0.0,293,0
82f4a02ef32081ff930c84015f6d8c30,6,3,0.0,339,0
186c9bb11e6d1939ad4bc602e00ab109,6,3,6.05143721633888,661,0
49c203e24231a4dfdfbe6fcae7dec69e,6,2,0.0,377,0
43cd62310c5891c46e24f559f2290190,6,3,14.354066985645932,209,0
ebfabcafa8906dc4a2aa0be2322e3df5,6,3,4.716981132075472,212,0
ce7c0f7aee011a1b562d370350911326,6,4,0.0,441,0
b00519ee46bddccbe71649197f58a0ce,6,3,0.0,320,0
9256d31b0858fd3b6fbf28c804633d33,6,3,0.0,313,0
0273ad372c3b284f87e8ab4783770e31,6,4,1.9841269841269842,504,0
7e9c7078124426123095a9c7c75cbb58,6,4,0.0,433,0
a8a39e4547241c88cbad2625016f86ee,6,2,0.0,211,0
4deb73174a8a155a7dd1c200ce509996,6,4,4.555808656036446,439,0
98eadd53f8c514953288c433c0999cb6,6,3,3.076923076923077,325,0
9eb0b1098cdd7f6e1d85bcb97062473a,6,4,7.712082262210797,389,0
849d93caf3fc79258dfe52e503a23189,6,5,0.0,607,0
25f3baa8f359bdae040da58080fb085a,6,2,0.0,156,0
88b71209da2a5db455f2133e438d0a0f,6,3,0.0,859,0
688fd8c2665b779141bd886b85fc4958,6,2,0.0,174,0
e9a0b6d727134ffeb747260b35096e21,6,3,0.0,427,0
87bce19688c96fcaf4afa35a40d2cc6e,6,1,3.745318352059925,267,0
2d33dd5267af111a3676ac01ebcc39a0,6,3,0.0,304,0
a2c4ba37a2ccb73d113ba91004f98062,6,2,4.672897196261682,214,0
90e38e85b0f4f683cfa5f0c88041e6a6,7,2,0.0,194,0
91ecea5c2551549c2bc96df886795338,7,5,0.0,538,0
b61d0127b7257386e1c15be741c4665b,7,2,4.524886877828054,221,0
268958105506e1e33788480d10ea6530,7,3,0.0,297,0
d9f534b8292e984e0230c806cc76d6d3,7,2,6.0606060606060606,165,0
c99314e010ca5dba9ff6335c7a3b226e,7,4,7.444168734491315,403,0
ffcbfb83f92918c377023971876f2f08,7,2,0.0,188,0
420cdbf220aa74b932f648c7c81446d4,7,2,0.0,177,0
47ae703c177269871e65b7e05b4ed1d3,7,3,0.0,421,0
49f5753e55155575292d66c7b6de2f8e,7,3,0.0,267,0
c329d459e2079ffd8c469556500f12ef,7,3,0.0,533,0
21551339c4e28b61f0a5bb73ceabe0a3,7,3,0.0,213,0
2a24aaf1dac919470c1853e4e5121c92,7,4,4.0733197556008145,491,0
218b3191258b2fbd4b780e2246b10683,7,1,0.0,161,0
d6d59d0ea1c4646a6b6f822af0f7cc9f,7,3,0.0,269,0
af285440dbfd1800be59ec952f7969fd,7,3,0.0,389,0
96d3ca22e3db8a3add237de2f126011c,7,2,0.0,213,0
47e539c5a9e708e6c2639a826ad198d5,7,4,0.0,406,0
ee79b591d83953c409999ff75d5f76ed,7,3,0.0,241,0
2df96a9a455043f5fd238af41ef79f33,7,3,0.0,292,0
a0e5cdce3761ef2d6dcf998c16feca33,7,3,0.0,441,0
e83f30569257007ef9b990b257345928,7,4,0.0,351,0
bfb75f037b533748196ecb48a7981173,7,4,0.0,498,0
d3d93eff21d0b7b3087ee7a0b0324af6,7,4,0.0,343,0
013d9343e281d42fc7c32c081844bb22,7,2,0.0,153,0
84cf70bbdc08ba37869f07c69ccadbad,7,2,11.695906432748538,171,0
94a1df3967b0e1c1a70b32031d922cc8,7,1,0.0,266,0
c4b3ce4a24bf3d4208d2250b94470857,7,5,0.0,490,0
904d2e866922e643e79974b05ec8bb57,7,3,0.0,350,0
3c729e009e68f4d35a9558e4073df7b8,7,2,8.333333333333334,240,0
1a2752857e924b915056c33adfc2cc5f,7,2,0.0,178,0
23806f1c4629697af9df37c7eb6fc506,7,2,8.695652173913043,230,0
085f0a3b90f580565569438850753479,7,2,0.0,174,0
574799d4270e1d1d538a147fd3d0bd86,7,4,2.4213075060532687,413,1
5cbd2b471d351b82ad24c38b97068222,7,2,4.545454545454546,220,0
ed148bf8666c49fa7c67c640e3fc23e3,7,3,0.0,271,0
0789afc175ef4d1a73d68f618d8c21b4,7,3,0.0,219,0
2614e60773ee9caf0233597e937c2851,7,2,0.0,157,0
83435296d2525aaf7d574f0d7eee5089,7,2,3.875968992248062,258,0
1c2ada9ae65df916bdd711f53a2e7237,7,3,0.0,386,0
aa1c9ee7f385de55b953c1012ea69b01,7,2,0.0,199,0
44fc48bc57d38ac4e02f3eb7b6322a84,7,3,0.0,251,0
3874f625532db5c1bf623c8e48e7fcd9,7,2,0.0,231,0
67c7b92db308db9dde38731a98ae0c3d,7,3,4.329004329004329,231,0
c180a7ed314910f5c5c9af179d1e2b0e,7,3,0.0,267,0
b3c2a29387ffd2e9cfa038da83a80002,7,6,11.627906976744185,516,0
b272ea52ab436ead63175a54972729f0,7,3,4.739336492890995,211,0
e134e4878f0f6094d7acf10ea86da66f,7,4,0.0,301,0
cdec395428eaeb1c5834ddd26be9c53c,7,2,0.0,202,0
bb8b0203e3e5272a18bd970216f5eef5,7,2,0.0,228,1
3ce56a2e068239174c6fa465a1c9f10b,7,2,0.0,283,0
2054e4eeaec922c80f818ed5b65dabb9,7,2,0.0,182,0
830ec494101c44bbb3d4dfd2586febc4,7,2,0.0,242,0
27fb23efd798fe3a2d6741381c401758,7,2,4.201680672268908,238,0
7ff804fc841d2f63ad18a5d7454b2771,7,3,0.0,381,0
4bf59abbfb0d7f5a3f4426c48931565e,7,4,2.857142857142857,350,0
21a81c705cefac7298069af30e5efbb9,7,3,0.0,200,0
b1dbab6dbd3b6c782326d93e6c451724,7,2,0.0,236,0
075a9774a103be8bd358e25f06277861,7,4,5.698005698005698,351,0
84b92dc7e90c9cecd2bc889fbdfd97cf,7,4,0.0,434,0
7c11de04975b224be0350ba7e0cd1526,7,3,0.0,291,0
f2d29bf928a4bc176412a1edff8763ea,7,4,8.086253369272237,371,0
1720deda34b1440c441de8e1e46cbb22,7,2,0.0,158,0
d6e716b4b1ad0ce9b0a16a4952f33326,7,3,0.0,370,0
a81c3cc4fad303f2bf6b4250d85c6691,7,2,0.0,157,0
1e5a2021cc6a906cce9e388d600f2bcd,7,2,0.0,205,0
a8ee2d547f0eedd86b6dc12342d67c95,7,3,0.0,289,0
1e5126eab64c8a62b7c04984afdc239c,7,3,3.7735849056603774,265,0
ccaea4061afc644ef0c20b6d1381e671,7,4,5.681818181818182,352,0
d5cc61d9a51cc52a5ac465f84d5fcca4,7,3,0.0,434,0
569487f7a42f55f0ce571db7badd65d0,7,4,6.993006993006993,286,0
5069dda2ddeaa18c5e4979166c0717a2,7,2,6.451612903225806,155,0
7a746d17a2464538295f8f71dcf5a074,7,2,0.0,176,0
13dc8065518fa62c5958b2ed51efcbdd,7,3,0.0,445,1
025c682f21c98ac17fdb36d92dcdcc73,7,3,0.0,291,0
ddd1a61972ca1fdbb6b57f96ff70842e,7,2,0.0,167,0
8903d0486b899fc976baaca26b3fcb78,7,2,0.0,217,0
b441b832cc642377155cab358827f07d,7,2,0.0,467,0
41ac75d99263b22604b854b3db4685de,7,4,0.0,317,0
c32af0a3668bd956c9f5ea3caa96d498,7,4,5.1020408163265305,392,0
fc8129169617df5ecf44a89d1edc8867,7,1,0.0,178,0
18570a3418cafbef8bea4f85f7df1c99,7,2,0.0,170,0
5719941712c35f52f04d39b4ed919cac,7,3,0.0,279,0
bc7c4262940c74fbf1862b7538f17b33,7,2,0.0,176,0
b0463c7c42022504459a6aca4f09b967,7,2,0.0,186,0
3812e3b82d77516ac48098c07bc2e7e8,7,3,0.0,188,0
23c56de5c0ab1cff19ecdb84da71be88,7,4,2.127659574468085,470,0
e9251309d2bf70ba36d936bdd8c39c64,7,3,2.710027100271003,369,0
d080ad417af4aadad4e6d6aa219f46a4,7,3,0.0,236,0
b01144ea4a4aab452d7ee4ab3aed9812,7,2,0.0,179,0
4c497cc9f0d3af5f1436dec4be01a6d4,7,3,2.3696682464454977,422,0
38fdd6ae383d9951ae5c15252669d7fd,7,3,0.0,235,0
6f9bb475be3fa58fc8a6fd717649944d,7,4,0.0,605,0
d88634c092eedaf46bd3b06fb110ac8f,7,3,12.422360248447205,161,0
e581ec23b536ced4d7390a34d49b490e,7,2,0.0,255,0
6196aff1e44bc8af4a3bc928486d1ea6,7,3,0.0,280,0
7874bae28396630ad255741682a6a39f,7,4,2.34192037470726,427,0
ced4b2b227816849950c8f47680823bd,7,3,0.0,390,0
9cc720617de92e353af166c9388bc607,7,2,8.19672131147541,244,0
d2575d13a2bf67cb9d269b85d75dfb3d,7,2,4.739336492890995,211,0
a5e6f67334dc80b31a5bb3c62880c4fb,7,3,0.0,398,0
36d0a53ca9e1d13127d7767644790fe2,7,4,0.0,381,0
5ffd1c19afad4d0a581a2ead6abcc2de,7,2,0.0,215,0
eeb7a1d0868de87ee3e8d8ecd7c612fc,7,3,0.0,291,0
6477016caad64ff91fb9e81db1c7c92a,7,3,0.0,323,0
86502a62bf6fc63da25191819829421e,7,5,6.5359477124183005,459,0
0ce066eabba945c5811acd39da744abf,7,4,2.8011204481792715,357,0
0675956069f9b018bdff9a59382fadde,7,3,0.0,222,0
638aa57a43f10e68a0869597406098cc,7,2,0.0,267,0
92114692b6fde0b2972309fd80665b88,7,3,0.0,393,0
34c5fc3374488de4639250c7fec589c2,7,3,8.695652173913043,230,0
f04d7be714eba14849c99dab74eceb0a,7,2,0.0,190,0
21500c815cd759c9e32b49e82640e562,7,4,0.0,521,0
2493307fc3efdfe6936bc74c7c167b96,7,4,2.4691358024691357,405,0
ca3504b4da4813f2e69bcb3eb90ba5d6,7,5,0.0,497,0
1a38897db3edf1715a7d6614311965f6,7,4,0.0,407,0
80ec01a5028bd333d387e3defe4d5082,7,3,0.0,238,0
16e019e20d00dc4be23823386300987d,7,1,0.0,155,0
36d0882cc5b9baca5ba7bf5888016758,7,3,0.0,194,0
024bc791ec353cc29ed5ea26c60496af,7,3,0.0,238,0
1c2ca0de6ed2c8a7424894feea1faa39,7,3,0.0,413,0
9ad4eebd9f2f4c792639a4ee7fbd7c39,7,3,0.0,230,0
0a5a4b5c55d08dd94a22249a679ecdbb,7,3,0.0,343,0
4ce9035cad4bd10a1f5be9f2a0d46abc,7,2,0.0,162,0
ac7468fcca12a2390d7edc17c4ed9e72,7,3,0.0,227,0
a336d85ec4a70267aaeed11c1c2d127f,7,2,0.0,189,0
12f7c2b2cd4af8b1b14368ed3b7b64b5,7,4,2.202643171806167,454,0
fc6a586c9da4e66f700a4bb43498dd1c,7,4,3.1645569620253164,316,0
dfc098f44220a5be168bcea28fa4a624,7,3,0.0,201,0
8799ba4dfb51aa9c9d893ce174695f2c,7,5,2.1231422505307855,471,0
2508919c534d96f06d265657209bceab,7,2,0.0,201,0
15de19f157531551cd23f637dbba4b87,7,3,0.0,267,0
0dca9c2bfd6d4168a2b3364be9e01f54,7,4,0.0,379,0
2b96ad321cc4a6cbf4ce7327abfe55c3,7,4,0.0,435,0
9fe0263dafe8229af24ba46a7443951a,7,3,0.0,212,0
b643f62bcd88aa22b8085f201447e3c2,7,3,0.0,287,0
7471a1291c34028ec90269ea5e64a4ce,7,3,0.0,239,0
edfed0f56d208a728d49fe8c3d20380a,7,2,0.0,152,0
392427c3dbae231b146fb4d640f60f96,7,2,0.0,203,0
0aaa82fbabcc0b4b27e63f3c04616f5c,7,2,0.0,184,0
84d53c209576f4636cd2f1cdf66c9d30,7,2,4.739336492890995,211,0
66687c7e3d57d04cf28d58da211f75ba,7,3,0.0,417,0
77c684ae36c43d21831c763432b621c8,7,2,0.0,154,0
a45f733a167e3b3bfe738f909b00e58f,7,3,0.0,277,0
69a52e0c52a7272222214367a0a89ff0,7,2,2.5380710659898478,394,0
148afd20b25bafdfb07bb3816b40863c,7,3,0.0,307,0
40a0390abc1d5bb23975d0978140e490,7,3,0.0,275,0
7a02f1b0bd4b1dd641cc2bf6e47a4adb,7,3,3.3333333333333335,300,0
c3d1007d292fc0dd0c468aed681ddf92,7,2,0.0,188,0
771978cf41823209184194a82e284ae8,7,3,0.0,269,0
0f51d6a64cbb364027bd1181363afc83,7,4,0.0,368,0
74b8bafeae6dd399769431d0d59ce279,7,2,4.587155963302752,218,0
d8949199a9fb8a3783ef146e2651d7df,7,4,0.0,458,0
f9147dbcdb05d4d9d3ae9ee1a90069c9,7,3,0.0,173,0
83a8fcce8b2f63418a82236c8aee1ec1,7,3,0.0,180,0
5678a7508cfedb5b5d42b426a70e8d0b,7,3,4.545454545454546,220,0
e461b3bd8f95753f2cb86f5ae9370321,7,3,2.8328611898016995,353,0
ae3b89872c7490aea8f99434e6c60264,7,3,3.4364261168384878,291,0
e74ee3b9a044fb133af1c404581bff56,7,4,0.0,491,0
96c04ee97f007d5e23df459f290b7702,7,5,2.9585798816568047,338,0
9d1a3ae93a9762ad9c919492d45c72bb,7,3,8.438818565400844,237,0
981d2d5d97586950eb3d34fc97b06d61,7,3,3.125,320,0
23acf154097342a4224294714039ef5d,7,3,0.0,377,0
728b479b98206f161e05424128f10ee4,7,2,0.0,552,0
d2fa727cb4c4e39a875d60e54574019a,7,3,0.0,248,0
e047f88381c09401a7cd27cc52949041,7,3,1.5923566878980893,628,0
26eedfb6e0dc7978142c8ab5bf411db4,7,2,6.410256410256411,156,0
f0b8948656797e45495711e6c530c5c9,7,3,0.0,230,0
9fa45dfb40e71e67adafabb7fa35bc59,7,4,0.0,325,0
8656d102bbef6db002bb52d7a00fc9d7,7,3,0.0,217,0
69976e3711136bab18885345dc4fdb74,7,3,0.0,228,0
9a786010b631ca7c4906f663ef929b7e,7,4,0.0,320,0
6f3ec36869aa10737b75eb1d5b52dd73,7,4,0.0,419,0
79b1b76d8fde48fdc776d93c272b8e49,7,4,0.0,364,0
0a90c725dfc969b13c66130b1275e754,7,3,0.0,329,0
e923c595ebce2faec07c7db0a1500d8d,7,3,0.0,433,0
0c64d79f9186b13dae6e216e07dd471f,7,2,0.0,218,0
18b983f0caf4e182658bf414a9e89276,7,2,0.0,180,0
dc1e1252530050162382ffad3a94ea21,7,4,5.089058524173028,393,0
433d64bf498314bad82358486c0bb837,7,3,0.0,362,0
ade53a740852a89b417d620dd87dce24,7,2,0.0,214,0
b1398e24212f28f71b1e63ec40b71f43,7,5,6.329113924050633,474,0
5d3e93855953d4a293df3bbecb67ef1f,7,2,0.0,215,0
d9647ef7efd23a4620416acaf4c43509,7,2,0.0,236,0
33831a42e1c5fe4762c1105a14a25ae8,7,3,0.0,415,0
a252563ce956192712d1ec2297de78bd,7,2,0.0,184,0
655a8250eed7fdfb6435a3f29e8b52d3,7,2,0.0,286,0
9d50ede8103111ec75a53cd763eec542,7,3,4.166666666666667,240,0
758d5b4dd22f0acf7095e8d05cf893c4,7,3,0.0,442,0
6511f27cf765c65b88e84f52c94479ff,7,3,0.0,353,0
f202cb96ebe89b1fc4a57f4fd2fedd28,7,2,0.0,419,0
e0243d54aa0d30f4c367350cd5c23640,7,3,0.0,309,0
b2ec2a5e322ed573a0c0d01f7df78428,7,4,6.230529595015576,321,1
7634530d72f13868eb3c36041f2efc8a,7,3,0.0,239,0
3f1cc49ea2f5bdb7867745fcf6351e0e,7,2,0.0,269,0
423e236872ec95a25d07be5d7b1d9581,7,4,2.544529262086514,393,0
c1475d849101253164671ec758b6443f,7,2,0.0,166,0
70be85c794d816d24e72764f8b4623de,7,3,0.0,389,0
bb1471981bbbccf75a539d1a4057f81d,7,3,0.0,262,1
7249284bb0715b11f25f4b5913c209f9,7,4,0.0,413,0
05dfff4de27ffa8a6db422f3c1c22286,7,4,3.076923076923077,325,0
a58c6ab1e214009d03cf4205c2478ffa,7,3,0.0,256,0
e4b008785ca1c7f2042b6528030d4dda,7,3,0.0,303,0
e95a13a979730f1179d0094932aac84b,7,2,0.0,175,0
0ecaee1655438ccf90d0fcdd2ce724e1,7,2,0.0,207,0
4028369d8d116cd09741d08616b9e4c4,7,3,4.761904761904762,210,0
35c717a5068b8be5d57ee2539e8c79a3,7,4,0.0,413,0
5c6fe1f63c03c74290101e26914e369e,7,2,0.0,284,0
8e0528d547d17d280a6b88bfaf0b8c29,7,3,0.0,220,0
514ba4646cde2a59a50a5ba0cc8ac645,7,2,0.0,241,0
94b8ef948f8afb70e6e10f986b2d114d,7,3,0.0,317,0
9486acfcb10d42dc7d974cb5fd407417,7,4,0.0,321,0
66e526617759b83dadb8dc006e06711f,7,3,0.0,193,1
bf6b1e291beb836fd9581d38c3f5391d,7,2,0.0,272,0
a43f81be8f16394ec78df49224af1f04,7,3,0.0,288,0
dac2e69f860a91cb5098a08775d76b12,7,2,0.0,216,0
48b395c73e80ae615ec2358ec4cbf755,7,4,2.7548209366391183,363,0
fb30b907fcc1c5ecef88c815ad3d486f,7,4,2.4154589371980677,414,0
7dd0c03a9c3f5ec6168a30879e5dfad9,7,4,0.0,409,0
05697c0199bea286bba123ac0fd7ba10,7,3,0.0,234,0
e5567a6cd2cdff2766076e4a20dd1a0d,7,2,0.0,192,0
40f9b15f49ba1036424fa162691548b1,7,3,0.0,200,0
8ebbac17f6867460800b7eb9b40f9e2e,7,4,0.0,411,0
4c5a6d66dcbedf65e3ab60d6ab6423f4,7,3,0.0,270,0
ca611dabc5aea5e1a2a947f9696b767b,7,2,0.0,204,0
e31e50129c47c43e90043ce36144e3d2,7,4,0.0,581,0
81ccb09c4eeb07dd368bf4b343fc15a5,7,3,0.0,373,0
bbd6e5a1f0fcbc013519306cff3b7c8b,7,3,2.293577981651376,436,0
bb7a52c05efc693856e1486fdb132992,7,4,5.037783375314861,397,0
8c2f16b5d2b09bf76ce82daf5f485dc7,7,3,0.0,327,0
0cdc2f1648d7922f4aca2d1c8bece361,7,4,0.0,311,0
10756e103f1cee0443ec931272cbf746,7,4,0.0,392,0
109d1efed3268fd4d72c7fd691dc612b,7,3,0.0,205,0
cb949144966615de2d6738291a319c41,7,3,0.0,410,0
fab4c9f2d5962ed34aacff861182f843,7,3,0.0,331,0
671278548aa3b509a0548742e722c02f,7,3,0.0,396,0
13ae0bc8428ea6d5d8e4058464982719,7,3,0.0,307,0
a68ca45df20a9fc1632bb77245a3c9ff,7,2,0.0,221,0
d43ba11ae1f8531c0f6d7b9a08d493a8,7,3,8.264462809917354,363,0
6274b5dfe3983240799c0543b731faec,7,4,0.0,448,1
127b66947dc9bb6ef001d583cfb32da1,7,2,0.0,185,0
252e872b08fa0b32c47675c21c1a1c64,7,3,0.0,312,0
6afdd69b7fb6aae0c470c29f53deaa5a,7,3,0.0,265,1
2f8c2c2eaf07f1b9876c0602b0334bf9,7,2,0.0,208,0
66aa7858c1020e83178350de5dd5cafe,7,2,0.0,166,0
c786f97da7dc46d79bb32d8269edb573,7,2,0.0,184,0
53e515a48c32efe2e402784c221103ae,7,3,0.0,226,0
f35bf51d328a9eb7626c6471162e522e,7,4,0.0,351,0
92d4702e92d08cb68de743faf268fa4f,7,2,0.0,228,0
1805dd7936866d2435462f2ef8769565,7,3,0.0,317,0
dd942b71007192cf52c7e7561353336d,7,3,0.0,359,0
8b4ea10763f61e8512fb1b661ce008e3,7,4,2.6595744680851063,376,0
d52265afb9566bc792081cebdfa318bd,7,3,0.0,279,0
dad71f120c187a523d1db9a6046ac944,7,3,0.0,322,0
5aeee96e6b61e8005f04fa09bc1a82b9,7,2,0.0,431,0
5b4b91a67cf218fef249918915f274bd,7,3,0.0,278,0
087dd811e9e82512faaf7516b0834b9d,7,3,0.0,253,0
13874a3de32d30b0e83dbd53ee0ddd8a,7,2,0.0,162,0
66f43654dcbf8ec2746098758ea7afd1,7,5,0.0,427,0
47724a322eef5863c52fddd9f7d6a713,7,4,0.0,378,0
74cd0ff0ffa7f7b64089d56d54567126,7,3,2.8328611898016995,353,0
392d7a2b6bcf531c718a28eb7350eebb,7,2,0.0,320,0
06a52a3bf98e790fc7e3f1576b252f15,7,3,0.0,252,0
bf93fc216b24e4779065f8265609269c,7,2,0.0,287,0
fc1bc4c28722ae19eedfa03ae291fe40,7,2,0.0,240,0
f7d81db063a720faa126f85de9be3269,7,5,2.6455026455026456,378,1
c8ec699ee33e101f9635b8e865301dfe,7,2,12.738853503184714,157,0
70ffb428b873488a55e1417fe90a6573,7,4,0.0,314,0
f556f5f753f51ebea57cf4a02d5fa0cd,7,2,9.049773755656108,221,0
0a8461b9373fac912918dc274a15d824,7,2,0.0,183,0
3464b6a5bc6fc23ac5ab7939cb7e530a,7,3,0.0,441,0
c374f8c26572aa14b9c29a75dcd7243b,7,2,0.0,204,0
806c254a6dca8198243bdf1426a027cd,7,4,0.0,463,0
a0e1d077236bb164b5b307abe4d512a4,7,3,3.6231884057971016,276,0
0697b7a2a2964321cd8d1a29fe370729,7,2,0.0,279,0
714126a3b00ab1a2b690a6061b89f859,7,5,5.908419497784343,677,0
40f8a202f8bfc9b2db02985f6b7ed8bd,7,4,0.0,387,0
fc77f80cf1a851ef22d9e14642000ff3,7,3,0.0,488,0
6cbfd042b3263062955146f11ff1140a,7,2,0.0,179,0
46af9b92353c7373b22e7b0d70c01c7a,7,3,0.0,219,0
0c539b5ba4f6e869f0511c0cee1cd472,7,2,0.0,182,0
ef9a08c33584efbff442c145d8726562,7,3,5.813953488372093,172,0
d3c96dd2ebeb6527f7aab22745dbcc6c,7,2,0.0,316,0
c8f2ec241aa56b0acc0685f70835e4bd,7,3,0.0,319,0
ec9fa58c818a69d51dd842d842d2fffe,7,2,0.0,335,0
d58c0ff26d7a62c1e2e89cec7a01789a,7,3,2.7027027027027026,370,0
3cd772c50641bef3797eabe7de69c632,7,3,0.0,184,0
5fa51546da5b2c921691265c647a92ae,7,4,0.0,303,1
19884dd7bfd0a1663db53ae4b0986184,7,3,0.0,205,0
e92823e04c8ec838453da54eda3ba873,7,2,0.0,201,0
0abe42364e9e94afa648a2fc8680e3f4,7,3,0.0,250,0
de83958f5727b9f01d19c3e1121037e1,7,2,0.0,169,0
a318494d525634cec529e6de7d27ba48,7,3,0.0,300,0
d00712c43bdbe9c0295c5605c6753d37,7,4,0.0,421,0
9484d92f558fb281f2295f9dee48c05d,7,4,3.0120481927710845,332,1
e52b72c92d92e1e7ba073df0dc8f18f1,7,2,0.0,167,0
29efa8d152280dbd9cc281258eb5ce49,7,2,0.0,281,0
a0964b22d0777ac1c53bca12f763dc4a,7,3,0.0,334,0
16c48fda03a1cb6578cc7806fdaa3b36,7,3,0.0,530,0
2d5f233b5412ecff7b4c3d47d39deed3,7,3,0.0,214,0
af8825f835ab723ef6eeed7d54ea82de,7,3,0.0,372,0
1dd6a0b7233304f53f4d8f6c3d6f7e19,7,3,0.0,298,0
efaa400a1697edcc46c2797f19d0241d,7,4,0.0,323,0
4e18a74108069d8c124fdcb2c2c91b39,7,2,0.0,237,0
59dbbd87c96fd500fdc49e3d3ee864f3,7,2,0.0,214,0
f7d9e4367de2002eac485a7a07ac56a6,7,3,0.0,230,0
0c37331e4ba0b829da9dbb4b083d9ccf,7,4,2.444987775061125,409,0
444386604afae8fdff9246b378621f7b,7,2,0.0,293,0
f3a85d809299fd4887f0e643bdf15352,7,2,0.0,237,0
ed2bf417b6fc125245553ed67c0cebab,7,3,0.0,253,0
716c8b0c689dd5dfdee709e165a9d167,7,4,0.0,295,0
17eef95faf554388cf799150269e3ad8,7,2,4.132231404958677,242,0
3595a1af175f5728bc55f7c376deb84b,7,2,0.0,184,0
68d07c2ac109b0c99af8292d206ca40f,7,5,0.0,477,0
5b50fba292e25ab033dd0e0a8ea24b23,7,5,0.0,486,0
1150a0ef3b07f8c14240ae6490164698,7,2,0.0,270,0
1fa52d299930b6033dbc8e7bfb3020bb,7,3,0.0,267,0
ed89b01ffbd1ac47599ed6d556e4becd,7,3,2.717391304347826,368,0
9541fc5a96b43f8f9c20592951d002ca,7,2,0.0,185,0
049a9c232c96d9219790750b2f85a616,7,3,4.219409282700422,237,0
7a74395a677855549173ffaef89a6381,7,4,0.0,334,0
511e1d0a107ec86e0c4489ed52f65c57,7,5,0.0,571,0
564f7a36196317e5627c9459f77e8347,7,2,0.0,238,0
53d08afc6ec5d7519e0c2e4e98bf6800,7,3,0.0,341,0
21d5266069da0a319707cd21f9363dd6,7,2,0.0,208,0
c7b00ad4e2ee344e2ad44548bb18da5d,7,3,0.0,302,0
0a30b856ba587fd564201f71fefeab88,7,2,0.0,211,0
f6567fbb3bf64f4be3522d88b4f8c09c,7,3,3.1746031746031744,315,0
ef2ea6cb34f63cf49d0a6b66c43403d0,7,5,0.0,539,0
164ddaca396c556bf5ef0c66a9a1665c,7,3,0.0,188,0
c2de5ce873f8a1a81390f91794cdb43f,7,4,0.0,399,0
c327b6b369b9f144417916ebe7cdbb81,7,3,0.0,277,0
ae408f18f8e812418fe111090e5d0acd,7,4,5.970149253731344,335,0
7fd9dc3a09e7b2c39d18bd905592a402,7,2,5.882352941176471,170,0
220d16b820f07b5b42ad7a93c3ccad27,7,2,0.0,341,0
bb08d0a8b01c51347b38b035c323a9ae,7,2,0.0,335,0
c7b5a85e90f3feb1bc0a00f4d363039c,7,2,4.184100418410042,239,0
84a8d8a9156e694a8ac9e35e01ef0e27,7,2,0.0,163,0
000a1a8f76992d1dd2c4cb0db91035e3,7,2,0.0,154,0
cbfbe32d87bb101ad30e82c3fe69959e,7,2,0.0,166,0
f9d9622c83544f907582cd2f8c452587,7,3,0.0,341,0
111e09289632dbedebc14629ba03f792,7,4,0.0,273,0
3695880d24624a317966697aac34428c,7,2,0.0,165,0
a8c42f2e66ee66739d8af3eb5683344d,7,2,0.0,241,0
f115cf26b788ef25844400efb7988d86,7,3,0.0,242,0
2df57b9dc320e3a318a1033301b10da6,7,4,0.0,496,0
d91a45ea8cabff4b28c6c35576f7e8af,7,3,0.0,254,0
c2555b278c6abe5555a91740b293495c,7,5,2.4038461538461537,416,0
21fa463e97e726eba28d7d5e17762457,7,3,0.0,348,0
bd7f993f9a2cc599e7bf598ea742a461,7,3,0.0,184,0
7944f857304284e92be436663edf6647,7,3,0.0,268,0
a34d6b51003f31d87b72685cdc13f705,7,3,0.0,405,0
22d4c30a3ede4d971e1307d36f4b7489,7,3,6.779661016949152,295,0
a2e2d523b2074e063e1066984e27d76a,7,4,2.0408163265306123,490,0
06c5b30732895c38c27c4f4ee7f6b41e,7,2,0.0,226,0
eaa0b9c987d86e588f1ba399ca507adb,7,2,0.0,349,0
bc3d0e9a3ee8e3549cd506ed312deea6,7,3,0.0,316,0
b45d0680937af76a4d4d7f5fe674f08e,7,2,0.0,188,0
61f6738e5fa5f49d5de32b7964d43f73,7,2,2.8011204481792715,357,0
0f22395782510a6bcfe1e837235d5026,7,4,0.0,303,0
d88e86c870522b813ed338c555004974,7,2,0.0,267,0
0607766e9d5669ddc3de7afc63c1eaa6,7,3,2.824858757062147,354,0
b13bbb5b51eb448d06c33aa3c047b073,7,3,0.0,322,0
399c167d196b62babb91c5526b9a04e1,7,3,0.0,272,0
146edc29348e96d67ca04130083175ab,7,3,0.0,285,0
10e97ef7062f4f4dc3c6925d6af8cb21,7,4,0.0,276,0
3212b227301c6b0fe26ec7390d4c977a,7,4,2.7472527472527473,364,0
c2f78f4a4c2ad2e16c47d6dd5c16131d,7,2,0.0,215,0
9e4c8739714f28825365e67fbceda05e,7,2,0.0,425,0
73015b0ccd02a5a190ff119487f0dbf2,7,2,0.0,189,0
84f19f1aa487b45a91c6705000c912bd,7,3,3.9840637450199203,251,0
8ca471754f4571dd0585e23b8e6dd0e0,7,4,0.0,332,0
ca2cfb426437cf5172db7b49d8f250e1,7,3,0.0,255,0
f558c1deba80f50ea2153e745277f170,7,1,0.0,261,0
8817bfb4cdc84e01e00e08d5590b37f7,7,2,0.0,240,0
cd9049064bb8dc3967a58e78ffe1588e,7,3,3.816793893129771,262,0
18230e99ecce9f9252de346853117d6c,7,2,0.0,232,0
369a8aadf12e1d2892aab2cabe290f94,7,4,0.0,392,0
bcf767370e6e9fcb2b1f71037a74ffdd,7,3,0.0,185,0
12a1baff35d77df73bcc6fea0c0c3f50,7,2,0.0,254,0
f129f7c88578dbe47806d7dd72f0cc4c,7,5,2.512562814070352,398,0
ada37202e8572c3f964aa50345f5b5cc,7,4,0.0,341,0
72d9ff409051bfb00aa05b6798e20fd9,7,2,5.9880239520958085,167,0
8a9a0a4939080ffc18a971744b036733,7,3,0.0,367,0
3840446f2fbf6ac084bc05df0714ffac,7,5,2.450980392156863,408,0
513b46d878ee150165074ed77ba716d1,7,3,0.0,192,0
9375c8b9a8307a8df20c364a620adfcf,7,2,0.0,187,0
eb04d213dd62847e0bf44d461836dc99,7,2,0.0,188,0
e642953f6709a6a34b7a3e763def4c7a,7,3,2.4271844660194173,412,0
8d53b780c131d8416fb827a294c86dbc,7,2,0.0,156,0
12b0ca2c09858209d5eb98408a22933b,7,4,0.0,365,0
7bce13f62e4c5a66769fbface43c4e85,7,2,0.0,255,0
6bbfd9cb0efa385331b98195daa13d24,7,3,0.0,323,0
d9df5b947b1ed97f5d85412d952d932b,7,3,0.0,348,0
f94f85ff2e06bfa5978d1d1dacf21342,7,4,0.0,343,0
18d097c7cc51dfbc2753784dc9054547,7,2,0.0,175,0
c5aaa1d43497c1d51adee3effa00925d,7,3,0.0,410,0
e1f882f4f6ad38e7f891b17ae8c40591,7,2,0.0,223,0
87b2cba5fd1ec1298f4358ef2f1b73d6,7,2,5.649717514124294,177,0
7b27d879b334e7e876ae94f13310e642,7,4,0.0,388,0
c6854842f7709d62564d2d0a1290adb1,7,2,0.0,208,0
4416473ad18661390f6628ba2ee19445,7,3,0.0,217,0
c6df1062842ba824f55a1e87066c04f2,7,3,3.937007874015748,254,0
bd20e6f80c0914f8c4dbcfe73d16fcc5,7,4,0.0,394,0
d388434bf6b586a87f0806ed86e70499,7,2,0.0,168,0
5118ef5538c982c35b50c7beea1d292b,7,3,0.0,266,0
866f0d3dba801f2b82dbf71e677b4456,7,4,0.0,386,0
8e8d0e953ccbf1d5aafccdd1d43b656d,7,2,5.0761421319796955,197,0
403a22f623d4336a5a2c1e6f50918e30,7,5,0.0,478,0
e6bbfae7c3fbb5e49253dfc15913f6e3,7,3,0.0,297,0
c711b83e2d77bddff1e19819debe1767,7,3,0.0,352,0
15979339c3818e96e8bf9bcc31f52ffd,7,2,0.0,166,0
7acf4cc26f5d29dc2443ae89662bc207,7,3,0.0,289,0
102fd6c96da1067bee9b74a0dda176b6,7,3,0.0,263,0
c98725231c38c76da61bec8db8561e5d,7,3,0.0,334,0
b0bcfa5ff3a30961dddb27186db236f4,7,2,13.274336283185841,226,0
6c4370e17af19fa567816abec9f48ffa,7,2,0.0,304,0
f49d3bb5baa56426fb5119238b4ed7a8,7,3,0.0,235,0
ad897b6b2b947b16726e6ca1a40dcfc6,7,4,2.9239766081871346,342,0
6bc82f212e039c692cea9864092b2d27,7,2,0.0,168,0
1a85bada027e5052ac912b2ede431d15,7,5,0.0,602,0
4f5fd073dfaa8ed30d3a5b02d955f4fd,7,2,0.0,265,0
052fa186f7a398a1e7addbfe98d84e72,7,2,0.0,350,0
50ddfa2025f3d88d7a5d1d915815b236,7,3,0.0,328,0
fd82276beb54ecb0582eb129517edd15,7,2,0.0,257,0
40186e570230da470e01b536f36513d2,7,5,0.0,672,0
56ebe055342f7d0c5370474982d67057,7,3,0.0,319,0
1ae9068f4ead705f4eb758c0ee49bc9d,7,3,0.0,236,0
422cc8310d6d546c6e2663b2d5f5df5d,7,3,0.0,291,0
f315682b13bce7ec108878fc14ff132d,7,2,0.0,184,0
67d2e4538fa37bcd67479bbc4b9a83b0,7,2,0.0,217,0
171d4dee295636b190607a05b24b7883,7,3,0.0,396,0
16ec1626c13c1ed5379a7b480918d41f,7,2,4.291845493562231,233,0
d406af04e1c07bc55167f1b0fb63547f,7,4,0.0,418,0
c1c5c0969870c3ef71681f057059f017,7,3,0.0,297,0
e57513bea1fb85c2768dcd95b22b8ab8,7,4,2.6954177897574123,371,0
d787789ddbe05ed9e5cfd30d81c5705e,7,2,0.0,189,0
bf6684fad82ffb5a73144e104f4a62b0,7,3,2.9673590504451037,337,0
876e58840208dc8705952cfe7765efb5,7,4,0.0,301,0
eadcd515b98037f042b46b01a02e585e,7,3,0.0,269,0
112484805b46e53c2cf4ffd6ce5b96c2,7,3,0.0,168,0
32bd1fa4e2c7fef0a67b5f780dad1328,7,3,0.0,348,0
b21d4b57e104c6312bcc27a1a7a2c98b,7,3,2.9673590504451037,337,0
3cf2d55e7636d79b8d66c6f1f4cecdcc,7,4,1.6920473773265652,591,0
df89d6cb388a35ae94a22dbb1136b441,7,2,5.617977528089888,178,0
05fee965be198f86d312b28667cc89e3,7,2,0.0,385,0
d6f27c66fff43c47d346d7901442fd89,7,3,0.0,248,0
d6c990db00b36dfd1f1f2f34c81f6ff8,7,2,0.0,293,0
1d7a491228b562aea3e915af66e1646e,7,2,22.099447513812155,181,0
bb443dc62fecaf0134249c59874cfa24,7,4,7.633587786259542,262,0
c58bc69e11027866ffae0f8b1b3aaef8,7,5,0.0,518,0
068c62ad418063127565e42b146755ee,7,4,1.5060240963855422,664,0
8b56022910722452202e7d4ea5f4e21b,7,2,0.0,210,0
6beb177a93fe46d502c3c17ac8dfd92b,7,2,0.0,228,0
ddb85c4a320cfc2840cb146592fe2ba7,7,2,0.0,260,0
b8291e01b71c08e26011e51ceaf7a7fb,7,4,0.0,369,0
f1d130f388b080de3f73e903b2f77a65,7,3,0.0,166,0
14b170f2fd60879cf4ab477e83156cd9,7,3,2.8011204481792715,357,0
271783052521a22cbf05348355690d06,7,5,1.7921146953405018,558,0
838ba3f5fb7f3158fb86bf30b48c68e9,7,2,0.0,171,0
1998b8a16bf7a42432c5b20e775fad05,7,3,0.0,423,0
673830f7fcf5355032d97a0fc8a42bba,7,2,5.434782608695652,184,0
bf7e5757624cc8e6ce9012645d17c39d,7,4,2.4752475247524752,404,0
01cb8c4fca6b376c2c8bfcd77d89d390,7,4,0.0,429,0
53fc6741a9558e9525a016cdfd6ef372,7,2,0.0,186,0
e098edf65d57f7e10e5827baa1f1e0d8,7,2,0.0,155,0
fe017dfae3bcc7102e875b050fc33c38,7,4,2.207505518763797,453,0
bf403af2cf0b8cadfd9cf94c00ade0ad,7,2,0.0,216,0
bf211d9d94015b1ddc5771addea5b7e0,7,3,0.0,336,0
02737b672651ad2e665d71674218916f,7,2,0.0,165,0
b669ad49b2cebc0644759260083f4ec5,7,2,0.0,272,0
4f928c562249aa0b2e33cbe766040927,7,3,0.0,374,0
51d95be2cda8909b00f44e91ad42bf43,7,3,2.7548209366391183,363,0
89b513b939b6fee6e20ae907eb1fa380,7,3,0.0,212,0
819c39c9364f0e1c0da6835403a814c4,7,2,0.0,263,0
01a42eaecbf42b53f66c9d5d6e55bbde,7,2,0.0,219,0
b60670743d667258f732683a5551c812,7,3,5.9523809523809526,336,0
86c4c295b78d47072629e2701c1f9283,7,2,0.0,185,0
7ff72de6cffb60b58c5aab90bce3d3f3,7,2,0.0,207,0
8e81e434d7cb71643df39ef0390d1406,7,2,0.0,300,0
7747a13c3af8b552e02ec4d10fc4b8cc,7,2,0.0,212,0
9a16ed9743ff8b384c56c49300583e7a,7,2,0.0,204,0
8fd591fd123774fc924801cfceaa06ba,7,2,0.0,196,0
affb7615fd7852ca20143fe7b3b26721,7,2,0.0,199,0
a03f007002ca0ff3a780959ead0a799a,7,2,0.0,213,0
f72fccf0b1aa1b9e74aaf0f7d086c8e8,7,4,0.0,381,0
6feecbb615a8b4e4f73dd4b43d31edd8,7,3,0.0,332,0
178ad5efe28d13984d7115803aeeece5,7,4,0.0,270,0
976b312edcc0e206aec4469430057585,7,3,0.0,384,0
cd338e625182edb309ad7ef4dcbf90f9,7,3,0.0,367,0
4bf689fe91ee8297c3daa088b15a78c3,7,4,0.0,362,0
9c9c5f45b3d067ed5e6c6999ed887fb5,7,4,0.0,590,0
f018726ac72d828e7a811efb315afcec,7,3,0.0,375,0
8a69059934cd348fc6cde3306e40c4d1,7,2,0.0,200,0
b25b6fae85909e02f03aee9a9c9e13de,7,3,0.0,287,0
6c345c3e529a2e5d8280f6214dab527a,7,4,2.865329512893983,349,0
94022e2f60efa8549ddd61241d6c9e0e,7,3,0.0,222,0
6bf5c98fb39559b04b2ba8aa1fc969ba,7,3,0.0,270,0
cc74a8f61cfd8cbbded113ba34ff7b5f,7,4,3.067484662576687,326,0
dd92f4424021f407e0bce42e143c08f7,7,4,3.508771929824561,285,0
af33141b994de1767fa52eaf33179730,7,4,5.54016620498615,361,1
09cc497d9e3cb47b881996125d53ee3b,7,1,0.0,170,0
9cb2c5915227f9699a6dbde9ee305327,7,3,3.4246575342465753,292,0
91e9f8fca8c1021fc3b517e72b6f96f2,7,3,0.0,342,0
1841aa7da78f68dd610a82b190dcf9a4,7,2,0.0,165,0
5a5d3bd2e124bb34a000a0b94165f76b,7,5,2.0618556701030926,485,0
fab6e7315cd877ee8f81d04b64c2719b,7,5,10.460251046025105,478,0
d2e4b03dc589f046a5a1ffd9e399a0f7,7,4,0.0,263,0
3fb971e3cbd9ec55e1e620f064ef22b5,7,2,0.0,220,0
c2eebe8670b620d12b4efe91722d3f17,7,2,0.0,213,0
2c7bb7be5d7b5f6067b3f729a59fed66,7,3,0.0,312,0
c4373e7b3199e3d1daeecdfeda86835b,7,3,4.201680672268908,238,0
369cb597029352d401c96474d346d3d5,7,2,0.0,272,0
dfab44e39fbda2d806bfb1b776c38fd2,7,3,0.0,272,0
1c3865dc28ffc96ddeee947677316a29,7,2,0.0,155,0
c76155bbbf81cf46039004f2b3caacc5,7,5,0.0,422,0
11589feb0622e3870d524b07dc862c45,7,2,0.0,192,0
43fd0fd0e718af871addf85ebc5d8742,7,2,3.067484662576687,326,0
75ec62d5b8dd50209736f33ca21b5e23,7,4,2.824858757062147,354,0
dea39830d03ccaa4558d0685edc89912,7,5,0.0,673,0
e7dcb3eb0cb5192942b5492600e5d1f7,7,3,2.9761904761904763,336,0
af8ee5c6ab1585cec22c81af88be8ffc,7,4,0.0,436,0
9e9ff1848b6f1c1e392999ef74e94ea3,7,3,0.0,333,0
78f862e5f3bdc4c2e89a7678f7540f60,7,5,1.941747572815534,515,0
f7729bf3316f166224e3109f71897533,7,3,0.0,508,0
b6e1342627cedc7ffefcc76931f6a66e,7,2,0.0,254,0
c4d7650037669436ec0ea55902562e95,7,4,0.0,385,0
a76009fab14234d4da7aa84c0b234b7e,7,2,0.0,178,0
1a72d7150fa080c82f814b8cdfb7fb3c,7,2,0.0,271,0
cb3da7e23e1dee521bcdbb5a7a2c4a28,7,3,0.0,291,0
0b6b0a0ff145ece1ce3d694d697612d8,7,2,0.0,190,0
49d6dd8bbe4d062c198c6ea63e61d807,7,3,0.0,473,0
e9147dcc396f820e6c27849e2d06dddb,7,3,0.0,254,0
c418a2b20ccaeafbfb832db7694769b1,7,2,0.0,183,0
40b3e49957bb09ea3f792a801d2c68df,7,2,0.0,221,0
1b7722515d5adb01643a23af26e6e3bc,7,3,0.0,250,0
0af089f9d93d7156da4a707b2aff9be1,7,2,4.484304932735426,223,0
08868b14269dd92e216f0a606ef4c00d,7,2,0.0,152,0
c47fd098c6c978745ba287f74fabff93,7,2,4.098360655737705,244,0
947f15492a08975379ff37aaf00003e4,7,3,0.0,370,0
2ad89680debddde2c611ccec583ab06c,7,4,0.0,362,0
e72f90d344bc2cea5b397399fc921fe2,7,3,0.0,284,0
55046bed4936a7f25d237f8971221b96,7,4,0.0,427,0
e62004693aa5d11993c37633b4ff1a98,7,2,0.0,517,0
00e608c21fa31e2801612d223c09a738,7,4,0.0,451,0
77ef0969bed71eb9996b61baf39c8666,7,2,0.0,192,0
cf61bfc75546a351ebc857fa26c8a543,7,3,0.0,247,0
b1ca08975c7126785c5cc6a13f06f7da,7,3,0.0,376,0
ccd1908ab94ba2e959c984da2bd234f6,7,2,0.0,258,0
aabdd0710adc399e83549ab46fcb7be8,7,3,0.0,267,0
6be093d95ebcb8932a1c90a2c84c61a0,8,1,0.0,210,0
2b4b6822df62c48ef941b49700b2968d,8,2,0.0,180,0
834638f629f516607697b776f873832c,8,2,0.0,593,0
de51bb4141b584f9361828a0c40ba1d5,8,3,0.0,271,0
eea3c83bfd0d4ce12bb4dcaa0ae2a67b,8,1,0.0,245,0
1ba5715578b0d098e46d7822a50ddf98,8,2,0.0,165,0
354560e3707e141d92142403a839a423,8,3,0.0,381,0
b761569d06027db92dd395598d0d3c68,8,2,0.0,190,0
fb4f634d7f5404d8f6091aca6e24d7db,8,3,2.865329512893983,349,0
bf2c8b917e0e40df0b70019b74b6f00f,8,4,2.7777777777777777,360,0
4c2c5d23b7894b6bfc49fd6be8f2e1a5,8,4,0.0,373,0
2b3c932435ca50e5f03ed67cab75dc10,8,2,0.0,210,0
b2bcca0efcdca59a40da1fd0cb390ed3,8,2,0.0,192,0
b0b48aa5043dfa80cc6246ff7c7c3804,8,2,0.0,221,0
72bcebf273a1e9a25197466d3f446f03,8,3,0.0,309,0
58b130a93b7be53fbc53cc95bbc5206f,8,3,0.0,326,0
f49bba631c2224f658f31479ab2cb8ca,8,2,0.0,166,0
71681b232d96f78d7f3c2561dd2276f8,8,3,0.0,317,0
dbde34da728013de52a5a3d7a043470d,8,2,5.025125628140704,199,0
c40d11952f2bbbcbd9759143f87b69e2,8,3,0.0,265,0
41afe2a8a6151ef149e08a476e6a74f2,8,1,2.6666666666666665,375,0
93c090aa1b67145d468e4a304fa0aa31,8,2,0.0,340,0
5982fcb8b9786c3d063f5ff1ba8ffb45,8,2,0.0,364,0
73bce64761a211dfa49ea2d2d312ffb7,8,3,0.0,316,0
ecb1477cac5edc3599fbcf704382bd82,8,2,0.0,555,0
8a9723220f8282d9663d7308cb7ca2f1,8,2,0.0,179,0
0b27af5e8f2ca67606c080457e36cae3,8,4,0.0,433,1
84130b2a3a469f6490414de2fbc6814f,8,4,0.0,522,0
e0046de3ca9f9f371103ead91ebb5d2a,8,4,0.0,393,0
31e6bf04323b025fcbea7ed87a7933be,8,3,0.0,339,0
18f96ef336531191bc31a2f9dd8ae021,8,2,0.0,185,0
8ae5b089b30c3dc8332a915b585c97db,8,2,0.0,159,0
1386915fd36b12446ac3a052a652993a,8,4,0.0,348,0
6a4f6063c7f028fcbec887d1368c0d74,8,3,2.487562189054726,402,1
2c482e57b25f2fc6ee1943bf9fc9c635,8,3,0.0,431,0
a7b79407995b917f07a50c46a067a193,8,2,0.0,177,0
3d99dafc85757563131b7188f4446f83,8,3,0.0,422,0
69658a2fc1321a8ad78f38cabdc7c214,8,3,3.816793893129771,262,0
8af3dcb0d27aebd3a19abec696f3a3af,8,3,0.0,254,0
463f542af7f0cf6ce7848064963494dc,8,3,3.125,320,0
e7ac6fbc1a2b3383e59396b077e26e8e,8,4,4.385964912280702,456,0
b25544c2a0757e12a9e9e5894c1c609c,8,2,0.0,221,0
be03c229c663aa6b68a66781183494d6,8,2,0.0,184,0
e2e1bcebdf09c1787508605175f5ba61,8,3,2.9069767441860463,344,0
acfadd041d936b0188ba2fc2109e92c4,8,3,3.215434083601286,311,0
cfd43553b919b547fdac864bbe258314,8,1,0.0,229,0
b51a48a40207ee7fd9a8d60934e16012,8,3,0.0,302,0
bc6ebb3e415a406efef298301ca72324,8,2,0.0,158,0
707e6ebec53e7f1d00a96a399ee0c4e7,8,2,0.0,174,0
7530308d996a539d45c19b82a5568a5a,8,3,3.3112582781456954,302,0
703a7fc20a2f8c698b34293d5bd7bbea,8,3,0.0,292,0
2f0cbdcd8bfcb2666e195448ae6876f2,8,2,0.0,164,0
f64fdbce638bc20780e9bbbf24395f9d,8,2,0.0,308,0
42991c89d80c779cf216141e44fbb9b6,8,2,0.0,300,0
3b2290acb65f3ff12383c81e41765ff1,8,2,0.0,348,0
55ca2d671671cdc70a6306702b3c00f7,8,3,0.0,395,0
583acb2db0f4c4013b025b3fe2b7bdeb,8,2,0.0,325,0
0c206b4a4164f84ba45644d58caa3259,8,3,3.367003367003367,297,0
bec0a064b5b199f48837e1fcac69a63a,8,2,0.0,220,0
a8549ed6748af3f4e4987809cba696be,8,2,0.0,199,0
d3781cae33a8d00288477d87c3d3e53a,8,2,0.0,235,0
7101bc34ea21dca85761c7cab7e5d502,8,2,10.1010101010101,297,1
b583ea4e5825f57634b521806069f062,8,3,0.0,369,0
9fa7cfcfd6f2ce377b0e44e20cc026cc,8,2,0.0,172,0
67f61f4bcc6eeedf0f7bbd1f9f2d7008,8,4,0.0,494,0
1197c90554b04885f24c3fee4b99cdfb,8,3,0.0,217,0
2d6e8cf3f73031646ff90e4b1578c068,8,2,0.0,166,0
5ddbe01c5cb02b73380d50657cc91c71,8,2,0.0,167,0
06e7d2ab18007b62aa68b1fe8cdcfc8a,8,2,0.0,285,0
d864091a79222f855437c260101966cc,8,3,0.0,397,0
8f4d4bfb2da3463439b54055555c9d5b,8,2,0.0,277,1
189c72aa59e3d021074e0dd1c5098989,8,3,0.0,276,0
4be5a7bd9526d0e9064b34a7763fccdd,8,2,0.0,219,0
485dfcdf166b5af81fc602c2f09703d3,8,2,0.0,241,0
fd2c634c3bd4019f263d22f03b6299e3,8,2,0.0,227,0
23aca0986be31b0801f9a90f33617443,8,3,0.0,291,0
3e80cb6eaf815b7e3b03f4c1fc71e0b2,8,2,0.0,295,0
63b50928b9a16931e48fa41e395cc7b0,8,3,0.0,311,0
522b5f35ed4eed64c06b94af1ec9e08c,8,2,0.0,164,0
d4c7f77489ecb342b55e283e1ffa727f,8,4,0.0,483,0
8b4bb9b9a35425b69d9cffbd61c471fb,8,2,0.0,285,0
086bc6152c0ab57b03f5343ea0bbcdff,8,2,0.0,190,0
06668b91e3d37633a3d86e179364b9bc,8,3,0.0,242,1
3f0671830bdc9117c99719d921f18fb0,8,3,0.0,321,0
13d1b178f5f588b07157e5f8aa63f2cc,8,3,0.0,367,0
83145978b5e2843eaad91138f186d4ff,8,5,2.150537634408602,465,0
1a8222dadcca3711ca668611927228f4,8,2,0.0,203,0
82993d6083e0cdcbe6295c5b3190c782,8,2,0.0,224,0
8ce6434cd5cc873cc4ed13eb1726c1a5,8,3,0.0,320,1
902a06cf82b55ce2f4e9696da11c273c,8,3,0.0,296,0
6a2dfa7648de6234a8feb483f31a9fda,8,1,0.0,232,0
4ad04e2ac58faa2b9125f3034273bdfd,8,2,0.0,206,0
b6527d8718f9be81026da994e7c2e756,8,3,0.0,364,0
c55f10f343f73827b17b5baa81cfe966,8,3,0.0,237,0
30779d222987a79623a554d121cca5cd,8,3,2.8011204481792715,357,0
f649a362902cefb01f649c83a4253819,8,1,4.524886877828054,221,0
0494af288fb7b2ae211a048b4128e2f1,8,1,0.0,198,0
41afe40ca11da2176951be3838408bcb,8,2,0.0,235,0
859b58c129c3afc4422d31e44fc456c2,8,3,0.0,273,0
f020b10a4f3e84a18fe8f6ecf15e555a,8,3,0.0,159,0
64058a6316b2389c44e743f6626962fa,8,3,0.0,312,0
490eed2d86a37c837e2cb051b989af23,8,1,0.0,171,0
f5028ed635fe5a9b05f0afe1fa7fd8d7,8,2,0.0,155,0
89d81d456c18a0f1f1f8cafb32c0cf6c,8,3,2.9239766081871346,342,0
80d715f7e84c3ad079c4980ae69f2064,8,2,0.0,281,1
c5bae332f4cbbe2fdc5b59c1f271a6d2,8,2,0.0,216,0
c4ded46655215f556035be0e68c49152,8,2,0.0,197,0
3439e9fe374f07bb80a307e5a1e3ad57,8,2,0.0,174,0
6b57d3056039438693c7e6ecb42d57f0,8,3,0.0,293,0
22582ff15520837174d398022d483722,8,2,0.0,389,0
3d1643e1e2e7cdc90b4c262ee6e0bdab,8,2,0.0,341,0
9f237f75e5d17710a03b93ddf411b648,8,3,0.0,342,0
ae43ab0de0fdd273b730732ceca90247,8,3,0.0,346,0
9195e8a376b4eafc82c310664462ef84,8,2,3.937007874015748,254,0
44facf984e06e67e137363ee3a5ca0d5,8,3,0.0,273,1
355405ff1554af20462aa3f13d6ce17d,8,4,3.5335689045936394,283,1
24f9b166f14acd2f6fcfd8d7eecffb10,8,3,2.5906735751295336,386,1
ed9f8d999b7247fe6d4c2951646de943,8,1,0.0,720,0
f7b0ccfba895de9fd59be10252e6ce1e,8,3,0.0,609,0
016173edbedb93c902aa81dc730f82f3,8,3,3.048780487804878,328,1
95a7264b3b67a02efd85c8e0db08f65a,8,2,0.0,179,0
9baab60e95f6e3f4eaed03edc32c6b8b,8,3,0.0,289,0
81cc5c01116f85cef6440beba5f563cd,8,1,0.0,175,0
73043724a1db58a1baf7a09d9feb5d41,8,2,0.0,219,0
3efa21c3bb951bee49dd85a5e7f11d34,8,2,0.0,161,0
dacb35805510ada27941abc56ffb1ba6,8,3,0.0,268,0
5f3371dc67e52b6c9b50c21715efd219,8,4,0.0,482,0
3efcfbf220ddbbcfffbbe56d5265540e,8,3,0.0,321,1
88ad07e19e18a8f841a7fc7d1a7903c2,8,3,0.0,291,0
879d12a62912479d40d6d65b48308114,8,3,0.0,239,0
2a656039630b3cf47ad20375940ca0bc,8,3,0.0,437,0
8456844cc2ffd217c5d7c2f1f70682d9,8,2,0.0,206,1
9742d8cb27b3e2f8f9460977d2d5fd16,8,3,0.0,265,0
bb157ed827de1d4bc5bd31e09b8a9a5d,8,2,5.524861878453039,181,0
bb5c7eb1abc8274bf128ec58a5792375,8,2,0.0,262,0
ed332cf85220530a0bb06514d54d8973,8,2,0.0,213,0
00931be07caeeca50ee017e2c3851ec8,8,2,0.0,266,0
f88326a4a3a37d66c29bf5aa1bb7d210,8,2,0.0,295,0
cb19630de7d295760e0226a6a03d5dd7,8,3,0.0,395,0
35c54bd6a188dfd4d40a93c65cfda694,8,3,0.0,444,0
42b85eab82edac0b0425c18ab9585442,8,1,0.0,290,0
85d50ee368b0d0b59d1a13c7d34c9b54,8,3,0.0,295,0
612b228914fb50069ae2dcc74056ba44,8,2,5.208333333333333,192,0
c3f0bef2ac548bcd6a712e8862d34bac,8,4,0.0,431,0
3bdbedfad94ab672e2fd88992694e324,8,3,0.0,272,0
0b66bb3108cf3d62b6d0ddc60c7519f1,8,3,3.937007874015748,254,0
7e6863112e4d3a03f9758f8c9a84dd59,8,2,0.0,230,1
7f7e6562c59b566ffdca64b299600cbe,8,5,2.577319587628866,388,0
fd17a3de956b4d4daa51a76e1d5ba881,8,3,2.770083102493075,361,0
24c53c26e8228ff63cbc2e82e56af343,8,2,0.0,210,0
22faf72884a4ac2d18a329a70789c2a0,8,2,8.19672131147541,244,0
3d5c799c17a22430932ba4b5a27a99b0,8,3,0.0,290,0
f393edc2e63311c8024e563030a37052,8,1,0.0,281,0
d8a51de94d0f636ae8c9e796e6eb797e,8,2,0.0,593,0
68f52e035eef6926ebdc07a2c049cbcb,8,2,0.0,297,0
7b328fdeedb695f71cbb5b5c1d1ec4db,8,2,0.0,203,0
de80660dad077bb0f821687e7a566eea,8,4,0.0,438,0
80ce95ba2a553a6f3ddc661fcfd34b0d,8,1,0.0,215,0
d09104179babb1b0d9bfd491a55c75e8,8,1,0.0,244,0
ec9ca2aa98f616d86a0efe101d401750,8,4,0.0,432,0
f5627b751268467ee6e6bb8856025abd,8,3,0.0,303,0
20068983b8723155e4d9d3e1d28b1104,8,1,0.0,230,0
33ce1ebc49517714f18c7bbda01818f0,8,1,0.0,339,1
9c347ae9944e1c7e88a2557aeaad9684,8,3,0.0,285,0
cec484855c86265c4c2bd659d1cec8ca,8,3,0.0,424,0
1246130284a8edfbcd2032cab2aba223,8,2,0.0,180,0
72888c8f6619f15482be2edfb63579e3,8,2,0.0,178,0
85f640e345884ec0c5397edbcbc892f7,8,2,5.319148936170213,188,0
75152bc20aeb84ee052243995d222b25,8,3,0.0,231,0
ed55ee2fb73969cce2a6406c80cac32d,8,3,0.0,302,0
0aaecdc2f60c4c33f6b9e71615482c74,8,3,0.0,220,0
df068fdae298d95e72b6af827472be12,8,2,0.0,163,0
12f628b58f86c2915d8ccef34b9d2be6,8,3,0.0,234,0
a09ec51e3cdb885d8fae4e00e010a70e,8,2,5.780346820809249,173,1
312ced95ac7c63d17dc709af5d5ac833,8,2,0.0,172,0
831f31b5f75ff996f9370e7ccb758f8b,8,2,0.0,213,0
8b074a4c84e1181e4f49342da879a507,8,3,0.0,393,0
0d7d72805bbd834c4e133f9c20f2fba8,8,2,0.0,213,0
971aaf174a77f1dcfb0bc924b163ff3f,8,3,0.0,357,0
765df7024b28e97f05a748d2e0d1022b,8,2,0.0,362,0
8c5871b715621f6ac93c735f9784324a,8,2,0.0,163,0
43b5e5b7d8d89560bdf6d14e64a162c6,8,3,0.0,301,0
5757bd69387a07f165d699f5a366de47,8,2,0.0,161,0
bf904ea14abe8f90d8aac351c2fc316a,8,3,2.525252525252525,396,0
8da5eda88d38e45ba1b6b5664ac09bcb,8,2,0.0,491,0
7cbc04b2a032ea5d61b33cd6b2745364,8,2,0.0,310,0
eb824a6c89b98d811c50732f76e33d45,8,2,0.0,183,0
40883fa3087dd482d86a86e0f5e0d999,8,1,0.0,253,0
9f0bf6d8bc2e9eeb0e0174619cd71e7b,8,2,5.555555555555555,180,0
98b2a2f3b41a212a550420b62f3caebc,8,2,0.0,218,0
e76d76171aa153fae5a0f375c0104cb2,8,3,0.0,298,0
ba69adb1ec4bf4e41ed76e9265fccbe5,8,2,0.0,250,0
0a1f8def96c3dfca9d9cdba2615b54f9,8,2,0.0,231,0
970778c0c155cd7ee7d1e61b63f20deb,8,4,0.0,369,0
aeb17c5c735f561d35a7e962aabd04b0,8,4,0.0,349,0
58d50f0c233df40f5e43eb2d24048453,8,2,0.0,217,0
4ade4a5b8071ea2b477fe938eeef1495,8,3,0.0,224,0
ad0490b86267bdb915e35dd0208e7358,8,3,0.0,261,0
211322570d3f18bb4f8c4cb88ae516d6,8,3,0.0,212,0
da76afa0fe71b2b2d8786b946325db3b,8,5,0.0,486,0
ea53a4aca82b8940fbdaa9f70691d11c,8,3,0.0,416,0
e1e5b5336dc77f33c8071d098e2e5ead,8,2,5.58659217877095,179,1
51c394123a2d20767eda75c6d3d7e9b8,8,3,0.0,301,0
4d75c96282827ece51ea7a2d2c21ecd7,8,2,0.0,279,0
fdb68711858d1aa684ad692baa18beb7,8,3,0.0,223,0
a74c703694b41e88af4ef3aa68254d91,8,2,0.0,199,0
fde3e14b7c3747b2f7b67f3d7de2c41e,8,3,0.0,232,0
713ccccf3f7f85f99cae0a4a3735e3be,8,3,0.0,281,0
6f8e941a10220f6a55e6dd452071c4d9,8,3,0.0,255,0
fef9218c9da0854d6ef730c39afc6218,8,2,0.0,221,1
b11d050fe100af0475b323ca755ee48b,8,3,0.0,327,0
38b327557f2e8841bb2e7898bfe404bb,8,1,0.0,264,0
f40f1a8640c7668e460c45554e6794ca,8,3,0.0,323,0
97a5fc4eadfc72d4c4a9306ccb714145,8,2,0.0,364,0
be6ca15de975488b49a6fefabeb08d21,8,3,0.0,253,0
74dbf562fbe03094fc5675cf5e6fb9f4,8,2,0.0,200,0
c4606e38dc696b3ad4bccc4162fa4b51,8,3,0.0,343,0
f8ffae03e47fe03b4b6378d9093283c4,8,1,0.0,386,0
cdba6f916920753335db20877c7b8e1d,8,2,0.0,269,0
bce20d8dd836f270e5adfd09ae9ab8e9,8,2,0.0,216,0
3b8b42447b2f64b47a7f3af2e0e18192,8,2,0.0,176,1
7bf887d63204d518061630ace92e9e30,8,1,0.0,298,0
bf6e18bd58c1c7ec786e60eb6e0b61e7,8,2,0.0,204,0
c812977a2c55157ac10b7e3d42db9d1e,8,3,0.0,309,0
2b66dc2f3b36538bc19c07dc62f5f92c,8,1,0.0,192,0
7f98364c9e87385027d6c5c4928383f6,8,3,0.0,252,0
22dffaea7c069c257c128e921b52184b,8,5,0.0,491,0
b87f035937e93cb34f71a44e2ffbd189,8,2,0.0,324,0
0574655398967f9ef240d7dc409d4d57,8,3,0.0,359,0
392aa88f278c9a0ec5a76526eb280d24,8,2,0.0,443,1
777470a45c5ab9fb07ce4c28402b1fd3,8,2,0.0,199,0
b8a322edb1c094eaf2eb7bd8a3d68eb4,8,3,3.1645569620253164,316,0
e503881a52a9909817270b1b0a10b20f,8,2,0.0,275,0
5bd0d58d01ae703e379e724a49efe7b0,8,3,0.0,324,0
3534537194e61b97d9dc801b94b5094e,8,5,0.0,470,0
9771ff020df9e871a7ce01eee9ce867d,8,1,0.0,341,0
b16c6e8699d454145b3762c0e9fce473,8,1,0.0,223,0
901d4a211d7bc0e0628b8770bba3b687,8,1,0.0,176,0
3bbf486e75d31c54888dac4b37a14443,8,2,4.716981132075472,212,0
fd648514b44fa292e7fe7397234a5285,8,2,0.0,190,0
08556155179ce44a6a81443fee1f53ce,8,4,0.0,448,0
8c8a27508c941f3aa4537cd8ad63359c,8,4,2.4096385542168677,415,0
85bac756c65f8f88c940a72990708814,8,3,0.0,294,0
b7a1dd7caf7b4fbd74c60cfad87903cd,8,2,3.3444816053511706,299,0
06cba7d6d79d671f908f312f0878a04d,8,2,0.0,274,0
f5a212e4cc9b3520f34273c2aeb59649,8,1,0.0,203,0
63accf6b8d6df1b1d86b94f4ecb6dbc3,8,2,0.0,186,0
5fb79bcfcd650e48a53b7b71bb2dbfbf,8,3,0.0,579,0
48177a6fb8c70ea66f9ba44ec7240531,8,3,0.0,208,0
1e95719324cd615c1b8f69d1efece14b,8,3,0.0,366,0
d46856a34cc047a979782436640fac59,8,3,0.0,306,0
5a29f4f73fd6aed08609b525498fcd36,8,1,0.0,367,0
0f6e613e0f804c5c319ceda6118155b9,8,3,0.0,239,0
4718746be7d4039091018c5b3440ede9,8,3,0.0,325,0
bdc844b97d19fb85d54e0a24dd34b5f8,8,2,4.444444444444445,225,0
8ff75d1c0a3adc79aa97aaf9f29fc8e7,8,2,0.0,190,0
76baa4fc730a34b8504ec19b646c210d,8,3,0.0,307,0
a7090d25171acfa5f4cda129b7af7142,8,3,0.0,259,0
8a8ee83aa5d08d9de46acf78613e4672,8,2,5.347593582887701,374,0
e0887201e180fe7d596401ebb26ccd92,8,2,0.0,387,0
b8ade220051c0711e3c349959d758d25,8,1,0.0,327,0
a404020b3a07d97b7969dbdd12bc5583,8,2,0.0,280,0
4e5a1927b7c31444057bc850aa7d43ef,8,4,0.0,396,1
2796e53596eb9d64567915c1558e7213,8,3,0.0,212,0
2740f66dac0c16c58e2e5156a3bb304a,8,2,0.0,465,0
6bbc057c6f087aa9f2fb47ca0337c377,8,2,0.0,161,0
2ac094047fcde7ac12b77281af632183,8,2,3.7735849056603774,265,0
3fccec6abb1656640909e407b5d4c030,8,1,0.0,327,0
2f977cd59c11934be120e13b74f9eb44,8,3,3.4722222222222223,288,0
6de23704ea38bd230fb82ed25477a4a5,8,3,0.0,252,0
1526f177664d4b9a8036a9d571354447,8,4,0.0,421,0
8b2eae2b4a1d29e99e3f9022f6355b53,8,2,4.566210045662101,219,0
2bf52e7af380c73061e1bcfb85593bae,8,2,0.0,180,0
5c48abe6e28e95ed8e7b85a382687071,8,1,0.0,214,0
5fd7a47ee3035a9b0252a09ff5202c31,8,4,2.5380710659898478,394,0
ff8af3f15f96f08631071a62b7b17710,8,3,2.5,400,0
ce0f29041e339c077df8bf0d7d68138b,8,1,0.0,714,0
53a2176097ba996ee38d694ebaf4c86c,8,2,0.0,341,0
704c7c84553ed34843a0204c1f7317cf,8,2,0.0,197,0
31eb37f0dcf46059e275a810ca9c2576,8,2,0.0,153,0
ad5597ad6294c9452c1bab2884963d20,8,4,0.0,334,0
f2de4a5e35b4bf60c5ba656b86806f04,8,3,0.0,218,0
2727c43443c0b0ce74a460eea321b8e8,8,3,0.0,271,0
191e288e3580120d125ab413d9066300,8,2,0.0,205,0
2f34def3fbe3d31d53968c0784f54768,8,3,0.0,244,0
bede448424a2304a0399394d52cd1f82,8,3,0.0,327,1
4b2186cbc326c929de9c6fbb52aa2c3e,8,2,4.184100418410042,239,0
370402058625f78f96203ac3b5981bdf,8,3,0.0,301,0
04b2243124203bbe1a9a8fe37e1ef745,8,3,0.0,393,0
a458b0ea64a8de1e291a760d1b0c38fc,8,2,0.0,267,0
b82db23473a5f11936963e026f6cd234,8,3,0.0,248,0
a980c64fe6935ebf71a28ae8a149463d,8,2,0.0,266,0
4183f8c424ed51b725cee7eebd6fc9f0,8,1,0.0,329,0
9347a5183b2a09627804811396bcaebf,8,3,0.0,259,0
c1763252c14cd83b2d2b0a12f1bf8929,8,2,0.0,196,0
450f40974b55eec9acee2ee7a26d1c40,8,3,0.0,242,1
ee49fdb554bd996756ce7933bbc56797,8,3,0.0,233,0
cd9270429347dd8fb968ea096491571e,8,2,5.181347150259067,193,0
21bd2254fbd4869fdcb3740c7b6af7bc,8,3,2.710027100271003,369,0
c05fce99da854d98e623017f172ab54b,8,3,6.622516556291391,302,0
c9a7d6d93803785cc9c77494bfdab182,8,2,0.0,238,0
385bae54907e6ea94b2e31fd946acd0a,8,2,0.0,257,0
30e95f5afb88dd050e5d862cbdc392e8,8,2,0.0,209,0
4caa577fd8ca78f03eb89daa9184a8c6,8,2,0.0,202,0
a43f3b7f7d2274be25705b7ee3a3c2a8,8,1,0.0,279,0
efd2672658cf4cf85693362c94eda1e1,8,4,0.0,449,0
3873065aff715c291fe6df9fc1186df0,8,2,0.0,226,0
22f6d0faf81f37d8f394d931b48eb8f6,8,2,0.0,238,0
ec8ab2298373f5624dcd7c2a290232a7,8,2,0.0,244,0
bac81deac3cd5a9d4b1cf4600303b435,8,2,5.2356020942408374,191,0
f5f0a56d4d14846da3a49a97f2874c81,8,3,2.808988764044944,356,0
3ef2d88c299696f987095912a1d19cdf,8,2,0.0,492,0
7210153232385b8fbda769512d95decb,8,2,0.0,243,0
8701aee039baa070ed1940107e569a61,8,1,0.0,181,0
4e52ec8caaae3de0598cc4426929afb1,8,1,0.0,223,0
4bd79ceb867e4287d74611629b894c81,8,3,0.0,328,0
994d93b132077e0d9e7fea2175da25e0,8,3,0.0,267,0
a3066fda5ea42c86e49a988100e04e11,8,2,0.0,398,0
5b394e97331f0a3659c6744f15b4c962,8,2,0.0,273,0
373ecdbe1b386543b8b304013d5cdcab,8,2,3.0395136778115504,329,0
390d51812b97605b35afa42f37a97589,8,2,0.0,270,0
46fcaad64f432c737cdc8436a6cbf8b1,8,3,0.0,284,0
029dab8f4619644c6c2d5a6e55f50b9e,8,2,0.0,234,0
1b35ec4792f4d7e66e6757690046047d,8,2,0.0,189,0
eea1d53aa6f629edc308e1ba2d441f69,8,2,3.6496350364963503,274,0
a2f80deb574eaa073ee7a7d4fe26d24b,8,2,3.4602076124567476,289,0
5d51a84209c5dd239dd3e1ec31a2edc3,8,2,0.0,220,0
5a560eb7fc88650b0eaec32a765e3785,8,2,0.0,191,0
db702ae5dd2cb004627363229aa65983,8,2,0.0,335,0
2c6e359f8e5a400736f165709861ed25,8,2,0.0,236,0
5d292ded808b465941c5a72077d84ef8,8,2,0.0,207,0
250084df555ad2d33438baf19a06b5ec,8,1,0.0,210,0
f38f090978cb71aed9579444ab2f3723,8,3,0.0,303,0
36e20d855b02386f67ea0e1fe0c9189f,8,2,0.0,200,0
405413d7a7f301dae7122472ffd95348,8,3,0.0,219,0
bbded50d7e3410b0363eaa68552146ad,8,3,0.0,249,0
2474042b0346defbc96f31d8300245db,8,4,0.0,566,0
f95440510e1823972d54b1d3c39abb21,8,1,0.0,251,0
4591e17e4914a3f7dfa99241b930ed56,8,1,0.0,202,0
723c3d479a4131ccca807c62fccce3c0,8,3,2.5188916876574305,397,0
7c46c601d04ad4710e6422dd0b065803,8,3,0.0,189,0
b35d23a77858b96d2fafd24bb145b818,8,3,0.0,424,0
6a94c2070634bbeae87e3250b9f7a34b,8,2,0.0,262,0
dd34d5199157ce0e960d0fd4226e1f0d,8,3,0.0,310,0
67426d455a77a5218f0592dc25a69bc1,8,2,0.0,236,0
6556228c73a600d08b3183266134db7f,8,2,0.0,184,0
084b68f0da3dfbac141da32bd328aa6f,8,4,0.0,532,0
eba3a5ab398ca32fe9d0db38ac61b2e0,8,3,3.3783783783783785,296,0
ad57b90ce182e63afe20bf2ed88e21a1,8,2,0.0,421,0
e1a00016783e34db37068264080fa6e5,8,3,3.125,320,0
f40c1e7a424555c21e320c6d09341521,8,2,0.0,230,0
53f472f7f6cc0bec0c8a3f59374b57f6,8,2,0.0,177,0
dea8fa00278fad5044183b20c8478546,8,2,0.0,208,0
46957fef7f0c7903cf61952fcf7993d4,8,3,0.0,291,0
078d1c62568fb3beb8669bb43346d915,8,2,0.0,174,0
24c31a60c9b14244b33a69a1b8ea036e,8,1,0.0,185,0
fedc53f46e3140ea2c2dfefcdd271f4b,8,2,5.128205128205129,195,1
b627b8d2ff91b912532bfa71a8744654,8,3,0.0,475,0
810791706a890c1a41c50eda0090654f,8,2,0.0,169,0
9008b0d99d6efc6c0c5351648e1a6c07,8,3,2.2172949002217295,451,0
304f85d4f9701d6e2d5524bb761406bd,8,2,0.0,207,0
410539179b14a4ed8b984e73b7402adf,8,2,0.0,256,0
74576c524614a23bb3b3c38feb6cd4cc,8,2,0.0,242,0
a2c2ceb3924f0b97b1b049d55b2d1a11,8,3,0.0,322,0
66a3f2a1eb2ca0bb6593f17bdf03ce66,8,3,0.0,221,1
51c37d0546b3f795cc366c26e8f80750,8,3,0.0,408,0
70cebe8764818735345a200f670963c3,8,1,0.0,223,0
3a457bc0389e682a6c51aff6a9f67799,8,2,0.0,242,0
be3791196b67db71f426bf803ccead10,8,2,0.0,314,0
cab0ae791624ee2d38143ecc2cea9d1b,8,2,0.0,184,0
22c25b61247924fd65153a89a0ee8835,8,3,0.0,181,0
15106c8214b12ca554ab33e3cbdd75ff,8,3,0.0,465,0
5470e21558a83ead7ca4cf9b57e2b8fa,8,3,0.0,412,0
78c43cb71b87a17b3aa80fedc70cc5f8,8,3,0.0,305,1
5ec5147bd52f296c4627628a04c9baa9,8,2,0.0,195,0
29e27b8713c1901ab7bb468f753ffa59,8,4,0.0,454,0
c08c96e9c2e2358adb2ebdb4c0410bfc,8,3,3.194888178913738,313,0
19229c15e898fdaeb960d2b1954ac4cf,8,2,4.694835680751174,213,0
0e45da75d3f12422d4136a81e9d3620e,8,3,7.594936708860759,395,0
51e20109d986637041854fe85f5e7eff,8,3,0.0,236,0
2fb39dbe5b3b4f616a9ed692d1128c53,8,3,0.0,474,0
28e375b62563bfd70a922ba0df99ba4f,8,2,0.0,424,0
2fd24a4434f94a2cff6956b2b42bf5fd,8,1,0.0,278,0
f5964b25b8f51cf994e1476f244d7b39,8,2,0.0,185,0
205083fb850947fc0d41805a4ee0553b,8,3,0.0,419,0
83d404a56634371c690ee292ee4406e7,8,2,0.0,260,0
5900461e8e2ac1fd2b671b17ce967d34,8,1,0.0,422,0
0c30f10d8dada83f62c7adfd88b5733e,8,3,0.0,477,0
9a79da4c1f6cd2e1c08e9767cf901798,8,2,0.0,195,0
59cc179910c6596d8d3d5dce56c352de,8,4,1.7985611510791366,556,0
6b2a211e030017629c58614bf8bd6fce,8,2,0.0,226,0
9dbf371ce4beb48bd30b277e0813671d,8,3,0.0,504,0
4debea45830088fc7526e03903a301bf,8,2,0.0,175,0
167396d0b1064b482b70ff776c874dd4,8,3,0.0,250,0
5c7b57dd6442ab514118c8c3c4aba632,8,2,0.0,225,0
535fe6c651d50fb0ca1e9eb351cdb816,8,2,0.0,211,0
44f504a0bd587dcbfcfb7e2229738670,8,2,0.0,172,0
ea4d318f476c7693d4c9e8fa11098b94,8,3,0.0,268,0
7374f6031c47dd5f600c36ec36cee1c7,8,3,3.4364261168384878,291,0
f9963c41cfe73ca1d763123bfbccf6c1,8,1,0.0,201,0
9295f3d75e241193ab65e74047e4119b,8,3,0.0,320,0
0769d2130b5166fed42761d72809e986,8,2,0.0,245,0
baea07d9f8ac1b97bcb2a84645bfe6e4,8,5,0.0,603,1
ed49d1ef923bf5781908bfdd85bb52ed,8,2,0.0,272,0
62f3268b426c8eb8b241db5d7fbeb110,8,3,0.0,279,0
e62fa248b9065ad75699d544e4b2976b,8,2,0.0,309,0
705f4de436d4f2c59b44563fd51645c2,8,2,0.0,369,0
5bb5abba4d31a562489efb7f9a02cc20,8,2,0.0,175,0
f1ce91081c4b8c3103ac396f48d0c4da,8,4,2.5839793281653747,387,0
f22e030fcf0b09c8160d701d8ac2cdd9,8,2,5.617977528089888,178,1
2a656e047ffae668127d78ec6b8ad304,8,2,0.0,198,0
517b13432e92f535a422c020dc1ea3e1,8,4,0.0,328,1
3a0a1af69282a65a0aceb8236e1e4e0f,8,2,4.3478260869565215,230,0
516b5504ef2833cb119f669fc6e16de7,8,1,0.0,234,0
2ff9b6bcdbb965bc8f21e17d6e926c3f,8,3,0.0,335,0
27848c14a41c35b26665ca8001d6f4d5,8,1,0.0,188,0
9a1956a68e3ffff3df45362e85ccef96,8,4,3.367003367003367,594,0
ed02f6b4c7d9ad9a64371890335d545c,8,3,0.0,255,0
289b6fd578c1f20b86862fb24aaedf99,8,3,0.0,258,0
66c0f8c12acfd405effb12c4e3ef31ce,8,2,0.0,308,0
4bc0bc90015317c3169b00c12aedf26a,8,2,0.0,302,0
d9d25de8e35b94c8791f945280a2f63e,8,2,0.0,252,0
80e794904ca23fb33d25fa98151370d7,8,2,0.0,168,0
d71f51df8095014c11ca53f39cfcf6bb,8,2,0.0,298,0
fc95085a245c2f2c8f2ac5189eead436,8,2,0.0,197,0
ded14a62ccc048033f717e12544e8fad,8,3,0.0,422,0
d0b5af1346b0b373992fb10a45701add,8,3,0.0,386,0
9cc2eb8c2c71eb5af29f343c4dbc18af,8,2,0.0,244,0
dd79721df6436b5e2755499c47682ad7,8,3,0.0,281,0
c343cbfaa05311094067a4cca24373a6,8,1,0.0,178,0
8c262760a78ae749c43562d1a50c9a07,8,3,0.0,294,0
2a61f1d38ac5f7952140fe1fb84d8f0f,8,2,0.0,159,0
05fc723886e7c7c5871e8212e88caf5c,8,1,0.0,178,0
d05c2accf696a231eb7dd7f73b376718,8,2,0.0,231,0
f10df9871be3472d2f8d568bead3b1f2,8,2,0.0,179,0
077fb0be0b95da377e1ff0dc58a9188b,8,3,4.424778761061947,226,0
bbedf96bb0854b7fa5f72ec12a1e6e4d,8,1,0.0,231,0
df654c5cff6b3d795104424c2e2cae4a,8,4,1.86219739292365,537,0
f66e116d1bdd6b7ed31e1fa2465b413d,8,1,0.0,652,0
a8900cfd91cbad9c5ed03c7133e72ede,8,3,0.0,332,0
1c4ab9a650216a24162c68f817115bd6,8,3,0.0,279,0
38dcbe219f43d394da570ac6df15784d,8,3,0.0,408,0
79e918ef5e43c056c8175d1f248e07e1,8,2,0.0,251,0
9b49903f813ff5463a25601a25c3292c,8,2,0.0,264,0
08905025d04f730f1c0ddf74d04d5bf4,8,1,0.0,286,0
3069d155a0310b548bf4435c77d375c5,8,2,0.0,184,0
c2964446f5a3635d08e5580c9771548e,8,3,0.0,244,0
c5a726076a1ca2552846c893a235a962,8,2,0.0,223,0
7709ec9e767e626353ca04467c3f8df6,8,3,0.0,323,0
2bf520a655c61a599e587f965a54cea5,8,3,0.0,264,1
a63699f73320a840ac2386b0b174d9c1,8,3,0.0,227,0
b725d914792067845a94afd7940754b5,8,2,6.097560975609756,164,0
bd412e9e2a889b6be539741b1c75d836,8,2,0.0,205,0
af9aa691b936beb444aa26abe0609622,8,2,3.690036900369004,271,0
b5f373b7aa27a9884093aaa5b1661ba2,8,1,0.0,506,0
628bc06553af527ea145d75a1a3c8718,8,5,1.86219739292365,537,0
06cc33c01a481e83fdbf69e140df8c95,8,3,0.0,361,0
67d0067c47529f78c42e726637049483,8,3,0.0,243,0
cd55efa7e07a2c3c2c2243b0df9f57fc,8,2,0.0,168,0
784f4fad8713d04ba36760041618f225,8,2,0.0,154,0
a9e901c5adbd2a458fc41adec1802d04,8,3,0.0,478,0
0ec79c60aee36bee4512ce80759fcafb,8,3,0.0,443,0
5a58bec05c69d3abf98d9942b17a51c3,8,3,0.0,346,0
51177004b4be104f6cf624aab9509a4e,8,2,0.0,192,0
1d8466a2644f6c00f22c94e63b74bed7,8,2,0.0,165,0
423a3619d198f438e54cb385a46ce293,8,2,0.0,210,0
142775fd9cec8ca642edcfd7498d3e3c,8,2,0.0,242,0
7b58890645bfc93805cbeadbb912bb17,8,2,6.134969325153374,163,0
0e9da3358f95464311a819b2adbddd94,8,3,0.0,293,0
5839f219126c1a69401f196cc8208338,8,3,0.0,351,0
c831d23217a7b9723d435b69e06ee72a,8,2,0.0,168,0
351f650d00b50c243043c2f7810236dd,8,2,0.0,168,0
d14bd8fb57972b684b14da57f238d62c,8,3,0.0,383,0
ac810241fe74c2b09d883aa4cdb8be4c,8,3,2.6525198938992043,377,0
20064b71c366709e4395dc51001e2ac4,8,3,2.444987775061125,409,0
66e362336f6cd50448dc53bcb47592c1,8,2,0.0,355,0
f43e549030bc09644d0a26345019bdbc,8,2,0.0,226,0
3a9c2c3e4f8a37f9842a8ffc6e728b6f,8,2,0.0,271,0
53d2ede6fdd8095b865cd355f206156a,8,3,0.0,305,0
1fcb66197ebc5ffb66b56fd217965bb7,8,3,0.0,264,0
3868d4402637469a002a6e72f03a593e,8,3,3.1055900621118013,322,0
ec9de5d9ed591d3514211ebb040acdcd,8,2,0.0,287,0
d9cbb73d2ca4f3cd618f3e18e5874e52,8,3,0.0,325,0
f8d0d0572e235b20a2d7eb189533d84c,8,1,0.0,221,0
077d20a40849eec784af9cb86e3b59f4,8,2,3.0864197530864197,324,0
819e443eea903f36dc466f8ee670c21f,8,3,0.0,257,0
480374ce86e92212b53bf3f757f5ffb1,8,3,0.0,229,0
690c68e8e275156c250dba1873d75159,8,1,8.0,250,0
bdf18d628bbe55e146f6f66d325d19ac,8,3,0.0,514,0
51303863486863dc6960cafb73511b4b,8,2,0.0,182,0
370792d20e1cd619daaa123e59ab69d7,8,3,2.2172949002217295,451,0
2c9317b4f02d16c5d9fdcd8b20f719f9,8,2,0.0,208,0
efb625728196f25d05c531c96845f056,8,3,4.149377593360996,241,0
e5e40d0c2ebe4ee062c013d86f5a0e25,8,2,0.0,217,0
630073b93e25ab7f8c409403459e5f0c,8,3,0.0,280,0
e0825ee04a1b5ba736d0eed24e990179,8,3,0.0,212,0
ac2b39434a2d4380d88203ecb578c4a3,8,2,0.0,352,0
2dac78bf81750787693aca41d60f531b,8,2,0.0,372,0
ce588438283e83f8dc9846fecf82d078,8,3,0.0,386,1
730952e037b5ef821dddb7b1c2154138,8,4,0.0,295,0
5276f2a70d6ccd90ec6f6189d7a8f122,8,2,0.0,226,0
f667277555cfbebd60a72fa9eb3720a3,8,2,0.0,185,0
8805a7e88973fd83ab0893df38952d8c,8,2,0.0,172,1
f3adbc7609b3ea3d5bf6e78d97b9ca81,8,3,0.0,470,0
f269c786415ce8eb83b6023566c1c30c,8,2,0.0,189,0
934e8f640598a18146615ffcf316bb6a,8,3,2.73972602739726,365,0
9c9220d7d0e51c3576694523cb581fe0,8,1,0.0,331,0
0b4f9a2e9096ba608f4069e2389fc468,8,3,0.0,368,0
127198480b87e7225632210334157d23,8,3,0.0,429,0
47d4817c83c50ef194bde76abc38e14c,8,3,0.0,314,0
42ff6f3c7561ed7d34574191c84eba52,8,2,4.854368932038835,206,0
e5958553aa7ae461054a962559c80b22,8,2,0.0,160,0
c662d3d42b5880f63fdcf97e0f1ffc07,8,3,0.0,349,0
3c81babb2e9362602b172455ed69c645,8,3,2.9154518950437316,343,1
2a994b516068f672092fd5020a54a9ff,8,4,0.0,342,1
b988c7e8ded7e66522393656b924051e,8,4,0.0,490,1
f95160cf40b7bb03abcbf40385aec2cf,8,3,0.0,293,0
62b476909ea8229bf0b21dbebb8ca57c,8,2,0.0,318,1
4fdf6675ff85500969d3a97fbd4e4214,8,4,0.0,398,0
d055fd90b9cf47f9298073ef2f5f2630,8,2,0.0,179,0
bafd3329034523e76f6b2d114d588c14,8,3,0.0,260,0
23cc674b16d72a23de7b7445c2c2d5fd,8,3,0.0,270,0
f60342c91aac03242f31822f243ac7ef,8,2,0.0,289,0
72911f4436dc755c8ae721ac7850eb55,9,3,5.181347150259067,193,1
fdd3b8ab29f9c4938e6d22b5a69bb94b,9,3,0.0,356,0
c79bd3516984fef09bcc705e1d2cb0c8,9,3,0.0,213,0
37d2d538327ac5d1bb6e50d8908311d9,9,4,0.0,296,0
fbc6e9a4897a05394d7d76a5192e3d4a,9,2,0.0,268,0
2b8df37b2d71226657cdcb181f5b5266,9,3,2.793296089385475,358,0
a196133cdd32317b4058740e12d42ecd,9,3,3.90625,256,0
1f18f23f4204425d86d8429889cdf4ef,9,3,0.0,293,0
edc089ce9110ae11f1e2f57d74339475,9,5,1.6051364365971108,623,0
3de0e7bb465d918d0ae2695c457dd896,9,2,0.0,186,0
e3dbbe2e54b43b590a1b4f0a30e23165,9,3,7.722007722007722,259,0
72f0f7b3d51f62fb76e6d7bf76849f6d,9,4,9.25925925925926,432,0
3363614e4cd2a4503afbbb7060562fb3,9,4,0.0,346,0
b4beb84b9856f872a70ea2ec67bc9166,9,2,0.0,260,0
b94dc38a253426612d0d75f8306bd6fb,9,4,0.0,560,0
b65893d282a01fad0a678d9b93d83700,9,3,0.0,249,0
0b67e2ce8229a79f6967368a82c71962,9,2,0.0,217,0
e8364a133a2260ca67c637fa36bab934,9,2,0.0,244,0
59d35d49aae10657d999957572bdb9a0,9,1,0.0,266,0
3bed8929bde1903b1992f64e3e71f817,9,3,0.0,327,0
81becad4293c8066fb73fb7d5aa7482b,9,3,0.0,261,0
b2397ba27a97f490f531e0b1427b10a3,9,3,0.0,362,0
d7cbaa9e0ad73f288a5f5431f90b2a43,9,3,0.0,294,0
dc1eaa6ddf8320c7b2a3f4480676ad8b,9,3,0.0,273,0
76777226c6a69e16ac20a7150f4cbd75,9,2,0.0,193,0
0465530f4bb7f5fc7e87c519fbd5c9ba,9,3,0.0,446,0
50ee02130b4bfe267733e29adbb7361c,9,4,0.0,431,0
904ed2546321f98e4bfdb8f9ee454b7d,9,3,0.0,256,0
c8c52750763c2237749eb6a37542ebba,9,3,0.0,243,0
784a6810424cb31e366374c539c6f8e3,9,2,0.0,154,0
e249b52a6b7f92b0f0c8662103b6072d,9,2,0.0,281,0
2ef8185404e9793c66b225c2e336a59a,9,3,0.0,298,0
3f648f530e4827338cf93167fda34965,9,1,0.0,291,0
511a3b33c06cb099425c4b805ecb14c2,9,3,0.0,278,0
3a005e51ca7524c968e4ef75e7e65758,9,3,0.0,314,0
25e289d4b7cd7f52a2f9aa98a864b9c7,9,3,0.0,280,0
98fea270358c19ee66200aa9958f72c1,9,3,4.032258064516129,248,0
84d59b69b80a845bb358de3aaea92e12,9,4,0.0,440,0
9dbcb0c018da721077d2e0df8228a975,9,4,0.0,325,0
82b19606d0eabca7c30d1d48abcc8c80,9,4,4.405286343612334,454,0
4f63f82ad9900f69ad18faa19d0142d2,9,3,4.3478260869565215,230,0
7a5c622bcd3439aec0924b0bf715da73,9,3,3.115264797507788,321,0
5a44e4dd6c09e502329e3662bbedfb31,9,4,0.0,483,0
7c435ec1c13a4c991bc7f9c3b1f852fd,9,2,0.0,295,0
b2b1e46fd5973c28e386f56d2b0e3707,9,3,3.9840637450199203,251,0
795ca14792952226b5f6204fb7110879,9,2,0.0,195,0
00889d7f07f363278877c8d3bd1f5038,9,2,5.347593582887701,187,0
8bdf1cf854883d9b816184a39eab0b9d,9,4,0.0,352,0
8118bd7d75b4a50937d361ac9b1d1360,9,3,0.0,190,0
a9d2ac9779f389875fbae5a870a942c8,9,4,0.0,363,0
8ee7c06ce0c017e81e088cf5a67c4d05,9,3,0.0,382,0
29c09fe027b0b31e5760851844db9d34,9,3,0.0,218,0
a795b2b7f2b35e4a59e94b493c5b8d8e,9,4,0.0,441,0
91526833f343be8709ba94705b073928,9,5,0.0,391,0
2dd1fe8b2c62edbd16e1bd33c62ae91a,9,3,0.0,413,0
611a6aae57f53e691eda43a25a461612,9,3,0.0,304,0
7f459a9e4fdebeeee0b21b5495bceddc,9,3,0.0,260,0
b607d37f003ec243754dd1afa30e7c62,9,4,0.0,326,0
2cfed19a0c3d4452469bb4f81689e7d2,9,3,0.0,411,0
fe146486b6f20ab38f1db7ec6278cfa9,9,1,0.0,203,0
d81afb05aa89a93db377c68faeba7e2b,9,2,0.0,216,0
48dd0f3d68a9139197afba430ab6478f,9,5,0.0,509,0
7019b98e66104eb75835f09e8024e39c,9,4,0.0,542,0
3786cbd0d9cbb43bb25697823dda4cf4,9,3,5.524861878453039,181,0
aba857a46d7854f85eca85b995c4cdd8,9,3,0.0,301,0
6c9d45bfc1247b0e6463e874c4dbc122,9,2,0.0,214,0
46165644af385b1c4d9e508034405ee7,9,3,0.0,243,0
d42a4f1fbf2167df3a7856b8f87f35c7,9,3,0.0,234,0
cebbc53de5f167487a9f17b2c697fcf9,9,3,0.0,262,0
5d3da02c6350accc6d4e47b202ab25cb,9,3,0.0,308,0
1d58356ba50536c624f3663d34de35b6,9,4,4.291845493562231,466,0
2331dd991b4b905c75c90587775f7061,9,2,0.0,179,0
29bf9713dc7235cf171771e45b0b113e,9,3,0.0,360,0
1116d8991af5c449e94f0b7a06d85145,9,2,0.0,201,0
d92c396cece29b6314ecc582c0458ccf,9,4,3.395585738539898,589,0
a688dcb02dbcaeba49f3706712a07ed1,9,3,0.0,305,0
db9b4e2e5512b93782d31af127598057,9,4,0.0,283,0
4089b6cd8c968cc6274b5849e3cec930,9,4,0.0,495,0
ff8a07e6898a5b34290226ec21b8cf1f,9,3,4.016064257028113,249,0
be969037ed0d34a29ff1acdc3199602d,9,3,0.0,230,0
9fb7529740270140e3dd2db8522c78ec,9,2,0.0,282,0
08bd9e7dcb04a48b44162ca29d10aca6,9,3,0.0,239,0
da7d78c4f73fa17c476873d82662d54c,9,2,0.0,191,0
13ff654593e14b9b186cdd6325f15294,9,4,0.0,324,0
eebcbe63ad4010a9284b23ef0b5c1a6c,9,4,0.0,410,0
8dd1b0e6e105e7b28812e2c0d6336943,9,5,2.1413276231263385,467,0
4733b1a5319ab5bae621508f45c981b9,9,4,2.857142857142857,350,0
7407c174cfd29e73a5b94f4968c27ee1,9,4,0.0,664,0
f606e40ffe3fa4c630e7273b86ee607f,9,3,2.9585798816568047,338,0
4bfcfc1eb38773176f8a005751a51aea,9,3,0.0,306,0
d65799d17de5d9611189ba98dc213d79,9,3,3.2051282051282053,312,0
f1d7f1b566943b631f83c0fb9226ae5b,9,2,0.0,225,0
9a173d0cbc7049717447304c2b90737b,9,2,0.0,188,0
bba672e0d5312c5e9434567729ea8b26,9,3,4.651162790697675,215,0
bfc2201d43a4320e35251e43c1ba414c,9,2,0.0,209,0
706326a90d07ab8fd1a7139482c1bcd3,9,2,0.0,256,0
fd265c4b148de6db5dec74ef9bef3f8f,9,2,0.0,327,0
4eca88bce1ec6a46429f667ef42043bc,9,2,0.0,260,0
2afdf26d71dc413b4f5ce7df4db549ff,9,4,0.0,413,0
2ab18b1b72ddeaac90c9e07b69e55c47,9,4,5.524861878453039,362,0
7bc974673313b7042e467af4838a351a,9,4,0.0,273,0
950d215995df092cdf7263c278aa2ec6,9,5,0.0,463,0
2133b10d25b64c93b330926b23629a83,9,2,0.0,285,0
2cdba32df478543c0773b6565e466173,9,3,0.0,307,0
9638e5bd6c925863b3e61852bfea9933,9,1,3.194888178913738,313,0
ca0b6d1c2dfca88393e92bc192a75a41,9,2,0.0,223,0
fffa4efd9178c24a7d08ef35896dc3d2,9,2,0.0,188,0
c33612899f0d8d575940fde6a8189273,9,4,0.0,380,0
2120d7f41d4c6cd3c643d6e8c0a526a9,9,4,0.0,290,0
10423beeb8cfbe51387eec0b73bb853c,9,4,0.0,378,0
7dbde959fb580c131c58383031198e23,9,2,0.0,240,0
2ee48b553456b703b04b49d1f98edce5,9,4,4.716981132075472,424,0
bf99b5ea41b8535cd1c892adb319be56,9,2,0.0,182,0
51776784c93e983feebbbc57f83df217,9,2,4.566210045662101,219,0
2eef44829a15e41eb1d1f4a28bedd6ab,9,3,0.0,265,0
3f248268542c3bb2107b2a59b7c65dda,9,3,0.0,286,0
2b0e7da8b40cc9d310acdda49e8a7c11,9,3,0.0,331,0
1604b91011d05ca79242ba5fe178c043,9,3,0.0,219,0
1fff23b0bff7e28eeb1c13e2657ae868,9,3,0.0,379,0
0c83e02f61fff73bc392c8b3214d9348,9,2,0.0,218,0
ce89206117990e1d99b12475d191ebed,9,4,0.0,385,0
1d00b7e08ceac174c35bbb982ec34bb8,9,4,0.0,417,0
9b79959fa4e63d1526d5ca3e5b7c6cff,9,2,0.0,278,0
733f4e9409783ec3bb5fa630a280cc3b,9,2,0.0,171,0
6b2c4ae28f6e9763c2350e7efb69ccff,9,2,0.0,249,0
b9ae24451884c4b43209ae5bf58ab33d,9,2,0.0,246,0
55fd1526aba29dc70d49e17478b5aea6,9,4,0.0,413,0
c48de9a044feef6bc8f61f3f86fa013d,9,2,0.0,228,0
1d229d1ce05f8c96e434a346181c37a2,9,2,0.0,228,0
8004c80664791cc28ffedf64cf2886d5,9,3,0.0,319,0
570d680a0565d6241b070baab66a871e,9,4,0.0,615,0
61d6ceebc6540413975691ace000fca3,9,3,3.278688524590164,305,0
7a85dbb38f33c42abb13839bd44c454e,9,5,4.672897196261682,428,0
570854d244b4aacb8a934ee6b55f6e88,9,2,5.405405405405405,185,0
7de30ab46f5fec81a5c563e2cc7ba2e1,9,3,6.968641114982578,287,0
b1cc81b779de99315f6c5ba1984fc538,9,2,0.0,203,0
dc56a1b75c1179791930a35560505eb5,9,3,0.0,224,0
52773f817109fa00c97a01f4eb572fce,9,2,0.0,237,0
f0f52c7b7126542e282df1d1b28eb377,9,3,0.0,327,0
ee8c628628000855adf07a630508a87c,9,2,0.0,278,0
f04e00013e74397c4ab1c9334118e397,9,3,2.7548209366391183,363,0
71760977eb0f798ffbaf3ea350819138,9,2,0.0,228,0
ffd98f60049655b16654a80d81be6f8a,9,3,0.0,269,0
22c2ceb15479e7f353e1ef27d3e36b55,9,2,4.016064257028113,249,0
1c841760a9b2560400b6bd825e0e1b8b,9,2,0.0,173,0
2b17cda5fa6348117dc23a447cc8a1df,9,2,0.0,285,0
a18dd6aa4eade750bd50ca59867bce3d,9,3,20.833333333333332,240,0
f2b3d39476773bf0137859c1b926bd74,9,2,0.0,270,0
366b91f45786b21e9f3cc404c2dff3f2,9,4,0.0,491,0
489befa805569fda5120886c28666b51,9,2,0.0,293,0
1847aab320d3fb2beef418c89a96d41a,9,2,0.0,290,0
7e405708fc6d1a673a4c95d0967c3a9f,9,3,0.0,403,0
36534ff999f58ba42334082bb4fcbe90,9,2,0.0,186,0
0adce4273ffbde04ff2ff487869d5b79,9,3,0.0,252,0
f4d866b78eb2dc898eaaf859ca3dccb1,9,3,8.097165991902834,247,0
70e905e1e9fca3251178500a3c4818e4,9,2,0.0,244,0
e6be01ab629302b7ef40c954d5351221,9,3,0.0,185,0
04d880c5b924b9f66a609e06d6530133,9,2,0.0,222,0
93d1f9e6c2d8a49af0439c64eadd2787,9,4,0.0,304,0
bcca5a92bdd0e8a719f2be7d5be1dba1,9,2,0.0,231,0
f2ad17117892c30dd3e722e6521e5b39,9,3,0.0,397,0
b366b52ea848dd3c0cbd4bdfdd183b9c,9,2,0.0,322,0
dabcbe88200d8777b0bfc2e6bb2368ba,9,3,0.0,277,0
1fc4cf0c12200a9cb9f20af29e796cfd,9,5,0.0,825,0
ab58c2b9aaeedad6d8a83267bf39d783,9,3,3.7593984962406015,266,0
3d57299401037bda070d03e297a70554,9,4,0.0,280,0
cc3b8eaf02ba5546fed455023580268b,9,4,0.0,375,0
984ade4f963dcc1c3cef2547b096038b,9,3,0.0,287,0
c6cca7ddeda271c9644d1023cb60bf29,9,2,0.0,176,0
c59f798664a73dc261048d8c2f2f99b7,9,2,0.0,156,0
accab5a6e0df6b0667ff2f664af369a9,9,4,0.0,432,1
50b398c094642308c332c1fdbc2fd03a,9,3,0.0,353,0
0bfd98c26e0db255cae07362adb094cd,9,3,4.385964912280702,228,0
942c5f672db3599b580f988457ce4466,9,2,0.0,169,0
50fbb4c61d1833a0f1164b1944f883ab,9,2,0.0,194,0
4a7b9fd04b45bde0870846d6fa0677f7,9,3,0.0,247,0
a909e4e32473a05efecbf2e2b710eb83,9,2,0.0,250,0
6a3306be623f2dd2226a0ce07ccca6d4,9,3,0.0,260,0
ab88731bacda8741fd2e13190387122a,9,2,0.0,158,0
2083478c635a283d406d59f9a4bbd320,9,3,0.0,383,0
12ee79d7bacbfb1406d8ddc2a3b72e66,9,4,0.0,422,0
711ec7b166ce8e2c8dfb90ba33b03aed,9,2,0.0,189,0
45aa473f41899ffcdb0687afcbe0f8f8,9,2,0.0,155,0
db660c350ed665823f25c45afd0433da,9,4,0.0,293,0
39354e286e7292d837be68b2afc0a1ad,9,3,4.651162790697675,215,0
c0410d372073c514705711a8ac9a2577,9,2,0.0,210,0
6d90005f2cbdf232fd68592bd56bfbcd,9,4,0.0,535,0
c25d5ac820074cea50aa663877e70f2d,9,4,0.0,537,0
c916b2e9872ae4ce2358adbf909d29fe,9,2,0.0,259,0
b2271832faf317507eba3cdf8c52859c,9,3,0.0,245,0
b579b5410611d70589f2fd3bc75ee931,9,4,2.336448598130841,428,0
12d8353c81de25c09cc96e2c4ca7a38f,9,4,0.0,430,0
b1d52992a9586fdc2d2378a794b98e73,9,3,0.0,272,0
55cf4f70ce4d228c022ddd279fe7e53d,9,4,0.0,284,0
fd895654fcadd601f6a0ee98a3ec19be,9,3,0.0,254,0
02b92665674286633f89999a7beb38f9,9,3,0.0,340,0
3ae540357caf760db08e3b748cb9255f,9,2,0.0,193,0
95e81945bed7260c555f8006c85b92ce,9,3,0.0,273,0
ad64246eb6ffcdd1305b240d0f4de39b,9,3,0.0,239,0
eae26587f3af56cafa96bc0d36230b6c,9,4,6.0606060606060606,330,0
2a5975ee0e0b433390f337427923b8e8,9,3,0.0,208,0
9e197ce05098e96a5129244e42408df1,9,5,2.824858757062147,1062,0
8261ac480102d16aa11d3c3bab7ac52c,9,3,0.0,305,0
5665c37ea35844d192e82132879f5420,9,2,0.0,176,0
660b6ff086dbe79ac9e4798cb2f82944,9,4,4.545454545454546,440,0
788b433dc2675005ab44edd4e848183f,9,2,0.0,258,0
ecccae834cbf90b6f2b4da4db7b4b2b1,9,3,0.0,212,0
e1fb9baafed670d7b10daa79752e7c5c,9,2,0.0,310,0
c46d91a7ede108c0d36f6b6e095cff5c,9,3,0.0,245,0
cbb77cd7e905d04e92ba2a628a16a53f,9,3,0.0,225,0
9d9fd839d439c20127283ed6db70a2e4,9,3,0.0,289,0
b41bd810399d381571514caca6881e11,9,2,0.0,185,0
39bc3711f32b211e090b2bbe3ee64316,9,3,0.0,218,0
2a2e10ab0ab944c711c0618a415ef6b1,9,4,2.4752475247524752,404,0
20554e7b1b8617ff1cf986e289aeb261,9,4,0.0,254,0
b4b86f6a176ebb6304667ad1f9de3198,9,4,2.386634844868735,419,0
3dc2b94777983e3019bf48764d61f70c,9,4,0.0,351,0
cecf033d3a10166fb7f380738f7a5aa0,9,3,0.0,318,0
bf7f6276cdb64d590c93568513d9776c,9,4,22.058823529411764,544,0
41d248a455b002109ad73bda4cf0b7a6,9,2,0.0,183,0
06985d495059df86f07aeef0479eba24,9,3,3.875968992248062,258,0
aa380e8d966d8e0eadeb81751a157d0b,9,2,0.0,232,0
30c54bb3916256ea0dd0199778ce52c8,9,4,2.2988505747126435,435,0
3fb214a8dd2b6e1c6874e0937d2e9318,9,2,0.0,170,0
fbf21b9a4c0200d57bb664ef89c3617e,9,4,5.9347181008902075,337,0
c1dcfe76a0b24fc0aa052cf60824592e,9,3,2.6595744680851063,376,0
ec76fab552d8418b04610f548f5fcf70,9,2,0.0,170,0
db8d9694e1a621b70c1d6ba373e0224b,9,2,0.0,160,0
a6edc6f9007f2a26758192e2744b176b,9,2,0.0,194,0
a449ded85d63e0f2202361d0e2d40bc6,9,4,0.0,333,0
6f3919a4078957d51c975989371887ca,9,3,11.904761904761905,252,0
8df77e2dbded48c87ed87e777ec58f1d,9,2,0.0,244,0
96a04777bd324bf0f0fc1ddce1710112,9,2,0.0,326,0
48d25be8b0294a4ef21ca0720bbf38c0,9,3,0.0,547,0
226ebab2157699c1b13bd251f3afac8f,9,3,0.0,316,0
640d83995eca93d9bcd1406b87b1e299,9,3,0.0,416,0
f0128f4cb8a2f82d3da21b7ea0c096ed,9,2,0.0,396,0
d303ecf35e7adfe173f3603d8757965d,9,3,0.0,248,0
17c46f9e0df9ac61febe83b358ae5646,9,2,0.0,253,0
cc084d7656606f14aa7564656daa3865,9,3,8.928571428571429,336,0
2c5c18117107bde8ac053349350cf1d1,9,2,0.0,180,0
0f2f431335442707a52579560fc0e2f0,9,5,1.9083969465648856,524,0
5caf1ad14932521e4d2a31b7e51fbfa4,9,4,6.116207951070336,327,0
f4c989cf7656bdb7adccf8deca04bcb0,9,3,6.211180124223603,322,0
21c2dc2bc0c29e152c8fed6ec0ea9e1b,9,3,3.508771929824561,285,0
34958b59f76367d6ae7864a8ebae65a8,9,2,0.0,398,0
5af67ecdbe2d1864f1145ad4d40ab05c,9,2,0.0,198,0
1660a710c069e6ac0ec9d94464d49a33,9,2,0.0,162,0
b7ce84b56e04c1b5534c18aa25c0b6a5,9,3,3.367003367003367,297,0
8e8f4d0d44cd1c3c05546be7918c608c,9,2,0.0,214,0
4d222191a0e6f5356f47e1ce9e5204f3,9,4,0.0,261,0
a5f9a4fb7dfa2c8f480146de9effa0a0,9,3,0.0,375,0
d3b59411bb8360029c7c331e28ba73d3,9,3,0.0,284,0
bf1ba85329c107f95f4e7d02e41a4662,9,2,0.0,201,0
90fcd2ae80fdcd51974c42dcb42376f9,9,3,0.0,209,0
b2ec721bf9b47fe1b210c612830239d1,9,2,0.0,218,0
7912fadb027d500f0bccbcf1114e5b89,9,4,0.0,482,0
8853dcc77d79224c5892ea9afe18d26b,9,4,2.793296089385475,358,0
8518ed1fc868484d7af3b7155f8c4cd1,9,4,0.0,383,0
489acbc2f5521f8b88388115b429f16b,9,4,2.544529262086514,393,0
ad8ebcdd0e192cb23c809753087bfa6e,9,4,0.0,603,0
0cb021a636cb72acc8af9e7d3c55b09c,9,2,0.0,219,0
dc4732aefea7635bfb08a67f2976285d,9,4,4.88997555012225,409,0
d86f9a1ae5fdf4d7f12677124fbf3000,9,2,0.0,186,0
b2d6b49d302d86d300483789705028f4,9,3,0.0,364,0
b60884fd0b20f5d9142881a8606cae41,9,3,0.0,256,0
bbe0b5b9fa76b314bc53261e7f6c9a48,9,2,0.0,157,0
4f6da0ec9e329785054f78b2620bf94a,9,3,0.0,330,0
07a3cc093b351aaaff58895300808ed5,9,4,0.0,342,0
3354c5627e6f47470e83c23b6a38e282,9,2,0.0,204,0
67a0376189e06beeb5f2ce1a8736eaec,9,4,0.0,435,0
b86040da1c19c869d6b3ec19d0fe35ac,9,3,0.0,204,0
2687cf29d42edd926c24de41a6034fa7,9,3,0.0,315,0
92033b6c6cc34c27eb212beefaab2af6,9,3,0.0,209,0
90040497bdc7662d4f64e539fc38511e,9,3,0.0,363,0
7e672caed67311ef92aabcd51df73c73,9,2,0.0,173,0
3daf9010a6dbbf672f0f15148860ee17,9,3,0.0,189,0
d321dbdf3cb3d0b5ca57276a0d623d22,9,2,6.5359477124183005,153,0
89948461eb91b163de2605a983d01bcc,9,2,0.0,197,0
0de4534a8d45d3bedd755ff02eb0b4c2,9,2,5.9523809523809526,168,0
8369835ab325f91e457382818fb46b29,9,4,3.5842293906810037,279,0
da6469e613c28da8fef797e1a4e07d28,9,3,0.0,256,0
c305b44b998a6e33fddc45fc823de8d7,9,4,3.2467532467532467,308,0
5a1b19809c309c0974f452ce102ccf00,9,2,0.0,245,0
29cb87b02ebad4e78b2860429fa6b671,9,2,0.0,244,0
b2877a760d384c0c4a479bf2ca877f71,9,1,0.0,161,0
dfd2efe1e099d11d59b4666b3259fc83,9,2,0.0,236,0
c09a5c6c15b557ccee489584d9b1f403,9,2,0.0,228,0
51f87b9d0cb462061e4caf1fdcbc1b51,9,4,2.512562814070352,398,0
3ee419bb4c21302beecd6eae50841f23,9,3,4.184100418410042,239,0
40676b56356afcc828709ea1feb73913,9,2,0.0,330,0
694d28e96e596653327d13454c5f9b58,9,4,0.0,446,0
3188d89a726899738350ea221c6bf549,9,3,3.115264797507788,321,0
a69867d6f028f825db8dfbeed3d43d88,9,3,0.0,182,0
50660fc2e57da2468aef22335e273aca,9,4,2.5510204081632653,392,0
e29b0782c1e2c6f4650d56f1ff1583f3,9,3,0.0,205,0
0a64020b273d10051ab102cae5972c89,9,4,0.0,343,0
cf04b209edfedd2b5baf2db0b2fdfd74,9,4,4.49438202247191,445,0
a158ddf0a5f66a68da64cbd76785047a,9,2,0.0,218,0
db10ab3886c9de1c485c86f2a9e3dc67,9,2,0.0,260,0
990cc0c508f69d99ca309cb0aa4322eb,9,3,0.0,332,0
f331e46e03f7a86fb755d93eaa70dac5,9,4,0.0,428,0
13029a9f966d7a5cc5128abee311efa6,9,3,0.0,278,0
41def70682a22d75bb98b53ea4d8f381,9,5,1.9920318725099602,502,0
4e6e18aa6a67e13cb5f2b37187578d2a,9,2,0.0,206,0
778b598bfefda617971edf6225e707c6,9,2,0.0,161,0
efeef0666d48355e5ebdde83844c8e6f,9,2,0.0,168,0
d681d5e45f6278fedb3e5a81a1b73b1e,9,2,0.0,280,0
8e4b0626f10c5bee8bef8f9a256e93a5,9,2,0.0,165,0
f6cebd4b067e1b57e1e0ad3c578b6680,9,3,0.0,524,0
98d4b06e85381b99940a48ca1542a399,9,2,5.9171597633136095,169,0
dfd843a94f38d22859106f89c6f3aab8,9,3,0.0,231,0
aadd0e5ed77298662fafdb283175b522,9,2,0.0,497,0
cc6dfdf49e238643e500999929feecf0,9,2,0.0,179,0
21dd9521d1e836c1e064b9a90d0c1639,9,2,0.0,264,0
e28b232b63d5a04a2aef2baea03e0631,9,2,0.0,318,0
cb80843e15e808d0a101260a38d3f6a0,9,3,0.0,399,0
6bc9a7c1c6f44a5eca4987c9d005b8c5,9,2,0.0,196,0
70fc88dc64ec2457fd15af877c928123,9,2,0.0,227,0
69b2876d2137529e910ed3b9d6a9fffe,9,3,0.0,276,0
2de9af2fd00901cda4fc98e265177995,9,2,5.46448087431694,183,1
badafcc1422dce54045ca682297df5bb,9,2,0.0,152,0
948c2bed1e34c98cf88ee10db5d4993b,9,2,0.0,165,0
f5866ed331f1e9ba95517dbd76d7e111,9,4,5.2493438320209975,381,0
24bda9c8bfb08e2bc0cc2673eefbd1c3,9,2,0.0,242,0
958e789f9a1bd1c4233bedb1367ec5b4,9,2,4.184100418410042,239,0
4e2406ce2be7bd120b6266dd41af7ab0,9,3,0.0,428,0
93b8dd636eecb65c9dd84f67a6c9489c,9,3,0.0,343,0
518429cf0a5c28f74d22ae10e39cd0a9,9,3,6.25,320,0
6f9112aa7480f5c2fd95f138c3bdfb2a,9,3,0.0,314,0
f2c785a16fd79dc416b133c0f2382a2a,9,3,0.0,297,0
a6d49330ff566ebc8b782780f1f164da,9,4,0.0,284,0
a8a131fa2e849c1d481ce7805f102d5c,9,3,7.722007722007722,259,0
32675e38e496acf61f08f4f345e434d7,9,2,0.0,286,0
4bb0ac7e7466e8b9d6f8a70cb79c4387,9,5,1.2254901960784315,816,0
d9a0fb5609ba5393614559454e803d1a,9,4,2.6178010471204187,382,0
a6e0190dffccf145628d9a3e3903ccb1,9,2,0.0,187,0
713e8fb1f551050fe4226826bcfe12db,9,2,5.882352941176471,170,0
b1e5c65beaab5d1a95f6d76e3b8f8c35,9,4,0.0,408,0
2030426c6516924b1fa60534632176c8,9,3,0.0,280,0
86682955c7adcb3ecb6ef2bf57a0ef3f,9,2,0.0,217,0
3866361d6a66acc954a92ed48c9d1b80,9,4,0.0,300,0
0958ce6ed9447f136f49a2cfbed5c095,9,3,0.0,326,0
ae4c03d8aca389b7e77a0465c6f31e9c,9,1,0.0,237,0
2e8320501f17d5aa38fc40460a4dd625,9,5,0.0,769,0
79cbf0b457779dcd970fdc74737628e8,9,2,0.0,214,0
804b0266562fa0ede3cd0bfec992d5d4,9,3,3.690036900369004,271,0
a25d1838f8ed528db4cc0336c352c329,9,3,0.0,334,0
8af1762cf8cfb86649f2522a00fd96f1,9,4,0.0,427,0
d04677aaae52096fa80aead402e34d38,9,3,0.0,256,0
b252ef2224d8851e80c314fa90eda27c,9,3,0.0,296,0
8db3d5baa593ac90b9ec7a009ddcb0e8,9,4,0.0,686,0
c13b4e85405bd4eca00ae7b9d0e416a9,9,4,0.0,608,0
abfd0588b1486f50f173505645631f16,9,3,0.0,254,0
7699c317554b76f8d40230f3f54250f4,9,2,0.0,165,0
6e8671394b26c4befbfe2535209df71f,9,3,0.0,310,0
317a0eedee3977fc3b90bfcadab7ffc1,9,2,0.0,217,0
6ee355d1d5c9f9fd6b71d9611344321f,9,2,0.0,192,0
a7f1e6b1c4f6c03ce9eef0f1761ccd8b,9,4,0.0,315,0
7755be4286491280a070ed7c1e4c9b28,9,2,0.0,300,0
69bad247f5b79d4d988177201dea8ecf,9,4,0.0,395,0
fb9b1ec21d1cf500cefce46662f717f0,9,4,1.5408320493066257,649,0
12bbc7e20b802471175b4b38a47c3cb9,9,4,0.0,445,0
9d3a27185e175e43b012d3754810c0b0,9,3,4.291845493562231,233,0
7155b044f3909e198cd4f49685ffc18a,9,3,0.0,300,0
1fc80eeccfdf5704715361d56697a1ed,9,2,0.0,247,0
76e253653bc43c7bf1dea4be37ad2983,9,4,0.0,453,0
43826ce879619e1893ff5335c495e9cc,9,2,0.0,562,0
c660a8257dcc2da16e79e66d7fbd094c,9,4,0.0,328,0
6653c4c7850c3f5fc87546a3d755fa96,9,2,0.0,192,0
4d17317279ce30315b1e538020d4f0a5,9,3,16.46090534979424,243,0
1fd5073c277efda67af2ea7c651fc719,9,4,1.8050541516245486,554,0
388a66874597fc6804a29ce9b4598661,9,3,0.0,162,0
90c324cd57ab59ebfb4aaeda859aa0ee,9,3,3.1545741324921135,317,0
9a1ed41946bcce54972fea83fa31c61c,9,3,0.0,282,0
2a87f384cb95f33ff4c6d3b2ba412fb1,9,3,0.0,304,0
196f4f63f961e80edf5c89a562b4ca54,9,3,2.8901734104046244,346,0
af73590ece675288ae24ac96189051fc,9,2,0.0,184,0
2ba3d95f0cb1080391e43b7490106fbb,9,2,0.0,166,0
40f78c9e0ee26a3dfcf83d8dfc4806fb,9,3,0.0,262,0
da418b7f3ce528184c3eeed40df87a95,9,2,0.0,327,0
4465c8971dedd806c6fee0c368fb7d4b,9,1,0.0,274,0
d2c1bf79c4d568e6efcd63d85d84535e,9,4,1.9342359767891684,517,0
eacb818550827373d19f9189f3bf937c,9,3,0.0,424,0
8f8f887ea2768095f6c96087aa4d8a29,9,2,0.0,199,0
12806710f06b82444171182c3f372299,9,3,0.0,315,0
ece5f7454b156033b10fd26405a21789,9,3,0.0,383,0
b372bf2b4fa09945ddfb67c608f0f491,9,2,5.181347150259067,193,0
977f93bf4c883f5d93dade932d11204b,9,3,0.0,275,0
45ab7143f03dc5263e5853ec1cd8a509,9,2,5.2631578947368425,190,0
24431097d52f1ae57245e6f79650091b,9,2,0.0,176,0
ee00068f4193db781f2da6c59888d009,9,4,2.985074626865672,335,0
75c102eac3985d47eb449ed90f28e5d1,9,3,0.0,189,0
1b767d6950714a2c8ea5b2f5c3def560,9,4,0.0,533,0
377cfa12794ad6b8ae46c61ae0eb3a0e,9,2,0.0,254,0
cdb85920c474d1b5fa6b85677cdfa357,9,3,4.878048780487805,410,1
e2ad5b077bd9301e4beaac9e49caa639,9,3,0.0,381,0
26a8aeb1765d0381e706e0b0bf11c747,9,1,0.0,258,0
52e9ac5c0098e9ede833df6c5dce6b2b,9,3,0.0,284,0
e2b13c4c513ff76b62c6e6d533d52c61,9,3,4.424778761061947,226,0
fbaf967b774cb81f8e2f81030f503d0a,9,3,0.0,260,0
95546cba9a1f90c6eed703b8743ad418,9,4,0.0,624,0
f88b0cbb730d9722a1a3f54a400b24bd,9,4,2.4813895781637716,403,0
894359cc147ae535f9988aae2c13c8ae,9,3,0.0,316,0
f13bd21e70965ae206a68987a888c18e,9,3,3.389830508474576,295,0
87c194d03e97ea07c8d2de25a067c508,9,4,0.0,593,0
0a76f275f18b23c418fdf329f02ec492,9,2,0.0,178,0
713662331324629e7ef0643292eb282a,9,2,0.0,169,0
47c9daf6063791f0c588580b111ad7dc,9,3,0.0,188,0
aacc9030a52362f42a520e666866f1fb,9,2,0.0,170,0
f1af5dbc1f803b2672d2c82574b97195,9,2,0.0,193,0
50e01af939a8d6cdcaa5469c81ddf7a3,9,2,4.545454545454546,220,0
1e89f45483ea37789380388125fb687c,9,2,0.0,161,0
07b7564df6682a26a56aff0638678fd3,9,4,0.0,486,0
c25022059a9069e1f1576e9b9b9d4ffa,9,3,0.0,238,0
68ccd47570a3a20ec5ef38c8691ba0e2,9,4,0.0,357,0
8c6cad26234b2d7fb6332457f6733504,9,2,5.128205128205129,195,0
b6cb08fd836f009ff80750a61e381c01,9,3,0.0,325,0
0db2a9ee06cc71a1fceb07fc3565f3fd,9,3,0.0,520,0
9e0b06c033a53434f0e74ed147931644,9,3,0.0,248,0
a0c9ef4d000d95db5738545c2344957c,9,4,0.0,395,0
af045152afbc60adc7b2c963343e3309,9,2,0.0,222,0
5233d852ae8e81db333e568842a1f91d,9,4,3.9682539682539684,252,0
851bf33b3029cffc0b5414a1e9f376a1,9,2,0.0,166,0
d79628aefc9e2dea3443ffebd4ed1784,9,2,0.0,283,0
36aa1f9f3ea9b59699f16477d3e8a761,9,2,0.0,199,0
03d1827bf2988df77988012553eeaedb,9,3,3.8314176245210727,261,0
7af3495ec5f217b1af3b450daf2943bc,9,3,0.0,319,0
69908baa0921a250f5aae33385302e02,9,5,13.824884792626728,651,0
8738f1dfd57fc325f182ce0481c5a1dc,9,2,0.0,221,0
fccc28336ba751921719c94a3786b125,9,3,0.0,347,0
adfbd5a6d0ab0be727f7f71689c1b3f4,9,3,2.9154518950437316,343,0
eb0f028fb7848ad4d502be93f35dc0d3,9,2,0.0,245,0
e5d845d2709b8780a869794336f2986b,9,2,0.0,187,0
590286993651905a81f22433f1d42465,9,3,0.0,405,0
5664fee964e64535577e504daffdfb65,9,3,7.49063670411985,267,0
91d77140e86bfaf194ea51e359251ef4,9,2,0.0,253,0
e9f8077e4c0695a7b7a44c5155a25ea5,9,2,0.0,172,0
d8583039be7f415261e0912adb26b27a,9,2,0.0,243,0
9d792e64c4a41e6890476d4388ebadd0,9,4,2.840909090909091,352,0
8ed4eb43112581317e4b7bc8d576186b,9,3,0.0,225,0
7c2c65dd2ac1131d9bd4f161707b8e6b,9,3,0.0,261,0
0b95c246fecdb60281f79fba0ace2412,9,3,0.0,325,0
0e8a18ccdaeee6971e4ce00586a2a906,9,2,0.0,202,0
46bb3a35dab0a33592191746753b8fd3,9,5,1.6863406408094435,593,0
695ffde7f5bc3ba602f207bd9646a2d7,9,2,0.0,184,0
c33a25aff6ec513c07303417c5c97eb1,9,4,0.0,242,0
6a0a459fe315c7870881cdb0ceefd8ee,9,4,0.0,260,0
53f3c320885fc6d30bac018c6eb55bce,9,2,0.0,180,0
d397a542a0f5d2a91e80f2246470e119,9,3,3.5842293906810037,279,0
a4fa0f5107b2e6f89ff75b8a5ecf24be,9,3,0.0,357,0
910bc444732e947af7f26c57d144cbd7,9,3,0.0,212,0
e445dec67125e55275356deb10fa5bc9,9,4,0.0,325,0
7b0e8ead6206d78a4fa3676186e65b6e,9,2,4.405286343612334,227,0
57f3cca63c5bdce045f7e40beb1a0c33,9,4,0.0,402,0
08375503cda83835d73d097da2a007f6,9,4,0.0,404,0
edc6b551f83271e9e95027d1ea086986,9,3,6.042296072507553,331,0
7e616de230a5b39fcfe88bdddb2ffece,9,3,0.0,223,0
531745e80171bed577b1352387c14abe,9,3,0.0,478,0
78ffc9e3015cfc55a25489ad7f1cace9,9,1,0.0,176,0
d83e880ab0dedb2b54fd2e1225f779dc,9,3,0.0,214,0
f4efe1d2a01c18e3fab762af41baefb8,9,4,0.0,471,0
cb8244f7564e047d627ec0e6b9131595,9,4,7.067137809187279,566,0
f643c589406eef333f81da5713890a3a,9,3,0.0,209,0
3a10a50fa9fdb31d86731810e7f6a209,9,2,0.0,294,0
429033387f43cd91eb6ac75b6dc32101,9,5,0.0,384,0
9ebc3c8ea17770cdc08cee99ca3f48e3,9,2,0.0,265,0
08073c65b54ce5507e2798d2ebbd6841,9,4,0.0,347,0
5f3fe187ae98abe3a034b052c1f5c207,9,3,0.0,364,0
f45f621b64f519afc42a9c8c30368415,9,3,2.9069767441860463,344,0
10f6526d2113efc4286599b78139671d,9,3,6.0606060606060606,330,0
7a5b6ff19d45e3c579f17c44bab265d7,9,2,0.0,188,0
385743323622aa81afae0c331394c937,9,5,2.0876826722338206,479,0
4260ca05553a2bae60902f427ec44281,9,3,0.0,232,0
b2978ff64b63ef12ec2b713990ed9762,9,3,0.0,292,0
b1b7b7e1db99b81c3148b7ec931583be,9,2,0.0,231,0
87ae6aa8b127cd798decd9346d0d947a,9,4,0.0,546,0
d1069fe4555ddfbdb6014983f7c279f4,9,4,2.6455026455026456,378,0
9901d0484bd8d8d8e3f568d31a92529d,9,2,0.0,353,0
2e477eb7f9ec941b64c1dfbb2fc1b182,9,2,0.0,258,0
fb36c6e3fca8449b3758d103aea4a491,9,2,0.0,307,0
3709404701faa54d31f5e72971bac8aa,9,2,0.0,178,0
92fd3acfc62b27c702371e103152abb8,9,2,0.0,205,0
8601affe90da4f55997c9e4177ba9889,9,3,0.0,256,0
883c837a3aca2a94d592e0d22e2f0415,9,2,0.0,226,0
0f6f4b5e081ae445350fb31b62fba71b,9,3,0.0,208,0
86ae54a97de3558f2a4cbbd3462d081d,9,3,0.0,289,0
2d1381ecdd3f320e2cca56f138da83b0,9,3,5.46448087431694,366,0
8b194f47545fb41eecc8e8890d611e89,9,3,0.0,250,0
58739daff8337ad9199f873605a8db7c,9,2,0.0,225,0
e8709150c52f33d9f2b9df521b28f147,10,4,0.0,566,0
0ec27171c94a9cbaa49c41a418652d2a,10,2,0.0,172,0
abfdfdd886d4ae3f0fd3bb53bc9d9e42,10,2,0.0,168,0
8caf7bbad3104cf214ff36dc106e85a8,10,4,2.6525198938992043,377,0
62aca74130a9d52f667829cd9dba1f5b,10,3,0.0,305,0
0fc8dd0a7e376f262c7f10432cbf92ed,10,4,0.0,328,0
1b67647b618ea8f33b5cb0eb0208fa59,10,3,0.0,222,0
5b4078b32ca3080614016eed04284aa5,10,3,0.0,202,0
42116b5af723f0869130ee91f5b56cef,10,3,0.0,407,0
8408788a07693abaf5c839d5c923e42d,10,2,0.0,221,0
5bcc57a7df6ff1d8fc3f3abfaf1a86c7,10,3,13.289036544850498,301,0
b3ad93fd46bbf7eb27a9a272a61d6dd8,10,2,0.0,280,0
9e7dfe8e575b91d28b7399b0846a18de,10,4,0.0,446,0
5776402aee0815ececb08b1fe9567806,10,4,0.0,365,0
439376af2650a7f52ef965ec64fa903b,10,3,0.0,432,0
2d080d1be9d157b591428f5a9a0958ac,10,3,0.0,216,0
8757b904111ec7c37b40062f15438bf2,10,4,0.0,332,0
a389720f5410fcb579068ee93314131f,10,4,6.960556844547564,431,0
4b305f6025110d53b35ed40673001175,10,3,0.0,188,0
f71f6ec0f719e7d3af32cf5196bc2e96,10,3,0.0,319,0
6ccf6c044857119d8943e40ed6ecce5e,10,5,0.0,517,0
ed15c8046d2815604f8b17812c8a92b1,10,2,6.825938566552901,293,0
a71a1fb3b06ce1cf93a519980bf3be5c,10,2,0.0,252,0
dacaae1e2c5a776d055fa5822feaf70b,10,2,0.0,154,0
ed70bd56da4370c1002247937bb311ab,10,2,0.0,285,0
58c991aa507fe69e28d5045f873301eb,10,3,0.0,266,0
ad70d7d530729c3ea2ef2afb3b74d034,10,2,0.0,221,0
78764aa7a448a535efc27a92236cd487,10,2,0.0,199,0
1234d3f7bfc24d98a67c886b8d6daa3a,10,3,3.4722222222222223,288,0
2882ad2f72739faa3cbf7067b51085a0,10,3,4.9504950495049505,202,0
a802713de9bbad9d8f94eb06e43b9658,10,4,2.881844380403458,347,0
7c141066945ce9a4dffbd6043e30f092,10,4,2.73224043715847,366,0
dda8dd7ae7f9b8d14ea53fe5b6f75c6c,10,4,2.4630541871921183,406,0
7365de77f8e3a9e4d2deb780decf23b2,10,3,0.0,179,0
149bedaa75bc14b24d82affbbd5af9a8,10,3,0.0,230,0
4911157686964a7625ba6c10171329a4,10,4,2.9585798816568047,338,0
2e91fe3c41d28f33794198863a47dc9b,10,4,0.0,292,0
eba8d63fdfff3cfeb66e92ac7c03b612,10,3,0.0,239,0
8312fbdcba5d5e51d3d7e2fc0250b0a2,10,3,13.88888888888889,216,0
a25ff6b3d58afa02d97d3ce8e5c3262b,10,3,0.0,246,0
e9bef0197be11dc9e749c32ca9502106,10,2,0.0,177,0
5117d64a1e2b307353593abd244306a9,10,3,6.944444444444445,288,0
dc2fc0b4f1e4d447d6ed1b88620177ad,10,3,0.0,222,0
ac6b4bbec2bb00fb02bdfd17a378c58d,10,3,0.0,330,0
ba7da49693e01ae8b93087e0e9468dce,10,3,0.0,266,0
f5b21f24bad8d6840381d46151790f34,10,4,2.8328611898016995,353,0
c5842a1568e924a3bc9206ac2c51c739,10,2,0.0,229,0
a1ecd6429d7822b0c4f65f4ab9a7f937,10,3,3.3783783783783785,296,0
900b726d9206d4e55f21200b874e67a6,10,2,5.46448087431694,183,0
af5b99d2905e437749c062eb92873e51,10,3,0.0,285,0
0a3f5efda0e03245112406ecb9d7224e,10,3,0.0,249,0
de3b51ba716d6ab23471413fc6c711f8,10,5,1.5748031496062993,635,0
5330f1acd8d254b2da416635b54e00d8,10,3,4.524886877828054,221,0
6b9b0808258780409d2b03459e02049e,10,2,0.0,227,0
75ccb21d86319e07f5c793e301496a83,10,4,0.0,306,0
dab539724ced6ab4d6db02afad35c208,10,2,0.0,176,0
5a4f9d86f16232f98bfe96f0f45f625f,10,2,0.0,171,0
767b45b1bead722fe094ef1040e28eec,10,3,0.0,309,0
0ed8e17838f79b3ef0bbd533cc2aad31,10,3,0.0,264,0
31809c2781e7d1326d4ce392fdbc6331,10,2,0.0,183,0
f7d2965277acdb4b1904849c7b72d576,10,2,0.0,228,0
a48df83ba0d82b207a6ff335d8fe9652,10,3,0.0,237,0
05453ace844e289fa91d4de7ae4cbd09,10,2,0.0,182,0
b91dfda19d066eb4583872a8a74933b5,10,2,0.0,375,0
6a9896710cfbf6b08adb8fd5bf3410f0,10,3,4.366812227074236,229,0
bb3d68a18e1e10c8d7550240bbbf7370,10,3,0.0,250,0
190ac90b8521b67ae9aa3072fd9fcd70,10,4,4.11522633744856,486,0
d9d3f6146f8a801795d5108578622815,10,6,1.335113484646195,749,0
bbcb56328bf53a4f9955cb3b8cacfd75,10,4,0.0,285,0
9cd672d8ca803c8827fad69d483cdcc7,10,3,5.128205128205129,195,0
f55727d02c5eae0d8466c086bcf816ab,10,3,0.0,154,0
f35218cc6b738b81a3da3e721d31a630,10,4,4.149377593360996,482,0
c3cf08107d86653346bb823aac44abab,10,5,2.450980392156863,408,0
a0153e8f648b415f2d835056ccde5990,10,4,2.3640661938534278,423,0
59db0d7aa7966f3b6561f7436af3d694,10,3,0.0,210,0
a3b92aff0ee49c3d9ecac9a342f6792c,10,4,0.0,282,0
287f776234930975698a82b0240c3026,10,4,0.0,289,0
0bbd509417d0503e4a9caa0ee1f835e5,10,3,0.0,452,0
14e6612ff2011c4a476735a1e9a3a9c3,10,2,0.0,190,0
d0bba2b18a65b8ad19867cf72190b420,10,3,9.523809523809524,315,0
c573dd68a8b0aab466a0e309336abf44,10,3,0.0,382,0
07b626c312cf400f1046508daa63f08d,10,3,0.0,331,0
22e72b43c686f190aed24bc6655fdc2f,10,3,0.0,328,0
797857e7c215919fe877b31b35d055d4,10,3,0.0,363,0
f7efb9fad8c53d5fa03068df4be96720,10,4,2.074688796680498,482,0
76f38fe63e03baeadbabdc1a5975a28c,10,5,0.0,535,0
657dd7d80b91a6a7bc3ea0b23c948075,10,2,0.0,369,0
7b6c9598f6236f27db7ea378e12fd1f1,10,5,0.0,401,0
f6c85ae40ed2818f0a0348cdde63d9cb,10,2,0.0,198,0
59afc76b5a34286670145f405918c0e1,10,3,0.0,373,0
c58431818f94d3f978ab9253e3888c95,10,3,0.0,318,0
2cb2d2ced36ceb3f3dbb89f686d13d7f,10,2,0.0,191,0
1f36a61f328457e7f852520dcd7d14db,10,3,0.0,238,0
bf4b3e6e9bfc360a5aef4b0d408a705e,10,3,0.0,406,0
7ded10149568edd45816a91416062b16,10,5,0.0,515,0
536ec73a55a71a93bb4bbd4c9b1d212d,10,5,2.197802197802198,455,0
05140299c04e8d8f4b9a05bb4a2837f8,10,2,0.0,163,0
20afe8c00fb5a585449dbe910f6f1a3a,10,2,0.0,195,0
56a106ebc875c56c87b178d2a303fbd8,10,3,0.0,238,0
29983b9b41287a2b591453208133e431,10,3,0.0,291,0
31c6c87860800c01b8cd6540c04562d8,10,4,4.975124378109452,402,0
95f13c2654171adc2acd6396489e9b9f,10,4,0.0,396,0
c58f9990ef9dbb3ef60b95642e8eac2c,10,2,0.0,172,0
bc870428145d92980494fccbc921ce6b,10,3,0.0,211,0
f3d296ba6f95587bc5cf2a16449ba493,10,2,0.0,180,0
7af2750c2173776ce24af26cb922c192,10,3,0.0,487,0
898930d8eed5b506eedaa62032cbd92d,10,3,0.0,441,0
73fc33922bed5a64fffc7ff6bfe4106f,10,1,0.0,226,0
33c280b298ba9137399922b48ac0f945,10,3,0.0,318,0
47fbdf395bf23cc6759a5e8b10696cf9,10,2,0.0,198,0
d8ccb85df39e2399ead8efcabaf0142e,10,3,2.816901408450704,355,0
8e3db231ed948f6b8987d528e52669d2,10,4,2.808988764044944,356,0
0021d337b9d8103f8daaffaff8c6547b,10,2,0.0,193,0
52b091b4507c1791571649e3068c096f,10,3,0.0,299,0
27886c22967c4f59cf7d8806b092e4ec,10,4,0.0,440,0
7214117466ff61e13b4115f38a6f783a,10,2,0.0,278,0
11406220506d098c5f34114a6dd64208,10,2,0.0,180,0
d781fd4c99874ab6f29d1d71f0183c18,10,2,0.0,251,0
7863daa4ad786b54c19904f8916784da,10,3,0.0,254,0
832a770628c09c3c138904b28caeaf97,10,4,2.247191011235955,445,0
1bf515d22153c8152a0508a133b64a7f,10,3,4.273504273504273,234,0
80b7e95e4c97d29badaf6a055d676301,10,3,0.0,216,0
ab32ef97a1158771c6decc027bd2c057,10,2,0.0,195,0
d5047807c30a56a4c8e23f451b613889,10,3,0.0,351,0
7e692827fdacd1305bc476a45ed55540,10,3,0.0,220,0
c75f94bcb5bffbb070bd8e745a13e70a,10,3,0.0,252,0
eecd34332549040e6c164e0b61d75b10,10,2,0.0,243,0
90c664d7f85798fb92aaa5a4c3ee5806,10,3,0.0,288,0
1153dd4d770f8a951fa7596f9d9b45b1,10,4,5.714285714285714,350,0
7f24b03e50269077ecf9039938a1b2cd,10,2,0.0,230,0
79e1ea42b0d2f1d4d1bb6226d9a7a224,10,5,1.8214936247723132,549,0
3e23a7d09a477be2c4dad48b55896119,10,2,0.0,155,0
4d93bb4ce85f24ace64c8cfe5a632574,10,2,0.0,246,0
4f6b75ad7f6a26fae2eeed5d3c3bcf60,10,2,6.211180124223603,161,0
57163255b8eb79cd8351552f6d4f5933,10,4,0.0,395,0
3c5f3c87e14d1d273c3ab058234a6e8b,10,3,0.0,216,0
272017763658504fb4b00f64972a26f6,10,3,3.2467532467532467,308,0
32768b101c6eacdc926e1dc40a1d7639,10,2,0.0,275,0
a909814168cd543a837851f0d2feda9b,10,5,4.237288135593221,472,0
68ff3d575121a206fcf00403645c7777,10,3,4.201680672268908,238,0
212ff0f1cab353c2bb45e8a9fb1f01c9,10,3,0.0,280,0
ffb6d32e58b25c6bc4301fa2965d36ad,10,2,0.0,239,0
e9bdaedbad01c4145dee1dfbcb32a007,10,4,0.0,380,0
dba4068118ea1ff1291c84099bc2b5bc,10,2,0.0,312,0
4c2000072de96fd81c5731ef66629f57,10,3,0.0,218,0
b4eefa2e1a5814fdd5c998ddd0e9cc19,10,4,0.0,377,0
bf42fcef7b1bd4f44679d82e9b44bcdd,10,4,0.0,440,0
db36f127df58a32916bbf645c7ea9346,10,2,0.0,177,0
ca16deaee74321c5d3fe9e939208dc9e,10,5,4.854368932038835,412,0
3a2d17159df3cbd4f01a00f2ec87cbd0,10,3,0.0,287,0
12ec47c9439a6e61b20ad23bff34295a,10,3,6.920415224913495,289,0
d61f93f739498744a70b950a07db1212,10,3,2.525252525252525,396,0
6441ad6aadf53c1cb652f07df74766dc,10,2,0.0,162,0
5f96c63203c4de8fab140e491ff4c14c,10,2,0.0,290,0
690f62668e6ea92d9753cbd0a6e44443,10,3,0.0,203,0
5a26544931bbeffb6a91dd2cb82388f0,10,4,0.0,336,0
8e309a9ded116465364279ad878560eb,10,2,0.0,212,0
1ba1231af1e850cc396cdbb741e8741e,10,2,0.0,175,0
e5c780f6a0f90c49b770cd67b97c70eb,10,3,0.0,304,0
e7663ccffb346a53bdea281ed49a75de,10,4,2.5641025641025643,390,0
a285e2e2a888f410ca0acad12ca69104,10,3,0.0,512,0
1da721310efbf168a5dd3d9fc3b63d99,10,3,0.0,299,0
d10f98934f6d3e9695dd9acffab1dc81,10,4,0.0,354,0
2ebde9baf673ffd0ac7f62b6a9e4ef34,10,3,0.0,288,0
ed5257b5b0766312aab1c40986a4b10b,10,3,0.0,337,0
707de042ffb9baac17418ce8570b0b40,10,2,0.0,294,0
f41e523c5efaaae289fe6518a4b5c859,10,4,0.0,465,0
5dd0602bae0b86c7cab1b88c3ba8101e,10,4,0.0,361,1
470b1f6a6a68e9c0e098ec01a1bb56cc,10,4,3.289473684210526,304,0
f0cd619f21b89295788b0a218f8976c8,10,3,0.0,231,0
4001c9bd2242a86639bd065bbee45f7e,10,4,0.0,335,0
2baf6794b63c36b3c02e204b2ae9920b,10,3,0.0,314,0
c79d537bd909cb8e5f46091010b02b42,10,4,2.3255813953488373,430,0
bca595afd94a2f994fd23e8848614159,10,2,0.0,257,0
79772ae5302c7f9d983d108d14e79cdd,10,5,1.7667844522968197,566,0
d185ccecbd095e23191210ca9b5a24a8,10,3,0.0,335,0
0d944ddb508088becb3a214c5ae0a0d5,10,4,1.968503937007874,508,0
e5ec1c0fcae44747e378e428001e2da1,10,5,1.8083182640144666,553,0
95ff4cbf1eec3eb699aa7eda1c4be46d,10,2,0.0,157,0
a9dfa73a649330b2896d29e4ff3c54db,10,3,0.0,260,0
54dd5dbeef059c2603248df70d5715c9,10,3,0.0,303,0
efb4661510bf7c3257b9a2937adcb781,10,3,0.0,626,0
99b6062c8de73fc55b6f550d35cddb3b,10,3,0.0,157,0
5b7644023440bc78e2907486ad2eba14,10,2,0.0,189,0
fbcace1fcce514a8ead89d137a1d5570,10,2,0.0,184,0
eeadaad95426d46dc4651e30b804be2f,10,2,0.0,277,0
a839ee87d6cf4af0213cdf3fc47bac9a,10,2,0.0,233,0
20efc0ab78b5e9a50a06548f39764e1e,10,2,0.0,187,0
dbfd1072809fbd8507c45c91241afff1,10,3,0.0,206,0
00c25b700e4ae97240c12867bd699293,10,3,0.0,440,0
72216c74bbf0a3a2a86f6013014dda38,10,5,0.0,552,0
49d3c3fcd6d3dc281d6401e288747a61,10,3,0.0,251,0
0d3b1aafa60126ff52281fb8bb965762,10,4,0.0,411,0
c70e198c94b2a13ffcda1bdbfb441cd2,10,2,0.0,225,0
b017d056a4ed9be94631b342675e0023,10,2,3.8910505836575875,257,0
8145eca5a91bbcadfe1a8315d725d75a,10,3,0.0,317,0
9f75b5bc894f7259bc789f08be02c281,10,3,0.0,274,0
baef9a7ff5c607a56c00d9bccd1cbb41,10,3,4.672897196261682,214,0
76a640e8ce9e1a08840f4df84eb3f569,10,4,0.0,438,0
5b6d094410b4d837c81ec10c74d65699,10,2,0.0,211,0
f45984b255886ad38e4cd7a98488aeb6,10,2,0.0,214,0
83d05882c5c58839f1a89836270f12a3,10,4,0.0,386,0
2e941d40833a4f93dea1c4fe1c2b8d04,10,4,0.0,351,0
b09551469a52ab09659e67c70b8b3fd1,10,4,0.0,333,0
e585ab707a3f2369ac00fbd5fb6aa47e,10,4,0.0,394,0
b65816a01b9b01ee8347b004f577528a,10,2,0.0,205,0
f61db545dcb17ff1ee24b596d885744a,10,3,0.0,253,0
1a726d8241ff306bb4ce3869ece66d29,10,3,0.0,307,0
46842c475ebec477734a494120341d26,10,3,0.0,286,0
c06b496af2876776617ed9966b0f501e,10,4,2.3980815347721824,417,0
2db4afef6eec1069e77eb1c3ba7ea812,10,3,3.5842293906810037,279,0
d41545ba3ce622b934c093f06cde26ba,10,2,0.0,413,0
b5c97bea5aaa589211208f107ee390fb,10,3,0.0,350,0
950081871015c96763c84e8c1454aa3e,10,2,0.0,211,0
d5f97d0a08b2bb9fd9dfdbeefdcc896d,10,2,0.0,261,0
fd5ad174ef093dd6560ed4d48de9e8be,10,2,0.0,297,0
24ec5ae5f1facd77fe750716d685c54c,10,2,0.0,201,0
0cb5861a8ea9732c03040b9885beb74a,10,3,4.3478260869565215,230,0
5f4d7f978737b13441f6ef1bf86dffdf,10,3,3.1545741324921135,317,0
2aff2ab9e676e3ef8c5480ad10f05fe1,10,4,2.457002457002457,407,0
90e26243c52ac575016804c57c54268f,10,3,0.0,471,0
0ebe75bf6a46375b54327a3e87b29f19,10,4,6.5359477124183005,306,0
d591e5367f7fa261bc165b8837ef58c8,10,5,0.0,553,0
f34a222e565715b5667bc8fbd418b0e8,10,4,2.6666666666666665,375,0
7f1ce1b01116e49f258db128aea4da9b,10,2,0.0,289,0
fc42907f76a4220bf35a143f15214374,10,2,0.0,193,0
b40d687af97b4062de05d4ead934176c,10,2,0.0,200,0
6e4bffcbae6edaecfe24c6039cfda7de,10,3,0.0,204,0
65da1ec564d05edf200b0dcb6370c59d,10,3,0.0,240,0
9b3ed6f21ab2daa3ac47c637193137b2,10,3,0.0,304,0
5692e166db14d3afb7359dd497be2ea6,10,5,2.1413276231263385,467,0
17210296ae4935787277a2199734013c,10,2,0.0,196,0
b73e2cc8c259608348010a3a027519fd,10,3,2.881844380403458,347,0
005135cca0a49b2befed23932fd63d16,10,3,0.0,311,0
763fbf3941bdbd1c1e434eeaf5afc7db,10,2,0.0,238,0
cae60de78dd0afc1ad42964cbe710c59,10,3,0.0,277,0
e4f921e112ff0e72a3e53acb7af45f55,10,3,0.0,365,0
a359f67746111095b921e38f077a0e1e,10,3,2.4213075060532687,413,0
b46d7498f641d6d1e455940f149acc57,10,3,0.0,179,0
6accf87b91b56feacc85c46da62ab688,10,3,0.0,254,0
a918e4544da0d2f316594e2f1e8a040e,10,3,0.0,317,0
4eafe391baccaa8c71b65069f17ec39f,10,3,0.0,303,0
e14aee7446dd66ba7a6a63efcfb0254d,10,2,0.0,209,0
44e86469544008b13e5b221564872cb0,10,2,0.0,183,0
2c8ff6831c77b40361b588a92b4e1187,10,3,0.0,262,0
2aef7c9d8eb0108f07295657680b9442,10,5,0.0,428,0
8f9e2b75c93dc59a17fa02cf72e4576e,10,3,0.0,224,0
dd22e904ab2b84e8ff52eb7bceb9295f,10,5,0.0,456,0
895da75931e1119a01168ddaa0f31766,10,3,0.0,254,0
5e867b5439f6a66d0b520c8bb6694dc1,10,3,3.676470588235294,272,0
c076ff2a534553bb901691c334a24988,10,2,0.0,157,0
b2f1ca60e7acbc55a146543a5cb62730,10,2,0.0,337,0
88a32e78c0aa629427d4a9b29f403165,10,3,0.0,331,0
a4b6ee6674ad0713ea464be450f89979,10,3,0.0,311,0
c0c9c971e4430854dfa323516647056d,10,3,0.0,203,1
dc9af70d004ecc37ea5d746ac4906c04,10,3,0.0,268,0
6fab5fed6a788f6e59825cfea794d751,10,3,0.0,280,0
fd534cc510b06b5aa30acc294d0a7076,10,2,0.0,189,0
d6334ed0c071724d2e245b30a593900d,10,2,0.0,215,0
8b739c585e811131dcf9b7584ae42161,10,4,0.0,356,0
33a8805374367e6eb1301d703cbbf0a3,10,3,0.0,277,0
f2a5080621d64acecb950276cd217b54,10,4,0.0,358,0
4f7859fd37db2a651c8d6153fc794db5,10,5,1.4513788098693758,689,0
bb1752e7930db4569f37d0aa8fad0de9,10,4,2.7247956403269753,367,1
bb28b6d8f677607be93adc1d37ae35df,10,3,0.0,353,0
a62127da75e557060bb9c6af9ed75f90,10,3,0.0,374,0
cff97cd9add8687a10f335a2e0eeb7e9,10,3,0.0,213,0
94ae173cbcd99c7ca7154d463994536d,10,3,0.0,372,0
4537d19522a089c137c4b0389cc6748c,10,2,0.0,218,0
2358f330fd1306dc9af3eeea99f260fe,10,3,0.0,356,0
ae61371ff9892948a6eac6b328b40184,10,4,0.0,337,0
3c418d23c5b6a9e8f65cd53961aa2092,10,2,0.0,199,0
5bb450364a1025265d77d50d7440970a,10,2,0.0,226,0
56d96de0186fc91d9d7fc9a4810e20ce,10,2,0.0,169,0
b9dcebd2207da2ae70839e4787275a77,10,5,0.0,410,0
f5048b914f74dbabcea46ba3902ce4cf,10,3,0.0,234,0
a9dd5b7b3400816e5d81cd3cbf68aeb7,10,2,0.0,212,0
22e4f48445821ce81426d1a7ab3223c1,10,4,0.0,489,0
97a792df07531e9ff15e0fab14be5d7e,10,4,4.7281323877068555,423,0
8e70004c2ec0f14e2d88399b04f9ec44,10,4,0.0,316,0
0230bc96cf92cdf6b930622c9068772d,10,3,0.0,377,0
c66b6a4fa1e4e374f4239b169f13232d,10,3,5.0,200,0
a06bfa364643460164d6172fe11690de,10,2,0.0,242,0
4d9d05a1a3913865ced36ebb6def102a,10,4,0.0,369,0
f1081f9e135b26ed76d4c5e37503a72b,10,4,2.262443438914027,442,0
220a3e39823a582175fd0ec723aad5cf,10,2,0.0,194,0
aaad2bf3d965df7fe7e979c921095d55,10,4,0.0,464,0
c73e00ce025732636aab981a678f5b0a,10,2,0.0,207,0
6888882c7e3162bdb378c452e5b9aeb8,10,1,4.739336492890995,211,0
046391abb142323204a99e9c94e03e9a,10,2,0.0,154,0
f7d770effb652d85a4a2b296087154b4,10,3,0.0,423,0
16d231dceb30a89a74ffa3fdad2c6ba4,10,4,0.0,409,0
a9df025b05a94dba440a6dead9c9655d,10,3,0.0,314,0
f80f51cfb1123d84ec9353347f31ccde,10,2,0.0,186,0
884a441c3bcc2c8cd19671967d91537d,10,3,0.0,294,0
9742b0b4f68f703f9d9c55c5c1d11c58,10,3,0.0,280,0
6c0576a2ad6d8c15f0984808d509e534,10,3,0.0,206,0
ccd1f6b0830a0cd9cc33060b5d644f15,10,2,0.0,155,0
dc526817576c08a09e69a5db2f3a5f37,10,2,0.0,185,0
91b15739b11071b9c2d13e6e879204bd,10,3,0.0,451,0
30a3fc753acf1669fbfffe3a44bd06c7,10,3,0.0,307,0
d9d072a9ab14022f0a2a304b309fceb3,10,2,0.0,217,0
3d230c673774a05f8fd3e0d8cdc59015,10,2,0.0,168,0
679db8680cb694292bcce5031339bd7f,10,3,0.0,277,0
dd149bedde626160e3c4e89f5b166a44,10,4,2.6178010471204187,382,0
0bef8d311f40d216d400a60f9d041bbe,10,2,0.0,163,0
2875b12407a7c753c210ac003d580b57,10,2,0.0,154,0
039368967f6d184c7ed9bdbe1e3240ca,10,3,0.0,266,0
5bb0d4f750863fb9fec53c6dbe2db5a4,10,2,0.0,201,0
5597f4f31c9605521ea3fd0418f49737,10,2,0.0,331,0
a69683c1126ea4dfa0182500512e01a2,10,4,2.032520325203252,492,0
2e0f1f04a35b50db49857202d2b8595f,10,3,4.081632653061225,245,0
42d82f048be1d0af01eb223ac94d5a09,10,2,8.403361344537815,238,0
4f8652c97c68849d2881f320a3dadc12,10,3,0.0,350,0
a81953496ef918a6ea538c20a7bb1320,10,5,0.0,507,0
92278296b412c171b5505d368fc3d57c,10,3,0.0,269,0
d95cc7e281ddfaa9ad372f5b2e9d5502,10,2,0.0,196,0
846862d7f65431bc8920c36f530f359d,10,2,0.0,183,0
f1e8c4b8ebed9402e2a42e53dd663294,10,3,0.0,226,0
e3e2bf5bfc237b5a1fd19bb62669904e,10,3,0.0,251,0
ca48b6ecf7050184bcc6ad04bb457ded,10,3,0.0,311,0
38fc1dc3ca22145f596bd0c6a8f9072b,10,2,0.0,272,0
00c5b5620af2eedc91e378b31e90d6de,10,2,0.0,171,0
9fcb135d6d6e0effe0f3f63f38e83ac6,10,2,0.0,301,0
2e973b488433e352b661168f6b232e4d,10,3,0.0,222,0
23898c4bbd275f8fb3695e442dcfec80,10,4,0.0,410,0
3d4f30353282e1ea0818fa2f3f1840fe,10,3,0.0,195,0
6e45294d33353295dd73e5ed2378f4b0,10,2,3.8314176245210727,261,0
1bb9891c44643bc3175b8f2b473113ad,10,2,0.0,202,0
24fdec61c6e33c44e3dd8527126a8f06,10,3,0.0,303,0
0773f30008b26a19f8f5a21633f7e76d,10,2,0.0,227,0
bc6551c6f324a067ef95e9f6e2b7ddfc,10,5,3.527336860670194,567,0
0e0a9e5ff6868cbe282bd8997fc1c12d,10,3,0.0,259,0
1ac942d29392a0eb9491b73179ea24de,10,4,0.0,353,0
1bd827e058e72e74f6d21e794515cd95,10,3,0.0,460,0
9e0b1bff5e72fe524c85426576362b35,10,4,0.0,456,0
1f74dbdc443d335cc560c5e9c629a449,10,3,2.9761904761904763,336,0
67ca4d35d84cb0a55accc58cb61440dd,10,4,0.0,575,0
16f0738e64aa67d30ac1252e3b76ae9e,10,5,1.9569471624266144,511,0
a077143915cbeaedc00feb2950cc3579,10,3,3.5842293906810037,279,0
b58e4105fcf60843a5f48ecaa1332d47,10,2,0.0,283,0
2836e7291715afcdb069633199c31469,10,3,0.0,307,0
3bc127a8aa21ecdac7662144f9552e2f,10,3,0.0,324,0
afdf13cd7145fe4d8e4579bc079419a3,10,2,0.0,215,0
ab115917fe8259c5b7213df6c86dcfdb,10,3,0.0,330,0
d5ce8fe03980c04184d0e8501aa1b5fb,10,3,0.0,339,0
600da5379a9ca572dc1a41342df2c4db,10,3,0.0,278,0
3d79db82b851e1fbd41ddb89482563df,10,4,0.0,348,0
11540e371dc2c585102d4d3cd626b42d,10,2,0.0,203,0
fd0bd48e2c674b10930f40ad4cb3dc7f,10,3,0.0,214,0
bcccef51eef0218f9704632d3103c2c5,10,3,0.0,282,0
e7914f6e5f5834d59cb6b340ccf91d86,10,3,0.0,240,0
803b14b18920762009506b247da2ddee,10,3,0.0,393,0
43f24a020c63bd9d911494acfff8bae3,10,1,0.0,281,0
88fc2532fc6723adb9485bf82747f6fa,10,4,0.0,465,0
2eeeb55bfa66d729b980c436c7e42312,10,4,0.0,342,0
001c255f0814282e0030e7f46c6944a4,10,4,0.0,530,0
e242f3bac3efee12063b20013385b379,10,4,0.0,315,0
80a19630393ccd90e26eedbfde6ac74a,10,3,0.0,268,0
b3cddea133c9ae5b325a2b8fcb632e82,10,4,0.0,373,0
aad5368c3ca42da6068a7c5b21d14e55,10,5,2.5188916876574305,397,0
756f303c69d61504d824a48852bf2072,10,1,0.0,161,0
53ad23d1c4ae2a64a210a524942f8339,10,2,0.0,276,0
613c29b33b86f48ad486a21534deae2f,10,4,2.824858757062147,354,0
c33dd1b18a04f5f4b50d09b7a37eb6e0,10,3,0.0,320,0
845e9ac4f820fe4c92068c4d44655cf0,10,2,0.0,171,0
3fd539d70fe38269f1fe8175bc267743,10,5,0.0,389,0
c9d5abf406e679f8c028191dcda5ecf1,10,3,0.0,270,0
c07453aac6918a30b9e53f68267daf44,10,2,13.071895424836601,153,0
28d565a69be07ecea262a6098941e94b,10,3,0.0,220,0
e4c8576ca85a4a22b2133fd93af31c80,10,3,6.944444444444445,432,0
cd5201b8b1470ea8b5ee91713b548a72,10,2,0.0,211,0
0a57ff13e31ef7fa712a2b3784a8b753,10,5,0.0,480,0
98dc6c41d48edaa91259412273464a10,10,4,0.0,346,0
0075b0a74498494c7bcae5dff8130c91,10,3,0.0,558,0
82bcfba5be82e90542eb7f792eeb36b2,10,2,0.0,161,0
4532df7bf70766015c902f63bf14ecf9,10,3,0.0,291,0
e561be5120e707765b8df6d3639f4e17,10,3,0.0,181,0
7492694537609d252ae9dbf4c94b1041,10,3,0.0,358,0
65ba78228b21929af130be8bb50f1a0c,10,2,0.0,210,0
02234c0348628567ede6255915bb933e,10,3,0.0,207,0
cdb12ab03bd6981c8155aaea1b7a6184,10,2,0.0,210,0
b2e145821ceab2b83d34d583dc24c699,10,3,0.0,216,0
52df2cb0710e15f36174e4573aefb754,10,3,0.0,278,0
13fc4ede4b756f8dba94f6be68a5a6ee,10,3,0.0,273,0
96a1c370258735be06e3a3100d5c74de,10,2,0.0,234,0
d5b528a63a4bc7754a2aac0db2ae1e1a,10,3,0.0,234,0
09768e0145023a9dac408b64f5ca7ae6,10,3,0.0,300,0
79e576bc4157c9d3b7eb7861a0e3f696,10,3,0.0,261,0
dbb07dcd011ebfa61674c89b218257b9,10,4,12.048192771084338,332,0
9cbd22b24e2d98f2594d243a90cf60d3,10,3,0.0,165,0
e5dd93d8035ff9352820b6646612859a,10,4,2.4154589371980677,414,0
645506c17f1e582beec50060463dcbf8,10,3,0.0,256,0
a46c846ac85bb724d90a6ce83617dac6,10,3,4.830917874396135,207,0
7f0d5118264bc56a8c151221a5489d39,10,2,5.0761421319796955,197,0
9c01cc92c248871bc98e04e39523d7ec,10,2,0.0,170,0
671873c5b098805bd7d9ba3027397cc3,10,2,0.0,177,0
d2ef06049639036f0c9dec6161f2be5f,10,3,0.0,292,0
de819b403e79d34f1f6fa5a22557f041,10,2,0.0,272,0
8a8821254eab0542724729eecac37fed,10,3,0.0,218,0
2544a9243574ea44e322d3e75a43e8c2,10,3,3.257328990228013,307,0
b32b3766978b29225ecf4ef5c974f546,10,3,0.0,272,0
21aa9c370710134cc501bce8c98a38b2,10,3,0.0,227,0
7ca9c30ad457f7ec020c42bcbbd88f59,10,3,0.0,270,0
164d36f998d0b1ef78cd24df51c33751,10,3,0.0,292,0
de97134f484e51ce19c7105b7986641a,10,4,1.976284584980237,506,0
be8ab1d1dc71bc03a77cf8a1be34232b,10,4,4.098360655737705,488,0
0d7999db1f18184467e07bfc61f68176,10,2,0.0,250,0
4399fc0aa5f9750a4eb6d398ef54bffd,10,3,0.0,315,0
789814aa0f461734038abb5b7e67984d,10,3,0.0,392,0
3d2d528f64c5b440442a7befa5995448,10,2,3.225806451612903,310,0
806a0c7da58f3cd3e13622e4a51eb351,10,2,11.11111111111111,180,0
1adfd76aaa6f852cda654f4ed457474c,10,2,0.0,183,0
c571b7f102a23d56631466c17f1477fc,10,4,2.242152466367713,446,0
02baf6854a07866e4942759be8c70f4f,10,4,0.0,395,0
fd1317a7f2a5fac22d826db93233aaf0,10,2,0.0,153,0
8034066cf8de7a7fa100180aaf6de598,10,4,2.8328611898016995,353,0
976f6fd7ba85863773f42e60d7c5a96e,10,3,0.0,325,0
c7531aa39798d60a89c6ccdd8c075ea9,10,3,0.0,355,0
050d5a36222399348c55e11ea3fbf803,10,2,0.0,188,0
79b40c57ce27aeb690d905ad67cd8671,10,4,0.0,441,0
6763a768766e74e18245d5c39284468e,10,4,0.0,507,0
13304663d7a629a120597ea2837d84a8,10,3,0.0,232,0
ee906c090631b73cf7417b505af918f0,10,3,0.0,296,0
93346d0eef4f98049af10d59b2cf87e0,10,4,0.0,661,0
b3d59cd6fa8c6807d0635666650c9e23,10,4,0.0,408,0
32e9ce71143975b3e617b6c26bc083e9,10,3,0.0,267,0
2e36e4a8d6987e3a534d49ebea1172c4,10,4,0.0,569,0
c73c6340a735d2b59398b707876bf152,10,3,3.1446540880503147,318,0
e27704334943ecafbf83b16079af5ed8,10,4,0.0,449,0
443b2c8001c20b8588f95705c6a9917f,10,4,0.0,384,0
aad59ece48b494f3bb146e36c5dfd92d,10,3,0.0,248,0
353f6fce72864644e887c2bef31dfe70,10,2,0.0,163,0
385bee8e7554f02503e2e63f3c814e3c,10,4,0.0,387,0
ffb9e2410ec5f2207f88d93c26a6dcc4,10,3,0.0,350,0
dcce7fdbbec65c1f2843565e61dd71a2,10,4,3.0959752321981426,323,0
8a73baac727e53a21d1389135d6e4b9b,10,6,0.0,605,0
ee9bf243c293ac6c76a9687bed03b899,10,3,0.0,271,0
049d568ff18ff5ca710d723257173946,10,2,0.0,264,0
c07666faf573a1c7f8f2f876048a07d0,10,4,2.7624309392265194,362,0
63b6b1a30cbcd6886e04f358f49ef9b8,10,2,0.0,251,0
b3995ab54d1f5ddfdb568acb526f49a1,10,3,0.0,336,0
46b6cee6e82053332ebdfcfbff4d9bb9,10,3,0.0,301,0
cf0ee410cdd7557b8f5c5b3b1aa5ae56,10,2,0.0,187,0
5880dadf7e4bcf50f97dd2f1581e2a1e,10,3,0.0,208,0
df4eb899eb42951bc089cb8118d97f53,10,3,2.6666666666666665,375,0
6b47656ff5c4b2700b3ece7a67eb734d,10,3,0.0,286,0
0bc6c198d092e33ddffb53f081efe418,10,3,0.0,306,0
89565a14cbce89fd6fe05a698530776e,10,3,0.0,184,0
da7da5f98b6863e089d0f3928760ca12,10,4,0.0,502,0
d2a32e95d5b902841f31ac4b671bd847,10,4,0.0,297,0
cb41ca656b2b1aed6b904502566caaa3,10,3,0.0,288,0
1afc9ba53ee54ae2809196bfcaec7434,10,3,0.0,486,0
66777c2e8acbcb3b5c76651fdc350285,10,2,0.0,219,0
a5921fe6732c288245e40357130d99ad,10,3,0.0,196,0
da1df105307838265745bc03cded2a81,10,2,0.0,359,0
f2491d3827ea45e7fe24d78f733a8ce4,10,3,0.0,307,0
1f9674f8832cce847e74c75e6e24177d,10,2,0.0,204,0
c5991caada60892e1d0f5e82174c1e48,10,3,5.0,400,0
55dcb74f42253c8519d25b2ea7e7e08c,10,4,0.0,402,0
e4f3bd75eee905e586dd37f5ac3a151a,10,2,0.0,155,0
e2bc529fb3d21af2d93d946bf9c92e38,10,2,0.0,230,0
60932cb8efd7f875339beebad269d15b,10,4,0.0,317,0
b0764e0153eead17b2ff33ac14530e5c,11,4,2.358490566037736,424,0
bfc638ac11e523e00a89015621382946,11,3,10.869565217391305,276,0
ec52409f785c603f3badcae643eef3df,11,3,11.363636363636363,264,0
e0206b0c97e4b1f8dd58bc4139dc43be,11,5,0.0,592,0
1ce9a504472ff1a5f59f015f508f95cf,11,3,0.0,308,0
9a027db22b74e4dff2b478849f19e0d3,11,5,9.191176470588236,544,0
3467fd29d28ba8f2471b6512c020d331,11,4,0.0,357,0
36f8857d7cb3c49efc1e54eb5ac48526,11,3,2.570694087403599,389,0
39cb0708d38c113059051d0a1e550347,11,4,7.067137809187279,566,0
3d85aef23258209f39e3ac593d73691d,11,3,0.0,257,0
cabc50de3e6b2aab4cf0062a3095726b,11,4,0.0,388,0
e6912acf629c4c9059bb837e1a2ed72a,11,3,3.3112582781456954,302,0
cbed3d445727ffc93d303a110fbbf371,11,4,5.665722379603399,353,0
b70ccd627f19953338fefc9613381deb,11,4,2.6041666666666665,384,0
70ceb125582873a8f05e7db04c2126d4,11,5,4.1067761806981515,487,0
4859f3aea5adb018e1b4d46f69961305,11,3,4.62962962962963,216,0
c49d17c1a59df6a3a007e12235efe356,11,3,4.0,250,0
560461e2f2ea66a58685d33fc9cb7f7d,11,5,0.0,823,0
53e437790c214b4484db4d5dea7c8299,11,4,0.0,419,0
b0308b8db090c121b3d5fef65c9861d2,11,4,4.88997555012225,409,0
414803221ae6a024ba8d0e014846d1de,11,3,0.0,304,0
6592b00dfc518c6e047eb883ed1ce764,11,3,0.0,358,0
465f9f61f89d101e40530eacb8b0cba9,11,4,0.0,603,0
99402d2b002bf03e8b6a605dd94e44e6,11,5,0.0,478,0
4ae1ef14b623fc28e1610cf201418353,11,4,2.525252525252525,396,0
18abff88eb394c9155efbe635b7de7be,11,4,2.4691358024691357,405,0
91842a7f1c7d60b6cfee4712ac982df3,11,4,0.0,403,0
ee1aa38eeb95c133e764159420164db7,11,5,2.070393374741201,483,0
36faafc867b35248c32718aeeb037a2b,11,4,0.0,440,0
490773c425711d6e336ccc53192481fc,11,4,0.0,356,0
f0fc7ecb7b2c8ff5e71fdd433bccb771,11,4,1.9157088122605364,522,0
56154e25dcc5ff621c5cbb05c7f5434f,11,3,3.4602076124567476,289,0
d0eab2faa8fe9fbc96f92dafc017eb39,11,4,0.0,696,0
460fb271f18f61a2dc3396ec0bc4d606,11,4,0.0,326,0
93786e612069ed64c47ee523d282b516,11,4,2.331002331002331,429,0
69002c184773e4e28f0d525de937c7df,11,5,3.8684719535783367,517,0
ee641c8d87a70d72dd3308234f4e68a5,11,3,0.0,251,0
09bf0d822da3332b41ea34070e4ab0d9,11,2,0.0,177,0
722802d4fbc1a2e2fe84f7915a239277,11,5,4.395604395604396,455,0
a57af3138b4aedf18f296a91b3d7463c,11,4,0.0,448,0
da67c55f447609fca7fe07e5a6a433c9,11,4,4.065040650406504,492,0
04e75ba5f6f475799b8aee35a5a358ea,11,3,0.0,298,0
29a8f67e7666c853ccb97aeadc1f5560,11,3,4.016064257028113,249,0
55847bec46aba0bb9728c5b729c4cdda,11,4,0.0,484,0
ca5a75300969f7a2a289d1a4f2fff734,11,4,1.7064846416382253,586,0
0fe8715f4f3c79cf1e602fd0b6434438,11,5,13.908205841446453,719,0
74c1542ca4bae0e6affde9780794b197,11,4,0.0,557,0
cc0d06e21ebbff42ecc6e9243d217c06,11,2,0.0,220,0
ef77ce5f186f027d869b337459427931,11,4,0.0,360,0
704a14f7547550c3cdf3aa6322c7f2d0,11,4,0.0,474,0
52adab41c1e6b23ff0d07531d01f8eed,11,4,2.5906735751295336,386,0
7b1fbe4feefc4996ef8a07cd61781971,11,4,2.1691973969631237,461,0
50406b82cb495a664efb31e609cf8957,11,5,0.0,463,0
8513e966cae7d393a94594018602699c,11,6,4.518072289156627,664,0
a931f56f4a1a3e9685e8a287e7f1a54b,11,4,3.115264797507788,321,0
bd5948c259b99851f03f80d41bd1b0f2,11,4,0.0,437,0
37c017dadba3d5303f3a3d42ab0841f4,11,5,1.5479876160990713,646,0
1fcdba993f286ee92c3b1bd1ef8f2569,11,3,0.0,336,0
2476640eaf504d3c1aae20e1f518706d,11,4,0.0,408,0
a511715f7195a94b44afe17ebed40759,11,4,2.8011204481792715,357,0
912e4ea1314f7e9c3ed32c0c7d58908f,11,4,0.0,330,0
4f37f80a1d3ce42c75c0d710c75e57fe,11,5,2.05761316872428,486,0
145f6395946ccdc2b7165043cdc1c6cd,11,4,0.0,341,0
318781da4d458ddbf07468f65d2db408,11,3,15.463917525773196,388,0
bbc27be0d8dc4bdadd81b33d04dec057,11,4,6.377551020408164,784,0
54df8859800417b5e242d539ad66e1b6,11,3,0.0,401,0
1fa01e2f00b1516675e5c935486ac8e1,11,5,3.527336860670194,567,0
1ab6eddc081df6b4f21c2f9087692e4f,11,4,2.5,400,0
05b3fcda4436e6948f6d0e072f354085,11,5,1.287001287001287,777,0
893b7a9a518eb13488a55fcda39e3c25,11,5,8.064516129032258,496,0
ecca5d6b70e4c8c1979b77bd082ded3e,11,4,2.044989775051125,489,0
f612303d284103c082e9b67ad2eb817e,11,4,2.4213075060532687,413,0
3329de07e27512d5546ccecb77bcc6f7,11,3,0.0,241,0
0ad6454a5681351d81a3685509fb7e24,11,5,2.0366598778004072,491,0
a3870d6474f007b6943fc41d56119ea4,11,4,2.375296912114014,421,0
40e09d43434133caeac36d0d38b4031f,11,5,0.0,783,0
b178b27476453c76cef920f2e97eaa76,11,3,2.985074626865672,335,0
cf42d59204a7b2b06fbc5beb175098b8,11,5,1.5037593984962405,665,0
13f9a7c50de4cdf6870a386ef4265d3c,11,4,10.657193605683837,563,0
c5761715cdbf8ba203bb53a0a724e453,11,5,0.0,536,0
652b54c57e42298966feeb2993464ead,11,4,0.0,485,0
35d972dbd91aea77cb9345e7118317df,11,2,0.0,217,0
a8d5ead6d69b93d104d3938e2d263cfd,11,4,2.5380710659898478,394,0
3fa4fbef56dc20bb70d4609390a961f5,11,6,4.88599348534202,614,0
3f78ca5e2bc7058f291317fc0e41765a,11,3,0.0,301,0
a3c2f284ce4101cb07f5461620ac580e,11,5,0.0,531,0
2b573476210bb3ceb085937369da725f,11,6,3.7926675094816686,791,0
0c54bfcdec95978c1f99bbc4e30ad67e,11,3,5.763688760806916,347,0
2610268dbc409813a1b22d4e658a3ff1,11,4,0.0,609,0
c8d12241e7ff1a3c500437e19f66cd32,11,3,3.2679738562091503,306,0
1ae128e809d2689e0ff6f00ad61f7b43,11,5,3.937007874015748,508,0
5a6978c3e02f13fe462e57e2a6074778,11,4,2.450980392156863,408,0
b70db7f8596587018b30f2394189917e,11,3,0.0,316,0
94bf5d4098f3921eee8cdb2ac0ea5ba4,11,4,1.8832391713747645,531,0
fdd67e317ab385fa32dc2cdca2f08d43,11,4,0.0,435,0
87a6d75818ae1c33ae9b05b0b2ba7bba,11,5,8.146639511201629,491,0
1224a299e3f05af3659dfc2482ce3229,11,3,3.4364261168384878,291,0
38e734496df50a225c0b93c4d5e31a55,11,4,2.028397565922921,493,0
db68df66c7ec410007342158db85d4aa,11,4,1.8115942028985508,552,0
3d9afb4e4781abf399c7758ff99911e0,11,4,0.0,466,0
e4c8089a51062f14217d5b7e04c67ccf,11,6,3.9946737683089215,751,0
159ba50638dba0a309ad7d06f6691e76,11,5,1.6611295681063123,602,0
334440c7316535013ba04d4ad0768134,11,6,2.0891364902506964,1436,0
58fba1e3e8996b18d93b6f193be81a97,11,5,3.1055900621118013,644,0
7dbb6a669f3834448dd3b2e891094b21,11,3,5.025125628140704,199,0
c0352648b099de5bd652ce7ed4b10d16,11,4,0.0,389,0
1030060d2d243e8b1f6f94b5115e5793,11,4,4.705882352941177,425,0
d311e3f0bf2ad491087f74f5543d0c0a,11,4,2.100840336134454,476,0
2e9dac509e724dac7cd70bcc98cb88c5,11,5,0.0,556,0
a0cae1dda86e7d478c05fe56406a8bf1,11,5,0.0,692,0
059d490eb3ff78ec1e0183ee1eb6ed56,11,3,0.0,338,0
e3c99182fc3672da83ba6df152691e61,11,3,0.0,240,0
3641a67b97756a823ef865bc91da061c,11,4,0.0,403,0
2df05b8a3119feb3b1f6c039b288f210,11,5,0.0,489,0
5e1f3191b306ec73f1750a344a403cdf,11,4,2.8901734104046244,346,0
70e82f679757f35bfb6b09fbf8821952,11,5,10.852713178294573,645,0
0d773f8c94c72d870832b36aeb6c5ad1,11,3,12.0,250,0
f777a5dc28a5604c3af8780736d28b76,11,4,0.0,339,0
e05ff7c30e43803febafefb75553d338,11,4,1.3123359580052494,762,0
1226d96a23670779a71b300edbe7a1fb,11,4,2.7027027027027026,370,0
ba6d8337cc5e8b0108b2d1b2b907fffc,11,3,4.524886877828054,221,0
b8f261dd2f50dab407f9e0f5af28fdfa,11,4,0.0,358,0
5d59b98ec6c64f66d110d8278efe4ccc,11,3,3.717472118959108,269,0
d5224a5aa2344e6b1eb89bdd85982646,11,3,0.0,633,0
e7d1256a6b9c0c02185b243f72b140b6,11,4,0.0,382,0
e67bbeae2027cc60990448fe1d692764,11,2,0.0,275,0
5e093577cf13b8a4c0d0f6fb7eff17bf,11,4,6.8728522336769755,291,0
dd3113a7a046e4c0d7c1e9d0fb8800b8,11,4,0.0,484,0
5eb566df2f51fe663eef29a5020b8adb,11,4,3.389830508474576,590,0
9e04852252fb059d4c52349d1117dc22,11,5,2.2701475595913734,881,0
25ec9adaad1ca1e679330b9bcf9608fd,11,4,3.766478342749529,531,0
011122f5a4f74e97a1b7a64bafa1395a,11,3,6.389776357827476,313,0
c64e59bddc87a4aae616fe1a6d6fb11a,11,3,0.0,287,0
2daee83861efdade20b280f140f45b57,11,3,6.920415224913495,289,0
5734ef433b8b6f730dd89acc99117a28,11,3,0.0,310,0
e2ea8f80cc1c86e0954e6124f9635438,11,3,0.0,251,0
9e40fabd372c947b8064c419710ab851,11,5,0.0,487,0
3318f78146b4ad66c710810725f909eb,11,5,0.0,487,0
a8e23749e454f34700f39ebfc6a5a658,11,5,8.865248226950355,564,0
ea2a7e83cb3216e7270a376e973591ff,11,3,0.0,418,0
59447cd5dc0f95bccec9ce5da92bf8d5,11,4,9.75609756097561,410,0
bca334cf292d2a4ec3a17184b699840e,11,2,0.0,191,0
f87ae70d4d04e9122bd6361d2f2f41fc,11,2,0.0,395,0
7dbf74aeefd0150a5468e2836cf18073,11,3,0.0,210,1
a8a5a3e8815648789a13ce162759b849,11,4,0.0,487,0
8b027fffb1087a4bd825c945b305f9e5,11,5,1.0183299389002036,982,0
b313a14e4da34756ca85f8980aa33065,11,3,7.092198581560283,423,0
f094e6901c82a926e4606b5a717e19f0,11,6,1.615508885298869,619,0
7aa4eb98f3930da7484c2d9f417c5c8d,11,5,9.276437847866418,539,0
fc1e1e9cf93291a2acef054c63e58bb2,11,3,0.0,289,0
0cc4451b052755b4c07c4a9b6e95dc8d,11,3,0.0,344,0
8ff580bf05e10f3e87c7725e876dc76c,11,4,2.4330900243309004,411,0
902148d09c77c77b1be35adeded8fcb9,11,5,1.3605442176870748,735,0
ba079883e5936fdd6d061f3c7918411c,11,4,2.7624309392265194,362,0
fbd290a921990756a54ffecd46f5544b,11,4,0.0,501,0
e088eb7417770aa4cdccd03e936edde4,11,2,4.081632653061225,245,0
c61eff315a92b99971d506a99e8d71dd,11,4,1.5847860538827259,631,0
d10fe00d779d7a0fc781fd46638329e9,11,3,0.0,218,0
25d82d36842b1a7a9c36160677ace6b7,11,3,0.0,266,0
7dceef80cbc60f25a4ab8f9087f6cf2c,11,4,3.0120481927710845,332,0
8b1388de34530c4c063862e33be9c79d,11,4,8.528784648187633,469,0
1880b31b7ed46c808bb64c1428420f3c,11,3,0.0,406,0
6b4dfd812d72431b52a7ea2a4dc43932,11,5,1.4992503748125936,667,0
9b29ae7e235ff5ef848648769984cc62,11,6,1.6501650165016502,606,0
05845dd243db1c9944b122330cbe6047,11,4,0.0,435,1
b27af736788b7b09caf29500bc848947,11,6,1.1402508551881414,877,0
3879055ffce79672d10ba9c8d9004236,11,5,0.0,497,0
73b0d17c12ad5b447653dc9588645a0d,11,3,0.0,334,0
6762ecf0ba889a3db19fdb4c44d11801,11,5,8.185538881309686,733,0
248382282d9f06e9024d63af00aead69,11,4,0.0,610,0
765595314a46fecc2beeb223df32f012,11,3,4.184100418410042,239,0
5c6cc2f13790abc90ec918db5578f690,11,2,6.25,320,0
61bba82ba86d11f898457ec59e25019a,11,3,0.0,318,0
216d64e6c1175450056b3af7343844a4,11,6,3.9840637450199203,1004,0
821b7d0cd7543d494c47e3d3f5e58339,11,4,2.242152466367713,446,0
c0da065ba3a895a8ac6635c8ca97cad2,11,4,4.88997555012225,409,0
af55b533a661ce320dad8a0d8d5d2dcf,11,3,9.30232558139535,215,1
af9c35dc7358fd1793e97ce25f25e02f,11,6,3.9292730844793713,509,0
df1643ba0f550b33eaa107416a36634a,11,3,3.8314176245210727,261,0
14f01b9c83078cbea979e1a693623b1e,11,3,0.0,172,0
03ebcb57afcd20a0a1405fb09606045c,11,4,0.0,372,0
08651ce1850a3ea2cb24c8e3244edc3f,11,3,2.100840336134454,476,0
5dc0f9c185cee8404b01d7e7030e5c4f,11,4,1.9607843137254901,510,0
1389269907211f18c9e1a4d515e2a0f2,11,5,4.0,500,0
a0c9bef6795c1106129d10d02d6cffa9,11,3,0.0,260,0
ace58e8d855db144ab104176ebc1a43c,11,4,2.6666666666666665,375,0
7843d33d092aa73a0e1429eb6750a3ce,11,5,3.3057851239669422,605,0
b821cca7a667b5d005ab3a99bcc69662,11,4,0.0,368,0
1f39f388e6c7ded2855d0e927e07f444,11,4,3.6101083032490973,554,0
62e27dada2ae349b263b704a55b7c125,11,4,0.0,449,0
9536da5551685d791e083d036035bd53,11,4,1.7793594306049823,562,0
4befa503ddcf5255e0770315a70368c2,11,5,0.0,719,0
c0d32d4bc9988d759b5b501e9658fff5,11,3,0.0,300,0
e455a3fbfbfb08f7df9e10d4ebf4ca8c,11,6,2.380952380952381,840,0
47204f87cdc45f691d54249f0fa014c0,11,3,0.0,266,0
718fd4e84754718baa69b4b70eb37351,11,3,0.0,318,0
9d17616038fdab3cf70d5a22af03f9be,11,4,2.457002457002457,407,0
e96150ef10c82fcbbccf8a81c59772a5,11,3,0.0,305,0
db198ac583647f854c09ad1f7c560d2e,11,3,2.237136465324385,447,0
1ad2412625b0ac77c813ba41d00bf2f7,11,3,10.60070671378092,283,0
20d7d6b0f4099b560b53e407be9ed9cd,11,3,2.512562814070352,398,0
dd5f874de01ed51decc2e98e684d1d77,11,4,0.0,539,0
f0b57ba9f8151305f247182cd346d072,11,4,2.487562189054726,402,0
6d6a8f242f15d3754ad3dc1c0264713e,11,4,4.434589800443459,451,0
09f3e8fb3cf086ea0c98aed3ac241dc1,11,3,2.6246719160104988,381,0
81afce3944dfd3c5aab94fe17920f1a6,11,5,7.518796992481203,532,0
91194edd83940b7b3254bb5d3a586c10,11,4,4.282655246252677,467,0
db99f334da2eb8294be4173ac604be37,11,4,4.524886877828054,442,0
887f8d7d071b916a943f5d9a997c82ab,11,4,12.219959266802444,491,0
caf673efd5e93e5b5ab8ded09744b309,11,5,0.0,901,0
4674bf6b31080e0abc2b25d5f83f953e,11,4,3.669724770642202,545,0
e825a3f2eefeb4570543657b4062ed58,11,3,6.7114093959731544,298,0
434c9ddc5acb6ac56d46c5328305f692,11,3,3.4129692832764507,293,0
0fe8f4448ad693e44adb17445e2a54fb,11,4,0.0,480,0
b7ba5e75afc75ad5e76aa03547d3f6bc,11,5,0.9699321047526673,1031,0
066a0aa3ef3208bb0b5bb73f4e3bacae,11,5,3.0441400304414,657,0
e8637614e8a1b512d86db52dfebfc23d,11,4,5.347593582887701,374,0
a5e25b9ee60139dc323dc4fb1e435c32,11,4,1.8148820326678765,551,0
74525b3c554e9da61057d51ba19d162e,11,4,12.048192771084338,332,0
491c38c566d8a5953c173a2cb206be3f,11,3,13.927576601671309,359,0
acb0836ca73abd9d977ebff22136482a,11,4,2.73224043715847,366,0
ceab3a642e8744e43647a3d7d8c587d8,11,5,2.0366598778004072,491,0
b08820cc11e1ac1c7a98d9659b00c675,11,3,2.717391304347826,368,0
165c32885ae11e95c03dd1357bd48238,11,4,2.793296089385475,358,0
cc992296a670e0769da7736d2435c9de,11,3,0.0,367,0
fd4e6083ed561512d7a4c6f1a8d4f60e,11,4,0.0,394,0
649fd888ca21a4cebcaec837d69803c1,11,5,2.0120724346076457,497,0
8cfa25951906c8ad674c8abcbd7c1702,11,2,0.0,230,0
8efd789c5992f3f62d96d9946ac76461,11,4,4.291845493562231,466,0
9ef91567cac66bd736c1402bb82c6d98,11,4,0.0,430,0
e4586740f447a1be9eec9118fc4df141,11,4,4.938271604938271,405,0
c0c614e26ab92951769d0d6fc4530eab,11,3,0.0,246,0
4cee4e534e7c262fb0c0459438a02bd1,11,4,0.0,448,0
7e47879d3da0f81c9bf768e063c697ad,11,3,4.618937644341801,433,0
4045753c8471d5a1b6b260c151c2badb,11,5,4.0241448692152915,497,0
df21ad80908e60938834699ddffd4436,11,4,2.2675736961451247,441,0
847ce84f4f0149ef7f23a1cf0728719a,11,4,2.985074626865672,335,0
eb0379c65423a2cfeb9606cc2e21120e,11,5,9.75609756097561,615,0
2556dc919935a8870075668f96608780,11,4,0.0,527,0
dc270f432003a6bf9020af76314bb489,11,2,0.0,157,0
0374b3bed3e6cbec618f9d57a4c24b86,11,3,8.064516129032258,248,0
43705890bc6957b7454267e724818fa6,11,5,11.518324607329843,955,0
485e41aad6308ec26bb59a3917e42d30,11,3,0.0,314,0
11daf923f28a8daa66b77e6bf6dea93d,11,4,1.375515818431912,727,0
6a5fb0f33b5c7c2b418c2a5a4108f0bb,11,3,0.0,312,0
00f93ec731c7041f8a94b1110218de6e,11,5,1.408450704225352,710,0
9255b299c741720919a12456d94e441f,11,4,0.0,609,0
22edbc542d2853d7fb14e98dd78dc0fe,11,5,0.0,539,0
309cb0cc3eaa69f4dac81bc59975096d,11,5,0.0,461,0
2c9847feb235bc649fd0d32915ee6432,11,3,2.9761904761904763,336,0
a88136b67c17216a4bd86f6c43f4d75a,11,3,4.716981132075472,212,0
7c3fb59ba2817fc010a594fe09f86ba0,11,3,0.0,254,0
bd3b7128723e47c637cbae0667230ca9,11,4,13.513513513513514,296,0
893241285794cb3bd152333905520839,11,4,8.19672131147541,366,0
75819c431cb5c15175d0ab9788107310,11,4,0.0,377,0
1a296bf5caf314d084b8243d0c9ae6c4,11,3,6.600660066006601,303,0
0e193abf9ab19999aec3630aba777dad,11,3,3.7037037037037037,270,0
5a8fcb7e585e151baa976ef76c83da35,11,3,0.0,243,0
75ef0eb48539f730e6e6ffd72cf17589,11,4,6.968641114982578,287,0
e41be5f86782d9c80e313ed3a7667a71,11,4,2.9411764705882355,340,0
14ab11bf6a0dad1174ad77c0eeb4869c,11,4,6.048387096774194,496,0
379658861f2b42162e5a1222a45189a6,11,4,7.915567282321899,379,0
7b761bd9cc76b001372fbaeed470ee13,11,4,0.0,388,0
dd842940ee2fdf8010355afba1e51eb2,11,4,0.0,609,0
aa6f4867ec89d05fbe114def3187e744,11,4,1.7421602787456445,574,0
889b6c28ad4568ae83b7df79fc615ced,11,3,0.0,289,0
4b04c08ddb8677fc90dbb699c7b83718,11,5,6.564551422319475,457,0
d306f5d20873c4042c04e8faa1120c0c,11,3,3.5842293906810037,279,0
d03d898a5882334ea9628a29242b833f,11,5,0.0,558,0
46c09d6c8355cab268b47fc79a3e69fb,11,4,2.314814814814815,432,0
38e2afa36c24e7eaea5069a6858429b8,11,4,2.506265664160401,399,1
4d34ac1865326a950828697c7628ea51,11,4,5.434782608695652,368,0
0782b4d11d50df36d31d13c3952e920d,11,5,0.0,806,0
27437cdc754dc7ed3e37a63bdf3d1960,11,3,4.3478260869565215,230,0
1dd037646bbf55f47f6e127a6a736957,11,4,2.73224043715847,366,0
f22588fcad05107611c924bf4467bb57,11,3,0.0,559,0
d6e499f7219f0241a923d255e932b053,11,5,3.90625,512,0
121e4bb800ca0576dceb69e533d74d21,11,4,0.0,330,0
d58197c7be9e880c4ada185e3299787d,11,4,3.289473684210526,608,0
deca6e668c3848ebd891b8b3a6490ff1,11,3,0.0,254,0
3ad25b0fedf342936e168cdc4c1a67ae,11,3,4.424778761061947,226,1
aca5ef5a5a74f5579ba3df10b1b47fb8,11,4,2.3923444976076556,418,0
c9e99ba46c072ddc462db72f8842c695,11,4,0.0,373,0
a574972d0aabd1f0ed1bd37329d16bfd,11,5,7.228915662650603,415,0
4d775683a373ba21ac5cd8e3851d2f1e,11,3,6.211180124223603,322,0
8cec63ff4a5611a7bef022480b795a76,11,4,2.277904328018223,439,0
c315b60864f8b58e99b3e59f50efbd48,11,3,7.380073800738008,271,0
9d30fa4ecadb1b1a1adcbb39c407dd71,11,4,0.0,377,0
0ec77245f11e9342d7721ce07c20393a,11,4,10.335917312661499,387,0
60265addea9aac27c8dd3a0cde8989a4,11,5,5.6417489421720735,709,0
ac5f705ea8a7aadf8c7fca13631c79e9,11,3,0.0,182,0
12f1e9fc9610ea4f63e75f757dc7c627,11,5,1.4144271570014144,707,0
31fdc7cf64d9344b791ca82255eb63b8,11,4,2.3529411764705883,425,0
f1b2763e56d55456cf48fa7025621686,11,4,2.2988505747126435,435,0
da0d572512bf42bc10e7a45c6389784b,11,3,0.0,228,0
9bd47e7989d47c4b844f9117f3bdad28,11,3,7.017543859649122,285,0
1f55eef55125f023a5b6f8419c651f22,11,5,4.975124378109452,603,0
248ec8644ae642a950f31326135d0880,11,3,12.820512820512821,624,0
ed9766fca0e367b9231e7fb0250073a6,11,6,3.3333333333333335,900,0
4db8105a136e230b3317d21c6f9d12bf,11,3,4.672897196261682,214,0
beb3b038ba81fab1f070f4058df0754c,11,4,1.7921146953405018,558,0
6852c8a45a3093545483b21b3457678f,11,4,10.178117048346056,393,0
a3c81307cde8af55700db94ad599d7e9,11,3,3.236245954692557,309,0
85a9fb78ef2dd21c0aad84132e0f89fc,11,5,7.434944237918216,538,1
886f10c3e5e283ac9229bd91cf67af1b,11,2,0.0,174,0
ef7a634185a92f5ea65f654c537901a1,11,3,0.0,201,0
8c10483fec554155a5affbcbdcfe8601,11,3,7.067137809187279,283,0
8b5d305082e5e414db0475fccb68a988,11,4,2.336448598130841,428,0
d3ae6808774a08b9ad3949bb908e0dd4,11,4,4.555808656036446,439,0
3d50a5ca4120d00ab3268b1c731f1a7a,11,4,3.1746031746031744,315,0
bf2451b9d2f6ee057e783853096209b9,11,3,0.0,325,0
6616f79ca427e77b5dde7ece5d723247,11,3,0.0,346,0
a0d09df4e992ebb093268bd1acfc6418,11,3,0.0,277,0
8acc6ccb055e5518e1243489713eab2b,11,3,0.0,343,0
74928beec83e7d1ee7f8fa42571871a5,11,3,0.0,322,0
8da86b070df89272c6a114e76ce3391b,11,3,0.0,339,0
cafe0c2fc69cb6021f75a44301625b7c,11,3,0.0,301,0
b6ef2c4a0e7014dad2ac6abe11737093,11,4,4.705882352941177,425,0
876528cc3e521cf29174425439b723fc,11,6,3.2733224222585924,611,0
c2ea9e4f82d5c9f6349397ec6d2eb87c,11,4,0.0,403,0
3ccd2308ccb92eded5015cab2f5adef0,11,6,1.9029495718363463,1051,0
204a2d17ab3856a067a1b840ff79efb5,11,5,2.2598870056497176,885,0
2f931d229935f3adc7a4ce6bc156d620,11,4,0.0,422,0
7d5b646ad51c4cc80225e737e780ee5d,11,2,3.134796238244514,319,0
bda05e1cf4764aec7315674e3a35498f,11,6,9.433962264150944,530,0
84fc2a8797f9a895d65960cc9c19556e,11,4,2.4213075060532687,413,0
49875638d2ada1cdeee243c249b42129,11,3,10.48951048951049,286,0
e102c2b1fc5b37526077635034223f00,11,6,5.555555555555555,900,0
b0d7a5ffc9bec528a1eb4eb2c1bb49d8,11,3,0.0,188,0
c63cff6219041fcad8106a2c09ce5c62,11,5,0.0,519,0
07927ebf2e887b3b4f1f906c028ae880,11,4,0.0,504,0
5237864eb8bf20a87085df70156acb2f,11,4,0.0,503,0
5e10d1479e198187f14e3024cc817e04,11,4,2.5510204081632653,392,0
c992e5b44c2772b117fe03243ab04941,11,5,3.382187147688839,887,0
e4803777d47ab88c2ff06cbf7dd7c4ca,11,5,0.0,519,0
c80f0787f72c668ef03c9d9fafe73cc4,11,5,9.45179584120983,529,0
7fe98a993a133d875d3e640bb67472b6,11,4,2.544529262086514,393,0
754215b2f2a9abdc571f03e38b58dfe0,11,5,1.858736059479554,538,0
7eb8dd6c72f29349541f80426ecb9cc4,11,4,0.0,567,0
3149330057f321187c4d11bdb28f9e3b,11,4,0.0,391,0
c746e1c27359b4afa0d4319d68a25a50,11,4,2.9069767441860463,344,0
99442d44192adc422a810a8faed8b868,11,4,2.9585798816568047,338,0
312ee957d15f4d74303d88101007531e,11,4,0.0,367,0
a720a678f4f09c0bdc5d62e4dacccc1e,11,4,0.0,297,0
1c9027fb431e79045d59214df24e81d1,11,4,0.0,420,0
a08d3b9fd0243a503f6053b1ec919652,11,4,1.733102253032929,577,0
ec4246965f066f808bbf92ce23f42a6e,11,4,2.375296912114014,421,0
98311c153734a0b17e67d6ef1eac92f6,11,4,13.071895424836601,459,0
82c59fd9031ff3e85e52b190059e5fa2,11,5,0.0,703,0
72eb6283f56ece36d73eeb6658da4116,11,5,1.4164305949008498,706,0
046b066d68f146019d21a9a52d8e279b,11,3,0.0,281,0
0df367c0bdf7e2b773b9151aa99ffbf4,11,2,0.0,202,0
eb93825d10f540af07fa4b97e121e5ae,11,4,8.492569002123142,471,0
da0ea8a3c42b216543b7d5ef98fa0ea1,11,4,0.0,381,0
43a71b56b652b64fb83c7f8d9076792c,11,3,0.0,278,0
28ba8b771b2a05237296e097117258ad,11,4,0.0,310,0
5816206d010afbdfda42b87fae8def9c,11,5,1.3908205841446453,719,0
507c8bc2bb003c6656815de97bc97fb1,11,4,2.3255813953488373,430,0
3d5558596746ccf51ee1cae20a82aae5,11,4,2.5188916876574305,397,0
b0bf85033209a263400917a55be457b3,11,4,8.869179600886918,451,0
b9b15fd14d65aee1ea2b874e034a88e1,11,3,2.7548209366391183,363,0
c95266991134064abed2c976f3ca008b,11,3,6.688963210702341,299,0
2da8e75b30dcaa54b3448645783d7297,11,3,0.0,349,0
f89b784627fb5dd1051efa27ec84063f,11,3,2.865329512893983,349,0
27368740bc52159bcdbfdfd6660e11c0,11,5,1.3020833333333333,768,0
4e0ff144651968c86c60cc9cfe7d6abe,11,3,3.257328990228013,307,0
61d2f0ee9493ee227d2ea208aeea14f3,11,4,2.178649237472767,459,0
e5ab4dcaf3ad3172f6eea2c4871edf50,11,4,2.277904328018223,439,0
d04217ca3f03597dde890102c276b430,11,4,1.8148820326678765,551,0
d9d0d9e3b3e9f29e46a59c57c310cac8,11,4,0.0,401,0
d9c03f795ef41c05773c2463d004aaf1,11,4,2.3529411764705883,425,0
9c8f882418f463a95db5534ad993be62,11,5,2.0964360587002098,477,0
b55f1450df818400b7e71d96f650d706,11,3,0.0,267,0
65cfa1603a3dea84c40ea815cfcf1610,11,5,0.0,684,0
4109a58d6ee7affa0de71c491b85efb0,11,5,3.676470588235294,544,0
62420340a0643ae52fba49dce5a27406,11,4,0.0,359,0
3c9c35581aef4d00b2ed3081703b9cb2,11,4,5.9880239520958085,334,0
bf3c5afa69f25f3e0e67d9b9548952f2,11,5,0.0,730,0
545437fd59c505ff8b16ac0858c1f196,11,2,0.0,178,0
232c4bfdd3d342c95af512e2aad5fca3,11,3,4.651162790697675,430,0
582d930320595357374d5bb79fcfa63d,11,4,2.5380710659898478,394,0
ea6500f5eb363179f60f06ec04a76266,11,4,3.091190108191654,647,0
e8fcbd6c408aa045bac05863b2abfe65,11,4,5.148005148005148,777,0
1daa6174d8804dd27f47b6d01cdf8441,11,3,0.0,227,0
c0997025cfe7154c5d4eab9b3fd0fb7e,11,5,6.451612903225806,465,0
af9833b44623fc36f900d0f97e67aa0c,11,3,2.4096385542168677,415,0
3f41711b62e627a82dc22cc331885fa2,11,4,0.0,329,0
0fe682207827fb94063886c4ca8541b8,11,5,3.0864197530864197,648,0
5bf66698c6ae5722e7e338eb8ddf4853,11,3,0.0,240,0
a1c7eed5482796016d4dee78f8ec2316,11,5,0.0,710,0
f72acfb972c1fb40c18d95a1499b32d0,11,5,1.8796992481203008,532,0
629353001988ac0a6a54b79b8ef37b92,11,4,1.9047619047619047,525,0
454f4b818ec90999e5f3fb39bb7e018d,11,5,1.8083182640144666,553,0
469cc8e2ad66b9d3f642b92b7a41417e,11,4,1.7421602787456445,574,0
fbbb2005e10cd37fb0c7bc0e7b5e5c5b,11,3,0.0,199,0
85a1539c42be814675fe30c9b6e5740a,11,3,2.824858757062147,354,0
bce6f61df5b016ff065aaf345b0ef43f,11,4,3.3783783783783785,592,0
bb091f52bc5dca6722a531d113e6af75,11,5,9.398496240601503,532,0
e5f0a56b47f1d3854b84cc571001c1ec,11,4,0.0,316,0
4bb9390bec456cbbd6bf4c00f9dee809,11,4,4.555808656036446,439,0
6e90a2969ba7448d3706be750ae978ee,11,3,10.869565217391305,276,0
a7be58333fdd06b4fec2cceb75609f6f,11,2,0.0,204,0
6cfc7176071c6229225bb7d7850bc8ba,11,3,2.824858757062147,354,0
9dcb97b1f0fb5883d6f4fe290ecebc7c,11,3,0.0,323,0
043bccd64e86f2517c5e9648b4acc287,11,4,5.0,400,1
f79e9aff1582d75c93b8393774269d3f,11,3,3.7037037037037037,270,0
d4ff706431572c606a93906068592acd,11,4,0.0,494,0
14debce0f483bf08db38e201cd0d0c3c,11,3,0.0,261,0
d9bce2256f3605522f6f6908d0471186,11,3,3.2467532467532467,308,0
d9e30a9f88b7b1d01f62217f565aa956,11,5,4.172461752433936,719,0
deb5f1f14cc8689cf45831f4979e641e,11,3,2.4752475247524752,404,0
d564f5da55984b816b9ee67c8b34b826,11,3,0.0,549,0
9aa167a1a4db626a832f9c6eb15bb75d,11,5,7.5675675675675675,925,0
7ca68b342d972a5e91d17ca7f87e6fb6,11,4,3.194888178913738,626,0
237bffd84ef2d906e06c345fbfe66dd9,11,5,4.716981132075472,424,0
bb87833f2bcad8001753ea5118466701,12,4,0.0,401,0
e7d89af84cafcb1b25b868b6f4cff20f,12,3,0.0,325,0
4d76f07eb9bc10ed54fe948dc9f3ecc9,12,2,3.937007874015748,254,0
ed073678ad1996cda1d6a087ae803940,12,4,2.277904328018223,439,0
88eff66af4906976eb672210a3d0f1bc,12,5,0.0,885,0
810f934bce5f4ed45e9db0b4f06cb7a6,12,4,0.0,471,0
cb697811ec40379a66c9e98283587ad0,12,4,2.5641025641025643,390,0
d2c0c3d02c51114c2ac834cb66012768,12,2,0.0,236,0
d32171eefd6a07e66412e5f25fa380bf,12,3,1.1025358324145536,907,0
67b132059effa408d475f4c41e9b8526,12,4,0.0,446,1
f32d40186bda56c5e87ce478bf84479a,12,5,0.0,487,0
7458898655fa60b5afca5f56b65c63be,12,4,0.0,278,0
5909532e43fed6ef9e4bfc896323ed65,12,3,4.77326968973747,419,0
3a1fd75b7cbdff31ff601a0ba0f99e07,12,3,0.0,402,0
62c61f99fd7531b0ef342ce33dd555d8,12,3,2.506265664160401,399,0
91a4127fb845cbf7a196ae316b9194e5,12,2,0.0,239,0
f713fff0bfa03b4c1d711dc873519b52,12,3,0.0,596,0
d4a41f9d1396d3375871ef58a52a20a8,12,3,0.0,324,0
2b8d23d9a1287bf4f5e5a69eee3c96aa,12,2,0.0,330,0
64d0f42e3e6929de219026cd6076d42e,12,5,11.331444759206798,706,0
25f8ce995d5689b7601c937884d5877d,12,2,0.0,273,0
6739897c41ff9a6e4826da19c27de331,12,4,1.5822784810126582,632,0
8ce390e60b27b698ac7232cc4e90feac,12,5,0.0,560,0
f559f6fc31d446ec03a86d26b6c8b202,12,3,0.0,218,0
4d4c2235f069b7ec2ef6272647f5faa1,12,3,0.0,500,0
d2e3d74600e267662bed590442958c02,12,3,0.0,263,0
f6a638c22b9f08736b36de252df6ca02,12,3,2.6881720430107525,372,0
ee0f48cccc59615a38f4a1bc5f14e6af,12,2,4.329004329004329,231,0
890f097e192f382b1766503360c188aa,12,3,2.6109660574412534,383,0
5764857214274702f2fdbc910aaf1108,12,4,1.7421602787456445,574,0
0257495a57fdbcade436e02dbc2a4af8,12,5,1.7667844522968197,566,0
0bd7bd61248c414ee05fbca0eefe760e,12,3,2.9239766081871346,342,0
6951435951287fb9082dca2667aed0e5,12,3,0.0,337,0
b35fe95d585cb3ede9637923e485aedd,12,3,2.73224043715847,366,0
0609177ce7027cfa2680c658719554a8,12,2,0.0,408,0
b30dc06b7373c6140eb6f47dce354728,12,3,0.0,429,0
1cc2ee3af4f8047586c050f45e26e7e9,12,3,0.0,278,0
5b51aa2066f1eb5dc829fc553f16e576,12,4,0.0,595,0
ce8729d908ba9dbba5fe7b7e22f61023,12,3,0.0,334,0
dda5a08192b294b960ea7aa4c2993ca2,12,3,0.0,438,0
7e0ac4e79a24d4633487a6820fc57f88,12,5,0.0,792,0
28d3bdb0d725ea35452d6a7222b22bff,12,3,0.0,383,0
4ec9447509870eaae1a60815fcdf258d,12,3,3.8910505836575875,257,0
2b875b0e9594fbb46d6d21d055453139,12,3,0.0,307,0
a7177052a1178b99dc632128697ba2da,12,3,0.0,442,0
0eea718323d3d9d94074ef8c980ae7b4,12,3,0.0,396,0
b5a45619b7dc4ecd71b90e964be35b94,12,4,1.9841269841269842,504,0
56e47b071a82bfe1cb6f8a35211ec1a2,12,2,0.0,200,0
a2718a0a588afa440ee985b269bf9132,12,3,0.0,395,0
be224b75c9efb519797cd94be2a82061,12,2,0.0,162,0
8413d0899c59d113be1aacf91b1f1167,12,3,0.0,377,0
79ac731583836c737ee5ca01ef7f44a7,12,3,0.0,358,0
51d74b299ac718866584fe57b16f4e15,12,2,0.0,192,0
f8246f8780e24a06b26d6ddeb996a835,12,4,0.0,391,0
3ac8d0fd969aad8239f500a5356064b8,12,3,0.0,541,0
32a932ae9aea068129f3490e7483d3fb,12,4,0.0,581,0
01117e10f66098588bcd84eac3484c1c,12,5,0.0,667,0
8ad07de3a76a4409b85e34b9244d483d,12,4,0.0,439,0
bf2d3a763f0eb02d7b7e72e4120d72e8,12,2,0.0,207,0
09aa27327967b04f1b586322c4f65f7b,12,4,0.0,578,0
1528fe7e96a37440475d5b6c2ba85b90,12,3,2.4691358024691357,405,0
e17b60bbba35a230a467d4c99d1b72ae,12,2,3.5587188612099645,281,0
e9ca146daebb5539945783bd2308b54d,12,3,0.0,465,0
95014a30f12f7956d9afd10cbf2a04a0,12,2,0.0,169,0
63f416ce5cd7f0fe46c9d2d18c27b231,12,3,3.4602076124567476,289,0
d3459bd1ffcdafad61666602405d6017,12,4,4.819277108433735,415,0
0ae909b9764fbc1fbb24cc7955928269,12,5,0.0,669,0
a9a580c0763f677361c20955e4c1d77c,12,3,2.3980815347721824,417,0
1a25d8b9fe2f260b8ec0adf0c9f56f1c,12,4,0.0,342,0
dc78adf190283a8189ad3d45f941a40a,12,5,7.518796992481203,665,0
710224ac6638d87c3a786d418eec66e5,12,3,0.0,296,0
6f6fc51ce4dc47f95454c2109eab7157,12,4,0.0,629,0
dfbebbd0b7258803dc81f9133ec0b4c0,12,3,1.9607843137254901,510,0
2b53546f01a48af74ada261ee1f4bffa,12,3,0.0,493,0
6944401bd17a9e64e695d9c22688c79f,12,2,0.0,781,0
02ea2ba5e3888cd9716a96780afa1fdf,12,2,0.0,168,0
0a7c4615521aedcd2da283c502f1c070,12,4,9.345794392523365,428,0
a956c1c8aa20d90654c17f79f2b681dc,12,2,0.0,392,0
15629d411f0a312e5f9fa2e08f55bc22,12,2,0.0,249,0
42c75feb8de540d651025a1575e27928,12,4,0.0,428,0
e418a11b7e27579e5afc0c1ad885d623,12,5,2.6246719160104988,762,0
7f5d9194df7e78b14c5423051ba5b74e,12,2,0.0,386,0
1a81eb84ab9b2f67f73393fc53149624,12,2,0.0,212,0
dbbd9002fdbd24d4a3415864b7ddbe63,12,5,0.0,781,0
5d11e77a6dd4a2162a4697a11463df5f,12,4,0.0,422,0
e306b9cdaabf559d3849b09d6cf4abb6,12,3,0.0,328,0
2515f2104e6a6da52a1d7a5c3815362d,12,4,0.0,620,0
fcad33431640bbcd32493e5c66ea8038,12,2,0.0,278,0
ae7d13eb8aa67306cce84653fea10b1e,12,3,0.0,462,0
cb317128eae42ad87adc9bd287dea41c,12,3,0.0,715,0
97b63404200578c2fb12458af10db7cb,12,5,4.8250904704463204,829,0
ac68c14e7da468d86a62e627b313e9c3,12,5,2.1186440677966103,472,0
e457c6d46978d00c2b6569181f6ad40e,12,3,0.0,398,0
525d7e6eb91be8446da941d6241699ed,12,3,0.0,433,0
af68a7aec97ec2f4ed56b40553d8361b,12,3,0.0,311,0
c23bc347cb2f0aab81f6245c53d7a397,12,3,0.0,327,0
9f37efe604cf939eaaeb82cd8b357787,12,3,0.0,288,0
03c8ad34abb7098145aa31b9018a8672,12,2,0.0,243,0
546704cbaaa60f3b5db708d543fdb8a9,12,4,1.7513134851138354,571,0
e9489d12569c46774151b4681b87a91f,12,3,0.0,318,0
ab7fa07e71f4cb90a38bb3168d2e0281,12,3,0.0,192,0
f5d2c578f4c0940cf8360fbb29693064,12,3,2.7247956403269753,367,0
0e04341a4b141fbe8c44a8e6f001d471,12,4,0.0,551,0
d8b89a5d782b8602510e09eeaa59e0ce,12,3,0.0,364,0
6ea6bef6625acaee847a7effd1ef29f3,12,2,0.0,258,0
5438630a405aad5b8921f1db530036ce,12,3,0.0,273,0
fc83d0b4a96b73f813d80972f261dade,12,2,0.0,236,0
14ae0e45048adc20c092b87479f68e59,12,4,0.0,383,0
8e8a027ee8b4eec982b4da452fc1337a,12,3,0.0,344,0
d1c39b5548fa16cf4c08c51bc4f69726,12,3,0.0,402,0
968eb548c115fde7bf3308c944abbc09,12,4,0.0,579,0
7f8821c86285df8f4ad7b71631e6c45f,12,2,0.0,220,0
3da0ded98cf400cfdcb1cdfe4bc141eb,12,3,1.9157088122605364,522,0
6a41387bc4267eebf4d1e25a2deb82b9,12,2,0.0,236,0
872482c752375d350917798a17f66da4,12,2,0.0,194,0
52f1a3051e1cc323706ad9345e41f2fd,12,2,0.0,342,0
6b2036b3bce9f5fd109d3a6c8b830945,12,3,2.331002331002331,429,0
05bed3e9ad87533d6c771cd4d5593a56,12,5,7.092198581560283,564,0
f4979fd1c61bbd92e2c9f6a5dbcb966a,12,2,0.0,233,0
d37cc64be94dab6f465220806f228a77,12,2,0.0,383,0
580ad59e15165c94358149beea2f4669,12,3,0.0,407,0
bbb2b3798630092a1865b054cd00173f,12,3,0.0,390,0
7ce6358ce56eaa95c18494c8f23f106a,12,3,13.157894736842104,304,0
bf7cc3f19235e3339e76fcb8eb2899fa,12,5,3.712871287128713,808,0
3b720870b37bc5d22def4cb738f7fe73,12,4,0.0,492,0
daa4f4a5ef4a71f81a9d8130b6a1d7dd,12,4,0.0,493,0
34e8835c1e4b3f23783b4e18743dfec0,12,2,3.367003367003367,297,0
9f3e0d3f57987c6c8bb3e6d2fe2388c0,12,3,0.0,354,0
1645af370bad4644c07cbbcf955d69c3,12,3,0.0,464,0
b759a6210a3222b94ae17a1c0ff8fc42,12,4,0.0,673,0
6f9bcac3b43d23808b4529bce2696273,12,4,7.619047619047619,525,1
be837fa47162b026fa3c988a144e2702,12,3,0.0,354,0
ceb5f99e68c9dcf49f256747310a8c72,12,3,2.793296089385475,358,0
74529507d1042b42ec57931d950a2a69,12,4,2.3255813953488373,430,0
0cbd34f09772bff336a3b1c2f58b4318,12,4,0.0,369,0
9d85df857f480f107bace4ab372dd88c,12,2,0.0,206,0
73ab63398751727b62888e5d381f694c,12,2,0.0,242,0
d9371fb8b12e7f7fda20cb42144ba04a,12,4,7.1813285457809695,557,0
e1fda106f82bb205cee6e9e04de6114f,12,4,0.0,635,0
f54d662a6f2d18de43d76103f7542acc,12,4,0.0,598,0
a2d2bb84806f29746415a486010c5e3f,12,2,0.0,282,0
53e538a416e3b0ebaa6e29f24ec8862a,12,2,0.0,178,0
cefa3ec66864ae6ca8b14b5cbbffa08a,12,5,0.0,562,0
ad671836a455292a770738714b4b3880,12,2,4.424778761061947,226,0
98c208be2afbfbaad20782224603baf7,12,2,0.0,195,0
51fb24a77edf649e34e75c1bd35a3153,12,2,0.0,411,0
5ee0d9ad25890aef3655a4afe3d2e05d,12,3,5.9523809523809526,336,0
fc16b33166a9c70521907104dbbda216,12,4,0.0,370,0
9eb2246384483f2802474ce9ffdcc7b5,12,3,5.617977528089888,534,0
54e10d7c787ce1d06e25581b13c1f47f,12,3,5.1020408163265305,392,0
5e15353878e50b9bf33bdf3ff5a69779,12,4,2.450980392156863,408,0
abb83e2277ead4b8bbfdfc30f14b3c77,12,2,0.0,277,0
1bafc12b3d50101a19333f9cb30bd00d,12,4,2.4038461538461537,416,0
ffb92c825d33dd124e95776d05ea47fb,12,2,0.0,369,0
3d801ccbae400c43d07b1529b06427eb,12,4,6.578947368421052,456,0
f62472bd4d4b020790fb8a421463b16e,12,3,4.366812227074236,229,0
b4b08db1348a20f80779de6c218d938a,12,2,0.0,240,0
fc3d08ce9f4e7802acc6686e13f6bd54,12,3,0.0,454,0
e7cd94bfc7dbe1ded5af94bf1893174a,12,3,0.0,505,0
92634b853f5ee6b261d762db51874229,12,5,5.961251862891207,671,0
14a72eacca89755027deb5579c6f301e,12,4,1.8083182640144666,553,0
aea01b314a59b7089a2cc5ede3c4e5f8,12,2,0.0,285,0
d268687daf2ad7512416dc1561f3e666,12,4,7.194244604316546,556,0
03e34fa8a4149e0b9627052688df8240,12,4,0.0,443,0
138b6b52623fb9c8cee91b2318909a8b,12,3,3.4364261168384878,291,0
73bc33be8eca639388969900b1718ba8,12,5,1.0683760683760684,936,0
a0ef5cc3bedd390eab7a8304f3b538b5,12,2,0.0,226,0
e1f3a9b1ebd9222716d7d1a60518f88a,12,2,0.0,230,0
c83d86d6aa6c039f526f6fc30691e495,12,4,2.05761316872428,486,0
39bc8acb22f3e9956c636c9ef298304f,12,3,2.2522522522522523,444,0
f6c606280ed57b527566157d19200304,12,4,0.0,443,0
8a4cc3cc222295ac6e230ea6b5946040,12,3,0.0,319,0
c100f9375fa8584eda3730564677656e,12,3,0.0,320,0
793bc50b93b1b92e0049972e6204dfdf,12,4,12.216404886561955,573,0
9b258ee0748cc461b063fac52eb30646,12,3,0.0,372,0
f53bab15d4d2c4357f8dc4e14fd98727,12,4,5.865102639296188,341,0
8e01dc9cea7535a9559e61fabe6db0b1,12,3,0.0,277,0
262185fb2379486636223c7c87ea5d89,12,3,0.0,422,0
aba4161ab5fcc7d56ffeb6a43e152603,12,5,1.9267822736030829,519,0
dd822fcbc54a6f12586385b80147130e,12,3,0.0,282,0
11fe1c5d46beaa43e465c66250e37ced,12,2,5.555555555555555,360,0
bda5f5735a871fcc9ebec391623aad9a,12,3,0.0,316,0
c86a7277e2be972cc71a02c112f4324b,12,3,0.0,325,0
399c7fd2df59b31380138d3237ef9932,12,2,0.0,216,0
27af59df94f567a843dfc3fdbb02951c,12,2,0.0,164,0
b7a372afb16376229b23b8b18ea1f466,12,3,0.0,293,0
a07deb34f285caa83a350ee0678e1f67,12,4,0.0,402,0
a0be81dbc6247868df4b415af54e5327,12,4,0.0,413,0
68d6a2f03576065ff2499fd2e0db4cb7,12,4,2.808988764044944,356,0
3702ce9969026d0894730d990d0625c7,12,5,1.7667844522968197,566,0
53545c16d32219c4f69226ab85dab6d9,12,3,0.0,575,0
4adf6fc961b08285c0fe6f7674d774cc,12,2,2.092050209205021,478,0
7b66f50e8779b243b53677870a2c1729,12,3,0.0,385,0
70fd783cbe01dc70c8ad3a9c0d195924,12,2,0.0,332,0
ec3f58fd5fa0c771eab70c07f7f01617,12,2,3.4722222222222223,288,0
481949561dd934616dc1d6e17024446b,12,2,0.0,202,0
b06e4ed2893fbf00674c112d5eea8e23,12,3,0.0,449,0
5ad9df7f2bcbb6c51864ec7d68b89b72,12,3,0.0,458,0
3755685b9c4361b89e4ad72f6fe41da0,12,3,0.0,401,0
eb965af9a08da0ebe2ebb0463656dd84,12,3,0.0,328,0
7b273932c971f295bb8a1383155a9728,12,5,0.0,726,0
7a6c11b32c2524dda300e02682e6be48,12,2,4.8076923076923075,208,0
0d8a59f1b4898659660fec439e9dc868,12,3,0.0,312,0
b3740a998517496b7166d35a0fca0b8f,12,3,0.0,363,0
f465186020b89234c21b30655ba40bc0,12,2,0.0,381,0
5af86f7234e65899dd323dc1da846da6,12,3,0.0,353,0
5e33a07151fd31128d016e82b5d11889,12,5,3.9215686274509802,765,0
313119943b75346ce706e7ff49103c07,12,2,0.0,246,0
c563e0e59176e7e8a9cddaef6d79e3c8,12,4,0.0,463,0
d6785ae52f5ccecaa3857c84fb50dbec,12,3,0.0,320,0
7723e879257b8d86c8791ac8c09223a9,12,3,0.0,390,0
409e3b775ed35b06afac20afb7991d45,12,3,2.487562189054726,402,0
183b8a48c4a23339cfc0c92700023934,12,3,3.861003861003861,518,0
b764b81f53a3105ec977bc76c4f5c808,12,2,0.0,238,0
22ef8a5173f66744b9d9677639941da0,12,3,2.4630541871921183,406,0
085b6c649fd6623e23f17ac05801a6ae,12,3,0.0,245,0
e6b4121cb391ec75b43fa4dd854f7d92,12,3,4.672897196261682,428,0
81f63b10b0e5681761a5cbc53509c00a,12,2,0.0,313,0
2247e3e7a0b7e84ba93837f2747ae4e9,12,4,2.881844380403458,347,0
b7423106a1f42d0ea95e8f0be3d91945,12,2,4.716981132075472,212,0
f910a34c7d7c444dd47d2d847dcb120e,12,3,0.0,363,0
b72f87e49b5e2ef57675d25652387b6d,12,4,2.1367521367521367,468,0
39131f95614f9d03db0567eeb81bda0e,12,3,0.0,234,0
60b26ef576ed05c9dc76ec6aaeddd167,12,3,0.0,378,0
5d0147d2d5d6e0952caae45592119b48,12,4,0.0,421,0
1410a751b7ee1055626f95d6d9e9b7d4,12,2,6.920415224913495,289,0
adcc8260b7e8db9bcd137f36edc2f461,12,2,0.0,297,0
49df169c327ec4edf8b0c0939e3c57f5,12,4,0.0,481,0
41c8e1b220fb5ecafe21112f822ac9bc,12,3,0.0,356,0
f671736758cb590592e4544629a08f1d,12,3,0.0,341,0
d13f13c75f871abc566cf62f5c65b013,12,2,2.849002849002849,351,0
8d1a56ff9cb33fa5acf51f00768c3dd3,12,4,0.0,510,0
8f36c4090ebef5c4eae66cd3e820851e,12,4,0.0,421,0
7a9315649aa5d8468ed6e684fa7e0eec,12,3,3.4722222222222223,288,0
966109b771e4ecf5f8d4e4d971dd7638,12,5,0.0,752,0
1f8b30818d2b6916a0c36e17b4c7024e,12,3,0.0,420,0
b41fe97a0ff8115175238eaf3bf0c618,12,3,0.0,406,0
9c667a4f8e8acd1c17f4ff021ea2db98,12,3,3.5714285714285716,280,0
07e62bc4de74b9242d9dd95e3d52b4c9,12,4,0.0,455,0
40ab1507c0e158f0022b1d653639f7d2,12,4,1.9646365422396856,509,0
2eacd3a4892c7d9850fd412ba9cdeb46,12,3,1.7152658662092624,583,0
f8893a356c4123d191f8cee51c50d28a,12,4,3.508771929824561,570,0
7eb876dbbcf9e4f77fdeef53bb26c578,12,2,0.0,397,0
266bc107d6579348f4864dab11014fe6,12,3,3.5211267605633805,284,0
0426cdce15663075847ec55a70409c2f,12,3,0.0,524,0
cb8f3716778904e937e338d493e86b2e,12,4,2.2675736961451247,441,0
12847f8bf65b0bd74c033b03d5d4558b,12,4,2.1231422505307855,471,0
dbe7251d339437d84ba888cdad780e1a,12,4,0.0,683,0
822c1d18e36d7b5c65d34bbf723d3c0b,12,2,0.0,433,0
0566e1f136d618c756962ef5abc82036,12,3,0.0,319,0
7fa80f22ec9db852800e8f428dfaf165,12,4,2.5380710659898478,394,0
860e4a87ffb8299175afd2a4cafba371,12,4,6.185567010309279,485,0
edd41784e45fb3b6189b31794e0e84c9,12,4,1.8656716417910448,536,0
7e6c2506211b4e56f57f5ecfc42eb964,12,5,1.996007984031936,501,0
e0f21461e496390df0561e64e1ae862f,12,3,0.0,360,0
1b38f90726e7db98cba8859a04d85f8c,12,3,2.824858757062147,354,0
6157d06c8acfa50a12cafa71a96f6287,12,2,5.617977528089888,178,0
cf5ae04c5971c63be1c02233eeeb2c9f,12,3,0.0,350,0
1a52d1054376aa123f4eeb39befd15d6,12,4,0.0,428,0
6c971f9ca7473e5c47e0cb6e0ef237cf,12,4,0.0,398,0
32f25d1665e63fb3f4d8b20690f7aeff,12,3,0.0,301,0
b4a7f72e0985db4af344fdadc2fa4849,12,4,0.0,517,0
3effb1b550356e449e0fbdc67b45742a,12,2,0.0,287,0
14266fe76037f54579e4469955494d6e,12,3,0.0,401,0
7f53a7a844766e06c4b7f76d0f35118e,12,2,9.202453987730062,326,0
98992a1ba48aa884323e987debfe1a13,12,3,0.0,343,0
773ff771767cb0c415431421582d348f,12,4,0.0,699,0
d60b36d42fe951b7b566c917712860fa,12,4,3.937007874015748,508,0
4b062bef638289f6112cca88c051780f,12,3,4.9504950495049505,404,0
9dc81af49429a7ce91b2a6879361c019,12,4,2.557544757033248,391,0
8d0ba9aa15d417c34d8bd0d82bb4a16b,12,4,2.1645021645021645,462,0
a7e72cfa0335974e8478446f180b3539,12,5,4.909983633387888,611,0
46b725dd8dda3183108f9adf6d813732,12,3,0.0,396,0
c44468eaa1a4bb4bffba1d4f302fabb7,12,3,2.770083102493075,361,0
7f3631eee5afb940510557fe00c25025,12,3,0.0,253,0
c9a5ee729b85cabbd8c0cc52a6d837ed,12,4,0.0,425,0
a73e5df32d57ed1c38c65d3136308c83,12,2,0.0,238,0
6948eacc63d522b6bb825a3fef3f5087,12,3,0.0,251,0
381f4ea6c9ffca7d2f23f94d463f2cfd,12,4,0.0,449,0
7395b0950bf704a6b67af982f2202660,12,3,0.0,380,0
53106d258ccd624cdd0910820661332a,12,3,3.0211480362537766,331,0
86f6d2ba7876d4d4d9562a02f149460f,12,4,0.0,424,0
b92aa6664b14600b2c4edfd6ade11d1a,12,3,4.914004914004914,407,0
bc6f56319ca8e1cccc5688804f6b8396,12,4,0.0,441,0
696783716917049c9d8b8d6c012b5d02,12,3,0.0,239,0
1f81ba27727968d119bd5abab9cf362d,12,3,0.0,497,0
72fc9b1f07ccfd86d030333e898d4688,12,4,0.0,615,0
8dfdd5acf0f4bce22c6f099d9f49f067,12,4,0.0,558,0
ebccc3e6643cb24413a362c6096c6b99,12,3,6.153846153846154,325,0
412bf34cd2c7c15ac5430543e8b941c9,12,4,4.68384074941452,427,0
d173e2a1c64a53e7549819a14c253837,12,3,0.0,272,0
452cdac694786cd24dbd280adeafaad5,12,4,0.0,541,0
bcebc5a96604fada24dc0d08157f4e50,12,3,0.0,489,0
9b7649b6a9af9bfa46c3601deb108b74,12,2,3.8910505836575875,257,0
580e82497803dff0cc557d6b532bf47d,12,4,2.34192037470726,427,0
8bd6742bbe0443583f57066ec7a3889d,12,5,0.0,514,0
e045671d6b811cbb1828d19ecb26b5b9,12,2,0.0,161,0
2b9e3551299049ae97a123d1211a2676,12,5,1.4245014245014245,702,0
5251990631832d272ad5caa33611ba91,12,2,0.0,153,0
ed27fdeab86c0a22462accd761068936,12,2,0.0,206,0
b4ee8952f7344de60435a6f41b8b81dc,12,3,0.0,476,0
93f5a9e84e76c20c0651b90399c536b5,12,1,0.0,188,0
53eadf7dadd844068cba665ce56b2a84,12,3,3.629764065335753,551,0
bca1bf92c2a6b78cc35e07b6df731a3d,12,2,0.0,225,0
3f2efb7c3b586629937b5af7287cf858,12,2,0.0,241,0
d7d3a4a08ac1fe63b55cef295f92c71d,12,3,0.0,272,0
91624f2eeeb74840d23cea5f1c5fbb98,12,4,1.443001443001443,693,0
282982d78f534acf1da0ce8066c68bd1,12,2,0.0,414,0
b7ccb59da32e8f96cfb44e3bbd65c4a3,12,3,2.493765586034913,401,0
4cc255d0dc2eae8821db52cc1f619b45,12,2,4.329004329004329,231,0
7e43faa065ae4152e8a28b67b753804b,12,1,0.0,267,0
a96c329c92bc431bd819b77e3b3503cd,12,4,0.0,461,0
1a700cbe427d92b391a43ca28d313888,12,3,2.5,400,0
3ff6bf662d9e9406a7e876ed3811cabe,12,4,1.9646365422396856,509,0
a46a9f4e1b82a806b6f6c4abccd7ee2f,12,4,0.0,523,0
b67709670633abfc1a4ced749d9f8864,12,4,7.1301247771836005,561,0
d908ba5201701f06065a2de8b34f5911,12,4,0.0,481,0
2334441384c391d70bc2858b02cb4a30,12,3,4.140786749482402,483,0
d0a074263778ebd60be871658c1f61ab,12,3,0.0,460,0
a39b30f92e2b8322d35c345d4b4a1c34,12,3,0.0,411,0
2bb5d6b52b4d0e39c8fb5c0ea240463a,12,5,0.0,500,0
1172ac96588d7bcb7b56467967414247,12,5,0.0,953,0
30cb066523707af2d32c57f1dad0125b,12,4,3.616636528028933,553,0
6762bfc0f820672b4f53527182c12bb9,12,3,0.0,395,0
2732f57e80a61c65177c11a7f41d22f0,12,5,0.0,689,0
4765e660079a7c494a39af0af3cc9557,12,1,0.0,439,0
a7bad1db8ea8aa84ccf92bd481803f8b,12,3,3.257328990228013,307,0
e7d3e641f034cba01cbd26d7ec4704d9,12,2,0.0,232,0
af43281d0741c8dba3562f165e58bb9d,12,4,0.0,499,0
98e8bcacbd52b074a4e781ace47d75a1,12,4,0.0,674,0
eac349a9fdd5454f58b2856183835e84,12,3,0.0,335,0
f42b6386930f818b12765e519ccf7ab4,12,5,7.6238881829733165,787,0
2b918692e29e87dbcf42b8b97e9a58ee,12,3,2.320185614849188,431,0
fbaccd3a1738ea55c7e9ef5e2bbf25a0,12,3,0.0,340,0
7e5668be00c040af57dc345b134e68dd,12,3,0.0,465,0
c8dee0860f3e853f297ba24781f0fe3c,12,4,2.6246719160104988,381,0
c1db8a411dfe4b96c03b7747967184ef,12,3,0.0,448,0
4c0851d10b73d93cf46a3debf88617d9,12,4,0.0,377,0
0893c4c7de1d84f7a92492a5dfa351ae,12,2,3.058103975535168,327,0
0e5025be65559105cf6ac065351ba9da,12,3,0.0,318,0
bd49873bbe34b383311899c71cbd9191,12,2,0.0,244,0
e9eb031d663cf9997125ca5b12e3cef6,12,4,0.0,635,0
8b4a8d3152a6a76169e96421a0cb0636,12,3,3.6231884057971016,276,0
2f13185c29c96b515d402680991212a2,12,2,4.9504950495049505,202,0
a8462cdb0f95296055fab674758ff29c,12,2,0.0,373,0
ba0abc4c893bd75ccafd6e1ea70a630c,12,2,0.0,393,0
eea26fcdef1be6c39edad01c1e309d6f,12,4,0.0,398,0
d33cf44e24802ad69f095930f2735c6a,12,2,0.0,490,0
29c78f9bd5f43c51ce1530ddd189f0ed,12,3,0.0,209,0
abddb0e8bc5e0a6dee9ee4b9aac01f11,12,5,6.198347107438017,484,0
3c7ffc7bd285d908a835dca450f7eb33,12,3,0.0,483,0
90edd87765f383a930c6fbc7d480e6bc,12,2,0.0,246,0
180da7772df53f195662cb71a9b3d989,12,3,2.1321961620469083,469,0
efd3918293b9c1065503e5be511e3fb3,12,4,0.0,364,0
16604470be60c623b8122cf5d1425987,12,2,0.0,287,0
adb09847c6567b7acfd50e36671c194c,12,3,2.770083102493075,361,0
ac3aa715b80ad1de2e45c796f1c86c55,12,4,2.2831050228310503,438,0
a3a856aaeef26e6fc128bc676972cbc7,12,2,0.0,218,0
2bc42938cde59c765972357a7cef820d,12,4,2.1645021645021645,462,0
5fe2091fff6d0e857fe5c74c30473685,12,2,3.802281368821293,263,0
1dfb5776975bf6d11b34ca97c0772c1a,12,3,2.9411764705882355,340,0
0f417fdf09d50138a65cb3c3b432631a,12,3,0.0,456,0
5a8a3fd3f9fbaf4611c3ed62c4c3630f,12,3,11.560693641618498,519,0
5719bc6fb0ddd8d5c7e5165f8c0c90a1,12,3,0.0,434,0
6a4c1d806ecd95d7c68d07b6280ec973,13,2,0.0,191,0
db2c0ee4c2df6ace33f6e3ba9e80cf24,13,2,0.0,294,0
49303c6d3c871834a337f622b1a11cd9,13,2,0.0,263,0
260804e8b0a07f00682f59634d22b5d7,13,5,1.6129032258064515,620,0
ce890f26fcc42edc101483073ca160c0,13,2,0.0,342,0
3f9ae6c7cc0f479ba8d7d8c5ddb8d53c,13,5,2.0876826722338206,479,0
d8ca7d888b94d87811b8b91bf22def2e,13,5,0.0,585,1
333f7c8a1fce9542a9690511abc19d36,13,1,0.0,260,0
abda2e99d1ca900177ea23d640e41a59,13,1,2.05761316872428,486,0
d0ff38725e7d2326e46d17952ee31eb5,13,2,5.524861878453039,181,0
b75ce7a21719424f7e822285c1f3d494,13,4,3.003003003003003,333,0
d065747368dcd9e0ea5407214b70a7dc,13,4,2.785515320334262,359,1
3e2ad9613883dbf550d41b3685a75652,13,5,5.366726296958855,559,1
5e73ef46c961bea79308dbf12a2f5f84,13,1,4.566210045662101,219,0
12c98724aa1cb3b2e76cb3d4d88f1ab0,13,2,0.0,210,0
0667024dd474113ec29a02a250f1e138,13,2,7.326007326007326,273,0
017c2b2e73af88c634359aaf34cc3330,13,2,0.0,298,0
41d58ce3f9b4d63a8302008407960e67,13,3,0.0,267,0
4072b27b3eedce52fe97007045053e26,13,4,0.0,431,0
1f24d194c7c626bd735235c8133a959a,13,4,0.0,523,0
9180658f23ec2a7dfe35b3e3b3d850dc,13,2,0.0,208,0
ff1b1db83ee9fd92cfebc45721a60484,13,2,3.861003861003861,259,0
67f75447d42f6def777ed83cbcee9960,13,2,0.0,216,0
14387877c9b11cb31b39022c96e8e397,13,3,3.1645569620253164,316,0
851d9338ef3d2aa401635c87a6ec799f,13,4,0.0,350,1
cb282d4c3fb4f6881fe57ae62a03f974,13,3,3.508771929824561,285,0
3c5689d81c634f826c6430e32a6bd8d4,13,2,3.0120481927710845,332,0
d3317d2c9723cdd3f2b835ad56e7adab,13,1,0.0,173,0
16bff59313a0a59a02c26c0f20ee2fc3,13,6,2.911208151382824,687,1
03c4c55db2315e4281d0b0e57edfad3f,13,3,0.0,358,0
be8f97c3d3b43b4e070c1cc832287ae0,13,4,1.7094017094017093,585,0
601906a089ecf283a1105fd8194fad03,13,1,0.0,175,0
80b81db8707312909180395fc10924b4,13,1,5.882352941176471,170,0
3de74d76a66c7b0b4974d632024c0929,13,3,12.987012987012987,308,0
5624ddd04a389b1dd691eaf90f24fdff,13,3,0.0,430,0
1588f4deb6053de4c84ca0a28bb99c10,13,2,0.0,273,0
f2142863bc79d62ec4576050c1faca0b,13,4,5.291005291005291,378,1
70c4cd1fb79087e22693ec00b02ebb0f,13,3,0.0,371,0
34edfa07a755436571550a9ed20708f3,13,3,0.0,383,0
d9451659b492b10f8c10792ba79bf4ff,13,2,0.0,193,0
223a58ce6d938ed5672e21048fdb86e4,13,4,2.0366598778004072,491,1
6096d9092c07ea195e0a22638046afb5,13,3,0.0,405,0
1c760f63dec39f327dee79bf6d191995,13,2,0.0,306,0
8afe153cbdeb9fc25415d3a6a0073ff1,13,3,2.9585798816568047,338,0
a82ad5bccb547df26a1aa95208d783ba,13,1,0.0,243,0
cbb22f73c1672dea356ee2ad46545e86,13,5,7.434944237918216,538,0
7da6962dfb1e1f3ef623686338bd2b24,13,2,0.0,415,0
f83e7cc0b7e78d1ca3ad9afaf30b6570,13,4,1.953125,512,0
c29a240725d404f9066c1a5cf2dba75c,13,5,3.9447731755424065,507,0
144be432d1f34b24a2f90dedd708e709,13,3,5.333333333333333,375,0
92a59d63e7841fb6c202869d0017bce3,13,5,2.7472527472527473,364,0
aada7388d45d124b2f4057e369fb9417,13,3,0.0,263,0
6f2f4522dfdc443b280576a72ece88cb,13,2,0.0,238,0
5c58e934a7f5a4835539e605bfec7494,13,5,0.0,488,1
0f3eebf7f0860e52eb6fbe03a82404c9,13,3,0.0,305,0
cb6aca63083566243d008d454c0efb59,13,2,2.710027100271003,369,0
5899ced925921749e196de2e87d82410,13,4,3.766478342749529,531,0
643b1b3f1629883bfec517fe4525ba1f,13,1,0.0,196,0
a31dcc4141e793d35f01e82a9ff24eca,13,2,2.159827213822894,463,0
8e05ba8bc16772fcb2a4f9a0a66623c6,13,3,0.0,429,1
a734b86a3cbafffeedb7b01c53bac646,13,3,1.838235294117647,544,0
3e6397f77b89219c4744d82fa24140bf,13,2,0.0,237,0
a5222af8400bf7221f8859888dd1fde2,13,3,3.663003663003663,273,0
307b2930b17be3012680debc670fa697,13,4,3.4364261168384878,291,0
4a901cbdb8096f4944e9fd1788da9cc4,13,2,5.390835579514825,371,0
714b58b52ce2fd77b86872a1fbc263dc,13,3,0.0,316,0
bb610c8c77d95300d2c64f119479029c,13,4,2.293577981651376,436,1
4f58e12de12f03e9888e74ea9b1d2d86,13,2,4.694835680751174,213,1
020199735fc922099af5eb1a3411ce34,13,1,3.134796238244514,319,0
02e235e5852885ff3f3e6451d417ce1c,13,3,0.0,426,0
c9896df01c003e07b7e6b94fc957bd33,13,3,0.0,257,0
7bc60e9a638c2cf107d14f8a11f089b4,13,2,0.0,283,0
09e0428197994226e85c3f3309b81587,13,2,3.745318352059925,534,0
4059e7014bc4fc0291981010a69b42d0,13,4,0.0,383,0
13c66b3d52ac64f54fd6371337c8949c,13,1,0.0,271,0
db54eccb2ce6af44db71f04a0a97048c,13,3,0.0,285,0
1b0fbc2cacea9f7cd809c9fd155fca19,13,1,0.0,247,0
76d110bfff4445909e67682877e85d0f,13,3,0.0,231,0
b673e7eb3b86ab569355f4df7ae3008a,13,3,6.644518272425249,301,0
0a2bb13ac664a89a9a56b6a76c179a18,13,3,0.0,255,0
83be72cbfee52607c0e496dd88f97e20,13,2,3.7313432835820897,268,0
bdcc76b02b0170878b683150c3b5ead3,13,2,0.0,272,0
966b2e3f008822f3d1505c633ead6f36,13,2,4.065040650406504,246,0
f05b9170e2c47664d18bff314b8fa6a6,13,2,0.0,322,0
486c1d4fba0dc97f18fd2b9a9dbb4cca,13,3,0.0,241,0
ebc2ae6d101de5c536e735f08967f74c,13,3,0.0,380,1
c97989aa305fa2d788acc60bf178fe13,13,4,0.0,482,1
8588dce17278fc766fbed990545aec41,13,3,2.7027027027027026,370,0
ca7678f4e2f56a3ee167a4a894e468a3,13,1,0.0,253,0
5fe2d7d6a335a9543b3e22754913af80,13,3,4.219409282700422,237,0
53fa2518ebe6ff67f36c09e2548b9a57,13,4,4.866180048661801,411,1
133ccbbf68726312e3a9874074a1412f,13,6,2.6560424966799467,753,1
aea46bff2f2d4a23402f58da38abf769,13,5,3.663003663003663,546,0
19f304bcef15621bf520f73e53605b4e,13,3,2.717391304347826,368,0
3b4d4371b92c52325ee5c74821d9df24,13,3,0.0,393,0
8774fe51cd931abfdfa3be861f5fa737,13,2,3.7037037037037037,270,0
f1d8b50cb1abdb1c34b692226f423b36,13,3,7.352941176470588,272,1
91ebc3d2f40372d178005370bef2c8a0,13,4,0.0,577,0
eb860c9867fb73713257227877001edc,13,4,2.4630541871921183,406,1
3f42ef2a8b0241430651f650a7223cea,13,2,9.836065573770492,305,0
cafcc4ee82280d72d9a7f29c495e00d7,13,1,0.0,346,0
ad166d4c74e7be7807d98de8e7b4274c,13,4,2.849002849002849,351,0
7339bf453ddf44fd921b26677dc54f87,13,3,0.0,406,0
b43991d08f1f99957b6155278ccddebb,13,4,0.0,626,1
b6fb79a75cd27960fb9857ea56b01b0b,13,5,0.0,857,0
8cd26a6b98e9470846abb142bd6bd3b7,13,4,0.0,374,0
6bc22878021d6f55e44a9cf207f544d0,13,2,0.0,164,0
29f07797c8f84c184aab65b96e7e560d,13,2,4.8076923076923075,208,0
8ca2cab47edcf5f8ee78e42cbc20a9e6,13,3,2.074688796680498,482,0
4d5a2198c9139ed3d5f474c58f19ef4a,13,4,2.242152466367713,446,0
e48b1b83e4d72dd0a3a48a45059b3c67,13,3,9.25925925925926,540,0
6ae928b79a3db76a7b882b05e2e16369,13,3,0.0,506,0
41a65a91a08a40ac579e91c2a0a0542f,13,4,0.0,363,0
210a7ab1c2dbda590e2a8fcb98855d43,13,2,0.0,155,0
6355481a1673d2ccb4086a4aacf20389,13,2,5.9523809523809526,168,0
9b25af7af66b35f1be74cec4ab12295c,13,2,0.0,370,0
85c127b35a81126f0fac17681cac9369,13,3,4.166666666666667,240,0
970994c9f27290cecc8f05e021bc8907,13,3,3.316749585406302,603,0
d946d3c83b400df5e2555755b8528f18,13,5,0.0,724,1
fd7bb440927c647a335c9b99059363a2,13,2,2.557544757033248,391,0
f8188640519c24b74f42e9343ecfc39f,13,3,0.0,265,0
1d8f702ae50844f2b17e8086a0b3c786,13,1,2.7472527472527473,364,0
47e362a1cde608307f423b74acdc2f97,13,3,0.0,349,0
1c56d0a87308fdf04657a62d8214ab4c,13,4,2.5906735751295336,386,0
951cf192eda323b7e3c8d17fc4b803e3,13,5,0.0,682,0
46082ae9b94a41e7efbc7f81200a2707,13,2,2.9585798816568047,338,0
e1923cf8ead36aa7f1e4eefed8996568,13,4,2.7548209366391183,363,0
42f5b632119f8eb9ddf29fb9f3dfb6d8,13,1,0.0,250,0
8a7a89897f16ca5738801a07e8b42ee2,13,3,0.0,418,0
03494f30347639f73f5feb701910085c,13,3,0.0,370,0
1ea3b6690ed8e043e5cac727d1b0d240,13,3,0.0,322,0
9339cf7d8fb946aaa31fc3f4de66b883,13,3,0.0,338,0
5c58a612fb5457ec21fdb36995db3f14,13,2,0.0,218,0
93eb9daa00e7ebb224112384af1c5532,13,2,0.0,157,0
cda3501d74024988f6ee2f7577b8b76a,13,3,2.985074626865672,335,0
c9cfa6743f5020568ac5cdd4ad518afd,13,6,0.0,638,0
1a258ea2618938855d00881d1d10b626,13,2,0.0,271,0
c2ee731adfca8c16702748ec5acc2dc4,13,2,10.893246187363834,459,0
1a3aaa4ae5f5c8c77d4786e2e8e7c253,13,3,0.0,220,0
a3d4edbbb24dd1738d0c15202031e29a,13,4,2.293577981651376,436,1
76dade40db23a1a24c7b93f0c4883c35,13,3,0.0,357,0
888f04204a4666da36f1fe28d7b4d6e9,13,3,0.0,303,0
c77a44edd16fd3da321c1bf2d48bfd7a,13,5,3.6429872495446265,549,0
bd96d119a76cab42331e1703693c4830,13,3,0.0,225,0
625f14dfe03fea68b764a13695e6d20f,13,4,0.0,358,0
ee129f4faa7698cd48f663b624f5435b,13,4,4.601226993865031,652,0
f6a710cbecfcdc36af2437b0588939a6,13,3,4.761904761904762,420,1
a71bc1d52aa9ab9bd1243c24d44c4db7,13,4,2.2573363431151243,443,0
fc2a42e046db268e7714ac61312baf76,13,1,0.0,248,0
6a14a7dacf1bc6fde50a5634bf3da152,13,3,2.840909090909091,352,0
22a4a6001ab4d92484312d2054e50bb1,13,2,4.329004329004329,231,0
3e29121e4963c7cf8689dfa903c42d63,13,3,3.4602076124567476,289,0
c24d1b20b1f4d11b8498c82c3e7568ca,13,2,0.0,158,0
89ba8b8a5deb8db010aff031268b6853,13,2,5.2631578947368425,190,1
b2d8aadb27036ef59fad4941cde03b14,13,2,3.9215686274509802,255,0
eab1d8c9e6cf83839ac7ee8910bc9f8c,13,4,4.491017964071856,668,0
b6cf9a606840a5c55e4e1f35f114618c,13,2,0.0,183,0
5d1e473e6b9ead4b0f337f2d26b55943,13,2,0.0,266,0
466733b4abb8e4c2fde1456a43d4a406,13,3,0.0,256,0
0788fe4c68d31a631c0bc7c8292f4e11,13,2,0.0,368,0
536710c6a37c1774fccccabebfb38836,13,3,0.0,359,0
d71115a64e640f7d50e0729e97a579df,13,3,5.780346820809249,346,1
1938a3634becf03b4360e35596683492,13,2,0.0,228,0
bd7d53f6df84a867256af251c1be756b,13,4,5.089058524173028,393,0
1a55420d5f239be8344f3f05fd3b5ed4,13,3,0.0,324,0
bc8fc9bf75bbc34e9329da9ce6f92ddb,13,1,0.0,177,0
981b90e02bf43614a200ce957b7eb3c7,13,2,0.0,185,0
c08567ddeddcc8fdde6d2432f9676f7c,13,2,0.0,154,0
7aafd371a1064a6385a3adaec8c3c8ee,13,3,0.0,430,0
3c96732176b55f64757d689867e53881,13,2,0.0,227,0
9c91b7024b5160ab40c0e059b133cc07,13,1,0.0,315,0
53ecd76a7578b2a44cd9da74dce00af3,13,4,1.6920473773265652,591,0
fa86e71374f7ece9c22c71d8b595ffe1,13,3,0.0,222,0
ba9c08049f1cfaa19947a01dc5e0c9a0,13,4,4.3763676148796495,457,1
e63ce24414ab2d15238fe0e799803a2b,13,1,0.0,254,0
07196d05708033a2392a79d201d7a540,13,3,4.0,250,0
7ce852b834e3565ea93f7f6c71497e95,13,1,5.9523809523809526,168,0
b40c54c19c22bc78b55f20d55455df52,13,5,7.299270072992701,548,1
935a286ff2cfb04d8e7cc41a1ba441b8,13,4,2.824858757062147,354,0
553d0102ed0d6c5f8398db2b728aee27,13,2,0.0,209,1
8319cac00ed41096251351c84e12415d,13,4,0.0,639,0
c327da8f3e591a283754d0423e25d06d,13,3,0.0,327,0
12c9d9356bd987b851d407c581121495,13,2,0.0,173,0
6e90921c9e2ffbea0e4dfcfacf05c515,13,5,7.211538461538462,416,0
139c3b19fe4540188a6a569878d91be0,13,3,3.236245954692557,309,0
4733701980979bb0b565b5a1ce72e288,13,1,0.0,217,0
5d476c7f47e29579579e642163a498be,13,3,10.81081081081081,370,0
84c0acf191282b5fcfece45007e141a1,13,4,2.6595744680851063,376,1
2eceb8b6f10885a2c0d1ac36d38432a5,13,3,0.0,386,0
328cc292f8be74dc89099e84849466da,13,3,0.0,333,0
9797b265d3bc878500c5f024f0cf066a,13,2,4.048582995951417,247,0
135ace35a9ea2a4722981fe1e1cd8565,13,4,4.47427293064877,447,0
e6f1b52dedc6ab4cc90533652eb83538,13,3,3.125,320,0
54e0c791ee0b65325142230a57e0f659,13,3,0.0,321,0
29264e049b6d3eaa733203db42f4cd84,13,3,2.717391304347826,368,0
1293698aa53b9628d2a81873b0a651f1,13,3,0.0,290,0
04acf01423ecf5aaf680a0716ab9122d,13,2,0.0,283,0
529aeb08666e924bbfa9b5bc41626c2d,13,2,4.524886877828054,221,0
4d619af909a7a75d3dd0708294a0564e,13,3,6.289308176100629,318,0
67cb9be6b88991cd391f13c79d120da2,13,2,0.0,164,0
83c2cbad57a1f07c7df05f792bdef190,13,3,0.0,308,0
ceff917ef807f42c571358f4fc7da0fe,13,3,0.0,437,0
abff10df2f6df681c2e2641ffa730ac0,13,4,2.7027027027027026,370,0
957b8a489717e246e276d7d8048200a8,13,4,2.6455026455026456,378,0
195debfc75e370fcf3d0c42588cc0589,13,3,0.0,282,0
d89efeacc7da6ab5dff6deebe15bf551,13,2,5.376344086021505,186,1
9a78a7c7b06e1734b62336ce7f879869,13,2,0.0,264,0
1d3957657d039f5553d54dc3afb93d7b,13,2,0.0,186,0
0c6fd9a9f9fa61a3072948211f2a65c0,13,6,1.3850415512465375,722,1
5db2402695530280528670e16eac38b2,13,4,7.142857142857143,420,0
2d57def73965db8b16d61eb3041af98e,13,2,0.0,292,0
de60c84d897457ef2da5b7c891a97385,13,3,9.433962264150944,212,0
81976b33981ceafe58ff97306b9c2231,13,4,0.0,469,1
ca3f238ce308f34618fd3dcefa18db36,13,2,0.0,157,0
1b97ad6a3e7f6c1f9c98b04907492e40,13,3,0.0,465,0
e3fcf1e977b4cf52852bcec25e7f6b62,13,1,5.0,200,0
62245915d957653b123f32987d5cfc25,13,2,0.0,225,0
1bf42c5a7f38feee1661487ce38dd9ba,13,1,0.0,170,0
6f4d77797a450d437db517278d1eebcd,13,5,1.8018018018018018,555,0
acf7cb246bf9278044e080a27e522052,13,3,0.0,377,0
bcc891b935b8def4930fa8c8f99e4bbd,13,3,0.0,469,0
04db7ab1f1b2fc33907166b0fe887d7e,13,3,0.0,452,0
0cc27dc48822c808b324a55f83793f61,13,3,0.0,297,0
1d95c08a75ab7438896268e67c6dad11,13,4,0.0,342,0
796eadeac34f12e30587d51f7021b2fe,13,5,1.7857142857142858,560,0
c4f5397fef415675f2186186d8d2d108,13,3,5.376344086021505,186,0
f53fcfcc4b9a95d87d742afcd2a59c89,13,4,0.0,519,0
bc9151ac9548d931fd3240b6380fc60d,13,4,2.331002331002331,429,1
b8e4e65c2de49a60ea53d4437484a8de,13,2,0.0,237,0
b5d8436f1f93a66d972622f89a9e6990,13,4,7.792207792207792,385,0
34352e401683beb40ea8d14b4f474c04,13,2,0.0,344,0
52856019a05771cc40ff29035288f9f5,13,2,0.0,277,0
7cca660d9c59ad5b347b786c8316d570,13,1,0.0,344,0
4f9f0f8c73df0200cfc46ed49d88fe30,13,4,1.941747572815534,515,0
ffe80672a6527b45d678fb913164ddff,13,3,0.0,229,0
56c5e10b3a3ec415ae681f1f975de814,13,5,0.0,621,0
a926f417a25b08a01558bab2a354d295,13,5,4.008016032064128,499,1
3f5d6d545036b27b71876a186c35e944,13,1,0.0,151,0
990315087a3f09e8ec4f8f76c2886483,13,2,4.975124378109452,201,0
c08ec6a19903b5eba7ad7dd5454d37de,13,2,0.0,204,0
467999dad410713b3e4ff4421e5889a0,13,3,0.0,274,0
5f7331b57008d54d1b43ab79e1313a5a,13,3,0.0,470,0
940af356ef7714092380c196dad8e01d,13,6,0.0,752,0
1bb651884364ba564d311bd1137cc9cc,13,3,3.367003367003367,297,0
80026ad73098f489ca6b41642e07bfa3,13,2,0.0,197,0
053a9992e2a899cf5c625419f6cbee16,13,2,5.9523809523809526,168,1
df8b9e25650aab56f4381b2c1478f3a2,13,6,2.570694087403599,778,0
f6a2e0709734ab6eebd2e0f63bcf79cf,13,2,0.0,162,1
2941c97eeae68fc7fae3bc3cf6f31018,13,4,0.0,459,0
11c26b3d25da84e13d75f1739dd3791e,13,2,8.0,250,0
5249dc316b831233c998d6bab764fb51,13,4,0.0,338,0
453c4de44773aa5bb7b4a459f08b7c1f,13,4,2.570694087403599,389,0
3eb70212ec58d42715da2396e72f8654,13,2,0.0,248,0
da7bd78193f080825aa9181fb9bb348e,13,2,0.0,242,0
6bc0ba46768e770338932c07c1289af3,13,3,0.0,353,0
2786dd0e4de9969a53b78219ba762b02,13,3,2.6666666666666665,375,0
a509536e2c626f825039b6251854c52a,13,3,0.0,533,0
0637f0c00663d94bdeb1f37cb83b1043,13,5,0.0,732,0
3d680f2d09033e6cbe5c8f53bf27c993,13,3,7.168458781362007,279,0
a00e234977cf15bcc9ce16f683dd0510,13,6,2.5641025641025643,780,0
6c30c428973f03c89e3a6b92474da09d,13,3,0.0,373,0
65da86faf46a2d21647235a45dae91de,13,3,0.0,390,0
73fdb6fd422da0d70e883169f35a772f,13,2,0.0,299,0
b69aba6d89292c9a736eed46f1bea422,13,4,0.0,322,0
7b7e075fd5a97446f5805ca94227eb7a,13,3,2.6178010471204187,382,0
e6cad8241f0c17e4a655ff2e1111a939,13,1,0.0,210,0
5901fafc8318ec44ea9d7376a1207858,13,1,5.649717514124294,177,0
4bf0e6f0008b47141db8fe637dde2fa6,13,3,2.197802197802198,455,0
2d5948f7d5edad8a3be5ae44bdb545e6,13,1,0.0,180,0
c2a32e11c913a23bac80c14417db00c1,13,3,0.0,274,1
117ea065569843de3beb11f5462a14a9,13,2,0.0,173,0
6a3ef38264ea189dc57bc5cd45b1094a,13,3,0.0,293,0
afcd326a4212bd5e3665f07a2b6bc9cf,13,2,5.714285714285714,175,0
d6c615e5d5b3217736c04130dda5f7cd,13,4,3.02571860816944,661,0
987abc5b0090800cfd0e379d86563fa8,13,3,0.0,381,0
481a7acbe93196c269cb6b54ae104910,13,2,4.608294930875576,217,0
c5845c875fbed03b8f03c107c48498cf,13,5,6.0,500,1
e2af72ccc95f2e394b7e1a83c3b4df3b,13,3,0.0,303,0
96d5cffeb0b93e3799939e27d274c44a,13,1,0.0,214,0
9f7ddaeb673fc495ca50c333cf4dff84,13,2,0.0,241,0
99090aed6c86b95b26098a86d66e3028,13,3,0.0,283,0
2626bc5e71c1c8564d01f55e390c0ec0,13,2,5.1020408163265305,196,1
705490a593659163bf931bcc53cf3ecf,13,4,0.0,561,0
d0767f15cf643f260ddd120494689191,13,4,0.0,370,1
12b658cbc64685540de480a30832eb85,13,4,5.167958656330749,387,1
b34d48808d0fb100bc4c31a43223b06b,13,6,1.1862396204033214,843,1
c3e2b53934a50cb3db7db69464537719,13,4,4.273504273504273,702,0
5c62c8bab010f1774fba024d70456f59,13,1,0.0,188,0
47d171a82868ba01aa30c4d3e9c72f3f,13,3,0.0,258,0
e9e4b3e281e46f98d8b94a1f4b65faad,13,4,2.293577981651376,436,0
74eeba6a54106d235411afbe33b34229,13,4,2.262443438914027,442,0
d4afa12171f311623bc9b0ace43f3caf,13,3,0.0,410,0
6e165bda5a6036585de6f8453c4f3099,13,4,0.0,381,0
2767e5c7268e395c166498c43a9e6801,13,4,2.8735632183908044,348,0
d71830c27c1d0aba88225addf1e2196a,13,3,0.0,519,0
1c5797eff0f5dbc4d3b3f3b8eb3750c2,13,3,0.0,229,0
e161d2f2b0db49599b8a955dfc4cd555,13,2,10.362694300518134,193,0
053464bba895d538fb1595eed086e7a2,13,3,0.0,410,0
65af0fc60d169e51f9704bafba93cafa,13,2,12.820512820512821,156,0
a1d4d331084fb9c23dea3866e0cec002,13,1,0.0,515,0
ccb8b516629adee531774313619a074f,13,2,0.0,180,0
af9111aa6b232cf040d35c18553e7e31,13,3,3.4965034965034967,286,0
6d9c039b9f59e1be1dbdaff17c489b07,13,3,0.0,325,0
6a4f20d202f0da21103a67143a09bf8d,13,4,8.620689655172415,464,0
833c79d1c993b7e4adbec7745e021d95,13,4,0.0,557,0
f2cd1a93bf452575d500a94223420857,13,2,3.597122302158273,278,0
e67707f9dc4d2795157d8767cc5eadf5,13,3,5.221932114882507,383,0
5924b142a7642227e02a4958395bdbba,13,2,3.7313432835820897,268,1
8bfc41ce02bfbb5835710a0f7d9ed1c0,13,2,8.733624454148472,229,0
ec1e7d06b75783093692e379904931dc,13,3,0.0,418,0
f7d1d988b7ea18432e8cf4abb0b7d7e0,13,3,5.0,400,0
e4c2c661bfb74a1a73c1eec23c0c2e8f,13,3,0.0,433,0
81ebb502fbff9e190ddba3515debade2,13,2,0.0,195,0
3854a177acbaaa983a2b3c6033dd173a,13,2,0.0,282,0
e3076b366b1f174013c74244e5e6f019,14,1,0.0,287,0
a32ee90d772dd1a861f42e215365d658,14,3,2.6178010471204187,382,0
f245e08ed10388aae3213696e0bbd357,14,3,4.761904761904762,210,0
756b238ab1df1f5a299e6c404a15e420,14,2,0.0,199,0
0ae9ae683fbfaa80118aa6f66656d6db,14,3,0.0,271,0
d89a8d6f479b7b6dff503da79199962b,14,3,0.0,375,0
9e9de2c6aa42152e55e8d0739de831ea,14,2,0.0,216,0
2729609c81e38b7e31905facb6549100,14,4,1.86219739292365,537,0
6a584e523fecac7e0e26de299d3bb9e2,14,4,0.0,436,0
7b79982b3f72bab14f52e38f03817b9a,14,3,0.0,305,0
2a8c98a36f97377e5011b1bb1b2895cc,14,3,2.288329519450801,437,0
16d35cd6c99d12d34a6877deedaff83b,14,2,0.0,457,0
89a5d6ffa0b82b91e8d855b54503ef9f,14,3,0.0,390,0
7384412632a498961e3b45d8bf6df621,14,3,0.0,432,0
424ec656b0b7086cd0f76d8d4cb494c7,14,3,6.944444444444445,288,0
c153621d90de8b24adc7dcf9f9312650,14,4,0.0,475,0
1dab78060a509a7574b48c822ec1b047,14,4,2.2988505747126435,435,1
9b5e5bc9c7648e40966e38eb9d4aa21d,14,2,4.201680672268908,238,0
c8077c2e0d5be3295bb678873ca0c283,14,3,3.389830508474576,295,0
4f814e9de711f1b0e9e9b5c193eaddee,14,3,0.0,295,0
74f1fa70dd57eb81b807f47e69ee5da2,14,5,0.0,727,0
e9000e591321303bf5de59d0de46edd7,14,2,12.658227848101266,158,0
bf44f69657da0182f39e062b8c2a3cc3,14,3,3.6231884057971016,276,0
57b0c1264bf5c4f689661e7d2382689d,14,5,5.905511811023622,508,0
2e8d058d4896fbcb27fff5cea78aa438,14,3,10.660980810234541,469,1
cbfba447f6be8958d913b5f0178bb2e2,14,5,1.6835016835016836,594,0
13277f148efe847d4c96c659af8e478c,14,2,5.9523809523809526,168,0
4ea23dcf34d04b088313d14a7835e5cc,14,3,0.0,200,0
fb814d3999fe1f4b0f0f600ac75b6737,14,3,0.0,248,0
923e0e555bd4820ee539ff0dd4102a28,14,4,2.487562189054726,402,0
f75524173e627eb58183327ec13dd094,14,3,3.861003861003861,259,0
ee218a30e19cf458e6f16785beb19c81,14,4,1.6611295681063123,602,0
84ec3e5b35dca5dbfaec5c4985e9b70f,14,3,2.380952380952381,420,0
f3012f51f1bfff8684c02c0ed802ad01,14,2,0.0,321,0
1221d00cae954e3632aab2b08717cab5,14,3,0.0,346,0
0f97e85aac19d48379deb1fb578bcf14,14,2,0.0,222,0
8890d3b1b8dc6a567133b571b192b629,14,3,0.0,188,0
279447f3a567d477833f9f4d234dd50a,14,4,0.0,432,0
1480b17ea96a7842871a71f8fca9175a,14,3,6.928406466512702,433,0
c531663448d67f154c84ed65410a31fe,14,2,0.0,297,0
ba8644cf069c9307416ec606e5e14ff3,14,4,2.2172949002217295,451,0
c341d8e87a24fb31379e3f1a24e3ae10,14,2,0.0,333,0
1bf4bad9ffbef7a323397600d72275e7,14,2,0.0,344,0
f138d2842048c689b45e967ce74c5a36,14,3,0.0,216,0
92429db7731b1deb7d81e2d50a3029a2,14,3,0.0,431,1
9c460161b0856bba53f486c31925a723,14,2,0.0,245,0
85e1caa79770116544090707cb8b18fc,14,3,0.0,320,0
f55ff1f3ff7a7edd829c582d05663a01,14,3,0.0,358,0
fabe5ac4e5f55ef2c06fbd9c4fbf5c0d,14,3,0.0,289,0
66eaf814df224f6b13434dab731dc651,14,3,2.4271844660194173,412,0
4cc823068b3d3157bea4db4e911cced0,14,5,0.0,424,0
259d711349f19c8a9e2864789e60faed,14,4,1.7543859649122806,570,0
f5d3a7311d0b5bea9f175976a93faa3f,14,3,0.0,215,0
cbf1791b0171c374640364a70870946d,14,2,0.0,255,0
297c11d2623e9bb573acba6caacffadd,14,3,0.0,582,0
4e4212d3c05529001756506979ea2c28,14,2,0.0,203,0
0dc49b0f8fcf3639a67bc8b87053d3ec,14,5,4.395604395604396,455,0
5f85f33beb9ec736329958ece910a1f9,14,1,0.0,206,0
1583b37e6591394cc92be4a43772dd72,14,3,0.0,560,0
822e5b8cf34264ab9b2ec2c4fdfda72b,14,3,0.0,326,0
ea916903d586a83f20b4ed028e85feec,14,1,0.0,160,0
0e37419cd9711d0651d79c68454e1600,14,3,0.0,265,0
5706f94b627bfa726c964270e599c566,14,4,0.0,415,0
8be3a989a2841148b3c92b0e7874c3f4,14,3,2.7472527472527473,364,0
8ae92fc9dac54c6e2d876fe2d321aab6,14,3,2.544529262086514,393,0
bbc3c2386bb401c881610f0d597870b2,14,2,0.0,166,0
5a193874e5169d4245bc321bec5c3917,14,1,0.0,206,0
670a842b804b45d069dd7cc320b07820,14,3,0.0,285,0
bbc0ac91ad9b4da17ab691f73e20af18,14,2,0.0,384,0
a9a099665540dd36b32c1b955ae5eea6,14,3,4.132231404958677,242,0
9b7a711fc8e54f102a7f41312fe25ab1,14,5,3.284072249589491,609,0
01ed3082ecdd7ad1d486c971132091ac,14,3,0.0,229,0
c37d4cb95dd51c3181597a67d9dad3de,14,4,5.899705014749262,339,0
1952db5fbb13e68e99b4ea73eaf78bdc,14,1,0.0,171,0
2a937ee714ea21c9d7a0b9c4b7f37fe8,14,3,2.577319587628866,388,0
199c20901d083099327391b9c09d042f,14,4,0.0,571,0
28978e2a3c6958314784282cc861afdf,14,4,4.866180048661801,411,0
053ee2af48c97dad4d668846bf943ec9,14,3,0.0,216,0
72687a4dc7886abf79fce55c7948fbb8,14,4,0.0,381,0
c9a36b8334142c1b60bff845ef350358,14,3,8.23045267489712,243,0
87979a4b6b5ff9c5ac2cab279a4b1e85,14,3,0.0,260,0
948172a9a73ca45bcbf72290decce05a,14,3,0.0,566,0
3c0415154cda11a29b7891355872d5ae,14,3,4.878048780487805,410,0
ca9f3c57f68b8a590027eb35bfb6b525,14,3,0.0,187,0
4d208afc172e35c46d92110d140ad8c2,14,2,0.0,217,0
b72b1667b4b71f4f05358f4a95d85fc5,14,3,7.4766355140186915,535,1
19d6ad10e4517db129d1108da31fe02e,14,3,9.433962264150944,318,0
7bb468cc36b2b3e160e4c5152a4a71f0,14,3,0.0,362,0
011123f9ac0677535f8585a254ba86b8,14,3,3.4602076124567476,289,0
ea6210f2cc7230a7fff9acbe43b67f30,14,2,13.100436681222707,229,0
890cf79cc5476e170d2d3e8fa17e47f7,14,6,7.621951219512195,656,0
0cc2ed351847fd8a3e6d2ccf52c25fd2,14,2,0.0,261,0
3c541b236a9380df3ba84f09da76ec7c,14,5,4.88997555012225,409,0
da73cf7fac13e20cca0eeb4b897c90d6,14,4,1.8214936247723132,549,0
79c7413a0cfa6bbc87a0379d3a3bab05,14,4,3.2679738562091503,306,0
3ac6cd228f76f221e22c387af430b495,14,2,0.0,276,0
f3aeff207116b6992543c9c40b8c60bb,14,2,0.0,233,0
aa4cc4af1b3b21938f5ff0584cf6445a,14,3,0.0,295,0
68400fb63d9d02d11d84b362bc99d2d9,14,5,1.4970059880239521,668,0
b9796f7ab6953cd306128f95a88e5b76,14,3,0.0,294,1
61e22e9a9f6309cc9437fb343da71099,14,3,0.0,548,0
9a39e95b4341ded7bd3aa0e92d4e97a0,14,3,2.6315789473684212,380,0
c663ad0a5048ca1879ce5225f7675a69,14,3,0.0,243,0
acbb0069e8da90ec9c3b8b4fdb54f0e8,14,4,0.0,495,0
0c3d7b6561f56419ffcf722a7ce23e50,14,2,0.0,187,0
8851a6339b2984db232143c7cc5511f1,14,2,5.4945054945054945,182,0
24ae542ceb04f0910d2f0b62844e8bce,14,4,0.0,432,0
bf4bee8fb68301033bdab28a2a59e916,14,4,2.0964360587002098,477,0
1b1659cbfcecf67a5d7f687f309fa7db,14,3,0.0,251,0
91f826f432b826462f486d630213a986,14,4,0.0,426,0
003f76232f7e799b0ecbb7d5aa8b018a,14,3,0.0,449,0
21981d7adfb85c7649620a81209791ea,14,1,0.0,265,0
3b8b6b30d538d640328d807ade3454fa,14,1,0.0,184,0
fb9cb8dd872ff055b36ac5e9f1a3ba61,14,2,5.882352941176471,170,0
5459405652eed9f9528b582b30580e5a,14,2,5.2356020942408374,191,0
958f9314b14f0cf356ad168a24195e20,14,3,2.3696682464454977,422,0
ab790bf0f0b3fa023fba0b543651be5f,14,3,2.8328611898016995,353,0
67a3d8a73525a021cec2c2730a0a6731,14,1,3.7037037037037037,270,0
57f1ef45840b5e2450344d0ba937a028,14,3,0.0,362,0
e5d500bce891ffe7c2b597f616476fca,14,4,0.0,467,0
606d37927ca2bc5fcb1601ab8e068287,14,3,0.0,422,0
2b11e6102ff4429d5a78d9a8a72dbbb8,14,5,1.834862385321101,545,0
05303593e39ff46a4733eaaa4c8c8de7,14,3,5.633802816901408,355,0
a5e5185ff492b9fbb84f23710e80506c,14,4,0.0,359,0
614b9dd572105903c1498b2f8b2da08e,14,2,0.0,170,0
43eb12a9a8bb94653f09b7cc95de98c9,14,4,0.0,405,0
550ea519f9839c157b33e4189d6158b3,14,5,3.7105751391465676,539,0
5ede66150b0a12518e4b2c346aa109bc,14,3,1.9569471624266144,511,0
19fbb9a62433facd1e5f55abe1f6761d,14,4,9.925558312655086,403,0
0777ac82e2c0926413a3ce3f149c0370,14,2,0.0,184,0
e2c89602ec38f0b4535452f10c602f30,14,3,0.0,226,0
8a5b9cc069809fcf591f995f3257b48c,14,2,0.0,164,0
594ce6d0cc93c4fb5e290a2de94c4ff6,14,2,5.714285714285714,175,0
43972ecbd4c79d875ceecc9857f6d040,14,2,3.861003861003861,259,0
61226e2aaf48ae478edb2305a354e95c,14,2,0.0,215,0
a654390a4ce9240b745cc5467787c834,14,3,0.0,296,0
23853f43c8c87304ce08f7b00f95a0d1,14,3,3.0303030303030303,330,0
cee73c1b5791d1fe5c2d49235c36d805,14,2,0.0,197,0
5163cf76abd37aa791196da65fc33f77,14,4,3.2467532467532467,308,0
5aa96ee6cf8b79247863bd838b6f1162,14,3,0.0,336,0
fd3594c09d3b7f828cd4e68ddc67a517,14,3,4.3478260869565215,230,0
bcc43747ef488998576dc32dce9c5296,14,2,0.0,153,0
981b65bd3935f2121afb557299131914,14,3,0.0,342,0
53f8faddf337aa7409d6356d940a9ca6,14,2,0.0,410,0
90e22a92ce0b698ae840c77edd95f5ca,14,2,0.0,212,0
b082b84fd880c061fe1ddbaaa4a56697,14,3,0.0,351,0
55f337dfda88da744d4e593d656a51f5,14,3,0.0,308,0
d7da99b77d8ed0791eb38b600feac14a,14,3,7.751937984496124,258,0
42163cbd22e9181637ee5d109a98151d,14,2,0.0,244,0
926ad1aeeeaa17e2c65411575129e11b,14,1,0.0,321,0
a22028186ff87e9a47cee6b50e218ad3,14,4,0.0,378,0
16872fbeb2f46fbecfb2b7cc04209d7a,14,3,0.0,262,0
0f0c3076fe3e4656bda8de45a09f3269,14,6,3.9011703511053315,769,0
809db5fbf4d90f533b11425841759232,14,4,0.0,419,0
2e8beb5420dc36db0a89440d1b08c67c,14,2,0.0,271,0
5214bc296b6cda8e4d3b4c7b154d78cb,14,2,0.0,343,0
d22d8deb0752692359953bc57b68d148,14,2,5.4945054945054945,182,0
ac82a4489bb9cb45a3c72f863603ee6a,14,4,3.5398230088495577,565,0
cda0ea37be2d5865db14e25a4ea17c2f,14,3,2.7027027027027026,370,0
79c75c81335331f95d6423bbc4799b3b,14,3,3.5335689045936394,283,0
4a23a69e9a002ee8168e4af6c05ab7d8,14,2,0.0,207,0
5bc18710af88ff36de4d1b452f9ea31f,14,2,3.717472118959108,269,0
bfdd0f1aa0e2e2f1b2a952cb61b423db,14,3,0.0,252,0
ff8188b41ed87303dbc2f04cc3f1790c,14,2,0.0,173,0
0e307e6b4fe2180217b369ffc1a1ec46,14,1,0.0,573,0
3312d593e2ee95ef08ea2b19a40b6af1,14,4,0.0,364,0
fd21750c1d062cbc908b2e92aa1dce5b,14,3,0.0,389,0
34299ee9cf5cfe94be07121b3a8c6a69,14,3,0.0,376,0
85adcfe5969195717d73b2227ad878cb,14,3,0.0,371,0
3ab399d24361b488659ffe4502bd9f0b,14,4,5.747126436781609,348,0
4f08835cc7596d606ad07b60e9865625,14,3,0.0,270,0
8eb057638e194e7c80f383d3f3b40b01,14,2,0.0,212,0
7a0bcea5eb8737c56019a92178832aed,14,4,0.0,411,0
3bc82bc9a7d549ac88a3f3fa99886122,14,2,0.0,155,0
0c8cbf096a5614d238a07ff216c2eff5,14,3,2.5510204081632653,392,0
2ceb365b25f974af56a7ec72dd0c7e9f,14,2,5.714285714285714,175,0
bc1ce3fd9b199f0bc6161053f31142e5,14,2,0.0,168,0
0cb8042ae56b0b65906004eb79758e41,14,1,0.0,152,0
f6e33373b0a1b30f5881a48c4ae96466,14,6,0.0,662,0
077e0aa9b2a1488662eee7208755f39e,14,4,0.0,371,0
ba8954308899e7410719d71b8617974b,14,4,0.0,548,0
71c6a45bb5ce706b0508ccc304d48df8,14,4,0.0,387,0
8d0d481a8d793896d487be066d4c23c8,14,3,2.7624309392265194,362,0
0ef35c6dabe90e00c3a0426a7345cf6f,14,2,0.0,212,0
1905b87a8ffb5b88ba23a6d93dfd3b55,14,3,3.690036900369004,271,0
905222a7e5ad0079cece1c5e1d249797,14,3,9.523809523809524,315,0
1a8575af108732760849e3d6082bfdc1,14,3,0.0,276,0
bd7057c5962adda0b98f358a35ada6aa,14,2,0.0,292,0
2379868905827e02e2bb05fa1a0b49c8,14,3,0.0,472,0
e18769a641be4ce1b15824234c652898,14,2,0.0,160,0
24ee9c7a95ebcfd1f3b64a8894259de9,14,4,6.024096385542169,332,0
1be4b00807fce6d81822301daf8f8956,14,2,0.0,214,0
2d6dad2345879d9204201a8f4b21c4f2,14,2,4.048582995951417,247,0
6c74b4456bbe33d71d08ee8ea8ded744,14,6,1.1848341232227488,844,0
9ad45461f5604063396797a52ad834f5,14,3,2.5906735751295336,386,0
69db9b34c5efd0c400397cdd081e0b62,14,4,0.0,457,0
fe6e4050ad35a20c504970e1394b0e36,14,3,0.0,339,0
696716e1a6ddc88c32a5015d4e15596d,14,3,0.0,431,0
dfd9328d8fb1a9c4090a5f2e85ce7fb3,14,4,2.680965147453083,373,0
b045add07fc7ee3d6735920bb4608d19,14,3,8.130081300813009,246,0
93ceb362283d0c53224a49b9cfb7ddac,14,2,0.0,360,0
2c87109a3c60a4b984af7032b8be5b38,14,4,0.0,360,0
e62358fea799df8d9c98a027874efefa,14,3,2.493765586034913,401,0
c280444b4c4d03796379c6f45d59851b,14,2,0.0,201,0
f0dbd24ab447d525c24977cc0a8dcbe9,14,2,0.0,254,0
0b1f65ad759e1115ae9b073a1c76d782,14,4,2.2988505747126435,435,0
d7eadfa879885c3f8eebba6250947101,14,2,0.0,356,0
7cd6bfb146764f0d76fb6042f8d75c8c,14,3,0.0,284,0
67e05c3a88cd07da605e5a53e4e0cbb4,14,3,2.816901408450704,355,0
0550c849e80d906da3a1eb8693b62f71,14,3,0.0,227,0
b669d8181eb42a73f5d1b8c25aaecafc,14,3,0.0,390,0
62710e4e2288711204264fbdc4abb349,14,3,0.0,245,0
319c0ba884de50f5e18589c6fe9f123e,14,2,0.0,214,0
f33f741fc84ded72b69eba5cfa313f90,14,3,0.0,259,0
5a32475627812b47dfa6ef8965b2afde,14,2,0.0,189,0
5cd01415276a30ab994a5f532ccb318b,14,2,0.0,198,0
4df26403ac3fa96103bc9e3c28dc663e,14,4,0.0,419,0
fdaf6999b4b2e995c51bca2871ad52f0,14,3,0.0,307,0
23a36f765ec456ae13775f7b970a5ffb,14,3,8.064516129032258,372,0
0f52123ad7f763bdcc90fdfcee8bff2b,14,3,0.0,263,0
d11b9f686afda84be3b8c85130f6bb72,14,4,0.0,360,0
0dbddb60706e2eda31f7effb6af9cbde,14,2,3.8910505836575875,257,0
6be6c9decb8b419aca94819a6b5442df,14,3,0.0,641,0
4a289c21060cb9cab63eb623f66b2853,14,4,2.8328611898016995,353,0
8fb44e8f34a64bac788d37cf5df07669,14,4,2.262443438914027,442,0
0e4eb95cf12cafadefdcd52041dcbae8,14,2,9.523809523809524,210,0
ee2af67f718b37ff93110715252e2bca,14,3,0.0,487,0
16cb367d8615a91eae61f2e3d5429e43,14,6,5.319148936170213,564,0
fc9273e59f617ad52dffc05226312716,14,3,0.0,281,0
215c091c410215f0c82383650151f8b5,14,2,0.0,174,0
0a170d54b51c6e3824c10aae68f3edec,14,2,0.0,345,0
5064acb5b3098fba6715ee3a0aa078dd,14,3,3.0395136778115504,329,0
477004436d2eeaa7219cc58d1abe7555,14,2,2.2831050228310503,438,0
3cbe219a2feceeb232535517de376f9e,14,3,0.0,301,1
f4dbb3c12561e4db192afc2be2eac89f,14,3,6.134969325153374,163,0
5f1d92885f6883fd895e68807e01dbc5,14,2,0.0,164,0
5d25077cf002119933c015b76eeb4b47,14,2,0.0,193,0
94f83be6cb4630d1bb0d9d455fe2d463,14,3,4.016064257028113,249,0
132620989bb5ebbecaf616eb9a1ac718,14,2,0.0,205,0
0c26684a1b5895a5ece67119e8b5246a,14,6,2.642007926023778,757,0
03ca53fd542cb011d6d604932c299f76,14,2,5.025125628140704,199,0
23f38be77505e1ce6df2c27285dc0956,14,2,4.830917874396135,207,0
f951b44c15c73e1b9e88224447bbe3d2,14,3,6.097560975609756,164,0
b62af96e305cfd07086f7cd704840d91,14,3,2.493765586034913,401,0
4b18d6c9a1639b0dd7892091d07f2891,14,2,0.0,169,0
4625b2fee41305d14997a6f20e74d3b9,14,3,0.0,278,0
20048b2293483cd0c713728e9a703394,14,4,8.385744234800839,477,0
69cb72dd3a75d876daf7abd23b244869,14,5,0.0,476,0
53e9a7ff0a9e1b27ce7bbc950d403d35,14,2,0.0,213,0
7d745436b13605434e6715c5445ad56e,14,4,2.710027100271003,369,0
17567c0239209a0635c79716d2c17c22,14,2,0.0,166,0
834986c4fbd6d0eda322869d08b832d2,14,2,0.0,263,0
7c99080514c8993367d0c3756795c66c,14,5,0.0,594,0
bb7b4f91387e1ea43b424bee4f972526,14,5,4.8,625,0
756f02bc5a7a663b1af4854124822219,14,5,0.0,459,1
c82cd784128a8e0152cd4a6bb4563be4,14,1,0.0,189,0
d5720cc320cfe38a8f4eeec2e0214d70,14,3,0.0,344,0
649b972dfbbb7da9c9070726644828ab,14,3,2.5641025641025643,390,0
17d0f6547cc87e0026691a64a1ea185a,14,4,0.0,497,0
b76c80c79f3e428d047fac61d794ecb9,14,2,0.0,251,0
8529272f219c485692403c5977be972a,14,4,0.0,411,0
bd3d8a4981e9ee436f13b4665823cee8,14,3,3.3557046979865772,298,0
68a93737cbd681fd1a14a834139028a5,14,5,1.953125,512,0
bc542dd05ee555052431272abceb6a49,14,3,0.0,418,0
e324a0e13a1c12c146dbf073d767b785,14,2,0.0,235,0
2774e22d3cd24c57e2fa6295d39f5539,14,3,3.3112582781456954,302,0
9c28962b2f91cc06c7b42104587ef734,14,3,0.0,289,0
0edd52d3d3685d030b4e74224a6be063,14,2,4.273504273504273,234,0
babd03cec00f5f1c305c32aab01ec4b5,14,2,0.0,166,0
93480653a6f01746da8730588644a593,14,1,4.237288135593221,236,0
7dcf6b12c09aab2a40f034093512d761,14,3,0.0,414,0
6966ce58a887a7d3adc3f80de3c649d7,14,2,0.0,190,0
ef725912fe192fcb4ede514e31e97595,14,4,0.0,528,0
af496c86b477022a365497c368bc10f7,14,2,0.0,163,0
442f2571496c42419ce2de8ad6428001,14,4,2.4813895781637716,403,0
7dfdbad708e3f41a18bd36be760d080d,14,3,0.0,240,0
88d068e1d9d315c02b865a0ef6da97a3,14,2,0.0,233,0
f4212189a3f0bbaaa13b2370666b7eb4,14,2,0.0,299,0
0fe69233f612279b668ee3a0fcd904d9,14,2,0.0,161,0
87398de3f599916696165ab70cf9308f,14,3,3.690036900369004,271,0
67a02f4178af549a35a94d7862e8b106,14,2,0.0,161,0
67a0aa4aede11841631ee1f2c9bd1b16,14,2,0.0,206,0
7550c70b27d6a87eb9451e5caddbda9b,14,3,8.032128514056225,249,0
682773070ab5f21b1040188179848b94,14,4,0.0,509,0
8417b72c5791bf397ad26af43774f1c5,14,3,0.0,233,0
e7b01511fb30913068095fddc9437910,14,4,0.0,474,0
f47bd07f31e88a49fdfad65d212f5ecb,14,5,3.2679738562091503,612,0
dadfac38b017ada4a1b428e8ba816b26,14,2,4.405286343612334,227,0
1871d2c14d3efc3cb6c7723cc6684e47,14,2,0.0,206,0
d2a7aa3aff28d2a4eb3554557ba858a4,14,2,0.0,279,0
9bedb2742a1d5f39f8fafd7bffffb305,14,2,0.0,241,0
f01c6b1346fce72fcb2dd297c9598be8,14,5,3.1201248049921997,641,0
2d23215ef763b3574c585deae8b2f5a9,14,3,0.0,309,0
7bc5be41dbb792315899c1a6ec138fd5,14,2,0.0,666,0
2b94a6d794344919ddb07984d0fe33b9,14,2,0.0,178,0
295a9448082f36ba0aa9b5287117209d,14,2,10.81081081081081,185,0
1ffcf3503b5e08dddcdb1d345051c1fb,14,2,4.545454545454546,220,0
dd159dec9624ebeb33b68e815c8afd6e,14,2,0.0,255,0
49fdefa0a0bedb43aaf895812304ccd4,14,1,0.0,171,0
6e02074bfde54830d516bc7d8147df43,14,2,0.0,195,0
ad1d8de1e19b9d66ebb8fc7835966b98,14,4,2.512562814070352,398,0
ef6251fee76b4d1006ad076168d84683,14,2,0.0,245,0
3b6315ad53cfec6b334c3a2733a0bdcc,14,4,0.0,421,1
ba9fb2cbfc7e4b3fb73b9a53e97cab40,14,5,0.0,489,0
b1c066fc81a386f6a67bb725c2d29cd3,14,2,0.0,207,0
320b6f1882bbb90d9199dd7328eb2dcd,14,3,2.570694087403599,389,0
76897ac34dffcb22216a92f9f46191ea,14,1,0.0,197,0
358094cc3a4c9d1d80899f4853ef3abe,14,3,0.0,328,0
52b8528435ad1016aa9299843b849931,14,2,0.0,171,0
4ab64661448bb1c4304f940e80610bff,14,2,3.367003367003367,297,0
